target	alpha	l1	term	selected	full_svd	enet	refit_svd
xptar	0.0001	0.1	00000	True	0.0012166348670744288	0.0012836692449056664	0.0011765253440603057
xptar	0.0001	0.1	10000	True	0.3270416309578816	0.3409351496407117	0.3371013738365731
xptar	0.0001	0.1	01000	True	-2.972301211787427	-3.0910801226325035	-3.0504351131055594
xptar	0.0001	0.1	00100	True	-0.001568221376523419	0.010921042443013475	0.0029410559785340647
xptar	0.0001	0.1	00010	True	0.12402048712753178	0.07054401593241948	0.12153540417749767
xptar	0.0001	0.1	20000	True	-0.27582443848462923	-0.38650645253042604	-0.23921943574182597
xptar	0.0001	0.1	11000	True	1.783378640254833	2.836595423544279	1.1786574093346978
xptar	0.0001	0.1	02000	True	7.167346752994937	6.034633687723622	9.68935243251815
xptar	0.0001	0.1	10100	True	-0.06975852269026284	-0.4568412365849085	-0.40036885032111047
xptar	0.0001	0.1	01100	True	0.7486090565929219	2.8294897535515107	2.6643352623974654
xptar	0.0001	0.1	00200	True	-0.1406585833669046	-0.12173108269592725	-0.19632266887255725
xptar	0.0001	0.1	10010	True	-0.2688556505555962	1.5721914020144414	0.4706670506273116
xptar	0.0001	0.1	01010	True	3.255182752818057	-5.869386537160591	-0.33199931952443495
xptar	0.0001	0.1	00110	True	0.16235504736725032	0.20287874582756357	0.24793385870808524
xptar	0.0001	0.1	00020	True	-5.9166191778952255	0.10462418297059223	-2.272465139309946
xptar	0.0001	0.1	30000	True	1.410678033698487	0.8526173332859278	0.26205777276127074
xptar	0.0001	0.1	21000	True	-28.692748390748996	-9.585670860818421	-4.017180208561574
xptar	0.0001	0.1	12000	True	204.18044596232022	13.275692777487802	22.538860624822632
xptar	0.0001	0.1	03000	True	-547.2780505371923	44.62084550870528	-87.07813634430826
xptar	0.0001	0.1	20100	True	2.516542158260356	1.7133182119313477	2.261079030922143
xptar	0.0001	0.1	11100	True	-25.580126071770096	-7.71795229882001	-10.992503100403505
xptar	0.0001	0.1	02100	True	23.818233932559398	-52.80057266516184	-61.17319206417307
xptar	0.0001	0.1	10200	True	0.7084617872545684	0.6612022384199865	0.5430563068979177
xptar	0.0001	0.1	01200	True	-0.05775760003498437	-2.0228090764489193	2.5619716808287953
xptar	0.0001	0.1	00300	True	0.9738303153896004	1.6630732239494055	1.7254900313855854
xptar	0.0001	0.1	20010	True	-6.661257820467809	-17.277402256947553	-18.994980420359422
xptar	0.0001	0.1	11010	True	81.17390115647814	107.11788065857994	146.49077116480876
xptar	0.0001	0.1	02010	True	-41.58107263907585	183.3157259959721	-17.058179276640175
xptar	0.0001	0.1	10110	True	-39.11473252622216	-7.95901485939326	-12.667879529511424
xptar	0.0001	0.1	01110	False	183.3575572421637	-0.0	0.0
xptar	0.0001	0.1	00210	False	2.242859384581595	-0.0	0.0
xptar	0.0001	0.1	10020	True	241.76339931415725	30.030804198025425	34.16409655282589
xptar	0.0001	0.1	01020	True	-1973.125190350403	-351.35315270879227	-312.3264245866798
xptar	0.0001	0.1	00120	True	-62.270388835090266	-27.265872296334937	28.739885878209964
xptar	0.0001	0.1	00030	True	281.0670096448477	153.7838206453846	-174.38915895546603
xptar	0.0001	0.1	40000	True	-8.25587732801375	-1.550383570191562	-9.171271950867585
xptar	0.0001	0.1	31000	True	180.62778221245125	15.531094967161284	213.09332190115288
xptar	0.0001	0.1	22000	True	-1352.6751391046453	33.86563749703252	-1823.8554587894857
xptar	0.0001	0.1	13000	True	3709.5754693808635	-251.01709422125253	6825.049681632955
xptar	0.0001	0.1	04000	True	-1532.9055926085819	-1590.9045749555237	-9222.57516583302
xptar	0.0001	0.1	30100	True	-24.45277494182722	-1.1390993652793941	-2.1506963669553785
xptar	0.0001	0.1	21100	False	417.9349301715606	0.0	0.0
xptar	0.0001	0.1	12100	False	-2468.4885150290525	0.0	0.0
xptar	0.0001	0.1	03100	True	5647.006580028467	889.7401585823245	1119.7512554956304
xptar	0.0001	0.1	20200	True	-7.365234041096421	-1.9669793655434675	3.46161417920968
xptar	0.0001	0.1	11200	True	39.50169957625716	17.284775014870675	-35.244991456617896
xptar	0.0001	0.1	02200	True	99.66300933094539	-29.130876405432303	87.8118973710797
xptar	0.0001	0.1	10300	True	-35.149110579197526	-6.86338141200685	-19.489169403490724
xptar	0.0001	0.1	01300	True	203.11004554505197	11.495074936661787	135.25716143812704
xptar	0.0001	0.1	00400	False	10.176363325247333	0.0	0.0
xptar	0.0001	0.1	30010	True	149.73674976825478	35.28667205484367	103.85984182174465
xptar	0.0001	0.1	21010	True	-2088.099948083449	-115.16955141518434	-1264.6534684352912
xptar	0.0001	0.1	12010	True	9689.746601363153	-1824.5299334832118	5747.431571917609
xptar	0.0001	0.1	03010	True	-23669.813034289375	-600.1917665295912	-19978.84417846096
xptar	0.0001	0.1	20110	False	80.36883637485282	0.0	0.0
xptar	0.0001	0.1	11110	True	196.7810497904371	261.9075907883023	125.34336399942268
xptar	0.0001	0.1	02110	True	-3431.891867734165	-736.6854259695451	175.55658198970443
xptar	0.0001	0.1	10210	False	495.4010215719571	-0.0	0.0
xptar	0.0001	0.1	01210	True	-3387.129496436377	348.54003064531656	-278.37307716871464
xptar	0.0001	0.1	00310	True	-139.95807324172867	2.0880846106122726	52.2319076496956
xptar	0.0001	0.1	20020	False	-170.779716437596	-0.0	0.0
xptar	0.0001	0.1	11020	False	-6066.810648353022	0.0	0.0
xptar	0.0001	0.1	02020	True	35965.97729500084	-12295.298824839907	-5002.504642490765
xptar	0.0001	0.1	10120	True	-2783.0138477722826	463.9838075763487	1368.0421634305144
xptar	0.0001	0.1	01120	True	25654.21310541485	524.1236379192625	3212.315329823693
xptar	0.0001	0.1	00220	True	-47.270255566263266	98.83248852427552	-378.6439950236741
xptar	0.0001	0.1	10030	False	5358.768673106172	0.0	0.0
xptar	0.0001	0.1	01030	True	-61328.05700823165	-7576.5054585415355	-27284.004610718326
xptar	0.0001	0.1	00130	False	-12979.54170977408	0.0	0.0
xptar	0.0001	0.1	00040	True	115785.93945489712	-1289.3982634069814	6594.1702714075045
xptar	0.0001	0.1	50000	True	23.544493543684737	2.9482461300012597	58.149679531333625
xptar	0.0001	0.1	41000	True	-453.85879843768174	-32.10546640795316	-1636.9805267262998
xptar	0.0001	0.1	32000	True	1410.4848657125358	-73.06100012476577	17813.039090765942
xptar	0.0001	0.1	23000	True	22935.656077823864	368.4025615503958	-92752.68614101996
xptar	0.0001	0.1	14000	True	-191037.56313610924	8947.441594110564	225110.1565452051
xptar	0.0001	0.1	05000	True	423535.87368951255	-25885.905390948603	-187964.31504416908
xptar	0.0001	0.1	40100	False	62.04304532718192	0.0	0.0
xptar	0.0001	0.1	31100	False	-953.7090512323954	-0.0	0.0
xptar	0.0001	0.1	22100	True	1435.7157824775695	-150.03479535111185	-636.063980546347
xptar	0.0001	0.1	13100	False	28224.068832214263	-0.0	0.0
xptar	0.0001	0.1	04100	True	-72041.86506581056	14936.503236707893	46990.45803471707
xptar	0.0001	0.1	30200	True	41.10691783594497	11.665430576314526	11.527034832644468
xptar	0.0001	0.1	21200	True	-284.97170008893926	-122.26825969790261	-164.31042415901874
xptar	0.0001	0.1	12200	False	-1141.2111900253262	-0.0	0.0
xptar	0.0001	0.1	03200	True	5516.399772088712	5044.704418029243	4567.124019098191
xptar	0.0001	0.1	20300	True	153.04069151574024	4.9797297646175895	33.43840665732224
xptar	0.0001	0.1	11300	True	-817.7924301324817	-42.510312423157245	-95.3154214050937
xptar	0.0001	0.1	02300	True	-1264.3762930130633	-48.35869391458891	-2792.524062591481
xptar	0.0001	0.1	10400	True	55.242667702990616	3.5652317657366943	-14.319171729146149
xptar	0.0001	0.1	01400	True	-830.4979895401303	-49.43470886998382	85.73170669058509
xptar	0.0001	0.1	00500	True	8.038314575883136	5.147642733162656	-8.861275992271814
xptar	0.0001	0.1	40010	True	-1120.8860874151396	-9.043598511078207	-191.87666178422597
xptar	0.0001	0.1	31010	True	22670.870016513007	89.65584367108886	3840.213780741203
xptar	0.0001	0.1	22010	True	-152087.33610786923	920.4281258359059	-19279.985345467274
xptar	0.0001	0.1	13010	False	340189.3597411063	0.0	0.0
xptar	0.0001	0.1	04010	True	-113313.52335594034	-65261.710895133176	36904.384601548016
xptar	0.0001	0.1	30110	False	935.0748471620957	0.0	0.0
xptar	0.0001	0.1	21110	True	-25946.304238320463	-784.853398303916	444.1144389464058
xptar	0.0001	0.1	12110	False	224953.268313974	-0.0	0.0
xptar	0.0001	0.1	03110	True	-558805.0805713409	26511.020239571746	-13842.515414187732
xptar	0.0001	0.1	20210	True	-2758.8679137917775	-14.625071547204215	477.7590982318384
xptar	0.0001	0.1	11210	True	8602.46049076256	-502.43989766539414	-11068.03372389972
xptar	0.0001	0.1	02210	True	63930.76644234608	-282.0852449222076	80929.3481239069
xptar	0.0001	0.1	10310	False	-328.2407841516711	0.0	0.0
xptar	0.0001	0.1	01310	False	14020.006223471475	-0.0	0.0
xptar	0.0001	0.1	00410	False	-1858.557175876187	-0.0	0.0
xptar	0.0001	0.1	30020	True	-11621.263945656237	169.84286201351316	-243.6969295298296
xptar	0.0001	0.1	21020	True	270330.27059426234	-343.4518678298702	3378.9802163541103
xptar	0.0001	0.1	12020	False	-2125510.985723816	0.0	0.0
xptar	0.0001	0.1	03020	False	5592459.205156571	0.0	0.0
xptar	0.0001	0.1	20120	True	24727.988716116455	-687.4628875214268	-5860.20540123482
xptar	0.0001	0.1	11120	False	-158690.07774356927	-0.0	0.0
xptar	0.0001	0.1	02120	False	-51269.932336624086	-0.0	0.0
xptar	0.0001	0.1	10220	False	-25295.20339590049	-0.0	0.0
xptar	0.0001	0.1	01220	False	11529.239223080564	-0.0	0.0
xptar	0.0001	0.1	00320	False	40271.16142802548	-0.0	0.0
xptar	0.0001	0.1	20030	True	-94605.36058521096	-3244.6053161570485	13465.706064185995
xptar	0.0001	0.1	11030	True	675262.6300611022	96983.04579718676	281964.94883009983
xptar	0.0001	0.1	02030	False	-30582.03799038763	0.0	0.0
xptar	0.0001	0.1	10130	False	187781.82328682192	-0.0	0.0
xptar	0.0001	0.1	01130	False	-749614.919513136	0.0	0.0
xptar	0.0001	0.1	00230	True	-396309.51253014413	-3959.854438420914	7958.128064247035
xptar	0.0001	0.1	10040	True	-230992.53959465274	16289.990935049462	223588.87004437216
xptar	0.0001	0.1	01040	True	2819877.367129749	305742.90758357313	-1243173.281325799
xptar	0.0001	0.1	00140	False	2001257.3138102472	-0.0	0.0
xptar	0.0001	0.1	00050	False	-4113117.392779244	0.0	0.0
xptar	0.0001	0.1	60000	True	-24.00506772182315	-3.5272804746958624	-92.47121003626829
xptar	0.0001	0.1	51000	True	378.9622457674009	43.59210432769693	2895.4347784486363
xptar	0.0001	0.1	42000	True	1190.7708819841457	88.78113358300843	-34660.51452835471
xptar	0.0001	0.1	33000	True	-38896.039388480065	-213.54805506329927	201569.81724085563
xptar	0.0001	0.1	24000	True	46238.886973895584	-17568.86640880523	-626180.2412774471
xptar	0.0001	0.1	15000	True	1290964.6308458904	-37752.04317048822	1229468.10778077
xptar	0.0001	0.1	06000	True	-4438297.096668297	590521.5548342247	-1691265.2048978235
xptar	0.0001	0.1	50100	True	-24.188961410042413	-1.9337367619100254	-3.917551762814727
xptar	0.0001	0.1	41100	True	-213.69432745481993	19.06273906941436	0.49903473201586335
xptar	0.0001	0.1	32100	True	10789.515525789202	463.52025659887005	2040.7059652381377
xptar	0.0001	0.1	23100	False	-42669.65902204709	0.0	0.0
xptar	0.0001	0.1	14100	False	-206008.2591070479	-0.0	0.0
xptar	0.0001	0.1	05100	True	427985.808240206	-327125.19385785016	-858113.6058242662
xptar	0.0001	0.1	40200	True	-107.12164717563579	-19.374049270022816	-61.1984131602288
xptar	0.0001	0.1	31200	True	1953.375857704737	171.96589010541268	802.853263622935
xptar	0.0001	0.1	22200	False	-13822.541329578724	0.0	0.0
xptar	0.0001	0.1	13200	True	52563.71039821553	-2621.058072076221	-31566.988152697308
xptar	0.0001	0.1	04200	True	-108119.53612949303	-53053.19800072223	43345.37272712778
xptar	0.0001	0.1	30300	False	-185.5173613845931	0.0	0.0
xptar	0.0001	0.1	21300	True	993.0679000328954	39.65387828175684	65.96832998821783
xptar	0.0001	0.1	12300	False	-1792.1075515727616	0.0	0.0
xptar	0.0001	0.1	03300	True	24595.85762767869	-1086.9511117474062	17881.79294080762
xptar	0.0001	0.1	20400	False	-183.88491156989187	-0.0	0.0
xptar	0.0001	0.1	11400	True	1626.642860664615	16.198031106825496	78.03115720045581
xptar	0.0001	0.1	02400	False	6275.636960008261	-0.0	0.0
xptar	0.0001	0.1	10500	False	72.22069387467174	-0.0	0.0
xptar	0.0001	0.1	01500	True	-467.0245721597804	13.402501680658727	288.736308389009
xptar	0.0001	0.1	00600	True	-186.9637649808708	-25.672912162827565	-23.32742132187717
xptar	0.0001	0.1	50010	False	2212.3137542700388	0.0	0.0
xptar	0.0001	0.1	41010	True	-52518.56225825921	-302.89430835695356	102.70632095131734
xptar	0.0001	0.1	32010	True	408306.48839382676	-1517.4776839093581	-30138.989999265337
xptar	0.0001	0.1	23010	False	-1410688.0834826038	-0.0	0.0
xptar	0.0001	0.1	14010	True	3321224.4680150463	60117.57945404709	2203747.5846562833
xptar	0.0001	0.1	05010	True	-1630580.164424962	3228051.3769035465	-2263426.7969516227
xptar	0.0001	0.1	40110	True	-2909.240968328681	-25.15363743654349	484.88713929287616
xptar	0.0001	0.1	31110	True	80940.88480654369	1722.0601323709475	-11769.442455998274
xptar	0.0001	0.1	22110	True	-699154.2899397021	1931.278760660337	73053.49213836485
xptar	0.0001	0.1	13110	False	1837389.743470391	-0.0	0.0
xptar	0.0001	0.1	04110	False	282938.26030326256	-0.0	0.0
xptar	0.0001	0.1	30210	False	6377.408625895319	0.0	0.0
xptar	0.0001	0.1	21210	False	-74246.217511952	0.0	0.0
xptar	0.0001	0.1	12210	False	544776.236159564	-0.0	0.0
xptar	0.0001	0.1	03210	True	-1989703.6675644612	-42253.29196010486	-553189.238430369
xptar	0.0001	0.1	20310	False	105.27890056515662	-0.0	0.0
xptar	0.0001	0.1	11310	True	-36902.803883023465	717.4174154316414	100.1834457960128
xptar	0.0001	0.1	02310	False	-153184.23752571133	-0.0	0.0
xptar	0.0001	0.1	10410	False	5038.741110163567	-0.0	0.0
xptar	0.0001	0.1	01410	True	-3505.6670885604535	146.61097593639118	1476.3109967885032
xptar	0.0001	0.1	00510	False	12205.221134352643	-0.0	0.0
xptar	0.0001	0.1	40020	True	22973.83582472159	-1518.137140403553	-687.6824993495167
xptar	0.0001	0.1	31020	True	-491174.01705205976	1500.289401779174	12968.702887206513
xptar	0.0001	0.1	22020	False	2569349.688505943	0.0	0.0
xptar	0.0001	0.1	13020	False	6697581.452331317	-0.0	0.0
xptar	0.0001	0.1	04020	True	-53916049.252995566	3368074.613990365	-4902264.482981929
xptar	0.0001	0.1	30120	False	-53439.4677800922	0.0	0.0
xptar	0.0001	0.1	21120	False	627856.1167435461	-0.0	0.0
xptar	0.0001	0.1	12120	False	-3746070.674265056	-0.0	0.0
xptar	0.0001	0.1	03120	False	8876966.858842794	-0.0	0.0
xptar	0.0001	0.1	20220	False	67520.22867963581	-0.0	0.0
xptar	0.0001	0.1	11220	False	626889.1225970171	0.0	0.0
xptar	0.0001	0.1	02220	False	-934668.6250643546	-0.0	0.0
xptar	0.0001	0.1	10320	False	-115048.34662602733	0.0	0.0
xptar	0.0001	0.1	01320	True	-570815.1188611466	13207.628605134789	-61012.38080730228
xptar	0.0001	0.1	00420	False	-191936.17894271642	0.0	0.0
xptar	0.0001	0.1	30030	False	163705.6594378918	0.0	0.0
xptar	0.0001	0.1	21030	True	-1774672.7161775508	-158559.76308968876	-425330.5836426671
xptar	0.0001	0.1	12030	False	-3783680.734486641	-0.0	0.0
xptar	0.0001	0.1	03030	True	74019769.46115278	4286424.8097103825	53464680.257817864
xptar	0.0001	0.1	20130	False	-616805.5350024881	-0.0	0.0
xptar	0.0001	0.1	11130	False	-10132134.715461828	0.0	0.0
xptar	0.0001	0.1	02130	False	49321394.23390278	-0.0	0.0
xptar	0.0001	0.1	10230	False	1354404.4741135822	0.0	0.0
xptar	0.0001	0.1	01230	False	8882706.944051862	0.0	0.0
xptar	0.0001	0.1	00330	False	1372312.742536809	0.0	0.0
xptar	0.0001	0.1	20040	False	-38208.75020793834	-0.0	0.0
xptar	0.0001	0.1	11040	False	66543294.84154098	-0.0	0.0
xptar	0.0001	0.1	02040	False	-312873764.75073814	-0.0	0.0
xptar	0.0001	0.1	10140	False	-11934939.16047853	0.0	0.0
xptar	0.0001	0.1	01140	False	-18039413.65280953	0.0	0.0
xptar	0.0001	0.1	00240	True	-17634434.984428223	21615.367405667643	-1020377.6279614805
xptar	0.0001	0.1	10050	False	41315276.8349747	-0.0	0.0
xptar	0.0001	0.1	01050	True	-77380383.70119004	-8242263.016526975	19600953.299798135
xptar	0.0001	0.1	00150	True	185320615.56800023	629135.397567019	9782664.382464435
xptar	0.0001	0.1	00060	False	-619503955.044697	0.0	0.0
xptar	3e-05	0.1	00000	True	0.0012166348670744288	0.0014072391955212182	0.0011949451191315128
xptar	3e-05	0.1	10000	True	0.3270416309578816	0.3381460790032615	0.33278025463146393
xptar	3e-05	0.1	01000	True	-2.972301211787427	-3.076648194436312	-3.0143549957272064
xptar	3e-05	0.1	00100	True	-0.001568221376523419	0.007081486945886518	-0.0006885691325158406
xptar	3e-05	0.1	00010	True	0.12402048712753178	0.09408860497723429	0.13180800450392122
xptar	3e-05	0.1	20000	True	-0.27582443848462923	-0.3885170928874222	-0.26643864506300013
xptar	3e-05	0.1	11000	True	1.783378640254833	2.9915427444297245	1.5978997885269788
xptar	3e-05	0.1	02000	True	7.167346752994937	4.826763561254654	8.134064433396802
xptar	3e-05	0.1	10100	True	-0.06975852269026284	-0.45775854729094234	-0.17155055572460734
xptar	3e-05	0.1	01100	True	0.7486090565929219	3.064462083042447	1.5339632512578856
xptar	3e-05	0.1	00200	True	-0.1406585833669046	-0.1570507876410333	-0.23589341545525433
xptar	3e-05	0.1	10010	True	-0.2688556505555962	1.471641543975978	0.20616330965551227
xptar	3e-05	0.1	01010	True	3.255182752818057	-6.662147668283426	-0.7385967863253451
xptar	3e-05	0.1	00110	True	0.16235504736725032	0.3477738779803667	-0.01514823823565788
xptar	3e-05	0.1	00020	True	-5.9166191778952255	-1.5449322925456552	0.2761719087941015
xptar	3e-05	0.1	30000	True	1.410678033698487	1.0243878063106622	0.8915362380507613
xptar	3e-05	0.1	21000	True	-28.692748390748996	-14.068201790771269	-17.630728379553176
xptar	3e-05	0.1	12000	True	204.18044596232022	44.46458819496752	121.06167651550024
xptar	3e-05	0.1	03000	True	-547.2780505371923	5.201539557017095	-328.77486166732325
xptar	3e-05	0.1	20100	True	2.516542158260356	2.3465995217449307	2.740787724859294
xptar	3e-05	0.1	11100	True	-25.580126071770096	-13.769147889836399	-27.117232010656547
xptar	3e-05	0.1	02100	True	23.818233932559398	-53.138570012208255	18.352279753726762
xptar	3e-05	0.1	10200	True	0.7084617872545684	0.8013096048257798	1.1610301298163206
xptar	3e-05	0.1	01200	True	-0.05775760003498437	-1.1350815170946715	-0.7354650466697996
xptar	3e-05	0.1	00300	True	0.9738303153896004	1.843876630208644	1.3319326538548995
xptar	3e-05	0.1	20010	True	-6.661257820467809	-20.483113375728898	-13.078977014082765
xptar	3e-05	0.1	11010	True	81.17390115647814	144.71622878811368	156.25273047378747
xptar	3e-05	0.1	02010	True	-41.58107263907585	133.2408151920741	-231.32850600761276
xptar	3e-05	0.1	10110	True	-39.11473252622216	-15.389814339760647	-26.68585672349975
xptar	3e-05	0.1	01110	True	183.3575572421637	29.08877153695972	70.38388568348167
xptar	3e-05	0.1	00210	True	2.242859384581595	-1.0114998805170907	-0.9507764436654674
xptar	3e-05	0.1	10020	True	241.76339931415725	46.89745492075804	75.26911710659815
xptar	3e-05	0.1	01020	True	-1973.125190350403	-423.4388378253737	-783.3019108327917
xptar	3e-05	0.1	00120	False	-62.270388835090266	0.0	0.0
xptar	3e-05	0.1	00030	True	281.0670096448477	52.525176319277705	-118.89717711066066
xptar	3e-05	0.1	40000	True	-8.25587732801375	-2.348404846505232	-8.041050175630739
xptar	3e-05	0.1	31000	True	180.62778221245125	28.870394437661098	180.0274335774732
xptar	3e-05	0.1	22000	True	-1352.6751391046453	7.325566545662558	-1436.6679526984403
xptar	3e-05	0.1	13000	True	3709.5754693808635	-741.1704312196086	4702.022436757001
xptar	3e-05	0.1	04000	True	-1532.9055926085819	487.3465087987924	-4769.669219523227
xptar	3e-05	0.1	30100	True	-24.45277494182722	-3.7982828597442606	-22.29923488160195
xptar	3e-05	0.1	21100	True	417.9349301715606	21.200389688866284	385.6198973047717
xptar	3e-05	0.1	12100	True	-2468.4885150290525	84.22242039632297	-2276.6605165966694
xptar	3e-05	0.1	03100	True	5647.006580028467	251.3809081586982	5008.869049036425
xptar	3e-05	0.1	20200	True	-7.365234041096421	-2.541884477693661	-0.8257855333802734
xptar	3e-05	0.1	11200	True	39.50169957625716	27.980690701142098	-9.196726532406426
xptar	3e-05	0.1	02200	True	99.66300933094539	-54.7175740313966	198.76673878022223
xptar	3e-05	0.1	10300	True	-35.149110579197526	-9.847962068761273	-13.960122708448907
xptar	3e-05	0.1	01300	True	203.11004554505197	28.26306710313413	57.88529425145241
xptar	3e-05	0.1	00400	False	10.176363325247333	0.0	0.0
xptar	3e-05	0.1	30010	True	149.73674976825478	62.92959482218149	139.89860674963575
xptar	3e-05	0.1	21010	True	-2088.099948083449	-361.97178234082617	-1959.653250243048
xptar	3e-05	0.1	12010	True	9689.746601363153	-1820.0854503675705	9176.013350351144
xptar	3e-05	0.1	03010	True	-23669.813034289375	652.8937411129778	-21752.3152127522
xptar	3e-05	0.1	20110	True	80.36883637485282	17.833439204798697	103.85732478717735
xptar	3e-05	0.1	11110	True	196.7810497904371	157.24725558798153	-1025.4897597403244
xptar	3e-05	0.1	02110	True	-3431.891867734165	-985.1287786573725	3672.8527469620904
xptar	3e-05	0.1	10210	False	495.4010215719571	0.0	0.0
xptar	3e-05	0.1	01210	True	-3387.129496436377	389.9172961165561	115.37799227718293
xptar	3e-05	0.1	00310	True	-139.95807324172867	13.49801014018614	19.3445965546806
xptar	3e-05	0.1	20020	True	-170.779716437596	-14.333231399213982	-679.6745201186887
xptar	3e-05	0.1	11020	True	-6066.810648353022	-849.8070745058965	4867.565909778422
xptar	3e-05	0.1	02020	True	35965.97729500084	-4668.281443801028	-21140.621738744187
xptar	3e-05	0.1	10120	True	-2783.0138477722826	651.6053651770804	824.240565839384
xptar	3e-05	0.1	01120	False	25654.21310541485	0.0	0.0
xptar	3e-05	0.1	00220	False	-47.270255566263266	0.0	0.0
xptar	3e-05	0.1	10030	False	5358.768673106172	-0.0	0.0
xptar	3e-05	0.1	01030	True	-61328.05700823165	-8470.826936943706	-14500.37546480925
xptar	3e-05	0.1	00130	False	-12979.54170977408	0.0	0.0
xptar	3e-05	0.1	00040	False	115785.93945489712	-0.0	0.0
xptar	3e-05	0.1	50000	True	23.544493543684737	5.577659540908769	33.16373579465905
xptar	3e-05	0.1	41000	True	-453.85879843768174	-65.4915456354809	-766.3603621773301
xptar	3e-05	0.1	32000	True	1410.4848657125358	-143.73897004064884	5619.878134977415
xptar	3e-05	0.1	23000	True	22935.656077823864	1656.3299282019532	-6867.387378099522
xptar	3e-05	0.1	14000	True	-191037.56313610924	19921.372532181653	-78104.18820420648
xptar	3e-05	0.1	05000	True	423535.87368951255	-112954.09540935459	238577.772320588
xptar	3e-05	0.1	40100	True	62.04304532718192	3.5179178075131885	51.390495862831216
xptar	3e-05	0.1	31100	True	-953.7090512323954	-5.159578399901273	-733.6121983852098
xptar	3e-05	0.1	22100	True	1435.7157824775695	-594.0279827147151	88.34043744438436
xptar	3e-05	0.1	13100	True	28224.068832214263	-3062.1885496097175	28720.93197429022
xptar	3e-05	0.1	04100	True	-72041.86506581056	59301.47604060124	-56749.79348086612
xptar	3e-05	0.1	30200	True	41.10691783594497	16.5354987615995	10.316288982799197
xptar	3e-05	0.1	21200	True	-284.97170008893926	-167.01556709571977	47.77043566656909
xptar	3e-05	0.1	12200	True	-1141.2111900253262	-125.13799463874679	-2463.912567517848
xptar	3e-05	0.1	03200	True	5516.399772088712	4433.429209099215	8711.919375305937
xptar	3e-05	0.1	20300	True	153.04069151574024	11.873791845348379	36.486795437307634
xptar	3e-05	0.1	11300	True	-817.7924301324817	-125.2674663009662	-363.23199387586084
xptar	3e-05	0.1	02300	True	-1264.3762930130633	-93.70824041967481	1148.7243033082507
xptar	3e-05	0.1	10400	False	55.242667702990616	0.0	0.0
xptar	3e-05	0.1	01400	True	-830.4979895401303	-53.928169245123684	-80.78289585286396
xptar	3e-05	0.1	00500	True	8.038314575883136	6.574289984295296	3.275341498040102
xptar	3e-05	0.1	40010	True	-1120.8860874151396	-67.16948500576028	-841.4656686696628
xptar	3e-05	0.1	31010	True	22670.870016513007	593.9652639500081	15117.833419135604
xptar	3e-05	0.1	22010	True	-152087.33610786923	3178.054964380069	-74972.70688840555
xptar	3e-05	0.1	13010	False	340189.3597411063	-0.0	0.0
xptar	3e-05	0.1	04010	True	-113313.52335594034	-242708.5497176769	407383.9609277641
xptar	3e-05	0.1	30110	False	935.0748471620957	0.0	0.0
xptar	3e-05	0.1	21110	True	-25946.304238320463	-767.1779149232478	-1311.847897899645
xptar	3e-05	0.1	12110	True	224953.268313974	1551.5318612570115	21951.654184087274
xptar	3e-05	0.1	03110	True	-558805.0805713409	39444.12484340046	-32170.63939547668
xptar	3e-05	0.1	20210	True	-2758.8679137917775	-25.43087312454523	281.52045796567575
xptar	3e-05	0.1	11210	True	8602.46049076256	-78.00594942729406	-4593.168440988661
xptar	3e-05	0.1	02210	False	63930.76644234608	0.0	0.0
xptar	3e-05	0.1	10310	False	-328.2407841516711	-0.0	0.0
xptar	3e-05	0.1	01310	False	14020.006223471475	0.0	0.0
xptar	3e-05	0.1	00410	False	-1858.557175876187	-0.0	0.0
xptar	3e-05	0.1	30020	True	-11621.263945656237	136.21075774704622	381.62744974431246
xptar	3e-05	0.1	21020	False	270330.27059426234	0.0	0.0
xptar	3e-05	0.1	12020	True	-2125510.985723816	11892.138751641416	-139452.64423007923
xptar	3e-05	0.1	03020	True	5592459.205156571	-142317.03727697372	802561.1402758675
xptar	3e-05	0.1	20120	True	24727.988716116455	-1510.2408328553604	-3550.585845616694
xptar	3e-05	0.1	11120	False	-158690.07774356927	0.0	0.0
xptar	3e-05	0.1	02120	True	-51269.932336624086	19988.62409291899	254975.4335489597
xptar	3e-05	0.1	10220	True	-25295.20339590049	-173.95778749816967	-50.133922087476954
xptar	3e-05	0.1	01220	False	11529.239223080564	0.0	0.0
xptar	3e-05	0.1	00320	True	40271.16142802548	-196.61516495559076	-5709.126591395313
xptar	3e-05	0.1	20030	True	-94605.36058521096	-2903.4468320331803	4032.7340590522795
xptar	3e-05	0.1	11030	True	675262.6300611022	153191.520616672	47258.192179260805
xptar	3e-05	0.1	02030	False	-30582.03799038763	-0.0	0.0
xptar	3e-05	0.1	10130	False	187781.82328682192	-0.0	0.0
xptar	3e-05	0.1	01130	True	-749614.919513136	26447.790528413883	-46776.054138582054
xptar	3e-05	0.1	00230	True	-396309.51253014413	-8613.531473570052	47987.76240723742
xptar	3e-05	0.1	10040	True	-230992.53959465274	81151.83640820305	167786.79187990585
xptar	3e-05	0.1	01040	False	2819877.367129749	-0.0	0.0
xptar	3e-05	0.1	00140	False	2001257.3138102472	-0.0	0.0
xptar	3e-05	0.1	00050	False	-4113117.392779244	0.0	0.0
xptar	3e-05	0.1	60000	True	-24.00506772182315	-7.179771937733533	-41.54247108251854
xptar	3e-05	0.1	51000	True	378.9622457674009	90.08487980260901	908.9956431848602
xptar	3e-05	0.1	42000	True	1190.7708819841457	257.11843959540715	-4020.6258663951944
xptar	3e-05	0.1	33000	True	-38896.039388480065	-1412.2612562620238	-32103.228210530866
xptar	3e-05	0.1	24000	True	46238.886973895584	-34908.33822873863	260444.6965723525
xptar	3e-05	0.1	15000	True	1290964.6308458904	-94149.30459392944	-154355.8868063189
xptar	3e-05	0.1	06000	True	-4438297.096668297	1493655.599065579	-1454607.6004074987
xptar	3e-05	0.1	50100	True	-24.188961410042413	-4.403065501442507	-8.566722950631867
xptar	3e-05	0.1	41100	True	-213.69432745481993	1.8778227451707363	-744.0994907953992
xptar	3e-05	0.1	32100	True	10789.515525789202	945.521574315051	17323.736277664888
xptar	3e-05	0.1	23100	True	-42669.65902204709	6159.793936465568	-87175.82700487919
xptar	3e-05	0.1	14100	False	-206008.2591070479	-0.0	0.0
xptar	3e-05	0.1	05100	True	427985.808240206	-818934.7795924937	-13441.703719017401
xptar	3e-05	0.1	40200	True	-107.12164717563579	-33.47242026987726	-52.421581802116435
xptar	3e-05	0.1	31200	True	1953.375857704737	322.26033515089654	560.6225763894892
xptar	3e-05	0.1	22200	False	-13822.541329578724	0.0	0.0
xptar	3e-05	0.1	13200	True	52563.71039821553	-10583.657177401466	-13153.67645796608
xptar	3e-05	0.1	04200	False	-108119.53612949303	-0.0	0.0
xptar	3e-05	0.1	30300	False	-185.5173613845931	-0.0	0.0
xptar	3e-05	0.1	21300	True	993.0679000328954	140.80274316086255	56.59943474976706
xptar	3e-05	0.1	12300	False	-1792.1075515727616	0.0	0.0
xptar	3e-05	0.1	03300	True	24595.85762767869	-41.576285302454	-10863.038539592382
xptar	3e-05	0.1	20400	False	-183.88491156989187	0.0	0.0
xptar	3e-05	0.1	11400	True	1626.642860664615	215.90402893292784	412.0724218695128
xptar	3e-05	0.1	02400	False	6275.636960008261	-0.0	0.0
xptar	3e-05	0.1	10500	False	72.22069387467174	0.0	0.0
xptar	3e-05	0.1	01500	True	-467.0245721597804	17.72285950490591	227.55273083818423
xptar	3e-05	0.1	00600	True	-186.9637649808708	-44.85597160459696	-71.64155082372828
xptar	3e-05	0.1	50010	True	2212.3137542700388	69.24511990848157	1662.1785164014725
xptar	3e-05	0.1	41010	True	-52518.56225825921	-1437.8953804100684	-34818.75791779698
xptar	3e-05	0.1	32010	True	408306.48839382676	-6710.027164301881	186429.3901105633
xptar	3e-05	0.1	23010	False	-1410688.0834826038	0.0	0.0
xptar	3e-05	0.1	14010	True	3321224.4680150463	549875.8627779282	-1418541.9366299794
xptar	3e-05	0.1	05010	True	-1630580.164424962	4447840.63972632	5099092.824692235
xptar	3e-05	0.1	40110	True	-2909.240968328681	-20.859674633940276	144.18685591064107
xptar	3e-05	0.1	31110	True	80940.88480654369	2044.433837726204	-3928.2879163197754
xptar	3e-05	0.1	22110	False	-699154.2899397021	0.0	0.0
xptar	3e-05	0.1	13110	True	1837389.743470391	-27267.48832672579	436465.08183159167
xptar	3e-05	0.1	04110	True	282938.26030326256	-75876.6108442436	-2335984.176981734
xptar	3e-05	0.1	30210	False	6377.408625895319	0.0	0.0
xptar	3e-05	0.1	21210	False	-74246.217511952	-0.0	0.0
xptar	3e-05	0.1	12210	False	544776.236159564	-0.0	0.0
xptar	3e-05	0.1	03210	True	-1989703.6675644612	-187190.43514828137	337807.9294171821
xptar	3e-05	0.1	20310	False	105.27890056515662	-0.0	0.0
xptar	3e-05	0.1	11310	True	-36902.803883023465	176.48288122487017	2213.3634997007525
xptar	3e-05	0.1	02310	False	-153184.23752571133	-0.0	0.0
xptar	3e-05	0.1	10410	False	5038.741110163567	-0.0	0.0
xptar	3e-05	0.1	01410	True	-3505.6670885604535	410.1784129443339	-383.860623925421
xptar	3e-05	0.1	00510	False	12205.221134352643	-0.0	0.0
xptar	3e-05	0.1	40020	True	22973.83582472159	-1200.0833363432869	6221.990190272546
xptar	3e-05	0.1	31020	True	-491174.01705205976	1870.552094108383	-74589.06240914126
xptar	3e-05	0.1	22020	False	2569349.688505943	-0.0	0.0
xptar	3e-05	0.1	13020	True	6697581.452331317	-397418.67523140495	2377847.9641544935
xptar	3e-05	0.1	04020	True	-53916049.252995566	6174504.161971596	-239393.47472007587
xptar	3e-05	0.1	30120	True	-53439.4677800922	1737.7728456917741	5597.500239735686
xptar	3e-05	0.1	21120	False	627856.1167435461	-0.0	0.0
xptar	3e-05	0.1	12120	True	-3746070.674265056	-31825.664197133225	92902.04047818448
xptar	3e-05	0.1	03120	True	8876966.858842794	-560964.1683568183	-7417295.521858106
xptar	3e-05	0.1	20220	False	67520.22867963581	0.0	0.0
xptar	3e-05	0.1	11220	False	626889.1225970171	-0.0	0.0
xptar	3e-05	0.1	02220	True	-934668.6250643546	-229595.94846096225	-748669.1413190067
xptar	3e-05	0.1	10320	False	-115048.34662602733	0.0	0.0
xptar	3e-05	0.1	01320	True	-570815.1188611466	823.098398790329	-59091.496446942925
xptar	3e-05	0.1	00420	False	-191936.17894271642	-0.0	0.0
xptar	3e-05	0.1	30030	True	163705.6594378918	5826.42364100657	11323.362588558788
xptar	3e-05	0.1	21030	True	-1774672.7161775508	-418379.84434512595	-1062323.9535960245
xptar	3e-05	0.1	12030	False	-3783680.734486641	-0.0	0.0
xptar	3e-05	0.1	03030	True	74019769.46115278	26858131.13195425	69961658.85460652
xptar	3e-05	0.1	20130	False	-616805.5350024881	-0.0	0.0
xptar	3e-05	0.1	11130	False	-10132134.715461828	-0.0	0.0
xptar	3e-05	0.1	02130	False	49321394.23390278	-0.0	0.0
xptar	3e-05	0.1	10230	False	1354404.4741135822	0.0	0.0
xptar	3e-05	0.1	01230	False	8882706.944051862	0.0	0.0
xptar	3e-05	0.1	00330	False	1372312.742536809	-0.0	0.0
xptar	3e-05	0.1	20040	False	-38208.75020793834	-0.0	0.0
xptar	3e-05	0.1	11040	False	66543294.84154098	-0.0	0.0
xptar	3e-05	0.1	02040	True	-312873764.75073814	15303432.621858433	33386453.375454478
xptar	3e-05	0.1	10140	False	-11934939.16047853	0.0	0.0
xptar	3e-05	0.1	01140	False	-18039413.65280953	0.0	0.0
xptar	3e-05	0.1	00240	False	-17634434.984428223	0.0	0.0
xptar	3e-05	0.1	10050	True	41315276.8349747	-2646882.8116417	-983813.2612642172
xptar	3e-05	0.1	01050	True	-77380383.70119004	11463186.105263963	40897862.14017754
xptar	3e-05	0.1	00150	False	185320615.56800023	0.0	0.0
xptar	3e-05	0.1	00060	True	-619503955.044697	13062997.441006241	23493003.500641946
xptar	0.0001	0.5	00000	True	0.0012166348670744288	0.0013196620357094554	0.0013446544539154129
xptar	0.0001	0.5	10000	True	0.3270416309578816	0.3429622970179761	0.3435075359636109
xptar	0.0001	0.5	01000	True	-2.972301211787427	-3.113172807154192	-3.121524398274376
xptar	0.0001	0.5	00100	True	-0.001568221376523419	0.009998683120267438	0.014405135951107548
xptar	0.0001	0.5	00010	True	0.12402048712753178	0.07359153155931297	0.08974877990323919
xptar	0.0001	0.5	20000	True	-0.27582443848462923	-0.38979265699035076	-0.3814659344655847
xptar	0.0001	0.5	11000	True	1.783378640254833	2.9280025723632344	2.8278760747150287
xptar	0.0001	0.5	02000	True	7.167346752994937	5.368597648041942	5.58520647859492
xptar	0.0001	0.5	10100	True	-0.06975852269026284	-0.4193824808943268	-0.5028111854880672
xptar	0.0001	0.5	01100	True	0.7486090565929219	2.697497234174082	3.2009776050379526
xptar	0.0001	0.5	00200	True	-0.1406585833669046	-0.04033831239999439	-0.07216837129490902
xptar	0.0001	0.5	10010	True	-0.2688556505555962	1.452182593512851	2.004398134731134
xptar	0.0001	0.5	01010	True	3.255182752818057	-5.339165398856831	-7.371389636733529
xptar	0.0001	0.5	00110	False	0.16235504736725032	-0.0	0.0
xptar	0.0001	0.5	00020	False	-5.9166191778952255	-0.0	0.0
xptar	0.0001	0.5	30000	True	1.410678033698487	0.8854172426122608	0.8528991129976079
xptar	0.0001	0.5	21000	True	-28.692748390748996	-9.002695363065033	-9.072031114799131
xptar	0.0001	0.5	12000	False	204.18044596232022	0.0	0.0
xptar	0.0001	0.5	03000	True	-547.2780505371923	95.90331585647202	110.36733525991073
xptar	0.0001	0.5	20100	True	2.516542158260356	1.2322249946608836	1.6806516655736166
xptar	0.0001	0.5	11100	True	-25.580126071770096	-3.7326366528897337	-6.674242541151757
xptar	0.0001	0.5	02100	True	23.818233932559398	-43.54043846932385	-66.51688095159675
xptar	0.0001	0.5	10200	True	0.7084617872545684	0.13192630462639654	-0.2255605080062935
xptar	0.0001	0.5	01200	True	-0.05775760003498437	-0.12610098233820194	7.67238240594729
xptar	0.0001	0.5	00300	True	0.9738303153896004	1.0308681345789283	1.0182989717655682
xptar	0.0001	0.5	20010	True	-6.661257820467809	-14.815269025235818	-21.26694696792981
xptar	0.0001	0.5	11010	True	81.17390115647814	89.85404804814586	162.28925169612748
xptar	0.0001	0.5	02010	True	-41.58107263907585	164.82431788904876	37.505953977440804
xptar	0.0001	0.5	10110	False	-39.11473252622216	-0.0	0.0
xptar	0.0001	0.5	01110	True	183.3575572421637	-16.907645721361053	-66.36515278167532
xptar	0.0001	0.5	00210	False	2.242859384581595	-0.0	0.0
xptar	0.0001	0.5	10020	False	241.76339931415725	0.0	0.0
xptar	0.0001	0.5	01020	True	-1973.125190350403	-88.27673638775708	-139.8342430843784
xptar	0.0001	0.5	00120	False	-62.270388835090266	-0.0	0.0
xptar	0.0001	0.5	00030	True	281.0670096448477	18.38408187952754	-10.883018799857922
xptar	0.0001	0.5	40000	True	-8.25587732801375	-1.6392701113396335	-1.9263258374770258
xptar	0.0001	0.5	31000	True	180.62778221245125	17.091094008978413	19.424167591156326
xptar	0.0001	0.5	22000	False	-1352.6751391046453	0.0	0.0
xptar	0.0001	0.5	13000	False	3709.5754693808635	-0.0	0.0
xptar	0.0001	0.5	04000	True	-1532.9055926085819	-1835.2044664308064	-1803.4202737758476
xptar	0.0001	0.5	30100	True	-24.45277494182722	-0.7445586332140665	-0.9574648872742811
xptar	0.0001	0.5	21100	False	417.9349301715606	-0.0	0.0
xptar	0.0001	0.5	12100	False	-2468.4885150290525	-0.0	0.0
xptar	0.0001	0.5	03100	True	5647.006580028467	418.8855650618402	1022.7470516365022
xptar	0.0001	0.5	20200	True	-7.365234041096421	-1.3181600636694237	0.562923162880696
xptar	0.0001	0.5	11200	True	39.50169957625716	6.485620820748563	-20.078724168279777
xptar	0.0001	0.5	02200	False	99.66300933094539	0.0	0.0
xptar	0.0001	0.5	10300	True	-35.149110579197526	-2.633155316767453	-4.47376448267738
xptar	0.0001	0.5	01300	False	203.11004554505197	0.0	0.0
xptar	0.0001	0.5	00400	False	10.176363325247333	-0.0	0.0
xptar	0.0001	0.5	30010	True	149.73674976825478	19.20939941211078	26.732346705606698
xptar	0.0001	0.5	21010	False	-2088.099948083449	-0.0	0.0
xptar	0.0001	0.5	12010	True	9689.746601363153	-1376.0078599673468	-2729.578352264532
xptar	0.0001	0.5	03010	False	-23669.813034289375	0.0	0.0
xptar	0.0001	0.5	20110	False	80.36883637485282	-0.0	0.0
xptar	0.0001	0.5	11110	True	196.7810497904371	104.22912019181858	515.91428867967
xptar	0.0001	0.5	02110	False	-3431.891867734165	-0.0	0.0
xptar	0.0001	0.5	10210	False	495.4010215719571	0.0	0.0
xptar	0.0001	0.5	01210	True	-3387.129496436377	228.0126264442682	323.02103628684824
xptar	0.0001	0.5	00310	False	-139.95807324172867	0.0	0.0
xptar	0.0001	0.5	20020	False	-170.779716437596	-0.0	0.0
xptar	0.0001	0.5	11020	False	-6066.810648353022	0.0	0.0
xptar	0.0001	0.5	02020	True	35965.97729500084	-6954.238760120245	-22121.597147439712
xptar	0.0001	0.5	10120	True	-2783.0138477722826	241.15422986976637	178.0112850929774
xptar	0.0001	0.5	01120	False	25654.21310541485	0.0	0.0
xptar	0.0001	0.5	00220	False	-47.270255566263266	0.0	0.0
xptar	0.0001	0.5	10030	False	5358.768673106172	0.0	0.0
xptar	0.0001	0.5	01030	False	-61328.05700823165	-0.0	0.0
xptar	0.0001	0.5	00130	False	-12979.54170977408	0.0	0.0
xptar	0.0001	0.5	00040	False	115785.93945489712	-0.0	0.0
xptar	0.0001	0.5	50000	True	23.544493543684737	1.4559942753552764	2.5032396999778075
xptar	0.0001	0.5	41000	True	-453.85879843768174	-18.919076731481454	-30.30200802671724
xptar	0.0001	0.5	32000	False	1410.4848657125358	-0.0	0.0
xptar	0.0001	0.5	23000	False	22935.656077823864	0.0	0.0
xptar	0.0001	0.5	14000	True	-191037.56313610924	3581.114229633588	9648.319721026945
xptar	0.0001	0.5	05000	True	423535.87368951255	2768.7009795086187	-26465.066987416274
xptar	0.0001	0.5	40100	False	62.04304532718192	0.0	0.0
xptar	0.0001	0.5	31100	False	-953.7090512323954	0.0	0.0
xptar	0.0001	0.5	22100	False	1435.7157824775695	0.0	0.0
xptar	0.0001	0.5	13100	False	28224.068832214263	0.0	0.0
xptar	0.0001	0.5	04100	True	-72041.86506581056	662.0512092242476	5395.0053391634
xptar	0.0001	0.5	30200	True	41.10691783594497	10.755528139527692	36.59996800290109
xptar	0.0001	0.5	21200	True	-284.97170008893926	-81.36492249427126	-308.3707509950568
xptar	0.0001	0.5	12200	False	-1141.2111900253262	-0.0	0.0
xptar	0.0001	0.5	03200	True	5516.399772088712	2831.3992648073217	1127.4761547793462
xptar	0.0001	0.5	20300	False	153.04069151574024	-0.0	0.0
xptar	0.0001	0.5	11300	True	-817.7924301324817	-22.27976307325499	72.65614441752287
xptar	0.0001	0.5	02300	False	-1264.3762930130633	-0.0	0.0
xptar	0.0001	0.5	10400	True	55.242667702990616	0.1901095116533281	-5.499755373587478
xptar	0.0001	0.5	01400	True	-830.4979895401303	-29.11995373877647	-5.243348104167932
xptar	0.0001	0.5	00500	True	8.038314575883136	5.756311429331135	-0.30645816483705124
xptar	0.0001	0.5	40010	False	-1120.8860874151396	-0.0	0.0
xptar	0.0001	0.5	31010	False	22670.870016513007	0.0	0.0
xptar	0.0001	0.5	22010	False	-152087.33610786923	0.0	0.0
xptar	0.0001	0.5	13010	False	340189.3597411063	0.0	0.0
xptar	0.0001	0.5	04010	False	-113313.52335594034	0.0	0.0
xptar	0.0001	0.5	30110	False	935.0748471620957	0.0	0.0
xptar	0.0001	0.5	21110	True	-25946.304238320463	-791.4417210349854	-2885.357977543545
xptar	0.0001	0.5	12110	False	224953.268313974	-0.0	0.0
xptar	0.0001	0.5	03110	True	-558805.0805713409	18495.04274074493	155679.1289911245
xptar	0.0001	0.5	20210	False	-2758.8679137917775	-0.0	0.0
xptar	0.0001	0.5	11210	True	8602.46049076256	-213.24152582447527	-1419.6147871233568
xptar	0.0001	0.5	02210	True	63930.76644234608	-201.5059522245406	-3980.0997113579715
xptar	0.0001	0.5	10310	False	-328.2407841516711	0.0	0.0
xptar	0.0001	0.5	01310	True	14020.006223471475	-297.7548350867585	555.1060486996597
xptar	0.0001	0.5	00410	False	-1858.557175876187	0.0	0.0
xptar	0.0001	0.5	30020	True	-11621.263945656237	46.788007395541776	958.0612547264997
xptar	0.0001	0.5	21020	False	270330.27059426234	-0.0	0.0
xptar	0.0001	0.5	12020	False	-2125510.985723816	0.0	0.0
xptar	0.0001	0.5	03020	False	5592459.205156571	0.0	0.0
xptar	0.0001	0.5	20120	False	24727.988716116455	-0.0	0.0
xptar	0.0001	0.5	11120	False	-158690.07774356927	-0.0	0.0
xptar	0.0001	0.5	02120	False	-51269.932336624086	-0.0	0.0
xptar	0.0001	0.5	10220	False	-25295.20339590049	0.0	0.0
xptar	0.0001	0.5	01220	False	11529.239223080564	-0.0	0.0
xptar	0.0001	0.5	00320	False	40271.16142802548	-0.0	0.0
xptar	0.0001	0.5	20030	False	-94605.36058521096	-0.0	0.0
xptar	0.0001	0.5	11030	False	675262.6300611022	0.0	0.0
xptar	0.0001	0.5	02030	True	-30582.03799038763	195146.95191725448	273475.86596590205
xptar	0.0001	0.5	10130	False	187781.82328682192	0.0	0.0
xptar	0.0001	0.5	01130	False	-749614.919513136	-0.0	0.0
xptar	0.0001	0.5	00230	False	-396309.51253014413	-0.0	0.0
xptar	0.0001	0.5	10040	False	-230992.53959465274	0.0	0.0
xptar	0.0001	0.5	01040	False	2819877.367129749	0.0	0.0
xptar	0.0001	0.5	00140	False	2001257.3138102472	-0.0	0.0
xptar	0.0001	0.5	00050	False	-4113117.392779244	0.0	0.0
xptar	0.0001	0.5	60000	False	-24.00506772182315	-0.0	0.0
xptar	0.0001	0.5	51000	True	378.9622457674009	5.311340550617071	10.475494212704115
xptar	0.0001	0.5	42000	False	1190.7708819841457	0.0	0.0
xptar	0.0001	0.5	33000	False	-38896.039388480065	-0.0	0.0
xptar	0.0001	0.5	24000	False	46238.886973895584	-0.0	0.0
xptar	0.0001	0.5	15000	True	1290964.6308458904	-22501.74255902179	-35016.94259780574
xptar	0.0001	0.5	06000	False	-4438297.096668297	-0.0	0.0
xptar	0.0001	0.5	50100	False	-24.188961410042413	-0.0	0.0
xptar	0.0001	0.5	41100	False	-213.69432745481993	-0.0	0.0
xptar	0.0001	0.5	32100	False	10789.515525789202	-0.0	0.0
xptar	0.0001	0.5	23100	False	-42669.65902204709	-0.0	0.0
xptar	0.0001	0.5	14100	True	-206008.2591070479	-2747.893769023684	-32885.95681805132
xptar	0.0001	0.5	05100	False	427985.808240206	-0.0	0.0
xptar	0.0001	0.5	40200	True	-107.12164717563579	-9.928712006385691	-86.7260766503315
xptar	0.0001	0.5	31200	True	1953.375857704737	49.17197446052713	728.780741052984
xptar	0.0001	0.5	22200	False	-13822.541329578724	0.0	0.0
xptar	0.0001	0.5	13200	False	52563.71039821553	-0.0	0.0
xptar	0.0001	0.5	04200	True	-108119.53612949303	-37774.29717252352	-17802.898922477303
xptar	0.0001	0.5	30300	False	-185.5173613845931	-0.0	0.0
xptar	0.0001	0.5	21300	False	993.0679000328954	0.0	0.0
xptar	0.0001	0.5	12300	False	-1792.1075515727616	0.0	0.0
xptar	0.0001	0.5	03300	False	24595.85762767869	0.0	0.0
xptar	0.0001	0.5	20400	True	-183.88491156989187	-6.949024082113683	-4.532433342301096
xptar	0.0001	0.5	11400	True	1626.642860664615	33.10637774830537	266.964755143164
xptar	0.0001	0.5	02400	False	6275.636960008261	0.0	0.0
xptar	0.0001	0.5	10500	False	72.22069387467174	-0.0	0.0
xptar	0.0001	0.5	01500	False	-467.0245721597804	0.0	0.0
xptar	0.0001	0.5	00600	True	-186.9637649808708	-2.1223290073679717	-32.04489215821976
xptar	0.0001	0.5	50010	False	2212.3137542700388	0.0	0.0
xptar	0.0001	0.5	41010	False	-52518.56225825921	-0.0	0.0
xptar	0.0001	0.5	32010	True	408306.48839382676	-252.68119324464587	2074.2448534293408
xptar	0.0001	0.5	23010	False	-1410688.0834826038	-0.0	0.0
xptar	0.0001	0.5	14010	False	3321224.4680150463	-0.0	0.0
xptar	0.0001	0.5	05010	True	-1630580.164424962	671628.3351295799	2489252.403822817
xptar	0.0001	0.5	40110	False	-2909.240968328681	-0.0	0.0
xptar	0.0001	0.5	31110	True	80940.88480654369	805.5766658158203	15496.593099256004
xptar	0.0001	0.5	22110	True	-699154.2899397021	4191.8691548526685	-150199.155657484
xptar	0.0001	0.5	13110	False	1837389.743470391	0.0	0.0
xptar	0.0001	0.5	04110	False	282938.26030326256	-0.0	0.0
xptar	0.0001	0.5	30210	False	6377.408625895319	0.0	0.0
xptar	0.0001	0.5	21210	False	-74246.217511952	0.0	0.0
xptar	0.0001	0.5	12210	False	544776.236159564	0.0	0.0
xptar	0.0001	0.5	03210	False	-1989703.6675644612	0.0	0.0
xptar	0.0001	0.5	20310	False	105.27890056515662	-0.0	0.0
xptar	0.0001	0.5	11310	False	-36902.803883023465	0.0	0.0
xptar	0.0001	0.5	02310	False	-153184.23752571133	0.0	0.0
xptar	0.0001	0.5	10410	False	5038.741110163567	0.0	0.0
xptar	0.0001	0.5	01410	False	-3505.6670885604535	0.0	0.0
xptar	0.0001	0.5	00510	False	12205.221134352643	-0.0	0.0
xptar	0.0001	0.5	40020	True	22973.83582472159	-398.94977106123264	-2129.9169340175486
xptar	0.0001	0.5	31020	False	-491174.01705205976	0.0	0.0
xptar	0.0001	0.5	22020	False	2569349.688505943	0.0	0.0
xptar	0.0001	0.5	13020	False	6697581.452331317	-0.0	0.0
xptar	0.0001	0.5	04020	True	-53916049.252995566	-229202.6239679412	24999866.158452123
xptar	0.0001	0.5	30120	False	-53439.4677800922	0.0	0.0
xptar	0.0001	0.5	21120	False	627856.1167435461	0.0	0.0
xptar	0.0001	0.5	12120	False	-3746070.674265056	-0.0	0.0
xptar	0.0001	0.5	03120	False	8876966.858842794	-0.0	0.0
xptar	0.0001	0.5	20220	False	67520.22867963581	-0.0	0.0
xptar	0.0001	0.5	11220	False	626889.1225970171	0.0	0.0
xptar	0.0001	0.5	02220	False	-934668.6250643546	0.0	0.0
xptar	0.0001	0.5	10320	False	-115048.34662602733	0.0	0.0
xptar	0.0001	0.5	01320	True	-570815.1188611466	15065.397300760327	2270.466198963493
xptar	0.0001	0.5	00420	False	-191936.17894271642	-0.0	0.0
xptar	0.0001	0.5	30030	False	163705.6594378918	0.0	0.0
xptar	0.0001	0.5	21030	False	-1774672.7161775508	-0.0	0.0
xptar	0.0001	0.5	12030	True	-3783680.734486641	-573634.0420225448	-1272116.515618985
xptar	0.0001	0.5	03030	False	74019769.46115278	-0.0	0.0
xptar	0.0001	0.5	20130	False	-616805.5350024881	-0.0	0.0
xptar	0.0001	0.5	11130	False	-10132134.715461828	0.0	0.0
xptar	0.0001	0.5	02130	False	49321394.23390278	-0.0	0.0
xptar	0.0001	0.5	10230	False	1354404.4741135822	0.0	0.0
xptar	0.0001	0.5	01230	False	8882706.944051862	0.0	0.0
xptar	0.0001	0.5	00330	False	1372312.742536809	0.0	0.0
xptar	0.0001	0.5	20040	True	-38208.75020793834	-100747.1078382878	-58621.201619495405
xptar	0.0001	0.5	11040	False	66543294.84154098	-0.0	0.0
xptar	0.0001	0.5	02040	False	-312873764.75073814	-0.0	0.0
xptar	0.0001	0.5	10140	False	-11934939.16047853	0.0	0.0
xptar	0.0001	0.5	01140	False	-18039413.65280953	0.0	0.0
xptar	0.0001	0.5	00240	False	-17634434.984428223	0.0	0.0
xptar	0.0001	0.5	10050	False	41315276.8349747	0.0	0.0
xptar	0.0001	0.5	01050	False	-77380383.70119004	-0.0	0.0
xptar	0.0001	0.5	00150	True	185320615.56800023	107008.78620275085	122382.29263712103
xptar	0.0001	0.5	00060	False	-619503955.044697	0.0	0.0
xptar	3e-05	0.5	00000	True	0.0012166348670744288	0.0013489479618314648	0.0013117781218735594
xptar	3e-05	0.5	10000	True	0.3270416309578816	0.33850100300686925	0.3381591974816866
xptar	3e-05	0.5	01000	True	-2.972301211787427	-3.082999972343261	-3.076382651635645
xptar	3e-05	0.5	00100	True	-0.001568221376523419	0.00761998303472775	-0.0014291886253994565
xptar	3e-05	0.5	00010	True	0.12402048712753178	0.0978298844371763	0.13172451263930018
xptar	3e-05	0.5	20000	True	-0.27582443848462923	-0.3858634668270367	-0.37179944626758293
xptar	3e-05	0.5	11000	True	1.783378640254833	2.9628828515799515	2.8452063644940364
xptar	3e-05	0.5	02000	True	7.167346752994937	5.082175535180103	5.301809833965441
xptar	3e-05	0.5	10100	True	-0.06975852269026284	-0.469910129353873	-0.5262496606177127
xptar	3e-05	0.5	01100	True	0.7486090565929219	3.0758416652217293	4.003053605933339
xptar	3e-05	0.5	00200	True	-0.1406585833669046	-0.09701679027704706	-0.11121260679229589
xptar	3e-05	0.5	10010	True	-0.2688556505555962	1.5551379400487444	1.3192762424991775
xptar	3e-05	0.5	01010	True	3.255182752818057	-6.849314818805465	-8.44570117479994
xptar	3e-05	0.5	00110	False	0.16235504736725032	0.0	0.0
xptar	3e-05	0.5	00020	True	-5.9166191778952255	-0.38472539613913387	-0.08293164171431325
xptar	3e-05	0.5	30000	True	1.410678033698487	1.066571024491411	0.8550004653480684
xptar	3e-05	0.5	21000	True	-28.692748390748996	-14.149084456646184	-13.716567223231934
xptar	3e-05	0.5	12000	True	204.18044596232022	43.78001849239298	54.29977092860402
xptar	3e-05	0.5	03000	False	-547.2780505371923	0.0	0.0
xptar	3e-05	0.5	20100	True	2.516542158260356	2.095386564806835	3.845779264740191
xptar	3e-05	0.5	11100	True	-25.580126071770096	-12.459465602150756	-32.05999846321485
xptar	3e-05	0.5	02100	True	23.818233932559398	-41.9091111405023	6.1365318195722045
xptar	3e-05	0.5	10200	True	0.7084617872545684	0.2036385665483385	0.45141366615279743
xptar	3e-05	0.5	01200	False	-0.05775760003498437	0.0	0.0
xptar	3e-05	0.5	00300	True	0.9738303153896004	1.6621255840573619	1.1150741537921431
xptar	3e-05	0.5	20010	True	-6.661257820467809	-21.110253954851565	-32.09265188408933
xptar	3e-05	0.5	11010	True	81.17390115647814	155.59966640854344	268.51914426742275
xptar	3e-05	0.5	02010	True	-41.58107263907585	56.62694231564246	-81.61557710410554
xptar	3e-05	0.5	10110	True	-39.11473252622216	-5.919211046650827	-8.736165597814999
xptar	3e-05	0.5	01110	False	183.3575572421637	0.0	0.0
xptar	3e-05	0.5	00210	False	2.242859384581595	-0.0	0.0
xptar	3e-05	0.5	10020	True	241.76339931415725	23.10681460850622	43.4208552355348
xptar	3e-05	0.5	01020	True	-1973.125190350403	-266.0381765113523	-373.9933432124085
xptar	3e-05	0.5	00120	False	-62.270388835090266	-0.0	0.0
xptar	3e-05	0.5	00030	True	281.0670096448477	25.789213529445387	68.5618663116309
xptar	3e-05	0.5	40000	True	-8.25587732801375	-2.461336178916083	-2.762356698788008
xptar	3e-05	0.5	31000	True	180.62778221245125	29.9853959911049	34.81061840264232
xptar	3e-05	0.5	22000	False	-1352.6751391046453	-0.0	0.0
xptar	3e-05	0.5	13000	True	3709.5754693808635	-641.9467282095496	-806.3950801597273
xptar	3e-05	0.5	04000	False	-1532.9055926085819	0.0	0.0
xptar	3e-05	0.5	30100	True	-24.45277494182722	-2.0234235529836964	-7.037392871058415
xptar	3e-05	0.5	21100	True	417.9349301715606	7.3649189675294515	58.74089916795505
xptar	3e-05	0.5	12100	True	-2468.4885150290525	17.721097989471026	173.74093829153372
xptar	3e-05	0.5	03100	True	5647.006580028467	638.7890927883545	-1495.0969003033933
xptar	3e-05	0.5	20200	False	-7.365234041096421	-0.0	0.0
xptar	3e-05	0.5	11200	False	39.50169957625716	0.0	0.0
xptar	3e-05	0.5	02200	False	99.66300933094539	-0.0	0.0
xptar	3e-05	0.5	10300	True	-35.149110579197526	-4.767883006786866	-3.8546317192959494
xptar	3e-05	0.5	01300	False	203.11004554505197	0.0	0.0
xptar	3e-05	0.5	00400	False	10.176363325247333	0.0	0.0
xptar	3e-05	0.5	30010	True	149.73674976825478	47.603527425894775	112.94810722747356
xptar	3e-05	0.5	21010	True	-2088.099948083449	-267.08813076576064	-1228.9078355174638
xptar	3e-05	0.5	12010	True	9689.746601363153	-1429.988776793961	2244.3432437174374
xptar	3e-05	0.5	03010	False	-23669.813034289375	-0.0	0.0
xptar	3e-05	0.5	20110	False	80.36883637485282	-0.0	0.0
xptar	3e-05	0.5	11110	True	196.7810497904371	118.26073812595989	211.74891580755983
xptar	3e-05	0.5	02110	False	-3431.891867734165	0.0	0.0
xptar	3e-05	0.5	10210	False	495.4010215719571	0.0	0.0
xptar	3e-05	0.5	01210	True	-3387.129496436377	371.2068663331768	191.19521064716974
xptar	3e-05	0.5	00310	False	-139.95807324172867	0.0	0.0
xptar	3e-05	0.5	20020	False	-170.779716437596	-0.0	0.0
xptar	3e-05	0.5	11020	False	-6066.810648353022	-0.0	0.0
xptar	3e-05	0.5	02020	True	35965.97729500084	-8329.51851016744	-10940.976480386349
xptar	3e-05	0.5	10120	True	-2783.0138477722826	536.9521120689533	321.94815170622996
xptar	3e-05	0.5	01120	False	25654.21310541485	0.0	0.0
xptar	3e-05	0.5	00220	False	-47.270255566263266	0.0	0.0
xptar	3e-05	0.5	10030	False	5358.768673106172	0.0	0.0
xptar	3e-05	0.5	01030	True	-61328.05700823165	-1782.715165947953	4183.817814818431
xptar	3e-05	0.5	00130	False	-12979.54170977408	0.0	0.0
xptar	3e-05	0.5	00040	False	115785.93945489712	-0.0	0.0
xptar	3e-05	0.5	50000	True	23.544493543684737	4.411757838738452	13.29809992082992
xptar	3e-05	0.5	41000	True	-453.85879843768174	-57.59916707245922	-181.15391654093472
xptar	3e-05	0.5	32000	False	1410.4848657125358	-0.0	0.0
xptar	3e-05	0.5	23000	True	22935.656077823864	544.9584553914157	5879.635820570243
xptar	3e-05	0.5	14000	True	-191037.56313610924	14208.244392749286	10446.049166500328
xptar	3e-05	0.5	05000	True	423535.87368951255	-67146.95865358146	-167075.254604579
xptar	3e-05	0.5	40100	False	62.04304532718192	-0.0	0.0
xptar	3e-05	0.5	31100	False	-953.7090512323954	-0.0	0.0
xptar	3e-05	0.5	22100	True	1435.7157824775695	-235.76560617289996	-932.7155129547989
xptar	3e-05	0.5	13100	False	28224.068832214263	-0.0	0.0
xptar	3e-05	0.5	04100	True	-72041.86506581056	22343.76609475675	63894.606144500496
xptar	3e-05	0.5	30200	True	41.10691783594497	12.934257936065725	5.2381546281197195
xptar	3e-05	0.5	21200	True	-284.97170008893926	-126.41932698583521	-130.0599204967052
xptar	3e-05	0.5	12200	False	-1141.2111900253262	-0.0	0.0
xptar	3e-05	0.5	03200	True	5516.399772088712	4734.299296383477	5665.994583726902
xptar	3e-05	0.5	20300	False	153.04069151574024	0.0	0.0
xptar	3e-05	0.5	11300	False	-817.7924301324817	-0.0	0.0
xptar	3e-05	0.5	02300	True	-1264.3762930130633	-55.89693942725399	-155.3574910578531
xptar	3e-05	0.5	10400	True	55.242667702990616	0.7032840306653629	7.190820959143295
xptar	3e-05	0.5	01400	True	-830.4979895401303	-41.18384995175378	-94.30809237662763
xptar	3e-05	0.5	00500	True	8.038314575883136	2.506120943125335	7.824207401192618
xptar	3e-05	0.5	40010	False	-1120.8860874151396	-0.0	0.0
xptar	3e-05	0.5	31010	True	22670.870016513007	11.061846705666959	-15.172764848805235
xptar	3e-05	0.5	22010	True	-152087.33610786923	972.3616197430833	5561.480562119586
xptar	3e-05	0.5	13010	False	340189.3597411063	0.0	0.0
xptar	3e-05	0.5	04010	True	-113313.52335594034	-96987.8650074217	-417204.7154318939
xptar	3e-05	0.5	30110	False	935.0748471620957	0.0	0.0
xptar	3e-05	0.5	21110	True	-25946.304238320463	-575.9612913012814	391.65141066303255
xptar	3e-05	0.5	12110	False	224953.268313974	0.0	0.0
xptar	3e-05	0.5	03110	True	-558805.0805713409	16764.08954867159	1960.5052914709515
xptar	3e-05	0.5	20210	False	-2758.8679137917775	-0.0	0.0
xptar	3e-05	0.5	11210	True	8602.46049076256	-627.942964835224	383.96406516597295
xptar	3e-05	0.5	02210	False	63930.76644234608	-0.0	0.0
xptar	3e-05	0.5	10310	False	-328.2407841516711	-0.0	0.0
xptar	3e-05	0.5	01310	False	14020.006223471475	-0.0	0.0
xptar	3e-05	0.5	00410	False	-1858.557175876187	-0.0	0.0
xptar	3e-05	0.5	30020	True	-11621.263945656237	107.72933490950552	103.9470655543846
xptar	3e-05	0.5	21020	False	270330.27059426234	-0.0	0.0
xptar	3e-05	0.5	12020	False	-2125510.985723816	-0.0	0.0
xptar	3e-05	0.5	03020	False	5592459.205156571	-0.0	0.0
xptar	3e-05	0.5	20120	True	24727.988716116455	-244.2585679684271	-938.5674082882157
xptar	3e-05	0.5	11120	False	-158690.07774356927	-0.0	0.0
xptar	3e-05	0.5	02120	False	-51269.932336624086	-0.0	0.0
xptar	3e-05	0.5	10220	False	-25295.20339590049	-0.0	0.0
xptar	3e-05	0.5	01220	False	11529.239223080564	-0.0	0.0
xptar	3e-05	0.5	00320	False	40271.16142802548	-0.0	0.0
xptar	3e-05	0.5	20030	False	-94605.36058521096	-0.0	0.0
xptar	3e-05	0.5	11030	True	675262.6300611022	83406.20926461357	21275.667721913356
xptar	3e-05	0.5	02030	False	-30582.03799038763	0.0	0.0
xptar	3e-05	0.5	10130	False	187781.82328682192	-0.0	0.0
xptar	3e-05	0.5	01130	False	-749614.919513136	-0.0	0.0
xptar	3e-05	0.5	00230	True	-396309.51253014413	-1002.0151081849687	-1582.0462816948657
xptar	3e-05	0.5	10040	True	-230992.53959465274	14364.45234238516	23344.810667048507
xptar	3e-05	0.5	01040	False	2819877.367129749	0.0	0.0
xptar	3e-05	0.5	00140	False	2001257.3138102472	-0.0	0.0
xptar	3e-05	0.5	00050	False	-4113117.392779244	0.0	0.0
xptar	3e-05	0.5	60000	True	-24.00506772182315	-4.470093826037125	-20.007827459560726
xptar	3e-05	0.5	51000	True	378.9622457674009	68.64976273106002	276.24891252634103
xptar	3e-05	0.5	42000	False	1190.7708819841457	0.0	0.0
xptar	3e-05	0.5	33000	False	-38896.039388480065	-0.0	0.0
xptar	3e-05	0.5	24000	True	46238.886973895584	-32715.38953103764	-106323.13153904496
xptar	3e-05	0.5	15000	False	1290964.6308458904	-0.0	0.0
xptar	3e-05	0.5	06000	True	-4438297.096668297	883325.4374120607	2837404.7200561487
xptar	3e-05	0.5	50100	True	-24.188961410042413	-0.5145986958604183	3.2950595608431437
xptar	3e-05	0.5	41100	False	-213.69432745481993	0.0	0.0
xptar	3e-05	0.5	32100	True	10789.515525789202	760.1868491223793	1160.1672664692308
xptar	3e-05	0.5	23100	False	-42669.65902204709	0.0	0.0
xptar	3e-05	0.5	14100	False	-206008.2591070479	-0.0	0.0
xptar	3e-05	0.5	05100	True	427985.808240206	-425073.3190899336	-717009.1352519947
xptar	3e-05	0.5	40200	True	-107.12164717563579	-27.551202362524265	-9.664906451914884
xptar	3e-05	0.5	31200	True	1953.375857704737	230.644016146807	218.19191288571344
xptar	3e-05	0.5	22200	False	-13822.541329578724	0.0	0.0
xptar	3e-05	0.5	13200	False	52563.71039821553	-0.0	0.0
xptar	3e-05	0.5	04200	True	-108119.53612949303	-63410.54254749453	-72318.618466025
xptar	3e-05	0.5	30300	False	-185.5173613845931	-0.0	0.0
xptar	3e-05	0.5	21300	False	993.0679000328954	0.0	0.0
xptar	3e-05	0.5	12300	False	-1792.1075515727616	-0.0	0.0
xptar	3e-05	0.5	03300	True	24595.85762767869	-102.47128794775458	4904.344910446371
xptar	3e-05	0.5	20400	False	-183.88491156989187	-0.0	0.0
xptar	3e-05	0.5	11400	True	1626.642860664615	41.703094594557015	16.408744426488983
xptar	3e-05	0.5	02400	False	6275.636960008261	0.0	0.0
xptar	3e-05	0.5	10500	False	72.22069387467174	-0.0	0.0
xptar	3e-05	0.5	01500	False	-467.0245721597804	0.0	0.0
xptar	3e-05	0.5	00600	True	-186.9637649808708	-20.68858181284831	-30.54672668100499
xptar	3e-05	0.5	50010	False	2212.3137542700388	-0.0	0.0
xptar	3e-05	0.5	41010	True	-52518.56225825921	-683.515490597274	-1649.675058068311
xptar	3e-05	0.5	32010	False	408306.48839382676	-0.0	0.0
xptar	3e-05	0.5	23010	False	-1410688.0834826038	0.0	0.0
xptar	3e-05	0.5	14010	False	3321224.4680150463	0.0	0.0
xptar	3e-05	0.5	05010	True	-1630580.164424962	4111140.1750899795	6974064.443954342
xptar	3e-05	0.5	40110	True	-2909.240968328681	-4.94974704207869	-247.07855394877237
xptar	3e-05	0.5	31110	True	80940.88480654369	1703.1401466782327	1464.24414611105
xptar	3e-05	0.5	22110	False	-699154.2899397021	0.0	0.0
xptar	3e-05	0.5	13110	False	1837389.743470391	0.0	0.0
xptar	3e-05	0.5	04110	False	282938.26030326256	0.0	0.0
xptar	3e-05	0.5	30210	False	6377.408625895319	0.0	0.0
xptar	3e-05	0.5	21210	False	-74246.217511952	-0.0	0.0
xptar	3e-05	0.5	12210	False	544776.236159564	-0.0	0.0
xptar	3e-05	0.5	03210	False	-1989703.6675644612	-0.0	0.0
xptar	3e-05	0.5	20310	False	105.27890056515662	-0.0	0.0
xptar	3e-05	0.5	11310	True	-36902.803883023465	305.93132620452513	450.6861891662337
xptar	3e-05	0.5	02310	False	-153184.23752571133	0.0	0.0
xptar	3e-05	0.5	10410	False	5038.741110163567	-0.0	0.0
xptar	3e-05	0.5	01410	False	-3505.6670885604535	0.0	0.0
xptar	3e-05	0.5	00510	False	12205.221134352643	-0.0	0.0
xptar	3e-05	0.5	40020	True	22973.83582472159	-996.13729599211	31.452903086013933
xptar	3e-05	0.5	31020	False	-491174.01705205976	0.0	0.0
xptar	3e-05	0.5	22020	False	2569349.688505943	0.0	0.0
xptar	3e-05	0.5	13020	False	6697581.452331317	0.0	0.0
xptar	3e-05	0.5	04020	True	-53916049.252995566	2195543.3613538635	4856601.181799051
xptar	3e-05	0.5	30120	False	-53439.4677800922	0.0	0.0
xptar	3e-05	0.5	21120	False	627856.1167435461	-0.0	0.0
xptar	3e-05	0.5	12120	False	-3746070.674265056	-0.0	0.0
xptar	3e-05	0.5	03120	False	8876966.858842794	0.0	0.0
xptar	3e-05	0.5	20220	False	67520.22867963581	-0.0	0.0
xptar	3e-05	0.5	11220	False	626889.1225970171	0.0	0.0
xptar	3e-05	0.5	02220	False	-934668.6250643546	0.0	0.0
xptar	3e-05	0.5	10320	False	-115048.34662602733	0.0	0.0
xptar	3e-05	0.5	01320	True	-570815.1188611466	9956.747584856472	28471.75308171412
xptar	3e-05	0.5	00420	False	-191936.17894271642	0.0	0.0
xptar	3e-05	0.5	30030	False	163705.6594378918	0.0	0.0
xptar	3e-05	0.5	21030	True	-1774672.7161775508	-68789.0907712944	-160333.46852830006
xptar	3e-05	0.5	12030	False	-3783680.734486641	-0.0	0.0
xptar	3e-05	0.5	03030	False	74019769.46115278	0.0	0.0
xptar	3e-05	0.5	20130	False	-616805.5350024881	-0.0	0.0
xptar	3e-05	0.5	11130	False	-10132134.715461828	0.0	0.0
xptar	3e-05	0.5	02130	False	49321394.23390278	0.0	0.0
xptar	3e-05	0.5	10230	False	1354404.4741135822	0.0	0.0
xptar	3e-05	0.5	01230	False	8882706.944051862	0.0	0.0
xptar	3e-05	0.5	00330	False	1372312.742536809	0.0	0.0
xptar	3e-05	0.5	20040	True	-38208.75020793834	-64291.432829280995	-11670.492615322248
xptar	3e-05	0.5	11040	False	66543294.84154098	-0.0	0.0
xptar	3e-05	0.5	02040	False	-312873764.75073814	0.0	0.0
xptar	3e-05	0.5	10140	False	-11934939.16047853	0.0	0.0
xptar	3e-05	0.5	01140	False	-18039413.65280953	0.0	0.0
xptar	3e-05	0.5	00240	False	-17634434.984428223	0.0	0.0
xptar	3e-05	0.5	10050	False	41315276.8349747	-0.0	0.0
xptar	3e-05	0.5	01050	True	-77380383.70119004	-2617342.030273969	-8807876.05027442
xptar	3e-05	0.5	00150	True	185320615.56800023	676071.8669761071	1044854.8188384826
xptar	3e-05	0.5	00060	False	-619503955.044697	0.0	0.0
ytar	0.0001	0.1	00000	True	0.000103911236217689	4.1933666695192834e-05	0.00013093478409766232
ytar	0.0001	0.1	10000	True	0.016120267418652006	0.01692667761267394	0.01850610645144404
ytar	0.0001	0.1	01000	True	-0.13294189198841996	-0.1314371036874486	-0.1466564158655368
ytar	0.0001	0.1	00100	True	-0.4551491959463251	-0.481806209652606	-0.45311809973502315
ytar	0.0001	0.1	00010	True	0.020936119395824973	0.27906580005595955	0.020075707616017905
ytar	0.0001	0.1	20000	True	-0.03160934602067772	-0.01608809111337539	-0.036507834420984625
ytar	0.0001	0.1	11000	True	0.10503774821528372	-0.07193937078250942	0.12094626511814273
ytar	0.0001	0.1	02000	True	0.9867532159375075	1.2916244847755873	0.83351879813307
ytar	0.0001	0.1	10100	True	1.3927997396108385	1.2688916412035152	1.4763781494495452
ytar	0.0001	0.1	01100	True	1.0476056654665804	2.138483141372365	0.6285976834257435
ytar	0.0001	0.1	00200	True	-0.09471627375801162	0.19117291648627116	0.03587534210185214
ytar	0.0001	0.1	10010	True	-19.36749266231455	-19.734433575829232	-20.184136816594933
ytar	0.0001	0.1	01010	True	-20.69578636356555	-19.335070497519354	-15.23122511399531
ytar	0.0001	0.1	00110	True	-0.3224968973515859	-0.4676989366368386	0.9474110573303063
ytar	0.0001	0.1	00020	True	3.1376426735500482	-4.313149220950989	-6.141635329238844
ytar	0.0001	0.1	30000	True	0.12168303139973059	0.0069327499831808555	-0.029163932008289258
ytar	0.0001	0.1	21000	True	-0.07803632476925451	0.7918998476069861	1.9748297113408495
ytar	0.0001	0.1	12000	True	-13.980283580073873	-8.725484057742761	-23.05673455403979
ytar	0.0001	0.1	03000	True	74.27252589339743	27.160381848985438	82.80584363141774
ytar	0.0001	0.1	20100	True	-5.053035415250891	-1.4350583938266124	-5.120837326534949
ytar	0.0001	0.1	11100	True	55.534032127748816	10.898074709409727	56.00794842743261
ytar	0.0001	0.1	02100	True	-138.5716871329685	11.797376175022501	-138.7495815616988
ytar	0.0001	0.1	10200	True	3.148216745345334	-0.9906486386393919	-0.24538465736164658
ytar	0.0001	0.1	01200	True	-19.463731654987765	-1.883199266123032	-4.111335367963418
ytar	0.0001	0.1	00300	True	0.15260795764050847	-1.0292928767113796	-2.919070657674488
ytar	0.0001	0.1	20010	True	64.27875105072795	36.03195708349684	69.53234488183327
ytar	0.0001	0.1	11010	True	-727.3500562519765	-373.6545783730514	-797.2838180083971
ytar	0.0001	0.1	02010	True	1865.27880112528	618.106088708272	2107.474613890831
ytar	0.0001	0.1	10110	True	-50.1638322923984	-5.5261717715600565	-32.265858574371926
ytar	0.0001	0.1	01110	True	347.61178280843353	186.70611694116624	328.23524181476904
ytar	0.0001	0.1	00210	True	78.31836897193841	15.492892091170207	92.84325251153703
ytar	0.0001	0.1	10020	True	-22.90375043065943	-44.18031349412169	-3.3082275582658
ytar	0.0001	0.1	01020	True	-73.92058601492553	127.09035343971594	-44.101263269120075
ytar	0.0001	0.1	00120	True	-1263.17143404126	-539.636756674255	-1212.3689435893548
ytar	0.0001	0.1	00030	True	5930.096812317622	3549.4022735883364	5393.598633827907
ytar	0.0001	0.1	40000	True	0.27606259273389333	-0.1115034137473506	0.5003926156170505
ytar	0.0001	0.1	31000	True	-10.401654653049478	-0.709751543576095	-16.26295336544696
ytar	0.0001	0.1	22000	True	70.64817323176352	7.276680251044901	148.31950896453307
ytar	0.0001	0.1	13000	True	122.679298446286	10.119828683704675	-423.35409441025325
ytar	0.0001	0.1	04000	False	-1576.210536747555	-0.0	0.0
ytar	0.0001	0.1	30100	True	9.391854215763162	-0.8405939011366623	6.116871562205557
ytar	0.0001	0.1	21100	True	-99.86887507877348	27.127797327850082	-39.31149053634023
ytar	0.0001	0.1	12100	True	126.38745086351875	69.69649864832678	-381.4509035372133
ytar	0.0001	0.1	03100	True	829.5274711090246	-1394.2866462523211	2316.366852735052
ytar	0.0001	0.1	20200	True	-8.185662023855258	3.7292310988473183	7.0285820944987805
ytar	0.0001	0.1	11200	False	61.9029971523388	0.0	0.0
ytar	0.0001	0.1	02200	True	35.53278701568561	-177.0866650701987	-105.43471624855499
ytar	0.0001	0.1	10300	True	-3.80964567481271	1.4532382046091914	11.26343348198119
ytar	0.0001	0.1	01300	True	-216.6459808906799	-22.923745496252014	-171.80028060543557
ytar	0.0001	0.1	00400	True	-13.936445670368775	-0.5774551505263236	-8.110702798691971
ytar	0.0001	0.1	30010	True	-163.84193193572636	-27.202533650205453	-136.65222527330536
ytar	0.0001	0.1	21010	True	2228.8946733298503	61.11153898635953	1747.2279297527873
ytar	0.0001	0.1	12010	True	-7789.33239656826	1188.4133298409631	-3483.987095890757
ytar	0.0001	0.1	03010	True	9.592856956261688	-4308.923269524796	-14471.959075038263
ytar	0.0001	0.1	20110	False	404.71413386445056	-0.0	0.0
ytar	0.0001	0.1	11110	True	-3326.5107999496095	-222.277463980012	-547.6813704566335
ytar	0.0001	0.1	02110	True	1928.4962526034071	-1838.9670492978155	-3827.3364385543086
ytar	0.0001	0.1	10210	True	-248.08985475056033	33.317551746584236	-295.2811434202259
ytar	0.0001	0.1	01210	True	3904.5224711659816	274.83114545223685	2775.2710731371994
ytar	0.0001	0.1	00310	False	-167.36669471739327	0.0	0.0
ytar	0.0001	0.1	20020	True	-2214.732722639582	-446.4017347313674	-904.2092801989623
ytar	0.0001	0.1	11020	True	14587.204769203478	2681.9314270775953	6478.926618263788
ytar	0.0001	0.1	02020	True	169.19059453665767	27905.058597417596	39849.270898472794
ytar	0.0001	0.1	10120	True	5278.388093209178	-588.9083330980129	1609.339920070116
ytar	0.0001	0.1	01120	True	-21083.765356300693	-3916.678743286293	-2810.9228943083954
ytar	0.0001	0.1	00220	True	3888.7988652814724	-312.99279621268136	437.56028657823435
ytar	0.0001	0.1	10030	True	-30577.496774951687	-4604.231744701251	-8891.810931258802
ytar	0.0001	0.1	01030	True	88946.36404879922	34452.69441170928	-43119.62313554964
ytar	0.0001	0.1	00130	True	-11855.096064681487	-1601.4880864842614	-9822.482414111297
ytar	0.0001	0.1	00040	True	-50142.42525721054	9070.498627763754	20451.572125273062
ytar	0.0001	0.1	50000	True	-5.309965902982728	-0.28440178137962413	-0.4168796782114676
ytar	0.0001	0.1	41000	True	154.36906275150665	1.4808398948212431	3.691565114062275
ytar	0.0001	0.1	32000	False	-1804.6419737819044	0.0	0.0
ytar	0.0001	0.1	23000	False	9180.142745178324	-0.0	0.0
ytar	0.0001	0.1	14000	True	-13683.3829549637	-1032.9709644094744	-1380.2210152012378
ytar	0.0001	0.1	05000	False	-25758.472271579943	0.0	0.0
ytar	0.0001	0.1	40100	True	-3.253599835523299	-4.300817095283654	1.1584956446407983
ytar	0.0001	0.1	31100	True	-85.30507511656974	14.125886988181335	-76.11447272072738
ytar	0.0001	0.1	22100	True	3313.4978165574207	58.973498698540396	1702.5801433008262
ytar	0.0001	0.1	13100	True	-26185.93017763255	597.7048333876887	-11086.583410142497
ytar	0.0001	0.1	04100	True	63177.320529164535	4138.5169883590215	22555.615300285783
ytar	0.0001	0.1	30200	True	-8.585494390108284	-6.2279138757720744	-13.492851824522209
ytar	0.0001	0.1	21200	True	-9.258831365052808	43.18293389618253	-129.57858012564807
ytar	0.0001	0.1	12200	True	-328.84118219024947	197.9352604704842	3702.823330360746
ytar	0.0001	0.1	03200	True	1172.0829189284289	-852.0351741615865	-16818.66736960494
ytar	0.0001	0.1	20300	True	13.279642875483244	-1.1293331959356518	1.0263015287861879
ytar	0.0001	0.1	11300	True	121.63368088824438	17.98311539861991	-454.0362844939469
ytar	0.0001	0.1	02300	True	5633.810073953422	-237.95555304739963	7590.6077241836865
ytar	0.0001	0.1	10400	False	87.00836048531407	-0.0	0.0
ytar	0.0001	0.1	01400	True	89.59584593862184	54.32303667867795	142.13203473704792
ytar	0.0001	0.1	00500	True	162.67880628114827	43.00990033890304	227.22429004358904
ytar	0.0001	0.1	40010	True	180.32957167111516	69.29750644157345	-88.70944816736936
ytar	0.0001	0.1	31010	True	-1302.2700605289317	-258.0664962003415	5498.949168642035
ytar	0.0001	0.1	22010	True	-26290.54007531632	-2311.4412958183702	-91949.9003030343
ytar	0.0001	0.1	13010	True	292277.1733030758	-11965.853181634091	582916.3079948524
ytar	0.0001	0.1	04010	True	-791751.555658173	74904.61487897609	-1289989.695097172
ytar	0.0001	0.1	30110	True	-1642.9721708949512	50.96950154562011	50.71816191375575
ytar	0.0001	0.1	21110	False	29078.594372097363	0.0	0.0
ytar	0.0001	0.1	12110	True	-137042.6345465813	-2231.4747638634926	10197.83113966339
ytar	0.0001	0.1	03110	True	176325.36525090656	-4043.6067476258713	-49326.670022211925
ytar	0.0001	0.1	20210	False	982.0600866895078	0.0	0.0
ytar	0.0001	0.1	11210	False	-37942.09746239665	0.0	0.0
ytar	0.0001	0.1	02210	True	26816.769431120083	8380.398181219527	-103960.5494715791
ytar	0.0001	0.1	10310	False	-1442.7839411647815	-0.0	0.0
ytar	0.0001	0.1	01310	True	9357.17468163745	990.3613339970943	812.9889697713218
ytar	0.0001	0.1	00410	True	3131.5972741850455	209.12216270681532	72.08906939786914
ytar	0.0001	0.1	30020	True	13866.254989072842	-14.270335800489264	2770.928955052926
ytar	0.0001	0.1	21020	True	-199738.16865058063	-2398.711235003896	-35463.22251349224
ytar	0.0001	0.1	12020	True	676224.9986371031	-39311.07895420042	-32738.593027249663
ytar	0.0001	0.1	03020	True	-479607.66573266295	774.1735035403528	388934.9441387228
ytar	0.0001	0.1	20120	False	-14430.684521221505	-0.0	0.0
ytar	0.0001	0.1	11120	True	400538.33090870595	-6672.747151372102	57143.3276270111
ytar	0.0001	0.1	02120	True	-835768.8115263955	-28957.58344697906	197786.76522486118
ytar	0.0001	0.1	10220	False	6454.761657247772	-0.0	0.0
ytar	0.0001	0.1	01220	True	-156070.16604325647	5060.147929140414	-2700.5485432263467
ytar	0.0001	0.1	00320	True	-54788.89687760121	-355.10267124820973	-18831.356037701524
ytar	0.0001	0.1	20030	True	45957.77675755778	7929.754622964907	-9690.431698496992
ytar	0.0001	0.1	11030	True	-964888.019012213	-200065.3408387287	-328133.15899541555
ytar	0.0001	0.1	02030	True	3147559.595184702	663526.6976429294	1231155.8315244317
ytar	0.0001	0.1	10130	False	22370.28032691604	-0.0	0.0
ytar	0.0001	0.1	01130	True	337636.0999200026	49295.98315124562	-151373.41686468545
ytar	0.0001	0.1	00230	False	31204.997381115118	-0.0	0.0
ytar	0.0001	0.1	10040	True	19827.88524610365	-88691.72820438503	-91948.46745356813
ytar	0.0001	0.1	01040	False	156908.10782174973	-0.0	0.0
ytar	0.0001	0.1	00140	True	1647814.9756730804	-140608.31252892673	271220.5979301518
ytar	0.0001	0.1	00050	False	-4957240.933698972	-0.0	0.0
ytar	0.0001	0.1	60000	True	15.98193621335017	1.4743511872883865	-0.6489581441131791
ytar	0.0001	0.1	51000	True	-685.1809777194812	-3.7902179947929016	58.22897856270967
ytar	0.0001	0.1	42000	True	14166.029203406635	-52.55130762896667	-613.4163439337127
ytar	0.0001	0.1	33000	True	-165581.01538466447	-161.33225437898153	1367.3606250224257
ytar	0.0001	0.1	24000	False	1111981.2691399283	-0.0	0.0
ytar	0.0001	0.1	15000	False	-4082107.343664245	-0.0	0.0
ytar	0.0001	0.1	06000	True	6451797.720253444	9287.195861081715	47613.29181717562
ytar	0.0001	0.1	50100	True	-13.26997309054032	2.3449713867944095	-7.009979779087865
ytar	0.0001	0.1	41100	True	177.54405189008776	4.854508678993935	-225.72019529588022
ytar	0.0001	0.1	32100	True	-53.06774718646644	-319.2663953385564	8884.970800015542
ytar	0.0001	0.1	23100	True	-31243.81663376693	-4945.607310777536	-109625.84733067783
ytar	0.0001	0.1	14100	True	288767.8573363159	-12181.8883312933	584907.5825552611
ytar	0.0001	0.1	05100	True	-744287.726623082	206085.51725269423	-1143464.1959751449
ytar	0.0001	0.1	40200	False	14.721097707010703	0.0	0.0
ytar	0.0001	0.1	31200	False	457.0540558365694	0.0	0.0
ytar	0.0001	0.1	22200	True	-5781.411155492038	10.038560358762929	706.5740470737223
ytar	0.0001	0.1	13200	True	31135.258106472156	3025.799659408624	-48529.44435731674
ytar	0.0001	0.1	04200	True	-39239.329298431236	43560.73044612497	318558.0082656213
ytar	0.0001	0.1	30300	True	10.208943810979282	3.6530024432211534	21.34232315989631
ytar	0.0001	0.1	21300	False	91.99811080181915	-0.0	0.0
ytar	0.0001	0.1	12300	True	-2426.7391865225954	-474.63253176522556	9298.642626892659
ytar	0.0001	0.1	03300	True	-49929.52186770611	42.06103545848833	-106309.5578304671
ytar	0.0001	0.1	20400	False	-147.83303892316982	-0.0	0.0
ytar	0.0001	0.1	11400	True	151.67930878641465	-54.62834505281548	11.54007207659241
ytar	0.0001	0.1	02400	False	-1688.5078994700912	0.0	0.0
ytar	0.0001	0.1	10500	True	-378.75801132102936	-79.07491956125101	-469.2191588062981
ytar	0.0001	0.1	01500	True	-1366.1557313366109	-461.0503215647709	-2533.2254157992484
ytar	0.0001	0.1	00600	True	-74.45477428815019	-67.2959223520402	16.660493464765356
ytar	0.0001	0.1	50010	True	133.74483601883898	-40.727477729305576	703.1191026764322
ytar	0.0001	0.1	41010	True	-8285.643048017684	201.1723579430293	-26035.700122044098
ytar	0.0001	0.1	32010	True	147717.87889470565	4771.017752657819	336413.2579788029
ytar	0.0001	0.1	23010	True	-698050.3726033585	26730.72404215761	-1547462.6953293665
ytar	0.0001	0.1	14010	False	-1351288.396394045	0.0	0.0
ytar	0.0001	0.1	05010	True	11530328.026051763	-885722.240530084	11936699.277885977
ytar	0.0001	0.1	40110	True	2941.327788602933	89.17645535416692	670.9005286014221
ytar	0.0001	0.1	31110	False	-67234.39925925336	-0.0	0.0
ytar	0.0001	0.1	22110	True	436790.4196207531	-4245.156196783032	-99567.87008825586
ytar	0.0001	0.1	13110	True	-1253347.7031482141	-50962.638586358196	877905.9714338167
ytar	0.0001	0.1	04110	True	1802696.082781779	-451628.40236361953	-2634500.620117482
ytar	0.0001	0.1	30210	False	-565.6874020217314	0.0	0.0
ytar	0.0001	0.1	21210	False	5381.198626204834	-0.0	0.0
ytar	0.0001	0.1	12210	False	669973.5945033458	0.0	0.0
ytar	0.0001	0.1	03210	True	-1560226.8841315955	267237.0884286956	1688668.4246466092
ytar	0.0001	0.1	20310	True	6826.474213470192	249.68374442096507	2314.670019215475
ytar	0.0001	0.1	11310	False	-63362.3886492123	-0.0	0.0
ytar	0.0001	0.1	02310	True	251135.83394881338	4580.876613146927	40727.24324173387
ytar	0.0001	0.1	10410	True	1149.4078390943907	499.2183129509099	4559.319911731287
ytar	0.0001	0.1	01410	True	-74559.39922768525	3549.312735150507	-21301.53880919187
ytar	0.0001	0.1	00510	True	1980.3189027098008	249.86597597057616	-6031.976506681524
ytar	0.0001	0.1	40020	True	-41382.62647943721	-1405.195439093172	-6717.245737890692
ytar	0.0001	0.1	31020	False	840964.5359409478	0.0	0.0
ytar	0.0001	0.1	22020	True	-4937583.775148678	13776.56763576141	1037413.8674925601
ytar	0.0001	0.1	13020	True	7532944.136179744	101187.08001304689	-5988910.878636121
ytar	0.0001	0.1	04020	False	3726509.8210663893	0.0	0.0
ytar	0.0001	0.1	30120	True	28543.06380810641	-309.360437349275	5361.939585366245
ytar	0.0001	0.1	21120	True	-785394.6537365766	-1543.8817768380623	-256160.61304005334
ytar	0.0001	0.1	12120	True	-5998666.570531841	-64171.75301894656	612239.1297256278
ytar	0.0001	0.1	03120	True	25567961.63806063	-698670.2538610661	-16586133.40961337
ytar	0.0001	0.1	20220	True	-109493.51835534	552.1155221672259	-62885.146425311985
ytar	0.0001	0.1	11220	False	1861749.9041849992	0.0	0.0
ytar	0.0001	0.1	02220	False	-4399028.3527935585	0.0	0.0
ytar	0.0001	0.1	10320	True	176875.28399343442	6303.271375656443	91973.36090034748
ytar	0.0001	0.1	01320	True	1162233.130081194	962.1680306233162	1115135.7335579062
ytar	0.0001	0.1	00420	True	-241721.61164700385	5424.356814684803	107910.92620643506
ytar	0.0001	0.1	30030	True	27434.946909653212	-1126.8228140994736	52094.0660870158
ytar	0.0001	0.1	21030	False	719534.5326388743	-0.0	0.0
ytar	0.0001	0.1	12030	False	44012892.14144145	-0.0	0.0
ytar	0.0001	0.1	03030	True	-169402218.20226595	-11535362.336165009	62478300.56189848
ytar	0.0001	0.1	20130	True	239427.3261359067	1458.438479345786	529598.0429649501
ytar	0.0001	0.1	11130	False	-11861936.537131485	0.0	0.0
ytar	0.0001	0.1	02130	False	6266901.4620325165	0.0	0.0
ytar	0.0001	0.1	10230	True	-140715.30645157368	65626.55929238883	-983592.749145734
ytar	0.0001	0.1	01230	False	-1982980.8514678548	0.0	0.0
ytar	0.0001	0.1	00330	True	6169804.752989142	36492.890097981246	-441855.15641781787
ytar	0.0001	0.1	20040	False	4543005.381135075	0.0	0.0
ytar	0.0001	0.1	11040	True	-18172661.913862053	1411250.632755043	-17755350.519845933
ytar	0.0001	0.1	02040	True	179806029.4469575	4323677.516700672	35782532.88526905
ytar	0.0001	0.1	10140	True	-23561829.40298512	52698.58209774386	2289268.953865633
ytar	0.0001	0.1	01140	True	-10853965.977920162	-15673.12395459361	-127001048.15801361
ytar	0.0001	0.1	00240	False	-53122359.07843275	0.0	0.0
ytar	0.0001	0.1	10050	False	121038610.83562809	0.0	0.0
ytar	0.0001	0.1	01050	True	-50218259.312875114	-11313362.591770189	600661966.2614892
ytar	0.0001	0.1	00150	False	148294464.37226743	-0.0	0.0
ytar	0.0001	0.1	00060	True	18456528.882759545	-8510153.283440137	-2471040.662163337
ytar	3e-05	0.1	00000	True	0.000103911236217689	3.442615964099004e-05	7.991162250677486e-05
ytar	3e-05	0.1	10000	True	0.016120267418652006	0.01700676809161099	0.014846402928253812
ytar	3e-05	0.1	01000	True	-0.13294189198841996	-0.13718521702869071	-0.12647018855799258
ytar	3e-05	0.1	00100	True	-0.4551491959463251	-0.47601737791494025	-0.45315572828050316
ytar	3e-05	0.1	00010	True	0.020936119395824973	0.1803372518587824	-0.007605372872011074
ytar	3e-05	0.1	20000	True	-0.03160934602067772	-0.017876826031757432	-0.02255733416147107
ytar	3e-05	0.1	11000	True	0.10503774821528372	-0.07352478182733738	-0.012707897530072702
ytar	3e-05	0.1	02000	True	0.9867532159375075	1.4036131958860736	1.2487329916857048
ytar	3e-05	0.1	10100	True	1.3927997396108385	1.390891384857616	1.4431892395479542
ytar	3e-05	0.1	01100	True	1.0476056654665804	1.4935520333117713	0.7456423052391189
ytar	3e-05	0.1	00200	True	-0.09471627375801162	0.16517624532857172	-0.07269322301889874
ytar	3e-05	0.1	10010	True	-19.36749266231455	-20.436246112341323	-20.11434093556147
ytar	3e-05	0.1	01010	True	-20.69578636356555	-16.689678712983458	-16.578989039933273
ytar	3e-05	0.1	00110	False	-0.3224968973515859	-0.0	0.0
ytar	3e-05	0.1	00020	True	3.1376426735500482	-4.4053934462778574	1.365102745281476
ytar	3e-05	0.1	30000	True	0.12168303139973059	0.029979273135137548	0.13497023590558052
ytar	3e-05	0.1	21000	True	-0.07803632476925451	0.881228846331746	-0.30703058975052605
ytar	3e-05	0.1	12000	True	-13.980283580073873	-12.921485255810822	-9.338087012740706
ytar	3e-05	0.1	03000	True	74.27252589339743	50.14370367453245	49.57819628752377
ytar	3e-05	0.1	20100	True	-5.053035415250891	-2.4534217381923926	-5.244747103217351
ytar	3e-05	0.1	11100	True	55.534032127748816	22.54241030641705	60.63639640644709
ytar	3e-05	0.1	02100	True	-138.5716871329685	-16.846374248949534	-163.0337583371373
ytar	3e-05	0.1	10200	True	3.148216745345334	-0.8477830398845424	2.9094037657978182
ytar	3e-05	0.1	01200	True	-19.463731654987765	-4.324632453219757	-20.680177459271786
ytar	3e-05	0.1	00300	True	0.15260795764050847	-1.7450151233160476	-1.342616396082897
ytar	3e-05	0.1	20010	True	64.27875105072795	46.6521498907799	69.8757953861881
ytar	3e-05	0.1	11010	True	-727.3500562519765	-502.2626671935699	-824.049674688889
ytar	3e-05	0.1	02010	True	1865.27880112528	1024.9897247294953	2240.783217845338
ytar	3e-05	0.1	10110	True	-50.1638322923984	-14.269540189398151	-66.93523262668965
ytar	3e-05	0.1	01110	True	347.61178280843353	239.11773649281778	460.4340558364411
ytar	3e-05	0.1	00210	True	78.31836897193841	36.02269829393444	80.5372651816293
ytar	3e-05	0.1	10020	True	-22.90375043065943	-9.076780366140735	116.48433670349348
ytar	3e-05	0.1	01020	True	-73.92058601492553	46.02795315202133	-556.0045618390094
ytar	3e-05	0.1	00120	True	-1263.17143404126	-757.4010586022209	-1288.1552271910166
ytar	3e-05	0.1	00030	True	5930.096812317622	4409.085139454055	6454.311461425429
ytar	3e-05	0.1	40000	True	0.27606259273389333	-0.07540002203903423	-0.19496165581143998
ytar	3e-05	0.1	31000	True	-10.401654653049478	-2.3367270323753964	-0.4014188762922791
ytar	3e-05	0.1	22000	True	70.64817323176352	25.14753710760777	21.25322065556788
ytar	3e-05	0.1	13000	False	122.679298446286	0.0	0.0
ytar	3e-05	0.1	04000	True	-1576.210536747555	-325.4510263018206	-562.4733514011168
ytar	3e-05	0.1	30100	True	9.391854215763162	-0.07380322420158036	8.888409220646935
ytar	3e-05	0.1	21100	True	-99.86887507877348	16.061935041285675	-90.89837534772137
ytar	3e-05	0.1	12100	True	126.38745086351875	-12.163451951081766	1.6314640309155968
ytar	3e-05	0.1	03100	True	829.5274711090246	-785.421865148369	1417.321197435927
ytar	3e-05	0.1	20200	True	-8.185662023855258	5.212160386969887	-6.038310871505148
ytar	3e-05	0.1	11200	True	61.9029971523388	-4.1513721432579915	30.466817203138728
ytar	3e-05	0.1	02200	True	35.53278701568561	-143.40666801555682	233.67938622888005
ytar	3e-05	0.1	10300	True	-3.80964567481271	1.8663389914007795	-10.293153257458334
ytar	3e-05	0.1	01300	True	-216.6459808906799	-27.27635079372191	-82.81303735200447
ytar	3e-05	0.1	00400	True	-13.936445670368775	-1.2408868741864276	-2.269067416368211
ytar	3e-05	0.1	30010	True	-163.84193193572636	-40.460823250080026	-156.84914554171155
ytar	3e-05	0.1	21010	True	2228.8946733298503	232.84760085556658	2271.111694399413
ytar	3e-05	0.1	12010	True	-7789.33239656826	1617.0264168055478	-8519.986433019234
ytar	3e-05	0.1	03010	True	9.592856956261688	-8395.431414015435	1153.17076265896
ytar	3e-05	0.1	20110	True	404.71413386445056	0.02138488361714737	326.5974067329302
ytar	3e-05	0.1	11110	True	-3326.5107999496095	-403.9442640246909	-2727.558592459906
ytar	3e-05	0.1	02110	True	1928.4962526034071	-2252.452020518959	-1208.5105598401685
ytar	3e-05	0.1	10210	False	-248.08985475056033	0.0	0.0
ytar	3e-05	0.1	01210	True	3904.5224711659816	348.17558486626467	1632.0585710867585
ytar	3e-05	0.1	00310	False	-167.36669471739327	0.0	0.0
ytar	3e-05	0.1	20020	True	-2214.732722639582	-614.5771678185359	-1950.040391932276
ytar	3e-05	0.1	11020	True	14587.204769203478	4074.631493204019	12331.927768601192
ytar	3e-05	0.1	02020	True	169.19059453665767	32014.63792694045	28453.985017273433
ytar	3e-05	0.1	10120	True	5278.388093209178	-590.283417762283	1112.7806685659402
ytar	3e-05	0.1	01120	True	-21083.765356300693	-5197.379274148253	-4616.493623630547
ytar	3e-05	0.1	00220	True	3888.7988652814724	-453.14570559084524	-171.44163049416187
ytar	3e-05	0.1	10030	True	-30577.496774951687	-3785.5711513983856	-7094.956794106028
ytar	3e-05	0.1	01030	True	88946.36404879922	35859.71127385591	-11125.678311034893
ytar	3e-05	0.1	00130	True	-11855.096064681487	-2719.2318227260644	4945.397709770035
ytar	3e-05	0.1	00040	True	-50142.42525721054	12663.14743342092	-54398.94961389688
ytar	3e-05	0.1	50000	True	-5.309965902982728	-0.5430804363086272	-1.1428487112961265
ytar	3e-05	0.1	41000	True	154.36906275150665	3.5693600682037703	11.078407354872935
ytar	3e-05	0.1	32000	True	-1804.6419737819044	2.679496831788482	-23.708152093731034
ytar	3e-05	0.1	23000	False	9180.142745178324	-0.0	0.0
ytar	3e-05	0.1	14000	True	-13683.3829549637	-1493.6627774404642	-1281.3005957488306
ytar	3e-05	0.1	05000	False	-25758.472271579943	-0.0	0.0
ytar	3e-05	0.1	40100	True	-3.253599835523299	-3.831440978265919	-8.710512214844538
ytar	3e-05	0.1	31100	True	-85.30507511656974	14.052328431999744	64.61985489916007
ytar	3e-05	0.1	22100	True	3313.4978165574207	80.31323421083897	1806.067255318915
ytar	3e-05	0.1	13100	True	-26185.93017763255	1447.2232285672292	-21832.328298250417
ytar	3e-05	0.1	04100	True	63177.320529164535	-7423.959251170347	66767.11756494794
ytar	3e-05	0.1	30200	True	-8.585494390108284	-11.197068597104083	-23.44594243093654
ytar	3e-05	0.1	21200	True	-9.258831365052808	63.735864443491856	231.91707039732316
ytar	3e-05	0.1	12200	True	-328.84118219024947	509.95086232034146	-503.6531758778
ytar	3e-05	0.1	03200	True	1172.0829189284289	-2518.57173051929	-4838.689582439302
ytar	3e-05	0.1	20300	True	13.279642875483244	-5.839183204190375	69.81801481046146
ytar	3e-05	0.1	11300	True	121.63368088824438	90.25277378167449	-796.4885815477237
ytar	3e-05	0.1	02300	True	5633.810073953422	-263.0143013682226	6302.156641501937
ytar	3e-05	0.1	10400	True	87.00836048531407	7.050452231052104	48.1834927726303
ytar	3e-05	0.1	01400	True	89.59584593862184	105.1591060317491	-138.9259454016274
ytar	3e-05	0.1	00500	True	162.67880628114827	71.06795951874724	211.34602385342404
ytar	3e-05	0.1	40010	True	180.32957167111516	68.86396432350585	10.08427193297608
ytar	3e-05	0.1	31010	True	-1302.2700605289317	-377.41671181604744	3697.341429268956
ytar	3e-05	0.1	22010	True	-26290.54007531632	-2179.086880767441	-80483.27133171496
ytar	3e-05	0.1	13010	True	292277.1733030758	-1708.7068427747956	568008.3958353518
ytar	3e-05	0.1	04010	True	-791751.555658173	70574.53996005513	-1344836.9616192759
ytar	3e-05	0.1	30110	True	-1642.9721708949512	109.82484911753912	-188.11390667964625
ytar	3e-05	0.1	21110	True	29078.594372097363	45.21247614954771	-170.6086351161
ytar	3e-05	0.1	12110	True	-137042.6345465813	-2161.068687081836	57065.48023037263
ytar	3e-05	0.1	03110	True	176325.36525090656	-9719.699772563205	-219361.06189612305
ytar	3e-05	0.1	20210	True	982.0600866895078	-94.88313103765107	-1063.5774983762751
ytar	3e-05	0.1	11210	False	-37942.09746239665	0.0	0.0
ytar	3e-05	0.1	02210	True	26816.769431120083	4339.468665899506	-56711.00585850861
ytar	3e-05	0.1	10310	False	-1442.7839411647815	0.0	0.0
ytar	3e-05	0.1	01310	True	9357.17468163745	680.3654482796667	2143.905163932545
ytar	3e-05	0.1	00410	True	3131.5972741850455	68.48721345041808	278.408470331982
ytar	3e-05	0.1	30020	True	13866.254989072842	112.15245265729199	5202.383057318462
ytar	3e-05	0.1	21020	True	-199738.16865058063	-6399.457899940295	-61347.98360314998
ytar	3e-05	0.1	12020	True	676224.9986371031	-71224.27229519396	-91962.59681089726
ytar	3e-05	0.1	03020	True	-479607.66573266295	184383.70538943028	909193.9753780246
ytar	3e-05	0.1	20120	True	-14430.684521221505	560.3594499433646	10131.955691106872
ytar	3e-05	0.1	11120	False	400538.33090870595	-0.0	0.0
ytar	3e-05	0.1	02120	True	-835768.8115263955	-79531.926134526	165092.95630080157
ytar	3e-05	0.1	10220	True	6454.761657247772	-2.5889541361684048	-5656.541060325585
ytar	3e-05	0.1	01220	True	-156070.16604325647	1343.8871176177834	5111.9213865717575
ytar	3e-05	0.1	00320	True	-54788.89687760121	-939.2024514133626	-26234.21265700124
ytar	3e-05	0.1	20030	True	45957.77675755778	4905.196914515191	-42156.67292653675
ytar	3e-05	0.1	11030	True	-964888.019012213	-296412.149976696	260574.02087951277
ytar	3e-05	0.1	02030	True	3147559.595184702	958095.8512120984	-683716.4984953476
ytar	3e-05	0.1	10130	True	22370.28032691604	-3103.3244061978066	130023.34879148235
ytar	3e-05	0.1	01130	True	337636.0999200026	34826.63499861907	-456589.1341001879
ytar	3e-05	0.1	00230	False	31204.997381115118	0.0	0.0
ytar	3e-05	0.1	10040	True	19827.88524610365	-156718.7817012654	-756588.2911727602
ytar	3e-05	0.1	01040	True	156908.10782174973	-16631.712692867903	1963753.8592554324
ytar	3e-05	0.1	00140	True	1647814.9756730804	-61837.28048043224	1550798.9866763481
ytar	3e-05	0.1	00050	True	-4957240.933698972	-662094.6249650844	-6669491.49914729
ytar	3e-05	0.1	60000	True	15.98193621335017	1.8784720692349863	3.0261382466162328
ytar	3e-05	0.1	51000	True	-685.1809777194812	-7.235994931274273	-28.74521664930059
ytar	3e-05	0.1	42000	True	14166.029203406635	-62.760271859832535	65.18161200168355
ytar	3e-05	0.1	33000	True	-165581.01538466447	-182.85216688821302	-557.304591892671
ytar	3e-05	0.1	24000	False	1111981.2691399283	-0.0	0.0
ytar	3e-05	0.1	15000	False	-4082107.343664245	-0.0	0.0
ytar	3e-05	0.1	06000	True	6451797.720253444	40519.1395274232	105627.4604236683
ytar	3e-05	0.1	50100	True	-13.26997309054032	4.038303511408416	8.149930221511388
ytar	3e-05	0.1	41100	True	177.54405189008776	20.58390481053403	-644.9281429674961
ytar	3e-05	0.1	32100	True	-53.06774718646644	-379.20491633788964	13453.99200338701
ytar	3e-05	0.1	23100	True	-31243.81663376693	-6756.059023964721	-146407.24969586803
ytar	3e-05	0.1	14100	True	288767.8573363159	-25015.014110400094	797974.2153693921
ytar	3e-05	0.1	05100	True	-744287.726623082	385844.0919990208	-1723654.7010204303
ytar	3e-05	0.1	40200	True	14.721097707010703	1.4800126545228762	50.56254285018922
ytar	3e-05	0.1	31200	True	457.0540558365694	-31.92071401257518	-350.3450067460028
ytar	3e-05	0.1	22200	False	-5781.411155492038	-0.0	0.0
ytar	3e-05	0.1	13200	False	31135.258106472156	0.0	0.0
ytar	3e-05	0.1	04200	True	-39239.329298431236	66806.65016279925	84211.5521542219
ytar	3e-05	0.1	30300	True	10.208943810979282	23.214659858445884	0.8080209443371127
ytar	3e-05	0.1	21300	True	91.99811080181915	-27.224558524464875	-801.8479725969801
ytar	3e-05	0.1	12300	True	-2426.7391865225954	-1093.930938854171	22194.523291841488
ytar	3e-05	0.1	03300	True	-49929.52186770611	4533.500333480773	-128391.39240314013
ytar	3e-05	0.1	20400	True	-147.83303892316982	-7.860412955285594	-110.26395584333507
ytar	3e-05	0.1	11400	True	151.67930878641465	-303.7848223507493	462.9247200589287
ytar	3e-05	0.1	02400	False	-1688.5078994700912	0.0	0.0
ytar	3e-05	0.1	10500	True	-378.75801132102936	-142.57597080042262	-434.5257462982041
ytar	3e-05	0.1	01500	True	-1366.1557313366109	-698.0020229469794	-2352.3967782174504
ytar	3e-05	0.1	00600	True	-74.45477428815019	-79.03431697906117	-106.77370119163311
ytar	3e-05	0.1	50010	True	133.74483601883898	-101.52734483683233	691.6726817778961
ytar	3e-05	0.1	41010	True	-8285.643048017684	756.8664426252532	-31505.566561394684
ytar	3e-05	0.1	32010	True	147717.87889470565	7706.025072184018	514306.27653574006
ytar	3e-05	0.1	23010	True	-698050.3726033585	13547.316416826803	-3559563.7793954806
ytar	3e-05	0.1	14010	True	-1351288.396394045	-46412.05611369998	9948987.642366434
ytar	3e-05	0.1	05010	True	11530328.026051763	-1580765.536337244	-6258216.527798359
ytar	3e-05	0.1	40110	True	2941.327788602933	161.9989163134989	30.460094879167798
ytar	3e-05	0.1	31110	False	-67234.39925925336	-0.0	0.0
ytar	3e-05	0.1	22110	True	436790.4196207531	-2766.68303021321	19965.162775892513
ytar	3e-05	0.1	13110	True	-1253347.7031482141	-66065.48463472642	-756452.417704909
ytar	3e-05	0.1	04110	True	1802696.082781779	-325542.85919283645	3160651.517594857
ytar	3e-05	0.1	30210	True	-565.6874020217314	-37.85887861483901	1206.364912939042
ytar	3e-05	0.1	21210	True	5381.198626204834	-1593.8707290869913	-3269.23143650976
ytar	3e-05	0.1	12210	False	669973.5945033458	-0.0	0.0
ytar	3e-05	0.1	03210	True	-1560226.8841315955	291895.43556722166	1177206.7511072997
ytar	3e-05	0.1	20310	True	6826.474213470192	600.2101559181966	-572.3669027026052
ytar	3e-05	0.1	11310	False	-63362.3886492123	-0.0	0.0
ytar	3e-05	0.1	02310	True	251135.83394881338	26567.19738933577	8085.727766341264
ytar	3e-05	0.1	10410	True	1149.4078390943907	755.2261643503563	4201.1616857596955
ytar	3e-05	0.1	01410	True	-74559.39922768525	6200.432937706869	-25729.81753378534
ytar	3e-05	0.1	00510	True	1980.3189027098008	42.98361203787304	3886.499165740122
ytar	3e-05	0.1	40020	True	-41382.62647943721	-1852.8200213991445	-7108.708508655693
ytar	3e-05	0.1	31020	False	840964.5359409478	0.0	0.0
ytar	3e-05	0.1	22020	True	-4937583.775148678	57564.08086345331	838219.2971712968
ytar	3e-05	0.1	13020	False	7532944.136179744	0.0	0.0
ytar	3e-05	0.1	04020	True	3726509.8210663893	-2540358.438383631	-25202798.707889732
ytar	3e-05	0.1	30120	False	28543.06380810641	0.0	0.0
ytar	3e-05	0.1	21120	False	-785394.6537365766	-0.0	0.0
ytar	3e-05	0.1	12120	True	-5998666.570531841	-144115.29819031135	-5151548.4266774785
ytar	3e-05	0.1	03120	True	25567961.63806063	-459687.16433453956	12822275.457757473
ytar	3e-05	0.1	20220	True	-109493.51835534	921.9246927516658	33836.599717928904
ytar	3e-05	0.1	11220	False	1861749.9041849992	-0.0	0.0
ytar	3e-05	0.1	02220	False	-4399028.3527935585	0.0	0.0
ytar	3e-05	0.1	10320	True	176875.28399343442	13201.54896864922	60141.0060737839
ytar	3e-05	0.1	01320	True	1162233.130081194	49997.437748221084	1365890.4263250926
ytar	3e-05	0.1	00420	True	-241721.61164700385	7714.604898309405	-98012.29923477775
ytar	3e-05	0.1	30030	True	27434.946909653212	-8439.588476718058	-19021.335272843557
ytar	3e-05	0.1	21030	False	719534.5326388743	-0.0	0.0
ytar	3e-05	0.1	12030	True	44012892.14144145	-533968.3271197045	27574420.57987422
ytar	3e-05	0.1	03030	True	-169402218.20226595	-11105163.504959313	-94182634.26305495
ytar	3e-05	0.1	20130	False	239427.3261359067	0.0	0.0
ytar	3e-05	0.1	11130	True	-11861936.537131485	-113420.10675746143	-1838137.0292243776
ytar	3e-05	0.1	02130	True	6266901.4620325165	-41330.828205223945	3124293.262700513
ytar	3e-05	0.1	10230	True	-140715.30645157368	51290.7824239793	-443384.31776788033
ytar	3e-05	0.1	01230	True	-1982980.8514678548	35293.31922657974	-7813979.235358305
ytar	3e-05	0.1	00330	True	6169804.752989142	76791.53093709506	1161592.063894425
ytar	3e-05	0.1	20040	False	4543005.381135075	0.0	0.0
ytar	3e-05	0.1	11040	False	-18172661.913862053	0.0	0.0
ytar	3e-05	0.1	02040	False	179806029.4469575	-0.0	0.0
ytar	3e-05	0.1	10140	False	-23561829.40298512	-0.0	0.0
ytar	3e-05	0.1	01140	True	-10853965.977920162	-3204628.75623004	-47087618.50581366
ytar	3e-05	0.1	00240	False	-53122359.07843275	0.0	0.0
ytar	3e-05	0.1	10050	False	121038610.83562809	-0.0	0.0
ytar	3e-05	0.1	01050	True	-50218259.312875114	-26382914.04198647	350785107.4834909
ytar	3e-05	0.1	00150	True	148294464.37226743	-1541542.446172512	-64556922.73821338
ytar	3e-05	0.1	00060	True	18456528.882759545	-17698461.039673477	243983499.55457917
ytar	0.0001	0.5	00000	True	0.000103911236217689	0.0001090975118412693	7.674737782303312e-05
ytar	0.0001	0.5	10000	True	0.016120267418652006	0.016738317130760464	0.016777965843896975
ytar	0.0001	0.5	01000	True	-0.13294189198841996	-0.12110650243740427	-0.13175894197698007
ytar	0.0001	0.5	00100	True	-0.4551491959463251	-0.48238201988714235	-0.4583772375491026
ytar	0.0001	0.5	00010	True	0.020936119395824973	0.24183413292664505	0.06749215650821373
ytar	0.0001	0.5	20000	True	-0.03160934602067772	-0.021449009267164344	-0.026301065296281553
ytar	0.0001	0.5	11000	False	0.10503774821528372	-0.0	0.0
ytar	0.0001	0.5	02000	True	0.9867532159375075	0.9723225839463324	1.1841733534733239
ytar	0.0001	0.5	10100	True	1.3927997396108385	1.3422988811986998	1.4740083103226895
ytar	0.0001	0.5	01100	True	1.0476056654665804	1.6014394603984978	0.5011847995975965
ytar	0.0001	0.5	00200	True	-0.09471627375801162	0.13273163914712774	0.08851255812082143
ytar	0.0001	0.5	10010	True	-19.36749266231455	-20.396226507088915	-20.211800673092903
ytar	0.0001	0.5	01010	True	-20.69578636356555	-16.064025119533657	-16.51560710969687
ytar	0.0001	0.5	00110	True	-0.3224968973515859	-0.2544517936565565	0.47890082378709614
ytar	0.0001	0.5	00020	True	3.1376426735500482	-4.525458551449398	-3.6001269432994714
ytar	0.0001	0.5	30000	True	0.12168303139973059	0.017644212629791302	0.09995350023404234
ytar	0.0001	0.5	21000	True	-0.07803632476925451	0.004859160621295417	-1.4217144616977784
ytar	0.0001	0.5	12000	True	-13.980283580073873	-2.4059909595202353	6.4223889972530825
ytar	0.0001	0.5	03000	False	74.27252589339743	-0.0	0.0
ytar	0.0001	0.5	20100	True	-5.053035415250891	-1.8251385971397522	-4.764950158172058
ytar	0.0001	0.5	11100	True	55.534032127748816	13.964928778412894	51.61480003616046
ytar	0.0001	0.5	02100	True	-138.5716871329685	5.793926342674938	-118.89184665848192
ytar	0.0001	0.5	10200	True	3.148216745345334	-0.951778646662895	-0.5669271586691769
ytar	0.0001	0.5	01200	False	-19.463731654987765	-0.0	0.0
ytar	0.0001	0.5	00300	True	0.15260795764050847	-0.5736825443103394	-2.2532264453872237
ytar	0.0001	0.5	20010	True	64.27875105072795	41.858496100076145	60.659373543606684
ytar	0.0001	0.5	11010	True	-727.3500562519765	-437.5500068409263	-668.2277350101964
ytar	0.0001	0.5	02010	True	1865.27880112528	808.3087526095005	1543.6167954899145
ytar	0.0001	0.5	10110	True	-50.1638322923984	-4.344508760483619	-28.505665201082948
ytar	0.0001	0.5	01110	True	347.61178280843353	177.3057185274019	272.289829591635
ytar	0.0001	0.5	00210	True	78.31836897193841	23.643306582457246	66.24505034709642
ytar	0.0001	0.5	10020	True	-22.90375043065943	-49.623552385526615	1.7939210674968507
ytar	0.0001	0.5	01020	True	-73.92058601492553	56.251953434721656	98.39693923441581
ytar	0.0001	0.5	00120	True	-1263.17143404126	-606.248208862662	-1009.7265270595658
ytar	0.0001	0.5	00030	True	5930.096812317622	3828.241818182892	5187.93957316161
ytar	0.0001	0.5	40000	True	0.27606259273389333	-0.06290850034405644	-0.15116022677449212
ytar	0.0001	0.5	31000	True	-10.401654653049478	-0.4606078979750486	1.107271275666199
ytar	0.0001	0.5	22000	False	70.64817323176352	-0.0	0.0
ytar	0.0001	0.5	13000	False	122.679298446286	-0.0	0.0
ytar	0.0001	0.5	04000	True	-1576.210536747555	156.79402252031906	6.983737336058703
ytar	0.0001	0.5	30100	True	9.391854215763162	-0.6768763031418052	5.368889077932269
ytar	0.0001	0.5	21100	True	-99.86887507877348	25.421622724650504	-49.25048057793827
ytar	0.0001	0.5	12100	False	126.38745086351875	0.0	0.0
ytar	0.0001	0.5	03100	True	829.5274711090246	-943.8179385029648	660.2727580813663
ytar	0.0001	0.5	20200	True	-8.185662023855258	3.3579722899631994	6.490050050886483
ytar	0.0001	0.5	11200	False	61.9029971523388	0.0	0.0
ytar	0.0001	0.5	02200	True	35.53278701568561	-91.69067781238954	-286.5897255587779
ytar	0.0001	0.5	10300	False	-3.80964567481271	0.0	0.0
ytar	0.0001	0.5	01300	True	-216.6459808906799	-10.144476869061746	46.37422582914102
ytar	0.0001	0.5	00400	True	-13.936445670368775	-1.1527683804372542	-5.08700902872156
ytar	0.0001	0.5	30010	True	-163.84193193572636	-24.982508051601393	-117.982390503337
ytar	0.0001	0.5	21010	True	2228.8946733298503	52.44845368306709	1436.931067282844
ytar	0.0001	0.5	12010	True	-7789.33239656826	1651.070382088539	-3356.7451894418596
ytar	0.0001	0.5	03010	True	9.592856956261688	-6323.92327018371	-6252.044089112103
ytar	0.0001	0.5	20110	False	404.71413386445056	0.0	0.0
ytar	0.0001	0.5	11110	True	-3326.5107999496095	-99.03305095168143	-182.30994729658448
ytar	0.0001	0.5	02110	True	1928.4962526034071	-2796.029173143716	-2965.3444214151464
ytar	0.0001	0.5	10210	True	-248.08985475056033	17.001663167168303	-180.11203260737125
ytar	0.0001	0.5	01210	True	3904.5224711659816	381.9726321788572	690.63407116119
ytar	0.0001	0.5	00310	False	-167.36669471739327	-0.0	0.0
ytar	0.0001	0.5	20020	True	-2214.732722639582	-323.77148041577556	-981.2099320409656
ytar	0.0001	0.5	11020	True	14587.204769203478	622.7647063547781	6130.315171337344
ytar	0.0001	0.5	02020	True	169.19059453665767	35638.46834734641	30508.980400270015
ytar	0.0001	0.5	10120	True	5278.388093209178	-537.2065448283619	1616.3128408260634
ytar	0.0001	0.5	01120	True	-21083.765356300693	-320.0763869247073	-11945.656889090456
ytar	0.0001	0.5	00220	True	3888.7988652814724	-140.88481502163944	-336.3430773266211
ytar	0.0001	0.5	10030	True	-30577.496774951687	-1288.971701245839	-8093.680516787576
ytar	0.0001	0.5	01030	True	88946.36404879922	2452.446965593565	49672.53677719173
ytar	0.0001	0.5	00130	True	-11855.096064681487	-157.24758364488966	-1600.8534485347725
ytar	0.0001	0.5	00040	False	-50142.42525721054	-0.0	0.0
ytar	0.0001	0.5	50000	True	-5.309965902982728	-0.011033540186048374	-0.07318645771540576
ytar	0.0001	0.5	41000	False	154.36906275150665	0.0	0.0
ytar	0.0001	0.5	32000	False	-1804.6419737819044	0.0	0.0
ytar	0.0001	0.5	23000	False	9180.142745178324	-0.0	0.0
ytar	0.0001	0.5	14000	True	-13683.3829549637	-95.70809389296618	-1162.01666372898
ytar	0.0001	0.5	05000	False	-25758.472271579943	-0.0	0.0
ytar	0.0001	0.5	40100	True	-3.253599835523299	-1.0256415912193109	0.4925621633294087
ytar	0.0001	0.5	31100	False	-85.30507511656974	0.0	0.0
ytar	0.0001	0.5	22100	False	3313.4978165574207	0.0	0.0
ytar	0.0001	0.5	13100	False	-26185.93017763255	0.0	0.0
ytar	0.0001	0.5	04100	True	63177.320529164535	10229.054036668691	3527.8506426109316
ytar	0.0001	0.5	30200	True	-8.585494390108284	-3.200458309445196	-21.23496552446896
ytar	0.0001	0.5	21200	True	-9.258831365052808	11.242411450080008	225.24303716101684
ytar	0.0001	0.5	12200	True	-328.84118219024947	126.04331611881634	-976.0700366837333
ytar	0.0001	0.5	03200	False	1172.0829189284289	0.0	0.0
ytar	0.0001	0.5	20300	False	13.279642875483244	-0.0	0.0
ytar	0.0001	0.5	11300	False	121.63368088824438	-0.0	0.0
ytar	0.0001	0.5	02300	True	5633.810073953422	-546.2521729242108	-1086.4850747475828
ytar	0.0001	0.5	10400	False	87.00836048531407	-0.0	0.0
ytar	0.0001	0.5	01400	True	89.59584593862184	1.764322923360213	76.84077009993439
ytar	0.0001	0.5	00500	True	162.67880628114827	21.945498307154953	55.68195740971559
ytar	0.0001	0.5	40010	True	180.32957167111516	32.37563718165597	160.01289591160221
ytar	0.0001	0.5	31010	True	-1302.2700605289317	-9.224014375312802	-2996.4976823338666
ytar	0.0001	0.5	22010	True	-26290.54007531632	-2282.0339754918123	17757.267624068503
ytar	0.0001	0.5	13010	True	292277.1733030758	-676.9905418370286	-31921.863986961387
ytar	0.0001	0.5	04010	False	-791751.555658173	0.0	0.0
ytar	0.0001	0.5	30110	True	-1642.9721708949512	6.379985720568849	194.63967945072793
ytar	0.0001	0.5	21110	False	29078.594372097363	0.0	0.0
ytar	0.0001	0.5	12110	False	-137042.6345465813	-0.0	0.0
ytar	0.0001	0.5	03110	True	176325.36525090656	-9677.343438063348	355.7575647082168
ytar	0.0001	0.5	20210	False	982.0600866895078	0.0	0.0
ytar	0.0001	0.5	11210	False	-37942.09746239665	0.0	0.0
ytar	0.0001	0.5	02210	True	26816.769431120083	7935.856670776946	9235.2429304367
ytar	0.0001	0.5	10310	False	-1442.7839411647815	-0.0	0.0
ytar	0.0001	0.5	01310	True	9357.17468163745	1490.6048791279295	1753.808061246805
ytar	0.0001	0.5	00410	True	3131.5972741850455	105.57096318782959	381.2314886007571
ytar	0.0001	0.5	30020	False	13866.254989072842	-0.0	0.0
ytar	0.0001	0.5	21020	False	-199738.16865058063	-0.0	0.0
ytar	0.0001	0.5	12020	True	676224.9986371031	-36113.591375463206	-113172.31245695126
ytar	0.0001	0.5	03020	False	-479607.66573266295	-0.0	0.0
ytar	0.0001	0.5	20120	False	-14430.684521221505	-0.0	0.0
ytar	0.0001	0.5	11120	False	400538.33090870595	-0.0	0.0
ytar	0.0001	0.5	02120	False	-835768.8115263955	-0.0	0.0
ytar	0.0001	0.5	10220	False	6454.761657247772	-0.0	0.0
ytar	0.0001	0.5	01220	True	-156070.16604325647	4548.268442379967	-29672.804867745108
ytar	0.0001	0.5	00320	False	-54788.89687760121	-0.0	0.0
ytar	0.0001	0.5	20030	False	45957.77675755778	0.0	0.0
ytar	0.0001	0.5	11030	True	-964888.019012213	-33583.64065770892	-149936.73987759498
ytar	0.0001	0.5	02030	True	3147559.595184702	46171.13377245544	327701.9107567636
ytar	0.0001	0.5	10130	False	22370.28032691604	-0.0	0.0
ytar	0.0001	0.5	01130	False	337636.0999200026	0.0	0.0
ytar	0.0001	0.5	00230	False	31204.997381115118	-0.0	0.0
ytar	0.0001	0.5	10040	True	19827.88524610365	-15041.391673857845	-12429.970978261996
ytar	0.0001	0.5	01040	False	156908.10782174973	0.0	0.0
ytar	0.0001	0.5	00140	True	1647814.9756730804	-114108.7475438975	-344987.6584055871
ytar	0.0001	0.5	00050	False	-4957240.933698972	-0.0	0.0
ytar	0.0001	0.5	60000	True	15.98193621335017	0.6061621623686776	0.6648030706981349
ytar	0.0001	0.5	51000	False	-685.1809777194812	-0.0	0.0
ytar	0.0001	0.5	42000	False	14166.029203406635	-0.0	0.0
ytar	0.0001	0.5	33000	True	-165581.01538466447	-158.6108033886562	-533.7820756312786
ytar	0.0001	0.5	24000	False	1111981.2691399283	-0.0	0.0
ytar	0.0001	0.5	15000	False	-4082107.343664245	-0.0	0.0
ytar	0.0001	0.5	06000	False	6451797.720253444	0.0	0.0
ytar	0.0001	0.5	50100	True	-13.26997309054032	-2.032548977849322	-3.6616410398937695
ytar	0.0001	0.5	41100	False	177.54405189008776	-0.0	0.0
ytar	0.0001	0.5	32100	False	-53.06774718646644	-0.0	0.0
ytar	0.0001	0.5	23100	True	-31243.81663376693	-2092.043606494277	-1442.7437962724503
ytar	0.0001	0.5	14100	False	288767.8573363159	-0.0	0.0
ytar	0.0001	0.5	05100	True	-744287.726623082	5366.347962381082	3167.795689864965
ytar	0.0001	0.5	40200	False	14.721097707010703	0.0	0.0
ytar	0.0001	0.5	31200	False	457.0540558365694	0.0	0.0
ytar	0.0001	0.5	22200	False	-5781.411155492038	0.0	0.0
ytar	0.0001	0.5	13200	False	31135.258106472156	0.0	0.0
ytar	0.0001	0.5	04200	True	-39239.329298431236	17207.88200095391	118829.61150095667
ytar	0.0001	0.5	30300	False	10.208943810979282	0.0	0.0
ytar	0.0001	0.5	21300	False	91.99811080181915	0.0	0.0
ytar	0.0001	0.5	12300	False	-2426.7391865225954	-0.0	0.0
ytar	0.0001	0.5	03300	False	-49929.52186770611	-0.0	0.0
ytar	0.0001	0.5	20400	False	-147.83303892316982	0.0	0.0
ytar	0.0001	0.5	11400	False	151.67930878641465	0.0	0.0
ytar	0.0001	0.5	02400	False	-1688.5078994700912	-0.0	0.0
ytar	0.0001	0.5	10500	True	-378.75801132102936	-35.26179797524376	17.557514825354826
ytar	0.0001	0.5	01500	True	-1366.1557313366109	-214.08286362270556	-1292.6855317068437
ytar	0.0001	0.5	00600	False	-74.45477428815019	-0.0	0.0
ytar	0.0001	0.5	50010	False	133.74483601883898	-0.0	0.0
ytar	0.0001	0.5	41010	False	-8285.643048017684	0.0	0.0
ytar	0.0001	0.5	32010	True	147717.87889470565	3037.65297666918	9315.222237531783
ytar	0.0001	0.5	23010	True	-698050.3726033585	10132.834841769121	-33268.77862655918
ytar	0.0001	0.5	14010	False	-1351288.396394045	0.0	0.0
ytar	0.0001	0.5	05010	False	11530328.026051763	-0.0	0.0
ytar	0.0001	0.5	40110	True	2941.327788602933	21.617025542021707	135.69158725684494
ytar	0.0001	0.5	31110	False	-67234.39925925336	-0.0	0.0
ytar	0.0001	0.5	22110	False	436790.4196207531	-0.0	0.0
ytar	0.0001	0.5	13110	True	-1253347.7031482141	-11912.629865345694	-133381.69675989522
ytar	0.0001	0.5	04110	True	1802696.082781779	-188497.46043500764	-757042.2080271704
ytar	0.0001	0.5	30210	True	-565.6874020217314	65.95829592930204	705.2803101050829
ytar	0.0001	0.5	21210	True	5381.198626204834	8.229911111475953	-7665.895639747749
ytar	0.0001	0.5	12210	True	669973.5945033458	2314.153811989909	-37423.4815603351
ytar	0.0001	0.5	03210	True	-1560226.8841315955	67286.69283265622	488771.0857317912
ytar	0.0001	0.5	20310	True	6826.474213470192	89.28439258183671	-115.22038031590881
ytar	0.0001	0.5	11310	False	-63362.3886492123	-0.0	0.0
ytar	0.0001	0.5	02310	False	251135.83394881338	-0.0	0.0
ytar	0.0001	0.5	10410	False	1149.4078390943907	0.0	0.0
ytar	0.0001	0.5	01410	False	-74559.39922768525	0.0	0.0
ytar	0.0001	0.5	00510	False	1980.3189027098008	0.0	0.0
ytar	0.0001	0.5	40020	True	-41382.62647943721	-1059.808569047843	-251.85999125842636
ytar	0.0001	0.5	31020	False	840964.5359409478	-0.0	0.0
ytar	0.0001	0.5	22020	False	-4937583.775148678	0.0	0.0
ytar	0.0001	0.5	13020	False	7532944.136179744	0.0	0.0
ytar	0.0001	0.5	04020	False	3726509.8210663893	0.0	0.0
ytar	0.0001	0.5	30120	False	28543.06380810641	-0.0	0.0
ytar	0.0001	0.5	21120	False	-785394.6537365766	0.0	0.0
ytar	0.0001	0.5	12120	False	-5998666.570531841	-0.0	0.0
ytar	0.0001	0.5	03120	False	25567961.63806063	-0.0	0.0
ytar	0.0001	0.5	20220	False	-109493.51835534	0.0	0.0
ytar	0.0001	0.5	11220	False	1861749.9041849992	0.0	0.0
ytar	0.0001	0.5	02220	False	-4399028.3527935585	-0.0	0.0
ytar	0.0001	0.5	10320	False	176875.28399343442	0.0	0.0
ytar	0.0001	0.5	01320	False	1162233.130081194	0.0	0.0
ytar	0.0001	0.5	00420	True	-241721.61164700385	2282.2352862317894	7924.72816464148
ytar	0.0001	0.5	30030	False	27434.946909653212	-0.0	0.0
ytar	0.0001	0.5	21030	False	719534.5326388743	0.0	0.0
ytar	0.0001	0.5	12030	False	44012892.14144145	-0.0	0.0
ytar	0.0001	0.5	03030	True	-169402218.20226595	-8253155.963144735	-16081992.462499645
ytar	0.0001	0.5	20130	False	239427.3261359067	0.0	0.0
ytar	0.0001	0.5	11130	False	-11861936.537131485	0.0	0.0
ytar	0.0001	0.5	02130	False	6266901.4620325165	0.0	0.0
ytar	0.0001	0.5	10230	True	-140715.30645157368	62575.04720286836	607311.1905806791
ytar	0.0001	0.5	01230	True	-1982980.8514678548	68005.22720009754	495866.2411405837
ytar	0.0001	0.5	00330	True	6169804.752989142	20485.44934532782	-21897.587182534506
ytar	0.0001	0.5	20040	True	4543005.381135075	137836.41235702904	836008.5255777201
ytar	0.0001	0.5	11040	True	-18172661.913862053	1931290.5674492773	-5131739.501074523
ytar	0.0001	0.5	02040	False	179806029.4469575	0.0	0.0
ytar	0.0001	0.5	10140	True	-23561829.40298512	39466.591181261036	-4221647.978510764
ytar	0.0001	0.5	01140	False	-10853965.977920162	0.0	0.0
ytar	0.0001	0.5	00240	False	-53122359.07843275	0.0	0.0
ytar	0.0001	0.5	10050	False	121038610.83562809	0.0	0.0
ytar	0.0001	0.5	01050	True	-50218259.312875114	7374703.812854237	4096231.9951737365
ytar	0.0001	0.5	00150	False	148294464.37226743	0.0	0.0
ytar	0.0001	0.5	00060	False	18456528.882759545	0.0	0.0
ytar	3e-05	0.5	00000	True	0.000103911236217689	4.994459630013699e-05	2.1407993872598783e-05
ytar	3e-05	0.5	10000	True	0.016120267418652006	0.016697902222799477	0.01633374350452682
ytar	3e-05	0.5	01000	True	-0.13294189198841996	-0.12882419971206682	-0.13264678414506934
ytar	3e-05	0.5	00100	True	-0.4551491959463251	-0.4755943311583792	-0.464208849722729
ytar	3e-05	0.5	00010	True	0.020936119395824973	0.15534723563559233	0.0930544143559767
ytar	3e-05	0.5	20000	True	-0.03160934602067772	-0.019924646435338936	-0.022367989869658805
ytar	3e-05	0.5	11000	True	0.10503774821528372	-0.03759507752299044	-0.03724531234698213
ytar	3e-05	0.5	02000	True	0.9867532159375075	1.227075861689841	1.2601154953081377
ytar	3e-05	0.5	10100	True	1.3927997396108385	1.435823908048753	1.5439666168627244
ytar	3e-05	0.5	01100	True	1.0476056654665804	1.162912075166411	0.715469563763542
ytar	3e-05	0.5	00200	True	-0.09471627375801162	0.13978155554765273	0.10845584239612227
ytar	3e-05	0.5	10010	True	-19.36749266231455	-20.804770309384256	-20.54709338375249
ytar	3e-05	0.5	01010	True	-20.69578636356555	-14.609121691074808	-15.981336774414793
ytar	3e-05	0.5	00110	False	-0.3224968973515859	0.0	0.0
ytar	3e-05	0.5	00020	True	3.1376426735500482	-3.3904004866076356	-1.787008492685954
ytar	3e-05	0.5	30000	True	0.12168303139973059	0.04532246541122623	0.07651025470155734
ytar	3e-05	0.5	21000	True	-0.07803632476925451	0.0551158702111138	0.0555909579220427
ytar	3e-05	0.5	12000	True	-13.980283580073873	-5.266959853629076	-7.754744008016795
ytar	3e-05	0.5	03000	True	74.27252589339743	21.868335789893447	36.798498453810446
ytar	3e-05	0.5	20100	True	-5.053035415250891	-2.841590848684793	-3.8363998334833034
ytar	3e-05	0.5	11100	True	55.534032127748816	26.31323246255326	40.97871386955457
ytar	3e-05	0.5	02100	True	-138.5716871329685	-26.919507703913144	-92.06144478153986
ytar	3e-05	0.5	10200	True	3.148216745345334	-0.7360525900919125	-0.7757840537484829
ytar	3e-05	0.5	01200	True	-19.463731654987765	-3.852242842022827	-7.290310478960464
ytar	3e-05	0.5	00300	True	0.15260795764050847	-1.3545429222666385	-3.379071333279584
ytar	3e-05	0.5	20010	True	64.27875105072795	51.102750326830616	56.74423685208573
ytar	3e-05	0.5	11010	True	-727.3500562519765	-550.4932580199687	-622.4364922835309
ytar	3e-05	0.5	02010	True	1865.27880112528	1183.8632848792324	1477.2696672481434
ytar	3e-05	0.5	10110	True	-50.1638322923984	-14.861070507238193	-29.133379337824653
ytar	3e-05	0.5	01110	True	347.61178280843353	239.5008339109632	334.0691657940557
ytar	3e-05	0.5	00210	True	78.31836897193841	41.36085020231407	68.67823625587418
ytar	3e-05	0.5	10020	True	-22.90375043065943	-12.413641629188167	49.71343593237171
ytar	3e-05	0.5	01020	True	-73.92058601492553	24.673975146143118	-249.65448887075786
ytar	3e-05	0.5	00120	True	-1263.17143404126	-804.9529797868918	-934.5444008521446
ytar	3e-05	0.5	00030	True	5930.096812317622	4549.516486916197	4916.077298422353
ytar	3e-05	0.5	40000	True	0.27606259273389333	-0.12058760472857144	-0.099816698286573
ytar	3e-05	0.5	31000	False	-10.401654653049478	-0.0	0.0
ytar	3e-05	0.5	22000	True	70.64817323176352	3.4614132053034816	4.164855662726316
ytar	3e-05	0.5	13000	False	122.679298446286	0.0	0.0
ytar	3e-05	0.5	04000	False	-1576.210536747555	0.0	0.0
ytar	3e-05	0.5	30100	False	9.391854215763162	0.0	0.0
ytar	3e-05	0.5	21100	True	-99.86887507877348	13.177014200203748	-5.628239586825147
ytar	3e-05	0.5	12100	False	126.38745086351875	-0.0	0.0
ytar	3e-05	0.5	03100	True	829.5274711090246	-747.372448867103	-34.607399219881614
ytar	3e-05	0.5	20200	True	-8.185662023855258	4.699521583657907	8.619137778097798
ytar	3e-05	0.5	11200	False	61.9029971523388	-0.0	0.0
ytar	3e-05	0.5	02200	True	35.53278701568561	-131.01013248682995	-93.27800416872334
ytar	3e-05	0.5	10300	True	-3.80964567481271	1.5812953633266527	8.067491661923372
ytar	3e-05	0.5	01300	True	-216.6459808906799	-26.513890539716332	-58.741418731687034
ytar	3e-05	0.5	00400	True	-13.936445670368775	-1.6365417134705753	-2.0392627572281783
ytar	3e-05	0.5	30010	True	-163.84193193572636	-45.28557208283686	-85.45412432020736
ytar	3e-05	0.5	21010	True	2228.8946733298503	278.40653193595523	1117.325175734713
ytar	3e-05	0.5	12010	True	-7789.33239656826	1900.920309371138	-2860.4291246123207
ytar	3e-05	0.5	03010	True	9.592856956261688	-10292.107207622232	-4887.273917968151
ytar	3e-05	0.5	20110	False	404.71413386445056	0.0	0.0
ytar	3e-05	0.5	11110	True	-3326.5107999496095	-327.6305334318257	-1006.6775700693221
ytar	3e-05	0.5	02110	True	1928.4962526034071	-2496.749091357613	-1455.700020987794
ytar	3e-05	0.5	10210	False	-248.08985475056033	-0.0	0.0
ytar	3e-05	0.5	01210	True	3904.5224711659816	376.33024431994994	-101.30037401121817
ytar	3e-05	0.5	00310	False	-167.36669471739327	-0.0	0.0
ytar	3e-05	0.5	20020	True	-2214.732722639582	-576.2464952906505	-879.4334898333915
ytar	3e-05	0.5	11020	True	14587.204769203478	3323.104686905779	6862.288089232345
ytar	3e-05	0.5	02020	True	169.19059453665767	32654.280626053813	32921.78825071913
ytar	3e-05	0.5	10120	True	5278.388093209178	-477.8145784983699	-819.3964523453833
ytar	3e-05	0.5	01120	True	-21083.765356300693	-2874.2076740262205	-1758.8520732171057
ytar	3e-05	0.5	00220	True	3888.7988652814724	-321.0610115980969	-1387.2253764189288
ytar	3e-05	0.5	10030	True	-30577.496774951687	-1813.864043433383	-4021.4938769224655
ytar	3e-05	0.5	01030	True	88946.36404879922	16942.62912524134	21845.43643347317
ytar	3e-05	0.5	00130	True	-11855.096064681487	-1402.9884530436307	4348.032798218444
ytar	3e-05	0.5	00040	False	-50142.42525721054	0.0	0.0
ytar	3e-05	0.5	50000	True	-5.309965902982728	-0.2208143749397193	-0.6568800224768866
ytar	3e-05	0.5	41000	True	154.36906275150665	0.5059567961353775	5.894484722192803
ytar	3e-05	0.5	32000	True	-1804.6419737819044	7.7814294230939405	-15.792315230178447
ytar	3e-05	0.5	23000	False	9180.142745178324	0.0	0.0
ytar	3e-05	0.5	14000	True	-13683.3829549637	-831.2142663229972	-104.87444959331062
ytar	3e-05	0.5	05000	True	-25758.472271579943	-703.3070306055902	-5844.433196606921
ytar	3e-05	0.5	40100	True	-3.253599835523299	-0.28217879241001964	1.7394093843317593
ytar	3e-05	0.5	31100	False	-85.30507511656974	0.0	0.0
ytar	3e-05	0.5	22100	False	3313.4978165574207	0.0	0.0
ytar	3e-05	0.5	13100	True	-26185.93017763255	176.1342835870389	-1989.9496504066346
ytar	3e-05	0.5	04100	True	63177.320529164535	2881.286308622299	14886.035817531028
ytar	3e-05	0.5	30200	True	-8.585494390108284	-9.805625878142424	-23.48488133743376
ytar	3e-05	0.5	21200	True	-9.258831365052808	71.88836959649277	12.079898489610871
ytar	3e-05	0.5	12200	True	-328.84118219024947	31.112820339317672	1773.0998228884105
ytar	3e-05	0.5	03200	True	1172.0829189284289	-342.77521898879246	-4071.912455587333
ytar	3e-05	0.5	20300	False	13.279642875483244	0.0	0.0
ytar	3e-05	0.5	11300	False	121.63368088824438	0.0	0.0
ytar	3e-05	0.5	02300	True	5633.810073953422	-68.41101317152814	1082.8814267037103
ytar	3e-05	0.5	10400	False	87.00836048531407	0.0	0.0
ytar	3e-05	0.5	01400	True	89.59584593862184	68.80100416290054	-42.18369445843627
ytar	3e-05	0.5	00500	True	162.67880628114827	46.7546105363895	140.06039491829745
ytar	3e-05	0.5	40010	True	180.32957167111516	28.050336697839768	89.7485208440221
ytar	3e-05	0.5	31010	True	-1302.2700605289317	-190.1955615384187	-1836.633289728248
ytar	3e-05	0.5	22010	True	-26290.54007531632	-660.4213854833582	9869.634961650436
ytar	3e-05	0.5	13010	False	292277.1733030758	-0.0	0.0
ytar	3e-05	0.5	04010	True	-791751.555658173	3616.447588864746	-95316.62820046888
ytar	3e-05	0.5	30110	True	-1642.9721708949512	97.66727257415903	335.34398715203974
ytar	3e-05	0.5	21110	False	29078.594372097363	0.0	0.0
ytar	3e-05	0.5	12110	True	-137042.6345465813	-505.62104293905855	5607.339579832339
ytar	3e-05	0.5	03110	True	176325.36525090656	-12314.927745218532	-112949.312822236
ytar	3e-05	0.5	20210	True	982.0600866895078	-26.004984968947607	-117.43601342731795
ytar	3e-05	0.5	11210	False	-37942.09746239665	0.0	0.0
ytar	3e-05	0.5	02210	True	26816.769431120083	695.0502710092842	-20852.39178649245
ytar	3e-05	0.5	10310	False	-1442.7839411647815	0.0	0.0
ytar	3e-05	0.5	01310	True	9357.17468163745	1322.4200317770217	2955.7653973878255
ytar	3e-05	0.5	00410	False	3131.5972741850455	0.0	0.0
ytar	3e-05	0.5	30020	False	13866.254989072842	-0.0	0.0
ytar	3e-05	0.5	21020	True	-199738.16865058063	-4711.25647340207	-12508.55533724566
ytar	3e-05	0.5	12020	True	676224.9986371031	-54653.84920380847	-202175.45346845544
ytar	3e-05	0.5	03020	True	-479607.66573266295	61772.279539674666	1110380.4581990782
ytar	3e-05	0.5	20120	False	-14430.684521221505	0.0	0.0
ytar	3e-05	0.5	11120	False	400538.33090870595	-0.0	0.0
ytar	3e-05	0.5	02120	False	-835768.8115263955	-0.0	0.0
ytar	3e-05	0.5	10220	False	6454.761657247772	-0.0	0.0
ytar	3e-05	0.5	01220	False	-156070.16604325647	0.0	0.0
ytar	3e-05	0.5	00320	False	-54788.89687760121	-0.0	0.0
ytar	3e-05	0.5	20030	False	45957.77675755778	0.0	0.0
ytar	3e-05	0.5	11030	True	-964888.019012213	-106083.95219069511	-360867.0927261776
ytar	3e-05	0.5	02030	True	3147559.595184702	151419.86695820154	1243856.9642828426
ytar	3e-05	0.5	10130	False	22370.28032691604	-0.0	0.0
ytar	3e-05	0.5	01130	False	337636.0999200026	0.0	0.0
ytar	3e-05	0.5	00230	False	31204.997381115118	-0.0	0.0
ytar	3e-05	0.5	10040	True	19827.88524610365	-115593.37289187704	-310064.85927246214
ytar	3e-05	0.5	01040	False	156908.10782174973	0.0	0.0
ytar	3e-05	0.5	00140	True	1647814.9756730804	-45530.32692107333	-564083.759152811
ytar	3e-05	0.5	00050	True	-4957240.933698972	-323776.5018274144	391969.57567200274
ytar	3e-05	0.5	60000	True	15.98193621335017	1.0664960582897145	1.305897300861624
ytar	3e-05	0.5	51000	False	-685.1809777194812	-0.0	0.0
ytar	3e-05	0.5	42000	True	14166.029203406635	-70.4818722012281	-103.40783687095075
ytar	3e-05	0.5	33000	False	-165581.01538466447	-0.0	0.0
ytar	3e-05	0.5	24000	False	1111981.2691399283	-0.0	0.0
ytar	3e-05	0.5	15000	False	-4082107.343664245	0.0	0.0
ytar	3e-05	0.5	06000	True	6451797.720253444	6434.814948162016	34022.56570179586
ytar	3e-05	0.5	50100	False	-13.26997309054032	0.0	0.0
ytar	3e-05	0.5	41100	True	177.54405189008776	6.5012746012738285	56.62704259359491
ytar	3e-05	0.5	32100	False	-53.06774718646644	-0.0	0.0
ytar	3e-05	0.5	23100	True	-31243.81663376693	-5824.106263632167	397.39378751567915
ytar	3e-05	0.5	14100	True	288767.8573363159	-12555.539814735506	-85321.9381803164
ytar	3e-05	0.5	05100	True	-744287.726623082	232135.28327204898	343376.7917004397
ytar	3e-05	0.5	40200	True	14.721097707010703	-1.1084860756263657	27.681878368743053
ytar	3e-05	0.5	31200	True	457.0540558365694	-0.28011507447036876	-319.8364492832652
ytar	3e-05	0.5	22200	False	-5781.411155492038	-0.0	0.0
ytar	3e-05	0.5	13200	False	31135.258106472156	0.0	0.0
ytar	3e-05	0.5	04200	True	-39239.329298431236	48857.38562805517	22295.173776668013
ytar	3e-05	0.5	30300	True	10.208943810979282	10.475915623895023	8.844197336423836
ytar	3e-05	0.5	21300	False	91.99811080181915	-0.0	0.0
ytar	3e-05	0.5	12300	True	-2426.7391865225954	-305.959628579108	-1225.5068210296704
ytar	3e-05	0.5	03300	False	-49929.52186770611	-0.0	0.0
ytar	3e-05	0.5	20400	True	-147.83303892316982	-2.040583077421577	-4.1325051501225865
ytar	3e-05	0.5	11400	True	151.67930878641465	-71.21974424689324	53.943520249732615
ytar	3e-05	0.5	02400	False	-1688.5078994700912	0.0	0.0
ytar	3e-05	0.5	10500	True	-378.75801132102936	-96.41547247143343	-305.30136264169624
ytar	3e-05	0.5	01500	True	-1366.1557313366109	-351.6903576371795	-1180.5816407109355
ytar	3e-05	0.5	00600	True	-74.45477428815019	-44.00262553131764	14.689866913864277
ytar	3e-05	0.5	50010	True	133.74483601883898	-1.6694168483843461	-18.31393697705543
ytar	3e-05	0.5	41010	False	-8285.643048017684	0.0	0.0
ytar	3e-05	0.5	32010	True	147717.87889470565	6037.757714370491	5013.276325133624
ytar	3e-05	0.5	23010	False	-698050.3726033585	0.0	0.0
ytar	3e-05	0.5	14010	False	-1351288.396394045	-0.0	0.0
ytar	3e-05	0.5	05010	True	11530328.026051763	-755327.6220931069	164582.54518931944
ytar	3e-05	0.5	40110	True	2941.327788602933	123.92684225961234	-4.10908867218689
ytar	3e-05	0.5	31110	False	-67234.39925925336	-0.0	0.0
ytar	3e-05	0.5	22110	False	436790.4196207531	-0.0	0.0
ytar	3e-05	0.5	13110	True	-1253347.7031482141	-68074.41796647017	73217.16639807141
ytar	3e-05	0.5	04110	True	1802696.082781779	-285275.2743966824	642022.884139692
ytar	3e-05	0.5	30210	False	-565.6874020217314	-0.0	0.0
ytar	3e-05	0.5	21210	False	5381.198626204834	-0.0	0.0
ytar	3e-05	0.5	12210	False	669973.5945033458	-0.0	0.0
ytar	3e-05	0.5	03210	True	-1560226.8841315955	190281.46134280626	601418.2622744909
ytar	3e-05	0.5	20310	True	6826.474213470192	236.0781688762234	-259.15723796942126
ytar	3e-05	0.5	11310	False	-63362.3886492123	0.0	0.0
ytar	3e-05	0.5	02310	True	251135.83394881338	10700.768805558386	6847.493417082722
ytar	3e-05	0.5	10410	False	1149.4078390943907	0.0	0.0
ytar	3e-05	0.5	01410	True	-74559.39922768525	2385.6260091952477	10076.556791066641
ytar	3e-05	0.5	00510	False	1980.3189027098008	0.0	0.0
ytar	3e-05	0.5	40020	True	-41382.62647943721	-1227.2000999364168	-124.94317967386066
ytar	3e-05	0.5	31020	False	840964.5359409478	-0.0	0.0
ytar	3e-05	0.5	22020	False	-4937583.775148678	0.0	0.0
ytar	3e-05	0.5	13020	False	7532944.136179744	-0.0	0.0
ytar	3e-05	0.5	04020	True	3726509.8210663893	-295138.0014113746	-12939123.281947888
ytar	3e-05	0.5	30120	False	28543.06380810641	-0.0	0.0
ytar	3e-05	0.5	21120	False	-785394.6537365766	-0.0	0.0
ytar	3e-05	0.5	12120	True	-5998666.570531841	-71136.72564117724	-1032656.5977755989
ytar	3e-05	0.5	03120	True	25567961.63806063	-188294.3155881879	-1236054.3460475525
ytar	3e-05	0.5	20220	True	-109493.51835534	62.93815957961809	13034.292482148243
ytar	3e-05	0.5	11220	False	1861749.9041849992	0.0	0.0
ytar	3e-05	0.5	02220	False	-4399028.3527935585	0.0	0.0
ytar	3e-05	0.5	10320	True	176875.28399343442	14100.44917441238	137850.72254794883
ytar	3e-05	0.5	01320	False	1162233.130081194	0.0	0.0
ytar	3e-05	0.5	00420	True	-241721.61164700385	7550.247139075987	-52374.156941011985
ytar	3e-05	0.5	30030	True	27434.946909653212	-12907.506681271516	-5773.706068950206
ytar	3e-05	0.5	21030	False	719534.5326388743	-0.0	0.0
ytar	3e-05	0.5	12030	False	44012892.14144145	-0.0	0.0
ytar	3e-05	0.5	03030	True	-169402218.20226595	-12499114.271922346	8372559.874745041
ytar	3e-05	0.5	20130	True	239427.3261359067	4261.153567539369	-20557.90521599729
ytar	3e-05	0.5	11130	False	-11861936.537131485	0.0	0.0
ytar	3e-05	0.5	02130	False	6266901.4620325165	0.0	0.0
ytar	3e-05	0.5	10230	True	-140715.30645157368	38296.02738143575	-880583.1173300378
ytar	3e-05	0.5	01230	False	-1982980.8514678548	0.0	0.0
ytar	3e-05	0.5	00330	True	6169804.752989142	19083.09873480652	638568.5052292157
ytar	3e-05	0.5	20040	True	4543005.381135075	82691.92059247036	-524264.39353799267
ytar	3e-05	0.5	11040	False	-18172661.913862053	0.0	0.0
ytar	3e-05	0.5	02040	False	179806029.4469575	0.0	0.0
ytar	3e-05	0.5	10140	False	-23561829.40298512	0.0	0.0
ytar	3e-05	0.5	01140	False	-10853965.977920162	-0.0	0.0
ytar	3e-05	0.5	00240	False	-53122359.07843275	0.0	0.0
ytar	3e-05	0.5	10050	False	121038610.83562809	-0.0	0.0
ytar	3e-05	0.5	01050	True	-50218259.312875114	-5677631.44764202	-515060.4564525671
ytar	3e-05	0.5	00150	False	148294464.37226743	-0.0	0.0
ytar	3e-05	0.5	00060	True	18456528.882759545	-7110061.5898923	-97643884.54139204
yptar	0.0001	0.1	00000	True	0.0005197054626040346	0.0005063291439596261	0.0005303922764553688
yptar	0.0001	0.1	10000	True	-0.00524476204756576	-0.005256646585552857	-0.0045378897292651125
yptar	0.0001	0.1	01000	True	0.038212943524555905	0.033728414497798245	0.033211212073926716
yptar	0.0001	0.1	00100	True	0.277670287564914	0.2821842132327636	0.2776267208161781
yptar	0.0001	0.1	00010	True	-2.3454571338707084	-2.386098032983205	-2.3455182422816407
yptar	0.0001	0.1	20000	True	0.006460580970996801	0.004428296475615565	0.006815990911728361
yptar	0.0001	0.1	11000	True	0.06555420396029822	0.02188508672246636	0.04956067004720706
yptar	0.0001	0.1	02000	True	-0.6218576856695096	-0.2259372559758895	-0.6014167485730242
yptar	0.0001	0.1	10100	True	-0.4058649187169478	-0.34546884823597546	-0.4267406963347208
yptar	0.0001	0.1	01100	True	0.1024385084606565	-0.3069592340726498	0.1882185634348631
yptar	0.0001	0.1	00200	True	-0.007571532316235316	-0.03712281303028086	-0.08703276438988156
yptar	0.0001	0.1	10010	True	5.103223809715458	5.153135738009711	5.593501597468478
yptar	0.0001	0.1	01010	True	3.074928016115032	3.6925433912290226	0.8237258531989432
yptar	0.0001	0.1	00110	True	0.041341756529788554	0.5055651805938229	0.6281546163869163
yptar	0.0001	0.1	00020	True	-1.6807709355995397	0.652855396630119	0.8380889429437137
yptar	0.0001	0.1	30000	True	-0.050537739438494725	-0.007307956229766487	-0.062190403444897444
yptar	0.0001	0.1	21000	True	0.0604875194498648	-0.17446520857124517	0.27130080770019893
yptar	0.0001	0.1	12000	True	4.636669846287895	1.489322425538348	0.15433187666166953
yptar	0.0001	0.1	03000	False	-22.45715767521417	0.0	0.0
yptar	0.0001	0.1	20100	True	1.2322471988778616	0.35570078712956504	0.9388476908863438
yptar	0.0001	0.1	11100	True	-13.27558261509916	-2.4617644572878414	-9.921726808092997
yptar	0.0001	0.1	02100	True	27.787054683477844	-3.1207401162137263	22.02000444237673
yptar	0.0001	0.1	10200	True	-0.49938842138342143	0.18937611791903242	0.2456040107445104
yptar	0.0001	0.1	01200	True	1.9979573747571693	0.4654211287047937	3.2771379084496077
yptar	0.0001	0.1	00300	True	0.05060633387272959	0.30413576059518077	1.4288060890328997
yptar	0.0001	0.1	20010	True	-17.06491112839328	-8.895637891233829	-14.273436680972358
yptar	0.0001	0.1	11010	True	184.19220995703296	89.98453541656681	155.11408829419233
yptar	0.0001	0.1	02010	True	-399.75179262504366	-127.92590393856527	-339.63935350576895
yptar	0.0001	0.1	10110	False	5.344794318414791	-0.0	0.0
yptar	0.0001	0.1	01110	True	-50.85264567684989	-45.90435903642233	-67.91606625898395
yptar	0.0001	0.1	00210	True	6.867317885159859	-8.406315378848259	-21.809214907816063
yptar	0.0001	0.1	10020	True	18.238530263029354	24.31178727541548	12.144336137721835
yptar	0.0001	0.1	01020	True	-33.13057279843548	-8.018260090544075	28.953850928148675
yptar	0.0001	0.1	00120	True	165.85113643479895	180.30078756804033	299.8817371420412
yptar	0.0001	0.1	00030	True	-1134.4961556416329	-991.059906906847	-1336.2205192319518
yptar	0.0001	0.1	40000	True	-0.045456200622579594	0.014627706884407045	-0.04128364364976432
yptar	0.0001	0.1	31000	True	-1.4367391522481203	0.18973484344212263	1.583355634589443
yptar	0.0001	0.1	22000	False	69.66917654634915	-0.0	0.0
yptar	0.0001	0.1	13000	True	-726.8350463411091	-9.931345927435462	-212.47139551297954
yptar	0.0001	0.1	04000	True	2144.117873026549	-115.01337252115138	951.312193185931
yptar	0.0001	0.1	30100	False	-2.3127182396733037	0.0	0.0
yptar	0.0001	0.1	21100	True	23.926251275401768	-5.836375013376578	-12.763063179320952
yptar	0.0001	0.1	12100	True	-27.046075819437775	-14.93277601515185	193.04067826441403
yptar	0.0001	0.1	03100	True	-323.3465284129709	315.0301778537871	-778.4334971094081
yptar	0.0001	0.1	20200	True	-2.538318417584466	-0.46045947540661664	-0.7790383417989409
yptar	0.0001	0.1	11200	False	32.78784035344713	0.0	0.0
yptar	0.0001	0.1	02200	False	-137.45347217234394	0.0	0.0
yptar	0.0001	0.1	10300	False	12.863188224546006	0.0	0.0
yptar	0.0001	0.1	01300	True	-5.715193576694745	5.306634399273811	-15.247778517347726
yptar	0.0001	0.1	00400	True	14.441630448613303	0.39834750588780166	1.3063561817235314
yptar	0.0001	0.1	30010	True	35.86593794346304	4.610721441402884	8.339679567441884
yptar	0.0001	0.1	21010	False	-402.56711508017275	-0.0	0.0
yptar	0.0001	0.1	12010	True	485.6922766809392	-132.0628684967137	-1460.276926131428
yptar	0.0001	0.1	03010	True	5736.144822881401	370.7896807536018	8389.428142666373
yptar	0.0001	0.1	20110	False	-16.131260262740312	-0.0	0.0
yptar	0.0001	0.1	11110	True	14.462909739751513	29.66699648881795	181.12044943935558
yptar	0.0001	0.1	02110	True	1477.5005361736744	743.1197830849858	711.6121370544091
yptar	0.0001	0.1	10210	True	-122.03279707288647	-4.041501601932333	41.6596179999225
yptar	0.0001	0.1	01210	True	-210.51095169011495	-128.02670115189213	-58.05418444056519
yptar	0.0001	0.1	00310	False	119.4660919022722	0.0	0.0
yptar	0.0001	0.1	20020	False	563.9520810923544	0.0	0.0
yptar	0.0001	0.1	11020	True	-7716.68228914021	-134.71112159275526	-1362.6219895017
yptar	0.0001	0.1	02020	True	20982.784704515234	-8365.47533638938	-7338.964680481858
yptar	0.0001	0.1	10120	True	1216.517019626627	207.45996129999864	364.937727672193
yptar	0.0001	0.1	01120	True	-587.4211739443566	11.996653869794848	553.5760050170601
yptar	0.0001	0.1	00220	True	-3295.6540353323276	194.8600717376088	351.8485094743117
yptar	0.0001	0.1	10030	True	4039.4697558264675	782.8328077587901	-1057.340606095618
yptar	0.0001	0.1	01030	True	-8200.09120529437	-1321.1556778327113	15345.885966356138
yptar	0.0001	0.1	00130	False	11487.778841833337	0.0	0.0
yptar	0.0001	0.1	00040	True	31984.027149482263	-885.273219965583	-5498.36232672739
yptar	0.0001	0.1	50000	True	2.0966677138848584	0.13977706099539744	1.018926335268327
yptar	0.0001	0.1	41000	True	-57.816106044354285	-0.5106576556615818	-10.031894132024263
yptar	0.0001	0.1	32000	True	678.5288950314344	-5.224535158442364	-8.97809602134761
yptar	0.0001	0.1	23000	False	-3856.513740693404	-0.0	0.0
yptar	0.0001	0.1	14000	True	8667.004573334405	203.15065519372357	4821.617519985882
yptar	0.0001	0.1	05000	True	518.8161866612531	45.00598644706743	-20449.66718417111
yptar	0.0001	0.1	40100	True	-1.8811437006763105	0.7771609490592204	0.8944239856401819
yptar	0.0001	0.1	31100	False	71.03899197772644	-0.0	0.0
yptar	0.0001	0.1	22100	False	-988.2072612137032	-0.0	0.0
yptar	0.0001	0.1	13100	True	5886.6613899825015	-46.823895385639254	-1420.2494542695986
yptar	0.0001	0.1	04100	True	-12185.58697414796	-3982.416574196125	5834.909947156613
yptar	0.0001	0.1	30200	True	30.227406517960787	1.2468862374654446	0.1785980921150143
yptar	0.0001	0.1	21200	False	-100.51491334636633	-0.0	0.0
yptar	0.0001	0.1	12200	False	-2598.8753776385543	-0.0	0.0
yptar	0.0001	0.1	03200	False	14714.413791104438	-0.0	0.0
yptar	0.0001	0.1	20300	True	-35.71080098298002	0.5636441045123415	-0.910229562551922
yptar	0.0001	0.1	11300	False	-13.570308448385799	0.0	0.0
yptar	0.0001	0.1	02300	True	549.7111367380842	13.163312584288489	13.158711717801257
yptar	0.0001	0.1	10400	False	-81.63231521866442	0.0	0.0
yptar	0.0001	0.1	01400	True	51.40315165311961	-13.624967805828923	-125.36571679979997
yptar	0.0001	0.1	00500	True	-119.43301147449168	-20.09950200400476	-68.44742064927705
yptar	0.0001	0.1	40010	True	16.79881614060133	-12.140579281000406	12.680966459856798
yptar	0.0001	0.1	31010	True	-960.1084967263216	4.339811310273334	-794.2717589272345
yptar	0.0001	0.1	22010	True	16563.37264413579	492.16598616119796	10134.506297495926
yptar	0.0001	0.1	13010	True	-109475.9472890098	1355.2313461898827	-36474.24512060831
yptar	0.0001	0.1	04010	False	229469.13895530964	-0.0	0.0
yptar	0.0001	0.1	30110	True	-224.80795400517903	-5.703340519552009	-11.580944422878588
yptar	0.0001	0.1	21110	False	-648.7204095633177	-0.0	0.0
yptar	0.0001	0.1	12110	False	34239.19659002091	0.0	0.0
yptar	0.0001	0.1	03110	True	-144427.16972124783	1476.1841037461359	1734.9478323944095
yptar	0.0001	0.1	20210	False	672.799402123216	-0.0	0.0
yptar	0.0001	0.1	11210	False	5104.958177128506	-0.0	0.0
yptar	0.0001	0.1	02210	False	-45503.187988358266	-0.0	0.0
yptar	0.0001	0.1	10310	False	973.3900554826824	0.0	0.0
yptar	0.0001	0.1	01310	True	-6936.44256518965	-248.24830453647712	-35.21964183344618
yptar	0.0001	0.1	00410	False	-1482.7039863826747	-0.0	0.0
yptar	0.0001	0.1	30020	True	100.09630185483614	-8.2361397702458	51.63868224016035
yptar	0.0001	0.1	21020	False	185.76633525830024	-0.0	0.0
yptar	0.0001	0.1	12020	False	-11460.183667432586	0.0	0.0
yptar	0.0001	0.1	03020	False	11672.839569015578	-0.0	0.0
yptar	0.0001	0.1	20120	False	-3195.762028690225	0.0	0.0
yptar	0.0001	0.1	11120	False	-48433.72523753726	0.0	0.0
yptar	0.0001	0.1	02120	False	414805.8296723118	0.0	0.0
yptar	0.0001	0.1	10220	False	9352.45776894342	0.0	0.0
yptar	0.0001	0.1	01220	True	97460.33305863352	-545.845949904563	21504.95203211631
yptar	0.0001	0.1	00320	True	53028.33759346795	440.3978830104724	4286.334358887034
yptar	0.0001	0.1	20030	False	31119.31520100125	-0.0	0.0
yptar	0.0001	0.1	11030	True	151568.0623994125	12944.435738175347	148955.15340175317
yptar	0.0001	0.1	02030	False	-1393689.9550851271	-0.0	0.0
yptar	0.0001	0.1	10130	False	-98225.60681437355	0.0	0.0
yptar	0.0001	0.1	01130	True	-486236.0556901311	-21576.617083197896	-191727.33546687505
yptar	0.0001	0.1	00230	False	-406850.9612580355	0.0	0.0
yptar	0.0001	0.1	10040	True	127416.80485018998	35717.840213009906	94347.97891245874
yptar	0.0001	0.1	01040	False	783387.5495636154	-0.0	0.0
yptar	0.0001	0.1	00140	True	1265361.2266453109	26763.391289855557	-18088.696813517254
yptar	0.0001	0.1	00050	False	-1278672.5143497535	0.0	0.0
yptar	0.0001	0.1	60000	True	-5.498673038234841	-0.31281991330368586	-1.2785967332244803
yptar	0.0001	0.1	51000	False	273.25467078949407	0.0	0.0
yptar	0.0001	0.1	42000	True	-6409.000686061935	5.400082161772974	193.27038130475785
yptar	0.0001	0.1	33000	True	81755.97537230968	112.86898386320088	-796.2321141279476
yptar	0.0001	0.1	24000	False	-581827.2341018579	0.0	0.0
yptar	0.0001	0.1	15000	False	2202669.491548974	0.0	0.0
yptar	0.0001	0.1	06000	False	-3483230.3308690195	-0.0	0.0
yptar	0.0001	0.1	50100	True	11.080492359013538	0.40815264389516115	-3.787652856848409
yptar	0.0001	0.1	41100	False	-238.04136018804516	0.0	0.0
yptar	0.0001	0.1	32100	True	2444.499478271969	37.98142824078094	1733.5891906953336
yptar	0.0001	0.1	23100	True	-11516.619087553221	386.35253129100715	-24952.91205792468
yptar	0.0001	0.1	14100	True	23160.451736699873	1855.953794791655	144532.96976651298
yptar	0.0001	0.1	05100	True	40748.147662682	8708.07277146988	-258180.0169330939
yptar	0.0001	0.1	40200	True	-81.04934136569379	-2.927822819473912	0.4307758411694779
yptar	0.0001	0.1	31200	False	1292.0315468902077	0.0	0.0
yptar	0.0001	0.1	22200	False	-14101.058860559511	-0.0	0.0
yptar	0.0001	0.1	13200	False	119240.09723821287	-0.0	0.0
yptar	0.0001	0.1	04200	True	-393469.38968609995	-1556.530253515929	-13994.433268679586
yptar	0.0001	0.1	30300	False	19.31484950729134	-0.0	0.0
yptar	0.0001	0.1	21300	False	141.76114156437956	0.0	0.0
yptar	0.0001	0.1	12300	False	-3811.3112873560262	0.0	0.0
yptar	0.0001	0.1	03300	False	1876.5313396402125	0.0	0.0
yptar	0.0001	0.1	20400	False	85.26051989698372	-0.0	0.0
yptar	0.0001	0.1	11400	True	709.714508657849	12.860247255508426	67.57419645119322
yptar	0.0001	0.1	02400	True	-5157.605756084573	154.47278512713615	474.2691245071013
yptar	0.0001	0.1	10500	True	207.9413204768865	27.827882118572923	53.65835230452178
yptar	0.0001	0.1	01500	True	1412.2053161766632	142.1053532379736	1097.6779530430908
yptar	0.0001	0.1	00600	True	-4.495385584668915	4.100374618220422	60.74491444643189
yptar	0.0001	0.1	50010	True	-71.70529891604627	8.716253568206596	19.249507525519494
yptar	0.0001	0.1	41010	False	-645.0259198249057	-0.0	0.0
yptar	0.0001	0.1	32010	True	62675.4168420806	-641.687271030505	3238.7910678649396
yptar	0.0001	0.1	23010	True	-940856.3304304926	-11424.711725972638	-72775.10352156355
yptar	0.0001	0.1	14010	True	5421067.905765587	-23214.245831115175	179271.9854804016
yptar	0.0001	0.1	05010	False	-11655553.483274078	0.0	0.0
yptar	0.0001	0.1	40110	False	357.71513381678494	-0.0	0.0
yptar	0.0001	0.1	31110	False	9459.035496608038	0.0	0.0
yptar	0.0001	0.1	22110	True	-169044.1825611238	570.5876337545878	-21816.022365647746
yptar	0.0001	0.1	13110	True	499700.7405739275	3110.7912164379773	154987.37060633808
yptar	0.0001	0.1	04110	True	803866.254839206	74360.88303330638	907.3138371939613
yptar	0.0001	0.1	30210	True	-1342.1272301072174	-23.371400705344993	-138.87615201866322
yptar	0.0001	0.1	21210	False	-3460.269356952264	-0.0	0.0
yptar	0.0001	0.1	12210	False	30925.435874763716	-0.0	0.0
yptar	0.0001	0.1	03210	True	151987.17415649837	-32928.234287213985	-178563.51494964736
yptar	0.0001	0.1	20310	True	-1540.887982158463	-44.12968110238418	-266.9150529879667
yptar	0.0001	0.1	11310	False	-16988.03904491482	0.0	0.0
yptar	0.0001	0.1	02310	False	113466.7427695584	0.0	0.0
yptar	0.0001	0.1	10410	False	-498.0379032684608	-0.0	0.0
yptar	0.0001	0.1	01410	True	36484.9333470631	-489.8320051842763	7627.2513562101185
yptar	0.0001	0.1	00510	False	1437.768777310305	-0.0	0.0
yptar	0.0001	0.1	40020	True	-5173.037536254835	411.6708669187861	336.2446159388701
yptar	0.0001	0.1	31020	True	96654.91583620713	1302.1834699333215	8332.8359375194
yptar	0.0001	0.1	22020	False	-1064944.5758843	0.0	0.0
yptar	0.0001	0.1	13020	False	7953089.185965586	-0.0	0.0
yptar	0.0001	0.1	04020	True	-25268844.3283542	-1204240.9506388698	-2392653.281633029
yptar	0.0001	0.1	30120	False	26297.321920797276	0.0	0.0
yptar	0.0001	0.1	21120	False	-73821.42701489195	0.0	0.0
yptar	0.0001	0.1	12120	False	-154202.82247899254	0.0	0.0
yptar	0.0001	0.1	03120	True	1078677.6528285777	29942.09627014379	2232923.0930514038
yptar	0.0001	0.1	20220	False	-185.60837273003696	-0.0	0.0
yptar	0.0001	0.1	11220	False	-55029.37663206761	0.0	0.0
yptar	0.0001	0.1	02220	False	-1164022.0314296714	-0.0	0.0
yptar	0.0001	0.1	10320	True	-176276.2575282921	-2266.2401775791504	-29295.8073391817
yptar	0.0001	0.1	01320	True	-795475.3505286126	-3032.7796817163558	-387244.5057610969
yptar	0.0001	0.1	00420	True	52717.237426924265	-924.056553659217	-14604.390216807189
yptar	0.0001	0.1	30030	True	-169457.5900496746	667.3255837094914	40934.267147297825
yptar	0.0001	0.1	21030	True	2056317.275838724	3121.4239478096288	-1223432.191599503
yptar	0.0001	0.1	12030	True	-5571856.392518675	164811.59141962405	15265995.46188456
yptar	0.0001	0.1	03030	True	-13123365.306732709	2656191.1536348183	-54608395.32808888
yptar	0.0001	0.1	20130	True	734076.0821658028	-2932.0917610065035	-8317.612540832013
yptar	0.0001	0.1	11130	False	-4943362.251040457	-0.0	0.0
yptar	0.0001	0.1	02130	False	36871668.78364416	-0.0	0.0
yptar	0.0001	0.1	10230	True	2134651.3047057516	-35197.49333393968	162591.1808676217
yptar	0.0001	0.1	01230	True	3994184.873210899	-20819.41632676743	2430217.7987665567
yptar	0.0001	0.1	00330	True	-2357960.084475068	-16598.501598086215	61648.792252534484
yptar	0.0001	0.1	20040	True	-6061552.475823087	-37464.943081769205	125936.57514961937
yptar	0.0001	0.1	11040	False	59112682.282678075	-0.0	0.0
yptar	0.0001	0.1	02040	True	-299382589.9267909	-3604527.0560716693	-7593668.987673065
yptar	0.0001	0.1	10140	False	-4647443.164569136	-0.0	0.0
yptar	0.0001	0.1	01140	False	-16412588.189060448	0.0	0.0
yptar	0.0001	0.1	00240	False	22980614.731783025	-0.0	0.0
yptar	0.0001	0.1	10050	False	-16508956.373457508	0.0	0.0
yptar	0.0001	0.1	01050	True	96453945.08182508	5023623.974650136	-16479669.857445104
yptar	0.0001	0.1	00150	False	-54513088.60599888	-0.0	0.0
yptar	0.0001	0.1	00060	False	-101546460.80714338	-0.0	0.0
yptar	3e-05	0.1	00000	True	0.0005197054626040346	0.0005135476365053927	0.0004965494010275378
yptar	3e-05	0.1	10000	True	-0.00524476204756576	-0.005205700725702491	-0.005645437500782164
yptar	3e-05	0.1	01000	True	0.038212943524555905	0.03545302869168186	0.04198439611391351
yptar	3e-05	0.1	00100	True	0.277670287564914	0.2817706732567653	0.2771898340575628
yptar	3e-05	0.1	00010	True	-2.3454571338707084	-2.3705653830639775	-2.3501443442308063
yptar	3e-05	0.1	20000	True	0.006460580970996801	0.004440328449932876	0.01642336189842106
yptar	3e-05	0.1	11000	True	0.06555420396029822	0.030028856197895	-0.12035247296238961
yptar	3e-05	0.1	02000	True	-0.6218576856695096	-0.26540948839406664	0.16216295611148304
yptar	3e-05	0.1	10100	True	-0.4058649187169478	-0.38144402422066753	-0.4199938812226533
yptar	3e-05	0.1	01100	True	0.1024385084606565	-0.15000995437255193	0.11248586424567923
yptar	3e-05	0.1	00200	True	-0.007571532316235316	-0.06691287745644503	-0.0794015044258006
yptar	3e-05	0.1	10010	True	5.103223809715458	5.3655649770803375	5.271221960122315
yptar	3e-05	0.1	01010	True	3.074928016115032	3.0262705711436015	2.8374555463316082
yptar	3e-05	0.1	00110	True	0.041341756529788554	0.5739478290098409	0.4077093942998333
yptar	3e-05	0.1	00020	True	-1.6807709355995397	0.969100661638184	1.5884229361888775
yptar	3e-05	0.1	30000	True	-0.050537739438494725	-0.01771235681036353	-0.003107245714613517
yptar	3e-05	0.1	21000	True	0.0604875194498648	-0.22792849634186257	-0.902352980488941
yptar	3e-05	0.1	12000	True	4.636669846287895	3.140674437352524	10.445281227698914
yptar	3e-05	0.1	03000	True	-22.45715767521417	-8.271927954507499	-35.61002540772189
yptar	3e-05	0.1	20100	True	1.2322471988778616	0.598861157699859	1.1439184876140223
yptar	3e-05	0.1	11100	True	-13.27558261509916	-5.400153202695732	-12.4477162269548
yptar	3e-05	0.1	02100	True	27.787054683477844	3.6313599573846904	25.930662228474382
yptar	3e-05	0.1	10200	True	-0.49938842138342143	0.19740296146581424	-0.045212813213430895
yptar	3e-05	0.1	01200	True	1.9979573747571693	2.229497798085437	4.561357398795934
yptar	3e-05	0.1	00300	True	0.05060633387272959	0.5914790045254593	1.262437139211759
yptar	3e-05	0.1	20010	True	-17.06491112839328	-11.33374767737472	-15.301202399128732
yptar	3e-05	0.1	11010	True	184.19220995703296	121.69812027577174	165.23262770247155
yptar	3e-05	0.1	02010	True	-399.75179262504366	-226.99718730281052	-324.65103970236703
yptar	3e-05	0.1	10110	True	5.344794318414791	-0.45930595100271243	0.9671473382789447
yptar	3e-05	0.1	01110	True	-50.85264567684989	-60.845548170822916	-75.0600528173877
yptar	3e-05	0.1	00210	True	6.867317885159859	-11.78042588170332	-9.108079273606938
yptar	3e-05	0.1	10020	True	18.238530263029354	22.89688330501657	18.63262521125235
yptar	3e-05	0.1	01020	False	-33.13057279843548	-0.0	0.0
yptar	3e-05	0.1	00120	True	165.85113643479895	219.7688525514452	243.56186816118634
yptar	3e-05	0.1	00030	True	-1134.4961556416329	-1124.3131057700127	-1240.3708640798382
yptar	3e-05	0.1	40000	True	-0.045456200622579594	0.012838171838879222	-0.4663071287893019
yptar	3e-05	0.1	31000	True	-1.4367391522481203	0.8116348946326787	14.832247513764395
yptar	3e-05	0.1	22000	True	69.66917654634915	-6.791700083267046	-157.27496480255715
yptar	3e-05	0.1	13000	True	-726.8350463411091	-17.307720350032607	641.7037840449713
yptar	3e-05	0.1	04000	True	2144.117873026549	37.175539732849174	-842.4776831500146
yptar	3e-05	0.1	30100	True	-2.3127182396733037	-0.10455141354742692	-1.6063376854617877
yptar	3e-05	0.1	21100	True	23.926251275401768	-3.6972921580445304	16.178639009032178
yptar	3e-05	0.1	12100	False	-27.046075819437775	-0.0	0.0
yptar	3e-05	0.1	03100	True	-323.3465284129709	178.79453907169207	-268.40742038570863
yptar	3e-05	0.1	20200	True	-2.538318417584466	-0.6667241424838916	-0.886710969238677
yptar	3e-05	0.1	11200	False	32.78784035344713	0.0	0.0
yptar	3e-05	0.1	02200	False	-137.45347217234394	-0.0	0.0
yptar	3e-05	0.1	10300	True	12.863188224546006	0.3125510521261824	4.025026536602067
yptar	3e-05	0.1	01300	True	-5.715193576694745	3.186769945355489	-13.584154416927271
yptar	3e-05	0.1	00400	True	14.441630448613303	0.653631178037878	1.9857161620584796
yptar	3e-05	0.1	30010	True	35.86593794346304	7.601010418776719	30.013021245867105
yptar	3e-05	0.1	21010	True	-402.56711508017275	-37.39067042997414	-424.55653821552573
yptar	3e-05	0.1	12010	True	485.6922766809392	-252.61532835376138	1740.4984751082459
yptar	3e-05	0.1	03010	True	5736.144822881401	1619.8152897625164	-660.8637785905646
yptar	3e-05	0.1	20110	False	-16.131260262740312	-0.0	0.0
yptar	3e-05	0.1	11110	True	14.462909739751513	73.28861561504868	111.42313996156143
yptar	3e-05	0.1	02110	True	1477.5005361736744	886.7966737371698	1288.4293761352028
yptar	3e-05	0.1	10210	False	-122.03279707288647	0.0	0.0
yptar	3e-05	0.1	01210	True	-210.51095169011495	-76.69168905878098	-382.27365705129773
yptar	3e-05	0.1	00310	False	119.4660919022722	0.0	0.0
yptar	3e-05	0.1	20020	False	563.9520810923544	0.0	0.0
yptar	3e-05	0.1	11020	True	-7716.68228914021	-587.8816535487514	-628.9210261437996
yptar	3e-05	0.1	02020	True	20982.784704515234	-9462.604628716515	-12990.759138165347
yptar	3e-05	0.1	10120	True	1216.517019626627	415.1618496483061	1593.671250874491
yptar	3e-05	0.1	01120	True	-587.4211739443566	520.5631116267938	-847.6782467894926
yptar	3e-05	0.1	00220	True	-3295.6540353323276	304.04594125713464	313.45962231972396
yptar	3e-05	0.1	10030	True	4039.4697558264675	241.45488273643272	-1289.3203671405913
yptar	3e-05	0.1	01030	True	-8200.09120529437	-4259.427541739026	14119.194047820049
yptar	3e-05	0.1	00130	True	11487.778841833337	205.27394250088446	1137.5483962940607
yptar	3e-05	0.1	00040	True	31984.027149482263	-6469.027781219938	-11551.179606907279
yptar	3e-05	0.1	50000	True	2.0966677138848584	0.3136426412789987	1.254462237091024
yptar	3e-05	0.1	41000	True	-57.816106044354285	-1.9438996003931086	-25.51586816486769
yptar	3e-05	0.1	32000	True	678.5288950314344	-6.911510324466444	172.4637739943115
yptar	3e-05	0.1	23000	False	-3856.513740693404	0.0	0.0
yptar	3e-05	0.1	14000	True	8667.004573334405	621.4721264637284	-4376.586428189983
yptar	3e-05	0.1	05000	True	518.8161866612531	-643.5139916191412	15152.280986124408
yptar	3e-05	0.1	40100	True	-1.8811437006763105	0.649690313799066	0.4111693518562663
yptar	3e-05	0.1	31100	False	71.03899197772644	0.0	0.0
yptar	3e-05	0.1	22100	False	-988.2072612137032	-0.0	0.0
yptar	3e-05	0.1	13100	True	5886.6613899825015	-122.09775794306864	-523.172594644631
yptar	3e-05	0.1	04100	True	-12185.58697414796	-2046.9569379146487	2801.1611655117904
yptar	3e-05	0.1	30200	True	30.227406517960787	1.9690473284693801	6.119882983151886
yptar	3e-05	0.1	21200	False	-100.51491334636633	-0.0	0.0
yptar	3e-05	0.1	12200	True	-2598.8753776385543	-77.03317896102044	-360.2049762932698
yptar	3e-05	0.1	03200	False	14714.413791104438	-0.0	0.0
yptar	3e-05	0.1	20300	True	-35.71080098298002	1.208842847368025	-8.673963535697617
yptar	3e-05	0.1	11300	True	-13.570308448385799	-7.143672794036792	22.58114909903031
yptar	3e-05	0.1	02300	False	549.7111367380842	-0.0	0.0
yptar	3e-05	0.1	10400	True	-81.63231521866442	-2.7078090415740492	-10.235209427586375
yptar	3e-05	0.1	01400	True	51.40315165311961	-35.24220268319654	-5.919834129833624
yptar	3e-05	0.1	00500	True	-119.43301147449168	-33.44783888311416	-96.80735813422595
yptar	3e-05	0.1	40010	True	16.79881614060133	-11.505934276757927	-40.29529958708729
yptar	3e-05	0.1	31010	True	-960.1084967263216	13.85622435788101	645.8685068178017
yptar	3e-05	0.1	22010	True	16563.37264413579	484.68947549844586	-2776.6265173302318
yptar	3e-05	0.1	13010	False	-109475.9472890098	0.0	0.0
yptar	3e-05	0.1	04010	True	229469.13895530964	-6783.125338319106	-12571.09565251514
yptar	3e-05	0.1	30110	True	-224.80795400517903	-15.007791330624771	-36.699049645086305
yptar	3e-05	0.1	21110	False	-648.7204095633177	-0.0	0.0
yptar	3e-05	0.1	12110	True	34239.19659002091	142.02348162957554	-1190.9935649364527
yptar	3e-05	0.1	03110	True	-144427.16972124783	6151.827979998577	29458.350884793344
yptar	3e-05	0.1	20210	True	672.799402123216	28.836661550478226	157.02552736368574
yptar	3e-05	0.1	11210	False	5104.958177128506	-0.0	0.0
yptar	3e-05	0.1	02210	True	-45503.187988358266	-975.8154754791225	-10546.068819307202
yptar	3e-05	0.1	10310	False	973.3900554826824	0.0	0.0
yptar	3e-05	0.1	01310	False	-6936.44256518965	-0.0	0.0
yptar	3e-05	0.1	00410	False	-1482.7039863826747	0.0	0.0
yptar	3e-05	0.1	30020	True	100.09630185483614	-56.768431214416196	-204.02825085746568
yptar	3e-05	0.1	21020	False	185.76633525830024	-0.0	0.0
yptar	3e-05	0.1	12020	True	-11460.183667432586	1039.9298377186817	34815.35031180613
yptar	3e-05	0.1	03020	True	11672.839569015578	-23357.087180607625	-209091.0992044918
yptar	3e-05	0.1	20120	False	-3195.762028690225	0.0	0.0
yptar	3e-05	0.1	11120	False	-48433.72523753726	0.0	0.0
yptar	3e-05	0.1	02120	True	414805.8296723118	21633.955805394187	121421.97779489351
yptar	3e-05	0.1	10220	True	9352.45776894342	292.04610867890153	1953.6474046554995
yptar	3e-05	0.1	01220	False	97460.33305863352	-0.0	0.0
yptar	3e-05	0.1	00320	True	53028.33759346795	1251.4849125695189	6498.884130155368
yptar	3e-05	0.1	20030	True	31119.31520100125	1182.6041666962321	30976.06779252832
yptar	3e-05	0.1	11030	True	151568.0623994125	52167.25187163465	50161.55208738757
yptar	3e-05	0.1	02030	True	-1393689.9550851271	-16723.338105446477	-788395.620672564
yptar	3e-05	0.1	10130	False	-98225.60681437355	0.0	0.0
yptar	3e-05	0.1	01130	True	-486236.0556901311	-43752.1068326535	-81009.78678675268
yptar	3e-05	0.1	00230	False	-406850.9612580355	0.0	0.0
yptar	3e-05	0.1	10040	True	127416.80485018998	52681.25960278868	50171.65437070935
yptar	3e-05	0.1	01040	False	783387.5495636154	0.0	0.0
yptar	3e-05	0.1	00140	True	1265361.2266453109	24404.005286794494	-14670.865426429804
yptar	3e-05	0.1	00050	False	-1278672.5143497535	0.0	0.0
yptar	3e-05	0.1	60000	True	-5.498673038234841	-0.5612824944605674	-0.6683438473835704
yptar	3e-05	0.1	51000	False	273.25467078949407	0.0	0.0
yptar	3e-05	0.1	42000	True	-6409.000686061935	26.353447716825453	2.4870453893397655
yptar	3e-05	0.1	33000	True	81755.97537230968	146.1765243568371	569.3366167721814
yptar	3e-05	0.1	24000	False	-581827.2341018579	0.0	0.0
yptar	3e-05	0.1	15000	False	2202669.491548974	0.0	0.0
yptar	3e-05	0.1	06000	True	-3483230.3308690195	-19486.72830833063	-87413.87846815246
yptar	3e-05	0.1	50100	True	11.080492359013538	-0.28514191165847397	2.506176816548927
yptar	3e-05	0.1	41100	False	-238.04136018804516	0.0	0.0
yptar	3e-05	0.1	32100	True	2444.499478271969	107.28951466160197	-573.0450944608533
yptar	3e-05	0.1	23100	True	-11516.619087553221	688.8015880158816	5178.347598347773
yptar	3e-05	0.1	14100	False	23160.451736699873	0.0	0.0
yptar	3e-05	0.1	05100	True	40748.147662682	-382.57006793221495	-33699.55479032823
yptar	3e-05	0.1	40200	True	-81.04934136569379	-3.5353037290392306	-11.91458569658777
yptar	3e-05	0.1	31200	True	1292.0315468902077	9.88776886735924	98.04937908394959
yptar	3e-05	0.1	22200	False	-14101.058860559511	0.0	0.0
yptar	3e-05	0.1	13200	False	119240.09723821287	-0.0	0.0
yptar	3e-05	0.1	04200	True	-393469.38968609995	-4378.995434783752	2091.667273133743
yptar	3e-05	0.1	30300	True	19.31484950729134	-6.734248088618694	-10.675208654646896
yptar	3e-05	0.1	21300	False	141.76114156437956	0.0	0.0
yptar	3e-05	0.1	12300	True	-3811.3112873560262	47.79380638542151	-862.816535744699
yptar	3e-05	0.1	03300	False	1876.5313396402125	0.0	0.0
yptar	3e-05	0.1	20400	False	85.26051989698372	0.0	0.0
yptar	3e-05	0.1	11400	True	709.714508657849	61.319763150713314	-72.8532948467627
yptar	3e-05	0.1	02400	False	-5157.605756084573	0.0	0.0
yptar	3e-05	0.1	10500	True	207.9413204768865	45.99571748743745	155.1424138850578
yptar	3e-05	0.1	01500	True	1412.2053161766632	299.61771580671336	1088.4427029799313
yptar	3e-05	0.1	00600	True	-4.495385584668915	31.60819648125881	65.28245671842967
yptar	3e-05	0.1	50010	True	-71.70529891604627	14.636199733125599	4.257583859469127
yptar	3e-05	0.1	41010	False	-645.0259198249057	-0.0	0.0
yptar	3e-05	0.1	32010	True	62675.4168420806	-1413.4304849429523	-815.6120354076409
yptar	3e-05	0.1	23010	True	-940856.3304304926	-15615.137894336669	6675.9642872762315
yptar	3e-05	0.1	14010	True	5421067.905765587	-12742.970832234836	-356235.92490296735
yptar	3e-05	0.1	05010	True	-11655553.483274078	199273.0592778668	1357624.917021042
yptar	3e-05	0.1	40110	False	357.71513381678494	-0.0	0.0
yptar	3e-05	0.1	31110	False	9459.035496608038	0.0	0.0
yptar	3e-05	0.1	22110	False	-169044.1825611238	0.0	0.0
yptar	3e-05	0.1	13110	False	499700.7405739275	0.0	0.0
yptar	3e-05	0.1	04110	True	803866.254839206	96108.18784563224	-290977.3502812388
yptar	3e-05	0.1	30210	False	-1342.1272301072174	-0.0	0.0
yptar	3e-05	0.1	21210	False	-3460.269356952264	0.0	0.0
yptar	3e-05	0.1	12210	False	30925.435874763716	0.0	0.0
yptar	3e-05	0.1	03210	True	151987.17415649837	-65058.36847973962	118418.09629738632
yptar	3e-05	0.1	20310	True	-1540.887982158463	-158.1683799028437	-196.97954200044938
yptar	3e-05	0.1	11310	False	-16988.03904491482	0.0	0.0
yptar	3e-05	0.1	02310	False	113466.7427695584	-0.0	0.0
yptar	3e-05	0.1	10410	True	-498.0379032684608	-8.554831656651444	-629.9591566739513
yptar	3e-05	0.1	01410	True	36484.9333470631	-977.7336049311352	5827.110870159738
yptar	3e-05	0.1	00510	False	1437.768777310305	-0.0	0.0
yptar	3e-05	0.1	40020	True	-5173.037536254835	376.1904490931594	354.4458752662266
yptar	3e-05	0.1	31020	True	96654.91583620713	1419.8136808331724	2509.7058235835225
yptar	3e-05	0.1	22020	False	-1064944.5758843	-0.0	0.0
yptar	3e-05	0.1	13020	True	7953089.185965586	-84385.99769955613	-427413.52375118935
yptar	3e-05	0.1	04020	True	-25268844.3283542	-496327.5998488571	3673130.5846889415
yptar	3e-05	0.1	30120	False	26297.321920797276	-0.0	0.0
yptar	3e-05	0.1	21120	False	-73821.42701489195	0.0	0.0
yptar	3e-05	0.1	12120	True	-154202.82247899254	52273.18749449175	-256091.36499712302
yptar	3e-05	0.1	03120	True	1078677.6528285777	103500.10700627879	727726.8965347873
yptar	3e-05	0.1	20220	True	-185.60837273003696	-162.8721468555752	3314.920820661001
yptar	3e-05	0.1	11220	False	-55029.37663206761	0.0	0.0
yptar	3e-05	0.1	02220	False	-1164022.0314296714	-0.0	0.0
yptar	3e-05	0.1	10320	True	-176276.2575282921	-5234.038732003941	-56071.900489953725
yptar	3e-05	0.1	01320	True	-795475.3505286126	-27327.133605777053	-510760.4504379589
yptar	3e-05	0.1	00420	True	52717.237426924265	-3301.422591428725	-10529.04245835032
yptar	3e-05	0.1	30030	True	-169457.5900496746	952.612427669545	-18711.73679731855
yptar	3e-05	0.1	21030	True	2056317.275838724	61063.75455278859	1334599.1404565051
yptar	3e-05	0.1	12030	True	-5571856.392518675	687986.8198463309	-5502310.80161395
yptar	3e-05	0.1	03030	False	-13123365.306732709	0.0	0.0
yptar	3e-05	0.1	20130	False	734076.0821658028	-0.0	0.0
yptar	3e-05	0.1	11130	False	-4943362.251040457	0.0	0.0
yptar	3e-05	0.1	02130	False	36871668.78364416	-0.0	0.0
yptar	3e-05	0.1	10230	True	2134651.3047057516	-33940.36219042826	375462.0464041362
yptar	3e-05	0.1	01230	True	3994184.873210899	-70128.00200432345	4456121.865246752
yptar	3e-05	0.1	00330	True	-2357960.084475068	-29567.821990488854	4488.539287915644
yptar	3e-05	0.1	20040	True	-6061552.475823087	-914.4447234679858	-83198.45643654783
yptar	3e-05	0.1	11040	False	59112682.282678075	0.0	0.0
yptar	3e-05	0.1	02040	True	-299382589.9267909	-4072143.2097304454	-2969656.887153864
yptar	3e-05	0.1	10140	False	-4647443.164569136	-0.0	0.0
yptar	3e-05	0.1	01140	False	-16412588.189060448	0.0	0.0
yptar	3e-05	0.1	00240	False	22980614.731783025	-0.0	0.0
yptar	3e-05	0.1	10050	False	-16508956.373457508	0.0	0.0
yptar	3e-05	0.1	01050	True	96453945.08182508	23860117.74558552	-74921606.12039348
yptar	3e-05	0.1	00150	False	-54513088.60599888	0.0	0.0
yptar	3e-05	0.1	00060	True	-101546460.80714338	8998046.674123786	13239415.064394712
yptar	0.0001	0.5	00000	True	0.0005197054626040346	0.0004896787091481984	0.0005159416000516015
yptar	0.0001	0.5	10000	True	-0.00524476204756576	-0.005118186814298444	-0.005635690032005592
yptar	0.0001	0.5	01000	True	0.038212943524555905	0.031051245758735257	0.03442474025857326
yptar	0.0001	0.5	00100	True	0.277670287564914	0.28482585537688593	0.28113508519552555
yptar	0.0001	0.5	00010	True	-2.3454571338707084	-2.396916757249304	-2.362059434049986
yptar	0.0001	0.5	20000	True	0.006460580970996801	0.005090816990376719	0.004759228379637627
yptar	0.0001	0.5	11000	True	0.06555420396029822	0.018336459806903672	0.018614861154151566
yptar	0.0001	0.5	02000	True	-0.6218576856695096	-0.26627031644242755	-0.188850433239986
yptar	0.0001	0.5	10100	True	-0.4058649187169478	-0.34862500282356984	-0.4020237598559294
yptar	0.0001	0.5	01100	True	0.1024385084606565	-0.23472120851805145	0.038340856386126
yptar	0.0001	0.5	00200	True	-0.007571532316235316	-0.0088313898217616	-0.04103598799462737
yptar	0.0001	0.5	10010	True	5.103223809715458	5.18455304052485	5.523567705314545
yptar	0.0001	0.5	01010	True	3.074928016115032	3.3687628052198484	2.7486099500409873
yptar	0.0001	0.5	00110	True	0.041341756529788554	0.39249906632463744	0.4524882474934522
yptar	0.0001	0.5	00020	True	-1.6807709355995397	0.6771321922808584	0.5313228450472371
yptar	0.0001	0.5	30000	False	-0.050537739438494725	-0.0	0.0
yptar	0.0001	0.5	21000	True	0.0604875194498648	-0.07264279393601988	-0.05563381683402903
yptar	0.0001	0.5	12000	False	4.636669846287895	0.0	0.0
yptar	0.0001	0.5	03000	True	-22.45715767521417	5.200273542952094	4.9659408116814125
yptar	0.0001	0.5	20100	True	1.2322471988778616	0.2599847667871888	0.6461155675424136
yptar	0.0001	0.5	11100	True	-13.27558261509916	-0.9138076640243946	-4.967922140730782
yptar	0.0001	0.5	02100	True	27.787054683477844	-10.314500019209186	3.8682957224133685
yptar	0.0001	0.5	10200	True	-0.49938842138342143	0.08092926804989453	0.24750509746123459
yptar	0.0001	0.5	01200	False	1.9979573747571693	-0.0	0.0
yptar	0.0001	0.5	00300	True	0.05060633387272959	0.259678089936056	0.3484566109668317
yptar	0.0001	0.5	20010	True	-17.06491112839328	-9.010698670177296	-12.23246523506319
yptar	0.0001	0.5	11010	True	184.19220995703296	82.29117464375523	136.17800888936821
yptar	0.0001	0.5	02010	True	-399.75179262504366	-72.01099976364742	-261.58608408879707
yptar	0.0001	0.5	10110	False	5.344794318414791	0.0	0.0
yptar	0.0001	0.5	01110	True	-50.85264567684989	-35.271617504426324	-50.840755474214305
yptar	0.0001	0.5	00210	True	6.867317885159859	-6.49723623100798	-16.09663891483376
yptar	0.0001	0.5	10020	True	18.238530263029354	25.249421967838703	24.995527629607963
yptar	0.0001	0.5	01020	True	-33.13057279843548	-2.6228337721841686	-28.386145302912162
yptar	0.0001	0.5	00120	True	165.85113643479895	128.30565983973287	244.30228222062223
yptar	0.0001	0.5	00030	True	-1134.4961556416329	-870.8115589839274	-1194.9664346036234
yptar	0.0001	0.5	40000	False	-0.045456200622579594	0.0	0.0
yptar	0.0001	0.5	31000	True	-1.4367391522481203	0.09707802285891917	0.17225868026505498
yptar	0.0001	0.5	22000	False	69.66917654634915	0.0	0.0
yptar	0.0001	0.5	13000	False	-726.8350463411091	-0.0	0.0
yptar	0.0001	0.5	04000	True	2144.117873026549	-100.40532379526312	-154.73571190719537
yptar	0.0001	0.5	30100	False	-2.3127182396733037	0.0	0.0
yptar	0.0001	0.5	21100	True	23.926251275401768	-5.2884448299936855	-3.8406679664199945
yptar	0.0001	0.5	12100	False	-27.046075819437775	-0.0	0.0
yptar	0.0001	0.5	03100	True	-323.3465284129709	140.43257154441326	85.47410689607509
yptar	0.0001	0.5	20200	True	-2.538318417584466	-0.28428087600186797	-0.20278567284904558
yptar	0.0001	0.5	11200	False	32.78784035344713	0.0	0.0
yptar	0.0001	0.5	02200	True	-137.45347217234394	0.09448472090703035	-3.1804799109034936
yptar	0.0001	0.5	10300	False	12.863188224546006	0.0	0.0
yptar	0.0001	0.5	01300	False	-5.715193576694745	0.0	0.0
yptar	0.0001	0.5	00400	False	14.441630448613303	0.0	0.0
yptar	0.0001	0.5	30010	True	35.86593794346304	2.571765239602578	4.488485132356342
yptar	0.0001	0.5	21010	False	-402.56711508017275	-0.0	0.0
yptar	0.0001	0.5	12010	False	485.6922766809392	-0.0	0.0
yptar	0.0001	0.5	03010	False	5736.144822881401	0.0	0.0
yptar	0.0001	0.5	20110	False	-16.131260262740312	-0.0	0.0
yptar	0.0001	0.5	11110	False	14.462909739751513	0.0	0.0
yptar	0.0001	0.5	02110	True	1477.5005361736744	614.322367668678	1246.9773989924981
yptar	0.0001	0.5	10210	False	-122.03279707288647	-0.0	0.0
yptar	0.0001	0.5	01210	True	-210.51095169011495	-30.630505543449615	-172.4479542921505
yptar	0.0001	0.5	00310	False	119.4660919022722	0.0	0.0
yptar	0.0001	0.5	20020	False	563.9520810923544	0.0	0.0
yptar	0.0001	0.5	11020	False	-7716.68228914021	-0.0	0.0
yptar	0.0001	0.5	02020	True	20982.784704515234	-6254.343979608455	-13296.15231119927
yptar	0.0001	0.5	10120	True	1216.517019626627	4.824612458126371	319.2491038554377
yptar	0.0001	0.5	01120	False	-587.4211739443566	0.0	0.0
yptar	0.0001	0.5	00220	True	-3295.6540353323276	66.86262192821576	196.91403403959262
yptar	0.0001	0.5	10030	True	4039.4697558264675	719.3007314302299	-660.4562466037642
yptar	0.0001	0.5	01030	False	-8200.09120529437	0.0	0.0
yptar	0.0001	0.5	00130	False	11487.778841833337	0.0	0.0
yptar	0.0001	0.5	00040	False	31984.027149482263	0.0	0.0
yptar	0.0001	0.5	50000	False	2.0966677138848584	0.0	0.0
yptar	0.0001	0.5	41000	False	-57.816106044354285	-0.0	0.0
yptar	0.0001	0.5	32000	False	678.5288950314344	-0.0	0.0
yptar	0.0001	0.5	23000	False	-3856.513740693404	-0.0	0.0
yptar	0.0001	0.5	14000	False	8667.004573334405	-0.0	0.0
yptar	0.0001	0.5	05000	False	518.8161866612531	-0.0	0.0
yptar	0.0001	0.5	40100	True	-1.8811437006763105	0.3039286263897884	-0.0374206737524389
yptar	0.0001	0.5	31100	False	71.03899197772644	-0.0	0.0
yptar	0.0001	0.5	22100	False	-988.2072612137032	-0.0	0.0
yptar	0.0001	0.5	13100	False	5886.6613899825015	-0.0	0.0
yptar	0.0001	0.5	04100	True	-12185.58697414796	-2016.4650331293828	-4261.817032163494
yptar	0.0001	0.5	30200	True	30.227406517960787	0.7390090681739357	1.126115126789568
yptar	0.0001	0.5	21200	False	-100.51491334636633	-0.0	0.0
yptar	0.0001	0.5	12200	False	-2598.8753776385543	-0.0	0.0
yptar	0.0001	0.5	03200	False	14714.413791104438	0.0	0.0
yptar	0.0001	0.5	20300	False	-35.71080098298002	0.0	0.0
yptar	0.0001	0.5	11300	False	-13.570308448385799	0.0	0.0
yptar	0.0001	0.5	02300	True	549.7111367380842	53.58475550595422	346.7013549917594
yptar	0.0001	0.5	10400	False	-81.63231521866442	0.0	0.0
yptar	0.0001	0.5	01400	False	51.40315165311961	-0.0	0.0
yptar	0.0001	0.5	00500	True	-119.43301147449168	-8.57630320953776	-30.318522179668992
yptar	0.0001	0.5	40010	True	16.79881614060133	-1.827184389030675	-5.244032895397891
yptar	0.0001	0.5	31010	False	-960.1084967263216	0.0	0.0
yptar	0.0001	0.5	22010	False	16563.37264413579	0.0	0.0
yptar	0.0001	0.5	13010	False	-109475.9472890098	0.0	0.0
yptar	0.0001	0.5	04010	False	229469.13895530964	-0.0	0.0
yptar	0.0001	0.5	30110	False	-224.80795400517903	-0.0	0.0
yptar	0.0001	0.5	21110	False	-648.7204095633177	-0.0	0.0
yptar	0.0001	0.5	12110	False	34239.19659002091	-0.0	0.0
yptar	0.0001	0.5	03110	False	-144427.16972124783	0.0	0.0
yptar	0.0001	0.5	20210	False	672.799402123216	-0.0	0.0
yptar	0.0001	0.5	11210	False	5104.958177128506	-0.0	0.0
yptar	0.0001	0.5	02210	False	-45503.187988358266	-0.0	0.0
yptar	0.0001	0.5	10310	False	973.3900554826824	0.0	0.0
yptar	0.0001	0.5	01310	True	-6936.44256518965	-333.84860939134023	-477.306005302193
yptar	0.0001	0.5	00410	False	-1482.7039863826747	-0.0	0.0
yptar	0.0001	0.5	30020	False	100.09630185483614	-0.0	0.0
yptar	0.0001	0.5	21020	False	185.76633525830024	-0.0	0.0
yptar	0.0001	0.5	12020	False	-11460.183667432586	-0.0	0.0
yptar	0.0001	0.5	03020	False	11672.839569015578	0.0	0.0
yptar	0.0001	0.5	20120	False	-3195.762028690225	-0.0	0.0
yptar	0.0001	0.5	11120	False	-48433.72523753726	0.0	0.0
yptar	0.0001	0.5	02120	False	414805.8296723118	-0.0	0.0
yptar	0.0001	0.5	10220	False	9352.45776894342	0.0	0.0
yptar	0.0001	0.5	01220	False	97460.33305863352	-0.0	0.0
yptar	0.0001	0.5	00320	False	53028.33759346795	0.0	0.0
yptar	0.0001	0.5	20030	False	31119.31520100125	-0.0	0.0
yptar	0.0001	0.5	11030	False	151568.0623994125	-0.0	0.0
yptar	0.0001	0.5	02030	False	-1393689.9550851271	-0.0	0.0
yptar	0.0001	0.5	10130	False	-98225.60681437355	0.0	0.0
yptar	0.0001	0.5	01130	False	-486236.0556901311	-0.0	0.0
yptar	0.0001	0.5	00230	False	-406850.9612580355	0.0	0.0
yptar	0.0001	0.5	10040	False	127416.80485018998	0.0	0.0
yptar	0.0001	0.5	01040	False	783387.5495636154	-0.0	0.0
yptar	0.0001	0.5	00140	True	1265361.2266453109	66444.48559862339	83774.57934980933
yptar	0.0001	0.5	00050	False	-1278672.5143497535	0.0	0.0
yptar	0.0001	0.5	60000	True	-5.498673038234841	-0.07188476452884117	-0.12440524350584775
yptar	0.0001	0.5	51000	False	273.25467078949407	-0.0	0.0
yptar	0.0001	0.5	42000	False	-6409.000686061935	0.0	0.0
yptar	0.0001	0.5	33000	False	81755.97537230968	0.0	0.0
yptar	0.0001	0.5	24000	True	-581827.2341018579	305.06317449784007	539.6216034581948
yptar	0.0001	0.5	15000	False	2202669.491548974	0.0	0.0
yptar	0.0001	0.5	06000	False	-3483230.3308690195	0.0	0.0
yptar	0.0001	0.5	50100	True	11.080492359013538	1.7349071222709627	0.7639709136198387
yptar	0.0001	0.5	41100	False	-238.04136018804516	-0.0	0.0
yptar	0.0001	0.5	32100	False	2444.499478271969	-0.0	0.0
yptar	0.0001	0.5	23100	False	-11516.619087553221	-0.0	0.0
yptar	0.0001	0.5	14100	False	23160.451736699873	0.0	0.0
yptar	0.0001	0.5	05100	True	40748.147662682	30764.49397914961	54489.607121007
yptar	0.0001	0.5	40200	True	-81.04934136569379	-1.2139200823819978	-4.598939289124567
yptar	0.0001	0.5	31200	False	1292.0315468902077	-0.0	0.0
yptar	0.0001	0.5	22200	False	-14101.058860559511	0.0	0.0
yptar	0.0001	0.5	13200	False	119240.09723821287	0.0	0.0
yptar	0.0001	0.5	04200	False	-393469.38968609995	0.0	0.0
yptar	0.0001	0.5	30300	False	19.31484950729134	-0.0	0.0
yptar	0.0001	0.5	21300	False	141.76114156437956	-0.0	0.0
yptar	0.0001	0.5	12300	False	-3811.3112873560262	0.0	0.0
yptar	0.0001	0.5	03300	True	1876.5313396402125	84.96849996838186	-1262.3161197371453
yptar	0.0001	0.5	20400	False	85.26051989698372	-0.0	0.0
yptar	0.0001	0.5	11400	False	709.714508657849	0.0	0.0
yptar	0.0001	0.5	02400	True	-5157.605756084573	318.9330925599243	148.64387298968063
yptar	0.0001	0.5	10500	True	207.9413204768865	19.186495793804998	67.45389864342836
yptar	0.0001	0.5	01500	False	1412.2053161766632	0.0	0.0
yptar	0.0001	0.5	00600	False	-4.495385584668915	-0.0	0.0
yptar	0.0001	0.5	50010	False	-71.70529891604627	0.0	0.0
yptar	0.0001	0.5	41010	False	-645.0259198249057	-0.0	0.0
yptar	0.0001	0.5	32010	False	62675.4168420806	-0.0	0.0
yptar	0.0001	0.5	23010	True	-940856.3304304926	-14511.607246305928	-26442.458719158494
yptar	0.0001	0.5	14010	False	5421067.905765587	-0.0	0.0
yptar	0.0001	0.5	05010	False	-11655553.483274078	-0.0	0.0
yptar	0.0001	0.5	40110	False	357.71513381678494	-0.0	0.0
yptar	0.0001	0.5	31110	False	9459.035496608038	0.0	0.0
yptar	0.0001	0.5	22110	False	-169044.1825611238	0.0	0.0
yptar	0.0001	0.5	13110	False	499700.7405739275	0.0	0.0
yptar	0.0001	0.5	04110	False	803866.254839206	0.0	0.0
yptar	0.0001	0.5	30210	True	-1342.1272301072174	-5.034808114267263	-60.68201351973633
yptar	0.0001	0.5	21210	True	-3460.269356952264	-227.4565846430675	1086.0704257545265
yptar	0.0001	0.5	12210	False	30925.435874763716	-0.0	0.0
yptar	0.0001	0.5	03210	False	151987.17415649837	-0.0	0.0
yptar	0.0001	0.5	20310	False	-1540.887982158463	-0.0	0.0
yptar	0.0001	0.5	11310	False	-16988.03904491482	0.0	0.0
yptar	0.0001	0.5	02310	False	113466.7427695584	0.0	0.0
yptar	0.0001	0.5	10410	False	-498.0379032684608	-0.0	0.0
yptar	0.0001	0.5	01410	False	36484.9333470631	-0.0	0.0
yptar	0.0001	0.5	00510	True	1437.768777310305	-91.1628805103391	460.07250999451
yptar	0.0001	0.5	40020	True	-5173.037536254835	85.0118878088701	274.7574999952098
yptar	0.0001	0.5	31020	True	96654.91583620713	2780.06634894834	5173.383869625301
yptar	0.0001	0.5	22020	False	-1064944.5758843	0.0	0.0
yptar	0.0001	0.5	13020	False	7953089.185965586	-0.0	0.0
yptar	0.0001	0.5	04020	True	-25268844.3283542	-605137.4767009219	-920964.2133957116
yptar	0.0001	0.5	30120	False	26297.321920797276	0.0	0.0
yptar	0.0001	0.5	21120	False	-73821.42701489195	-0.0	0.0
yptar	0.0001	0.5	12120	False	-154202.82247899254	0.0	0.0
yptar	0.0001	0.5	03120	False	1078677.6528285777	0.0	0.0
yptar	0.0001	0.5	20220	False	-185.60837273003696	-0.0	0.0
yptar	0.0001	0.5	11220	False	-55029.37663206761	-0.0	0.0
yptar	0.0001	0.5	02220	False	-1164022.0314296714	0.0	0.0
yptar	0.0001	0.5	10320	False	-176276.2575282921	-0.0	0.0
yptar	0.0001	0.5	01320	False	-795475.3505286126	-0.0	0.0
yptar	0.0001	0.5	00420	True	52717.237426924265	-200.3042361669714	-6218.962083425779
yptar	0.0001	0.5	30030	False	-169457.5900496746	0.0	0.0
yptar	0.0001	0.5	21030	False	2056317.275838724	0.0	0.0
yptar	0.0001	0.5	12030	False	-5571856.392518675	0.0	0.0
yptar	0.0001	0.5	03030	True	-13123365.306732709	1253617.2245207187	2137393.3514729994
yptar	0.0001	0.5	20130	False	734076.0821658028	-0.0	0.0
yptar	0.0001	0.5	11130	False	-4943362.251040457	-0.0	0.0
yptar	0.0001	0.5	02130	False	36871668.78364416	-0.0	0.0
yptar	0.0001	0.5	10230	True	2134651.3047057516	-5203.959161224391	-297017.6675398819
yptar	0.0001	0.5	01230	True	3994184.873210899	-82288.90760873792	290213.642897501
yptar	0.0001	0.5	00330	False	-2357960.084475068	-0.0	0.0
yptar	0.0001	0.5	20040	True	-6061552.475823087	-91725.5733196319	-137722.2726875516
yptar	0.0001	0.5	11040	False	59112682.282678075	-0.0	0.0
yptar	0.0001	0.5	02040	True	-299382589.9267909	-1498664.4671969463	-1804021.6657926063
yptar	0.0001	0.5	10140	True	-4647443.164569136	-680.2551837693475	1560373.6820595814
yptar	0.0001	0.5	01140	False	-16412588.189060448	-0.0	0.0
yptar	0.0001	0.5	00240	False	22980614.731783025	-0.0	0.0
yptar	0.0001	0.5	10050	False	-16508956.373457508	-0.0	0.0
yptar	0.0001	0.5	01050	False	96453945.08182508	-0.0	0.0
yptar	0.0001	0.5	00150	False	-54513088.60599888	-0.0	0.0
yptar	0.0001	0.5	00060	True	-101546460.80714338	-2719214.306726041	-3519549.877144474
yptar	3e-05	0.5	00000	True	0.0005197054626040346	0.0004995370886725311	0.0004998898843969453
yptar	3e-05	0.5	10000	True	-0.00524476204756576	-0.005122812941550573	-0.005135789118235142
yptar	3e-05	0.5	01000	True	0.038212943524555905	0.032934207552399786	0.03431326586674257
yptar	3e-05	0.5	00100	True	0.277670287564914	0.28282757865154995	0.28337208416187315
yptar	3e-05	0.5	00010	True	-2.3454571338707084	-2.3739827905124704	-2.364003185590574
yptar	3e-05	0.5	20000	True	0.006460580970996801	0.005497323955014518	0.005641188044890709
yptar	3e-05	0.5	11000	True	0.06555420396029822	0.008658346492572454	-0.008852478353412607
yptar	3e-05	0.5	02000	True	-0.6218576856695096	-0.16244624055653423	-0.00727007478325033
yptar	3e-05	0.5	10100	True	-0.4058649187169478	-0.38815067587154517	-0.4203276073079014
yptar	3e-05	0.5	01100	True	0.1024385084606565	-0.06952114059985565	0.05388903136403983
yptar	3e-05	0.5	00200	True	-0.007571532316235316	-0.03781322255909206	-0.06875240015369707
yptar	3e-05	0.5	10010	True	5.103223809715458	5.4530281576553685	5.656391837047642
yptar	3e-05	0.5	01010	True	3.074928016115032	2.815806175343206	2.154820892553422
yptar	3e-05	0.5	00110	True	0.041341756529788554	0.46810921735765665	0.5674134362695014
yptar	3e-05	0.5	00020	True	-1.6807709355995397	0.5720624840664106	0.6166683565364054
yptar	3e-05	0.5	30000	True	-0.050537739438494725	-0.01732847535045045	-0.02987951929710111
yptar	3e-05	0.5	21000	False	0.0604875194498648	-0.0	0.0
yptar	3e-05	0.5	12000	True	4.636669846287895	0.43129753508647595	2.2587261553770235
yptar	3e-05	0.5	03000	True	-22.45715767521417	2.591204814970262	-7.4016775083840765
yptar	3e-05	0.5	20100	True	1.2322471988778616	0.5575417808937068	0.7482314597273017
yptar	3e-05	0.5	11100	True	-13.27558261509916	-4.468934497305388	-6.646655694288651
yptar	3e-05	0.5	02100	False	27.787054683477844	-0.0	0.0
yptar	3e-05	0.5	10200	True	-0.49938842138342143	0.21519246253499544	0.19051627584017125
yptar	3e-05	0.5	01200	True	1.9979573747571693	0.31930325031415324	2.4624813876617764
yptar	3e-05	0.5	00300	True	0.05060633387272959	0.2967328656581867	0.49678245479141836
yptar	3e-05	0.5	20010	True	-17.06491112839328	-11.587861823697253	-13.333471616874805
yptar	3e-05	0.5	11010	True	184.19220995703296	121.7378981172049	144.88497771907365
yptar	3e-05	0.5	02010	True	-399.75179262504366	-206.5785788046087	-267.0756428216881
yptar	3e-05	0.5	10110	False	5.344794318414791	0.0	0.0
yptar	3e-05	0.5	01110	True	-50.85264567684989	-49.86207418498631	-67.55636466411589
yptar	3e-05	0.5	00210	True	6.867317885159859	-12.47594784076807	-15.317997888861454
yptar	3e-05	0.5	10020	True	18.238530263029354	22.767082654819692	20.43758048121412
yptar	3e-05	0.5	01020	True	-33.13057279843548	-3.6797826636452307	16.383489584840763
yptar	3e-05	0.5	00120	True	165.85113643479895	217.91408323095047	241.22467191027613
yptar	3e-05	0.5	00030	True	-1134.4961556416329	-1090.6743973607493	-1173.7034263936862
yptar	3e-05	0.5	40000	True	-0.045456200622579594	0.015538512695014974	0.051569788752872575
yptar	3e-05	0.5	31000	True	-1.4367391522481203	0.052012373405964506	-0.04931477405291788
yptar	3e-05	0.5	22000	False	69.66917654634915	0.0	0.0
yptar	3e-05	0.5	13000	False	-726.8350463411091	-0.0	0.0
yptar	3e-05	0.5	04000	True	2144.117873026549	-154.4004617578384	-216.8969581401299
yptar	3e-05	0.5	30100	False	-2.3127182396733037	-0.0	0.0
yptar	3e-05	0.5	21100	True	23.926251275401768	-3.101905408408701	-1.2709802384169662
yptar	3e-05	0.5	12100	False	-27.046075819437775	-0.0	0.0
yptar	3e-05	0.5	03100	True	-323.3465284129709	156.09785745865878	175.7218596058621
yptar	3e-05	0.5	20200	True	-2.538318417584466	-0.46981087818707007	-0.7404173680716368
yptar	3e-05	0.5	11200	False	32.78784035344713	0.0	0.0
yptar	3e-05	0.5	02200	False	-137.45347217234394	0.0	0.0
yptar	3e-05	0.5	10300	False	12.863188224546006	0.0	0.0
yptar	3e-05	0.5	01300	False	-5.715193576694745	0.0	0.0
yptar	3e-05	0.5	00400	True	14.441630448613303	0.5690762529642378	1.6177350855274362
yptar	3e-05	0.5	30010	True	35.86593794346304	4.64527362015278	8.970131223605483
yptar	3e-05	0.5	21010	True	-402.56711508017275	-12.336312904939952	-58.76995877798265
yptar	3e-05	0.5	12010	True	485.6922766809392	-301.99727767608215	-541.5426720210357
yptar	3e-05	0.5	03010	True	5736.144822881401	1174.435706521469	2774.1083400161565
yptar	3e-05	0.5	20110	False	-16.131260262740312	-0.0	0.0
yptar	3e-05	0.5	11110	True	14.462909739751513	10.102011076458703	8.5853248076086
yptar	3e-05	0.5	02110	True	1477.5005361736744	993.7861117044637	1354.7338809729126
yptar	3e-05	0.5	10210	False	-122.03279707288647	-0.0	0.0
yptar	3e-05	0.5	01210	True	-210.51095169011495	-105.04085536865266	-207.4473303273085
yptar	3e-05	0.5	00310	False	119.4660919022722	0.0	0.0
yptar	3e-05	0.5	20020	False	563.9520810923544	0.0	0.0
yptar	3e-05	0.5	11020	False	-7716.68228914021	-0.0	0.0
yptar	3e-05	0.5	02020	True	20982.784704515234	-10597.48375651066	-13710.372836707958
yptar	3e-05	0.5	10120	True	1216.517019626627	205.31419654334874	431.5886026584602
yptar	3e-05	0.5	01120	False	-587.4211739443566	0.0	0.0
yptar	3e-05	0.5	00220	True	-3295.6540353323276	166.20520413805232	216.8165915745065
yptar	3e-05	0.5	10030	True	4039.4697558264675	129.6007232505922	-1067.9846907664069
yptar	3e-05	0.5	01030	False	-8200.09120529437	0.0	0.0
yptar	3e-05	0.5	00130	False	11487.778841833337	0.0	0.0
yptar	3e-05	0.5	00040	False	31984.027149482263	-0.0	0.0
yptar	3e-05	0.5	50000	True	2.0966677138848584	0.11559564933008881	0.27753998907748406
yptar	3e-05	0.5	41000	True	-57.816106044354285	-0.15332379648340808	-1.3931432983853307
yptar	3e-05	0.5	32000	True	678.5288950314344	-4.484816196570443	-8.145701612955996
yptar	3e-05	0.5	23000	False	-3856.513740693404	-0.0	0.0
yptar	3e-05	0.5	14000	False	8667.004573334405	0.0	0.0
yptar	3e-05	0.5	05000	True	518.8161866612531	560.4109564317605	2561.8812128443583
yptar	3e-05	0.5	40100	True	-1.8811437006763105	0.2581980418894806	0.20282527738298503
yptar	3e-05	0.5	31100	False	71.03899197772644	0.0	0.0
yptar	3e-05	0.5	22100	False	-988.2072612137032	0.0	0.0
yptar	3e-05	0.5	13100	False	5886.6613899825015	-0.0	0.0
yptar	3e-05	0.5	04100	True	-12185.58697414796	-2749.890117089281	-40.15617149337976
yptar	3e-05	0.5	30200	True	30.227406517960787	0.9239907930098227	0.5596643128627855
yptar	3e-05	0.5	21200	False	-100.51491334636633	-0.0	0.0
yptar	3e-05	0.5	12200	False	-2598.8753776385543	-0.0	0.0
yptar	3e-05	0.5	03200	False	14714.413791104438	-0.0	0.0
yptar	3e-05	0.5	20300	True	-35.71080098298002	0.8134931275023214	2.6433821677144955
yptar	3e-05	0.5	11300	False	-13.570308448385799	0.0	0.0
yptar	3e-05	0.5	02300	True	549.7111367380842	157.50655582963438	144.23257048682467
yptar	3e-05	0.5	10400	False	-81.63231521866442	0.0	0.0
yptar	3e-05	0.5	01400	True	51.40315165311961	-10.650442275705322	-69.01434702413543
yptar	3e-05	0.5	00500	True	-119.43301147449168	-17.973260842375186	-25.930468305061147
yptar	3e-05	0.5	40010	True	16.79881614060133	-3.578882954265813	-4.178451839881323
yptar	3e-05	0.5	31010	False	-960.1084967263216	0.0	0.0
yptar	3e-05	0.5	22010	True	16563.37264413579	19.521841748844146	555.4401483675875
yptar	3e-05	0.5	13010	True	-109475.9472890098	66.81434994710574	-4858.53650352748
yptar	3e-05	0.5	04010	False	229469.13895530964	0.0	0.0
yptar	3e-05	0.5	30110	False	-224.80795400517903	-0.0	0.0
yptar	3e-05	0.5	21110	False	-648.7204095633177	-0.0	0.0
yptar	3e-05	0.5	12110	False	34239.19659002091	0.0	0.0
yptar	3e-05	0.5	03110	True	-144427.16972124783	1465.724748655931	817.6230692057502
yptar	3e-05	0.5	20210	False	672.799402123216	0.0	0.0
yptar	3e-05	0.5	11210	False	5104.958177128506	0.0	0.0
yptar	3e-05	0.5	02210	False	-45503.187988358266	-0.0	0.0
yptar	3e-05	0.5	10310	False	973.3900554826824	0.0	0.0
yptar	3e-05	0.5	01310	True	-6936.44256518965	-353.61896987776885	481.02121623885967
yptar	3e-05	0.5	00410	False	-1482.7039863826747	-0.0	0.0
yptar	3e-05	0.5	30020	True	100.09630185483614	-30.97242786215003	-72.58377113942697
yptar	3e-05	0.5	21020	False	185.76633525830024	-0.0	0.0
yptar	3e-05	0.5	12020	False	-11460.183667432586	0.0	0.0
yptar	3e-05	0.5	03020	False	11672.839569015578	0.0	0.0
yptar	3e-05	0.5	20120	False	-3195.762028690225	0.0	0.0
yptar	3e-05	0.5	11120	False	-48433.72523753726	0.0	0.0
yptar	3e-05	0.5	02120	False	414805.8296723118	0.0	0.0
yptar	3e-05	0.5	10220	False	9352.45776894342	0.0	0.0
yptar	3e-05	0.5	01220	False	97460.33305863352	-0.0	0.0
yptar	3e-05	0.5	00320	True	53028.33759346795	643.9831200812428	296.8972006810839
yptar	3e-05	0.5	20030	False	31119.31520100125	-0.0	0.0
yptar	3e-05	0.5	11030	False	151568.0623994125	-0.0	0.0
yptar	3e-05	0.5	02030	False	-1393689.9550851271	-0.0	0.0
yptar	3e-05	0.5	10130	False	-98225.60681437355	0.0	0.0
yptar	3e-05	0.5	01130	True	-486236.0556901311	-3658.5779044083524	-62840.89216125945
yptar	3e-05	0.5	00230	False	-406850.9612580355	0.0	0.0
yptar	3e-05	0.5	10040	True	127416.80485018998	24655.89118663262	72464.36999192461
yptar	3e-05	0.5	01040	False	783387.5495636154	-0.0	0.0
yptar	3e-05	0.5	00140	False	1265361.2266453109	0.0	0.0
yptar	3e-05	0.5	00050	False	-1278672.5143497535	0.0	0.0
yptar	3e-05	0.5	60000	True	-5.498673038234841	-0.2227008609403134	-0.4899027842240695
yptar	3e-05	0.5	51000	False	273.25467078949407	-0.0	0.0
yptar	3e-05	0.5	42000	False	-6409.000686061935	0.0	0.0
yptar	3e-05	0.5	33000	True	81755.97537230968	124.43269033558235	226.40741273816312
yptar	3e-05	0.5	24000	False	-581827.2341018579	0.0	0.0
yptar	3e-05	0.5	15000	False	2202669.491548974	0.0	0.0
yptar	3e-05	0.5	06000	False	-3483230.3308690195	-0.0	0.0
yptar	3e-05	0.5	50100	True	11.080492359013538	0.25492647436783467	-0.4891828657644813
yptar	3e-05	0.5	41100	False	-238.04136018804516	0.0	0.0
yptar	3e-05	0.5	32100	False	2444.499478271969	0.0	0.0
yptar	3e-05	0.5	23100	False	-11516.619087553221	0.0	0.0
yptar	3e-05	0.5	14100	True	23160.451736699873	3448.9005749666885	15254.636840510588
yptar	3e-05	0.5	05100	True	40748.147662682	5765.769170198578	-74581.1188696077
yptar	3e-05	0.5	40200	True	-81.04934136569379	-2.355755150293049	0.3967142460543192
yptar	3e-05	0.5	31200	False	1292.0315468902077	0.0	0.0
yptar	3e-05	0.5	22200	False	-14101.058860559511	0.0	0.0
yptar	3e-05	0.5	13200	False	119240.09723821287	-0.0	0.0
yptar	3e-05	0.5	04200	True	-393469.38968609995	-97.40426465524733	-14256.565051456397
yptar	3e-05	0.5	30300	True	19.31484950729134	-1.0444173254217646	-12.390065667443146
yptar	3e-05	0.5	21300	False	141.76114156437956	-0.0	0.0
yptar	3e-05	0.5	12300	False	-3811.3112873560262	0.0	0.0
yptar	3e-05	0.5	03300	False	1876.5313396402125	0.0	0.0
yptar	3e-05	0.5	20400	False	85.26051989698372	-0.0	0.0
yptar	3e-05	0.5	11400	False	709.714508657849	0.0	0.0
yptar	3e-05	0.5	02400	True	-5157.605756084573	90.48275762764264	804.6449484883456
yptar	3e-05	0.5	10500	True	207.9413204768865	33.453047951903045	71.02699105976633
yptar	3e-05	0.5	01500	True	1412.2053161766632	51.76812360029345	-57.305153167024955
yptar	3e-05	0.5	00600	False	-4.495385584668915	0.0	0.0
yptar	3e-05	0.5	50010	True	-71.70529891604627	7.0783769538265275	2.412787868688647
yptar	3e-05	0.5	41010	False	-645.0259198249057	-0.0	0.0
yptar	3e-05	0.5	32010	False	62675.4168420806	-0.0	0.0
yptar	3e-05	0.5	23010	True	-940856.3304304926	-16278.873476995397	-11548.840097527773
yptar	3e-05	0.5	14010	False	5421067.905765587	-0.0	0.0
yptar	3e-05	0.5	05010	False	-11655553.483274078	0.0	0.0
yptar	3e-05	0.5	40110	False	357.71513381678494	-0.0	0.0
yptar	3e-05	0.5	31110	False	9459.035496608038	0.0	0.0
yptar	3e-05	0.5	22110	False	-169044.1825611238	0.0	0.0
yptar	3e-05	0.5	13110	False	499700.7405739275	0.0	0.0
yptar	3e-05	0.5	04110	True	803866.254839206	47276.789719250446	148122.355873182
yptar	3e-05	0.5	30210	True	-1342.1272301072174	-4.270937565991531	105.8355447369052
yptar	3e-05	0.5	21210	False	-3460.269356952264	-0.0	0.0
yptar	3e-05	0.5	12210	False	30925.435874763716	-0.0	0.0
yptar	3e-05	0.5	03210	True	151987.17415649837	-4114.291376735312	30780.395308917112
yptar	3e-05	0.5	20310	True	-1540.887982158463	-15.707133723597785	-251.74241758286095
yptar	3e-05	0.5	11310	False	-16988.03904491482	0.0	0.0
yptar	3e-05	0.5	02310	False	113466.7427695584	0.0	0.0
yptar	3e-05	0.5	10410	False	-498.0379032684608	-0.0	0.0
yptar	3e-05	0.5	01410	False	36484.9333470631	-0.0	0.0
yptar	3e-05	0.5	00510	False	1437.768777310305	-0.0	0.0
yptar	3e-05	0.5	40020	True	-5173.037536254835	267.935810595158	177.64710135688713
yptar	3e-05	0.5	31020	True	96654.91583620713	2878.3621466291997	1631.5614956335592
yptar	3e-05	0.5	22020	False	-1064944.5758843	0.0	0.0
yptar	3e-05	0.5	13020	False	7953089.185965586	-0.0	0.0
yptar	3e-05	0.5	04020	True	-25268844.3283542	-1001659.0152094613	-743109.8567650157
yptar	3e-05	0.5	30120	False	26297.321920797276	-0.0	0.0
yptar	3e-05	0.5	21120	False	-73821.42701489195	0.0	0.0
yptar	3e-05	0.5	12120	False	-154202.82247899254	0.0	0.0
yptar	3e-05	0.5	03120	False	1078677.6528285777	0.0	0.0
yptar	3e-05	0.5	20220	False	-185.60837273003696	-0.0	0.0
yptar	3e-05	0.5	11220	False	-55029.37663206761	0.0	0.0
yptar	3e-05	0.5	02220	False	-1164022.0314296714	0.0	0.0
yptar	3e-05	0.5	10320	False	-176276.2575282921	-0.0	0.0
yptar	3e-05	0.5	01320	False	-795475.3505286126	-0.0	0.0
yptar	3e-05	0.5	00420	True	52717.237426924265	-335.85337437253867	1612.893637482925
yptar	3e-05	0.5	30030	True	-169457.5900496746	1631.2774643898817	7074.01939505712
yptar	3e-05	0.5	21030	False	2056317.275838724	0.0	0.0
yptar	3e-05	0.5	12030	False	-5571856.392518675	0.0	0.0
yptar	3e-05	0.5	03030	True	-13123365.306732709	2055167.9483786284	-1426936.4710344223
yptar	3e-05	0.5	20130	False	734076.0821658028	-0.0	0.0
yptar	3e-05	0.5	11130	False	-4943362.251040457	-0.0	0.0
yptar	3e-05	0.5	02130	False	36871668.78364416	-0.0	0.0
yptar	3e-05	0.5	10230	True	2134651.3047057516	-61306.39020660593	-135825.47306973097
yptar	3e-05	0.5	01230	False	3994184.873210899	-0.0	0.0
yptar	3e-05	0.5	00330	True	-2357960.084475068	-18459.34778674748	-39657.04203915581
yptar	3e-05	0.5	20040	True	-6061552.475823087	-82527.4950244121	82473.84147117309
yptar	3e-05	0.5	11040	False	59112682.282678075	-0.0	0.0
yptar	3e-05	0.5	02040	True	-299382589.9267909	-1336561.9957019691	-7871166.300425816
yptar	3e-05	0.5	10140	False	-4647443.164569136	-0.0	0.0
yptar	3e-05	0.5	01140	False	-16412588.189060448	-0.0	0.0
yptar	3e-05	0.5	00240	False	22980614.731783025	-0.0	0.0
yptar	3e-05	0.5	10050	False	-16508956.373457508	0.0	0.0
yptar	3e-05	0.5	01050	True	96453945.08182508	5149787.011667751	27165913.691314112
yptar	3e-05	0.5	00150	False	-54513088.60599888	-0.0	0.0
yptar	3e-05	0.5	00060	False	-101546460.80714338	-0.0	0.0
