model	pool	group_kind	group	target	n	bias	spread	rms	width68	p95
balanced_squared_full	core	overall	all	xptar	77864	0.28025769988652655	1.461999103391391	1.4886187412037097	1.4573025391982122	2.860952526579673
balanced_squared_full	core	overall	all	ytar	77864	0.010643359698785042	0.13540186064110085	0.13581953088841758	0.13114058316735325	0.26938752968576124
balanced_squared_full	core	overall	all	yptar	77864	-0.014651789396982052	1.029062197296339	1.0291664981123816	1.0270298432599523	2.009033032341843
balanced_squared_full	core	foil	-8	xptar	13541	0.16985881030209818	1.5395472490765811	1.5488891979662431	1.4831188740308043	2.9665049871282214
balanced_squared_full	core	foil	-8	ytar	13541	0.04487950879229866	0.13950439529777656	0.14654571510909595	0.13070369879992486	0.2936009380334802
balanced_squared_full	core	foil	-8	yptar	13541	-0.24203704961334502	1.0133296056902361	1.0418343549498943	1.0069581426301755	2.050079159345828
balanced_squared_full	core	foil_delta	-8:0	xptar	1063	0.2609333172410351	2.541861110604906	2.5552189928951323	2.2346994743256503	4.78683808186359
balanced_squared_full	core	foil_delta	-8:0	ytar	1063	0.0657259650541123	0.2231109674498749	0.2325906409955343	0.23187925654113228	0.44341008918567715
balanced_squared_full	core	foil_delta	-8:0	yptar	1063	-0.34799947556845506	1.3128160851320916	1.358156731889759	1.352144190296392	2.56368355000496
balanced_squared_full	core	foil_delta	-8:1	xptar	2510	0.15645796094776096	1.8302002530253116	1.8368756244552447	1.869665993550977	3.5146094802759382
balanced_squared_full	core	foil_delta	-8:1	ytar	2510	0.045432637071946544	0.1853899496578374	0.19087576573637288	0.1926316149164914	0.3663570741854704
balanced_squared_full	core	foil_delta	-8:1	yptar	2510	-0.2940001843865064	1.2354333038394265	1.2699336819908749	1.263121831208693	2.47862037016204
balanced_squared_full	core	foil_delta	-8:2	xptar	4227	0.17520942783630544	1.4418738519044942	1.4524801370100142	1.5123632145658483	2.7928957745240366
balanced_squared_full	core	foil_delta	-8:2	ytar	4227	0.055010907457943535	0.11347954505904014	0.12611029730419776	0.11353428210091197	0.2430197824736191
balanced_squared_full	core	foil_delta	-8:2	yptar	4227	-0.2951986514533521	1.0082572486211305	1.050583134843183	1.036278774825471	2.024277648659555
balanced_squared_full	core	foil_delta	-8:3	xptar	3447	0.16165375214926792	1.2275351796554754	1.2381334955794296	1.281051410596802	2.344688212982845
balanced_squared_full	core	foil_delta	-8:3	ytar	3447	0.03481759596940191	0.09658871257416536	0.10267251037070849	0.09743373739155703	0.20083113619957002
balanced_squared_full	core	foil_delta	-8:3	yptar	3447	-0.17237218253949788	0.8506613213156674	0.8679497986035524	0.8837981053435747	1.652313525795808
balanced_squared_full	core	foil_delta	-8:4	xptar	2294	0.144788935035755	1.1099513060990422	1.1193550543146522	1.1472223448815282	2.1634840154550603
balanced_squared_full	core	foil_delta	-8:4	ytar	2294	0.03106514800442599	0.12539500650442087	0.12918572319254415	0.12925787134403052	0.25291863284809335
balanced_squared_full	core	foil_delta	-8:4	yptar	2294	-0.14280216676893523	0.7755875052393546	0.7886243954616854	0.7784919536503542	1.514153203813191
balanced_squared_full	core	foil	-3	xptar	5890	-0.3315429269328112	1.5451507651520258	1.5803200939838316	1.499268777011642	3.070019993765589
balanced_squared_full	core	foil	-3	ytar	5890	-0.045023705898255356	0.12778652109296543	0.13548626891997392	0.1252097677209511	0.27205374318714043
balanced_squared_full	core	foil	-3	yptar	5890	0.21689716491438252	1.0108864215133018	1.0338934845272338	1.0166487885489608	2.032072636648833
balanced_squared_full	core	foil_delta	-3:0	xptar	467	-0.713166532751961	2.3957306885439418	2.4996263791752327	2.4808904384853854	5.031881801001203
balanced_squared_full	core	foil_delta	-3:0	ytar	467	-0.0920241560781782	0.17770275581053693	0.20011675273339866	0.17990636506814256	0.38619117599320846
balanced_squared_full	core	foil_delta	-3:0	yptar	467	0.46367230133784615	1.1611523543636246	1.2503066796078963	1.2004375141639556	2.3662846899032406
balanced_squared_full	core	foil_delta	-3:1	xptar	1144	-0.41948210947556397	1.7788401263468203	1.827631646495442	1.7775186739389686	3.584879658685374
balanced_squared_full	core	foil_delta	-3:1	ytar	1144	-0.05098439495956686	0.16194282080056954	0.16977893196223873	0.16630517021839272	0.3233604377065854
balanced_squared_full	core	foil_delta	-3:1	yptar	1144	0.25613444794339973	1.1576597076279345	1.1856562967776392	1.204992980955436	2.278845813285113
balanced_squared_full	core	foil_delta	-3:2	xptar	1952	-0.257788938516587	1.4631149195905389	1.4856515085140047	1.5117971785850526	2.806323798787524
balanced_squared_full	core	foil_delta	-3:2	ytar	1952	-0.03491115050929004	0.1150092994014214	0.12019121173649966	0.1175316746799572	0.23157230739372892
balanced_squared_full	core	foil_delta	-3:2	yptar	1952	0.1461863155578183	1.0572703591406591	1.0673289329788582	1.1016322130530578	2.048973649082845
balanced_squared_full	core	foil_delta	-3:3	xptar	1459	-0.2914109934610969	1.285661471368416	1.3182737902542037	1.3172846383336667	2.538158275329654
balanced_squared_full	core	foil_delta	-3:3	ytar	1459	-0.038346372572765734	0.08944022096120002	0.09731391172426296	0.09486025837222636	0.1876366300759343
balanced_squared_full	core	foil_delta	-3:3	yptar	1459	0.2030528760753097	0.8669858513690605	0.8904464818037015	0.8780227247674596	1.6990524060848815
balanced_squared_full	core	foil_delta	-3:4	xptar	868	-0.24363927206789057	1.1129869927335407	1.13934197714638	1.1342738238840055	2.1380953503939626
balanced_squared_full	core	foil_delta	-3:4	ytar	868	-0.045845939678192386	0.1204967096354475	0.12892364879239884	0.1281635285357772	0.25450062637581533
balanced_squared_full	core	foil_delta	-3:4	yptar	868	0.21470241245501284	0.786716952752038	0.8154880070616949	0.7947267316198317	1.5506654879773865
balanced_squared_full	core	foil	0	xptar	40404	0.5530925974184562	1.3721984543868782	1.4794728857065382	1.4045451039808978	2.849011146685661
balanced_squared_full	core	foil	0	ytar	40404	0.01804981108781774	0.1281373393445637	0.1294023702047601	0.12638001848274877	0.25546695300279065
balanced_squared_full	core	foil	0	yptar	40404	-0.009434515920851259	0.9959313396699644	0.9959760255284617	1.0019132595903	1.9389692259584401
balanced_squared_full	core	foil_delta	0:0	xptar	3676	0.6954484751006631	1.9260569644902998	2.0477656145129073	1.9550256691470858	3.793322163817062
balanced_squared_full	core	foil_delta	0:0	ytar	3676	0.0088943952600783	0.18725140995412007	0.18746253171460273	0.20715834228480834	0.33786784792358515
balanced_squared_full	core	foil_delta	0:0	yptar	3676	-0.0006665191771247881	1.170513978274641	1.1705141680407547	1.2173635188497585	2.2287974417418375
balanced_squared_full	core	foil_delta	0:1	xptar	6959	0.6930238224418162	1.544677437603589	1.6930181347857607	1.6347048325278066	3.261223146452036
balanced_squared_full	core	foil_delta	0:1	ytar	6959	-0.00599350406088759	0.16174040286485028	0.1618514133698311	0.1727762177248176	0.30477525069360056
balanced_squared_full	core	foil_delta	0:1	yptar	6959	0.10430409722774046	1.1611370081626617	1.165812376166693	1.190628601798518	2.264501333571753
balanced_squared_full	core	foil_delta	0:2	xptar	12161	0.6438258344995157	1.31500331975969	1.4641534879062383	1.3900617182943278	2.8350839274968247
balanced_squared_full	core	foil_delta	0:2	ytar	12161	0.01821751958452476	0.10993526361225818	0.11143446596681496	0.11517269397347082	0.21178528812674305
balanced_squared_full	core	foil_delta	0:2	yptar	12161	-0.004556825002383455	1.0282876686851758	1.0282977653501424	1.0627320575172852	1.977378537571902
balanced_squared_full	core	foil_delta	0:3	xptar	10388	0.4783939431039384	1.1956357170090972	1.287790950654023	1.2585648785083483	2.4756181522587952
balanced_squared_full	core	foil_delta	0:3	ytar	10388	0.026580350896399905	0.09161127671877849	0.09538941804948992	0.09747577338768487	0.17882744741627168
balanced_squared_full	core	foil_delta	0:3	yptar	10388	-0.04022883894254471	0.8782319137824474	0.8791528046185403	0.8999306614393114	1.6916544232801944
balanced_squared_full	core	foil_delta	0:4	xptar	7220	0.300389151930796	1.1243596906034083	1.1637948085687164	1.1640935846343972	2.2382005897199635
balanced_squared_full	core	foil_delta	0:4	ytar	7220	0.03332931083056082	0.12428797792631749	0.12867923071518933	0.12909239983763815	0.24823261036206914
balanced_squared_full	core	foil_delta	0:4	yptar	7220	-0.08743511656366618	0.8018072673216696	0.8065604710983209	0.8207836080642019	1.5548812570494919
balanced_squared_full	core	foil	3	xptar	6295	-0.29480419954347387	1.4416615017822756	1.4714949547278764	1.4427317861227689	2.904665588597038
balanced_squared_full	core	foil	3	ytar	6295	0.017789749945133	0.13063325531764344	0.13183900256750647	0.12993220496593025	0.2603965006729299
balanced_squared_full	core	foil	3	yptar	6295	-0.13014617359594996	1.0234459282998396	1.0316877408669678	1.026539407354431	2.022306846077594
balanced_squared_full	core	foil_delta	3:0	xptar	511	-0.5910574842359649	2.0031932420454597	2.08857178824381	2.1271924590456566	3.789486788043334
balanced_squared_full	core	foil_delta	3:0	ytar	511	-0.007395197176196516	0.18980981611691444	0.1899538239562755	0.2063078911288067	0.3428291605436966
balanced_squared_full	core	foil_delta	3:0	yptar	511	-0.022197555284828575	1.2299761603058028	1.2301764452228912	1.2380311578193819	2.37878640432809
balanced_squared_full	core	foil_delta	3:1	xptar	1221	-0.3781536977483996	1.6480732527658224	1.6909008444030378	1.6865521429947485	3.318059335451049
balanced_squared_full	core	foil_delta	3:1	ytar	1221	0.026204480785289377	0.1638414414412307	0.1659237558240737	0.1742529489370412	0.3057063956488384
balanced_squared_full	core	foil_delta	3:1	yptar	1221	-0.18315496792323294	1.1340880104487514	1.1487825545848822	1.1500190961176648	2.2354560986693106
balanced_squared_full	core	foil_delta	3:2	xptar	2073	-0.18215403303721894	1.3795343007954233	1.3915081669982543	1.431621656077712	2.6726520285300737
balanced_squared_full	core	foil_delta	3:2	ytar	2073	0.023176427624148267	0.11535861475510348	0.11766374460994244	0.12002892190287578	0.22375796696953446
balanced_squared_full	core	foil_delta	3:2	yptar	2073	-0.12123246281864908	1.0505679127611864	1.0575397152658008	1.0753862552576718	2.0557063641276043
balanced_squared_full	core	foil_delta	3:3	xptar	1571	-0.2566981607791096	1.2529502311139384	1.2789754600444252	1.2690750793756873	2.4948470281734823
balanced_squared_full	core	foil_delta	3:3	ytar	1571	0.014036055653910334	0.09732906286996287	0.09833594122936361	0.1013289477959718	0.1845299881691968
balanced_squared_full	core	foil_delta	3:3	yptar	1571	-0.13368481369618454	0.9254232160730546	0.9350292820334446	0.9374465198398466	1.795485766910728
balanced_squared_full	core	foil_delta	3:4	xptar	919	-0.33858354261225	1.1528366011255857	1.201528628132786	1.1697061204048778	2.3639809590086767
balanced_squared_full	core	foil_delta	3:4	ytar	919	0.014879622117146704	0.12015777156420178	0.12107556822754945	0.12675678839375243	0.23374533070550968
balanced_squared_full	core	foil_delta	3:4	yptar	919	-0.1337989754754351	0.8128670727691267	0.8238052220218836	0.8257241576637957	1.6305923090519927
balanced_squared_full	core	foil	8	xptar	11734	0.08380384892866118	1.4060932772145807	1.408588438587829	1.440107554617542	2.70199973535707
balanced_squared_full	core	foil	8	ytar	11734	-0.030259100419839247	0.1432257728862045	0.14638727805744783	0.13444672814665692	0.2960069561950541
balanced_squared_full	core	foil	8	yptar	11734	0.17551685715992513	1.1053797328052084	1.1192276447817984	1.1053838862782746	2.194082757336742
balanced_squared_full	core	foil_delta	8:0	xptar	1436	0.07898798313614055	1.74540691542047	1.7471932926489604	1.7946514482600895	3.36040337907933
balanced_squared_full	core	foil_delta	8:0	ytar	1436	-0.04206199226546148	0.2074015091584581	0.21162371604937316	0.21935152310397416	0.40252035768188177
balanced_squared_full	core	foil_delta	8:0	yptar	1436	0.21563118773945822	1.305235512300213	1.3229272662151648	1.3227712595472987	2.582317702325077
balanced_squared_full	core	foil_delta	8:1	xptar	2320	0.10669082588314967	1.5522549539685928	1.5559172132371526	1.6360211057075165	2.905090196491018
balanced_squared_full	core	foil_delta	8:1	ytar	2320	-0.04201633615378651	0.1826741578279275	0.18744391278974773	0.19187455689940025	0.35736192020531565
balanced_squared_full	core	foil_delta	8:1	yptar	2320	0.2781132928194923	1.2957700111326742	1.3252799422739603	1.33428040932777	2.5783226580042737
balanced_squared_full	core	foil_delta	8:2	xptar	3592	0.06386183196262385	1.366954425255737	1.368445371327575	1.4363995395676283	2.6148762226792437
balanced_squared_full	core	foil_delta	8:2	ytar	3592	-0.028107608245975853	0.11852775368513234	0.12181488429150458	0.11705501823844505	0.23498381672308005
balanced_squared_full	core	foil_delta	8:2	yptar	3592	0.20821560759996433	1.1037251994522632	1.1231932403438691	1.1213507096562538	2.188358080998361
balanced_squared_full	core	foil_delta	8:3	xptar	2725	0.09763321953551952	1.237043576401442	1.2408904284718054	1.2729307073922727	2.3719625680302014
balanced_squared_full	core	foil_delta	8:3	ytar	2725	-0.0203973201895122	0.0947528048631247	0.09692339604214696	0.09503677330306344	0.18867258698461756
balanced_squared_full	core	foil_delta	8:3	yptar	2725	0.10900289626173125	0.9222334883351112	0.9286529160026331	0.9687271125413572	1.7766931417062404
balanced_squared_full	core	foil_delta	8:4	xptar	1661	0.07643749539582782	1.1892987287707093	1.1917525569337	1.2214280579575956	2.388429644495212
balanced_squared_full	core	foil_delta	8:4	ytar	1661	-0.024464862866008637	0.12446597290404596	0.1268475775330507	0.1302765041452822	0.2386346801239671
balanced_squared_full	core	foil_delta	8:4	yptar	1661	0.03594354134087141	0.8595388145649453	0.8602900161618956	0.8614998782863985	1.6394615481313581
balanced_squared_full	shoulder	overall	all	xptar	22532	-0.08208348220986841	4.317882562662606	4.318662700767159	3.678095446848087	8.76373325859299
balanced_squared_full	shoulder	overall	all	ytar	22532	0.006748325536809125	0.1670819727945099	0.16721819736636348	0.1658206150089459	0.3232695600053179
balanced_squared_full	shoulder	overall	all	yptar	22532	-0.012520723411144205	1.6756408911191434	1.6756876691392388	1.6628936442204094	3.045780953005187
balanced_squared_full	shoulder	foil	-8	xptar	4691	-0.20974999779208708	4.629923607925251	4.634672337587347	3.8569649119103815	9.838992038351376
balanced_squared_full	shoulder	foil	-8	ytar	4691	0.03967673040948697	0.18493852905076485	0.18914677492214266	0.17975617146079295	0.36812317985241133
balanced_squared_full	shoulder	foil	-8	yptar	4691	-0.21619203080783897	1.73456956433983	1.747990436964369	1.623071327731661	3.099765091964273
balanced_squared_full	shoulder	foil_delta	-8:0	xptar	676	0.5354710630833597	6.846690931762889	6.867598268280098	7.105305767718859	12.70425418651475
balanced_squared_full	shoulder	foil_delta	-8:0	ytar	676	0.0634092052106884	0.24898869240292493	0.2569359769475064	0.2695968152036444	0.48125505889048636
balanced_squared_full	shoulder	foil_delta	-8:0	yptar	676	-0.31150815842534774	1.409503772720262	1.4435159223500802	1.425456692672415	2.8174808451205293
balanced_squared_full	shoulder	foil_delta	-8:1	xptar	939	-0.6608844556663668	6.221460573690715	6.2564638521875455	5.124506753892312	11.652706010806376
balanced_squared_full	shoulder	foil_delta	-8:1	ytar	939	0.03155192968310863	0.21642134417721146	0.21870921901510884	0.2250736103773031	0.41345044551771293
balanced_squared_full	shoulder	foil_delta	-8:1	yptar	939	-0.2208454134635353	1.5262275798114724	1.542122991860592	1.5220076665853526	3.0202622043973677
balanced_squared_full	shoulder	foil_delta	-8:2	xptar	1177	-0.38550412519180416	3.9310915633961834	3.9499486465452365	3.669295457238748	8.023418208271508
balanced_squared_full	shoulder	foil_delta	-8:2	ytar	1177	0.057530965745038104	0.1443511527563562	0.15539326665478667	0.14093971454092166	0.30133706475693406
balanced_squared_full	shoulder	foil_delta	-8:2	yptar	1177	-0.33097598574537085	1.7561917590754823	1.7871078864424377	1.7521411403370915	3.392381919674586
balanced_squared_full	shoulder	foil_delta	-8:3	xptar	1226	-0.13716621036811213	2.880843298334107	2.884106911822667	2.8418035546993874	5.456070199396538
balanced_squared_full	shoulder	foil_delta	-8:3	ytar	1226	0.024991394903361407	0.13383080476590456	0.13614424014076182	0.12373343341611845	0.24036692015914823
balanced_squared_full	shoulder	foil_delta	-8:3	yptar	1226	-0.10318899810306521	2.1959482349614103	2.198371356245265	1.8399778214780342	3.4863865430654877
balanced_squared_full	shoulder	foil_delta	-8:4	xptar	673	-0.15370140438967922	2.2959498592476963	2.3010888461532457	2.1626915570788894	4.006888260866829
balanced_squared_full	shoulder	foil_delta	-8:4	ytar	673	0.022701724847857516	0.19952642264676052	0.20081374864605647	0.21910999703812606	0.3444593687557044
balanced_squared_full	shoulder	foil_delta	-8:4	yptar	673	-0.11907133920522811	1.217675774017113	1.223483663335274	1.275030935848863	2.144746670647071
balanced_squared_full	shoulder	foil	-3	xptar	1785	-0.7780464403679151	4.425963435155214	4.493830058279921	3.5945905717642646	8.781313912104158
balanced_squared_full	shoulder	foil	-3	ytar	1785	-0.05411244369684656	0.15244271806327275	0.1617619821013666	0.15443973889823304	0.3164104217686066
balanced_squared_full	shoulder	foil	-3	yptar	1785	0.18829968275375986	1.7361376549565533	1.7463191940430611	1.6893593118354682	3.1461810312664773
balanced_squared_full	shoulder	foil_delta	-3:0	xptar	245	-1.9662771884463888	7.795934284705741	8.04007694946106	6.519996187088607	14.287327283261481
balanced_squared_full	shoulder	foil_delta	-3:0	ytar	245	-0.09308093289412926	0.18791759042402567	0.2097071311596562	0.19488648671793465	0.38532820876413537
balanced_squared_full	shoulder	foil_delta	-3:0	yptar	245	0.45600691884993577	1.3315551391568234	1.4074734095726142	1.2518350569758476	2.668513787151783
balanced_squared_full	shoulder	foil_delta	-3:1	xptar	314	-0.6758801585568849	5.250181431232076	5.293507254135482	4.616653289279473	9.177768212578794
balanced_squared_full	shoulder	foil_delta	-3:1	ytar	314	-0.042253470014539996	0.19049921505379255	0.19512894881175558	0.19475721736100216	0.38762664293424665
balanced_squared_full	shoulder	foil_delta	-3:1	yptar	314	0.16924593771652038	1.5879970369507694	1.5969905374791573	1.540627419325455	3.07805113090726
balanced_squared_full	shoulder	foil_delta	-3:2	xptar	508	-0.5095657419860244	3.443713444343624	3.48120949271353	3.412153379839051	5.934500933256854
balanced_squared_full	shoulder	foil_delta	-3:2	ytar	508	-0.04858736782456517	0.1320268785206962	0.1406834352865975	0.1339770868146166	0.27733724506927887
balanced_squared_full	shoulder	foil_delta	-3:2	yptar	508	0.057433186179846565	1.7843377995310994	1.7852618725862754	1.8203903291417363	3.1512285632763914
balanced_squared_full	shoulder	foil_delta	-3:3	xptar	482	-0.6791866353883566	2.75832996751413	2.8407179894133554	2.69570863315187	5.14696200410756
balanced_squared_full	shoulder	foil_delta	-3:3	ytar	482	-0.041814190586356145	0.10810341642053457	0.11590847758547958	0.11410921627054636	0.21681098323603584
balanced_squared_full	shoulder	foil_delta	-3:3	yptar	482	0.1644148097714892	1.9435994079064163	1.9505411782596047	1.9104283503375203	3.5227916524728125
balanced_squared_full	shoulder	foil_delta	-3:4	xptar	236	-0.4602595759085304	2.3606057793350432	2.4050568647426003	1.9648195917073388	4.71575619309908
balanced_squared_full	shoulder	foil_delta	-3:4	ytar	236	-0.06644691160059797	0.16475660881553336	0.17765115313347213	0.18889984928928022	0.30897071858623165
balanced_squared_full	shoulder	foil_delta	-3:4	yptar	236	0.2662119375636433	1.7071717239648094	1.7278032558154208	1.4842186737691838	2.579249060993512
balanced_squared_full	shoulder	foil	0	xptar	11041	0.26375951359490707	4.201676082300651	4.209946672060011	3.5855615842040622	8.173896915334444
balanced_squared_full	shoulder	foil	0	ytar	11041	0.013280873091489112	0.15420055713883962	0.15477142311163514	0.15972678630188297	0.29520250041907187
balanced_squared_full	shoulder	foil	0	yptar	11041	0.010719985353706558	1.5716406486732324	1.5716772081594879	1.6140474410142884	2.906200246314449
balanced_squared_full	shoulder	foil_delta	0:0	xptar	1375	0.5237577343039708	6.849402440507325	6.869398514882574	5.707445365666674	12.246247285321653
balanced_squared_full	shoulder	foil_delta	0:0	ytar	1375	-0.005662058844614067	0.20336239021816147	0.20344119707080874	0.2272358170558656	0.3616098265345894
balanced_squared_full	shoulder	foil_delta	0:0	yptar	1375	0.08525421738123243	1.378356496891776	1.3809905554003818	1.3002605275520513	2.56266301516611
balanced_squared_full	shoulder	foil_delta	0:1	xptar	1888	0.022333063357598777	5.089651001768583	5.089699999560178	4.350172955408128	9.271668247462237
balanced_squared_full	shoulder	foil_delta	0:1	ytar	1888	-0.011347181607260153	0.18449368298851623	0.1848423046629079	0.20436641452376345	0.3287542146413298
balanced_squared_full	shoulder	foil_delta	0:1	yptar	1888	0.12524345651651192	1.426824337456567	1.4323105855081064	1.4723146237396478	2.6996604588387694
balanced_squared_full	shoulder	foil_delta	0:2	xptar	2969	0.228988827003289	3.8050585741375955	3.811942632767494	3.505457522680447	7.008078737541411
balanced_squared_full	shoulder	foil_delta	0:2	ytar	2969	0.01382922625948433	0.12217120988483285	0.1229514213974767	0.12865462197342017	0.22981664765324827
balanced_squared_full	shoulder	foil_delta	0:2	yptar	2969	-0.005256922508506017	1.665757291629902	1.6657655867055383	1.752441017410637	3.0971822164195917
balanced_squared_full	shoulder	foil_delta	0:3	xptar	2841	0.33689939336534896	3.0177695807530434	3.0365168275127896	2.9475376024844104	5.65771652228973
balanced_squared_full	shoulder	foil_delta	0:3	ytar	2841	0.02649670853302811	0.10805877213723794	0.11125993797810492	0.11554007281486431	0.20261925119821628
balanced_squared_full	shoulder	foil_delta	0:3	yptar	2841	0.008424201699647662	1.8001452229882215	1.8001649343939545	1.8547953797420373	3.285247526067684
balanced_squared_full	shoulder	foil_delta	0:4	xptar	1968	0.26058845395860797	2.5124257564053707	2.5259037043770367	2.4114698582861482	4.425500997626889
balanced_squared_full	shoulder	foil_delta	0:4	ytar	1968	0.030237199127154946	0.1763632704561656	0.17893655684920795	0.1987357283130989	0.3017797050194736
balanced_squared_full	shoulder	foil_delta	0:4	yptar	1968	-0.12380599116516244	1.295428795666324	1.3013315058392656	1.371951021729807	2.252842290477447
balanced_squared_full	shoulder	foil	3	xptar	1785	-0.7957163560987192	4.160658810838032	4.2360649498759075	3.585634250700783	9.025780630325073
balanced_squared_full	shoulder	foil	3	ytar	1785	0.00564047801990409	0.15781562982731048	0.15791639563415735	0.16378942290266174	0.29781620246055635
balanced_squared_full	shoulder	foil	3	yptar	1785	-0.10697584687792777	1.793659307579217	1.7968465553521278	1.788423236629035	3.3130333428380405
balanced_squared_full	shoulder	foil_delta	3:0	xptar	255	-0.6249365125729268	6.5791346457630375	6.60874862071681	6.151687277429298	12.50125447188921
balanced_squared_full	shoulder	foil_delta	3:0	ytar	255	-0.021073401205331996	0.18964549136135886	0.19081273708023822	0.19724487232137625	0.34166047791880194
balanced_squared_full	shoulder	foil_delta	3:0	yptar	255	0.2918146525468296	1.5127337791240525	1.5406230161671493	1.5248388326353994	2.9730051576457313
balanced_squared_full	shoulder	foil_delta	3:1	xptar	323	-0.9461337773707648	4.688318873371116	4.782834199832739	4.630615011795569	7.67310665555996
balanced_squared_full	shoulder	foil_delta	3:1	ytar	323	0.0011940701501439777	0.1992428712808812	0.19924644930280003	0.22277192389170045	0.3623063171564393
balanced_squared_full	shoulder	foil_delta	3:1	yptar	323	0.03603854491142783	1.5305958133853563	1.53102002621524	1.582713775362802	3.015733078572794
balanced_squared_full	shoulder	foil_delta	3:2	xptar	480	-0.9542146315658331	3.721590089035301	3.84197323700987	3.4056715023088664	7.182033533273378
balanced_squared_full	shoulder	foil_delta	3:2	ytar	480	0.025191299603435486	0.1356584948933522	0.13797763881310518	0.14720277426279416	0.25011968921729355
balanced_squared_full	shoulder	foil_delta	3:2	yptar	480	-0.36700150356784284	1.8559316172045814	1.8918700461079958	1.8756256834294218	3.3695366999411984
balanced_squared_full	shoulder	foil_delta	3:3	xptar	485	-0.6657107748699954	2.8639488237840975	2.940301634362081	2.5396000445634344	5.562580073409223
balanced_squared_full	shoulder	foil_delta	3:3	ytar	485	0.007264902209165208	0.11877278537747456	0.11899476186132048	0.12492790985822397	0.22397928640917583
balanced_squared_full	shoulder	foil_delta	3:3	yptar	485	-0.0873931610304337	2.0505479604863734	2.0524094384039744	2.025197123815766	3.6692919336652245
balanced_squared_full	shoulder	foil_delta	3:4	xptar	242	-0.721078206098399	2.9460897643520036	3.033051051157849	2.3261151055260063	5.995573118487059
balanced_squared_full	shoulder	foil_delta	3:4	ytar	242	-0.0023099812673644886	0.16261572808301297	0.1626321340738785	0.18431616362651948	0.28664928325571715
balanced_squared_full	shoulder	foil_delta	3:4	yptar	242	-0.24156474491987154	1.6079044961514475	1.625949075073461	1.5159751902459906	2.691411788221537
balanced_squared_full	shoulder	foil	8	xptar	3230	-0.29986686669303464	4.142298088350844	4.153137800566622	3.5747372009606417	8.400820677450351
balanced_squared_full	shoulder	foil	8	ytar	3230	-0.029158493010931628	0.17923513092093576	0.1815914366673537	0.17556288151910954	0.3651608110286245
balanced_squared_full	shoulder	foil	8	yptar	3230	0.1450518486969155	1.793279935997994	1.7991367284515545	1.7621709490799375	3.250187775322047
balanced_squared_full	shoulder	foil_delta	8:0	xptar	513	0.11785273952599075	5.911007272583427	5.912182020603555	5.320291113914173	12.987386454143799
balanced_squared_full	shoulder	foil_delta	8:0	ytar	513	-0.04370821775921368	0.23789529060113182	0.24187719526628346	0.25441940312217015	0.4445445363144005
balanced_squared_full	shoulder	foil_delta	8:0	yptar	513	0.2756834067412594	1.5332497510813357	1.5578370068602956	1.488999560461342	3.0859250896928376
balanced_squared_full	shoulder	foil_delta	8:1	xptar	628	-0.43631411454736485	4.643733877861016	4.664186352939531	4.161958827855293	9.836918447377373
balanced_squared_full	shoulder	foil_delta	8:1	ytar	628	-0.04948450078292529	0.21623762149738596	0.22182746621773886	0.2381551935921849	0.4039668751019136
balanced_squared_full	shoulder	foil_delta	8:1	yptar	628	0.28322112201768557	1.7167379574996717	1.7399435101971275	1.6617963920578598	3.2582699643812036
balanced_squared_full	shoulder	foil_delta	8:2	xptar	844	-0.5708231874486529	4.003227338654348	4.043719604062406	3.4230777507418475	7.564155953395274
balanced_squared_full	shoulder	foil_delta	8:2	ytar	844	-0.02607319275934664	0.14686654863316403	0.14916297961653752	0.1395962545703463	0.3051395850708278
balanced_squared_full	shoulder	foil_delta	8:2	yptar	844	0.100537543322212	1.9410462515872116	1.9436482059308033	2.0139573852758548	3.5501015487381795
balanced_squared_full	shoulder	foil_delta	8:3	xptar	749	-0.22025860390768795	3.105407215332765	3.113208606186897	2.872274470071546	6.183986874685223
balanced_squared_full	shoulder	foil_delta	8:3	ytar	749	-0.015673797848660364	0.12398567881624016	0.12497246292893702	0.12165897201058143	0.2409285329071209
balanced_squared_full	shoulder	foil_delta	8:3	yptar	749	0.09185111785112555	2.049590843204133	2.051647935781559	1.9194696855170195	3.38424236924768
balanced_squared_full	shoulder	foil_delta	8:4	xptar	496	-0.2182957788832026	2.473963719690046	2.483575956845458	2.255059619974829	4.335828395189591
balanced_squared_full	shoulder	foil_delta	8:4	ytar	496	-0.013987703519395728	0.17402910238149188	0.17459033285223524	0.18525478728279077	0.3186359128911953
balanced_squared_full	shoulder	foil_delta	8:4	yptar	496	-0.00891361860640223	1.3968330137188194	1.3968614536923338	1.524009586532769	2.3613106344316748
balanced_squared_full	supported	overall	all	xptar	100396	0.19893701465010308	2.421756888602421	2.429914065001307	1.8312403098945684	4.471493529601062
balanced_squared_full	supported	overall	all	ytar	100396	0.009769192304290826	0.14313268967827175	0.14346568918321434	0.13861214102371636	0.28471043504682625
balanced_squared_full	supported	overall	all	yptar	100396	-0.014173511589171996	1.2047638487092995	1.20484721835908	1.1536448877755996	2.316804924896404
balanced_squared_full	supported	foil	-8	xptar	18232	0.07218741282678978	2.702466187856043	2.7034301394849836	1.9349318974007261	5.183184467382914
balanced_squared_full	supported	foil	-8	ytar	18232	0.04354086062458422	0.152510251668759	0.1586038568509533	0.14252870547091875	0.31881794205099806
balanced_squared_full	supported	foil	-8	yptar	18232	-0.2353872589586374	1.2397160406473726	1.2618648989168606	1.1448051670331063	2.386747932361978
balanced_squared_full	supported	foil_delta	-8:0	xptar	1739	0.36765414311188693	4.7106147333890425	4.7249402890797745	3.8659491573138194	10.555886744032659
balanced_squared_full	supported	foil_delta	-8:0	ytar	1739	0.06482537295856627	0.2335140913260689	0.24234512544521475	0.24512792058786131	0.4655157254844734
balanced_squared_full	supported	foil_delta	-8:0	yptar	1739	-0.33381423670201427	1.3513407274899432	1.3919603824814832	1.380992930942	2.6681037231070066
balanced_squared_full	supported	foil_delta	-8:1	xptar	3449	-0.0660658225259027	3.6205000720575704	3.6211027967561065	2.6729173317943076	6.907191029630583
balanced_squared_full	supported	foil_delta	-8:1	ytar	3449	0.04165357524587557	0.1944280448829622	0.19883984753508283	0.19986372463240423	0.38116553624494487
balanced_squared_full	supported	foil_delta	-8:1	yptar	3449	-0.27408359120104103	1.3213611385834865	1.349487707807784	1.3323047761980027	2.608024785374614
balanced_squared_full	supported	foil_delta	-8:2	xptar	5404	0.053085102907718285	2.2462293490515157	2.2468565411906294	1.8957248380253848	4.163528841859801
balanced_squared_full	supported	foil_delta	-8:2	ytar	5404	0.05555978025659458	0.12088140223706917	0.13303835006854672	0.11825477787633282	0.2572602419104824
balanced_squared_full	supported	foil_delta	-8:2	yptar	5404	-0.3029910131228018	1.2112527546956617	1.2485739024146751	1.1760052867477429	2.399199508550628
balanced_squared_full	supported	foil_delta	-8:3	xptar	4673	0.08325587625662764	1.8182874728385217	1.8201925378411912	1.6101555642282568	3.5360942452740516
balanced_squared_full	supported	foil_delta	-8:3	ytar	4673	0.03223961126857468	0.1077007016603298	0.1124225674536753	0.10362984534905567	0.213755977272184
balanced_squared_full	supported	foil_delta	-8:3	yptar	4673	-0.15422140485512675	1.3415822530426853	1.350417410801037	1.0970412439421802	2.339079788030517
balanced_squared_full	supported	foil_delta	-8:4	xptar	2967	0.07708283512563793	1.4710087812152834	1.473027018721476	1.3282984521049819	2.7791807527280574
balanced_squared_full	supported	foil_delta	-8:4	ytar	2967	0.029168085724557237	0.14560139284599394	0.14849425181982154	0.1492193330551787	0.28684700053804135
balanced_squared_full	supported	foil_delta	-8:4	yptar	2967	-0.13741934002462283	0.8952740286711962	0.9057591630372595	0.8826590309241381	1.744015700789109
balanced_squared_full	supported	foil	-3	xptar	7675	-0.4353877180053403	2.534506106502669	2.571630546732795	1.8574046053047086	4.662426701757367
balanced_squared_full	supported	foil	-3	ytar	7675	-0.047137503549132924	0.13398163129614646	0.1420317632278817	0.13208009438722765	0.28364820167051397
balanced_squared_full	supported	foil	-3	yptar	7675	0.2102461544053647	1.2187653761304353	1.2367669495489464	1.1658938641042924	2.344045130366487
balanced_squared_full	supported	foil_delta	-3:0	xptar	712	-1.1443633173659142	5.003223795235897	5.132427860900474	3.4655312945901153	10.64935673824116
balanced_squared_full	supported	foil_delta	-3:0	ytar	712	-0.09238779416793665	0.18128335173539525	0.20346783069477115	0.18638006892142012	0.38699575123792945
balanced_squared_full	supported	foil_delta	-3:0	yptar	712	0.46103463461096683	1.222476962516766	1.3065231946640237	1.2150867354365824	2.430037196696038
balanced_squared_full	supported	foil_delta	-3:1	xptar	1458	-0.474700893708441	2.9034943375962907	2.9420435596607533	2.3170371394580522	5.364866159346692
balanced_squared_full	supported	foil_delta	-3:1	ytar	1458	-0.049104072303367656	0.16854043715515127	0.17554796744258774	0.17263765042017026	0.3348323118430867
balanced_squared_full	supported	foil_delta	-3:1	yptar	1458	0.23742183325804986	1.2632958304586033	1.2854125727414156	1.2794919355189371	2.446498932456355
balanced_squared_full	supported	foil_delta	-3:2	xptar	2460	-0.30978187191596684	2.039115861761997	2.062512619563122	1.8282785443477212	3.9367933306659677
balanced_squared_full	supported	foil_delta	-3:2	ytar	2460	-0.03773534497927368	0.11885252006863534	0.12469914910443519	0.11970839803385794	0.24285472686391202
balanced_squared_full	supported	foil_delta	-3:2	yptar	2460	0.12785843355618837	1.2432848328492414	1.249841971860606	1.2127432730304932	2.3793359346629437
balanced_squared_full	supported	foil_delta	-3:3	xptar	1941	-0.387705614485795	1.7776069258406826	1.8193960608676083	1.5802155720023825	3.5109459493910915
balanced_squared_full	supported	foil_delta	-3:3	ytar	1941	-0.039207520580262174	0.09443158148978968	0.10224750976290069	0.09943875448358007	0.1970593229524389
balanced_squared_full	supported	foil_delta	-3:3	yptar	1941	0.1934580548705485	1.226113822078982	1.241282048402951	1.1064471137419103	2.3758577020922473
balanced_squared_full	supported	foil_delta	-3:4	xptar	1104	-0.289945786294694	1.4741227078192283	1.5023669048199717	1.308041754284302	2.668513928600421
balanced_squared_full	supported	foil_delta	-3:4	ytar	1104	-0.05024977063261966	0.13149018780333588	0.1407647290239548	0.14329656234722157	0.2757779036022431
balanced_squared_full	supported	foil_delta	-3:4	yptar	1104	0.22571350659055336	1.053601781375849	1.077507912163881	0.9381688112396462	1.845767503352746
balanced_squared_full	supported	foil	0	xptar	51445	0.49099663904551805	2.2982178814738146	2.3500815156670596	1.7546157251258672	4.314371129953313
balanced_squared_full	supported	foil	0	ytar	51445	0.017026313285942642	0.13417266198225197	0.13524865458670823	0.1330233888928408	0.26675703181666016
balanced_squared_full	supported	foil	0	yptar	51445	-0.005109006180888329	1.1441984195199437	1.1442098256771325	1.1178960920584267	2.216781931480136
balanced_squared_full	supported	foil_delta	0:0	xptar	5051	0.6487102512646996	3.934061543778886	3.9871876329482943	2.8326628459869965	8.34591994847348
balanced_squared_full	supported	foil_delta	0:0	ytar	5051	0.004931788965492673	0.19188073836486505	0.19194410722355074	0.21211063420083037	0.34294301528518534
balanced_squared_full	supported	foil_delta	0:0	yptar	5051	0.022723109167310206	1.2311700028659405	1.2313796797280476	1.236170575632944	2.3212398068623634
balanced_squared_full	supported	foil_delta	0:1	xptar	8847	0.5498946087930084	2.73505452331956	2.789786251007486	2.193595311905491	5.038052250027544
balanced_squared_full	supported	foil_delta	0:1	ytar	8847	-0.007136009227334	0.16687112037320698	0.16702363138880058	0.1795616972278283	0.3114685378859852
balanced_squared_full	supported	foil_delta	0:1	yptar	8847	0.10877267531491132	1.2227215743161628	1.2275502202327035	1.2403380990917927	2.3861093150268933
balanced_squared_full	supported	foil_delta	0:2	xptar	15130	0.5624212690496612	2.0635390049377698	2.1388106294805516	1.747411374931771	3.999390331451503
balanced_squared_full	supported	foil_delta	0:2	ytar	15130	0.017356393154779545	0.1124549178893636	0.11378643566280995	0.11792652936657794	0.21550564170957215
balanced_squared_full	supported	foil_delta	0:2	yptar	15130	-0.0046942069915227765	1.180838698453691	1.1808480288949488	1.1771468430579783	2.290997235161859
balanced_squared_full	supported	foil_delta	0:3	xptar	13229	0.44800721577705555	1.7554720378833752	1.8117374371521717	1.5146688876761565	3.481988532005228
balanced_squared_full	supported	foil_delta	0:3	ytar	13229	0.026562388242054202	0.09538291065828795	0.09901242404248349	0.10127044906541133	0.18502716763478425
balanced_squared_full	supported	foil_delta	0:3	yptar	13229	-0.0297803327467273	1.1410396274128345	1.141428184138155	1.0711404466745003	2.189423460941232
balanced_squared_full	supported	foil_delta	0:4	xptar	9188	0.2918641439193392	1.5315729794168522	1.5591345258782456	1.3683538523341998	2.8756430080557807
balanced_squared_full	supported	foil_delta	0:4	ytar	9188	0.03266700392674032	0.13712262687111976	0.14096009345054364	0.1443560928433526	0.26580754981685284
balanced_squared_full	supported	foil_delta	0:4	yptar	9188	-0.09522548239036889	0.9299775798395078	0.934840195702253	0.9269786896826391	1.8051153828447801
balanced_squared_full	supported	foil	3	xptar	8080	-0.4054636301686115	2.3423740974979665	2.37720785124459	1.7760402725245537	4.385744369797817
balanced_squared_full	supported	foil	3	ytar	8080	0.015105783313136263	0.1371954534890573	0.1380245526983207	0.1363848805898246	0.2692298113507237
balanced_squared_full	supported	foil	3	yptar	8080	-0.1250274813692582	1.2356662203218536	1.2419753939358202	1.1687453192438613	2.397191029352841
balanced_squared_full	supported	foil_delta	3:0	xptar	766	-0.6023357508494444	4.133605144831839	4.177259849486457	3.09466419250427	9.195823073565435
balanced_squared_full	supported	foil_delta	3:0	ytar	766	-0.011948646298167201	0.18986457779689953	0.19024018516168875	0.20588026969902673	0.34253142847371015
balanced_squared_full	supported	foil_delta	3:0	yptar	766	0.08233653478967899	1.338995466591002	1.341524567241475	1.3329395348823807	2.5863857262970504
balanced_squared_full	supported	foil_delta	3:1	xptar	1544	-0.49697336466421815	2.6075894738662173	2.6545254546535375	2.1102414655129946	5.210958457497426
balanced_squared_full	supported	foil_delta	3:1	ytar	1544	0.020972380632988886	0.17215241768514203	0.17342518751396688	0.1849414005360041	0.3208584137579062
balanced_squared_full	supported	foil_delta	3:1	yptar	1544	-0.13730036646883176	1.2309080908493828	1.238541932576749	1.208508076976683	2.3945273990399696
balanced_squared_full	supported	foil_delta	3:2	xptar	2553	-0.32731231243155295	2.0592089699602005	2.0850599348301335	1.7222381607892427	3.815713253885971
balanced_squared_full	supported	foil_delta	3:2	ytar	2553	0.02355525196808006	0.1194415240497251	0.12174205338584035	0.12494905364653865	0.23055846422349444
balanced_squared_full	supported	foil_delta	3:2	yptar	2553	-0.16744050808289232	1.2462004836227925	1.2573988902208952	1.2033509147421886	2.399414599684392
balanced_squared_full	supported	foil_delta	3:3	xptar	2056	-0.35318216750774756	1.7789234663367328	1.81364449177036	1.5048656361067736	3.3526202887106193
balanced_squared_full	supported	foil_delta	3:3	ytar	2056	0.01243877480726569	0.10283167988119035	0.10358126039923184	0.10665783241862145	0.1982024406316994
balanced_squared_full	supported	foil_delta	3:3	yptar	2056	-0.12276484699244468	1.2832188334406882	1.2890778805618994	1.1582541987945811	2.546153499283625
balanced_squared_full	supported	foil_delta	3:4	xptar	1161	-0.4183111124345136	1.698616635577969	1.7493663599853573	1.4021885965712038	3.042708655821465
balanced_squared_full	supported	foil_delta	3:4	ytar	1161	0.011296604012881666	0.13034255716324797	0.13083117162999963	0.135166159412417	0.2547554824922801
balanced_squared_full	supported	foil_delta	3:4	yptar	1161	-0.15626178013138137	1.031423967437953	1.0431937233971817	0.9821223259945906	1.885879322748467
balanced_squared_full	supported	foil	8	xptar	14964	0.000987996786314415	2.297600730630716	2.2976009430561373	1.7739129805788079	4.162004476302727
balanced_squared_full	supported	foil	8	ytar	14964	-0.03002153279548937	0.15172412162307525	0.15466577356895858	0.14347556252984803	0.3160003263894862
balanced_squared_full	supported	foil	8	yptar	14964	0.16894094314391864	1.2854674734406983	1.2965213718039397	1.2370106366999658	2.5086856618282045
balanced_squared_full	supported	foil_delta	8:0	xptar	1949	0.08921764964614222	3.3825291288136285	3.383705527418287	2.459674961083566	7.019732260928388
balanced_squared_full	supported	foil_delta	8:0	ytar	1949	-0.042495298411328535	0.2158471889181559	0.21999058923267137	0.22677536708781432	0.4133938868981581
balanced_squared_full	supported	foil_delta	8:0	yptar	1949	0.2314376466147399	1.3691945874895526	1.388617010799326	1.3548891509015002	2.7107916005933603
balanced_squared_full	supported	foil_delta	8:1	xptar	2948	-0.008983225199063135	2.557222345358419	2.5572381238233155	2.132882937337481	4.788379033991396
balanced_squared_full	supported	foil_delta	8:1	ytar	2948	-0.043607247750495855	0.19034539839784645	0.19527663134028098	0.19957766157361143	0.3703520478772033
balanced_squared_full	supported	foil_delta	8:1	yptar	2948	0.2792013921195145	1.3961293094351286	1.423773319747664	1.403345156852086	2.755659836868221
balanced_squared_full	supported	foil_delta	8:2	xptar	4436	-0.056894289855031185	2.1503969026524414	2.151149413489291	1.7255607112911155	3.743666712256973
balanced_squared_full	supported	foil_delta	8:2	ytar	4436	-0.027720537310287157	0.12442031238659855	0.1274709469767515	0.12056122886711595	0.2490934407215315
balanced_squared_full	supported	foil_delta	8:2	yptar	4436	0.18772861791321432	1.3057786974191852	1.3192043210273947	1.2568602174713805	2.575660758322843
balanced_squared_full	supported	foil_delta	8:3	xptar	3474	0.02909522996759712	1.8156548832715695	1.8158879887137214	1.512887617121636	3.4295128550276233
balanced_squared_full	supported	foil_delta	8:3	ytar	3474	-0.019378921158626182	0.10178654363872787	0.1036148785222996	0.10100182327943534	0.20010449781363845
balanced_squared_full	supported	foil_delta	8:3	yptar	3474	0.10530494518817235	1.2541515728950636	1.2585647775447422	1.1468123139772046	2.332727276107209
balanced_squared_full	supported	foil_delta	8:4	xptar	2157	0.008663872752156503	1.584919021469939	1.5849427015852322	1.382724738355238	2.8896129651447375
balanced_squared_full	supported	foil_delta	8:4	ytar	2157	-0.022055650517413365	0.137525131737942	0.13928249559540704	0.14149409888190428	0.2613282128029929
balanced_squared_full	supported	foil_delta	8:4	yptar	2157	0.02562868212258318	1.008929438199356	1.0092548937768935	1.0181709097527902	1.909454400888601
all_core_squared_full	core	overall	all	xptar	77864	-0.005163268700294765	1.448461832505707	1.4484710351158088	1.4475920161500722	2.7575960890910283
all_core_squared_full	core	overall	all	ytar	77864	-0.0007930778261144682	0.13429890885435164	0.13430125052250155	0.1293753798682568	0.2669449907780521
all_core_squared_full	core	overall	all	yptar	77864	0.0012062631620975604	1.0231493729153078	1.0231500839895404	1.0211799713093588	1.9926794913397137
all_core_squared_full	core	foil	-8	xptar	13541	0.09087561733916448	1.5347531419821823	1.5374412459183455	1.4703432002266914	2.937704485795114
all_core_squared_full	core	foil	-8	ytar	13541	0.038352893577932846	0.14086472295764954	0.1459925156291774	0.13061787556281446	0.29563257637004803
all_core_squared_full	core	foil	-8	yptar	13541	-0.18433827099519698	1.0251544661340224	1.0415960241802151	1.0111131766656614	2.0481494320552205
all_core_squared_full	core	foil_delta	-8:0	xptar	1063	0.0731190016334717	2.5444457325437106	2.545496115546	2.27773066595864	4.900445562135777
all_core_squared_full	core	foil_delta	-8:0	ytar	1063	0.09071635139429961	0.22544874671675227	0.24301562461382675	0.2368002165280076	0.4649627883642149
all_core_squared_full	core	foil_delta	-8:0	yptar	1063	-0.46244977259155323	1.335399821461343	1.413206451771632	1.393499368461057	2.6622948365825923
all_core_squared_full	core	foil_delta	-8:1	xptar	2510	0.032605959648765746	1.8352573877455596	1.8355470105337188	1.8837319659703322	3.482480983197071
all_core_squared_full	core	foil_delta	-8:1	ytar	2510	0.04852480442096271	0.1880284000208921	0.19418891796008675	0.195419675831779	0.3686451566409704
all_core_squared_full	core	foil_delta	-8:1	yptar	2510	-0.29125291895841793	1.2598226019571668	1.2930511402121436	1.289158202180639	2.5090096842384364
all_core_squared_full	core	foil_delta	-8:2	xptar	4227	0.1331333756523588	1.4199015230825538	1.4261293177565448	1.4873699264743956	2.6955280901799035
all_core_squared_full	core	foil_delta	-8:2	ytar	4227	0.03363045902540724	0.1142400294884117	0.11908732977010095	0.11475839005447622	0.2301149628731321
all_core_squared_full	core	foil_delta	-8:2	yptar	4227	-0.17361915345020534	1.020366907028738	1.0350324803619255	1.043508760587799	1.987915080235486
all_core_squared_full	core	foil_delta	-8:3	xptar	3447	0.08376940661672387	1.2235578754087173	1.2264221083948268	1.2801076539980891	2.3063797278466054
all_core_squared_full	core	foil_delta	-8:3	ytar	3447	0.02361697687297189	0.09461072113501262	0.09751384594151548	0.09606460824736088	0.18942861409263004
all_core_squared_full	core	foil_delta	-8:3	yptar	3447	-0.09462858370598506	0.844174713989164	0.8494618982584725	0.8719656728516596	1.6120354423587695
all_core_squared_full	core	foil_delta	-8:4	xptar	2294	0.09567234239079155	1.11655935391204	1.120650698436856	1.146029702677407	2.1880129720546737
all_core_squared_full	core	foil_delta	-8:4	ytar	2294	0.03380301731843999	0.12498955462971154	0.1294798545966298	0.12890285022883946	0.25228722316652297
all_core_squared_full	core	foil_delta	-8:4	yptar	2294	-0.09303518004662764	0.7630792609189031	0.7687297985448773	0.7642369734227004	1.4824294752360072
all_core_squared_full	core	foil	-3	xptar	5890	-0.679258904408386	1.5510364326193422	1.6932532812697032	1.5011010957751965	3.2340709798925458
all_core_squared_full	core	foil	-3	ytar	5890	-0.05388976601821958	0.12613285173501712	0.1371626886886746	0.1248501523258485	0.2709031644263467
all_core_squared_full	core	foil	-3	yptar	5890	0.21636646806324122	1.0091989767600869	1.0321322702036633	1.0220312709995119	1.9994811405780917
all_core_squared_full	core	foil_delta	-3:0	xptar	467	-1.0979700951941713	2.411990736182182	2.6501391739622586	2.449652954011194	5.3159568167131175
all_core_squared_full	core	foil_delta	-3:0	ytar	467	-0.07174659334458194	0.17595441111554766	0.1900198106713402	0.17951923027963906	0.3730454408472362
all_core_squared_full	core	foil_delta	-3:0	yptar	467	0.3326736013564654	1.1574062505833047	1.2042678082257217	1.1939158688302056	2.2112590904523723
all_core_squared_full	core	foil_delta	-3:1	xptar	1144	-0.844295055673494	1.778136613906223	1.9684013713540736	1.7884525741862398	3.834257215393237
all_core_squared_full	core	foil_delta	-3:1	ytar	1144	-0.043527654665820384	0.16026865656426853	0.1660743779082805	0.16598162889874954	0.3174756012750573
all_core_squared_full	core	foil_delta	-3:1	yptar	1144	0.1770890685754922	1.1506604207675704	1.1642078603625459	1.203461161152199	2.2586565028883765
all_core_squared_full	core	foil_delta	-3:2	xptar	1952	-0.6312454123741609	1.4628665886403742	1.5932512127105851	1.5103025396492689	3.0402542839968443
all_core_squared_full	core	foil_delta	-3:2	ytar	1952	-0.0496015935798634	0.11515133895421029	0.12538001813929273	0.11716656121611778	0.23967526315834478
all_core_squared_full	core	foil_delta	-3:2	yptar	1952	0.16319304075450278	1.0603316741907225	1.0728164930885438	1.094935542823772	2.0487363074739746
all_core_squared_full	core	foil_delta	-3:3	xptar	1459	-0.6099767851200018	1.2858644971276745	1.4232073578220217	1.3217718620453014	2.716141665086048
all_core_squared_full	core	foil_delta	-3:3	ytar	1459	-0.05798804609271681	0.08868122380822624	0.10595741099977746	0.09405139158659549	0.20365494556775118
all_core_squared_full	core	foil_delta	-3:3	yptar	1459	0.24438709330525535	0.8684325265724981	0.9021641228641738	0.8733628958852322	1.7244868727266012
all_core_squared_full	core	foil_delta	-3:4	xptar	868	-0.4609011455930805	1.115550179567903	1.2070136988215976	1.136125690951457	2.289088018131087
all_core_squared_full	core	foil_delta	-3:4	ytar	868	-0.06069418882549292	0.11823479896556546	0.13290316867408491	0.12649850472085422	0.26658460427843633
all_core_squared_full	core	foil_delta	-3:4	yptar	868	0.27803738009619977	0.7928006828004599	0.8401414805731439	0.7937311914755393	1.6213100893845827
all_core_squared_full	core	foil	0	xptar	40404	0.16015351232947322	1.3551653518657674	1.3645960128950017	1.3865900400599886	2.594479149851082
all_core_squared_full	core	foil	0	ytar	40404	0.003549851192281361	0.12530733769278987	0.12535760975362534	0.12430182471874718	0.2473390066155547
all_core_squared_full	core	foil	0	yptar	40404	-0.004929468875799452	0.9835910473049906	0.9836033997511019	0.9908656787174	1.9161291690521332
all_core_squared_full	core	foil_delta	0:0	xptar	3676	0.25458361241064215	1.9087412567315218	1.9256443079803398	1.953538276654481	3.517005915805076
all_core_squared_full	core	foil_delta	0:0	ytar	3676	0.011502046981120909	0.18256782827880655	0.18292979256314626	0.2016429139599027	0.32752007139962763
all_core_squared_full	core	foil_delta	0:0	yptar	3676	-0.04671753312165277	1.1477592268342394	1.1487096111220205	1.18736589922068	2.173355365643053
all_core_squared_full	core	foil_delta	0:1	xptar	6959	0.18639707295074587	1.535669371576545	1.5469402986550278	1.6343852646337949	2.8879170770610547
all_core_squared_full	core	foil_delta	0:1	ytar	6959	-0.0062149515792892275	0.15886283122642608	0.15898435384782006	0.1702230105300906	0.29935680331917525
all_core_squared_full	core	foil_delta	0:1	yptar	6959	0.0521218484539281	1.1437032556005884	1.1448903108846886	1.1749986092974587	2.2125192627905106
all_core_squared_full	core	foil_delta	0:2	xptar	12161	0.18667161060402981	1.3049618524136826	1.3182457003383143	1.383961572994338	2.4975610361657723
all_core_squared_full	core	foil_delta	0:2	ytar	12161	0.00423212008255199	0.10954635338805878	0.10962807296041738	0.11486613148930175	0.20754067980121282
all_core_squared_full	core	foil_delta	0:2	yptar	12161	-0.00505642783021581	1.020887050726748	1.020899572829747	1.0554067584500302	1.964328730075366
all_core_squared_full	core	foil_delta	0:3	xptar	10388	0.12082032315684758	1.1893905098907211	1.1955113280541656	1.2467223502436782	2.265821448823192
all_core_squared_full	core	foil_delta	0:3	ytar	10388	0.004483004579707973	0.09055326043275029	0.09066416218695886	0.09701868220674914	0.17003882417529925
all_core_squared_full	core	foil_delta	0:3	yptar	10388	-0.014928362029401347	0.8739173300477201	0.8740448247948251	0.8936595077165753	1.684012158945681
all_core_squared_full	core	foil_delta	0:4	xptar	7220	0.09870650259907693	1.1104344751088204	1.114812852978267	1.155799462307845	2.1336958232286536
all_core_squared_full	core	foil_delta	0:4	ytar	7220	0.006421086843862631	0.1201229974762499	0.12029449230507425	0.1244591090217811	0.23136428214060603
all_core_squared_full	core	foil_delta	0:4	yptar	7220	-0.02404231419512678	0.7897229795349092	0.7900888666962418	0.8045336394993898	1.5319429663829898
all_core_squared_full	core	foil	3	xptar	6295	-0.628722653736116	1.4565414261524294	1.5864441690204978	1.457788971693514	3.1270034433577454
all_core_squared_full	core	foil	3	ytar	6295	0.002657937348339433	0.1316619870723331	0.1316888130054444	0.1308183632625774	0.2612670701326983
all_core_squared_full	core	foil	3	yptar	6295	-0.12301384394955794	1.037580852544083	1.0448475636997736	1.0347320551696573	2.0485755145589617
all_core_squared_full	core	foil_delta	3:0	xptar	511	-0.9874077382820543	2.0260835186428268	2.2538829752530147	2.169753505644844	4.175456049678467
all_core_squared_full	core	foil_delta	3:0	ytar	511	-0.01809600203833546	0.188363774298499	0.18923101425968025	0.20563821298885498	0.33782188610897645
all_core_squared_full	core	foil_delta	3:0	yptar	511	-0.006004926466843224	1.246554269703719	1.2465687331464899	1.251293925912439	2.4526296804288057
all_core_squared_full	core	foil_delta	3:1	xptar	1221	-0.7936639061887197	1.665818964443473	1.8452249776886995	1.6751717039514245	3.61338834883569
all_core_squared_full	core	foil_delta	3:1	ytar	1221	0.02562443252387292	0.1645951098620417	0.16657779483673113	0.17350560594845035	0.30900832234756515
all_core_squared_full	core	foil_delta	3:1	yptar	1221	-0.2563358363043159	1.145496001610553	1.1738267123726556	1.188538938773882	2.260846308163391
all_core_squared_full	core	foil_delta	3:2	xptar	2073	-0.5540297553886141	1.3963323741187794	1.5022293662647375	1.4563902832420597	2.8991213795012394
all_core_squared_full	core	foil_delta	3:2	ytar	2073	0.012729417922592821	0.11655842323177008	0.11725145673689716	0.1210727644802926	0.22449521604728082
all_core_squared_full	core	foil_delta	3:2	yptar	2073	-0.13213721594420308	1.064254280541615	1.0724259496527655	1.0865989740685527	2.0838816858625258
all_core_squared_full	core	foil_delta	3:3	xptar	1571	-0.5557558063673141	1.2537145984876397	1.371373330195686	1.266867749966326	2.670663545260167
all_core_squared_full	core	foil_delta	3:3	ytar	1571	-0.007982892679399141	0.09778771917225762	0.09811301950527833	0.10309296806611218	0.18197264981875205
all_core_squared_full	core	foil_delta	3:3	yptar	1571	-0.09861731386127326	0.9338775519028418	0.9390701020377861	0.9533036941911208	1.789938532513957
all_core_squared_full	core	foil_delta	3:4	xptar	919	-0.5033558942618568	1.154351288976989	1.2593228556057372	1.1733429134724416	2.458279428423538
all_core_squared_full	core	foil_delta	3:4	ytar	919	-0.0208439808666611	0.11878766918193681	0.1206025782810923	0.12192420744960294	0.22923552414440285
all_core_squared_full	core	foil_delta	3:4	yptar	919	-0.03206673055706998	0.8249154833834987	0.8255385090560289	0.8507544222555807	1.632963104885836
all_core_squared_full	core	foil	8	xptar	11734	-0.012338328651369478	1.4117788290621727	1.4118327438269975	1.4471351026515622	2.713556370063237
all_core_squared_full	core	foil	8	ytar	11734	-0.03612049813574102	0.14467135089869598	0.14911234072479615	0.13696516175049056	0.3010670832049633
all_core_squared_full	core	foil	8	yptar	11734	0.19509058408277696	1.0976110062879587	1.1148140011330252	1.0995425759496709	2.177562834957497
all_core_squared_full	core	foil_delta	8:0	xptar	1436	-0.0785157522800435	1.7562659516467338	1.7580201410307303	1.802506344203214	3.3644504864088036
all_core_squared_full	core	foil_delta	8:0	ytar	1436	-0.06107077722627781	0.20742426347590098	0.21622780790069912	0.2193064799229693	0.4143650423101344
all_core_squared_full	core	foil_delta	8:0	yptar	1436	0.29386175445012475	1.2911666934632309	1.3241850931940287	1.2956712525586047	2.560662741234139
all_core_squared_full	core	foil_delta	8:1	xptar	2320	-0.0512824234205978	1.5574891945743574	1.5583332372017773	1.6341862849467066	2.8973839993496058
all_core_squared_full	core	foil_delta	8:1	ytar	2320	-0.05158595558238189	0.1810396358837009	0.18824574516904882	0.18647957954901306	0.3648403135362465
all_core_squared_full	core	foil_delta	8:1	yptar	2320	0.31657062876900494	1.2693203641046418	1.3082014943157432	1.2983952190447963	2.4712707834833902
all_core_squared_full	core	foil_delta	8:2	xptar	3592	-0.025576439468362577	1.3711888679527668	1.3714273826395145	1.435240117842885	2.635905090329073
all_core_squared_full	core	foil_delta	8:2	ytar	3592	-0.026347834927499723	0.11962302542887022	0.12249031234396827	0.11795004399105907	0.23626244773072333
all_core_squared_full	core	foil_delta	8:2	yptar	3592	0.1920103296425042	1.0962847595223417	1.1129727043599866	1.1090162498858926	2.1556434944080203
all_core_squared_full	core	foil_delta	8:3	xptar	2725	0.04862600171280008	1.2386162940766285	1.239570414294684	1.285681947312688	2.4046384584175087
all_core_squared_full	core	foil_delta	8:3	ytar	2725	-0.021708196429730233	0.09734470398888834	0.09973583702419128	0.09772317828409384	0.19316633028860464
all_core_squared_full	core	foil_delta	8:3	yptar	2725	0.11102714670091998	0.9287929743114711	0.935405482363075	0.9689477836834419	1.7907238421263945
all_core_squared_full	core	foil_delta	8:4	xptar	1661	0.027881162021515943	1.195208085550183	1.195533239588178	1.2228508327542134	2.3873957599437126
all_core_squared_full	core	foil_delta	8:4	ytar	1661	-0.03772704018430484	0.13025980338937185	0.1356132218484096	0.13752000206293893	0.2540777253830964
all_core_squared_full	core	foil_delta	8:4	yptar	1661	0.08459572345391443	0.8671800406858927	0.871296539296856	0.8705141532552125	1.6732396790959843
all_core_squared_full	shoulder	overall	all	xptar	22532	-0.3632700975837782	4.326999686856976	4.342221948940299	3.667945557144977	8.806424690866136
all_core_squared_full	shoulder	overall	all	ytar	22532	-0.0028099817834330624	0.16591245275721989	0.16593624672608437	0.16486476976387815	0.3202981362051897
all_core_squared_full	shoulder	overall	all	yptar	22532	-0.000705684765265187	1.6738681319065534	1.6738682806610927	1.65629144015293	3.053435627342311
all_core_squared_full	shoulder	foil	-8	xptar	4691	-0.2988894011895992	4.634269412256705	4.643897916569826	3.862094770618879	9.918982573365643
all_core_squared_full	shoulder	foil	-8	ytar	4691	0.036460877738084554	0.18431334850501147	0.18788508733415052	0.1810836416824826	0.37422687515561825
all_core_squared_full	shoulder	foil	-8	yptar	4691	-0.17409604117146077	1.7416523490077283	1.7503320645968046	1.6194664846262836	3.1112679024733954
all_core_squared_full	shoulder	foil_delta	-8:0	xptar	676	0.3422978146551829	6.873514903031401	6.882032760464925	7.167445736638116	12.76546752566903
all_core_squared_full	shoulder	foil_delta	-8:0	ytar	676	0.0843018267009651	0.2494571157536436	0.2633166356029301	0.2736621661277552	0.498163499195153
all_core_squared_full	shoulder	foil_delta	-8:0	yptar	676	-0.3863569445860571	1.4982530778140908	1.54726661368016	1.4525596363632398	2.872283194117074
all_core_squared_full	shoulder	foil_delta	-8:1	xptar	939	-0.7819211107031748	6.242766081248477	6.291544243550207	5.134548248645574	11.66968573444359
all_core_squared_full	shoulder	foil_delta	-8:1	ytar	939	0.03473972476753916	0.217867720314208	0.22062001729633315	0.22674212873194727	0.4124673408138491
all_core_squared_full	shoulder	foil_delta	-8:1	yptar	939	-0.2101398009744177	1.5883265638193533	1.6021672850510218	1.5632111100187953	3.0991749812351044
all_core_squared_full	shoulder	foil_delta	-8:2	xptar	1177	-0.4294382844307384	3.912219758340232	3.9357185719614804	3.655732345902292	7.665380802768462
all_core_squared_full	shoulder	foil_delta	-8:2	ytar	1177	0.036656506549390566	0.14375967874137316	0.14835951167427158	0.14189665108319463	0.2876288768992562
all_core_squared_full	shoulder	foil_delta	-8:2	yptar	1177	-0.2012056499899189	1.8293139536883782	1.840345960613621	1.7570168769778092	3.349976606711965
all_core_squared_full	shoulder	foil_delta	-8:3	xptar	1226	-0.21160922847517827	2.871076350759373	2.878863990789704	2.843814019034486	5.454758075109675
all_core_squared_full	shoulder	foil_delta	-8:3	ytar	1226	0.017236345024233456	0.12342940214283175	0.12462707933323038	0.12228170662836169	0.2321454272039023
all_core_squared_full	shoulder	foil_delta	-8:3	yptar	1226	-0.05605209794257925	2.0981204081007903	2.098869001289216	1.7852708674114486	3.4100702479203715
all_core_squared_full	shoulder	foil_delta	-8:4	xptar	673	-0.19966984524737735	2.2999054160897057	2.3085564688913016	2.1936072789050485	4.11794091071512
all_core_squared_full	shoulder	foil_delta	-8:4	ytar	673	0.025487182547459228	0.2026398739963403	0.2042364193954158	0.2215768966882798	0.35054931401231876
all_core_squared_full	shoulder	foil_delta	-8:4	yptar	673	-0.07822739875844395	1.1891100055480885	1.1916803813150099	1.2503953528720335	2.0904360028650286
all_core_squared_full	shoulder	foil	-3	xptar	1785	-1.131425326882255	4.438695674762014	4.580626874507639	3.6217282201937477	8.83865360080778
all_core_squared_full	shoulder	foil	-3	ytar	1785	-0.06071703203469378	0.15098077019171796	0.16273214478641393	0.15331204226971998	0.3163098281650864
all_core_squared_full	shoulder	foil	-3	yptar	1785	0.18138218210630663	1.7403011937174684	1.7497279048012266	1.7006943626691284	3.147584252271611
all_core_squared_full	shoulder	foil_delta	-3:0	xptar	245	-2.3712382181357103	7.835286898526956	8.18623793139288	6.478836638654158	14.655910228997374
all_core_squared_full	shoulder	foil_delta	-3:0	ytar	245	-0.0735886932656595	0.18643442161083185	0.20043225623115835	0.19726112953871988	0.37363485284735376
all_core_squared_full	shoulder	foil_delta	-3:0	yptar	245	0.34086941398682313	1.383614616221112	1.4249846889045563	1.2352636695531136	2.5688543045413406
all_core_squared_full	shoulder	foil_delta	-3:1	xptar	314	-1.1287885776238915	5.257780940987125	5.377585338828351	4.6171117805261055	9.442675106881323
all_core_squared_full	shoulder	foil_delta	-3:1	ytar	314	-0.03411189197155126	0.18835440169049741	0.19141839464916646	0.19765137947482425	0.37820163261254053
all_core_squared_full	shoulder	foil_delta	-3:1	yptar	314	0.09671984278383558	1.5827666824066295	1.5857191109791855	1.509219622544471	3.022087392435173
all_core_squared_full	shoulder	foil_delta	-3:2	xptar	508	-0.8861843394341333	3.441981178753952	3.554230875780969	3.425041499645968	6.023448804295409
all_core_squared_full	shoulder	foil_delta	-3:2	ytar	508	-0.06270750448283911	0.13204509941153364	0.1461784505221857	0.1324027436595088	0.2864329898474234
all_core_squared_full	shoulder	foil_delta	-3:2	yptar	508	0.07366918933547253	1.7861083133735933	1.7876269343908444	1.8535030503417467	3.1818089052537606
all_core_squared_full	shoulder	foil_delta	-3:3	xptar	482	-0.9891350474975277	2.7526784935641073	2.925000347199689	2.7145810355424516	5.322761308740257
all_core_squared_full	shoulder	foil_delta	-3:3	ytar	482	-0.06060804125634155	0.10750679310932539	0.12341412086783948	0.11383967640732773	0.23383422433741297
all_core_squared_full	shoulder	foil_delta	-3:3	yptar	482	0.20405345760312343	1.9401636665311999	1.9508646458654118	1.915258572001218	3.5743233566639976
all_core_squared_full	shoulder	foil_delta	-3:4	xptar	236	-0.6663410777174833	2.3544505267409104	2.4469261768031028	1.944339446423768	4.974034064688557
all_core_squared_full	shoulder	foil_delta	-3:4	ytar	236	-0.07869089021159258	0.16292471103262754	0.18093290929888378	0.18162831442268254	0.3182739260079416
all_core_squared_full	shoulder	foil_delta	-3:4	yptar	236	0.3140103527615922	1.7182283710578463	1.74668578649669	1.5184705316254976	2.67407689542235
all_core_squared_full	shoulder	foil	0	xptar	11041	-0.13230184339203976	4.211556986208488	4.213634538714346	3.5827737466590337	8.262469851749564
all_core_squared_full	shoulder	foil	0	ytar	11041	0.0003691145643057519	0.15086228882139593	0.1508627403767805	0.15747143409312325	0.28538662055258907
all_core_squared_full	shoulder	foil	0	yptar	11041	0.0073248598631478635	1.5669188666799436	1.5669359873107687	1.6043117164494873	2.8838788071180836
all_core_squared_full	shoulder	foil_delta	0:0	xptar	1375	0.08319695094084227	6.868083209302793	6.868587096525224	5.70667889162032	12.269022709557122
all_core_squared_full	shoulder	foil_delta	0:0	ytar	1375	-0.002005994002691918	0.1981641486277051	0.19817430159655422	0.2227658352355503	0.3490523910818151
all_core_squared_full	shoulder	foil_delta	0:0	yptar	1375	0.0342419973667604	1.343039428357698	1.3434758726925609	1.2750190305539633	2.52372127187461
all_core_squared_full	shoulder	foil_delta	0:1	xptar	1888	-0.4913590496394476	5.092505549306891	5.116155439916193	4.359121901006507	9.689483542113019
all_core_squared_full	shoulder	foil_delta	0:1	ytar	1888	-0.010595754387502843	0.18065533772158215	0.18096580079766228	0.2006614561695918	0.32082051414228746
all_core_squared_full	shoulder	foil_delta	0:1	yptar	1888	0.07319323447615862	1.4054464642542035	1.4073510626200287	1.4486953133566742	2.682855353484824
all_core_squared_full	shoulder	foil_delta	0:2	xptar	2969	-0.24329328896775762	3.8181016907749314	3.825845285104344	3.5181015328783776	7.030802562894181
all_core_squared_full	shoulder	foil_delta	0:2	ytar	2969	0.00022219816513494289	0.12154916374717738	0.12154936684188333	0.1281455649330091	0.22669841783976113
all_core_squared_full	shoulder	foil_delta	0:2	yptar	2969	-0.008129408522994904	1.65752656166832	1.6575464970609228	1.7414545334195934	3.0853825830266484
all_core_squared_full	shoulder	foil_delta	0:3	xptar	2841	-0.012293414931137591	3.0195241705680425	3.019549195607731	2.9438175794204566	5.716838448093047
all_core_squared_full	shoulder	foil_delta	0:3	ytar	2841	0.005303573121959217	0.10602960262624497	0.1061621614368292	0.1147295380489966	0.19084209314058995
all_core_squared_full	shoulder	foil_delta	0:3	yptar	2841	0.02736785746749694	1.7893662848089664	1.789575564437949	1.8532526948825085	3.2715010654318504
all_core_squared_full	shoulder	foil_delta	0:4	xptar	1968	0.05579715043127138	2.5076417735895995	2.508262463668394	2.4086472602763003	4.34313214746895
all_core_squared_full	shoulder	foil_delta	0:4	ytar	1968	0.005645966641277834	0.17389580557186313	0.17398743671541816	0.19466401215874807	0.2857078589808104
all_core_squared_full	shoulder	foil_delta	0:4	yptar	1968	-0.08029149617970241	1.3561049084404666	1.3584797558503041	1.3602528133956961	2.2147129783145734
all_core_squared_full	shoulder	foil	3	xptar	1785	-1.1401884165794376	4.179880709919292	4.332601109548089	3.6224236337889097	9.165166058015858
all_core_squared_full	shoulder	foil	3	ytar	1785	-0.008697871040576908	0.1575204657883167	0.15776041995002027	0.16448244008530694	0.3005768473949811
all_core_squared_full	shoulder	foil	3	yptar	1785	-0.09682270422503578	1.7907040260712794	1.7933196996189325	1.788676228914974	3.3005599158602346
all_core_squared_full	shoulder	foil_delta	3:0	xptar	255	-1.0222044908168069	6.613057483684755	6.691594077913348	6.137646940601979	12.390060199296544
all_core_squared_full	shoulder	foil_delta	3:0	ytar	255	-0.031190328817060606	0.18511875143719958	0.1877279647398971	0.19132609506459708	0.3345818798400445
all_core_squared_full	shoulder	foil_delta	3:0	yptar	255	0.30888739602243037	1.5091991256992092	1.5404848017532582	1.492998861623272	2.985188546714216
all_core_squared_full	shoulder	foil_delta	3:1	xptar	323	-1.391921514346117	4.723107070911203	4.92394007938673	4.624504857685691	8.158316375940084
all_core_squared_full	shoulder	foil_delta	3:1	ytar	323	0.00016230555837824423	0.2000024880834418	0.20000255394034736	0.21758155603038537	0.36904666071214615
all_core_squared_full	shoulder	foil_delta	3:1	yptar	323	-0.026957819087560942	1.536777510932033	1.5370139368647289	1.5911370208683366	2.9718890886848204
all_core_squared_full	shoulder	foil_delta	3:2	xptar	480	-1.3462831641519732	3.7490170685528175	3.983416540907994	3.4358521098250625	7.381653738884143
all_core_squared_full	shoulder	foil_delta	3:2	ytar	480	0.014406754779248266	0.13566469868675837	0.1364275084176147	0.14408583483181944	0.24734848091530945
all_core_squared_full	shoulder	foil_delta	3:2	yptar	480	-0.36826999431492674	1.8629785848028595	1.8990292246689573	1.8606509903588617	3.333835458982366
all_core_squared_full	shoulder	foil_delta	3:3	xptar	485	-0.9509025701836084	2.8333721418443805	2.98868087827416	2.527801166199219	5.491047103654482
all_core_squared_full	shoulder	foil_delta	3:3	ytar	485	-0.01198100517755123	0.11846509834798268	0.11906940837873395	0.1218710918721552	0.2209973572421662
all_core_squared_full	shoulder	foil_delta	3:3	yptar	485	-0.057819084502805214	2.0458729231053465	2.0466897820696612	2.066294537168413	3.704077117809663
all_core_squared_full	shoulder	foil_delta	3:4	xptar	242	-0.8990903469843698	2.9551522352737245	3.0888975680141555	2.4216052642974626	6.264176612578894
all_core_squared_full	shoulder	foil_delta	3:4	ytar	242	-0.036070435691579826	0.16254403076743035	0.16649816296014722	0.18301705524515222	0.28643147425971266
all_core_squared_full	shoulder	foil_delta	3:4	yptar	242	-0.1573371248227316	1.5794369387388034	1.5872542374490883	1.4404461591106756	2.6200336343735113
all_core_squared_full	shoulder	foil	8	xptar	3230	-0.3924261525717178	4.170734617732319	4.189155706914341	3.5866361511671077	8.550091559866827
all_core_squared_full	shoulder	foil	8	ytar	3230	-0.03545581390984831	0.18266551015857022	0.18607472515497775	0.17750882213435215	0.3729386908387745
all_core_squared_full	shoulder	foil	8	yptar	3230	0.176152196358292	1.7896180833870579	1.798266521032913	1.768824855983914	3.2158367429278703
all_core_squared_full	shoulder	foil_delta	8:0	xptar	513	-0.039038821237772296	5.957182407949005	5.957310321876873	5.387548948985799	13.06991115577256
all_core_squared_full	shoulder	foil_delta	8:0	ytar	513	-0.06478754287161143	0.23801885737909562	0.2466787428608131	0.25653775941606133	0.45763495639279295
all_core_squared_full	shoulder	foil_delta	8:0	yptar	513	0.3753984840497407	1.5254555599705013	1.5709674367318247	1.4623405040806667	3.1692226765460303
all_core_squared_full	shoulder	foil_delta	8:1	xptar	628	-0.6009779124760813	4.672880647293626	4.71136795369831	4.205811321093924	9.960209982931891
all_core_squared_full	shoulder	foil_delta	8:1	ytar	628	-0.05913481690512002	0.21682998811583035	0.22474912751046042	0.23394923423034758	0.410493222237184
all_core_squared_full	shoulder	foil_delta	8:1	yptar	628	0.32705210399388135	1.703480127653584	1.7345914862115217	1.6710867721121736	3.2349772209463663
all_core_squared_full	shoulder	foil_delta	8:2	xptar	844	-0.6575418168560511	4.035798026169339	4.089012955341018	3.4769498990392087	7.785128043930371
all_core_squared_full	shoulder	foil_delta	8:2	ytar	844	-0.0247651683015345	0.14943505196937198	0.1514732594159518	0.13988627932822778	0.30797211018572507
all_core_squared_full	shoulder	foil_delta	8:2	yptar	844	0.09476921486708456	1.9352714910193567	1.9375905006060512	2.0084601562152757	3.5566936437803762
all_core_squared_full	shoulder	foil_delta	8:3	xptar	749	-0.24263140187674462	3.1250038202091064	3.134408855509789	2.885543984120784	6.11695275311257
all_core_squared_full	shoulder	foil_delta	8:3	ytar	749	-0.014391909053703524	0.1282265040974245	0.12903163720288485	0.1230006148934429	0.25225139329303453
all_core_squared_full	shoulder	foil_delta	8:3	yptar	749	0.09755598819244674	2.047433404551689	2.049756257925884	1.912820899175863	3.403305420299522
all_core_squared_full	shoulder	foil_delta	8:4	xptar	496	-0.2689500303316603	2.4721683384500697	2.486754996466355	2.303538243717216	4.318561716994466
all_core_squared_full	shoulder	foil_delta	8:4	ytar	496	-0.02513762599100593	0.18375824773205734	0.1854696574915149	0.19807579454401417	0.3382216716449935
all_core_squared_full	shoulder	foil_delta	8:4	yptar	496	0.03618709295896524	1.4008225277852122	1.4012898558283267	1.542121969998722	2.351097917017074
all_core_squared_full	supported	overall	all	xptar	100396	-0.08553363274271328	2.4189888656962237	2.4205005958876504	1.8200017559246466	4.41330168849364
all_core_squared_full	supported	overall	all	ytar	100396	-0.0012457341069055613	0.14201029816397961	0.14201576193538343	0.13684644491489634	0.2810481931559157
all_core_squared_full	supported	overall	all	yptar	100396	0.0007771622945397185	1.200296670483265	1.2002969220798843	1.1472454522981153	2.306969101967794
all_core_squared_full	supported	foil	-8	xptar	18232	-0.009408920940696786	2.7026337339799635	2.702650111990035	1.9312824451512753	5.148475762199233
all_core_squared_full	supported	foil	-8	ytar	18232	0.03786608761562875	0.15322778832401532	0.15783724435627897	0.14198000402173097	0.3236791029015918
all_core_squared_full	supported	foil	-8	yptar	18232	-0.1817029978434228	1.2494102435818875	1.2625537359624097	1.1522485463243395	2.3995739123683255
all_core_squared_full	supported	foil_delta	-8:0	xptar	1739	0.17775665407894425	4.726552531462289	4.72989389529426	3.8869973513837452	10.893697516339467
all_core_squared_full	supported	foil_delta	-8:0	ytar	1739	0.08822283863254336	0.23509379745680717	0.2511022956068822	0.24987079201659934	0.4835082296449992
all_core_squared_full	supported	foil_delta	-8:0	yptar	1739	-0.43287027188326377	1.4014475418165588	1.4667760172377944	1.4158034084161253	2.743499370028932
all_core_squared_full	supported	foil_delta	-8:1	xptar	3449	-0.18915133784629726	3.632203063980795	3.6371248709111597	2.655951204325782	6.945625806850376
all_core_squared_full	supported	foil_delta	-8:1	ytar	3449	0.04477177751618894	0.19669713936286048	0.2017282248360196	0.20423654826975374	0.38862294755542476
all_core_squared_full	supported	foil_delta	-8:1	yptar	3449	-0.2691696432880856	1.3576391295882018	1.3840651368547816	1.3527356924189133	2.6272120754683326
all_core_squared_full	supported	foil_delta	-8:2	xptar	5404	0.010604351981410326	2.2281110605673233	2.2281362953157484	1.8944422595191948	4.085518661856246
all_core_squared_full	supported	foil_delta	-8:2	ytar	5404	0.03428953710381737	0.12128946706181605	0.12604327500875812	0.11857502544906415	0.24770814660409507
all_core_squared_full	supported	foil_delta	-8:2	yptar	5404	-0.1796275373190512	1.2423218182097537	1.2552408343275387	1.1892845949522624	2.3970784015476614
all_core_squared_full	supported	foil_delta	-8:3	xptar	4673	0.006274391289809233	1.8121378483549084	1.812148710626811	1.6105298128881653	3.520443112040685
all_core_squared_full	supported	foil_delta	-8:3	ytar	4673	0.021942965606857334	0.10299334540205472	0.10530490461859159	0.10247445485121826	0.20166547441857555
all_core_squared_full	supported	foil_delta	-8:3	yptar	4673	-0.08450772525404081	1.2964890791531503	1.2992403503551588	1.0848500326411512	2.2875971643179525
all_core_squared_full	supported	foil_delta	-8:4	xptar	2967	0.028680332859113873	1.4761565331177113	1.4764351227734358	1.3286722536565523	2.74976275375402
all_core_squared_full	supported	foil_delta	-8:4	ytar	2967	0.03191674943813326	0.14630499817368478	0.14974588937696584	0.1483166899645692	0.2927097581610059
all_core_squared_full	supported	foil_delta	-8:4	yptar	2967	-0.08967635402473761	0.8780546476895942	0.8826221234483459	0.8566514088138951	1.721532174364437
all_core_squared_full	supported	foil	-3	xptar	7675	-0.784420736866478	2.54260973715807	2.660860794539462	1.87534648570742	4.856910116158358
all_core_squared_full	supported	foil	-3	ytar	7675	-0.055477605736709026	0.13236028402178093	0.14351658275127738	0.13089998618082171	0.2831938079864153
all_core_squared_full	supported	foil	-3	yptar	7675	0.20823005758335483	1.2191028927809697	1.236758513238577	1.1630526641736878	2.3508977515292653
all_core_squared_full	supported	foil_delta	-3:0	xptar	712	-1.536103086936695	5.030574797753537	5.25987599563806	3.507372294631538	10.809236237421377
all_core_squared_full	supported	foil_delta	-3:0	ytar	712	-0.07238046199719993	0.17963173783899122	0.1936659301941985	0.1823924610745859	0.3732882552917195
all_core_squared_full	supported	foil_delta	-3:0	yptar	712	0.3354937896913497	1.2399168423829325	1.284503740339562	1.2151043629272644	2.3558046613652444
all_core_squared_full	supported	foil_delta	-3:1	xptar	1458	-0.9055645796051984	2.906558411046138	3.0443601962741846	2.3076660321776528	5.753177629609896
all_core_squared_full	supported	foil_delta	-3:1	ytar	1458	-0.04149984294702717	0.16676246778991705	0.17184864744306555	0.17073326586587623	0.32618765644579145
all_core_squared_full	supported	foil_delta	-3:1	yptar	1458	0.15978046987962102	1.2567750028527431	1.2668911580520503	1.2547661893286777	2.4413797920944362
all_core_squared_full	supported	foil_delta	-3:2	xptar	2460	-0.6838913371491471	2.0384347762534567	2.1500985321764046	1.8311017465520139	4.035730525471199
all_core_squared_full	supported	foil_delta	-3:2	ytar	2460	-0.05230801745738847	0.11895525732477821	0.12994799704315052	0.11958617747452127	0.2523050753570623
all_core_squared_full	supported	foil_delta	-3:2	yptar	2460	0.14470600151837784	1.2458848521366976	1.2542602966127556	1.2206675963255615	2.3870115348664096
all_core_squared_full	supported	foil_delta	-3:3	xptar	1941	-0.7041314901514121	1.7751932323790056	1.9097413876509743	1.5887772802388853	3.6147484619057333
all_core_squared_full	supported	foil_delta	-3:3	ytar	1941	-0.05863865797775911	0.0937165642248834	0.11054992817523361	0.09927064960391785	0.21248216865414876
all_core_squared_full	supported	foil_delta	-3:3	yptar	1941	0.23437121880323183	1.225542199883256	1.2477513982753148	1.1194799591427966	2.399415300441472
all_core_squared_full	supported	foil_delta	-3:4	xptar	1104	-0.5048176528225723	1.4732724421332566	1.5573607646754752	1.3205535084929738	2.671855201410887
all_core_squared_full	supported	foil_delta	-3:4	ytar	1104	-0.06454130977397074	0.12930544412600764	0.14451809072902855	0.1394473370468861	0.2827432040156053
all_core_squared_full	supported	foil_delta	-3:4	yptar	1104	0.2857272546877148	1.0608956562391936	1.0986990750421919	0.9592205750569942	1.9149093616547532
all_core_squared_full	supported	foil	0	xptar	51445	0.09738745960284818	2.294224822825345	2.296290890753147	1.7476711053117184	4.147166270013809
all_core_squared_full	supported	foil	0	ytar	51445	0.00286720928131861	0.1312185118154359	0.1312498332651153	0.1311555543589788	0.25824892261864507
all_core_squared_full	supported	foil	0	yptar	51445	-0.002299474831544083	1.1343637378113884	1.1343660684478911	1.1060883801492096	2.193702591226936
all_core_squared_full	supported	foil_delta	0:0	xptar	5051	0.20792816605923153	3.9367818898099487	3.942269114377701	2.8109691666174053	8.364931174136496
all_core_squared_full	supported	foil_delta	0:0	ytar	5051	0.00782484318924947	0.18703911053041622	0.18720271643046638	0.2075554128509008	0.33352800183541953
all_core_squared_full	supported	foil_delta	0:0	yptar	5051	-0.02467846077527224	1.204599608229189	1.2048523737670738	1.2114347224119175	2.280128949632368
all_core_squared_full	supported	foil_delta	0:1	xptar	8847	0.041760070639195596	2.7324894997067797	2.732808586327919	2.2010089680761826	4.865944764829143
all_core_squared_full	supported	foil_delta	0:1	ytar	8847	-0.007149839756287904	0.16376690449978923	0.1639229063248443	0.17579032695357277	0.3047669097468546
all_core_squared_full	supported	foil_delta	0:1	yptar	8847	0.05661860179517047	1.2043756737381093	1.2057057806784226	1.2271297363896692	2.3488429262538157
all_core_squared_full	supported	foil_delta	0:2	xptar	15130	0.10229845879777492	2.063631407377593	2.0661654242067904	1.7402362110642495	3.829175245018265
all_core_squared_full	supported	foil_delta	0:2	ytar	15130	0.00344524247694649	0.11201450333469241	0.11206747366226641	0.11721558712309849	0.21128407847482064
all_core_squared_full	supported	foil_delta	0:2	yptar	15130	-0.00565944697607577	1.1733817035249363	1.1733953517494249	1.1667513849538174	2.2721152977137473
all_core_squared_full	supported	foil_delta	0:3	xptar	13229	0.09223342090361863	1.7526758588802256	1.7551010427417333	1.5089071697598433	3.3262252653731967
all_core_squared_full	supported	foil_delta	0:3	ytar	13229	0.00465922615568014	0.09409237497984493	0.09420766114131866	0.10063630000022544	0.1764209083903196
all_core_squared_full	supported	foil_delta	0:3	yptar	13229	-0.005845017892226355	1.1347372020194553	1.134752255728581	1.0652456965586965	2.1897337549727296
all_core_squared_full	supported	foil_delta	0:4	xptar	9188	0.0895156444072788	1.5218937926362786	1.5245241115372647	1.3576129499545937	2.819008072795152
all_core_squared_full	supported	foil_delta	0:4	ytar	9188	0.0062550619680804284	0.1334768305550841	0.13362331419050777	0.14035918275373624	0.25060819992895483
all_core_squared_full	supported	foil_delta	0:4	yptar	9188	-0.03609046288315952	0.9404868057510247	0.9411790229828151	0.9140753861956681	1.7705477357631016
all_core_squared_full	supported	foil	3	xptar	8080	-0.741713543176132	2.3574500599054673	2.4713781105041743	1.792109613533451	4.57560752560616
all_core_squared_full	supported	foil	3	ytar	8080	0.00014925938123353235	0.1378732822720553	0.13787336306492537	0.13706756694925692	0.27067251844278195
all_core_squared_full	supported	foil	3	yptar	8080	-0.11722780627526685	1.243886325240435	1.249398074548006	1.1821289090290197	2.4218837206531916
all_core_squared_full	supported	foil_delta	3:0	xptar	766	-0.9989915136036754	4.1589915350226985	4.277288233523973	3.128037523858209	9.378896034958123
all_core_squared_full	supported	foil_delta	3:0	ytar	766	-0.022455079490783132	0.18739138200310504	0.18873198097824076	0.20311435181264031	0.33775936518834243
all_core_squared_full	supported	foil_delta	3:0	yptar	766	0.09882215216861992	1.347911196979951	1.3515289167099471	1.35512921491383	2.635581403580275
all_core_squared_full	supported	foil_delta	3:1	xptar	1544	-0.9188175379470356	2.6306580814307114	2.7865009616786	2.1959489974561563	5.445661924843075
all_core_squared_full	supported	foil_delta	3:1	ytar	1544	0.020297834719562834	0.1729144870367771	0.174101757376238	0.18514162996079706	0.32128784926709547
all_core_squared_full	supported	foil_delta	3:1	yptar	1544	-0.20835066819485223	1.241137550812341	1.258504040904795	1.2342065493122267	2.4245683286469375
all_core_squared_full	supported	foil_delta	3:2	xptar	2553	-0.70298456784706	2.078833705997422	2.1944787262177075	1.7582668864400706	3.9965856232866983
all_core_squared_full	supported	foil_delta	3:2	ytar	2553	0.013044780903867643	0.12038415116375561	0.12108885233681865	0.1248257428801109	0.23083357989959427
all_core_squared_full	supported	foil_delta	3:2	yptar	2553	-0.17653350799980327	1.257273364886432	1.2696063931390578	1.2143935725354287	2.424994661382724
all_core_squared_full	supported	foil_delta	3:3	xptar	2056	-0.6489689291547183	1.7671810266075463	1.8825752181015034	1.5220002058773696	3.411145773834266
all_core_squared_full	supported	foil_delta	3:3	ytar	2056	-0.008926027193797861	0.10305403096719774	0.10343987267999015	0.10687800106899542	0.19498946151276847
all_core_squared_full	supported	foil_delta	3:3	yptar	2056	-0.08899321792797704	1.2861017917636393	1.2891771063801978	1.1763906648391576	2.567285243074536
all_core_squared_full	supported	foil_delta	3:4	xptar	1161	-0.5858431789809335	1.7032064248079017	1.8011452900489178	1.3930698701813389	3.0996345141488177
all_core_squared_full	supported	foil_delta	3:4	ytar	1161	-0.024017798323707037	0.12928527631986242	0.1314972901219696	0.13522758030110998	0.24893314052810528
all_core_squared_full	supported	foil_delta	3:4	yptar	1161	-0.05817821670030005	1.0301528794428438	1.0317943883947078	0.9760123074782023	1.8543461835335953
all_core_squared_full	supported	foil	8	xptar	14964	-0.09438080868763817	2.311297220293783	2.3132234171359887	1.7817740891399225	4.183761773075985
all_core_squared_full	supported	foil	8	ytar	14964	-0.03597702513055301	0.15366975670499194	0.15782503116747942	0.14500900235237646	0.3219913106646259
all_core_squared_full	supported	foil	8	yptar	14964	0.1910027070211566	1.2790926476624553	1.293274926453598	1.2262062241558738	2.486496367145862
all_core_squared_full	supported	foil_delta	8:0	xptar	1949	-0.06812495411447907	3.407898614038584	3.4085794655456105	2.5011064291579923	7.0258979828765655
all_core_squared_full	supported	foil_delta	8:0	ytar	1949	-0.062049074186799176	0.21590413563219246	0.2246434583746499	0.22865260046457006	0.4306265730981777
all_core_squared_full	supported	foil_delta	8:0	yptar	1949	0.31532319225648847	1.3572380480666846	1.3933857451167952	1.325566859342747	2.7561927860272473
all_core_squared_full	supported	foil_delta	8:1	xptar	2948	-0.16838173384354344	2.5712386942638314	2.576746171273323	2.1377159533649523	4.873718910244202
all_core_squared_full	supported	foil_delta	8:1	ytar	2948	-0.053194057655204	0.1892574110417629	0.1965908833187744	0.1971730178021956	0.3768463358291459
all_core_squared_full	supported	foil_delta	8:1	yptar	2948	0.31880345320632597	1.3733676363684773	1.409884501085325	1.3800382750373494	2.69674255884387
all_core_squared_full	supported	foil_delta	8:2	xptar	4436	-0.14581511812372983	2.1639967797031647	2.1689038962662925	1.7238559643087144	3.743768472661791
all_core_squared_full	supported	foil_delta	8:2	ytar	4436	-0.02604671440623853	0.12584185816232607	0.12850916152985808	0.12251327518437445	0.24850544249602122
all_core_squared_full	supported	foil_delta	8:2	yptar	4436	0.17350908959055328	1.2989283655889419	1.3104656817719806	1.2511880539988836	2.5626348131381866
all_core_squared_full	supported	foil_delta	8:3	xptar	3474	-0.014169564000662487	1.82297470062841	1.8230297681813126	1.522727512871631	3.461475252449685
all_core_squared_full	supported	foil_delta	8:3	ytar	3474	-0.020130793077788953	0.10481857875248674	0.10673417110575234	0.10350312053928132	0.20470760976203453
all_core_squared_full	supported	foil_delta	8:3	yptar	3474	0.10812274321132687	1.257177545567299	1.2618184927627907	1.1494101047548595	2.2873872123231545
all_core_squared_full	supported	foil_delta	8:4	xptar	2157	-0.04037487479219544	1.5877647125293846	1.5882779709068577	1.3899178771085126	2.928199660588696
all_core_squared_full	supported	foil_delta	8:4	ytar	2157	-0.03483211693911418	0.1444254279219304	0.14856641814654087	0.1481105040168103	0.2816878303619828
all_core_squared_full	supported	foil_delta	8:4	yptar	2157	0.07346420712313334	1.0152458000339672	1.017900301706823	1.0180825267346703	1.9305880949972494
all_core_huber_full	core	overall	all	xptar	77864	-0.0069948242458238155	1.4484848431739343	1.4485017322981864	1.446653692041457	2.758650463779682
all_core_huber_full	core	overall	all	ytar	77864	-0.0009149201526276618	0.13434605511940895	0.13434917046648612	0.12907998250201702	0.26695049645873126
all_core_huber_full	core	overall	all	yptar	77864	0.0027439357662988684	1.0231422744475391	1.023145953882032	1.0202629111723707	1.9944279758348857
all_core_huber_full	core	foil	-8	xptar	13541	0.08910988853902292	1.5346490402749298	1.5372339604146794	1.4660253735698854	2.940438176419643
all_core_huber_full	core	foil	-8	ytar	13541	0.04025010952905233	0.14248126106677658	0.14805735737301154	0.13186625881745476	0.29910493167094754
all_core_huber_full	core	foil	-8	yptar	13541	-0.1885887168305696	1.0293875913121737	1.0465201943886604	1.0125631354512432	2.058915347437476
all_core_huber_full	core	foil_delta	-8:0	xptar	1063	0.07328719960293663	2.5472574113402886	2.548311467080441	2.2817687357990453	4.905699852830045
all_core_huber_full	core	foil_delta	-8:0	ytar	1063	0.09865918869491408	0.22743149274766847	0.24790869167371166	0.23329690340167042	0.4769241902646982
all_core_huber_full	core	foil_delta	-8:0	yptar	1063	-0.4860144457304662	1.3416886057458923	1.4270032782888231	1.3980759361305979	2.7012319530686595
all_core_huber_full	core	foil_delta	-8:1	xptar	2510	0.020592141549850267	1.838824237076824	1.838939534393334	1.892426227659187	3.4944521353496505
all_core_huber_full	core	foil_delta	-8:1	ytar	2510	0.05457692878544522	0.1894606925211561	0.19716489334120216	0.1951687518631889	0.3777026704180682
all_core_huber_full	core	foil_delta	-8:1	yptar	2510	-0.30981141171376475	1.2655199830988597	1.3028906087813412	1.2928440115109416	2.5238154025505692
all_core_huber_full	core	foil_delta	-8:2	xptar	4227	0.13293379733028837	1.4174949133273151	1.4237145864889715	1.4860422175710992	2.6932688324175884
all_core_huber_full	core	foil_delta	-8:2	ytar	4227	0.03391933632358519	0.11548701463241226	0.12036516076232145	0.11589900534125266	0.23238690658098518
all_core_huber_full	core	foil_delta	-8:2	yptar	4227	-0.17581723059396973	1.0238082039427632	1.0387949446518498	1.041214480166531	1.9986930274153212
all_core_huber_full	core	foil_delta	-8:3	xptar	3447	0.08532510221573586	1.2220752433178628	1.2250503146395824	1.2768165845977895	2.304089569230197
all_core_huber_full	core	foil_delta	-8:3	ytar	3447	0.023502706507179148	0.09562408406376001	0.09847000896819112	0.09697004007205527	0.19038551849057017
all_core_huber_full	core	foil_delta	-8:3	yptar	3447	-0.08984329740393977	0.8449715317878231	0.8497344924270598	0.8710557451756591	1.6138689631193328
all_core_huber_full	core	foil_delta	-8:4	xptar	2294	0.09634683678556803	1.1136704221642266	1.1178302743091333	1.1452919718848276	2.183864469095415
all_core_huber_full	core	foil_delta	-8:4	ytar	2294	0.03433873597589156	0.12624201733633952	0.1308288795701111	0.12954383374904896	0.2544242256383408
all_core_huber_full	core	foil_delta	-8:4	yptar	2294	-0.09003946622389615	0.7631205483182998	0.7684140008768102	0.7609627438082972	1.4736269581240355
all_core_huber_full	core	foil	-3	xptar	5890	-0.6855498822554594	1.5491963403441371	1.6941038757986897	1.4993875353123736	3.234590815075946
all_core_huber_full	core	foil	-3	ytar	5890	-0.049513909189477213	0.12568007179439705	0.1350818553672868	0.12405222679164224	0.26687688860602404
all_core_huber_full	core	foil	-3	yptar	5890	0.20199435254688738	1.0085091221339222	1.0285389481629612	1.0195652378258697	1.9949266832522161
all_core_huber_full	core	foil_delta	-3:0	xptar	467	-1.094003974046205	2.403397493256341	2.6406749527004933	2.434461847953988	5.340832305300559
all_core_huber_full	core	foil_delta	-3:0	ytar	467	-0.06308686104623121	0.17454887664922963	0.185599737004594	0.17621064961599323	0.36157388483202607
all_core_huber_full	core	foil_delta	-3:0	yptar	467	0.30285999154011367	1.15371593002978	1.1928053578351154	1.1829872855669077	2.1925503521983964
all_core_huber_full	core	foil_delta	-3:1	xptar	1144	-0.8577033256867606	1.778468702498725	1.9744887745088926	1.7979062661399459	3.8440114380647157
all_core_huber_full	core	foil_delta	-3:1	ytar	1144	-0.0371899298559492	0.15961009590413824	0.16388555030025873	0.1638160393460916	0.3119844346616149
all_core_huber_full	core	foil_delta	-3:1	yptar	1144	0.15393939262808282	1.1485795795601697	1.158849596446976	1.197713897391239	2.2159910523257533
all_core_huber_full	core	foil_delta	-3:2	xptar	1952	-0.6376393698426638	1.4611246385983454	1.5941985997649395	1.5054906521437321	3.0447522009217205
all_core_huber_full	core	foil_delta	-3:2	ytar	1952	-0.04634683295564468	0.11495582956357871	0.12394705190390366	0.11625491112213343	0.23796025265110954
all_core_huber_full	core	foil_delta	-3:2	yptar	1952	0.15040952484800035	1.0596223888427247	1.07024419274377	1.0989383389639522	2.0532208620156824
all_core_huber_full	core	foil_delta	-3:3	xptar	1459	-0.6143516508097212	1.2847339646387048	1.424067874347608	1.3218773902242353	2.716863973805165
all_core_huber_full	core	foil_delta	-3:3	ytar	1459	-0.054558755432686304	0.08853061091804562	0.1039919557652709	0.09335242254388701	0.2009580270540737
all_core_huber_full	core	foil_delta	-3:3	yptar	1459	0.2350228759330245	0.8685491269316886	0.8997851621946367	0.8741790403338674	1.7178263158877942
all_core_huber_full	core	foil_delta	-3:4	xptar	868	-0.4663193981050244	1.1150681325446274	1.2086483033809274	1.1319559441717164	2.2917923196989847
all_core_huber_full	core	foil_delta	-3:4	ytar	868	-0.05709658888999676	0.11790399009143052	0.13100141732955964	0.12625324804034402	0.2632303256254027
all_core_huber_full	core	foil_delta	-3:4	yptar	868	0.2715514824836723	0.7953882331811042	0.8404657334609417	0.7996632660384196	1.6289754759333581
all_core_huber_full	core	foil	0	xptar	40404	0.15691338443860503	1.3559484400650748	1.3649974294228129	1.3846968010785323	2.5943214789119255
all_core_huber_full	core	foil	0	ytar	40404	0.003244021236373264	0.12426230677774407	0.12430464415905071	0.12325750140997485	0.2449804938733
all_core_huber_full	core	foil	0	yptar	40404	-0.0029186128742014735	0.9807033206675695	0.9807076636131212	0.9892083468081265	1.9112574607472594
all_core_huber_full	core	foil_delta	0:0	xptar	3676	0.26266035917701575	1.919225354803842	1.9371154913440065	1.9567213768249112	3.5410691323406134
all_core_huber_full	core	foil_delta	0:0	ytar	3676	0.012005386659493756	0.18054134510558448	0.1809400635607761	0.19989023082289054	0.3247388714235448
all_core_huber_full	core	foil_delta	0:0	yptar	3676	-0.04628168231594231	1.1410955538519276	1.1420337373031637	1.1795652239993468	2.162310074822846
all_core_huber_full	core	foil_delta	0:1	xptar	6959	0.17707511551284508	1.5350704026640707	1.5452497331076032	1.6314374964037484	2.889022990707328
all_core_huber_full	core	foil_delta	0:1	ytar	6959	-0.006351831136764794	0.15729048947612181	0.15741868960967742	0.1677862605892812	0.2962212262900591
all_core_huber_full	core	foil_delta	0:1	yptar	6959	0.05450951298493354	1.1381880026807352	1.1394925258430681	1.1679475104606407	2.2058404145073247
all_core_huber_full	core	foil_delta	0:2	xptar	12161	0.18245205925096927	1.3040661619550555	1.316767750471247	1.38422140062763	2.496040833824181
all_core_huber_full	core	foil_delta	0:2	ytar	12161	0.0035658883663805584	0.10882716960343856	0.10888557481933533	0.11410946840935862	0.20557820086852854
all_core_huber_full	core	foil_delta	0:2	yptar	12161	-0.0014097770614703278	1.0185869840311659	1.018587959632878	1.0520765359373137	1.9600006468696534
all_core_huber_full	core	foil_delta	0:3	xptar	10388	0.1193617364319387	1.1887892829717412	1.1947665811498553	1.2472931716421318	2.2614863434446475
all_core_huber_full	core	foil_delta	0:3	ytar	10388	0.004347467428057499	0.08997188263141846	0.09007685683503704	0.09611458717248363	0.16886312589141006
all_core_huber_full	core	foil_delta	0:3	yptar	10388	-0.013661303475938602	0.8729557236478082	0.8730626132541297	0.89401159908858	1.6809689437451372
all_core_huber_full	core	foil_delta	0:4	xptar	7220	0.0946529037483076	1.1097654415244207	1.1137946432758055	1.1523176766171224	2.130571252951943
all_core_huber_full	core	foil_delta	0:4	ytar	7220	0.005902460593996849	0.11931841183226545	0.11946431451792536	0.12347495809857804	0.2299119571038879
all_core_huber_full	core	foil_delta	0:4	yptar	7220	-0.023277832671107224	0.7886367907234008	0.7889802565187352	0.8009889596223516	1.5335051277941592
all_core_huber_full	core	foil	3	xptar	6295	-0.6281438151020354	1.4559568382255523	1.5856780780557846	1.4604672221815629	3.1297693686413015
all_core_huber_full	core	foil	3	ytar	6295	-0.0015694668561312742	0.13113963281211713	0.13114902409209686	0.13004419538055173	0.2593453212608177
all_core_huber_full	core	foil	3	yptar	6295	-0.10617835786388397	1.0379362776892391	1.0433530371940574	1.0341274349660812	2.0403880879690592
all_core_huber_full	core	foil_delta	3:0	xptar	511	-0.9664218180677457	2.028815503792199	2.2472346292421186	2.1778640159608376	4.174408083163673
all_core_huber_full	core	foil_delta	3:0	ytar	511	-0.024745298187040212	0.1867742994174492	0.1884063924213945	0.20311023770990952	0.33490815919894695
all_core_huber_full	core	foil_delta	3:0	yptar	511	0.019608924979728104	1.2461458347725973	1.2463001048944649	1.245941229599921	2.4589448846166406
all_core_huber_full	core	foil_delta	3:1	xptar	1221	-0.7963163733019153	1.665286857308984	1.8458873431265375	1.6714210394466167	3.6333822491805345
all_core_huber_full	core	foil_delta	3:1	ytar	1221	0.020295599886159112	0.1640960102089191	0.16534633936445262	0.1727753661779348	0.30748947151091194
all_core_huber_full	core	foil_delta	3:1	yptar	1221	-0.23601990361947978	1.147062872967601	1.1710929209269583	1.1851541990376777	2.272384994581652
all_core_huber_full	core	foil_delta	3:2	xptar	2073	-0.555304652086377	1.3963607156357174	1.5027263572585214	1.4569908594028742	2.8987406246667082
all_core_huber_full	core	foil_delta	3:2	ytar	2073	0.009046190174308815	0.11634495328932265	0.11669610838654575	0.12041142501881369	0.2216317272977009
all_core_huber_full	core	foil_delta	3:2	yptar	2073	-0.11553192078918711	1.06456791771544	1.0708186009545344	1.093709150173935	2.064824847168838
all_core_huber_full	core	foil_delta	3:3	xptar	1571	-0.5552147305400035	1.2531516272378838	1.3706394120473717	1.2657030530274194	2.671608431560721
all_core_huber_full	core	foil_delta	3:3	ytar	1571	-0.0114900114055179	0.09737147903191846	0.09804705651350411	0.10248430982534376	0.18264896293442662
all_core_huber_full	core	foil_delta	3:3	yptar	1571	-0.08575385250907025	0.9331082092477184	0.9370403691333854	0.9558171222033602	1.7899627690784232
all_core_huber_full	core	foil_delta	3:4	xptar	919	-0.5055849725567483	1.151995846920152	1.2580582640706615	1.171123765354265	2.4454691111579208
all_core_huber_full	core	foil_delta	3:4	ytar	919	-0.02472015044618351	0.1182940253817115	0.12084933710654333	0.12180044867751896	0.23186782305119455
all_core_huber_full	core	foil_delta	3:4	yptar	919	-0.017427254636204082	0.8264397162099769	0.8266234413161668	0.8507467549408873	1.6298656329605197
all_core_huber_full	core	foil	8	xptar	11734	-0.008450337317978797	1.4108899463957525	1.410915252253443	1.4443719174783252	2.708008656689322
all_core_huber_full	core	foil	8	ytar	11734	-0.03799393139135469	0.1464287651521001	0.151277632472682	0.1382932206804251	0.30628569791457155
all_core_huber_full	core	foil	8	yptar	11734	0.20145758393821867	1.102397630669113	1.1206541367572327	1.1012552975082746	2.1861479243230977
all_core_huber_full	core	foil_delta	8:0	xptar	1436	-0.041629377058364926	1.7629835990412537	1.7634750283241099	1.8129533349485407	3.3144533726621024
all_core_huber_full	core	foil_delta	8:0	ytar	1436	-0.06942184950137184	0.20879071802888632	0.22002944603668173	0.2207938196709808	0.42477506009923083
all_core_huber_full	core	foil_delta	8:0	yptar	1436	0.3248320397609653	1.29591746754252	1.3360082098314694	1.2987866709111562	2.6094245602569535
all_core_huber_full	core	foil_delta	8:1	xptar	2320	-0.046910412518794714	1.5557307749717288	1.5564378660893663	1.6350806045196051	2.8914919203747247
all_core_huber_full	core	foil_delta	8:1	ytar	2320	-0.05574963552060263	0.1827535773680219	0.19106776782463758	0.1880998214697027	0.3715658803217775
all_core_huber_full	core	foil_delta	8:1	yptar	2320	0.3334508820221695	1.274699682852073	1.3175920355650828	1.3108761751626532	2.4810491489155804
all_core_huber_full	core	foil_delta	8:2	xptar	3592	-0.028768080047155448	1.3707143215805013	1.3710161756213868	1.4342919278806718	2.6314707708844405
all_core_huber_full	core	foil_delta	8:2	ytar	3592	-0.025822355877224142	0.12124254583849119	0.12396188520851337	0.118731954054913	0.24040492485136672
all_core_huber_full	core	foil_delta	8:2	yptar	3592	0.1919296026409247	1.1010988597920652	1.1177010653145543	1.1140562029398775	2.155647548141439
all_core_huber_full	core	foil_delta	8:3	xptar	2725	0.046806335573442916	1.236467514880214	1.2373531219518001	1.2745221178858044	2.399374045545337
all_core_huber_full	core	foil_delta	8:3	ytar	2725	-0.021856050549612375	0.0984451425626723	0.10084211937386126	0.09877195883995717	0.1934319842187762
all_core_huber_full	core	foil_delta	8:3	yptar	2725	0.10869824621995096	0.9303332705790743	0.9366617869207914	0.9659962380912516	1.7947921461757161
all_core_huber_full	core	foil_delta	8:4	xptar	1661	0.027238629441301974	1.1888437978384725	1.1891558008069605	1.2163131997692727	2.3447405411925333
all_core_huber_full	core	foil_delta	8:4	ytar	1661	-0.03882012076803438	0.1319150354296643	0.13750846646244866	0.13834267614367418	0.2579537992096913
all_core_huber_full	core	foil_delta	8:4	yptar	1661	0.08321768868591817	0.8695757111257862	0.8735485682491518	0.8728642345770614	1.6765321798279924
all_core_huber_full	shoulder	overall	all	xptar	22532	-0.36365513158230744	4.3257416121956	4.341000524096574	3.666034020450664	8.804605404685034
all_core_huber_full	shoulder	overall	all	ytar	22532	-0.002714158706107014	0.1664966203947605	0.1665187414688176	0.16480890485223573	0.3214397126665609
all_core_huber_full	shoulder	overall	all	yptar	22532	0.000101093715808121	1.6753423901243014	1.675342393174406	1.6562173837871204	3.04807008754731
all_core_huber_full	shoulder	foil	-8	xptar	4691	-0.30048176184042075	4.6355081865058825	4.645236854710617	3.863420542465482	9.895393770550275
all_core_huber_full	shoulder	foil	-8	ytar	4691	0.03881281176760578	0.18656977167249436	0.19056419931150306	0.1824428445186942	0.38048820177049436
all_core_huber_full	shoulder	foil	-8	yptar	4691	-0.17879529959514712	1.7504681648230929	1.759575674762653	1.6246362238801537	3.1300365949695763
all_core_huber_full	shoulder	foil_delta	-8:0	xptar	676	0.34459970139460505	6.880068433888193	6.888692953615074	7.147489264047966	12.867679064852453
all_core_huber_full	shoulder	foil_delta	-8:0	ytar	676	0.09155535884695273	0.2537354901161172	0.269748183827177	0.27723298675775576	0.5161074833629442
all_core_huber_full	shoulder	foil_delta	-8:0	yptar	676	-0.40543017417425764	1.5669671195034198	1.618567137852432	1.466967397629264	2.913084007545579
all_core_huber_full	shoulder	foil_delta	-8:1	xptar	939	-0.7958951442559197	6.241413236852994	6.291954249183151	5.139469077867501	11.711596242429808
all_core_huber_full	shoulder	foil_delta	-8:1	ytar	939	0.04092660233525061	0.22015779723324058	0.22392954798619233	0.2292548953433123	0.42363515692148235
all_core_huber_full	shoulder	foil_delta	-8:1	yptar	939	-0.22655204008742663	1.6120203338352619	1.627862212709087	1.5792616979794938	3.1208896404720874
all_core_huber_full	shoulder	foil_delta	-8:2	xptar	1177	-0.43007693483605464	3.912328774114068	3.9358966712350143	3.6625619426760765	7.664141084160836
all_core_huber_full	shoulder	foil_delta	-8:2	ytar	1177	0.03693610976171475	0.14541838842392327	0.15003594201437354	0.14225838738683833	0.2918213531786459
all_core_huber_full	shoulder	foil_delta	-8:2	yptar	1177	-0.20153781925836117	1.8455422321523953	1.8565138359973141	1.758995480592764	3.3591280990507246
all_core_huber_full	shoulder	foil_delta	-8:3	xptar	1226	-0.20881243357361334	2.870765091870871	2.8783493264576667	2.831912018903255	5.461354050667955
all_core_huber_full	shoulder	foil_delta	-8:3	ytar	1226	0.017041823461307348	0.1231426433086321	0.12431626743078865	0.12308534480964736	0.23527474724420191
all_core_huber_full	shoulder	foil_delta	-8:3	yptar	1226	-0.05220048179776648	2.071390849384228	2.07204848910749	1.7793273613993448	3.403845892420543
all_core_huber_full	shoulder	foil_delta	-8:4	xptar	673	-0.19756197119847238	2.297981409553488	2.306458170250928	2.1805094361627986	4.098996717273421
all_core_huber_full	shoulder	foil_delta	-8:4	ytar	673	0.025828114525107394	0.20465158285099133	0.20627496664243636	0.22299811618748397	0.3546952908979757
all_core_huber_full	shoulder	foil_delta	-8:4	yptar	673	-0.0753607474974598	1.1820710141484856	1.1844708205580268	1.2497093767363494	2.0806847447334333
all_core_huber_full	shoulder	foil	-3	xptar	1785	-1.1356927480023749	4.429933371397239	4.573194473547358	3.6191821331597165	8.881928476093929
all_core_huber_full	shoulder	foil	-3	ytar	1785	-0.05610600871077119	0.1510354627267915	0.1611198163310434	0.1527881193917036	0.31340661669940584
all_core_huber_full	shoulder	foil	-3	yptar	1785	0.16682539044205727	1.7436833812826393	1.7516456391226516	1.6981158415794229	3.155850037022316
all_core_huber_full	shoulder	foil_delta	-3:0	xptar	245	-2.3585008835248225	7.808767203162769	8.157166888741328	6.476964561293862	14.665550011396041
all_core_huber_full	shoulder	foil_delta	-3:0	ytar	245	-0.06556905023313482	0.18722778650502875	0.19837727790260654	0.19142927494252904	0.3831136726528079
all_core_huber_full	shoulder	foil_delta	-3:0	yptar	245	0.31574768436747647	1.4121829730598592	1.4470512601783003	1.2373456648744265	2.523175791053565
all_core_huber_full	shoulder	foil_delta	-3:1	xptar	314	-1.1406365683430015	5.2492920122693665	5.371789125711867	4.6275948544266505	9.418061123312112
all_core_huber_full	shoulder	foil_delta	-3:1	ytar	314	-0.02748834158431583	0.18802369719709097	0.19002241875820697	0.19716903061196667	0.36965959951829425
all_core_huber_full	shoulder	foil_delta	-3:1	yptar	314	0.07427437576949027	1.5799615010984176	1.5817063658748778	1.5017656122816283	3.008892852383688
all_core_huber_full	shoulder	foil_delta	-3:2	xptar	508	-0.8934826479913387	3.4422175766605103	3.556286418067613	3.4297495930785686	6.018924597405734
all_core_huber_full	shoulder	foil_delta	-3:2	ytar	508	-0.059610785171145216	0.1322132996704643	0.14503034964610828	0.13206324198475478	0.2862352806834134
all_core_huber_full	shoulder	foil_delta	-3:2	yptar	508	0.061612093492624274	1.7867890926015737	1.787851031687064	1.8471715361378913	3.1735986776197125
all_core_huber_full	shoulder	foil_delta	-3:3	xptar	482	-0.9940803099921405	2.7517051234836396	2.9257608838249554	2.715818179971226	5.317782720684697
all_core_huber_full	shoulder	foil_delta	-3:3	ytar	482	-0.05706632159396332	0.10726788714420714	0.12150294100410905	0.11366530741089147	0.23117172519888907
all_core_huber_full	shoulder	foil_delta	-3:3	yptar	482	0.19418831567328032	1.941136266454926	1.9508252374035444	1.9184638251230568	3.5747156227744576
all_core_huber_full	shoulder	foil_delta	-3:4	xptar	236	-0.6702672104455227	2.3577937432685476	2.4512138766730924	1.9515124478946881	4.981144996116997
all_core_huber_full	shoulder	foil_delta	-3:4	ytar	236	-0.07485264029195463	0.16254040928862656	0.1789477644744158	0.1807842044891382	0.315198072199103
all_core_huber_full	shoulder	foil_delta	-3:4	yptar	236	0.30595454927392474	1.7198248177947575	1.7468272925862423	1.5130378426980085	2.6853043937370775
all_core_huber_full	shoulder	foil	0	xptar	11041	-0.1343794940898627	4.210754667327755	4.212898374854813	3.586967485358961	8.268804747195311
all_core_huber_full	shoulder	foil	0	ytar	11041	0.00021459713108162734	0.1498634510469044	0.1498636046931228	0.15600614825088654	0.2831388758091349
all_core_huber_full	shoulder	foil	0	yptar	11041	0.008432300619599847	1.565414265818701	1.5654369764773164	1.6017392042499417	2.8779051032623477
all_core_huber_full	shoulder	foil_delta	0:0	xptar	1375	0.09974869073779885	6.865655568986445	6.866380137543981	5.699646018689263	12.271013811998941
all_core_huber_full	shoulder	foil_delta	0:0	ytar	1375	-0.0014312928988983603	0.1963589812124596	0.19636419760780605	0.21927622880334685	0.3488875697991664
all_core_huber_full	shoulder	foil_delta	0:0	yptar	1375	0.033856940321714726	1.33765003707078	1.3380784409306532	1.2657279220565854	2.51426544223609
all_core_huber_full	shoulder	foil_delta	0:1	xptar	1888	-0.5011874135254369	5.08943506298273	5.114052999705257	4.347594679681571	9.706800809869252
all_core_huber_full	shoulder	foil_delta	0:1	ytar	1888	-0.01063929031371033	0.17924503226411795	0.17956050815740107	0.1987000839421244	0.31897463614164023
all_core_huber_full	shoulder	foil_delta	0:1	yptar	1888	0.07558064215906941	1.4007846545125682	1.4028221846645683	1.4469906761771285	2.6713437894809178
all_core_huber_full	shoulder	foil_delta	0:2	xptar	2969	-0.24826288711956135	3.818704801416297	3.8267663662001663	3.515211464385121	7.012510789280913
all_core_huber_full	shoulder	foil_delta	0:2	ytar	2969	-0.0003888412733318255	0.12080754896331142	0.12080817474020014	0.1273468230977293	0.22580585705199652
all_core_huber_full	shoulder	foil_delta	0:2	yptar	2969	-0.0048430707348244536	1.6552647719969116	1.6552718570519256	1.7398294320026513	3.078815139820474
all_core_huber_full	shoulder	foil_delta	0:3	xptar	2841	-0.013814774158720655	3.0198185053493307	3.0198501044315633	2.940167919025723	5.7089067134631915
all_core_huber_full	shoulder	foil_delta	0:3	ytar	2841	0.005285435444573344	0.10536375136283296	0.10549623656362173	0.11431070276197161	0.1897971235904691
all_core_huber_full	shoulder	foil_delta	0:3	yptar	2841	0.027526345269346764	1.7873218488590132	1.7875338013846587	1.8544856202909137	3.268600115900317
all_core_huber_full	shoulder	foil_delta	0:4	xptar	1968	0.051699023357866185	2.5064837954586072	2.5070169137667864	2.411858410369237	4.341098113514804
all_core_huber_full	shoulder	foil_delta	0:4	ytar	1968	0.005367338625524344	0.17325303441155107	0.17333615392274962	0.1937431805885003	0.28489613246073126
all_core_huber_full	shoulder	foil_delta	0:4	yptar	1968	-0.08128647565863781	1.3626263826405698	1.3650487719466753	1.360109272059051	2.2240145540536282
all_core_huber_full	shoulder	foil	3	xptar	1785	-1.1366483980355613	4.1759965411703694	4.327922907426112	3.6238096525294683	9.132301222792671
all_core_huber_full	shoulder	foil	3	ytar	1785	-0.012991732237033097	0.1571068421434347	0.1576430935842128	0.16384727263637958	0.29985620805007096
all_core_huber_full	shoulder	foil	3	yptar	1785	-0.08069587160195066	1.788168186257147	1.789988068685312	1.7857592178335229	3.296711922848906
all_core_huber_full	shoulder	foil_delta	3:0	xptar	255	-0.996344548388574	6.600036512133154	6.674817182559715	6.144662462731471	12.389061354834105
all_core_huber_full	shoulder	foil_delta	3:0	ytar	255	-0.038284118224539164	0.18409268845893448	0.18803135816205974	0.19168638816435932	0.33817134062754445
all_core_huber_full	shoulder	foil_delta	3:0	yptar	255	0.3349089512393639	1.5090806206998808	1.5457969871209443	1.4761545358601311	2.98887819374989
all_core_huber_full	shoulder	foil_delta	3:1	xptar	323	-1.3917496007531318	4.717230253003729	4.9182545898977335	4.614579734795643	8.14384235738394
all_core_huber_full	shoulder	foil_delta	3:1	ytar	323	-0.004878870315300559	0.19924556825170928	0.19930529306443434	0.215088688382884	0.36916478068112474
all_core_huber_full	shoulder	foil_delta	3:1	yptar	323	-0.007770103501119804	1.5364819863105115	1.5365016331800994	1.5930461198546282	2.9390965144598455
all_core_huber_full	shoulder	foil_delta	3:2	xptar	480	-1.3465234625729812	3.7506626866912907	3.985046552375249	3.437663103574607	7.395309948952236
all_core_huber_full	shoulder	foil_delta	3:2	ytar	480	0.010705560983893091	0.13536081746294157	0.13578350393260455	0.143109687020188	0.24800658702348072
all_core_huber_full	shoulder	foil_delta	3:2	yptar	480	-0.35182805281137775	1.8628294331166746	1.8957627688165088	1.8559950824824714	3.328546951697966
all_core_huber_full	shoulder	foil_delta	3:3	xptar	485	-0.9494385527217759	2.8330675427232412	2.9879265832724746	2.520958670650451	5.482989658579237
all_core_huber_full	shoulder	foil_delta	3:3	ytar	485	-0.01524195534556804	0.11822443008074787	0.11920290714019492	0.12205455846083732	0.22400435119766024
all_core_huber_full	shoulder	foil_delta	3:3	yptar	485	-0.04747633209123978	2.04043872125736	2.040990979234158	2.0586075246316553	3.7005265914376264
all_core_huber_full	shoulder	foil_delta	3:4	xptar	242	-0.9029150806034577	2.9532084702540002	3.088154126911596	2.4176595903135136	6.280195252302687
all_core_huber_full	shoulder	foil_delta	3:4	ytar	242	-0.0396621393126971	0.16251476946999183	0.16728459460077125	0.1820978225875346	0.290576566898861
all_core_huber_full	shoulder	foil_delta	3:4	yptar	242	-0.1447548906237414	1.5704977598633212	1.5771547774696053	1.4415965151752035	2.6221445476104854
all_core_huber_full	shoulder	foil	8	xptar	3230	-0.38529552324930283	4.170098002144931	4.187859833820743	3.587267104721729	8.551998284134319
all_core_huber_full	shoulder	foil	8	ytar	3230	-0.037850223931976325	0.1854875297828742	0.1893099658144108	0.17990303857171352	0.3812959565433461
all_core_huber_full	shoulder	foil	8	yptar	3230	0.1839518178745608	1.7905815713122448	1.8000057318859801	1.769434611695698	3.2297981540715375
all_core_huber_full	shoulder	foil_delta	8:0	xptar	513	0.0006226442910403667	5.94956966680677	5.949569699387775	5.349747979530944	13.06960597031733
all_core_huber_full	shoulder	foil_delta	8:0	ytar	513	-0.07495387564151637	0.24037449737258407	0.2517895598725378	0.25207788640786466	0.471722034727246
all_core_huber_full	shoulder	foil_delta	8:0	yptar	513	0.4126194602217249	1.5300426242532186	1.5847035214781795	1.4687880009789147	3.219465146971145
all_core_huber_full	shoulder	foil_delta	8:1	xptar	628	-0.5917531065564963	4.674694883474387	4.711999999225474	4.211398838994956	9.974855530447602
all_core_huber_full	shoulder	foil_delta	8:1	ytar	628	-0.06364822682649278	0.21944327590876692	0.22848730406682963	0.23604159104885702	0.4179387997736099
all_core_huber_full	shoulder	foil_delta	8:1	yptar	628	0.34564605504423795	1.7112657039166888	1.7458240188430003	1.6977192967694477	3.2371018095567003
all_core_huber_full	shoulder	foil_delta	8:2	xptar	844	-0.6605230551338916	4.0387357696687864	4.092392616009067	3.4678559730079836	7.786571866128911
all_core_huber_full	shoulder	foil_delta	8:2	ytar	844	-0.024179037724493802	0.15163921375608713	0.15355480133765526	0.14094007271635328	0.3123247117159469
all_core_huber_full	shoulder	foil_delta	8:2	yptar	844	0.09459234698450762	1.9400725275520865	1.9423771838318062	2.0109968711017068	3.5840053629302413
all_core_huber_full	shoulder	foil_delta	8:3	xptar	749	-0.24348963596428624	3.124338260195279	3.133811858893588	2.8796580911982357	6.123567505287616
all_core_huber_full	shoulder	foil_delta	8:3	ytar	749	-0.013997383982027309	0.13045063121669762	0.13119944337982214	0.1234107762934798	0.25613303293323464
all_core_huber_full	shoulder	foil_delta	8:3	yptar	749	0.09158299141092961	2.036357953233589	2.0384163357894938	1.9145327859923822	3.3940871816945273
all_core_huber_full	shoulder	foil_delta	8:4	xptar	496	-0.2688463907839059	2.4672585663127156	2.4818628517468504	2.2862693436742907	4.310940289680984
all_core_huber_full	shoulder	foil_delta	8:4	ytar	496	-0.026094052836969615	0.18685400120949727	0.18866721326573246	0.20040560451393014	0.34288738603479646
all_core_huber_full	shoulder	foil_delta	8:4	yptar	496	0.03426061421692424	1.3954451132606374	1.3958656288516864	1.5284129472353385	2.3542655253862685
all_core_huber_full	supported	overall	all	xptar	100396	-0.0870405436460554	2.4184573084288985	2.4200231009086157	1.820303136530018	4.416093325826667
all_core_huber_full	supported	overall	all	ytar	100396	-0.0013187255142655433	0.14219769301728044	0.14220380774233404	0.13649466942748528	0.28101439973893333
all_core_huber_full	supported	overall	all	yptar	100396	0.002150799415431727	1.2007537478982924	1.200755674161035	1.1471112816597424	2.306367236740207
all_core_huber_full	supported	foil	-8	xptar	18232	-0.011130043006061005	2.703131613930375	2.7031545276005127	1.9291085598222986	5.165863811076313
all_core_huber_full	supported	foil	-8	ytar	18232	0.039880300193875395	0.1550289532032072	0.16007627767672455	0.1430873983305453	0.32786748462465976
all_core_huber_full	supported	foil	-8	yptar	18232	-0.18606892085364077	1.2551512642023772	1.2688681331550826	1.1555906736969281	2.4119127685973694
all_core_huber_full	supported	foil_delta	-8:0	xptar	1739	0.17875427908031893	4.731211460217358	4.734587096419452	3.8993647817859594	10.83588318894231
all_core_huber_full	supported	foil_delta	-8:0	ytar	1739	0.0958977229230786	0.2380274573514152	0.25661925826993454	0.25131296963130634	0.4963699572286548
all_core_huber_full	supported	foil_delta	-8:0	yptar	1739	-0.4546889899673857	1.4340115472626076	1.5043706974280173	1.4189348860911541	2.766459396736739
all_core_huber_full	supported	foil_delta	-8:1	xptar	3449	-0.20169883014386322	3.632970063529467	3.638564813299703	2.652529415579548	6.987374289417085
all_core_huber_full	supported	foil_delta	-8:1	ytar	3449	0.05086058882118523	0.19838247605972434	0.2047984528819121	0.20485625576206623	0.3941079851165619
all_core_huber_full	supported	foil_delta	-8:1	yptar	3449	-0.2871438124220479	1.369075994146784	1.398864055854347	1.3580912134576695	2.657811726352443
all_core_huber_full	supported	foil_delta	-8:2	xptar	5404	0.010309143044613753	2.22697275074261	2.226996612251671	1.8922099993386499	4.088328552592291
all_core_huber_full	supported	foil_delta	-8:2	ytar	5404	0.03457639449099424	0.12263633206127551	0.12741741245779672	0.11962252837122281	0.2505821393188645
all_core_huber_full	supported	foil_delta	-8:2	yptar	5404	-0.18141921668908237	1.2497351575751932	1.2628344690669373	1.1928170316873632	2.404322757216549
all_core_huber_full	supported	foil_delta	-8:3	xptar	4673	0.008155699502758735	1.8112311922612978	1.811249554107512	1.6143698527096602	3.519251813562136
all_core_huber_full	supported	foil_delta	-8:3	ytar	4673	0.021807640679180253	0.10359284937190862	0.10586336303454176	0.1035259214929397	0.20426733726073376
all_core_huber_full	supported	foil_delta	-8:3	yptar	4673	-0.07996739500009462	1.285543997543289	1.2880287861234627	1.0860015344689447	2.2852040779648672
all_core_huber_full	supported	foil_delta	-8:4	xptar	2967	0.029679958533711193	1.47373737343271	1.4740362091179802	1.3235752681481439	2.7470427748463337
all_core_huber_full	supported	foil_delta	-8:4	ytar	2967	0.03240828493565639	0.14776624903622945	0.15127842307053466	0.15009145348248745	0.2957000256935597
all_core_huber_full	supported	foil_delta	-8:4	yptar	2967	-0.08670991526235533	0.8759235616840333	0.8802049166631865	0.8522428914334554	1.7222319006359659
all_core_huber_full	supported	foil	-3	xptar	7675	-0.79024108946826	2.5381267218889767	2.658301757861749	1.8722625700130742	4.862680385621025
all_core_huber_full	supported	foil	-3	ytar	7675	-0.0510470554625078	0.13204175242860666	0.14156562526196043	0.12974631609205425	0.2790364798172721
all_core_huber_full	supported	foil	-3	yptar	7675	0.1938149913277184	1.2197895309409554	1.2350913936452312	1.1651641239324149	2.3458419375480317
all_core_huber_full	supported	foil_delta	-3:0	xptar	712	-1.5291187813808418	5.013158572036315	5.241179553874567	3.4717227375093307	10.776228379992556
all_core_huber_full	supported	foil_delta	-3:0	ytar	712	-0.06394098513442135	0.17901695436236273	0.19009344946403745	0.17997382664244	0.36718187882696807
all_core_huber_full	supported	foil_delta	-3:0	yptar	712	0.30729466112256293	1.248721707476876	1.2859766372210637	1.199687096080794	2.3164149040826083
all_core_huber_full	supported	foil_delta	-3:1	xptar	1458	-0.9186368223905053	2.9033859270596003	3.045249325244069	2.3136664791634036	5.797100732091005
all_core_huber_full	supported	foil_delta	-3:1	ytar	1458	-0.035100561737092625	0.16618828646974124	0.16985463194746334	0.17049315080889466	0.3282792630061497
all_core_huber_full	supported	foil_delta	-3:1	yptar	1458	0.13678245484097848	1.2545117277481737	1.2619465579056952	1.2562029920589082	2.4326160194485964
all_core_huber_full	supported	foil_delta	-3:2	xptar	2460	-0.6904720467936911	2.037544224300695	2.1513572723712326	1.8319995806942557	4.028295604926939
all_core_huber_full	supported	foil_delta	-3:2	ytar	2460	-0.04908589300665048	0.11884661128408813	0.1285843766014032	0.11935063150202102	0.2512106224954249
all_core_huber_full	supported	foil_delta	-3:2	yptar	2460	0.13207249430794707	1.2455990478472843	1.2525813872762057	1.2186010871567414	2.3914303663476337
all_core_huber_full	supported	foil_delta	-3:3	xptar	1941	-0.708647999973001	1.7742257062815585	1.91051271775302	1.588984977884519	3.60395241170418
all_core_huber_full	supported	foil_delta	-3:3	ytar	1941	-0.055181448317660815	0.09354080660146102	0.10860421141966183	0.09870652134535175	0.20800666064552056
all_core_huber_full	supported	foil_delta	-3:3	yptar	1941	0.2248826090369932	1.225989775246374	1.2464441892262723	1.1178745172381457	2.4009296272004854
all_core_huber_full	supported	foil_delta	-3:4	xptar	1104	-0.5099169376995512	1.4740933924552295	1.5597969781458916	1.3214185868413089	2.6677696340044377
all_core_huber_full	supported	foil_delta	-3:4	ytar	1104	-0.06089226654476311	0.12895850671031253	0.14261193701058897	0.13977413757537735	0.28211016819177714
all_core_huber_full	supported	foil_delta	-3:4	yptar	1104	0.27890576125405236	1.0629606584442342	1.0989421208875845	0.9575473280910622	1.9091224991039935
all_core_huber_full	supported	foil	0	xptar	51445	0.09439681972225139	2.2942472192453933	2.296188376982362	1.7454634850714452	4.149854516806278
all_core_huber_full	supported	foil	0	ytar	51445	0.002593853648725777	0.13018770841645022	0.13021354576033045	0.1300734626954641	0.25616606126199765
all_core_huber_full	supported	foil	0	yptar	51445	-0.0004825075989548929	1.1319501143361557	1.1319502171735376	1.1030711091990268	2.1896883782378898
all_core_huber_full	supported	foil_delta	0:0	xptar	5051	0.21831200358328717	3.9392666781874643	3.945311406313404	2.822455946574774	8.368956042533544
all_core_huber_full	supported	foil_delta	0:0	ytar	5051	0.008347609111921166	0.18507796345103722	0.1852661197657815	0.2052713393795325	0.33065914939783236
all_core_huber_full	supported	foil_delta	0:0	yptar	5051	-0.024466080231844434	1.198332569543604	1.1985823026855051	1.2019872968697864	2.268248078468763
all_core_huber_full	supported	foil_delta	0:1	xptar	8847	0.0323300431918011	2.7310246358750034	2.731215991724012	2.2019735724456275	4.861057036372436
all_core_huber_full	supported	foil_delta	0:1	ytar	8847	-0.007266799253196712	0.16223479314518632	0.16239745834909997	0.17350500249880219	0.302147893512509
all_core_huber_full	supported	foil_delta	0:1	yptar	8847	0.05900621151333509	1.1990952886376822	1.2005462274440926	1.222182805645065	2.3348557456481838
all_core_huber_full	supported	foil_delta	0:2	xptar	15130	0.09793172377350032	2.0634199553575967	2.0657426109487105	1.7379863614516182	3.8215611485552454
all_core_huber_full	supported	foil_delta	0:2	ytar	15130	0.0027898412877086424	0.11129095858402063	0.11132592095716433	0.11637200096946297	0.2100605135698789
all_core_huber_full	supported	foil_delta	0:2	yptar	15130	-0.002083501378468901	1.171146548990584	1.1711484022917626	1.163971812076543	2.2670386967160137
all_core_huber_full	supported	foil_delta	0:3	xptar	13229	0.09076135344092931	1.75246525477556	1.7548139766009379	1.5094332718229526	3.330357303115962
all_core_huber_full	supported	foil_delta	0:3	ytar	13229	0.004548901182303589	0.09349207237166131	0.09360267142723182	0.10020341772766785	0.17527825693132762
all_core_huber_full	supported	foil_delta	0:3	yptar	13229	-0.004816030962116264	1.133456437264718	1.133466668822271	1.0639385301403044	2.1872271361252333
all_core_huber_full	supported	foil_delta	0:4	xptar	9188	0.08545250794852652	1.521101730955316	1.5235001171742495	1.3574573848941864	2.8153991682786192
all_core_huber_full	supported	foil_delta	0:4	ytar	9188	0.005787841521951368	0.13272840821197118	0.1328545424739662	0.13895407581280378	0.24841078181364284
all_core_huber_full	supported	foil_delta	0:4	yptar	9188	-0.035702844577883475	0.9418066379121409	0.9424831225684219	0.9112153431109862	1.7712605115082625
all_core_huber_full	supported	foil	3	xptar	8080	-0.7404805329901969	2.3555369898050724	2.469183251619326	1.7953821889864736	4.580265241542307
all_core_huber_full	supported	foil	3	ytar	8080	-0.0040928262255508	0.13738123564864038	0.13744218833698701	0.13623879896222651	0.2703956826568287
all_core_huber_full	supported	foil	3	yptar	8080	-0.10054887296567222	1.2433087713931021	1.2473679396544115	1.1826244998177353	2.4197258267697395
all_core_huber_full	supported	foil_delta	3:0	xptar	766	-0.9763830403024861	4.152981627705667	4.266213806345286	3.1396847705928668	9.29708730598399
all_core_huber_full	supported	foil_delta	3:0	ytar	766	-0.02925234663294391	0.18599535300324285	0.18828162715022098	0.20010422291785923	0.3369188563148537
all_core_huber_full	supported	foil_delta	3:0	yptar	766	0.12457172745519432	1.3476362275901477	1.3533815120632375	1.3490900758914126	2.6371663265201306
all_core_huber_full	supported	foil_delta	3:1	xptar	1544	-0.9208791533969561	2.628078466409176	2.784746818072462	2.177770923552457	5.456838131799201
all_core_huber_full	supported	foil_delta	3:1	ytar	1544	0.015029178982615413	0.17234865863281917	0.17300270620260114	0.1848541849313451	0.3219270427299775
all_core_huber_full	supported	foil_delta	3:1	yptar	1544	-0.18827075501958968	1.2421705550393598	1.2563572600985906	1.2350362457210176	2.4122609208474546
all_core_huber_full	supported	foil_delta	3:2	xptar	2553	-0.7040649454798631	2.0793470459375003	2.195311272895616	1.7568415714233763	4.004196740049752
all_core_huber_full	supported	foil_delta	3:2	ytar	2553	0.00935817528539399	0.1201519027323345	0.12051578807306755	0.12446759577382194	0.2298712226940069
all_core_huber_full	supported	foil_delta	3:2	yptar	2553	-0.15995892563472236	1.257452090209776	1.2675853490251257	1.2146223923441457	2.4207143623875065
all_core_huber_full	supported	foil_delta	3:3	xptar	2056	-0.6482101360644001	1.7667235019974636	1.881884245379298	1.5242294473670384	3.4140591526471153
all_core_huber_full	supported	foil_delta	3:3	ytar	2056	-0.012375076002270976	0.10268535125002033	0.1034283513713819	0.10633372848564407	0.19503861945391401
all_core_huber_full	supported	foil_delta	3:3	yptar	2056	-0.07672437906420265	1.2836222656439746	1.2859131973814397	1.180302917689751	2.5581852402527985
all_core_huber_full	supported	foil_delta	3:4	xptar	1161	-0.5884048572658814	1.7013015506061007	1.8001797805077149	1.393739014462981	3.1109953154941916
all_core_huber_full	supported	foil_delta	3:4	ytar	1161	-0.02783467353463854	0.12891332304087588	0.13188409270348384	0.13477863172855498	0.25029112491761696
all_core_huber_full	supported	foil_delta	3:4	yptar	1161	-0.04396755429941169	1.0283111600799624	1.0292506923855187	0.9749484011469807	1.8574843755135437
all_core_huber_full	supported	foil	8	xptar	14964	-0.08979288948038036	2.3105336621714505	2.312277787600065	1.7821085945595914	4.190590489136647
all_core_huber_full	supported	foil	8	ytar	14964	-0.037962911938414834	0.15569115551543708	0.1602526710809397	0.14649144890888016	0.32683388784758677
all_core_huber_full	supported	foil	8	yptar	14964	0.19767894023428823	1.2826033315905594	1.2977473828212307	1.2311007963107905	2.4926694651274808
all_core_huber_full	supported	foil_delta	8:0	xptar	1949	-0.030508142090563562	3.406960095240623	3.407096687400552	2.498150821386532	7.052836424958222
all_core_huber_full	supported	foil_delta	8:0	ytar	1949	-0.07087794463215384	0.2175626602421441	0.22881694466738536	0.22954277780297777	0.44091221494125993
all_core_huber_full	supported	foil_delta	8:0	yptar	1949	0.34793873380733253	1.3620004029758435	1.4057405380047236	1.3313858035591586	2.7772237742572554
all_core_huber_full	supported	foil_delta	8:1	xptar	2948	-0.16297595249697527	2.5709302660673696	2.5760907581204378	2.1309950905119064	4.878017319645598
all_core_huber_full	supported	foil_delta	8:1	ytar	2948	-0.0574322390959415	0.19118797040070945	0.19962790915479714	0.19804828242604533	0.38450966023561606
all_core_huber_full	supported	foil_delta	8:1	yptar	2948	0.3360487682697472	1.379339859999009	1.4196856074630397	1.3759862198941935	2.723117633209599
all_core_huber_full	supported	foil_delta	8:2	xptar	4436	-0.14896672724580412	2.164786519548391	2.169905933685781	1.729022287775576	3.7480860998716397
all_core_huber_full	supported	foil_delta	8:2	ytar	4436	-0.025509695705694745	0.127586567808677	0.13011178601569987	0.12386252833222469	0.2514167816282221
all_core_huber_full	supported	foil_delta	8:2	yptar	4436	0.17341007068104733	1.303581022157651	1.3150644599954755	1.25708075756044	2.5631892462381374
all_core_huber_full	supported	foil_delta	8:3	xptar	3474	-0.015781943839844118	1.821558040769108	1.821626406715152	1.518309161867679	3.4564413464568173
all_core_huber_full	supported	foil_delta	8:3	ytar	3474	-0.0201617093696696	0.10621379835444678	0.10811043189991475	0.10464841347712794	0.20611756637177012
all_core_huber_full	supported	foil_delta	8:3	yptar	3474	0.10500816969376876	1.2541964811939892	1.258584732603181	1.1477218214040255	2.2900094623830336
all_core_huber_full	supported	foil_delta	8:4	xptar	2157	-0.040845825835333666	1.5822951745849865	1.5828222897732718	1.3820455784438739	2.916325188013336
all_core_huber_full	supported	foil_delta	8:4	ytar	2157	-0.035893774132054725	0.14648315374394782	0.15081670117137563	0.15104416889429712	0.286885846459005
all_core_huber_full	supported	foil_delta	8:4	yptar	2157	0.07196005820996965	1.0151254922635893	1.0176728428237516	1.0161079127406563	1.9333565370813632
all_supported_squared_full	core	overall	all	xptar	77864	0.08044528581639679	1.5035127093853564	1.505663279519487	1.478431414021772	2.8820372155269
all_supported_squared_full	core	overall	all	ytar	77864	-0.0003714777456042808	0.13457811635229047	0.13457862904876877	0.12981738598277084	0.2669420138437201
all_supported_squared_full	core	overall	all	yptar	77864	0.002628930846981884	1.0310941271453717	1.0310974785688665	1.0312459985916602	2.0072300219193213
all_supported_squared_full	core	foil	-8	xptar	13541	0.1785864014197821	1.597633641601015	1.6075840119718123	1.514995194597251	3.071421560151451
all_supported_squared_full	core	foil	-8	ytar	13541	0.041319425553688234	0.1404490569863193	0.14640093079087016	0.13065916821145743	0.298234125046826
all_supported_squared_full	core	foil	-8	yptar	13541	-0.1770340098609164	1.0336615420893396	1.0487121741650312	1.0131448091683308	2.069354699441667
all_supported_squared_full	core	foil_delta	-8:0	xptar	1063	0.23165422225303312	2.6815889115508558	2.6915762610857157	2.4947959781403135	5.023674993307614
all_supported_squared_full	core	foil_delta	-8:0	ytar	1063	0.09771533863754849	0.2250997908348967	0.24539397555556455	0.23453047092777973	0.46823115046613345
all_supported_squared_full	core	foil_delta	-8:0	yptar	1063	-0.50035444527345	1.3538537950202016	1.4433553509775423	1.4251511557754566	2.6532350521861017
all_supported_squared_full	core	foil_delta	-8:1	xptar	2510	0.22705806118808905	1.9459763279954319	1.9591782032957286	1.9844710251959223	3.771692657887881
all_supported_squared_full	core	foil_delta	-8:1	ytar	2510	0.05038285543117064	0.18828666102697697	0.1949110023628373	0.19688412872719563	0.37135663494645405
all_supported_squared_full	core	foil_delta	-8:1	yptar	2510	-0.3037419616827837	1.2697416952384668	1.3055662188927688	1.2972418239929242	2.5227896347286336
all_supported_squared_full	core	foil_delta	-8:2	xptar	4227	0.21114782852706454	1.465940542685472	1.4810688978506943	1.5264954771734538	2.830766185321452
all_supported_squared_full	core	foil_delta	-8:2	ytar	4227	0.035330436398934136	0.11377405054503882	0.11913343071348267	0.11424418444914244	0.2315755434856792
all_supported_squared_full	core	foil_delta	-8:2	yptar	4227	-0.17306368468317465	1.0230617122997883	1.0375964081134301	1.0461506457329348	2.000105695276772
all_supported_squared_full	core	foil_delta	-8:3	xptar	3447	0.11442859440916188	1.2362684609327832	1.2415529029065049	1.284790010561551	2.361189269494251
all_supported_squared_full	core	foil_delta	-8:3	ytar	3447	0.024978102618434767	0.09349792881721375	0.09677689963790856	0.0955854271124251	0.18878970736028272
all_supported_squared_full	core	foil_delta	-8:3	yptar	3447	-0.0792881422835112	0.8496723494404949	0.8533637623607537	0.8818898516255061	1.6384263621830193
all_supported_squared_full	core	foil_delta	-8:4	xptar	2294	0.13736576010283713	1.1493076912579554	1.1574875900990567	1.1744779495576232	2.2461731476307016
all_supported_squared_full	core	foil_delta	-8:4	ytar	2294	0.04085993676307799	0.12308379437791755	0.12968868443603018	0.12745034181571452	0.2547923433080751
all_supported_squared_full	core	foil_delta	-8:4	yptar	2294	-0.04276460626423824	0.7626618957400654	0.7638599209035422	0.7607210017939916	1.4903721534233256
all_supported_squared_full	core	foil	-3	xptar	5890	-0.5626079940246901	1.5759138238258268	1.6733296552281098	1.5200636242171508	3.2191929491122324
all_supported_squared_full	core	foil	-3	ytar	5890	-0.05398683103759607	0.126218554540732	0.13727964683751806	0.12497566436041278	0.26969141639505373
all_supported_squared_full	core	foil	-3	yptar	5890	0.2263117105035937	1.0084560742556006	1.0335379257744148	1.0225088217672296	1.989884476100498
all_supported_squared_full	core	foil_delta	-3:0	xptar	467	-0.8801865563443817	2.477417559657809	2.6291303008543023	2.5356088367937564	5.257631479634748
all_supported_squared_full	core	foil_delta	-3:0	ytar	467	-0.06965560501276209	0.1773888690910661	0.19057469450874456	0.1806746738253355	0.3730992278325679
all_supported_squared_full	core	foil_delta	-3:0	yptar	467	0.30337301254365534	1.1573256520967248	1.196427118440953	1.2008908030640675	2.1745138763900123
all_supported_squared_full	core	foil_delta	-3:1	xptar	1144	-0.579956891236183	1.8426081494917037	1.9317232690697648	1.8450868160264289	3.7712901833562924
all_supported_squared_full	core	foil_delta	-3:1	ytar	1144	-0.04279062355448811	0.16036140602788157	0.16597234109158368	0.16689042123261022	0.31707121584877085
all_supported_squared_full	core	foil_delta	-3:1	yptar	1144	0.16135414450337443	1.148622047594195	1.159899895753033	1.2014527578076153	2.254752450032105
all_supported_squared_full	core	foil_delta	-3:2	xptar	1952	-0.5111314662262992	1.4738102152283659	1.5599268977353165	1.4933453751849932	2.9721904930648066
all_supported_squared_full	core	foil_delta	-3:2	ytar	1952	-0.05045625688513129	0.11491982163361573	0.12550856250933803	0.11794454286497748	0.2367859256741002
all_supported_squared_full	core	foil_delta	-3:2	yptar	1952	0.16910358009775367	1.0580166165529254	1.0714453703777798	1.0913183327665028	2.042262155574869
all_supported_squared_full	core	foil_delta	-3:3	xptar	1459	-0.5808288278924908	1.3006939672625102	1.4244883024384767	1.3139270965191434	2.765677666185767
all_supported_squared_full	core	foil_delta	-3:3	ytar	1459	-0.06008344061244725	0.08861831981609623	0.10706645806627485	0.0945304439637212	0.20617481863117032
all_supported_squared_full	core	foil_delta	-3:3	yptar	1459	0.2784975885446217	0.8654657412713108	0.9091709718966334	0.8733371599420754	1.756856238953779
all_supported_squared_full	core	foil_delta	-3:4	xptar	868	-0.45401543484968243	1.128708376414951	1.2165987892773118	1.1614327269460771	2.328545192525808
all_supported_squared_full	core	foil_delta	-3:4	ytar	868	-0.05800511593411261	0.11822800870853284	0.13169075714610637	0.12472071214762019	0.26219857286263143
all_supported_squared_full	core	foil_delta	-3:4	yptar	868	0.3113980030633654	0.7982315073083753	0.8568210172326848	0.8238957371433253	1.646330478870913
all_supported_squared_full	core	foil	0	xptar	40404	0.2437369754316716	1.4179343037003915	1.438730483031097	1.4229012396184606	2.728238369334966
all_supported_squared_full	core	foil	0	ytar	40404	0.004219702527231639	0.12557697747278773	0.12564785378437374	0.12499527925965985	0.24776841409436104
all_supported_squared_full	core	foil	0	yptar	40404	-0.006134878673539632	0.9957567753879042	0.995775673767569	1.0059114265284579	1.9294998733094912
all_supported_squared_full	core	foil_delta	0:0	xptar	3676	0.4120244640067144	2.1020373888273682	2.1420376614261945	2.103596499962508	4.008045068479154
all_supported_squared_full	core	foil_delta	0:0	ytar	3676	0.012702534054053445	0.18224308470466385	0.1826852383036617	0.2011525504894951	0.3265062511926016
all_supported_squared_full	core	foil_delta	0:0	yptar	3676	-0.046892746951552475	1.1411110360879106	1.1420741334949702	1.175195530177128	2.1770512018407473
all_supported_squared_full	core	foil_delta	0:1	xptar	6959	0.39002954967461806	1.6221138460112912	1.6683454016003187	1.681390792530454	3.1406120313949244
all_supported_squared_full	core	foil_delta	0:1	ytar	6959	-0.005132372793754372	0.15907687156223388	0.1591596441203659	0.17027062527158981	0.2984785480312488
all_supported_squared_full	core	foil_delta	0:1	yptar	6959	0.04711524292213986	1.1443598447322476	1.1453293414346923	1.1757977056670597	2.2122339670978346
all_supported_squared_full	core	foil_delta	0:2	xptar	12161	0.26608360237895795	1.3388359858505987	1.3650209816935077	1.4044432806721663	2.582743774013581
all_supported_squared_full	core	foil_delta	0:2	ytar	12161	0.004641918654358756	0.10972156475267199	0.10981971216757253	0.11498193874677252	0.20758205511659844
all_supported_squared_full	core	foil_delta	0:2	yptar	12161	-0.0015861170040100993	1.0333438203878877	1.0333450376815023	1.0648879389991839	1.9797058218260222
all_supported_squared_full	core	foil_delta	0:3	xptar	10388	0.14522061056579352	1.2128005030303137	1.2214639110033845	1.268917351804526	2.298590790440041
all_supported_squared_full	core	foil_delta	0:3	ytar	10388	0.005310943093285319	0.09097891597685441	0.09113379871849768	0.0972215355059742	0.17059310669327254
all_supported_squared_full	core	foil_delta	0:3	yptar	10388	-0.021191720201716044	0.906113793581285	0.9063615701933612	0.9378719969488714	1.7310298994905249
all_supported_squared_full	core	foil_delta	0:4	xptar	7220	0.12115468121591978	1.1247586874168054	1.131265027170957	1.1737907276181967	2.1692564320741394
all_supported_squared_full	core	foil_delta	0:4	ytar	7220	0.006633528862963796	0.12096507782993733	0.12114682727821877	0.12551865032615286	0.23243251752516256
all_supported_squared_full	core	foil_delta	0:4	yptar	7220	-0.022706719845674038	0.7996749941548724	0.7999973071221834	0.8107481331260332	1.5559821368145268
all_supported_squared_full	core	foil	3	xptar	6295	-0.559460638937256	1.4822527661756073	1.5843198759579211	1.4617453373195923	3.096045961300863
all_supported_squared_full	core	foil	3	ytar	6295	0.003633055182382525	0.1315608123788285	0.13161096627460628	0.13100411410003404	0.26056727727458684
all_supported_squared_full	core	foil	3	yptar	6295	-0.13360163632022015	1.0283774200655535	1.0370195346897397	1.029761679130584	2.046642390969198
all_supported_squared_full	core	foil_delta	3:0	xptar	511	-0.8388154179139551	2.123844919770988	2.283490431021596	2.2657125553777093	4.362362795565446
all_supported_squared_full	core	foil_delta	3:0	ytar	511	-0.01829152743760869	0.18646736535619376	0.18736237167286565	0.2000638021832435	0.33989101839472635
all_supported_squared_full	core	foil_delta	3:0	yptar	511	0.0032411588662541904	1.2568445642278758	1.2568487433816193	1.2530997418037833	2.4631117561690945
all_supported_squared_full	core	foil_delta	3:1	xptar	1221	-0.6321683797054576	1.6822889337560984	1.7971457695294655	1.6917559156117508	3.4758580524612843
all_supported_squared_full	core	foil_delta	3:1	ytar	1221	0.02751360408028727	0.16502179564747305	0.16729970546358755	0.17532783613593278	0.31009087187757917
all_supported_squared_full	core	foil_delta	3:1	yptar	1221	-0.2851149062937989	1.1540312841915807	1.1887298745651977	1.190431210609775	2.305529201158025
all_supported_squared_full	core	foil_delta	3:2	xptar	2073	-0.494691413474895	1.4122841045892909	1.4964177179655966	1.462474240953869	2.8873491590027673
all_supported_squared_full	core	foil_delta	3:2	ytar	2073	0.013524287734326347	0.11626572632169349	0.11704967097703343	0.1211152352678393	0.223438383313863
all_supported_squared_full	core	foil_delta	3:2	yptar	2073	-0.14060414491729475	1.0453601274338866	1.0547735878360414	1.0787421442440825	2.051662911971767
all_supported_squared_full	core	foil_delta	3:3	xptar	1571	-0.5350338930024212	1.2897447144879373	1.3963175481282535	1.2941386369310655	2.741557799095691
all_supported_squared_full	core	foil_delta	3:3	ytar	1571	-0.0073654445255991515	0.09837063531247169	0.09864599163087662	0.10276995298343988	0.18401153953729776
all_supported_squared_full	core	foil_delta	3:3	yptar	1571	-0.11814337438685331	0.9031811168696159	0.910875395859038	0.9217663800183618	1.756435822735264
all_supported_squared_full	core	foil_delta	3:4	xptar	919	-0.4953850989068228	1.1720130126084747	1.2724075203890124	1.1884547455993162	2.525018930280544
all_supported_squared_full	core	foil_delta	3:4	ytar	919	-0.019414355616819336	0.11843184629261315	0.1200125802584607	0.12319690770127104	0.23082334812924982
all_supported_squared_full	core	foil_delta	3:4	yptar	919	-0.01901806165007041	0.8260126235961789	0.8262315299050071	0.8510386027463646	1.6267578676630556
all_supported_squared_full	core	foil	8	xptar	11734	0.07100480013267751	1.4752870543150922	1.4769947780109391	1.4865131731912793	2.8430082783772614
all_supported_squared_full	core	foil	8	ytar	11734	-0.03952715127647423	0.14412917616896806	0.1494510458684673	0.1362412695583848	0.3011469737551662
all_supported_squared_full	core	foil	8	yptar	11734	0.20094056269740762	1.1035967510416043	1.1217410122870322	1.1063252155131766	2.1985065311215384
all_supported_squared_full	core	foil_delta	8:0	xptar	1436	0.016516976476656602	1.8461094919315113	1.8461833784084272	1.8849191175663327	3.57680380376417
all_supported_squared_full	core	foil_delta	8:0	ytar	1436	-0.06436033516067094	0.2076044640653781	0.21735194096641228	0.22069793602710847	0.4199935967173498
all_supported_squared_full	core	foil_delta	8:0	yptar	1436	0.26581431110208803	1.3104374516017496	1.3371251110300657	1.315575404907874	2.625492067387905
all_supported_squared_full	core	foil_delta	8:1	xptar	2320	0.0947251970923106	1.6200912176123745	1.6228581011132563	1.6965982341802244	3.0458050007902604
all_supported_squared_full	core	foil_delta	8:1	ytar	2320	-0.054688384451292225	0.18062138737465816	0.1887191166019984	0.18624499656941057	0.361492033900359
all_supported_squared_full	core	foil_delta	8:1	yptar	2320	0.3264453884176695	1.2763838398893421	1.3174681394059686	1.3102071150190824	2.5057986594964374
all_supported_squared_full	core	foil_delta	8:2	xptar	3592	0.04143707891220919	1.4285113672573522	1.429112227185901	1.4609894694212375	2.71636634254243
all_supported_squared_full	core	foil_delta	8:2	ytar	3592	-0.030224172341189497	0.11857867163039428	0.1223699389529095	0.11851276099499136	0.23924604813477532
all_supported_squared_full	core	foil_delta	8:2	yptar	3592	0.24686131768714703	1.0926718366756412	1.1202108073190302	1.1041223970957288	2.1588676643776714
all_supported_squared_full	core	foil_delta	8:3	xptar	2725	0.09840315388487068	1.297893847198397	1.301618845626455	1.3068757227263985	2.5217337306648595
all_supported_squared_full	core	foil_delta	8:3	ytar	2725	-0.023183852394121518	0.09713577998962224	0.09986416156972786	0.09873776151652155	0.1924921856306664
all_supported_squared_full	core	foil_delta	8:3	yptar	2725	0.11912947630356747	0.9247060885225471	0.9323482087047902	0.9610910967032391	1.8014136386766617
all_supported_squared_full	core	foil_delta	8:4	xptar	1661	0.10397285219341978	1.2565232595991598	1.260817614053251	1.258192147327578	2.4732548070662554
all_supported_squared_full	core	foil_delta	8:4	ytar	1661	-0.043812086114926714	0.12859601797170936	0.13585446156796602	0.13698891817471964	0.2533875131819791
all_supported_squared_full	core	foil_delta	8:4	yptar	1661	0.0044673297774447725	0.8827455876728468	0.8827568915569112	0.8880047755882908	1.6874869462087037
all_supported_squared_full	shoulder	overall	all	xptar	22532	-0.2503467208156489	4.128646908607978	4.136230019786298	3.610520037637914	8.43676795833543
all_supported_squared_full	shoulder	overall	all	ytar	22532	-0.001791285905542001	0.16427219653725786	0.16428196267506323	0.1646637359967999	0.3155874326603732
all_supported_squared_full	shoulder	overall	all	yptar	22532	-0.006087649490442825	1.6236629720683455	1.6236743843339192	1.6428054308205406	3.018131892648779
all_supported_squared_full	shoulder	foil	-8	xptar	4691	-0.1745387275901121	4.398662873323147	4.4021243554198035	3.7528737923615054	9.219538470801899
all_supported_squared_full	shoulder	foil	-8	ytar	4691	0.04021395753246675	0.18107122053672978	0.1854830161688236	0.17845252510633142	0.37161731041888824
all_supported_squared_full	shoulder	foil	-8	yptar	4691	-0.18362351395386742	1.6170225986053595	1.6274150298178998	1.5902364921611825	3.0241204133525104
all_supported_squared_full	shoulder	foil_delta	-8:0	xptar	676	0.49203369433691346	6.502153379225171	6.520743494673912	6.685216284755815	12.07246600384699
all_supported_squared_full	shoulder	foil_delta	-8:0	ytar	676	0.09405195826700923	0.24765578234028898	0.2649134903707998	0.2743107065721072	0.5024783386751219
all_supported_squared_full	shoulder	foil_delta	-8:0	yptar	676	-0.4367999546572296	1.4176220508025588	1.4833901979284516	1.4162166664021618	2.856788368595325
all_supported_squared_full	shoulder	foil_delta	-8:1	xptar	939	-0.5243308322712831	5.774048142009295	5.79780603055253	5.177738683354736	10.875952038134686
all_supported_squared_full	shoulder	foil_delta	-8:1	ytar	939	0.03685361272510354	0.2156397225530707	0.21876626502652832	0.22522703289531007	0.41031572594814647
all_supported_squared_full	shoulder	foil_delta	-8:1	yptar	939	-0.23581927568830868	1.550826960177183	1.568653878712114	1.5648079695445332	3.0654450930150965
all_supported_squared_full	shoulder	foil_delta	-8:2	xptar	1177	-0.30299205403405793	3.773959595936283	3.7861029062305382	3.6184671603102396	7.316320807638689
all_supported_squared_full	shoulder	foil_delta	-8:2	ytar	1177	0.037923226673661	0.14136252337985886	0.14636097204399476	0.1419519364040761	0.2834538379827956
all_supported_squared_full	shoulder	foil_delta	-8:2	yptar	1177	-0.20502442025910783	1.7647359251202677	1.7766057239333295	1.7524613960475768	3.2177716761947432
all_supported_squared_full	shoulder	foil_delta	-8:3	xptar	1226	-0.16444257990281294	2.8650824034892284	2.8697976480701053	2.86155341616434	5.374056639409137
all_supported_squared_full	shoulder	foil_delta	-8:3	ytar	1226	0.018891601624606433	0.11818506747979991	0.11968543264385892	0.12080883064672071	0.22774235087064532
all_supported_squared_full	shoulder	foil_delta	-8:3	yptar	1226	-0.07119205933275607	1.8114690471904473	1.812867457438934	1.7391503889487188	3.23858240450831
all_supported_squared_full	shoulder	foil_delta	-8:4	xptar	673	-0.14977867226641847	2.317296003648543	2.32213143882757	2.212188185210821	4.188032293945508
all_supported_squared_full	shoulder	foil_delta	-8:4	ytar	673	0.03367350261629211	0.19454022373274532	0.1974330353016841	0.21474905952123957	0.34241635852873803
all_supported_squared_full	shoulder	foil_delta	-8:4	yptar	673	-0.02388057555877291	1.1443549685882555	1.1446041132293931	1.1894271174908333	2.0488605796863824
all_supported_squared_full	shoulder	foil	-3	xptar	1785	-0.9847526554616978	4.21199606313662	4.325580727291683	3.529998523746558	8.768966703408454
all_supported_squared_full	shoulder	foil	-3	ytar	1785	-0.06002849687330434	0.14953312887170336	0.16113217266278562	0.152280621809882	0.3127294728411372
all_supported_squared_full	shoulder	foil	-3	yptar	1785	0.18018896385664177	1.7106453637232766	1.7201091893027232	1.686038144238634	3.1110587681252526
all_supported_squared_full	shoulder	foil_delta	-3:0	xptar	245	-2.0631486878767005	7.299434499922201	7.5854021994184215	6.479354417752381	13.884116751638436
all_supported_squared_full	shoulder	foil_delta	-3:0	ytar	245	-0.06871667170848564	0.18382913723447483	0.19625272652134843	0.19518301364214166	0.3676964693422774
all_supported_squared_full	shoulder	foil_delta	-3:0	yptar	245	0.28959613733968675	1.2879584605658914	1.3201147370230086	1.2295974795666615	2.5291521488384716
all_supported_squared_full	shoulder	foil_delta	-3:1	xptar	314	-0.8540995203083254	4.887126299626918	4.961198389411172	4.562124055914079	9.163142791775917
all_supported_squared_full	shoulder	foil_delta	-3:1	ytar	314	-0.03228069724751079	0.1866279492986759	0.1893991416934475	0.19577299003607548	0.38012927738516045
all_supported_squared_full	shoulder	foil_delta	-3:1	yptar	314	0.08014087830311699	1.570863861408099	1.5729068095259675	1.5016118849849125	2.979369910707266
all_supported_squared_full	shoulder	foil_delta	-3:2	xptar	508	-0.7249952700488806	3.3955870452725296	3.4721217610584856	3.3497277184054406	6.099842940811408
all_supported_squared_full	shoulder	foil_delta	-3:2	ytar	508	-0.06274896351281883	0.13061580031820885	0.14490658961793035	0.13210315387182386	0.28835773545469706
all_supported_squared_full	shoulder	foil_delta	-3:2	yptar	508	0.07660585959503875	1.7775251697071577	1.7791751422124678	1.8475203258993695	3.131207470211866
all_supported_squared_full	shoulder	foil_delta	-3:3	xptar	482	-0.9381597707779132	2.72670758553186	2.883587698077354	2.698747357741955	5.213470612194735
all_supported_squared_full	shoulder	foil_delta	-3:3	ytar	482	-0.06264324420859277	0.10755512057736788	0.12446798788198327	0.11317683264546821	0.23340917709174905
all_supported_squared_full	shoulder	foil_delta	-3:3	yptar	482	0.21676794219542048	1.894201368663478	1.9065642307067	1.9070830934783358	3.4868948048683825
all_supported_squared_full	shoulder	foil_delta	-3:4	xptar	236	-0.6933652770878785	2.3716157298195286	2.470893882261755	1.9511652554517198	5.077415774360455
all_supported_squared_full	shoulder	foil_delta	-3:4	ytar	236	-0.07673146712498813	0.16105103640178647	0.17839606041962555	0.1795748782865058	0.3159269946641754
all_supported_squared_full	shoulder	foil_delta	-3:4	yptar	236	0.3479834162552169	1.7085373616782256	1.7436147436400744	1.4920981066112695	2.754123904943529
all_supported_squared_full	shoulder	foil	0	xptar	11041	-0.018290776275031884	4.007924252463899	4.007965988626282	3.5309064565711488	7.985689942491797
all_supported_squared_full	shoulder	foil	0	ytar	11041	0.0014500402113633301	0.14951039842542704	0.14951742993358502	0.15749909505826548	0.28440338119634695
all_supported_squared_full	shoulder	foil	0	yptar	11041	0.006146581127766687	1.5404867160776774	1.5404989785362881	1.600546519095536	2.871099572317515
all_supported_squared_full	shoulder	foil_delta	0:0	xptar	1375	0.25244144355650805	6.346899059404743	6.351917376091861	5.624579573675522	11.997881963712102
all_supported_squared_full	shoulder	foil_delta	0:0	ytar	1375	0.0012527569692224111	0.19563733749332307	0.1956413484453129	0.21817139858947376	0.3424315746779088
all_supported_squared_full	shoulder	foil_delta	0:0	yptar	1375	0.03342190416953793	1.3249789947390451	1.3254004527606018	1.2659295416393503	2.4878011569257827
all_supported_squared_full	shoulder	foil_delta	0:1	xptar	1888	-0.22747756451872728	4.7585154066271365	4.763949508282722	4.325533100073656	9.208531308258229
all_supported_squared_full	shoulder	foil_delta	0:1	ytar	1888	-0.008708534181785977	0.17916121199392013	0.1793727360852973	0.1971531654343485	0.31604169977604585
all_supported_squared_full	shoulder	foil_delta	0:1	yptar	1888	0.06373162751588018	1.3985986045241279	1.4000499194395395	1.4475942427800683	2.659673176472636
all_supported_squared_full	shoulder	foil_delta	0:2	xptar	2969	-0.1228378860121703	3.679616985509086	3.681666783711817	3.502205529668922	6.711862243951241
all_supported_squared_full	shoulder	foil_delta	0:2	ytar	2969	0.0008387579186814686	0.12145043921266663	0.12145333548238096	0.1288236945738755	0.22625311910680945
all_supported_squared_full	shoulder	foil_delta	0:2	yptar	2969	-0.0027761499854649916	1.6589399182885152	1.6589422411584578	1.7493779013124615	3.073288841580439
all_supported_squared_full	shoulder	foil_delta	0:3	xptar	2841	0.028816241271041296	2.9743178660280893	2.974457453710656	2.9477307809656237	5.661080506391271
all_supported_squared_full	shoulder	foil_delta	0:3	ytar	2841	0.006051163844657028	0.10562213386578102	0.10579532951050274	0.11514764239878496	0.19075797132853273
all_supported_squared_full	shoulder	foil_delta	0:3	yptar	2841	0.011682695185398172	1.7518955062164707	1.7519344594100144	1.8530523196360273	3.2336196914169757
all_supported_squared_full	shoulder	foil_delta	0:4	xptar	1968	0.08295779379453085	2.632853600061458	2.6341602219507907	2.435649701251095	4.37771453075448
all_supported_squared_full	shoulder	foil_delta	0:4	ytar	1968	0.005613535026909421	0.1713711857484986	0.17146310122106376	0.19367882612414564	0.28568705403672295
all_supported_squared_full	shoulder	foil_delta	0:4	yptar	1968	-0.06268504901742636	1.272585447316433	1.2741283828923533	1.3573022420554173	2.2269891197536484
all_supported_squared_full	shoulder	foil	3	xptar	1785	-1.0133423948113134	3.995237979328074	4.121745906844259	3.5492313121854364	8.602236014464596
all_supported_squared_full	shoulder	foil	3	ytar	1785	-0.007155445156752654	0.1566912252283333	0.1568545200462759	0.16432904757319283	0.295821338576906
all_supported_squared_full	shoulder	foil	3	yptar	1785	-0.11824252558209873	1.7425102414658327	1.746517459537507	1.7611903654595857	3.250891512385475
all_supported_squared_full	shoulder	foil_delta	3:0	xptar	255	-0.7017119042451605	6.137853443472095	6.177834935485217	5.931739716692585	11.479496415463647
all_supported_squared_full	shoulder	foil_delta	3:0	ytar	255	-0.027951816928774128	0.1828459932723838	0.1849701633382647	0.19500966042311668	0.33023272493298456
all_supported_squared_full	shoulder	foil_delta	3:0	yptar	255	0.30866405025613225	1.5150783236609342	1.5462004471438189	1.5037938341020916	3.035838906908324
all_supported_squared_full	shoulder	foil_delta	3:1	xptar	323	-1.1635389135245857	4.520423599674241	4.667767381069648	4.513354987314038	8.201591814179634
all_supported_squared_full	shoulder	foil_delta	3:1	ytar	323	0.0028563807077919444	0.19885366801383011	0.19887418181680197	0.22177041508814788	0.3691505777896782
all_supported_squared_full	shoulder	foil_delta	3:1	yptar	323	-0.050469457438487575	1.543410346034094	1.5442353001985214	1.573883067013012	2.9484167527805356
all_supported_squared_full	shoulder	foil_delta	3:2	xptar	480	-1.2520554140684284	3.6187675509646016	3.8292455324531494	3.3480740480405013	7.234549086670002
all_supported_squared_full	shoulder	foil_delta	3:2	ytar	480	0.015339663119952423	0.13487917194069698	0.1357486511463069	0.1444640682434873	0.24637039436686867
all_supported_squared_full	shoulder	foil_delta	3:2	yptar	480	-0.37067815067316495	1.8433984722494536	1.8802979069493475	1.8382034359583241	3.3074541282111394
all_supported_squared_full	shoulder	foil_delta	3:3	xptar	485	-0.9091405533921777	2.8256385814858125	2.9682941126181195	2.525299435729772	5.616251377267668
all_supported_squared_full	shoulder	foil_delta	3:3	ytar	485	-0.011766467768601687	0.11878280919109988	0.11936417185688	0.12532336121083817	0.22204434879445653
all_supported_squared_full	shoulder	foil_delta	3:3	yptar	485	-0.11425097874377574	1.9362685973878135	1.939636400816937	1.9870292727312613	3.5678277286530977
all_supported_squared_full	shoulder	foil_delta	3:4	xptar	242	-0.8765983592528324	2.915991992679756	3.0449029516254225	2.464632951203325	6.296107005743215
all_supported_squared_full	shoulder	foil_delta	3:4	ytar	242	-0.033982102009868724	0.1624007828531984	0.16591804461341997	0.18225012953894865	0.2856427400965406
all_supported_squared_full	shoulder	foil_delta	3:4	yptar	242	-0.16584036864825646	1.489045427995286	1.4982520864350748	1.4447326176618862	2.520015247083383
all_supported_squared_full	shoulder	foil	8	xptar	3230	-0.3261619246758615	4.056624563029316	4.0697155240238905	3.5658509876230644	8.242233028630626
all_supported_squared_full	shoulder	foil	8	ytar	3230	-0.03872801432151229	0.18011368468110475	0.1842302866053562	0.17810268445392607	0.367170074736407
all_supported_squared_full	shoulder	foil	8	yptar	3230	0.16896971860284923	1.7557727183785923	1.7638845212788954	1.7502600272498456	3.247328814388139
all_supported_squared_full	shoulder	foil_delta	8:0	xptar	513	-0.020332429478257964	5.687967979904735	5.68800432033152	5.131503304996382	12.165231472195158
all_supported_squared_full	shoulder	foil_delta	8:0	ytar	513	-0.06366254491109535	0.23742790668532146	0.24581482969408283	0.25592564511215327	0.45414050673102263
all_supported_squared_full	shoulder	foil_delta	8:0	yptar	513	0.340833247161649	1.5409046257167924	1.5781490322292637	1.4986868433412184	3.213444263702066
all_supported_squared_full	shoulder	foil_delta	8:1	xptar	628	-0.4774230333931776	4.531810537967174	4.556889235525116	4.206949417374514	9.515452106160762
all_supported_squared_full	shoulder	foil_delta	8:1	ytar	628	-0.06224501441051263	0.2153708595642424	0.22418530051813285	0.2351608601303471	0.4122018086966486
all_supported_squared_full	shoulder	foil_delta	8:1	yptar	628	0.3330073939354828	1.697484722011223	1.7298405434829016	1.6362956346590438	3.23199088030282
all_supported_squared_full	shoulder	foil_delta	8:2	xptar	844	-0.5885070842508089	3.945572311117517	3.989220657029467	3.525932675354108	7.587822670925258
all_supported_squared_full	shoulder	foil_delta	8:2	ytar	844	-0.028572091456957768	0.14730370795794148	0.1500491479095542	0.1410903716592615	0.3026778071409802
all_supported_squared_full	shoulder	foil_delta	8:2	yptar	844	0.14724825495566937	1.930786752287483	1.9363934340408038	2.0223899466483717	3.630258039181747
all_supported_squared_full	shoulder	foil_delta	8:3	xptar	749	-0.18818680269851462	3.119785435838685	3.1254560368658306	2.924472353352735	6.203356694888299
all_supported_squared_full	shoulder	foil_delta	8:3	ytar	749	-0.017454132385914506	0.12518168078691153	0.1263926419613944	0.1217152356668875	0.24930433411678884
all_supported_squared_full	shoulder	foil_delta	8:3	yptar	749	0.0819351137688101	1.9265949455001639	1.9283364454614984	1.8758523085022276	3.4261631895110125
all_supported_squared_full	shoulder	foil_delta	8:4	xptar	496	-0.21290105056633232	2.49552038149453	2.5045855608836476	2.2632484333376066	4.595362675162839
all_supported_squared_full	shoulder	foil_delta	8:4	ytar	496	-0.03257004298904941	0.17719903096410042	0.18016743400216573	0.19276489925143858	0.32527521965115025
all_supported_squared_full	shoulder	foil_delta	8:4	yptar	496	-0.048086361882318185	1.3778523766764508	1.3786912163758864	1.4863850065932467	2.3599954981654205
all_supported_squared_full	supported	overall	all	xptar	100396	0.0062052215366122	2.365978064432996	2.3659862015980617	1.8442077888513735	4.43735439376883
all_supported_squared_full	supported	overall	all	ytar	100396	-0.0006901270688812718	0.14178590313606745	0.14178758268438568	0.13691996168122944	0.2806429629065486
all_supported_squared_full	supported	overall	all	yptar	100396	0.0006726578065932873	1.190053377045778	1.1900535671500612	1.1533537253848356	2.3073049993335273
all_supported_squared_full	supported	foil	-8	xptar	18232	0.08772911861013898	2.626354084701907	2.6278189010056425	1.9601343763923884	5.1109221808363055
all_supported_squared_full	supported	foil	-8	ytar	18232	0.041034994307113534	0.15194295182445244	0.15738656666600465	0.14135610627799597	0.32198489048523216
all_supported_squared_full	supported	foil	-8	yptar	18232	-0.17872945543463478	1.2109174418634556	1.2240364656533302	1.1521393418167305	2.4009873785133107
all_supported_squared_full	supported	foil_delta	-8:0	xptar	1739	0.33287131433394346	4.565785780028909	4.577903788965054	3.8521776456624006	10.060289318022207
all_supported_squared_full	supported	foil_delta	-8:0	ytar	1739	0.09629127588281328	0.23413309614642794	0.25316065358236955	0.2504737070796311	0.4859411381376332
all_supported_squared_full	supported	foil_delta	-8:0	yptar	1739	-0.47564896185966904	1.3793407240331563	1.4590485831165776	1.417231688290976	2.713280970841644
all_supported_squared_full	supported	foil_delta	-8:1	xptar	3449	0.022490310837741025	3.45608468967787	3.456157866230557	2.7159511779497625	6.696262363269471
all_supported_squared_full	supported	foil_delta	-8:1	ytar	3449	0.04669948085854176	0.19620436194603233	0.20168538161975685	0.20459950472079275	0.3870153905483516
all_supported_squared_full	supported	foil_delta	-8:1	yptar	3449	-0.2852498184097156	1.352407340220908	1.382162462515231	1.3700048121159447	2.646332606774968
all_supported_squared_full	supported	foil_delta	-8:2	xptar	5404	0.0991673248678415	2.197285302428687	2.199521961379465	1.908508432889251	4.02755616767674
all_supported_squared_full	supported	foil_delta	-8:2	ytar	5404	0.03589515034292998	0.12032766995414204	0.12556755144038798	0.11910409214719536	0.24532643007791702
all_supported_squared_full	supported	foil_delta	-8:2	yptar	5404	-0.18002478493722227	1.223586585568383	1.2367590935887987	1.1864059684338664	2.3634654777532247
all_supported_squared_full	supported	foil_delta	-8:3	xptar	4673	0.041264447243212606	1.8155031228031135	1.8159720106637507	1.5986049920676366	3.53643590193967
all_supported_squared_full	supported	foil_delta	-8:3	ytar	4673	0.023381259002249542	0.10059858875577674	0.10328000451289768	0.10177615413241847	0.19960570959225113
all_supported_squared_full	supported	foil_delta	-8:3	yptar	4673	-0.0771640683058468	1.1804472199120997	1.1829665812844055	1.0750419061163914	2.2268891385962557
all_supported_squared_full	supported	foil_delta	-8:4	xptar	2967	0.07223323466147918	1.5012614670259552	1.5029982144256138	1.3502918690966175	2.838178235831565
all_supported_squared_full	supported	foil_delta	-8:4	ytar	2967	0.03922984907154213	0.14250206767842874	0.14780331644047592	0.1464247051860104	0.28735218597113643
all_supported_squared_full	supported	foil_delta	-8:4	yptar	2967	-0.0384811709205314	0.8641892319313825	0.8650455647545786	0.845543260223856	1.67962724081233
all_supported_squared_full	supported	foil	-3	xptar	7675	-0.6607875667497791	2.4624736240016243	2.549591449090381	1.8649946878766324	4.7964695186393795
all_supported_squared_full	supported	foil	-3	ytar	7675	-0.055391961137496955	0.13203355569641476	0.1431821538757405	0.13148981435933338	0.28092624725735765
all_supported_squared_full	supported	foil	-3	yptar	7675	0.21558479157658272	1.20889250322492	1.2279649370859627	1.1605119005411284	2.3407723867575445
all_supported_squared_full	supported	foil_delta	-3:0	xptar	712	-1.2872451549755872	4.761910295936291	4.932827764634822	3.472911717154389	10.226820027958482
all_supported_squared_full	supported	foil_delta	-3:0	ytar	712	-0.06933251700777933	0.17963158502698826	0.19254740780893967	0.18446763265105476	0.3718493392480584
all_supported_squared_full	supported	foil_delta	-3:0	yptar	712	0.29863237430633466	1.2038950181774937	1.240380792247456	1.217696785560037	2.327486674718406
all_supported_squared_full	supported	foil_delta	-3:1	xptar	1458	-0.6389972105288118	2.796505700720582	2.86858180452054	2.2897313243946744	5.525005080332965
all_supported_squared_full	supported	foil_delta	-3:1	ytar	1458	-0.04052716891773168	0.1664251018527457	0.17128854587269732	0.17276446301848228	0.32462343026151086
all_supported_squared_full	supported	foil_delta	-3:1	yptar	1458	0.1438637703011242	1.2520962029213374	1.2603339580346493	1.2599338206654465	2.421419703433985
all_supported_squared_full	supported	foil_delta	-3:2	xptar	2460	-0.5552952110807187	2.027820126033736	2.1024764528994506	1.816065303582572	3.942890691566486
all_supported_squared_full	supported	foil_delta	-3:2	ytar	2460	-0.05299475077410091	0.11843638355694583	0.12975215050108824	0.11990865412777443	0.2522982715407499
all_supported_squared_full	supported	foil_delta	-3:2	yptar	2460	0.15000242480694911	1.2418172187863812	1.2508440079891285	1.219882163555329	2.389063511695547
all_supported_squared_full	supported	foil_delta	-3:3	xptar	1941	-0.6695632505976806	1.7725136539858377	1.8947610931505738	1.5959445209031515	3.5519553939737216
all_supported_squared_full	supported	foil_delta	-3:3	ytar	1941	-0.06071910539005782	0.09368529152925205	0.11164113761642658	0.09960192499054414	0.21440889297491117
all_supported_squared_full	supported	foil_delta	-3:3	yptar	1941	0.2631685367464172	1.2061221508474815	1.2344992189135664	1.1277987653151174	2.3540081970353928
all_supported_squared_full	supported	foil_delta	-3:4	xptar	1104	-0.5051807996759634	1.487825967913556	1.5712522875589252	1.3279169299136153	2.7498986913931285
all_supported_squared_full	supported	foil_delta	-3:4	ytar	1104	-0.06200821274665485	0.12881527983039257	0.14296291395259383	0.13829590806274628	0.27919430391543454
all_supported_squared_full	supported	foil_delta	-3:4	yptar	1104	0.31921879791234814	1.0607552044493906	1.1077464713133025	0.9805568253411034	1.9492469566691049
all_supported_squared_full	supported	foil	0	xptar	51445	0.18750122061402727	2.2445742734240013	2.2523921453975624	1.7794321859459903	4.214867485142209
all_supported_squared_full	supported	foil	0	ytar	51445	0.003625284379121968	0.13108724365499674	0.1311373636150048	0.13155254616903103	0.25831143414833796
all_supported_squared_full	supported	foil	0	yptar	51445	-0.0034990618270779174	1.1349298096752853	1.1349352035791511	1.1169945553949368	2.2056599857401324
all_supported_squared_full	supported	foil_delta	0:0	xptar	5051	0.3685822440267037	3.766533954886153	3.7845251887022875	2.948062007946235	8.21528048276922
all_supported_squared_full	supported	foil_delta	0:0	ytar	5051	0.009585637698551036	0.1860547038401774	0.18630146878418324	0.20641761957520147	0.3314514798845585
all_supported_squared_full	supported	foil_delta	0:0	yptar	5051	-0.02502922580890759	1.1945073921402714	1.1947695895118629	1.1987745902970843	2.2623781495557447
all_supported_squared_full	supported	foil_delta	0:1	xptar	8847	0.25825002762227983	2.6393148033006617	2.6519192498432	2.237505813294081	4.937997522186627
all_supported_squared_full	supported	foil_delta	0:1	ytar	8847	-0.0058955459259577925	0.16357666167092855	0.1636828693088269	0.17659302796055198	0.3032226643356166
all_supported_squared_full	supported	foil_delta	0:1	yptar	8847	0.05066127367979575	1.203152750216517	1.2042188775319989	1.2214421342181847	2.3396346941276254
all_supported_squared_full	supported	foil_delta	0:2	xptar	15130	0.18976450792864338	2.030148706555683	2.038998366649447	1.762455314595028	3.818194558403827
all_supported_squared_full	supported	foil_delta	0:2	ytar	15130	0.0038956143434383415	0.11213012911413252	0.11219777923945211	0.1174866609410734	0.21245400782415802
all_supported_squared_full	supported	foil_delta	0:2	yptar	15130	-0.0018196403299809887	1.182501938617263	1.1825033386525876	1.1822103591906283	2.291345328251412
all_supported_squared_full	supported	foil_delta	0:3	xptar	13229	0.12022213651889724	1.7484673279852883	1.7525956062769248	1.524107006854761	3.35072993036101
all_supported_squared_full	supported	foil_delta	0:3	ytar	13229	0.00546990954234776	0.09431600627322524	0.09447448835390712	0.10102444090418233	0.17725314026756497
all_supported_squared_full	supported	foil_delta	0:3	yptar	13229	-0.014131759954169628	1.1419348827308666	1.1420223216018854	1.0935510453164103	2.220828379033387
all_supported_squared_full	supported	foil_delta	0:4	xptar	9188	0.11297319727542204	1.5745224718459667	1.5785702257582857	1.3667268197818738	2.842114599007974
all_supported_squared_full	supported	foil_delta	0:4	ytar	9188	0.00641505390983417	0.13337527793913093	0.13352946372245528	0.14154060763365625	0.2517933844918214
all_supported_squared_full	supported	foil_delta	0:4	yptar	9188	-0.03126977511450388	0.9217680390487212	0.9222982796511313	0.9157851439386797	1.7764469195725743
all_supported_squared_full	supported	foil	3	xptar	8080	-0.6597303090158689	2.2963893332179857	2.389277725663452	1.7997966949004345	4.490196722817001
all_supported_squared_full	supported	foil	3	ytar	8080	0.0012497045505315005	0.1375811412475167	0.13758681691365915	0.13732358823802548	0.2700748343913858
all_supported_squared_full	supported	foil	3	yptar	8080	-0.13020856544552378	1.2225976327372625	1.229511790138728	1.1669389781594368	2.3852249548953037
all_supported_squared_full	supported	foil_delta	3:0	xptar	766	-0.7931739087944477	3.9439366819935784	4.022904597572105	3.149961528976279	8.697312054074384
all_supported_squared_full	supported	foil_delta	3:0	ytar	766	-0.021507420153336093	0.18532559940817564	0.1865694158152716	0.19888911885387722	0.33631336091357333
all_supported_squared_full	supported	foil_delta	3:0	yptar	766	0.10491588119578281	1.3559735112414877	1.3600262884649164	1.34140746899454	2.628896491360587
all_supported_squared_full	supported	foil_delta	3:1	xptar	1544	-0.7433294434512985	2.5611593041218215	2.666847510187148	2.142840122944438	5.162442085688939
all_supported_squared_full	supported	foil_delta	3:1	ytar	1544	0.022355389605341683	0.17293961344356865	0.17437853463777464	0.1850426813452341	0.32100551804015887
all_supported_squared_full	supported	foil_delta	3:1	yptar	1544	-0.23602780786098443	1.2492485461227405	1.2713500918603982	1.238371590003333	2.4279934983113245
all_supported_squared_full	supported	foil_delta	3:2	xptar	2553	-0.6370865252198601	2.041873341670489	2.1389544137361423	1.74177343530743	3.9671701939518873
all_supported_squared_full	supported	foil_delta	3:2	ytar	2553	0.013865603905536891	0.11998802637580017	0.12078651185138578	0.12491786525480042	0.23115317624158044
all_supported_squared_full	supported	foil_delta	3:2	yptar	2553	-0.183861302286201	1.2386667890467609	1.2522381533741058	1.2032413521988303	2.401406342066128
all_supported_squared_full	supported	foil_delta	3:3	xptar	2056	-0.6232837618200439	1.7831744458928818	1.8889663184487784	1.5184102905959136	3.5060250324573583
all_supported_squared_full	supported	foil_delta	3:3	ytar	2056	-0.00840362364663817	0.10356589631779947	0.10390628359489874	0.1079940585116467	0.1963714517888483
all_supported_squared_full	supported	foil_delta	3:3	yptar	2056	-0.11722517794381217	1.2278896819686216	1.2334726642406637	1.1208176803824212	2.429140464357321
all_supported_squared_full	supported	foil_delta	3:4	xptar	1161	-0.5748455717782563	1.6981313542242447	1.792790430472156	1.3838893143366204	3.027059295772931
all_supported_squared_full	supported	foil_delta	3:4	ytar	1161	-0.022450871230185358	0.12897646337457477	0.13091588797242062	0.13572719906381842	0.2456933052321461
all_supported_squared_full	supported	foil_delta	3:4	yptar	1161	-0.049621850016617376	1.002896833673978	1.004123691082111	0.9740294639345539	1.8622773835665232
all_supported_squared_full	supported	foil	8	xptar	14964	-0.014724184171758564	2.2990151626199675	2.2990623131085504	1.8308497790561038	4.252868705849947
all_supported_squared_full	supported	foil	8	ytar	14964	-0.03935465646462398	0.15261658146124266	0.15760904137251988	0.14418382452893255	0.3202570904718247
all_supported_squared_full	supported	foil	8	yptar	14964	0.19403961198734188	1.2730361515307098	1.2877392648064743	1.2329937392234482	2.4990192203313875
all_supported_squared_full	supported	foil_delta	8:0	xptar	1949	0.00681777419093516	3.320694980582379	3.3207019794178945	2.547710650469467	6.638219136415328
all_supported_squared_full	supported	foil_delta	8:0	ytar	1949	-0.06417666846080831	0.21585449011861074	0.22519281888882228	0.22890327515018666	0.4269241129406543
all_supported_squared_full	supported	foil_delta	8:0	yptar	1949	0.2855601880638914	1.3752472496056827	1.4045816525054995	1.3470802858317255	2.7751473585926525
all_supported_squared_full	supported	foil_delta	8:1	xptar	2948	-0.027157126091165214	2.5486119720443727	2.5487566564004185	2.1604600175163093	4.803409267950248
all_supported_squared_full	supported	foil_delta	8:1	ytar	2948	-0.05629814144396198	0.18858686179383627	0.19681078520063847	0.19614529759234078	0.378471013094008
all_supported_squared_full	supported	foil_delta	8:1	yptar	2948	0.3278432647627126	1.376929492661141	1.4154207975052302	1.3826198264814238	2.720295244210328
all_supported_squared_full	supported	foil_delta	8:2	xptar	4436	-0.07841704049932981	2.162273947922096	2.163695417128594	1.7784705264772986	3.8556861696404066
all_supported_squared_full	supported	foil_delta	8:2	ytar	4436	-0.029909844959248207	0.12455697663216814	0.12809777224149038	0.12238113898386613	0.24930675442219655
all_supported_squared_full	supported	foil_delta	8:2	yptar	4436	0.22790878726664046	1.2952158850893198	1.3151146734414687	1.2450940509273973	2.555207015222942
all_supported_squared_full	supported	foil_delta	8:3	xptar	3474	0.036613897269742395	1.8530232963245383	1.853384988121663	1.5545296762322611	3.5216961742510766
all_supported_squared_full	supported	foil_delta	8:3	ytar	3474	-0.02194851552418857	0.10385185617079273	0.10614586833143609	0.10417830399017078	0.20330586528349523
all_supported_squared_full	supported	foil_delta	8:3	yptar	3474	0.11111031178470354	1.2129392299673427	1.2180176833604117	1.1431830799791654	2.280400564563193
all_supported_squared_full	supported	foil_delta	8:4	xptar	2157	0.031108014099383147	1.6326698084242164	1.6329661392328916	1.4492204649239047	3.048721220909745
all_supported_squared_full	supported	foil_delta	8:4	ytar	2157	-0.041226989503691136	0.1413398242120538	0.14722978833045888	0.1466875274031734	0.27490683470335303
all_supported_squared_full	supported	foil_delta	8:4	yptar	2157	-0.007617339236575816	1.0183792769282154	1.0184077648633085	1.0244155442639449	1.9405316319589117
all_supported_huber_full	core	overall	all	xptar	77864	0.03920754486134378	1.4650903272020135	1.4656148533755236	1.4545048818890367	2.7863317105966203
all_supported_huber_full	core	overall	all	ytar	77864	-0.00044251911693971165	0.13453696610732677	0.13453769387250863	0.12953500432910414	0.26663415315042327
all_supported_huber_full	core	overall	all	yptar	77864	0.004753495557278198	1.0269481567014591	1.026959158035283	1.026376474458111	1.9987908640855696
all_supported_huber_full	core	foil	-8	xptar	13541	0.14027621492678388	1.55438177314783	1.5606985977979146	1.487537785476798	2.963671963491815
all_supported_huber_full	core	foil	-8	ytar	13541	0.04404638769003583	0.14108895610750466	0.1478045256548199	0.1308690559596729	0.30100859375126293
all_supported_huber_full	core	foil	-8	yptar	13541	-0.18120909667350887	1.0314195027876298	1.0472167528491467	1.0098199758900792	2.066948067911914
all_supported_huber_full	core	foil_delta	-8:0	xptar	1063	0.1434426934142177	2.594424427983589	2.598386791609728	2.383987001559789	4.874575125368384
all_supported_huber_full	core	foil_delta	-8:0	ytar	1063	0.10806393861297091	0.22432113579503735	0.248993547693356	0.2340657902474474	0.48019420796879375
all_supported_huber_full	core	foil_delta	-8:0	yptar	1063	-0.5167529964657113	1.3455099863175364	1.4413295191025917	1.4084924467808317	2.6849235505566553
all_supported_huber_full	core	foil_delta	-8:1	xptar	2510	0.12933976666820166	1.867935536029219	1.8724080596927986	1.9257984629483484	3.577585264936475
all_supported_huber_full	core	foil_delta	-8:1	ytar	2510	0.057746290343005324	0.18820233851833465	0.19686227234325146	0.1955230614432723	0.3762474083882379
all_supported_huber_full	core	foil_delta	-8:1	yptar	2510	-0.32539033524857186	1.266022273991225	1.307169181290276	1.295449015881974	2.534335893675062
all_supported_huber_full	core	foil_delta	-8:2	xptar	4227	0.1968063880866186	1.4355210553646827	1.4489490863336203	1.4963851855192343	2.772033466738967
all_supported_huber_full	core	foil_delta	-8:2	ytar	4227	0.0359884355338022	0.11417062439674672	0.11970839138219866	0.11373352224485181	0.23164786154513597
all_supported_huber_full	core	foil_delta	-8:2	yptar	4227	-0.17777744934081866	1.0215773628600664	1.0369306292140545	1.0502914457466548	1.9945887281700114
all_supported_huber_full	core	foil_delta	-8:3	xptar	3447	0.10113437204148766	1.2261499645662834	1.2303137391796144	1.2804687521803615	2.333476357775764
all_supported_huber_full	core	foil_delta	-8:3	ytar	3447	0.02542930549023256	0.09394788336637609	0.09732858966787598	0.09582671844855609	0.18943285940376703
all_supported_huber_full	core	foil_delta	-8:3	yptar	3447	-0.07026139048419804	0.8452380421876347	0.8481532944898338	0.8823658191511665	1.6252786505315377
all_supported_huber_full	core	foil_delta	-8:4	xptar	2294	0.10542591369570037	1.1221360357899604	1.1270775954196677	1.146283987139641	2.1914972776648702
all_supported_huber_full	core	foil_delta	-8:4	ytar	2294	0.042214057183099486	0.12409530790480736	0.1310788772756577	0.12795809780974582	0.25694845729289956
all_supported_huber_full	core	foil_delta	-8:4	yptar	2294	-0.04100170443607065	0.7597973249347458	0.7609028287137976	0.7592559316178691	1.4894654369734763
all_supported_huber_full	core	foil	-3	xptar	5890	-0.6009476627657663	1.5479767232169357	1.6605330556797353	1.4949017585752742	3.2118042520937022
all_supported_huber_full	core	foil	-3	ytar	5890	-0.05095700186041263	0.12574842294866606	0.13568080893287268	0.12483552702448672	0.26618784081019964
all_supported_huber_full	core	foil	-3	yptar	5890	0.2188650098574015	1.0079465334333186	1.0314349745864373	1.0245491487327167	1.9897247504631062
all_supported_huber_full	core	foil_delta	-3:0	xptar	467	-0.92706110231629	2.406465919608639	2.57886031216616	2.431654337746936	5.313893750229136
all_supported_huber_full	core	foil_delta	-3:0	ytar	467	-0.06249948241681977	0.17569839343203197	0.18648354017705546	0.17829046346886412	0.3696193016023589
all_supported_huber_full	core	foil_delta	-3:0	yptar	467	0.2865576716405942	1.1537700270325417	1.188823188895115	1.1890220643189982	2.157417553766541
all_supported_huber_full	core	foil_delta	-3:1	xptar	1144	-0.6902424467938574	1.7880701330315287	1.916671447065292	1.8028002401791965	3.6941457526806762
all_supported_huber_full	core	foil_delta	-3:1	ytar	1144	-0.03808349043656744	0.15963547413510704	0.1641153156965326	0.16532753157369298	0.3122142967771934
all_supported_huber_full	core	foil_delta	-3:1	yptar	1144	0.14837126430893227	1.1463243718676484	1.1558864985846966	1.201277048232571	2.234343667010941
all_supported_huber_full	core	foil_delta	-3:2	xptar	1952	-0.5538707778338765	1.4608902832495332	1.5623614364900347	1.4927465784957965	3.0097020607506395
all_supported_huber_full	core	foil_delta	-3:2	ytar	1952	-0.04892294573368436	0.11478658735881857	0.12477746293599944	0.11732719886449955	0.23842604613798424
all_supported_huber_full	core	foil_delta	-3:2	yptar	1952	0.16146951988582853	1.0580994929948015	1.070348981840977	1.0936958257106135	2.0427809295936
all_supported_huber_full	core	foil_delta	-3:3	xptar	1459	-0.5775074384499853	1.288644300495551	1.4121327751542105	1.318265077080293	2.7212628918003157
all_supported_huber_full	core	foil_delta	-3:3	ytar	1459	-0.057829288325922386	0.08851261175820327	0.10572941420693244	0.09442652310208556	0.20297550074962822
all_supported_huber_full	core	foil_delta	-3:3	yptar	1459	0.2704995044462271	0.8661007666118331	0.9073590908958038	0.8820084440772703	1.7364048289394047
all_supported_huber_full	core	foil_delta	-3:4	xptar	868	-0.4530734202145478	1.1155095232978025	1.2040087294837187	1.1401557517834493	2.3098761729618125
all_supported_huber_full	core	foil_delta	-3:4	ytar	868	-0.0547366910945504	0.11795132407557996	0.1300331504008217	0.1252395980587912	0.2589268707457419
all_supported_huber_full	core	foil_delta	-3:4	yptar	868	0.3176364852884058	0.7978739931441126	0.858775783148374	0.8237868725364335	1.6516494743562813
all_supported_huber_full	core	foil	0	xptar	40404	0.2040674832704296	1.3772628922608106	1.3922990383272338	1.395656885516654	2.646607208074506
all_supported_huber_full	core	foil	0	ytar	40404	0.0038473348580856954	0.12482964045376885	0.12488891512591278	0.12430621260092037	0.24583871868079438
all_supported_huber_full	core	foil	0	yptar	40404	-0.003099520486757209	0.9874533449752892	0.9874582095107294	0.9974943058287491	1.9188379364303587
all_supported_huber_full	core	foil_delta	0:0	xptar	3676	0.39386444216101996	1.9928892386532766	2.03143710617357	2.019503138522179	3.74839523696636
all_supported_huber_full	core	foil_delta	0:0	ytar	3676	0.0135837420477536	0.18066183284212575	0.18117178559007496	0.19909256005682482	0.32452847209244173
all_supported_huber_full	core	foil_delta	0:0	yptar	3676	-0.04973842352213031	1.1373330015054264	1.1384200749669733	1.1726999155552198	2.1687552574315396
all_supported_huber_full	core	foil_delta	0:1	xptar	6959	0.2953914696990223	1.5593564790562864	1.587088135279754	1.6416862577272457	2.9820637084027153
all_supported_huber_full	core	foil_delta	0:1	ytar	6959	-0.005369729645656136	0.15793519465503345	0.1580264525552312	0.16907806505243345	0.29618554208705355
all_supported_huber_full	core	foil_delta	0:1	yptar	6959	0.05008550446563867	1.1391936118348753	1.140294103730685	1.1717341069363107	2.2107588897232713
all_supported_huber_full	core	foil_delta	0:2	xptar	12161	0.21875627109170642	1.3121011698297413	1.330211932742495	1.3846958049407219	2.526115562986663
all_supported_huber_full	core	foil_delta	0:2	ytar	12161	0.0038152459884405183	0.1093262877427977	0.10939283931580399	0.11455219565059074	0.20654577994896275
all_supported_huber_full	core	foil_delta	0:2	yptar	12161	0.001337454127637273	1.0252494109072932	1.0252502832719899	1.0537250870217774	1.970286899948607
all_supported_huber_full	core	foil_delta	0:3	xptar	10388	0.12727246476831863	1.1986473036432812	1.205385265721923	1.2553102508452865	2.2808988101500325
all_supported_huber_full	core	foil_delta	0:3	ytar	10388	0.0050726367469815835	0.09060483876289385	0.09074672694272132	0.09673131484158878	0.17002498628861307
all_supported_huber_full	core	foil_delta	0:3	yptar	10388	-0.015561118786992241	0.8893820864895455	0.8895182090246384	0.9177007442702974	1.7049386451687614
all_supported_huber_full	core	foil_delta	0:4	xptar	7220	0.10516153604979167	1.1123138140271627	1.117273900858695	1.160125019112139	2.1386222092464
all_supported_huber_full	core	foil_delta	0:4	ytar	7220	0.006065107125983856	0.12025568354123158	0.12040853353653343	0.12489370930926329	0.23131253031542587
all_supported_huber_full	core	foil_delta	0:4	yptar	7220	-0.020160039354970686	0.7963684943110318	0.7966236287720908	0.8047864664838988	1.553364146218722
all_supported_huber_full	core	foil	3	xptar	6295	-0.6156502480187394	1.4533726367391044	1.5783907149712684	1.4443188269781086	3.1027769138017662
all_supported_huber_full	core	foil	3	ytar	6295	0.0008214983250956819	0.1312624118400403	0.13126498246509802	0.1304814959613196	0.2597403334640197
all_supported_huber_full	core	foil	3	yptar	6295	-0.11678763832518126	1.0344106799807102	1.0409826162447329	1.0331894514012436	2.0497802591274024
all_supported_huber_full	core	foil_delta	3:0	xptar	511	-0.8600941991312897	2.0369122847997048	2.211057142488011	2.160817228851633	4.135729925329026
all_supported_huber_full	core	foil_delta	3:0	ytar	511	-0.022801674603915745	0.18533861791121012	0.18673596240140886	0.19860391685085835	0.33769736754037505
all_supported_huber_full	core	foil_delta	3:0	yptar	511	0.014836243072885336	1.2594218753259296	1.2595092592585413	1.2423401019756315	2.4810126356173203
all_supported_huber_full	core	foil_delta	3:1	xptar	1221	-0.7312885843896256	1.6507761294236316	1.805504035756622	1.6419515390149357	3.5525275118514306
all_supported_huber_full	core	foil_delta	3:1	ytar	1221	0.023787688841266655	0.16468906180844659	0.16639814067397288	0.17510152663987677	0.3095235035112078
all_supported_huber_full	core	foil_delta	3:1	yptar	1221	-0.26281545412264273	1.155847652655054	1.1853504794253424	1.187089129806366	2.3093984802489107
all_supported_huber_full	core	foil_delta	3:2	xptar	2073	-0.5580070203308749	1.3959734936036274	1.5033674965165567	1.4420192916083934	2.8798112948545933
all_supported_huber_full	core	foil_delta	3:2	ytar	2073	0.011436445914108443	0.1162860842098727	0.11684710384092509	0.1209120588969215	0.22259220691813514
all_supported_huber_full	core	foil_delta	3:2	yptar	2073	-0.12215802833604715	1.0535483984505023	1.0606068129917745	1.0829043984836293	2.052003006469579
all_supported_huber_full	core	foil_delta	3:3	xptar	1571	-0.5772360126495797	1.2665024870190522	1.3918440875058635	1.2681009793695417	2.702715219502724
all_supported_huber_full	core	foil_delta	3:3	ytar	1571	-0.00934154928940898	0.09814950708133514	0.09859305393097181	0.1030324650765706	0.18331973932500376
all_supported_huber_full	core	foil_delta	3:3	yptar	1571	-0.10122928690227878	0.9129878834620339	0.9185827365432185	0.9272314119833687	1.750368611123919
all_supported_huber_full	core	foil_delta	3:4	xptar	919	-0.5217850761303036	1.1548249188028565	1.2672333087321885	1.175827770400181	2.5000288401814257
all_supported_huber_full	core	foil_delta	3:4	ytar	919	-0.023127267510765638	0.11789780137409901	0.12014475465604407	0.12248148151876594	0.2291984317667252
all_supported_huber_full	core	foil_delta	3:4	yptar	919	-0.010442906985209988	0.833041711433152	0.8331071643514877	0.8518716430448708	1.6347334183948794
all_supported_huber_full	core	foil	8	xptar	11734	0.02755526654763783	1.430611715445657	1.4308770642808128	1.4525657983228408	2.741327912824912
all_supported_huber_full	core	foil	8	ytar	11734	-0.04187580985485856	0.14475832169979574	0.1506935803288973	0.1367033186898922	0.3040613744300113
all_supported_huber_full	core	foil	8	yptar	11734	0.20412262289685976	1.1037657404411287	1.122481561073431	1.1043737352246827	2.1919893557774683
all_supported_huber_full	core	foil_delta	8:0	xptar	1436	0.0006662012087008691	1.7788106614767754	1.7788107862298042	1.7977538977337613	3.387656687284501
all_supported_huber_full	core	foil_delta	8:0	ytar	1436	-0.07290645093450819	0.20697957403804834	0.21944451384538594	0.22079704701420694	0.4227302024351044
all_supported_huber_full	core	foil_delta	8:0	yptar	1436	0.3057788135861666	1.3003348264843368	1.3358036322028077	1.3027314145771922	2.6112451916649446
all_supported_huber_full	core	foil_delta	8:1	xptar	2320	0.013349318971681881	1.5695956268137874	1.5696523933756714	1.648864062537071	2.9228911113905225
all_supported_huber_full	core	foil_delta	8:1	ytar	2320	-0.059552892568923786	0.1807992178216874	0.19035467994840513	0.1861995612345364	0.3701087475975573
all_supported_huber_full	core	foil_delta	8:1	yptar	2320	0.34152780921300085	1.2722981658568984	1.3173396932107755	1.3108138140362695	2.4899440520920675
all_supported_huber_full	core	foil_delta	8:2	xptar	3592	-0.0012270478822955194	1.3955935389553267	1.3955940783839542	1.436214542123066	2.663876524592114
all_supported_huber_full	core	foil_delta	8:2	ytar	3592	-0.02995688790337943	0.11949799742865543	0.1231957244481909	0.11837144232629503	0.2391975893812125
all_supported_huber_full	core	foil_delta	8:2	yptar	3592	0.23263732869598228	1.0964175409381005	1.1208262803751319	1.1077066120300456	2.1547578765926763
all_supported_huber_full	core	foil_delta	8:3	xptar	2725	0.06839393940882318	1.2603901705960552	1.2622444743721444	1.2926110637867385	2.4465864549517966
all_supported_huber_full	core	foil_delta	8:3	ytar	2725	-0.023415490438879312	0.09748859734178376	0.10026121784699055	0.0986189894669117	0.19263143906732444
all_supported_huber_full	core	foil_delta	8:3	yptar	2725	0.11343369016634294	0.9286650449086628	0.9355671903716817	0.9586600599520045	1.7995688160180876
all_supported_huber_full	core	foil_delta	8:4	xptar	1661	0.0658883105503602	1.2069421182329154	1.20873923831062	1.232777720321191	2.367437542210976
all_supported_huber_full	core	foil_delta	8:4	ytar	1661	-0.046419040180715465	0.12927188782644372	0.13735337008428852	0.1364878420867246	0.2573319052328342
all_supported_huber_full	core	foil_delta	8:4	yptar	1661	0.011433999403132208	0.8840525701691546	0.884126508575011	0.8824854208022831	1.6964336071573025
all_supported_huber_full	shoulder	overall	all	xptar	22532	-0.3017405595510349	4.203677292896651	4.214492869621811	3.62603571674122	8.600319313823508
all_supported_huber_full	shoulder	overall	all	ytar	22532	-0.0014636628860802763	0.1646572131616278	0.16466371839357272	0.16391177911011218	0.31700386404152797
all_supported_huber_full	shoulder	overall	all	yptar	22532	-0.0027365090217026313	1.6402381625061981	1.6402404452467738	1.6493140387289742	3.027812193866325
all_supported_huber_full	shoulder	foil	-8	xptar	4691	-0.22665481945630034	4.491687182122203	4.497402155603129	3.7963284523118226	9.428137070613184
all_supported_huber_full	shoulder	foil	-8	ytar	4691	0.04403237840625375	0.18265717357516295	0.18788957769546114	0.1796261883257682	0.37602435499276454
all_supported_huber_full	shoulder	foil	-8	yptar	4691	-0.18538570038488858	1.6597783897523364	1.6700994464390597	1.5943344560644983	3.049447666380833
all_supported_huber_full	shoulder	foil_delta	-8:0	xptar	676	0.41893958632948053	6.631528012440326	6.644747862543369	6.737633916828653	12.35656146523181
all_supported_huber_full	shoulder	foil_delta	-8:0	ytar	676	0.10535224383694028	0.24946675046750544	0.2708002120942573	0.2725534634143845	0.5206868897668537
all_supported_huber_full	shoulder	foil_delta	-8:0	yptar	676	-0.44546708038140803	1.469358187353708	1.5354004046003473	1.4307526661286256	2.9760881704664306
all_supported_huber_full	shoulder	foil_delta	-8:1	xptar	939	-0.6452395085761983	5.991513128086323	6.026156618231758	5.11109444245424	11.218459600185122
all_supported_huber_full	shoulder	foil_delta	-8:1	ytar	939	0.045102799466177006	0.21610861713160764	0.22076502648341279	0.22389125513261332	0.41839311500782156
all_supported_huber_full	shoulder	foil_delta	-8:1	yptar	939	-0.2499651009355888	1.5776758611980704	1.5973552124348587	1.565591505641845	3.0687740675116384
all_supported_huber_full	shoulder	foil_delta	-8:2	xptar	1177	-0.33848104240944377	3.8208919802317602	3.835855177228406	3.6291624757900838	7.357706752264713
all_supported_huber_full	shoulder	foil_delta	-8:2	ytar	1177	0.03892982291446607	0.1421682965261401	0.14740202050615245	0.14160897062704386	0.284200702774259
all_supported_huber_full	shoulder	foil_delta	-8:2	yptar	1177	-0.20745346533615458	1.795768953106394	1.8077121101604683	1.7403806273957019	3.23181038809094
all_supported_huber_full	shoulder	foil_delta	-8:3	xptar	1226	-0.1746221291941892	2.8597741779785606	2.865100563163057	2.8397337374327414	5.374926427513062
all_supported_huber_full	shoulder	foil_delta	-8:3	ytar	1226	0.019368655557955652	0.11878911849366942	0.12035779779734158	0.12191231897663415	0.2293382350154198
all_supported_huber_full	shoulder	foil_delta	-8:3	yptar	1226	-0.06120077080814639	1.8848336264811971	1.8858269628631816	1.7402998520002244	3.259354393650303
all_supported_huber_full	shoulder	foil_delta	-8:4	xptar	673	-0.1903151598323809	2.2902432664728547	2.2981370889671218	2.188773674035615	4.103303164906524
all_supported_huber_full	shoulder	foil_delta	-8:4	ytar	673	0.034799209935875666	0.1970016724943067	0.20005160328703997	0.2169772540196303	0.34908191426601054
all_supported_huber_full	shoulder	foil_delta	-8:4	yptar	673	-0.02167380487031361	1.1487628540476904	1.1489672966004523	1.181231017605659	2.0308598166796514
all_supported_huber_full	shoulder	foil	-3	xptar	1785	-1.0278963395540701	4.301372361388733	4.422485169696733	3.5779961008166796	8.594109000679401
all_supported_huber_full	shoulder	foil	-3	ytar	1785	-0.056632823034226745	0.14952824548894733	0.15989362977876553	0.15257107999250644	0.3117962204135707
all_supported_huber_full	shoulder	foil	-3	yptar	1785	0.17522101872447976	1.7195632827943588	1.7284676129269405	1.6900517739919159	3.121212677646066
all_supported_huber_full	shoulder	foil_delta	-3:0	xptar	245	-2.138364501577395	7.5124875823334865	7.810894469669986	6.51863027557114	14.154117397343239
all_supported_huber_full	shoulder	foil_delta	-3:0	ytar	245	-0.06145129761442317	0.183918060741018	0.19391264797643598	0.19095079128140158	0.3682088585817567
all_supported_huber_full	shoulder	foil_delta	-3:0	yptar	245	0.2837911866313252	1.3356749053151102	1.3654907141017636	1.230181385707837	2.537068953497013
all_supported_huber_full	shoulder	foil_delta	-3:1	xptar	314	-0.9594703564718999	5.053727272502276	5.144000652194905	4.523963194916436	9.136329377084817
all_supported_huber_full	shoulder	foil_delta	-3:1	ytar	314	-0.026871213196431983	0.18639390419858226	0.18832086878792367	0.19523041241145583	0.3704902020332106
all_supported_huber_full	shoulder	foil_delta	-3:1	yptar	314	0.0686168918943944	1.5703608443089776	1.57185923644328	1.4922556608939552	2.9918174634317767
all_supported_huber_full	shoulder	foil_delta	-3:2	xptar	508	-0.7857686204235124	3.410712712274645	3.5000562181933788	3.386677302812049	6.056694094078371
all_supported_huber_full	shoulder	foil_delta	-3:2	ytar	508	-0.061263302309411447	0.13073910696508875	0.1443811147618803	0.13024555447649222	0.2858967879418313
all_supported_huber_full	shoulder	foil_delta	-3:2	yptar	508	0.06958613573410388	1.7798879988947423	1.7812477421447965	1.841704258079806	3.1329519383444446
all_supported_huber_full	shoulder	foil_delta	-3:3	xptar	482	-0.9410373751519994	2.727829668501803	2.8855859096189844	2.691404160526677	5.222590611986046
all_supported_huber_full	shoulder	foil_delta	-3:3	ytar	482	-0.06042812404245566	0.10736035518424462	0.12319823067145716	0.11169257230573468	0.23269192856149482
all_supported_huber_full	shoulder	foil_delta	-3:3	yptar	482	0.21476971892306176	1.9066041622618115	1.918662415257138	1.8999173177130393	3.5052022193238463
all_supported_huber_full	shoulder	foil_delta	-3:4	xptar	236	-0.6647097342668155	2.360210886516607	2.4520266025597213	1.95795442483137	4.986851739143825
all_supported_huber_full	shoulder	foil_delta	-3:4	ytar	236	-0.07350994447134232	0.16085199527101018	0.17685326210970753	0.17985195528649794	0.31301671847648393
all_supported_huber_full	shoulder	foil_delta	-3:4	yptar	236	0.3509585261433952	1.7036753303611007	1.7394486248101007	1.4981652857606453	2.7457476983768707
all_supported_huber_full	shoulder	foil	0	xptar	11041	-0.07185726109983766	4.085035850823414	4.085667799575161	3.543676561569199	8.083239125980016
all_supported_huber_full	shoulder	foil	0	ytar	11041	0.0013003708798510554	0.14865513866621266	0.14866082609852563	0.1558659548593262	0.28200028915176156
all_supported_huber_full	shoulder	foil	0	yptar	11041	0.00776075328997807	1.5472096733446392	1.5472291370649833	1.5939386620024645	2.8769968491356384
all_supported_huber_full	shoulder	foil_delta	0:0	xptar	1375	0.22587230799795763	6.573913678975803	6.577792894135958	5.629735190747919	12.04896666421302
all_supported_huber_full	shoulder	foil_delta	0:0	ytar	1375	0.002448777350919912	0.19412640771349024	0.19414185195948508	0.21543976820835647	0.3416339513002214
all_supported_huber_full	shoulder	foil_delta	0:0	yptar	1375	0.029743462061739705	1.323802845875853	1.3241369446867743	1.2574678037539428	2.470632802555265
all_supported_huber_full	shoulder	foil_delta	0:1	xptar	1888	-0.3495737671026555	4.902401442920732	4.914849105130047	4.316531305046721	9.449208623678398
all_supported_huber_full	shoulder	foil_delta	0:1	ytar	1888	-0.008689100004922921	0.17812614184874745	0.17833794567846645	0.19593799664045453	0.31740560477673907
all_supported_huber_full	shoulder	foil_delta	0:1	yptar	1888	0.06796973834515721	1.3939627963003272	1.3956189174700007	1.4414832381399818	2.65554423741529
all_supported_huber_full	shoulder	foil_delta	0:2	xptar	2969	-0.1924236130943167	3.736826259315705	3.741777296845401	3.4949909821502234	6.860971906743891
all_supported_huber_full	shoulder	foil_delta	0:2	ytar	2969	0.00014223346657413357	0.12101910037767856	0.12101918396098056	0.12776055419227483	0.22706580131527376
all_supported_huber_full	shoulder	foil_delta	0:2	yptar	2969	-0.0017273239992163269	1.655831823420502	1.6558327243717168	1.7415618059732934	3.0707816215258172
all_supported_huber_full	shoulder	foil_delta	0:3	xptar	2841	0.002145038509067047	2.9850224534441225	2.985023224156853	2.9390426258318767	5.7099205858564055
all_supported_huber_full	shoulder	foil_delta	0:3	ytar	2841	0.0059114352742877215	0.10521959304934518	0.10538552001329168	0.1144875092739397	0.1902530792087409
all_supported_huber_full	shoulder	foil_delta	0:3	yptar	2841	0.01878007750167443	1.7571347472744772	1.7572351041879137	1.8530572543464372	3.268711684465927
all_supported_huber_full	shoulder	foil_delta	0:4	xptar	1968	0.06161406598682977	2.501499251861098	2.502257940378862	2.3898873216924237	4.324296400371413
all_supported_huber_full	shoulder	foil_delta	0:4	ytar	1968	0.005172087428711932	0.17025594669340657	0.17033448820728686	0.19201592643190546	0.2819442894175419
all_supported_huber_full	shoulder	foil_delta	0:4	yptar	1968	-0.06695295959577485	1.3184944843601933	1.3201933207249936	1.3433716988429887	2.2093829254895683
all_supported_huber_full	shoulder	foil	3	xptar	1785	-1.0905507893235153	4.061926439290114	4.205775484057394	3.563242360868585	8.644345410003554
all_supported_huber_full	shoulder	foil	3	ytar	1785	-0.010015460644593894	0.15635348809321625	0.15667393749707997	0.16396275278990305	0.2964328840763686
all_supported_huber_full	shoulder	foil	3	yptar	1785	-0.09767257268988486	1.7591281533466705	1.7618376177595731	1.781161684558826	3.280363617270726
all_supported_huber_full	shoulder	foil_delta	3:0	xptar	255	-0.8145416263058117	6.336293202473983	6.3884340498046095	6.01079584850331	11.98045882734142
all_supported_huber_full	shoulder	foil_delta	3:0	ytar	255	-0.032498072404330405	0.1817716545165299	0.18465389000959012	0.19340208741326326	0.33059316444626125
all_supported_huber_full	shoulder	foil_delta	3:0	yptar	255	0.3212644904923499	1.5139958992343518	1.5477061916751973	1.4957154510394028	3.0104578054637408
all_supported_huber_full	shoulder	foil_delta	3:1	xptar	323	-1.2888934141257042	4.577430896822989	4.7554305639096786	4.49359753416004	8.020150665808911
all_supported_huber_full	shoulder	foil_delta	3:1	ytar	323	-0.0006068816169815635	0.19841482947250214	0.19841575758971142	0.2212564175970789	0.3631122305036388
all_supported_huber_full	shoulder	foil_delta	3:1	yptar	323	-0.03188973501251834	1.5411872560229278	1.541517146621033	1.5840799063545594	2.928333779755384
all_supported_huber_full	shoulder	foil_delta	3:2	xptar	480	-1.3329294231235258	3.661539349873057	3.8966102265555413	3.381951233529231	7.336416936256891
all_supported_huber_full	shoulder	foil_delta	3:2	ytar	480	0.013254040503765031	0.1348756315962017	0.13552529501222182	0.14363305786387748	0.24819119912603993
all_supported_huber_full	shoulder	foil_delta	3:2	yptar	480	-0.3547423509743298	1.8509068871323153	1.884595033530714	1.8608733779866227	3.2960193853027575
all_supported_huber_full	shoulder	foil_delta	3:3	xptar	485	-0.9556573708351166	2.8262083008531618	2.983409856228742	2.5271160816199867	5.569973013764793
all_supported_huber_full	shoulder	foil_delta	3:3	ytar	485	-0.013677778331127636	0.11864363945662072	0.11942945534326142	0.12504750979747126	0.2226664909396473
all_supported_huber_full	shoulder	foil_delta	3:3	yptar	485	-0.08376540019733912	1.9692235350409961	1.9710043057359306	2.002981614397118	3.572529166543137
all_supported_huber_full	shoulder	foil_delta	3:4	xptar	242	-0.9062500971800271	2.9168158928776147	3.0543582290854894	2.4183826439511367	5.893974098522339
all_supported_huber_full	shoulder	foil_delta	3:4	ytar	242	-0.03769745031578974	0.16169505734581113	0.16603129021475616	0.17957420447503986	0.2869387951415139
all_supported_huber_full	shoulder	foil_delta	3:4	yptar	242	-0.14489692295273746	1.5325039100531113	1.5393386088217385	1.4532551969971683	2.4975586066321616
all_supported_huber_full	shoulder	foil	8	xptar	3230	-0.35937349377232686	4.093427245227176	4.109172169670464	3.5897952381575866	8.36224056056103
all_supported_huber_full	shoulder	foil	8	ytar	3230	-0.041772553489361555	0.18135874895037477	0.18610734011818728	0.1792804231178451	0.37588035990454033
all_supported_huber_full	shoulder	foil	8	yptar	3230	0.18076620618641137	1.7705120178377707	1.779716052241762	1.7527691482371477	3.2342523057064083
all_supported_huber_full	shoulder	foil_delta	8:0	xptar	513	0.00010754893554575098	5.794713862070309	5.7947138630683535	5.21991793491649	12.601863667723341
all_supported_huber_full	shoulder	foil_delta	8:0	ytar	513	-0.07415575837360318	0.23677115663759543	0.2481121865517068	0.252200202664416	0.47167803596055524
all_supported_huber_full	shoulder	foil_delta	8:0	yptar	513	0.38911539757828717	1.5326819505693754	1.5813047632362502	1.4804135175594364	3.2030832354715946
all_supported_huber_full	shoulder	foil_delta	8:1	xptar	628	-0.5393462969839649	4.580066326359042	4.611713562431901	4.174437429072496	9.623659699149004
all_supported_huber_full	shoulder	foil_delta	8:1	ytar	628	-0.0674204131615898	0.2162091824838829	0.2264772012835474	0.23453677308422272	0.4175775101649541
all_supported_huber_full	shoulder	foil_delta	8:1	yptar	628	0.35173288130065583	1.7011401066626703	1.737122241606601	1.6592406071369243	3.236869257709777
all_supported_huber_full	shoulder	foil_delta	8:2	xptar	844	-0.6400357393242431	3.971472617840107	4.022715563132208	3.513908767522727	7.563258969748378
all_supported_huber_full	shoulder	foil_delta	8:2	ytar	844	-0.028436828408125715	0.14863858073796007	0.1513343348143714	0.14093578247527114	0.30528041877473033
all_supported_huber_full	shoulder	foil_delta	8:2	yptar	844	0.13685880336153436	1.9336356380525774	1.938472881627326	2.0110048112981733	3.5995107689224644
all_supported_huber_full	shoulder	foil_delta	8:3	xptar	749	-0.21461750385379705	3.102708862431645	3.1101226596345533	2.887853793229649	6.143932634156373
all_supported_huber_full	shoulder	foil_delta	8:3	ytar	749	-0.01755170199959656	0.12660688985573998	0.12781770926607203	0.1232456182481857	0.24784631387888928
all_supported_huber_full	shoulder	foil_delta	8:3	yptar	749	0.0888315909953492	1.975224980813306	1.9772214788403677	1.8896004022354604	3.421465149859117
all_supported_huber_full	shoulder	foil_delta	8:4	xptar	496	-0.24432138831948677	2.4695699426352165	2.4816262092341117	2.2628557431325875	4.3970655765692355
all_supported_huber_full	shoulder	foil_delta	8:4	ytar	496	-0.03507362154303438	0.17907951476711306	0.182481866324763	0.19496044793743345	0.32996279716348165
all_supported_huber_full	shoulder	foil_delta	8:4	yptar	496	-0.03764777041333864	1.385787959980018	1.3862992550826372	1.4818779936208242	2.3757558773164518
all_supported_huber_full	supported	overall	all	xptar	100396	-0.03731186516116423	2.377159454153369	2.377452259405549	1.8216261943880867	4.405364402641423
all_supported_huber_full	supported	overall	all	ytar	100396	-0.0006716956917661508	0.14185523216096155	0.14185682241803754	0.13663644080095622	0.28059972260480415
all_supported_huber_full	supported	overall	all	yptar	100396	0.003072504450325768	1.1923706042241613	1.1923745628373195	1.1483051483595847	2.3083583485711445
all_supported_huber_full	supported	foil	-8	xptar	18232	0.04586674354179881	2.647861345480916	2.6482585717892304	1.9366892679539425	5.0903985603079756
all_supported_huber_full	supported	foil	-8	ytar	18232	0.044042783173239994	0.15286808684773845	0.15908619904357743	0.14147960474114268	0.3254142950015705
all_supported_huber_full	supported	foil	-8	yptar	18232	-0.18228371536647084	1.2243059049879133	1.2378013983980136	1.1491588712710843	2.399235566288184
all_supported_huber_full	supported	foil_delta	-8:0	xptar	1739	0.25053636771595306	4.6073558553631955	4.614162594609972	3.8626907269636273	10.149020561661594
all_supported_huber_full	supported	foil_delta	-8:0	ytar	1739	0.10700982379491646	0.234420385127703	0.25768977347197863	0.246979977702801	0.4982545208912228
all_supported_huber_full	supported	foil_delta	-8:0	yptar	1739	-0.4890420825652001	1.3953931235096366	1.4786088487688986	1.413854759464203	2.7374809296606397
all_supported_huber_full	supported	foil_delta	-8:1	xptar	3449	-0.08154163068015775	3.5258348035507265	3.5267775800954007	2.6558247863695237	6.784947711670988
all_supported_huber_full	supported	foil_delta	-8:1	ytar	3449	0.05430406420982418	0.19627422426866906	0.20364798673685067	0.2044982874248678	0.3900392651026136
all_supported_huber_full	supported	foil_delta	-8:1	yptar	3449	-0.3048556019867884	1.3583899589952315	1.3921782280878385	1.3557879949382432	2.6522634174080415
all_supported_huber_full	supported	foil_delta	-8:2	xptar	5404	0.08021991405000398	2.2001000339245005	2.2015620349844287	1.889176017071355	4.064597660450752
all_supported_huber_full	supported	foil_delta	-8:2	ytar	5404	0.0366290744951348	0.12082857451838583	0.12625859780036863	0.11923036669152373	0.2472562758939787
all_supported_huber_full	supported	foil_delta	-8:2	yptar	5404	-0.18424093394972138	1.2324089461757115	1.246104543108881	1.1865202366294616	2.375567703959663
all_supported_huber_full	supported	foil_delta	-8:3	xptar	4673	0.02878738498500579	1.8081386711223775	1.8083678186537362	1.6015164979987695	3.56542715140574
all_supported_huber_full	supported	foil_delta	-8:3	ytar	4673	0.023839244112750967	0.10109295068834923	0.10386575103827218	0.10196785659684522	0.20134710518249554
all_supported_huber_full	supported	foil_delta	-8:3	yptar	4673	-0.06788426236032916	1.207915810909864	1.209821837843176	1.076180032043887	2.2276813930253536
all_supported_huber_full	supported	foil_delta	-8:4	xptar	2967	0.03834342549738606	1.476032558166571	1.476530504610936	1.338462943292524	2.772748602432572
all_supported_huber_full	supported	foil_delta	-8:4	ytar	2967	0.04053215890288996	0.14394215739177252	0.1495399631534224	0.14689034117913477	0.2911955132618529
all_supported_huber_full	supported	foil_delta	-8:4	yptar	2967	-0.03661758700844864	0.863566320630767	0.8643423151773155	0.8437070249507171	1.7065052243249028
all_supported_huber_full	supported	foil	-3	xptar	7675	-0.7002445211458475	2.4848526429344537	2.581634181384558	1.8575954755091788	4.769679928276601
all_supported_huber_full	supported	foil	-3	ytar	7675	-0.05227704626370359	0.13168465173015692	0.14168181629041227	0.13004117186498854	0.27836685816967977
all_supported_huber_full	supported	foil	-3	yptar	7675	0.20871458325515194	1.211489734896751	1.2293368761342727	1.1656761640635749	2.344099131801235
all_supported_huber_full	supported	foil_delta	-3:0	xptar	712	-1.3438719630170919	4.852804503162133	5.035444707162823	3.48766820086555	10.411744267055877
all_supported_huber_full	supported	foil_delta	-3:0	ytar	712	-0.06213880084857936	0.1785701863048421	0.1890728484152217	0.1817688638496348	0.37054647195969603
all_supported_huber_full	supported	foil_delta	-3:0	yptar	712	0.28560572104049464	1.219430401738434	1.252430090893308	1.2036436016354772	2.3235415876673935
all_supported_huber_full	supported	foil_delta	-3:1	xptar	1458	-0.7482243148589502	2.832190414834717	2.9293586621012784	2.3042140738116443	5.513908810657921
all_supported_huber_full	supported	foil_delta	-3:1	ytar	1458	-0.03566877503642852	0.16582768968550404	0.16962041203531836	0.17147632766448817	0.323120265950774
all_supported_huber_full	supported	foil_delta	-3:1	yptar	1458	0.13119508259551327	1.250290967395549	1.2571553813463718	1.2517226773435715	2.394196291626446
all_supported_huber_full	supported	foil_delta	-3:2	xptar	2460	-0.6017586250027933	2.025967664446928	2.113447046923531	1.8180968004028684	3.9628737533611837
all_supported_huber_full	supported	foil_delta	-3:2	ytar	2460	-0.051471279530623124	0.11836274536265143	0.12906987296152192	0.11956114880927904	0.24999967878410842
all_supported_huber_full	supported	foil_delta	-3:2	yptar	2460	0.14249522754880573	1.2425644396278581	1.2507083099195746	1.2201031675073275	2.39553845409849
all_supported_huber_full	supported	foil_delta	-3:3	xptar	1941	-0.6677812300472912	1.7665519771089804	1.8885543833925251	1.5833498436234996	3.572978013634381
all_supported_huber_full	supported	foil_delta	-3:3	ytar	1941	-0.058474645778456666	0.09355481024176938	0.1103258207233894	0.09922175672842568	0.21194399640216377
all_supported_huber_full	supported	foil_delta	-3:3	yptar	1941	0.25666037171971207	1.2112521819189184	1.2381463542791058	1.1326929057019486	2.3702999047320144
all_supported_huber_full	supported	foil_delta	-3:4	xptar	1104	-0.49831451633441654	1.4753644551231682	1.557246811725902	1.3154120528462434	2.7007176428697197
all_supported_huber_full	supported	foil_delta	-3:4	ytar	1104	-0.058749814099009555	0.1285635925888027	0.14135111600552655	0.1379322537095008	0.2737639585662943
all_supported_huber_full	supported	foil_delta	-3:4	yptar	1104	0.32475967518132015	1.058852274522862	1.107536449010196	0.979101114656818	1.9478782159526649
all_supported_huber_full	supported	foil	0	xptar	51445	0.14484918989707704	2.2547776717878705	2.259425510391296	1.755106643178112	4.139463284252078
all_supported_huber_full	supported	foil	0	ytar	51445	0.003300711682195159	0.1303148551239206	0.13035664986327855	0.1308945132471404	0.2568424218123904
all_supported_huber_full	supported	foil	0	yptar	51445	-0.0007687151068576254	1.131186108999771	1.131186370195892	1.1062663864422153	2.195706845865426
all_supported_huber_full	supported	foil_delta	0:0	xptar	5051	0.3481330653100576	3.828907208376388	3.844701164137317	2.857081379349716	8.304633429275349
all_supported_huber_full	supported	foil_delta	0:0	ytar	5051	0.010552544966354604	0.18449119226675292	0.18479273857290748	0.2038557555378862	0.3292376205938097
all_supported_huber_full	supported	foil_delta	0:0	yptar	5051	-0.02810160058056997	1.1915153127813336	1.1918466514395167	1.1958866008342524	2.264985584156772
all_supported_huber_full	supported	foil_delta	0:1	xptar	8847	0.1577522284780923	2.666720592371706	2.671382504129483	2.1880581721559036	4.893477403654424
all_supported_huber_full	supported	foil_delta	0:1	ytar	8847	-0.006078102115227257	0.16246051036274461	0.16257417000448313	0.1746267343369254	0.30204132411508056
all_supported_huber_full	supported	foil_delta	0:1	yptar	8847	0.05390210145496059	1.1981408250918866	1.199352689284152	1.2190758760542706	2.32709273687365
all_supported_huber_full	supported	foil_delta	0:2	xptar	15130	0.13806935264171946	2.0373039203213676	2.0419770835873052	1.7376042316042923	3.81244438593236
all_supported_huber_full	supported	foil_delta	0:2	ytar	15130	0.003094481006456295	0.11172687786041122	0.11176972331152371	0.11711718951848865	0.21109094083529212
all_supported_huber_full	supported	foil_delta	0:2	yptar	15130	0.0007360445930286571	1.175966465753701	1.1759666961010815	1.1712566423343722	2.282917169587859
all_supported_huber_full	supported	foil_delta	0:3	xptar	13229	0.10040066659744148	1.7448188654245573	1.7477051144271023	1.5151308210054393	3.3371650219000304
all_supported_huber_full	supported	foil_delta	0:3	ytar	13229	0.005252773311807099	0.09393598716887422	0.09408273652937682	0.10044863923713623	0.176485679399779
all_supported_huber_full	supported	foil_delta	0:3	yptar	13229	-0.008186159330033884	1.1333093213310177	1.133338886220864	1.0760397170038107	2.1976713006564057
all_supported_huber_full	supported	foil_delta	0:4	xptar	9188	0.09583399783865659	1.5208096919088807	1.5238261955176264	1.3595565006777617	2.8207673518762983
all_supported_huber_full	supported	foil_delta	0:4	ytar	9188	0.005873829071539891	0.13256262502531416	0.1326926954340883	0.140234452218977	0.25071258501326005
all_supported_huber_full	supported	foil_delta	0:4	yptar	9188	-0.030182728409596567	0.9333209147883702	0.9338088279062517	0.9131428344231093	1.7759991909988966
all_supported_huber_full	supported	foil	3	xptar	8080	-0.7205633007698563	2.3085525058247534	2.418393297742553	1.7808398239526642	4.51793295460579
all_supported_huber_full	supported	foil	3	ytar	8080	-0.0015725575859062873	0.13727451746202388	0.13728352443681102	0.13711765341843046	0.2697708650749509
all_supported_huber_full	supported	foil	3	yptar	8080	-0.11256481751342333	1.2317947461805507	1.2369272957049005	1.1731244286151394	2.407276437833763
all_supported_huber_full	supported	foil_delta	3:0	xptar	766	-0.8449298308930432	4.01667443070043	4.104580356306302	3.127342399508656	8.833620921465911
all_supported_huber_full	supported	foil_delta	3:0	ytar	766	-0.02602958770979791	0.18421553460837123	0.18604543162192957	0.19729392685354838	0.33424088985770883
all_supported_huber_full	supported	foil_delta	3:0	yptar	766	0.11684564658719791	1.357216110598084	1.3622365712288635	1.3330276810055555	2.667899214333687
all_supported_huber_full	supported	foil_delta	3:1	xptar	1544	-0.847937781283896	2.567041197314726	2.7034605581808804	2.1219963988714072	5.247834402926551
all_supported_huber_full	supported	foil_delta	3:1	ytar	1544	0.018684420539444004	0.17257680030534667	0.173585309212866	0.18482685298427604	0.3207377110425934
all_supported_huber_full	supported	foil_delta	3:1	yptar	1544	-0.21450651158859466	1.249887508992261	1.2681608055167086	1.2506594064344894	2.418670042086248
all_supported_huber_full	supported	foil_delta	3:2	xptar	2553	-0.7037033592813146	2.0480985431911094	2.1656190940433993	1.7401021847289673	3.959119537793572
all_supported_huber_full	supported	foil_delta	3:2	ytar	2553	0.011778179326969845	0.12000330121144846	0.1205799229138246	0.1250899439113468	0.2285745987851148
all_supported_huber_full	supported	foil_delta	3:2	yptar	2553	-0.16588716067696985	1.246452192618191	1.2574424911542328	1.2037226522208044	2.4097738524166554
all_supported_huber_full	supported	foil_delta	3:3	xptar	2056	-0.6665036968519071	1.770778995669952	1.8920585163845072	1.5072742963228611	3.476046452278128
all_supported_huber_full	supported	foil_delta	3:3	ytar	2056	-0.010364443786117903	0.1033672733295073	0.10388558557650177	0.10779295275524145	0.19700039499933703
all_supported_huber_full	supported	foil_delta	3:3	yptar	2056	-0.09710964436731002	1.245686763110267	1.2494662039516236	1.1454754444798634	2.4846701276840126
all_supported_huber_full	supported	foil_delta	3:4	xptar	1161	-0.6019233492517791	1.6892024903826561	1.793241972487106	1.372951526689401	3.0976111380022053
all_supported_huber_full	supported	foil_delta	3:4	ytar	1161	-0.02616429097227798	0.1284031208945672	0.13104171693604624	0.13443004615777038	0.2466027717158873
all_supported_huber_full	supported	foil_delta	3:4	yptar	1161	-0.03846863641168857	1.0207006079252694	1.0214252625652007	0.9705524908674201	1.8815430670267586
all_supported_huber_full	supported	foil	8	xptar	14964	-0.05596383902797602	2.2906452153300205	2.2913287528840263	1.7902174525766394	4.21636379009361
all_supported_huber_full	supported	foil	8	ytar	14964	-0.04185352182621947	0.15339941572162707	0.15900659745115736	0.14494561829928446	0.3244075381154029
all_supported_huber_full	supported	foil	8	yptar	14964	0.19908110819659589	1.2775178056538878	1.2929365921821183	1.2324440914854764	2.5061108920041795
all_supported_huber_full	supported	foil_delta	8:0	xptar	1949	0.0005191572804665822	3.342100650823235	3.3421006911458204	2.4735013185476946	6.830206926680761
all_supported_huber_full	supported	foil_delta	8:0	ytar	1949	-0.07323528352365939	0.21522201963410953	0.22734098725961363	0.22750292584598586	0.4333907808056826
all_supported_huber_full	supported	foil_delta	8:0	yptar	1949	0.3277139944932769	1.3658239213035268	1.4045894226398268	1.3362550795271366	2.785176786466726
all_supported_huber_full	supported	foil_delta	8:1	xptar	2948	-0.10438909582483986	2.541390998739772	2.543534016246424	2.1417007135490933	4.781760617506391
all_supported_huber_full	supported	foil_delta	8:1	ytar	2948	-0.06122887728133704	0.1889271337932082	0.19860120164905806	0.19630334496554339	0.3847001340133136
all_supported_huber_full	supported	foil_delta	8:1	yptar	2948	0.3437017526563684	1.3749169861238963	1.417225322068117	1.3828335108460155	2.71061121430438
all_supported_huber_full	supported	foil_delta	8:2	xptar	4436	-0.1227677457129997	2.154274625363756	2.1577699323314343	1.7440190126164188	3.822061358373241
all_supported_huber_full	supported	foil_delta	8:2	ytar	4436	-0.02966767910852052	0.12556578078716996	0.12902300759313343	0.12274090091670573	0.25115186654587873
all_supported_huber_full	supported	foil_delta	8:2	yptar	4436	0.21441436310033887	1.2985387954738041	1.3161217734139508	1.2488244756261917	2.5506283033466177
all_supported_huber_full	supported	foil_delta	8:3	xptar	3474	0.007376216034124684	1.8262480352875594	1.8262629314955314	1.5339275095364324	3.456006828433813
all_supported_huber_full	supported	foil_delta	8:3	ytar	3474	-0.022151248199091523	0.1044830225264993	0.1068053359764891	0.10383138022201	0.20411258654590866
all_supported_huber_full	supported	foil_delta	8:3	yptar	3474	0.10812943792711603	1.2319719552121569	1.2367080794495113	1.1428133325790581	2.28945831335195
all_supported_huber_full	supported	foil_delta	8:4	xptar	2157	-0.005444100501769656	1.5941102587436706	1.5941195548835367	1.4043794864501442	2.9239311220977795
all_supported_huber_full	supported	foil_delta	8:4	ytar	2157	-0.04381017247358064	0.1423573958072717	0.14894616259975646	0.14848195496722988	0.2797157747914459
all_supported_huber_full	supported	foil_delta	8:4	yptar	2157	0.00014769535632203282	1.021692264895853	1.021692275571239	1.0359581664587483	1.9507966363575975
all_core_squared_equalfoil	core	overall	all	xptar	77864	0.25208162446591664	1.4621743373130518	1.483744903307249	1.4545461762192036	2.847118284553081
all_core_squared_equalfoil	core	overall	all	ytar	77864	0.00973184227552483	0.13467299521562526	0.13502416226151345	0.13000001609237263	0.26726805171266893
all_core_squared_equalfoil	core	overall	all	yptar	77864	-0.023768420190579773	1.0274478639010405	1.0277227499832662	1.0260838262637717	2.003036256617405
all_core_squared_equalfoil	core	foil	-8	xptar	13541	0.11910570533583947	1.5350334832549566	1.539647350453146	1.4760237672366232	2.9339215436052988
all_core_squared_equalfoil	core	foil	-8	ytar	13541	0.04293626282221641	0.14091116101214254	0.1473074267066274	0.13105114832564352	0.2971494600035101
all_core_squared_equalfoil	core	foil	-8	yptar	13541	-0.21235162097927976	1.018899997157549	1.0407931663592824	1.0045758113361765	2.0384469712105626
all_core_squared_equalfoil	core	foil_delta	-8:0	xptar	1063	0.19219158071955209	2.5387880193440844	2.5460522796801603	2.255956896180264	4.793219136003043
all_core_squared_equalfoil	core	foil_delta	-8:0	ytar	1063	0.09118806810644894	0.2260020003897108	0.24370508395422777	0.23507655969742858	0.468965553965164
all_core_squared_equalfoil	core	foil_delta	-8:0	yptar	1063	-0.45728527308979455	1.3300757873440827	1.406489040506107	1.372250207667168	2.638744207702551
all_core_squared_equalfoil	core	foil_delta	-8:1	xptar	2510	0.085363299392444	1.8283001823277796	1.8302919028348885	1.881421617925223	3.5057022004002842
all_core_squared_equalfoil	core	foil_delta	-8:1	ytar	2510	0.050113622790603336	0.1879004196191134	0.19446835959157413	0.1949709834296444	0.3706433278216116
all_core_squared_equalfoil	core	foil_delta	-8:1	yptar	2510	-0.2985344210500136	1.2494451080497486	1.2846150701985068	1.2787877403908812	2.494551032070375
all_core_squared_equalfoil	core	foil_delta	-8:2	xptar	4227	0.14214774040080508	1.425888954322064	1.4329568347157997	1.493010988002177	2.7421586833221196
all_core_squared_equalfoil	core	foil_delta	-8:2	ytar	4227	0.04047941160744	0.11436827507133178	0.12132058814099261	0.11487858426241349	0.23506377491032598
all_core_squared_equalfoil	core	foil_delta	-8:2	yptar	4227	-0.2098918159599233	1.010707934117831	1.0322718161878142	1.0331119596454434	2.003068659806973
all_core_squared_equalfoil	core	foil_delta	-8:3	xptar	3447	0.09545348182707393	1.2286155867724995	1.2323179895032144	1.284454196238377	2.3289905445796366
all_core_squared_equalfoil	core	foil_delta	-8:3	ytar	3447	0.030244543599125196	0.09591833137895632	0.10057364819893261	0.09714920948780267	0.1981463306764684
all_core_squared_equalfoil	core	foil_delta	-8:3	yptar	3447	-0.13381629604112574	0.8452663425486417	0.8557931940204502	0.8720715723252741	1.6265323207667879
all_core_squared_equalfoil	core	foil_delta	-8:4	xptar	2294	0.11524070341785393	1.115644404108903	1.1215805170132687	1.1553279174164937	2.1762360147474427
all_core_squared_equalfoil	core	foil_delta	-8:4	ytar	2294	0.036321887804372066	0.12469108010221995	0.12987357310373665	0.12818705780405468	0.2538286337494803
all_core_squared_equalfoil	core	foil_delta	-8:4	yptar	2294	-0.12709685223804945	0.7692764701539658	0.7797050066412079	0.7692009131321789	1.4917273546772445
all_core_squared_equalfoil	core	foil	-3	xptar	5890	-0.35307985432598715	1.5356616439864124	1.5757290593061712	1.4993266528230331	3.0617685591348587
all_core_squared_equalfoil	core	foil	-3	ytar	5890	-0.043525737033236256	0.12674941896654254	0.1340145700759532	0.12612355905063627	0.26569001460879205
all_core_squared_equalfoil	core	foil	-3	yptar	5890	0.20785161281913647	1.0070344737679349	1.0282610195415256	1.0151426449793788	2.0080658128953286
all_core_squared_equalfoil	core	foil_delta	-3:0	xptar	467	-0.6196922636426255	2.373791727979007	2.4533458112219075	2.370496899030484	4.991955196775082
all_core_squared_equalfoil	core	foil_delta	-3:0	ytar	467	-0.0628373479039005	0.17708911803900587	0.18790712604749396	0.17908497099816073	0.36979090093515776
all_core_squared_equalfoil	core	foil_delta	-3:0	yptar	467	0.322253964224824	1.1614377525724568	1.2053154236792847	1.1990356433972613	2.2682607070963643
all_core_squared_equalfoil	core	foil_delta	-3:1	xptar	1144	-0.4347360808199803	1.7708823087200438	1.8234636303760898	1.7692245646912819	3.5675275114814373
all_core_squared_equalfoil	core	foil_delta	-3:1	ytar	1144	-0.038683498614265316	0.16138762011269586	0.1659589617666961	0.16541194076406768	0.31702969465447334
all_core_squared_equalfoil	core	foil_delta	-3:1	yptar	1144	0.20163737177203042	1.1554371057156037	1.1728992006816201	1.2118129251510794	2.2578660828214896
all_core_squared_equalfoil	core	foil_delta	-3:2	xptar	1952	-0.3061591242309073	1.4560675999034418	1.4879066720861243	1.510042449064678	2.814877199106298
all_core_squared_equalfoil	core	foil_delta	-3:2	ytar	1952	-0.04076628752019158	0.11525845050244092	0.12225547272168454	0.11797845034824425	0.23141754762125533
all_core_squared_equalfoil	core	foil_delta	-3:2	yptar	1952	0.17004485380302412	1.057645938156154	1.0712283523148103	1.1004806979360509	2.026488250818551
all_core_squared_equalfoil	core	foil_delta	-3:3	xptar	1459	-0.3422690957031831	1.2815819763869791	1.3264993388891795	1.3225507480758953	2.5364564308629207
all_core_squared_equalfoil	core	foil_delta	-3:3	ytar	1459	-0.043410728868840995	0.08930700713134147	0.09929870544816535	0.09485938943787804	0.19151657467655295
all_core_squared_equalfoil	core	foil_delta	-3:3	yptar	1459	0.21775655075112327	0.864260510927637	0.8912710845438253	0.8730527503792442	1.7134799040074833
all_core_squared_equalfoil	core	foil_delta	-3:4	xptar	868	-0.22570594155671186	1.1138098634237914	1.1364486719223736	1.13666817636515	2.1341198130806447
all_core_squared_equalfoil	core	foil_delta	-3:4	ytar	868	-0.04591656748947872	0.11949650405922677	0.12801463061850646	0.12802589305375722	0.25248071362122854
all_core_squared_equalfoil	core	foil_delta	-3:4	yptar	868	0.22286392020175816	0.7838430164441551	0.8149099345056284	0.7958681682111108	1.5468432514650965
all_core_squared_equalfoil	core	foil	0	xptar	40404	0.5456605933945583	1.371505611207462	1.4760667751688117	1.3952778809309727	2.8407768739763575
all_core_squared_equalfoil	core	foil	0	ytar	40404	0.018466533362669863	0.1268262061203935	0.12816356507731494	0.12562807834945416	0.2531675850804479
all_core_squared_equalfoil	core	foil	0	yptar	40404	-0.038149733239750155	0.9981285698822383	0.9988573692782301	1.0047500286314985	1.9463756281164895
all_core_squared_equalfoil	core	foil_delta	0:0	xptar	3676	0.8261761047501773	1.9432517017985347	2.1115856915131523	1.9674133371045035	3.915270061810916
all_core_squared_equalfoil	core	foil_delta	0:0	ytar	3676	0.03144996985254461	0.18504823168918808	0.1877017545336788	0.20457460583759968	0.33834483668805293
all_core_squared_equalfoil	core	foil_delta	0:0	yptar	3676	-0.11160438187697885	1.1619524510216765	1.1672998914115533	1.2051511264891124	2.227662413311693
all_core_squared_equalfoil	core	foil_delta	0:1	xptar	6959	0.6752829152762492	1.5441467855599185	1.6853475341955495	1.6370370175573352	3.238318020626415
all_core_squared_equalfoil	core	foil_delta	0:1	ytar	6959	0.004639289027736829	0.1603392271067205	0.16040633014897937	0.17091527008857374	0.30139944156425263
all_core_squared_equalfoil	core	foil_delta	0:1	yptar	6959	0.0461795314645684	1.156279175984515	1.1572009686920057	1.1909239110062657	2.244922231701879
all_core_squared_equalfoil	core	foil_delta	0:2	xptar	12161	0.5808076331399581	1.3110415443891978	1.4339342515708497	1.3857628460236842	2.763694375988564
all_core_squared_equalfoil	core	foil_delta	0:2	ytar	12161	0.01573906782948252	0.10994920884867335	0.11107000847479143	0.11505622207249482	0.2119956676088428
all_core_squared_equalfoil	core	foil_delta	0:2	yptar	12161	-0.018319732273050168	1.0356095841752289	1.035771607752475	1.0719647857963739	1.9816547943428722
all_core_squared_equalfoil	core	foil_delta	0:3	xptar	10388	0.44601806157776863	1.1933730963519897	1.2739982175616753	1.2546264082940057	2.442966981838144
all_core_squared_equalfoil	core	foil_delta	0:3	ytar	10388	0.02165043666849944	0.09137044281685612	0.09390047512385163	0.0972981628804688	0.1759537734152254
all_core_squared_equalfoil	core	foil_delta	0:3	yptar	10388	-0.05992868531492638	0.8888217916681256	0.8908398423216782	0.9119139058705961	1.7161236678832539
all_core_squared_equalfoil	core	foil_delta	0:4	xptar	7220	0.36206595522988577	1.120342199789955	1.1773947513755636	1.1561582112469049	2.273674972480252
all_core_squared_equalfoil	core	foil_delta	0:4	ytar	7220	0.02519658898568276	0.12281350957735443	0.1253715527191889	0.12715499320788912	0.24201269099735326
all_core_squared_equalfoil	core	foil_delta	0:4	yptar	7220	-0.08409723355637182	0.8018689060280297	0.8062667592964652	0.8185088087656975	1.546277458470636
all_core_squared_equalfoil	core	foil	3	xptar	6295	-0.3068922328097701	1.4358646720504356	1.4682949972677395	1.4388408507983335	2.8836853151718413
all_core_squared_equalfoil	core	foil	3	ytar	6295	0.017384407667249576	0.12965984739201963	0.13082008124008693	0.12921672722787494	0.2578941415848012
all_core_squared_equalfoil	core	foil	3	yptar	6295	-0.16789360579214496	1.0142082779430137	1.0280110378366671	1.0190517652502677	2.039870108522797
all_core_squared_equalfoil	core	foil_delta	3:0	xptar	511	-0.4976064769286685	1.9951405166762861	2.056258224826026	2.1037284916600534	3.7599824421613235
all_core_squared_equalfoil	core	foil_delta	3:0	ytar	511	0.004590706146218407	0.18624587604544188	0.1863024447688624	0.2033203615092538	0.33826314262987456
all_core_squared_equalfoil	core	foil_delta	3:0	yptar	511	-0.08943260670211853	1.2228849480947737	1.226150801255006	1.240172693331027	2.3517704364294096
all_core_squared_equalfoil	core	foil_delta	3:1	xptar	1221	-0.4094621707499128	1.6449902545278328	1.6951850066487653	1.666582846166389	3.2932063993020426
all_core_squared_equalfoil	core	foil_delta	3:1	ytar	1221	0.0330066795901894	0.1622592819768373	0.16558235257782827	0.1736433203584698	0.30295547204284146
all_core_squared_equalfoil	core	foil_delta	3:1	yptar	1221	-0.2556793676591213	1.127847034180082	1.1564648163932074	1.1436453166988343	2.2314018081740823
all_core_squared_equalfoil	core	foil_delta	3:2	xptar	2073	-0.24268122843548903	1.3784871616715864	1.399686048200933	1.4294381779761127	2.6945104266311968
all_core_squared_equalfoil	core	foil_delta	3:2	ytar	2073	0.02333588229525948	0.11525906325938405	0.11759768308061558	0.1203874734771761	0.22310171252925942
all_core_squared_equalfoil	core	foil_delta	3:2	yptar	2073	-0.17449815150189585	1.0407507797821696	1.055278063116434	1.0639502869440252	2.0571816794159195
all_core_squared_equalfoil	core	foil_delta	3:3	xptar	1571	-0.2802488609842451	1.2442256621745384	1.275396770615574	1.2637283744536902	2.4783976426533902
all_core_squared_equalfoil	core	foil_delta	3:3	ytar	1571	0.009375189025524732	0.09709593763818311	0.09754750265948516	0.10156270499614391	0.18312259420400268
all_core_squared_equalfoil	core	foil_delta	3:3	yptar	1571	-0.1589843139095601	0.9092875300006342	0.9230816996799079	0.9233301200945159	1.780768564062082
all_core_squared_equalfoil	core	foil_delta	3:4	xptar	919	-0.2549589098893271	1.1548012618831616	1.1826115170160048	1.1791348346897275	2.3082689868800164
all_core_squared_equalfoil	core	foil_delta	3:4	ytar	919	0.00400885058522846	0.11842029045522924	0.11848812630181786	0.12232537292416251	0.2244924626081649
all_core_squared_equalfoil	core	foil_delta	3:4	yptar	919	-0.0952194268875232	0.805241052741885	0.8108513379637771	0.8097341111436994	1.6068130350484482
all_core_squared_equalfoil	core	foil	8	xptar	11734	-0.0017104496791068013	1.402822287489745	1.4028233302579713	1.433560532501991	2.6842357467223996
all_core_squared_equalfoil	core	foil	8	ytar	11734	-0.03603458642057737	0.14101172248708538	0.14554311147311932	0.13350276511102843	0.2934096378387691
all_core_squared_equalfoil	core	foil	8	yptar	11734	0.20443114886115804	1.0880148901550304	1.1070539715044412	1.085609145365192	2.1647814611730847
all_core_squared_equalfoil	core	foil_delta	8:0	xptar	1436	-0.03832749887696319	1.7465218541922765	1.7469423528958794	1.7772689925546443	3.3127607505821732
all_core_squared_equalfoil	core	foil_delta	8:0	ytar	1436	-0.052113180150732526	0.20265946442339752	0.20925257959174848	0.21274766331691441	0.39807079723787
all_core_squared_equalfoil	core	foil_delta	8:0	yptar	1436	0.25594726839279325	1.2813228183048184	1.306635821071172	1.2861776559612563	2.5260485951841947
all_core_squared_equalfoil	core	foil_delta	8:1	xptar	2320	-0.024411221728251713	1.5491632393507873	1.549355559547934	1.6240100876325978	2.889889022551728
all_core_squared_equalfoil	core	foil_delta	8:1	ytar	2320	-0.05152628611555603	0.17794376700502848	0.18525372432640053	0.18506235626713424	0.35697367232405275
all_core_squared_equalfoil	core	foil_delta	8:1	yptar	2320	0.32276840436915777	1.2649388674922806	1.3054691805445526	1.3017701659655896	2.491038064497797
all_core_squared_equalfoil	core	foil_delta	8:2	xptar	3592	-0.03176215401534729	1.3610516312371093	1.3614221892274603	1.4158455726604287	2.615552410619241
all_core_squared_equalfoil	core	foil_delta	8:2	ytar	3592	-0.03025252668700901	0.1171226228818573	0.12096662416416339	0.11531897501531699	0.23516471666821015
all_core_squared_equalfoil	core	foil_delta	8:2	yptar	3592	0.21288165279410362	1.0873241819546937	1.1079677227969202	1.1013387007849669	2.1480005687235417
all_core_squared_equalfoil	core	foil_delta	8:3	xptar	2725	0.044842909151241575	1.2311515966539703	1.2319679948946594	1.2733095626102742	2.379056069076997
all_core_squared_equalfoil	core	foil_delta	8:3	ytar	2725	-0.023170135633026678	0.0944084646860334	0.09721015065118904	0.09541145493454589	0.19076091077761817
all_core_squared_equalfoil	core	foil_delta	8:3	yptar	2725	0.12897909578228334	0.9145908856629715	0.9236406743353142	0.958210351562155	1.759865224877769
all_core_squared_equalfoil	core	foil_delta	8:4	xptar	1661	0.050267691780986244	1.1874860725982361	1.1885495418583827	1.2128142213326045	2.340696911976477
all_core_squared_equalfoil	core	foil_delta	8:4	ytar	1661	-0.03410513613171521	0.12467215239797062	0.12925287576725572	0.13237595682988415	0.24094536865761107
all_core_squared_equalfoil	core	foil_delta	8:4	yptar	1661	0.10011631086405122	0.858569162671786	0.8643866512111111	0.8601551658754942	1.6617596069067702
all_core_squared_equalfoil	shoulder	overall	all	xptar	22532	-0.10256095464923139	4.315686431439924	4.316904924124834	3.665067909308008	8.754159746096066
all_core_squared_equalfoil	shoulder	overall	all	ytar	22532	0.0073806456706659584	0.1661904517468759	0.16635426108863763	0.16479467835015624	0.3199975123054842
all_core_squared_equalfoil	shoulder	overall	all	yptar	22532	-0.031225833938549538	1.6514824138272137	1.6517775927423515	1.6527859656470334	3.0374729969110232
all_core_squared_equalfoil	shoulder	foil	-8	xptar	4691	-0.2587083654801492	4.620017752749614	4.627255563948354	3.8617996646491584	9.774797247746179
all_core_squared_equalfoil	shoulder	foil	-8	ytar	4691	0.04054069718505305	0.18561386758846554	0.18998962068860129	0.1813455456242798	0.3763186369544156
all_core_squared_equalfoil	shoulder	foil	-8	yptar	4691	-0.21072726009682477	1.6927517138189578	1.705817792961761	1.6179271598163174	3.0782832109391585
all_core_squared_equalfoil	shoulder	foil_delta	-8:0	xptar	676	0.48145850441581856	6.837636010546542	6.854565522642346	7.103304279395898	12.595718133824814
all_core_squared_equalfoil	shoulder	foil_delta	-8:0	ytar	676	0.08657480484107939	0.2500794314268593	0.26464111331396	0.2731920434097852	0.5023975442518733
all_core_squared_equalfoil	shoulder	foil_delta	-8:0	yptar	676	-0.40631681472621595	1.4256570328624676	1.4824275123187214	1.4557397967953554	2.851343737080871
all_core_squared_equalfoil	shoulder	foil_delta	-8:1	xptar	939	-0.7206975319888135	6.203099968779086	6.24482619095855	5.130643316394082	11.584764355713384
all_core_squared_equalfoil	shoulder	foil_delta	-8:1	ytar	939	0.03728305377283936	0.21750149934190088	0.2206738052298082	0.22769670153979676	0.41261140630993465
all_core_squared_equalfoil	shoulder	foil_delta	-8:1	yptar	939	-0.23514045412797424	1.5370112976305625	1.5548938105901302	1.5480874892342398	3.0718890425445697
all_core_squared_equalfoil	shoulder	foil_delta	-8:2	xptar	1177	-0.42191002977685615	3.9230734426282705	3.9456955419141932	3.6752365721547724	7.76702849514391
all_core_squared_equalfoil	shoulder	foil_delta	-8:2	ytar	1177	0.043789112337111996	0.14444324196937622	0.15093487506171654	0.14195558349343085	0.2953384215969002
all_core_squared_equalfoil	shoulder	foil_delta	-8:2	yptar	1177	-0.25430690385770544	1.7423478988235728	1.760808962347878	1.7450540638426109	3.2576235446482205
all_core_squared_equalfoil	shoulder	foil_delta	-8:3	xptar	1226	-0.19870410763198862	2.8723828744919384	2.8792475926992447	2.8418206649402333	5.494259969220301
all_core_squared_equalfoil	shoulder	foil_delta	-8:3	ytar	1226	0.021234529178780923	0.13220403239204795	0.1338985116054774	0.12347395437326651	0.2375743801566791
all_core_squared_equalfoil	shoulder	foil_delta	-8:3	yptar	1226	-0.09964307755107678	2.072109805514015	2.07450422728207	1.783900992306011	3.395492369868365
all_core_squared_equalfoil	shoulder	foil_delta	-8:4	xptar	673	-0.1814748408778594	2.29687471599176	2.304032677466592	2.178052291338025	4.083293712462636
all_core_squared_equalfoil	shoulder	foil_delta	-8:4	ytar	673	0.028335418923999715	0.20000695705764152	0.202004155494524	0.21805228569503465	0.3469015337129325
all_core_squared_equalfoil	shoulder	foil_delta	-8:4	yptar	673	-0.1063490119093252	1.1950483605997593	1.1997711017132653	1.2424150973130028	2.118570775591348
all_core_squared_equalfoil	shoulder	foil	-3	xptar	1785	-0.787891188764034	4.412401985007962	4.482194083552631	3.5709909794818007	8.75213200612821
all_core_squared_equalfoil	shoulder	foil	-3	ytar	1785	-0.05040799697424256	0.15177041331605376	0.1599225578743694	0.15609771264259253	0.3121375551940314
all_core_squared_equalfoil	shoulder	foil	-3	yptar	1785	0.16504629729344278	1.7230763610700297	1.7309628610483274	1.6952933842502858	3.11354464991146
all_core_squared_equalfoil	shoulder	foil_delta	-3:0	xptar	245	-1.8609553633763258	7.7559856629915656	7.976118634336492	6.562094683928107	14.085633175879147
all_core_squared_equalfoil	shoulder	foil_delta	-3:0	ytar	245	-0.06411448319601078	0.18874159471213484	0.1993340325432948	0.19683997851300677	0.37434943054100756
all_core_squared_equalfoil	shoulder	foil_delta	-3:0	yptar	245	0.3233969790302298	1.351819920089982	1.3899650004219402	1.2594511005860842	2.5621181064681884
all_core_squared_equalfoil	shoulder	foil_delta	-3:1	xptar	314	-0.6826158897780468	5.269510539181865	5.31353985357466	4.635890585003186	9.18178139419117
all_core_squared_equalfoil	shoulder	foil_delta	-3:1	ytar	314	-0.028925442539881014	0.18918305580938588	0.19138158174574996	0.19912077862039362	0.3768416128567894
all_core_squared_equalfoil	shoulder	foil_delta	-3:1	yptar	314	0.10760756550921592	1.5783073525023985	1.5819713926357677	1.5404965406343223	2.9753023219880985
all_core_squared_equalfoil	shoulder	foil_delta	-3:2	xptar	508	-0.5577965549497806	3.4384431885534585	3.483393253369983	3.3941154552293993	5.917573155967978
all_core_squared_equalfoil	shoulder	foil_delta	-3:2	ytar	508	-0.05357215103242789	0.13194280422025115	0.14240392884939934	0.1338550811700254	0.2805083448704933
all_core_squared_equalfoil	shoulder	foil_delta	-3:2	yptar	508	0.07682829655189224	1.77868943659664	1.7803479151591515	1.8381522493198665	3.145338979041675
all_core_squared_equalfoil	shoulder	foil_delta	-3:3	xptar	482	-0.7240952395728146	2.7459044197209037	2.8397719975756512	2.7007020289888635	5.197560427154053
all_core_squared_equalfoil	shoulder	foil_delta	-3:3	ytar	482	-0.04656223099524122	0.10823355428186619	0.11782420645919868	0.11583263556190389	0.21776255881016893
all_core_squared_equalfoil	shoulder	foil_delta	-3:3	yptar	482	0.16731904673152337	1.917380525848537	1.924667177540667	1.923067389352879	3.5123124054631445
all_core_squared_equalfoil	shoulder	foil_delta	-3:4	xptar	236	-0.4395583183801215	2.3579796591919346	2.3985995056324163	1.9595785730322413	4.731811841963058
all_core_squared_equalfoil	shoulder	foil_delta	-3:4	ytar	236	-0.06580503895889009	0.1646912126801162	0.1773513424996504	0.18541945036382312	0.3102486864130428
all_core_squared_equalfoil	shoulder	foil_delta	-3:4	yptar	236	0.2623307206082193	1.6939526688507807	1.7141449913241031	1.4750150551029535	2.556365196278395
all_core_squared_equalfoil	shoulder	foil	0	xptar	11041	0.26636625886248094	4.198240185271165	4.206681784623845	3.5685072938373326	8.158125936424037
all_core_squared_equalfoil	shoulder	foil	0	ytar	11041	0.015197231636506374	0.15271571055727828	0.15347001042688446	0.15762840731641067	0.2922732604910644
all_core_squared_equalfoil	shoulder	foil	0	yptar	11041	-0.02674493835478971	1.5608994632819735	1.5611285745259915	1.6048836984983503	2.8817173400349096
all_core_squared_equalfoil	shoulder	foil_delta	0:0	xptar	1375	0.6690666664045013	6.856228782503373	6.888796943017069	5.681939516273941	12.334258394997303
all_core_squared_equalfoil	shoulder	foil_delta	0:0	ytar	1375	0.017688704468617804	0.20048911028980362	0.2012679150052863	0.223990785132066	0.35502776593735613
all_core_squared_equalfoil	shoulder	foil_delta	0:0	yptar	1375	-0.02680156875853156	1.368041798357637	1.3683043105031556	1.2863066381670325	2.528176447534334
all_core_squared_equalfoil	shoulder	foil_delta	0:1	xptar	1888	0.015754399165778282	5.0774759988398905	5.077500440166227	4.346294353359617	9.276977658904332
all_core_squared_equalfoil	shoulder	foil_delta	0:1	ytar	1888	0.0008041294064605774	0.18231394925340044	0.18231572262554266	0.20025258028184983	0.321066609491583
all_core_squared_equalfoil	shoulder	foil_delta	0:1	yptar	1888	0.05889107302365189	1.4195446322137861	1.420765681359474	1.46942358338193	2.6775380259763057
all_core_squared_equalfoil	shoulder	foil_delta	0:2	xptar	2969	0.16134040043350695	3.798899129762994	3.8023236741400748	3.511820128345695	7.037394862200883
all_core_squared_equalfoil	shoulder	foil_delta	0:2	ytar	2969	0.011716046866723066	0.1218768465080333	0.12243868452791366	0.12881374556486533	0.2289865147001406
all_core_squared_equalfoil	shoulder	foil_delta	0:2	yptar	2969	-0.01768888827232555	1.6661014973240709	1.6661953955505404	1.7533764164410002	3.0921468979722624
all_core_squared_equalfoil	shoulder	foil_delta	0:3	xptar	2841	0.3134789049398393	3.0157534205341134	3.0320022620877918	2.9220532876627194	5.681828653325824
all_core_squared_equalfoil	shoulder	foil_delta	0:3	ytar	2841	0.021576241684875753	0.10764593779010787	0.10978698523939867	0.11594963108854112	0.19904845061222598
all_core_squared_equalfoil	shoulder	foil_delta	0:3	yptar	2841	-0.021719462733014654	1.766742297502081	1.7668757966660653	1.8511622236513197	3.25999902027857
all_core_squared_equalfoil	shoulder	foil_delta	0:4	xptar	1968	0.31586670444527837	2.4917505036145173	2.511691132930226	2.4056094338406604	4.400813649928977
all_core_squared_equalfoil	shoulder	foil_delta	0:4	ytar	1968	0.023307634024840967	0.1771688438843802	0.17869539738662496	0.1952026917594185	0.2963376158362934
all_core_squared_equalfoil	shoulder	foil_delta	0:4	yptar	1968	-0.12977731214221433	1.310132036251658	1.3165439997052029	1.3714173618692374	2.2198527550583047
all_core_squared_equalfoil	shoulder	foil	3	xptar	1785	-0.7911275891688199	4.1492685593443905	4.224016150526409	3.6180766097353727	9.011663883176395
all_core_squared_equalfoil	shoulder	foil	3	ytar	1785	0.006667651947990082	0.1559933833528458	0.15613581662247597	0.16224660585681422	0.29848524460749665
all_core_squared_equalfoil	shoulder	foil	3	yptar	1785	-0.1513407541729251	1.748629521772731	1.7551664389136317	1.7630524821116667	3.2721042511130007
all_core_squared_equalfoil	shoulder	foil_delta	3:0	xptar	255	-0.5213898340695149	6.572141808304745	6.592791162135974	6.113319155337311	12.669078705724576
all_core_squared_equalfoil	shoulder	foil_delta	3:0	ytar	255	-0.007652674544258594	0.18376413710299752	0.18392341208473054	0.190729983569209	0.3238829109271677
all_core_squared_equalfoil	shoulder	foil_delta	3:0	yptar	255	0.22578875161535744	1.501706365604467	1.5185857133705025	1.5220188768800054	2.9390587413824862
all_core_squared_equalfoil	shoulder	foil_delta	3:1	xptar	323	-0.9680039263061624	4.675764639177467	4.774914298950981	4.596969439620262	7.738682658818313
all_core_squared_equalfoil	shoulder	foil_delta	3:1	ytar	323	0.009382029418406865	0.19817177404244835	0.19839373604814003	0.21751080688395175	0.3602786670390503
all_core_squared_equalfoil	shoulder	foil_delta	3:1	yptar	323	-0.03243251245771275	1.5267902088542766	1.5271346403371266	1.5701041529513033	2.984496431587207
all_core_squared_equalfoil	shoulder	foil_delta	3:2	xptar	480	-1.0123602955475886	3.7143344859576617	3.8498251962362615	3.4238382868303865	7.156328351832828
all_core_squared_equalfoil	shoulder	foil_delta	3:2	ytar	480	0.02561938744146826	0.13502312545570067	0.13743215570128392	0.14417370120774597	0.2518350499297265
all_core_squared_equalfoil	shoulder	foil_delta	3:2	yptar	480	-0.41005523513124004	1.8394592499789137	1.8846102059024101	1.8531648899134572	3.3302078274077807
all_core_squared_equalfoil	shoulder	foil_delta	3:3	xptar	485	-0.6717721586153306	2.8316927941863868	2.9102855381796835	2.551135711466123	5.423146702812047
all_core_squared_equalfoil	shoulder	foil_delta	3:3	ytar	485	0.003222792032895841	0.11809392225455893	0.11813788918866422	0.12272787457753105	0.21978808818316045
all_core_squared_equalfoil	shoulder	foil_delta	3:3	yptar	485	-0.1348842883980568	1.96852111819719	1.9731368842644865	1.975456967568202	3.509464230494877
all_core_squared_equalfoil	shoulder	foil_delta	3:4	xptar	242	-0.6396720330183848	2.9314705777621395	3.0004499759387704	2.4168561195114115	5.909613440497736
all_core_squared_equalfoil	shoulder	foil_delta	3:4	ytar	242	-0.012551920967175341	0.1613851114424299	0.1618724958578564	0.18347186434706314	0.28108337511088477
all_core_squared_equalfoil	shoulder	foil_delta	3:4	yptar	242	-0.22726563471360953	1.5102577140029663	1.5272616119798355	1.4428507108882047	2.5750632779157367
all_core_squared_equalfoil	shoulder	foil	8	xptar	3230	-0.3776172858141207	4.1602665605735485	4.177369108610357	3.5547702769939225	8.570698722025519
all_core_squared_equalfoil	shoulder	foil	8	ytar	3230	-0.035167746399518474	0.1768375260414456	0.18030052968108495	0.17190747059858272	0.36212556665206447
all_core_squared_equalfoil	shoulder	foil	8	yptar	3230	0.1720642590451753	1.7573038468063988	1.7657074840531577	1.7501761998728003	3.200227718002529
all_core_squared_equalfoil	shoulder	foil_delta	8:0	xptar	513	0.010206046037592556	5.942671207124317	5.9426799711376095	5.377364106372868	13.010057606597814
all_core_squared_equalfoil	shoulder	foil_delta	8:0	ytar	513	-0.05369519828791003	0.23054319225255357	0.23671361983032546	0.24952283323251712	0.4397278650859262
all_core_squared_equalfoil	shoulder	foil_delta	8:0	yptar	513	0.31343822081321354	1.5193166984199458	1.5513112996314558	1.4515240263220377	3.129096767390294
all_core_squared_equalfoil	shoulder	foil_delta	8:1	xptar	628	-0.5630558811084053	4.654411755129496	4.68834519969876	4.201515419032833	9.83975264726576
all_core_squared_equalfoil	shoulder	foil_delta	8:1	ytar	628	-0.058453422404314115	0.21182311542426022	0.21974038049210856	0.23232063069476977	0.4050563862652928
all_core_squared_equalfoil	shoulder	foil_delta	8:1	yptar	628	0.32579637301208614	1.69147961743153	1.7225697584870536	1.6637643552044	3.1983688993063963
all_core_squared_equalfoil	shoulder	foil_delta	8:2	xptar	844	-0.6600283570694103	4.022751582007035	4.076538693876932	3.421209592481845	7.689424221466634
all_core_squared_equalfoil	shoulder	foil_delta	8:2	ytar	844	-0.02885649760827102	0.14596490397673434	0.14878995479249743	0.13706710036515754	0.3008127932139265
all_core_squared_equalfoil	shoulder	foil_delta	8:2	yptar	844	0.11408418790415609	1.9259651666043698	1.929341085682661	1.9931437893788746	3.572784926888856
all_core_squared_equalfoil	shoulder	foil_delta	8:3	xptar	749	-0.25785850076220534	3.123880842788135	3.1345051485607804	2.8609370085850903	6.1220480677093825
all_core_squared_equalfoil	shoulder	foil_delta	8:3	ytar	749	-0.018114828556447575	0.12376353049932123	0.12508220694921363	0.11998452624770106	0.24430290799650814
all_core_squared_equalfoil	shoulder	foil_delta	8:3	yptar	749	0.09189709352571025	1.95399824081384	1.9561580204324127	1.8894719122838608	3.338697872281622
all_core_squared_equalfoil	shoulder	foil_delta	8:4	xptar	496	-0.2442348609341571	2.471559096764234	2.483597196828335	2.265876729807777	4.310096500324056
all_core_squared_equalfoil	shoulder	foil_delta	8:4	ytar	496	-0.02301319417072094	0.1754434490527776	0.17694635040450502	0.18989377023687073	0.3192584587571655
all_core_squared_equalfoil	shoulder	foil_delta	8:4	yptar	496	0.050918648276780054	1.3935341981463998	1.3944641516173386	1.5327113363823928	2.3975898029151708
all_core_squared_equalfoil	supported	overall	all	xptar	100396	0.1724887463370817	2.4207618099264856	2.4268992785057013	1.829988590374934	4.452356713622388
all_core_squared_equalfoil	supported	overall	all	ytar	100396	0.00920416027723127	0.14235847758819653	0.14265571389761442	0.13735995087984187	0.2825037725547094
all_core_squared_equalfoil	supported	overall	all	yptar	100396	-0.02544209689651681	1.1961816869409447	1.1964522257354768	1.152844275151316	2.309250505626498
all_core_squared_equalfoil	supported	foil	-8	xptar	18232	0.021896084548333826	2.6961418637221066	2.6962307742167515	1.9284950347854117	5.181897034930125
all_core_squared_equalfoil	supported	foil	-8	ytar	18232	0.04231989608220252	0.1536641466640532	0.15938520500473086	0.14202123165765773	0.3238326467660126
all_core_squared_equalfoil	supported	foil	-8	yptar	18232	-0.21193368126341774	1.2281286785998757	1.2462808417260296	1.144107293865305	2.396530711206939
all_core_squared_equalfoil	supported	foil_delta	-8:0	xptar	1739	0.3046380674467954	4.704694768427662	4.714547403113932	3.849965286385503	10.733987569534506
all_core_squared_equalfoil	supported	foil_delta	-8:0	ytar	1739	0.0893947581769551	0.23566478888616554	0.2520502241821603	0.2524055166955228	0.48590296666369304
all_core_squared_equalfoil	supported	foil_delta	-8:0	yptar	1739	-0.43747234735444135	1.3682502448893958	1.4364855680930793	1.4064201358720472	2.7381306306105064
all_core_squared_equalfoil	supported	foil_delta	-8:1	xptar	3449	-0.13408904060958585	3.6107099350934213	3.613198874431622	2.6490325696746604	6.9074518835819845
all_core_squared_equalfoil	supported	foil_delta	-8:1	ytar	3449	0.046620464104700075	0.19648488427035468	0.2019400342182607	0.2041743118586977	0.387112801775047
all_core_squared_equalfoil	supported	foil_delta	-8:1	yptar	3449	-0.28127523434668084	1.3341900058563985	1.3635170439653026	1.3384981630305939	2.62514239456609
all_core_squared_equalfoil	supported	foil_delta	-8:2	xptar	5404	0.019295039531244135	2.235310770027263	2.235394045163042	1.8867119556431713	4.130547160365748
all_core_squared_equalfoil	supported	foil_delta	-8:2	ytar	5404	0.04120026981595665	0.1215618421995839	0.12835397816921829	0.11969629137171728	0.25047099991749117
all_core_squared_equalfoil	supported	foil_delta	-8:2	yptar	5404	-0.21956549443062826	1.2085415147261993	1.228324712427973	1.1802832968948884	2.3937739872027217
all_core_squared_equalfoil	supported	foil_delta	-8:3	xptar	4673	0.018278817868843545	1.8151643220913902	1.8152563541759545	1.6066885334433256	3.499702791796136
all_core_squared_equalfoil	supported	foil_delta	-8:3	ytar	4673	0.027880692180477194	0.10671329827354546	0.11029533546293425	0.10309465854650948	0.2092195721602015
all_core_squared_equalfoil	supported	foil_delta	-8:3	yptar	4673	-0.1248506709889537	1.2859721144539362	1.292018563798338	1.0837198089032105	2.2981495191833607
all_core_squared_equalfoil	supported	foil_delta	-8:4	xptar	2967	0.04793717752940937	1.474598782205869	1.4753777622942938	1.3345400811464316	2.7583774073118343
all_core_squared_equalfoil	supported	foil_delta	-8:4	ytar	2967	0.034510329477277155	0.14527946375098763	0.1493220862043012	0.148770216691816	0.2913266742803677
all_core_squared_equalfoil	supported	foil_delta	-8:4	yptar	2967	-0.12239065185340789	0.8840648892016942	0.892496610626789	0.8686186517251481	1.7368960962172024
all_core_squared_equalfoil	supported	foil	-3	xptar	7675	-0.45420535686304425	2.5241969893530345	2.5647364284194993	1.8648383558931236	4.670229339440892
all_core_squared_equalfoil	supported	foil	-3	ytar	7675	-0.04512636686967877	0.13302118598644896	0.1404671666550525	0.13239591239854243	0.2776515640371546
all_core_squared_equalfoil	supported	foil	-3	yptar	7675	0.1978962397620207	1.2120630660017075	1.2281122903372503	1.1612796871981588	2.3198972977115657
all_core_squared_equalfoil	supported	foil_delta	-3:0	xptar	712	-1.046812290938632	4.974250091714502	5.0832056762816435	3.458301671311366	10.750342767556452
all_core_squared_equalfoil	supported	foil_delta	-3:0	ytar	712	-0.06327681159289912	0.1811843529955552	0.19191593121932635	0.18484639981156784	0.3705874974852695
all_core_squared_equalfoil	supported	foil_delta	-3:0	yptar	712	0.32264727690365047	1.2302777174313584	1.2718822772967058	1.2119989827496287	2.338269439996134
all_core_squared_equalfoil	supported	foil_delta	-3:1	xptar	1458	-0.48812034694675177	2.9070913747868037	2.9477859037696827	2.3111245281055384	5.357915751852735
all_core_squared_equalfoil	supported	foil_delta	-3:1	ytar	1458	-0.03658196939111258	0.16781124336747053	0.17175230387121077	0.1718257426435078	0.32620143508077387
all_core_squared_equalfoil	supported	foil_delta	-3:1	yptar	1458	0.18138678249457926	1.2591637427220976	1.2721613481982765	1.2744499515573633	2.4400731754737905
all_core_squared_equalfoil	supported	foil_delta	-3:2	xptar	2460	-0.3581232765907398	2.0332653105105156	2.064562932962207	1.8155714112814345	3.916713989521557
all_core_squared_equalfoil	supported	foil_delta	-3:2	ytar	2460	-0.04341075039182411	0.11900876360608781	0.1266790395631059	0.12082114111513001	0.2455154787470531
all_core_squared_equalfoil	supported	foil_delta	-3:2	yptar	2460	0.15079525580157085	1.241919724531824	1.2510410909932026	1.2093848718769689	2.3771011730496223
all_core_squared_equalfoil	supported	foil_delta	-3:3	xptar	1941	-0.437086304021144	1.770360308244773	1.8235185927682205	1.5841077373433152	3.4844281906747376
all_core_squared_equalfoil	supported	foil_delta	-3:3	ytar	1941	-0.04419332754216655	0.0943717407380107	0.10420688868386545	0.09935160249349048	0.20134702454323913
all_core_squared_equalfoil	supported	foil_delta	-3:3	yptar	1941	0.20523162703270642	1.214440846933987	1.231660095739174	1.109064722036245	2.3793836920111313
all_core_squared_equalfoil	supported	foil_delta	-3:4	xptar	1104	-0.271420761239977	1.4736448823591242	1.498432003440705	1.3247603207297118	2.668148078980916
all_core_squared_equalfoil	supported	foil_delta	-3:4	ytar	1104	-0.05016808856446159	0.1307344108623078	0.14002972289384266	0.14196222511254553	0.27574270455844885
all_core_squared_equalfoil	supported	foil_delta	-3:4	yptar	1104	0.23130066376690744	1.0472501267667258	1.072489079232015	0.9410680142880113	1.8419772225156894
all_core_squared_equalfoil	supported	foil	0	xptar	51445	0.4857191268269878	2.2963353735865892	2.347142777538391	1.7530083250229942	4.306428816772639
all_core_squared_equalfoil	supported	foil	0	ytar	51445	0.017764883827077076	0.13281535553771187	0.13399817074870224	0.1322347591958285	0.26420418918690747
all_core_squared_equalfoil	supported	foil	0	yptar	51445	-0.03570206407219552	1.1425249589721684	1.143082638855726	1.1194611282476798	2.2108241056928057
all_core_squared_equalfoil	supported	foil_delta	0:0	xptar	5051	0.7834072515081848	3.9433208937281186	4.020386373550226	2.8361775163773277	8.397936340118422
all_core_squared_equalfoil	supported	foil_delta	0:0	ytar	5051	0.02770383247323371	0.18947538399732455	0.19149000881152675	0.20967232891800766	0.34231795101303025
all_core_squared_equalfoil	supported	foil_delta	0:0	yptar	5051	-0.08851907836522573	1.2220870795558483	1.2252887240368988	1.226067919732587	2.314727365269907
all_core_squared_equalfoil	supported	foil_delta	0:1	xptar	8847	0.5345357876152829	2.729528363688276	2.781376205481792	2.19162854992027	5.028569843863416
all_core_squared_equalfoil	supported	foil_delta	0:1	ytar	8847	0.0038208442029409014	0.16528163615357178	0.16532579381338183	0.17771704935653565	0.30617170980910846
all_core_squared_equalfoil	supported	foil_delta	0:1	yptar	8847	0.048892246561612555	1.2172610531015928	1.2182425551473075	1.2384805616221253	2.366964978127042
all_core_squared_equalfoil	supported	foil_delta	0:2	xptar	15130	0.4984944663253214	2.0594294120803003	2.118902129948049	1.7427474204889766	3.9596513016717196
all_core_squared_equalfoil	supported	foil_delta	0:2	ytar	15130	0.01494961976349225	0.11240102963672682	0.11339083999366677	0.11782152126402164	0.21545764410502807
all_core_squared_equalfoil	supported	foil_delta	0:2	yptar	15130	-0.018195940082822052	1.1860654879118318	1.1862050555662917	1.1902433029918025	2.2948917625451646
all_core_squared_equalfoil	supported	foil_delta	0:3	xptar	13229	0.41755455382900775	1.7533999116868133	1.802432538467575	1.5117191316852525	3.4520975712261377
all_core_squared_equalfoil	supported	foil_delta	0:3	ytar	13229	0.021634502890551372	0.09510084667632956	0.097530624697456	0.10096548496300371	0.18263023917696963
all_core_squared_equalfoil	supported	foil_delta	0:3	yptar	13229	-0.051723046086321695	1.1361891177812842	1.1373658096061534	1.0768975843400534	2.1894619619166082
all_core_squared_equalfoil	supported	foil_delta	0:4	xptar	9188	0.352170425675673	1.5220253073000516	1.5622371922286324	1.3625098260104864	2.908883756801428
all_core_squared_equalfoil	supported	foil_delta	0:4	ytar	9188	0.024791989142089306	0.1362949137466003	0.13853139080661353	0.14280457686580672	0.26065127910250196
all_core_squared_equalfoil	supported	foil_delta	0:4	yptar	9188	-0.09388156035838946	0.9344893204784528	0.9391932907892849	0.9260280871651019	1.7851940445247358
all_core_squared_equalfoil	supported	foil	3	xptar	8080	-0.4138674940846344	2.3345198793618978	2.3709216287755663	1.7790580394516669	4.358160414399508
all_core_squared_equalfoil	supported	foil	3	ytar	8080	0.015016906558477523	0.13598981289329112	0.13681643429551282	0.13615283546819584	0.2697787055493341
all_core_squared_equalfoil	supported	foil	3	yptar	8080	-0.16423681864606732	1.215287209426886	1.2263346745467034	1.1545549737669145	2.372077913138413
all_core_squared_equalfoil	supported	foil_delta	3:0	xptar	766	-0.5055239130525794	4.1272834067652076	4.158127312436141	3.1062579783997775	9.204013165510698
all_core_squared_equalfoil	supported	foil_delta	3:0	ytar	766	0.0005149070912945993	0.18551314223098286	0.185513856813246	0.19934748219979137	0.33453385255092355
all_core_squared_equalfoil	supported	foil_delta	3:0	yptar	766	0.015504007359182241	1.3305669425913844	1.3306572672785346	1.3312945200158004	2.5405449747146602
all_core_squared_equalfoil	supported	foil_delta	3:1	xptar	1544	-0.5263073696130401	2.60098871663201	2.6537034030494113	2.112854294261159	5.219899485143808
all_core_squared_equalfoil	supported	foil_delta	3:1	ytar	1544	0.028064476218760803	0.17066999407980152	0.17296202387990517	0.18229370541109177	0.3191258175400616
all_core_squared_equalfoil	supported	foil_delta	3:1	yptar	1544	-0.20897681958266084	1.2254933070209797	1.2431834766743408	1.2072090157657995	2.3921765652843514
all_core_squared_equalfoil	supported	foil_delta	3:2	xptar	2553	-0.38739174634140666	2.056037996286988	2.092215239240278	1.7256927246225986	3.841240840478247
all_core_squared_equalfoil	supported	foil_delta	3:2	ytar	2553	0.02376521346258428	0.11922867484898454	0.12157410200024953	0.12403541149609956	0.23195265102474927
all_core_squared_equalfoil	supported	foil_delta	3:2	yptar	2553	-0.21878620482821204	1.2345646232438672	1.2538011055938674	1.1951692761716977	2.3938476522531627
all_core_squared_equalfoil	supported	foil_delta	3:3	xptar	2056	-0.3726072264273757	1.761266404526978	1.8002487308428492	1.5267035046404431	3.3741791012296383
all_core_squared_equalfoil	supported	foil_delta	3:3	ytar	2056	0.00792386969603786	0.10247120450959704	0.10277711547133168	0.10754870234156948	0.19604271205007706
all_core_squared_equalfoil	supported	foil_delta	3:3	yptar	2056	-0.1532992397981403	1.2433745811954104	1.252789290377895	1.1338469862941642	2.4387876368742036
all_core_squared_equalfoil	supported	foil_delta	3:4	xptar	1161	-0.3351488976561074	1.6944785874818757	1.7273049722138465	1.397059947564129	3.014858035126529
all_core_squared_equalfoil	supported	foil_delta	3:4	ytar	1161	0.0005569068163380901	0.128741795230876	0.12874299974938788	0.1343346411680056	0.24120516633655137
all_core_squared_equalfoil	supported	foil_delta	3:4	yptar	1161	-0.12274327037926558	0.9957724085271534	1.0033088258394647	0.9680392416093079	1.8658398951155002
all_core_squared_equalfoil	supported	foil	8	xptar	14964	-0.08285045774620751	2.302817383371187	2.3043072927683226	1.773617476950692	4.163915612309048
all_core_squared_equalfoil	supported	foil	8	ytar	14964	-0.035847477808707534	0.14947366617921262	0.1537121288197534	0.1415497541581333	0.3121843260580511
all_core_squared_equalfoil	supported	foil	8	yptar	14964	0.19744471113691156	1.2629363479498037	1.2782772128645359	1.219266134594886	2.4736430999763117
all_core_squared_equalfoil	supported	foil_delta	8:0	xptar	1949	-0.025552892134445473	3.3975473677869736	3.39764345784731	2.473056132726047	7.020939589895353
all_core_squared_equalfoil	supported	foil_delta	8:0	ytar	1949	-0.05252958615605426	0.2103586478940665	0.21681816843970012	0.22148734503522813	0.41082989943667203
all_core_squared_equalfoil	supported	foil_delta	8:0	yptar	1949	0.27107957141571554	1.3482837653714927	1.3752647912323135	1.319604513970823	2.7064151236879654
all_core_squared_equalfoil	supported	foil_delta	8:1	xptar	2948	-0.1391564205378638	2.5597264591720656	2.56350620345699	2.1292852790684638	4.820129374815548
all_core_squared_equalfoil	supported	foil_delta	8:1	ytar	2948	-0.0530019447279509	0.18570149270037292	0.19311719378680764	0.19523854905936375	0.36743346446019104
all_core_squared_equalfoil	supported	foil_delta	8:1	yptar	2948	0.3234134397517083	1.3670056346726829	1.404742203480374	1.3789703880842308	2.715316139572844
all_core_squared_equalfoil	supported	foil_delta	8:2	xptar	4436	-0.15129702222491204	2.1540039474807573	2.1593109536833297	1.7102562429319084	3.703499335116429
all_core_squared_equalfoil	supported	foil_delta	8:2	ytar	4436	-0.029986916104850565	0.12313294330894657	0.12673175160709962	0.11901977038045886	0.24636557322434838
all_core_squared_equalfoil	supported	foil_delta	8:2	yptar	4436	0.19408429923974932	1.2901865745434034	1.3047030743979358	1.2351936983988991	2.552594973514067
all_core_squared_equalfoil	supported	foil_delta	8:3	xptar	3474	-0.020420002773102637	1.8189040985207177	1.8190187179159862	1.5225431474799715	3.4023833982096647
all_core_squared_equalfoil	supported	foil_delta	8:3	ytar	3474	-0.02208020327828927	0.10147950849792554	0.1038538685932841	0.10040507765708562	0.1994615458110578
all_core_squared_equalfoil	supported	foil_delta	8:3	yptar	3474	0.12098415632051789	1.2163691217266466	1.222371059200373	1.1297898280694505	2.3047289768674633
all_core_squared_equalfoil	supported	foil_delta	8:4	xptar	2157	-0.017452876669042095	1.5830009618861014	1.5830971695497238	1.3791978655342128	2.9172474715479355
all_core_squared_equalfoil	supported	foil_delta	8:4	ytar	2157	-0.03155455513373044	0.13808954833422024	0.14164890860446677	0.14153609460308447	0.2663000499585602
all_core_squared_equalfoil	supported	foil_delta	8:4	yptar	2157	0.08880335739011218	1.0072791876237668	1.0111861342521227	1.00478899481031	1.918502094117383
all_core_huber_equalfoil	core	overall	all	xptar	77864	0.25262990157473675	1.4624523732522205	1.4841121289177288	1.454610346766726	2.84513444434306
all_core_huber_equalfoil	core	overall	all	ytar	77864	0.009778335844673386	0.13464248633323056	0.13499709247937675	0.1298172181088554	0.2672984119947003
all_core_huber_equalfoil	core	overall	all	yptar	77864	-0.02243293294680448	1.0272458437364491	1.0274907590603455	1.0252852377405992	2.0000286080993357
all_core_huber_equalfoil	core	foil	-8	xptar	13541	0.12045418922694322	1.5353293687218559	1.5400472337438786	1.476958441164221	2.9332781553196368
all_core_huber_equalfoil	core	foil	-8	ytar	13541	0.04408767625680598	0.1418531341345569	0.14854640642412567	0.13156081058799218	0.2991364104939703
all_core_huber_equalfoil	core	foil	-8	yptar	13541	-0.21425912497529087	1.02107037920958	1.0433080522714147	1.0055312099863012	2.0404807065160653
all_core_huber_equalfoil	core	foil_delta	-8:0	xptar	1063	0.19115994718946985	2.5448262630016316	2.5519958531064133	2.259033603265691	4.756662110081543
all_core_huber_equalfoil	core	foil_delta	-8:0	ytar	1063	0.0974918880764208	0.22733131060953582	0.24735438751749403	0.2328344648298536	0.47542117202250805
all_core_huber_equalfoil	core	foil_delta	-8:0	yptar	1063	-0.47475045365220025	1.3329312939723754	1.4149536486026109	1.3719343929316872	2.6945771642794853
all_core_huber_equalfoil	core	foil_delta	-8:1	xptar	2510	0.07976747086673132	1.8321297832228394	1.8338654236286376	1.8931081303211665	3.509008376525945
all_core_huber_equalfoil	core	foil_delta	-8:1	ytar	2510	0.05478563738951537	0.1886550225758169	0.19644893384097925	0.1957293243323645	0.3754784731711165
all_core_huber_equalfoil	core	foil_delta	-8:1	yptar	2510	-0.3130967649166431	1.2513944337248237	1.2899680666430235	1.279117955105451	2.510130446196156
all_core_huber_equalfoil	core	foil_delta	-8:2	xptar	4227	0.14734496800663557	1.4237447465381414	1.4313488892970272	1.4939538357450606	2.7367222715763018
all_core_huber_equalfoil	core	foil_delta	-8:2	ytar	4227	0.04024633390058814	0.11501498252830913	0.12185324615464656	0.11509049033841612	0.2358587407965021
all_core_huber_equalfoil	core	foil_delta	-8:2	yptar	4227	-0.20942695283352622	1.011970849940371	1.0334140746584461	1.032434149546717	1.9991269674310983
all_core_huber_equalfoil	core	foil_delta	-8:3	xptar	3447	0.09904106428524348	1.2266230445992772	1.2306149787633636	1.2820460359531953	2.3294596148698234
all_core_huber_equalfoil	core	foil_delta	-8:3	ytar	3447	0.029790345314690523	0.09646355183065743	0.10095881093671039	0.09784816775844996	0.19768786398491411
all_core_huber_equalfoil	core	foil_delta	-8:3	yptar	3447	-0.12830887966254784	0.846298055939078	0.8559693733344208	0.8748808203747844	1.6281365653758066
all_core_huber_equalfoil	core	foil_delta	-8:4	xptar	2294	0.11483394604570779	1.1128552775599412	1.1187643648049583	1.1513347504020777	2.173386540579617
all_core_huber_equalfoil	core	foil_delta	-8:4	ytar	2294	0.036197394778974074	0.12525077078251085	0.13037640496039907	0.12860313715202243	0.2541849355638379
all_core_huber_equalfoil	core	foil_delta	-8:4	yptar	2294	-0.12346197092119991	0.7698624303267396	0.7796993137693153	0.7710337368344243	1.4983312577061627
all_core_huber_equalfoil	core	foil	-3	xptar	5890	-0.35576824350040354	1.534741191333575	1.5754369449328536	1.4937868815398434	3.0536183515233057
all_core_huber_equalfoil	core	foil	-3	ytar	5890	-0.04084365077940857	0.12641097022260936	0.13284553888487077	0.1252795258847061	0.2640621224263528
all_core_huber_equalfoil	core	foil	-3	yptar	5890	0.20001967566298018	1.0065756231031129	1.026256476558245	1.0151901192126087	1.9999044827820267
all_core_huber_equalfoil	core	foil_delta	-3:0	xptar	467	-0.6226356739882034	2.3724564218439728	2.4527993509603365	2.380628243871769	4.988467242861152
all_core_huber_equalfoil	core	foil_delta	-3:0	ytar	467	-0.05551214713352992	0.17613661509448406	0.18467730141064195	0.17788960872611578	0.3593784466775049
all_core_huber_equalfoil	core	foil_delta	-3:0	yptar	467	0.30263316654697153	1.15957572925427	1.1984167494531355	1.1898055330515471	2.2349426004628805
all_core_huber_equalfoil	core	foil_delta	-3:1	xptar	1144	-0.44429165789843317	1.7710476375272644	1.8259257410062009	1.7790291536830183	3.591136231514234
all_core_huber_equalfoil	core	foil_delta	-3:1	ytar	1144	-0.03426472204679274	0.1609757429663939	0.16458207982804957	0.1645151836942409	0.3125378432505639
all_core_huber_equalfoil	core	foil_delta	-3:1	yptar	1144	0.18763580903598434	1.1542914178082186	1.1694425484213817	1.2179072793519858	2.248057587221388
all_core_huber_equalfoil	core	foil_delta	-3:2	xptar	1952	-0.3066887201584821	1.454257495637931	1.4862445406767875	1.5008955455853856	2.808154697740237
all_core_huber_equalfoil	core	foil_delta	-3:2	ytar	1952	-0.03919950081799196	0.11513413513986516	0.12162429830747015	0.11792394089565583	0.23370625009128862
all_core_huber_equalfoil	core	foil_delta	-3:2	yptar	1952	0.16525386538771203	1.0575216703283803	1.0703555125469797	1.1041204940045786	2.0298930005380376
all_core_huber_equalfoil	core	foil_delta	-3:3	xptar	1459	-0.34224917197379545	1.2806689104583677	1.3256120676620937	1.328835248395129	2.536677600533928
all_core_huber_equalfoil	core	foil_delta	-3:3	ytar	1459	-0.041527133809914754	0.08916847948803537	0.09836422406888976	0.09416403735184574	0.19070387747212195
all_core_huber_equalfoil	core	foil_delta	-3:3	yptar	1459	0.21300458455385798	0.8644315505052451	0.8902880761584216	0.8721243804781911	1.7104448910595165
all_core_huber_equalfoil	core	foil_delta	-3:4	xptar	868	-0.22861349558750385	1.1125096621236916	1.1357560823888677	1.1330422039389332	2.1347659509078687
all_core_huber_equalfoil	core	foil_delta	-3:4	ytar	868	-0.044171168816176484	0.11926293010373189	0.12717994594870213	0.12757033884884655	0.250858503689543
all_core_huber_equalfoil	core	foil_delta	-3:4	yptar	868	0.217490324008593	0.7845829245154111	0.814169765146384	0.7966877350899743	1.5405393452290965
all_core_huber_equalfoil	core	foil	0	xptar	40404	0.5448384875411204	1.3726637890268059	1.4768394818704986	1.3954871539626508	2.8374042353109044
all_core_huber_equalfoil	core	foil	0	ytar	40404	0.018427710526990982	0.12620032277236629	0.1275386293760287	0.1250235954994811	0.252146181500718
all_core_huber_equalfoil	core	foil	0	yptar	40404	-0.03640576798028541	0.9965682337632775	0.9972329840555278	1.0032347009030538	1.9428244759066278
all_core_huber_equalfoil	core	foil_delta	0:0	xptar	3676	0.8245098072785062	1.9569661322259837	2.1235660726659686	1.9747622833350136	3.9664509016976814
all_core_huber_equalfoil	core	foil_delta	0:0	ytar	3676	0.03349392080709646	0.1837140525531044	0.18674232470577437	0.20257104679344695	0.3373533986920413
all_core_huber_equalfoil	core	foil_delta	0:0	yptar	3676	-0.11246128953925177	1.1580981492850961	1.1635458156095086	1.1986242967168312	2.2261121638510546
all_core_huber_equalfoil	core	foil_delta	0:1	xptar	6959	0.6673507089567751	1.5441181301141955	1.6821586632932313	1.6376807900498536	3.2286868033870064
all_core_huber_equalfoil	core	foil_delta	0:1	ytar	6959	0.004795393966243035	0.1593112305945526	0.15938338682824565	0.1698252390682227	0.2991218664144337
all_core_huber_equalfoil	core	foil_delta	0:1	yptar	6959	0.04834097023931742	1.1528026329063268	1.1538157391193091	1.1874324655510202	2.239618331891375
all_core_huber_equalfoil	core	foil_delta	0:2	xptar	12161	0.5816036399308343	1.3101507575595017	1.4334426397713067	1.386153785456695	2.766289432013319
all_core_huber_equalfoil	core	foil_delta	0:2	ytar	12161	0.015188562910463221	0.1095427826998916	0.11059074864074646	0.1146216039797159	0.21057359564121822
all_core_huber_equalfoil	core	foil_delta	0:2	yptar	12161	-0.014923502133911446	1.0350256428781208	1.03513322443597	1.072043586629568	1.9802389007231789
all_core_huber_equalfoil	core	foil_delta	0:3	xptar	10388	0.4489071106003927	1.193090023015229	1.2747475816670817	1.2544197109235506	2.4438399828349966
all_core_huber_equalfoil	core	foil_delta	0:3	ytar	10388	0.021701274124593016	0.09102007365278049	0.09357135836562551	0.096988882873286	0.17555841985813056
all_core_huber_equalfoil	core	foil_delta	0:3	yptar	10388	-0.059119522577707515	0.8884372858476015	0.8904021163688173	0.9114295752177111	1.7161201206618228
all_core_huber_equalfoil	core	foil_delta	0:4	xptar	7220	0.36046172926726916	1.1194811680881793	1.1760827963925093	1.1572258704364524	2.26636847943081
all_core_huber_equalfoil	core	foil_delta	0:4	ytar	7220	0.02464230851442608	0.1224028400454869	0.12485871463426657	0.12676835377316184	0.24037376061116744
all_core_huber_equalfoil	core	foil_delta	0:4	yptar	7220	-0.08286945305219522	0.8002486640973505	0.8045279800223011	0.817445072738819	1.5422730400864437
all_core_huber_equalfoil	core	foil	3	xptar	6295	-0.30423876887468604	1.4362795257380025	1.4681485294548935	1.4390007576394641	2.889825203989609
all_core_huber_equalfoil	core	foil	3	ytar	6295	0.015083608705578412	0.1291853950824487	0.13006299071677294	0.12857012152116185	0.25656528190181
all_core_huber_equalfoil	core	foil	3	yptar	6295	-0.15819256555026626	1.013220318134252	1.025495149123315	1.0171195471970353	2.031058780159195
all_core_huber_equalfoil	core	foil_delta	3:0	xptar	511	-0.4874678411645267	2.0033901255628574	2.061843081170913	2.1190120804393158	3.803555775150711
all_core_huber_equalfoil	core	foil_delta	3:0	ytar	511	0.001371068847497256	0.18490457733168772	0.18490966050478452	0.20156569563708926	0.33461081549513905
all_core_huber_equalfoil	core	foil_delta	3:0	yptar	511	-0.07318838426677166	1.2202983892749344	1.2224911854318543	1.237772396943221	2.34376572977402
all_core_huber_equalfoil	core	foil_delta	3:1	xptar	1221	-0.40944160445759087	1.6452529025790177	1.6954349120227201	1.6624485925640529	3.282693670382364
all_core_huber_equalfoil	core	foil_delta	3:1	ytar	1221	0.02951597416549998	0.16164274994656225	0.1643154628792595	0.1723719662423899	0.3034220974136247
all_core_huber_equalfoil	core	foil_delta	3:1	yptar	1221	-0.24015727324426236	1.1268874662709811	1.152193940936486	1.13594297700422	2.230992202662801
all_core_huber_equalfoil	core	foil_delta	3:2	xptar	2073	-0.23984110672946238	1.3782285370332992	1.3989416202151401	1.4299538445988014	2.690373915531908
all_core_huber_equalfoil	core	foil_delta	3:2	ytar	2073	0.02146786222913578	0.11508251118568799	0.11706773035082364	0.11991275531774445	0.22317783684640577
all_core_huber_equalfoil	core	foil_delta	3:2	yptar	2073	-0.16623188751953646	1.0401082588796287	1.0533082315343028	1.0614285541527986	2.0600203275583624
all_core_huber_equalfoil	core	foil_delta	3:3	xptar	1571	-0.2762978461010425	1.2436267753382566	1.2739497855482005	1.2589697194452374	2.4798333207580265
all_core_huber_equalfoil	core	foil_delta	3:3	ytar	1571	0.007570639588266534	0.09677112004487785	0.09706680307147027	0.1015597877022721	0.18087671104401787
all_core_huber_equalfoil	core	foil_delta	3:3	yptar	1571	-0.1528053952002572	0.9081802333945185	0.9209456146433561	0.9249869590506652	1.7850057405145356
all_core_huber_equalfoil	core	foil_delta	3:4	xptar	919	-0.25560854593410626	1.1521195936203341	1.180133588522262	1.1776181089191424	2.3057761735192273
all_core_huber_equalfoil	core	foil_delta	3:4	ytar	919	0.0019753459959785773	0.11817709332149584	0.11819360125540368	0.12323993550854706	0.22470819724340818
all_core_huber_equalfoil	core	foil_delta	3:4	yptar	919	-0.08763321703999807	0.8053552454498636	0.8101090371686946	0.8143631933090578	1.6092509325006692
all_core_huber_equalfoil	core	foil	8	xptar	11734	0.0031283648854065634	1.4023375206856115	1.4023410100933098	1.4333842346105803	2.6827989721465886
all_core_huber_equalfoil	core	foil	8	ytar	11734	-0.037033092877723245	0.14195995497284836	0.1467108679818343	0.13447925789507195	0.2957057741263262
all_core_huber_equalfoil	core	foil	8	yptar	11734	0.20821628432587813	1.0904154244665074	1.1101170294040843	1.0887077985344367	2.175380868912719
all_core_huber_equalfoil	core	foil_delta	8:0	xptar	1436	-0.004900133281836123	1.7534794993902385	1.753486346136753	1.7801109139403537	3.3140144114236043
all_core_huber_equalfoil	core	foil_delta	8:0	ytar	1436	-0.05783390950354914	0.20316181689360047	0.21123324769546475	0.21315652533087426	0.40482878366712227
all_core_huber_equalfoil	core	foil_delta	8:0	yptar	1436	0.2769921570939645	1.2838265860473936	1.3133679446878823	1.289140651963089	2.5451335354150375
all_core_huber_equalfoil	core	foil_delta	8:1	xptar	2320	-0.0173535275340998	1.5481068976730818	1.5482041569317821	1.6130017724669092	2.8875792710891455
all_core_huber_equalfoil	core	foil_delta	8:1	ytar	2320	-0.05442106219110327	0.17891292153480576	0.1870066456095277	0.18464774497473307	0.36096995092860856
all_core_huber_equalfoil	core	foil_delta	8:1	yptar	2320	0.33457658085738884	1.2679819573527324	1.3113808495743284	1.2953189396923075	2.487232995849276
all_core_huber_equalfoil	core	foil_delta	8:2	xptar	3592	-0.03242300800631555	1.3601482108283047	1.3605346033334162	1.4146080038818667	2.606145259308278
all_core_huber_equalfoil	core	foil_delta	8:2	ytar	3592	-0.029229408621135423	0.11805540965391209	0.12162005622796883	0.11603034703360213	0.23627043863675634
all_core_huber_equalfoil	core	foil_delta	8:2	yptar	3592	0.21155436491447058	1.0897053994703438	1.110050947906981	1.105139670740877	2.1463076105041177
all_core_huber_equalfoil	core	foil_delta	8:3	xptar	2725	0.0436335827073954	1.2295238323801772	1.230297827329107	1.2702566199998677	2.371602653729999
all_core_huber_equalfoil	core	foil_delta	8:3	ytar	2725	-0.023121038729957986	0.09495915956232852	0.09773343551076051	0.09582723039146027	0.19136939396282387
all_core_huber_equalfoil	core	foil_delta	8:3	yptar	2725	0.1269122454783023	0.9148931257147588	0.9236536956741234	0.9548500854788502	1.7655987072717854
all_core_huber_equalfoil	core	foil_delta	8:4	xptar	1661	0.04910712866840569	1.1822984170705941	1.1833178174496013	1.2125292592765309	2.328638296234106
all_core_huber_equalfoil	core	foil_delta	8:4	ytar	1661	-0.03446302660475285	0.12565008937726546	0.13029061809383938	0.13362639282160665	0.24248356499046336
all_core_huber_equalfoil	core	foil_delta	8:4	yptar	1661	0.09843005864095536	0.8593975722199015	0.8650159903617521	0.8665639312897335	1.6682442617319826
all_core_huber_equalfoil	shoulder	overall	all	xptar	22532	-0.10111594403353208	4.315935845932704	4.317120181364498	3.6648634303324275	8.771272060654134
all_core_huber_equalfoil	shoulder	overall	all	ytar	22532	0.007698195051609503	0.16649184096113004	0.1666697192464151	0.16423559951228434	0.32059336137023964
all_core_huber_equalfoil	shoulder	overall	all	yptar	22532	-0.030734035256499002	1.6516884785813697	1.651974397865048	1.6521628846394476	3.0391112934229723
all_core_huber_equalfoil	shoulder	foil	-8	xptar	4691	-0.2577831264303555	4.621694409288194	4.62887797993401	3.867234045789375	9.780470657583153
all_core_huber_equalfoil	shoulder	foil	-8	ytar	4691	0.042337286543491975	0.18685238180823638	0.19158877425172044	0.18198775957044377	0.3797897707999808
all_core_huber_equalfoil	shoulder	foil	-8	yptar	4691	-0.21411300787312396	1.6957976262100312	1.709261234919944	1.6196991466510395	3.0908349164934408
all_core_huber_equalfoil	shoulder	foil_delta	-8:0	xptar	676	0.48070006849258584	6.847459365292043	6.864311496076972	7.129403396094265	12.618564218472105
all_core_huber_equalfoil	shoulder	foil_delta	-8:0	ytar	676	0.0927602747409953	0.2524932518713764	0.2689931426832424	0.2801846070072082	0.5171129230382573
all_core_huber_equalfoil	shoulder	foil_delta	-8:0	yptar	676	-0.4229511404851714	1.4464610463561367	1.507029271734095	1.4631300542202021	2.8875253864711565
all_core_huber_equalfoil	shoulder	foil_delta	-8:1	xptar	939	-0.7286986894577255	6.202229240654317	6.244889857607165	5.140773978889635	11.57146520418845
all_core_huber_equalfoil	shoulder	foil_delta	-8:1	ytar	939	0.04241868737749194	0.21878580757647367	0.22285998886233294	0.2279971372620198	0.42230693386093404
all_core_huber_equalfoil	shoulder	foil_delta	-8:1	yptar	939	-0.24986566856001233	1.5469163942329267	1.5669662354599545	1.554145096576879	3.0592422018399708
all_core_huber_equalfoil	shoulder	foil_delta	-8:2	xptar	1177	-0.4164521643129289	3.9222467711431004	3.9442936172277285	3.6818319364780905	7.7625558675072055
all_core_huber_equalfoil	shoulder	foil_delta	-8:2	ytar	1177	0.04375527613383295	0.1457219647521994	0.15214931876544574	0.14269757338796446	0.2997985261919903
all_core_huber_equalfoil	shoulder	foil_delta	-8:2	yptar	1177	-0.25389343547600146	1.7454279779948676	1.7637972397486787	1.740027120154207	3.2673962928601314
all_core_huber_equalfoil	shoulder	foil_delta	-8:3	xptar	1226	-0.19455678011786148	2.872171325650739	2.8787532830341944	2.8443540918479004	5.496459743160346
all_core_huber_equalfoil	shoulder	foil_delta	-8:3	ytar	1226	0.020866174513253816	0.13138726404198123	0.13303386933880731	0.12389146848949315	0.23916145361695587
all_core_huber_equalfoil	shoulder	foil_delta	-8:3	yptar	1226	-0.09481866133572951	2.065282254426107	2.067457706697983	1.7829639117862959	3.3964000912466665
all_core_huber_equalfoil	shoulder	foil_delta	-8:4	xptar	673	-0.1802006139140652	2.295623997574895	2.302685779583647	2.1657751637520724	4.046447464070418
all_core_huber_equalfoil	shoulder	foil_delta	-8:4	ytar	673	0.02820984849981063	0.2008836708315761	0.20285473807419754	0.21991975630316526	0.34952192506417834
all_core_huber_equalfoil	shoulder	foil_delta	-8:4	yptar	673	-0.10220658816365358	1.191328117834502	1.1957043409669263	1.239834804029396	2.1118036637600057
all_core_huber_equalfoil	shoulder	foil	-3	xptar	1785	-0.7895564998600791	4.4060942441429045	4.4762781364366235	3.5697384322021826	8.772427061517703
all_core_huber_equalfoil	shoulder	foil	-3	ytar	1785	-0.04740610692005052	0.15186373765622407	0.15909096073703782	0.15521290387700562	0.30972611388951427
all_core_huber_equalfoil	shoulder	foil	-3	yptar	1785	0.1568856331903558	1.725010569028493	1.732130065890418	1.6888701462109585	3.1152517856507416
all_core_huber_equalfoil	shoulder	foil_delta	-3:0	xptar	245	-1.855290978224051	7.73665347448734	7.955998466451373	6.616403523854826	14.107758830826425
all_core_huber_equalfoil	shoulder	foil_delta	-3:0	ytar	245	-0.05707895605800522	0.18957515636444494	0.19798168383786274	0.1916368958346068	0.38110023292800804
all_core_huber_equalfoil	shoulder	foil_delta	-3:0	yptar	245	0.307157252710522	1.3710169895509774	1.405002905167851	1.2614460895939272	2.5255710596830054
all_core_huber_equalfoil	shoulder	foil_delta	-3:1	xptar	314	-0.6928931969910104	5.261320738478894	5.306750125602722	4.621170023296118	9.18308773475486
all_core_huber_equalfoil	shoulder	foil_delta	-3:1	ytar	314	-0.02419567076477173	0.18892940763544314	0.19047244302847768	0.19739283724464207	0.3711860738535303
all_core_huber_equalfoil	shoulder	foil_delta	-3:1	yptar	314	0.09312068211412264	1.5758770445739785	1.5786259598310857	1.542981325220506	2.970733836419448
all_core_huber_equalfoil	shoulder	foil_delta	-3:2	xptar	508	-0.5589146122541709	3.4392909186900873	3.4844092135074107	3.392832732841792	5.933755730169408
all_core_huber_equalfoil	shoulder	foil_delta	-3:2	ytar	508	-0.052097663839115245	0.13213013109953678	0.14203006062758064	0.13318610746679038	0.27910237032428153
all_core_huber_equalfoil	shoulder	foil_delta	-3:2	yptar	508	0.07232874657379286	1.7792738365810254	1.7807433372394512	1.839239444652087	3.14546886532432
all_core_huber_equalfoil	shoulder	foil_delta	-3:3	xptar	482	-0.7246351823774178	2.744804835584522	2.8388465497429283	2.697370053429994	5.208589349635428
all_core_huber_equalfoil	shoulder	foil_delta	-3:3	ytar	482	-0.04458122490808872	0.10801084982205116	0.11684960116999663	0.11513724014847412	0.2144014056805716
all_core_huber_equalfoil	shoulder	foil_delta	-3:3	yptar	482	0.1623068799581379	1.9175688427483115	1.9244255740248426	1.931442915900511	3.501383217444666
all_core_huber_equalfoil	shoulder	foil_delta	-3:4	xptar	236	-0.4408509228777008	2.3626882998014342	2.403465318705621	1.9641955942609912	4.738863303317599
all_core_huber_equalfoil	shoulder	foil_delta	-3:4	ytar	236	-0.06391674729648843	0.16455189476459445	0.17652953479681902	0.18565237435443335	0.3059075604946476
all_core_huber_equalfoil	shoulder	foil_delta	-3:4	yptar	236	0.2566631980828962	1.694784103543832	1.714108851524608	1.4720030759179878	2.5692443669559353
all_core_huber_equalfoil	shoulder	foil	0	xptar	11041	0.26627661378536976	4.199893311979225	4.208325922152041	3.569883423549956	8.167540407009684
all_core_huber_equalfoil	shoulder	foil	0	ytar	11041	0.015350102589285371	0.15213957238657402	0.1529119849307803	0.15651476546872228	0.2917150129647535
all_core_huber_equalfoil	shoulder	foil	0	yptar	11041	-0.02558835440589691	1.560154022082999	1.5603638474737103	1.6032899211033602	2.8792900745021384
all_core_huber_equalfoil	shoulder	foil_delta	0:0	xptar	1375	0.6788913364506	6.862619113449708	6.896117352756762	5.65866145862952	12.374337989390678
all_core_huber_equalfoil	shoulder	foil_delta	0:0	ytar	1375	0.019828785404588215	0.19926010305253417	0.20024427432295724	0.2208614760985565	0.35360529014162256
all_core_huber_equalfoil	shoulder	foil_delta	0:0	yptar	1375	-0.027517219182347334	1.366697183622235	1.3669741727891125	1.2750808637290987	2.5178846914365
all_core_huber_equalfoil	shoulder	foil_delta	0:1	xptar	1888	0.0062952294637973905	5.07787153896103	5.0778754411766	4.344506200428404	9.286992923906906
all_core_huber_equalfoil	shoulder	foil_delta	0:1	ytar	1888	0.0010824193996473597	0.18138985530949142	0.18139308487633965	0.19982340036102517	0.3190509863509163
all_core_huber_equalfoil	shoulder	foil_delta	0:1	yptar	1888	0.06053877101614221	1.4169852623139623	1.4182778911098888	1.4651140306883894	2.675652846412127
all_core_huber_equalfoil	shoulder	foil_delta	0:2	xptar	2969	0.16112145590563945	3.8001278208938474	3.8035419780363373	3.5086228301599225	7.042766079154523
all_core_huber_equalfoil	shoulder	foil_delta	0:2	ytar	2969	0.011184731115938184	0.12144623547540902	0.12196018334392718	0.12788736170934517	0.22743320438340428
all_core_huber_equalfoil	shoulder	foil_delta	0:2	yptar	2969	-0.014407341810773067	1.6653664443183296	1.6654287632197087	1.755936726729291	3.0938084769315446
all_core_huber_equalfoil	shoulder	foil_delta	0:3	xptar	2841	0.31606861963331395	3.016718059247361	3.0332304926111493	2.918012335540932	5.679839420501348
all_core_huber_equalfoil	shoulder	foil_delta	0:3	ytar	2841	0.02173581050821226	0.10716448196740451	0.10934656672155316	0.11520013585536638	0.19983306025047487
all_core_huber_equalfoil	shoulder	foil_delta	0:3	yptar	2841	-0.021592106085714217	1.7656596749071876	1.7657916940110947	1.8501420949944987	3.2508357108568116
all_core_huber_equalfoil	shoulder	foil_delta	0:4	xptar	1968	0.31416593546491617	2.4876939143659054	2.507453139458384	2.3989764340918844	4.411955908417279
all_core_huber_equalfoil	shoulder	foil_delta	0:4	ytar	1968	0.022974283838112432	0.17711546171328013	0.17859928470120634	0.1950266665081053	0.29652819930150665
all_core_huber_equalfoil	shoulder	foil_delta	0:4	yptar	1968	-0.12950379729296616	1.3121830711866067	1.3185581692978179	1.3682797109201976	2.225945252274982
all_core_huber_equalfoil	shoulder	foil	3	xptar	1785	-0.7868106130784008	4.146938666245043	4.220920662894651	3.621190612579429	8.98786338972061
all_core_huber_equalfoil	shoulder	foil	3	ytar	1785	0.004440291067869639	0.15570337123770153	0.15576667165845492	0.16245205714438343	0.29762772235143425
all_core_huber_equalfoil	shoulder	foil	3	yptar	1785	-0.14240641545694224	1.7462677649573708	1.7520646946081946	1.762886621046062	3.2742747894403004
all_core_huber_equalfoil	shoulder	foil_delta	3:0	xptar	255	-0.5044007311977523	6.5627588630417	6.582113945539473	6.114496409383479	12.631946730190107
all_core_huber_equalfoil	shoulder	foil_delta	3:0	ytar	255	-0.010905276574438625	0.18291141634721172	0.18323621718237923	0.19210147345786305	0.31939072001380414
all_core_huber_equalfoil	shoulder	foil_delta	3:0	yptar	255	0.24230057420535173	1.5008242534400427	1.520257546593374	1.5088532664210623	2.9355292666492114
all_core_huber_equalfoil	shoulder	foil_delta	3:1	xptar	323	-0.9672341675333309	4.672366501470673	4.771430672126463	4.596485169032964	7.772056576523316
all_core_huber_equalfoil	shoulder	foil_delta	3:1	ytar	323	0.006196207608207441	0.19777763801583786	0.19787467520591867	0.21866739831181714	0.36084028730177803
all_core_huber_equalfoil	shoulder	foil_delta	3:1	yptar	323	-0.018256777906115525	1.5258501928753456	1.5259594100228364	1.5636139608628006	2.972022359769772
all_core_huber_equalfoil	shoulder	foil_delta	3:2	xptar	480	-1.009360489970222	3.715693193052973	3.850348621048895	3.4268224871747375	7.161834048533251
all_core_huber_equalfoil	shoulder	foil_delta	3:2	ytar	480	0.023735439604913148	0.13484563318246567	0.13691864694634756	0.14388549914635437	0.25056024492868445
all_core_huber_equalfoil	shoulder	foil_delta	3:2	yptar	480	-0.4018745549700643	1.8386825718722333	1.8820884033538587	1.8416687912500775	3.3242030586682336
all_core_huber_equalfoil	shoulder	foil_delta	3:3	xptar	485	-0.666996555045449	2.8316196688714874	2.909115733961502	2.5437950048730213	5.413648206605294
all_core_huber_equalfoil	shoulder	foil_delta	3:3	ytar	485	0.0016481486160823803	0.11782021264320239	0.11783173978665563	0.12187678717775485	0.21983427500112668
all_core_huber_equalfoil	shoulder	foil_delta	3:3	yptar	485	-0.13135962644050161	1.9633209460570136	1.9677104687135236	1.9780343885619946	3.4905205259475194
all_core_huber_equalfoil	shoulder	foil_delta	3:4	xptar	242	-0.6422799892293539	2.931829144647878	3.0013573126122735	2.410987970945236	5.938590432706155
all_core_huber_equalfoil	shoulder	foil_delta	3:4	ytar	242	-0.014408979603223631	0.16158726549495203	0.16222842865337203	0.18183771191128958	0.27828601996891544
all_core_huber_equalfoil	shoulder	foil_delta	3:4	yptar	242	-0.22097501462833527	1.504856073868198	1.5209936752491773	1.4442094331503257	2.5671505361257374
all_core_huber_equalfoil	shoulder	foil	8	xptar	3230	-0.37003981457827484	4.159456656553464	4.175884234760351	3.551124904268116	8.55554783850897
all_core_huber_equalfoil	shoulder	foil	8	ytar	3230	-0.03651237822440013	0.17837157772853504	0.18207024332649327	0.1726483469533293	0.36805060393208056
all_core_huber_equalfoil	shoulder	foil	8	yptar	3230	0.17603110058041901	1.7567386228347759	1.765536048153925	1.7526741149832357	3.207541698697432
all_core_huber_equalfoil	shoulder	foil_delta	8:0	xptar	513	0.04703926126407354	5.936451029534462	5.9366373915004305	5.382123786156348	12.944599851875457
all_core_huber_equalfoil	shoulder	foil_delta	8:0	ytar	513	-0.06045437069316213	0.23143541220223426	0.23920092173134355	0.24754507107842438	0.4406841772703031
all_core_huber_equalfoil	shoulder	foil_delta	8:0	yptar	513	0.3364840489995848	1.5226319486439466	1.559368322835377	1.4414755321804227	3.1462745725754577
all_core_huber_equalfoil	shoulder	foil_delta	8:1	xptar	628	-0.5520790732619434	4.655198077901556	4.68782043679492	4.202374941991071	9.777244848481367
all_core_huber_equalfoil	shoulder	foil_delta	8:1	ytar	628	-0.06158446113290476	0.21341043285111727	0.22211856901828694	0.22994134555120851	0.4074095779289915
all_core_huber_equalfoil	shoulder	foil_delta	8:1	yptar	628	0.33837936918272227	1.6974119721882206	1.7308113706630197	1.6764252953136727	3.2134362285048943
all_core_huber_equalfoil	shoulder	foil_delta	8:2	xptar	844	-0.6604292135479634	4.0241920003865275	4.0780250124395385	3.4191634397811406	7.6901074670929646
all_core_huber_equalfoil	shoulder	foil_delta	8:2	ytar	844	-0.027783206789961636	0.14738165054412766	0.14997752330481104	0.13731650102487253	0.30680790985333606
all_core_huber_equalfoil	shoulder	foil_delta	8:2	yptar	844	0.11269974041015336	1.9289243171209036	1.9322138216742113	1.99304706869496	3.5896415236968915
all_core_huber_equalfoil	shoulder	foil_delta	8:3	xptar	749	-0.25833337403441003	3.123838473232421	3.134502024084059	2.857456950701809	6.123507875646402
all_core_huber_equalfoil	shoulder	foil_delta	8:3	ytar	749	-0.017690456241337516	0.12455167223074008	0.12580171420732067	0.12141887066591198	0.2466894894638415
all_core_huber_equalfoil	shoulder	foil_delta	8:3	yptar	749	0.08586634539790586	1.9421920884004393	1.9440892822906186	1.8869475716751194	3.3359057076518703
all_core_huber_equalfoil	shoulder	foil_delta	8:4	xptar	496	-0.24548413451923962	2.467204253834951	2.4793868779280768	2.2715757253571356	4.303324811880177
all_core_huber_equalfoil	shoulder	foil_delta	8:4	ytar	496	-0.023281592040860142	0.17751904351424297	0.17903922290428076	0.190182597054608	0.32418682798284926
all_core_huber_equalfoil	shoulder	foil_delta	8:4	yptar	496	0.04844641185890299	1.3887000993684941	1.3895448970105528	1.5290238362124164	2.3641381389662466
all_core_huber_equalfoil	supported	overall	all	xptar	100396	0.17323827846977724	2.4209690192280395	2.4271593464766887	1.8290481094087212	4.458460367217863
all_core_huber_equalfoil	supported	overall	all	ytar	100396	0.00931148724164821	0.1424143869580408	0.14271846904758315	0.13711273962647352	0.28242377383112927
all_core_huber_equalfoil	supported	overall	all	yptar	100396	-0.02429595973315092	1.196111940769834	1.1963586705129587	1.1515592982621274	2.3089152033879974
all_core_huber_equalfoil	supported	foil	-8	xptar	18232	0.023135669714635848	2.6970175486276178	2.697116778491148	1.9287645113421696	5.177429067707669
all_core_huber_equalfoil	supported	foil	-8	ytar	18232	0.0436373099697746	0.15468896017850028	0.16072613111284623	0.1429095277391181	0.32673244963986425
all_core_huber_equalfoil	supported	foil	-8	yptar	18232	-0.2142215297950438	1.2305460118635003	1.2490533820221195	1.147234005676184	2.397962165044538
all_core_huber_equalfoil	supported	foil_delta	-8:0	xptar	1739	0.3037126337914862	4.712240688821758	4.722017966220791	3.870696624998295	10.784494728959615
all_core_huber_equalfoil	supported	foil_delta	-8:0	ytar	1739	0.09565257202423699	0.2374407191735325	0.2559834167607272	0.2511594989933099	0.49784875792985656
all_core_huber_equalfoil	supported	foil_delta	-8:0	yptar	1739	-0.45461455043143456	1.378406489746159	1.4514402641646342	1.4031723839758101	2.7591029786923134
all_core_huber_equalfoil	supported	foil_delta	-8:1	xptar	3449	-0.1403397267397242	3.6118217614403867	3.6145472296424237	2.6536711156781925	6.909532230102476
all_core_huber_equalfoil	supported	foil_delta	-8:1	ytar	3449	0.051418700288532466	0.19739132486424152	0.20397847403837116	0.20467639463518555	0.39176053112088316
all_core_huber_equalfoil	supported	foil_delta	-8:1	yptar	3449	-0.29588192018516263	1.3386272878758474	1.3709373167794017	1.3399329388606729	2.6384510609583507
all_core_huber_equalfoil	supported	foil_delta	-8:2	xptar	5404	0.024549034486996885	2.2339141011461785	2.2340489847794256	1.886499288300683	4.1448707118741765
all_core_huber_equalfoil	supported	foil_delta	-8:2	ytar	5404	0.04101058723303246	0.1223697697966803	0.12905901295644057	0.12034192092219378	0.25233042469196465
all_core_huber_equalfoil	supported	foil_delta	-8:2	yptar	5404	-0.21911182516331773	1.2103351755194791	1.2300086296551618	1.1746493172588015	2.383670692979953
all_core_huber_equalfoil	supported	foil_delta	-8:3	xptar	4673	0.02201325404809246	1.814064593425387	1.8141981513807692	1.6062631139685342	3.491280190171379
all_core_huber_equalfoil	supported	foil_delta	-8:3	ytar	4673	0.027449015675794438	0.10680972723509093	0.11028039850129548	0.10396124275380243	0.21053653185321852
all_core_huber_equalfoil	supported	foil_delta	-8:3	yptar	4673	-0.11952244532300595	1.2835854131015656	1.2891381336626064	1.0871710665039551	2.2920784729839014
all_core_huber_equalfoil	supported	foil_delta	-8:4	xptar	2967	0.04791171522234168	1.472466818492652	1.4732460975741355	1.3222356327826223	2.759954944443902
all_core_huber_equalfoil	supported	foil_delta	-8:4	ytar	2967	0.0343855920671854	0.14592466287022204	0.1499212332379868	0.1491582300908313	0.2908306109790348
all_core_huber_equalfoil	supported	foil_delta	-8:4	yptar	2967	-0.11864064547602678	0.8833221441002322	0.8912539554003671	0.8619422665998219	1.7346209992778878
all_core_huber_equalfoil	supported	foil	-3	xptar	7675	-0.456655805402947	2.5211715772329906	2.5621944981706015	1.862132028339469	4.668815139345593
all_core_huber_equalfoil	supported	foil	-3	ytar	7675	-0.04236990279387709	0.13279572392294808	0.13939122266119353	0.13199329806501453	0.27597396994804063
all_core_huber_equalfoil	supported	foil	-3	yptar	7675	0.18998784949833725	1.2124124554612963	1.2272079469734103	1.160259428205237	2.31744822624103
all_core_huber_equalfoil	supported	foil_delta	-3:0	xptar	712	-1.0467937491817183	4.9629769635743735	5.072170885754523	3.468319082963316	10.7334829973135
all_core_huber_equalfoil	supported	foil_delta	-3:0	ytar	712	-0.05605128784490135	0.1808750725789101	0.1893608691084248	0.18341078453608736	0.3637580897821461
all_core_huber_equalfoil	supported	foil_delta	-3:0	yptar	712	0.30418990967909215	1.2364219624287187	1.273291314007387	1.2158894168010306	2.3245649778258333
all_core_huber_equalfoil	supported	foil_delta	-3:1	xptar	1458	-0.4978313583614437	2.903984532939239	2.9463472688938634	2.303802036389475	5.369140368175962
all_core_huber_equalfoil	supported	foil_delta	-3:1	ytar	1458	-0.032096215803614	0.1674419928749822	0.17049043388664878	0.1714347961066258	0.32750269489046835
all_core_huber_equalfoil	supported	foil_delta	-3:1	yptar	1458	0.16728069939711973	1.2576889788669543	1.2687649112243733	1.2716976911586046	2.4337160384316316
all_core_huber_equalfoil	supported	foil_delta	-3:2	xptar	2460	-0.3587743921847464	2.032545274328866	2.0639668981561066	1.8203616693575475	3.9146642071708566
all_core_huber_equalfoil	supported	foil_delta	-3:2	ytar	2460	-0.04186302391341091	0.11895782075010274	0.12610898417158226	0.12021159469390366	0.2460486634009815
all_core_huber_equalfoil	supported	foil_delta	-3:2	yptar	2460	0.1460644506082523	1.2420050415256416	1.2505644113385768	1.2078638034827684	2.3763940647639803
all_core_huber_equalfoil	supported	foil_delta	-3:3	xptar	1941	-0.43720540948772946	1.7694625383070388	1.822675573040173	1.5827249253906506	3.49371667659159
all_core_huber_equalfoil	supported	foil_delta	-3:3	ytar	1941	-0.04228554283068747	0.09420917877052856	0.10326391672362283	0.09882034879278213	0.1989003010418969
all_core_huber_equalfoil	supported	foil_delta	-3:3	yptar	1941	0.20041504636986152	1.214608196542356	1.2310317875340624	1.1090177724011483	2.377680680636419
all_core_huber_equalfoil	supported	foil_delta	-3:4	xptar	1104	-0.27398309055171266	1.4744454323116056	1.49968532258365	1.323872275344356	2.6744341950009716
all_core_huber_equalfoil	supported	foil_delta	-3:4	ytar	1104	-0.04839214392609824	0.13052540873996843	0.13920733429133694	0.14142368391208443	0.2735101127860387
all_core_huber_equalfoil	supported	foil_delta	-3:4	yptar	1104	0.22586423549549117	1.0479712079615062	1.0720346568988621	0.9416859996321286	1.8371801589488659
all_core_huber_equalfoil	supported	foil	0	xptar	51445	0.48505421991283293	2.2975123457915996	2.3481568464052964	1.7525526171615304	4.3157299772202915
all_core_huber_equalfoil	supported	foil	0	ytar	51445	0.017767201843149838	0.13220303046830917	0.13339158416609312	0.1316668012456767	0.26284231940476205
all_core_huber_equalfoil	supported	foil	0	yptar	51445	-0.03408416115212284	1.1412350057567906	1.1417438716306498	1.118597618508999	2.2083738335002416
all_core_huber_equalfoil	supported	foil_delta	0:0	xptar	5051	0.78486906338851	3.95118766952877	4.028387201660306	2.8411361847253946	8.49380387399032
all_core_huber_equalfoil	supported	foil_delta	0:0	ytar	5051	0.029773952250682117	0.18817171542874658	0.19051268388226306	0.20820031528269212	0.341765256273706
all_core_huber_equalfoil	supported	foil_delta	0:0	yptar	5051	-0.08933753251277314	1.2190129870105262	1.2222822330443146	1.221886526598613	2.3082163761977226
all_core_huber_equalfoil	supported	foil_delta	0:1	xptar	8847	0.5262777186456253	2.729734637361798	2.7800034941624787	2.189578150409546	5.030970599979733
all_core_huber_equalfoil	supported	foil_delta	0:1	ytar	8847	0.004003024125423252	0.16427922872835557	0.16432799272714338	0.1760280283213549	0.30434539055774257
all_core_huber_equalfoil	supported	foil_delta	0:1	yptar	8847	0.05094405013833915	1.2140257714030653	1.2150941814836025	1.2321526659426447	2.364246835340124
all_core_huber_equalfoil	supported	foil_delta	0:2	xptar	15130	0.4990913065289305	2.0594512439794226	2.1190638401381743	1.7419652128770333	3.9549931893277432
all_core_huber_equalfoil	supported	foil_delta	0:2	ytar	15130	0.01440288038581386	0.1119897516714585	0.11291212265670592	0.11745093373586996	0.21492607997884206
all_core_huber_equalfoil	supported	foil_delta	0:2	yptar	15130	-0.014822214625689514	1.1854530469487872	1.1855457074978484	1.1900055953169617	2.2910370235403357
all_core_huber_equalfoil	supported	foil_delta	0:3	xptar	13229	0.4203793191696368	1.75360881449585	1.803292168857578	1.512178797265114	3.4527514270078465
all_core_huber_equalfoil	supported	foil_delta	0:3	ytar	13229	0.021708691001595226	0.09471947874409799	0.09717534110337031	0.1005855401033905	0.18158597292149306
all_core_huber_equalfoil	supported	foil_delta	0:3	yptar	13229	-0.05106030493058734	1.1355875630260477	1.1367349154658013	1.0767036605356382	2.1899905877773276
all_core_huber_equalfoil	supported	foil_delta	0:4	xptar	9188	0.35054552092997804	1.5201054140962809	1.560000843656469	1.3631801368598824	2.904687265917932
all_core_huber_equalfoil	supported	foil_delta	0:4	ytar	9188	0.024285030264210007	0.13598892325852255	0.13814032700100984	0.1422049328271081	0.2596096988890137
all_core_huber_equalfoil	supported	foil_delta	0:4	yptar	9188	-0.09285817632884272	0.9340221245545555	0.9386266403999644	0.9237217442835803	1.7850888588303688
all_core_huber_equalfoil	supported	foil	3	xptar	8080	-0.410846533961769	2.333744718453597	2.3696327321714765	1.7772981319489558	4.364931052778866
all_core_huber_equalfoil	supported	foil	3	ytar	8080	0.012732331232396457	0.13556293832272187	0.13615954797700217	0.13548090273299362	0.26897138776727203
all_core_huber_equalfoil	supported	foil	3	yptar	8080	-0.15470515491702574	1.213892397837634	1.2237109292990325	1.1551856007347703	2.3641087100000466
all_core_huber_equalfoil	supported	foil_delta	3:0	xptar	766	-0.49310476930874664	4.12497077405825	4.154339442119499	3.1004404948536286	9.184092197518037
all_core_huber_equalfoil	supported	foil_delta	3:0	ytar	766	-0.002715704106280357	0.18433425753911842	0.18435426100660351	0.19751659736398142	0.3306296522905504
all_core_huber_equalfoil	supported	foil_delta	3:0	yptar	766	0.03183731339692476	1.328664163177388	1.3290455496468896	1.329709564489779	2.5282533629755
all_core_huber_equalfoil	supported	foil_delta	3:1	xptar	1544	-0.5261300745828913	2.5998157509404085	2.6525185756594505	2.108269552854247	5.197293193659069
all_core_huber_equalfoil	supported	foil_delta	3:1	ytar	1544	0.024637551498397976	0.17010382730729653	0.17187879743710907	0.18265542425964526	0.3141160351948108
all_core_huber_equalfoil	supported	foil_delta	3:1	yptar	1544	-0.19373637946562156	1.224509469552154	1.2397407897424948	1.211198155497253	2.38636968038874
all_core_huber_equalfoil	supported	foil_delta	3:2	xptar	2553	-0.38452160181585665	2.05634964346855	2.091992045505017	1.721868301092833	3.8456807441402545
all_core_huber_equalfoil	supported	foil_delta	3:2	ytar	2553	0.021894198751021065	0.11905225229224108	0.12104872867901022	0.12445790734637882	0.231148016889761
all_core_huber_equalfoil	supported	foil_delta	3:2	yptar	2553	-0.2105360318110576	1.2339097366154728	1.2517422493489674	1.1960628267463982	2.3814121600935643
all_core_huber_equalfoil	supported	foil_delta	3:3	xptar	2056	-0.3684616952440567	1.7608824269550276	1.799019439144878	1.523562953904833	3.36704287785286
all_core_huber_equalfoil	supported	foil_delta	3:3	ytar	2056	0.006173553926053833	0.10215918156687265	0.102345547760961	0.10676754366184256	0.1951821484262724
all_core_huber_equalfoil	supported	foil_delta	3:3	yptar	2056	-0.14774644683037322	1.240805241611591	1.249570590307646	1.1302711596031987	2.428883256765033
all_core_huber_equalfoil	supported	foil_delta	3:4	xptar	1161	-0.3362067279129607	1.6932360292698518	1.72629175248898	1.3917061606353736	3.009005239219362
all_core_huber_equalfoil	supported	foil_delta	3:4	ytar	1161	-0.001439819202132478	0.12861397173867653	0.12862203079461898	0.13414564641310564	0.24362488850198893
all_core_huber_equalfoil	supported	foil_delta	3:4	yptar	1161	-0.11542711455625784	0.994168102167032	1.0008464588243202	0.9679199240975551	1.8513616029009126
all_core_huber_equalfoil	supported	foil	8	xptar	14964	-0.0774205003690502	2.302194584304868	2.3034960034434744	1.7741885303323883	4.157085090177519
all_core_huber_equalfoil	supported	foil	8	ytar	14964	-0.03692069590296825	0.15056666310188868	0.15502728090112755	0.14180778315724013	0.31664563245742533
all_core_huber_equalfoil	supported	foil	8	yptar	14964	0.20126906810709752	1.2643884408406842	1.2803075283338123	1.219833185416813	2.4798993704995564
all_core_huber_equalfoil	supported	foil_delta	8:0	xptar	1949	0.00877093362532223	3.3973353938077535	3.397346715790948	2.4812829591889525	7.006717063216288
all_core_huber_equalfoil	supported	foil_delta	8:0	ytar	1949	-0.0585236460814206	0.2109746549022454	0.2189413669496583	0.22059357532782925	0.41809433986197575
all_core_huber_equalfoil	supported	foil_delta	8:0	yptar	1949	0.2926511312076552	1.3510370095889335	1.382369590911247	1.3165223023657913	2.7148209755952024
all_core_huber_equalfoil	supported	foil_delta	8:1	xptar	2948	-0.13126385410027538	2.5593903451735485	2.562754209509924	2.120286811029498	4.812366212891703
all_core_huber_equalfoil	supported	foil_delta	8:1	ytar	2948	-0.05594705083949246	0.1868196061261058	0.1950170190797461	0.1969273479441741	0.3734856788761561
all_core_huber_equalfoil	supported	foil_delta	8:1	yptar	2948	0.3353866728072903	1.3707858726574056	1.4112186680220289	1.3858733636759892	2.7252076859967005
all_core_huber_equalfoil	supported	foil_delta	8:2	xptar	4436	-0.1519084086999925	2.154042095286585	2.159391931285376	1.7115340463063533	3.7025171324948385
all_core_huber_equalfoil	supported	foil_delta	8:2	ytar	4436	-0.028954252095997758	0.12417104756616866	0.12750214809217258	0.11987557107249172	0.24785679426023638
all_core_huber_equalfoil	supported	foil_delta	8:2	yptar	4436	0.19274613608632726	1.292652759746184	1.306943851225306	1.2407038265518011	2.556104075704949
all_core_huber_equalfoil	supported	foil_delta	8:3	xptar	3474	-0.021470979929222967	1.81800388142742	1.818130665234016	1.5204016204377524	3.393955614445436
all_core_huber_equalfoil	supported	foil_delta	8:3	ytar	3474	-0.021950196391450006	0.10209187546779912	0.10442491157839603	0.10133607041702244	0.19971990140997217
all_core_huber_equalfoil	supported	foil_delta	8:3	yptar	3474	0.11806268325601763	1.2124860742134702	1.2182205372342085	1.1314394474368665	2.3017251816374986
all_core_huber_equalfoil	supported	foil_delta	8:4	xptar	2157	-0.01863383866635187	1.578445103003591	1.5785550871412315	1.382308953508127	2.8953545315241707
all_core_huber_equalfoil	supported	foil_delta	8:4	ytar	2157	-0.031891866871933766	0.13937735314803712	0.1429795011291122	0.1427169156742888	0.2697646715182511
all_core_huber_equalfoil	supported	foil_delta	8:4	yptar	2157	0.08693636888485988	1.0062943732558074	1.0100427208198586	1.0052041541279366	1.918452827245548
all_supported_squared_equalfoil	core	overall	all	xptar	77864	0.3434459963496883	1.5360624695423017	1.5739895370506833	1.5020860662594315	3.0278011353042507
all_supported_squared_equalfoil	core	overall	all	ytar	77864	0.010769890000851238	0.13506018685364285	0.13548890952240833	0.1303796740798495	0.26834031603833375
all_supported_squared_equalfoil	core	overall	all	yptar	77864	-0.024211282637722115	1.0440188095890999	1.0442995073171322	1.0498485239060327	2.0289969175937257
all_supported_squared_equalfoil	core	foil	-8	xptar	13541	0.20916940840421588	1.6083933902515035	1.6219374646443354	1.5180809067311334	3.1045558350713995
all_supported_squared_equalfoil	core	foil	-8	ytar	13541	0.04574499362652209	0.1415012117726703	0.1487117929924343	0.13106406280741978	0.3016530037330295
all_supported_squared_equalfoil	core	foil	-8	yptar	13541	-0.2082592155797114	1.0316901702058965	1.0525001226476642	1.0132264533848812	2.0684110452483773
all_supported_squared_equalfoil	core	foil_delta	-8:0	xptar	1063	0.37626334551165597	2.7162534190306062	2.742190135926224	2.4827653173803053	5.0284405560159104
all_supported_squared_equalfoil	core	foil_delta	-8:0	ytar	1063	0.09927280457239189	0.22800796973782253	0.24868197359606128	0.23561223338875947	0.4758032842249342
all_supported_squared_equalfoil	core	foil_delta	-8:0	yptar	1063	-0.5068320094443712	1.3512423033136371	1.4431681981189037	1.4253493446190668	2.644965555126883
all_supported_squared_equalfoil	core	foil_delta	-8:1	xptar	2510	0.28969707793144484	1.9566548346788482	1.9779844637999886	1.9719950063795015	3.8387931130657185
all_supported_squared_equalfoil	core	foil_delta	-8:1	ytar	2510	0.05112928945364336	0.18999586874392604	0.196755265189508	0.19750909311072246	0.37399523042644267
all_supported_squared_equalfoil	core	foil_delta	-8:1	yptar	2510	-0.3009696346547293	1.269220525133195	1.3044169051356183	1.2977911002059512	2.521348784230879
all_supported_squared_equalfoil	core	foil_delta	-8:2	xptar	4227	0.20341356952234385	1.4660279417217843	1.4800726354388263	1.5146242470723061	2.8393402812283424
all_supported_squared_equalfoil	core	foil_delta	-8:2	ytar	4227	0.041725899221134365	0.11451229368911478	0.12187746334640517	0.11492245414127794	0.23617887636253843
all_supported_squared_equalfoil	core	foil_delta	-8:2	yptar	4227	-0.20498702944592015	1.0207297276417153	1.0411094366744513	1.0402106159069633	2.0114901614668286
all_supported_squared_equalfoil	core	foil_delta	-8:3	xptar	3447	0.12916613580665212	1.2464833054713638	1.253157819852727	1.291137922444038	2.383944730355933
all_supported_squared_equalfoil	core	foil_delta	-8:3	ytar	3447	0.0325556749486787	0.09484260805836564	0.10027458439044656	0.09705069656681661	0.19774049633310917
all_supported_squared_equalfoil	core	foil_delta	-8:3	yptar	3447	-0.1353412846822515	0.850854416462743	0.8615512180675022	0.8804728991933654	1.6602445511319661
all_supported_squared_equalfoil	core	foil_delta	-8:4	xptar	2294	0.17445097158596024	1.1560468226693101	1.169135320521578	1.1843675643713059	2.287967840625487
all_supported_squared_equalfoil	core	foil_delta	-8:4	ytar	2294	0.042274046796777556	0.12353210784524918	0.1305652201057633	0.12771899146041504	0.2563238124803364
all_supported_squared_equalfoil	core	foil_delta	-8:4	yptar	2294	-0.08406288028531365	0.7696596797455529	0.7742367793303868	0.7637572540527326	1.4994704400265588
all_supported_squared_equalfoil	core	foil	-3	xptar	5890	-0.2423874915699867	1.5761117998495338	1.5946410573212164	1.5104385631278934	3.0949521350436173
all_supported_squared_equalfoil	core	foil	-3	ytar	5890	-0.04190431920526688	0.12677602017281397	0.13352202537002886	0.12571975596933585	0.26385223450071177
all_supported_squared_equalfoil	core	foil	-3	yptar	5890	0.21040729908129063	1.0037241259650835	1.0255405172644594	1.0111864801770034	1.9776490384989667
all_supported_squared_equalfoil	core	foil_delta	-3:0	xptar	467	-0.42250988473104917	2.470664392057633	2.5065308976505674	2.463666625432771	4.818675159598866
all_supported_squared_equalfoil	core	foil_delta	-3:0	ytar	467	-0.056934586429177564	0.17820377953247638	0.18707788263587158	0.17973075192641058	0.3673181592461413
all_supported_squared_equalfoil	core	foil_delta	-3:0	yptar	467	0.27074848178438665	1.1610989788779584	1.1922481197888246	1.2050222635413141	2.208552595521195
all_supported_squared_equalfoil	core	foil_delta	-3:1	xptar	1144	-0.17055683471030095	1.855941039747965	1.8637614592235654	1.8428529397876843	3.7066185565524616
all_supported_squared_equalfoil	core	foil_delta	-3:1	ytar	1144	-0.03418588751317232	0.16134775489253708	0.16492959987196204	0.16792688929017213	0.31147668960059793
all_supported_squared_equalfoil	core	foil_delta	-3:1	yptar	1144	0.16802960646488013	1.1529277743867863	1.165107892686858	1.1947083896115793	2.243560940643525
all_supported_squared_equalfoil	core	foil_delta	-3:2	xptar	1952	-0.19975364281100796	1.4741735219211083	1.4876454855070653	1.5043388596017384	2.850615763079707
all_supported_squared_equalfoil	core	foil_delta	-3:2	ytar	1952	-0.040173314830004914	0.11519217178367402	0.12199644119674212	0.11924665450264443	0.2317577157644412
all_supported_squared_equalfoil	core	foil_delta	-3:2	yptar	1952	0.1758808003831999	1.0527466298989367	1.0673375861024497	1.0809041828357648	2.0329222514745213
all_supported_squared_equalfoil	core	foil_delta	-3:3	xptar	1459	-0.3144548402382634	1.2990192833517762	1.3365376706509375	1.3213092533848874	2.551882211747713
all_supported_squared_equalfoil	core	foil_delta	-3:3	ytar	1459	-0.04496351739463485	0.08914097861951968	0.09983903027245056	0.09517614947809201	0.19399405655955185
all_supported_squared_equalfoil	core	foil_delta	-3:3	yptar	1459	0.2493907984178355	0.8578938927653733	0.893407914437527	0.8676604556267205	1.757870680322314
all_supported_squared_equalfoil	core	foil_delta	-3:4	xptar	868	-0.21488993962502756	1.1274978303410808	1.1477931188049058	1.160723282077809	2.163349227698176
all_supported_squared_equalfoil	core	foil_delta	-3:4	ytar	868	-0.042741072021411364	0.11934988381635434	0.12677221306152525	0.12639952861098827	0.24913410072899808
all_supported_squared_equalfoil	core	foil_delta	-3:4	yptar	868	0.24591369073737573	0.7866742962024682	0.8242147727368919	0.8040622691946449	1.5726695647834752
all_supported_squared_equalfoil	core	foil	0	xptar	40404	0.636961380630551	1.4626229397489932	1.595301120257478	1.440839451993477	3.0670961204851097
all_supported_squared_equalfoil	core	foil	0	ytar	40404	0.019960593048522487	0.12676657590205542	0.12832844595326595	0.12588157270604627	0.25359229325308297
all_supported_squared_equalfoil	core	foil	0	yptar	40404	-0.04249192630866659	1.0237512616204099	1.0246327193052163	1.0422205265049507	1.9818883862798509
all_supported_squared_equalfoil	core	foil_delta	0:0	xptar	3676	0.9764500198509065	2.2110719745149545	2.4170837630815143	2.178157622617806	4.677508123403324
all_supported_squared_equalfoil	core	foil_delta	0:0	ytar	3676	0.03269030020725204	0.18389033970190538	0.18677342627719398	0.20396233944737618	0.3370254622740614
all_supported_squared_equalfoil	core	foil_delta	0:0	yptar	3676	-0.1189694815588438	1.1521552943860844	1.1582812956809174	1.1854829242401426	2.211459296545789
all_supported_squared_equalfoil	core	foil_delta	0:1	xptar	6959	0.8777911237928263	1.6742074795325281	1.8903671446394041	1.7160529395382087	3.613147539845572
all_supported_squared_equalfoil	core	foil_delta	0:1	ytar	6959	0.007585927598716254	0.15992798749610235	0.16010779956668705	0.170797385355283	0.2991187725298781
all_supported_squared_equalfoil	core	foil_delta	0:1	yptar	6959	0.03151951125980123	1.1547579126883405	1.1551880005031174	1.1862709202376114	2.243161528480209
all_supported_squared_equalfoil	core	foil_delta	0:2	xptar	12161	0.666020869833792	1.3600542832764828	1.5143749378911644	1.4195279178297668	2.9414693478992566
all_supported_squared_equalfoil	core	foil_delta	0:2	ytar	12161	0.016839429813369167	0.10998664811577116	0.1112682756232964	0.11490340755910176	0.2122086072374617
all_supported_squared_equalfoil	core	foil_delta	0:2	yptar	12161	-0.006152028553267735	1.0576895423337416	1.0577074337535308	1.094263817337787	2.022850998926985
all_supported_squared_equalfoil	core	foil_delta	0:3	xptar	10388	0.48972508482658134	1.2259793276106328	1.3201727047765461	1.282128663106051	2.5250695528090135
all_supported_squared_equalfoil	core	foil_delta	0:3	ytar	10388	0.02364996850108635	0.0913703085784392	0.09438142984624452	0.09764995078857996	0.17591004221130557
all_supported_squared_equalfoil	core	foil_delta	0:3	yptar	10388	-0.07031044275493943	0.9568867138677952	0.9594663837452063	0.9948582428401449	1.8210768947848908
all_supported_squared_equalfoil	core	foil_delta	0:4	xptar	7220	0.3948843407649998	1.1388136680353362	1.2053340670061166	1.1804737072558533	2.3206540640657205
all_supported_squared_equalfoil	core	foil_delta	0:4	ytar	7220	0.025355624523754883	0.1240018674913722	0.1265676531991388	0.1288811763296798	0.24271653801274368
all_supported_squared_equalfoil	core	foil_delta	0:4	yptar	7220	-0.09607431532512634	0.8293536226960339	0.834899817669298	0.8481519779320192	1.5985259127703637
all_supported_squared_equalfoil	core	foil	3	xptar	6295	-0.21357287089155022	1.4794538812541866	1.4947900046290568	1.4683521443559446	2.929173685956004
all_supported_squared_equalfoil	core	foil	3	ytar	6295	0.01750120583039336	0.12930809440577087	0.13048707018080202	0.12879795780631972	0.25702345694988776
all_supported_squared_equalfoil	core	foil	3	yptar	6295	-0.1725163712744857	1.0089959849364152	1.023638019993163	1.0165965180936207	2.0235239598186356
all_supported_squared_equalfoil	core	foil_delta	3:0	xptar	511	-0.33022992101867893	2.1217956773382975	2.1473399118694476	2.2137094711263385	3.968851469086543
all_supported_squared_equalfoil	core	foil_delta	3:0	ytar	511	0.002079913074285248	0.18399617354301523	0.18400792895108617	0.1968252154316827	0.33827173527955123
all_supported_squared_equalfoil	core	foil_delta	3:0	yptar	511	-0.07046803289038625	1.220910555244276	1.2229424874319834	1.2491561268755214	2.394392486873336
all_supported_squared_equalfoil	core	foil_delta	3:1	xptar	1221	-0.2358781179691882	1.685904605737683	1.7023257109566954	1.7173256824378775	3.2983253556327154
all_supported_squared_equalfoil	core	foil_delta	3:1	ytar	1221	0.03419400479355672	0.16216606749377038	0.16573190221021378	0.1726029264392157	0.3030009556644723
all_supported_squared_equalfoil	core	foil_delta	3:1	yptar	1221	-0.2757784095786704	1.1283100881080421	1.1615237346331406	1.1620701867311478	2.255908113772271
all_supported_squared_equalfoil	core	foil_delta	3:2	xptar	2073	-0.1559752125389219	1.4068530989333576	1.4154730336198404	1.4661493286163956	2.661350908842712
all_supported_squared_equalfoil	core	foil_delta	3:2	ytar	2073	0.022883135750964883	0.11497641339129776	0.1172314528534202	0.12013701355088298	0.22291211821830687
all_supported_squared_equalfoil	core	foil_delta	3:2	yptar	2073	-0.17150656659941257	1.035234928280782	1.049345443178382	1.0705944605841022	2.0653752389065145
all_supported_squared_equalfoil	core	foil_delta	3:3	xptar	1571	-0.22633887514103973	1.2891601291131916	1.3088785753060717	1.2870577889041441	2.5864954786749115
all_supported_squared_equalfoil	core	foil_delta	3:3	ytar	1571	0.010147882179356612	0.09697849592487441	0.09750799036272353	0.10164903286810152	0.18273666885638176
all_supported_squared_equalfoil	core	foil_delta	3:3	yptar	1571	-0.17781064585428594	0.8929699277151651	0.9105009157506354	0.8813687924768108	1.7700227233541121
all_supported_squared_equalfoil	core	foil_delta	3:4	xptar	919	-0.22717253769491472	1.1795906901052169	1.201266647362545	1.1635210852135387	2.3306940604879367
all_supported_squared_equalfoil	core	foil_delta	3:4	ytar	919	0.004327869372050328	0.1184839308839975	0.11856294670353562	0.12387271895802732	0.22549061482896435
all_supported_squared_equalfoil	core	foil_delta	3:4	yptar	919	-0.08529087820748435	0.8032040921194306	0.8077198446879974	0.7848499739474883	1.608454042987503
all_supported_squared_equalfoil	core	foil	8	xptar	11734	0.08062314855832538	1.469379715434544	1.4715899021853742	1.4818144607431825	2.8279907421170063
all_supported_squared_equalfoil	core	foil	8	ytar	11734	-0.03840870085105349	0.1415248632140986	0.14664417891220582	0.1334527640428174	0.29663892245502393
all_supported_squared_equalfoil	core	foil	8	yptar	11734	0.21291853443162848	1.099046171321602	1.1194805889345223	1.0990042365074209	2.1804753603867466
all_supported_squared_equalfoil	core	foil_delta	8:0	xptar	1436	0.05565303864066618	1.8520247451654672	1.852860738807737	1.8679232088434827	3.5953903197846104
all_supported_squared_equalfoil	core	foil_delta	8:0	ytar	1436	-0.052568978785369425	0.2053885655768233	0.21200934036084745	0.21540529332529443	0.40617462853515807
all_supported_squared_equalfoil	core	foil_delta	8:0	yptar	1436	0.2158718694221286	1.3182141408730532	1.3357728793494374	1.3229637247477988	2.5911542369789355
all_supported_squared_equalfoil	core	foil_delta	8:1	xptar	2320	0.12449630535344804	1.6244284379243883	1.629192155635463	1.6889183271373658	3.018101684686871
all_supported_squared_equalfoil	core	foil_delta	8:1	ytar	2320	-0.05396506761716204	0.17880850720363003	0.18677449175761524	0.18710744898349083	0.35749348384834384
all_supported_squared_equalfoil	core	foil_delta	8:1	yptar	2320	0.3282749120503389	1.2798686878284258	1.3212979512454084	1.299185689433737	2.539250592275251
all_supported_squared_equalfoil	core	foil_delta	8:2	xptar	3592	0.0334369948703615	1.412574133604153	1.4129698211757689	1.4547178736051498	2.680496575598926
all_supported_squared_equalfoil	core	foil_delta	8:2	ytar	3592	-0.033850137646705476	0.11664694177753056	0.12145921473791732	0.11589012197656662	0.23657727023856806
all_supported_squared_equalfoil	core	foil_delta	8:2	yptar	3592	0.267421816789477	1.087569950419363	1.119965546412103	1.1101752555940396	2.1603367039084276
all_supported_squared_equalfoil	core	foil_delta	8:3	xptar	2725	0.08900268912657845	1.2860061127636806	1.289082309527718	1.3046185567345199	2.5325324400841005
all_supported_squared_equalfoil	core	foil_delta	8:3	ytar	2725	-0.024120176633077164	0.09480582866855922	0.09782600917109441	0.09700009987262598	0.18995073894815528
all_supported_squared_equalfoil	core	foil_delta	8:3	yptar	2725	0.14613240041548672	0.9127139150435976	0.9243383412827811	0.9513934133639597	1.77034339621901
all_supported_squared_equalfoil	core	foil_delta	8:4	xptar	1661	0.1292262611867123	1.2500999026356236	1.2567613906982869	1.260982259259741	2.4401537496674535
all_supported_squared_equalfoil	core	foil_delta	8:4	ytar	1661	-0.03773781434470433	0.12371487027275947	0.1293426138522068	0.13099717408848127	0.24248139864338109
all_supported_squared_equalfoil	core	foil_delta	8:4	yptar	1661	0.04094300152544428	0.8697068886754838	0.8706700876816102	0.8821128982093829	1.6684824402540508
all_supported_squared_equalfoil	shoulder	overall	all	xptar	22532	0.01651967407339404	4.134952188807451	4.134985187803581	3.5955769780020077	8.393759637261704
all_supported_squared_equalfoil	shoulder	overall	all	ytar	22532	0.009308931168111656	0.1643763083482787	0.1646396882458815	0.16475871407122133	0.31719813612746905
all_supported_squared_equalfoil	shoulder	overall	all	yptar	22532	-0.037234141726275746	1.6153077743452031	1.6157368557937106	1.6429889115188945	3.017980203917284
all_supported_squared_equalfoil	shoulder	foil	-8	xptar	4691	-0.12909444759865807	4.388691537363497	4.390589799392194	3.7600448426241204	9.189297632160379
all_supported_squared_equalfoil	shoulder	foil	-8	ytar	4691	0.044372043490157984	0.18197199891264515	0.18730372829112668	0.17836083271231273	0.3753591536817742
all_supported_squared_equalfoil	shoulder	foil	-8	yptar	4691	-0.21692329427880055	1.584019733634466	1.5988040005404573	1.5781525549852575	3.0145272538966514
all_supported_squared_equalfoil	shoulder	foil_delta	-8:0	xptar	676	0.6654602130303199	6.464354645087565	6.498516620936776	6.628998156098456	12.094217574566764
all_supported_squared_equalfoil	shoulder	foil_delta	-8:0	ytar	676	0.09536193974813968	0.25112550925524235	0.2686222644369462	0.2762215485529127	0.5124541071085602
all_supported_squared_equalfoil	shoulder	foil_delta	-8:0	yptar	676	-0.45729543173529785	1.4190840253238644	1.490945533148463	1.4231946481498179	2.9320316393705963
all_supported_squared_equalfoil	shoulder	foil_delta	-8:1	xptar	939	-0.4392155528527274	5.740591518500527	5.757369302393926	5.145922243257907	10.857087041081954
all_supported_squared_equalfoil	shoulder	foil_delta	-8:1	ytar	939	0.03813998396496763	0.21708513608824523	0.2204101056832466	0.2263481867545232	0.4132632131505035
all_supported_squared_equalfoil	shoulder	foil_delta	-8:1	yptar	939	-0.24273015153768918	1.5404107672275762	1.5594176022657176	1.5614425428397454	3.021316855695606
all_supported_squared_equalfoil	shoulder	foil_delta	-8:2	xptar	1177	-0.31531606661491846	3.791952411549592	3.805039725590558	3.6145307795039376	7.370430289993217
all_supported_squared_equalfoil	shoulder	foil_delta	-8:2	ytar	1177	0.044297501795034	0.14162096441311658	0.1483872171940099	0.14122510568687383	0.2864999437234252
all_supported_squared_equalfoil	shoulder	foil_delta	-8:2	yptar	1177	-0.24383469740012387	1.7297337430059405	1.7468354763255616	1.7457265859565751	3.204814040740786
all_supported_squared_equalfoil	shoulder	foil_delta	-8:3	xptar	1226	-0.1465819107235373	2.8654882762741476	2.869234970861737	2.8732915225104936	5.387824451649925
all_supported_squared_equalfoil	shoulder	foil_delta	-8:3	ytar	1226	0.025722091594008456	0.11956878730542589	0.12230421453760591	0.12257708479599688	0.23456678056846667
all_supported_squared_equalfoil	shoulder	foil_delta	-8:3	yptar	1226	-0.12476556042869445	1.735734548444552	1.7402128800043686	1.714509719669092	3.233740020044524
all_supported_squared_equalfoil	shoulder	foil_delta	-8:4	xptar	673	-0.13695887163785214	2.3159636275864983	2.3200097536053437	2.2481350565535196	4.181657882926974
all_supported_squared_equalfoil	shoulder	foil_delta	-8:4	ytar	673	0.03595497160843195	0.19293584804074146	0.19625748760891448	0.21461588979481905	0.3469494352580637
all_supported_squared_equalfoil	shoulder	foil_delta	-8:4	yptar	673	-0.06029098571972764	1.155223031039547	1.156795251720569	1.1931146464078306	2.050609998612279
all_supported_squared_equalfoil	shoulder	foil	-3	xptar	1785	-0.6464064062039201	4.176890989400305	4.226613251684489	3.525537484411523	8.494087571817724
all_supported_squared_equalfoil	shoulder	foil	-3	ytar	1785	-0.04792480719586378	0.15034431454755795	0.15779797229855572	0.15422798149821043	0.3064954584904041
all_supported_squared_equalfoil	shoulder	foil	-3	yptar	1785	0.15504637542288907	1.6960366689249482	1.7031088517384347	1.6718163581988696	3.110210253181505
all_supported_squared_equalfoil	shoulder	foil_delta	-3:0	xptar	245	-1.5486476801898903	7.1936640069529	7.3584720888433885	6.621677802142672	13.59998581338411
all_supported_squared_equalfoil	shoulder	foil_delta	-3:0	ytar	245	-0.05656243586870241	0.18633052075952403	0.1947264032377646	0.1937192227268428	0.3707187968898711
all_supported_squared_equalfoil	shoulder	foil_delta	-3:0	yptar	245	0.2557665882945157	1.3030357766497143	1.3279001404160404	1.2375820099241415	2.5166322534445937
all_supported_squared_equalfoil	shoulder	foil_delta	-3:1	xptar	314	-0.41418008653916305	4.869110349001325	4.886694254282479	4.543251866405745	9.349280037666627
all_supported_squared_equalfoil	shoulder	foil_delta	-3:1	ytar	314	-0.023582164550316878	0.18783596177103573	0.18931050424983875	0.19704549050787823	0.37407661481430143
all_supported_squared_equalfoil	shoulder	foil_delta	-3:1	yptar	314	0.07507196277766025	1.5692217882029216	1.5710164926461037	1.5163707791427128	3.0042383623942297
all_supported_squared_equalfoil	shoulder	foil_delta	-3:2	xptar	508	-0.4133813515893925	3.3982715366397627	3.423322009186084	3.33580059876736	6.118596318718296
all_supported_squared_equalfoil	shoulder	foil_delta	-3:2	ytar	508	-0.05208434104853583	0.1306171952184374	0.14061874081782835	0.13377168982482943	0.27828445504017907
all_supported_squared_equalfoil	shoulder	foil_delta	-3:2	yptar	508	0.07753495809573435	1.7686597719101276	1.7703584548051539	1.8356843031399772	3.1254194978552317
all_supported_squared_equalfoil	shoulder	foil_delta	-3:3	xptar	482	-0.6731170858314353	2.721038722897997	2.803058747644895	2.703823878582844	5.103357382152895
all_supported_squared_equalfoil	shoulder	foil_delta	-3:3	ytar	482	-0.047576893690874374	0.10795471437889449	0.1179736460820867	0.11429566690942566	0.2210245733545555
all_supported_squared_equalfoil	shoulder	foil_delta	-3:3	yptar	482	0.17375776254517486	1.8653288229247431	1.8734042216453215	1.8817354477056467	3.41095330599517
all_supported_squared_equalfoil	shoulder	foil_delta	-3:4	xptar	236	-0.4657798486271775	2.3755007869458127	2.42073436299139	1.9583362164681415	4.81561057292379
all_supported_squared_equalfoil	shoulder	foil_delta	-3:4	ytar	236	-0.06310286600138824	0.16222051944976107	0.17406168052773552	0.17866743503291277	0.30387219996833514
all_supported_squared_equalfoil	shoulder	foil_delta	-3:4	yptar	236	0.2855227518055426	1.6817756342101968	1.7058407093341743	1.4589716864030255	2.6508271769387344
all_supported_squared_equalfoil	shoulder	foil	0	xptar	11041	0.3891437634122442	4.030625136298588	4.049366846553255	3.5336417386880754	7.94154793063136
all_supported_squared_equalfoil	shoulder	foil	0	ytar	11041	0.017431568771746835	0.15083699149748353	0.15184089565678957	0.1575178878632712	0.29002485705801273
all_supported_squared_equalfoil	shoulder	foil	0	yptar	11041	-0.03187492757480369	1.5507543198392026	1.551081871310424	1.6107198924278963	2.8798717225253094
all_supported_squared_equalfoil	shoulder	foil_delta	0:0	xptar	1375	0.843923664454967	6.4009826060245185	6.456375567921644	5.696937664198204	12.203741069484812
all_supported_squared_equalfoil	shoulder	foil_delta	0:0	ytar	1375	0.020926323711040664	0.19772242701783604	0.1988267315274351	0.22134047953569086	0.3502616711107234
all_supported_squared_equalfoil	shoulder	foil_delta	0:0	yptar	1375	-0.03975678265458786	1.352216838501443	1.3528011605900854	1.2841254388517491	2.5284205989499204
all_supported_squared_equalfoil	shoulder	foil_delta	0:1	xptar	1888	0.2845033273147973	4.809637404258077	4.818044634879544	4.29521990658408	8.990663005200705
all_supported_squared_equalfoil	shoulder	foil_delta	0:1	ytar	1888	0.0045099684692550875	0.18041306646685873	0.18046942779199157	0.19808117020206767	0.316535461648575
all_supported_squared_equalfoil	shoulder	foil_delta	0:1	yptar	1888	0.0388513384776604	1.4101233172879954	1.4106584265727853	1.4576515080553218	2.6865828988281386
all_supported_squared_equalfoil	shoulder	foil_delta	0:2	xptar	2969	0.2836077599655097	3.6688979947706244	3.6798431838251697	3.5075500770638923	6.751423941509167
all_supported_squared_equalfoil	shoulder	foil_delta	0:2	ytar	2969	0.013073292568758334	0.12158569274760793	0.1222865146265281	0.1297939012974373	0.22808317581580995
all_supported_squared_equalfoil	shoulder	foil_delta	0:2	yptar	2969	-0.003978850507615248	1.668939625445303	1.6689443683457128	1.7649510155357442	3.0895938469314084
all_supported_squared_equalfoil	shoulder	foil_delta	0:3	xptar	2841	0.3726898989819053	2.97103998564694	2.99432402340096	2.944400603143796	5.6332482871240925
all_supported_squared_equalfoil	shoulder	foil_delta	0:3	ytar	2841	0.02424291001216258	0.1062501103966255	0.10898075355379463	0.11570072218175144	0.19820130117629767
all_supported_squared_equalfoil	shoulder	foil_delta	0:3	yptar	2841	-0.03986459144364193	1.754281060046454	1.7547339465824097	1.859664006726466	3.210832690875881
all_supported_squared_equalfoil	shoulder	foil_delta	0:4	xptar	1968	0.35475382565725594	2.6648534278776563	2.688362711556935	2.4517225858103115	4.400426873292165
all_supported_squared_equalfoil	shoulder	foil_delta	0:4	ytar	1968	0.024128415779992324	0.17376759620715218	0.17543476833189045	0.1952417297684479	0.3015564982905885
all_supported_squared_equalfoil	shoulder	foil_delta	0:4	yptar	1968	-0.12477048516294492	1.2834039407546087	1.2894546712127013	1.3671467227755216	2.2269143906701423
all_supported_squared_equalfoil	shoulder	foil	3	xptar	1785	-0.6378698622867428	3.9723458189797576	4.02323368284514	3.493463813810453	8.635560093259732
all_supported_squared_equalfoil	shoulder	foil	3	ytar	1785	0.007946931542973957	0.1547836641154757	0.15498753626650472	0.16111902795093597	0.29702431364428095
all_supported_squared_equalfoil	shoulder	foil	3	yptar	1785	-0.16705397524165505	1.7091406317108937	1.7172852790404838	1.7093460194029144	3.203362484649552
all_supported_squared_equalfoil	shoulder	foil_delta	3:0	xptar	255	-0.1692577266796058	6.109186815864809	6.1115310462417805	5.794511559818728	11.271428379421746
all_supported_squared_equalfoil	shoulder	foil_delta	3:0	ytar	255	-0.006997904882269649	0.1812473353498746	0.18138237853818986	0.19389024163108315	0.32095376190236397
all_supported_squared_equalfoil	shoulder	foil_delta	3:0	yptar	255	0.22646038465214668	1.49832226948238	1.5153395424932419	1.4979849383392425	2.93614623208648
all_supported_squared_equalfoil	shoulder	foil_delta	3:1	xptar	323	-0.7164516758215583	4.4826805836803585	4.539573572384569	4.513483593360173	7.982623141497233
all_supported_squared_equalfoil	shoulder	foil_delta	3:1	ytar	323	0.011627637590248678	0.19620245417991952	0.19654669924003706	0.2184642550909463	0.3587722145193679
all_supported_squared_equalfoil	shoulder	foil_delta	3:1	yptar	323	-0.05071013423497666	1.5228356780809749	1.5236797629917094	1.5235957884093163	2.9528667913511324
all_supported_squared_equalfoil	shoulder	foil_delta	3:2	xptar	480	-0.8960052392360583	3.587774679092693	3.6979659999352545	3.2983781904745557	6.995124637059188
all_supported_squared_equalfoil	shoulder	foil_delta	3:2	ytar	480	0.02531609158117169	0.13424779196858866	0.13661396027268857	0.1432933890986392	0.2478143106292579
all_supported_squared_equalfoil	shoulder	foil_delta	3:2	yptar	480	-0.39844422231195414	1.8288744640897274	1.8717744532109806	1.8107964043305511	3.294697403763064
all_supported_squared_equalfoil	shoulder	foil_delta	3:3	xptar	485	-0.5951224613064444	2.8237858368954867	2.8858165562978852	2.5228335361242307	5.398588000683878
all_supported_squared_equalfoil	shoulder	foil_delta	3:3	ytar	485	0.0052933657218972256	0.11753711816141314	0.11765625298451311	0.123168936006842	0.22124875819417994
all_supported_squared_equalfoil	shoulder	foil_delta	3:3	yptar	485	-0.18876316689892497	1.8841189528841358	1.8935510982793478	1.9202393070633101	3.473381381030884
all_supported_squared_equalfoil	shoulder	foil_delta	3:4	xptar	242	-0.6004387769472713	2.8903609472619727	2.9520692963274193	2.4688686396204433	5.8107241581971145
all_supported_squared_equalfoil	shoulder	foil_delta	3:4	ytar	242	-0.010351217878287673	0.16150700487091227	0.1618383771975506	0.17877606860620165	0.28284608771116754
all_supported_squared_equalfoil	shoulder	foil_delta	3:4	yptar	242	-0.2345289581778414	1.4297190128724617	1.4488272112274088	1.3820584207357536	2.5054756837839314
all_supported_squared_equalfoil	shoulder	foil	8	xptar	3230	-0.31773987698815304	4.038315249321591	4.05079605538612	3.57624255286136	8.245777837137709
all_supported_squared_equalfoil	shoulder	foil	8	ytar	3230	-0.036997480402751616	0.1758493353945614	0.17969919953873179	0.17385084087781022	0.3587590845766892
all_supported_squared_equalfoil	shoulder	foil	8	yptar	3230	0.1708953972493229	1.7358139351446764	1.744206196022549	1.734329411132179	3.24840775038623
all_supported_squared_equalfoil	shoulder	foil_delta	8:0	xptar	513	0.00788388929274275	5.665042166545297	5.665047652442707	5.182159382521008	12.195155956249241
all_supported_squared_equalfoil	shoulder	foil_delta	8:0	ytar	513	-0.05043684846522241	0.2334505444360357	0.23883683212726065	0.24908533334038452	0.4425808045221879
all_supported_squared_equalfoil	shoulder	foil_delta	8:0	yptar	513	0.26773051305479323	1.5442603275027798	1.5672969044567069	1.4967640274762628	3.161571598125878
all_supported_squared_equalfoil	shoulder	foil_delta	8:1	xptar	628	-0.4458491039103966	4.504932491160393	4.526941370657487	4.127261850837065	9.245860045533197
all_supported_squared_equalfoil	shoulder	foil_delta	8:1	ytar	628	-0.06081259797770719	0.2116472239353574	0.2202106252485142	0.23308816759223594	0.40470894908835786
all_supported_squared_equalfoil	shoulder	foil_delta	8:1	yptar	628	0.33083976173879687	1.6853164806656065	1.7174826310476883	1.6667099511159287	3.227054279603076
all_supported_squared_equalfoil	shoulder	foil_delta	8:2	xptar	844	-0.6000053011953069	3.9225847498343205	3.968208346482736	3.4926290255796353	7.523323598403232
all_supported_squared_equalfoil	shoulder	foil_delta	8:2	ytar	844	-0.032212902576816575	0.14465808365251026	0.14820132340313338	0.13636187051259505	0.30011936739035167
all_supported_squared_equalfoil	shoulder	foil_delta	8:2	yptar	844	0.16824114854292266	1.9258165941762246	1.9331514784070998	1.9961728287382612	3.6002093840370475
all_supported_squared_equalfoil	shoulder	foil_delta	8:3	xptar	749	-0.2094959963436126	3.1076821130986545	3.114735412287426	2.9328900899579597	5.971335258397802
all_supported_squared_equalfoil	shoulder	foil_delta	8:3	ytar	749	-0.01921916457598195	0.12141485064915589	0.12292657257548308	0.12037725245867983	0.23859333387708767
all_supported_squared_equalfoil	shoulder	foil_delta	8:3	yptar	749	0.09227122897973543	1.8731200999775603	1.8753913961190543	1.8542339285745348	3.345699969315975
all_supported_squared_equalfoil	shoulder	foil_delta	8:4	xptar	496	-0.17547182490519658	2.498240768955751	2.5043955959488873	2.2940230233643577	4.576241113568285
all_supported_squared_equalfoil	shoulder	foil_delta	8:4	ytar	496	-0.027932667068517825	0.17005466780024386	0.17233346723782922	0.18710568085988247	0.30958873762863787
all_supported_squared_equalfoil	shoulder	foil_delta	8:4	yptar	496	-0.008523528890744007	1.3659679621090104	1.3659945549133767	1.4757110589504938	2.300015159678251
all_supported_squared_equalfoil	supported	overall	all	xptar	100396	0.27007351245063393	2.3844991649117286	2.399744980116044	1.8608002600754086	4.527580568693802
all_supported_squared_equalfoil	supported	overall	all	ytar	100396	0.01044200518054676	0.1421680491329203	0.14255100724460354	0.13762000876711034	0.2819120892711474
all_supported_squared_equalfoil	supported	overall	all	yptar	100396	-0.027134019210725925	1.196231839020459	1.1965395387051767	1.1688299706216863	2.316929636518252
all_supported_squared_equalfoil	supported	foil	-8	xptar	18232	0.12213585484402054	2.6265658350816956	2.6294039729674257	1.9571989900265074	5.152517901972061
all_supported_squared_equalfoil	supported	foil	-8	ytar	18232	0.04539174060492906	0.15294200100934666	0.15953578215525244	0.1422548432491058	0.32478311124968096
all_supported_squared_equalfoil	supported	foil	-8	yptar	18232	-0.21048843854907445	1.1983828978489892	1.2167279698518352	1.1468034926160195	2.39712805193172
all_supported_squared_equalfoil	supported	foil_delta	-8:0	xptar	1739	0.4886825993601992	4.557852246655169	4.583975107399364	3.84372889560178	10.137119375513949
all_supported_squared_equalfoil	supported	foil_delta	-8:0	ytar	1739	0.09775253739516677	0.23726985316084714	0.2566175009350754	0.2539806583296443	0.4928456294123293
all_supported_squared_equalfoil	supported	foil_delta	-8:0	yptar	1739	-0.487575697465456	1.3782227858753726	1.461926163752807	1.417165116432379	2.7466787706365148
all_supported_squared_equalfoil	supported	foil_delta	-8:1	xptar	3449	0.09124855363270963	3.4443249880224216	3.4455334741743138	2.7457553811709525	6.722360029021971
all_supported_squared_equalfoil	supported	foil_delta	-8:1	ytar	3449	0.04759291431480123	0.19782349309774203	0.20346798252886963	0.20590481161434748	0.38779626589153965
all_supported_squared_equalfoil	supported	foil_delta	-8:1	yptar	3449	-0.2851137707385505	1.3487158110559412	1.3785224703489747	1.3561499486104356	2.644518451033125
all_supported_squared_equalfoil	supported	foil_delta	-8:2	xptar	5404	0.0904334100601755	2.204250565297549	2.206104883333899	1.8993457357575674	4.087867458701624
all_supported_squared_equalfoil	supported	foil_delta	-8:2	ytar	5404	0.042285998449387484	0.12093999701380084	0.12811943077675517	0.11974344627887473	0.24797089336691927
all_supported_squared_equalfoil	supported	foil_delta	-8:2	yptar	5404	-0.21344811478679684	1.2111477946847216	1.2298126191724095	1.1847963791622786	2.365196700041658
all_supported_squared_equalfoil	supported	foil_delta	-8:3	xptar	4673	0.05682136691172118	1.8207234451415797	1.8216098735530446	1.6010616954244208	3.5361848498284463
all_supported_squared_equalfoil	supported	foil_delta	-8:3	ytar	4673	0.030762828128044054	0.10195621260424953	0.10649610736096653	0.10293264353945361	0.2087995816888652
all_supported_squared_equalfoil	supported	foil_delta	-8:3	yptar	4673	-0.13256665640601337	1.1508544450283726	1.1584644457350575	1.0712940890248954	2.223167416455198
all_supported_squared_equalfoil	supported	foil_delta	-8:4	xptar	2967	0.10381436070303951	1.505637736797703	1.5092125151738867	1.3643267678097966	2.891020204426413
all_supported_squared_equalfoil	supported	foil_delta	-8:4	ytar	2967	0.04084070079011878	0.14229988813962605	0.1480446588215127	0.14596927258425163	0.2841296674732737
all_supported_squared_equalfoil	supported	foil_delta	-8:4	yptar	2967	-0.07867073837677324	0.8722494412378905	0.8757900278129221	0.8594115254417429	1.7085939450491427
all_supported_squared_equalfoil	supported	foil	-3	xptar	7675	-0.3363514997291491	2.448079124798856	2.471077443676337	1.8627871776532832	4.611306775819817
all_supported_squared_equalfoil	supported	foil	-3	ytar	7675	-0.043304523904057174	0.13265603558149341	0.13954535308191207	0.1322773686576144	0.2753897579575623
all_supported_squared_equalfoil	supported	foil	-3	yptar	7675	0.19753182693402718	1.2011273128215292	1.2172615348633018	1.1560695555316012	2.315834628559662
all_supported_squared_equalfoil	supported	foil_delta	-3:0	xptar	712	-0.8100151654718017	4.700720298816208	4.7699995698109925	3.4985542362594844	9.961991501363416
all_supported_squared_equalfoil	supported	foil_delta	-3:0	ytar	712	-0.05680652900317137	0.18104145821511086	0.1897445422931629	0.18487736294611914	0.3690374661732182
all_supported_squared_equalfoil	supported	foil_delta	-3:0	yptar	712	0.2655931954009338	1.2118380032959513	1.2406011009488893	1.208957679626196	2.322786236619144
all_supported_squared_equalfoil	supported	foil_delta	-3:1	xptar	1458	-0.22302439374614635	2.796178138067459	2.8050582988615833	2.302953115168303	5.406485741670022
all_supported_squared_equalfoil	supported	foil_delta	-3:1	ytar	1458	-0.03190223249922403	0.16746357588192737	0.17047522308416727	0.17271439198899874	0.326531680563701
all_supported_squared_equalfoil	supported	foil_delta	-3:1	yptar	1458	0.14800992188477927	1.2548927112044435	1.2635911734458962	1.2564760343853818	2.407273157402192
all_supported_squared_equalfoil	supported	foil_delta	-3:2	xptar	2460	-0.24386863307906453	2.0289539200249993	2.0435571731137503	1.8155929169369136	3.8748336374109495
all_supported_squared_equalfoil	supported	foil_delta	-3:2	ytar	2460	-0.04263299016293731	0.11864007609718713	0.12606759895619277	0.12123707094397639	0.24468545971786967
all_supported_squared_equalfoil	supported	foil_delta	-3:2	yptar	2460	0.15557198417099155	1.235707948578865	1.2454624749224223	1.2169078242662525	2.3760483830382504
all_supported_squared_equalfoil	supported	foil_delta	-3:3	xptar	1941	-0.40351985949426994	1.7694748072387254	1.8149020277851913	1.5996933949387149	3.4619554207055354
all_supported_squared_equalfoil	supported	foil_delta	-3:3	ytar	1941	-0.04561248564542694	0.09417115612673124	0.10463606210575524	0.10046330327664656	0.20077259507095424
all_supported_squared_equalfoil	supported	foil_delta	-3:3	yptar	1941	0.23060917899968897	1.1909338619610954	1.2130556693756807	1.1062847289256257	2.332394746340228
all_supported_squared_equalfoil	supported	foil_delta	-3:4	xptar	1104	-0.2685222027812842	1.4887484860664295	1.5127710428718546	1.3346774048831447	2.6982837378042612
all_supported_squared_equalfoil	supported	foil_delta	-3:4	ytar	1104	-0.047093774357710776	0.12997882267672492	0.1382473071263324	0.1415263423076744	0.2703777702358219
all_supported_squared_equalfoil	supported	foil_delta	-3:4	yptar	1104	0.25438084509615055	1.0447217465119991	1.0752456193758304	0.9408355808676945	1.8528212729601687
all_supported_squared_equalfoil	supported	foil	0	xptar	51445	0.5837753701007167	2.2753367236218778	2.349031904551015	1.7980216480531426	4.448887521241659
all_supported_squared_equalfoil	supported	foil	0	ytar	51445	0.01941782004745572	0.13230617699219255	0.13372350655619508	0.13221870773258124	0.2640782117781775
all_supported_squared_equalfoil	supported	foil	0	yptar	51445	-0.040213332023107645	1.1572695448017813	1.1579680096609417	1.1505326175978037	2.236590961912369
all_supported_squared_equalfoil	supported	foil_delta	0:0	xptar	5051	0.940373255117306	3.836033652501989	3.949614670074496	3.000774225688046	8.344756198406124
all_supported_squared_equalfoil	supported	foil_delta	0:0	ytar	5051	0.02948787144417727	0.18782972579010646	0.190130324916082	0.2079390815320633	0.34082605982507874
all_supported_squared_equalfoil	supported	foil_delta	0:0	yptar	5051	-0.09740593750947697	1.2104117483094499	1.2143247165019904	1.212351670460309	2.3059946398130826
all_supported_squared_equalfoil	supported	foil_delta	0:1	xptar	8847	0.7511801415671544	2.6833780758399075	2.7865371885160863	2.2477824419482504	5.253145555962656
all_supported_squared_equalfoil	supported	foil_delta	0:1	ytar	8847	0.006929500466759353	0.16451867767496722	0.1646645477345946	0.177003082559414	0.30388789821213397
all_supported_squared_equalfoil	supported	foil_delta	0:1	yptar	8847	0.033084164790638595	1.2137758119113118	1.2142266195158373	1.236428528041587	2.361293614251042
all_supported_squared_equalfoil	supported	foil_delta	0:2	xptar	15130	0.5909789317505846	2.0374698548693053	2.1214475028324906	1.7716064915038592	4.04318821070793
all_supported_squared_equalfoil	supported	foil_delta	0:2	ytar	15130	0.016100390720226433	0.11236718525631041	0.11351478715907427	0.11763732680029688	0.2159186327057532
all_supported_squared_equalfoil	supported	foil_delta	0:2	yptar	15130	-0.005725580065657546	1.2023974018515016	1.2024110338176082	1.2088929597448534	2.3242525433418306
all_supported_squared_equalfoil	supported	foil_delta	0:3	xptar	13229	0.464591139480393	1.7544844244291444	1.8149546888140642	1.5344040797169645	3.4722199214749407
all_supported_squared_equalfoil	supported	foil_delta	0:3	ytar	13229	0.02377730592893181	0.09476334905502547	0.09770083214263127	0.10129229357433131	0.18267587153431467
all_supported_squared_equalfoil	supported	foil_delta	0:3	yptar	13229	-0.06377202990624367	1.174760340727952	1.176490004184318	1.15561852812059	2.2605033686943314
all_supported_squared_equalfoil	supported	foil_delta	0:4	xptar	9188	0.38628868842150393	1.5938813249633836	1.6400233622937928	1.3808588689272887	2.941565762484557
all_supported_squared_equalfoil	supported	foil_delta	0:4	ytar	9188	0.02509276570706739	0.13620122242418511	0.13849339291342427	0.14396104164109877	0.2626583301229328
all_supported_squared_equalfoil	supported	foil_delta	0:4	yptar	9188	-0.10222081752808965	0.9452197892954844	0.9507310585080888	0.952643898988913	1.8142475895947408
all_supported_squared_equalfoil	supported	foil	3	xptar	8080	-0.3073067978272456	2.285209002862762	2.3057791860357866	1.799950391435993	4.38978713789883
all_supported_squared_equalfoil	supported	foil	3	ytar	8080	0.015390515285462219	0.1354073504637129	0.13627919327745822	0.13543958330551648	0.26811079199401977
all_supported_squared_equalfoil	supported	foil	3	yptar	8080	-0.17130964145782696	1.1993750444361209	1.211547560136438	1.144173510929231	2.3526480023569802
all_supported_squared_equalfoil	supported	foil_delta	3:0	xptar	766	-0.2766425717282565	3.9285542127277058	3.938282533647507	3.1290487449695097	8.759431687793581
all_supported_squared_equalfoil	supported	foil_delta	3:0	ytar	766	-0.0009420759321396872	0.18313564460324955	0.1831380676738445	0.19718572711589266	0.328637532048533
all_supported_squared_equalfoil	supported	foil_delta	3:0	yptar	766	0.028378894620509205	1.3271484774812283	1.3274518608750465	1.306812886476731	2.5318760819587305
all_supported_squared_equalfoil	supported	foil_delta	3:1	xptar	1544	-0.33641261226084335	2.547464956436405	2.5695819017808517	2.159926331902131	4.955648659529583
all_supported_squared_equalfoil	supported	foil_delta	3:1	ytar	1544	0.029473190929134117	0.17009930222728564	0.17263383678107444	0.1834190250969362	0.3188046188690632
all_supported_squared_equalfoil	supported	foil_delta	3:1	yptar	1544	-0.22869482607088987	1.224856000713803	1.2460230920637894	1.2183299098532214	2.3764866693325253
all_supported_squared_equalfoil	supported	foil_delta	3:2	xptar	2553	-0.29511129276400044	2.02752530803745	2.0488898335072085	1.7223230200574453	3.7498596196305387
all_supported_squared_equalfoil	supported	foil_delta	3:2	ytar	2553	0.023340565754294013	0.1188422950858606	0.12111264637107592	0.1243689017393011	0.22923639905806495
all_supported_squared_equalfoil	supported	foil_delta	3:2	yptar	2553	-0.2141740459343205	1.2275760659616242	1.2461193841978762	1.195770102090598	2.387779305433564
all_supported_squared_equalfoil	supported	foil_delta	3:3	xptar	2056	-0.31333305767519404	1.781958827647921	1.8092967883861508	1.5249601998131854	3.322714735093169
all_supported_squared_equalfoil	supported	foil_delta	3:3	ytar	2056	0.009002726302961766	0.10222234333582726	0.10261801283377975	0.10625352588703975	0.19563719215925962
all_supported_squared_equalfoil	supported	foil_delta	3:3	yptar	2056	-0.18039429016685882	1.2027966781637562	1.216249131110305	1.1156067378250607	2.3520572637937915
all_supported_squared_equalfoil	supported	foil_delta	3:4	xptar	1161	-0.30497652554941107	1.6928512530220279	1.7201034986286263	1.3915562485241102	3.058228225130074
all_supported_squared_equalfoil	supported	foil_delta	3:4	ytar	1161	0.0012681457591461082	0.12878233163257316	0.1287885753255641	0.13544910147130557	0.24008594824787774
all_supported_squared_equalfoil	supported	foil_delta	3:4	yptar	1161	-0.11639821270604286	0.9697484683052019	0.9767090844777918	0.9487613169319624	1.8610053472319508
all_supported_squared_equalfoil	supported	foil	8	xptar	14964	-0.005364058907267109	2.2891045164350947	2.2891108012264305	1.8220615076296844	4.221737658524859
all_supported_squared_equalfoil	supported	foil	8	ytar	14964	-0.038104086974548874	0.14960295630998785	0.15437929259085276	0.14155533185127622	0.3144148100463402
all_supported_squared_equalfoil	supported	foil	8	yptar	14964	0.20384778242021126	1.2640589262987598	1.280390130996491	1.2234039525634488	2.4940751699410124
all_supported_squared_equalfoil	supported	foil_delta	8:0	xptar	1949	0.043079629910299455	3.312824154924081	3.313104244656612	2.5600775028684186	6.7688996370418595
all_supported_squared_equalfoil	supported	foil_delta	8:0	ytar	1949	-0.052007776705207585	0.2131354463289151	0.21938898632256948	0.22470069410353405	0.4188078340153022
all_supported_squared_equalfoil	supported	foil_delta	8:0	yptar	1949	0.22952168172769913	1.381492564305791	1.4004291869335275	1.3662358019032501	2.7632706968843164
all_supported_squared_equalfoil	supported	foil_delta	8:1	xptar	2948	0.0029980295672559307	2.5405531495574643	2.5405549184986413	2.161879648395965	4.7299885494400895
all_supported_squared_equalfoil	supported	foil_delta	8:1	ytar	2948	-0.055423768114591605	0.1863109588018464	0.19437995637843763	0.19572080196040142	0.36846847895344703
all_supported_squared_equalfoil	supported	foil_delta	8:1	yptar	2948	0.3288212911562926	1.3762886587279732	1.4150243509074092	1.3796861418418307	2.7404346219998494
all_supported_squared_equalfoil	supported	foil_delta	8:2	xptar	4436	-0.08708268454339507	2.145934008615657	2.1477002033059795	1.7713621385596756	3.82525175564029
all_supported_squared_equalfoil	supported	foil_delta	8:2	ytar	4436	-0.03353863485162292	0.12247257617763954	0.1269817779970741	0.12035955719049345	0.24611389670209197
all_supported_squared_equalfoil	supported	foil_delta	8:2	yptar	4436	0.24855155439089907	1.2903166379823054	1.3140376331917178	1.2391151843359547	2.552212423943166
all_supported_squared_equalfoil	supported	foil_delta	8:3	xptar	3474	0.024645891366885567	1.842424760139226	1.842589595307472	1.5469971876221913	3.4836089435222553
all_supported_squared_equalfoil	supported	foil_delta	8:3	ytar	3474	-0.02306351053326015	0.1011565822884962	0.10375249229973757	0.10162017724630776	0.19948604220937835
all_supported_squared_equalfoil	supported	foil_delta	8:3	yptar	3474	0.13451984503109476	1.1875968862571389	1.1951911784124083	1.1216094309164188	2.262847628376667
all_supported_squared_equalfoil	supported	foil_delta	8:4	xptar	2157	0.05916123999914304	1.6294158158413843	1.630489482711336	1.422270982776527	3.016488508212117
all_supported_squared_equalfoil	supported	foil_delta	8:4	ytar	2157	-0.035483130501872386	0.1358408613586388	0.14039869003972166	0.13990013193390494	0.25977845120832477
all_supported_squared_equalfoil	supported	foil_delta	8:4	yptar	2157	0.029568222162241024	1.0059556699845835	1.0063901280000556	1.0030702325096694	1.911335536159956
all_supported_huber_equalfoil	core	overall	all	xptar	77864	0.3033303035144097	1.4880315898769663	1.5186333611184486	1.4694299971943745	2.914253362172171
all_supported_huber_equalfoil	core	overall	all	ytar	77864	0.010895275342193086	0.13497826917815223	0.13541728167081157	0.13006063007009705	0.26798168654721616
all_supported_huber_equalfoil	core	overall	all	yptar	77864	-0.022940689374623124	1.037124095107684	1.0373777826240138	1.0413659486969926	2.015655104016637
all_supported_huber_equalfoil	core	foil	-8	xptar	13541	0.1724024008149094	1.5613456618013626	1.5708350847344479	1.4910832045356848	2.9986440662539278
all_supported_huber_equalfoil	core	foil	-8	ytar	13541	0.04781891761736337	0.14172514553446267	0.14957495030539308	0.13114027829336938	0.30252529157103814
all_supported_huber_equalfoil	core	foil	-8	yptar	13541	-0.20889473687514623	1.0292891567739386	1.0502729070801273	1.0124797059686652	2.0635030107608414
all_supported_huber_equalfoil	core	foil_delta	-8:0	xptar	1063	0.28506408863086774	2.6159700300449025	2.6314560100294426	2.3412826804369473	4.847146727599769
all_supported_huber_equalfoil	core	foil_delta	-8:0	ytar	1063	0.10762845552542463	0.22727528527012644	0.25147154855650306	0.23715686366218997	0.484084376252383
all_supported_huber_equalfoil	core	foil_delta	-8:0	yptar	1063	-0.5159316526680395	1.345756545896438	1.441265468623975	1.4066509719101965	2.6759289312332433
all_supported_huber_equalfoil	core	foil_delta	-8:1	xptar	2510	0.19541219263972087	1.874525571428942	1.8846835392110963	1.9205769768406673	3.633680474007082
all_supported_huber_equalfoil	core	foil_delta	-8:1	ytar	2510	0.05719862615693034	0.18968356568755	0.19812000889910983	0.19752598111533465	0.3786457217598604
all_supported_huber_equalfoil	core	foil_delta	-8:1	yptar	2510	-0.3178858479941651	1.2654148947482258	1.304732259203256	1.2997077829527344	2.5265245537291134
all_supported_huber_equalfoil	core	foil_delta	-8:2	xptar	4227	0.201314284861669	1.4389135954955241	1.4529280011725365	1.5064787193757296	2.7673110305399593
all_supported_huber_equalfoil	core	foil_delta	-8:2	ytar	4227	0.04213655168982932	0.11460338325588078	0.1221041540734956	0.11482310995332426	0.23525309715800935
all_supported_huber_equalfoil	core	foil_delta	-8:2	yptar	4227	-0.20628311035091093	1.0177135041017942	1.0384091188193596	1.0336758407885043	2.0010886497240605
all_supported_huber_equalfoil	core	foil_delta	-8:3	xptar	3447	0.11375557384558123	1.2337223633518575	1.2389556894479437	1.2903236027317595	2.3527500797891974
all_supported_huber_equalfoil	core	foil_delta	-8:3	ytar	3447	0.032675464484811866	0.09507642311298477	0.10053463189994534	0.09706649468697684	0.19766637416847235
all_supported_huber_equalfoil	core	foil_delta	-8:3	yptar	3447	-0.12231725805797199	0.8462592089992524	0.8550533085339539	0.8831087360568888	1.6484492049648283
all_supported_huber_equalfoil	core	foil_delta	-8:4	xptar	2294	0.12987019814227696	1.1210997923915793	1.1285969222295251	1.1532652917697734	2.190960680954961
all_supported_huber_equalfoil	core	foil_delta	-8:4	ytar	2294	0.0430666231504973	0.1236761094593136	0.1309599712911509	0.12740785552696116	0.25772598781025846
all_supported_huber_equalfoil	core	foil_delta	-8:4	yptar	2294	-0.08227049293624451	0.7705712735192715	0.7749506575138088	0.7657594875377156	1.5062157537306167
all_supported_huber_equalfoil	core	foil	-3	xptar	5890	-0.2815423600785852	1.542156136820918	1.5676452566996903	1.5046829901262684	3.027829338875545
all_supported_huber_equalfoil	core	foil	-3	ytar	5890	-0.03982086564751713	0.1263990972234922	0.13252333047366205	0.12543987155730282	0.26163875172574874
all_supported_huber_equalfoil	core	foil	-3	yptar	5890	0.20213945087705498	1.0034364214934486	1.0235941625373093	1.0103570432682611	1.9736752198149448
all_supported_huber_equalfoil	core	foil_delta	-3:0	xptar	467	-0.45029963780395227	2.392760793127887	2.434763638823359	2.3937978991116706	4.7545810521225285
all_supported_huber_equalfoil	core	foil_delta	-3:0	ytar	467	-0.05008917617106217	0.17704527381352544	0.18399444162583253	0.17945720994749054	0.35918114412203656
all_supported_huber_equalfoil	core	foil_delta	-3:0	yptar	467	0.25758234352756476	1.159216488724465	1.1874895921345288	1.1999415377329652	2.201937306807779
all_supported_huber_equalfoil	core	foil_delta	-3:1	xptar	1144	-0.28157698722326846	1.7919989160728451	1.8139861396769226	1.8110831924219997	3.6333959962705054
all_supported_huber_equalfoil	core	foil_delta	-3:1	ytar	1144	-0.030761746862644736	0.16084238569725237	0.16375761999621613	0.1672574484229153	0.30925389668343795
all_supported_huber_equalfoil	core	foil_delta	-3:1	yptar	1144	0.15870500846950933	1.1506054312361593	1.1614990908750016	1.192768059286466	2.2266616689270786
all_supported_huber_equalfoil	core	foil_delta	-3:2	xptar	1952	-0.24188373848056127	1.4588335092816096	1.4787504693978049	1.4917921936615954	2.810831905359528
all_supported_huber_equalfoil	core	foil_delta	-3:2	ytar	1952	-0.039582207810570855	0.1150240458910551	0.12164408044909857	0.11808484453954957	0.23026894542153314
all_supported_huber_equalfoil	core	foil_delta	-3:2	yptar	1952	0.16820190450923517	1.053409556062706	1.0667537548491501	1.0871426169180625	2.0422639405628935
all_supported_huber_equalfoil	core	foil_delta	-3:3	xptar	1459	-0.31537044699517136	1.2846294246147585	1.3227740840460926	1.3323183780514796	2.513433149756936
all_supported_huber_equalfoil	core	foil_delta	-3:3	ytar	1459	-0.04333709000220541	0.08904014489594105	0.09902651550443158	0.09446874323969506	0.19158674382863972
all_supported_huber_equalfoil	core	foil_delta	-3:3	yptar	1459	0.2409499069097585	0.8592026379059478	0.8923486037554832	0.8645466474546852	1.724998235526286
all_supported_huber_equalfoil	core	foil_delta	-3:4	xptar	868	-0.2230276001670406	1.1141482391352446	1.1362515607049504	1.1327511930907388	2.1150303414709883
all_supported_huber_equalfoil	core	foil_delta	-3:4	ytar	868	-0.04086236292819384	0.11910693456828621	0.1259213824826008	0.12656392453296644	0.24802281728228784
all_supported_huber_equalfoil	core	foil_delta	-3:4	yptar	868	0.2406403799147439	0.7858108211612937	0.8218311499935368	0.8047071369564198	1.574726515110427
all_supported_huber_equalfoil	core	foil	0	xptar	40404	0.5981299984622003	1.4076491270710567	1.5294559686386202	1.4115182885537692	2.9423534951143804
all_supported_huber_equalfoil	core	foil	0	ytar	40404	0.019832847808765937	0.1263878634512614	0.12793449058006354	0.12557442057114396	0.2528312003263328
all_supported_huber_equalfoil	core	foil	0	yptar	40404	-0.04048345616354184	1.0121165372080625	1.012925858645629	1.02890360855162	1.9628384884682455
all_supported_huber_equalfoil	core	foil_delta	0:0	xptar	3676	0.9766906456173007	2.0680738263267364	2.2871060247338884	2.0583536040137735	4.30912696815953
all_supported_huber_equalfoil	core	foil_delta	0:0	ytar	3676	0.03563044567413218	0.1829732089577396	0.18641009590478175	0.20238709667633942	0.3369652055029172
all_supported_huber_equalfoil	core	foil_delta	0:0	yptar	3676	-0.125232247763724	1.1495252027597418	1.1563266440153406	1.1828992654680628	2.209001273021032
all_supported_huber_equalfoil	core	foil_delta	0:1	xptar	6959	0.7896983175208226	1.590531093119648	1.7757850632538836	1.6655343570989836	3.410725369116214
all_supported_huber_equalfoil	core	foil_delta	0:1	ytar	6959	0.0076125461028886295	0.1591778444227041	0.15935977225519368	0.17004818977510966	0.2977104812262222
all_supported_huber_equalfoil	core	foil_delta	0:1	yptar	6959	0.033847468660465375	1.1499419360621963	1.1504399625574528	1.184550758846208	2.2237505044647836
all_supported_huber_equalfoil	core	foil_delta	0:2	xptar	12161	0.6183374925863352	1.3246894178681177	1.4618971607297582	1.3908901975854553	2.824784697131332
all_supported_huber_equalfoil	core	foil_delta	0:2	ytar	12161	0.015928696571407875	0.10971716237377406	0.11086739418700652	0.11465813340469305	0.21134771992239731
all_supported_huber_equalfoil	core	foil_delta	0:2	yptar	12161	-0.005287816850564338	1.0461804851452103	1.046193848436184	1.082581501372951	2.0064367177435645
all_supported_huber_equalfoil	core	foil_delta	0:3	xptar	10388	0.465938620612945	1.202013956428978	1.289161103054517	1.2608209702637343	2.470435235199383
all_supported_huber_equalfoil	core	foil_delta	0:3	ytar	10388	0.023583865796580894	0.09116992521515213	0.09417087654709164	0.09741603268225821	0.17520949582841003
all_supported_huber_equalfoil	core	foil_delta	0:3	yptar	10388	-0.06525867461026187	0.9325940886735068	0.9348745524618032	0.9666835438008803	1.7784050303862324
all_supported_huber_equalfoil	core	foil_delta	0:4	xptar	7220	0.3769039355513079	1.1202995432102179	1.182001541095056	1.1673722659381502	2.280819530283377
all_supported_huber_equalfoil	core	foil_delta	0:4	ytar	7220	0.02474724090547002	0.12388889808901914	0.12633639618947795	0.1289073211089892	0.24240393364181592
all_supported_huber_equalfoil	core	foil_delta	0:4	yptar	7220	-0.09261386452761228	0.8219948472077222	0.827195778965769	0.8421926795818286	1.5821997826167984
all_supported_huber_equalfoil	core	foil	3	xptar	6295	-0.268489301872588	1.4414130782319086	1.4662053632823802	1.4418253921366482	2.884243652720335
all_supported_huber_equalfoil	core	foil	3	ytar	6295	0.015956450878893046	0.12900051595213813	0.1299836198933095	0.12867433617210855	0.25712541139740297
all_supported_huber_equalfoil	core	foil	3	yptar	6295	-0.15887495391765769	1.0105395993597346	1.0229523609907114	1.0163535371786017	2.022304108075137
all_supported_huber_equalfoil	core	foil_delta	3:0	xptar	511	-0.3478648079843469	2.024144079195833	2.0538181949670067	2.1347741066273804	3.70576257997737
all_supported_huber_equalfoil	core	foil_delta	3:0	ytar	511	0.000941510142594395	0.18315240534187766	0.18315482528141064	0.19553960426253703	0.3352692185861209
all_supported_huber_equalfoil	core	foil_delta	3:0	yptar	511	-0.06751764647080397	1.222593245328946	1.224456155241551	1.2440656534228158	2.4027571468818394
all_supported_huber_equalfoil	core	foil_delta	3:1	xptar	1221	-0.3237874829764156	1.6433637768471505	1.6749575628013784	1.6572166926142111	3.2274155599051833
all_supported_huber_equalfoil	core	foil_delta	3:1	ytar	1221	0.031548816068440254	0.1616793971463729	0.16472873233572474	0.1728491330049418	0.30310837915419514
all_supported_huber_equalfoil	core	foil_delta	3:1	yptar	1221	-0.2568403408139641	1.129600927461655	1.158432223305129	1.1688322546418557	2.242818788502337
all_supported_huber_equalfoil	core	foil_delta	3:2	xptar	2073	-0.21915399193956261	1.3839580776448162	1.4012024953094326	1.4304122687248895	2.679672443410574
all_supported_huber_equalfoil	core	foil_delta	3:2	ytar	2073	0.021688562962970788	0.114958002890068	0.11698605127053238	0.1201635610241371	0.22234968158095086
all_supported_huber_equalfoil	core	foil_delta	3:2	yptar	2073	-0.15787368758834464	1.0381152042674964	1.0500510837878736	1.0622644625201065	2.0556662676326236
all_supported_huber_equalfoil	core	foil_delta	3:3	xptar	1571	-0.2731812054715538	1.2557782522192624	1.2851486255564983	1.256663511246792	2.498804540875592
all_supported_huber_equalfoil	core	foil_delta	3:3	ytar	1571	0.00901993667676528	0.09684688537052108	0.09726601905919512	0.10128653596139625	0.1835206871500254
all_supported_huber_equalfoil	core	foil_delta	3:3	yptar	1571	-0.16313497839127203	0.8933644696207027	0.9081371574577269	0.8927277284099563	1.7647829413084537
all_supported_huber_equalfoil	core	foil_delta	3:4	xptar	919	-0.25414888205355	1.1557923371750234	1.1834050789655977	1.1708608303317385	2.3014018272048786
all_supported_huber_equalfoil	core	foil_delta	3:4	ytar	919	0.002516790684182532	0.11822616070091553	0.11825294630336569	0.12382034989271082	0.22467568997791934
all_supported_huber_equalfoil	core	foil_delta	3:4	yptar	919	-0.07449081176049768	0.8054356452538161	0.8088729564537122	0.8040353873728268	1.6058917406990214
all_supported_huber_equalfoil	core	foil	8	xptar	11734	0.03967871499023142	1.4188008304753885	1.4193555569274843	1.4484013577734414	2.717834541177702
all_supported_huber_equalfoil	core	foil	8	ytar	11734	-0.039747195048264	0.14159851682209465	0.1470713414653642	0.13351344908685886	0.2966454175874022
all_supported_huber_equalfoil	core	foil	8	yptar	11734	0.2119993034462456	1.0968018208744066	1.11710247467952	1.0938039284754433	2.181378672226697
all_supported_huber_equalfoil	core	foil_delta	8:0	xptar	1436	0.03638697001476464	1.76633545276606	1.7667102035379594	1.811834596129746	3.361294349380248
all_supported_huber_equalfoil	core	foil_delta	8:0	ytar	1436	-0.058158257474036634	0.20420734572563648	0.21232763117579861	0.21541851799476283	0.4092885172204633
all_supported_huber_equalfoil	core	foil_delta	8:0	yptar	1436	0.24775140059504888	1.302769929368373	1.326118488432796	1.3060294926616214	2.607080741190121
all_supported_huber_equalfoil	core	foil_delta	8:1	xptar	2320	0.04658241522250993	1.5651906130303264	1.5658836408003665	1.635174948119718	2.9210347126127525
all_supported_huber_equalfoil	core	foil_delta	8:1	ytar	2320	-0.05733509074336664	0.1785599058963747	0.18753920289974646	0.18540770915261146	0.35978585771409355
all_supported_huber_equalfoil	core	foil_delta	8:1	yptar	2320	0.3397774040669617	1.2741922775539742	1.3187170448935086	1.2998873938533377	2.550535890888834
all_supported_huber_equalfoil	core	foil_delta	8:2	xptar	3592	-0.005050900897359473	1.379322933419498	1.3793321812590482	1.4247197078396665	2.6339812092045447
all_supported_huber_equalfoil	core	foil_delta	8:2	ytar	3592	-0.033048815387863154	0.11726715542822125	0.12183517530158382	0.11610994200492901	0.235784622586498
all_supported_huber_equalfoil	core	foil_delta	8:2	yptar	3592	0.2498314273686444	1.0901601636855711	1.1184207278962623	1.1083071063152043	2.1475682666401097
all_supported_huber_equalfoil	core	foil_delta	8:3	xptar	2725	0.06511862617770688	1.2466365886226496	1.2483361805090767	1.278242387311891	2.413258693192715
all_supported_huber_equalfoil	core	foil_delta	8:3	ytar	2725	-0.024205025974186466	0.09487377163699068	0.09791279705451632	0.09660389230620478	0.19030135098777
all_supported_huber_equalfoil	core	foil_delta	8:3	yptar	2725	0.1358376446555163	0.9140694005798807	0.924107534209099	0.9480657454061323	1.7803321700156842
all_supported_huber_equalfoil	core	foil_delta	8:4	xptar	1661	0.08787581524805202	1.1957460963941584	1.1989707610894345	1.228232071769789	2.345256116922269
all_supported_huber_equalfoil	core	foil_delta	8:4	ytar	1661	-0.0392479697688983	0.12382725637013571	0.1298983931815004	0.13120054101288342	0.24408102518937105
all_supported_huber_equalfoil	core	foil_delta	8:4	yptar	1661	0.04575145644428189	0.8708106101799741	0.8720116481841237	0.87722091198651	1.6752833462920935
all_supported_huber_equalfoil	shoulder	overall	all	xptar	22532	-0.03318798631645969	4.205767186785142	4.205898129041447	3.6237086483330927	8.545257732601371
all_supported_huber_equalfoil	shoulder	overall	all	ytar	22532	0.009801377114173926	0.16469368339889573	0.1649850791581771	0.1641421110919384	0.31753895847535374
all_supported_huber_equalfoil	shoulder	overall	all	yptar	22532	-0.03484783377534527	1.621379274244255	1.6217537181914092	1.6404387894329515	3.0225162514785526
all_supported_huber_equalfoil	shoulder	foil	-8	xptar	4691	-0.17915898548518713	4.4839950090170015	4.487572749601889	3.792226527591553	9.403753281101409
all_supported_huber_equalfoil	shoulder	foil	-8	ytar	4691	0.047422525278624096	0.18314813234746521	0.18918809234771192	0.17885407180217797	0.3797623905773414
all_supported_huber_equalfoil	shoulder	foil	-8	yptar	4691	-0.21439976276529618	1.6101201114707198	1.6243318723820876	1.5878004426809915	3.0413306541180365
all_supported_huber_equalfoil	shoulder	foil_delta	-8:0	xptar	676	0.5869060846492704	6.597002950629892	6.623058710506637	6.688645517597054	12.264947645631018
all_supported_huber_equalfoil	shoulder	foil_delta	-8:0	ytar	676	0.10468777310186674	0.2534060537355507	0.2741790617586484	0.27409890423028005	0.5235948403486974
all_supported_huber_equalfoil	shoulder	foil_delta	-8:0	yptar	676	-0.46070205914467516	1.455563390065343	1.526732186664923	1.4536324946010613	2.9433747716427634
all_supported_huber_equalfoil	shoulder	foil_delta	-8:1	xptar	939	-0.56229639688089	5.968214063939517	5.994643971992889	5.10864482139802	11.033965011349865
all_supported_huber_equalfoil	shoulder	foil_delta	-8:1	ytar	939	0.04515568732765913	0.21729555092064987	0.2219378123437781	0.22298358063886758	0.41636152404361065
all_supported_huber_equalfoil	shoulder	foil_delta	-8:1	yptar	939	-0.25251106900705594	1.5603716437594908	1.5806712202794675	1.5682734535391383	3.0808566967351383
all_supported_huber_equalfoil	shoulder	foil_delta	-8:2	xptar	1177	-0.3356857925476811	3.835979008356508	3.8506388955431987	3.646825774798899	7.4219196269361065
all_supported_huber_equalfoil	shoulder	foil_delta	-8:2	ytar	1177	0.045154218713262556	0.14214728717918756	0.1491467556469385	0.14101264251463133	0.2875072866354523
all_supported_huber_equalfoil	shoulder	foil_delta	-8:2	yptar	1177	-0.24355752125475907	1.7502859704140896	1.767150600370029	1.7422671162027352	3.2185439370233833
all_supported_huber_equalfoil	shoulder	foil_delta	-8:3	xptar	1226	-0.16250591473456527	2.8626100253962266	2.86721891906124	2.8474999518598523	5.380937140550683
all_supported_huber_equalfoil	shoulder	foil_delta	-8:3	ytar	1226	0.025639256816955096	0.12010954290832289	0.12281560889305576	0.12216179671511884	0.23674130285146885
all_supported_huber_equalfoil	shoulder	foil_delta	-8:3	yptar	1226	-0.10916572671615374	1.7738310443394512	1.7771870272292258	1.7235281843976107	3.255318109603495
all_supported_huber_equalfoil	shoulder	foil_delta	-8:4	xptar	673	-0.1706576050067848	2.2876712033308757	2.2940278012038102	2.185425729090336	4.037245697617073
all_supported_huber_equalfoil	shoulder	foil_delta	-8:4	ytar	673	0.03671425970489577	0.19369557121311273	0.1971443916860243	0.21563912184469297	0.35168620690638625
all_supported_huber_equalfoil	shoulder	foil_delta	-8:4	yptar	673	-0.054535539200182205	1.1598965685277245	1.1611779255214272	1.175105343331551	2.065058693584954
all_supported_huber_equalfoil	shoulder	foil	-3	xptar	1785	-0.6898904480479373	4.272725425692137	4.328063238177538	3.544366599920549	8.520681840106999
all_supported_huber_equalfoil	shoulder	foil	-3	ytar	1785	-0.04543628574288044	0.15048027820212606	0.15719023566970672	0.15418468956936957	0.30735666386312066
all_supported_huber_equalfoil	shoulder	foil	-3	yptar	1785	0.14941839556397216	1.7052526097385796	1.7117862950593885	1.6644558532797342	3.107244859467442
all_supported_huber_equalfoil	shoulder	foil_delta	-3:0	xptar	245	-1.61513131556708	7.427601795895618	7.6011786983939045	6.613094167003941	13.654663261319882
all_supported_huber_equalfoil	shoulder	foil_delta	-3:0	ytar	245	-0.04976698593475828	0.18712877579719517	0.19363349818765183	0.19036805738366608	0.3631934081281068
all_supported_huber_equalfoil	shoulder	foil_delta	-3:0	yptar	245	0.25378064276254303	1.346256439068656	1.3699675231095032	1.237833904142132	2.518944968429006
all_supported_huber_equalfoil	shoulder	foil_delta	-3:1	xptar	314	-0.5183970314216353	5.047625796683743	5.074175959260178	4.530239626206255	9.205463942988272
all_supported_huber_equalfoil	shoulder	foil_delta	-3:1	ytar	314	-0.01948843207668421	0.1878059862829676	0.1888144260074578	0.1988628277248674	0.36883356144561086
all_supported_huber_equalfoil	shoulder	foil_delta	-3:1	yptar	314	0.06604084157401291	1.568321323557046	1.569711173012261	1.5215076760000532	2.9796767860362636
all_supported_huber_equalfoil	shoulder	foil_delta	-3:2	xptar	508	-0.47201154041155075	3.4120245171432257	3.444518282701973	3.3617473226097356	5.920137379575119
all_supported_huber_equalfoil	shoulder	foil_delta	-3:2	ytar	508	-0.051577102576589005	0.13069422915580753	0.1405033061704482	0.13318238192595727	0.27995384402993817
all_supported_huber_equalfoil	shoulder	foil_delta	-3:2	yptar	508	0.07171672278752088	1.7729450641019866	1.7743949641077603	1.8389739015944984	3.166520424418978
all_supported_huber_equalfoil	shoulder	foil_delta	-3:3	xptar	482	-0.6821659496467714	2.723474731360265	2.8076084120146363	2.7022071767198916	5.0913675949711035
all_supported_huber_equalfoil	shoulder	foil_delta	-3:3	ytar	482	-0.04594779506221435	0.10778637882846163	0.11717125642422672	0.11359840724890125	0.21831414711138078
all_supported_huber_equalfoil	shoulder	foil_delta	-3:3	yptar	482	0.1700003518559108	1.8778338626797233	1.8855132286615714	1.8874990609554176	3.447923501778394
all_supported_huber_equalfoil	shoulder	foil_delta	-3:4	xptar	236	-0.4423083022306288	2.3683461999673225	2.4092945766596907	1.9708439839645944	4.763812188514711
all_supported_huber_equalfoil	shoulder	foil_delta	-3:4	ytar	236	-0.0612012097290357	0.1620166518301869	0.17319059888620228	0.17950312485753722	0.30274295026327136
all_supported_huber_equalfoil	shoulder	foil_delta	-3:4	yptar	236	0.2772308880509223	1.6795939341323431	1.7023198139197184	1.4518035334290316	2.6120794490021533
all_supported_huber_equalfoil	shoulder	foil	0	xptar	11041	0.33669167944442974	4.097605862975891	4.111415218060748	3.539500232460896	8.008095601320521
all_supported_huber_equalfoil	shoulder	foil	0	ytar	11041	0.017526513870671827	0.1504601298465058	0.1514774879706098	0.156698582660314	0.28921267885867286
all_supported_huber_equalfoil	shoulder	foil	0	yptar	11041	-0.030726513889305807	1.5473292764619975	1.547634326464814	1.6059701826103918	2.878446635575652
all_supported_huber_equalfoil	shoulder	foil_delta	0:0	xptar	1375	0.8351318481811358	6.607817332557059	6.66038250435273	5.6283578613930185	12.297380386710538
all_supported_huber_equalfoil	shoulder	foil_delta	0:0	ytar	1375	0.024087146248998978	0.19687768121311233	0.1983456880657418	0.22139104373612933	0.34966901589685634
all_supported_huber_equalfoil	shoulder	foil_delta	0:0	yptar	1375	-0.046191154068392165	1.3513389064228003	1.3521281236355305	1.2826017951295747	2.52732845754641
all_supported_huber_equalfoil	shoulder	foil_delta	0:1	xptar	1888	0.16595268527783028	4.926651250294897	4.929445489685751	4.282871038922222	9.096275423143334
all_supported_huber_equalfoil	shoulder	foil_delta	0:1	ytar	1888	0.004756451504314974	0.17984623090653856	0.17990911761831552	0.1965066785738971	0.3169856177862625
all_supported_huber_equalfoil	shoulder	foil_delta	0:1	yptar	1888	0.04233534666166274	1.4060829637190209	1.406720150718624	1.458524428592991	2.686954045021207
all_supported_huber_equalfoil	shoulder	foil_delta	0:2	xptar	2969	0.21456692130947688	3.7262134088452012	3.7323860105806315	3.494734168347506	6.838599809422225
all_supported_huber_equalfoil	shoulder	foil_delta	0:2	ytar	2969	0.012221714211890354	0.12131550797447366	0.12192958120727598	0.1288994310027393	0.22733434238775463
all_supported_huber_equalfoil	shoulder	foil_delta	0:2	yptar	2969	-0.005388534594597033	1.6647503130610062	1.6647590339571057	1.7562872843484403	3.0834246634413036
all_supported_huber_equalfoil	shoulder	foil_delta	0:3	xptar	2841	0.3409528610703077	2.9859237985141514	3.0053269013545276	2.934693651577953	5.677157483146563
all_supported_huber_equalfoil	shoulder	foil_delta	0:3	ytar	2841	0.02420768869311639	0.1060841801625987	0.10881114590258452	0.1152519459329694	0.19863447358947398
all_supported_huber_equalfoil	shoulder	foil_delta	0:3	yptar	2841	-0.03399144529267504	1.7506457583841601	1.7509757250463345	1.857359967879555	3.21441433527192
all_supported_huber_equalfoil	shoulder	foil_delta	0:4	xptar	1968	0.33033109960557006	2.522859074198447	2.5443931582269417	2.407281696529208	4.36660473862137
all_supported_huber_equalfoil	shoulder	foil_delta	0:4	ytar	1968	0.023551788638882767	0.17354047482609525	0.17513133115167373	0.19385942280388935	0.30045198642431936
all_supported_huber_equalfoil	shoulder	foil_delta	0:4	yptar	1968	-0.1235261596631896	1.2804242178608456	1.286368877812929	1.3704399949820645	2.2357018782164615
all_supported_huber_equalfoil	shoulder	foil	3	xptar	1785	-0.7158146055027199	4.036678076065238	4.099653697476991	3.5774706875837206	8.81835093652889
all_supported_huber_equalfoil	shoulder	foil	3	ytar	1785	0.006471457504640156	0.15455919967191958	0.15469462164360684	0.16105942270818768	0.2947076314622277
all_supported_huber_equalfoil	shoulder	foil	3	yptar	1785	-0.15204153315968028	1.7184855325462753	1.725198293929252	1.7185813958858227	3.246871174877719
all_supported_huber_equalfoil	shoulder	foil_delta	3:0	xptar	255	-0.2815860402926592	6.29784379869247	6.304135722747164	6.0089968334794674	11.917406657847103
all_supported_huber_equalfoil	shoulder	foil_delta	3:0	ytar	255	-0.007780378237250382	0.18025895280805507	0.18042678391239841	0.19312090983482233	0.31859542350614445
all_supported_huber_equalfoil	shoulder	foil_delta	3:0	yptar	255	0.23150782254958752	1.4975091216366663	1.5152984660741495	1.502273815215681	2.9273628271420784
all_supported_huber_equalfoil	shoulder	foil_delta	3:1	xptar	323	-0.8387020387699925	4.53650450884169	4.613382085691356	4.45762208516383	7.979544473372592
all_supported_huber_equalfoil	shoulder	foil_delta	3:1	ytar	323	0.009385303444471221	0.19607791537054037	0.1963024014544947	0.21638261945680543	0.3588886730644286
all_supported_huber_equalfoil	shoulder	foil_delta	3:1	yptar	323	-0.03630458119279696	1.523200977766471	1.5236335652919692	1.5285328506272613	2.9504431458196185
all_supported_huber_equalfoil	shoulder	foil_delta	3:2	xptar	480	-0.9737017808775321	3.6312116552951323	3.7594937483170914	3.331899311030404	7.129484990544313
all_supported_huber_equalfoil	shoulder	foil_delta	3:2	ytar	480	0.024147602098595553	0.13426043751387007	0.1364147051036944	0.1437617526247507	0.24906027313907755
all_supported_huber_equalfoil	shoulder	foil_delta	3:2	yptar	480	-0.3880782030403811	1.833958047109643	1.8745684330621988	1.8205910281388187	3.297190446805232
all_supported_huber_equalfoil	shoulder	foil_delta	3:3	xptar	485	-0.6484200514448563	2.825111692320745	2.89856941217614	2.5387992928383314	5.42268162692542
all_supported_huber_equalfoil	shoulder	foil_delta	3:3	ytar	485	0.003967854194296961	0.11755761591962516	0.11762455920263126	0.1236078316971635	0.2215148287455601
all_supported_huber_equalfoil	shoulder	foil_delta	3:3	yptar	485	-0.16411516830861317	1.9030732768245973	1.9101365619852615	1.9382287590847835	3.4533126050505447
all_supported_huber_equalfoil	shoulder	foil_delta	3:4	xptar	242	-0.6329061663349111	2.9005908477733	2.9688377324419375	2.4191457770418463	5.820417486836383
all_supported_huber_equalfoil	shoulder	foil_delta	3:4	ytar	242	-0.012442823172903189	0.16119247655350366	0.16167200854187455	0.17703372753443694	0.2798524254381863
all_supported_huber_equalfoil	shoulder	foil_delta	3:4	yptar	242	-0.21830106456958853	1.4510328525868814	1.4673621550519278	1.3801730453740193	2.5203371627745574
all_supported_huber_equalfoil	shoulder	foil	8	xptar	3230	-0.3453827303187254	4.0757421762177914	4.090350048272514	3.5447431930145603	8.331054355908043
all_supported_huber_equalfoil	shoulder	foil	8	ytar	3230	-0.03887692203909832	0.17628654628562043	0.18052246804358266	0.1739404826398583	0.361133810832154
all_supported_huber_equalfoil	shoulder	foil	8	yptar	3230	0.1747652126829998	1.74160539804109	1.7503520337492107	1.7370422584878253	3.254622913546399
all_supported_huber_equalfoil	shoulder	foil_delta	8:0	xptar	513	0.03696441948784194	5.767200649598858	5.767319108653653	5.170423973549074	12.368203128747068
all_supported_huber_equalfoil	shoulder	foil_delta	8:0	ytar	513	-0.05737874160383174	0.23178745497461836	0.2387838861222633	0.24764328346304998	0.4427226303388893
all_supported_huber_equalfoil	shoulder	foil_delta	8:0	yptar	513	0.3024348547020082	1.5335578506370204	1.563095173874279	1.4704255493144789	3.1523277245919625
all_supported_huber_equalfoil	shoulder	foil_delta	8:1	xptar	628	-0.5004911844743497	4.551595785824269	4.579029987155554	4.151489448482588	9.496624093245257
all_supported_huber_equalfoil	shoulder	foil_delta	8:1	ytar	628	-0.06443430442443264	0.2119761895136025	0.22155289324982236	0.22898265950338165	0.4062008555564527
all_supported_huber_equalfoil	shoulder	foil_delta	8:1	yptar	628	0.3442320527986234	1.6883695100598726	1.723103975003763	1.6523731835169655	3.2108164549431852
all_supported_huber_equalfoil	shoulder	foil_delta	8:2	xptar	844	-0.641325091614849	3.951846948867506	4.003547449501282	3.4823120532707597	7.616345888634175
all_supported_huber_equalfoil	shoulder	foil_delta	8:2	ytar	844	-0.03147758891695202	0.14567823017621867	0.14904021387296773	0.1355197914226918	0.29978094870176214
all_supported_huber_equalfoil	shoulder	foil_delta	8:2	yptar	844	0.15263293591146102	1.929215306208668	1.9352437858922986	2.005535815252996	3.618951734291394
all_supported_huber_equalfoil	shoulder	foil_delta	8:3	xptar	749	-0.2302588793596809	3.100785106114317	3.109322663511195	2.879293506375663	6.146619981242225
all_supported_huber_equalfoil	shoulder	foil_delta	8:3	ytar	749	-0.01940191415734364	0.12208562849844992	0.12361769678662703	0.12054598051521612	0.24098795437170803
all_supported_huber_equalfoil	shoulder	foil_delta	8:3	yptar	749	0.08777881935824347	1.8924401367800174	1.894474806489624	1.8627394580193712	3.385912697318775
all_supported_huber_equalfoil	shoulder	foil_delta	8:4	xptar	496	-0.21471416192242104	2.466691223622409	2.4760185306305496	2.2870509488085053	4.275773839901334
all_supported_huber_equalfoil	shoulder	foil_delta	8:4	ytar	496	-0.02938165688552481	0.17134917417424092	0.17384999640935592	0.18813391328631557	0.3129683255507876
all_supported_huber_equalfoil	shoulder	foil_delta	8:4	yptar	496	-0.002830052947931107	1.3683927252474994	1.3683956517432985	1.4873834955894745	2.3300556146499445
all_supported_huber_equalfoil	supported	overall	all	xptar	100396	0.22780508232562577	2.388901954125535	2.3997390903925755	1.8321583143422546	4.477741726000358
all_supported_huber_equalfoil	supported	overall	all	ytar	100396	0.010649770393054396	0.1421895704753284	0.1425878380556461	0.13728468577132344	0.28192438357903354
all_supported_huber_equalfoil	supported	overall	all	yptar	100396	-0.0256130247030931	1.1934184699534374	1.1936932903641724	1.1611415593371541	2.3096888091618224
all_supported_huber_equalfoil	supported	foil	-8	xptar	18232	0.081947460976507	2.6471513138211384	2.6484194276257442	1.9356127566526826	5.11585686176114
all_supported_huber_equalfoil	supported	foil	-8	ytar	18232	0.04771692790361688	0.15345527331799005	0.1607029125985525	0.14189104755324458	0.32768193567423964
all_supported_huber_equalfoil	supported	foil	-8	yptar	18232	-0.21031115177481127	1.2057727852686857	1.2239766297832047	1.1471885464562326	2.4069320072016036
all_supported_huber_equalfoil	supported	foil_delta	-8:0	xptar	1739	0.40239887259201795	4.5959139825576445	4.613496525167457	3.8253645435436017	10.199773884559864
all_supported_huber_equalfoil	supported	foil_delta	-8:0	ytar	1739	0.10648532653271323	0.23777882783659698	0.26053386676999324	0.25079177322689306	0.5048159356059017
all_supported_huber_equalfoil	supported	foil_delta	-8:0	yptar	1739	-0.4944622994640175	1.389733849976027	1.4750773333491483	1.4221757873201972	2.7673678825199226
all_supported_huber_equalfoil	supported	foil_delta	-8:1	xptar	3449	-0.010876112828488336	3.516884166665961	3.5169009840449004	2.6571542788301157	6.7087699581391815
all_supported_huber_equalfoil	supported	foil_delta	-8:1	ytar	3449	0.05391990201640101	0.19765634835816923	0.2048789590947402	0.204458500517414	0.3907923813080781
all_supported_huber_equalfoil	supported	foil_delta	-8:1	yptar	3449	-0.3000873796065468	1.3524201407972805	1.3853132038038398	1.3576161748663722	2.6569289360895616
all_supported_huber_equalfoil	supported	foil_delta	-8:2	xptar	5404	0.08435479353842602	2.207609806291781	2.209220855421328	1.8808004716843507	4.102733975734931
all_supported_huber_equalfoil	supported	foil_delta	-8:2	ytar	5404	0.04279380448157264	0.12114355789545507	0.12847984792011757	0.1194856447003616	0.24967217692697452
all_supported_huber_equalfoil	supported	foil_delta	-8:2	yptar	5404	-0.21440153774429163	1.2155767977260614	1.2343398926377864	1.1846650244527588	2.381245763482918
all_supported_huber_equalfoil	supported	foil_delta	-8:3	xptar	4673	0.04127609920418174	1.8131235625856292	1.8135933308128143	1.606465837047824	3.5291710998603896
all_supported_huber_equalfoil	supported	foil_delta	-8:3	ytar	4673	0.030829457508395774	0.10228573899870926	0.1068308375553335	0.10294173636597514	0.20992422418260462
all_supported_huber_equalfoil	supported	foil_delta	-8:3	yptar	4673	-0.11886684559808132	1.1635304360829488	1.1695864237728715	1.070453156552505	2.238712135593257
all_supported_huber_equalfoil	supported	foil_delta	-8:4	xptar	2967	0.06170194350145506	1.474687956946573	1.4759782180625547	1.3300918754117148	2.751971522790877
all_supported_huber_equalfoil	supported	foil_delta	-8:4	ytar	2967	0.04162572642016706	0.14263058144252075	0.14858056354260518	0.14598871034963629	0.2861048617497108
all_supported_huber_equalfoil	supported	foil_delta	-8:4	yptar	2967	-0.07597941647369989	0.8742966931634583	0.8775919207719737	0.8619905818167857	1.7138555572846925
all_supported_huber_equalfoil	supported	foil	-3	xptar	7675	-0.37651321832292306	2.469977996415203	2.498510257402828	1.8572725030537316	4.6144365556222136
all_supported_huber_equalfoil	supported	foil	-3	ytar	7675	-0.041126862373279144	0.13241246706521553	0.13865237193415564	0.1311037868492017	0.2724350491527236
all_supported_huber_equalfoil	supported	foil	-3	yptar	7675	0.18987794159577126	1.2039530690116962	1.2188341253375414	1.1573028429483192	2.309848071998302
all_supported_huber_equalfoil	supported	foil_delta	-3:0	xptar	712	-0.8511195269218825	4.800547779000655	4.875414180105713	3.4619541178825775	10.359493487286391
all_supported_huber_equalfoil	supported	foil_delta	-3:0	ytar	712	-0.049978310148738506	0.1805786345721309	0.18736721898256026	0.18168736916454664	0.3622597199874097
all_supported_huber_equalfoil	supported	foil_delta	-3:0	yptar	712	0.2562741740227468	1.2268007228551043	1.2532822770105894	1.2195393186370693	2.315199030866459
all_supported_huber_equalfoil	supported	foil_delta	-3:1	xptar	1458	-0.33257938357325967	2.831306037154718	2.8507723378773555	2.287585786604591	5.243361911605686
all_supported_huber_equalfoil	supported	foil_delta	-3:1	ytar	1458	-0.028333886202293847	0.16708183980910607	0.1694672543629604	0.17285603886887496	0.32520227297224624
all_supported_huber_equalfoil	supported	foil_delta	-3:1	yptar	1458	0.13874852808186472	1.2529726928740252	1.2606314779240086	1.2593236812499342	2.4029318280868353
all_supported_huber_equalfoil	supported	foil_delta	-3:2	xptar	2460	-0.2894060650581803	2.0252145794143597	2.045788347597312	1.8170208030779844	3.9199653628255042
all_supported_huber_equalfoil	supported	foil_delta	-3:2	ytar	2460	-0.04205920233948841	0.11852949244852654	0.12577049368408846	0.12047256309712245	0.24523663756017208
all_supported_huber_equalfoil	supported	foil_delta	-3:2	yptar	2460	0.14827732226751528	1.2373991698270022	1.2462515274965076	1.2094214000999748	2.372904490079221
all_supported_huber_equalfoil	supported	foil_delta	-3:3	xptar	1941	-0.40645516223374484	1.7628074076906237	1.8090593565484234	1.5869377311252368	3.4375347564245957
all_supported_huber_equalfoil	supported	foil_delta	-3:3	ytar	1941	-0.0439853949166435	0.09405147815659741	0.10382868346181612	0.1002405879638613	0.19972727355707445
all_supported_huber_equalfoil	supported	foil_delta	-3:3	yptar	1941	0.22333131570112655	1.1964565333688506	1.2171216507867255	1.1093299604407953	2.3604187384453565
all_supported_huber_equalfoil	supported	foil_delta	-3:4	xptar	1104	-0.26990282270961924	1.4775286271589978	1.5019781548947284	1.3127977501811716	2.6587223536215374
all_supported_huber_equalfoil	supported	foil_delta	-3:4	ytar	1104	-0.045210159889243366	0.12974844234236313	0.13739947906553532	0.14106302099224657	0.2654724906684446
all_supported_huber_equalfoil	supported	foil_delta	-3:4	yptar	1104	0.24846226390037626	1.0434412554918435	1.0726150988331717	0.9422242437093995	1.8540350995910693
all_supported_huber_equalfoil	supported	foil	0	xptar	51445	0.5420207462457516	2.274037448590292	2.3377409623291983	1.7671731137838051	4.375019437373074
all_supported_huber_equalfoil	supported	foil	0	ytar	51445	0.019337868063202774	0.131928302325285	0.1333380294426974	0.1317748989498148	0.2631948099803707
all_supported_huber_equalfoil	supported	foil	0	yptar	51445	-0.038389445090554385	1.148211373211708	1.1488529527607425	1.1373993389598671	2.222150766698234
all_supported_huber_equalfoil	supported	foil_delta	0:0	xptar	5051	0.9381550395047039	3.873341508059217	3.9853367883031563	2.897452753604864	8.451537248712125
all_supported_huber_equalfoil	supported	foil_delta	0:0	ytar	5051	0.032488090356460796	0.18693147345509473	0.18973363376877161	0.20682825584190195	0.3404293402795262
all_supported_huber_equalfoil	supported	foil_delta	0:0	yptar	5051	-0.10371541865442259	1.208320899625675	1.2127639030490898	1.2126932259242373	2.2984521830382256
all_supported_huber_equalfoil	supported	foil_delta	0:1	xptar	8847	0.6565874603178421	2.6897929670670013	2.7687710809544614	2.2012602631817124	5.117390234062843
all_supported_huber_equalfoil	supported	foil_delta	0:1	ytar	8847	0.00700303930938721	0.1638118012505431	0.16396142469653113	0.17605987455063082	0.3031501792026426
all_supported_huber_equalfoil	supported	foil_delta	0:1	yptar	8847	0.03565882998817654	1.2091715560108716	1.209697236510805	1.2306373204308834	2.347148774777466
all_supported_huber_equalfoil	supported	foil_delta	0:2	xptar	15130	0.5391045232458862	2.03980184200559	2.1098400985936285	1.7505736587875451	3.974273013418071
all_supported_huber_equalfoil	supported	foil_delta	0:2	ytar	15130	0.015201265598148953	0.11209749109861683	0.11312349882491235	0.11749063168474373	0.21536133296195167
all_supported_huber_equalfoil	supported	foil_delta	0:2	yptar	15130	-0.005307580960414507	1.1931287189448014	1.193140524157366	1.1990673815411794	2.304629595615134
all_supported_huber_equalfoil	supported	foil_delta	0:3	xptar	13229	0.4390972461431715	1.7469657078875847	1.8013038544636735	1.512972774078823	3.4591318542082488
all_supported_huber_equalfoil	supported	foil_delta	0:3	ytar	13229	0.023717835170611993	0.09457171646639143	0.09750048851457027	0.10094552583248506	0.18208419267657522
all_supported_huber_equalfoil	supported	foil_delta	0:3	yptar	13229	-0.05854386634877089	1.1581411960203791	1.1596199438637544	1.1238233375103805	2.232587799145973
all_supported_huber_equalfoil	supported	foil_delta	0:4	xptar	9188	0.36692838688552515	1.5329400546684748	1.576242891279577	1.3633924304776701	2.9032046622636782
all_supported_huber_equalfoil	supported	foil_delta	0:4	ytar	9188	0.024491184085635054	0.13605829080680645	0.13824498759516013	0.14347022341372268	0.2617537988652806
all_supported_huber_equalfoil	supported	foil_delta	0:4	yptar	9188	-0.09923504398198929	0.9392961751734094	0.9445236358342248	0.9455409161143891	1.8060156837815047
all_supported_huber_equalfoil	supported	foil	3	xptar	8080	-0.36731054778592787	2.2919191711623914	2.321165768672393	1.770040307230846	4.373778465377307
all_supported_huber_equalfoil	supported	foil	3	ytar	8080	0.013861065585199804	0.13512100337662666	0.1358300949446166	0.1355281876017308	0.266812592456755
all_supported_huber_equalfoil	supported	foil	3	yptar	8080	-0.15736534302001043	1.2033321321913826	1.2135782099016381	1.1473156514419018	2.342115569743588
all_supported_huber_equalfoil	supported	foil_delta	3:0	xptar	766	-0.325800727355913	3.9922279202057167	4.005499953915329	3.1133689102466002	8.99131618090275
all_supported_huber_equalfoil	supported	foil_delta	3:0	ytar	766	-0.0019619905582677665	0.18224063857406353	0.18225119959778915	0.1956419789005934	0.3279244814173907
all_supported_huber_equalfoil	supported	foil_delta	3:0	yptar	766	0.032027385644339434	1.3279806319619745	1.3283667837978097	1.306188388776457	2.5319264380399544
all_supported_huber_equalfoil	supported	foil_delta	3:1	xptar	1544	-0.4315060072777921	2.546524319605575	2.5828247220164706	2.0925356487535156	4.939555860660444
all_supported_huber_equalfoil	supported	foil_delta	3:1	ytar	1544	0.02691227812961772	0.16969365377286877	0.1718144547030667	0.18240403951733725	0.31539909844384645
all_supported_huber_equalfoil	supported	foil_delta	3:1	yptar	1544	-0.21070494550461374	1.2257551741533212	1.2437332193938302	1.2211164291583514	2.37137170458955
all_supported_huber_equalfoil	supported	foil_delta	3:2	xptar	2553	-0.36101961618171907	2.030084911987649	2.0619359624265488	1.7090060951692074	3.8081969067055637
all_supported_huber_equalfoil	supported	foil_delta	3:2	ytar	2553	0.02215089699552068	0.11883060071128643	0.12087751611905066	0.12424700121432591	0.2301380202167985
all_supported_huber_equalfoil	supported	foil_delta	3:2	yptar	2553	-0.20115538262045488	1.2310649478578921	1.247391034840934	1.200193726608962	2.3975076196158787
all_supported_huber_equalfoil	supported	foil_delta	3:3	xptar	2056	-0.36169815114132603	1.7643965902816263	1.8010888041227957	1.514617297984261	3.3379848853129204
all_supported_huber_equalfoil	supported	foil_delta	3:3	ytar	2056	0.007828175974432045	0.10213425040875332	0.10243381007091652	0.10629600380329651	0.19622526319072636
all_supported_huber_equalfoil	supported	foil_delta	3:3	yptar	2056	-0.1633662002346137	1.2100290629083295	1.2210073089305835	1.1050232821729156	2.345957293753445
all_supported_huber_equalfoil	supported	foil_delta	3:4	xptar	1161	-0.33309742882020754	1.6836809176001006	1.7163144610989414	1.382695441443908	3.005752772174096
all_supported_huber_equalfoil	supported	foil_delta	3:4	ytar	1161	-0.0006014061749171626	0.1285177263961112	0.12851913354599356	0.13402233411259018	0.23778757344325355
all_supported_huber_equalfoil	supported	foil_delta	3:4	yptar	1161	-0.1044667645424098	0.9776448305345978	0.9832104146951361	0.9588711878314442	1.8664447151139958
all_supported_huber_equalfoil	supported	foil	8	xptar	14964	-0.04343732806964099	2.2779897174613435	2.278403817221487	1.7784938393339313	4.1430338129335365
all_supported_huber_equalfoil	supported	foil	8	ytar	14964	-0.03955934542118533	0.1497678854365073	0.15490436184393078	0.14152303715169448	0.3171500968272435
all_supported_huber_equalfoil	supported	foil	8	yptar	14964	0.20396227369716222	1.2642244052731983	1.2805717301190467	1.2225307248958197	2.4923637223614303
all_supported_huber_equalfoil	supported	foil_delta	8:0	xptar	1949	0.036538961589771636	3.3246536843565573	3.3248544654796084	2.4623482036083812	6.792615793324593
all_supported_huber_equalfoil	supported	foil_delta	8:0	ytar	1949	-0.05795307961800014	0.21181554295657043	0.21960050927809116	0.22402537571725284	0.4195186786438808
all_supported_huber_equalfoil	supported	foil_delta	8:0	yptar	1949	0.262144736642699	1.3675106320066697	1.3924098504394282	1.3399478894435848	2.7343902764325363
all_supported_huber_equalfoil	supported	foil_delta	8:1	xptar	2948	-0.06995836517424309	2.5281181458452173	2.5290859084281245	2.111563224756405	4.714854945254116
all_supported_huber_equalfoil	supported	foil_delta	8:1	ytar	2948	-0.05884740627651096	0.18620454348465806	0.19528222970819098	0.19495844018065328	0.37322731738763026
all_supported_huber_equalfoil	supported	foil_delta	8:1	yptar	2948	0.34072635908849613	1.3729375010146987	1.414585392781287	1.3760519138779084	2.7317269604242123
all_supported_huber_equalfoil	supported	foil_delta	8:2	xptar	4436	-0.12610938082647608	2.138751080715597	2.1424658133082475	1.7286449760576283	3.7675428656040983
all_supported_huber_equalfoil	supported	foil_delta	8:2	ytar	4436	-0.032749871487626675	0.12318005602541955	0.1274593279634	0.12030189877762254	0.2477165116418007
all_supported_huber_equalfoil	supported	foil_delta	8:2	yptar	4436	0.23133829689302154	1.2930264695207576	1.3135580910225015	1.242996428192988	2.550203041032072
all_supported_huber_equalfoil	supported	foil_delta	8:3	xptar	3474	0.0014347598427893672	1.8184531790180611	1.8184537450308431	1.514881935830962	3.407732204554048
all_supported_huber_equalfoil	supported	foil_delta	8:3	ytar	3474	-0.023169467323980567	0.10137957168500739	0.1039934698484119	0.10123985803678985	0.20025724946629253
all_supported_huber_equalfoil	supported	foil_delta	8:3	yptar	3474	0.12547608445181527	1.1949534904287202	1.2015232382509882	1.1176202099170613	2.27216548972264
all_supported_huber_equalfoil	supported	foil_delta	8:4	xptar	2157	0.018295551605699376	1.586309650083011	1.5864151515776193	1.3943270930031342	2.893484244974979
all_supported_huber_equalfoil	supported	foil_delta	8:4	ytar	2157	-0.036979220955660815	0.13629380599058993	0.14122133101584955	0.14062992110285746	0.2596435739906345
all_supported_huber_equalfoil	supported	foil_delta	8:4	yptar	2157	0.034580186783392856	1.0074399987208833	1.0080333031902804	1.0098264417203828	1.9089676403886369
