rungroup	foil	ndel	xscol	yscol	available	training
rg01_theta12p490_foil0	0	0	0	2	184	13
rg01_theta12p490_foil0	0	0	0	3	307	22
rg01_theta12p490_foil0	0	0	0	4	374	24
rg01_theta12p490_foil0	0	0	0	5	346	23
rg01_theta12p490_foil0	0	0	1	2	255	16
rg01_theta12p490_foil0	0	0	1	3	343	17
rg01_theta12p490_foil0	0	0	1	4	484	38
rg01_theta12p490_foil0	0	0	1	5	519	35
rg01_theta12p490_foil0	0	0	1	6	222	18
rg01_theta12p490_foil0	0	0	2	2	294	16
rg01_theta12p490_foil0	0	0	2	3	63	7
rg01_theta12p490_foil0	0	0	2	4	650	48
rg01_theta12p490_foil0	0	0	2	5	683	53
rg01_theta12p490_foil0	0	0	2	6	603	40
rg01_theta12p490_foil0	0	0	3	2	340	37
rg01_theta12p490_foil0	0	0	3	3	513	36
rg01_theta12p490_foil0	0	0	3	4	620	51
rg01_theta12p490_foil0	0	0	3	5	794	55
rg01_theta12p490_foil0	0	0	3	6	945	60
rg01_theta12p490_foil0	0	0	4	2	359	21
rg01_theta12p490_foil0	0	0	4	3	583	45
rg01_theta12p490_foil0	0	0	4	4	186	12
rg01_theta12p490_foil0	0	0	4	5	865	75
rg01_theta12p490_foil0	0	0	4	6	1034	97
rg01_theta12p490_foil0	0	0	5	2	300	24
rg01_theta12p490_foil0	0	0	5	3	575	42
rg01_theta12p490_foil0	0	0	5	4	682	58
rg01_theta12p490_foil0	0	0	5	5	9	0
rg01_theta12p490_foil0	0	0	5	6	1117	97
rg01_theta12p490_foil0	0	0	6	2	193	16
rg01_theta12p490_foil0	0	0	6	3	373	31
rg01_theta12p490_foil0	0	0	6	4	530	36
rg01_theta12p490_foil0	0	0	6	5	705	51
rg01_theta12p490_foil0	0	0	6	6	927	65
rg01_theta12p490_foil0	0	0	7	2	96	3
rg01_theta12p490_foil0	0	0	7	3	214	20
rg01_theta12p490_foil0	0	0	7	4	368	21
rg01_theta12p490_foil0	0	0	7	5	423	29
rg01_theta12p490_foil0	0	0	7	6	569	48
rg01_theta12p490_foil0	0	0	8	2	44	3
rg01_theta12p490_foil0	0	0	8	3	91	8
rg01_theta12p490_foil0	0	0	8	4	147	14
rg01_theta12p490_foil0	0	0	8	5	246	20
rg01_theta12p490_foil0	0	0	8	6	285	23
rg01_theta12p490_foil0	0	1	0	2	205	18
rg01_theta12p490_foil0	0	1	0	3	320	20
rg01_theta12p490_foil0	0	1	0	4	524	47
rg01_theta12p490_foil0	0	1	0	5	567	50
rg01_theta12p490_foil0	0	1	1	2	334	25
rg01_theta12p490_foil0	0	1	1	3	537	36
rg01_theta12p490_foil0	0	1	1	4	795	56
rg01_theta12p490_foil0	0	1	1	5	925	65
rg01_theta12p490_foil0	0	1	1	6	669	47
rg01_theta12p490_foil0	0	1	2	2	449	30
rg01_theta12p490_foil0	0	1	2	4	979	83
rg01_theta12p490_foil0	0	1	2	5	1128	85
rg01_theta12p490_foil0	0	1	2	6	1208	92
rg01_theta12p490_foil0	0	1	3	1	31	2
rg01_theta12p490_foil0	0	1	3	2	571	41
rg01_theta12p490_foil0	0	1	3	3	821	67
rg01_theta12p490_foil0	0	1	3	4	1134	85
rg01_theta12p490_foil0	0	1	3	5	1416	110
rg01_theta12p490_foil0	0	1	3	6	1616	107
rg01_theta12p490_foil0	0	1	3	7	68	4
rg01_theta12p490_foil0	0	1	4	1	80	5
rg01_theta12p490_foil0	0	1	4	2	533	45
rg01_theta12p490_foil0	0	1	4	3	914	58
rg01_theta12p490_foil0	0	1	4	4	321	23
rg01_theta12p490_foil0	0	1	4	5	1550	114
rg01_theta12p490_foil0	0	1	4	6	1719	153
rg01_theta12p490_foil0	0	1	4	7	82	10
rg01_theta12p490_foil0	0	1	5	1	41	3
rg01_theta12p490_foil0	0	1	5	2	512	33
rg01_theta12p490_foil0	0	1	5	3	869	61
rg01_theta12p490_foil0	0	1	5	4	1155	77
rg01_theta12p490_foil0	0	1	5	6	1750	138
rg01_theta12p490_foil0	0	1	5	7	66	5
rg01_theta12p490_foil0	0	1	6	2	445	35
rg01_theta12p490_foil0	0	1	6	3	674	47
rg01_theta12p490_foil0	0	1	6	4	951	76
rg01_theta12p490_foil0	0	1	6	5	1258	93
rg01_theta12p490_foil0	0	1	6	6	1392	100
rg01_theta12p490_foil0	0	1	7	2	308	16
rg01_theta12p490_foil0	0	1	7	3	558	40
rg01_theta12p490_foil0	0	1	7	4	757	50
rg01_theta12p490_foil0	0	1	7	5	958	79
rg01_theta12p490_foil0	0	1	7	6	1097	80
rg01_theta12p490_foil0	0	1	8	2	246	23
rg01_theta12p490_foil0	0	1	8	3	342	27
rg01_theta12p490_foil0	0	1	8	4	501	40
rg01_theta12p490_foil0	0	1	8	5	619	41
rg01_theta12p490_foil0	0	1	8	6	548	30
rg01_theta12p490_foil0	0	2	0	2	307	21
rg01_theta12p490_foil0	0	2	0	3	531	31
rg01_theta12p490_foil0	0	2	0	4	742	46
rg01_theta12p490_foil0	0	2	0	5	953	74
rg01_theta12p490_foil0	0	2	0	6	153	7
rg01_theta12p490_foil0	0	2	1	2	489	58
rg01_theta12p490_foil0	0	2	1	3	842	70
rg01_theta12p490_foil0	0	2	1	4	1181	74
rg01_theta12p490_foil0	0	2	1	5	1432	110
rg01_theta12p490_foil0	0	2	1	6	1643	107
rg01_theta12p490_foil0	0	2	2	1	71	3
rg01_theta12p490_foil0	0	2	2	2	761	65
rg01_theta12p490_foil0	0	2	2	4	1487	126
rg01_theta12p490_foil0	0	2	2	5	1754	132
rg01_theta12p490_foil0	0	2	2	6	2311	114
rg01_theta12p490_foil0	0	2	2	7	177	16
rg01_theta12p490_foil0	0	2	3	1	176	9
rg01_theta12p490_foil0	0	2	3	2	806	61
rg01_theta12p490_foil0	0	2	3	3	1323	123
rg01_theta12p490_foil0	0	2	3	4	1868	123
rg01_theta12p490_foil0	0	2	3	5	2301	156
rg01_theta12p490_foil0	0	2	3	6	2817	144
rg01_theta12p490_foil0	0	2	3	7	707	45
rg01_theta12p490_foil0	0	2	4	1	245	15
rg01_theta12p490_foil0	0	2	4	2	928	68
rg01_theta12p490_foil0	0	2	4	3	1438	106
rg01_theta12p490_foil0	0	2	4	4	491	50
rg01_theta12p490_foil0	0	2	4	5	2602	198
rg01_theta12p490_foil0	0	2	4	6	3229	194
rg01_theta12p490_foil0	0	2	4	7	974	65
rg01_theta12p490_foil0	0	2	5	1	253	21
rg01_theta12p490_foil0	0	2	5	2	876	69
rg01_theta12p490_foil0	0	2	5	3	1296	97
rg01_theta12p490_foil0	0	2	5	4	1932	132
rg01_theta12p490_foil0	0	2	5	6	2975	162
rg01_theta12p490_foil0	0	2	5	7	668	48
rg01_theta12p490_foil0	0	2	6	1	117	5
rg01_theta12p490_foil0	0	2	6	2	726	48
rg01_theta12p490_foil0	0	2	6	3	1091	86
rg01_theta12p490_foil0	0	2	6	4	1563	100
rg01_theta12p490_foil0	0	2	6	5	2000	148
rg01_theta12p490_foil0	0	2	6	6	2550	133
rg01_theta12p490_foil0	0	2	6	7	165	9
rg01_theta12p490_foil0	0	2	7	2	504	36
rg01_theta12p490_foil0	0	2	7	3	820	72
rg01_theta12p490_foil0	0	2	7	4	1236	78
rg01_theta12p490_foil0	0	2	7	5	1614	108
rg01_theta12p490_foil0	0	2	7	6	1924	106
rg01_theta12p490_foil0	0	2	8	2	292	21
rg01_theta12p490_foil0	0	2	8	3	524	45
rg01_theta12p490_foil0	0	2	8	4	823	53
rg01_theta12p490_foil0	0	2	8	5	1175	74
rg01_theta12p490_foil0	0	2	8	6	536	33
rg01_theta12p490_foil0	0	3	0	2	128	12
rg01_theta12p490_foil0	0	3	0	3	465	42
rg01_theta12p490_foil0	0	3	0	4	600	32
rg01_theta12p490_foil0	0	3	0	5	879	73
rg01_theta12p490_foil0	0	3	1	2	349	20
rg01_theta12p490_foil0	0	3	1	3	637	37
rg01_theta12p490_foil0	0	3	1	4	924	74
rg01_theta12p490_foil0	0	3	1	5	1297	103
rg01_theta12p490_foil0	0	3	1	6	1684	117
rg01_theta12p490_foil0	0	3	2	1	117	7
rg01_theta12p490_foil0	0	3	2	2	502	43
rg01_theta12p490_foil0	0	3	2	4	1236	90
rg01_theta12p490_foil0	0	3	2	5	1635	106
rg01_theta12p490_foil0	0	3	2	6	2192	138
rg01_theta12p490_foil0	0	3	2	7	669	48
rg01_theta12p490_foil0	0	3	3	1	279	12
rg01_theta12p490_foil0	0	3	3	2	635	46
rg01_theta12p490_foil0	0	3	3	3	993	80
rg01_theta12p490_foil0	0	3	3	4	1455	104
rg01_theta12p490_foil0	0	3	3	5	2001	192
rg01_theta12p490_foil0	0	3	3	6	2769	143
rg01_theta12p490_foil0	0	3	3	7	1689	133
rg01_theta12p490_foil0	0	3	4	1	286	19
rg01_theta12p490_foil0	0	3	4	2	683	43
rg01_theta12p490_foil0	0	3	4	3	1114	93
rg01_theta12p490_foil0	0	3	4	4	400	27
rg01_theta12p490_foil0	0	3	4	5	2214	166
rg01_theta12p490_foil0	0	3	4	6	2960	172
rg01_theta12p490_foil0	0	3	4	7	2018	150
rg01_theta12p490_foil0	0	3	5	1	205	15
rg01_theta12p490_foil0	0	3	5	2	595	42
rg01_theta12p490_foil0	0	3	5	3	933	68
rg01_theta12p490_foil0	0	3	5	4	1427	108
rg01_theta12p490_foil0	0	3	5	6	2817	170
rg01_theta12p490_foil0	0	3	5	7	1442	132
rg01_theta12p490_foil0	0	3	6	1	96	7
rg01_theta12p490_foil0	0	3	6	2	571	39
rg01_theta12p490_foil0	0	3	6	3	797	66
rg01_theta12p490_foil0	0	3	6	4	1209	92
rg01_theta12p490_foil0	0	3	6	5	1659	133
rg01_theta12p490_foil0	0	3	6	6	2295	139
rg01_theta12p490_foil0	0	3	6	7	587	44
rg01_theta12p490_foil0	0	3	7	2	383	24
rg01_theta12p490_foil0	0	3	7	3	608	41
rg01_theta12p490_foil0	0	3	7	4	907	60
rg01_theta12p490_foil0	0	3	7	5	1289	103
rg01_theta12p490_foil0	0	3	7	6	1748	112
rg01_theta12p490_foil0	0	3	8	2	133	5
rg01_theta12p490_foil0	0	3	8	3	416	26
rg01_theta12p490_foil0	0	3	8	4	570	36
rg01_theta12p490_foil0	0	3	8	5	907	59
rg01_theta12p490_foil0	0	3	8	6	159	9
rg01_theta12p490_foil0	0	4	0	2	29	2
rg01_theta12p490_foil0	0	4	0	3	241	21
rg01_theta12p490_foil0	0	4	0	4	375	16
rg01_theta12p490_foil0	0	4	0	5	609	45
rg01_theta12p490_foil0	0	4	1	2	240	23
rg01_theta12p490_foil0	0	4	1	3	389	27
rg01_theta12p490_foil0	0	4	1	4	592	51
rg01_theta12p490_foil0	0	4	1	5	888	67
rg01_theta12p490_foil0	0	4	1	6	1218	88
rg01_theta12p490_foil0	0	4	2	1	47	0
rg01_theta12p490_foil0	0	4	2	2	278	25
rg01_theta12p490_foil0	0	4	2	4	804	58
rg01_theta12p490_foil0	0	4	2	5	1085	90
rg01_theta12p490_foil0	0	4	2	6	1651	125
rg01_theta12p490_foil0	0	4	2	7	874	71
rg01_theta12p490_foil0	0	4	3	1	115	5
rg01_theta12p490_foil0	0	4	3	2	329	29
rg01_theta12p490_foil0	0	4	3	3	594	45
rg01_theta12p490_foil0	0	4	3	4	944	66
rg01_theta12p490_foil0	0	4	3	5	1385	117
rg01_theta12p490_foil0	0	4	3	6	1952	167
rg01_theta12p490_foil0	0	4	3	7	2034	132
rg01_theta12p490_foil0	0	4	4	1	106	11
rg01_theta12p490_foil0	0	4	4	2	361	32
rg01_theta12p490_foil0	0	4	4	3	624	40
rg01_theta12p490_foil0	0	4	4	4	230	14
rg01_theta12p490_foil0	0	4	4	5	1514	118
rg01_theta12p490_foil0	0	4	4	6	2181	177
rg01_theta12p490_foil0	0	4	4	7	2305	173
rg01_theta12p490_foil0	0	4	5	1	147	17
rg01_theta12p490_foil0	0	4	5	2	300	25
rg01_theta12p490_foil0	0	4	5	3	557	40
rg01_theta12p490_foil0	0	4	5	4	935	90
rg01_theta12p490_foil0	0	4	5	6	1892	162
rg01_theta12p490_foil0	0	4	5	7	1803	122
rg01_theta12p490_foil0	0	4	6	1	74	7
rg01_theta12p490_foil0	0	4	6	2	277	21
rg01_theta12p490_foil0	0	4	6	3	457	37
rg01_theta12p490_foil0	0	4	6	4	724	63
rg01_theta12p490_foil0	0	4	6	5	1102	76
rg01_theta12p490_foil0	0	4	6	6	1605	128
rg01_theta12p490_foil0	0	4	6	7	705	47
rg01_theta12p490_foil0	0	4	7	2	131	9
rg01_theta12p490_foil0	0	4	7	3	316	26
rg01_theta12p490_foil0	0	4	7	4	490	33
rg01_theta12p490_foil0	0	4	7	5	870	78
rg01_theta12p490_foil0	0	4	7	6	1325	108
rg01_theta12p490_foil0	0	4	8	3	178	13
rg01_theta12p490_foil0	0	4	8	4	324	21
rg01_theta12p490_foil0	0	4	8	5	560	55
rg02_theta15p195_foil0	0	0	0	2	25	19
rg02_theta15p195_foil0	0	0	0	3	35	25
rg02_theta15p195_foil0	0	0	0	4	43	36
rg02_theta15p195_foil0	0	0	0	5	29	22
rg02_theta15p195_foil0	0	0	0	6	1	0
rg02_theta15p195_foil0	0	0	1	2	35	31
rg02_theta15p195_foil0	0	0	1	3	56	46
rg02_theta15p195_foil0	0	0	1	4	80	69
rg02_theta15p195_foil0	0	0	1	5	72	49
rg02_theta15p195_foil0	0	0	1	6	47	31
rg02_theta15p195_foil0	0	0	2	2	36	28
rg02_theta15p195_foil0	0	0	2	4	80	68
rg02_theta15p195_foil0	0	0	2	5	102	75
rg02_theta15p195_foil0	0	0	2	6	108	85
rg02_theta15p195_foil0	0	0	3	2	22	18
rg02_theta15p195_foil0	0	0	3	3	76	58
rg02_theta15p195_foil0	0	0	3	4	93	75
rg02_theta15p195_foil0	0	0	3	5	145	119
rg02_theta15p195_foil0	0	0	3	6	143	114
rg02_theta15p195_foil0	0	0	4	2	31	25
rg02_theta15p195_foil0	0	0	4	3	71	53
rg02_theta15p195_foil0	0	0	4	4	33	22
rg02_theta15p195_foil0	0	0	4	5	149	115
rg02_theta15p195_foil0	0	0	4	6	159	119
rg02_theta15p195_foil0	0	0	5	2	18	13
rg02_theta15p195_foil0	0	0	5	3	70	53
rg02_theta15p195_foil0	0	0	5	4	104	86
rg02_theta15p195_foil0	0	0	5	6	149	111
rg02_theta15p195_foil0	0	0	6	2	6	4
rg02_theta15p195_foil0	0	0	6	3	39	31
rg02_theta15p195_foil0	0	0	6	4	65	57
rg02_theta15p195_foil0	0	0	6	5	92	74
rg02_theta15p195_foil0	0	0	6	6	156	119
rg02_theta15p195_foil0	0	0	7	2	7	5
rg02_theta15p195_foil0	0	0	7	3	26	19
rg02_theta15p195_foil0	0	0	7	4	52	40
rg02_theta15p195_foil0	0	0	7	5	55	41
rg02_theta15p195_foil0	0	0	7	6	97	74
rg02_theta15p195_foil0	0	0	8	3	14	11
rg02_theta15p195_foil0	0	0	8	4	17	13
rg02_theta15p195_foil0	0	0	8	5	35	28
rg02_theta15p195_foil0	0	0	8	6	53	43
rg02_theta15p195_foil0	0	1	0	2	29	20
rg02_theta15p195_foil0	0	1	0	3	40	31
rg02_theta15p195_foil0	0	1	0	4	61	47
rg02_theta15p195_foil0	0	1	0	5	76	61
rg02_theta15p195_foil0	0	1	0	6	27	13
rg02_theta15p195_foil0	0	1	1	2	42	33
rg02_theta15p195_foil0	0	1	1	3	78	61
rg02_theta15p195_foil0	0	1	1	4	87	67
rg02_theta15p195_foil0	0	1	1	5	131	96
rg02_theta15p195_foil0	0	1	1	6	121	67
rg02_theta15p195_foil0	0	1	2	1	6	5
rg02_theta15p195_foil0	0	1	2	2	67	55
rg02_theta15p195_foil0	0	1	2	4	133	103
rg02_theta15p195_foil0	0	1	2	5	170	131
rg02_theta15p195_foil0	0	1	2	6	236	141
rg02_theta15p195_foil0	0	1	3	2	60	46
rg02_theta15p195_foil0	0	1	3	3	107	78
rg02_theta15p195_foil0	0	1	3	4	133	98
rg02_theta15p195_foil0	0	1	3	5	191	150
rg02_theta15p195_foil0	0	1	3	6	223	121
rg02_theta15p195_foil0	0	1	3	7	11	11
rg02_theta15p195_foil0	0	1	4	1	4	3
rg02_theta15p195_foil0	0	1	4	2	63	46
rg02_theta15p195_foil0	0	1	4	3	131	97
rg02_theta15p195_foil0	0	1	4	4	38	27
rg02_theta15p195_foil0	0	1	4	5	204	158
rg02_theta15p195_foil0	0	1	4	6	276	175
rg02_theta15p195_foil0	0	1	4	7	10	9
rg02_theta15p195_foil0	0	1	5	2	53	38
rg02_theta15p195_foil0	0	1	5	3	100	72
rg02_theta15p195_foil0	0	1	5	4	135	114
rg02_theta15p195_foil0	0	1	5	6	271	166
rg02_theta15p195_foil0	0	1	6	2	34	23
rg02_theta15p195_foil0	0	1	6	3	105	86
rg02_theta15p195_foil0	0	1	6	4	134	111
rg02_theta15p195_foil0	0	1	6	5	159	122
rg02_theta15p195_foil0	0	1	6	6	264	171
rg02_theta15p195_foil0	0	1	7	2	34	30
rg02_theta15p195_foil0	0	1	7	3	58	42
rg02_theta15p195_foil0	0	1	7	4	100	80
rg02_theta15p195_foil0	0	1	7	5	137	102
rg02_theta15p195_foil0	0	1	7	6	163	108
rg02_theta15p195_foil0	0	1	8	2	12	11
rg02_theta15p195_foil0	0	1	8	3	30	24
rg02_theta15p195_foil0	0	1	8	4	57	48
rg02_theta15p195_foil0	0	1	8	5	82	60
rg02_theta15p195_foil0	0	1	8	6	66	38
rg02_theta15p195_foil0	0	2	0	2	21	18
rg02_theta15p195_foil0	0	2	0	3	57	45
rg02_theta15p195_foil0	0	2	0	4	93	70
rg02_theta15p195_foil0	0	2	0	5	133	75
rg02_theta15p195_foil0	0	2	0	6	33	17
rg02_theta15p195_foil0	0	2	1	2	43	30
rg02_theta15p195_foil0	0	2	1	3	83	72
rg02_theta15p195_foil0	0	2	1	4	142	108
rg02_theta15p195_foil0	0	2	1	5	201	114
rg02_theta15p195_foil0	0	2	1	6	215	103
rg02_theta15p195_foil0	0	2	2	2	62	47
rg02_theta15p195_foil0	0	2	2	4	188	146
rg02_theta15p195_foil0	0	2	2	5	268	151
rg02_theta15p195_foil0	0	2	2	6	319	125
rg02_theta15p195_foil0	0	2	2	7	17	9
rg02_theta15p195_foil0	0	2	3	1	10	7
rg02_theta15p195_foil0	0	2	3	2	69	58
rg02_theta15p195_foil0	0	2	3	3	143	120
rg02_theta15p195_foil0	0	2	3	4	215	168
rg02_theta15p195_foil0	0	2	3	5	293	167
rg02_theta15p195_foil0	0	2	3	6	414	153
rg02_theta15p195_foil0	0	2	3	7	92	68
rg02_theta15p195_foil0	0	2	4	1	17	11
rg02_theta15p195_foil0	0	2	4	2	72	55
rg02_theta15p195_foil0	0	2	4	3	143	101
rg02_theta15p195_foil0	0	2	4	4	66	52
rg02_theta15p195_foil0	0	2	4	5	357	183
rg02_theta15p195_foil0	0	2	4	6	437	162
rg02_theta15p195_foil0	0	2	4	7	103	81
rg02_theta15p195_foil0	0	2	5	1	20	16
rg02_theta15p195_foil0	0	2	5	2	85	69
rg02_theta15p195_foil0	0	2	5	3	122	97
rg02_theta15p195_foil0	0	2	5	4	221	178
rg02_theta15p195_foil0	0	2	5	6	418	166
rg02_theta15p195_foil0	0	2	5	7	64	52
rg02_theta15p195_foil0	0	2	6	1	16	9
rg02_theta15p195_foil0	0	2	6	2	72	59
rg02_theta15p195_foil0	0	2	6	3	105	80
rg02_theta15p195_foil0	0	2	6	4	178	138
rg02_theta15p195_foil0	0	2	6	5	231	127
rg02_theta15p195_foil0	0	2	6	6	366	144
rg02_theta15p195_foil0	0	2	7	2	36	26
rg02_theta15p195_foil0	0	2	7	3	80	58
rg02_theta15p195_foil0	0	2	7	4	121	90
rg02_theta15p195_foil0	0	2	7	5	198	102
rg02_theta15p195_foil0	0	2	7	6	254	109
rg02_theta15p195_foil0	0	2	8	2	28	25
rg02_theta15p195_foil0	0	2	8	3	71	63
rg02_theta15p195_foil0	0	2	8	4	67	50
rg02_theta15p195_foil0	0	2	8	5	132	81
rg02_theta15p195_foil0	0	2	8	6	57	21
rg02_theta15p195_foil0	0	3	0	2	10	8
rg02_theta15p195_foil0	0	3	0	3	29	24
rg02_theta15p195_foil0	0	3	0	4	51	34
rg02_theta15p195_foil0	0	3	0	5	87	69
rg02_theta15p195_foil0	0	3	1	2	18	14
rg02_theta15p195_foil0	0	3	1	3	36	28
rg02_theta15p195_foil0	0	3	1	4	78	58
rg02_theta15p195_foil0	0	3	1	5	91	73
rg02_theta15p195_foil0	0	3	1	6	187	102
rg02_theta15p195_foil0	0	3	2	1	1	1
rg02_theta15p195_foil0	0	3	2	2	32	27
rg02_theta15p195_foil0	0	3	2	4	97	89
rg02_theta15p195_foil0	0	3	2	5	157	125
rg02_theta15p195_foil0	0	3	2	6	257	164
rg02_theta15p195_foil0	0	3	2	7	67	52
rg02_theta15p195_foil0	0	3	3	1	15	12
rg02_theta15p195_foil0	0	3	3	2	45	35
rg02_theta15p195_foil0	0	3	3	3	95	68
rg02_theta15p195_foil0	0	3	3	4	117	96
rg02_theta15p195_foil0	0	3	3	5	184	138
rg02_theta15p195_foil0	0	3	3	6	264	159
rg02_theta15p195_foil0	0	3	3	7	171	129
rg02_theta15p195_foil0	0	3	4	1	16	12
rg02_theta15p195_foil0	0	3	4	2	37	30
rg02_theta15p195_foil0	0	3	4	3	86	67
rg02_theta15p195_foil0	0	3	4	4	32	27
rg02_theta15p195_foil0	0	3	4	5	200	162
rg02_theta15p195_foil0	0	3	4	6	325	196
rg02_theta15p195_foil0	0	3	4	7	203	162
rg02_theta15p195_foil0	0	3	5	1	9	7
rg02_theta15p195_foil0	0	3	5	2	41	31
rg02_theta15p195_foil0	0	3	5	3	66	49
rg02_theta15p195_foil0	0	3	5	4	113	87
rg02_theta15p195_foil0	0	3	5	6	260	146
rg02_theta15p195_foil0	0	3	5	7	145	108
rg02_theta15p195_foil0	0	3	6	2	19	16
rg02_theta15p195_foil0	0	3	6	3	52	48
rg02_theta15p195_foil0	0	3	6	4	87	74
rg02_theta15p195_foil0	0	3	6	5	161	134
rg02_theta15p195_foil0	0	3	6	6	267	140
rg02_theta15p195_foil0	0	3	6	7	46	36
rg02_theta15p195_foil0	0	3	7	2	32	27
rg02_theta15p195_foil0	0	3	7	3	33	30
rg02_theta15p195_foil0	0	3	7	4	68	51
rg02_theta15p195_foil0	0	3	7	5	115	88
rg02_theta15p195_foil0	0	3	7	6	159	93
rg02_theta15p195_foil0	0	3	8	2	6	4
rg02_theta15p195_foil0	0	3	8	3	25	18
rg02_theta15p195_foil0	0	3	8	4	46	38
rg02_theta15p195_foil0	0	3	8	5	99	78
rg02_theta15p195_foil0	0	4	0	2	1	1
rg02_theta15p195_foil0	0	4	0	3	4	4
rg02_theta15p195_foil0	0	4	0	4	26	22
rg02_theta15p195_foil0	0	4	0	5	28	25
rg02_theta15p195_foil0	0	4	1	2	3	2
rg02_theta15p195_foil0	0	4	1	3	14	11
rg02_theta15p195_foil0	0	4	1	4	29	21
rg02_theta15p195_foil0	0	4	1	5	45	37
rg02_theta15p195_foil0	0	4	1	6	74	56
rg02_theta15p195_foil0	0	4	2	2	5	4
rg02_theta15p195_foil0	0	4	2	4	32	26
rg02_theta15p195_foil0	0	4	2	5	64	49
rg02_theta15p195_foil0	0	4	2	6	101	76
rg02_theta15p195_foil0	0	4	2	7	51	38
rg02_theta15p195_foil0	0	4	3	2	10	7
rg02_theta15p195_foil0	0	4	3	3	20	16
rg02_theta15p195_foil0	0	4	3	4	35	28
rg02_theta15p195_foil0	0	4	3	5	64	53
rg02_theta15p195_foil0	0	4	3	6	143	111
rg02_theta15p195_foil0	0	4	3	7	133	108
rg02_theta15p195_foil0	0	4	4	2	10	7
rg02_theta15p195_foil0	0	4	4	3	21	20
rg02_theta15p195_foil0	0	4	4	4	6	4
rg02_theta15p195_foil0	0	4	4	5	85	70
rg02_theta15p195_foil0	0	4	4	6	147	112
rg02_theta15p195_foil0	0	4	4	7	167	135
rg02_theta15p195_foil0	0	4	5	2	2	2
rg02_theta15p195_foil0	0	4	5	3	20	15
rg02_theta15p195_foil0	0	4	5	4	44	31
rg02_theta15p195_foil0	0	4	5	6	169	127
rg02_theta15p195_foil0	0	4	5	7	133	107
rg02_theta15p195_foil0	0	4	6	2	6	6
rg02_theta15p195_foil0	0	4	6	3	13	12
rg02_theta15p195_foil0	0	4	6	4	33	26
rg02_theta15p195_foil0	0	4	6	5	47	40
rg02_theta15p195_foil0	0	4	6	6	121	95
rg02_theta15p195_foil0	0	4	6	7	43	33
rg02_theta15p195_foil0	0	4	7	3	14	8
rg02_theta15p195_foil0	0	4	7	4	22	19
rg02_theta15p195_foil0	0	4	7	5	59	48
rg02_theta15p195_foil0	0	4	7	6	100	78
rg02_theta15p195_foil0	0	4	8	3	9	7
rg02_theta15p195_foil0	0	4	8	4	9	6
rg02_theta15p195_foil0	0	4	8	5	39	37
rg03_theta12p490_foilpm8	0	0	0	2	37	10
rg03_theta12p490_foilpm8	0	0	0	3	63	23
rg03_theta12p490_foilpm8	0	0	0	4	80	27
rg03_theta12p490_foilpm8	0	0	0	5	13	3
rg03_theta12p490_foilpm8	0	0	1	1	9	2
rg03_theta12p490_foilpm8	0	0	1	2	38	14
rg03_theta12p490_foilpm8	0	0	1	3	89	36
rg03_theta12p490_foilpm8	0	0	1	4	129	51
rg03_theta12p490_foilpm8	0	0	1	5	77	23
rg03_theta12p490_foilpm8	0	0	2	1	29	11
rg03_theta12p490_foilpm8	0	0	2	2	64	27
rg03_theta12p490_foilpm8	0	0	2	3	8	3
rg03_theta12p490_foilpm8	0	0	2	4	146	60
rg03_theta12p490_foilpm8	0	0	2	5	123	44
rg03_theta12p490_foilpm8	0	0	2	6	3	0
rg03_theta12p490_foilpm8	0	0	3	1	16	5
rg03_theta12p490_foilpm8	0	0	3	2	83	29
rg03_theta12p490_foilpm8	0	0	3	3	126	54
rg03_theta12p490_foilpm8	0	0	3	4	151	45
rg03_theta12p490_foilpm8	0	0	3	5	174	63
rg03_theta12p490_foilpm8	0	0	3	6	42	13
rg03_theta12p490_foilpm8	0	0	4	1	28	10
rg03_theta12p490_foilpm8	0	0	4	2	135	48
rg03_theta12p490_foilpm8	0	0	4	3	159	60
rg03_theta12p490_foilpm8	0	0	4	4	43	16
rg03_theta12p490_foilpm8	0	0	4	5	190	64
rg03_theta12p490_foilpm8	0	0	4	6	157	59
rg03_theta12p490_foilpm8	0	0	5	1	17	8
rg03_theta12p490_foilpm8	0	0	5	2	78	28
rg03_theta12p490_foilpm8	0	0	5	3	140	46
rg03_theta12p490_foilpm8	0	0	5	4	139	64
rg03_theta12p490_foilpm8	0	0	5	5	8	4
rg03_theta12p490_foilpm8	0	0	5	6	145	59
rg03_theta12p490_foilpm8	0	0	6	2	60	22
rg03_theta12p490_foilpm8	0	0	6	3	126	43
rg03_theta12p490_foilpm8	0	0	6	4	137	54
rg03_theta12p490_foilpm8	0	0	6	5	152	60
rg03_theta12p490_foilpm8	0	0	6	6	154	56
rg03_theta12p490_foilpm8	0	0	7	2	23	7
rg03_theta12p490_foilpm8	0	0	7	3	56	18
rg03_theta12p490_foilpm8	0	0	7	4	93	28
rg03_theta12p490_foilpm8	0	0	7	5	135	41
rg03_theta12p490_foilpm8	0	0	7	6	97	22
rg03_theta12p490_foilpm8	0	0	8	2	3	3
rg03_theta12p490_foilpm8	0	0	8	3	8	4
rg03_theta12p490_foilpm8	0	0	8	4	46	18
rg03_theta12p490_foilpm8	0	0	8	5	60	22
rg03_theta12p490_foilpm8	0	1	0	2	55	21
rg03_theta12p490_foilpm8	0	1	0	3	84	29
rg03_theta12p490_foilpm8	0	1	0	4	99	37
rg03_theta12p490_foilpm8	0	1	0	5	55	17
rg03_theta12p490_foilpm8	0	1	1	1	53	18
rg03_theta12p490_foilpm8	0	1	1	2	75	26
rg03_theta12p490_foilpm8	0	1	1	3	171	64
rg03_theta12p490_foilpm8	0	1	1	4	211	81
rg03_theta12p490_foilpm8	0	1	1	5	147	43
rg03_theta12p490_foilpm8	0	1	2	1	75	25
rg03_theta12p490_foilpm8	0	1	2	2	122	38
rg03_theta12p490_foilpm8	0	1	2	3	3	0
rg03_theta12p490_foilpm8	0	1	2	4	205	73
rg03_theta12p490_foilpm8	0	1	2	5	237	84
rg03_theta12p490_foilpm8	0	1	2	6	60	22
rg03_theta12p490_foilpm8	0	1	3	1	83	23
rg03_theta12p490_foilpm8	0	1	3	2	153	51
rg03_theta12p490_foilpm8	0	1	3	3	195	77
rg03_theta12p490_foilpm8	0	1	3	4	274	106
rg03_theta12p490_foilpm8	0	1	3	5	298	94
rg03_theta12p490_foilpm8	0	1	3	6	205	79
rg03_theta12p490_foilpm8	0	1	4	1	74	38
rg03_theta12p490_foilpm8	0	1	4	2	175	62
rg03_theta12p490_foilpm8	0	1	4	3	216	81
rg03_theta12p490_foilpm8	0	1	4	4	60	24
rg03_theta12p490_foilpm8	0	1	4	5	335	122
rg03_theta12p490_foilpm8	0	1	4	6	299	107
rg03_theta12p490_foilpm8	0	1	5	1	76	22
rg03_theta12p490_foilpm8	0	1	5	2	156	49
rg03_theta12p490_foilpm8	0	1	5	3	211	78
rg03_theta12p490_foilpm8	0	1	5	4	242	89
rg03_theta12p490_foilpm8	0	1	5	6	341	120
rg03_theta12p490_foilpm8	0	1	6	1	48	23
rg03_theta12p490_foilpm8	0	1	6	2	112	43
rg03_theta12p490_foilpm8	0	1	6	3	178	57
rg03_theta12p490_foilpm8	0	1	6	4	205	65
rg03_theta12p490_foilpm8	0	1	6	5	273	99
rg03_theta12p490_foilpm8	0	1	6	6	305	110
rg03_theta12p490_foilpm8	0	1	7	1	10	2
rg03_theta12p490_foilpm8	0	1	7	2	86	30
rg03_theta12p490_foilpm8	0	1	7	3	150	58
rg03_theta12p490_foilpm8	0	1	7	4	187	69
rg03_theta12p490_foilpm8	0	1	7	5	208	82
rg03_theta12p490_foilpm8	0	1	7	6	232	68
rg03_theta12p490_foilpm8	0	1	8	2	84	28
rg03_theta12p490_foilpm8	0	1	8	3	85	38
rg03_theta12p490_foilpm8	0	1	8	4	114	39
rg03_theta12p490_foilpm8	0	1	8	5	142	56
rg03_theta12p490_foilpm8	0	2	0	2	72	20
rg03_theta12p490_foilpm8	0	2	0	3	144	57
rg03_theta12p490_foilpm8	0	2	0	4	197	68
rg03_theta12p490_foilpm8	0	2	0	5	174	57
rg03_theta12p490_foilpm8	0	2	1	1	45	11
rg03_theta12p490_foilpm8	0	2	1	2	125	42
rg03_theta12p490_foilpm8	0	2	1	3	200	73
rg03_theta12p490_foilpm8	0	2	1	4	296	105
rg03_theta12p490_foilpm8	0	2	1	5	286	94
rg03_theta12p490_foilpm8	0	2	1	6	44	16
rg03_theta12p490_foilpm8	0	2	2	1	68	24
rg03_theta12p490_foilpm8	0	2	2	2	188	74
rg03_theta12p490_foilpm8	0	2	2	4	333	105
rg03_theta12p490_foilpm8	0	2	2	5	390	149
rg03_theta12p490_foilpm8	0	2	2	6	249	92
rg03_theta12p490_foilpm8	0	2	3	1	130	52
rg03_theta12p490_foilpm8	0	2	3	2	221	75
rg03_theta12p490_foilpm8	0	2	3	3	296	90
rg03_theta12p490_foilpm8	0	2	3	4	374	123
rg03_theta12p490_foilpm8	0	2	3	5	492	172
rg03_theta12p490_foilpm8	0	2	3	6	443	157
rg03_theta12p490_foilpm8	0	2	4	1	128	50
rg03_theta12p490_foilpm8	0	2	4	2	242	80
rg03_theta12p490_foilpm8	0	2	4	3	352	127
rg03_theta12p490_foilpm8	0	2	4	4	104	26
rg03_theta12p490_foilpm8	0	2	4	5	479	167
rg03_theta12p490_foilpm8	0	2	4	6	578	193
rg03_theta12p490_foilpm8	0	2	5	1	113	39
rg03_theta12p490_foilpm8	0	2	5	2	234	71
rg03_theta12p490_foilpm8	0	2	5	3	322	121
rg03_theta12p490_foilpm8	0	2	5	4	422	166
rg03_theta12p490_foilpm8	0	2	5	6	595	188
rg03_theta12p490_foilpm8	0	2	6	1	68	29
rg03_theta12p490_foilpm8	0	2	6	2	165	61
rg03_theta12p490_foilpm8	0	2	6	3	272	97
rg03_theta12p490_foilpm8	0	2	6	4	333	121
rg03_theta12p490_foilpm8	0	2	6	5	470	164
rg03_theta12p490_foilpm8	0	2	6	6	485	175
rg03_theta12p490_foilpm8	0	2	7	1	29	9
rg03_theta12p490_foilpm8	0	2	7	2	129	41
rg03_theta12p490_foilpm8	0	2	7	3	223	78
rg03_theta12p490_foilpm8	0	2	7	4	272	98
rg03_theta12p490_foilpm8	0	2	7	5	338	119
rg03_theta12p490_foilpm8	0	2	7	6	414	137
rg03_theta12p490_foilpm8	0	2	8	2	100	38
rg03_theta12p490_foilpm8	0	2	8	3	145	50
rg03_theta12p490_foilpm8	0	2	8	4	235	80
rg03_theta12p490_foilpm8	0	2	8	5	253	78
rg03_theta12p490_foilpm8	0	3	0	2	65	27
rg03_theta12p490_foilpm8	0	3	0	3	111	38
rg03_theta12p490_foilpm8	0	3	0	4	147	59
rg03_theta12p490_foilpm8	0	3	0	5	217	81
rg03_theta12p490_foilpm8	0	3	1	2	106	40
rg03_theta12p490_foilpm8	0	3	1	3	180	69
rg03_theta12p490_foilpm8	0	3	1	4	230	77
rg03_theta12p490_foilpm8	0	3	1	5	315	102
rg03_theta12p490_foilpm8	0	3	1	6	303	98
rg03_theta12p490_foilpm8	0	3	2	1	42	18
rg03_theta12p490_foilpm8	0	3	2	2	120	40
rg03_theta12p490_foilpm8	0	3	2	4	288	95
rg03_theta12p490_foilpm8	0	3	2	5	404	156
rg03_theta12p490_foilpm8	0	3	2	6	443	129
rg03_theta12p490_foilpm8	0	3	3	1	74	25
rg03_theta12p490_foilpm8	0	3	3	2	182	73
rg03_theta12p490_foilpm8	0	3	3	3	272	98
rg03_theta12p490_foilpm8	0	3	3	4	334	145
rg03_theta12p490_foilpm8	0	3	3	5	444	174
rg03_theta12p490_foilpm8	0	3	3	6	579	165
rg03_theta12p490_foilpm8	0	3	4	1	105	39
rg03_theta12p490_foilpm8	0	3	4	2	181	62
rg03_theta12p490_foilpm8	0	3	4	3	290	109
rg03_theta12p490_foilpm8	0	3	4	4	100	41
rg03_theta12p490_foilpm8	0	3	4	5	475	169
rg03_theta12p490_foilpm8	0	3	4	6	632	178
rg03_theta12p490_foilpm8	0	3	5	1	104	36
rg03_theta12p490_foilpm8	0	3	5	2	173	58
rg03_theta12p490_foilpm8	0	3	5	3	234	93
rg03_theta12p490_foilpm8	0	3	5	4	309	132
rg03_theta12p490_foilpm8	0	3	5	6	594	176
rg03_theta12p490_foilpm8	0	3	6	1	72	24
rg03_theta12p490_foilpm8	0	3	6	2	136	39
rg03_theta12p490_foilpm8	0	3	6	3	177	67
rg03_theta12p490_foilpm8	0	3	6	4	263	98
rg03_theta12p490_foilpm8	0	3	6	5	344	119
rg03_theta12p490_foilpm8	0	3	6	6	470	132
rg03_theta12p490_foilpm8	0	3	7	1	42	15
rg03_theta12p490_foilpm8	0	3	7	2	82	31
rg03_theta12p490_foilpm8	0	3	7	3	165	60
rg03_theta12p490_foilpm8	0	3	7	4	224	80
rg03_theta12p490_foilpm8	0	3	7	5	277	92
rg03_theta12p490_foilpm8	0	3	7	6	416	122
rg03_theta12p490_foilpm8	0	3	8	2	62	24
rg03_theta12p490_foilpm8	0	3	8	3	125	45
rg03_theta12p490_foilpm8	0	3	8	4	148	52
rg03_theta12p490_foilpm8	0	3	8	5	243	93
rg03_theta12p490_foilpm8	0	4	0	2	38	15
rg03_theta12p490_foilpm8	0	4	0	3	67	16
rg03_theta12p490_foilpm8	0	4	0	4	114	46
rg03_theta12p490_foilpm8	0	4	0	5	168	65
rg03_theta12p490_foilpm8	0	4	1	1	5	0
rg03_theta12p490_foilpm8	0	4	1	2	46	17
rg03_theta12p490_foilpm8	0	4	1	3	95	40
rg03_theta12p490_foilpm8	0	4	1	4	164	60
rg03_theta12p490_foilpm8	0	4	1	5	211	88
rg03_theta12p490_foilpm8	0	4	1	6	272	100
rg03_theta12p490_foilpm8	0	4	2	1	22	8
rg03_theta12p490_foilpm8	0	4	2	2	68	24
rg03_theta12p490_foilpm8	0	4	2	4	218	72
rg03_theta12p490_foilpm8	0	4	2	5	290	104
rg03_theta12p490_foilpm8	0	4	2	6	333	123
rg03_theta12p490_foilpm8	0	4	3	1	62	17
rg03_theta12p490_foilpm8	0	4	3	2	58	19
rg03_theta12p490_foilpm8	0	4	3	3	165	65
rg03_theta12p490_foilpm8	0	4	3	4	241	83
rg03_theta12p490_foilpm8	0	4	3	5	328	104
rg03_theta12p490_foilpm8	0	4	3	6	437	147
rg03_theta12p490_foilpm8	0	4	4	1	73	24
rg03_theta12p490_foilpm8	0	4	4	2	90	24
rg03_theta12p490_foilpm8	0	4	4	3	156	58
rg03_theta12p490_foilpm8	0	4	4	4	41	14
rg03_theta12p490_foilpm8	0	4	4	5	343	130
rg03_theta12p490_foilpm8	0	4	4	6	449	163
rg03_theta12p490_foilpm8	0	4	5	1	37	13
rg03_theta12p490_foilpm8	0	4	5	2	78	32
rg03_theta12p490_foilpm8	0	4	5	3	145	44
rg03_theta12p490_foilpm8	0	4	5	4	229	76
rg03_theta12p490_foilpm8	0	4	5	6	437	154
rg03_theta12p490_foilpm8	0	4	6	1	30	14
rg03_theta12p490_foilpm8	0	4	6	2	90	25
rg03_theta12p490_foilpm8	0	4	6	3	134	47
rg03_theta12p490_foilpm8	0	4	6	4	214	91
rg03_theta12p490_foilpm8	0	4	6	5	267	96
rg03_theta12p490_foilpm8	0	4	6	6	404	148
rg03_theta12p490_foilpm8	0	4	7	1	9	5
rg03_theta12p490_foilpm8	0	4	7	2	47	17
rg03_theta12p490_foilpm8	0	4	7	3	91	27
rg03_theta12p490_foilpm8	0	4	7	4	142	55
rg03_theta12p490_foilpm8	0	4	7	5	226	80
rg03_theta12p490_foilpm8	0	4	7	6	249	93
rg03_theta12p490_foilpm8	0	4	8	2	14	3
rg03_theta12p490_foilpm8	0	4	8	3	55	29
rg03_theta12p490_foilpm8	0	4	8	4	105	32
rg03_theta12p490_foilpm8	0	4	8	5	150	65
rg03_theta12p490_foilpm8	1	0	0	3	28	18
rg03_theta12p490_foilpm8	1	0	0	4	42	19
rg03_theta12p490_foilpm8	1	0	0	5	69	28
rg03_theta12p490_foilpm8	1	0	0	6	79	32
rg03_theta12p490_foilpm8	1	0	1	2	11	4
rg03_theta12p490_foilpm8	1	0	1	3	58	23
rg03_theta12p490_foilpm8	1	0	1	4	80	40
rg03_theta12p490_foilpm8	1	0	1	5	93	49
rg03_theta12p490_foilpm8	1	0	1	6	124	60
rg03_theta12p490_foilpm8	1	0	1	7	66	24
rg03_theta12p490_foilpm8	1	0	2	2	47	18
rg03_theta12p490_foilpm8	1	0	2	4	90	41
rg03_theta12p490_foilpm8	1	0	2	5	130	54
rg03_theta12p490_foilpm8	1	0	2	6	146	66
rg03_theta12p490_foilpm8	1	0	2	7	102	54
rg03_theta12p490_foilpm8	1	0	3	2	53	21
rg03_theta12p490_foilpm8	1	0	3	3	85	39
rg03_theta12p490_foilpm8	1	0	3	4	129	55
rg03_theta12p490_foilpm8	1	0	3	5	161	73
rg03_theta12p490_foilpm8	1	0	3	6	184	73
rg03_theta12p490_foilpm8	1	0	3	7	207	91
rg03_theta12p490_foilpm8	1	0	4	2	33	16
rg03_theta12p490_foilpm8	1	0	4	3	80	40
rg03_theta12p490_foilpm8	1	0	4	4	24	13
rg03_theta12p490_foilpm8	1	0	4	5	161	80
rg03_theta12p490_foilpm8	1	0	4	6	180	80
rg03_theta12p490_foilpm8	1	0	4	7	224	102
rg03_theta12p490_foilpm8	1	0	5	2	41	19
rg03_theta12p490_foilpm8	1	0	5	3	80	34
rg03_theta12p490_foilpm8	1	0	5	4	136	61
rg03_theta12p490_foilpm8	1	0	5	6	199	77
rg03_theta12p490_foilpm8	1	0	5	7	196	86
rg03_theta12p490_foilpm8	1	0	6	2	11	5
rg03_theta12p490_foilpm8	1	0	6	3	64	31
rg03_theta12p490_foilpm8	1	0	6	4	117	50
rg03_theta12p490_foilpm8	1	0	6	5	118	65
rg03_theta12p490_foilpm8	1	0	6	6	163	66
rg03_theta12p490_foilpm8	1	0	6	7	171	75
rg03_theta12p490_foilpm8	1	0	7	3	22	9
rg03_theta12p490_foilpm8	1	0	7	4	64	27
rg03_theta12p490_foilpm8	1	0	7	5	81	44
rg03_theta12p490_foilpm8	1	0	7	6	136	52
rg03_theta12p490_foilpm8	1	0	7	7	114	64
rg03_theta12p490_foilpm8	1	0	8	3	3	0
rg03_theta12p490_foilpm8	1	0	8	4	11	3
rg03_theta12p490_foilpm8	1	0	8	5	47	18
rg03_theta12p490_foilpm8	1	0	8	6	45	21
rg03_theta12p490_foilpm8	1	0	8	7	1	1
rg03_theta12p490_foilpm8	1	1	0	3	36	19
rg03_theta12p490_foilpm8	1	1	0	4	47	14
rg03_theta12p490_foilpm8	1	1	0	5	86	46
rg03_theta12p490_foilpm8	1	1	0	6	85	43
rg03_theta12p490_foilpm8	1	1	1	2	15	5
rg03_theta12p490_foilpm8	1	1	1	3	59	26
rg03_theta12p490_foilpm8	1	1	1	4	91	44
rg03_theta12p490_foilpm8	1	1	1	5	135	64
rg03_theta12p490_foilpm8	1	1	1	6	167	88
rg03_theta12p490_foilpm8	1	1	1	7	173	78
rg03_theta12p490_foilpm8	1	1	2	2	55	23
rg03_theta12p490_foilpm8	1	1	2	4	117	56
rg03_theta12p490_foilpm8	1	1	2	5	196	68
rg03_theta12p490_foilpm8	1	1	2	6	246	119
rg03_theta12p490_foilpm8	1	1	2	7	266	131
rg03_theta12p490_foilpm8	1	1	3	2	55	26
rg03_theta12p490_foilpm8	1	1	3	3	99	45
rg03_theta12p490_foilpm8	1	1	3	4	133	58
rg03_theta12p490_foilpm8	1	1	3	5	217	97
rg03_theta12p490_foilpm8	1	1	3	6	279	128
rg03_theta12p490_foilpm8	1	1	3	7	331	142
rg03_theta12p490_foilpm8	1	1	4	2	73	30
rg03_theta12p490_foilpm8	1	1	4	3	114	52
rg03_theta12p490_foilpm8	1	1	4	4	33	15
rg03_theta12p490_foilpm8	1	1	4	5	260	115
rg03_theta12p490_foilpm8	1	1	4	6	323	132
rg03_theta12p490_foilpm8	1	1	4	7	323	155
rg03_theta12p490_foilpm8	1	1	5	2	68	26
rg03_theta12p490_foilpm8	1	1	5	3	97	44
rg03_theta12p490_foilpm8	1	1	5	4	158	59
rg03_theta12p490_foilpm8	1	1	5	6	281	120
rg03_theta12p490_foilpm8	1	1	5	7	327	147
rg03_theta12p490_foilpm8	1	1	6	2	39	18
rg03_theta12p490_foilpm8	1	1	6	3	93	43
rg03_theta12p490_foilpm8	1	1	6	4	147	70
rg03_theta12p490_foilpm8	1	1	6	5	188	79
rg03_theta12p490_foilpm8	1	1	6	6	259	120
rg03_theta12p490_foilpm8	1	1	6	7	317	136
rg03_theta12p490_foilpm8	1	1	7	2	30	11
rg03_theta12p490_foilpm8	1	1	7	3	76	26
rg03_theta12p490_foilpm8	1	1	7	4	102	39
rg03_theta12p490_foilpm8	1	1	7	5	153	64
rg03_theta12p490_foilpm8	1	1	7	6	163	74
rg03_theta12p490_foilpm8	1	1	7	7	182	75
rg03_theta12p490_foilpm8	1	1	8	3	43	18
rg03_theta12p490_foilpm8	1	1	8	4	63	24
rg03_theta12p490_foilpm8	1	1	8	5	85	41
rg03_theta12p490_foilpm8	1	1	8	6	122	50
rg03_theta12p490_foilpm8	1	2	0	3	28	7
rg03_theta12p490_foilpm8	1	2	0	4	51	21
rg03_theta12p490_foilpm8	1	2	0	5	127	54
rg03_theta12p490_foilpm8	1	2	0	6	141	56
rg03_theta12p490_foilpm8	1	2	1	2	22	9
rg03_theta12p490_foilpm8	1	2	1	3	57	26
rg03_theta12p490_foilpm8	1	2	1	4	131	65
rg03_theta12p490_foilpm8	1	2	1	5	209	98
rg03_theta12p490_foilpm8	1	2	1	6	232	69
rg03_theta12p490_foilpm8	1	2	1	7	278	93
rg03_theta12p490_foilpm8	1	2	2	2	25	15
rg03_theta12p490_foilpm8	1	2	2	4	144	69
rg03_theta12p490_foilpm8	1	2	2	5	285	117
rg03_theta12p490_foilpm8	1	2	2	6	386	116
rg03_theta12p490_foilpm8	1	2	2	7	437	132
rg03_theta12p490_foilpm8	1	2	3	2	70	25
rg03_theta12p490_foilpm8	1	2	3	3	86	45
rg03_theta12p490_foilpm8	1	2	3	4	216	113
rg03_theta12p490_foilpm8	1	2	3	5	325	131
rg03_theta12p490_foilpm8	1	2	3	6	468	148
rg03_theta12p490_foilpm8	1	2	3	7	486	147
rg03_theta12p490_foilpm8	1	2	4	2	52	24
rg03_theta12p490_foilpm8	1	2	4	3	105	54
rg03_theta12p490_foilpm8	1	2	4	4	47	20
rg03_theta12p490_foilpm8	1	2	4	5	367	167
rg03_theta12p490_foilpm8	1	2	4	6	547	164
rg03_theta12p490_foilpm8	1	2	4	7	602	206
rg03_theta12p490_foilpm8	1	2	5	2	49	27
rg03_theta12p490_foilpm8	1	2	5	3	113	48
rg03_theta12p490_foilpm8	1	2	5	4	220	118
rg03_theta12p490_foilpm8	1	2	5	6	472	151
rg03_theta12p490_foilpm8	1	2	5	7	527	168
rg03_theta12p490_foilpm8	1	2	6	2	3	1
rg03_theta12p490_foilpm8	1	2	6	3	97	42
rg03_theta12p490_foilpm8	1	2	6	4	199	97
rg03_theta12p490_foilpm8	1	2	6	5	271	113
rg03_theta12p490_foilpm8	1	2	6	6	411	136
rg03_theta12p490_foilpm8	1	2	6	7	509	152
rg03_theta12p490_foilpm8	1	2	7	3	87	42
rg03_theta12p490_foilpm8	1	2	7	4	178	79
rg03_theta12p490_foilpm8	1	2	7	5	213	97
rg03_theta12p490_foilpm8	1	2	7	6	298	89
rg03_theta12p490_foilpm8	1	2	7	7	309	102
rg03_theta12p490_foilpm8	1	2	8	3	56	29
rg03_theta12p490_foilpm8	1	2	8	4	111	44
rg03_theta12p490_foilpm8	1	2	8	5	132	56
rg03_theta12p490_foilpm8	1	2	8	6	201	71
rg03_theta12p490_foilpm8	1	3	0	3	20	8
rg03_theta12p490_foilpm8	1	3	0	4	33	18
rg03_theta12p490_foilpm8	1	3	0	5	99	42
rg03_theta12p490_foilpm8	1	3	0	6	130	39
rg03_theta12p490_foilpm8	1	3	1	2	32	16
rg03_theta12p490_foilpm8	1	3	1	3	44	22
rg03_theta12p490_foilpm8	1	3	1	4	86	31
rg03_theta12p490_foilpm8	1	3	1	5	146	55
rg03_theta12p490_foilpm8	1	3	1	6	229	82
rg03_theta12p490_foilpm8	1	3	1	7	246	87
rg03_theta12p490_foilpm8	1	3	2	2	44	20
rg03_theta12p490_foilpm8	1	3	2	4	144	68
rg03_theta12p490_foilpm8	1	3	2	5	209	97
rg03_theta12p490_foilpm8	1	3	2	6	311	114
rg03_theta12p490_foilpm8	1	3	2	7	376	113
rg03_theta12p490_foilpm8	1	3	3	2	50	22
rg03_theta12p490_foilpm8	1	3	3	3	106	42
rg03_theta12p490_foilpm8	1	3	3	4	186	81
rg03_theta12p490_foilpm8	1	3	3	5	274	119
rg03_theta12p490_foilpm8	1	3	3	6	432	166
rg03_theta12p490_foilpm8	1	3	3	7	523	194
rg03_theta12p490_foilpm8	1	3	4	2	44	17
rg03_theta12p490_foilpm8	1	3	4	3	92	45
rg03_theta12p490_foilpm8	1	3	4	4	32	13
rg03_theta12p490_foilpm8	1	3	4	5	313	138
rg03_theta12p490_foilpm8	1	3	4	6	424	154
rg03_theta12p490_foilpm8	1	3	4	7	559	199
rg03_theta12p490_foilpm8	1	3	5	2	10	3
rg03_theta12p490_foilpm8	1	3	5	3	90	39
rg03_theta12p490_foilpm8	1	3	5	4	191	79
rg03_theta12p490_foilpm8	1	3	5	6	438	164
rg03_theta12p490_foilpm8	1	3	5	7	505	158
rg03_theta12p490_foilpm8	1	3	6	2	2	0
rg03_theta12p490_foilpm8	1	3	6	3	77	38
rg03_theta12p490_foilpm8	1	3	6	4	144	62
rg03_theta12p490_foilpm8	1	3	6	5	238	123
rg03_theta12p490_foilpm8	1	3	6	6	309	131
rg03_theta12p490_foilpm8	1	3	6	7	417	137
rg03_theta12p490_foilpm8	1	3	7	2	13	4
rg03_theta12p490_foilpm8	1	3	7	3	58	27
rg03_theta12p490_foilpm8	1	3	7	4	98	45
rg03_theta12p490_foilpm8	1	3	7	5	164	69
rg03_theta12p490_foilpm8	1	3	7	6	240	85
rg03_theta12p490_foilpm8	1	3	7	7	310	112
rg03_theta12p490_foilpm8	1	3	8	3	52	23
rg03_theta12p490_foilpm8	1	3	8	4	74	33
rg03_theta12p490_foilpm8	1	3	8	5	100	42
rg03_theta12p490_foilpm8	1	3	8	6	158	65
rg03_theta12p490_foilpm8	1	4	0	3	9	3
rg03_theta12p490_foilpm8	1	4	0	4	32	12
rg03_theta12p490_foilpm8	1	4	0	5	60	23
rg03_theta12p490_foilpm8	1	4	0	6	75	33
rg03_theta12p490_foilpm8	1	4	1	2	8	2
rg03_theta12p490_foilpm8	1	4	1	3	27	13
rg03_theta12p490_foilpm8	1	4	1	4	39	17
rg03_theta12p490_foilpm8	1	4	1	5	115	52
rg03_theta12p490_foilpm8	1	4	1	6	184	78
rg03_theta12p490_foilpm8	1	4	1	7	177	73
rg03_theta12p490_foilpm8	1	4	2	2	24	11
rg03_theta12p490_foilpm8	1	4	2	4	83	44
rg03_theta12p490_foilpm8	1	4	2	5	135	55
rg03_theta12p490_foilpm8	1	4	2	6	195	85
rg03_theta12p490_foilpm8	1	4	2	7	286	121
rg03_theta12p490_foilpm8	1	4	3	2	16	10
rg03_theta12p490_foilpm8	1	4	3	3	56	26
rg03_theta12p490_foilpm8	1	4	3	4	113	53
rg03_theta12p490_foilpm8	1	4	3	5	197	83
rg03_theta12p490_foilpm8	1	4	3	6	278	133
rg03_theta12p490_foilpm8	1	4	3	7	376	162
rg03_theta12p490_foilpm8	1	4	4	2	10	6
rg03_theta12p490_foilpm8	1	4	4	3	38	19
rg03_theta12p490_foilpm8	1	4	4	4	29	12
rg03_theta12p490_foilpm8	1	4	4	5	186	79
rg03_theta12p490_foilpm8	1	4	4	6	319	143
rg03_theta12p490_foilpm8	1	4	4	7	399	169
rg03_theta12p490_foilpm8	1	4	5	2	11	6
rg03_theta12p490_foilpm8	1	4	5	3	52	23
rg03_theta12p490_foilpm8	1	4	5	4	102	37
rg03_theta12p490_foilpm8	1	4	5	6	271	118
rg03_theta12p490_foilpm8	1	4	5	7	394	192
rg03_theta12p490_foilpm8	1	4	6	2	11	2
rg03_theta12p490_foilpm8	1	4	6	3	33	12
rg03_theta12p490_foilpm8	1	4	6	4	72	40
rg03_theta12p490_foilpm8	1	4	6	5	149	68
rg03_theta12p490_foilpm8	1	4	6	6	236	98
rg03_theta12p490_foilpm8	1	4	6	7	343	145
rg03_theta12p490_foilpm8	1	4	7	2	6	2
rg03_theta12p490_foilpm8	1	4	7	3	49	21
rg03_theta12p490_foilpm8	1	4	7	4	43	14
rg03_theta12p490_foilpm8	1	4	7	5	87	39
rg03_theta12p490_foilpm8	1	4	7	6	167	80
rg03_theta12p490_foilpm8	1	4	7	7	213	104
rg03_theta12p490_foilpm8	1	4	8	3	5	3
rg03_theta12p490_foilpm8	1	4	8	4	28	12
rg03_theta12p490_foilpm8	1	4	8	5	44	18
rg03_theta12p490_foilpm8	1	4	8	6	73	31
rg04_theta15p195_foilpm3	0	0	0	2	8	8
rg04_theta15p195_foilpm3	0	0	0	3	20	20
rg04_theta15p195_foilpm3	0	0	0	4	20	20
rg04_theta15p195_foilpm3	0	0	0	5	13	13
rg04_theta15p195_foilpm3	0	0	0	6	1	1
rg04_theta15p195_foilpm3	0	0	1	2	7	7
rg04_theta15p195_foilpm3	0	0	1	3	27	27
rg04_theta15p195_foilpm3	0	0	1	4	36	36
rg04_theta15p195_foilpm3	0	0	1	5	30	30
rg04_theta15p195_foilpm3	0	0	2	2	22	22
rg04_theta15p195_foilpm3	0	0	2	4	36	36
rg04_theta15p195_foilpm3	0	0	2	5	33	33
rg04_theta15p195_foilpm3	0	0	2	6	26	26
rg04_theta15p195_foilpm3	0	0	3	2	28	28
rg04_theta15p195_foilpm3	0	0	3	3	45	45
rg04_theta15p195_foilpm3	0	0	3	4	62	62
rg04_theta15p195_foilpm3	0	0	3	5	48	48
rg04_theta15p195_foilpm3	0	0	3	6	59	59
rg04_theta15p195_foilpm3	0	0	4	2	21	21
rg04_theta15p195_foilpm3	0	0	4	3	34	34
rg04_theta15p195_foilpm3	0	0	4	4	13	13
rg04_theta15p195_foilpm3	0	0	4	5	52	52
rg04_theta15p195_foilpm3	0	0	4	6	67	67
rg04_theta15p195_foilpm3	0	0	5	2	27	27
rg04_theta15p195_foilpm3	0	0	5	3	35	35
rg04_theta15p195_foilpm3	0	0	5	4	55	55
rg04_theta15p195_foilpm3	0	0	5	6	59	59
rg04_theta15p195_foilpm3	0	0	6	2	8	8
rg04_theta15p195_foilpm3	0	0	6	3	23	23
rg04_theta15p195_foilpm3	0	0	6	4	37	37
rg04_theta15p195_foilpm3	0	0	6	5	58	58
rg04_theta15p195_foilpm3	0	0	6	6	61	61
rg04_theta15p195_foilpm3	0	0	7	2	3	3
rg04_theta15p195_foilpm3	0	0	7	3	26	26
rg04_theta15p195_foilpm3	0	0	7	4	27	27
rg04_theta15p195_foilpm3	0	0	7	5	53	53
rg04_theta15p195_foilpm3	0	0	7	6	45	45
rg04_theta15p195_foilpm3	0	1	0	2	11	11
rg04_theta15p195_foilpm3	0	1	0	3	30	30
rg04_theta15p195_foilpm3	0	1	0	4	47	47
rg04_theta15p195_foilpm3	0	1	0	5	48	48
rg04_theta15p195_foilpm3	0	1	1	1	11	11
rg04_theta15p195_foilpm3	0	1	1	2	29	29
rg04_theta15p195_foilpm3	0	1	1	3	42	42
rg04_theta15p195_foilpm3	0	1	1	4	53	53
rg04_theta15p195_foilpm3	0	1	1	5	74	74
rg04_theta15p195_foilpm3	0	1	1	6	20	20
rg04_theta15p195_foilpm3	0	1	2	1	13	13
rg04_theta15p195_foilpm3	0	1	2	2	26	26
rg04_theta15p195_foilpm3	0	1	2	4	66	66
rg04_theta15p195_foilpm3	0	1	2	5	77	77
rg04_theta15p195_foilpm3	0	1	2	6	79	79
rg04_theta15p195_foilpm3	0	1	3	1	6	6
rg04_theta15p195_foilpm3	0	1	3	2	41	41
rg04_theta15p195_foilpm3	0	1	3	3	47	47
rg04_theta15p195_foilpm3	0	1	3	4	82	82
rg04_theta15p195_foilpm3	0	1	3	5	109	109
rg04_theta15p195_foilpm3	0	1	3	6	116	116
rg04_theta15p195_foilpm3	0	1	4	1	12	12
rg04_theta15p195_foilpm3	0	1	4	2	38	38
rg04_theta15p195_foilpm3	0	1	4	3	59	59
rg04_theta15p195_foilpm3	0	1	4	4	20	20
rg04_theta15p195_foilpm3	0	1	4	5	104	104
rg04_theta15p195_foilpm3	0	1	4	6	132	132
rg04_theta15p195_foilpm3	0	1	5	1	16	16
rg04_theta15p195_foilpm3	0	1	5	2	34	34
rg04_theta15p195_foilpm3	0	1	5	3	53	53
rg04_theta15p195_foilpm3	0	1	5	4	94	94
rg04_theta15p195_foilpm3	0	1	5	6	127	127
rg04_theta15p195_foilpm3	0	1	6	1	1	1
rg04_theta15p195_foilpm3	0	1	6	2	36	36
rg04_theta15p195_foilpm3	0	1	6	3	30	30
rg04_theta15p195_foilpm3	0	1	6	4	95	95
rg04_theta15p195_foilpm3	0	1	6	5	89	89
rg04_theta15p195_foilpm3	0	1	6	6	107	107
rg04_theta15p195_foilpm3	0	1	7	1	2	2
rg04_theta15p195_foilpm3	0	1	7	2	15	15
rg04_theta15p195_foilpm3	0	1	7	3	39	39
rg04_theta15p195_foilpm3	0	1	7	4	52	52
rg04_theta15p195_foilpm3	0	1	7	5	71	71
rg04_theta15p195_foilpm3	0	1	7	6	81	81
rg04_theta15p195_foilpm3	0	1	8	2	18	18
rg04_theta15p195_foilpm3	0	1	8	3	31	31
rg04_theta15p195_foilpm3	0	1	8	4	35	35
rg04_theta15p195_foilpm3	0	1	8	5	55	55
rg04_theta15p195_foilpm3	0	2	0	2	17	17
rg04_theta15p195_foilpm3	0	2	0	3	44	44
rg04_theta15p195_foilpm3	0	2	0	4	35	35
rg04_theta15p195_foilpm3	0	2	0	5	62	62
rg04_theta15p195_foilpm3	0	2	1	1	2	2
rg04_theta15p195_foilpm3	0	2	1	2	29	29
rg04_theta15p195_foilpm3	0	2	1	3	39	39
rg04_theta15p195_foilpm3	0	2	1	4	70	70
rg04_theta15p195_foilpm3	0	2	1	5	106	106
rg04_theta15p195_foilpm3	0	2	1	6	67	62
rg04_theta15p195_foilpm3	0	2	2	1	22	22
rg04_theta15p195_foilpm3	0	2	2	2	33	33
rg04_theta15p195_foilpm3	0	2	2	4	87	87
rg04_theta15p195_foilpm3	0	2	2	5	102	102
rg04_theta15p195_foilpm3	0	2	2	6	121	110
rg04_theta15p195_foilpm3	0	2	3	1	22	22
rg04_theta15p195_foilpm3	0	2	3	2	43	43
rg04_theta15p195_foilpm3	0	2	3	3	77	77
rg04_theta15p195_foilpm3	0	2	3	4	110	110
rg04_theta15p195_foilpm3	0	2	3	5	142	142
rg04_theta15p195_foilpm3	0	2	3	6	216	195
rg04_theta15p195_foilpm3	0	2	4	1	24	24
rg04_theta15p195_foilpm3	0	2	4	2	59	59
rg04_theta15p195_foilpm3	0	2	4	3	86	86
rg04_theta15p195_foilpm3	0	2	4	4	22	22
rg04_theta15p195_foilpm3	0	2	4	5	196	196
rg04_theta15p195_foilpm3	0	2	4	6	190	174
rg04_theta15p195_foilpm3	0	2	5	1	16	16
rg04_theta15p195_foilpm3	0	2	5	2	49	49
rg04_theta15p195_foilpm3	0	2	5	3	66	66
rg04_theta15p195_foilpm3	0	2	5	4	120	120
rg04_theta15p195_foilpm3	0	2	5	6	196	173
rg04_theta15p195_foilpm3	0	2	6	1	16	16
rg04_theta15p195_foilpm3	0	2	6	2	31	31
rg04_theta15p195_foilpm3	0	2	6	3	80	80
rg04_theta15p195_foilpm3	0	2	6	4	111	111
rg04_theta15p195_foilpm3	0	2	6	5	117	117
rg04_theta15p195_foilpm3	0	2	6	6	179	161
rg04_theta15p195_foilpm3	0	2	7	1	5	5
rg04_theta15p195_foilpm3	0	2	7	2	33	33
rg04_theta15p195_foilpm3	0	2	7	3	53	53
rg04_theta15p195_foilpm3	0	2	7	4	87	87
rg04_theta15p195_foilpm3	0	2	7	5	113	113
rg04_theta15p195_foilpm3	0	2	7	6	134	125
rg04_theta15p195_foilpm3	0	2	8	2	13	13
rg04_theta15p195_foilpm3	0	2	8	3	35	35
rg04_theta15p195_foilpm3	0	2	8	4	45	45
rg04_theta15p195_foilpm3	0	2	8	5	81	81
rg04_theta15p195_foilpm3	0	3	0	2	8	8
rg04_theta15p195_foilpm3	0	3	0	3	16	16
rg04_theta15p195_foilpm3	0	3	0	4	35	35
rg04_theta15p195_foilpm3	0	3	0	5	51	51
rg04_theta15p195_foilpm3	0	3	1	2	9	9
rg04_theta15p195_foilpm3	0	3	1	3	18	18
rg04_theta15p195_foilpm3	0	3	1	4	38	38
rg04_theta15p195_foilpm3	0	3	1	5	62	62
rg04_theta15p195_foilpm3	0	3	1	6	85	85
rg04_theta15p195_foilpm3	0	3	2	1	3	3
rg04_theta15p195_foilpm3	0	3	2	2	20	20
rg04_theta15p195_foilpm3	0	3	2	4	62	62
rg04_theta15p195_foilpm3	0	3	2	5	91	91
rg04_theta15p195_foilpm3	0	3	2	6	122	122
rg04_theta15p195_foilpm3	0	3	3	1	10	10
rg04_theta15p195_foilpm3	0	3	3	2	23	23
rg04_theta15p195_foilpm3	0	3	3	3	41	41
rg04_theta15p195_foilpm3	0	3	3	4	73	73
rg04_theta15p195_foilpm3	0	3	3	5	125	125
rg04_theta15p195_foilpm3	0	3	3	6	169	169
rg04_theta15p195_foilpm3	0	3	4	1	16	16
rg04_theta15p195_foilpm3	0	3	4	2	29	29
rg04_theta15p195_foilpm3	0	3	4	3	39	39
rg04_theta15p195_foilpm3	0	3	4	4	12	12
rg04_theta15p195_foilpm3	0	3	4	5	89	89
rg04_theta15p195_foilpm3	0	3	4	6	155	155
rg04_theta15p195_foilpm3	0	3	5	1	12	12
rg04_theta15p195_foilpm3	0	3	5	2	26	26
rg04_theta15p195_foilpm3	0	3	5	3	42	42
rg04_theta15p195_foilpm3	0	3	5	4	64	64
rg04_theta15p195_foilpm3	0	3	5	6	146	146
rg04_theta15p195_foilpm3	0	3	6	1	9	9
rg04_theta15p195_foilpm3	0	3	6	2	13	13
rg04_theta15p195_foilpm3	0	3	6	3	36	36
rg04_theta15p195_foilpm3	0	3	6	4	59	59
rg04_theta15p195_foilpm3	0	3	6	5	87	87
rg04_theta15p195_foilpm3	0	3	6	6	131	131
rg04_theta15p195_foilpm3	0	3	7	1	2	2
rg04_theta15p195_foilpm3	0	3	7	2	13	13
rg04_theta15p195_foilpm3	0	3	7	3	15	15
rg04_theta15p195_foilpm3	0	3	7	4	47	47
rg04_theta15p195_foilpm3	0	3	7	5	63	63
rg04_theta15p195_foilpm3	0	3	7	6	83	83
rg04_theta15p195_foilpm3	0	3	8	2	6	6
rg04_theta15p195_foilpm3	0	3	8	3	18	18
rg04_theta15p195_foilpm3	0	3	8	4	28	28
rg04_theta15p195_foilpm3	0	3	8	5	45	45
rg04_theta15p195_foilpm3	0	4	1	2	2	2
rg04_theta15p195_foilpm3	0	4	1	3	10	10
rg04_theta15p195_foilpm3	0	4	1	4	24	24
rg04_theta15p195_foilpm3	0	4	1	5	34	34
rg04_theta15p195_foilpm3	0	4	1	6	53	53
rg04_theta15p195_foilpm3	0	4	2	2	4	4
rg04_theta15p195_foilpm3	0	4	2	4	22	22
rg04_theta15p195_foilpm3	0	4	2	5	40	40
rg04_theta15p195_foilpm3	0	4	2	6	66	66
rg04_theta15p195_foilpm3	0	4	3	2	5	5
rg04_theta15p195_foilpm3	0	4	3	3	4	4
rg04_theta15p195_foilpm3	0	4	3	4	20	20
rg04_theta15p195_foilpm3	0	4	3	5	53	53
rg04_theta15p195_foilpm3	0	4	3	6	81	81
rg04_theta15p195_foilpm3	0	4	4	2	8	8
rg04_theta15p195_foilpm3	0	4	4	3	18	18
rg04_theta15p195_foilpm3	0	4	4	4	11	11
rg04_theta15p195_foilpm3	0	4	4	5	47	47
rg04_theta15p195_foilpm3	0	4	4	6	79	79
rg04_theta15p195_foilpm3	0	4	5	2	11	11
rg04_theta15p195_foilpm3	0	4	5	3	20	20
rg04_theta15p195_foilpm3	0	4	5	4	29	29
rg04_theta15p195_foilpm3	0	4	5	6	81	81
rg04_theta15p195_foilpm3	0	4	6	2	4	4
rg04_theta15p195_foilpm3	0	4	6	3	12	12
rg04_theta15p195_foilpm3	0	4	6	4	18	18
rg04_theta15p195_foilpm3	0	4	6	5	43	43
rg04_theta15p195_foilpm3	0	4	6	6	45	45
rg04_theta15p195_foilpm3	0	4	7	2	4	4
rg04_theta15p195_foilpm3	0	4	7	3	1	1
rg04_theta15p195_foilpm3	0	4	7	4	15	15
rg04_theta15p195_foilpm3	0	4	7	5	23	23
rg04_theta15p195_foilpm3	0	4	7	6	43	43
rg04_theta15p195_foilpm3	0	4	8	3	5	5
rg04_theta15p195_foilpm3	0	4	8	4	11	11
rg04_theta15p195_foilpm3	0	4	8	5	15	15
rg04_theta15p195_foilpm3	1	0	0	3	14	14
rg04_theta15p195_foilpm3	1	0	0	4	13	13
rg04_theta15p195_foilpm3	1	0	0	5	32	32
rg04_theta15p195_foilpm3	1	0	0	6	23	23
rg04_theta15p195_foilpm3	1	0	1	2	16	16
rg04_theta15p195_foilpm3	1	0	1	3	11	11
rg04_theta15p195_foilpm3	1	0	1	4	36	36
rg04_theta15p195_foilpm3	1	0	1	5	44	44
rg04_theta15p195_foilpm3	1	0	1	6	46	46
rg04_theta15p195_foilpm3	1	0	2	2	17	17
rg04_theta15p195_foilpm3	1	0	2	3	4	4
rg04_theta15p195_foilpm3	1	0	2	4	34	34
rg04_theta15p195_foilpm3	1	0	2	5	48	48
rg04_theta15p195_foilpm3	1	0	2	6	74	74
rg04_theta15p195_foilpm3	1	0	2	7	9	9
rg04_theta15p195_foilpm3	1	0	3	2	16	16
rg04_theta15p195_foilpm3	1	0	3	3	31	31
rg04_theta15p195_foilpm3	1	0	3	4	35	35
rg04_theta15p195_foilpm3	1	0	3	5	58	58
rg04_theta15p195_foilpm3	1	0	3	6	85	85
rg04_theta15p195_foilpm3	1	0	3	7	16	16
rg04_theta15p195_foilpm3	1	0	4	2	18	18
rg04_theta15p195_foilpm3	1	0	4	3	35	35
rg04_theta15p195_foilpm3	1	0	4	4	8	8
rg04_theta15p195_foilpm3	1	0	4	5	69	69
rg04_theta15p195_foilpm3	1	0	4	6	83	83
rg04_theta15p195_foilpm3	1	0	4	7	21	21
rg04_theta15p195_foilpm3	1	0	5	2	10	10
rg04_theta15p195_foilpm3	1	0	5	3	22	22
rg04_theta15p195_foilpm3	1	0	5	4	39	39
rg04_theta15p195_foilpm3	1	0	5	6	59	59
rg04_theta15p195_foilpm3	1	0	5	7	15	15
rg04_theta15p195_foilpm3	1	0	6	2	8	8
rg04_theta15p195_foilpm3	1	0	6	3	18	18
rg04_theta15p195_foilpm3	1	0	6	4	38	38
rg04_theta15p195_foilpm3	1	0	6	5	40	40
rg04_theta15p195_foilpm3	1	0	6	6	66	66
rg04_theta15p195_foilpm3	1	0	6	7	10	10
rg04_theta15p195_foilpm3	1	0	7	2	2	2
rg04_theta15p195_foilpm3	1	0	7	3	14	14
rg04_theta15p195_foilpm3	1	0	7	4	21	21
rg04_theta15p195_foilpm3	1	0	7	5	20	20
rg04_theta15p195_foilpm3	1	0	7	6	40	40
rg04_theta15p195_foilpm3	1	0	8	4	2	2
rg04_theta15p195_foilpm3	1	0	8	5	11	11
rg04_theta15p195_foilpm3	1	0	8	6	15	15
rg04_theta15p195_foilpm3	1	1	0	3	19	19
rg04_theta15p195_foilpm3	1	1	0	4	30	30
rg04_theta15p195_foilpm3	1	1	0	5	37	37
rg04_theta15p195_foilpm3	1	1	0	6	32	32
rg04_theta15p195_foilpm3	1	1	1	2	18	18
rg04_theta15p195_foilpm3	1	1	1	3	28	28
rg04_theta15p195_foilpm3	1	1	1	4	35	35
rg04_theta15p195_foilpm3	1	1	1	5	63	63
rg04_theta15p195_foilpm3	1	1	1	6	78	78
rg04_theta15p195_foilpm3	1	1	1	7	1	1
rg04_theta15p195_foilpm3	1	1	2	2	8	8
rg04_theta15p195_foilpm3	1	1	2	4	61	61
rg04_theta15p195_foilpm3	1	1	2	5	75	75
rg04_theta15p195_foilpm3	1	1	2	6	88	88
rg04_theta15p195_foilpm3	1	1	2	7	50	50
rg04_theta15p195_foilpm3	1	1	3	2	28	28
rg04_theta15p195_foilpm3	1	1	3	3	34	34
rg04_theta15p195_foilpm3	1	1	3	4	63	63
rg04_theta15p195_foilpm3	1	1	3	5	89	89
rg04_theta15p195_foilpm3	1	1	3	6	100	100
rg04_theta15p195_foilpm3	1	1	3	7	97	97
rg04_theta15p195_foilpm3	1	1	4	2	37	37
rg04_theta15p195_foilpm3	1	1	4	3	42	42
rg04_theta15p195_foilpm3	1	1	4	4	15	15
rg04_theta15p195_foilpm3	1	1	4	5	79	79
rg04_theta15p195_foilpm3	1	1	4	6	129	129
rg04_theta15p195_foilpm3	1	1	4	7	133	133
rg04_theta15p195_foilpm3	1	1	5	2	7	7
rg04_theta15p195_foilpm3	1	1	5	3	45	45
rg04_theta15p195_foilpm3	1	1	5	4	60	60
rg04_theta15p195_foilpm3	1	1	5	5	1	1
rg04_theta15p195_foilpm3	1	1	5	6	109	109
rg04_theta15p195_foilpm3	1	1	5	7	96	96
rg04_theta15p195_foilpm3	1	1	6	2	12	12
rg04_theta15p195_foilpm3	1	1	6	3	30	30
rg04_theta15p195_foilpm3	1	1	6	4	37	37
rg04_theta15p195_foilpm3	1	1	6	5	71	71
rg04_theta15p195_foilpm3	1	1	6	6	91	91
rg04_theta15p195_foilpm3	1	1	6	7	72	72
rg04_theta15p195_foilpm3	1	1	7	2	13	13
rg04_theta15p195_foilpm3	1	1	7	3	23	23
rg04_theta15p195_foilpm3	1	1	7	4	41	41
rg04_theta15p195_foilpm3	1	1	7	5	52	52
rg04_theta15p195_foilpm3	1	1	7	6	73	73
rg04_theta15p195_foilpm3	1	1	8	3	24	24
rg04_theta15p195_foilpm3	1	1	8	4	15	15
rg04_theta15p195_foilpm3	1	1	8	5	39	39
rg04_theta15p195_foilpm3	1	1	8	6	41	41
rg04_theta15p195_foilpm3	1	2	0	3	16	16
rg04_theta15p195_foilpm3	1	2	0	4	25	25
rg04_theta15p195_foilpm3	1	2	0	5	45	45
rg04_theta15p195_foilpm3	1	2	0	6	79	70
rg04_theta15p195_foilpm3	1	2	1	2	19	19
rg04_theta15p195_foilpm3	1	2	1	3	32	32
rg04_theta15p195_foilpm3	1	2	1	4	44	44
rg04_theta15p195_foilpm3	1	2	1	5	66	66
rg04_theta15p195_foilpm3	1	2	1	6	107	97
rg04_theta15p195_foilpm3	1	2	2	4	65	65
rg04_theta15p195_foilpm3	1	2	2	5	91	91
rg04_theta15p195_foilpm3	1	2	2	6	119	114
rg04_theta15p195_foilpm3	1	2	2	7	176	176
rg04_theta15p195_foilpm3	1	2	3	2	26	26
rg04_theta15p195_foilpm3	1	2	3	3	45	45
rg04_theta15p195_foilpm3	1	2	3	4	83	83
rg04_theta15p195_foilpm3	1	2	3	5	122	122
rg04_theta15p195_foilpm3	1	2	3	6	171	158
rg04_theta15p195_foilpm3	1	2	3	7	198	198
rg04_theta15p195_foilpm3	1	2	4	2	19	19
rg04_theta15p195_foilpm3	1	2	4	3	53	53
rg04_theta15p195_foilpm3	1	2	4	4	21	21
rg04_theta15p195_foilpm3	1	2	4	5	132	132
rg04_theta15p195_foilpm3	1	2	4	6	179	158
rg04_theta15p195_foilpm3	1	2	4	7	216	216
rg04_theta15p195_foilpm3	1	2	5	2	27	27
rg04_theta15p195_foilpm3	1	2	5	3	58	58
rg04_theta15p195_foilpm3	1	2	5	4	99	99
rg04_theta15p195_foilpm3	1	2	5	6	160	145
rg04_theta15p195_foilpm3	1	2	5	7	201	201
rg04_theta15p195_foilpm3	1	2	6	2	20	20
rg04_theta15p195_foilpm3	1	2	6	3	41	41
rg04_theta15p195_foilpm3	1	2	6	4	60	60
rg04_theta15p195_foilpm3	1	2	6	5	101	101
rg04_theta15p195_foilpm3	1	2	6	6	139	120
rg04_theta15p195_foilpm3	1	2	6	7	177	177
rg04_theta15p195_foilpm3	1	2	7	2	18	18
rg04_theta15p195_foilpm3	1	2	7	3	19	19
rg04_theta15p195_foilpm3	1	2	7	4	48	48
rg04_theta15p195_foilpm3	1	2	7	5	71	71
rg04_theta15p195_foilpm3	1	2	7	6	94	81
rg04_theta15p195_foilpm3	1	2	8	3	15	15
rg04_theta15p195_foilpm3	1	2	8	4	33	33
rg04_theta15p195_foilpm3	1	2	8	5	54	54
rg04_theta15p195_foilpm3	1	2	8	6	67	57
rg04_theta15p195_foilpm3	1	3	0	3	7	7
rg04_theta15p195_foilpm3	1	3	0	4	1	1
rg04_theta15p195_foilpm3	1	3	0	5	36	36
rg04_theta15p195_foilpm3	1	3	0	6	43	43
rg04_theta15p195_foilpm3	1	3	1	2	14	14
rg04_theta15p195_foilpm3	1	3	1	3	12	12
rg04_theta15p195_foilpm3	1	3	1	4	25	25
rg04_theta15p195_foilpm3	1	3	1	5	43	43
rg04_theta15p195_foilpm3	1	3	1	6	81	81
rg04_theta15p195_foilpm3	1	3	2	2	7	7
rg04_theta15p195_foilpm3	1	3	2	4	52	52
rg04_theta15p195_foilpm3	1	3	2	5	56	56
rg04_theta15p195_foilpm3	1	3	2	6	107	107
rg04_theta15p195_foilpm3	1	3	2	7	138	138
rg04_theta15p195_foilpm3	1	3	3	2	19	19
rg04_theta15p195_foilpm3	1	3	3	3	21	21
rg04_theta15p195_foilpm3	1	3	3	4	53	53
rg04_theta15p195_foilpm3	1	3	3	5	88	88
rg04_theta15p195_foilpm3	1	3	3	6	100	100
rg04_theta15p195_foilpm3	1	3	3	7	175	175
rg04_theta15p195_foilpm3	1	3	4	2	13	13
rg04_theta15p195_foilpm3	1	3	4	3	17	17
rg04_theta15p195_foilpm3	1	3	4	4	14	14
rg04_theta15p195_foilpm3	1	3	4	5	64	64
rg04_theta15p195_foilpm3	1	3	4	6	140	140
rg04_theta15p195_foilpm3	1	3	4	7	177	177
rg04_theta15p195_foilpm3	1	3	5	2	8	8
rg04_theta15p195_foilpm3	1	3	5	3	26	26
rg04_theta15p195_foilpm3	1	3	5	4	44	44
rg04_theta15p195_foilpm3	1	3	5	6	115	115
rg04_theta15p195_foilpm3	1	3	5	7	159	159
rg04_theta15p195_foilpm3	1	3	6	2	9	9
rg04_theta15p195_foilpm3	1	3	6	3	16	16
rg04_theta15p195_foilpm3	1	3	6	4	22	22
rg04_theta15p195_foilpm3	1	3	6	5	48	48
rg04_theta15p195_foilpm3	1	3	6	6	94	94
rg04_theta15p195_foilpm3	1	3	6	7	134	134
rg04_theta15p195_foilpm3	1	3	7	2	4	4
rg04_theta15p195_foilpm3	1	3	7	3	17	17
rg04_theta15p195_foilpm3	1	3	7	4	32	32
rg04_theta15p195_foilpm3	1	3	7	5	61	61
rg04_theta15p195_foilpm3	1	3	7	6	84	84
rg04_theta15p195_foilpm3	1	3	8	3	9	9
rg04_theta15p195_foilpm3	1	3	8	4	17	17
rg04_theta15p195_foilpm3	1	3	8	5	29	29
rg04_theta15p195_foilpm3	1	3	8	6	50	50
rg04_theta15p195_foilpm3	1	4	0	3	2	2
rg04_theta15p195_foilpm3	1	4	0	4	6	6
rg04_theta15p195_foilpm3	1	4	0	5	12	12
rg04_theta15p195_foilpm3	1	4	0	6	10	10
rg04_theta15p195_foilpm3	1	4	1	3	2	2
rg04_theta15p195_foilpm3	1	4	1	4	13	13
rg04_theta15p195_foilpm3	1	4	1	5	9	9
rg04_theta15p195_foilpm3	1	4	1	6	29	29
rg04_theta15p195_foilpm3	1	4	2	4	12	12
rg04_theta15p195_foilpm3	1	4	2	5	19	19
rg04_theta15p195_foilpm3	1	4	2	6	46	46
rg04_theta15p195_foilpm3	1	4	2	7	67	67
rg04_theta15p195_foilpm3	1	4	3	3	9	9
rg04_theta15p195_foilpm3	1	4	3	4	8	8
rg04_theta15p195_foilpm3	1	4	3	5	15	15
rg04_theta15p195_foilpm3	1	4	3	6	52	52
rg04_theta15p195_foilpm3	1	4	3	7	96	96
rg04_theta15p195_foilpm3	1	4	4	3	10	10
rg04_theta15p195_foilpm3	1	4	4	5	23	23
rg04_theta15p195_foilpm3	1	4	4	6	60	60
rg04_theta15p195_foilpm3	1	4	4	7	70	70
rg04_theta15p195_foilpm3	1	4	5	3	8	8
rg04_theta15p195_foilpm3	1	4	5	4	17	17
rg04_theta15p195_foilpm3	1	4	5	6	55	55
rg04_theta15p195_foilpm3	1	4	5	7	87	87
rg04_theta15p195_foilpm3	1	4	6	4	12	12
rg04_theta15p195_foilpm3	1	4	6	5	28	28
rg04_theta15p195_foilpm3	1	4	6	6	46	46
rg04_theta15p195_foilpm3	1	4	6	7	50	50
rg04_theta15p195_foilpm3	1	4	7	3	3	3
rg04_theta15p195_foilpm3	1	4	7	4	3	3
rg04_theta15p195_foilpm3	1	4	7	5	13	13
rg04_theta15p195_foilpm3	1	4	7	6	35	35
rg04_theta15p195_foilpm3	1	4	7	7	1	1
rg04_theta15p195_foilpm3	1	4	8	3	2	2
rg04_theta15p195_foilpm3	1	4	8	4	5	5
rg04_theta15p195_foilpm3	1	4	8	5	6	6
rg04_theta15p195_foilpm3	1	4	8	6	6	6
rg05_theta12p495_foilpm3	0	0	0	2	28	18
rg05_theta12p495_foilpm3	0	0	0	3	21	15
rg05_theta12p495_foilpm3	0	0	0	4	37	23
rg05_theta12p495_foilpm3	0	0	0	5	14	11
rg05_theta12p495_foilpm3	0	0	1	2	20	16
rg05_theta12p495_foilpm3	0	0	1	3	48	27
rg05_theta12p495_foilpm3	0	0	1	4	57	42
rg05_theta12p495_foilpm3	0	0	1	5	27	16
rg05_theta12p495_foilpm3	0	0	2	2	41	27
rg05_theta12p495_foilpm3	0	0	2	3	1	0
rg05_theta12p495_foilpm3	0	0	2	4	67	41
rg05_theta12p495_foilpm3	0	0	2	5	53	40
rg05_theta12p495_foilpm3	0	0	2	6	35	24
rg05_theta12p495_foilpm3	0	0	3	2	21	18
rg05_theta12p495_foilpm3	0	0	3	3	43	28
rg05_theta12p495_foilpm3	0	0	3	4	54	39
rg05_theta12p495_foilpm3	0	0	3	5	93	69
rg05_theta12p495_foilpm3	0	0	3	6	80	50
rg05_theta12p495_foilpm3	0	0	4	2	42	26
rg05_theta12p495_foilpm3	0	0	4	3	55	36
rg05_theta12p495_foilpm3	0	0	4	4	18	16
rg05_theta12p495_foilpm3	0	0	4	5	74	41
rg05_theta12p495_foilpm3	0	0	4	6	109	69
rg05_theta12p495_foilpm3	0	0	5	2	27	17
rg05_theta12p495_foilpm3	0	0	5	3	47	30
rg05_theta12p495_foilpm3	0	0	5	4	64	42
rg05_theta12p495_foilpm3	0	0	5	6	89	64
rg05_theta12p495_foilpm3	0	0	6	2	14	9
rg05_theta12p495_foilpm3	0	0	6	3	46	35
rg05_theta12p495_foilpm3	0	0	6	4	57	33
rg05_theta12p495_foilpm3	0	0	6	5	66	52
rg05_theta12p495_foilpm3	0	0	6	6	81	57
rg05_theta12p495_foilpm3	0	0	7	2	11	10
rg05_theta12p495_foilpm3	0	0	7	3	26	22
rg05_theta12p495_foilpm3	0	0	7	4	32	21
rg05_theta12p495_foilpm3	0	0	7	5	37	25
rg05_theta12p495_foilpm3	0	0	7	6	53	35
rg05_theta12p495_foilpm3	0	0	8	3	9	6
rg05_theta12p495_foilpm3	0	0	8	4	13	9
rg05_theta12p495_foilpm3	0	0	8	5	27	19
rg05_theta12p495_foilpm3	0	0	8	6	1	1
rg05_theta12p495_foilpm3	0	1	0	2	31	21
rg05_theta12p495_foilpm3	0	1	0	3	34	20
rg05_theta12p495_foilpm3	0	1	0	4	59	41
rg05_theta12p495_foilpm3	0	1	0	5	73	52
rg05_theta12p495_foilpm3	0	1	1	1	6	5
rg05_theta12p495_foilpm3	0	1	1	2	37	28
rg05_theta12p495_foilpm3	0	1	1	3	63	46
rg05_theta12p495_foilpm3	0	1	1	4	100	66
rg05_theta12p495_foilpm3	0	1	1	5	85	64
rg05_theta12p495_foilpm3	0	1	1	6	41	22
rg05_theta12p495_foilpm3	0	1	2	1	35	26
rg05_theta12p495_foilpm3	0	1	2	2	65	41
rg05_theta12p495_foilpm3	0	1	2	4	109	75
rg05_theta12p495_foilpm3	0	1	2	5	138	91
rg05_theta12p495_foilpm3	0	1	2	6	108	77
rg05_theta12p495_foilpm3	0	1	3	1	29	19
rg05_theta12p495_foilpm3	0	1	3	2	65	43
rg05_theta12p495_foilpm3	0	1	3	3	85	49
rg05_theta12p495_foilpm3	0	1	3	4	119	86
rg05_theta12p495_foilpm3	0	1	3	5	130	91
rg05_theta12p495_foilpm3	0	1	3	6	153	117
rg05_theta12p495_foilpm3	0	1	4	1	42	29
rg05_theta12p495_foilpm3	0	1	4	2	81	53
rg05_theta12p495_foilpm3	0	1	4	3	94	66
rg05_theta12p495_foilpm3	0	1	4	4	31	17
rg05_theta12p495_foilpm3	0	1	4	5	174	126
rg05_theta12p495_foilpm3	0	1	4	6	193	143
rg05_theta12p495_foilpm3	0	1	5	1	44	24
rg05_theta12p495_foilpm3	0	1	5	2	64	43
rg05_theta12p495_foilpm3	0	1	5	3	117	82
rg05_theta12p495_foilpm3	0	1	5	4	133	100
rg05_theta12p495_foilpm3	0	1	5	5	2	2
rg05_theta12p495_foilpm3	0	1	5	6	211	141
rg05_theta12p495_foilpm3	0	1	6	1	33	26
rg05_theta12p495_foilpm3	0	1	6	2	67	43
rg05_theta12p495_foilpm3	0	1	6	3	77	54
rg05_theta12p495_foilpm3	0	1	6	4	82	55
rg05_theta12p495_foilpm3	0	1	6	5	120	75
rg05_theta12p495_foilpm3	0	1	6	6	157	109
rg05_theta12p495_foilpm3	0	1	7	1	13	8
rg05_theta12p495_foilpm3	0	1	7	2	43	31
rg05_theta12p495_foilpm3	0	1	7	3	59	40
rg05_theta12p495_foilpm3	0	1	7	4	91	66
rg05_theta12p495_foilpm3	0	1	7	5	103	70
rg05_theta12p495_foilpm3	0	1	7	6	113	88
rg05_theta12p495_foilpm3	0	1	8	2	8	7
rg05_theta12p495_foilpm3	0	1	8	3	43	30
rg05_theta12p495_foilpm3	0	1	8	4	65	44
rg05_theta12p495_foilpm3	0	1	8	5	85	53
rg05_theta12p495_foilpm3	0	2	0	2	58	39
rg05_theta12p495_foilpm3	0	2	0	3	72	50
rg05_theta12p495_foilpm3	0	2	0	4	94	69
rg05_theta12p495_foilpm3	0	2	0	5	156	75
rg05_theta12p495_foilpm3	0	2	1	1	16	13
rg05_theta12p495_foilpm3	0	2	1	2	77	56
rg05_theta12p495_foilpm3	0	2	1	3	106	74
rg05_theta12p495_foilpm3	0	2	1	4	140	101
rg05_theta12p495_foilpm3	0	2	1	5	193	115
rg05_theta12p495_foilpm3	0	2	1	6	154	72
rg05_theta12p495_foilpm3	0	2	2	1	49	36
rg05_theta12p495_foilpm3	0	2	2	2	89	58
rg05_theta12p495_foilpm3	0	2	2	4	160	115
rg05_theta12p495_foilpm3	0	2	2	5	258	156
rg05_theta12p495_foilpm3	0	2	2	6	265	135
rg05_theta12p495_foilpm3	0	2	3	1	71	49
rg05_theta12p495_foilpm3	0	2	3	2	125	88
rg05_theta12p495_foilpm3	0	2	3	3	178	126
rg05_theta12p495_foilpm3	0	2	3	4	258	183
rg05_theta12p495_foilpm3	0	2	3	5	301	171
rg05_theta12p495_foilpm3	0	2	3	6	338	172
rg05_theta12p495_foilpm3	0	2	4	1	64	41
rg05_theta12p495_foilpm3	0	2	4	2	131	98
rg05_theta12p495_foilpm3	0	2	4	3	174	122
rg05_theta12p495_foilpm3	0	2	4	4	63	47
rg05_theta12p495_foilpm3	0	2	4	5	312	173
rg05_theta12p495_foilpm3	0	2	4	6	351	173
rg05_theta12p495_foilpm3	0	2	5	1	66	39
rg05_theta12p495_foilpm3	0	2	5	2	107	68
rg05_theta12p495_foilpm3	0	2	5	3	163	114
rg05_theta12p495_foilpm3	0	2	5	4	212	154
rg05_theta12p495_foilpm3	0	2	5	6	369	197
rg05_theta12p495_foilpm3	0	2	6	1	57	40
rg05_theta12p495_foilpm3	0	2	6	2	90	64
rg05_theta12p495_foilpm3	0	2	6	3	154	108
rg05_theta12p495_foilpm3	0	2	6	4	217	151
rg05_theta12p495_foilpm3	0	2	6	5	273	164
rg05_theta12p495_foilpm3	0	2	6	6	297	148
rg05_theta12p495_foilpm3	0	2	7	1	19	11
rg05_theta12p495_foilpm3	0	2	7	2	71	56
rg05_theta12p495_foilpm3	0	2	7	3	122	80
rg05_theta12p495_foilpm3	0	2	7	4	138	102
rg05_theta12p495_foilpm3	0	2	7	5	212	124
rg05_theta12p495_foilpm3	0	2	7	6	207	103
rg05_theta12p495_foilpm3	0	2	8	2	45	32
rg05_theta12p495_foilpm3	0	2	8	3	84	58
rg05_theta12p495_foilpm3	0	2	8	4	107	77
rg05_theta12p495_foilpm3	0	2	8	5	42	22
rg05_theta12p495_foilpm3	0	3	0	2	21	12
rg05_theta12p495_foilpm3	0	3	0	3	75	53
rg05_theta12p495_foilpm3	0	3	0	4	86	56
rg05_theta12p495_foilpm3	0	3	0	5	111	74
rg05_theta12p495_foilpm3	0	3	1	1	2	2
rg05_theta12p495_foilpm3	0	3	1	2	35	24
rg05_theta12p495_foilpm3	0	3	1	3	85	60
rg05_theta12p495_foilpm3	0	3	1	4	121	82
rg05_theta12p495_foilpm3	0	3	1	5	173	111
rg05_theta12p495_foilpm3	0	3	1	6	197	94
rg05_theta12p495_foilpm3	0	3	2	1	30	17
rg05_theta12p495_foilpm3	0	3	2	2	65	44
rg05_theta12p495_foilpm3	0	3	2	4	178	118
rg05_theta12p495_foilpm3	0	3	2	5	203	137
rg05_theta12p495_foilpm3	0	3	2	6	289	136
rg05_theta12p495_foilpm3	0	3	3	1	52	37
rg05_theta12p495_foilpm3	0	3	3	2	90	63
rg05_theta12p495_foilpm3	0	3	3	3	108	72
rg05_theta12p495_foilpm3	0	3	3	4	178	115
rg05_theta12p495_foilpm3	0	3	3	5	238	153
rg05_theta12p495_foilpm3	0	3	3	6	294	154
rg05_theta12p495_foilpm3	0	3	4	1	49	35
rg05_theta12p495_foilpm3	0	3	4	2	107	71
rg05_theta12p495_foilpm3	0	3	4	3	147	101
rg05_theta12p495_foilpm3	0	3	4	4	39	24
rg05_theta12p495_foilpm3	0	3	4	5	279	187
rg05_theta12p495_foilpm3	0	3	4	6	366	187
rg05_theta12p495_foilpm3	0	3	5	1	55	37
rg05_theta12p495_foilpm3	0	3	5	2	99	77
rg05_theta12p495_foilpm3	0	3	5	3	115	85
rg05_theta12p495_foilpm3	0	3	5	4	209	130
rg05_theta12p495_foilpm3	0	3	5	6	323	178
rg05_theta12p495_foilpm3	0	3	6	1	36	26
rg05_theta12p495_foilpm3	0	3	6	2	77	55
rg05_theta12p495_foilpm3	0	3	6	3	104	69
rg05_theta12p495_foilpm3	0	3	6	4	137	100
rg05_theta12p495_foilpm3	0	3	6	5	231	150
rg05_theta12p495_foilpm3	0	3	6	6	279	134
rg05_theta12p495_foilpm3	0	3	7	1	20	17
rg05_theta12p495_foilpm3	0	3	7	2	62	41
rg05_theta12p495_foilpm3	0	3	7	3	61	43
rg05_theta12p495_foilpm3	0	3	7	4	136	96
rg05_theta12p495_foilpm3	0	3	7	5	172	115
rg05_theta12p495_foilpm3	0	3	7	6	217	117
rg05_theta12p495_foilpm3	0	3	8	2	27	18
rg05_theta12p495_foilpm3	0	3	8	3	67	45
rg05_theta12p495_foilpm3	0	3	8	4	84	58
rg05_theta12p495_foilpm3	0	3	8	5	110	73
rg05_theta12p495_foilpm3	0	4	0	2	6	4
rg05_theta12p495_foilpm3	0	4	0	3	31	23
rg05_theta12p495_foilpm3	0	4	0	4	47	35
rg05_theta12p495_foilpm3	0	4	0	5	69	56
rg05_theta12p495_foilpm3	0	4	1	2	22	14
rg05_theta12p495_foilpm3	0	4	1	3	32	23
rg05_theta12p495_foilpm3	0	4	1	4	80	63
rg05_theta12p495_foilpm3	0	4	1	5	117	77
rg05_theta12p495_foilpm3	0	4	1	6	163	111
rg05_theta12p495_foilpm3	0	4	2	1	18	11
rg05_theta12p495_foilpm3	0	4	2	2	39	29
rg05_theta12p495_foilpm3	0	4	2	4	97	72
rg05_theta12p495_foilpm3	0	4	2	5	138	101
rg05_theta12p495_foilpm3	0	4	2	6	204	152
rg05_theta12p495_foilpm3	0	4	3	1	28	16
rg05_theta12p495_foilpm3	0	4	3	2	47	27
rg05_theta12p495_foilpm3	0	4	3	3	71	51
rg05_theta12p495_foilpm3	0	4	3	4	117	80
rg05_theta12p495_foilpm3	0	4	3	5	174	121
rg05_theta12p495_foilpm3	0	4	3	6	257	162
rg05_theta12p495_foilpm3	0	4	4	1	30	20
rg05_theta12p495_foilpm3	0	4	4	2	39	30
rg05_theta12p495_foilpm3	0	4	4	3	68	42
rg05_theta12p495_foilpm3	0	4	4	4	31	19
rg05_theta12p495_foilpm3	0	4	4	5	195	130
rg05_theta12p495_foilpm3	0	4	4	6	264	175
rg05_theta12p495_foilpm3	0	4	5	1	23	12
rg05_theta12p495_foilpm3	0	4	5	2	46	37
rg05_theta12p495_foilpm3	0	4	5	3	79	49
rg05_theta12p495_foilpm3	0	4	5	4	119	79
rg05_theta12p495_foilpm3	0	4	5	6	228	161
rg05_theta12p495_foilpm3	0	4	6	1	12	9
rg05_theta12p495_foilpm3	0	4	6	2	31	23
rg05_theta12p495_foilpm3	0	4	6	3	55	43
rg05_theta12p495_foilpm3	0	4	6	4	77	57
rg05_theta12p495_foilpm3	0	4	6	5	142	101
rg05_theta12p495_foilpm3	0	4	6	6	204	132
rg05_theta12p495_foilpm3	0	4	7	1	2	1
rg05_theta12p495_foilpm3	0	4	7	2	15	11
rg05_theta12p495_foilpm3	0	4	7	3	53	36
rg05_theta12p495_foilpm3	0	4	7	4	59	43
rg05_theta12p495_foilpm3	0	4	7	5	98	67
rg05_theta12p495_foilpm3	0	4	7	6	143	100
rg05_theta12p495_foilpm3	0	4	8	2	3	2
rg05_theta12p495_foilpm3	0	4	8	3	24	20
rg05_theta12p495_foilpm3	0	4	8	4	54	41
rg05_theta12p495_foilpm3	0	4	8	5	72	46
rg05_theta12p495_foilpm3	1	0	0	3	17	11
rg05_theta12p495_foilpm3	1	0	0	4	35	29
rg05_theta12p495_foilpm3	1	0	0	5	47	28
rg05_theta12p495_foilpm3	1	0	0	6	41	24
rg05_theta12p495_foilpm3	1	0	1	2	27	19
rg05_theta12p495_foilpm3	1	0	1	3	25	15
rg05_theta12p495_foilpm3	1	0	1	4	45	31
rg05_theta12p495_foilpm3	1	0	1	5	49	34
rg05_theta12p495_foilpm3	1	0	1	6	59	31
rg05_theta12p495_foilpm3	1	0	2	2	28	20
rg05_theta12p495_foilpm3	1	0	2	3	3	2
rg05_theta12p495_foilpm3	1	0	2	4	55	29
rg05_theta12p495_foilpm3	1	0	2	5	48	35
rg05_theta12p495_foilpm3	1	0	2	6	109	71
rg05_theta12p495_foilpm3	1	0	2	7	9	7
rg05_theta12p495_foilpm3	1	0	3	2	32	21
rg05_theta12p495_foilpm3	1	0	3	3	49	31
rg05_theta12p495_foilpm3	1	0	3	4	59	32
rg05_theta12p495_foilpm3	1	0	3	5	67	43
rg05_theta12p495_foilpm3	1	0	3	6	98	63
rg05_theta12p495_foilpm3	1	0	3	7	21	12
rg05_theta12p495_foilpm3	1	0	4	2	29	16
rg05_theta12p495_foilpm3	1	0	4	3	52	33
rg05_theta12p495_foilpm3	1	0	4	4	25	14
rg05_theta12p495_foilpm3	1	0	4	5	77	50
rg05_theta12p495_foilpm3	1	0	4	6	118	81
rg05_theta12p495_foilpm3	1	0	4	7	22	14
rg05_theta12p495_foilpm3	1	0	5	2	30	17
rg05_theta12p495_foilpm3	1	0	5	3	46	34
rg05_theta12p495_foilpm3	1	0	5	4	62	42
rg05_theta12p495_foilpm3	1	0	5	6	94	62
rg05_theta12p495_foilpm3	1	0	5	7	15	11
rg05_theta12p495_foilpm3	1	0	6	2	16	10
rg05_theta12p495_foilpm3	1	0	6	3	36	23
rg05_theta12p495_foilpm3	1	0	6	4	49	35
rg05_theta12p495_foilpm3	1	0	6	5	76	44
rg05_theta12p495_foilpm3	1	0	6	6	80	49
rg05_theta12p495_foilpm3	1	0	6	7	7	2
rg05_theta12p495_foilpm3	1	0	7	2	8	1
rg05_theta12p495_foilpm3	1	0	7	3	23	15
rg05_theta12p495_foilpm3	1	0	7	4	42	31
rg05_theta12p495_foilpm3	1	0	7	5	45	22
rg05_theta12p495_foilpm3	1	0	7	6	81	51
rg05_theta12p495_foilpm3	1	0	8	3	8	4
rg05_theta12p495_foilpm3	1	0	8	4	5	4
rg05_theta12p495_foilpm3	1	0	8	5	26	15
rg05_theta12p495_foilpm3	1	0	8	6	23	13
rg05_theta12p495_foilpm3	1	0	8	7	1	1
rg05_theta12p495_foilpm3	1	1	0	3	41	26
rg05_theta12p495_foilpm3	1	1	0	4	46	26
rg05_theta12p495_foilpm3	1	1	0	5	61	37
rg05_theta12p495_foilpm3	1	1	0	6	60	38
rg05_theta12p495_foilpm3	1	1	1	2	30	18
rg05_theta12p495_foilpm3	1	1	1	3	44	23
rg05_theta12p495_foilpm3	1	1	1	4	62	42
rg05_theta12p495_foilpm3	1	1	1	5	105	57
rg05_theta12p495_foilpm3	1	1	1	6	128	72
rg05_theta12p495_foilpm3	1	1	2	2	41	26
rg05_theta12p495_foilpm3	1	1	2	4	131	91
rg05_theta12p495_foilpm3	1	1	2	5	107	72
rg05_theta12p495_foilpm3	1	1	2	6	145	93
rg05_theta12p495_foilpm3	1	1	2	7	82	47
rg05_theta12p495_foilpm3	1	1	3	2	26	19
rg05_theta12p495_foilpm3	1	1	3	3	65	46
rg05_theta12p495_foilpm3	1	1	3	4	128	82
rg05_theta12p495_foilpm3	1	1	3	5	152	96
rg05_theta12p495_foilpm3	1	1	3	6	172	104
rg05_theta12p495_foilpm3	1	1	3	7	178	111
rg05_theta12p495_foilpm3	1	1	4	2	44	21
rg05_theta12p495_foilpm3	1	1	4	3	94	68
rg05_theta12p495_foilpm3	1	1	4	4	37	25
rg05_theta12p495_foilpm3	1	1	4	5	162	106
rg05_theta12p495_foilpm3	1	1	4	6	188	123
rg05_theta12p495_foilpm3	1	1	4	7	197	131
rg05_theta12p495_foilpm3	1	1	5	2	46	30
rg05_theta12p495_foilpm3	1	1	5	3	58	34
rg05_theta12p495_foilpm3	1	1	5	4	126	73
rg05_theta12p495_foilpm3	1	1	5	6	220	132
rg05_theta12p495_foilpm3	1	1	5	7	176	109
rg05_theta12p495_foilpm3	1	1	6	2	27	18
rg05_theta12p495_foilpm3	1	1	6	3	63	36
rg05_theta12p495_foilpm3	1	1	6	4	88	53
rg05_theta12p495_foilpm3	1	1	6	5	148	97
rg05_theta12p495_foilpm3	1	1	6	6	158	112
rg05_theta12p495_foilpm3	1	1	6	7	120	83
rg05_theta12p495_foilpm3	1	1	7	2	27	20
rg05_theta12p495_foilpm3	1	1	7	3	46	23
rg05_theta12p495_foilpm3	1	1	7	4	75	47
rg05_theta12p495_foilpm3	1	1	7	5	88	55
rg05_theta12p495_foilpm3	1	1	7	6	115	82
rg05_theta12p495_foilpm3	1	1	8	3	29	17
rg05_theta12p495_foilpm3	1	1	8	4	43	25
rg05_theta12p495_foilpm3	1	1	8	5	59	39
rg05_theta12p495_foilpm3	1	1	8	6	101	67
rg05_theta12p495_foilpm3	1	2	0	3	32	17
rg05_theta12p495_foilpm3	1	2	0	4	62	41
rg05_theta12p495_foilpm3	1	2	0	5	90	58
rg05_theta12p495_foilpm3	1	2	0	6	100	44
rg05_theta12p495_foilpm3	1	2	1	2	47	28
rg05_theta12p495_foilpm3	1	2	1	3	62	42
rg05_theta12p495_foilpm3	1	2	1	4	121	77
rg05_theta12p495_foilpm3	1	2	1	5	154	96
rg05_theta12p495_foilpm3	1	2	1	6	171	78
rg05_theta12p495_foilpm3	1	2	2	2	22	14
rg05_theta12p495_foilpm3	1	2	2	4	156	106
rg05_theta12p495_foilpm3	1	2	2	5	202	124
rg05_theta12p495_foilpm3	1	2	2	6	247	114
rg05_theta12p495_foilpm3	1	2	2	7	258	158
rg05_theta12p495_foilpm3	1	2	3	2	55	35
rg05_theta12p495_foilpm3	1	2	3	3	102	57
rg05_theta12p495_foilpm3	1	2	3	4	213	126
rg05_theta12p495_foilpm3	1	2	3	5	273	178
rg05_theta12p495_foilpm3	1	2	3	6	332	164
rg05_theta12p495_foilpm3	1	2	3	7	344	211
rg05_theta12p495_foilpm3	1	2	4	2	55	39
rg05_theta12p495_foilpm3	1	2	4	3	112	67
rg05_theta12p495_foilpm3	1	2	4	4	53	38
rg05_theta12p495_foilpm3	1	2	4	5	287	189
rg05_theta12p495_foilpm3	1	2	4	6	341	149
rg05_theta12p495_foilpm3	1	2	4	7	402	261
rg05_theta12p495_foilpm3	1	2	5	2	71	47
rg05_theta12p495_foilpm3	1	2	5	3	117	67
rg05_theta12p495_foilpm3	1	2	5	4	200	136
rg05_theta12p495_foilpm3	1	2	5	6	350	154
rg05_theta12p495_foilpm3	1	2	5	7	338	206
rg05_theta12p495_foilpm3	1	2	6	2	52	37
rg05_theta12p495_foilpm3	1	2	6	3	86	56
rg05_theta12p495_foilpm3	1	2	6	4	144	98
rg05_theta12p495_foilpm3	1	2	6	5	219	144
rg05_theta12p495_foilpm3	1	2	6	6	302	130
rg05_theta12p495_foilpm3	1	2	6	7	267	164
rg05_theta12p495_foilpm3	1	2	7	2	51	39
rg05_theta12p495_foilpm3	1	2	7	3	65	38
rg05_theta12p495_foilpm3	1	2	7	4	135	86
rg05_theta12p495_foilpm3	1	2	7	5	173	110
rg05_theta12p495_foilpm3	1	2	7	6	222	101
rg05_theta12p495_foilpm3	1	2	8	3	37	25
rg05_theta12p495_foilpm3	1	2	8	4	72	50
rg05_theta12p495_foilpm3	1	2	8	5	105	62
rg05_theta12p495_foilpm3	1	2	8	6	151	66
rg05_theta12p495_foilpm3	1	3	0	3	25	14
rg05_theta12p495_foilpm3	1	3	0	4	42	29
rg05_theta12p495_foilpm3	1	3	0	5	111	76
rg05_theta12p495_foilpm3	1	3	0	6	76	34
rg05_theta12p495_foilpm3	1	3	1	2	37	26
rg05_theta12p495_foilpm3	1	3	1	3	49	32
rg05_theta12p495_foilpm3	1	3	1	4	89	49
rg05_theta12p495_foilpm3	1	3	1	5	158	103
rg05_theta12p495_foilpm3	1	3	1	6	162	89
rg05_theta12p495_foilpm3	1	3	2	2	43	28
rg05_theta12p495_foilpm3	1	3	2	4	132	94
rg05_theta12p495_foilpm3	1	3	2	5	204	137
rg05_theta12p495_foilpm3	1	3	2	6	229	126
rg05_theta12p495_foilpm3	1	3	2	7	272	158
rg05_theta12p495_foilpm3	1	3	3	2	57	39
rg05_theta12p495_foilpm3	1	3	3	3	85	51
rg05_theta12p495_foilpm3	1	3	3	4	155	94
rg05_theta12p495_foilpm3	1	3	3	5	201	119
rg05_theta12p495_foilpm3	1	3	3	6	295	155
rg05_theta12p495_foilpm3	1	3	3	7	405	204
rg05_theta12p495_foilpm3	1	3	4	2	52	41
rg05_theta12p495_foilpm3	1	3	4	3	95	52
rg05_theta12p495_foilpm3	1	3	4	4	50	32
rg05_theta12p495_foilpm3	1	3	4	5	237	141
rg05_theta12p495_foilpm3	1	3	4	6	335	165
rg05_theta12p495_foilpm3	1	3	4	7	407	236
rg05_theta12p495_foilpm3	1	3	5	2	29	19
rg05_theta12p495_foilpm3	1	3	5	3	98	63
rg05_theta12p495_foilpm3	1	3	5	4	155	103
rg05_theta12p495_foilpm3	1	3	5	6	306	164
rg05_theta12p495_foilpm3	1	3	5	7	402	219
rg05_theta12p495_foilpm3	1	3	6	2	32	25
rg05_theta12p495_foilpm3	1	3	6	3	79	43
rg05_theta12p495_foilpm3	1	3	6	4	127	83
rg05_theta12p495_foilpm3	1	3	6	5	182	107
rg05_theta12p495_foilpm3	1	3	6	6	233	119
rg05_theta12p495_foilpm3	1	3	6	7	331	183
rg05_theta12p495_foilpm3	1	3	7	2	27	19
rg05_theta12p495_foilpm3	1	3	7	3	43	28
rg05_theta12p495_foilpm3	1	3	7	4	74	40
rg05_theta12p495_foilpm3	1	3	7	5	109	72
rg05_theta12p495_foilpm3	1	3	7	6	175	92
rg05_theta12p495_foilpm3	1	3	8	3	42	25
rg05_theta12p495_foilpm3	1	3	8	4	42	29
rg05_theta12p495_foilpm3	1	3	8	5	77	46
rg05_theta12p495_foilpm3	1	3	8	6	108	56
rg05_theta12p495_foilpm3	1	4	0	3	17	15
rg05_theta12p495_foilpm3	1	4	0	4	44	34
rg05_theta12p495_foilpm3	1	4	0	5	45	23
rg05_theta12p495_foilpm3	1	4	0	6	12	9
rg05_theta12p495_foilpm3	1	4	1	2	15	13
rg05_theta12p495_foilpm3	1	4	1	3	29	18
rg05_theta12p495_foilpm3	1	4	1	4	51	36
rg05_theta12p495_foilpm3	1	4	1	5	78	57
rg05_theta12p495_foilpm3	1	4	1	6	93	60
rg05_theta12p495_foilpm3	1	4	2	2	20	13
rg05_theta12p495_foilpm3	1	4	2	4	91	58
rg05_theta12p495_foilpm3	1	4	2	5	102	74
rg05_theta12p495_foilpm3	1	4	2	6	179	116
rg05_theta12p495_foilpm3	1	4	2	7	221	140
rg05_theta12p495_foilpm3	1	4	3	2	23	13
rg05_theta12p495_foilpm3	1	4	3	3	41	27
rg05_theta12p495_foilpm3	1	4	3	4	109	70
rg05_theta12p495_foilpm3	1	4	3	5	144	87
rg05_theta12p495_foilpm3	1	4	3	6	210	142
rg05_theta12p495_foilpm3	1	4	3	7	253	166
rg05_theta12p495_foilpm3	1	4	4	2	23	12
rg05_theta12p495_foilpm3	1	4	4	3	48	32
rg05_theta12p495_foilpm3	1	4	4	4	22	12
rg05_theta12p495_foilpm3	1	4	4	5	145	100
rg05_theta12p495_foilpm3	1	4	4	6	212	151
rg05_theta12p495_foilpm3	1	4	4	7	273	180
rg05_theta12p495_foilpm3	1	4	5	2	26	17
rg05_theta12p495_foilpm3	1	4	5	3	43	23
rg05_theta12p495_foilpm3	1	4	5	4	77	49
rg05_theta12p495_foilpm3	1	4	5	6	191	140
rg05_theta12p495_foilpm3	1	4	5	7	309	194
rg05_theta12p495_foilpm3	1	4	6	2	31	22
rg05_theta12p495_foilpm3	1	4	6	3	38	27
rg05_theta12p495_foilpm3	1	4	6	4	71	41
rg05_theta12p495_foilpm3	1	4	6	5	114	72
rg05_theta12p495_foilpm3	1	4	6	6	191	126
rg05_theta12p495_foilpm3	1	4	6	7	224	147
rg05_theta12p495_foilpm3	1	4	7	2	7	3
rg05_theta12p495_foilpm3	1	4	7	3	35	21
rg05_theta12p495_foilpm3	1	4	7	4	46	25
rg05_theta12p495_foilpm3	1	4	7	5	70	47
rg05_theta12p495_foilpm3	1	4	7	6	143	80
rg05_theta12p495_foilpm3	1	4	8	3	17	8
rg05_theta12p495_foilpm3	1	4	8	4	27	18
rg05_theta12p495_foilpm3	1	4	8	5	45	30
rg05_theta12p495_foilpm3	1	4	8	6	55	32
rg06_theta15p195_foilpm8	0	0	0	2	11	11
rg06_theta15p195_foilpm8	0	0	0	3	39	39
rg06_theta15p195_foilpm8	0	0	0	4	43	43
rg06_theta15p195_foilpm8	0	0	0	5	7	7
rg06_theta15p195_foilpm8	0	0	0	6	2	2
rg06_theta15p195_foilpm8	0	0	1	1	5	5
rg06_theta15p195_foilpm8	0	0	1	2	15	15
rg06_theta15p195_foilpm8	0	0	1	3	27	27
rg06_theta15p195_foilpm8	0	0	1	4	43	43
rg06_theta15p195_foilpm8	0	0	1	5	32	32
rg06_theta15p195_foilpm8	0	0	2	1	16	16
rg06_theta15p195_foilpm8	0	0	2	2	31	31
rg06_theta15p195_foilpm8	0	0	2	3	1	1
rg06_theta15p195_foilpm8	0	0	2	4	50	50
rg06_theta15p195_foilpm8	0	0	2	5	58	58
rg06_theta15p195_foilpm8	0	0	3	1	12	12
rg06_theta15p195_foilpm8	0	0	3	2	48	48
rg06_theta15p195_foilpm8	0	0	3	3	56	56
rg06_theta15p195_foilpm8	0	0	3	4	67	67
rg06_theta15p195_foilpm8	0	0	3	5	90	90
rg06_theta15p195_foilpm8	0	0	3	6	20	20
rg06_theta15p195_foilpm8	0	0	4	1	14	14
rg06_theta15p195_foilpm8	0	0	4	2	38	38
rg06_theta15p195_foilpm8	0	0	4	3	49	49
rg06_theta15p195_foilpm8	0	0	4	4	20	20
rg06_theta15p195_foilpm8	0	0	4	5	102	102
rg06_theta15p195_foilpm8	0	0	4	6	67	67
rg06_theta15p195_foilpm8	0	0	5	1	7	7
rg06_theta15p195_foilpm8	0	0	5	2	31	31
rg06_theta15p195_foilpm8	0	0	5	3	52	52
rg06_theta15p195_foilpm8	0	0	5	4	77	77
rg06_theta15p195_foilpm8	0	0	5	5	6	6
rg06_theta15p195_foilpm8	0	0	5	6	62	62
rg06_theta15p195_foilpm8	0	0	6	1	1	1
rg06_theta15p195_foilpm8	0	0	6	2	22	22
rg06_theta15p195_foilpm8	0	0	6	3	44	44
rg06_theta15p195_foilpm8	0	0	6	4	55	55
rg06_theta15p195_foilpm8	0	0	6	5	67	67
rg06_theta15p195_foilpm8	0	0	6	6	50	50
rg06_theta15p195_foilpm8	0	0	7	2	13	13
rg06_theta15p195_foilpm8	0	0	7	3	33	33
rg06_theta15p195_foilpm8	0	0	7	4	51	51
rg06_theta15p195_foilpm8	0	0	7	5	68	68
rg06_theta15p195_foilpm8	0	0	7	6	35	35
rg06_theta15p195_foilpm8	0	1	0	1	10	10
rg06_theta15p195_foilpm8	0	1	0	2	35	35
rg06_theta15p195_foilpm8	0	1	0	3	50	50
rg06_theta15p195_foilpm8	0	1	0	4	55	55
rg06_theta15p195_foilpm8	0	1	0	5	46	46
rg06_theta15p195_foilpm8	0	1	1	1	24	24
rg06_theta15p195_foilpm8	0	1	1	2	36	36
rg06_theta15p195_foilpm8	0	1	1	3	67	67
rg06_theta15p195_foilpm8	0	1	1	4	90	90
rg06_theta15p195_foilpm8	0	1	1	5	106	106
rg06_theta15p195_foilpm8	0	1	2	1	32	32
rg06_theta15p195_foilpm8	0	1	2	2	45	45
rg06_theta15p195_foilpm8	0	1	2	4	117	117
rg06_theta15p195_foilpm8	0	1	2	5	122	122
rg06_theta15p195_foilpm8	0	1	2	6	43	43
rg06_theta15p195_foilpm8	0	1	3	1	31	31
rg06_theta15p195_foilpm8	0	1	3	2	60	60
rg06_theta15p195_foilpm8	0	1	3	3	99	99
rg06_theta15p195_foilpm8	0	1	3	4	134	134
rg06_theta15p195_foilpm8	0	1	3	5	162	162
rg06_theta15p195_foilpm8	0	1	3	6	128	128
rg06_theta15p195_foilpm8	0	1	4	1	23	23
rg06_theta15p195_foilpm8	0	1	4	2	62	62
rg06_theta15p195_foilpm8	0	1	4	3	98	98
rg06_theta15p195_foilpm8	0	1	4	4	35	35
rg06_theta15p195_foilpm8	0	1	4	5	137	137
rg06_theta15p195_foilpm8	0	1	4	6	171	171
rg06_theta15p195_foilpm8	0	1	5	1	21	21
rg06_theta15p195_foilpm8	0	1	5	2	57	57
rg06_theta15p195_foilpm8	0	1	5	3	87	87
rg06_theta15p195_foilpm8	0	1	5	4	97	97
rg06_theta15p195_foilpm8	0	1	5	6	168	168
rg06_theta15p195_foilpm8	0	1	6	1	14	14
rg06_theta15p195_foilpm8	0	1	6	2	40	40
rg06_theta15p195_foilpm8	0	1	6	3	68	68
rg06_theta15p195_foilpm8	0	1	6	4	88	88
rg06_theta15p195_foilpm8	0	1	6	5	110	110
rg06_theta15p195_foilpm8	0	1	6	6	152	152
rg06_theta15p195_foilpm8	0	1	7	1	2	2
rg06_theta15p195_foilpm8	0	1	7	2	28	28
rg06_theta15p195_foilpm8	0	1	7	3	60	60
rg06_theta15p195_foilpm8	0	1	7	4	76	76
rg06_theta15p195_foilpm8	0	1	7	5	105	105
rg06_theta15p195_foilpm8	0	1	7	6	65	65
rg06_theta15p195_foilpm8	0	1	8	2	17	17
rg06_theta15p195_foilpm8	0	1	8	3	43	43
rg06_theta15p195_foilpm8	0	1	8	4	53	53
rg06_theta15p195_foilpm8	0	1	8	5	82	82
rg06_theta15p195_foilpm8	0	2	0	1	3	3
rg06_theta15p195_foilpm8	0	2	0	2	44	44
rg06_theta15p195_foilpm8	0	2	0	3	41	41
rg06_theta15p195_foilpm8	0	2	0	4	58	57
rg06_theta15p195_foilpm8	0	2	0	5	86	66
rg06_theta15p195_foilpm8	0	2	1	1	20	20
rg06_theta15p195_foilpm8	0	2	1	2	59	59
rg06_theta15p195_foilpm8	0	2	1	3	76	76
rg06_theta15p195_foilpm8	0	2	1	4	122	121
rg06_theta15p195_foilpm8	0	2	1	5	150	105
rg06_theta15p195_foilpm8	0	2	2	2	54	54
rg06_theta15p195_foilpm8	0	2	2	4	136	136
rg06_theta15p195_foilpm8	0	2	2	5	191	142
rg06_theta15p195_foilpm8	0	2	2	6	158	123
rg06_theta15p195_foilpm8	0	2	3	1	17	17
rg06_theta15p195_foilpm8	0	2	3	2	73	73
rg06_theta15p195_foilpm8	0	2	3	3	110	110
rg06_theta15p195_foilpm8	0	2	3	4	164	164
rg06_theta15p195_foilpm8	0	2	3	5	218	162
rg06_theta15p195_foilpm8	0	2	3	6	223	180
rg06_theta15p195_foilpm8	0	2	4	1	31	31
rg06_theta15p195_foilpm8	0	2	4	2	78	78
rg06_theta15p195_foilpm8	0	2	4	3	122	122
rg06_theta15p195_foilpm8	0	2	4	4	40	39
rg06_theta15p195_foilpm8	0	2	4	5	253	183
rg06_theta15p195_foilpm8	0	2	4	6	307	242
rg06_theta15p195_foilpm8	0	2	5	1	37	37
rg06_theta15p195_foilpm8	0	2	5	2	61	61
rg06_theta15p195_foilpm8	0	2	5	3	102	102
rg06_theta15p195_foilpm8	0	2	5	4	161	159
rg06_theta15p195_foilpm8	0	2	5	6	229	185
rg06_theta15p195_foilpm8	0	2	6	1	6	6
rg06_theta15p195_foilpm8	0	2	6	2	46	46
rg06_theta15p195_foilpm8	0	2	6	3	95	95
rg06_theta15p195_foilpm8	0	2	6	4	137	135
rg06_theta15p195_foilpm8	0	2	6	5	184	139
rg06_theta15p195_foilpm8	0	2	6	6	226	182
rg06_theta15p195_foilpm8	0	2	7	2	33	33
rg06_theta15p195_foilpm8	0	2	7	3	77	77
rg06_theta15p195_foilpm8	0	2	7	4	120	120
rg06_theta15p195_foilpm8	0	2	7	5	142	109
rg06_theta15p195_foilpm8	0	2	7	6	106	88
rg06_theta15p195_foilpm8	0	2	8	2	32	32
rg06_theta15p195_foilpm8	0	2	8	3	68	68
rg06_theta15p195_foilpm8	0	2	8	4	69	69
rg06_theta15p195_foilpm8	0	2	8	5	123	94
rg06_theta15p195_foilpm8	0	3	0	2	16	16
rg06_theta15p195_foilpm8	0	3	0	3	36	36
rg06_theta15p195_foilpm8	0	3	0	4	32	32
rg06_theta15p195_foilpm8	0	3	0	5	85	81
rg06_theta15p195_foilpm8	0	3	1	1	5	5
rg06_theta15p195_foilpm8	0	3	1	2	29	29
rg06_theta15p195_foilpm8	0	3	1	3	57	57
rg06_theta15p195_foilpm8	0	3	1	4	65	65
rg06_theta15p195_foilpm8	0	3	1	5	114	109
rg06_theta15p195_foilpm8	0	3	1	6	80	70
rg06_theta15p195_foilpm8	0	3	2	1	9	9
rg06_theta15p195_foilpm8	0	3	2	2	30	30
rg06_theta15p195_foilpm8	0	3	2	4	90	90
rg06_theta15p195_foilpm8	0	3	2	5	156	152
rg06_theta15p195_foilpm8	0	3	2	6	148	118
rg06_theta15p195_foilpm8	0	3	3	1	18	18
rg06_theta15p195_foilpm8	0	3	3	2	37	37
rg06_theta15p195_foilpm8	0	3	3	3	78	78
rg06_theta15p195_foilpm8	0	3	3	4	111	111
rg06_theta15p195_foilpm8	0	3	3	5	168	160
rg06_theta15p195_foilpm8	0	3	3	6	250	211
rg06_theta15p195_foilpm8	0	3	4	1	16	16
rg06_theta15p195_foilpm8	0	3	4	2	48	48
rg06_theta15p195_foilpm8	0	3	4	3	70	70
rg06_theta15p195_foilpm8	0	3	4	4	28	28
rg06_theta15p195_foilpm8	0	3	4	5	177	173
rg06_theta15p195_foilpm8	0	3	4	6	243	211
rg06_theta15p195_foilpm8	0	3	5	1	29	29
rg06_theta15p195_foilpm8	0	3	5	2	42	42
rg06_theta15p195_foilpm8	0	3	5	3	62	62
rg06_theta15p195_foilpm8	0	3	5	4	87	87
rg06_theta15p195_foilpm8	0	3	5	6	224	184
rg06_theta15p195_foilpm8	0	3	6	1	8	8
rg06_theta15p195_foilpm8	0	3	6	2	31	31
rg06_theta15p195_foilpm8	0	3	6	3	56	56
rg06_theta15p195_foilpm8	0	3	6	4	79	79
rg06_theta15p195_foilpm8	0	3	6	5	139	136
rg06_theta15p195_foilpm8	0	3	6	6	185	150
rg06_theta15p195_foilpm8	0	3	7	1	5	5
rg06_theta15p195_foilpm8	0	3	7	2	20	20
rg06_theta15p195_foilpm8	0	3	7	3	43	43
rg06_theta15p195_foilpm8	0	3	7	4	58	58
rg06_theta15p195_foilpm8	0	3	7	5	112	105
rg06_theta15p195_foilpm8	0	3	7	6	72	56
rg06_theta15p195_foilpm8	0	3	8	1	1	1
rg06_theta15p195_foilpm8	0	3	8	2	15	15
rg06_theta15p195_foilpm8	0	3	8	3	22	22
rg06_theta15p195_foilpm8	0	3	8	4	44	44
rg06_theta15p195_foilpm8	0	3	8	5	87	84
rg06_theta15p195_foilpm8	0	4	0	2	2	2
rg06_theta15p195_foilpm8	0	4	0	3	10	10
rg06_theta15p195_foilpm8	0	4	0	4	23	23
rg06_theta15p195_foilpm8	0	4	0	5	32	32
rg06_theta15p195_foilpm8	0	4	0	6	2	2
rg06_theta15p195_foilpm8	0	4	1	2	3	3
rg06_theta15p195_foilpm8	0	4	1	3	8	8
rg06_theta15p195_foilpm8	0	4	1	4	43	43
rg06_theta15p195_foilpm8	0	4	1	5	49	49
rg06_theta15p195_foilpm8	0	4	1	6	50	50
rg06_theta15p195_foilpm8	0	4	2	1	1	1
rg06_theta15p195_foilpm8	0	4	2	2	8	8
rg06_theta15p195_foilpm8	0	4	2	4	40	40
rg06_theta15p195_foilpm8	0	4	2	5	55	55
rg06_theta15p195_foilpm8	0	4	2	6	113	113
rg06_theta15p195_foilpm8	0	4	3	1	2	2
rg06_theta15p195_foilpm8	0	4	3	2	4	4
rg06_theta15p195_foilpm8	0	4	3	3	23	23
rg06_theta15p195_foilpm8	0	4	3	4	50	50
rg06_theta15p195_foilpm8	0	4	3	5	70	70
rg06_theta15p195_foilpm8	0	4	3	6	135	135
rg06_theta15p195_foilpm8	0	4	4	1	9	9
rg06_theta15p195_foilpm8	0	4	4	2	17	17
rg06_theta15p195_foilpm8	0	4	4	3	26	26
rg06_theta15p195_foilpm8	0	4	4	4	7	7
rg06_theta15p195_foilpm8	0	4	4	5	75	75
rg06_theta15p195_foilpm8	0	4	4	6	120	120
rg06_theta15p195_foilpm8	0	4	5	1	3	3
rg06_theta15p195_foilpm8	0	4	5	2	10	10
rg06_theta15p195_foilpm8	0	4	5	3	24	24
rg06_theta15p195_foilpm8	0	4	5	4	36	36
rg06_theta15p195_foilpm8	0	4	5	6	99	99
rg06_theta15p195_foilpm8	0	4	6	1	3	3
rg06_theta15p195_foilpm8	0	4	6	2	12	12
rg06_theta15p195_foilpm8	0	4	6	3	20	20
rg06_theta15p195_foilpm8	0	4	6	4	24	24
rg06_theta15p195_foilpm8	0	4	6	5	58	58
rg06_theta15p195_foilpm8	0	4	6	6	105	105
rg06_theta15p195_foilpm8	0	4	7	3	15	15
rg06_theta15p195_foilpm8	0	4	7	4	38	38
rg06_theta15p195_foilpm8	0	4	7	5	36	36
rg06_theta15p195_foilpm8	0	4	7	6	50	50
rg06_theta15p195_foilpm8	0	4	8	2	2	2
rg06_theta15p195_foilpm8	0	4	8	3	9	9
rg06_theta15p195_foilpm8	0	4	8	4	14	14
rg06_theta15p195_foilpm8	0	4	8	5	25	25
rg06_theta15p195_foilpm8	1	0	0	3	3	3
rg06_theta15p195_foilpm8	1	0	0	4	17	17
rg06_theta15p195_foilpm8	1	0	0	5	26	26
rg06_theta15p195_foilpm8	1	0	0	6	32	32
rg06_theta15p195_foilpm8	1	0	1	3	18	18
rg06_theta15p195_foilpm8	1	0	1	4	24	24
rg06_theta15p195_foilpm8	1	0	1	5	25	25
rg06_theta15p195_foilpm8	1	0	1	6	45	45
rg06_theta15p195_foilpm8	1	0	1	7	41	41
rg06_theta15p195_foilpm8	1	0	2	2	6	6
rg06_theta15p195_foilpm8	1	0	2	4	31	31
rg06_theta15p195_foilpm8	1	0	2	5	52	52
rg06_theta15p195_foilpm8	1	0	2	6	71	71
rg06_theta15p195_foilpm8	1	0	2	7	70	70
rg06_theta15p195_foilpm8	1	0	3	2	4	4
rg06_theta15p195_foilpm8	1	0	3	3	27	27
rg06_theta15p195_foilpm8	1	0	3	4	39	39
rg06_theta15p195_foilpm8	1	0	3	5	51	51
rg06_theta15p195_foilpm8	1	0	3	6	70	70
rg06_theta15p195_foilpm8	1	0	3	7	82	82
rg06_theta15p195_foilpm8	1	0	4	2	2	2
rg06_theta15p195_foilpm8	1	0	4	3	28	28
rg06_theta15p195_foilpm8	1	0	4	5	64	64
rg06_theta15p195_foilpm8	1	0	4	6	98	98
rg06_theta15p195_foilpm8	1	0	4	7	95	95
rg06_theta15p195_foilpm8	1	0	5	2	3	3
rg06_theta15p195_foilpm8	1	0	5	3	28	28
rg06_theta15p195_foilpm8	1	0	5	4	50	50
rg06_theta15p195_foilpm8	1	0	5	6	77	77
rg06_theta15p195_foilpm8	1	0	5	7	93	93
rg06_theta15p195_foilpm8	1	0	6	3	26	26
rg06_theta15p195_foilpm8	1	0	6	4	35	35
rg06_theta15p195_foilpm8	1	0	6	5	53	53
rg06_theta15p195_foilpm8	1	0	6	6	80	80
rg06_theta15p195_foilpm8	1	0	6	7	91	91
rg06_theta15p195_foilpm8	1	0	7	3	15	15
rg06_theta15p195_foilpm8	1	0	7	4	16	16
rg06_theta15p195_foilpm8	1	0	7	5	29	29
rg06_theta15p195_foilpm8	1	0	7	6	51	51
rg06_theta15p195_foilpm8	1	0	7	7	72	72
rg06_theta15p195_foilpm8	1	0	8	4	2	2
rg06_theta15p195_foilpm8	1	0	8	5	14	14
rg06_theta15p195_foilpm8	1	0	8	6	25	25
rg06_theta15p195_foilpm8	1	1	0	3	7	7
rg06_theta15p195_foilpm8	1	1	0	4	18	18
rg06_theta15p195_foilpm8	1	1	0	5	32	32
rg06_theta15p195_foilpm8	1	1	0	6	33	33
rg06_theta15p195_foilpm8	1	1	1	3	17	17
rg06_theta15p195_foilpm8	1	1	1	4	28	28
rg06_theta15p195_foilpm8	1	1	1	5	38	38
rg06_theta15p195_foilpm8	1	1	1	6	54	54
rg06_theta15p195_foilpm8	1	1	1	7	89	89
rg06_theta15p195_foilpm8	1	1	2	4	36	36
rg06_theta15p195_foilpm8	1	1	2	5	73	73
rg06_theta15p195_foilpm8	1	1	2	6	74	74
rg06_theta15p195_foilpm8	1	1	2	7	95	95
rg06_theta15p195_foilpm8	1	1	3	2	12	12
rg06_theta15p195_foilpm8	1	1	3	3	28	28
rg06_theta15p195_foilpm8	1	1	3	4	53	53
rg06_theta15p195_foilpm8	1	1	3	5	78	78
rg06_theta15p195_foilpm8	1	1	3	6	108	108
rg06_theta15p195_foilpm8	1	1	3	7	129	129
rg06_theta15p195_foilpm8	1	1	4	2	15	15
rg06_theta15p195_foilpm8	1	1	4	3	13	13
rg06_theta15p195_foilpm8	1	1	4	5	88	88
rg06_theta15p195_foilpm8	1	1	4	6	143	143
rg06_theta15p195_foilpm8	1	1	4	7	131	131
rg06_theta15p195_foilpm8	1	1	5	2	20	20
rg06_theta15p195_foilpm8	1	1	5	3	24	24
rg06_theta15p195_foilpm8	1	1	5	4	54	54
rg06_theta15p195_foilpm8	1	1	5	6	117	117
rg06_theta15p195_foilpm8	1	1	5	7	145	145
rg06_theta15p195_foilpm8	1	1	6	3	12	12
rg06_theta15p195_foilpm8	1	1	6	4	36	36
rg06_theta15p195_foilpm8	1	1	6	5	70	70
rg06_theta15p195_foilpm8	1	1	6	6	91	91
rg06_theta15p195_foilpm8	1	1	6	7	133	133
rg06_theta15p195_foilpm8	1	1	7	2	2	2
rg06_theta15p195_foilpm8	1	1	7	3	11	11
rg06_theta15p195_foilpm8	1	1	7	4	28	28
rg06_theta15p195_foilpm8	1	1	7	5	44	44
rg06_theta15p195_foilpm8	1	1	7	6	55	55
rg06_theta15p195_foilpm8	1	1	7	7	111	111
rg06_theta15p195_foilpm8	1	1	8	3	1	1
rg06_theta15p195_foilpm8	1	1	8	4	17	17
rg06_theta15p195_foilpm8	1	1	8	5	39	39
rg06_theta15p195_foilpm8	1	1	8	6	57	57
rg06_theta15p195_foilpm8	1	2	0	3	8	8
rg06_theta15p195_foilpm8	1	2	0	4	16	16
rg06_theta15p195_foilpm8	1	2	0	5	44	44
rg06_theta15p195_foilpm8	1	2	0	6	35	34
rg06_theta15p195_foilpm8	1	2	1	2	1	1
rg06_theta15p195_foilpm8	1	2	1	3	13	13
rg06_theta15p195_foilpm8	1	2	1	4	39	39
rg06_theta15p195_foilpm8	1	2	1	5	65	65
rg06_theta15p195_foilpm8	1	2	1	6	85	76
rg06_theta15p195_foilpm8	1	2	1	7	128	100
rg06_theta15p195_foilpm8	1	2	2	2	16	16
rg06_theta15p195_foilpm8	1	2	2	4	49	49
rg06_theta15p195_foilpm8	1	2	2	5	79	79
rg06_theta15p195_foilpm8	1	2	2	6	138	127
rg06_theta15p195_foilpm8	1	2	2	7	179	143
rg06_theta15p195_foilpm8	1	2	3	2	8	8
rg06_theta15p195_foilpm8	1	2	3	3	42	42
rg06_theta15p195_foilpm8	1	2	3	4	68	68
rg06_theta15p195_foilpm8	1	2	3	5	116	116
rg06_theta15p195_foilpm8	1	2	3	6	146	133
rg06_theta15p195_foilpm8	1	2	3	7	210	165
rg06_theta15p195_foilpm8	1	2	4	2	9	9
rg06_theta15p195_foilpm8	1	2	4	3	41	41
rg06_theta15p195_foilpm8	1	2	4	4	12	12
rg06_theta15p195_foilpm8	1	2	4	5	133	133
rg06_theta15p195_foilpm8	1	2	4	6	187	171
rg06_theta15p195_foilpm8	1	2	4	7	232	171
rg06_theta15p195_foilpm8	1	2	5	2	12	12
rg06_theta15p195_foilpm8	1	2	5	3	27	27
rg06_theta15p195_foilpm8	1	2	5	4	72	72
rg06_theta15p195_foilpm8	1	2	5	6	183	172
rg06_theta15p195_foilpm8	1	2	5	7	195	159
rg06_theta15p195_foilpm8	1	2	6	2	5	5
rg06_theta15p195_foilpm8	1	2	6	3	35	35
rg06_theta15p195_foilpm8	1	2	6	4	46	46
rg06_theta15p195_foilpm8	1	2	6	5	77	77
rg06_theta15p195_foilpm8	1	2	6	6	146	141
rg06_theta15p195_foilpm8	1	2	6	7	190	148
rg06_theta15p195_foilpm8	1	2	7	3	26	26
rg06_theta15p195_foilpm8	1	2	7	4	40	40
rg06_theta15p195_foilpm8	1	2	7	5	59	59
rg06_theta15p195_foilpm8	1	2	7	6	110	100
rg06_theta15p195_foilpm8	1	2	7	7	140	114
rg06_theta15p195_foilpm8	1	2	8	3	12	12
rg06_theta15p195_foilpm8	1	2	8	4	22	22
rg06_theta15p195_foilpm8	1	2	8	5	44	44
rg06_theta15p195_foilpm8	1	2	8	6	51	46
rg06_theta15p195_foilpm8	1	3	0	3	1	1
rg06_theta15p195_foilpm8	1	3	0	4	10	10
rg06_theta15p195_foilpm8	1	3	0	5	24	24
rg06_theta15p195_foilpm8	1	3	0	6	39	39
rg06_theta15p195_foilpm8	1	3	1	3	7	7
rg06_theta15p195_foilpm8	1	3	1	4	13	13
rg06_theta15p195_foilpm8	1	3	1	5	45	45
rg06_theta15p195_foilpm8	1	3	1	6	53	53
rg06_theta15p195_foilpm8	1	3	1	7	95	95
rg06_theta15p195_foilpm8	1	3	2	2	8	8
rg06_theta15p195_foilpm8	1	3	2	4	29	29
rg06_theta15p195_foilpm8	1	3	2	5	54	54
rg06_theta15p195_foilpm8	1	3	2	6	88	88
rg06_theta15p195_foilpm8	1	3	2	7	119	119
rg06_theta15p195_foilpm8	1	3	3	2	8	8
rg06_theta15p195_foilpm8	1	3	3	3	12	12
rg06_theta15p195_foilpm8	1	3	3	4	33	33
rg06_theta15p195_foilpm8	1	3	3	5	49	49
rg06_theta15p195_foilpm8	1	3	3	6	87	87
rg06_theta15p195_foilpm8	1	3	3	7	146	146
rg06_theta15p195_foilpm8	1	3	4	3	16	16
rg06_theta15p195_foilpm8	1	3	4	4	13	13
rg06_theta15p195_foilpm8	1	3	4	5	88	88
rg06_theta15p195_foilpm8	1	3	4	6	76	76
rg06_theta15p195_foilpm8	1	3	4	7	169	169
rg06_theta15p195_foilpm8	1	3	5	2	4	4
rg06_theta15p195_foilpm8	1	3	5	3	22	22
rg06_theta15p195_foilpm8	1	3	5	4	46	46
rg06_theta15p195_foilpm8	1	3	5	6	124	124
rg06_theta15p195_foilpm8	1	3	5	7	156	156
rg06_theta15p195_foilpm8	1	3	6	3	13	13
rg06_theta15p195_foilpm8	1	3	6	4	17	17
rg06_theta15p195_foilpm8	1	3	6	5	46	46
rg06_theta15p195_foilpm8	1	3	6	6	81	81
rg06_theta15p195_foilpm8	1	3	6	7	96	96
rg06_theta15p195_foilpm8	1	3	7	3	10	10
rg06_theta15p195_foilpm8	1	3	7	4	16	16
rg06_theta15p195_foilpm8	1	3	7	5	32	32
rg06_theta15p195_foilpm8	1	3	7	6	51	51
rg06_theta15p195_foilpm8	1	3	7	7	102	102
rg06_theta15p195_foilpm8	1	3	8	3	4	4
rg06_theta15p195_foilpm8	1	3	8	4	10	10
rg06_theta15p195_foilpm8	1	3	8	5	25	25
rg06_theta15p195_foilpm8	1	3	8	6	46	46
rg06_theta15p195_foilpm8	1	4	0	4	2	2
rg06_theta15p195_foilpm8	1	4	0	5	6	6
rg06_theta15p195_foilpm8	1	4	0	6	15	15
rg06_theta15p195_foilpm8	1	4	1	4	2	2
rg06_theta15p195_foilpm8	1	4	1	5	15	15
rg06_theta15p195_foilpm8	1	4	1	6	25	25
rg06_theta15p195_foilpm8	1	4	1	7	37	37
rg06_theta15p195_foilpm8	1	4	2	4	13	13
rg06_theta15p195_foilpm8	1	4	2	5	18	18
rg06_theta15p195_foilpm8	1	4	2	6	39	39
rg06_theta15p195_foilpm8	1	4	2	7	63	63
rg06_theta15p195_foilpm8	1	4	3	4	7	7
rg06_theta15p195_foilpm8	1	4	3	5	24	24
rg06_theta15p195_foilpm8	1	4	3	6	47	47
rg06_theta15p195_foilpm8	1	4	3	7	83	83
rg06_theta15p195_foilpm8	1	4	4	4	2	2
rg06_theta15p195_foilpm8	1	4	4	5	20	20
rg06_theta15p195_foilpm8	1	4	4	6	51	51
rg06_theta15p195_foilpm8	1	4	4	7	74	74
rg06_theta15p195_foilpm8	1	4	5	4	2	2
rg06_theta15p195_foilpm8	1	4	5	6	44	44
rg06_theta15p195_foilpm8	1	4	5	7	78	78
rg06_theta15p195_foilpm8	1	4	6	4	8	8
rg06_theta15p195_foilpm8	1	4	6	5	15	15
rg06_theta15p195_foilpm8	1	4	6	6	22	22
rg06_theta15p195_foilpm8	1	4	6	7	30	30
rg06_theta15p195_foilpm8	1	4	7	4	3	3
rg06_theta15p195_foilpm8	1	4	7	5	14	14
rg06_theta15p195_foilpm8	1	4	7	6	21	21
rg06_theta15p195_foilpm8	1	4	7	7	28	28
rg07_theta12p495_foilpm8	0	0	0	1	2	1
rg07_theta12p495_foilpm8	0	0	0	2	17	11
rg07_theta12p495_foilpm8	0	0	0	3	62	42
rg07_theta12p495_foilpm8	0	0	0	4	92	64
rg07_theta12p495_foilpm8	0	0	0	5	54	35
rg07_theta12p495_foilpm8	0	0	1	1	4	3
rg07_theta12p495_foilpm8	0	0	1	2	16	10
rg07_theta12p495_foilpm8	0	0	1	3	14	10
rg07_theta12p495_foilpm8	0	0	1	4	23	17
rg07_theta12p495_foilpm8	0	0	1	5	20	13
rg07_theta12p495_foilpm8	0	0	1	6	1	1
rg07_theta12p495_foilpm8	0	0	2	1	12	10
rg07_theta12p495_foilpm8	0	0	2	2	36	19
rg07_theta12p495_foilpm8	0	0	2	3	14	12
rg07_theta12p495_foilpm8	0	0	2	4	64	49
rg07_theta12p495_foilpm8	0	0	2	5	75	51
rg07_theta12p495_foilpm8	0	0	2	6	25	14
rg07_theta12p495_foilpm8	0	0	3	1	11	9
rg07_theta12p495_foilpm8	0	0	3	2	55	34
rg07_theta12p495_foilpm8	0	0	3	3	76	52
rg07_theta12p495_foilpm8	0	0	3	4	75	47
rg07_theta12p495_foilpm8	0	0	3	5	77	49
rg07_theta12p495_foilpm8	0	0	3	6	54	41
rg07_theta12p495_foilpm8	0	0	4	1	14	8
rg07_theta12p495_foilpm8	0	0	4	2	63	48
rg07_theta12p495_foilpm8	0	0	4	3	71	51
rg07_theta12p495_foilpm8	0	0	4	4	14	9
rg07_theta12p495_foilpm8	0	0	4	5	90	61
rg07_theta12p495_foilpm8	0	0	4	6	100	69
rg07_theta12p495_foilpm8	0	0	5	1	8	4
rg07_theta12p495_foilpm8	0	0	5	2	50	31
rg07_theta12p495_foilpm8	0	0	5	3	56	35
rg07_theta12p495_foilpm8	0	0	5	4	80	56
rg07_theta12p495_foilpm8	0	0	5	6	105	75
rg07_theta12p495_foilpm8	0	0	6	1	3	2
rg07_theta12p495_foilpm8	0	0	6	2	27	13
rg07_theta12p495_foilpm8	0	0	6	3	61	39
rg07_theta12p495_foilpm8	0	0	6	4	56	40
rg07_theta12p495_foilpm8	0	0	6	5	72	48
rg07_theta12p495_foilpm8	0	0	6	6	85	56
rg07_theta12p495_foilpm8	0	0	7	2	24	20
rg07_theta12p495_foilpm8	0	0	7	3	45	26
rg07_theta12p495_foilpm8	0	0	7	4	69	46
rg07_theta12p495_foilpm8	0	0	7	5	69	46
rg07_theta12p495_foilpm8	0	0	7	6	61	39
rg07_theta12p495_foilpm8	0	0	8	3	2	2
rg07_theta12p495_foilpm8	0	0	8	4	4	3
rg07_theta12p495_foilpm8	0	0	8	5	25	16
rg07_theta12p495_foilpm8	0	1	0	2	29	21
rg07_theta12p495_foilpm8	0	1	0	3	58	38
rg07_theta12p495_foilpm8	0	1	0	4	62	43
rg07_theta12p495_foilpm8	0	1	0	5	38	21
rg07_theta12p495_foilpm8	0	1	1	1	27	21
rg07_theta12p495_foilpm8	0	1	1	2	46	30
rg07_theta12p495_foilpm8	0	1	1	3	82	51
rg07_theta12p495_foilpm8	0	1	1	4	100	67
rg07_theta12p495_foilpm8	0	1	1	5	84	57
rg07_theta12p495_foilpm8	0	1	2	1	52	37
rg07_theta12p495_foilpm8	0	1	2	2	57	38
rg07_theta12p495_foilpm8	0	1	2	4	124	90
rg07_theta12p495_foilpm8	0	1	2	5	120	82
rg07_theta12p495_foilpm8	0	1	2	6	84	60
rg07_theta12p495_foilpm8	0	1	3	1	34	17
rg07_theta12p495_foilpm8	0	1	3	2	82	51
rg07_theta12p495_foilpm8	0	1	3	3	130	83
rg07_theta12p495_foilpm8	0	1	3	4	128	78
rg07_theta12p495_foilpm8	0	1	3	5	173	122
rg07_theta12p495_foilpm8	0	1	3	6	159	112
rg07_theta12p495_foilpm8	0	1	4	1	17	13
rg07_theta12p495_foilpm8	0	1	4	2	53	31
rg07_theta12p495_foilpm8	0	1	4	3	108	82
rg07_theta12p495_foilpm8	0	1	4	4	47	35
rg07_theta12p495_foilpm8	0	1	4	5	187	134
rg07_theta12p495_foilpm8	0	1	4	6	194	124
rg07_theta12p495_foilpm8	0	1	5	1	42	27
rg07_theta12p495_foilpm8	0	1	5	2	97	59
rg07_theta12p495_foilpm8	0	1	5	3	97	70
rg07_theta12p495_foilpm8	0	1	5	4	116	74
rg07_theta12p495_foilpm8	0	1	5	6	146	105
rg07_theta12p495_foilpm8	0	1	6	1	15	12
rg07_theta12p495_foilpm8	0	1	6	2	48	32
rg07_theta12p495_foilpm8	0	1	6	3	78	56
rg07_theta12p495_foilpm8	0	1	6	4	130	94
rg07_theta12p495_foilpm8	0	1	6	5	145	112
rg07_theta12p495_foilpm8	0	1	6	6	157	103
rg07_theta12p495_foilpm8	0	1	7	1	2	2
rg07_theta12p495_foilpm8	0	1	7	2	60	46
rg07_theta12p495_foilpm8	0	1	7	3	82	54
rg07_theta12p495_foilpm8	0	1	7	4	73	51
rg07_theta12p495_foilpm8	0	1	7	5	101	65
rg07_theta12p495_foilpm8	0	1	7	6	128	89
rg07_theta12p495_foilpm8	0	1	8	2	31	19
rg07_theta12p495_foilpm8	0	1	8	3	55	29
rg07_theta12p495_foilpm8	0	1	8	4	55	44
rg07_theta12p495_foilpm8	0	1	8	5	77	50
rg07_theta12p495_foilpm8	0	2	0	2	56	33
rg07_theta12p495_foilpm8	0	2	0	3	68	43
rg07_theta12p495_foilpm8	0	2	0	4	89	69
rg07_theta12p495_foilpm8	0	2	0	5	125	78
rg07_theta12p495_foilpm8	0	2	1	1	37	22
rg07_theta12p495_foilpm8	0	2	1	2	82	52
rg07_theta12p495_foilpm8	0	2	1	3	113	75
rg07_theta12p495_foilpm8	0	2	1	4	130	91
rg07_theta12p495_foilpm8	0	2	1	5	139	93
rg07_theta12p495_foilpm8	0	2	1	6	30	19
rg07_theta12p495_foilpm8	0	2	2	1	53	33
rg07_theta12p495_foilpm8	0	2	2	2	99	67
rg07_theta12p495_foilpm8	0	2	2	4	173	124
rg07_theta12p495_foilpm8	0	2	2	5	222	124
rg07_theta12p495_foilpm8	0	2	2	6	161	99
rg07_theta12p495_foilpm8	0	2	3	1	68	45
rg07_theta12p495_foilpm8	0	2	3	2	111	62
rg07_theta12p495_foilpm8	0	2	3	3	147	111
rg07_theta12p495_foilpm8	0	2	3	4	241	177
rg07_theta12p495_foilpm8	0	2	3	5	267	162
rg07_theta12p495_foilpm8	0	2	3	6	296	177
rg07_theta12p495_foilpm8	0	2	4	1	74	55
rg07_theta12p495_foilpm8	0	2	4	2	100	70
rg07_theta12p495_foilpm8	0	2	4	3	172	122
rg07_theta12p495_foilpm8	0	2	4	4	61	42
rg07_theta12p495_foilpm8	0	2	4	5	287	191
rg07_theta12p495_foilpm8	0	2	4	6	310	216
rg07_theta12p495_foilpm8	0	2	5	1	45	30
rg07_theta12p495_foilpm8	0	2	5	2	95	67
rg07_theta12p495_foilpm8	0	2	5	3	162	109
rg07_theta12p495_foilpm8	0	2	5	4	228	151
rg07_theta12p495_foilpm8	0	2	5	6	293	190
rg07_theta12p495_foilpm8	0	2	6	1	41	28
rg07_theta12p495_foilpm8	0	2	6	2	95	65
rg07_theta12p495_foilpm8	0	2	6	3	155	99
rg07_theta12p495_foilpm8	0	2	6	4	178	114
rg07_theta12p495_foilpm8	0	2	6	5	268	156
rg07_theta12p495_foilpm8	0	2	6	6	287	173
rg07_theta12p495_foilpm8	0	2	7	1	26	16
rg07_theta12p495_foilpm8	0	2	7	2	71	48
rg07_theta12p495_foilpm8	0	2	7	3	118	79
rg07_theta12p495_foilpm8	0	2	7	4	136	92
rg07_theta12p495_foilpm8	0	2	7	5	201	120
rg07_theta12p495_foilpm8	0	2	7	6	190	126
rg07_theta12p495_foilpm8	0	2	8	2	56	32
rg07_theta12p495_foilpm8	0	2	8	3	96	64
rg07_theta12p495_foilpm8	0	2	8	4	119	88
rg07_theta12p495_foilpm8	0	2	8	5	137	76
rg07_theta12p495_foilpm8	0	3	0	2	38	24
rg07_theta12p495_foilpm8	0	3	0	3	68	46
rg07_theta12p495_foilpm8	0	3	0	4	95	62
rg07_theta12p495_foilpm8	0	3	0	5	121	77
rg07_theta12p495_foilpm8	0	3	1	2	49	30
rg07_theta12p495_foilpm8	0	3	1	3	77	55
rg07_theta12p495_foilpm8	0	3	1	4	117	83
rg07_theta12p495_foilpm8	0	3	1	5	166	105
rg07_theta12p495_foilpm8	0	3	1	6	181	119
rg07_theta12p495_foilpm8	0	3	2	1	5	2
rg07_theta12p495_foilpm8	0	3	2	2	59	45
rg07_theta12p495_foilpm8	0	3	2	4	168	119
rg07_theta12p495_foilpm8	0	3	2	5	200	127
rg07_theta12p495_foilpm8	0	3	2	6	224	136
rg07_theta12p495_foilpm8	0	3	3	1	32	27
rg07_theta12p495_foilpm8	0	3	3	2	81	53
rg07_theta12p495_foilpm8	0	3	3	3	132	93
rg07_theta12p495_foilpm8	0	3	3	4	213	143
rg07_theta12p495_foilpm8	0	3	3	5	281	181
rg07_theta12p495_foilpm8	0	3	3	6	321	172
rg07_theta12p495_foilpm8	0	3	4	1	50	29
rg07_theta12p495_foilpm8	0	3	4	2	94	61
rg07_theta12p495_foilpm8	0	3	4	3	154	108
rg07_theta12p495_foilpm8	0	3	4	4	42	36
rg07_theta12p495_foilpm8	0	3	4	5	249	160
rg07_theta12p495_foilpm8	0	3	4	6	312	171
rg07_theta12p495_foilpm8	0	3	5	1	57	41
rg07_theta12p495_foilpm8	0	3	5	2	77	52
rg07_theta12p495_foilpm8	0	3	5	3	123	87
rg07_theta12p495_foilpm8	0	3	5	4	196	127
rg07_theta12p495_foilpm8	0	3	5	6	315	178
rg07_theta12p495_foilpm8	0	3	6	1	56	37
rg07_theta12p495_foilpm8	0	3	6	2	71	42
rg07_theta12p495_foilpm8	0	3	6	3	91	58
rg07_theta12p495_foilpm8	0	3	6	4	138	87
rg07_theta12p495_foilpm8	0	3	6	5	193	133
rg07_theta12p495_foilpm8	0	3	6	6	232	125
rg07_theta12p495_foilpm8	0	3	7	1	17	9
rg07_theta12p495_foilpm8	0	3	7	2	52	36
rg07_theta12p495_foilpm8	0	3	7	3	79	56
rg07_theta12p495_foilpm8	0	3	7	4	126	94
rg07_theta12p495_foilpm8	0	3	7	5	151	111
rg07_theta12p495_foilpm8	0	3	7	6	190	99
rg07_theta12p495_foilpm8	0	3	8	2	28	18
rg07_theta12p495_foilpm8	0	3	8	3	53	34
rg07_theta12p495_foilpm8	0	3	8	4	81	50
rg07_theta12p495_foilpm8	0	3	8	5	108	78
rg07_theta12p495_foilpm8	0	4	0	2	13	7
rg07_theta12p495_foilpm8	0	4	0	3	36	20
rg07_theta12p495_foilpm8	0	4	0	4	43	34
rg07_theta12p495_foilpm8	0	4	0	5	84	59
rg07_theta12p495_foilpm8	0	4	1	1	1	0
rg07_theta12p495_foilpm8	0	4	1	2	22	9
rg07_theta12p495_foilpm8	0	4	1	3	45	29
rg07_theta12p495_foilpm8	0	4	1	4	79	54
rg07_theta12p495_foilpm8	0	4	1	5	114	70
rg07_theta12p495_foilpm8	0	4	1	6	173	116
rg07_theta12p495_foilpm8	0	4	2	1	14	9
rg07_theta12p495_foilpm8	0	4	2	2	32	22
rg07_theta12p495_foilpm8	0	4	2	4	104	76
rg07_theta12p495_foilpm8	0	4	2	5	129	92
rg07_theta12p495_foilpm8	0	4	2	6	191	124
rg07_theta12p495_foilpm8	0	4	3	1	25	14
rg07_theta12p495_foilpm8	0	4	3	2	54	46
rg07_theta12p495_foilpm8	0	4	3	3	70	58
rg07_theta12p495_foilpm8	0	4	3	4	109	81
rg07_theta12p495_foilpm8	0	4	3	5	173	116
rg07_theta12p495_foilpm8	0	4	3	6	241	173
rg07_theta12p495_foilpm8	0	4	4	1	29	14
rg07_theta12p495_foilpm8	0	4	4	2	61	44
rg07_theta12p495_foilpm8	0	4	4	3	96	52
rg07_theta12p495_foilpm8	0	4	4	4	37	24
rg07_theta12p495_foilpm8	0	4	4	5	159	98
rg07_theta12p495_foilpm8	0	4	4	6	214	146
rg07_theta12p495_foilpm8	0	4	5	1	23	17
rg07_theta12p495_foilpm8	0	4	5	2	64	42
rg07_theta12p495_foilpm8	0	4	5	3	61	43
rg07_theta12p495_foilpm8	0	4	5	4	106	71
rg07_theta12p495_foilpm8	0	4	5	6	215	153
rg07_theta12p495_foilpm8	0	4	6	1	19	12
rg07_theta12p495_foilpm8	0	4	6	2	41	29
rg07_theta12p495_foilpm8	0	4	6	3	58	39
rg07_theta12p495_foilpm8	0	4	6	4	80	52
rg07_theta12p495_foilpm8	0	4	6	5	127	84
rg07_theta12p495_foilpm8	0	4	6	6	197	134
rg07_theta12p495_foilpm8	0	4	7	2	14	8
rg07_theta12p495_foilpm8	0	4	7	3	36	26
rg07_theta12p495_foilpm8	0	4	7	4	86	61
rg07_theta12p495_foilpm8	0	4	7	5	111	73
rg07_theta12p495_foilpm8	0	4	7	6	152	106
rg07_theta12p495_foilpm8	0	4	8	2	1	1
rg07_theta12p495_foilpm8	0	4	8	3	19	17
rg07_theta12p495_foilpm8	0	4	8	4	45	29
rg07_theta12p495_foilpm8	0	4	8	5	74	57
rg07_theta12p495_foilpm8	1	0	0	3	9	9
rg07_theta12p495_foilpm8	1	0	0	4	32	26
rg07_theta12p495_foilpm8	1	0	0	5	21	19
rg07_theta12p495_foilpm8	1	0	0	6	17	15
rg07_theta12p495_foilpm8	1	0	1	2	12	11
rg07_theta12p495_foilpm8	1	0	1	3	21	20
rg07_theta12p495_foilpm8	1	0	1	4	33	31
rg07_theta12p495_foilpm8	1	0	1	5	47	40
rg07_theta12p495_foilpm8	1	0	1	6	42	40
rg07_theta12p495_foilpm8	1	0	1	7	18	14
rg07_theta12p495_foilpm8	1	0	2	2	23	21
rg07_theta12p495_foilpm8	1	0	2	3	3	3
rg07_theta12p495_foilpm8	1	0	2	4	56	50
rg07_theta12p495_foilpm8	1	0	2	5	61	59
rg07_theta12p495_foilpm8	1	0	2	6	53	48
rg07_theta12p495_foilpm8	1	0	2	7	41	36
rg07_theta12p495_foilpm8	1	0	3	2	20	15
rg07_theta12p495_foilpm8	1	0	3	3	28	27
rg07_theta12p495_foilpm8	1	0	3	4	41	36
rg07_theta12p495_foilpm8	1	0	3	5	60	55
rg07_theta12p495_foilpm8	1	0	3	6	76	72
rg07_theta12p495_foilpm8	1	0	3	7	88	76
rg07_theta12p495_foilpm8	1	0	4	2	23	21
rg07_theta12p495_foilpm8	1	0	4	3	41	39
rg07_theta12p495_foilpm8	1	0	4	4	15	14
rg07_theta12p495_foilpm8	1	0	4	5	65	64
rg07_theta12p495_foilpm8	1	0	4	6	85	74
rg07_theta12p495_foilpm8	1	0	4	7	106	98
rg07_theta12p495_foilpm8	1	0	5	2	12	12
rg07_theta12p495_foilpm8	1	0	5	3	30	29
rg07_theta12p495_foilpm8	1	0	5	4	38	34
rg07_theta12p495_foilpm8	1	0	5	6	74	65
rg07_theta12p495_foilpm8	1	0	5	7	90	84
rg07_theta12p495_foilpm8	1	0	6	2	3	3
rg07_theta12p495_foilpm8	1	0	6	3	23	23
rg07_theta12p495_foilpm8	1	0	6	4	45	42
rg07_theta12p495_foilpm8	1	0	6	5	58	54
rg07_theta12p495_foilpm8	1	0	6	6	81	76
rg07_theta12p495_foilpm8	1	0	6	7	89	80
rg07_theta12p495_foilpm8	1	0	7	3	10	8
rg07_theta12p495_foilpm8	1	0	7	4	21	20
rg07_theta12p495_foilpm8	1	0	7	5	46	42
rg07_theta12p495_foilpm8	1	0	7	6	53	48
rg07_theta12p495_foilpm8	1	0	7	7	84	82
rg07_theta12p495_foilpm8	1	0	8	4	20	19
rg07_theta12p495_foilpm8	1	0	8	5	18	18
rg07_theta12p495_foilpm8	1	0	8	6	41	36
rg07_theta12p495_foilpm8	1	0	8	7	3	3
rg07_theta12p495_foilpm8	1	1	0	3	7	7
rg07_theta12p495_foilpm8	1	1	0	4	37	34
rg07_theta12p495_foilpm8	1	1	0	5	40	38
rg07_theta12p495_foilpm8	1	1	0	6	45	43
rg07_theta12p495_foilpm8	1	1	0	7	1	1
rg07_theta12p495_foilpm8	1	1	1	2	10	8
rg07_theta12p495_foilpm8	1	1	1	3	23	20
rg07_theta12p495_foilpm8	1	1	1	4	42	40
rg07_theta12p495_foilpm8	1	1	1	5	55	52
rg07_theta12p495_foilpm8	1	1	1	6	87	82
rg07_theta12p495_foilpm8	1	1	1	7	78	72
rg07_theta12p495_foilpm8	1	1	2	2	19	18
rg07_theta12p495_foilpm8	1	1	2	4	56	52
rg07_theta12p495_foilpm8	1	1	2	5	95	88
rg07_theta12p495_foilpm8	1	1	2	6	110	100
rg07_theta12p495_foilpm8	1	1	2	7	124	114
rg07_theta12p495_foilpm8	1	1	3	2	18	16
rg07_theta12p495_foilpm8	1	1	3	3	50	43
rg07_theta12p495_foilpm8	1	1	3	4	85	78
rg07_theta12p495_foilpm8	1	1	3	5	107	94
rg07_theta12p495_foilpm8	1	1	3	6	127	119
rg07_theta12p495_foilpm8	1	1	3	7	157	145
rg07_theta12p495_foilpm8	1	1	4	2	18	18
rg07_theta12p495_foilpm8	1	1	4	3	52	49
rg07_theta12p495_foilpm8	1	1	4	4	21	20
rg07_theta12p495_foilpm8	1	1	4	5	131	124
rg07_theta12p495_foilpm8	1	1	4	6	168	154
rg07_theta12p495_foilpm8	1	1	4	7	149	133
rg07_theta12p495_foilpm8	1	1	5	2	25	25
rg07_theta12p495_foilpm8	1	1	5	3	43	39
rg07_theta12p495_foilpm8	1	1	5	4	79	75
rg07_theta12p495_foilpm8	1	1	5	6	142	127
rg07_theta12p495_foilpm8	1	1	5	7	164	148
rg07_theta12p495_foilpm8	1	1	6	2	20	18
rg07_theta12p495_foilpm8	1	1	6	3	43	40
rg07_theta12p495_foilpm8	1	1	6	4	64	62
rg07_theta12p495_foilpm8	1	1	6	5	103	98
rg07_theta12p495_foilpm8	1	1	6	6	106	94
rg07_theta12p495_foilpm8	1	1	6	7	144	134
rg07_theta12p495_foilpm8	1	1	7	2	15	13
rg07_theta12p495_foilpm8	1	1	7	3	31	29
rg07_theta12p495_foilpm8	1	1	7	4	43	38
rg07_theta12p495_foilpm8	1	1	7	5	81	74
rg07_theta12p495_foilpm8	1	1	7	6	112	100
rg07_theta12p495_foilpm8	1	1	7	7	127	120
rg07_theta12p495_foilpm8	1	1	8	3	21	19
rg07_theta12p495_foilpm8	1	1	8	4	23	23
rg07_theta12p495_foilpm8	1	1	8	5	54	47
rg07_theta12p495_foilpm8	1	1	8	6	79	77
rg07_theta12p495_foilpm8	1	2	0	3	5	5
rg07_theta12p495_foilpm8	1	2	0	4	17	17
rg07_theta12p495_foilpm8	1	2	0	5	73	64
rg07_theta12p495_foilpm8	1	2	0	6	77	44
rg07_theta12p495_foilpm8	1	2	1	2	3	3
rg07_theta12p495_foilpm8	1	2	1	3	13	13
rg07_theta12p495_foilpm8	1	2	1	4	56	54
rg07_theta12p495_foilpm8	1	2	1	5	111	101
rg07_theta12p495_foilpm8	1	2	1	6	121	67
rg07_theta12p495_foilpm8	1	2	1	7	135	87
rg07_theta12p495_foilpm8	1	2	2	2	27	22
rg07_theta12p495_foilpm8	1	2	2	4	82	77
rg07_theta12p495_foilpm8	1	2	2	5	145	135
rg07_theta12p495_foilpm8	1	2	2	6	173	114
rg07_theta12p495_foilpm8	1	2	2	7	195	124
rg07_theta12p495_foilpm8	1	2	3	2	16	16
rg07_theta12p495_foilpm8	1	2	3	3	64	60
rg07_theta12p495_foilpm8	1	2	3	4	126	109
rg07_theta12p495_foilpm8	1	2	3	5	172	156
rg07_theta12p495_foilpm8	1	2	3	6	257	162
rg07_theta12p495_foilpm8	1	2	3	7	236	162
rg07_theta12p495_foilpm8	1	2	4	2	18	17
rg07_theta12p495_foilpm8	1	2	4	3	67	62
rg07_theta12p495_foilpm8	1	2	4	4	33	29
rg07_theta12p495_foilpm8	1	2	4	5	210	197
rg07_theta12p495_foilpm8	1	2	4	6	264	169
rg07_theta12p495_foilpm8	1	2	4	7	301	191
rg07_theta12p495_foilpm8	1	2	5	2	19	17
rg07_theta12p495_foilpm8	1	2	5	3	78	72
rg07_theta12p495_foilpm8	1	2	5	4	138	131
rg07_theta12p495_foilpm8	1	2	5	6	255	157
rg07_theta12p495_foilpm8	1	2	5	7	264	173
rg07_theta12p495_foilpm8	1	2	6	2	27	25
rg07_theta12p495_foilpm8	1	2	6	3	50	43
rg07_theta12p495_foilpm8	1	2	6	4	115	108
rg07_theta12p495_foilpm8	1	2	6	5	150	140
rg07_theta12p495_foilpm8	1	2	6	6	184	106
rg07_theta12p495_foilpm8	1	2	6	7	244	154
rg07_theta12p495_foilpm8	1	2	7	2	14	14
rg07_theta12p495_foilpm8	1	2	7	3	37	35
rg07_theta12p495_foilpm8	1	2	7	4	75	68
rg07_theta12p495_foilpm8	1	2	7	5	123	118
rg07_theta12p495_foilpm8	1	2	7	6	165	110
rg07_theta12p495_foilpm8	1	2	7	7	158	109
rg07_theta12p495_foilpm8	1	2	8	3	30	29
rg07_theta12p495_foilpm8	1	2	8	4	50	47
rg07_theta12p495_foilpm8	1	2	8	5	63	57
rg07_theta12p495_foilpm8	1	2	8	6	105	71
rg07_theta12p495_foilpm8	1	3	0	2	1	1
rg07_theta12p495_foilpm8	1	3	0	5	52	46
rg07_theta12p495_foilpm8	1	3	0	6	69	51
rg07_theta12p495_foilpm8	1	3	1	3	10	8
rg07_theta12p495_foilpm8	1	3	1	4	29	29
rg07_theta12p495_foilpm8	1	3	1	5	65	60
rg07_theta12p495_foilpm8	1	3	1	6	121	75
rg07_theta12p495_foilpm8	1	3	1	7	113	76
rg07_theta12p495_foilpm8	1	3	2	2	8	7
rg07_theta12p495_foilpm8	1	3	2	4	75	67
rg07_theta12p495_foilpm8	1	3	2	5	114	105
rg07_theta12p495_foilpm8	1	3	2	6	198	145
rg07_theta12p495_foilpm8	1	3	2	7	163	104
rg07_theta12p495_foilpm8	1	3	3	2	8	8
rg07_theta12p495_foilpm8	1	3	3	3	48	40
rg07_theta12p495_foilpm8	1	3	3	4	86	75
rg07_theta12p495_foilpm8	1	3	3	5	156	139
rg07_theta12p495_foilpm8	1	3	3	6	207	163
rg07_theta12p495_foilpm8	1	3	3	7	281	195
rg07_theta12p495_foilpm8	1	3	4	3	41	40
rg07_theta12p495_foilpm8	1	3	4	4	17	15
rg07_theta12p495_foilpm8	1	3	4	5	166	153
rg07_theta12p495_foilpm8	1	3	4	6	229	165
rg07_theta12p495_foilpm8	1	3	4	7	285	188
rg07_theta12p495_foilpm8	1	3	5	3	43	42
rg07_theta12p495_foilpm8	1	3	5	4	102	85
rg07_theta12p495_foilpm8	1	3	5	6	210	148
rg07_theta12p495_foilpm8	1	3	5	7	247	170
rg07_theta12p495_foilpm8	1	3	6	3	37	29
rg07_theta12p495_foilpm8	1	3	6	4	81	70
rg07_theta12p495_foilpm8	1	3	6	5	109	104
rg07_theta12p495_foilpm8	1	3	6	6	161	113
rg07_theta12p495_foilpm8	1	3	6	7	238	168
rg07_theta12p495_foilpm8	1	3	7	2	3	2
rg07_theta12p495_foilpm8	1	3	7	3	25	20
rg07_theta12p495_foilpm8	1	3	7	4	52	45
rg07_theta12p495_foilpm8	1	3	7	5	90	81
rg07_theta12p495_foilpm8	1	3	7	6	98	78
rg07_theta12p495_foilpm8	1	3	7	7	146	99
rg07_theta12p495_foilpm8	1	3	8	3	23	21
rg07_theta12p495_foilpm8	1	3	8	4	30	28
rg07_theta12p495_foilpm8	1	3	8	5	49	49
rg07_theta12p495_foilpm8	1	3	8	6	87	62
rg07_theta12p495_foilpm8	1	4	0	3	1	1
rg07_theta12p495_foilpm8	1	4	0	4	10	9
rg07_theta12p495_foilpm8	1	4	0	5	15	15
rg07_theta12p495_foilpm8	1	4	0	6	38	36
rg07_theta12p495_foilpm8	1	4	0	7	1	1
rg07_theta12p495_foilpm8	1	4	1	3	7	5
rg07_theta12p495_foilpm8	1	4	1	4	25	23
rg07_theta12p495_foilpm8	1	4	1	5	55	49
rg07_theta12p495_foilpm8	1	4	1	6	83	74
rg07_theta12p495_foilpm8	1	4	1	7	87	76
rg07_theta12p495_foilpm8	1	4	2	4	52	49
rg07_theta12p495_foilpm8	1	4	2	5	65	61
rg07_theta12p495_foilpm8	1	4	2	6	115	107
rg07_theta12p495_foilpm8	1	4	2	7	158	142
rg07_theta12p495_foilpm8	1	4	3	3	25	23
rg07_theta12p495_foilpm8	1	4	3	4	37	35
rg07_theta12p495_foilpm8	1	4	3	5	90	86
rg07_theta12p495_foilpm8	1	4	3	6	136	130
rg07_theta12p495_foilpm8	1	4	3	7	203	179
rg07_theta12p495_foilpm8	1	4	4	3	33	31
rg07_theta12p495_foilpm8	1	4	4	4	8	7
rg07_theta12p495_foilpm8	1	4	4	5	101	93
rg07_theta12p495_foilpm8	1	4	4	6	158	143
rg07_theta12p495_foilpm8	1	4	4	7	213	194
rg07_theta12p495_foilpm8	1	4	5	3	21	18
rg07_theta12p495_foilpm8	1	4	5	4	43	42
rg07_theta12p495_foilpm8	1	4	5	6	158	145
rg07_theta12p495_foilpm8	1	4	5	7	189	167
rg07_theta12p495_foilpm8	1	4	6	3	14	13
rg07_theta12p495_foilpm8	1	4	6	4	30	29
rg07_theta12p495_foilpm8	1	4	6	5	60	57
rg07_theta12p495_foilpm8	1	4	6	6	118	106
rg07_theta12p495_foilpm8	1	4	6	7	175	156
rg07_theta12p495_foilpm8	1	4	7	3	14	13
rg07_theta12p495_foilpm8	1	4	7	4	23	23
rg07_theta12p495_foilpm8	1	4	7	5	41	39
rg07_theta12p495_foilpm8	1	4	7	6	96	90
rg07_theta12p495_foilpm8	1	4	7	7	95	85
rg07_theta12p495_foilpm8	1	4	8	3	4	4
rg07_theta12p495_foilpm8	1	4	8	4	13	12
rg07_theta12p495_foilpm8	1	4	8	5	20	18
rg07_theta12p495_foilpm8	1	4	8	6	31	31
