N	last_code	degree	rank	truncated	sigma_max_Ay	sigma_min_Ay	threshold_Ay	sigma_min_minus_threshold_Ay	min_over_threshold_Ay	log10_min_over_threshold_Ay	log10_min_retained_over_threshold_Ay	kappa_Ay	rank_scaled	truncated_scaled	threshold_scaled_Gram	min_over_threshold_scaled_Gram	log10_min_over_threshold_scaled_Gram	kappa_scaled_Gram	min_over_threshold_direct_X	min_over_threshold_scaled_direct_X	xptar_residual_rms_mrad	ytar_residual_rms_cm	yptar_residual_rms_mrad	xptar_step_prediction_rms_mrad	ytar_step_prediction_rms_cm	yptar_step_prediction_rms_mrad	xptar_prediction_diff_from_full_rms_mrad	ytar_prediction_diff_from_full_rms_cm	yptar_prediction_diff_from_full_rms_mrad
1	00000	0	1	0	166013.0	166013.0	3.686229099741922e-11	166012.99999999997	4503599627370496.0	15.653559774527022	15.653559774527022	1.0	1	0	2.220446049250313e-16	4503599627370496.0	15.653559774527022	1.0	4503599627370496.0	4503599627370496.0	31.675558910002657	1.3240004605881168	13.218793858761883	nan	nan	nan	31.613750688848793	1.3157403616324175	13.170806833211516
2	10000	1	2	0	166593.68512699002	6801.714167519935	3.6991228997027564e-11	6801.714167519897	183873700656620.2	14.26451961680477	14.26451961680477	24.4928970879901	2	0	2.83030259164881e-16	2562782624128938.5	15.4087117707785	1.7573084759388127	909996444916346.2	3397314655880240.5	31.642017825700044	1.323618199632222	13.070448204008668	1.457305794652972	0.03181322429274836	1.9748151373653922	31.580143958467964	1.3153557001772185	13.021914521720833
3	01000	1	3	0	166602.17386459332	15.749461401464334	3.6993113875415e-11	15.749461401427341	425740354123.8836	11.629144817061588	11.629144817061588	10578.277543453212	3	0	4.579468356795823e-16	168739532324582.34	14.22721684109017	26.689653368882794	43787716316210.7	871742676998021.5	8.3652890297733	1.3235456029381931	13.066908910501203	30.51621260134151	0.013862732076312268	0.3041509137543985	8.1281154585364	1.3152826474366983	13.018362033399846
4	00100	1	4	0	166603.65051381447	15.738668192567479	3.6993441757407924e-11	15.738668192530486	425444820619.20654	11.628843240908092	11.628843240908092	10585.625700686183	4	0	5.159924299898968e-16	148801083665338.16	14.172606094033535	30.265906110598902	43772515755978.734	818621099744905.0	8.316903904003865	1.1888060975310164	12.553750859506206	0.8984264038923464	0.58181872222377	3.625940958259376	8.078309903939585	1.1795996851127064	12.503211675400994
5	00010	1	5	0	166605.80004015422	4.123891759021037	3.699391904813481e-11	4.123891758984043	111474854925.62212	11.047176915827272	11.047176915827272	40400.13894052944	5	0	5.9110269654701105e-16	126298283929149.66	14.101397449643502	35.658438794757565	22406207066440.53	754186253150283.4	8.316483984838078	1.1677748039969327	3.1843369624393247	0.083574388217513	0.22262512139659799	12.143173339460956	8.077877581748881	1.1584012570958955	2.978866134586263
6	20000	2	6	0	166937.78453774462	4.099906044991875	3.7067634414743505e-11	4.099906044954808	110606088295.75468	11.043779033302103	11.043779033302103	40717.46588965442	6	0	6.739295277604129e-16	108981452770572.3	14.037352592942634	41.32445946423078	22318726174082.3	700577497560301.8	8.310948963052587	1.1641886234093757	3.175805542254357	0.3033697473462173	0.09144857557260126	0.23294000975337334	8.072178951318907	1.1547859673840428	2.969744500734203
7	11000	2	7	0	166941.9196298379	0.5450689706856099	3.706855258963369e-11	0.5450689706485413	14704349984.19765	10.167445830984155	10.167445830984155	306276.6890213023	7	0	8.137094930709766e-16	37404332992523.94	13.572921914653518	120.40315297884439	8137721125078.905	410431650981216.0	3.316640831148412	1.1641885690440472	3.1756047875323485	7.620483335302632	0.00035578503381889816	0.03570820095090122	2.6623874170482433	1.1547859125760538	2.969529815311786
8	02000	2	8	0	166941.9902228004	0.0020789855695794606	3.7068568264420156e-11	0.0020789855325108924	56084862.915381365	7.748845662693164	7.748845662693164	80299734.95995434	8	0	9.76794130599127e-16	3063368640949.971	12.486199262264286	1470.1461545202408	502577126147.5007	117457166106934.1	3.231287932840448	1.1612743435671409	3.165836248211886	0.7475859134033355	0.08232207034275212	0.2488907714353165	2.5552733828364014	1.1518478982140872	2.959081057997946
9	10100	2	9	0	166950.14308938582	0.002074011757498549	3.707037856446012e-11	0.0020740117204281704	55947951.91778625	7.747784192971891	7.747784192971891	80496237.53856787	9	0	1.0378580017106656e-15	2877311243596.008	12.458986842795836	1565.2111454379835	501963320780.4382	113834343870729.78	3.218790628130942	1.1459994879098345	3.126064223345776	0.2839165320431092	0.18773192253189067	0.5002415636558373	2.5394514100185486	1.136446349759742	2.9164908856022285
10	01100	2	10	0	166950.24853666846	0.002071804088276693	3.7070401978460334e-11	0.002071804051206291	55888363.1604672	7.747321390331836	7.747321390331836	80582063.46891424	10	0	1.1296608371493172e-15	2607803327848.5347	12.416274835199893	1726.9705806710558	501695935307.1003	108372054033992.23	3.2096172269556402	1.1459658633261336	3.125741070918715	0.24283814398257117	0.00877874596920339	0.04494759230521355	2.5278138973582394	1.136412442514379	2.916144509407184
11	00200	2	11	0	166955.52089663522	0.0020610429642121068	3.7071572677546177e-11	0.002061042927140534	55596318.562995754	7.7450460347347505	7.7450460347347505	81005356.89728273	11	0	1.2555625984575929e-15	2342875933791.7153	12.369749291287421	1922.2527161657515	500383412558.1218	102719886985883.25	3.1978834866485246	1.1418055182502762	3.116974592524964	0.2741969171811943	0.09755981960842651	0.2339372394083803	2.512898555508199	1.132216993822089	2.906745975787237
12	10010	2	12	0	166955.56370018487	0.002046456431906185	3.707158218184345e-11	0.002046456394834603	55202834.93345149	7.741961381431012	7.741961381431012	81582759.8854245	12	0	1.3685731133391487e-15	2123100872004.877	12.326970628699387	2121.2367658808776	498609533438.6749	97783415240136.22	3.1488578748417573	0.3016004283876436	1.3079536271894319	0.5578107907034403	1.1012524792722274	2.829273390743398	2.4502053530259222	0.2629796531777738	0.6666215179201712
13	01010	2	13	0	166955.56431761308	0.00037181955931424315	3.707158231894005e-11	0.00037181952224266086	10029773.105322206	7.0012911084719525	7.0012911084719525	449023081.58703035	13	0	1.508797166321345e-15	1903165533369.14	12.279476563958207	2366.3730497461534	212532544377.8882	92580211637800.38	3.1484464285149025	0.2865463166653625	1.2905851703826208	0.050901893127851504	0.09409583842621151	0.21244436652147064	2.4496765642496188	0.2455692798290648	0.6318636239200373
14	00110	2	14	0	166955.6096783711	0.0003710858707262395	3.7071592391051647e-11	0.0003710858336546471	10009979.25343537	7.000433177366644	7.000433177366644	449910985.1626201	14	0	1.6359751810259652e-15	1737457650618.41	12.239914227750276	2592.0629638181617	212322723314.67007	88457976621058.69	3.128915131346242	0.28654442379167916	1.2903945303244466	0.35014998780785994	0.0010415317424492256	0.02218193229387694	2.4245226861051923	0.2455670710974638	0.6314741492050079
15	00020	2	15	0	166955.61095807454	0.00011317362893706943	3.707159267520289e-11	0.00011317359186547675	3052839.675074738	6.484703997204446	6.484703997204446	1475216554.652593	15	0	1.778872578936029e-15	1512170481856.8525	12.179600756215418	2978.235378487452	117255139005.01787	82523999046375.83	3.122457527637976	0.28491109200475956	1.2897611868782761	0.20092010168765723	0.030551210429404577	0.04042430844093725	2.416183222754028	0.24365920852095782	0.6301789238545258
16	30000	3	16	0	166962.0423013333	0.00011316839802942902	3.707302072027592e-11	0.0001131683609564083	3052580.98290154	6.48466719430758	6.48466719430758	1475341572.458377	16	0	1.8650516751873985e-15	1436198183676.2324	12.157214373150175	3135.778667984835	117250170904.4025	80424260051489.75	3.1224462807742346	0.2844972147325385	1.2891927292305154	0.008380667342454174	0.015351389407844838	0.038288719971304216	2.4161686883017186	0.2431751318291982	0.6290146659587506
17	21000	3	17	0	166962.1478997199	0.0001122984769385833	3.707304416782795e-11	0.00011229843986553914	3029113.995338859	6.481315617543834	6.481315617543834	1486771258.62564	17	0	1.9773190385802027e-15	1242940060892.6785	12.094450185881218	3623.3441732789706	116798615833.69888	74817808007693.9	2.702134276546903	0.28449381931467543	1.289177982840757	1.5646536766430563	0.0013899504757997445	0.006166170538582405	1.8411219415415494	0.24317115942800988	0.6289844420474783
18	12000	3	18	0	166962.14946566452	5.1109427900524355e-05	3.7073044515537506e-11	5.110939082747984e-05	1378614.261882488	6.139442766994979	6.139442766994979	3266758332.5453653	18	0	2.102995013058943e-15	278811400183.9505	11.4453105274452	16152.85323483606	78795473703.22577	35435221432600.67	2.528889692685927	0.2827092589347224	1.2861125213243167	0.951969837086059	0.03181521869482934	0.08885073963068117	1.5759071911477598	0.24108090950515082	0.6226772653486841
19	03000	3	19	0	166962.1494875341	3.2023277262211187e-07	3.707304452039353e-11	3.201956995775915e-07	8637.887089255777	3.936407522837938	3.936407522837938	521377459653.5641	19	0	2.2305712850481446e-15	41389882697.185616	10.61689419557116	108809.19040818463	6237113521.233702	13652965256460.459	2.528837888735065	0.28112511302417487	1.2846150136687289	0.016186731349114487	0.029886383430723674	0.06204582309989642	1.57582407285343	0.2392212795866023	0.6195783281100132
20	20100	3	20	0	166962.18073610277	3.20213840264307e-07	3.7073051458969614e-11	3.20176767212848e-07	8637.374795508857	3.93638176504058	3.93638176504058	521408383217.5739	20	0	2.3095846526762456e-15	39973812083.67556	10.60177556652283	112663.75140662826	6236928563.871489	13417378477433.787	2.5235742151127725	0.2811213789349888	1.2845988399467019	0.16307743043668604	0.0014489577474291607	0.006446219888737815	1.5673631540608435	0.23921689138525587	0.619544793314249
21	11100	3	21	0	166962.18138547504	3.1777953009003915e-07	3.707305160315922e-11	3.17742457038436e-07	8571.712237008274	3.933067582811095	3.933067582811095	525402568687.065	21	0	2.4081917683787105e-15	38120149415.60209	10.581154594228732	118142.23439342635	6213176324.301692	13102590992062.562	2.5232220332177886	0.27770791627804925	1.279261997377471	0.042159106505339744	0.043675427067486484	0.11697402125834067	1.5667960545579724	0.2351960388492854	0.6084018629661654
22	02100	3	22	0	166962.18139571653	3.1755308930595377e-07	3.707305160543329e-11	3.175160162543483e-07	8565.604274653624	3.9327580064014143	3.9327580064014143	525777222827.9379	22	0	2.5187849342315814e-15	35713089266.77901	10.552827419318673	126105.0141512073	6210962261.991579	12682170773021.645	2.5215027185847623	0.2776732304501284	1.2792253560217275	0.09313146136224412	0.0043890608223195885	0.009682274824385776	1.5640257165573295	0.23515508305980132	0.6083248140596704
23	10200	3	23	0	166962.28281338344	3.1755193690080076e-07	3.707307412467907e-11	3.175148638266761e-07	8565.567986966867	3.9327561665340802	3.9327561665340802	525779450262.1483	23	0	2.6467397972985673e-15	33986437198.373646	10.531305639835026	132511.6722616046	6210949105.783967	12371794772957.473	2.5197796804532078	0.27693638607950744	1.2790376799376355	0.09320043615589799	0.02021536643020227	0.021911753266206466	1.5612463357885205	0.23428455366974194	0.607930057219778
24	01200	3	24	0	166962.28416608056	3.1359875990496735e-07	3.707307442503817e-11	3.135616868305423e-07	8458.935892653431	3.9273157336046065	3.9273157336046065	532407348219.9886	24	0	2.790068347346117e-15	31996434674.028374	10.505101588080507	140753.17057203516	6172168219.874175	12004129759256.365	2.502394657748177	0.2725022316095785	1.2725630985120673	0.29548369649643896	0.049358846244529166	0.12853228001230702	1.5330295512632433	0.22902610896887035	0.594187185452777
25	00300	3	25	0	166962.2879682869	3.135519362184707e-07	3.707307526929757e-11	3.1351486314320137e-07	8457.672689434043	3.927250874009841	3.927250874009841	532486866392.5396	25	0	2.8944153570144646e-15	30840362288.697163	10.489119471164194	146029.40086151462	6171707346.665426	11785272339364.58	2.4993465719621173	0.2699242010010844	1.2700336567420634	0.12347362318819037	0.03739508036325219	0.08019570337203298	1.5280490425131212	0.22595257536251978	0.5887504224198636
26	20010	3	26	0	166962.2929367475	3.1349663724028977e-07	3.707307637251744e-11	3.1345956416391724e-07	8456.180816779673	3.92717426082847	3.92717426082847	532580809818.3004	26	0	3.0301180526014045e-15	29402257756.975014	10.468380680539639	153171.8980424937	6171163000.254498	11507215001023.121	2.456053726534327	0.2663809926484478	1.2654680683361506	0.46317748148836224	0.04359175435853633	0.10759208775450496	1.4561594987232553	0.221707747055125	0.5788359030270067
27	11010	3	27	0	166962.29300564516	3.080789979814191e-07	3.70730763878158e-11	3.080419249050313e-07	8310.046750872567	3.919603467055936	3.919603467055936	541946364729.8509	27	0	3.1802440855516755e-15	27251149076.09613	10.435384819525925	165262.7423083937	6117607657.490663	11078278964986.652	2.3768748995268165	0.20679932934537312	1.1870095840980759	0.6185997250911008	0.16790732754486856	0.438654396243529	1.3182318130097186	0.1447806829528423	0.3776682135740307
28	02010	3	28	0	166962.2930068148	4.248501780815465e-08	3.707307638807551e-11	4.244794473176658e-08	1145.980370321247	3.0591771785963124	3.0591771785963124	3929909921675.2065	28	0	3.337378069677251e-15	25952925489.416424	10.414186319883866	173529.55562589885	2271791532.8557568	10811178731519.428	2.374809421055068	0.1993889761036037	1.1818644439244996	0.09906816677231463	0.05486345620179503	0.11040013101110492	1.3145038694739755	0.13398343564402757	0.3611718501845689
29	10110	3	29	0	166962.29652750364	4.231687620973435e-08	3.707307716982547e-11	4.2279803132564526e-08	1141.4449363317733	3.057454965827077	3.057454965827077	3945525083184.106	29	0	3.478654235839914e-15	24873448675.10479	10.39573600387601	181060.52305798818	2267291553.799298	10583952673084.336	2.36227084753743	0.1972392143323216	1.1739410243146204	0.24371341674698793	0.029200276472266695	0.13662369960476897	1.2917136828354419	0.13076276733286574	0.33433376010927296
30	01110	3	30	0	166962.29657330748	4.222406664805045e-08	3.707307717999597e-11	4.2186993570870455e-08	1138.9415138928332	3.0565014230731604	3.0565014230731604	3954197447749.0645	30	0	3.6340754500918795e-15	23181303157.617615	10.365137846565208	194277.2413073148	2264803871.7663994	10217597969389.072	2.3615859337096596	0.19420060107197257	1.171362830201547	0.05688088503847006	0.034488176881614804	0.07776020345148327	1.2904606812216568	0.12613274172402722	0.3251651416134981
31	00210	3	31	0	166962.2968211026	4.183893961314189e-08	3.7073077235017535e-11	4.180186653590687e-08	1128.5531909830981	3.05252203306912	3.05252203306912	3990595802974.381	31	0	3.76756172073931e-15	22358773111.60471	10.349447968915698	201424.2733664588	2254451536.4906507	10034687950067.166	2.3595361326194517	0.19135624344855015	1.1705917579490341	0.09837358175609828	0.03311588113698475	0.0424948973673455	1.286705653264007	0.12170790290924419	0.3223764202641705
32	10020	3	32	0	166962.29687382412	4.16502866593447e-08	3.7073077246724066e-11	4.161321358209797e-08	1123.4645125938418	3.0505593587061206	3.0505593587061206	4008671014425.4023	32	0	3.923568156174976e-15	21233103007.529835	10.327013466637602	212102.75416520124	2249363101.0319567	9778823793986.498	2.35889500395652	0.19000626128552628	1.166317678944172	0.055001104910373765	0.02268992211992128	0.09994066030290587	1.2855295825271862	0.11957414215088955	0.3064939704658254
33	01020	3	33	0	166962.29687452698	8.344553109721087e-09	3.707307724688013e-11	8.307480032474206e-09	225.08390803796357	2.352344447021267	2.352344447021267	20008536668071.805	33	0	4.090777577301213e-15	19083646960.457123	10.280661373693661	235992.60857750734	1006820641.6005645	9270658301389.105	2.3588364502377703	0.18999533559102347	1.1663161321042468	0.016620488017596056	0.002037591874550952	0.0018995289554970766	1.2854222764065792	0.11955669684481726	0.30648799443035823
34	00120	3	34	0	166962.29687837628	8.341706987353957e-09	3.707307724773485e-11	8.304633910106223e-09	225.0071374332335	2.3521962945500485	2.3521962945500485	20015363418002.023	34	0	4.227662693333018e-15	18446057756.053955	10.265903564113978	244149.7086765016	1006648926.0332347	9114475236558.293	2.358824772092634	0.1897889587308318	1.166311070699828	0.007422498932616063	0.008853173728874232	0.0034360387350454713	1.2854008443971232	0.11922844146590893	0.3064687710046496
35	00030	3	35	0	166962.29687846993	3.5172886577062825e-09	3.7073077247755644e-11	3.480215580458527e-09	94.87447276633111	1.9771493754615415	1.9771493754615415	47469034568050.06	35	0	4.36811285404456e-15	17845036737.29771	10.25151744636785	252372.6733471819	653664011.7044038	8964758825626.984	2.3586100449176888	0.1713703165470483	1.1544382052510138	0.03182705539308997	0.0815601830728529	0.16599380679559425	1.2850065748781516	0.08697319892560738	0.25767599782033623
36	40000	4	36	0	166964.96472929846	3.5167996627155213e-09	3.7073669629638863e-11	3.4797259930858825e-09	94.85976699495606	1.9770820535550566	1.9770820535550566	47476393523188.44	36	0	4.441737986306079e-15	17545400171.555195	10.244163277955604	256682.6395143602	653613321.9704771	8889176434053.328	2.35847708553572	0.17131261991940125	1.1542677879540117	0.025043482883818628	0.0044464890421443614	0.0198353493004221	1.2847625179232331	0.08685945879678454	0.25691151627503817
37	31000	4	37	0	166964.9981054479	3.516500189280359e-09	3.707367704063278e-11	3.479426512239726e-09	94.85167024102496	1.9770449827742225	1.9770449827742225	47480446215934.03	37	0	4.530554419714117e-15	16956465368.633661	10.229335327231889	265597.7840583053	653585433.3148263	8738714500242.82	2.3369860251854835	0.17119609710664246	1.1541580682514017	0.31766420893124103	0.006317477891646115	0.015914816047427175	1.2448712170509852	0.08662940421008394	0.2564180893344255
38	22000	4	38	0	166964.99858750132	3.5152187506105443e-09	3.707367714767014e-11	3.478145073462874e-09	94.8171053173088	1.976886692557403	1.976886692557403	47497754886094.03	38	0	4.627156499710208e-15	12536251402.656883	10.098167692912659	359246.11614090804	653466340.2221009	7513870982831.47	2.157170755516799	0.17115115342722703	1.1541357724935568	0.8989527184288603	0.003922611105821041	0.007173812225315343	0.8611566176976262	0.08654058576670907	0.2563178822538847
39	13000	4	39	0	166964.9985952331	3.510326113663941e-09	3.707367714938694e-11	3.473252436514554e-09	94.68513467167604	1.9762818012121577	1.9762818012121577	47563956506867.555	39	0	4.7267243506744765e-15	2273612337.0303016	9.356716417149917	1980812.451630568	653011436.7569417	3199912447964.114	2.154166839471118	0.17019982535330802	1.1531347254285342	0.11380106075606373	0.018020304594648286	0.0480588315099899	0.853606924290926	0.08463627578347178	0.2518057259321531
40	04000	4	40	0	166964.99859537213	5.4836063746142235e-11	3.707367714941781e-11	1.7762386596724423e-11	1.4791104622596993	0.17000060899246164	0.17000060899246164	3044802766447988.5	40	0	4.823566469899882e-15	537014725.6336466	8.729986194775442	8386361.513749007	81616918.15961921	1555152506867.8057	2.1541042242408626	0.17008771552326352	1.1529492793237155	0.01642447652966556	0.006176534800430668	0.02067980494498829	0.8534568132144585	0.08435133690561702	0.25129287680029694
41	30100	4	41	0	166965.05061378292	5.482704918308974e-11	3.7073688699825285e-11	1.7753360483264457e-11	1.4788668488589893	0.1699290736527634	0.1699290736527634	3045304336117359.5	41	0	4.9246241780248224e-15	525921010.7711537	8.720920521411859	8563262.419896297	81610196.62201208	1539005415657.242	2.1539883669699487	0.17005495245938984	1.1529450077238415	0.022341128610508614	0.0033382646239817856	0.0031384141528201267	0.8531642150608878	0.08428567114830969	0.25127264104233715
42	21100	4	42	0	166965.05128489016	5.4784605322551686e-11	3.7073688848841026e-11	1.771091647371066e-11	1.477721991623834	0.1695927365890246	0.1695927365890246	3047663669417003.0	42	0	5.040257627248853e-15	513812576.8322622	8.71080473049086	8765063.041344604	81578601.44705929	1521185764735.4644	2.153058725399645	0.17003804019304763	1.1529441924560002	0.06327720662284723	0.0023982733504833184	0.0013711199449336806	0.850815198476706	0.08425088002318624	0.25126832197263105
43	12100	4	43	0	166965.0512950774	5.4075006004619004e-11	3.707368885110305e-11	1.7001317153515956e-11	1.4585817511118837	0.1639307756324446	0.1639307756324446	3087656639017580.5	43	0	5.162553428889203e-15	497830558.55200243	8.697081551579885	9046450.74514858	81048554.79302952	1497340816013.3376	2.1499252290678483	0.16867195790401013	1.1518673872826861	0.11612194736696821	0.021511236693553343	0.049820266164544186	0.8428633752784565	0.08148299530302328	0.24618301787256266
44	03100	4	44	0	166965.0512952514	5.403651646810092e-11	3.7073688851141686e-11	1.6962827616959234e-11	1.4575435610162344	0.16362154320893982	0.16362154320893982	3089855938323022.0	44	0	5.2849673626411095e-15	475767039.53670496	8.677394351439869	9465976.524468858	81019702.20835324	1463784226990.1829	2.1494955746261164	0.1686491282877015	1.15185519846159	0.042980284243972114	0.0027751457720002082	0.005299449792338746	0.8418252710144714	0.08143949197887597	0.24612335393644932
45	20200	4	45	0	166965.0823359983	5.4034842586532934e-11	3.707369574357207e-11	1.6961146842960868e-11	1.4574981399285405	0.16360800918111257	0.16360800918111257	3089952229778696.5	45	0	5.411640755435839e-15	464626626.9053235	8.66710409480277	9692943.465954632	81018439.20640597	1446544954384.075	2.1490741012592003	0.16864891065154203	1.1517948982204484	0.04255869491982914	0.00027025494792349295	0.011788973372855345	0.8407486723539771	0.08143908112242014	0.2458423269605665
46	11200	4	46	0	166965.0827369365	5.397474364069979e-11	3.7073695832598233e-11	1.6901047808101554e-11	1.4558770694029584	0.16312470579167057	0.16312470579167057	3093392788456638.0	46	0	5.551521642714582e-15	452541140.29468495	8.655658066835809	9951801.56314153	80973351.94290125	1427607828490.4082	2.14849766032466	0.1684847111514132	1.1513687423019283	0.04976552685344531	0.007439474803083866	0.031328171496649106	0.8392717437620622	0.08109566809524811	0.24385476662798597
47	02200	4	47	0	166965.08274284197	5.272139273453143e-11	3.707369583390951e-11	1.564769690062192e-11	1.4220700566440352	0.15292099193838973	0.15292099193838973	3166932322587966.5	47	0	5.695582499520449e-15	430342273.37997174	8.63381400979136	10465157.401336754	80027704.21331647	1392152758555.2388	2.14483269206806	0.16847713791413454	1.1513681906870383	0.12542381485240947	0.0015969257539397647	0.0011276168849456197	0.8298301447222547	0.08107722182451291	0.24385507010905177
48	10300	4	48	0	166965.0850439325	5.271896407300243e-11	3.707369634485424e-11	1.5645267728148185e-11	1.4220045280248867	0.1529009793002815	0.1529009793002815	3167078260732287.5	48	0	5.8151751966103105e-15	421480508.6945861	8.624777495539377	10685190.73709741	80025856.3918632	1377744338776.8376	2.1447154749736814	0.1684488084573984	1.1513623118877516	0.022446153010550137	0.0030915731715945582	0.0036870507063009655	0.8295272033261264	0.08101820150918836	0.2438279081484176
49	01300	4	49	0	166965.08507546425	5.264626017344605e-11	3.70736963518557e-11	1.557256382159035e-11	1.420043463532626	0.15230163711792294	0.15230163711792294	3171451961172331.0	49	0	5.94679088491688e-15	411960104.0209585	8.614855159133834	10932125.668026764	79970654.76978132	1362095214003.826	2.1436228165355273	0.16843214496414946	1.150998643203152	0.06844663974064034	0.002369524457546232	0.028937671836510876	0.8266806846677486	0.08098473007054921	0.24209148626621643
50	00400	4	50	0	166965.08676551573	5.263305131543888e-11	3.7073696727122515e-11	1.5559354588316363e-11	1.4196871626490215	0.15219265529617404	0.15219265529617404	3172247904930790.0	50	0	6.057811467244813e-15	404336315.7835785	8.606742749585262	11138251.627590762	79960600.63012642	1349432800166.3137	2.1432293149230386	0.1684228597728714	1.1507043280886595	0.04106667043907721	0.0017683923600369095	0.02602651299966457	0.8256576997896155	0.08096538569157437	0.2406945493111451
51	30010	4	51	0	166965.08708391295	5.2628531974933024e-11	3.70736967978209e-11	1.5554835177112126e-11	1.4195652584078533	0.1521553621418917	0.1521553621418917	3172520319651675.5	51	0	6.200263933382471e-15	395006083.7228571	8.596603784504738	11401342.442437664	79957186.43191607	1333772564008.0535	2.1288308285853628	0.16809049391520164	1.1501435633387633	0.2480272734170795	0.010574718457427515	0.035916367572466114	0.7875255919148565	0.08027243092789044	0.237993167706401
52	21010	4	52	0	166965.08708883345	5.261846652724426e-11	3.707369679891347e-11	1.554476972833079e-11	1.4192937600111777	0.15207229337721107	0.15207229337721107	3173127194848674.5	52	0	6.351572995152056e-15	384785824.0468441	8.585219063751333	11704172.414683927	79949548.37715584	1316404685038.4712	2.098134773983769	0.16250820127646376	1.1451360224738927	0.3602099215067059	0.042959231018248105	0.10720892223066547	0.7003483494809126	0.06780434032438866	0.21250737646359666
53	12010	4	53	0	166965.08708891168	5.0396269184757103e-11	3.707369679893084e-11	1.3322572385826264e-11	1.359353761187648	0.13333249318475304	0.13333249318475304	3313044592186043.5	53	0	6.507318876672286e-15	358306345.24388736	8.554254499151336	12569131.658288227	78243109.75438158	1270302453720.267	2.0834131285705952	0.1614366845676643	1.1442494232083658	0.24811176018822093	0.018630973034942083	0.045052619200106385	0.6577396129473231	0.06527708153358121	0.20752380190642242
54	03010	4	53	1	166965.08708891302	4.929331897294582e-12	3.7073696798931136e-11	-3.214436490163655e-11	0.13296035526289082	-0.8762778331470056	0.13345810433872254	3.3871747848942824e+16	54	0	6.66367822911591e-15	348274180.89423543	8.541921279480375	12931190.063549839	24469612.223065417	1252392698874.4895	2.0837069403184953	0.16138749606693878	1.1442260491013139	0.00850050604544299	0.0007464579439361979	0.001638803563693499	0.6575897379150611	0.0651887640108009	0.20742138145048042
55	20110	4	54	1	166965.08736975162	4.928831920875779e-12	3.7073696861289834e-11	-3.214486494041405e-11	0.13294686902460418	-0.876321886097355	0.1332983165009891	3.3875183826533176e+16	55	0	6.809972588843763e-15	340781871.6996661	8.532476483893356	13215490.61547369	24468607.409907825	1238848300369.1094	2.0785718389733265	0.16097880251458802	1.1440802704174047	0.1461848787531086	0.011478593634895319	0.01826698256822388	0.641122501295679	0.06416784589270265	0.20662207699693133
56	11110	4	55	1	166965.08737354307	4.889849739381363e-12	3.70736968621317e-11	-3.218384712275034e-11	0.13189539089035432	-0.8797703806921509	0.13310481158048743	3.414523886671957e+16	56	0	6.967109926317142e-15	331648520.4439184	8.520678064156707	13579435.30501006	24370862.129992913	1222134261839.8787	2.0767257435303583	0.15904495385474735	1.1434092620532463	0.08761346613609833	0.02485353485456599	0.03909934431244211	0.6349703102898363	0.05914420292495098	0.20293728715167608
57	02110	4	56	1	166965.08737359868	4.8829220782567106e-12	3.707369686214405e-11	-3.2190774783887345e-11	0.13170852899869992	-0.8803861006863821	0.12094151911949903	3.4193682532244744e+16	57	0	7.129688910152442e-15	312709327.78588367	8.495140835977562	14401871.729436137	24351472.50049052	1186725584543.2727	2.0732045978123246	0.1585734937998668	1.1432830330937032	0.12123828466847245	0.01231453926666918	0.01709173640695204	0.6252839318533052	0.058050876763285776	0.20180286241218873
58	10210	4	57	1	166965.0873905863	4.880118642901037e-12	3.707369686591606e-11	-3.2193578223015026e-11	0.13163291107846342	-0.8806355141200194	0.1209324610477781	3.4213325455409868e+16	58	0	7.275136587517874e-15	306447568.0278067	8.486356179134711	14696150.65426737	24343720.261313826	1174783875454.8333	2.0693074394533455	0.15805968962494157	1.1425636919662006	0.12716622217120108	0.0127807099482168	0.04058518064204496	0.612149953299473	0.05662858442917753	0.19767940707350432
59	01210	4	58	1	166965.08739083132	4.829954884046926e-12	3.707369686597047e-11	-3.224374198192354e-11	0.13027982889077047	-0.8851228205081699	0.1203974512294879	3.456866397288881e+16	59	0	7.432598035509126e-15	299742133.6489701	8.476747794414178	15024913.489955634	24218285.091531273	1161859958103.8433	2.0689968278085833	0.1576963368966607	1.1421815589704862	0.035673012974359514	0.010720700152857593	0.029557267532870374	0.611131984817925	0.05558518954867036	0.19552745287836618
60	00310	4	59	1	166965.08740769525	4.828233597240944e-12	3.707369686971501e-11	-3.2245463272474066e-11	0.13023340008978335	-0.8852776208794407	0.11993314934956613	3.4580987859225812e+16	60	0	7.553952167479768e-15	294831459.3319281	8.469573822081571	15275166.488594554	24214284.847992677	1152303280926.5479	2.068477238145245	0.1574574965238084	1.141614492936342	0.04634061577377126	0.00869026274143866	0.03600106795536942	0.6092769261154968	0.054932711727650366	0.19204262321384877
61	20020	4	60	1	166965.08741261938	4.824332898832965e-12	3.707369687080839e-11	-3.2249363971975424e-11	0.13012818537208293	-0.8856286263760358	0.11988322641408244	3.4608948203597068e+16	61	0	7.71274412278648e-15	288323868.7175117	8.459880596683108	15619933.401292365	24206325.077127516	1139515365659.7788	2.0654441700579644	0.1574489888931109	1.1414819140534338	0.11208183069438338	0.0015972605077897125	0.017397396759082223	0.5987081275828713	0.054912318168841005	0.1912496297707775
62	11020	4	61	1	166965.087412685	4.7485507501744746e-12	3.707369687082296e-11	-3.232514612064849e-11	0.12808409063493179	-0.8925048107592026	0.11864514453665986	3.516127260650005e+16	62	0	7.881020195729034e-15	279637047.4448011	8.446594707971347	16105160.845182661	24001974.25707351	1122218028511.1885	2.0651466551349196	0.15332460584922908	1.1401428066546786	0.03579368748668241	0.03598186470603335	0.05566572265935899	0.5972873234833772	0.04231035908286758	0.18320141919752894
63	02020	4	61	2	166965.08741268603	1.2268274959049025e-12	3.707369687082319e-11	-3.584686937491829e-11	0.033091587822481484	-1.4802823937347471	0.12089273534233445	1.3609499947629827e+17	63	0	8.052889696491295e-15	254160376.0451833	8.405107844383725	17719519.058981363	10550891.842248792	1069876897412.3558	2.0651427382012644	0.15329661470970193	1.140130519084927	0.0023810538410924996	0.00123732930969652	0.00191400644309153	0.5973806310946344	0.04228630373287473	0.18324290717711886
64	10120	4	62	2	166965.08741298658	2.477000239218355e-12	3.7073696870889924e-11	-3.459669663167157e-11	0.06681287403963436	-1.1751398461222524	0.1200784913687649	6.740616523544394e+16	64	0	8.201179697522831e-15	249403029.77420232	8.396901725029553	18057517.711183548	10549988.735844493	1059816678827.7424	2.0611994247986103	0.15322649430363125	1.139434730861848	0.12745089668555626	0.004741056284719464	0.03988910737518326	0.5839574910548522	0.04206413400207262	0.17886008976716564
65	01120	4	62	3	166965.08741299095	9.680657519170653e-13	3.707369687089089e-11	-3.610563111897383e-11	0.0261119293090288	-1.5831610386592394	0.12027087979843042	1.724728791224658e+17	65	0	8.361241903184804e-15	244382882.0366921	8.388070782186851	18428457.7947416	10525519.540974144	1049096114377.1426	2.061130491445778	0.15332612625050174	1.1395258284766243	0.004536422664470462	0.0016594028525980277	0.0030359383211287323	0.5835694634393325	0.042502161000041144	0.17953324951962774
66	00220	4	63	3	166965.0874132677	9.562533979641777e-13	3.7073696870952344e-11	-3.6117443472988166e-11	0.02579331112547918	-1.5884929032586803	0.12034198905697895	1.7460339254085702e+17	66	0	8.493331443068292e-15	240374481.32844004	8.380888360142263	18735764.306099202	10513601.643647404	1040456834881.9171	2.0608468290436655	0.1532502294594465	1.138726057809778	0.03445854206836015	0.004931624579811884	0.042744695589563016	0.5825880194122801	0.04221642354990442	0.17437255758398365
67	10030	4	63	4	166965.0874132725	3.81853810612907e-12	3.707369687095341e-11	-3.325515876482434e-11	0.10299857927362048	-0.9871687657597048	0.11989384212620484	4.3724871344161704e+16	67	0	8.647627151987487e-15	236068161.82917294	8.373037418360873	19077539.26863486	10504122.54904465	1031094799891.5305	2.0607645609362857	0.15359546392397222	1.1391614421515286	0.007661280247018592	0.004834187374511567	0.010732883297931392	0.5822673355949312	0.043361652996636336	0.17650686299403745
68	01030	4	63	5	166965.08741327265	3.1024356633126355e-13	3.707369687095344e-11	-3.676345330462218e-11	0.008368293224470249	-2.077363110558748	0.11973778157134266	5.381742138529801e+17	68	0	8.81256480122221e-15	230938387.48238614	8.3634961290458	19501303.687391464	6138734.232692122	1019830395938.9987	2.0607634469321505	0.1536237214407255	1.1392005246599797	0.0006029669946541354	0.00036281539697161384	0.001029149993273306	0.5822427164917396	0.043475570362266014	0.17669387846476264
69	00130	4	63	6	166965.087413277	3.023306311991415e-13	3.707369687095441e-11	-3.677136623975527e-11	0.008154855240131287	-2.0885837438781727	0.12026098707202189	5.522599107838965e+17	69	0	8.946237211483535e-15	227045352.1620316	8.356112615899866	19835682.97912784	6059562.909781892	1011197984599.0765	2.0607578461631793	0.15358024330134837	1.1391531744097672	0.003325857932037826	0.0008665386199437559	0.0034695432002296808	0.5821870391738639	0.04331139978555013	0.17642916277242168
70	00040	4	63	7	166965.08741327713	2.597703271391157e-13	3.707369687095444e-11	-3.681392654381532e-11	0.007006863330714505	-2.1544763533634805	0.11888229957988075	6.427411831523841e+17	70	0	9.080244113752838e-15	223389841.52637488	8.34906342003586	20160270.478721708	4202559.0392404925	1003024629667.452	2.0607792524132664	0.15358181457823378	1.1391584291776493	0.001627239540782208	0.00029612424893518793	0.0006014458432014892	0.5822415863438647	0.04331564833817056	0.17641153602004506
71	50000	5	64	7	166965.18588399663	2.5982867220141207e-13	3.7073718735846446e-11	-3.681389006364503e-11	0.0070084329563137315	-2.1543790768271465	0.12028506943215567	6.42597233282129e+17	71	0	9.145897239106949e-15	221786193.0177304	8.345934506272776	20306041.445106827	4202524.1297632465	999417939058.5569	2.0607102301475706	0.15356336003325774	1.1390706228073684	0.01213164351262743	0.0022472955151689096	0.014375193672424859	0.5820037093221593	0.043248443017244904	0.17585806720242636
72	41000	5	65	7	166965.18755914923	2.5930106692128514e-13	3.707371910780504e-11	-3.6814418040883755e-11	0.00699420163828924	-2.155261851418532	0.12005698297380782	6.439047457133453e+17	72	0	9.221929932055177e-15	219810667.42736408	8.342048764941081	20488539.88789557	4202261.712970961	994956903880.9891	2.058063191561741	0.15351155246853965	1.13881399096925	0.10457345795555104	0.00408295745995483	0.024032343188982064	0.5725626947529305	0.04306790916324037	0.1742099840318107
73	32000	5	66	7	166965.18758560639	2.6078212294855143e-13	3.707371911367971e-11	-3.681293699073116e-11	0.007034150583838412	-2.152788338744399	0.11986025011195012	6.402478271815672e+17	73	0	9.302796533045841e-15	209788590.5432415	8.321781865178554	21467323.917418744	4200770.330792139	972010194840.8202	2.00890606846162	0.15349689950824263	1.138806398411142	0.4470253129450614	0.001898678578008543	0.0033440942896626018	0.3578378406837132	0.04302135787313682	0.17416780393427467
74	23000	5	67	7	166965.18758601494	2.5725774228608425e-13	3.707371911377043e-11	-3.6816461371484345e-11	0.0069390864589716885	-2.1586977012947894	0.04231672994394525	6.490190969659557e+17	74	0	9.385792685845204e-15	117056847.19436714	8.068396822661057	38473611.20099613	4200490.479034581	726069675833.3121	2.0070271486972526	0.15342117646411696	1.1387651129270178	0.08767047253483308	0.004491724550939012	0.016984716773197517	0.34792524370297423	0.04277107837513801	0.1736842815341242
75	14000	5	67	8	166965.18758602123	2.9964982979427016e-13	3.7073719113771826e-11	-3.6774069283977556e-11	0.008082540326604536	-2.092452119864797	0.06956693792127208	5.572010092602225e+17	75	0	9.468494300151002e-15	21846413.761820618	7.339380154748963	206148234.50982642	4200291.038959276	313667819569.9281	2.0071749459697474	0.15342389431911213	1.1387495756261157	0.005922310752473175	0.000833161763938319	0.005130704825148077	0.34804058569973445	0.0427439767680725	0.17367182052344224
76	05000	5	67	9	166965.18758602138	9.724873941940929e-15	3.707371911377186e-11	-3.706399423982992e-11	0.0002623117986112272	-3.581182174691729	0.0774560930403075	1.7168879368805247e+19	76	0	9.547281157902302e-15	6803590.168664499	6.832738144909936	661944578.6303915	1082668.6278641636	175044696176.84567	2.0072062618182884	0.15342490514414384	1.138656819875617	0.003691035693147382	0.0016759364411664602	0.009243536037830498	0.34814946702020555	0.04269208336253892	0.1734191984299432
77	40100	5	68	9	166965.18807036115	9.724960195666093e-15	3.707371922131689e-11	-3.7063994261121226e-11	0.0002623141243966257	-3.581178324040359	0.07465192488819518	1.716872714242767e+19	77	0	9.653050114744962e-15	6726123.332678625	6.8277648264354545	669568398.4101096	1082556.736783833	174045298927.1522	2.0071941406392186	0.15342914719661402	1.1387572961901227	0.005266733499745727	0.001910419234900672	0.010544389949340425	0.3480185602525078	0.04277011587037591	0.17368201096058045
78	31100	5	69	9	166965.18808171124	9.717526904032738e-15	3.707371922383712e-11	-3.7064001696933085e-11	0.00026211362408400357	-3.58151040480415	0.07631183884939141	1.7181860130731545e+19	78	0	9.771279825062006e-15	6643479.94472055	6.822395628298016	677897677.850209	1082435.306758907	172972753076.47424	2.0070994387628747	0.15340274607440973	1.138596673702978	0.020224703377411817	0.0031797369150972895	0.013434150633919601	0.3475671141489007	0.04259649890498811	0.1731702855578266
79	22100	5	70	9	166965.18808192172	9.69884861983941e-15	3.7073719223883854e-11	-3.706402037526402e-11	0.00026160980939811293	-3.5823459756092384	0.0729504918067283	1.7214949384856599e+19	79	0	9.895158005349523e-15	6560227.669399226	6.816918911608594	686500507.959189	1081222.3350093162	171885538823.1365	2.004059665137471	0.15326066579574987	1.13865680817104	0.11112005328731735	0.007353780391088881	0.021152464615501295	0.32961396950106714	0.04217984441428158	0.17296628789243837
80	13100	5	70	10	166965.18808192524	9.522784721587332e-15	3.7073719223884636e-11	-3.7064196439163045e-11	0.0002568607876668685	-3.5903021900104592	0.0794549657954274	1.7533231398524588e+19	80	0	1.0020052583001044e-14	6451214.357385772	6.809641472630856	698101067.1602441	1071038.9976526892	170451418741.02966	2.0040790545806644	0.15323697648273799	1.1385697758621063	0.008656178301562458	0.00216480046794182	0.009972995740162959	0.3299308747009896	0.04199902024772646	0.17268012604587946
81	04100	5	70	11	166965.1880819253	4.4661643721263764e-14	3.707371922388465e-11	-3.702905758016339e-11	0.0012046712511241823	-2.9191314537547273	0.0803128851741979	3.738447002174079e+18	81	0	1.0141302139723216e-14	6235508.626903677	6.794871884414125	722250564.7637627	1071034.019753014	167577545897.92685	2.0040876018802525	0.15324047668691726	1.1386271543497168	0.0029108251285133954	0.0008854993447003749	0.005217052939159153	0.3300009911727152	0.04203237894929706	0.17282722321262042
82	30200	5	71	11	166965.189264365	4.564373045481451e-14	3.7073719486439007e-11	-3.702807575598419e-11	0.0012311613479060357	-2.909685027561424	0.0795604721997169	3.658009273138924e+18	82	0	1.0273083134360625e-14	6155513.207373098	6.789264267476704	731636741.8359313	1071026.8791670094	166499148706.63245	2.0040660482302117	0.15321191164227974	1.1385831412715979	0.008180163038136457	0.002571732247144372	0.01087216247392964	0.3298689751328987	0.04193660208272118	0.17249902996770222
83	21200	5	72	11	166965.18928176648	3.8733007292283944e-14	3.707371949030291e-11	-3.703498648301063e-11	0.001044756442698312	-2.980984942012814	0.08062526905005932	4.3106693994046735e+18	83	0	1.0416772587581004e-14	6069896.607283612	6.783181293502173	741956563.4719993	1070515.1949287893	165337181713.88782	2.0036339086629646	0.15304335963394197	1.1382835737559478	0.04049249006972508	0.006710633824619175	0.02238237901055609	0.32742386204462215	0.041256218305909496	0.170890173843095
84	12200	5	73	11	166965.1892820197	3.9038441162132714e-14	3.707371949035914e-11	-3.703468104919701e-11	0.001052994997501788	-2.9775736920267923	0.03304035384582058	4.2769430415673446e+18	84	0	1.0564829858018131e-14	5973303.553758762	6.776214585460716	753954589.2551469	1069251.7376755555	164016362651.79678	2.0005592341248297	0.15309902088926755	1.1383572115238085	0.11358458479836724	0.0021538421120993784	0.008724445265223509	0.30140567000448987	0.04148539170034327	0.17148425787851915
85	03200	5	73	12	166965.18928202338	3.8768714197931367e-14	3.707371949035995e-11	-3.703495077616202e-11	0.0010457195752374441	-2.9805847621752135	0.035179925950845604	4.3066991706145454e+18	85	0	1.071114741263871e-14	5584587.586171986	6.746991106607746	806433699.512901	1046390.1163821227	158589867762.50327	2.0004527185088214	0.1530928909921002	1.138246493113155	0.006515700650112543	0.0014396804461236546	0.00863175019889116	0.30133192260486397	0.041402928472042126	0.17124937822631148
86	20300	5	74	12	166965.18932300556	3.83275165414217e-14	3.7073719499459825e-11	-3.70353919829184e-11	0.0010338190248750235	-2.985555479982009	0.03509213251609046	4.356274666076036e+18	86	0	1.0838651403344741e-14	5518499.514610066	6.741821008687627	816091333.4226718	1046335.2036369031	157648697852.08426	2.000415191598347	0.15305660223560089	1.1383791328653925	0.015927323588960457	0.002657233990311478	0.014767816753843095	0.30063257692743717	0.04138888022666806	0.17136570010093957
87	11300	5	75	12	166965.1893236975	2.405474285468909e-14	3.707371949961347e-11	-3.7049664756758776e-11	0.0006488354332761212	-3.1878654410778795	0.03047247339639689	6.941050683115089e+18	87	0	1.0977139482623073e-14	5448870.877782527	6.736306516523862	826519792.5195249	1046326.4933865148	156650989158.69553	2.0003406797968246	0.153067805303886	1.1382742775788086	0.019363309738055383	0.0015974565892151098	0.01080617488256017	0.3004777551329652	0.0413712556524706	0.17097447420311404
88	02300	5	76	12	166965.18932370862	1.979905666031665e-14	3.7073719499615936e-11	-3.705392044295562e-11	0.0005340455969226869	-3.272421661236387	0.025207797178745363	8.432987095711373e+18	88	0	1.1119232612311926e-14	5378911.993053107	6.730694438640634	837269625.0072354	1045091.000009464	155642107580.7293	1.9997017995034065	0.1528720025916901	1.1381432157498579	0.04985564071599107	0.006963504695298659	0.02730524955727017	0.29632465251853346	0.04083608224710661	0.16961045140911854
89	10400	5	77	12	166965.18939135515	1.960491524207314e-14	3.707371951463648e-11	-3.705411459939441e-11	0.0005288089649147083	-3.2767011908522465	0.027432252546905764	8.516496364801384e+18	89	0	1.1240942275659244e-14	5320667.889771193	6.725966151587547	846435019.1878197	1045033.230041273	154797149539.51447	1.999719833061794	0.15297300754424029	1.1380426582370562	0.0076940713790371274	0.004102101548665147	0.024329247253171836	0.29670642612091996	0.0410383430716503	0.16975245258783617
90	01400	5	78	12	166965.18939224634	2.1846684199788664e-14	3.7073719514834366e-11	-3.7051872830634575e-11	0.0005892768377623161	-3.2296806290384112	0.022247060033338317	7.642587216684419e+18	90	0	1.1373003338922153e-14	5254910.095023434	6.720565290189337	857026960.6773192	1044418.3420057481	153837611670.0707	1.998495494858053	0.1528440548362697	1.1380176012059424	0.06914314357977348	0.004185061269291164	0.022363878866563595	0.28806006010641594	0.04073438705958254	0.16875978917341014
91	00500	5	79	12	166965.18939685868	2.161975795380365e-14	3.707371951585851e-11	-3.705209975790471e-11	0.0005831558914544753	-3.234215332465063	0.028715719600723503	7.722805674033175e+18	91	0	1.1480740677518735e-14	5205538.311497751	6.71646564712697	865155409.0809696	1044416.1053475613	153113226153.23334	1.9984858250217519	0.152917034271999	1.1377150158081901	0.015706801306465675	0.005080737386698274	0.03233173244851137	0.28847220001223567	0.0408010050266719	0.16793721847949544
92	40010	5	80	12	166965.1894363077	2.1493910424665703e-14	3.7073719524617954e-11	-3.705222561419329e-11	0.0005797613700560357	-3.2367507253908387	0.028337922851438716	7.768022948709415e+18	92	0	1.1616661427075409e-14	5144486.662537375	6.711342045619364	875422548.9913547	1044380.4069531427	152212705795.451	1.9983538112288446	0.15289350053229164	1.137786766675469	0.02294097292328935	0.003151935676219611	0.012512386956831476	0.28736852467380175	0.040765960054621554	0.1679217309084416
93	31010	5	81	12	166965.18943688678	2.2592767364793133e-14	3.7073719524746536e-11	-3.7051126757381744e-11	0.0006094011513927694	-3.2150967295635358	0.02915450952482064	7.390205313983481e+18	93	0	1.1759454887055642e-14	5076722.446473414	6.705583420394946	887107710.7039715	1044342.2135480406	151206894421.9236	1.9956395833758516	0.15261144026896306	1.137647702159949	0.10381244532758441	0.008688149879284538	0.013819844591419559	0.2689383819601001	0.0396895481452781	0.1670809086854786
94	22010	5	81	13	166965.18943689598	2.302706441627305e-14	3.707371952474858e-11	-3.70506924603323e-11	0.0006211155695047357	-3.2068275841576956	0.027723273060730257	7.250823918263023e+18	94	0	1.19060799113806e-14	4995532.847657993	6.698581818979482	901525375.712798	1044007.2262874811	149992931454.65973	1.9962292318379846	0.15268123625997318	1.1377326166707715	0.011368860059156504	0.0009523609759946244	0.004542094623566545	0.26926654449681764	0.03985675040968474	0.16728242195289758
95	13010	5	81	14	166965.18943689603	6.019590893270759e-14	3.707371952474859e-11	-3.701352361581588e-11	0.0016236814030090442	-2.789499183524118	0.024126735841159205	2.7736966248577587e+18	95	0	1.2054072747515043e-14	4629565.580455425	6.665540240507675	972790977.707127	1008393.0322032283	144394284760.92105	1.996147907363066	0.1525785050424723	1.1376658716750272	0.011832671149783685	0.0037159507977852207	0.019512271041279453	0.2689432794403126	0.039600314088712556	0.16612690622032683
96	04010	5	81	15	166965.18943689603	7.014346514112407e-16	3.707371952474859e-11	-3.7073018090097176e-11	1.891999670934009e-05	-4.723078943468876	0.029728642335957636	2.380338483434957e+20	96	0	1.2201056627043966e-14	4513395.421267887	6.654503383985867	997829617.6197568	278415.57823944575	142571124727.87622	1.9962115438622403	0.1526868374198703	1.137725292127013	0.012112218096807617	0.003918140713303138	0.0203316188679571	0.26951995211787416	0.03990651055170338	0.1672052238246239
97	30110	5	82	15	166965.18946714138	7.000086777726816e-16	3.7073719531464405e-11	-3.707301952278663e-11	1.8881533512670217e-05	-4.723962736253809	0.02832724871299996	2.385187423653069e+20	97	0	1.2351009503263903e-14	4457968.655854092	6.649137010614057	1010235821.5229895	278412.6183518052	141692997747.8275	1.995083092559957	0.15267363598451242	1.137717754194253	0.06689344288003077	0.0015556986976653574	0.008021249813893407	0.26105643270885637	0.039831199664345084	0.16721371122689038
98	21110	5	83	15	166965.18946755212	6.974175502845474e-16	3.707371953155561e-11	-3.707302211400532e-11	1.88116422926201e-05	-4.725573288049402	0.023236154172131644	2.3940491517517745e+20	98	0	1.2509801960629918e-14	4400757.151955121	6.643527403446881	1023369268.4836483	278407.400720719	140780850593.24747	1.9951481066045638	0.15277586427307777	1.1372968806889425	0.01692397305666984	0.009576961010996105	0.04049416053527174	0.26148326496818014	0.03985887642751472	0.16549527798712918
99	12110	5	83	16	166965.18946755806	7.41009785890315e-16	3.707371953155693e-11	-3.7072978521771036e-11	1.9987468083950195e-05	-4.699242216727904	0.02480922010064233	2.2532116666576978e+20	99	0	1.2673365397411535e-14	4293611.926188388	6.632822788602487	1048907005.2887903	277261.3007713213	139056494695.9594	1.9951640953738023	0.15271989452583115	1.1373247537994007	0.002747639520630478	0.0010171287273925867	0.005660251800070489	0.26139467961692503	0.03968921359085216	0.16562109905144365
100	03110	5	83	17	166965.18946755814	1.1950749588182126e-15	3.7073719531556946e-11	-3.7072524456598125e-11	3.223509736596489e-05	-4.491671013666388	0.022764828925784585	1.3971106016033246e+20	100	0	1.2838208088835721e-14	4066796.532369305	6.609252444575787	1107407167.1706455	276718.77151137474	135333746783.06778	1.9951700961972465	0.15279343529600967	1.1372071893423976	0.003147469009962494	0.0013173611953020197	0.006870075552552397	0.2617253893915355	0.03986538166414369	0.16530772339520342
101	20210	5	84	17	166965.18946922736	1.1857046716352791e-15	3.707371953192759e-11	-3.7072533827255953e-11	3.198234993966979e-05	-4.495089629134598	0.023003753841297422	1.4081515698083172e+20	101	0	1.2988989911414158e-14	4018875.6120483433	6.604104564580437	1120611848.216695	276694.4228125866	134534034227.3201	1.9951504942789713	0.15235135646310255	1.1359351876234514	0.010966561782273128	0.00957352635627597	0.05460197381993344	0.26132711274866666	0.03851318295720293	0.1560504105240719
102	11210	5	85	17	166965.18946925172	1.2020342178429231e-15	3.7073719531932997e-11	-3.7072517497715156e-11	3.2422811442147466e-05	-4.489149329374241	0.018757004255109146	1.3890219345741624e+20	102	0	1.314998011106523e-14	3967345.1847363045	6.598499988551886	1135167074.621422	276576.22660854604	133668747179.70775	1.9950878649066228	0.1518544178703152	1.1346620204035656	0.006284222012493617	0.01298869656690388	0.05575567055091262	0.261462073975113	0.03562527517144454	0.14427536249841508
103	02210	5	85	18	166965.1894692522	1.1952443251268974e-15	3.70737195319331e-11	-3.7072524287607976e-11	3.223966573133794e-05	-4.491609469713969	0.013240677722266888	1.3969126308257161e+20	103	0	1.3315801758499975e-14	3902984.1383766998	6.591396786323659	1153886223.3869083	275359.2257234705	132580080008.37819	1.9950393021055486	0.1518901102108271	1.134661961769976	0.0020367470966377007	0.001093561377995642	0.002871005236122284	0.2615096118374676	0.035741859744097784	0.14432496112216753
104	10310	5	86	18	166965.1894707868	1.2005279547145678e-15	3.7073719532273853e-11	-3.707251900431914e-11	3.238218257732327e-05	-4.4896938829037305	0.014262932925304958	1.3907646949419324e+20	104	0	1.3448824745806107e-14	3864375.496280445	6.5870793196170006	1165414601.0669305	275358.4159106493	131922703603.61052	1.9950925379892195	0.15044113055779168	1.1315728514415764	0.0038328607979320373	0.020938187822859868	0.08334333884384178	0.2616909358354076	0.028595920821010364	0.11666345728154714
105	01310	5	87	18	166965.18947080683	1.2682107821408788e-15	3.70737195322783e-11	-3.707245132149616e-11	3.42078107657018e-05	-4.46587471893971	0.016810973960436085	1.3165413180682102e+20	105	0	1.3593496432498561e-14	3805927.9545472786	6.580460562921388	1183311844.3531353	275199.37898017006	130921256529.01126	1.9951021571702212	0.15033998908853144	1.1315098471523795	0.005048813217255391	0.00574060576230134	0.010707089646459429	0.26178794022661594	0.028140060868087628	0.1157640175352683
106	00410	5	88	18	166965.1894709475	1.2742385115036942e-15	3.707371953230953e-11	-3.7072445293798026e-11	3.4370398427198614e-05	-4.463815433421958	0.01276765308569388	1.3103134771363676e+20	106	0	1.3713378831428854e-14	3772459.4316174784	6.576624578144274	1193809955.8142986	275198.56133995607	130344338535.42447	1.9950474097918256	0.14969644211159644	1.1290808808899155	0.01540565285230856	0.013930517875379307	0.07397902359656403	0.2614785143469635	0.02459753606268734	0.08928015783734078
107	30020	5	89	18	166965.18947138387	1.2989506659142644e-15	3.707371953240643e-11	-3.7072420581740514e-11	3.503696640901762e-05	-4.455473503213358	0.007592666250313136	1.285385148587346e+20	107	0	1.3871249060718483e-14	3726126.934228606	6.571257645486703	1208654376.7470565	275184.2708636494	129541435774.56233	1.993406734034009	0.14962989750726097	1.1290119763953574	0.0797914919902663	0.003547032914614278	0.009608709294449751	0.2491102599055242	0.024163747631597062	0.08852509629505842
108	21020	5	89	19	166965.18947138998	1.241885891464651e-15	3.7073719532407785e-11	-3.7072477646516324e-11	3.349774198887876e-05	-4.474984466838402	0.010860860457952055	1.3444487180257373e+20	108	0	1.4037379752264833e-14	3666941.12034806	6.5643039366000275	1228162514.6310017	275097.31701127876	128508499264.93509	1.9934270342987608	0.1496132943104687	1.1290416777869132	0.0030294072805349	0.0011768961400437812	0.002118809844721009	0.2493079276531859	0.024056075950984447	0.08848354023889068
109	12020	5	89	20	166965.18947139007	3.870358201385737e-15	3.7073719532407805e-11	-3.706984917420642e-11	0.00010439627450929177	-3.9813149993119743	0.009089816015442573	4.313946688748605e+19	109	0	1.4207593123433537e-14	3585751.959609226	6.554580244428977	1255970763.7617235	269018.5739949695	127077893106.02887	1.993430370864899	0.14965736493728368	1.1290344372482233	0.004023443277370897	0.0011569033469388877	0.0028270642547438703	0.24890642087233825	0.02417708590215365	0.08840005795357805
110	03020	5	89	21	166965.18947139007	1.152350869583501e-16	3.7073719532407805e-11	-3.7073604297320844e-11	3.108268833334026e-06	-5.507481426233925	0.008599240370230764	1.4489093025263824e+21	110	0	1.437829638898064e-14	3337636.5653560925	6.523439044669913	1349337933.9490807	117531.03999371137	122602522572.7949	1.993435540064896	0.14963191069959159	1.1289867777637836	0.0023663944846613817	0.0012446297570499732	0.004138750527528663	0.24907930402491757	0.024053106308465962	0.0886441294692798
111	20120	5	89	22	166965.18947141466	1.1500752671496566e-16	3.7073719532413266e-11	-3.7073604524886554e-11	3.102130786052246e-06	-5.508339896250511	0.016936730683341245	1.4517761944852596e+21	111	0	1.4532258640893258e-14	3301946.6308518196	6.518770049510097	1363922598.0489817	117500.49501209406	121945255621.8138	1.9928700766220302	0.14947742067972467	1.1290558905976211	0.053675218783329086	0.007382569468088132	0.014882778000730798	0.24435272682710674	0.023545978795901302	0.0876392594601745
112	11120	5	89	23	166965.18947141504	1.146287652624612e-16	3.707371953241335e-11	-3.7073604903648084e-11	3.0919143454770407e-06	-5.509772545737518	0.016953104931299756	1.4565732178055054e+21	112	0	1.4696512452663556e-14	3259573.625447022	6.513160795090656	1381652984.369349	117220.62106416508	121160283536.74916	1.9927699135734107	0.149496789837138	1.1290793654658686	0.00716061271843908	0.0011847022286065906	0.0039072271064334125	0.2440489007431907	0.02351230712505948	0.08774282236816935
113	02120	5	89	24	166965.18947141504	1.1508348221750512e-16	3.707371953241335e-11	-3.707360444893113e-11	3.104179555463494e-06	-5.5080531657348395	0.00871534012195592	1.4508180170969687e+21	113	0	1.486558164095181e-14	3220473.7029871186	6.507919757243145	1398427698.134354	117076.11114509589	120431407425.50354	1.9931815031167481	0.14946122380107504	1.1291418272500626	0.035600878047498445	0.003484857342700604	0.014517942316852179	0.24693512151229627	0.023228963961070038	0.08890559501041109
114	10220	5	89	25	166965.1894714376	1.15036567973617e-16	3.707371953241836e-11	-3.707360449585038e-11	3.1029141241958636e-06	-5.508230243721007	0.04091102905486612	1.4514096900885478e+21	114	0	1.5007191145821864e-14	3186137.8546794048	6.503264562498184	1413498044.5859134	117070.37846897761	119787683052.49239	1.9923657140424054	0.14935980519292816	1.128781490922886	0.05376082177989064	0.003912434575131529	0.027808316563887214	0.2415667165691633	0.02298081054679418	0.08453666010628375
115	01220	5	89	26	166965.18947143786	1.134152958930944e-16	3.7073719532418416e-11	-3.707360611712252e-11	3.0591830904347356e-06	-5.514394529950275	0.04088325084870802	1.4721575970565713e+21	115	0	1.516068075265987e-14	3147251.3377329465	6.49793142681277	1430962812.9714499	116267.1636914324	119054440165.78114	1.992320698063621	0.14939981610543757	1.1287323605505855	0.005497709315218093	0.0016390943717100933	0.005357290433385842	0.2408069490931477	0.023016876156731963	0.08452928412972169
116	00320	5	89	27	166965.1894714399	1.1349116971327071e-16	3.707371953241887e-11	-3.707360604124915e-11	3.061229656604299e-06	-5.514104087960771	0.045668554816213736	1.4711733951924929e+21	116	0	1.5284168625843383e-14	3121505.5669523603	6.494364113797033	1442765207.6134288	116264.82149356832	118566483785.60832	1.9924138302719174	0.14921126604494184	1.1283754746025882	0.00636333939890495	0.0029051684818472553	0.012395441692716294	0.24145424833934115	0.021884096445897484	0.08098620614907714
117	20030	5	89	28	166965.18947144033	1.1235640574002257e-16	3.7073719532418965e-11	-3.7073607176013225e-11	3.0306213446366763e-06	-5.518468322361421	0.0450634289204431	1.486031778711176e+21	117	0	1.544387202821094e-14	3082995.4107075315	6.488972878243901	1460787003.356889	115686.06115031133	117832833930.928	1.9923519226478317	0.14926565957924728	1.1284038406249841	0.004884968118715631	0.0013781413995923712	0.003791789424496457	0.24122141995345653	0.022160877301985685	0.08088133789660662
118	11030	5	90	28	166965.18947144033	1.1317229100980214e-16	3.7073719532418965e-11	-3.707360636012796e-11	3.0526284504806453e-06	-5.515326052473583	7.071289866812132e-05	1.4753186312803286e+21	118	0	1.5613343061149408e-14	3047633.309559707	6.4839627116127865	1477736712.3675168	114752.31259708125	117155111003.45113	1.9922945044931737	0.1491552975970921	1.1283488920837406	0.02251641706337306	0.004301535761188129	0.00934485848588775	0.24338430486087975	0.02181593278240423	0.0810539388956909
119	02030	5	90	29	166965.18947144033	3.2790791261456194e-17	3.7073719532418965e-11	-3.70736867416277e-11	8.844753554544862e-07	-6.053314263533496	0.0003088445244505545	5.0918316712808e+21	119	0	1.578678735661115e-14	3014026.018663912	6.479146997054058	1494213918.3545923	58363.52980953915	116507365541.69914	1.992265488301689	0.1491790828566635	1.1283527548004357	0.0047878644925961784	0.0013694412734677522	0.002569643163074346	0.24314149118482012	0.02176085653853735	0.08115522518582295
120	10130	5	89	31	166965.18947144077	2.7320359660415884e-17	3.707371953241906e-11	-3.70736922120594e-11	7.369198452430874e-07	-6.132579747774246	0.047758520352876234	6.11138328875496e+21	120	0	1.5930420122706085e-14	2985802.9109906824	6.47506113711502	1508337878.1609573	57565.06159887325	115960599486.75569	1.992437593350218	0.14926890432894166	1.12836399787435	0.0270220843399687	0.005344448037688906	0.008396590664031244	0.24116683701454733	0.02219954113817238	0.08063619170735294
121	01130	5	89	32	166965.18947144077	2.7476002247634306e-17	3.707371953241906e-11	-3.707369205641681e-11	7.41118037093849e-07	-6.130112616884355	0.04546547882406062	6.076764296589637e+21	121	0	1.608594552067371e-14	2949367.166405712	6.469728841191355	1526971507.199245	56690.6391302481	115250894385.11205	1.9925350729968674	0.14927973506527484	1.1283566259417082	0.007034824923633833	0.0010423509205511631	0.0029096729201769475	0.24138471202887585	0.022205679824469218	0.08061187588026468
122	00230	5	89	33	166965.18947144077	2.7343163168622108e-17	3.707371953241906e-11	-3.707369218925589e-11	7.375349307671143e-07	-6.1322174060207715	0.047498316955989946	6.106286549284216e+21	122	0	1.6215598372790953e-14	2925782.61573509	6.466242055113325	1539280329.0134344	56674.27899128319	114789169029.60515	1.9923372952545204	0.14923277424549308	1.1283165531330535	0.012064737926315242	0.002717161306671564	0.004591539610247361	0.24103935607335614	0.02217126082488556	0.07991428408964779
123	10040	5	90	33	166965.18947144077	2.994061831609626e-17	3.707371953241906e-11	-3.7073689591800745e-11	8.075968285274082e-07	-6.092805395220908	0.0012280381841534964	5.576544469079293e+21	123	0	1.6361928090900012e-14	2890092.8449630816	6.46091179480065	1558288909.3751678	56502.897266953456	114086900404.86581	1.992227970920031	0.14918576524650587	1.1283377006594482	0.022397605945402476	0.003952403841477992	0.00800278726356729	0.2429388299534565	0.021767488931106513	0.0807416897988261
124	01040	5	89	35	166965.18947144077	2.8022040184484324e-17	3.707371953241906e-11	-3.707369151037888e-11	7.558464739417497e-07	-6.121566408587376	0.04994933432456431	5.958352367358628e+21	124	0	1.6519539290915802e-14	2853274.4782887725	6.455343551773599	1578396912.613711	35965.07521100669	113357865426.42406	1.9923898370460802	0.14927049802424455	1.1283310509696687	0.026828123951511455	0.004877908364367977	0.007278966189364157	0.24103418762417195	0.02215117196233663	0.08041698568864389
125	00140	5	90	35	166965.18947144077	2.3913677042659286e-17	3.707371953241906e-11	-3.707369561874202e-11	6.450304243616022e-07	-6.190419800371337	0.0041859598180051675	6.981995666061468e+21	125	0	1.664992281417933e-14	2829751.4801483434	6.451748295757671	1591517721.243282	34971.85711212963	112889625407.74463	1.9922612118427299	0.14915605734163312	1.128296985758307	0.02522652409601933	0.0052717724720619365	0.009303815230826353	0.24305138534643733	0.02171500683312477	0.08074440726440198
126	00050	5	90	36	166965.18947144077	5.780566209826536e-18	3.707371953241906e-11	-3.707371375185285e-11	1.559208593778061e-07	-6.807095780214123	0.000499152335753452	2.888388151105548e+22	126	0	1.6779205889601567e-14	2805215.386822237	6.447966212371927	1605438088.114937	23034.818312920048	112399140444.05023	1.9922264051521499	0.1491761184287074	1.1283306882111859	0.003667019039857598	0.0019554777440640046	0.006827884685605547	0.24293502340181292	0.02184385373214986	0.08089201935375058
127	60000	6	90	37	166965.22413738794	5.7441012629426135e-18	3.7073727229805606e-11	-3.707372148570434e-11	1.5493724780724543e-07	-6.8098441627925705	0.04601614519847742	2.9067249425866537e+22	127	0	1.683558923451378e-14	2795612.3552082665	6.446476951170408	1610952827.197313	23034.7885362543	112206588910.23434	1.9922129172849339	0.14917761734345947	1.1282607440503511	0.03326817673404317	0.004807863161249383	0.015204010977719876	0.24008685249407577	0.021664314449481137	0.07912138035470644
128	51000	6	91	37	166965.2245788762	5.760238149520392e-18	3.707372732783569e-11	-3.707372156759754e-11	1.553725121454268e-07	-6.80862581230147	0.04460588984447629	2.898581972566152e+22	128	0	1.6899746229017905e-14	2784994.3906016196	6.444824324776097	1617094685.2060337	23034.522452551646	111993301165.44727	1.9911427729435303	0.14908222235602298	1.1280073878076713	0.06858233378510073	0.006272996301590187	0.021900847878454578	0.22973654041528477	0.020976619179798452	0.07613148683758371
129	42000	6	92	37	166965.2245851253	5.7362898906000366e-18	3.7073727329223274e-11	-3.707372159293338e-11	1.5472654906425932e-07	-6.810435160619687	0.04736010846272224	2.9106831727372855e+22	129	0	1.696747421215521e-14	2767768.925438321	6.442129829066474	1627158823.1150033	23034.477933612063	111646419313.97601	1.9823342303287168	0.14911567472356863	1.1280350236774874	0.1881163120056058	0.0016820554958890325	0.00334599981462823	0.13384213764756187	0.02096519993931784	0.07639987075914027
130	33000	6	92	38	166965.22458522048	5.92196947447214e-18	3.7073727329244406e-11	-3.7073721407274934e-11	1.5973493633052607e-07	-6.796600087016149	0.05310899445378202	2.8194205543435883e+22	130	0	1.703702658729457e-14	2539423.256315337	6.4047350925879725	1773473412.1893284	23034.34852451161	106941785368.07343	1.9822068781243833	0.14906966312746747	1.128048037067641	0.018243314997936466	0.0025276827725809127	0.006313902791521488	0.13469341075529906	0.021045239117085977	0.07603067647093606
131	24000	6	93	38	166965.22458522193	9.404187685827456e-18	3.707372732924473e-11	-3.7073717925057044e-11	2.536617805463867e-07	-6.595744963397892	3.2279445576865525e-05	1.7754348399154797e+22	131	0	1.710716593066256e-14	1119294.2678277325	6.04894427964081	4023606442.755081	23034.334229712123	70998966699.46407	1.9821490460161035	0.1490142982280082	1.1280427874302001	0.0131675041308366	0.004427527616295832	0.00915358334938715	0.13627404484310335	0.0206868044712167	0.07681884203814472
132	15000	6	92	40	166965.224585222	8.883070799225435e-18	3.707372732924474e-11	-3.707371844617394e-11	2.3960554924344586e-07	-6.620503127944248	0.05559103097955027	1.8795890335556104e+22	132	0	1.717636497590487e-14	254517.2584509008	5.4057172365583	17694672867.299057	23033.519868690313	33856225301.431488	1.9822080614772917	0.14910578176882638	1.1280642722931282	0.01830373678727777	0.0051116540778090745	0.007724225361086564	0.13349546720057134	0.021066712563698794	0.07626916334422765
133	06000	6	93	40	166965.224585222	2.015444854368598e-18	3.707372732924474e-11	-3.707372531379989e-11	5.4363156864963005e-08	-7.264695331755114	0.0007896538403636399	8.284286430527475e+22	133	0	1.7242049248758156e-14	84401.96168276052	4.926352540678943	53358944953.17609	14052.678880165247	19496478612.714638	1.9821674779611917	0.14899129608988695	1.1280205373776484	0.018448674921473496	0.005091608862804166	0.0075289486236693815	0.1365302651988324	0.02060372561099228	0.0766078814158213
134	50100	6	94	40	166965.22510971784	2.0160653449243896e-18	3.7073727445706214e-11	-3.7073725429640867e-11	5.4379893359168694e-08	-7.264561648414021	0.0014037827073155257	8.281736776541819e+22	134	0	1.734793407553949e-14	83873.13585314657	4.923622880745588	53695376732.49568	14052.453581057589	19435304466.838512	1.982065725401114	0.1489965076805974	1.128026318057439	0.019497255087694558	0.0009492173950997024	0.0041942794067627185	0.13507254941203853	0.020752623130568387	0.07638542570040445
135	41100	6	95	40	166965.2251165356	2.0111584702049755e-18	3.7073727447220065e-11	-3.70737254360616e-11	5.424753885532975e-08	-7.265619960443407	0.009019634148071491	8.3019427653316e+22	135	0	1.7464869764604887e-14	83294.59635298984	4.920616827935008	54068328853.950195	14052.359179078623	19368158218.944828	1.9819749086859169	0.14898766973992536	1.1280041328396078	0.021262424123714044	0.0012288539561373035	0.006911488098082136	0.13453892409584448	0.020649188218793302	0.07614923573947704
136	32100	6	95	41	166965.22511663692	2.014694434962913e-18	3.707372744724256e-11	-3.707372543254813e-11	5.434291541981868e-08	-7.264857066014273	0.05281157482112538	8.287372130439745e+22	136	0	1.7586967501637332e-14	82702.27215662728	4.917517441493655	54455573104.94768	14049.47720325729	19299170490.170464	1.9814752517787375	0.14892697990501613	1.1280432812049208	0.054120560487873906	0.008017205319244386	0.007207370572961957	0.12372399199848691	0.01983304932768385	0.07574791070322032
137	23100	6	95	42	166965.22511663852	1.9692683144900643e-18	3.7073727447242916e-11	-3.70737254779746e-11	5.31176239910701e-08	-7.274761359668759	0.05436201919193231	8.478541186495129e+22	137	0	1.771072611761783e-14	82119.71120264733	4.914447413381004	54841883409.172424	13994.626447746243	19231077143.601192	1.9815000909552523	0.14893523931353	1.1280722166351353	0.006141928620033278	0.0008213002301365466	0.004610304732041503	0.12418766309294427	0.01990002110964702	0.07595938108142554
138	14100	6	95	43	166965.2251166386	1.8514431014835722e-18	3.7073727447242935e-11	-3.7073725595799835e-11	4.993949162835685e-08	-7.301555882972319	0.052761845221460775	9.018112681013444e+22	138	0	1.7833032751146155e-14	81124.30724864907	4.909151001218304	55514799202.744415	13663.87779130475	19114167775.69574	1.981554759459909	0.14896742580199201	1.128040737453046	0.008002623454808618	0.0018691459043733431	0.004008648347472538	0.12372705351279678	0.02000272938913961	0.07620391301312043
139	05100	6	95	44	166965.2251166386	2.588016667108317e-18	3.7073727447242935e-11	-3.707372485922627e-11	6.98072960370965e-08	-7.156099183923293	0.05183503632452929	6.4514741051955735e+22	139	0	1.7950110114549335e-14	79517.59307617239	4.900463225896842	56636518450.15427	13656.400421276589	18923938285.470905	1.9814633040700294	0.14888509305205996	1.1280441893445425	0.01014605492375048	0.0033683865972147773	0.00489495045911931	0.12419419977035813	0.0196824994150574	0.07633253105831869
140	40200	6	96	44	166965.22545075975	2.39513537721612e-18	3.707372752143273e-11	-3.7073725126297354e-11	6.460465503047854e-08	-7.189736188178075	0.05174235495703098	6.971014124672335e+22	140	0	1.8080890939415146e-14	78938.92505917196	4.897291208149583	57051696916.25057	13656.193644513782	18854955618.994503	1.981560182691459	0.14896925199703245	1.128030794529985	0.016595602761527935	0.0038161277485528698	0.007313724167081003	0.12323726074080363	0.01997234706663642	0.07591628541394299
141	31200	6	98	43	166965.22545513848	2.5727265028433636e-18	3.7073727522405005e-11	-3.70737249496785e-11	6.939487002726044e-08	-7.158672633308831	0.0023910150750299174	6.489816359049802e+22	141	0	1.822310986885322e-14	78313.00519963115	4.8938338899944664	57507684909.935074	13655.656859983606	18780054662.25701	1.9813436191954241	0.14882077852879758	1.1278328179322539	0.028130303977114003	0.006373671907628608	0.020298819856513037	0.12626820604903483	0.019221375200997075	0.0746908721862632
142	22200	6	97	45	166965.22545520097	6.6213138405935654e-18	3.707372752241888e-11	-3.707372090110504e-11	1.7859854627753807e-07	-6.748122080420669	0.032927494702094905	2.521632858294381e+22	142	0	1.8370426189911653e-14	77684.673783186	4.8903353463693895	57972820223.71382	13650.195632851704	18704563444.917282	1.981263689780236	0.14892633035854713	1.127866438476834	0.03634961446411139	0.005101123661226233	0.010225386437724018	0.12011458024195774	0.019477793237008413	0.07470730114891305
143	13200	6	98	45	166965.2254552019	2.7246507539902125e-18	3.7073727522419087e-11	-3.707372479776833e-11	7.349276525654378e-08	-7.133755411443807	0.0014203029478304667	6.12794961742101e+22	143	0	1.8518011155087846e-14	76873.74310054361	4.8857780280490255	58584367636.16691	13647.469222246773	18606681109.237957	1.9811332400641413	0.14891530223659008	1.1278874883641414	0.01689585001911806	0.003256822348937708	0.0038061388335444406	0.12123886680052827	0.01943296249287764	0.07513789305373998
144	04200	6	98	46	166965.2254552019	2.048459203780906e-18	3.7073727522419087e-11	-3.7073725473959885e-11	5.5253661842936326e-08	-7.257638934557208	0.0015659497102000028	8.150771328373488e+22	144	0	1.8661085265770423e-14	71329.32178072906	4.8532680946461255	63138124896.44653	13243.498756247393	17923133792.053295	1.9811117051489884	0.14888505053006568	1.1278844680593902	0.007161209722008427	0.0008530306544993399	0.0024076576804888256	0.12086636187897808	0.019450783674532318	0.07527836322956429
145	30300	6	99	46	166965.22547545578	2.0609929499719933e-18	3.707372752691635e-11	-3.70737254659234e-11	5.559173807046153e-08	-7.254989747573051	0.0004686951605415654	8.101203135009494e+22	145	0	1.8797186298661238e-14	70812.44243482906	4.8501095741589815	63598987303.8951	13243.497669067705	17858076258.1449	1.9811544067079725	0.14891122794655848	1.127857486677519	0.011478918115909058	0.0014725359586854002	0.011165951132610331	0.12023343163506689	0.019473011335357622	0.07406282487643341
146	21300	6	100	46	166965.2254757375	2.2811230449306364e-18	3.707372752697891e-11	-3.707372524585586e-11	6.15293685608128e-08	-7.2109175417941715	0.0011089783345398418	7.319430920080619e+22	146	0	1.8943830332644065e-14	70259.39788057387	4.846704423590582	64099604653.9662	13243.393533325388	17788204373.93961	1.980337379176543	0.1488853987516172	1.1276953985778944	0.054673634269770933	0.001489454923073048	0.015189449844163917	0.11274576427090165	0.01943140219658326	0.07284652575374767
147	12300	6	100	47	166965.2254757419	2.0533633457626857e-18	3.707372752697988e-11	-3.7073725473616534e-11	5.53859426265778e-08	-7.256600448527789	0.0056329466281538855	8.13130446787661e+22	147	0	1.9094414532073445e-14	69673.22865430689	4.843065936187796	64638882313.25854	13240.570126116598	17713846685.715504	1.9803043578992858	0.14902523494533892	1.1277394312812454	0.017696323168803634	0.0042513412878403285	0.0057704059778555805	0.11411322604579278	0.019817848752754167	0.07381230630838931
148	03300	6	100	48	166965.22547574202	2.3598815436814295e-18	3.707372752697991e-11	-3.707372516709837e-11	6.365374352940522e-08	-7.196176050040877	3.761660769184395e-05	7.075152815309334e+22	148	0	1.9243215006012313e-14	69125.76159488359	4.839639929189909	65150813871.1608	13218.287848643167	17644114614.489098	1.98010372204759	0.14902536355613816	1.127757965550105	0.012448288851443591	0.000774867600337718	0.0035600861013259035	0.1124310475677962	0.019855011654415396	0.07409682707938095
149	20400	6	100	49	166965.22549056093	2.4883694164673832e-18	3.707372753027037e-11	-3.707372504190095e-11	6.711948277754514e-08	-7.173151398837931	0.01722536587625542	6.709824690242067e+22	149	0	1.9371672292422693e-14	68667.31416049929	4.836750060819483	65585783897.76574	13218.248084254361	17585508576.57481	1.9804828985258136	0.14901791298674352	1.1278095434949365	0.023922679304097482	0.0015929432000484996	0.019102948418089686	0.11305446584138171	0.019629732510270042	0.07184026551931401
150	11400	6	101	49	166965.22549075529	3.0310798453915303e-18	3.7073727530313524e-11	-3.707372449923368e-11	8.175816264801407e-08	-7.087468877003821	0.016388904928658375	5.508440358132105e+22	150	0	1.9510227733163047e-14	68179.24306975337	4.833652175354971	66055289331.43063	13217.955329865306	17522900380.98453	1.9804426547950353	0.14908663881654619	1.1277954440814757	0.04220048386025625	0.0045458565004649135	0.01384772312201166	0.10783376904522249	0.020131566544982684	0.0741413512899016
151	02400	6	101	50	166965.22549075828	3.433868920424339e-18	3.707372753031419e-11	-3.707372409644527e-11	9.262270478781926e-08	-7.033282540797611	0.022982360435141146	4.862306318615261e+22	151	0	1.965215717880192e-14	67516.27135176494	4.829408449967315	66703915029.70295	13199.175477686033	17437496022.89608	1.9804963044482669	0.14921092806453992	1.1277715749485058	0.027547203040609293	0.004004296609435957	0.007553491314005356	0.10802719130101053	0.020483450612082964	0.07420408866802802
152	10500	6	102	50	166965.2254922035	2.474509174426643e-18	3.707372753063509e-11	-3.7073725056125916e-11	6.674562659991188e-08	-7.175577185480238	0.01882723907130679	6.74740781799244e+22	152	0	1.977147169097419e-14	67107.27164712254	4.826769582242217	67110456390.66155	13198.839214483796	17384599288.718884	1.980469847635912	0.14907470470288806	1.1272526558961335	0.007657265330087323	0.005944297858687809	0.032725898934663544	0.10860799308310172	0.019572966045286622	0.06688684644302606
153	01500	6	103	50	166965.22549222413	1.9805795890889495e-18	3.707372753063967e-11	-3.707372555006008e-11	5.342272603832713e-08	-7.272273954704827	0.011486110922302737	8.430119466646971e+22	153	0	1.9900794101065756e-14	66670.88819112975	4.823936240845335	67549716968.817566	13198.575220247412	17327982368.106762	1.980394383247853	0.1489867941024245	1.126937076229585	0.01939679712807418	0.0058657606497804155	0.02778612621466469	0.10658728492649985	0.018823698733256535	0.06064006425398794
154	00600	6	104	50	166965.22549346052	1.9670975336763744e-18	3.7073727530914206e-11	-3.707372556381667e-11	5.30590707944351e-08	-7.275240359939498	0.01787820275767827	8.487897658100034e+22	154	0	2.000590593274308e-14	66319.79383383252	4.821643167467307	67907322490.39381	13198.4947898612	17282298147.53682	1.98006427148024	0.1487913805491511	1.126404650461501	0.03714586388019642	0.006586178836325604	0.04087005936599229	0.10128805292833186	0.017791347114433285	0.046950628770924686
155	50010	6	104	51	166965.2254970244	1.9470392637228073e-18	3.7073727531705546e-11	-3.707372558466628e-11	5.251803347957646e-08	-7.279691544291585	0.04082986072233146	8.575339419595527e+22	155	0	2.0133421122320454e-14	65886.68456240515	4.818797654269658	68353714521.86021	13198.237758489828	17225773223.378094	1.9798911882447063	0.14888295050766032	1.1263707910646614	0.03408750987702364	0.006473890626721231	0.01506902516972855	0.09541132655575854	0.017775763655416978	0.04693106497622275
156	41010	6	106	50	166965.22549708185	1.9143852294032835e-18	3.70737275317183e-11	-3.707372561733307e-11	5.163724709810843e-08	-7.287036919038644	0.02130295486762996	8.721610621135284e+22	156	0	2.0266744270236487e-14	65442.33057948252	4.815858757347035	68817836826.58858	13193.14764613179	17167588058.53216	1.978680525138228	0.14869540051087413	1.126170214775101	0.0697804732458198	0.00690590435136656	0.021489780529482062	0.0648893941247227	0.017183519426753075	0.04319325413161679
157	32010	6	106	51	166965.22549708275	2.2356496283877332e-18	3.70737275317185e-11	-3.707372529606887e-11	6.030280139689268e-08	-7.219662512023164	0.014420522266990114	7.468309138292471e+22	157	0	2.0403608510870838e-14	64937.53770586326	4.812495817073628	69352793260.6515	13189.912059727249	17101248413.799932	1.978890036575445	0.1488034159041318	1.1261327408735815	0.024235076170037707	0.0041354094931213455	0.007090543935265734	0.06615366518677845	0.01738773853174347	0.04379465824614352
158	23010	6	106	52	166965.22549708278	2.3817251966961666e-18	3.707372753171851e-11	-3.707372514999331e-11	6.4242938470605e-08	-7.192174602654925	0.019320710463020235	7.010264061054996e+22	158	0	2.05421932944824e-14	63827.13721954418	4.805005365851762	70559323566.08142	13179.796367593306	16954405881.732393	1.978666897406898	0.14875721662840688	1.126155040143671	0.016807157022332184	0.0031607528243163237	0.012720246464706297	0.06321816040716546	0.01738332837125501	0.04322237562728859
159	14010	6	106	53	166965.22549708278	2.625886007756424e-18	3.707372753171851e-11	-3.7073724905832505e-11	7.082875617267892e-08	-7.149790384801711	0.015949227093079242	6.3584338773235275e+22	159	0	2.0680816351165255e-14	58719.07199819406	4.768779183330898	76697391053.94934	12546.18916945137	16261832747.940023	1.9788977326195443	0.14875892179731884	1.1261480847625818	0.017458565928520416	0.0013450605023918219	0.012860829590040894	0.06682143121299043	0.01724468316325875	0.04393404615989761
160	05010	6	106	54	166965.22549708278	9.475355606921827e-20	3.707372753171851e-11	-3.707372743696495e-11	2.5558141135970656e-09	-8.592470735949766	0.014974455317814463	1.7620998348084505e+24	160	0	2.0817735468905713e-14	57123.393181478845	4.756813997021334	78839847854.67368	3392.6011375230546	16039354786.256533	1.9788922432198108	0.14880106459208223	1.1261334988836105	0.006897449952447904	0.0019885173345814723	0.007111153746929842	0.06628391568640174	0.017389710937068984	0.04373805172455884
161	40110	6	107	54	166965.22550029267	9.473675958209532e-20	3.707372753243125e-11	-3.707372743769449e-11	2.5553610572128678e-09	-8.592547727984508	0.015852622678763414	1.7624122488125305e+24	161	0	2.0964830694375022e-14	56713.083824744994	4.753683263079629	79410240523.81877	3392.367240863451	15981646835.170725	1.9789188412068794	0.14878964842244027	1.12616637484554	0.024939698135745043	0.003456020075915863	0.006933686737906316	0.06403961646448822	0.017187017869375164	0.04342929385165078
162	31110	6	107	55	166965.22550033763	9.469153979474131e-20	3.707372753244123e-11	-3.7073727437749693e-11	2.5541413312670496e-09	-8.59275507508702	0.014036386700793628	1.7632538858514795e+24	162	0	2.1119930999476965e-14	56296.37199649018	4.750480407770106	79998043704.33098	3391.5719225914245	15922824165.634869	1.9790133590340064	0.14886259236412983	1.1261963987447339	0.026363176538072807	0.0027169781170047606	0.013928280726679237	0.06809127846613598	0.017197577599684453	0.04627413968351723
163	22110	6	107	56	166965.2255003383	9.469151357763451e-20	3.707372753244138e-11	-3.707372743774987e-11	2.5541406241057e-09	-8.592755195329511	0.00897017409792675	1.7632543740411218e+24	163	0	2.12798454736978e-14	55873.09105222356	4.747202698383432	80604089420.45221	3391.5717106665566	15862851257.114857	1.9785348964011549	0.14881187203458746	1.126159096532492	0.03568842250747393	0.0031290653419953373	0.013252941291502996	0.05782887152749042	0.017249027549058264	0.04368846242567581
164	13110	6	107	57	166965.2255003383	9.450374991740217e-20	3.707372753244138e-11	-3.707372743793763e-11	2.5490760224934658e-09	-8.59361721213486	0.010781325661695308	1.7667576751850445e+24	164	0	2.1441776338275847e-14	54678.22909539166	4.73781444030409	82365499063.86899	3388.189130350738	15692317794.591469	1.979065593490861	0.14886567558522007	1.1262133729285386	0.038650948452222195	0.0031050571697971876	0.01527597096646817	0.06959933942132342	0.01723309213208778	0.047122703902115495
165	04110	6	107	58	166965.2255003383	2.8934595783320124e-19	3.707372753244138e-11	-3.7073727243095426e-11	7.804609277014536e-09	-8.107648834188245	0.0031204880103500345	5.7704357355006994e+23	165	0	2.1603151152274276e-14	52941.02053752584	4.723792308887206	85068243521.64197	3366.686933282675	15441021927.196732	1.9785678397385427	0.1488891672565477	1.126170612825771	0.022362816943613723	0.00218026302670702	0.007289152644502929	0.06343636880887045	0.017390230611874787	0.04566251846502884
166	30210	6	108	58	166965.22550049954	2.436060023788138e-19	3.707372753247718e-11	-3.707372728887118e-11	6.570852692527641e-09	-8.182378268852627	0.014601898395310228	6.853904414098309e+23	166	0	2.1758396760774925e-14	52560.62720610985	4.7206605390198995	85683901938.80678	3366.673268200866	15385448874.735838	1.9785066164039202	0.1486731248920497	1.1260698833244738	0.05188756319031006	0.006810591909968964	0.011621518833466448	0.045617831424565214	0.016276922288096275	0.04402205894679552
167	21210	6	108	59	166965.22550050204	2.2958101493186153e-19	3.707372753247774e-11	-3.7073727302896726e-11	6.192552791751016e-09	-8.208130282349162	0.013703726591962898	7.27260594914856e+23	167	0	2.1922769397463553e-14	52140.072660011996	4.717171632045587	86375016328.36159	3365.9535808189135	15323773406.856874	1.9781267613141	0.1487300087259395	1.1260066087402827	0.02953385527885046	0.0030428453197605503	0.0037417697871473293	0.042370507308172316	0.01650169594767035	0.04361556356751735
168	12210	6	108	60	166965.225500502	1.6190175290749128e-19	3.707372753247773e-11	-3.707372737057598e-11	4.367021167905502e-09	-8.35981470295334	0.03202373226460962	1.0312749707898712e+24	168	0	2.2091862327177728e-14	51736.85485513999	4.713800023905562	87048191081.19923	3364.998848469693	15264405436.365501	1.977959995703269	0.14867614009713578	1.1260191888903774	0.018702144294655876	0.002824411928218121	0.007563244221777489	0.03614802387719958	0.016399306806972307	0.04255833052914803
169	03210	6	108	61	166965.225500502	1.3002198473996542e-19	3.707372753247773e-11	-3.7073727402455745e-11	3.5071192834888843e-09	-8.455049462724139	0.014232283508326267	1.2841307247725868e+24	169	0	2.2261876573610875e-14	51265.71397016846	4.709827010108366	87848179194.21043	3345.964341919511	15194744405.848465	1.978119519623791	0.1486896280534498	1.126020271808425	0.009976703161659472	0.0015413064777474194	0.0040023268936765855	0.038013079502038964	0.016455039746770192	0.042950444843991804
170	20310	6	109	61	166965.2255006538	1.2579092081411434e-19	3.7073727532511433e-11	-3.7073727406720514e-11	3.392993615325118e-09	-8.469416957576126	0.009706503644911393	1.3273233427346015e+24	170	0	2.240225319172539e-14	50888.27948345175	4.70661776776317	88499742437.45088	3345.7394810472188	15138707334.846064	1.9781865435411117	0.14823837678659374	1.125607733040502	0.0331282394976659	0.012556011451778776	0.03457538732208039	0.04420733887585963	0.011267645044696064	0.02915743470300671
171	11310	6	108	63	166965.22550065568	1.2410905557775387e-19	3.7073727532511853e-11	-3.70737274084028e-11	3.3476281948966763e-09	-8.475262783017905	0.04308261861611214	1.3453105796623566e+24	171	0	2.2553121057352228e-14	50542.76645980649	4.703659009355698	89104731355.61205	3345.735574315188	15087225931.74811	1.9781629048234652	0.14833811082381596	1.1257186147621874	0.005111492757425356	0.005290623731155626	0.016301741264896568	0.04349383847709199	0.011777299970205525	0.02649698230311797
172	02310	6	109	63	166965.22550065577	1.3474435393475588e-19	3.707372753251187e-11	-3.707372739776752e-11	3.634497065788477e-09	-8.43955567742241	0.006394567670776707	1.2391259494368235e+24	172	0	2.2709383145584267e-14	49881.30039360114	4.697937766907622	90286331587.86345	3343.6317229609526	14988175344.305435	1.9776759805717066	0.1481512016692426	1.1256183884291988	0.04201325263999032	0.0074430250253427425	0.01628503019628678	0.03084491845110135	0.011434796615149349	0.02383250688339915
173	10410	6	110	63	166965.22550066857	1.332929272742158e-19	3.7073727532514716e-11	-3.707372739922179e-11	3.595347329380735e-09	-8.444259148133089	0.011013848481580206	1.2526187916721245e+24	173	0	2.283977594040847e-14	49595.80262870177	4.695444923015835	90806063994.70186	3343.595469168378	14945221480.33933	1.978075221049732	0.1478323176805375	1.125452181155548	0.029032131965969488	0.010329326419327396	0.018947644544827377	0.03647061167924578	0.004915806754795288	0.023460773669784305
174	01410	6	110	64	166965.2255006688	1.3552506541325925e-19	3.707372753251477e-11	-3.70737273969897e-11	3.6555554143941883e-09	-8.43704662825988	0.024194370290325697	1.2319877875840788e+24	174	0	2.2981668822925143e-14	49288.96237783143	4.6927496755634195	91371362067.78963	3343.5016094861885	14898917895.934433	1.9776888218577133	0.14785797623499547	1.1254601199470755	0.02362529533688499	0.0019810816005669143	0.006704351955372512	0.030429954441885915	0.005305231629700796	0.020695097034941583
175	00510	6	110	65	166965.2255006823	1.3129543378275606e-19	3.7073727532517766e-11	-3.7073727401222335e-11	3.541468379935506e-09	-8.450816631454419	0.05336532669377888	1.2716757977809508e+24	175	0	2.3092748611967755e-14	49046.76033428549	4.690610326386529	91822570882.87875	3343.1532043016796	14862266232.531342	1.9780221579653858	0.14788336546569658	1.1257522074047854	0.02413620527885485	0.006021462235467921	0.022611679824543287	0.039320979522936644	0.0027526667127739882	0.024237988115385356
176	40020	6	111	65	166965.22550073208	1.3541094069258465e-19	3.707372753252882e-11	-3.707372739711788e-11	3.6524770964498753e-09	-8.437412498711016	0.01406024827105232	1.2330261103479313e+24	176	0	2.324542744067524e-14	48708.281591857194	4.687602808111322	92460655153.21701	3343.1309029129184	14810894991.570742	1.9776812915242585	0.14785584696696574	1.1254861228282744	0.037586482485406185	0.0029212509561492403	0.02582470362783752	0.006390054788716094	0.0021864261213208093	0.0071728585058090264
177	31020	6	111	66	166965.22550073278	1.3085760074736038e-19	3.707372753252897e-11	-3.707372740167137e-11	3.5296585872716524e-09	-8.452267300514377	0.021163662698859	1.2759306646855264e+24	177	0	2.3405789458217038e-14	48273.160021017764	4.683705729205493	93294071185.9274	3342.5500120849933	14744591481.415531	1.9777010390669798	0.1478605449038874	1.1255119676339669	0.005286803556941465	0.0012338723741420112	0.005637303964940939	0.005955187506127501	0.0012020082690670602	0.003910938164421085
178	22020	6	111	67	166965.22550073278	1.268159172255112e-19	3.707372753252897e-11	-3.707372740571305e-11	3.42064112960428e-09	-8.465892486647425	0.015207449479370935	1.316595181059376e+24	178	0	2.3570663004638453e-14	47656.51462029512	4.678122276858031	94501237936.78738	3341.850489253019	14650115078.597965	1.9777201967150488	0.14783081867375536	1.1255145234549513	0.008443566562203653	0.0012788156966049048	0.003417196365324161	0.00902092501936392	0.0015784260740618946	0.004546775025515537
179	13020	6	111	68	166965.22550073278	5.336545720228192e-19	3.707372753252897e-11	-3.70737269988744e-11	1.4394413713986103e-08	-7.841806019286486	0.010988997014854373	3.1287134834777226e+23	179	0	2.3737287151252868e-14	47071.76462038129	4.672760479388591	95675181580.5204	3182.921664223467	14559957412.418982	1.9776618340944305	0.14784479806893125	1.1255181780133072	0.011230233093520097	0.003002919255905411	0.007004507787574906	0.01187117113603394	0.0029025667841564543	0.0068068246954427454
180	04020	6	111	69	166965.22550073278	3.121690282658175e-20	3.707372753252897e-11	-3.707372750131207e-11	8.420222325686467e-10	-9.074676441333592	0.01991593496871602	5.34855191843564e+24	180	0	2.3903168730205685e-14	45297.53925149703	4.656074609992446	99422611068.69414	1349.3380078097384	14282925056.797167	1.9776444040177266	0.14783533854688036	1.125519887654676	0.009652253606564054	0.0033315991273495764	0.007693344560715918	0.009932458807855829	0.0017096962857915557	0.005238897899834714
181	30120	6	111	70	166965.22550073525	3.1678003488710056e-20	3.707372753252952e-11	-3.7073727500851515e-11	8.544596294212632e-10	-9.068308451531605	0.031891753961033165	5.270699132293521e+24	181	0	2.4060439536928277e-14	44975.64589892381	4.652977409000896	100134184564.94606	1348.8278725924529	14232086047.817411	1.9776889402260047	0.14784275076778777	1.1255344389279063	0.007569865483067858	0.0010780190947059034	0.003504272392505177	0.0038353164851770605	0.001573604424519533	0.0035048023554006447
182	21120	6	111	71	166965.22550073528	3.3511939302362547e-20	3.707372753252953e-11	-3.707372749901759e-11	9.039268919737902e-10	-9.04386669308248	0.018993824877040252	4.982260918841079e+24	182	0	2.4227111054937906e-14	44622.16042549014	4.649550593248472	100927422258.95996	1345.5373203488468	14176046983.494404	1.977624450977921	0.14785975908562815	1.125555204212226	0.011241589984707864	0.0012385153749763672	0.004228611126895367	0.011230516780163147	0.0019719190971741545	0.005321228266351662
183	12120	6	111	72	166965.22550073528	3.2883072381753045e-20	3.707372753252953e-11	-3.7073727499646455e-11	8.869642890076407e-10	-9.052093865398414	0.017895329327143352	5.077543350036385e+24	183	0	2.4398821219352376e-14	44301.46549368764	4.646418092934011	101658028175.43808	1341.8526807349153	14125014187.928736	1.9777025223593085	0.14782592846758222	1.1254951903035644	0.00943329221439975	0.001985307120348209	0.005533208494685792	0.00662299822481172	0.001321927972148871	0.0037845996717294737
184	03120	6	111	73	166965.22550073528	4.2276789661433344e-20	3.707372753252953e-11	-3.707372749025274e-11	1.1403436469758402e-09	-8.942964252614892	0.018180236675203763	3.949335482609928e+24	184	0	2.4571830761122175e-14	43979.691025710505	4.643252173949275	102401802339.57745	1337.5781574292098	14073623557.724709	1.9776602973547486	0.14787452323524589	1.1255579132053173	0.003992156028351025	0.0023052987830644873	0.006473467550527029	0.006888344007668542	0.002283131854476566	0.005692463330951029
185	20220	6	111	74	166965.22550073758	3.9703215690631225e-20	3.707372753253004e-11	-3.707372749282682e-11	1.0709259179777367e-09	-8.970240570742616	0.01901224770792667	4.2053325554719837e+24	185	0	2.4719558690118247e-14	43712.904296778135	4.640609662087054	103026776642.30228	1336.444983484931	14030872225.98813	1.9776831218427346	0.14782003990991366	1.1255173047863793	0.003896984632166698	0.0020300433596151975	0.006030900248198379	0.004079364703310498	0.001517474166765119	0.0026227913369977433
186	11220	6	111	75	166965.2255007376	3.8422092819714193e-20	3.7073727532530045e-11	-3.707372749410795e-11	1.0363698332195229e-09	-8.984485236999387	0.021581309250129365	4.3455526039192885e+24	186	0	2.487814043270964e-14	43381.81664494794	4.637307734454502	103813071366.50224	1336.4436621090608	13977635831.027945	1.9776195309536055	0.14786433714917055	1.1255565458090242	0.012290695602331187	0.0018826615975548959	0.005141160322320004	0.01242816218526096	0.0021280736371099597	0.005018014671107192
187	02220	6	111	76	166965.2255007376	4.002230435745508e-20	3.7073727532530045e-11	-3.707372749250774e-11	1.0795327856455175e-09	-8.966764163511579	0.025534270872371895	4.171804402103011e+24	187	0	2.5042247478290317e-14	43076.97480692005	4.634245196232406	104547722943.78993	1317.652422517912	13928438388.872156	1.9777123717713494	0.14784828382794962	1.1255216515323356	0.01145484885918278	0.0014636647312147488	0.004327098436449716	0.004374674512877047	0.001397128116042343	0.004269704565357984
188	10320	6	111	77	166965.2255007378	3.971188106698158e-20	3.707372753253009e-11	-3.707372749281821e-11	1.071159651592537e-09	-8.97014579467859	0.022661375726124637	4.2044149260801687e+24	188	0	2.5175870697828268e-14	42825.265675020964	4.631700065877775	105162211054.24097	1316.9861497863258	13887685388.73339	1.9776781764622542	0.14778846976602075	1.125524173877421	0.012393790911514223	0.0020008606748100535	0.0034618677853285778	0.011060609362766234	0.002308963520130828	0.0026793987435852575
189	01320	6	111	78	166965.2255007378	4.0123677250157164e-20	3.707372753253009e-11	-3.7073727492406415e-11	1.0822671449735104e-09	-8.965665525488555	0.02254489655790098	4.1612642943907593e+24	189	0	2.5321623654010473e-14	42578.67202176638	4.629192112184205	105771256207.05687	1316.883742265551	13847644249.462608	1.9775787715280153	0.14784687977300096	1.1255443876135598	0.013218791506160607	0.002315045968582652	0.003434494481850517	0.011049199224112847	0.0018061675026509359	0.004431115344070341
190	00420	6	111	79	166965.22550073802	3.995583017304821e-20	3.7073727532530135e-11	-3.7073727492574307e-11	1.0777397589165857e-09	-8.967486095281911	0.017683037521706052	4.178744998605051e+24	190	0	2.5438097616708817e-14	42378.52656525095	4.627145852900848	106270793073.37941	1316.835230811638	13815061189.283268	1.9776419463909778	0.1478816243318169	1.1255324539294618	0.009748479205414318	0.0016143674391443576	0.0038904828556619365	0.014110883221388579	0.0017936182248289142	0.004091714532596923
191	30030	6	111	80	166965.22550073807	4.892702068113122e-20	3.707372753253015e-11	-3.7073727483603126e-11	1.3197221843474051e-09	-8.879517482811934	0.028398844690643677	3.412536123727813e+24	191	0	2.559904024339455e-14	42111.72147117179	4.6244029951640195	106944087537.56369	1316.2815511646945	13771502836.769722	1.9776984547296632	0.14784042737920705	1.1255046176934742	0.01426393005141282	0.0019291386971502244	0.0050958773203221034	0.004166082763808717	0.001370244816571404	0.0030453219796183865
192	21030	6	111	81	166965.22550073807	5.505467698684821e-20	3.707372753253015e-11	-3.707372747747547e-11	1.485005168108353e-09	-8.828272034914423	0.018426986017125918	3.0327164673152786e+24	192	0	2.5769154299038313e-14	41830.59511077626	4.621494043196164	107662815110.42366	1315.122826514316	13725459500.477747	1.9776558442556953	0.14782386026249106	1.1255269965561276	0.005117700248192751	0.0008551785306345046	0.002867806492456664	0.007275417763286583	0.001994983093499936	0.004074051687195631
193	12030	6	111	82	166965.22550073807	5.0053869460515793e-20	3.707372753253015e-11	-3.707372748247628e-11	1.3501169909768659e-09	-8.869628597183306	0.012807493236616167	3.335710651350261e+24	193	0	2.5944037392629316e-14	41546.95851781544	4.618539236368573	108397817506.64952	1291.9713293896364	13678845653.526707	1.9777356789504732	0.14781911001901757	1.1255410792720837	0.008762744163401791	0.0023088654106069345	0.004956571442731118	0.010648755449932986	0.0024129249259432035	0.006192588203346821
194	03030	6	111	83	166965.22550073807	2.61483637427097e-21	3.707372753253015e-11	-3.7073727529915314e-11	7.053071132317611e-11	-10.151621736144447	0.030787768522578553	6.38530300188626e+25	194	0	2.611987983664267e-14	41127.510716295015	4.614132424196919	109503336062.2562	561.4036387388592	13609621872.82546	1.9777110174383585	0.14783999965233624	1.1255278665065849	0.012056131564591423	0.0024168003589742333	0.005615594317208318	0.0033520479160943904	0.0014728540752441215	0.0022081431215111927
195	20130	6	111	84	166965.2255007381	2.614557932994717e-21	3.7073727532530155e-11	-3.70737275299156e-11	7.052320084891886e-11	-10.151667984525357	0.01907942666570324	6.385983014325331e+25	195	0	2.6269843692311084e-14	40878.249788106	4.6114922931041615	110171048191.03265	561.382416269226	13568317350.078493	1.977728622835703	0.1478431693118087	1.125443510933745	0.00785926306396055	0.0012653017484094138	0.003842134293490316	0.008108401485832929	0.001618783489019829	0.004268511535845181
196	11130	6	111	85	166965.2255007381	2.614377918934771e-21	3.7073727532530155e-11	-3.707372752991578e-11	7.051834527943806e-11	-10.151697887019916	0.014815007967091606	6.386422723795347e+25	196	0	2.6430816026282863e-14	40622.727275929195	4.608769077146731	110864039156.69843	561.364531515021	13525844477.864155	1.977705118422367	0.14789596714261266	1.1255223657051263	0.007559481287771928	0.0019112482388354457	0.005643946896022145	0.008870332737797514	0.002213927514930122	0.006691165961458856
197	02130	6	111	86	166965.2255007381	2.5827661235373115e-21	3.7073727532530155e-11	-3.7073727529947387e-11	6.966567149934078e-11	-10.156981172418634	0.02483361177202675	6.4645894174910985e+25	197	0	2.659736557746077e-14	40355.40091575278	4.605901666218987	111598436025.26349	558.906438707609	13481265518.654245	1.9776321485917743	0.14784194328998343	1.1255214622873773	0.006960135496689481	0.0022890170506219883	0.007195536849403839	0.0076336629853986735	0.00150463210849559	0.004161814174726474
198	10230	6	111	87	166965.2255007381	2.578914650228795e-21	3.7073727532530155e-11	-3.707372752995124e-11	6.956178463484523e-11	-10.157629284531268	0.017862181689010586	6.4742439415715195e+25	198	0	2.673641829164003e-14	40141.771311523196	4.603596532422703	112192349271.78418	558.6143517576428	13445535788.780275	1.9777018617977604	0.14784912568967631	1.1255194167207643	0.009802885904365255	0.0011547057175484454	0.003938868410114921	0.005733438137252599	0.0013075488222687272	0.0021644954455398717
199	01230	6	111	88	166965.2255007381	2.5726789909989756e-21	3.7073727532530155e-11	-3.7073727529957474e-11	6.93935884580689e-11	-10.158680653837832	0.0258487354437619	6.489936213763895e+25	199	0	2.6887866877123992e-14	39913.59531685758	4.601120849706978	112833724740.11111	557.7868626218617	13407268204.274464	1.9777727010229689	0.1478086218321174	1.125517832448945	0.012941693984213921	0.0017870753591568843	0.0030846808259567785	0.00923601700351398	0.001705998246434312	0.0029102864362766587
200	00330	6	111	89	166965.2255007381	2.571957659763835e-21	3.7073727532530155e-11	-3.70737275299582e-11	6.937413178934014e-11	-10.158802438989385	0.02139748947273043	6.491756381248879e+25	200	0	2.700706843059768e-14	39732.487447824395	4.59914575486276	113348041279.43156	557.6843194842979	13376815298.340782	1.9776751342183188	0.14784793758726097	1.1255248676822565	0.00900457599901434	0.001545235487933386	0.0033264183099867293	0.00606084474983771	0.0013007686282308834	0.0033739945295665577
201	20040	6	111	90	166965.2255007381	2.561127902210892e-21	3.7073727532530155e-11	-3.707372752996903e-11	6.908201771628286e-11	-10.160634986242817	0.01930445187752886	6.519206844633002e+25	201	0	2.7160014374917355e-14	39501.472765959756	4.596613288087363	114010929517.83449	555.6158306126368	13337870223.692455	1.9776924492451984	0.14783713198799683	1.1255070318234595	0.006791743253832145	0.001739951031044266	0.004704591789891271	0.006226790174543427	0.0015729844885755701	0.003267914054777257
202	11040	6	111	91	166965.2255007381	2.547939119596374e-21	3.7073727532530155e-11	-3.707372752998222e-11	6.872627300183662e-11	-10.162877207067574	0.01905484331568147	6.552951921676508e+25	202	0	2.7323738213206926e-14	39188.24694055324	4.5931558360457725	114922201909.21654	553.5291268769379	13284883674.314571	1.977705483233647	0.14781076151984404	1.125501034368015	0.0044291201124904145	0.0011759224521165896	0.0027229225852526597	0.007655685295891649	0.0016998256656958264	0.003771587383983224
203	02040	6	111	92	166965.2255007381	1.8118914832327573e-21	3.7073727532530155e-11	-3.707372753071826e-11	4.887265467554948e-11	-10.310934070228432	0.00630262659499703	9.214968282915075e+25	203	0	2.749259435293404e-14	38838.68817214253	4.589264552615444	115956533017.01245	297.57435133543765	13225500379.102983	1.9776441432828233	0.14790181690252086	1.1254546146608058	0.018199912198914616	0.0038306240915119325	0.009592523024304203	0.017128058155105735	0.00340510321091066	0.009559926091057422
204	10140	6	111	93	166965.2255007381	1.7639072771606888e-21	3.7073727532530155e-11	-3.707372753076625e-11	4.757836329279157e-11	-10.322590501877043	0.02099184603643637	9.465646389842966e+25	204	0	2.76329950634212e-14	38600.286667489294	4.586590529999383	116672698992.24889	289.73354565168705	13184847474.459326	1.977768293148555	0.1478470711664506	1.1255237942970755	0.01693531967546761	0.003245571466935041	0.009352135223805454	0.00485582739745681	0.0014169607457181644	0.0029406761013384005
205	01140	6	111	94	166965.2255007381	1.7745272144749968e-21	3.7073727532530155e-11	-3.7073727530755626e-11	4.786481782599138e-11	-10.319983589677106	0.017992767304381797	9.40899773972391e+25	205	0	2.7785868124942103e-14	38365.740279530306	4.583943582471936	117385969736.47739	283.60039844577494	13144729155.869959	1.9776642072110882	0.14788551916081372	1.1255398613671586	0.01455971552922672	0.0024861317254632545	0.0056642546359372695	0.01422712267385062	0.0022667857078848236	0.0053024613018301065
206	00240	6	111	95	166965.2255007381	1.810679154994492e-21	3.7073727532530155e-11	-3.7073727530719476e-11	4.8839954207618336e-11	-10.31122475192183	0.020102595066813167	9.221138103909193e+25	206	0	2.7908686284733116e-14	38192.72419283358	4.581980636632558	117917737541.63219	283.21170752840345	13115055845.210882	1.977680922178384	0.14786114933580013	1.1255217697511293	0.012980636055508168	0.002449794875056408	0.00622086213937687	0.005738151441930196	0.0016742899085273838	0.003825464388305569
207	10050	6	111	96	166965.2255007381	2.307856518113964e-21	3.7073727532530155e-11	-3.70737275302223e-11	6.225045798507709e-11	-10.205857449056964	0.016463486666389866	7.234644969921531e+25	207	0	2.8050064031741077e-14	37987.238192549885	4.579637719947552	118555595027.53609	282.4344942512014	13079727424.449656	1.9777263425186602	0.14788583009652054	1.1255072435351632	0.0038328966727747132	0.0011755312178023604	0.003533210631832321	0.004837782067157841	0.0020737881883380236	0.006382602861251276
208	01050	6	111	97	166965.2255007381	2.9767927461021886e-22	3.7073727532530155e-11	-3.707372753223247e-11	8.029386156248294e-12	-11.095317655112872	0.026566845233779047	5.608896545430054e+26	208	0	2.82033936158417e-14	37776.877510691804	4.57722605798182	119215772296.05238	190.14257609868676	13043462001.451982	1.977639777680735	0.1478354688498296	1.1255179305031473	0.007689179125987006	0.00177959149923618	0.005164950661733803	0.005876211992612532	0.0014869655151767763	0.0031175719583880065
209	00150	6	111	98	166965.2255007381	2.887508973052416e-22	3.7073727532530155e-11	-3.7073727532241404e-11	7.788558543293996e-12	-11.108542911341472	0.021110840435999065	5.782327503011615e+26	209	0	2.8326170710876267e-14	37613.09205539422	4.5753390368895	119734894986.5083	187.22973779563534	13015155628.11621	1.9777171441520254	0.14788045365716232	1.125542355551967	0.007820445521332015	0.0014620040966126767	0.004617804656118024	0.006556089153899479	0.0019702047018342827	0.005318702536487831
210	00060	6	111	99	166965.2255007381	2.9128369322789997e-22	3.7073727532530155e-11	-3.707372753223887e-11	7.856876354618363e-12	-11.104750081388577	0.026549567809541035	5.732048493703516e+26	210	0	2.844694080117621e-14	37441.917587742355	4.573358083026774	120282291012.9174	129.33546247451366	12985505798.277298	1.9777272420957561	0.14784843231436845	1.1255039613137925	0.006556089153899479	0.0019702047018342827	0.005318702536487831	0.0	0.0	0.0
