pool	rungroup	zfoil	delta_low	delta_high	xscol	yscol	available	fit	surplus
rg01_theta12p490_foil0	rg01_theta12p490_foil0	0.0	-10.0	-8.0	0	2	104	36	68
rg01_theta12p490_foil0	rg01_theta12p490_foil0	0.0	-10.0	-8.0	0	3	204	36	168
rg01_theta12p490_foil0	rg01_theta12p490_foil0	0.0	-10.0	-8.0	0	4	244	35	209
rg01_theta12p490_foil0	rg01_theta12p490_foil0	0.0	-10.0	-8.0	0	5	272	36	236
rg01_theta12p490_foil0	rg01_theta12p490_foil0	0.0	-10.0	-8.0	0	6	55	36	19
rg01_theta12p490_foil0	rg01_theta12p490_foil0	0.0	-10.0	-8.0	1	2	127	35	92
rg01_theta12p490_foil0	rg01_theta12p490_foil0	0.0	-10.0	-8.0	1	3	231	36	195
rg01_theta12p490_foil0	rg01_theta12p490_foil0	0.0	-10.0	-8.0	1	4	339	36	303
rg01_theta12p490_foil0	rg01_theta12p490_foil0	0.0	-10.0	-8.0	1	5	342	36	306
rg01_theta12p490_foil0	rg01_theta12p490_foil0	0.0	-10.0	-8.0	1	6	184	36	148
rg01_theta12p490_foil0	rg01_theta12p490_foil0	0.0	-10.0	-8.0	2	2	167	36	131
rg01_theta12p490_foil0	rg01_theta12p490_foil0	0.0	-10.0	-8.0	2	3	0	0	0
rg01_theta12p490_foil0	rg01_theta12p490_foil0	0.0	-10.0	-8.0	2	4	390	35	355
rg01_theta12p490_foil0	rg01_theta12p490_foil0	0.0	-10.0	-8.0	2	5	423	36	387
rg01_theta12p490_foil0	rg01_theta12p490_foil0	0.0	-10.0	-8.0	2	6	381	36	345
rg01_theta12p490_foil0	rg01_theta12p490_foil0	0.0	-10.0	-8.0	3	2	212	36	176
rg01_theta12p490_foil0	rg01_theta12p490_foil0	0.0	-10.0	-8.0	3	3	321	36	285
rg01_theta12p490_foil0	rg01_theta12p490_foil0	0.0	-10.0	-8.0	3	4	409	36	373
rg01_theta12p490_foil0	rg01_theta12p490_foil0	0.0	-10.0	-8.0	3	5	527	35	492
rg01_theta12p490_foil0	rg01_theta12p490_foil0	0.0	-10.0	-8.0	3	6	591	35	556
rg01_theta12p490_foil0	rg01_theta12p490_foil0	0.0	-10.0	-8.0	4	2	207	36	171
rg01_theta12p490_foil0	rg01_theta12p490_foil0	0.0	-10.0	-8.0	4	3	403	36	367
rg01_theta12p490_foil0	rg01_theta12p490_foil0	0.0	-10.0	-8.0	4	4	144	36	108
rg01_theta12p490_foil0	rg01_theta12p490_foil0	0.0	-10.0	-8.0	4	5	570	36	534
rg01_theta12p490_foil0	rg01_theta12p490_foil0	0.0	-10.0	-8.0	4	6	647	36	611
rg01_theta12p490_foil0	rg01_theta12p490_foil0	0.0	-10.0	-8.0	5	2	196	35	161
rg01_theta12p490_foil0	rg01_theta12p490_foil0	0.0	-10.0	-8.0	5	3	360	35	325
rg01_theta12p490_foil0	rg01_theta12p490_foil0	0.0	-10.0	-8.0	5	4	441	36	405
rg01_theta12p490_foil0	rg01_theta12p490_foil0	0.0	-10.0	-8.0	5	5	0	0	0
rg01_theta12p490_foil0	rg01_theta12p490_foil0	0.0	-10.0	-8.0	5	6	714	36	678
rg01_theta12p490_foil0	rg01_theta12p490_foil0	0.0	-10.0	-8.0	6	2	134	36	98
rg01_theta12p490_foil0	rg01_theta12p490_foil0	0.0	-10.0	-8.0	6	3	264	35	229
rg01_theta12p490_foil0	rg01_theta12p490_foil0	0.0	-10.0	-8.0	6	4	351	36	315
rg01_theta12p490_foil0	rg01_theta12p490_foil0	0.0	-10.0	-8.0	6	5	476	36	440
rg01_theta12p490_foil0	rg01_theta12p490_foil0	0.0	-10.0	-8.0	6	6	584	35	549
rg01_theta12p490_foil0	rg01_theta12p490_foil0	0.0	-10.0	-8.0	7	2	73	36	37
rg01_theta12p490_foil0	rg01_theta12p490_foil0	0.0	-10.0	-8.0	7	3	160	36	124
rg01_theta12p490_foil0	rg01_theta12p490_foil0	0.0	-10.0	-8.0	7	4	267	35	232
rg01_theta12p490_foil0	rg01_theta12p490_foil0	0.0	-10.0	-8.0	7	5	289	36	253
rg01_theta12p490_foil0	rg01_theta12p490_foil0	0.0	-10.0	-8.0	7	6	376	36	340
rg01_theta12p490_foil0	rg01_theta12p490_foil0	0.0	-10.0	-8.0	8	2	39	35	4
rg01_theta12p490_foil0	rg01_theta12p490_foil0	0.0	-10.0	-8.0	8	3	88	36	52
rg01_theta12p490_foil0	rg01_theta12p490_foil0	0.0	-10.0	-8.0	8	4	128	35	93
rg01_theta12p490_foil0	rg01_theta12p490_foil0	0.0	-10.0	-8.0	8	5	186	36	150
rg01_theta12p490_foil0	rg01_theta12p490_foil0	0.0	-10.0	-8.0	8	6	197	36	161
rg01_theta12p490_foil0	rg01_theta12p490_foil0	0.0	-8.0	-5.0	0	2	159	30	129
rg01_theta12p490_foil0	rg01_theta12p490_foil0	0.0	-8.0	-5.0	0	3	255	30	225
rg01_theta12p490_foil0	rg01_theta12p490_foil0	0.0	-8.0	-5.0	0	4	392	30	362
rg01_theta12p490_foil0	rg01_theta12p490_foil0	0.0	-8.0	-5.0	0	5	448	30	418
rg01_theta12p490_foil0	rg01_theta12p490_foil0	0.0	-8.0	-5.0	0	6	140	30	110
rg01_theta12p490_foil0	rg01_theta12p490_foil0	0.0	-8.0	-5.0	0	7	0	0	0
rg01_theta12p490_foil0	rg01_theta12p490_foil0	0.0	-8.0	-5.0	1	1	0	0	0
rg01_theta12p490_foil0	rg01_theta12p490_foil0	0.0	-8.0	-5.0	1	2	240	29	211
rg01_theta12p490_foil0	rg01_theta12p490_foil0	0.0	-8.0	-5.0	1	3	385	29	356
rg01_theta12p490_foil0	rg01_theta12p490_foil0	0.0	-8.0	-5.0	1	4	534	30	504
rg01_theta12p490_foil0	rg01_theta12p490_foil0	0.0	-8.0	-5.0	1	5	638	30	608
rg01_theta12p490_foil0	rg01_theta12p490_foil0	0.0	-8.0	-5.0	1	6	484	30	454
rg01_theta12p490_foil0	rg01_theta12p490_foil0	0.0	-8.0	-5.0	1	7	0	0	0
rg01_theta12p490_foil0	rg01_theta12p490_foil0	0.0	-8.0	-5.0	2	1	16	16	0
rg01_theta12p490_foil0	rg01_theta12p490_foil0	0.0	-8.0	-5.0	2	2	313	30	283
rg01_theta12p490_foil0	rg01_theta12p490_foil0	0.0	-8.0	-5.0	2	3	0	0	0
rg01_theta12p490_foil0	rg01_theta12p490_foil0	0.0	-8.0	-5.0	2	4	687	30	657
rg01_theta12p490_foil0	rg01_theta12p490_foil0	0.0	-8.0	-5.0	2	5	778	30	748
rg01_theta12p490_foil0	rg01_theta12p490_foil0	0.0	-8.0	-5.0	2	6	839	30	809
rg01_theta12p490_foil0	rg01_theta12p490_foil0	0.0	-8.0	-5.0	2	7	0	0	0
rg01_theta12p490_foil0	rg01_theta12p490_foil0	0.0	-8.0	-5.0	3	1	45	30	15
rg01_theta12p490_foil0	rg01_theta12p490_foil0	0.0	-8.0	-5.0	3	2	376	30	346
rg01_theta12p490_foil0	rg01_theta12p490_foil0	0.0	-8.0	-5.0	3	3	553	30	523
rg01_theta12p490_foil0	rg01_theta12p490_foil0	0.0	-8.0	-5.0	3	4	769	30	739
rg01_theta12p490_foil0	rg01_theta12p490_foil0	0.0	-8.0	-5.0	3	5	964	30	934
rg01_theta12p490_foil0	rg01_theta12p490_foil0	0.0	-8.0	-5.0	3	6	1101	30	1071
rg01_theta12p490_foil0	rg01_theta12p490_foil0	0.0	-8.0	-5.0	3	7	60	30	30
rg01_theta12p490_foil0	rg01_theta12p490_foil0	0.0	-8.0	-5.0	4	1	68	30	38
rg01_theta12p490_foil0	rg01_theta12p490_foil0	0.0	-8.0	-5.0	4	2	361	30	331
rg01_theta12p490_foil0	rg01_theta12p490_foil0	0.0	-8.0	-5.0	4	3	617	30	587
rg01_theta12p490_foil0	rg01_theta12p490_foil0	0.0	-8.0	-5.0	4	4	254	30	224
rg01_theta12p490_foil0	rg01_theta12p490_foil0	0.0	-8.0	-5.0	4	5	1040	30	1010
rg01_theta12p490_foil0	rg01_theta12p490_foil0	0.0	-8.0	-5.0	4	6	1188	29	1159
rg01_theta12p490_foil0	rg01_theta12p490_foil0	0.0	-8.0	-5.0	4	7	65	30	35
rg01_theta12p490_foil0	rg01_theta12p490_foil0	0.0	-8.0	-5.0	5	1	42	30	12
rg01_theta12p490_foil0	rg01_theta12p490_foil0	0.0	-8.0	-5.0	5	2	358	30	328
rg01_theta12p490_foil0	rg01_theta12p490_foil0	0.0	-8.0	-5.0	5	3	605	30	575
rg01_theta12p490_foil0	rg01_theta12p490_foil0	0.0	-8.0	-5.0	5	4	807	29	778
rg01_theta12p490_foil0	rg01_theta12p490_foil0	0.0	-8.0	-5.0	5	5	0	0	0
rg01_theta12p490_foil0	rg01_theta12p490_foil0	0.0	-8.0	-5.0	5	6	1181	30	1151
rg01_theta12p490_foil0	rg01_theta12p490_foil0	0.0	-8.0	-5.0	5	7	54	30	24
rg01_theta12p490_foil0	rg01_theta12p490_foil0	0.0	-8.0	-5.0	6	1	16	16	0
rg01_theta12p490_foil0	rg01_theta12p490_foil0	0.0	-8.0	-5.0	6	2	314	30	284
rg01_theta12p490_foil0	rg01_theta12p490_foil0	0.0	-8.0	-5.0	6	3	473	30	443
rg01_theta12p490_foil0	rg01_theta12p490_foil0	0.0	-8.0	-5.0	6	4	669	30	639
rg01_theta12p490_foil0	rg01_theta12p490_foil0	0.0	-8.0	-5.0	6	5	870	30	840
rg01_theta12p490_foil0	rg01_theta12p490_foil0	0.0	-8.0	-5.0	6	6	959	29	930
rg01_theta12p490_foil0	rg01_theta12p490_foil0	0.0	-8.0	-5.0	6	7	0	0	0
rg01_theta12p490_foil0	rg01_theta12p490_foil0	0.0	-8.0	-5.0	7	2	226	30	196
rg01_theta12p490_foil0	rg01_theta12p490_foil0	0.0	-8.0	-5.0	7	3	397	30	367
rg01_theta12p490_foil0	rg01_theta12p490_foil0	0.0	-8.0	-5.0	7	4	542	30	512
rg01_theta12p490_foil0	rg01_theta12p490_foil0	0.0	-8.0	-5.0	7	5	685	30	655
rg01_theta12p490_foil0	rg01_theta12p490_foil0	0.0	-8.0	-5.0	7	6	761	30	731
rg01_theta12p490_foil0	rg01_theta12p490_foil0	0.0	-8.0	-5.0	7	7	0	0	0
rg01_theta12p490_foil0	rg01_theta12p490_foil0	0.0	-8.0	-5.0	8	2	191	30	161
rg01_theta12p490_foil0	rg01_theta12p490_foil0	0.0	-8.0	-5.0	8	3	260	30	230
rg01_theta12p490_foil0	rg01_theta12p490_foil0	0.0	-8.0	-5.0	8	4	367	30	337
rg01_theta12p490_foil0	rg01_theta12p490_foil0	0.0	-8.0	-5.0	8	5	465	30	435
rg01_theta12p490_foil0	rg01_theta12p490_foil0	0.0	-8.0	-5.0	8	6	412	30	382
rg01_theta12p490_foil0	rg01_theta12p490_foil0	0.0	-8.0	-5.0	8	7	0	0	0
rg01_theta12p490_foil0	rg01_theta12p490_foil0	0.0	-5.0	0.0	0	1	0	0	0
rg01_theta12p490_foil0	rg01_theta12p490_foil0	0.0	-5.0	0.0	0	2	240	27	213
rg01_theta12p490_foil0	rg01_theta12p490_foil0	0.0	-5.0	0.0	0	3	412	27	385
rg01_theta12p490_foil0	rg01_theta12p490_foil0	0.0	-5.0	0.0	0	4	557	27	530
rg01_theta12p490_foil0	rg01_theta12p490_foil0	0.0	-5.0	0.0	0	5	701	27	674
rg01_theta12p490_foil0	rg01_theta12p490_foil0	0.0	-5.0	0.0	0	6	324	27	297
rg01_theta12p490_foil0	rg01_theta12p490_foil0	0.0	-5.0	0.0	1	1	0	0	0
rg01_theta12p490_foil0	rg01_theta12p490_foil0	0.0	-5.0	0.0	1	2	356	27	329
rg01_theta12p490_foil0	rg01_theta12p490_foil0	0.0	-5.0	0.0	1	3	603	27	576
rg01_theta12p490_foil0	rg01_theta12p490_foil0	0.0	-5.0	0.0	1	4	827	27	800
rg01_theta12p490_foil0	rg01_theta12p490_foil0	0.0	-5.0	0.0	1	5	1030	27	1003
rg01_theta12p490_foil0	rg01_theta12p490_foil0	0.0	-5.0	0.0	1	6	1192	27	1165
rg01_theta12p490_foil0	rg01_theta12p490_foil0	0.0	-5.0	0.0	1	7	0	0	0
rg01_theta12p490_foil0	rg01_theta12p490_foil0	0.0	-5.0	0.0	2	1	70	27	43
rg01_theta12p490_foil0	rg01_theta12p490_foil0	0.0	-5.0	0.0	2	2	535	27	508
rg01_theta12p490_foil0	rg01_theta12p490_foil0	0.0	-5.0	0.0	2	3	0	0	0
rg01_theta12p490_foil0	rg01_theta12p490_foil0	0.0	-5.0	0.0	2	4	1038	27	1011
rg01_theta12p490_foil0	rg01_theta12p490_foil0	0.0	-5.0	0.0	2	5	1248	27	1221
rg01_theta12p490_foil0	rg01_theta12p490_foil0	0.0	-5.0	0.0	2	6	1597	27	1570
rg01_theta12p490_foil0	rg01_theta12p490_foil0	0.0	-5.0	0.0	2	7	151	27	124
rg01_theta12p490_foil0	rg01_theta12p490_foil0	0.0	-5.0	0.0	3	1	159	27	132
rg01_theta12p490_foil0	rg01_theta12p490_foil0	0.0	-5.0	0.0	3	2	573	27	546
rg01_theta12p490_foil0	rg01_theta12p490_foil0	0.0	-5.0	0.0	3	3	919	27	892
rg01_theta12p490_foil0	rg01_theta12p490_foil0	0.0	-5.0	0.0	3	4	1276	27	1249
rg01_theta12p490_foil0	rg01_theta12p490_foil0	0.0	-5.0	0.0	3	5	1628	27	1601
rg01_theta12p490_foil0	rg01_theta12p490_foil0	0.0	-5.0	0.0	3	6	1945	27	1918
rg01_theta12p490_foil0	rg01_theta12p490_foil0	0.0	-5.0	0.0	3	7	527	27	500
rg01_theta12p490_foil0	rg01_theta12p490_foil0	0.0	-5.0	0.0	4	1	197	27	170
rg01_theta12p490_foil0	rg01_theta12p490_foil0	0.0	-5.0	0.0	4	2	661	27	634
rg01_theta12p490_foil0	rg01_theta12p490_foil0	0.0	-5.0	0.0	4	3	1004	27	977
rg01_theta12p490_foil0	rg01_theta12p490_foil0	0.0	-5.0	0.0	4	4	393	27	366
rg01_theta12p490_foil0	rg01_theta12p490_foil0	0.0	-5.0	0.0	4	5	1776	27	1749
rg01_theta12p490_foil0	rg01_theta12p490_foil0	0.0	-5.0	0.0	4	6	2228	27	2201
rg01_theta12p490_foil0	rg01_theta12p490_foil0	0.0	-5.0	0.0	4	7	721	27	694
rg01_theta12p490_foil0	rg01_theta12p490_foil0	0.0	-5.0	0.0	5	1	199	27	172
rg01_theta12p490_foil0	rg01_theta12p490_foil0	0.0	-5.0	0.0	5	2	617	27	590
rg01_theta12p490_foil0	rg01_theta12p490_foil0	0.0	-5.0	0.0	5	3	894	27	867
rg01_theta12p490_foil0	rg01_theta12p490_foil0	0.0	-5.0	0.0	5	4	1324	27	1297
rg01_theta12p490_foil0	rg01_theta12p490_foil0	0.0	-5.0	0.0	5	5	0	0	0
rg01_theta12p490_foil0	rg01_theta12p490_foil0	0.0	-5.0	0.0	5	6	2070	27	2043
rg01_theta12p490_foil0	rg01_theta12p490_foil0	0.0	-5.0	0.0	5	7	505	27	478
rg01_theta12p490_foil0	rg01_theta12p490_foil0	0.0	-5.0	0.0	6	1	103	27	76
rg01_theta12p490_foil0	rg01_theta12p490_foil0	0.0	-5.0	0.0	6	2	524	27	497
rg01_theta12p490_foil0	rg01_theta12p490_foil0	0.0	-5.0	0.0	6	3	785	28	757
rg01_theta12p490_foil0	rg01_theta12p490_foil0	0.0	-5.0	0.0	6	4	1105	27	1078
rg01_theta12p490_foil0	rg01_theta12p490_foil0	0.0	-5.0	0.0	6	5	1426	27	1399
rg01_theta12p490_foil0	rg01_theta12p490_foil0	0.0	-5.0	0.0	6	6	1815	27	1788
rg01_theta12p490_foil0	rg01_theta12p490_foil0	0.0	-5.0	0.0	6	7	145	27	118
rg01_theta12p490_foil0	rg01_theta12p490_foil0	0.0	-5.0	0.0	7	1	0	0	0
rg01_theta12p490_foil0	rg01_theta12p490_foil0	0.0	-5.0	0.0	7	2	383	27	356
rg01_theta12p490_foil0	rg01_theta12p490_foil0	0.0	-5.0	0.0	7	3	588	27	561
rg01_theta12p490_foil0	rg01_theta12p490_foil0	0.0	-5.0	0.0	7	4	884	27	857
rg01_theta12p490_foil0	rg01_theta12p490_foil0	0.0	-5.0	0.0	7	5	1193	27	1166
rg01_theta12p490_foil0	rg01_theta12p490_foil0	0.0	-5.0	0.0	7	6	1359	27	1332
rg01_theta12p490_foil0	rg01_theta12p490_foil0	0.0	-5.0	0.0	7	7	0	0	0
rg01_theta12p490_foil0	rg01_theta12p490_foil0	0.0	-5.0	0.0	8	2	240	27	213
rg01_theta12p490_foil0	rg01_theta12p490_foil0	0.0	-5.0	0.0	8	3	401	27	374
rg01_theta12p490_foil0	rg01_theta12p490_foil0	0.0	-5.0	0.0	8	4	591	27	564
rg01_theta12p490_foil0	rg01_theta12p490_foil0	0.0	-5.0	0.0	8	5	869	27	842
rg01_theta12p490_foil0	rg01_theta12p490_foil0	0.0	-5.0	0.0	8	6	490	27	463
rg01_theta12p490_foil0	rg01_theta12p490_foil0	0.0	0.0	5.0	0	2	107	28	79
rg01_theta12p490_foil0	rg01_theta12p490_foil0	0.0	0.0	5.0	0	3	338	28	310
rg01_theta12p490_foil0	rg01_theta12p490_foil0	0.0	0.0	5.0	0	4	440	29	411
rg01_theta12p490_foil0	rg01_theta12p490_foil0	0.0	0.0	5.0	0	5	630	29	601
rg01_theta12p490_foil0	rg01_theta12p490_foil0	0.0	0.0	5.0	0	6	124	29	95
rg01_theta12p490_foil0	rg01_theta12p490_foil0	0.0	0.0	5.0	0	7	0	0	0
rg01_theta12p490_foil0	rg01_theta12p490_foil0	0.0	0.0	5.0	1	1	0	0	0
rg01_theta12p490_foil0	rg01_theta12p490_foil0	0.0	0.0	5.0	1	2	242	29	213
rg01_theta12p490_foil0	rg01_theta12p490_foil0	0.0	0.0	5.0	1	3	441	29	412
rg01_theta12p490_foil0	rg01_theta12p490_foil0	0.0	0.0	5.0	1	4	646	28	618
rg01_theta12p490_foil0	rg01_theta12p490_foil0	0.0	0.0	5.0	1	5	877	28	849
rg01_theta12p490_foil0	rg01_theta12p490_foil0	0.0	0.0	5.0	1	6	1166	29	1137
rg01_theta12p490_foil0	rg01_theta12p490_foil0	0.0	0.0	5.0	1	7	0	0	0
rg01_theta12p490_foil0	rg01_theta12p490_foil0	0.0	0.0	5.0	2	1	86	28	58
rg01_theta12p490_foil0	rg01_theta12p490_foil0	0.0	0.0	5.0	2	2	336	28	308
rg01_theta12p490_foil0	rg01_theta12p490_foil0	0.0	0.0	5.0	2	3	0	0	0
rg01_theta12p490_foil0	rg01_theta12p490_foil0	0.0	0.0	5.0	2	4	841	29	812
rg01_theta12p490_foil0	rg01_theta12p490_foil0	0.0	0.0	5.0	2	5	1122	29	1093
rg01_theta12p490_foil0	rg01_theta12p490_foil0	0.0	0.0	5.0	2	6	1507	29	1478
rg01_theta12p490_foil0	rg01_theta12p490_foil0	0.0	0.0	5.0	2	7	508	28	480
rg01_theta12p490_foil0	rg01_theta12p490_foil0	0.0	0.0	5.0	3	1	196	29	167
rg01_theta12p490_foil0	rg01_theta12p490_foil0	0.0	0.0	5.0	3	2	435	28	407
rg01_theta12p490_foil0	rg01_theta12p490_foil0	0.0	0.0	5.0	3	3	666	29	637
rg01_theta12p490_foil0	rg01_theta12p490_foil0	0.0	0.0	5.0	3	4	975	29	946
rg01_theta12p490_foil0	rg01_theta12p490_foil0	0.0	0.0	5.0	3	5	1352	28	1324
rg01_theta12p490_foil0	rg01_theta12p490_foil0	0.0	0.0	5.0	3	6	1855	28	1827
rg01_theta12p490_foil0	rg01_theta12p490_foil0	0.0	0.0	5.0	3	7	1163	28	1135
rg01_theta12p490_foil0	rg01_theta12p490_foil0	0.0	0.0	5.0	4	1	201	29	172
rg01_theta12p490_foil0	rg01_theta12p490_foil0	0.0	0.0	5.0	4	2	471	29	442
rg01_theta12p490_foil0	rg01_theta12p490_foil0	0.0	0.0	5.0	4	3	751	29	722
rg01_theta12p490_foil0	rg01_theta12p490_foil0	0.0	0.0	5.0	4	4	295	28	267
rg01_theta12p490_foil0	rg01_theta12p490_foil0	0.0	0.0	5.0	4	5	1492	28	1464
rg01_theta12p490_foil0	rg01_theta12p490_foil0	0.0	0.0	5.0	4	6	1935	29	1906
rg01_theta12p490_foil0	rg01_theta12p490_foil0	0.0	0.0	5.0	4	7	1397	29	1368
rg01_theta12p490_foil0	rg01_theta12p490_foil0	0.0	0.0	5.0	5	1	135	28	107
rg01_theta12p490_foil0	rg01_theta12p490_foil0	0.0	0.0	5.0	5	2	400	29	371
rg01_theta12p490_foil0	rg01_theta12p490_foil0	0.0	0.0	5.0	5	3	604	29	575
rg01_theta12p490_foil0	rg01_theta12p490_foil0	0.0	0.0	5.0	5	4	965	29	936
rg01_theta12p490_foil0	rg01_theta12p490_foil0	0.0	0.0	5.0	5	5	0	0	0
rg01_theta12p490_foil0	rg01_theta12p490_foil0	0.0	0.0	5.0	5	6	1889	29	1860
rg01_theta12p490_foil0	rg01_theta12p490_foil0	0.0	0.0	5.0	5	7	1006	29	977
rg01_theta12p490_foil0	rg01_theta12p490_foil0	0.0	0.0	5.0	6	1	76	28	48
rg01_theta12p490_foil0	rg01_theta12p490_foil0	0.0	0.0	5.0	6	2	392	28	364
rg01_theta12p490_foil0	rg01_theta12p490_foil0	0.0	0.0	5.0	6	3	556	29	527
rg01_theta12p490_foil0	rg01_theta12p490_foil0	0.0	0.0	5.0	6	4	818	28	790
rg01_theta12p490_foil0	rg01_theta12p490_foil0	0.0	0.0	5.0	6	5	1120	28	1092
rg01_theta12p490_foil0	rg01_theta12p490_foil0	0.0	0.0	5.0	6	6	1531	28	1503
rg01_theta12p490_foil0	rg01_theta12p490_foil0	0.0	0.0	5.0	6	7	447	28	419
rg01_theta12p490_foil0	rg01_theta12p490_foil0	0.0	0.0	5.0	7	1	0	0	0
rg01_theta12p490_foil0	rg01_theta12p490_foil0	0.0	0.0	5.0	7	2	264	28	236
rg01_theta12p490_foil0	rg01_theta12p490_foil0	0.0	0.0	5.0	7	3	437	29	408
rg01_theta12p490_foil0	rg01_theta12p490_foil0	0.0	0.0	5.0	7	4	613	29	584
rg01_theta12p490_foil0	rg01_theta12p490_foil0	0.0	0.0	5.0	7	5	891	28	863
rg01_theta12p490_foil0	rg01_theta12p490_foil0	0.0	0.0	5.0	7	6	1239	29	1210
rg01_theta12p490_foil0	rg01_theta12p490_foil0	0.0	0.0	5.0	7	7	0	0	0
rg01_theta12p490_foil0	rg01_theta12p490_foil0	0.0	0.0	5.0	8	1	0	0	0
rg01_theta12p490_foil0	rg01_theta12p490_foil0	0.0	0.0	5.0	8	2	108	29	79
rg01_theta12p490_foil0	rg01_theta12p490_foil0	0.0	0.0	5.0	8	3	308	28	280
rg01_theta12p490_foil0	rg01_theta12p490_foil0	0.0	0.0	5.0	8	4	425	28	397
rg01_theta12p490_foil0	rg01_theta12p490_foil0	0.0	0.0	5.0	8	5	650	28	622
rg01_theta12p490_foil0	rg01_theta12p490_foil0	0.0	0.0	5.0	8	6	218	29	189
rg01_theta12p490_foil0	rg01_theta12p490_foil0	0.0	0.0	5.0	8	7	0	0	0
rg01_theta12p490_foil0	rg01_theta12p490_foil0	0.0	5.0	10.0	0	2	35	35	0
rg01_theta12p490_foil0	rg01_theta12p490_foil0	0.0	5.0	10.0	0	3	182	38	144
rg01_theta12p490_foil0	rg01_theta12p490_foil0	0.0	5.0	10.0	0	4	279	38	241
rg01_theta12p490_foil0	rg01_theta12p490_foil0	0.0	5.0	10.0	0	5	444	38	406
rg01_theta12p490_foil0	rg01_theta12p490_foil0	0.0	5.0	10.0	0	6	13	13	0
rg01_theta12p490_foil0	rg01_theta12p490_foil0	0.0	5.0	10.0	1	1	0	0	0
rg01_theta12p490_foil0	rg01_theta12p490_foil0	0.0	5.0	10.0	1	2	169	38	131
rg01_theta12p490_foil0	rg01_theta12p490_foil0	0.0	5.0	10.0	1	3	272	38	234
rg01_theta12p490_foil0	rg01_theta12p490_foil0	0.0	5.0	10.0	1	4	414	38	376
rg01_theta12p490_foil0	rg01_theta12p490_foil0	0.0	5.0	10.0	1	5	631	38	593
rg01_theta12p490_foil0	rg01_theta12p490_foil0	0.0	5.0	10.0	1	6	870	38	832
rg01_theta12p490_foil0	rg01_theta12p490_foil0	0.0	5.0	10.0	1	7	0	0	0
rg01_theta12p490_foil0	rg01_theta12p490_foil0	0.0	5.0	10.0	2	1	63	38	25
rg01_theta12p490_foil0	rg01_theta12p490_foil0	0.0	5.0	10.0	2	2	196	39	157
rg01_theta12p490_foil0	rg01_theta12p490_foil0	0.0	5.0	10.0	2	3	0	0	0
rg01_theta12p490_foil0	rg01_theta12p490_foil0	0.0	5.0	10.0	2	4	536	39	497
rg01_theta12p490_foil0	rg01_theta12p490_foil0	0.0	5.0	10.0	2	5	754	38	716
rg01_theta12p490_foil0	rg01_theta12p490_foil0	0.0	5.0	10.0	2	6	1150	38	1112
rg01_theta12p490_foil0	rg01_theta12p490_foil0	0.0	5.0	10.0	2	7	659	38	621
rg01_theta12p490_foil0	rg01_theta12p490_foil0	0.0	5.0	10.0	3	1	117	38	79
rg01_theta12p490_foil0	rg01_theta12p490_foil0	0.0	5.0	10.0	3	2	229	38	191
rg01_theta12p490_foil0	rg01_theta12p490_foil0	0.0	5.0	10.0	3	3	402	38	364
rg01_theta12p490_foil0	rg01_theta12p490_foil0	0.0	5.0	10.0	3	4	629	38	591
rg01_theta12p490_foil0	rg01_theta12p490_foil0	0.0	5.0	10.0	3	5	923	38	885
rg01_theta12p490_foil0	rg01_theta12p490_foil0	0.0	5.0	10.0	3	6	1346	39	1307
rg01_theta12p490_foil0	rg01_theta12p490_foil0	0.0	5.0	10.0	3	7	1430	38	1392
rg01_theta12p490_foil0	rg01_theta12p490_foil0	0.0	5.0	10.0	4	1	101	38	63
rg01_theta12p490_foil0	rg01_theta12p490_foil0	0.0	5.0	10.0	4	2	258	38	220
rg01_theta12p490_foil0	rg01_theta12p490_foil0	0.0	5.0	10.0	4	3	418	39	379
rg01_theta12p490_foil0	rg01_theta12p490_foil0	0.0	5.0	10.0	4	4	187	38	149
rg01_theta12p490_foil0	rg01_theta12p490_foil0	0.0	5.0	10.0	4	5	1017	38	979
rg01_theta12p490_foil0	rg01_theta12p490_foil0	0.0	5.0	10.0	4	6	1480	39	1441
rg01_theta12p490_foil0	rg01_theta12p490_foil0	0.0	5.0	10.0	4	7	1583	39	1544
rg01_theta12p490_foil0	rg01_theta12p490_foil0	0.0	5.0	10.0	5	1	118	38	80
rg01_theta12p490_foil0	rg01_theta12p490_foil0	0.0	5.0	10.0	5	2	221	38	183
rg01_theta12p490_foil0	rg01_theta12p490_foil0	0.0	5.0	10.0	5	3	387	38	349
rg01_theta12p490_foil0	rg01_theta12p490_foil0	0.0	5.0	10.0	5	4	605	38	567
rg01_theta12p490_foil0	rg01_theta12p490_foil0	0.0	5.0	10.0	5	5	0	0	0
rg01_theta12p490_foil0	rg01_theta12p490_foil0	0.0	5.0	10.0	5	6	1292	38	1254
rg01_theta12p490_foil0	rg01_theta12p490_foil0	0.0	5.0	10.0	5	7	1267	38	1229
rg01_theta12p490_foil0	rg01_theta12p490_foil0	0.0	5.0	10.0	6	1	64	38	26
rg01_theta12p490_foil0	rg01_theta12p490_foil0	0.0	5.0	10.0	6	2	190	38	152
rg01_theta12p490_foil0	rg01_theta12p490_foil0	0.0	5.0	10.0	6	3	319	39	280
rg01_theta12p490_foil0	rg01_theta12p490_foil0	0.0	5.0	10.0	6	4	497	38	459
rg01_theta12p490_foil0	rg01_theta12p490_foil0	0.0	5.0	10.0	6	5	744	38	706
rg01_theta12p490_foil0	rg01_theta12p490_foil0	0.0	5.0	10.0	6	6	1103	38	1065
rg01_theta12p490_foil0	rg01_theta12p490_foil0	0.0	5.0	10.0	6	7	550	38	512
rg01_theta12p490_foil0	rg01_theta12p490_foil0	0.0	5.0	10.0	7	2	97	38	59
rg01_theta12p490_foil0	rg01_theta12p490_foil0	0.0	5.0	10.0	7	3	228	38	190
rg01_theta12p490_foil0	rg01_theta12p490_foil0	0.0	5.0	10.0	7	4	356	38	318
rg01_theta12p490_foil0	rg01_theta12p490_foil0	0.0	5.0	10.0	7	5	616	38	578
rg01_theta12p490_foil0	rg01_theta12p490_foil0	0.0	5.0	10.0	7	6	952	38	914
rg01_theta12p490_foil0	rg01_theta12p490_foil0	0.0	5.0	10.0	7	7	0	0	0
rg01_theta12p490_foil0	rg01_theta12p490_foil0	0.0	5.0	10.0	8	1	0	0	0
rg01_theta12p490_foil0	rg01_theta12p490_foil0	0.0	5.0	10.0	8	2	0	0	0
rg01_theta12p490_foil0	rg01_theta12p490_foil0	0.0	5.0	10.0	8	3	131	38	93
rg01_theta12p490_foil0	rg01_theta12p490_foil0	0.0	5.0	10.0	8	4	233	38	195
rg01_theta12p490_foil0	rg01_theta12p490_foil0	0.0	5.0	10.0	8	5	399	38	361
rg01_theta12p490_foil0	rg01_theta12p490_foil0	0.0	5.0	10.0	8	6	38	38	0
rg02_theta15p195_foil0	rg02_theta15p195_foil0	0.0	-10.0	-8.0	0	2	19	19	0
rg02_theta15p195_foil0	rg02_theta15p195_foil0	0.0	-10.0	-8.0	0	3	24	24	0
rg02_theta15p195_foil0	rg02_theta15p195_foil0	0.0	-10.0	-8.0	0	4	32	32	0
rg02_theta15p195_foil0	rg02_theta15p195_foil0	0.0	-10.0	-8.0	0	5	24	24	0
rg02_theta15p195_foil0	rg02_theta15p195_foil0	0.0	-10.0	-8.0	0	6	13	13	0
rg02_theta15p195_foil0	rg02_theta15p195_foil0	0.0	-10.0	-8.0	1	2	18	18	0
rg02_theta15p195_foil0	rg02_theta15p195_foil0	0.0	-10.0	-8.0	1	3	29	29	0
rg02_theta15p195_foil0	rg02_theta15p195_foil0	0.0	-10.0	-8.0	1	4	53	36	17
rg02_theta15p195_foil0	rg02_theta15p195_foil0	0.0	-10.0	-8.0	1	5	53	36	17
rg02_theta15p195_foil0	rg02_theta15p195_foil0	0.0	-10.0	-8.0	1	6	33	33	0
rg02_theta15p195_foil0	rg02_theta15p195_foil0	0.0	-10.0	-8.0	2	2	21	21	0
rg02_theta15p195_foil0	rg02_theta15p195_foil0	0.0	-10.0	-8.0	2	3	0	0	0
rg02_theta15p195_foil0	rg02_theta15p195_foil0	0.0	-10.0	-8.0	2	4	56	35	21
rg02_theta15p195_foil0	rg02_theta15p195_foil0	0.0	-10.0	-8.0	2	5	64	35	29
rg02_theta15p195_foil0	rg02_theta15p195_foil0	0.0	-10.0	-8.0	2	6	71	36	35
rg02_theta15p195_foil0	rg02_theta15p195_foil0	0.0	-10.0	-8.0	3	2	21	21	0
rg02_theta15p195_foil0	rg02_theta15p195_foil0	0.0	-10.0	-8.0	3	3	53	36	17
rg02_theta15p195_foil0	rg02_theta15p195_foil0	0.0	-10.0	-8.0	3	4	63	36	27
rg02_theta15p195_foil0	rg02_theta15p195_foil0	0.0	-10.0	-8.0	3	5	97	36	61
rg02_theta15p195_foil0	rg02_theta15p195_foil0	0.0	-10.0	-8.0	3	6	92	36	56
rg02_theta15p195_foil0	rg02_theta15p195_foil0	0.0	-10.0	-8.0	4	2	25	25	0
rg02_theta15p195_foil0	rg02_theta15p195_foil0	0.0	-10.0	-8.0	4	3	49	36	13
rg02_theta15p195_foil0	rg02_theta15p195_foil0	0.0	-10.0	-8.0	4	4	24	24	0
rg02_theta15p195_foil0	rg02_theta15p195_foil0	0.0	-10.0	-8.0	4	5	97	36	61
rg02_theta15p195_foil0	rg02_theta15p195_foil0	0.0	-10.0	-8.0	4	6	95	35	60
rg02_theta15p195_foil0	rg02_theta15p195_foil0	0.0	-10.0	-8.0	5	2	16	16	0
rg02_theta15p195_foil0	rg02_theta15p195_foil0	0.0	-10.0	-8.0	5	3	46	36	10
rg02_theta15p195_foil0	rg02_theta15p195_foil0	0.0	-10.0	-8.0	5	4	70	36	34
rg02_theta15p195_foil0	rg02_theta15p195_foil0	0.0	-10.0	-8.0	5	5	0	0	0
rg02_theta15p195_foil0	rg02_theta15p195_foil0	0.0	-10.0	-8.0	5	6	95	36	59
rg02_theta15p195_foil0	rg02_theta15p195_foil0	0.0	-10.0	-8.0	6	2	9	9	0
rg02_theta15p195_foil0	rg02_theta15p195_foil0	0.0	-10.0	-8.0	6	3	30	30	0
rg02_theta15p195_foil0	rg02_theta15p195_foil0	0.0	-10.0	-8.0	6	4	47	35	12
rg02_theta15p195_foil0	rg02_theta15p195_foil0	0.0	-10.0	-8.0	6	5	58	36	22
rg02_theta15p195_foil0	rg02_theta15p195_foil0	0.0	-10.0	-8.0	6	6	100	36	64
rg02_theta15p195_foil0	rg02_theta15p195_foil0	0.0	-10.0	-8.0	7	2	0	0	0
rg02_theta15p195_foil0	rg02_theta15p195_foil0	0.0	-10.0	-8.0	7	3	24	24	0
rg02_theta15p195_foil0	rg02_theta15p195_foil0	0.0	-10.0	-8.0	7	4	36	36	0
rg02_theta15p195_foil0	rg02_theta15p195_foil0	0.0	-10.0	-8.0	7	5	40	36	4
rg02_theta15p195_foil0	rg02_theta15p195_foil0	0.0	-10.0	-8.0	7	6	60	36	24
rg02_theta15p195_foil0	rg02_theta15p195_foil0	0.0	-10.0	-8.0	8	2	0	0	0
rg02_theta15p195_foil0	rg02_theta15p195_foil0	0.0	-10.0	-8.0	8	3	12	12	0
rg02_theta15p195_foil0	rg02_theta15p195_foil0	0.0	-10.0	-8.0	8	4	14	14	0
rg02_theta15p195_foil0	rg02_theta15p195_foil0	0.0	-10.0	-8.0	8	5	29	29	0
rg02_theta15p195_foil0	rg02_theta15p195_foil0	0.0	-10.0	-8.0	8	6	38	36	2
rg02_theta15p195_foil0	rg02_theta15p195_foil0	0.0	-8.0	-5.0	0	2	23	23	0
rg02_theta15p195_foil0	rg02_theta15p195_foil0	0.0	-8.0	-5.0	0	3	30	30	0
rg02_theta15p195_foil0	rg02_theta15p195_foil0	0.0	-8.0	-5.0	0	4	46	30	16
rg02_theta15p195_foil0	rg02_theta15p195_foil0	0.0	-8.0	-5.0	0	5	62	30	32
rg02_theta15p195_foil0	rg02_theta15p195_foil0	0.0	-8.0	-5.0	0	6	29	29	0
rg02_theta15p195_foil0	rg02_theta15p195_foil0	0.0	-8.0	-5.0	1	2	31	30	1
rg02_theta15p195_foil0	rg02_theta15p195_foil0	0.0	-8.0	-5.0	1	3	55	30	25
rg02_theta15p195_foil0	rg02_theta15p195_foil0	0.0	-8.0	-5.0	1	4	66	30	36
rg02_theta15p195_foil0	rg02_theta15p195_foil0	0.0	-8.0	-5.0	1	5	99	30	69
rg02_theta15p195_foil0	rg02_theta15p195_foil0	0.0	-8.0	-5.0	1	6	93	30	63
rg02_theta15p195_foil0	rg02_theta15p195_foil0	0.0	-8.0	-5.0	1	7	0	0	0
rg02_theta15p195_foil0	rg02_theta15p195_foil0	0.0	-8.0	-5.0	2	1	0	0	0
rg02_theta15p195_foil0	rg02_theta15p195_foil0	0.0	-8.0	-5.0	2	2	47	30	17
rg02_theta15p195_foil0	rg02_theta15p195_foil0	0.0	-8.0	-5.0	2	3	0	0	0
rg02_theta15p195_foil0	rg02_theta15p195_foil0	0.0	-8.0	-5.0	2	4	95	30	65
rg02_theta15p195_foil0	rg02_theta15p195_foil0	0.0	-8.0	-5.0	2	5	121	29	92
rg02_theta15p195_foil0	rg02_theta15p195_foil0	0.0	-8.0	-5.0	2	6	164	30	134
rg02_theta15p195_foil0	rg02_theta15p195_foil0	0.0	-8.0	-5.0	2	7	0	0	0
rg02_theta15p195_foil0	rg02_theta15p195_foil0	0.0	-8.0	-5.0	3	1	0	0	0
rg02_theta15p195_foil0	rg02_theta15p195_foil0	0.0	-8.0	-5.0	3	2	42	30	12
rg02_theta15p195_foil0	rg02_theta15p195_foil0	0.0	-8.0	-5.0	3	3	75	30	45
rg02_theta15p195_foil0	rg02_theta15p195_foil0	0.0	-8.0	-5.0	3	4	92	30	62
rg02_theta15p195_foil0	rg02_theta15p195_foil0	0.0	-8.0	-5.0	3	5	132	30	102
rg02_theta15p195_foil0	rg02_theta15p195_foil0	0.0	-8.0	-5.0	3	6	160	30	130
rg02_theta15p195_foil0	rg02_theta15p195_foil0	0.0	-8.0	-5.0	3	7	0	0	0
rg02_theta15p195_foil0	rg02_theta15p195_foil0	0.0	-8.0	-5.0	4	1	0	0	0
rg02_theta15p195_foil0	rg02_theta15p195_foil0	0.0	-8.0	-5.0	4	2	40	30	10
rg02_theta15p195_foil0	rg02_theta15p195_foil0	0.0	-8.0	-5.0	4	3	91	29	62
rg02_theta15p195_foil0	rg02_theta15p195_foil0	0.0	-8.0	-5.0	4	4	29	29	0
rg02_theta15p195_foil0	rg02_theta15p195_foil0	0.0	-8.0	-5.0	4	5	139	30	109
rg02_theta15p195_foil0	rg02_theta15p195_foil0	0.0	-8.0	-5.0	4	6	189	30	159
rg02_theta15p195_foil0	rg02_theta15p195_foil0	0.0	-8.0	-5.0	4	7	0	0	0
rg02_theta15p195_foil0	rg02_theta15p195_foil0	0.0	-8.0	-5.0	5	1	0	0	0
rg02_theta15p195_foil0	rg02_theta15p195_foil0	0.0	-8.0	-5.0	5	2	36	30	6
rg02_theta15p195_foil0	rg02_theta15p195_foil0	0.0	-8.0	-5.0	5	3	69	30	39
rg02_theta15p195_foil0	rg02_theta15p195_foil0	0.0	-8.0	-5.0	5	4	93	30	63
rg02_theta15p195_foil0	rg02_theta15p195_foil0	0.0	-8.0	-5.0	5	5	0	0	0
rg02_theta15p195_foil0	rg02_theta15p195_foil0	0.0	-8.0	-5.0	5	6	181	30	151
rg02_theta15p195_foil0	rg02_theta15p195_foil0	0.0	-8.0	-5.0	5	7	0	0	0
rg02_theta15p195_foil0	rg02_theta15p195_foil0	0.0	-8.0	-5.0	6	1	0	0	0
rg02_theta15p195_foil0	rg02_theta15p195_foil0	0.0	-8.0	-5.0	6	2	27	27	0
rg02_theta15p195_foil0	rg02_theta15p195_foil0	0.0	-8.0	-5.0	6	3	74	30	44
rg02_theta15p195_foil0	rg02_theta15p195_foil0	0.0	-8.0	-5.0	6	4	98	30	68
rg02_theta15p195_foil0	rg02_theta15p195_foil0	0.0	-8.0	-5.0	6	5	112	30	82
rg02_theta15p195_foil0	rg02_theta15p195_foil0	0.0	-8.0	-5.0	6	6	183	30	153
rg02_theta15p195_foil0	rg02_theta15p195_foil0	0.0	-8.0	-5.0	6	7	0	0	0
rg02_theta15p195_foil0	rg02_theta15p195_foil0	0.0	-8.0	-5.0	7	2	24	24	0
rg02_theta15p195_foil0	rg02_theta15p195_foil0	0.0	-8.0	-5.0	7	3	43	30	13
rg02_theta15p195_foil0	rg02_theta15p195_foil0	0.0	-8.0	-5.0	7	4	70	30	40
rg02_theta15p195_foil0	rg02_theta15p195_foil0	0.0	-8.0	-5.0	7	5	101	30	71
rg02_theta15p195_foil0	rg02_theta15p195_foil0	0.0	-8.0	-5.0	7	6	122	30	92
rg02_theta15p195_foil0	rg02_theta15p195_foil0	0.0	-8.0	-5.0	8	2	11	11	0
rg02_theta15p195_foil0	rg02_theta15p195_foil0	0.0	-8.0	-5.0	8	3	24	24	0
rg02_theta15p195_foil0	rg02_theta15p195_foil0	0.0	-8.0	-5.0	8	4	44	30	14
rg02_theta15p195_foil0	rg02_theta15p195_foil0	0.0	-8.0	-5.0	8	5	65	30	35
rg02_theta15p195_foil0	rg02_theta15p195_foil0	0.0	-8.0	-5.0	8	6	56	30	26
rg02_theta15p195_foil0	rg02_theta15p195_foil0	0.0	-5.0	0.0	0	2	16	16	0
rg02_theta15p195_foil0	rg02_theta15p195_foil0	0.0	-5.0	0.0	0	3	42	27	15
rg02_theta15p195_foil0	rg02_theta15p195_foil0	0.0	-5.0	0.0	0	4	71	27	44
rg02_theta15p195_foil0	rg02_theta15p195_foil0	0.0	-5.0	0.0	0	5	102	27	75
rg02_theta15p195_foil0	rg02_theta15p195_foil0	0.0	-5.0	0.0	0	6	48	27	21
rg02_theta15p195_foil0	rg02_theta15p195_foil0	0.0	-5.0	0.0	1	2	34	27	7
rg02_theta15p195_foil0	rg02_theta15p195_foil0	0.0	-5.0	0.0	1	3	59	27	32
rg02_theta15p195_foil0	rg02_theta15p195_foil0	0.0	-5.0	0.0	1	4	98	28	70
rg02_theta15p195_foil0	rg02_theta15p195_foil0	0.0	-5.0	0.0	1	5	144	27	117
rg02_theta15p195_foil0	rg02_theta15p195_foil0	0.0	-5.0	0.0	1	6	153	27	126
rg02_theta15p195_foil0	rg02_theta15p195_foil0	0.0	-5.0	0.0	2	1	0	0	0
rg02_theta15p195_foil0	rg02_theta15p195_foil0	0.0	-5.0	0.0	2	2	49	27	22
rg02_theta15p195_foil0	rg02_theta15p195_foil0	0.0	-5.0	0.0	2	3	0	0	0
rg02_theta15p195_foil0	rg02_theta15p195_foil0	0.0	-5.0	0.0	2	4	130	27	103
rg02_theta15p195_foil0	rg02_theta15p195_foil0	0.0	-5.0	0.0	2	5	187	27	160
rg02_theta15p195_foil0	rg02_theta15p195_foil0	0.0	-5.0	0.0	2	6	226	27	199
rg02_theta15p195_foil0	rg02_theta15p195_foil0	0.0	-5.0	0.0	2	7	15	15	0
rg02_theta15p195_foil0	rg02_theta15p195_foil0	0.0	-5.0	0.0	3	1	11	11	0
rg02_theta15p195_foil0	rg02_theta15p195_foil0	0.0	-5.0	0.0	3	2	47	27	20
rg02_theta15p195_foil0	rg02_theta15p195_foil0	0.0	-5.0	0.0	3	3	101	27	74
rg02_theta15p195_foil0	rg02_theta15p195_foil0	0.0	-5.0	0.0	3	4	149	27	122
rg02_theta15p195_foil0	rg02_theta15p195_foil0	0.0	-5.0	0.0	3	5	214	27	187
rg02_theta15p195_foil0	rg02_theta15p195_foil0	0.0	-5.0	0.0	3	6	295	27	268
rg02_theta15p195_foil0	rg02_theta15p195_foil0	0.0	-5.0	0.0	3	7	72	27	45
rg02_theta15p195_foil0	rg02_theta15p195_foil0	0.0	-5.0	0.0	4	1	15	15	0
rg02_theta15p195_foil0	rg02_theta15p195_foil0	0.0	-5.0	0.0	4	2	46	27	19
rg02_theta15p195_foil0	rg02_theta15p195_foil0	0.0	-5.0	0.0	4	3	98	27	71
rg02_theta15p195_foil0	rg02_theta15p195_foil0	0.0	-5.0	0.0	4	4	47	27	20
rg02_theta15p195_foil0	rg02_theta15p195_foil0	0.0	-5.0	0.0	4	5	246	27	219
rg02_theta15p195_foil0	rg02_theta15p195_foil0	0.0	-5.0	0.0	4	6	308	27	281
rg02_theta15p195_foil0	rg02_theta15p195_foil0	0.0	-5.0	0.0	4	7	79	27	52
rg02_theta15p195_foil0	rg02_theta15p195_foil0	0.0	-5.0	0.0	5	1	16	16	0
rg02_theta15p195_foil0	rg02_theta15p195_foil0	0.0	-5.0	0.0	5	2	60	27	33
rg02_theta15p195_foil0	rg02_theta15p195_foil0	0.0	-5.0	0.0	5	3	87	27	60
rg02_theta15p195_foil0	rg02_theta15p195_foil0	0.0	-5.0	0.0	5	4	151	27	124
rg02_theta15p195_foil0	rg02_theta15p195_foil0	0.0	-5.0	0.0	5	5	0	0	0
rg02_theta15p195_foil0	rg02_theta15p195_foil0	0.0	-5.0	0.0	5	6	298	27	271
rg02_theta15p195_foil0	rg02_theta15p195_foil0	0.0	-5.0	0.0	5	7	51	27	24
rg02_theta15p195_foil0	rg02_theta15p195_foil0	0.0	-5.0	0.0	6	1	15	15	0
rg02_theta15p195_foil0	rg02_theta15p195_foil0	0.0	-5.0	0.0	6	2	50	28	22
rg02_theta15p195_foil0	rg02_theta15p195_foil0	0.0	-5.0	0.0	6	3	73	27	46
rg02_theta15p195_foil0	rg02_theta15p195_foil0	0.0	-5.0	0.0	6	4	121	28	93
rg02_theta15p195_foil0	rg02_theta15p195_foil0	0.0	-5.0	0.0	6	5	171	27	144
rg02_theta15p195_foil0	rg02_theta15p195_foil0	0.0	-5.0	0.0	6	6	264	27	237
rg02_theta15p195_foil0	rg02_theta15p195_foil0	0.0	-5.0	0.0	6	7	7	7	0
rg02_theta15p195_foil0	rg02_theta15p195_foil0	0.0	-5.0	0.0	7	2	30	27	3
rg02_theta15p195_foil0	rg02_theta15p195_foil0	0.0	-5.0	0.0	7	3	60	28	32
rg02_theta15p195_foil0	rg02_theta15p195_foil0	0.0	-5.0	0.0	7	4	85	27	58
rg02_theta15p195_foil0	rg02_theta15p195_foil0	0.0	-5.0	0.0	7	5	140	27	113
rg02_theta15p195_foil0	rg02_theta15p195_foil0	0.0	-5.0	0.0	7	6	186	27	159
rg02_theta15p195_foil0	rg02_theta15p195_foil0	0.0	-5.0	0.0	8	2	23	23	0
rg02_theta15p195_foil0	rg02_theta15p195_foil0	0.0	-5.0	0.0	8	3	49	27	22
rg02_theta15p195_foil0	rg02_theta15p195_foil0	0.0	-5.0	0.0	8	4	66	27	39
rg02_theta15p195_foil0	rg02_theta15p195_foil0	0.0	-5.0	0.0	8	5	109	27	82
rg02_theta15p195_foil0	rg02_theta15p195_foil0	0.0	-5.0	0.0	8	6	59	27	32
rg02_theta15p195_foil0	rg02_theta15p195_foil0	0.0	0.0	5.0	0	2	0	0	0
rg02_theta15p195_foil0	rg02_theta15p195_foil0	0.0	0.0	5.0	0	3	21	21	0
rg02_theta15p195_foil0	rg02_theta15p195_foil0	0.0	0.0	5.0	0	4	33	29	4
rg02_theta15p195_foil0	rg02_theta15p195_foil0	0.0	0.0	5.0	0	5	61	29	32
rg02_theta15p195_foil0	rg02_theta15p195_foil0	0.0	0.0	5.0	0	6	7	7	0
rg02_theta15p195_foil0	rg02_theta15p195_foil0	0.0	0.0	5.0	0	7	0	0	0
rg02_theta15p195_foil0	rg02_theta15p195_foil0	0.0	0.0	5.0	1	2	14	14	0
rg02_theta15p195_foil0	rg02_theta15p195_foil0	0.0	0.0	5.0	1	3	28	28	0
rg02_theta15p195_foil0	rg02_theta15p195_foil0	0.0	0.0	5.0	1	4	54	28	26
rg02_theta15p195_foil0	rg02_theta15p195_foil0	0.0	0.0	5.0	1	5	70	29	41
rg02_theta15p195_foil0	rg02_theta15p195_foil0	0.0	0.0	5.0	1	6	129	28	101
rg02_theta15p195_foil0	rg02_theta15p195_foil0	0.0	0.0	5.0	1	7	0	0	0
rg02_theta15p195_foil0	rg02_theta15p195_foil0	0.0	0.0	5.0	2	1	0	0	0
rg02_theta15p195_foil0	rg02_theta15p195_foil0	0.0	0.0	5.0	2	2	23	23	0
rg02_theta15p195_foil0	rg02_theta15p195_foil0	0.0	0.0	5.0	2	3	0	0	0
rg02_theta15p195_foil0	rg02_theta15p195_foil0	0.0	0.0	5.0	2	4	64	29	35
rg02_theta15p195_foil0	rg02_theta15p195_foil0	0.0	0.0	5.0	2	5	106	28	78
rg02_theta15p195_foil0	rg02_theta15p195_foil0	0.0	0.0	5.0	2	6	172	28	144
rg02_theta15p195_foil0	rg02_theta15p195_foil0	0.0	0.0	5.0	2	7	53	29	24
rg02_theta15p195_foil0	rg02_theta15p195_foil0	0.0	0.0	5.0	3	1	12	12	0
rg02_theta15p195_foil0	rg02_theta15p195_foil0	0.0	0.0	5.0	3	2	33	28	5
rg02_theta15p195_foil0	rg02_theta15p195_foil0	0.0	0.0	5.0	3	3	59	29	30
rg02_theta15p195_foil0	rg02_theta15p195_foil0	0.0	0.0	5.0	3	4	76	29	47
rg02_theta15p195_foil0	rg02_theta15p195_foil0	0.0	0.0	5.0	3	5	123	29	94
rg02_theta15p195_foil0	rg02_theta15p195_foil0	0.0	0.0	5.0	3	6	183	28	155
rg02_theta15p195_foil0	rg02_theta15p195_foil0	0.0	0.0	5.0	3	7	119	28	91
rg02_theta15p195_foil0	rg02_theta15p195_foil0	0.0	0.0	5.0	4	1	14	14	0
rg02_theta15p195_foil0	rg02_theta15p195_foil0	0.0	0.0	5.0	4	2	27	27	0
rg02_theta15p195_foil0	rg02_theta15p195_foil0	0.0	0.0	5.0	4	3	62	28	34
rg02_theta15p195_foil0	rg02_theta15p195_foil0	0.0	0.0	5.0	4	4	27	27	0
rg02_theta15p195_foil0	rg02_theta15p195_foil0	0.0	0.0	5.0	4	5	141	28	113
rg02_theta15p195_foil0	rg02_theta15p195_foil0	0.0	0.0	5.0	4	6	212	29	183
rg02_theta15p195_foil0	rg02_theta15p195_foil0	0.0	0.0	5.0	4	7	144	29	115
rg02_theta15p195_foil0	rg02_theta15p195_foil0	0.0	0.0	5.0	5	1	0	0	0
rg02_theta15p195_foil0	rg02_theta15p195_foil0	0.0	0.0	5.0	5	2	28	28	0
rg02_theta15p195_foil0	rg02_theta15p195_foil0	0.0	0.0	5.0	5	3	51	28	23
rg02_theta15p195_foil0	rg02_theta15p195_foil0	0.0	0.0	5.0	5	4	81	28	53
rg02_theta15p195_foil0	rg02_theta15p195_foil0	0.0	0.0	5.0	5	5	0	0	0
rg02_theta15p195_foil0	rg02_theta15p195_foil0	0.0	0.0	5.0	5	6	172	28	144
rg02_theta15p195_foil0	rg02_theta15p195_foil0	0.0	0.0	5.0	5	7	101	28	73
rg02_theta15p195_foil0	rg02_theta15p195_foil0	0.0	0.0	5.0	6	1	0	0	0
rg02_theta15p195_foil0	rg02_theta15p195_foil0	0.0	0.0	5.0	6	2	15	15	0
rg02_theta15p195_foil0	rg02_theta15p195_foil0	0.0	0.0	5.0	6	3	37	29	8
rg02_theta15p195_foil0	rg02_theta15p195_foil0	0.0	0.0	5.0	6	4	60	28	32
rg02_theta15p195_foil0	rg02_theta15p195_foil0	0.0	0.0	5.0	6	5	110	28	82
rg02_theta15p195_foil0	rg02_theta15p195_foil0	0.0	0.0	5.0	6	6	179	29	150
rg02_theta15p195_foil0	rg02_theta15p195_foil0	0.0	0.0	5.0	6	7	36	28	8
rg02_theta15p195_foil0	rg02_theta15p195_foil0	0.0	0.0	5.0	7	2	21	21	0
rg02_theta15p195_foil0	rg02_theta15p195_foil0	0.0	0.0	5.0	7	3	23	23	0
rg02_theta15p195_foil0	rg02_theta15p195_foil0	0.0	0.0	5.0	7	4	48	28	20
rg02_theta15p195_foil0	rg02_theta15p195_foil0	0.0	0.0	5.0	7	5	80	28	52
rg02_theta15p195_foil0	rg02_theta15p195_foil0	0.0	0.0	5.0	7	6	119	29	90
rg02_theta15p195_foil0	rg02_theta15p195_foil0	0.0	0.0	5.0	7	7	0	0	0
rg02_theta15p195_foil0	rg02_theta15p195_foil0	0.0	0.0	5.0	8	2	0	0	0
rg02_theta15p195_foil0	rg02_theta15p195_foil0	0.0	0.0	5.0	8	3	18	18	0
rg02_theta15p195_foil0	rg02_theta15p195_foil0	0.0	0.0	5.0	8	4	32	28	4
rg02_theta15p195_foil0	rg02_theta15p195_foil0	0.0	0.0	5.0	8	5	71	29	42
rg02_theta15p195_foil0	rg02_theta15p195_foil0	0.0	0.0	5.0	8	6	13	13	0
rg02_theta15p195_foil0	rg02_theta15p195_foil0	0.0	5.0	10.0	0	2	0	0	0
rg02_theta15p195_foil0	rg02_theta15p195_foil0	0.0	5.0	10.0	0	3	0	0	0
rg02_theta15p195_foil0	rg02_theta15p195_foil0	0.0	5.0	10.0	0	4	21	21	0
rg02_theta15p195_foil0	rg02_theta15p195_foil0	0.0	5.0	10.0	0	5	23	23	0
rg02_theta15p195_foil0	rg02_theta15p195_foil0	0.0	5.0	10.0	0	6	0	0	0
rg02_theta15p195_foil0	rg02_theta15p195_foil0	0.0	5.0	10.0	1	2	0	0	0
rg02_theta15p195_foil0	rg02_theta15p195_foil0	0.0	5.0	10.0	1	3	11	11	0
rg02_theta15p195_foil0	rg02_theta15p195_foil0	0.0	5.0	10.0	1	4	22	22	0
rg02_theta15p195_foil0	rg02_theta15p195_foil0	0.0	5.0	10.0	1	5	37	27	10
rg02_theta15p195_foil0	rg02_theta15p195_foil0	0.0	5.0	10.0	1	6	58	27	31
rg02_theta15p195_foil0	rg02_theta15p195_foil0	0.0	5.0	10.0	2	2	0	0	0
rg02_theta15p195_foil0	rg02_theta15p195_foil0	0.0	5.0	10.0	2	4	22	22	0
rg02_theta15p195_foil0	rg02_theta15p195_foil0	0.0	5.0	10.0	2	5	46	27	19
rg02_theta15p195_foil0	rg02_theta15p195_foil0	0.0	5.0	10.0	2	6	70	27	43
rg02_theta15p195_foil0	rg02_theta15p195_foil0	0.0	5.0	10.0	2	7	38	27	11
rg02_theta15p195_foil0	rg02_theta15p195_foil0	0.0	5.0	10.0	3	2	0	0	0
rg02_theta15p195_foil0	rg02_theta15p195_foil0	0.0	5.0	10.0	3	3	15	15	0
rg02_theta15p195_foil0	rg02_theta15p195_foil0	0.0	5.0	10.0	3	4	25	25	0
rg02_theta15p195_foil0	rg02_theta15p195_foil0	0.0	5.0	10.0	3	5	49	27	22
rg02_theta15p195_foil0	rg02_theta15p195_foil0	0.0	5.0	10.0	3	6	102	27	75
rg02_theta15p195_foil0	rg02_theta15p195_foil0	0.0	5.0	10.0	3	7	98	27	71
rg02_theta15p195_foil0	rg02_theta15p195_foil0	0.0	5.0	10.0	4	2	10	10	0
rg02_theta15p195_foil0	rg02_theta15p195_foil0	0.0	5.0	10.0	4	3	16	16	0
rg02_theta15p195_foil0	rg02_theta15p195_foil0	0.0	5.0	10.0	4	4	0	0	0
rg02_theta15p195_foil0	rg02_theta15p195_foil0	0.0	5.0	10.0	4	5	58	27	31
rg02_theta15p195_foil0	rg02_theta15p195_foil0	0.0	5.0	10.0	4	6	108	27	81
rg02_theta15p195_foil0	rg02_theta15p195_foil0	0.0	5.0	10.0	4	7	118	27	91
rg02_theta15p195_foil0	rg02_theta15p195_foil0	0.0	5.0	10.0	5	2	7	7	0
rg02_theta15p195_foil0	rg02_theta15p195_foil0	0.0	5.0	10.0	5	3	15	15	0
rg02_theta15p195_foil0	rg02_theta15p195_foil0	0.0	5.0	10.0	5	4	28	27	1
rg02_theta15p195_foil0	rg02_theta15p195_foil0	0.0	5.0	10.0	5	6	122	27	95
rg02_theta15p195_foil0	rg02_theta15p195_foil0	0.0	5.0	10.0	5	7	89	27	62
rg02_theta15p195_foil0	rg02_theta15p195_foil0	0.0	5.0	10.0	6	2	0	0	0
rg02_theta15p195_foil0	rg02_theta15p195_foil0	0.0	5.0	10.0	6	3	9	9	0
rg02_theta15p195_foil0	rg02_theta15p195_foil0	0.0	5.0	10.0	6	4	25	25	0
rg02_theta15p195_foil0	rg02_theta15p195_foil0	0.0	5.0	10.0	6	5	32	27	5
rg02_theta15p195_foil0	rg02_theta15p195_foil0	0.0	5.0	10.0	6	6	93	27	66
rg02_theta15p195_foil0	rg02_theta15p195_foil0	0.0	5.0	10.0	6	7	34	27	7
rg02_theta15p195_foil0	rg02_theta15p195_foil0	0.0	5.0	10.0	7	3	10	10	0
rg02_theta15p195_foil0	rg02_theta15p195_foil0	0.0	5.0	10.0	7	4	15	15	0
rg02_theta15p195_foil0	rg02_theta15p195_foil0	0.0	5.0	10.0	7	5	38	27	11
rg02_theta15p195_foil0	rg02_theta15p195_foil0	0.0	5.0	10.0	7	6	71	27	44
rg02_theta15p195_foil0	rg02_theta15p195_foil0	0.0	5.0	10.0	8	3	0	0	0
rg02_theta15p195_foil0	rg02_theta15p195_foil0	0.0	5.0	10.0	8	4	0	0	0
rg02_theta15p195_foil0	rg02_theta15p195_foil0	0.0	5.0	10.0	8	5	29	27	2
rg02_theta15p195_foil0	rg02_theta15p195_foil0	0.0	5.0	10.0	8	6	0	0	0
rg03_theta12p490_foilpm8	rg03_theta12p490_foilpm8	-8.0	-10.0	-8.0	0	1	0	0	0
rg03_theta12p490_foilpm8	rg03_theta12p490_foilpm8	-8.0	-10.0	-8.0	0	2	0	0	0
rg03_theta12p490_foilpm8	rg03_theta12p490_foilpm8	-8.0	-10.0	-8.0	0	3	21	21	0
rg03_theta12p490_foilpm8	rg03_theta12p490_foilpm8	-8.0	-10.0	-8.0	0	4	56	34	22
rg03_theta12p490_foilpm8	rg03_theta12p490_foilpm8	-8.0	-10.0	-8.0	0	5	13	13	0
rg03_theta12p490_foilpm8	rg03_theta12p490_foilpm8	-8.0	-10.0	-8.0	0	6	0	0	0
rg03_theta12p490_foilpm8	rg03_theta12p490_foilpm8	-8.0	-10.0	-8.0	1	1	6	6	0
rg03_theta12p490_foilpm8	rg03_theta12p490_foilpm8	-8.0	-10.0	-8.0	1	2	0	0	0
rg03_theta12p490_foilpm8	rg03_theta12p490_foilpm8	-8.0	-10.0	-8.0	1	3	61	34	27
rg03_theta12p490_foilpm8	rg03_theta12p490_foilpm8	-8.0	-10.0	-8.0	1	4	90	34	56
rg03_theta12p490_foilpm8	rg03_theta12p490_foilpm8	-8.0	-10.0	-8.0	1	5	50	34	16
rg03_theta12p490_foilpm8	rg03_theta12p490_foilpm8	-8.0	-10.0	-8.0	1	6	0	0	0
rg03_theta12p490_foilpm8	rg03_theta12p490_foilpm8	-8.0	-10.0	-8.0	2	1	15	15	0
rg03_theta12p490_foilpm8	rg03_theta12p490_foilpm8	-8.0	-10.0	-8.0	2	2	32	32	0
rg03_theta12p490_foilpm8	rg03_theta12p490_foilpm8	-8.0	-10.0	-8.0	2	3	0	0	0
rg03_theta12p490_foilpm8	rg03_theta12p490_foilpm8	-8.0	-10.0	-8.0	2	4	82	34	48
rg03_theta12p490_foilpm8	rg03_theta12p490_foilpm8	-8.0	-10.0	-8.0	2	5	69	35	34
rg03_theta12p490_foilpm8	rg03_theta12p490_foilpm8	-8.0	-10.0	-8.0	2	6	7	7	0
rg03_theta12p490_foilpm8	rg03_theta12p490_foilpm8	-8.0	-10.0	-8.0	3	1	17	17	0
rg03_theta12p490_foilpm8	rg03_theta12p490_foilpm8	-8.0	-10.0	-8.0	3	2	55	34	21
rg03_theta12p490_foilpm8	rg03_theta12p490_foilpm8	-8.0	-10.0	-8.0	3	3	73	34	39
rg03_theta12p490_foilpm8	rg03_theta12p490_foilpm8	-8.0	-10.0	-8.0	3	4	96	34	62
rg03_theta12p490_foilpm8	rg03_theta12p490_foilpm8	-8.0	-10.0	-8.0	3	5	116	34	82
rg03_theta12p490_foilpm8	rg03_theta12p490_foilpm8	-8.0	-10.0	-8.0	3	6	26	26	0
rg03_theta12p490_foilpm8	rg03_theta12p490_foilpm8	-8.0	-10.0	-8.0	4	1	23	23	0
rg03_theta12p490_foilpm8	rg03_theta12p490_foilpm8	-8.0	-10.0	-8.0	4	2	81	35	46
rg03_theta12p490_foilpm8	rg03_theta12p490_foilpm8	-8.0	-10.0	-8.0	4	3	101	35	66
rg03_theta12p490_foilpm8	rg03_theta12p490_foilpm8	-8.0	-10.0	-8.0	4	4	27	27	0
rg03_theta12p490_foilpm8	rg03_theta12p490_foilpm8	-8.0	-10.0	-8.0	4	5	108	34	74
rg03_theta12p490_foilpm8	rg03_theta12p490_foilpm8	-8.0	-10.0	-8.0	4	6	80	34	46
rg03_theta12p490_foilpm8	rg03_theta12p490_foilpm8	-8.0	-10.0	-8.0	5	1	14	14	0
rg03_theta12p490_foilpm8	rg03_theta12p490_foilpm8	-8.0	-10.0	-8.0	5	2	56	35	21
rg03_theta12p490_foilpm8	rg03_theta12p490_foilpm8	-8.0	-10.0	-8.0	5	3	97	35	62
rg03_theta12p490_foilpm8	rg03_theta12p490_foilpm8	-8.0	-10.0	-8.0	5	4	95	34	61
rg03_theta12p490_foilpm8	rg03_theta12p490_foilpm8	-8.0	-10.0	-8.0	5	5	0	0	0
rg03_theta12p490_foilpm8	rg03_theta12p490_foilpm8	-8.0	-10.0	-8.0	5	6	90	34	56
rg03_theta12p490_foilpm8	rg03_theta12p490_foilpm8	-8.0	-10.0	-8.0	6	1	7	7	0
rg03_theta12p490_foilpm8	rg03_theta12p490_foilpm8	-8.0	-10.0	-8.0	6	2	36	34	2
rg03_theta12p490_foilpm8	rg03_theta12p490_foilpm8	-8.0	-10.0	-8.0	6	3	73	34	39
rg03_theta12p490_foilpm8	rg03_theta12p490_foilpm8	-8.0	-10.0	-8.0	6	4	88	34	54
rg03_theta12p490_foilpm8	rg03_theta12p490_foilpm8	-8.0	-10.0	-8.0	6	5	96	34	62
rg03_theta12p490_foilpm8	rg03_theta12p490_foilpm8	-8.0	-10.0	-8.0	6	6	98	34	64
rg03_theta12p490_foilpm8	rg03_theta12p490_foilpm8	-8.0	-10.0	-8.0	7	1	0	0	0
rg03_theta12p490_foilpm8	rg03_theta12p490_foilpm8	-8.0	-10.0	-8.0	7	2	22	22	0
rg03_theta12p490_foilpm8	rg03_theta12p490_foilpm8	-8.0	-10.0	-8.0	7	3	36	34	2
rg03_theta12p490_foilpm8	rg03_theta12p490_foilpm8	-8.0	-10.0	-8.0	7	4	69	34	35
rg03_theta12p490_foilpm8	rg03_theta12p490_foilpm8	-8.0	-10.0	-8.0	7	5	91	34	57
rg03_theta12p490_foilpm8	rg03_theta12p490_foilpm8	-8.0	-10.0	-8.0	7	6	66	34	32
rg03_theta12p490_foilpm8	rg03_theta12p490_foilpm8	-8.0	-10.0	-8.0	8	2	0	0	0
rg03_theta12p490_foilpm8	rg03_theta12p490_foilpm8	-8.0	-10.0	-8.0	8	3	12	12	0
rg03_theta12p490_foilpm8	rg03_theta12p490_foilpm8	-8.0	-10.0	-8.0	8	4	37	34	3
rg03_theta12p490_foilpm8	rg03_theta12p490_foilpm8	-8.0	-10.0	-8.0	8	5	43	34	9
rg03_theta12p490_foilpm8	rg03_theta12p490_foilpm8	-8.0	-10.0	-8.0	8	6	0	0	0
rg03_theta12p490_foilpm8	rg03_theta12p490_foilpm8	-8.0	-8.0	-5.0	0	1	0	0	0
rg03_theta12p490_foilpm8	rg03_theta12p490_foilpm8	-8.0	-8.0	-5.0	0	2	35	20	15
rg03_theta12p490_foilpm8	rg03_theta12p490_foilpm8	-8.0	-8.0	-5.0	0	3	64	20	44
rg03_theta12p490_foilpm8	rg03_theta12p490_foilpm8	-8.0	-8.0	-5.0	0	4	69	20	49
rg03_theta12p490_foilpm8	rg03_theta12p490_foilpm8	-8.0	-8.0	-5.0	0	5	50	19	31
rg03_theta12p490_foilpm8	rg03_theta12p490_foilpm8	-8.0	-8.0	-5.0	0	6	0	0	0
rg03_theta12p490_foilpm8	rg03_theta12p490_foilpm8	-8.0	-8.0	-5.0	1	1	34	19	15
rg03_theta12p490_foilpm8	rg03_theta12p490_foilpm8	-8.0	-8.0	-5.0	1	2	49	20	29
rg03_theta12p490_foilpm8	rg03_theta12p490_foilpm8	-8.0	-8.0	-5.0	1	3	109	20	89
rg03_theta12p490_foilpm8	rg03_theta12p490_foilpm8	-8.0	-8.0	-5.0	1	4	124	20	104
rg03_theta12p490_foilpm8	rg03_theta12p490_foilpm8	-8.0	-8.0	-5.0	1	5	97	20	77
rg03_theta12p490_foilpm8	rg03_theta12p490_foilpm8	-8.0	-8.0	-5.0	1	6	12	12	0
rg03_theta12p490_foilpm8	rg03_theta12p490_foilpm8	-8.0	-8.0	-5.0	2	1	47	19	28
rg03_theta12p490_foilpm8	rg03_theta12p490_foilpm8	-8.0	-8.0	-5.0	2	2	84	19	65
rg03_theta12p490_foilpm8	rg03_theta12p490_foilpm8	-8.0	-8.0	-5.0	2	3	0	0	0
rg03_theta12p490_foilpm8	rg03_theta12p490_foilpm8	-8.0	-8.0	-5.0	2	4	134	20	114
rg03_theta12p490_foilpm8	rg03_theta12p490_foilpm8	-8.0	-8.0	-5.0	2	5	151	20	131
rg03_theta12p490_foilpm8	rg03_theta12p490_foilpm8	-8.0	-8.0	-5.0	2	6	45	20	25
rg03_theta12p490_foilpm8	rg03_theta12p490_foilpm8	-8.0	-8.0	-5.0	3	1	48	20	28
rg03_theta12p490_foilpm8	rg03_theta12p490_foilpm8	-8.0	-8.0	-5.0	3	2	103	20	83
rg03_theta12p490_foilpm8	rg03_theta12p490_foilpm8	-8.0	-8.0	-5.0	3	3	121	20	101
rg03_theta12p490_foilpm8	rg03_theta12p490_foilpm8	-8.0	-8.0	-5.0	3	4	176	19	157
rg03_theta12p490_foilpm8	rg03_theta12p490_foilpm8	-8.0	-8.0	-5.0	3	5	194	20	174
rg03_theta12p490_foilpm8	rg03_theta12p490_foilpm8	-8.0	-8.0	-5.0	3	6	135	20	115
rg03_theta12p490_foilpm8	rg03_theta12p490_foilpm8	-8.0	-8.0	-5.0	4	1	49	20	29
rg03_theta12p490_foilpm8	rg03_theta12p490_foilpm8	-8.0	-8.0	-5.0	4	2	115	19	96
rg03_theta12p490_foilpm8	rg03_theta12p490_foilpm8	-8.0	-8.0	-5.0	4	3	146	20	126
rg03_theta12p490_foilpm8	rg03_theta12p490_foilpm8	-8.0	-8.0	-5.0	4	4	46	20	26
rg03_theta12p490_foilpm8	rg03_theta12p490_foilpm8	-8.0	-8.0	-5.0	4	5	229	19	210
rg03_theta12p490_foilpm8	rg03_theta12p490_foilpm8	-8.0	-8.0	-5.0	4	6	195	20	175
rg03_theta12p490_foilpm8	rg03_theta12p490_foilpm8	-8.0	-8.0	-5.0	5	1	45	20	25
rg03_theta12p490_foilpm8	rg03_theta12p490_foilpm8	-8.0	-8.0	-5.0	5	2	102	20	82
rg03_theta12p490_foilpm8	rg03_theta12p490_foilpm8	-8.0	-8.0	-5.0	5	3	141	20	121
rg03_theta12p490_foilpm8	rg03_theta12p490_foilpm8	-8.0	-8.0	-5.0	5	4	160	20	140
rg03_theta12p490_foilpm8	rg03_theta12p490_foilpm8	-8.0	-8.0	-5.0	5	5	0	0	0
rg03_theta12p490_foilpm8	rg03_theta12p490_foilpm8	-8.0	-8.0	-5.0	5	6	202	20	182
rg03_theta12p490_foilpm8	rg03_theta12p490_foilpm8	-8.0	-8.0	-5.0	6	1	31	20	11
rg03_theta12p490_foilpm8	rg03_theta12p490_foilpm8	-8.0	-8.0	-5.0	6	2	78	20	58
rg03_theta12p490_foilpm8	rg03_theta12p490_foilpm8	-8.0	-8.0	-5.0	6	3	119	20	99
rg03_theta12p490_foilpm8	rg03_theta12p490_foilpm8	-8.0	-8.0	-5.0	6	4	144	20	124
rg03_theta12p490_foilpm8	rg03_theta12p490_foilpm8	-8.0	-8.0	-5.0	6	5	182	20	162
rg03_theta12p490_foilpm8	rg03_theta12p490_foilpm8	-8.0	-8.0	-5.0	6	6	203	20	183
rg03_theta12p490_foilpm8	rg03_theta12p490_foilpm8	-8.0	-8.0	-5.0	7	1	13	13	0
rg03_theta12p490_foilpm8	rg03_theta12p490_foilpm8	-8.0	-8.0	-5.0	7	2	64	20	44
rg03_theta12p490_foilpm8	rg03_theta12p490_foilpm8	-8.0	-8.0	-5.0	7	3	102	20	82
rg03_theta12p490_foilpm8	rg03_theta12p490_foilpm8	-8.0	-8.0	-5.0	7	4	126	20	106
rg03_theta12p490_foilpm8	rg03_theta12p490_foilpm8	-8.0	-8.0	-5.0	7	5	148	20	128
rg03_theta12p490_foilpm8	rg03_theta12p490_foilpm8	-8.0	-8.0	-5.0	7	6	159	20	139
rg03_theta12p490_foilpm8	rg03_theta12p490_foilpm8	-8.0	-8.0	-5.0	8	1	0	0	0
rg03_theta12p490_foilpm8	rg03_theta12p490_foilpm8	-8.0	-8.0	-5.0	8	2	63	20	43
rg03_theta12p490_foilpm8	rg03_theta12p490_foilpm8	-8.0	-8.0	-5.0	8	3	61	20	41
rg03_theta12p490_foilpm8	rg03_theta12p490_foilpm8	-8.0	-8.0	-5.0	8	4	76	19	57
rg03_theta12p490_foilpm8	rg03_theta12p490_foilpm8	-8.0	-8.0	-5.0	8	5	98	20	78
rg03_theta12p490_foilpm8	rg03_theta12p490_foilpm8	-8.0	-8.0	-5.0	8	6	0	0	0
rg03_theta12p490_foilpm8	rg03_theta12p490_foilpm8	-8.0	-5.0	0.0	0	1	0	0	0
rg03_theta12p490_foilpm8	rg03_theta12p490_foilpm8	-8.0	-5.0	0.0	0	2	67	20	47
rg03_theta12p490_foilpm8	rg03_theta12p490_foilpm8	-8.0	-5.0	0.0	0	3	106	19	87
rg03_theta12p490_foilpm8	rg03_theta12p490_foilpm8	-8.0	-5.0	0.0	0	4	148	19	129
rg03_theta12p490_foilpm8	rg03_theta12p490_foilpm8	-8.0	-5.0	0.0	0	5	138	19	119
rg03_theta12p490_foilpm8	rg03_theta12p490_foilpm8	-8.0	-5.0	0.0	0	6	0	0	0
rg03_theta12p490_foilpm8	rg03_theta12p490_foilpm8	-8.0	-5.0	0.0	1	1	36	19	17
rg03_theta12p490_foilpm8	rg03_theta12p490_foilpm8	-8.0	-5.0	0.0	1	2	83	19	64
rg03_theta12p490_foilpm8	rg03_theta12p490_foilpm8	-8.0	-5.0	0.0	1	3	130	20	110
rg03_theta12p490_foilpm8	rg03_theta12p490_foilpm8	-8.0	-5.0	0.0	1	4	206	19	187
rg03_theta12p490_foilpm8	rg03_theta12p490_foilpm8	-8.0	-5.0	0.0	1	5	201	19	182
rg03_theta12p490_foilpm8	rg03_theta12p490_foilpm8	-8.0	-5.0	0.0	1	6	63	20	43
rg03_theta12p490_foilpm8	rg03_theta12p490_foilpm8	-8.0	-5.0	0.0	2	1	45	19	26
rg03_theta12p490_foilpm8	rg03_theta12p490_foilpm8	-8.0	-5.0	0.0	2	2	120	20	100
rg03_theta12p490_foilpm8	rg03_theta12p490_foilpm8	-8.0	-5.0	0.0	2	3	0	0	0
rg03_theta12p490_foilpm8	rg03_theta12p490_foilpm8	-8.0	-5.0	0.0	2	4	223	20	203
rg03_theta12p490_foilpm8	rg03_theta12p490_foilpm8	-8.0	-5.0	0.0	2	5	259	19	240
rg03_theta12p490_foilpm8	rg03_theta12p490_foilpm8	-8.0	-5.0	0.0	2	6	185	19	166
rg03_theta12p490_foilpm8	rg03_theta12p490_foilpm8	-8.0	-5.0	0.0	3	1	90	19	71
rg03_theta12p490_foilpm8	rg03_theta12p490_foilpm8	-8.0	-5.0	0.0	3	2	147	20	127
rg03_theta12p490_foilpm8	rg03_theta12p490_foilpm8	-8.0	-5.0	0.0	3	3	208	19	189
rg03_theta12p490_foilpm8	rg03_theta12p490_foilpm8	-8.0	-5.0	0.0	3	4	250	20	230
rg03_theta12p490_foilpm8	rg03_theta12p490_foilpm8	-8.0	-5.0	0.0	3	5	324	19	305
rg03_theta12p490_foilpm8	rg03_theta12p490_foilpm8	-8.0	-5.0	0.0	3	6	318	19	299
rg03_theta12p490_foilpm8	rg03_theta12p490_foilpm8	-8.0	-5.0	0.0	4	1	93	19	74
rg03_theta12p490_foilpm8	rg03_theta12p490_foilpm8	-8.0	-5.0	0.0	4	2	166	20	146
rg03_theta12p490_foilpm8	rg03_theta12p490_foilpm8	-8.0	-5.0	0.0	4	3	238	19	219
rg03_theta12p490_foilpm8	rg03_theta12p490_foilpm8	-8.0	-5.0	0.0	4	4	83	19	64
rg03_theta12p490_foilpm8	rg03_theta12p490_foilpm8	-8.0	-5.0	0.0	4	5	324	20	304
rg03_theta12p490_foilpm8	rg03_theta12p490_foilpm8	-8.0	-5.0	0.0	4	6	400	19	381
rg03_theta12p490_foilpm8	rg03_theta12p490_foilpm8	-8.0	-5.0	0.0	5	1	80	20	60
rg03_theta12p490_foilpm8	rg03_theta12p490_foilpm8	-8.0	-5.0	0.0	5	2	167	19	148
rg03_theta12p490_foilpm8	rg03_theta12p490_foilpm8	-8.0	-5.0	0.0	5	3	210	20	190
rg03_theta12p490_foilpm8	rg03_theta12p490_foilpm8	-8.0	-5.0	0.0	5	4	299	19	280
rg03_theta12p490_foilpm8	rg03_theta12p490_foilpm8	-8.0	-5.0	0.0	5	5	0	0	0
rg03_theta12p490_foilpm8	rg03_theta12p490_foilpm8	-8.0	-5.0	0.0	5	6	405	19	386
rg03_theta12p490_foilpm8	rg03_theta12p490_foilpm8	-8.0	-5.0	0.0	6	1	51	20	31
rg03_theta12p490_foilpm8	rg03_theta12p490_foilpm8	-8.0	-5.0	0.0	6	2	116	19	97
rg03_theta12p490_foilpm8	rg03_theta12p490_foilpm8	-8.0	-5.0	0.0	6	3	190	19	171
rg03_theta12p490_foilpm8	rg03_theta12p490_foilpm8	-8.0	-5.0	0.0	6	4	238	20	218
rg03_theta12p490_foilpm8	rg03_theta12p490_foilpm8	-8.0	-5.0	0.0	6	5	328	19	309
rg03_theta12p490_foilpm8	rg03_theta12p490_foilpm8	-8.0	-5.0	0.0	6	6	362	20	342
rg03_theta12p490_foilpm8	rg03_theta12p490_foilpm8	-8.0	-5.0	0.0	7	1	29	20	9
rg03_theta12p490_foilpm8	rg03_theta12p490_foilpm8	-8.0	-5.0	0.0	7	2	84	19	65
rg03_theta12p490_foilpm8	rg03_theta12p490_foilpm8	-8.0	-5.0	0.0	7	3	160	20	140
rg03_theta12p490_foilpm8	rg03_theta12p490_foilpm8	-8.0	-5.0	0.0	7	4	201	20	181
rg03_theta12p490_foilpm8	rg03_theta12p490_foilpm8	-8.0	-5.0	0.0	7	5	236	19	217
rg03_theta12p490_foilpm8	rg03_theta12p490_foilpm8	-8.0	-5.0	0.0	7	6	297	19	278
rg03_theta12p490_foilpm8	rg03_theta12p490_foilpm8	-8.0	-5.0	0.0	8	1	0	0	0
rg03_theta12p490_foilpm8	rg03_theta12p490_foilpm8	-8.0	-5.0	0.0	8	2	74	20	54
rg03_theta12p490_foilpm8	rg03_theta12p490_foilpm8	-8.0	-5.0	0.0	8	3	108	20	88
rg03_theta12p490_foilpm8	rg03_theta12p490_foilpm8	-8.0	-5.0	0.0	8	4	170	19	151
rg03_theta12p490_foilpm8	rg03_theta12p490_foilpm8	-8.0	-5.0	0.0	8	5	186	20	166
rg03_theta12p490_foilpm8	rg03_theta12p490_foilpm8	-8.0	-5.0	0.0	8	6	0	0	0
rg03_theta12p490_foilpm8	rg03_theta12p490_foilpm8	-8.0	0.0	5.0	0	1	0	0	0
rg03_theta12p490_foilpm8	rg03_theta12p490_foilpm8	-8.0	0.0	5.0	0	2	47	21	26
rg03_theta12p490_foilpm8	rg03_theta12p490_foilpm8	-8.0	0.0	5.0	0	3	79	20	59
rg03_theta12p490_foilpm8	rg03_theta12p490_foilpm8	-8.0	0.0	5.0	0	4	101	20	81
rg03_theta12p490_foilpm8	rg03_theta12p490_foilpm8	-8.0	0.0	5.0	0	5	146	21	125
rg03_theta12p490_foilpm8	rg03_theta12p490_foilpm8	-8.0	0.0	5.0	1	1	0	0	0
rg03_theta12p490_foilpm8	rg03_theta12p490_foilpm8	-8.0	0.0	5.0	1	2	74	20	54
rg03_theta12p490_foilpm8	rg03_theta12p490_foilpm8	-8.0	0.0	5.0	1	3	123	20	103
rg03_theta12p490_foilpm8	rg03_theta12p490_foilpm8	-8.0	0.0	5.0	1	4	153	20	133
rg03_theta12p490_foilpm8	rg03_theta12p490_foilpm8	-8.0	0.0	5.0	1	5	206	21	185
rg03_theta12p490_foilpm8	rg03_theta12p490_foilpm8	-8.0	0.0	5.0	1	6	209	20	189
rg03_theta12p490_foilpm8	rg03_theta12p490_foilpm8	-8.0	0.0	5.0	2	1	30	20	10
rg03_theta12p490_foilpm8	rg03_theta12p490_foilpm8	-8.0	0.0	5.0	2	2	83	20	63
rg03_theta12p490_foilpm8	rg03_theta12p490_foilpm8	-8.0	0.0	5.0	2	3	0	0	0
rg03_theta12p490_foilpm8	rg03_theta12p490_foilpm8	-8.0	0.0	5.0	2	4	191	21	170
rg03_theta12p490_foilpm8	rg03_theta12p490_foilpm8	-8.0	0.0	5.0	2	5	261	20	241
rg03_theta12p490_foilpm8	rg03_theta12p490_foilpm8	-8.0	0.0	5.0	2	6	284	20	264
rg03_theta12p490_foilpm8	rg03_theta12p490_foilpm8	-8.0	0.0	5.0	3	1	50	20	30
rg03_theta12p490_foilpm8	rg03_theta12p490_foilpm8	-8.0	0.0	5.0	3	2	121	20	101
rg03_theta12p490_foilpm8	rg03_theta12p490_foilpm8	-8.0	0.0	5.0	3	3	177	21	156
rg03_theta12p490_foilpm8	rg03_theta12p490_foilpm8	-8.0	0.0	5.0	3	4	221	20	201
rg03_theta12p490_foilpm8	rg03_theta12p490_foilpm8	-8.0	0.0	5.0	3	5	285	20	265
rg03_theta12p490_foilpm8	rg03_theta12p490_foilpm8	-8.0	0.0	5.0	3	6	388	20	368
rg03_theta12p490_foilpm8	rg03_theta12p490_foilpm8	-8.0	0.0	5.0	4	1	69	20	49
rg03_theta12p490_foilpm8	rg03_theta12p490_foilpm8	-8.0	0.0	5.0	4	2	117	21	96
rg03_theta12p490_foilpm8	rg03_theta12p490_foilpm8	-8.0	0.0	5.0	4	3	185	20	165
rg03_theta12p490_foilpm8	rg03_theta12p490_foilpm8	-8.0	0.0	5.0	4	4	72	20	52
rg03_theta12p490_foilpm8	rg03_theta12p490_foilpm8	-8.0	0.0	5.0	4	5	306	20	286
rg03_theta12p490_foilpm8	rg03_theta12p490_foilpm8	-8.0	0.0	5.0	4	6	420	21	399
rg03_theta12p490_foilpm8	rg03_theta12p490_foilpm8	-8.0	0.0	5.0	5	1	65	21	44
rg03_theta12p490_foilpm8	rg03_theta12p490_foilpm8	-8.0	0.0	5.0	5	2	119	20	99
rg03_theta12p490_foilpm8	rg03_theta12p490_foilpm8	-8.0	0.0	5.0	5	3	157	20	137
rg03_theta12p490_foilpm8	rg03_theta12p490_foilpm8	-8.0	0.0	5.0	5	4	193	21	172
rg03_theta12p490_foilpm8	rg03_theta12p490_foilpm8	-8.0	0.0	5.0	5	5	0	0	0
rg03_theta12p490_foilpm8	rg03_theta12p490_foilpm8	-8.0	0.0	5.0	5	6	394	21	373
rg03_theta12p490_foilpm8	rg03_theta12p490_foilpm8	-8.0	0.0	5.0	6	1	52	20	32
rg03_theta12p490_foilpm8	rg03_theta12p490_foilpm8	-8.0	0.0	5.0	6	2	86	20	66
rg03_theta12p490_foilpm8	rg03_theta12p490_foilpm8	-8.0	0.0	5.0	6	3	115	21	94
rg03_theta12p490_foilpm8	rg03_theta12p490_foilpm8	-8.0	0.0	5.0	6	4	168	21	147
rg03_theta12p490_foilpm8	rg03_theta12p490_foilpm8	-8.0	0.0	5.0	6	5	224	21	203
rg03_theta12p490_foilpm8	rg03_theta12p490_foilpm8	-8.0	0.0	5.0	6	6	314	21	293
rg03_theta12p490_foilpm8	rg03_theta12p490_foilpm8	-8.0	0.0	5.0	7	1	27	21	6
rg03_theta12p490_foilpm8	rg03_theta12p490_foilpm8	-8.0	0.0	5.0	7	2	56	20	36
rg03_theta12p490_foilpm8	rg03_theta12p490_foilpm8	-8.0	0.0	5.0	7	3	106	21	85
rg03_theta12p490_foilpm8	rg03_theta12p490_foilpm8	-8.0	0.0	5.0	7	4	155	20	135
rg03_theta12p490_foilpm8	rg03_theta12p490_foilpm8	-8.0	0.0	5.0	7	5	189	20	169
rg03_theta12p490_foilpm8	rg03_theta12p490_foilpm8	-8.0	0.0	5.0	7	6	285	20	265
rg03_theta12p490_foilpm8	rg03_theta12p490_foilpm8	-8.0	0.0	5.0	8	2	47	20	27
rg03_theta12p490_foilpm8	rg03_theta12p490_foilpm8	-8.0	0.0	5.0	8	3	83	20	63
rg03_theta12p490_foilpm8	rg03_theta12p490_foilpm8	-8.0	0.0	5.0	8	4	102	21	81
rg03_theta12p490_foilpm8	rg03_theta12p490_foilpm8	-8.0	0.0	5.0	8	5	160	20	140
rg03_theta12p490_foilpm8	rg03_theta12p490_foilpm8	-8.0	0.0	5.0	8	6	0	0	0
rg03_theta12p490_foilpm8	rg03_theta12p490_foilpm8	-8.0	5.0	10.0	0	2	28	24	4
rg03_theta12p490_foilpm8	rg03_theta12p490_foilpm8	-8.0	5.0	10.0	0	3	51	24	27
rg03_theta12p490_foilpm8	rg03_theta12p490_foilpm8	-8.0	5.0	10.0	0	4	80	24	56
rg03_theta12p490_foilpm8	rg03_theta12p490_foilpm8	-8.0	5.0	10.0	0	5	120	24	96
rg03_theta12p490_foilpm8	rg03_theta12p490_foilpm8	-8.0	5.0	10.0	1	1	0	0	0
rg03_theta12p490_foilpm8	rg03_theta12p490_foilpm8	-8.0	5.0	10.0	1	2	35	24	11
rg03_theta12p490_foilpm8	rg03_theta12p490_foilpm8	-8.0	5.0	10.0	1	3	65	24	41
rg03_theta12p490_foilpm8	rg03_theta12p490_foilpm8	-8.0	5.0	10.0	1	4	107	24	83
rg03_theta12p490_foilpm8	rg03_theta12p490_foilpm8	-8.0	5.0	10.0	1	5	144	24	120
rg03_theta12p490_foilpm8	rg03_theta12p490_foilpm8	-8.0	5.0	10.0	1	6	191	25	166
rg03_theta12p490_foilpm8	rg03_theta12p490_foilpm8	-8.0	5.0	10.0	2	1	18	18	0
rg03_theta12p490_foilpm8	rg03_theta12p490_foilpm8	-8.0	5.0	10.0	2	2	47	24	23
rg03_theta12p490_foilpm8	rg03_theta12p490_foilpm8	-8.0	5.0	10.0	2	3	0	0	0
rg03_theta12p490_foilpm8	rg03_theta12p490_foilpm8	-8.0	5.0	10.0	2	4	147	24	123
rg03_theta12p490_foilpm8	rg03_theta12p490_foilpm8	-8.0	5.0	10.0	2	5	192	24	168
rg03_theta12p490_foilpm8	rg03_theta12p490_foilpm8	-8.0	5.0	10.0	2	6	237	24	213
rg03_theta12p490_foilpm8	rg03_theta12p490_foilpm8	-8.0	5.0	10.0	3	1	45	24	21
rg03_theta12p490_foilpm8	rg03_theta12p490_foilpm8	-8.0	5.0	10.0	3	2	45	24	21
rg03_theta12p490_foilpm8	rg03_theta12p490_foilpm8	-8.0	5.0	10.0	3	3	113	24	89
rg03_theta12p490_foilpm8	rg03_theta12p490_foilpm8	-8.0	5.0	10.0	3	4	161	24	137
rg03_theta12p490_foilpm8	rg03_theta12p490_foilpm8	-8.0	5.0	10.0	3	5	216	24	192
rg03_theta12p490_foilpm8	rg03_theta12p490_foilpm8	-8.0	5.0	10.0	3	6	289	24	265
rg03_theta12p490_foilpm8	rg03_theta12p490_foilpm8	-8.0	5.0	10.0	4	1	51	24	27
rg03_theta12p490_foilpm8	rg03_theta12p490_foilpm8	-8.0	5.0	10.0	4	2	61	24	37
rg03_theta12p490_foilpm8	rg03_theta12p490_foilpm8	-8.0	5.0	10.0	4	3	110	24	86
rg03_theta12p490_foilpm8	rg03_theta12p490_foilpm8	-8.0	5.0	10.0	4	4	38	24	14
rg03_theta12p490_foilpm8	rg03_theta12p490_foilpm8	-8.0	5.0	10.0	4	5	228	24	204
rg03_theta12p490_foilpm8	rg03_theta12p490_foilpm8	-8.0	5.0	10.0	4	6	300	24	276
rg03_theta12p490_foilpm8	rg03_theta12p490_foilpm8	-8.0	5.0	10.0	5	1	29	24	5
rg03_theta12p490_foilpm8	rg03_theta12p490_foilpm8	-8.0	5.0	10.0	5	2	57	24	33
rg03_theta12p490_foilpm8	rg03_theta12p490_foilpm8	-8.0	5.0	10.0	5	3	102	24	78
rg03_theta12p490_foilpm8	rg03_theta12p490_foilpm8	-8.0	5.0	10.0	5	4	148	24	124
rg03_theta12p490_foilpm8	rg03_theta12p490_foilpm8	-8.0	5.0	10.0	5	5	0	0	0
rg03_theta12p490_foilpm8	rg03_theta12p490_foilpm8	-8.0	5.0	10.0	5	6	284	24	260
rg03_theta12p490_foilpm8	rg03_theta12p490_foilpm8	-8.0	5.0	10.0	6	1	22	22	0
rg03_theta12p490_foilpm8	rg03_theta12p490_foilpm8	-8.0	5.0	10.0	6	2	59	24	35
rg03_theta12p490_foilpm8	rg03_theta12p490_foilpm8	-8.0	5.0	10.0	6	3	87	24	63
rg03_theta12p490_foilpm8	rg03_theta12p490_foilpm8	-8.0	5.0	10.0	6	4	145	24	121
rg03_theta12p490_foilpm8	rg03_theta12p490_foilpm8	-8.0	5.0	10.0	6	5	183	25	158
rg03_theta12p490_foilpm8	rg03_theta12p490_foilpm8	-8.0	5.0	10.0	6	6	270	24	246
rg03_theta12p490_foilpm8	rg03_theta12p490_foilpm8	-8.0	5.0	10.0	7	1	9	9	0
rg03_theta12p490_foilpm8	rg03_theta12p490_foilpm8	-8.0	5.0	10.0	7	2	33	24	9
rg03_theta12p490_foilpm8	rg03_theta12p490_foilpm8	-8.0	5.0	10.0	7	3	64	24	40
rg03_theta12p490_foilpm8	rg03_theta12p490_foilpm8	-8.0	5.0	10.0	7	4	97	24	73
rg03_theta12p490_foilpm8	rg03_theta12p490_foilpm8	-8.0	5.0	10.0	7	5	159	24	135
rg03_theta12p490_foilpm8	rg03_theta12p490_foilpm8	-8.0	5.0	10.0	7	6	171	24	147
rg03_theta12p490_foilpm8	rg03_theta12p490_foilpm8	-8.0	5.0	10.0	8	2	13	13	0
rg03_theta12p490_foilpm8	rg03_theta12p490_foilpm8	-8.0	5.0	10.0	8	3	43	24	19
rg03_theta12p490_foilpm8	rg03_theta12p490_foilpm8	-8.0	5.0	10.0	8	4	71	24	47
rg03_theta12p490_foilpm8	rg03_theta12p490_foilpm8	-8.0	5.0	10.0	8	5	116	24	92
rg03_theta12p490_foilpm8	rg03_theta12p490_foilpm8	-8.0	5.0	10.0	8	6	0	0	0
rg03_theta12p490_foilpm8	rg03_theta12p490_foilpm8	8.0	-10.0	-8.0	0	3	28	24	4
rg03_theta12p490_foilpm8	rg03_theta12p490_foilpm8	8.0	-10.0	-8.0	0	4	29	24	5
rg03_theta12p490_foilpm8	rg03_theta12p490_foilpm8	8.0	-10.0	-8.0	0	5	48	24	24
rg03_theta12p490_foilpm8	rg03_theta12p490_foilpm8	8.0	-10.0	-8.0	0	6	66	24	42
rg03_theta12p490_foilpm8	rg03_theta12p490_foilpm8	8.0	-10.0	-8.0	0	7	0	0	0
rg03_theta12p490_foilpm8	rg03_theta12p490_foilpm8	8.0	-10.0	-8.0	1	2	10	10	0
rg03_theta12p490_foilpm8	rg03_theta12p490_foilpm8	8.0	-10.0	-8.0	1	3	38	24	14
rg03_theta12p490_foilpm8	rg03_theta12p490_foilpm8	8.0	-10.0	-8.0	1	4	52	23	29
rg03_theta12p490_foilpm8	rg03_theta12p490_foilpm8	8.0	-10.0	-8.0	1	5	60	24	36
rg03_theta12p490_foilpm8	rg03_theta12p490_foilpm8	8.0	-10.0	-8.0	1	6	77	23	54
rg03_theta12p490_foilpm8	rg03_theta12p490_foilpm8	8.0	-10.0	-8.0	1	7	48	24	24
rg03_theta12p490_foilpm8	rg03_theta12p490_foilpm8	8.0	-10.0	-8.0	2	2	32	24	8
rg03_theta12p490_foilpm8	rg03_theta12p490_foilpm8	8.0	-10.0	-8.0	2	3	0	0	0
rg03_theta12p490_foilpm8	rg03_theta12p490_foilpm8	8.0	-10.0	-8.0	2	4	61	24	37
rg03_theta12p490_foilpm8	rg03_theta12p490_foilpm8	8.0	-10.0	-8.0	2	5	92	24	68
rg03_theta12p490_foilpm8	rg03_theta12p490_foilpm8	8.0	-10.0	-8.0	2	6	99	24	75
rg03_theta12p490_foilpm8	rg03_theta12p490_foilpm8	8.0	-10.0	-8.0	2	7	77	24	53
rg03_theta12p490_foilpm8	rg03_theta12p490_foilpm8	8.0	-10.0	-8.0	3	2	39	24	15
rg03_theta12p490_foilpm8	rg03_theta12p490_foilpm8	8.0	-10.0	-8.0	3	3	58	24	34
rg03_theta12p490_foilpm8	rg03_theta12p490_foilpm8	8.0	-10.0	-8.0	3	4	87	24	63
rg03_theta12p490_foilpm8	rg03_theta12p490_foilpm8	8.0	-10.0	-8.0	3	5	113	24	89
rg03_theta12p490_foilpm8	rg03_theta12p490_foilpm8	8.0	-10.0	-8.0	3	6	120	24	96
rg03_theta12p490_foilpm8	rg03_theta12p490_foilpm8	8.0	-10.0	-8.0	3	7	149	24	125
rg03_theta12p490_foilpm8	rg03_theta12p490_foilpm8	8.0	-10.0	-8.0	4	2	28	24	4
rg03_theta12p490_foilpm8	rg03_theta12p490_foilpm8	8.0	-10.0	-8.0	4	3	57	23	34
rg03_theta12p490_foilpm8	rg03_theta12p490_foilpm8	8.0	-10.0	-8.0	4	4	22	22	0
rg03_theta12p490_foilpm8	rg03_theta12p490_foilpm8	8.0	-10.0	-8.0	4	5	111	24	87
rg03_theta12p490_foilpm8	rg03_theta12p490_foilpm8	8.0	-10.0	-8.0	4	6	120	24	96
rg03_theta12p490_foilpm8	rg03_theta12p490_foilpm8	8.0	-10.0	-8.0	4	7	150	24	126
rg03_theta12p490_foilpm8	rg03_theta12p490_foilpm8	8.0	-10.0	-8.0	5	2	32	24	8
rg03_theta12p490_foilpm8	rg03_theta12p490_foilpm8	8.0	-10.0	-8.0	5	3	53	23	30
rg03_theta12p490_foilpm8	rg03_theta12p490_foilpm8	8.0	-10.0	-8.0	5	4	91	24	67
rg03_theta12p490_foilpm8	rg03_theta12p490_foilpm8	8.0	-10.0	-8.0	5	5	0	0	0
rg03_theta12p490_foilpm8	rg03_theta12p490_foilpm8	8.0	-10.0	-8.0	5	6	134	24	110
rg03_theta12p490_foilpm8	rg03_theta12p490_foilpm8	8.0	-10.0	-8.0	5	7	138	24	114
rg03_theta12p490_foilpm8	rg03_theta12p490_foilpm8	8.0	-10.0	-8.0	6	2	16	16	0
rg03_theta12p490_foilpm8	rg03_theta12p490_foilpm8	8.0	-10.0	-8.0	6	3	43	23	20
rg03_theta12p490_foilpm8	rg03_theta12p490_foilpm8	8.0	-10.0	-8.0	6	4	70	24	46
rg03_theta12p490_foilpm8	rg03_theta12p490_foilpm8	8.0	-10.0	-8.0	6	5	78	23	55
rg03_theta12p490_foilpm8	rg03_theta12p490_foilpm8	8.0	-10.0	-8.0	6	6	106	24	82
rg03_theta12p490_foilpm8	rg03_theta12p490_foilpm8	8.0	-10.0	-8.0	6	7	110	23	87
rg03_theta12p490_foilpm8	rg03_theta12p490_foilpm8	8.0	-10.0	-8.0	7	2	0	0	0
rg03_theta12p490_foilpm8	rg03_theta12p490_foilpm8	8.0	-10.0	-8.0	7	3	21	21	0
rg03_theta12p490_foilpm8	rg03_theta12p490_foilpm8	8.0	-10.0	-8.0	7	4	47	24	23
rg03_theta12p490_foilpm8	rg03_theta12p490_foilpm8	8.0	-10.0	-8.0	7	5	63	23	40
rg03_theta12p490_foilpm8	rg03_theta12p490_foilpm8	8.0	-10.0	-8.0	7	6	89	24	65
rg03_theta12p490_foilpm8	rg03_theta12p490_foilpm8	8.0	-10.0	-8.0	7	7	75	23	52
rg03_theta12p490_foilpm8	rg03_theta12p490_foilpm8	8.0	-10.0	-8.0	8	3	0	0	0
rg03_theta12p490_foilpm8	rg03_theta12p490_foilpm8	8.0	-10.0	-8.0	8	4	0	0	0
rg03_theta12p490_foilpm8	rg03_theta12p490_foilpm8	8.0	-10.0	-8.0	8	5	38	23	15
rg03_theta12p490_foilpm8	rg03_theta12p490_foilpm8	8.0	-10.0	-8.0	8	6	47	24	23
rg03_theta12p490_foilpm8	rg03_theta12p490_foilpm8	8.0	-10.0	-8.0	8	7	0	0	0
rg03_theta12p490_foilpm8	rg03_theta12p490_foilpm8	8.0	-8.0	-5.0	0	3	31	21	10
rg03_theta12p490_foilpm8	rg03_theta12p490_foilpm8	8.0	-8.0	-5.0	0	4	39	21	18
rg03_theta12p490_foilpm8	rg03_theta12p490_foilpm8	8.0	-8.0	-5.0	0	5	72	21	51
rg03_theta12p490_foilpm8	rg03_theta12p490_foilpm8	8.0	-8.0	-5.0	0	6	72	21	51
rg03_theta12p490_foilpm8	rg03_theta12p490_foilpm8	8.0	-8.0	-5.0	0	7	0	0	0
rg03_theta12p490_foilpm8	rg03_theta12p490_foilpm8	8.0	-8.0	-5.0	1	2	16	16	0
rg03_theta12p490_foilpm8	rg03_theta12p490_foilpm8	8.0	-8.0	-5.0	1	3	46	22	24
rg03_theta12p490_foilpm8	rg03_theta12p490_foilpm8	8.0	-8.0	-5.0	1	4	69	22	47
rg03_theta12p490_foilpm8	rg03_theta12p490_foilpm8	8.0	-8.0	-5.0	1	5	98	21	77
rg03_theta12p490_foilpm8	rg03_theta12p490_foilpm8	8.0	-8.0	-5.0	1	6	120	21	99
rg03_theta12p490_foilpm8	rg03_theta12p490_foilpm8	8.0	-8.0	-5.0	1	7	129	21	108
rg03_theta12p490_foilpm8	rg03_theta12p490_foilpm8	8.0	-8.0	-5.0	2	2	41	21	20
rg03_theta12p490_foilpm8	rg03_theta12p490_foilpm8	8.0	-8.0	-5.0	2	3	0	0	0
rg03_theta12p490_foilpm8	rg03_theta12p490_foilpm8	8.0	-8.0	-5.0	2	4	83	21	62
rg03_theta12p490_foilpm8	rg03_theta12p490_foilpm8	8.0	-8.0	-5.0	2	5	139	22	117
rg03_theta12p490_foilpm8	rg03_theta12p490_foilpm8	8.0	-8.0	-5.0	2	6	169	22	147
rg03_theta12p490_foilpm8	rg03_theta12p490_foilpm8	8.0	-8.0	-5.0	2	7	189	21	168
rg03_theta12p490_foilpm8	rg03_theta12p490_foilpm8	8.0	-8.0	-5.0	3	2	41	21	20
rg03_theta12p490_foilpm8	rg03_theta12p490_foilpm8	8.0	-8.0	-5.0	3	3	74	21	53
rg03_theta12p490_foilpm8	rg03_theta12p490_foilpm8	8.0	-8.0	-5.0	3	4	93	21	72
rg03_theta12p490_foilpm8	rg03_theta12p490_foilpm8	8.0	-8.0	-5.0	3	5	154	21	133
rg03_theta12p490_foilpm8	rg03_theta12p490_foilpm8	8.0	-8.0	-5.0	3	6	187	22	165
rg03_theta12p490_foilpm8	rg03_theta12p490_foilpm8	8.0	-8.0	-5.0	3	7	231	21	210
rg03_theta12p490_foilpm8	rg03_theta12p490_foilpm8	8.0	-8.0	-5.0	4	2	49	21	28
rg03_theta12p490_foilpm8	rg03_theta12p490_foilpm8	8.0	-8.0	-5.0	4	3	79	21	58
rg03_theta12p490_foilpm8	rg03_theta12p490_foilpm8	8.0	-8.0	-5.0	4	4	30	21	9
rg03_theta12p490_foilpm8	rg03_theta12p490_foilpm8	8.0	-8.0	-5.0	4	5	184	22	162
rg03_theta12p490_foilpm8	rg03_theta12p490_foilpm8	8.0	-8.0	-5.0	4	6	225	21	204
rg03_theta12p490_foilpm8	rg03_theta12p490_foilpm8	8.0	-8.0	-5.0	4	7	231	21	210
rg03_theta12p490_foilpm8	rg03_theta12p490_foilpm8	8.0	-8.0	-5.0	5	2	50	21	29
rg03_theta12p490_foilpm8	rg03_theta12p490_foilpm8	8.0	-8.0	-5.0	5	3	67	22	45
rg03_theta12p490_foilpm8	rg03_theta12p490_foilpm8	8.0	-8.0	-5.0	5	4	112	21	91
rg03_theta12p490_foilpm8	rg03_theta12p490_foilpm8	8.0	-8.0	-5.0	5	5	0	0	0
rg03_theta12p490_foilpm8	rg03_theta12p490_foilpm8	8.0	-8.0	-5.0	5	6	204	21	183
rg03_theta12p490_foilpm8	rg03_theta12p490_foilpm8	8.0	-8.0	-5.0	5	7	231	21	210
rg03_theta12p490_foilpm8	rg03_theta12p490_foilpm8	8.0	-8.0	-5.0	6	2	31	22	9
rg03_theta12p490_foilpm8	rg03_theta12p490_foilpm8	8.0	-8.0	-5.0	6	3	59	21	38
rg03_theta12p490_foilpm8	rg03_theta12p490_foilpm8	8.0	-8.0	-5.0	6	4	107	21	86
rg03_theta12p490_foilpm8	rg03_theta12p490_foilpm8	8.0	-8.0	-5.0	6	5	131	21	110
rg03_theta12p490_foilpm8	rg03_theta12p490_foilpm8	8.0	-8.0	-5.0	6	6	182	21	161
rg03_theta12p490_foilpm8	rg03_theta12p490_foilpm8	8.0	-8.0	-5.0	6	7	230	21	209
rg03_theta12p490_foilpm8	rg03_theta12p490_foilpm8	8.0	-8.0	-5.0	7	2	25	21	4
rg03_theta12p490_foilpm8	rg03_theta12p490_foilpm8	8.0	-8.0	-5.0	7	3	54	21	33
rg03_theta12p490_foilpm8	rg03_theta12p490_foilpm8	8.0	-8.0	-5.0	7	4	74	21	53
rg03_theta12p490_foilpm8	rg03_theta12p490_foilpm8	8.0	-8.0	-5.0	7	5	110	22	88
rg03_theta12p490_foilpm8	rg03_theta12p490_foilpm8	8.0	-8.0	-5.0	7	6	117	21	96
rg03_theta12p490_foilpm8	rg03_theta12p490_foilpm8	8.0	-8.0	-5.0	7	7	136	21	115
rg03_theta12p490_foilpm8	rg03_theta12p490_foilpm8	8.0	-8.0	-5.0	8	3	32	21	11
rg03_theta12p490_foilpm8	rg03_theta12p490_foilpm8	8.0	-8.0	-5.0	8	4	49	21	28
rg03_theta12p490_foilpm8	rg03_theta12p490_foilpm8	8.0	-8.0	-5.0	8	5	64	21	43
rg03_theta12p490_foilpm8	rg03_theta12p490_foilpm8	8.0	-8.0	-5.0	8	6	88	21	67
rg03_theta12p490_foilpm8	rg03_theta12p490_foilpm8	8.0	-8.0	-5.0	8	7	0	0	0
rg03_theta12p490_foilpm8	rg03_theta12p490_foilpm8	8.0	-5.0	0.0	0	3	23	21	2
rg03_theta12p490_foilpm8	rg03_theta12p490_foilpm8	8.0	-5.0	0.0	0	4	41	21	20
rg03_theta12p490_foilpm8	rg03_theta12p490_foilpm8	8.0	-5.0	0.0	0	5	92	21	71
rg03_theta12p490_foilpm8	rg03_theta12p490_foilpm8	8.0	-5.0	0.0	0	6	113	21	92
rg03_theta12p490_foilpm8	rg03_theta12p490_foilpm8	8.0	-5.0	0.0	0	7	0	0	0
rg03_theta12p490_foilpm8	rg03_theta12p490_foilpm8	8.0	-5.0	0.0	1	2	22	21	1
rg03_theta12p490_foilpm8	rg03_theta12p490_foilpm8	8.0	-5.0	0.0	1	3	43	21	22
rg03_theta12p490_foilpm8	rg03_theta12p490_foilpm8	8.0	-5.0	0.0	1	4	103	21	82
rg03_theta12p490_foilpm8	rg03_theta12p490_foilpm8	8.0	-5.0	0.0	1	5	150	21	129
rg03_theta12p490_foilpm8	rg03_theta12p490_foilpm8	8.0	-5.0	0.0	1	6	175	21	154
rg03_theta12p490_foilpm8	rg03_theta12p490_foilpm8	8.0	-5.0	0.0	1	7	228	21	207
rg03_theta12p490_foilpm8	rg03_theta12p490_foilpm8	8.0	-5.0	0.0	2	2	43	21	22
rg03_theta12p490_foilpm8	rg03_theta12p490_foilpm8	8.0	-5.0	0.0	2	3	0	0	0
rg03_theta12p490_foilpm8	rg03_theta12p490_foilpm8	8.0	-5.0	0.0	2	4	110	20	90
rg03_theta12p490_foilpm8	rg03_theta12p490_foilpm8	8.0	-5.0	0.0	2	5	202	21	181
rg03_theta12p490_foilpm8	rg03_theta12p490_foilpm8	8.0	-5.0	0.0	2	6	272	21	251
rg03_theta12p490_foilpm8	rg03_theta12p490_foilpm8	8.0	-5.0	0.0	2	7	329	21	308
rg03_theta12p490_foilpm8	rg03_theta12p490_foilpm8	8.0	-5.0	0.0	3	2	66	21	45
rg03_theta12p490_foilpm8	rg03_theta12p490_foilpm8	8.0	-5.0	0.0	3	3	71	21	50
rg03_theta12p490_foilpm8	rg03_theta12p490_foilpm8	8.0	-5.0	0.0	3	4	156	21	135
rg03_theta12p490_foilpm8	rg03_theta12p490_foilpm8	8.0	-5.0	0.0	3	5	231	21	210
rg03_theta12p490_foilpm8	rg03_theta12p490_foilpm8	8.0	-5.0	0.0	3	6	324	20	304
rg03_theta12p490_foilpm8	rg03_theta12p490_foilpm8	8.0	-5.0	0.0	3	7	359	21	338
rg03_theta12p490_foilpm8	rg03_theta12p490_foilpm8	8.0	-5.0	0.0	4	2	57	20	37
rg03_theta12p490_foilpm8	rg03_theta12p490_foilpm8	8.0	-5.0	0.0	4	3	91	21	70
rg03_theta12p490_foilpm8	rg03_theta12p490_foilpm8	8.0	-5.0	0.0	4	4	47	21	26
rg03_theta12p490_foilpm8	rg03_theta12p490_foilpm8	8.0	-5.0	0.0	4	5	255	21	234
rg03_theta12p490_foilpm8	rg03_theta12p490_foilpm8	8.0	-5.0	0.0	4	6	386	20	366
rg03_theta12p490_foilpm8	rg03_theta12p490_foilpm8	8.0	-5.0	0.0	4	7	439	21	418
rg03_theta12p490_foilpm8	rg03_theta12p490_foilpm8	8.0	-5.0	0.0	5	2	49	21	28
rg03_theta12p490_foilpm8	rg03_theta12p490_foilpm8	8.0	-5.0	0.0	5	3	95	21	74
rg03_theta12p490_foilpm8	rg03_theta12p490_foilpm8	8.0	-5.0	0.0	5	4	167	21	146
rg03_theta12p490_foilpm8	rg03_theta12p490_foilpm8	8.0	-5.0	0.0	5	5	0	0	0
rg03_theta12p490_foilpm8	rg03_theta12p490_foilpm8	8.0	-5.0	0.0	5	6	332	21	311
rg03_theta12p490_foilpm8	rg03_theta12p490_foilpm8	8.0	-5.0	0.0	5	7	390	21	369
rg03_theta12p490_foilpm8	rg03_theta12p490_foilpm8	8.0	-5.0	0.0	6	2	42	21	21
rg03_theta12p490_foilpm8	rg03_theta12p490_foilpm8	8.0	-5.0	0.0	6	3	79	21	58
rg03_theta12p490_foilpm8	rg03_theta12p490_foilpm8	8.0	-5.0	0.0	6	4	149	21	128
rg03_theta12p490_foilpm8	rg03_theta12p490_foilpm8	8.0	-5.0	0.0	6	5	199	21	178
rg03_theta12p490_foilpm8	rg03_theta12p490_foilpm8	8.0	-5.0	0.0	6	6	304	21	283
rg03_theta12p490_foilpm8	rg03_theta12p490_foilpm8	8.0	-5.0	0.0	6	7	377	21	356
rg03_theta12p490_foilpm8	rg03_theta12p490_foilpm8	8.0	-5.0	0.0	7	2	21	21	0
rg03_theta12p490_foilpm8	rg03_theta12p490_foilpm8	8.0	-5.0	0.0	7	3	69	20	49
rg03_theta12p490_foilpm8	rg03_theta12p490_foilpm8	8.0	-5.0	0.0	7	4	134	20	114
rg03_theta12p490_foilpm8	rg03_theta12p490_foilpm8	8.0	-5.0	0.0	7	5	154	21	133
rg03_theta12p490_foilpm8	rg03_theta12p490_foilpm8	8.0	-5.0	0.0	7	6	213	20	193
rg03_theta12p490_foilpm8	rg03_theta12p490_foilpm8	8.0	-5.0	0.0	7	7	229	20	209
rg03_theta12p490_foilpm8	rg03_theta12p490_foilpm8	8.0	-5.0	0.0	8	2	0	0	0
rg03_theta12p490_foilpm8	rg03_theta12p490_foilpm8	8.0	-5.0	0.0	8	3	44	20	24
rg03_theta12p490_foilpm8	rg03_theta12p490_foilpm8	8.0	-5.0	0.0	8	4	86	21	65
rg03_theta12p490_foilpm8	rg03_theta12p490_foilpm8	8.0	-5.0	0.0	8	5	102	21	81
rg03_theta12p490_foilpm8	rg03_theta12p490_foilpm8	8.0	-5.0	0.0	8	6	157	21	136
rg03_theta12p490_foilpm8	rg03_theta12p490_foilpm8	8.0	-5.0	0.0	8	7	0	0	0
rg03_theta12p490_foilpm8	rg03_theta12p490_foilpm8	8.0	0.0	5.0	0	2	0	0	0
rg03_theta12p490_foilpm8	rg03_theta12p490_foilpm8	8.0	0.0	5.0	0	3	15	15	0
rg03_theta12p490_foilpm8	rg03_theta12p490_foilpm8	8.0	0.0	5.0	0	4	26	24	2
rg03_theta12p490_foilpm8	rg03_theta12p490_foilpm8	8.0	0.0	5.0	0	5	73	24	49
rg03_theta12p490_foilpm8	rg03_theta12p490_foilpm8	8.0	0.0	5.0	0	6	103	25	78
rg03_theta12p490_foilpm8	rg03_theta12p490_foilpm8	8.0	0.0	5.0	0	7	0	0	0
rg03_theta12p490_foilpm8	rg03_theta12p490_foilpm8	8.0	0.0	5.0	1	2	22	22	0
rg03_theta12p490_foilpm8	rg03_theta12p490_foilpm8	8.0	0.0	5.0	1	3	30	25	5
rg03_theta12p490_foilpm8	rg03_theta12p490_foilpm8	8.0	0.0	5.0	1	4	59	24	35
rg03_theta12p490_foilpm8	rg03_theta12p490_foilpm8	8.0	0.0	5.0	1	5	101	25	76
rg03_theta12p490_foilpm8	rg03_theta12p490_foilpm8	8.0	0.0	5.0	1	6	167	24	143
rg03_theta12p490_foilpm8	rg03_theta12p490_foilpm8	8.0	0.0	5.0	1	7	180	24	156
rg03_theta12p490_foilpm8	rg03_theta12p490_foilpm8	8.0	0.0	5.0	2	2	26	24	2
rg03_theta12p490_foilpm8	rg03_theta12p490_foilpm8	8.0	0.0	5.0	2	3	0	0	0
rg03_theta12p490_foilpm8	rg03_theta12p490_foilpm8	8.0	0.0	5.0	2	4	97	24	73
rg03_theta12p490_foilpm8	rg03_theta12p490_foilpm8	8.0	0.0	5.0	2	5	143	24	119
rg03_theta12p490_foilpm8	rg03_theta12p490_foilpm8	8.0	0.0	5.0	2	6	213	24	189
rg03_theta12p490_foilpm8	rg03_theta12p490_foilpm8	8.0	0.0	5.0	2	7	255	24	231
rg03_theta12p490_foilpm8	rg03_theta12p490_foilpm8	8.0	0.0	5.0	3	2	41	25	16
rg03_theta12p490_foilpm8	rg03_theta12p490_foilpm8	8.0	0.0	5.0	3	3	63	24	39
rg03_theta12p490_foilpm8	rg03_theta12p490_foilpm8	8.0	0.0	5.0	3	4	125	24	101
rg03_theta12p490_foilpm8	rg03_theta12p490_foilpm8	8.0	0.0	5.0	3	5	179	24	155
rg03_theta12p490_foilpm8	rg03_theta12p490_foilpm8	8.0	0.0	5.0	3	6	286	24	262
rg03_theta12p490_foilpm8	rg03_theta12p490_foilpm8	8.0	0.0	5.0	3	7	368	24	344
rg03_theta12p490_foilpm8	rg03_theta12p490_foilpm8	8.0	0.0	5.0	4	2	30	24	6
rg03_theta12p490_foilpm8	rg03_theta12p490_foilpm8	8.0	0.0	5.0	4	3	57	25	32
rg03_theta12p490_foilpm8	rg03_theta12p490_foilpm8	8.0	0.0	5.0	4	4	26	25	1
rg03_theta12p490_foilpm8	rg03_theta12p490_foilpm8	8.0	0.0	5.0	4	5	216	24	192
rg03_theta12p490_foilpm8	rg03_theta12p490_foilpm8	8.0	0.0	5.0	4	6	284	24	260
rg03_theta12p490_foilpm8	rg03_theta12p490_foilpm8	8.0	0.0	5.0	4	7	382	24	358
rg03_theta12p490_foilpm8	rg03_theta12p490_foilpm8	8.0	0.0	5.0	5	2	9	9	0
rg03_theta12p490_foilpm8	rg03_theta12p490_foilpm8	8.0	0.0	5.0	5	3	60	24	36
rg03_theta12p490_foilpm8	rg03_theta12p490_foilpm8	8.0	0.0	5.0	5	4	131	24	107
rg03_theta12p490_foilpm8	rg03_theta12p490_foilpm8	8.0	0.0	5.0	5	5	0	0	0
rg03_theta12p490_foilpm8	rg03_theta12p490_foilpm8	8.0	0.0	5.0	5	6	299	24	275
rg03_theta12p490_foilpm8	rg03_theta12p490_foilpm8	8.0	0.0	5.0	5	7	351	24	327
rg03_theta12p490_foilpm8	rg03_theta12p490_foilpm8	8.0	0.0	5.0	6	2	9	9	0
rg03_theta12p490_foilpm8	rg03_theta12p490_foilpm8	8.0	0.0	5.0	6	3	50	25	25
rg03_theta12p490_foilpm8	rg03_theta12p490_foilpm8	8.0	0.0	5.0	6	4	96	24	72
rg03_theta12p490_foilpm8	rg03_theta12p490_foilpm8	8.0	0.0	5.0	6	5	162	24	138
rg03_theta12p490_foilpm8	rg03_theta12p490_foilpm8	8.0	0.0	5.0	6	6	216	24	192
rg03_theta12p490_foilpm8	rg03_theta12p490_foilpm8	8.0	0.0	5.0	6	7	296	24	272
rg03_theta12p490_foilpm8	rg03_theta12p490_foilpm8	8.0	0.0	5.0	7	2	13	13	0
rg03_theta12p490_foilpm8	rg03_theta12p490_foilpm8	8.0	0.0	5.0	7	3	43	24	19
rg03_theta12p490_foilpm8	rg03_theta12p490_foilpm8	8.0	0.0	5.0	7	4	66	24	42
rg03_theta12p490_foilpm8	rg03_theta12p490_foilpm8	8.0	0.0	5.0	7	5	112	25	87
rg03_theta12p490_foilpm8	rg03_theta12p490_foilpm8	8.0	0.0	5.0	7	6	172	24	148
rg03_theta12p490_foilpm8	rg03_theta12p490_foilpm8	8.0	0.0	5.0	7	7	222	24	198
rg03_theta12p490_foilpm8	rg03_theta12p490_foilpm8	8.0	0.0	5.0	8	2	0	0	0
rg03_theta12p490_foilpm8	rg03_theta12p490_foilpm8	8.0	0.0	5.0	8	3	36	25	11
rg03_theta12p490_foilpm8	rg03_theta12p490_foilpm8	8.0	0.0	5.0	8	4	54	24	30
rg03_theta12p490_foilpm8	rg03_theta12p490_foilpm8	8.0	0.0	5.0	8	5	73	24	49
rg03_theta12p490_foilpm8	rg03_theta12p490_foilpm8	8.0	0.0	5.0	8	6	118	24	94
rg03_theta12p490_foilpm8	rg03_theta12p490_foilpm8	8.0	0.0	5.0	8	7	0	0	0
rg03_theta12p490_foilpm8	rg03_theta12p490_foilpm8	8.0	5.0	10.0	0	3	0	0	0
rg03_theta12p490_foilpm8	rg03_theta12p490_foilpm8	8.0	5.0	10.0	0	4	24	24	0
rg03_theta12p490_foilpm8	rg03_theta12p490_foilpm8	8.0	5.0	10.0	0	5	46	38	8
rg03_theta12p490_foilpm8	rg03_theta12p490_foilpm8	8.0	5.0	10.0	0	6	63	38	25
rg03_theta12p490_foilpm8	rg03_theta12p490_foilpm8	8.0	5.0	10.0	0	7	0	0	0
rg03_theta12p490_foilpm8	rg03_theta12p490_foilpm8	8.0	5.0	10.0	1	2	0	0	0
rg03_theta12p490_foilpm8	rg03_theta12p490_foilpm8	8.0	5.0	10.0	1	3	18	18	0
rg03_theta12p490_foilpm8	rg03_theta12p490_foilpm8	8.0	5.0	10.0	1	4	29	29	0
rg03_theta12p490_foilpm8	rg03_theta12p490_foilpm8	8.0	5.0	10.0	1	5	83	38	45
rg03_theta12p490_foilpm8	rg03_theta12p490_foilpm8	8.0	5.0	10.0	1	6	128	38	90
rg03_theta12p490_foilpm8	rg03_theta12p490_foilpm8	8.0	5.0	10.0	1	7	128	38	90
rg03_theta12p490_foilpm8	rg03_theta12p490_foilpm8	8.0	5.0	10.0	2	2	18	18	0
rg03_theta12p490_foilpm8	rg03_theta12p490_foilpm8	8.0	5.0	10.0	2	4	60	38	22
rg03_theta12p490_foilpm8	rg03_theta12p490_foilpm8	8.0	5.0	10.0	2	5	96	38	58
rg03_theta12p490_foilpm8	rg03_theta12p490_foilpm8	8.0	5.0	10.0	2	6	138	38	100
rg03_theta12p490_foilpm8	rg03_theta12p490_foilpm8	8.0	5.0	10.0	2	7	207	38	169
rg03_theta12p490_foilpm8	rg03_theta12p490_foilpm8	8.0	5.0	10.0	3	2	15	15	0
rg03_theta12p490_foilpm8	rg03_theta12p490_foilpm8	8.0	5.0	10.0	3	3	42	38	4
rg03_theta12p490_foilpm8	rg03_theta12p490_foilpm8	8.0	5.0	10.0	3	4	78	38	40
rg03_theta12p490_foilpm8	rg03_theta12p490_foilpm8	8.0	5.0	10.0	3	5	136	38	98
rg03_theta12p490_foilpm8	rg03_theta12p490_foilpm8	8.0	5.0	10.0	3	6	192	38	154
rg03_theta12p490_foilpm8	rg03_theta12p490_foilpm8	8.0	5.0	10.0	3	7	265	39	226
rg03_theta12p490_foilpm8	rg03_theta12p490_foilpm8	8.0	5.0	10.0	4	2	17	17	0
rg03_theta12p490_foilpm8	rg03_theta12p490_foilpm8	8.0	5.0	10.0	4	3	29	29	0
rg03_theta12p490_foilpm8	rg03_theta12p490_foilpm8	8.0	5.0	10.0	4	4	23	23	0
rg03_theta12p490_foilpm8	rg03_theta12p490_foilpm8	8.0	5.0	10.0	4	5	126	38	88
rg03_theta12p490_foilpm8	rg03_theta12p490_foilpm8	8.0	5.0	10.0	4	6	212	38	174
rg03_theta12p490_foilpm8	rg03_theta12p490_foilpm8	8.0	5.0	10.0	4	7	278	38	240
rg03_theta12p490_foilpm8	rg03_theta12p490_foilpm8	8.0	5.0	10.0	5	2	11	11	0
rg03_theta12p490_foilpm8	rg03_theta12p490_foilpm8	8.0	5.0	10.0	5	3	39	38	1
rg03_theta12p490_foilpm8	rg03_theta12p490_foilpm8	8.0	5.0	10.0	5	4	76	38	38
rg03_theta12p490_foilpm8	rg03_theta12p490_foilpm8	8.0	5.0	10.0	5	5	0	0	0
rg03_theta12p490_foilpm8	rg03_theta12p490_foilpm8	8.0	5.0	10.0	5	6	186	38	148
rg03_theta12p490_foilpm8	rg03_theta12p490_foilpm8	8.0	5.0	10.0	5	7	270	38	232
rg03_theta12p490_foilpm8	rg03_theta12p490_foilpm8	8.0	5.0	10.0	6	2	10	10	0
rg03_theta12p490_foilpm8	rg03_theta12p490_foilpm8	8.0	5.0	10.0	6	3	25	25	0
rg03_theta12p490_foilpm8	rg03_theta12p490_foilpm8	8.0	5.0	10.0	6	4	51	38	13
rg03_theta12p490_foilpm8	rg03_theta12p490_foilpm8	8.0	5.0	10.0	6	5	101	38	63
rg03_theta12p490_foilpm8	rg03_theta12p490_foilpm8	8.0	5.0	10.0	6	6	171	38	133
rg03_theta12p490_foilpm8	rg03_theta12p490_foilpm8	8.0	5.0	10.0	6	7	242	38	204
rg03_theta12p490_foilpm8	rg03_theta12p490_foilpm8	8.0	5.0	10.0	7	2	6	6	0
rg03_theta12p490_foilpm8	rg03_theta12p490_foilpm8	8.0	5.0	10.0	7	3	31	31	0
rg03_theta12p490_foilpm8	rg03_theta12p490_foilpm8	8.0	5.0	10.0	7	4	30	30	0
rg03_theta12p490_foilpm8	rg03_theta12p490_foilpm8	8.0	5.0	10.0	7	5	63	38	25
rg03_theta12p490_foilpm8	rg03_theta12p490_foilpm8	8.0	5.0	10.0	7	6	113	38	75
rg03_theta12p490_foilpm8	rg03_theta12p490_foilpm8	8.0	5.0	10.0	7	7	159	38	121
rg03_theta12p490_foilpm8	rg03_theta12p490_foilpm8	8.0	5.0	10.0	8	3	0	0	0
rg03_theta12p490_foilpm8	rg03_theta12p490_foilpm8	8.0	5.0	10.0	8	4	23	23	0
rg03_theta12p490_foilpm8	rg03_theta12p490_foilpm8	8.0	5.0	10.0	8	5	39	38	1
rg03_theta12p490_foilpm8	rg03_theta12p490_foilpm8	8.0	5.0	10.0	8	6	62	38	24
rg03_theta12p490_foilpm8	rg03_theta12p490_foilpm8	8.0	5.0	10.0	8	7	0	0	0
rg04_theta15p195_foilpm3	rg04_theta15p195_foilpm3	-3.0	-10.0	-8.0	0	2	8	8	0
rg04_theta15p195_foilpm3	rg04_theta15p195_foilpm3	-3.0	-10.0	-8.0	0	3	16	16	0
rg04_theta15p195_foilpm3	rg04_theta15p195_foilpm3	-3.0	-10.0	-8.0	0	4	18	18	0
rg04_theta15p195_foilpm3	rg04_theta15p195_foilpm3	-3.0	-10.0	-8.0	0	5	13	13	0
rg04_theta15p195_foilpm3	rg04_theta15p195_foilpm3	-3.0	-10.0	-8.0	0	6	0	0	0
rg04_theta15p195_foilpm3	rg04_theta15p195_foilpm3	-3.0	-10.0	-8.0	1	2	0	0	0
rg04_theta15p195_foilpm3	rg04_theta15p195_foilpm3	-3.0	-10.0	-8.0	1	3	19	19	0
rg04_theta15p195_foilpm3	rg04_theta15p195_foilpm3	-3.0	-10.0	-8.0	1	4	24	22	2
rg04_theta15p195_foilpm3	rg04_theta15p195_foilpm3	-3.0	-10.0	-8.0	1	5	23	22	1
rg04_theta15p195_foilpm3	rg04_theta15p195_foilpm3	-3.0	-10.0	-8.0	1	6	0	0	0
rg04_theta15p195_foilpm3	rg04_theta15p195_foilpm3	-3.0	-10.0	-8.0	2	2	15	15	0
rg04_theta15p195_foilpm3	rg04_theta15p195_foilpm3	-3.0	-10.0	-8.0	2	3	0	0	0
rg04_theta15p195_foilpm3	rg04_theta15p195_foilpm3	-3.0	-10.0	-8.0	2	4	20	20	0
rg04_theta15p195_foilpm3	rg04_theta15p195_foilpm3	-3.0	-10.0	-8.0	2	5	18	18	0
rg04_theta15p195_foilpm3	rg04_theta15p195_foilpm3	-3.0	-10.0	-8.0	2	6	17	17	0
rg04_theta15p195_foilpm3	rg04_theta15p195_foilpm3	-3.0	-10.0	-8.0	3	2	15	15	0
rg04_theta15p195_foilpm3	rg04_theta15p195_foilpm3	-3.0	-10.0	-8.0	3	3	34	22	12
rg04_theta15p195_foilpm3	rg04_theta15p195_foilpm3	-3.0	-10.0	-8.0	3	4	34	22	12
rg04_theta15p195_foilpm3	rg04_theta15p195_foilpm3	-3.0	-10.0	-8.0	3	5	31	22	9
rg04_theta15p195_foilpm3	rg04_theta15p195_foilpm3	-3.0	-10.0	-8.0	3	6	36	22	14
rg04_theta15p195_foilpm3	rg04_theta15p195_foilpm3	-3.0	-10.0	-8.0	4	2	15	15	0
rg04_theta15p195_foilpm3	rg04_theta15p195_foilpm3	-3.0	-10.0	-8.0	4	3	22	22	0
rg04_theta15p195_foilpm3	rg04_theta15p195_foilpm3	-3.0	-10.0	-8.0	4	4	9	9	0
rg04_theta15p195_foilpm3	rg04_theta15p195_foilpm3	-3.0	-10.0	-8.0	4	5	38	22	16
rg04_theta15p195_foilpm3	rg04_theta15p195_foilpm3	-3.0	-10.0	-8.0	4	6	45	22	23
rg04_theta15p195_foilpm3	rg04_theta15p195_foilpm3	-3.0	-10.0	-8.0	5	2	23	22	1
rg04_theta15p195_foilpm3	rg04_theta15p195_foilpm3	-3.0	-10.0	-8.0	5	3	22	22	0
rg04_theta15p195_foilpm3	rg04_theta15p195_foilpm3	-3.0	-10.0	-8.0	5	4	36	22	14
rg04_theta15p195_foilpm3	rg04_theta15p195_foilpm3	-3.0	-10.0	-8.0	5	5	0	0	0
rg04_theta15p195_foilpm3	rg04_theta15p195_foilpm3	-3.0	-10.0	-8.0	5	6	35	22	13
rg04_theta15p195_foilpm3	rg04_theta15p195_foilpm3	-3.0	-10.0	-8.0	6	2	7	7	0
rg04_theta15p195_foilpm3	rg04_theta15p195_foilpm3	-3.0	-10.0	-8.0	6	3	16	16	0
rg04_theta15p195_foilpm3	rg04_theta15p195_foilpm3	-3.0	-10.0	-8.0	6	4	23	22	1
rg04_theta15p195_foilpm3	rg04_theta15p195_foilpm3	-3.0	-10.0	-8.0	6	5	41	22	19
rg04_theta15p195_foilpm3	rg04_theta15p195_foilpm3	-3.0	-10.0	-8.0	6	6	41	22	19
rg04_theta15p195_foilpm3	rg04_theta15p195_foilpm3	-3.0	-10.0	-8.0	7	2	0	0	0
rg04_theta15p195_foilpm3	rg04_theta15p195_foilpm3	-3.0	-10.0	-8.0	7	3	13	13	0
rg04_theta15p195_foilpm3	rg04_theta15p195_foilpm3	-3.0	-10.0	-8.0	7	4	14	14	0
rg04_theta15p195_foilpm3	rg04_theta15p195_foilpm3	-3.0	-10.0	-8.0	7	5	31	22	9
rg04_theta15p195_foilpm3	rg04_theta15p195_foilpm3	-3.0	-10.0	-8.0	7	6	31	22	9
rg04_theta15p195_foilpm3	rg04_theta15p195_foilpm3	-3.0	-10.0	-8.0	8	2	0	0	0
rg04_theta15p195_foilpm3	rg04_theta15p195_foilpm3	-3.0	-10.0	-8.0	8	3	0	0	0
rg04_theta15p195_foilpm3	rg04_theta15p195_foilpm3	-3.0	-10.0	-8.0	8	4	0	0	0
rg04_theta15p195_foilpm3	rg04_theta15p195_foilpm3	-3.0	-10.0	-8.0	8	5	11	11	0
rg04_theta15p195_foilpm3	rg04_theta15p195_foilpm3	-3.0	-8.0	-5.0	0	2	11	11	0
rg04_theta15p195_foilpm3	rg04_theta15p195_foilpm3	-3.0	-8.0	-5.0	0	3	21	21	0
rg04_theta15p195_foilpm3	rg04_theta15p195_foilpm3	-3.0	-8.0	-5.0	0	4	31	31	0
rg04_theta15p195_foilpm3	rg04_theta15p195_foilpm3	-3.0	-8.0	-5.0	0	5	37	32	5
rg04_theta15p195_foilpm3	rg04_theta15p195_foilpm3	-3.0	-8.0	-5.0	0	6	0	0	0
rg04_theta15p195_foilpm3	rg04_theta15p195_foilpm3	-3.0	-8.0	-5.0	1	1	0	0	0
rg04_theta15p195_foilpm3	rg04_theta15p195_foilpm3	-3.0	-8.0	-5.0	1	2	19	19	0
rg04_theta15p195_foilpm3	rg04_theta15p195_foilpm3	-3.0	-8.0	-5.0	1	3	32	32	0
rg04_theta15p195_foilpm3	rg04_theta15p195_foilpm3	-3.0	-8.0	-5.0	1	4	40	32	8
rg04_theta15p195_foilpm3	rg04_theta15p195_foilpm3	-3.0	-8.0	-5.0	1	5	53	32	21
rg04_theta15p195_foilpm3	rg04_theta15p195_foilpm3	-3.0	-8.0	-5.0	1	6	19	19	0
rg04_theta15p195_foilpm3	rg04_theta15p195_foilpm3	-3.0	-8.0	-5.0	2	1	9	9	0
rg04_theta15p195_foilpm3	rg04_theta15p195_foilpm3	-3.0	-8.0	-5.0	2	2	18	18	0
rg04_theta15p195_foilpm3	rg04_theta15p195_foilpm3	-3.0	-8.0	-5.0	2	3	0	0	0
rg04_theta15p195_foilpm3	rg04_theta15p195_foilpm3	-3.0	-8.0	-5.0	2	4	48	32	16
rg04_theta15p195_foilpm3	rg04_theta15p195_foilpm3	-3.0	-8.0	-5.0	2	5	54	32	22
rg04_theta15p195_foilpm3	rg04_theta15p195_foilpm3	-3.0	-8.0	-5.0	2	6	56	32	24
rg04_theta15p195_foilpm3	rg04_theta15p195_foilpm3	-3.0	-8.0	-5.0	3	1	0	0	0
rg04_theta15p195_foilpm3	rg04_theta15p195_foilpm3	-3.0	-8.0	-5.0	3	2	27	27	0
rg04_theta15p195_foilpm3	rg04_theta15p195_foilpm3	-3.0	-8.0	-5.0	3	3	32	32	0
rg04_theta15p195_foilpm3	rg04_theta15p195_foilpm3	-3.0	-8.0	-5.0	3	4	61	32	29
rg04_theta15p195_foilpm3	rg04_theta15p195_foilpm3	-3.0	-8.0	-5.0	3	5	84	32	52
rg04_theta15p195_foilpm3	rg04_theta15p195_foilpm3	-3.0	-8.0	-5.0	3	6	76	32	44
rg04_theta15p195_foilpm3	rg04_theta15p195_foilpm3	-3.0	-8.0	-5.0	4	1	9	9	0
rg04_theta15p195_foilpm3	rg04_theta15p195_foilpm3	-3.0	-8.0	-5.0	4	2	30	30	0
rg04_theta15p195_foilpm3	rg04_theta15p195_foilpm3	-3.0	-8.0	-5.0	4	3	39	32	7
rg04_theta15p195_foilpm3	rg04_theta15p195_foilpm3	-3.0	-8.0	-5.0	4	4	15	15	0
rg04_theta15p195_foilpm3	rg04_theta15p195_foilpm3	-3.0	-8.0	-5.0	4	5	70	32	38
rg04_theta15p195_foilpm3	rg04_theta15p195_foilpm3	-3.0	-8.0	-5.0	4	6	90	32	58
rg04_theta15p195_foilpm3	rg04_theta15p195_foilpm3	-3.0	-8.0	-5.0	5	1	10	10	0
rg04_theta15p195_foilpm3	rg04_theta15p195_foilpm3	-3.0	-8.0	-5.0	5	2	23	23	0
rg04_theta15p195_foilpm3	rg04_theta15p195_foilpm3	-3.0	-8.0	-5.0	5	3	37	32	5
rg04_theta15p195_foilpm3	rg04_theta15p195_foilpm3	-3.0	-8.0	-5.0	5	4	64	32	32
rg04_theta15p195_foilpm3	rg04_theta15p195_foilpm3	-3.0	-8.0	-5.0	5	5	0	0	0
rg04_theta15p195_foilpm3	rg04_theta15p195_foilpm3	-3.0	-8.0	-5.0	5	6	88	32	56
rg04_theta15p195_foilpm3	rg04_theta15p195_foilpm3	-3.0	-8.0	-5.0	6	1	0	0	0
rg04_theta15p195_foilpm3	rg04_theta15p195_foilpm3	-3.0	-8.0	-5.0	6	2	27	27	0
rg04_theta15p195_foilpm3	rg04_theta15p195_foilpm3	-3.0	-8.0	-5.0	6	3	22	22	0
rg04_theta15p195_foilpm3	rg04_theta15p195_foilpm3	-3.0	-8.0	-5.0	6	4	68	32	36
rg04_theta15p195_foilpm3	rg04_theta15p195_foilpm3	-3.0	-8.0	-5.0	6	5	63	32	31
rg04_theta15p195_foilpm3	rg04_theta15p195_foilpm3	-3.0	-8.0	-5.0	6	6	76	32	44
rg04_theta15p195_foilpm3	rg04_theta15p195_foilpm3	-3.0	-8.0	-5.0	7	1	0	0	0
rg04_theta15p195_foilpm3	rg04_theta15p195_foilpm3	-3.0	-8.0	-5.0	7	2	12	12	0
rg04_theta15p195_foilpm3	rg04_theta15p195_foilpm3	-3.0	-8.0	-5.0	7	3	28	28	0
rg04_theta15p195_foilpm3	rg04_theta15p195_foilpm3	-3.0	-8.0	-5.0	7	4	38	32	6
rg04_theta15p195_foilpm3	rg04_theta15p195_foilpm3	-3.0	-8.0	-5.0	7	5	49	32	17
rg04_theta15p195_foilpm3	rg04_theta15p195_foilpm3	-3.0	-8.0	-5.0	7	6	60	32	28
rg04_theta15p195_foilpm3	rg04_theta15p195_foilpm3	-3.0	-8.0	-5.0	8	2	16	16	0
rg04_theta15p195_foilpm3	rg04_theta15p195_foilpm3	-3.0	-8.0	-5.0	8	3	23	23	0
rg04_theta15p195_foilpm3	rg04_theta15p195_foilpm3	-3.0	-8.0	-5.0	8	4	27	27	0
rg04_theta15p195_foilpm3	rg04_theta15p195_foilpm3	-3.0	-8.0	-5.0	8	5	36	32	4
rg04_theta15p195_foilpm3	rg04_theta15p195_foilpm3	-3.0	-8.0	-5.0	8	6	0	0	0
rg04_theta15p195_foilpm3	rg04_theta15p195_foilpm3	-3.0	-5.0	0.0	0	1	0	0	0
rg04_theta15p195_foilpm3	rg04_theta15p195_foilpm3	-3.0	-5.0	0.0	0	2	15	15	0
rg04_theta15p195_foilpm3	rg04_theta15p195_foilpm3	-3.0	-5.0	0.0	0	3	33	33	0
rg04_theta15p195_foilpm3	rg04_theta15p195_foilpm3	-3.0	-5.0	0.0	0	4	26	26	0
rg04_theta15p195_foilpm3	rg04_theta15p195_foilpm3	-3.0	-5.0	0.0	0	5	47	37	10
rg04_theta15p195_foilpm3	rg04_theta15p195_foilpm3	-3.0	-5.0	0.0	0	6	0	0	0
rg04_theta15p195_foilpm3	rg04_theta15p195_foilpm3	-3.0	-5.0	0.0	1	1	0	0	0
rg04_theta15p195_foilpm3	rg04_theta15p195_foilpm3	-3.0	-5.0	0.0	1	2	22	22	0
rg04_theta15p195_foilpm3	rg04_theta15p195_foilpm3	-3.0	-5.0	0.0	1	3	25	25	0
rg04_theta15p195_foilpm3	rg04_theta15p195_foilpm3	-3.0	-5.0	0.0	1	4	48	37	11
rg04_theta15p195_foilpm3	rg04_theta15p195_foilpm3	-3.0	-5.0	0.0	1	5	79	37	42
rg04_theta15p195_foilpm3	rg04_theta15p195_foilpm3	-3.0	-5.0	0.0	1	6	52	37	15
rg04_theta15p195_foilpm3	rg04_theta15p195_foilpm3	-3.0	-5.0	0.0	2	1	17	17	0
rg04_theta15p195_foilpm3	rg04_theta15p195_foilpm3	-3.0	-5.0	0.0	2	2	26	26	0
rg04_theta15p195_foilpm3	rg04_theta15p195_foilpm3	-3.0	-5.0	0.0	2	3	0	0	0
rg04_theta15p195_foilpm3	rg04_theta15p195_foilpm3	-3.0	-5.0	0.0	2	4	60	37	23
rg04_theta15p195_foilpm3	rg04_theta15p195_foilpm3	-3.0	-5.0	0.0	2	5	75	37	38
rg04_theta15p195_foilpm3	rg04_theta15p195_foilpm3	-3.0	-5.0	0.0	2	6	93	37	56
rg04_theta15p195_foilpm3	rg04_theta15p195_foilpm3	-3.0	-5.0	0.0	3	1	17	17	0
rg04_theta15p195_foilpm3	rg04_theta15p195_foilpm3	-3.0	-5.0	0.0	3	2	32	32	0
rg04_theta15p195_foilpm3	rg04_theta15p195_foilpm3	-3.0	-5.0	0.0	3	3	53	37	16
rg04_theta15p195_foilpm3	rg04_theta15p195_foilpm3	-3.0	-5.0	0.0	3	4	78	37	41
rg04_theta15p195_foilpm3	rg04_theta15p195_foilpm3	-3.0	-5.0	0.0	3	5	95	37	58
rg04_theta15p195_foilpm3	rg04_theta15p195_foilpm3	-3.0	-5.0	0.0	3	6	153	37	116
rg04_theta15p195_foilpm3	rg04_theta15p195_foilpm3	-3.0	-5.0	0.0	4	1	19	19	0
rg04_theta15p195_foilpm3	rg04_theta15p195_foilpm3	-3.0	-5.0	0.0	4	2	39	37	2
rg04_theta15p195_foilpm3	rg04_theta15p195_foilpm3	-3.0	-5.0	0.0	4	3	61	37	24
rg04_theta15p195_foilpm3	rg04_theta15p195_foilpm3	-3.0	-5.0	0.0	4	4	18	18	0
rg04_theta15p195_foilpm3	rg04_theta15p195_foilpm3	-3.0	-5.0	0.0	4	5	127	37	90
rg04_theta15p195_foilpm3	rg04_theta15p195_foilpm3	-3.0	-5.0	0.0	4	6	136	37	99
rg04_theta15p195_foilpm3	rg04_theta15p195_foilpm3	-3.0	-5.0	0.0	5	1	12	12	0
rg04_theta15p195_foilpm3	rg04_theta15p195_foilpm3	-3.0	-5.0	0.0	5	2	33	33	0
rg04_theta15p195_foilpm3	rg04_theta15p195_foilpm3	-3.0	-5.0	0.0	5	3	48	37	11
rg04_theta15p195_foilpm3	rg04_theta15p195_foilpm3	-3.0	-5.0	0.0	5	4	85	37	48
rg04_theta15p195_foilpm3	rg04_theta15p195_foilpm3	-3.0	-5.0	0.0	5	5	0	0	0
rg04_theta15p195_foilpm3	rg04_theta15p195_foilpm3	-3.0	-5.0	0.0	5	6	149	37	112
rg04_theta15p195_foilpm3	rg04_theta15p195_foilpm3	-3.0	-5.0	0.0	6	1	13	13	0
rg04_theta15p195_foilpm3	rg04_theta15p195_foilpm3	-3.0	-5.0	0.0	6	2	23	23	0
rg04_theta15p195_foilpm3	rg04_theta15p195_foilpm3	-3.0	-5.0	0.0	6	3	56	37	19
rg04_theta15p195_foilpm3	rg04_theta15p195_foilpm3	-3.0	-5.0	0.0	6	4	79	37	42
rg04_theta15p195_foilpm3	rg04_theta15p195_foilpm3	-3.0	-5.0	0.0	6	5	83	37	46
rg04_theta15p195_foilpm3	rg04_theta15p195_foilpm3	-3.0	-5.0	0.0	6	6	133	37	96
rg04_theta15p195_foilpm3	rg04_theta15p195_foilpm3	-3.0	-5.0	0.0	7	1	0	0	0
rg04_theta15p195_foilpm3	rg04_theta15p195_foilpm3	-3.0	-5.0	0.0	7	2	25	25	0
rg04_theta15p195_foilpm3	rg04_theta15p195_foilpm3	-3.0	-5.0	0.0	7	3	37	37	0
rg04_theta15p195_foilpm3	rg04_theta15p195_foilpm3	-3.0	-5.0	0.0	7	4	61	37	24
rg04_theta15p195_foilpm3	rg04_theta15p195_foilpm3	-3.0	-5.0	0.0	7	5	79	37	42
rg04_theta15p195_foilpm3	rg04_theta15p195_foilpm3	-3.0	-5.0	0.0	7	6	95	37	58
rg04_theta15p195_foilpm3	rg04_theta15p195_foilpm3	-3.0	-5.0	0.0	8	2	11	11	0
rg04_theta15p195_foilpm3	rg04_theta15p195_foilpm3	-3.0	-5.0	0.0	8	3	28	28	0
rg04_theta15p195_foilpm3	rg04_theta15p195_foilpm3	-3.0	-5.0	0.0	8	4	33	33	0
rg04_theta15p195_foilpm3	rg04_theta15p195_foilpm3	-3.0	-5.0	0.0	8	5	62	37	25
rg04_theta15p195_foilpm3	rg04_theta15p195_foilpm3	-3.0	-5.0	0.0	8	6	0	0	0
rg04_theta15p195_foilpm3	rg04_theta15p195_foilpm3	-3.0	0.0	5.0	0	2	0	0	0
rg04_theta15p195_foilpm3	rg04_theta15p195_foilpm3	-3.0	0.0	5.0	0	3	12	12	0
rg04_theta15p195_foilpm3	rg04_theta15p195_foilpm3	-3.0	0.0	5.0	0	4	26	24	2
rg04_theta15p195_foilpm3	rg04_theta15p195_foilpm3	-3.0	0.0	5.0	0	5	37	24	13
rg04_theta15p195_foilpm3	rg04_theta15p195_foilpm3	-3.0	0.0	5.0	0	6	0	0	0
rg04_theta15p195_foilpm3	rg04_theta15p195_foilpm3	-3.0	0.0	5.0	1	1	0	0	0
rg04_theta15p195_foilpm3	rg04_theta15p195_foilpm3	-3.0	0.0	5.0	1	2	0	0	0
rg04_theta15p195_foilpm3	rg04_theta15p195_foilpm3	-3.0	0.0	5.0	1	3	12	12	0
rg04_theta15p195_foilpm3	rg04_theta15p195_foilpm3	-3.0	0.0	5.0	1	4	24	24	0
rg04_theta15p195_foilpm3	rg04_theta15p195_foilpm3	-3.0	0.0	5.0	1	5	43	24	19
rg04_theta15p195_foilpm3	rg04_theta15p195_foilpm3	-3.0	0.0	5.0	1	6	61	24	37
rg04_theta15p195_foilpm3	rg04_theta15p195_foilpm3	-3.0	0.0	5.0	2	1	0	0	0
rg04_theta15p195_foilpm3	rg04_theta15p195_foilpm3	-3.0	0.0	5.0	2	2	16	16	0
rg04_theta15p195_foilpm3	rg04_theta15p195_foilpm3	-3.0	0.0	5.0	2	3	0	0	0
rg04_theta15p195_foilpm3	rg04_theta15p195_foilpm3	-3.0	0.0	5.0	2	4	37	24	13
rg04_theta15p195_foilpm3	rg04_theta15p195_foilpm3	-3.0	0.0	5.0	2	5	65	24	41
rg04_theta15p195_foilpm3	rg04_theta15p195_foilpm3	-3.0	0.0	5.0	2	6	86	24	62
rg04_theta15p195_foilpm3	rg04_theta15p195_foilpm3	-3.0	0.0	5.0	3	1	9	9	0
rg04_theta15p195_foilpm3	rg04_theta15p195_foilpm3	-3.0	0.0	5.0	3	2	16	16	0
rg04_theta15p195_foilpm3	rg04_theta15p195_foilpm3	-3.0	0.0	5.0	3	3	31	24	7
rg04_theta15p195_foilpm3	rg04_theta15p195_foilpm3	-3.0	0.0	5.0	3	4	47	24	23
rg04_theta15p195_foilpm3	rg04_theta15p195_foilpm3	-3.0	0.0	5.0	3	5	90	24	66
rg04_theta15p195_foilpm3	rg04_theta15p195_foilpm3	-3.0	0.0	5.0	3	6	120	24	96
rg04_theta15p195_foilpm3	rg04_theta15p195_foilpm3	-3.0	0.0	5.0	4	1	12	12	0
rg04_theta15p195_foilpm3	rg04_theta15p195_foilpm3	-3.0	0.0	5.0	4	2	21	21	0
rg04_theta15p195_foilpm3	rg04_theta15p195_foilpm3	-3.0	0.0	5.0	4	3	26	24	2
rg04_theta15p195_foilpm3	rg04_theta15p195_foilpm3	-3.0	0.0	5.0	4	4	9	9	0
rg04_theta15p195_foilpm3	rg04_theta15p195_foilpm3	-3.0	0.0	5.0	4	5	60	24	36
rg04_theta15p195_foilpm3	rg04_theta15p195_foilpm3	-3.0	0.0	5.0	4	6	109	24	85
rg04_theta15p195_foilpm3	rg04_theta15p195_foilpm3	-3.0	0.0	5.0	5	1	10	10	0
rg04_theta15p195_foilpm3	rg04_theta15p195_foilpm3	-3.0	0.0	5.0	5	2	19	19	0
rg04_theta15p195_foilpm3	rg04_theta15p195_foilpm3	-3.0	0.0	5.0	5	3	27	24	3
rg04_theta15p195_foilpm3	rg04_theta15p195_foilpm3	-3.0	0.0	5.0	5	4	42	24	18
rg04_theta15p195_foilpm3	rg04_theta15p195_foilpm3	-3.0	0.0	5.0	5	5	0	0	0
rg04_theta15p195_foilpm3	rg04_theta15p195_foilpm3	-3.0	0.0	5.0	5	6	99	24	75
rg04_theta15p195_foilpm3	rg04_theta15p195_foilpm3	-3.0	0.0	5.0	6	1	0	0	0
rg04_theta15p195_foilpm3	rg04_theta15p195_foilpm3	-3.0	0.0	5.0	6	2	8	8	0
rg04_theta15p195_foilpm3	rg04_theta15p195_foilpm3	-3.0	0.0	5.0	6	3	26	24	2
rg04_theta15p195_foilpm3	rg04_theta15p195_foilpm3	-3.0	0.0	5.0	6	4	39	24	15
rg04_theta15p195_foilpm3	rg04_theta15p195_foilpm3	-3.0	0.0	5.0	6	5	61	24	37
rg04_theta15p195_foilpm3	rg04_theta15p195_foilpm3	-3.0	0.0	5.0	6	6	91	24	67
rg04_theta15p195_foilpm3	rg04_theta15p195_foilpm3	-3.0	0.0	5.0	7	1	0	0	0
rg04_theta15p195_foilpm3	rg04_theta15p195_foilpm3	-3.0	0.0	5.0	7	2	8	8	0
rg04_theta15p195_foilpm3	rg04_theta15p195_foilpm3	-3.0	0.0	5.0	7	3	12	12	0
rg04_theta15p195_foilpm3	rg04_theta15p195_foilpm3	-3.0	0.0	5.0	7	4	34	24	10
rg04_theta15p195_foilpm3	rg04_theta15p195_foilpm3	-3.0	0.0	5.0	7	5	43	24	19
rg04_theta15p195_foilpm3	rg04_theta15p195_foilpm3	-3.0	0.0	5.0	7	6	63	24	39
rg04_theta15p195_foilpm3	rg04_theta15p195_foilpm3	-3.0	0.0	5.0	8	2	0	0	0
rg04_theta15p195_foilpm3	rg04_theta15p195_foilpm3	-3.0	0.0	5.0	8	3	14	14	0
rg04_theta15p195_foilpm3	rg04_theta15p195_foilpm3	-3.0	0.0	5.0	8	4	21	21	0
rg04_theta15p195_foilpm3	rg04_theta15p195_foilpm3	-3.0	0.0	5.0	8	5	36	24	12
rg04_theta15p195_foilpm3	rg04_theta15p195_foilpm3	-3.0	5.0	10.0	0	2	0	0	0
rg04_theta15p195_foilpm3	rg04_theta15p195_foilpm3	-3.0	5.0	10.0	0	3	0	0	0
rg04_theta15p195_foilpm3	rg04_theta15p195_foilpm3	-3.0	5.0	10.0	0	4	0	0	0
rg04_theta15p195_foilpm3	rg04_theta15p195_foilpm3	-3.0	5.0	10.0	0	5	9	9	0
rg04_theta15p195_foilpm3	rg04_theta15p195_foilpm3	-3.0	5.0	10.0	1	2	0	0	0
rg04_theta15p195_foilpm3	rg04_theta15p195_foilpm3	-3.0	5.0	10.0	1	3	0	0	0
rg04_theta15p195_foilpm3	rg04_theta15p195_foilpm3	-3.0	5.0	10.0	1	4	18	17	1
rg04_theta15p195_foilpm3	rg04_theta15p195_foilpm3	-3.0	5.0	10.0	1	5	26	17	9
rg04_theta15p195_foilpm3	rg04_theta15p195_foilpm3	-3.0	5.0	10.0	1	6	38	17	21
rg04_theta15p195_foilpm3	rg04_theta15p195_foilpm3	-3.0	5.0	10.0	2	2	0	0	0
rg04_theta15p195_foilpm3	rg04_theta15p195_foilpm3	-3.0	5.0	10.0	2	4	17	17	0
rg04_theta15p195_foilpm3	rg04_theta15p195_foilpm3	-3.0	5.0	10.0	2	5	31	17	14
rg04_theta15p195_foilpm3	rg04_theta15p195_foilpm3	-3.0	5.0	10.0	2	6	48	17	31
rg04_theta15p195_foilpm3	rg04_theta15p195_foilpm3	-3.0	5.0	10.0	3	2	0	0	0
rg04_theta15p195_foilpm3	rg04_theta15p195_foilpm3	-3.0	5.0	10.0	3	3	0	0	0
rg04_theta15p195_foilpm3	rg04_theta15p195_foilpm3	-3.0	5.0	10.0	3	4	16	16	0
rg04_theta15p195_foilpm3	rg04_theta15p195_foilpm3	-3.0	5.0	10.0	3	5	37	17	20
rg04_theta15p195_foilpm3	rg04_theta15p195_foilpm3	-3.0	5.0	10.0	3	6	54	17	37
rg04_theta15p195_foilpm3	rg04_theta15p195_foilpm3	-3.0	5.0	10.0	4	2	8	8	0
rg04_theta15p195_foilpm3	rg04_theta15p195_foilpm3	-3.0	5.0	10.0	4	3	12	12	0
rg04_theta15p195_foilpm3	rg04_theta15p195_foilpm3	-3.0	5.0	10.0	4	4	10	10	0
rg04_theta15p195_foilpm3	rg04_theta15p195_foilpm3	-3.0	5.0	10.0	4	5	34	17	17
rg04_theta15p195_foilpm3	rg04_theta15p195_foilpm3	-3.0	5.0	10.0	4	6	56	17	39
rg04_theta15p195_foilpm3	rg04_theta15p195_foilpm3	-3.0	5.0	10.0	5	2	0	0	0
rg04_theta15p195_foilpm3	rg04_theta15p195_foilpm3	-3.0	5.0	10.0	5	3	15	15	0
rg04_theta15p195_foilpm3	rg04_theta15p195_foilpm3	-3.0	5.0	10.0	5	4	20	17	3
rg04_theta15p195_foilpm3	rg04_theta15p195_foilpm3	-3.0	5.0	10.0	5	5	0	0	0
rg04_theta15p195_foilpm3	rg04_theta15p195_foilpm3	-3.0	5.0	10.0	5	6	59	17	42
rg04_theta15p195_foilpm3	rg04_theta15p195_foilpm3	-3.0	5.0	10.0	6	2	0	0	0
rg04_theta15p195_foilpm3	rg04_theta15p195_foilpm3	-3.0	5.0	10.0	6	3	10	10	0
rg04_theta15p195_foilpm3	rg04_theta15p195_foilpm3	-3.0	5.0	10.0	6	4	11	11	0
rg04_theta15p195_foilpm3	rg04_theta15p195_foilpm3	-3.0	5.0	10.0	6	5	31	17	14
rg04_theta15p195_foilpm3	rg04_theta15p195_foilpm3	-3.0	5.0	10.0	6	6	34	17	17
rg04_theta15p195_foilpm3	rg04_theta15p195_foilpm3	-3.0	5.0	10.0	7	2	0	0	0
rg04_theta15p195_foilpm3	rg04_theta15p195_foilpm3	-3.0	5.0	10.0	7	3	0	0	0
rg04_theta15p195_foilpm3	rg04_theta15p195_foilpm3	-3.0	5.0	10.0	7	4	11	11	0
rg04_theta15p195_foilpm3	rg04_theta15p195_foilpm3	-3.0	5.0	10.0	7	5	17	17	0
rg04_theta15p195_foilpm3	rg04_theta15p195_foilpm3	-3.0	5.0	10.0	7	6	33	17	16
rg04_theta15p195_foilpm3	rg04_theta15p195_foilpm3	-3.0	5.0	10.0	8	3	0	0	0
rg04_theta15p195_foilpm3	rg04_theta15p195_foilpm3	-3.0	5.0	10.0	8	4	9	9	0
rg04_theta15p195_foilpm3	rg04_theta15p195_foilpm3	-3.0	5.0	10.0	8	5	14	14	0
rg04_theta15p195_foilpm3	rg04_theta15p195_foilpm3	3.0	-10.0	-8.0	0	2	0	0	0
rg04_theta15p195_foilpm3	rg04_theta15p195_foilpm3	3.0	-10.0	-8.0	0	3	11	11	0
rg04_theta15p195_foilpm3	rg04_theta15p195_foilpm3	3.0	-10.0	-8.0	0	4	11	11	0
rg04_theta15p195_foilpm3	rg04_theta15p195_foilpm3	3.0	-10.0	-8.0	0	5	22	16	6
rg04_theta15p195_foilpm3	rg04_theta15p195_foilpm3	3.0	-10.0	-8.0	0	6	19	16	3
rg04_theta15p195_foilpm3	rg04_theta15p195_foilpm3	3.0	-10.0	-8.0	0	7	0	0	0
rg04_theta15p195_foilpm3	rg04_theta15p195_foilpm3	3.0	-10.0	-8.0	1	2	12	12	0
rg04_theta15p195_foilpm3	rg04_theta15p195_foilpm3	3.0	-10.0	-8.0	1	3	8	8	0
rg04_theta15p195_foilpm3	rg04_theta15p195_foilpm3	3.0	-10.0	-8.0	1	4	25	16	9
rg04_theta15p195_foilpm3	rg04_theta15p195_foilpm3	3.0	-10.0	-8.0	1	5	28	16	12
rg04_theta15p195_foilpm3	rg04_theta15p195_foilpm3	3.0	-10.0	-8.0	1	6	32	16	16
rg04_theta15p195_foilpm3	rg04_theta15p195_foilpm3	3.0	-10.0	-8.0	2	2	10	10	0
rg04_theta15p195_foilpm3	rg04_theta15p195_foilpm3	3.0	-10.0	-8.0	2	3	0	0	0
rg04_theta15p195_foilpm3	rg04_theta15p195_foilpm3	3.0	-10.0	-8.0	2	4	25	16	9
rg04_theta15p195_foilpm3	rg04_theta15p195_foilpm3	3.0	-10.0	-8.0	2	5	30	16	14
rg04_theta15p195_foilpm3	rg04_theta15p195_foilpm3	3.0	-10.0	-8.0	2	6	46	16	30
rg04_theta15p195_foilpm3	rg04_theta15p195_foilpm3	3.0	-10.0	-8.0	2	7	0	0	0
rg04_theta15p195_foilpm3	rg04_theta15p195_foilpm3	3.0	-10.0	-8.0	3	2	11	11	0
rg04_theta15p195_foilpm3	rg04_theta15p195_foilpm3	3.0	-10.0	-8.0	3	3	23	16	7
rg04_theta15p195_foilpm3	rg04_theta15p195_foilpm3	3.0	-10.0	-8.0	3	4	21	16	5
rg04_theta15p195_foilpm3	rg04_theta15p195_foilpm3	3.0	-10.0	-8.0	3	5	40	16	24
rg04_theta15p195_foilpm3	rg04_theta15p195_foilpm3	3.0	-10.0	-8.0	3	6	60	16	44
rg04_theta15p195_foilpm3	rg04_theta15p195_foilpm3	3.0	-10.0	-8.0	3	7	11	11	0
rg04_theta15p195_foilpm3	rg04_theta15p195_foilpm3	3.0	-10.0	-8.0	4	2	11	11	0
rg04_theta15p195_foilpm3	rg04_theta15p195_foilpm3	3.0	-10.0	-8.0	4	3	20	16	4
rg04_theta15p195_foilpm3	rg04_theta15p195_foilpm3	3.0	-10.0	-8.0	4	4	0	0	0
rg04_theta15p195_foilpm3	rg04_theta15p195_foilpm3	3.0	-10.0	-8.0	4	5	44	16	28
rg04_theta15p195_foilpm3	rg04_theta15p195_foilpm3	3.0	-10.0	-8.0	4	6	53	16	37
rg04_theta15p195_foilpm3	rg04_theta15p195_foilpm3	3.0	-10.0	-8.0	4	7	13	13	0
rg04_theta15p195_foilpm3	rg04_theta15p195_foilpm3	3.0	-10.0	-8.0	5	2	0	0	0
rg04_theta15p195_foilpm3	rg04_theta15p195_foilpm3	3.0	-10.0	-8.0	5	3	15	15	0
rg04_theta15p195_foilpm3	rg04_theta15p195_foilpm3	3.0	-10.0	-8.0	5	4	28	16	12
rg04_theta15p195_foilpm3	rg04_theta15p195_foilpm3	3.0	-10.0	-8.0	5	6	37	16	21
rg04_theta15p195_foilpm3	rg04_theta15p195_foilpm3	3.0	-10.0	-8.0	5	7	10	10	0
rg04_theta15p195_foilpm3	rg04_theta15p195_foilpm3	3.0	-10.0	-8.0	6	2	0	0	0
rg04_theta15p195_foilpm3	rg04_theta15p195_foilpm3	3.0	-10.0	-8.0	6	3	10	10	0
rg04_theta15p195_foilpm3	rg04_theta15p195_foilpm3	3.0	-10.0	-8.0	6	4	25	16	9
rg04_theta15p195_foilpm3	rg04_theta15p195_foilpm3	3.0	-10.0	-8.0	6	5	25	16	9
rg04_theta15p195_foilpm3	rg04_theta15p195_foilpm3	3.0	-10.0	-8.0	6	6	44	16	28
rg04_theta15p195_foilpm3	rg04_theta15p195_foilpm3	3.0	-10.0	-8.0	6	7	0	0	0
rg04_theta15p195_foilpm3	rg04_theta15p195_foilpm3	3.0	-10.0	-8.0	7	2	0	0	0
rg04_theta15p195_foilpm3	rg04_theta15p195_foilpm3	3.0	-10.0	-8.0	7	3	11	11	0
rg04_theta15p195_foilpm3	rg04_theta15p195_foilpm3	3.0	-10.0	-8.0	7	4	17	16	1
rg04_theta15p195_foilpm3	rg04_theta15p195_foilpm3	3.0	-10.0	-8.0	7	5	16	16	0
rg04_theta15p195_foilpm3	rg04_theta15p195_foilpm3	3.0	-10.0	-8.0	7	6	25	16	9
rg04_theta15p195_foilpm3	rg04_theta15p195_foilpm3	3.0	-10.0	-8.0	7	7	0	0	0
rg04_theta15p195_foilpm3	rg04_theta15p195_foilpm3	3.0	-10.0	-8.0	8	3	0	0	0
rg04_theta15p195_foilpm3	rg04_theta15p195_foilpm3	3.0	-10.0	-8.0	8	4	0	0	0
rg04_theta15p195_foilpm3	rg04_theta15p195_foilpm3	3.0	-10.0	-8.0	8	5	10	10	0
rg04_theta15p195_foilpm3	rg04_theta15p195_foilpm3	3.0	-10.0	-8.0	8	6	12	12	0
rg04_theta15p195_foilpm3	rg04_theta15p195_foilpm3	3.0	-8.0	-5.0	0	2	0	0	0
rg04_theta15p195_foilpm3	rg04_theta15p195_foilpm3	3.0	-8.0	-5.0	0	3	15	15	0
rg04_theta15p195_foilpm3	rg04_theta15p195_foilpm3	3.0	-8.0	-5.0	0	4	24	24	0
rg04_theta15p195_foilpm3	rg04_theta15p195_foilpm3	3.0	-8.0	-5.0	0	5	29	29	0
rg04_theta15p195_foilpm3	rg04_theta15p195_foilpm3	3.0	-8.0	-5.0	0	6	25	25	0
rg04_theta15p195_foilpm3	rg04_theta15p195_foilpm3	3.0	-8.0	-5.0	1	2	14	14	0
rg04_theta15p195_foilpm3	rg04_theta15p195_foilpm3	3.0	-8.0	-5.0	1	3	21	21	0
rg04_theta15p195_foilpm3	rg04_theta15p195_foilpm3	3.0	-8.0	-5.0	1	4	28	28	0
rg04_theta15p195_foilpm3	rg04_theta15p195_foilpm3	3.0	-8.0	-5.0	1	5	49	33	16
rg04_theta15p195_foilpm3	rg04_theta15p195_foilpm3	3.0	-8.0	-5.0	1	6	55	33	22
rg04_theta15p195_foilpm3	rg04_theta15p195_foilpm3	3.0	-8.0	-5.0	1	7	0	0	0
rg04_theta15p195_foilpm3	rg04_theta15p195_foilpm3	3.0	-8.0	-5.0	2	2	0	0	0
rg04_theta15p195_foilpm3	rg04_theta15p195_foilpm3	3.0	-8.0	-5.0	2	3	0	0	0
rg04_theta15p195_foilpm3	rg04_theta15p195_foilpm3	3.0	-8.0	-5.0	2	4	42	33	9
rg04_theta15p195_foilpm3	rg04_theta15p195_foilpm3	3.0	-8.0	-5.0	2	5	54	33	21
rg04_theta15p195_foilpm3	rg04_theta15p195_foilpm3	3.0	-8.0	-5.0	2	6	54	33	21
rg04_theta15p195_foilpm3	rg04_theta15p195_foilpm3	3.0	-8.0	-5.0	2	7	41	33	8
rg04_theta15p195_foilpm3	rg04_theta15p195_foilpm3	3.0	-8.0	-5.0	3	2	18	18	0
rg04_theta15p195_foilpm3	rg04_theta15p195_foilpm3	3.0	-8.0	-5.0	3	3	22	22	0
rg04_theta15p195_foilpm3	rg04_theta15p195_foilpm3	3.0	-8.0	-5.0	3	4	45	33	12
rg04_theta15p195_foilpm3	rg04_theta15p195_foilpm3	3.0	-8.0	-5.0	3	5	63	33	30
rg04_theta15p195_foilpm3	rg04_theta15p195_foilpm3	3.0	-8.0	-5.0	3	6	74	33	41
rg04_theta15p195_foilpm3	rg04_theta15p195_foilpm3	3.0	-8.0	-5.0	3	7	71	33	38
rg04_theta15p195_foilpm3	rg04_theta15p195_foilpm3	3.0	-8.0	-5.0	4	2	27	27	0
rg04_theta15p195_foilpm3	rg04_theta15p195_foilpm3	3.0	-8.0	-5.0	4	3	30	30	0
rg04_theta15p195_foilpm3	rg04_theta15p195_foilpm3	3.0	-8.0	-5.0	4	4	13	13	0
rg04_theta15p195_foilpm3	rg04_theta15p195_foilpm3	3.0	-8.0	-5.0	4	5	56	33	23
rg04_theta15p195_foilpm3	rg04_theta15p195_foilpm3	3.0	-8.0	-5.0	4	6	86	33	53
rg04_theta15p195_foilpm3	rg04_theta15p195_foilpm3	3.0	-8.0	-5.0	4	7	94	33	61
rg04_theta15p195_foilpm3	rg04_theta15p195_foilpm3	3.0	-8.0	-5.0	5	2	9	9	0
rg04_theta15p195_foilpm3	rg04_theta15p195_foilpm3	3.0	-8.0	-5.0	5	3	31	31	0
rg04_theta15p195_foilpm3	rg04_theta15p195_foilpm3	3.0	-8.0	-5.0	5	4	42	33	9
rg04_theta15p195_foilpm3	rg04_theta15p195_foilpm3	3.0	-8.0	-5.0	5	5	0	0	0
rg04_theta15p195_foilpm3	rg04_theta15p195_foilpm3	3.0	-8.0	-5.0	5	6	71	33	38
rg04_theta15p195_foilpm3	rg04_theta15p195_foilpm3	3.0	-8.0	-5.0	5	7	74	33	41
rg04_theta15p195_foilpm3	rg04_theta15p195_foilpm3	3.0	-8.0	-5.0	6	2	10	10	0
rg04_theta15p195_foilpm3	rg04_theta15p195_foilpm3	3.0	-8.0	-5.0	6	3	25	25	0
rg04_theta15p195_foilpm3	rg04_theta15p195_foilpm3	3.0	-8.0	-5.0	6	4	27	27	0
rg04_theta15p195_foilpm3	rg04_theta15p195_foilpm3	3.0	-8.0	-5.0	6	5	52	33	19
rg04_theta15p195_foilpm3	rg04_theta15p195_foilpm3	3.0	-8.0	-5.0	6	6	61	33	28
rg04_theta15p195_foilpm3	rg04_theta15p195_foilpm3	3.0	-8.0	-5.0	6	7	56	33	23
rg04_theta15p195_foilpm3	rg04_theta15p195_foilpm3	3.0	-8.0	-5.0	7	2	9	9	0
rg04_theta15p195_foilpm3	rg04_theta15p195_foilpm3	3.0	-8.0	-5.0	7	3	18	18	0
rg04_theta15p195_foilpm3	rg04_theta15p195_foilpm3	3.0	-8.0	-5.0	7	4	31	31	0
rg04_theta15p195_foilpm3	rg04_theta15p195_foilpm3	3.0	-8.0	-5.0	7	5	41	33	8
rg04_theta15p195_foilpm3	rg04_theta15p195_foilpm3	3.0	-8.0	-5.0	7	6	53	33	20
rg04_theta15p195_foilpm3	rg04_theta15p195_foilpm3	3.0	-8.0	-5.0	7	7	0	0	0
rg04_theta15p195_foilpm3	rg04_theta15p195_foilpm3	3.0	-8.0	-5.0	8	3	16	16	0
rg04_theta15p195_foilpm3	rg04_theta15p195_foilpm3	3.0	-8.0	-5.0	8	4	12	12	0
rg04_theta15p195_foilpm3	rg04_theta15p195_foilpm3	3.0	-8.0	-5.0	8	5	32	32	0
rg04_theta15p195_foilpm3	rg04_theta15p195_foilpm3	3.0	-8.0	-5.0	8	6	32	32	0
rg04_theta15p195_foilpm3	rg04_theta15p195_foilpm3	3.0	-5.0	0.0	0	3	13	13	0
rg04_theta15p195_foilpm3	rg04_theta15p195_foilpm3	3.0	-5.0	0.0	0	4	21	21	0
rg04_theta15p195_foilpm3	rg04_theta15p195_foilpm3	3.0	-5.0	0.0	0	5	35	34	1
rg04_theta15p195_foilpm3	rg04_theta15p195_foilpm3	3.0	-5.0	0.0	0	6	63	34	29
rg04_theta15p195_foilpm3	rg04_theta15p195_foilpm3	3.0	-5.0	0.0	1	2	16	16	0
rg04_theta15p195_foilpm3	rg04_theta15p195_foilpm3	3.0	-5.0	0.0	1	3	23	23	0
rg04_theta15p195_foilpm3	rg04_theta15p195_foilpm3	3.0	-5.0	0.0	1	4	35	34	1
rg04_theta15p195_foilpm3	rg04_theta15p195_foilpm3	3.0	-5.0	0.0	1	5	49	34	15
rg04_theta15p195_foilpm3	rg04_theta15p195_foilpm3	3.0	-5.0	0.0	1	6	78	34	44
rg04_theta15p195_foilpm3	rg04_theta15p195_foilpm3	3.0	-5.0	0.0	1	7	0	0	0
rg04_theta15p195_foilpm3	rg04_theta15p195_foilpm3	3.0	-5.0	0.0	2	2	0	0	0
rg04_theta15p195_foilpm3	rg04_theta15p195_foilpm3	3.0	-5.0	0.0	2	3	0	0	0
rg04_theta15p195_foilpm3	rg04_theta15p195_foilpm3	3.0	-5.0	0.0	2	4	46	34	12
rg04_theta15p195_foilpm3	rg04_theta15p195_foilpm3	3.0	-5.0	0.0	2	5	63	34	29
rg04_theta15p195_foilpm3	rg04_theta15p195_foilpm3	3.0	-5.0	0.0	2	6	85	34	51
rg04_theta15p195_foilpm3	rg04_theta15p195_foilpm3	3.0	-5.0	0.0	2	7	137	34	103
rg04_theta15p195_foilpm3	rg04_theta15p195_foilpm3	3.0	-5.0	0.0	3	2	19	19	0
rg04_theta15p195_foilpm3	rg04_theta15p195_foilpm3	3.0	-5.0	0.0	3	3	35	34	1
rg04_theta15p195_foilpm3	rg04_theta15p195_foilpm3	3.0	-5.0	0.0	3	4	61	34	27
rg04_theta15p195_foilpm3	rg04_theta15p195_foilpm3	3.0	-5.0	0.0	3	5	88	34	54
rg04_theta15p195_foilpm3	rg04_theta15p195_foilpm3	3.0	-5.0	0.0	3	6	125	34	91
rg04_theta15p195_foilpm3	rg04_theta15p195_foilpm3	3.0	-5.0	0.0	3	7	150	34	116
rg04_theta15p195_foilpm3	rg04_theta15p195_foilpm3	3.0	-5.0	0.0	4	2	17	17	0
rg04_theta15p195_foilpm3	rg04_theta15p195_foilpm3	3.0	-5.0	0.0	4	3	41	34	7
rg04_theta15p195_foilpm3	rg04_theta15p195_foilpm3	3.0	-5.0	0.0	4	4	18	18	0
rg04_theta15p195_foilpm3	rg04_theta15p195_foilpm3	3.0	-5.0	0.0	4	5	94	34	60
rg04_theta15p195_foilpm3	rg04_theta15p195_foilpm3	3.0	-5.0	0.0	4	6	121	34	87
rg04_theta15p195_foilpm3	rg04_theta15p195_foilpm3	3.0	-5.0	0.0	4	7	161	34	127
rg04_theta15p195_foilpm3	rg04_theta15p195_foilpm3	3.0	-5.0	0.0	5	2	21	21	0
rg04_theta15p195_foilpm3	rg04_theta15p195_foilpm3	3.0	-5.0	0.0	5	3	45	34	11
rg04_theta15p195_foilpm3	rg04_theta15p195_foilpm3	3.0	-5.0	0.0	5	4	69	34	35
rg04_theta15p195_foilpm3	rg04_theta15p195_foilpm3	3.0	-5.0	0.0	5	6	118	34	84
rg04_theta15p195_foilpm3	rg04_theta15p195_foilpm3	3.0	-5.0	0.0	5	7	146	34	112
rg04_theta15p195_foilpm3	rg04_theta15p195_foilpm3	3.0	-5.0	0.0	6	2	16	16	0
rg04_theta15p195_foilpm3	rg04_theta15p195_foilpm3	3.0	-5.0	0.0	6	3	32	32	0
rg04_theta15p195_foilpm3	rg04_theta15p195_foilpm3	3.0	-5.0	0.0	6	4	42	34	8
rg04_theta15p195_foilpm3	rg04_theta15p195_foilpm3	3.0	-5.0	0.0	6	5	71	34	37
rg04_theta15p195_foilpm3	rg04_theta15p195_foilpm3	3.0	-5.0	0.0	6	6	98	34	64
rg04_theta15p195_foilpm3	rg04_theta15p195_foilpm3	3.0	-5.0	0.0	6	7	133	34	99
rg04_theta15p195_foilpm3	rg04_theta15p195_foilpm3	3.0	-5.0	0.0	7	2	14	14	0
rg04_theta15p195_foilpm3	rg04_theta15p195_foilpm3	3.0	-5.0	0.0	7	3	17	17	0
rg04_theta15p195_foilpm3	rg04_theta15p195_foilpm3	3.0	-5.0	0.0	7	4	37	34	3
rg04_theta15p195_foilpm3	rg04_theta15p195_foilpm3	3.0	-5.0	0.0	7	5	53	34	19
rg04_theta15p195_foilpm3	rg04_theta15p195_foilpm3	3.0	-5.0	0.0	7	6	69	34	35
rg04_theta15p195_foilpm3	rg04_theta15p195_foilpm3	3.0	-5.0	0.0	7	7	0	0	0
rg04_theta15p195_foilpm3	rg04_theta15p195_foilpm3	3.0	-5.0	0.0	8	3	11	11	0
rg04_theta15p195_foilpm3	rg04_theta15p195_foilpm3	3.0	-5.0	0.0	8	4	28	28	0
rg04_theta15p195_foilpm3	rg04_theta15p195_foilpm3	3.0	-5.0	0.0	8	5	41	34	7
rg04_theta15p195_foilpm3	rg04_theta15p195_foilpm3	3.0	-5.0	0.0	8	6	53	34	19
rg04_theta15p195_foilpm3	rg04_theta15p195_foilpm3	3.0	0.0	5.0	0	3	0	0	0
rg04_theta15p195_foilpm3	rg04_theta15p195_foilpm3	3.0	0.0	5.0	0	4	0	0	0
rg04_theta15p195_foilpm3	rg04_theta15p195_foilpm3	3.0	0.0	5.0	0	5	25	22	3
rg04_theta15p195_foilpm3	rg04_theta15p195_foilpm3	3.0	0.0	5.0	0	6	31	22	9
rg04_theta15p195_foilpm3	rg04_theta15p195_foilpm3	3.0	0.0	5.0	1	2	9	9	0
rg04_theta15p195_foilpm3	rg04_theta15p195_foilpm3	3.0	0.0	5.0	1	3	0	0	0
rg04_theta15p195_foilpm3	rg04_theta15p195_foilpm3	3.0	0.0	5.0	1	4	16	16	0
rg04_theta15p195_foilpm3	rg04_theta15p195_foilpm3	3.0	0.0	5.0	1	5	30	22	8
rg04_theta15p195_foilpm3	rg04_theta15p195_foilpm3	3.0	0.0	5.0	1	6	52	22	30
rg04_theta15p195_foilpm3	rg04_theta15p195_foilpm3	3.0	0.0	5.0	1	7	0	0	0
rg04_theta15p195_foilpm3	rg04_theta15p195_foilpm3	3.0	0.0	5.0	2	2	0	0	0
rg04_theta15p195_foilpm3	rg04_theta15p195_foilpm3	3.0	0.0	5.0	2	3	0	0	0
rg04_theta15p195_foilpm3	rg04_theta15p195_foilpm3	3.0	0.0	5.0	2	4	36	22	14
rg04_theta15p195_foilpm3	rg04_theta15p195_foilpm3	3.0	0.0	5.0	2	5	37	22	15
rg04_theta15p195_foilpm3	rg04_theta15p195_foilpm3	3.0	0.0	5.0	2	6	75	22	53
rg04_theta15p195_foilpm3	rg04_theta15p195_foilpm3	3.0	0.0	5.0	2	7	97	22	75
rg04_theta15p195_foilpm3	rg04_theta15p195_foilpm3	3.0	0.0	5.0	3	2	13	13	0
rg04_theta15p195_foilpm3	rg04_theta15p195_foilpm3	3.0	0.0	5.0	3	3	14	14	0
rg04_theta15p195_foilpm3	rg04_theta15p195_foilpm3	3.0	0.0	5.0	3	4	37	22	15
rg04_theta15p195_foilpm3	rg04_theta15p195_foilpm3	3.0	0.0	5.0	3	5	61	22	39
rg04_theta15p195_foilpm3	rg04_theta15p195_foilpm3	3.0	0.0	5.0	3	6	70	22	48
rg04_theta15p195_foilpm3	rg04_theta15p195_foilpm3	3.0	0.0	5.0	3	7	119	22	97
rg04_theta15p195_foilpm3	rg04_theta15p195_foilpm3	3.0	0.0	5.0	4	2	10	10	0
rg04_theta15p195_foilpm3	rg04_theta15p195_foilpm3	3.0	0.0	5.0	4	3	12	12	0
rg04_theta15p195_foilpm3	rg04_theta15p195_foilpm3	3.0	0.0	5.0	4	4	10	10	0
rg04_theta15p195_foilpm3	rg04_theta15p195_foilpm3	3.0	0.0	5.0	4	5	43	22	21
rg04_theta15p195_foilpm3	rg04_theta15p195_foilpm3	3.0	0.0	5.0	4	6	93	22	71
rg04_theta15p195_foilpm3	rg04_theta15p195_foilpm3	3.0	0.0	5.0	4	7	122	22	100
rg04_theta15p195_foilpm3	rg04_theta15p195_foilpm3	3.0	0.0	5.0	5	2	0	0	0
rg04_theta15p195_foilpm3	rg04_theta15p195_foilpm3	3.0	0.0	5.0	5	3	18	18	0
rg04_theta15p195_foilpm3	rg04_theta15p195_foilpm3	3.0	0.0	5.0	5	4	30	22	8
rg04_theta15p195_foilpm3	rg04_theta15p195_foilpm3	3.0	0.0	5.0	5	6	78	22	56
rg04_theta15p195_foilpm3	rg04_theta15p195_foilpm3	3.0	0.0	5.0	5	7	113	22	91
rg04_theta15p195_foilpm3	rg04_theta15p195_foilpm3	3.0	0.0	5.0	6	2	0	0	0
rg04_theta15p195_foilpm3	rg04_theta15p195_foilpm3	3.0	0.0	5.0	6	3	12	12	0
rg04_theta15p195_foilpm3	rg04_theta15p195_foilpm3	3.0	0.0	5.0	6	4	15	15	0
rg04_theta15p195_foilpm3	rg04_theta15p195_foilpm3	3.0	0.0	5.0	6	5	33	22	11
rg04_theta15p195_foilpm3	rg04_theta15p195_foilpm3	3.0	0.0	5.0	6	6	64	22	42
rg04_theta15p195_foilpm3	rg04_theta15p195_foilpm3	3.0	0.0	5.0	6	7	92	22	70
rg04_theta15p195_foilpm3	rg04_theta15p195_foilpm3	3.0	0.0	5.0	7	2	0	0	0
rg04_theta15p195_foilpm3	rg04_theta15p195_foilpm3	3.0	0.0	5.0	7	3	13	13	0
rg04_theta15p195_foilpm3	rg04_theta15p195_foilpm3	3.0	0.0	5.0	7	4	23	22	1
rg04_theta15p195_foilpm3	rg04_theta15p195_foilpm3	3.0	0.0	5.0	7	5	42	22	20
rg04_theta15p195_foilpm3	rg04_theta15p195_foilpm3	3.0	0.0	5.0	7	6	61	22	39
rg04_theta15p195_foilpm3	rg04_theta15p195_foilpm3	3.0	0.0	5.0	7	7	0	0	0
rg04_theta15p195_foilpm3	rg04_theta15p195_foilpm3	3.0	0.0	5.0	8	3	0	0	0
rg04_theta15p195_foilpm3	rg04_theta15p195_foilpm3	3.0	0.0	5.0	8	4	13	13	0
rg04_theta15p195_foilpm3	rg04_theta15p195_foilpm3	3.0	0.0	5.0	8	5	19	19	0
rg04_theta15p195_foilpm3	rg04_theta15p195_foilpm3	3.0	0.0	5.0	8	6	36	22	14
rg04_theta15p195_foilpm3	rg04_theta15p195_foilpm3	3.0	5.0	10.0	0	3	0	0	0
rg04_theta15p195_foilpm3	rg04_theta15p195_foilpm3	3.0	5.0	10.0	0	4	0	0	0
rg04_theta15p195_foilpm3	rg04_theta15p195_foilpm3	3.0	5.0	10.0	0	5	11	11	0
rg04_theta15p195_foilpm3	rg04_theta15p195_foilpm3	3.0	5.0	10.0	0	6	0	0	0
rg04_theta15p195_foilpm3	rg04_theta15p195_foilpm3	3.0	5.0	10.0	1	3	0	0	0
rg04_theta15p195_foilpm3	rg04_theta15p195_foilpm3	3.0	5.0	10.0	1	4	10	10	0
rg04_theta15p195_foilpm3	rg04_theta15p195_foilpm3	3.0	5.0	10.0	1	5	0	0	0
rg04_theta15p195_foilpm3	rg04_theta15p195_foilpm3	3.0	5.0	10.0	1	6	23	17	6
rg04_theta15p195_foilpm3	rg04_theta15p195_foilpm3	3.0	5.0	10.0	2	4	10	10	0
rg04_theta15p195_foilpm3	rg04_theta15p195_foilpm3	3.0	5.0	10.0	2	5	13	13	0
rg04_theta15p195_foilpm3	rg04_theta15p195_foilpm3	3.0	5.0	10.0	2	6	32	17	15
rg04_theta15p195_foilpm3	rg04_theta15p195_foilpm3	3.0	5.0	10.0	2	7	51	17	34
rg04_theta15p195_foilpm3	rg04_theta15p195_foilpm3	3.0	5.0	10.0	3	3	0	0	0
rg04_theta15p195_foilpm3	rg04_theta15p195_foilpm3	3.0	5.0	10.0	3	4	0	0	0
rg04_theta15p195_foilpm3	rg04_theta15p195_foilpm3	3.0	5.0	10.0	3	5	11	11	0
rg04_theta15p195_foilpm3	rg04_theta15p195_foilpm3	3.0	5.0	10.0	3	6	39	17	22
rg04_theta15p195_foilpm3	rg04_theta15p195_foilpm3	3.0	5.0	10.0	3	7	74	17	57
rg04_theta15p195_foilpm3	rg04_theta15p195_foilpm3	3.0	5.0	10.0	4	3	0	0	0
rg04_theta15p195_foilpm3	rg04_theta15p195_foilpm3	3.0	5.0	10.0	4	4	0	0	0
rg04_theta15p195_foilpm3	rg04_theta15p195_foilpm3	3.0	5.0	10.0	4	5	19	17	2
rg04_theta15p195_foilpm3	rg04_theta15p195_foilpm3	3.0	5.0	10.0	4	6	39	17	22
rg04_theta15p195_foilpm3	rg04_theta15p195_foilpm3	3.0	5.0	10.0	4	7	49	17	32
rg04_theta15p195_foilpm3	rg04_theta15p195_foilpm3	3.0	5.0	10.0	5	3	0	0	0
rg04_theta15p195_foilpm3	rg04_theta15p195_foilpm3	3.0	5.0	10.0	5	4	13	13	0
rg04_theta15p195_foilpm3	rg04_theta15p195_foilpm3	3.0	5.0	10.0	5	5	0	0	0
rg04_theta15p195_foilpm3	rg04_theta15p195_foilpm3	3.0	5.0	10.0	5	6	40	17	23
rg04_theta15p195_foilpm3	rg04_theta15p195_foilpm3	3.0	5.0	10.0	5	7	65	17	48
rg04_theta15p195_foilpm3	rg04_theta15p195_foilpm3	3.0	5.0	10.0	6	3	0	0	0
rg04_theta15p195_foilpm3	rg04_theta15p195_foilpm3	3.0	5.0	10.0	6	4	10	10	0
rg04_theta15p195_foilpm3	rg04_theta15p195_foilpm3	3.0	5.0	10.0	6	5	18	17	1
rg04_theta15p195_foilpm3	rg04_theta15p195_foilpm3	3.0	5.0	10.0	6	6	30	17	13
rg04_theta15p195_foilpm3	rg04_theta15p195_foilpm3	3.0	5.0	10.0	6	7	37	17	20
rg04_theta15p195_foilpm3	rg04_theta15p195_foilpm3	3.0	5.0	10.0	7	3	0	0	0
rg04_theta15p195_foilpm3	rg04_theta15p195_foilpm3	3.0	5.0	10.0	7	4	0	0	0
rg04_theta15p195_foilpm3	rg04_theta15p195_foilpm3	3.0	5.0	10.0	7	5	9	9	0
rg04_theta15p195_foilpm3	rg04_theta15p195_foilpm3	3.0	5.0	10.0	7	6	29	17	12
rg04_theta15p195_foilpm3	rg04_theta15p195_foilpm3	3.0	5.0	10.0	7	7	0	0	0
rg04_theta15p195_foilpm3	rg04_theta15p195_foilpm3	3.0	5.0	10.0	8	3	0	0	0
rg04_theta15p195_foilpm3	rg04_theta15p195_foilpm3	3.0	5.0	10.0	8	4	0	0	0
rg04_theta15p195_foilpm3	rg04_theta15p195_foilpm3	3.0	5.0	10.0	8	5	0	0	0
rg04_theta15p195_foilpm3	rg04_theta15p195_foilpm3	3.0	5.0	10.0	8	6	0	0	0
rg05_theta12p495_foilpm3	rg05_theta12p495_foilpm3	-3.0	-10.0	-8.0	0	2	17	17	0
rg05_theta12p495_foilpm3	rg05_theta12p495_foilpm3	-3.0	-10.0	-8.0	0	3	16	16	0
rg05_theta12p495_foilpm3	rg05_theta12p495_foilpm3	-3.0	-10.0	-8.0	0	4	27	26	1
rg05_theta12p495_foilpm3	rg05_theta12p495_foilpm3	-3.0	-10.0	-8.0	0	5	17	17	0
rg05_theta12p495_foilpm3	rg05_theta12p495_foilpm3	-3.0	-10.0	-8.0	0	6	0	0	0
rg05_theta12p495_foilpm3	rg05_theta12p495_foilpm3	-3.0	-10.0	-8.0	1	2	14	14	0
rg05_theta12p495_foilpm3	rg05_theta12p495_foilpm3	-3.0	-10.0	-8.0	1	3	30	26	4
rg05_theta12p495_foilpm3	rg05_theta12p495_foilpm3	-3.0	-10.0	-8.0	1	4	38	26	12
rg05_theta12p495_foilpm3	rg05_theta12p495_foilpm3	-3.0	-10.0	-8.0	1	5	20	20	0
rg05_theta12p495_foilpm3	rg05_theta12p495_foilpm3	-3.0	-10.0	-8.0	1	6	0	0	0
rg05_theta12p495_foilpm3	rg05_theta12p495_foilpm3	-3.0	-10.0	-8.0	2	2	26	26	0
rg05_theta12p495_foilpm3	rg05_theta12p495_foilpm3	-3.0	-10.0	-8.0	2	3	0	0	0
rg05_theta12p495_foilpm3	rg05_theta12p495_foilpm3	-3.0	-10.0	-8.0	2	4	43	26	17
rg05_theta12p495_foilpm3	rg05_theta12p495_foilpm3	-3.0	-10.0	-8.0	2	5	30	26	4
rg05_theta12p495_foilpm3	rg05_theta12p495_foilpm3	-3.0	-10.0	-8.0	2	6	19	19	0
rg05_theta12p495_foilpm3	rg05_theta12p495_foilpm3	-3.0	-10.0	-8.0	3	2	17	17	0
rg05_theta12p495_foilpm3	rg05_theta12p495_foilpm3	-3.0	-10.0	-8.0	3	3	32	26	6
rg05_theta12p495_foilpm3	rg05_theta12p495_foilpm3	-3.0	-10.0	-8.0	3	4	42	26	16
rg05_theta12p495_foilpm3	rg05_theta12p495_foilpm3	-3.0	-10.0	-8.0	3	5	64	26	38
rg05_theta12p495_foilpm3	rg05_theta12p495_foilpm3	-3.0	-10.0	-8.0	3	6	42	26	16
rg05_theta12p495_foilpm3	rg05_theta12p495_foilpm3	-3.0	-10.0	-8.0	4	2	27	26	1
rg05_theta12p495_foilpm3	rg05_theta12p495_foilpm3	-3.0	-10.0	-8.0	4	3	32	26	6
rg05_theta12p495_foilpm3	rg05_theta12p495_foilpm3	-3.0	-10.0	-8.0	4	4	13	13	0
rg05_theta12p495_foilpm3	rg05_theta12p495_foilpm3	-3.0	-10.0	-8.0	4	5	45	26	19
rg05_theta12p495_foilpm3	rg05_theta12p495_foilpm3	-3.0	-10.0	-8.0	4	6	55	26	29
rg05_theta12p495_foilpm3	rg05_theta12p495_foilpm3	-3.0	-10.0	-8.0	5	2	18	18	0
rg05_theta12p495_foilpm3	rg05_theta12p495_foilpm3	-3.0	-10.0	-8.0	5	3	31	26	5
rg05_theta12p495_foilpm3	rg05_theta12p495_foilpm3	-3.0	-10.0	-8.0	5	4	39	26	13
rg05_theta12p495_foilpm3	rg05_theta12p495_foilpm3	-3.0	-10.0	-8.0	5	5	0	0	0
rg05_theta12p495_foilpm3	rg05_theta12p495_foilpm3	-3.0	-10.0	-8.0	5	6	64	26	38
rg05_theta12p495_foilpm3	rg05_theta12p495_foilpm3	-3.0	-10.0	-8.0	6	2	11	11	0
rg05_theta12p495_foilpm3	rg05_theta12p495_foilpm3	-3.0	-10.0	-8.0	6	3	33	26	7
rg05_theta12p495_foilpm3	rg05_theta12p495_foilpm3	-3.0	-10.0	-8.0	6	4	39	26	13
rg05_theta12p495_foilpm3	rg05_theta12p495_foilpm3	-3.0	-10.0	-8.0	6	5	46	26	20
rg05_theta12p495_foilpm3	rg05_theta12p495_foilpm3	-3.0	-10.0	-8.0	6	6	50	26	24
rg05_theta12p495_foilpm3	rg05_theta12p495_foilpm3	-3.0	-10.0	-8.0	7	2	10	10	0
rg05_theta12p495_foilpm3	rg05_theta12p495_foilpm3	-3.0	-10.0	-8.0	7	3	20	20	0
rg05_theta12p495_foilpm3	rg05_theta12p495_foilpm3	-3.0	-10.0	-8.0	7	4	23	23	0
rg05_theta12p495_foilpm3	rg05_theta12p495_foilpm3	-3.0	-10.0	-8.0	7	5	25	25	0
rg05_theta12p495_foilpm3	rg05_theta12p495_foilpm3	-3.0	-10.0	-8.0	7	6	33	26	7
rg05_theta12p495_foilpm3	rg05_theta12p495_foilpm3	-3.0	-10.0	-8.0	8	2	0	0	0
rg05_theta12p495_foilpm3	rg05_theta12p495_foilpm3	-3.0	-10.0	-8.0	8	3	10	10	0
rg05_theta12p495_foilpm3	rg05_theta12p495_foilpm3	-3.0	-10.0	-8.0	8	4	13	13	0
rg05_theta12p495_foilpm3	rg05_theta12p495_foilpm3	-3.0	-10.0	-8.0	8	5	20	20	0
rg05_theta12p495_foilpm3	rg05_theta12p495_foilpm3	-3.0	-10.0	-8.0	8	6	0	0	0
rg05_theta12p495_foilpm3	rg05_theta12p495_foilpm3	-3.0	-8.0	-5.0	0	2	23	23	0
rg05_theta12p495_foilpm3	rg05_theta12p495_foilpm3	-3.0	-8.0	-5.0	0	3	31	31	0
rg05_theta12p495_foilpm3	rg05_theta12p495_foilpm3	-3.0	-8.0	-5.0	0	4	39	39	0
rg05_theta12p495_foilpm3	rg05_theta12p495_foilpm3	-3.0	-8.0	-5.0	0	5	51	48	3
rg05_theta12p495_foilpm3	rg05_theta12p495_foilpm3	-3.0	-8.0	-5.0	0	6	0	0	0
rg05_theta12p495_foilpm3	rg05_theta12p495_foilpm3	-3.0	-8.0	-5.0	1	1	0	0	0
rg05_theta12p495_foilpm3	rg05_theta12p495_foilpm3	-3.0	-8.0	-5.0	1	2	24	24	0
rg05_theta12p495_foilpm3	rg05_theta12p495_foilpm3	-3.0	-8.0	-5.0	1	3	42	42	0
rg05_theta12p495_foilpm3	rg05_theta12p495_foilpm3	-3.0	-8.0	-5.0	1	4	61	48	13
rg05_theta12p495_foilpm3	rg05_theta12p495_foilpm3	-3.0	-8.0	-5.0	1	5	56	48	8
rg05_theta12p495_foilpm3	rg05_theta12p495_foilpm3	-3.0	-8.0	-5.0	1	6	37	37	0
rg05_theta12p495_foilpm3	rg05_theta12p495_foilpm3	-3.0	-8.0	-5.0	2	1	23	23	0
rg05_theta12p495_foilpm3	rg05_theta12p495_foilpm3	-3.0	-8.0	-5.0	2	2	42	42	0
rg05_theta12p495_foilpm3	rg05_theta12p495_foilpm3	-3.0	-8.0	-5.0	2	3	0	0	0
rg05_theta12p495_foilpm3	rg05_theta12p495_foilpm3	-3.0	-8.0	-5.0	2	4	74	48	26
rg05_theta12p495_foilpm3	rg05_theta12p495_foilpm3	-3.0	-8.0	-5.0	2	5	93	48	45
rg05_theta12p495_foilpm3	rg05_theta12p495_foilpm3	-3.0	-8.0	-5.0	2	6	77	48	29
rg05_theta12p495_foilpm3	rg05_theta12p495_foilpm3	-3.0	-8.0	-5.0	3	1	20	20	0
rg05_theta12p495_foilpm3	rg05_theta12p495_foilpm3	-3.0	-8.0	-5.0	3	2	42	42	0
rg05_theta12p495_foilpm3	rg05_theta12p495_foilpm3	-3.0	-8.0	-5.0	3	3	60	48	12
rg05_theta12p495_foilpm3	rg05_theta12p495_foilpm3	-3.0	-8.0	-5.0	3	4	77	48	29
rg05_theta12p495_foilpm3	rg05_theta12p495_foilpm3	-3.0	-8.0	-5.0	3	5	88	48	40
rg05_theta12p495_foilpm3	rg05_theta12p495_foilpm3	-3.0	-8.0	-5.0	3	6	102	48	54
rg05_theta12p495_foilpm3	rg05_theta12p495_foilpm3	-3.0	-8.0	-5.0	4	1	32	32	0
rg05_theta12p495_foilpm3	rg05_theta12p495_foilpm3	-3.0	-8.0	-5.0	4	2	53	48	5
rg05_theta12p495_foilpm3	rg05_theta12p495_foilpm3	-3.0	-8.0	-5.0	4	3	57	48	9
rg05_theta12p495_foilpm3	rg05_theta12p495_foilpm3	-3.0	-8.0	-5.0	4	4	24	24	0
rg05_theta12p495_foilpm3	rg05_theta12p495_foilpm3	-3.0	-8.0	-5.0	4	5	108	48	60
rg05_theta12p495_foilpm3	rg05_theta12p495_foilpm3	-3.0	-8.0	-5.0	4	6	123	48	75
rg05_theta12p495_foilpm3	rg05_theta12p495_foilpm3	-3.0	-8.0	-5.0	5	1	26	26	0
rg05_theta12p495_foilpm3	rg05_theta12p495_foilpm3	-3.0	-8.0	-5.0	5	2	44	44	0
rg05_theta12p495_foilpm3	rg05_theta12p495_foilpm3	-3.0	-8.0	-5.0	5	3	78	48	30
rg05_theta12p495_foilpm3	rg05_theta12p495_foilpm3	-3.0	-8.0	-5.0	5	4	89	48	41
rg05_theta12p495_foilpm3	rg05_theta12p495_foilpm3	-3.0	-8.0	-5.0	5	5	0	0	0
rg05_theta12p495_foilpm3	rg05_theta12p495_foilpm3	-3.0	-8.0	-5.0	5	6	138	48	90
rg05_theta12p495_foilpm3	rg05_theta12p495_foilpm3	-3.0	-8.0	-5.0	6	1	21	21	0
rg05_theta12p495_foilpm3	rg05_theta12p495_foilpm3	-3.0	-8.0	-5.0	6	2	48	48	0
rg05_theta12p495_foilpm3	rg05_theta12p495_foilpm3	-3.0	-8.0	-5.0	6	3	56	48	8
rg05_theta12p495_foilpm3	rg05_theta12p495_foilpm3	-3.0	-8.0	-5.0	6	4	59	48	11
rg05_theta12p495_foilpm3	rg05_theta12p495_foilpm3	-3.0	-8.0	-5.0	6	5	82	48	34
rg05_theta12p495_foilpm3	rg05_theta12p495_foilpm3	-3.0	-8.0	-5.0	6	6	104	48	56
rg05_theta12p495_foilpm3	rg05_theta12p495_foilpm3	-3.0	-8.0	-5.0	7	1	11	11	0
rg05_theta12p495_foilpm3	rg05_theta12p495_foilpm3	-3.0	-8.0	-5.0	7	2	26	26	0
rg05_theta12p495_foilpm3	rg05_theta12p495_foilpm3	-3.0	-8.0	-5.0	7	3	43	43	0
rg05_theta12p495_foilpm3	rg05_theta12p495_foilpm3	-3.0	-8.0	-5.0	7	4	62	48	14
rg05_theta12p495_foilpm3	rg05_theta12p495_foilpm3	-3.0	-8.0	-5.0	7	5	72	48	24
rg05_theta12p495_foilpm3	rg05_theta12p495_foilpm3	-3.0	-8.0	-5.0	7	6	76	48	28
rg05_theta12p495_foilpm3	rg05_theta12p495_foilpm3	-3.0	-8.0	-5.0	8	2	15	15	0
rg05_theta12p495_foilpm3	rg05_theta12p495_foilpm3	-3.0	-8.0	-5.0	8	3	33	33	0
rg05_theta12p495_foilpm3	rg05_theta12p495_foilpm3	-3.0	-8.0	-5.0	8	4	51	48	3
rg05_theta12p495_foilpm3	rg05_theta12p495_foilpm3	-3.0	-8.0	-5.0	8	5	61	48	13
rg05_theta12p495_foilpm3	rg05_theta12p495_foilpm3	-3.0	-8.0	-5.0	8	6	0	0	0
rg05_theta12p495_foilpm3	rg05_theta12p495_foilpm3	-3.0	-5.0	0.0	0	2	42	42	0
rg05_theta12p495_foilpm3	rg05_theta12p495_foilpm3	-3.0	-5.0	0.0	0	3	53	53	0
rg05_theta12p495_foilpm3	rg05_theta12p495_foilpm3	-3.0	-5.0	0.0	0	4	71	55	16
rg05_theta12p495_foilpm3	rg05_theta12p495_foilpm3	-3.0	-5.0	0.0	0	5	107	55	52
rg05_theta12p495_foilpm3	rg05_theta12p495_foilpm3	-3.0	-5.0	0.0	0	6	0	0	0
rg05_theta12p495_foilpm3	rg05_theta12p495_foilpm3	-3.0	-5.0	0.0	1	1	13	13	0
rg05_theta12p495_foilpm3	rg05_theta12p495_foilpm3	-3.0	-5.0	0.0	1	2	53	53	0
rg05_theta12p495_foilpm3	rg05_theta12p495_foilpm3	-3.0	-5.0	0.0	1	3	65	55	10
rg05_theta12p495_foilpm3	rg05_theta12p495_foilpm3	-3.0	-5.0	0.0	1	4	98	55	43
rg05_theta12p495_foilpm3	rg05_theta12p495_foilpm3	-3.0	-5.0	0.0	1	5	120	55	65
rg05_theta12p495_foilpm3	rg05_theta12p495_foilpm3	-3.0	-5.0	0.0	1	6	118	55	63
rg05_theta12p495_foilpm3	rg05_theta12p495_foilpm3	-3.0	-5.0	0.0	2	1	34	34	0
rg05_theta12p495_foilpm3	rg05_theta12p495_foilpm3	-3.0	-5.0	0.0	2	2	66	55	11
rg05_theta12p495_foilpm3	rg05_theta12p495_foilpm3	-3.0	-5.0	0.0	2	3	0	0	0
rg05_theta12p495_foilpm3	rg05_theta12p495_foilpm3	-3.0	-5.0	0.0	2	4	106	55	51
rg05_theta12p495_foilpm3	rg05_theta12p495_foilpm3	-3.0	-5.0	0.0	2	5	167	55	112
rg05_theta12p495_foilpm3	rg05_theta12p495_foilpm3	-3.0	-5.0	0.0	2	6	187	55	132
rg05_theta12p495_foilpm3	rg05_theta12p495_foilpm3	-3.0	-5.0	0.0	3	1	53	53	0
rg05_theta12p495_foilpm3	rg05_theta12p495_foilpm3	-3.0	-5.0	0.0	3	2	84	55	29
rg05_theta12p495_foilpm3	rg05_theta12p495_foilpm3	-3.0	-5.0	0.0	3	3	128	55	73
rg05_theta12p495_foilpm3	rg05_theta12p495_foilpm3	-3.0	-5.0	0.0	3	4	178	55	123
rg05_theta12p495_foilpm3	rg05_theta12p495_foilpm3	-3.0	-5.0	0.0	3	5	196	55	141
rg05_theta12p495_foilpm3	rg05_theta12p495_foilpm3	-3.0	-5.0	0.0	3	6	239	55	184
rg05_theta12p495_foilpm3	rg05_theta12p495_foilpm3	-3.0	-5.0	0.0	4	1	46	46	0
rg05_theta12p495_foilpm3	rg05_theta12p495_foilpm3	-3.0	-5.0	0.0	4	2	87	55	32
rg05_theta12p495_foilpm3	rg05_theta12p495_foilpm3	-3.0	-5.0	0.0	4	3	111	55	56
rg05_theta12p495_foilpm3	rg05_theta12p495_foilpm3	-3.0	-5.0	0.0	4	4	49	49	0
rg05_theta12p495_foilpm3	rg05_theta12p495_foilpm3	-3.0	-5.0	0.0	4	5	203	55	148
rg05_theta12p495_foilpm3	rg05_theta12p495_foilpm3	-3.0	-5.0	0.0	4	6	236	55	181
rg05_theta12p495_foilpm3	rg05_theta12p495_foilpm3	-3.0	-5.0	0.0	5	1	48	48	0
rg05_theta12p495_foilpm3	rg05_theta12p495_foilpm3	-3.0	-5.0	0.0	5	2	74	55	19
rg05_theta12p495_foilpm3	rg05_theta12p495_foilpm3	-3.0	-5.0	0.0	5	3	112	55	57
rg05_theta12p495_foilpm3	rg05_theta12p495_foilpm3	-3.0	-5.0	0.0	5	4	141	55	86
rg05_theta12p495_foilpm3	rg05_theta12p495_foilpm3	-3.0	-5.0	0.0	5	5	0	0	0
rg05_theta12p495_foilpm3	rg05_theta12p495_foilpm3	-3.0	-5.0	0.0	5	6	266	55	211
rg05_theta12p495_foilpm3	rg05_theta12p495_foilpm3	-3.0	-5.0	0.0	6	1	41	41	0
rg05_theta12p495_foilpm3	rg05_theta12p495_foilpm3	-3.0	-5.0	0.0	6	2	62	55	7
rg05_theta12p495_foilpm3	rg05_theta12p495_foilpm3	-3.0	-5.0	0.0	6	3	104	55	49
rg05_theta12p495_foilpm3	rg05_theta12p495_foilpm3	-3.0	-5.0	0.0	6	4	151	55	96
rg05_theta12p495_foilpm3	rg05_theta12p495_foilpm3	-3.0	-5.0	0.0	6	5	189	55	134
rg05_theta12p495_foilpm3	rg05_theta12p495_foilpm3	-3.0	-5.0	0.0	6	6	207	55	152
rg05_theta12p495_foilpm3	rg05_theta12p495_foilpm3	-3.0	-5.0	0.0	7	1	17	17	0
rg05_theta12p495_foilpm3	rg05_theta12p495_foilpm3	-3.0	-5.0	0.0	7	2	53	53	0
rg05_theta12p495_foilpm3	rg05_theta12p495_foilpm3	-3.0	-5.0	0.0	7	3	85	55	30
rg05_theta12p495_foilpm3	rg05_theta12p495_foilpm3	-3.0	-5.0	0.0	7	4	97	55	42
rg05_theta12p495_foilpm3	rg05_theta12p495_foilpm3	-3.0	-5.0	0.0	7	5	145	55	90
rg05_theta12p495_foilpm3	rg05_theta12p495_foilpm3	-3.0	-5.0	0.0	7	6	147	55	92
rg05_theta12p495_foilpm3	rg05_theta12p495_foilpm3	-3.0	-5.0	0.0	8	2	36	36	0
rg05_theta12p495_foilpm3	rg05_theta12p495_foilpm3	-3.0	-5.0	0.0	8	3	65	55	10
rg05_theta12p495_foilpm3	rg05_theta12p495_foilpm3	-3.0	-5.0	0.0	8	4	80	56	24
rg05_theta12p495_foilpm3	rg05_theta12p495_foilpm3	-3.0	-5.0	0.0	8	5	102	55	47
rg05_theta12p495_foilpm3	rg05_theta12p495_foilpm3	-3.0	-5.0	0.0	8	6	0	0	0
rg05_theta12p495_foilpm3	rg05_theta12p495_foilpm3	-3.0	0.0	5.0	0	2	19	19	0
rg05_theta12p495_foilpm3	rg05_theta12p495_foilpm3	-3.0	0.0	5.0	0	3	50	50	0
rg05_theta12p495_foilpm3	rg05_theta12p495_foilpm3	-3.0	0.0	5.0	0	4	56	56	0
rg05_theta12p495_foilpm3	rg05_theta12p495_foilpm3	-3.0	0.0	5.0	0	5	77	69	8
rg05_theta12p495_foilpm3	rg05_theta12p495_foilpm3	-3.0	0.0	5.0	0	6	0	0	0
rg05_theta12p495_foilpm3	rg05_theta12p495_foilpm3	-3.0	0.0	5.0	1	1	0	0	0
rg05_theta12p495_foilpm3	rg05_theta12p495_foilpm3	-3.0	0.0	5.0	1	2	28	28	0
rg05_theta12p495_foilpm3	rg05_theta12p495_foilpm3	-3.0	0.0	5.0	1	3	58	58	0
rg05_theta12p495_foilpm3	rg05_theta12p495_foilpm3	-3.0	0.0	5.0	1	4	84	69	15
rg05_theta12p495_foilpm3	rg05_theta12p495_foilpm3	-3.0	0.0	5.0	1	5	112	69	43
rg05_theta12p495_foilpm3	rg05_theta12p495_foilpm3	-3.0	0.0	5.0	1	6	130	69	61
rg05_theta12p495_foilpm3	rg05_theta12p495_foilpm3	-3.0	0.0	5.0	2	1	22	22	0
rg05_theta12p495_foilpm3	rg05_theta12p495_foilpm3	-3.0	0.0	5.0	2	2	46	46	0
rg05_theta12p495_foilpm3	rg05_theta12p495_foilpm3	-3.0	0.0	5.0	2	3	0	0	0
rg05_theta12p495_foilpm3	rg05_theta12p495_foilpm3	-3.0	0.0	5.0	2	4	119	69	50
rg05_theta12p495_foilpm3	rg05_theta12p495_foilpm3	-3.0	0.0	5.0	2	5	140	69	71
rg05_theta12p495_foilpm3	rg05_theta12p495_foilpm3	-3.0	0.0	5.0	2	6	199	69	130
rg05_theta12p495_foilpm3	rg05_theta12p495_foilpm3	-3.0	0.0	5.0	3	1	34	34	0
rg05_theta12p495_foilpm3	rg05_theta12p495_foilpm3	-3.0	0.0	5.0	3	2	53	53	0
rg05_theta12p495_foilpm3	rg05_theta12p495_foilpm3	-3.0	0.0	5.0	3	3	74	69	5
rg05_theta12p495_foilpm3	rg05_theta12p495_foilpm3	-3.0	0.0	5.0	3	4	117	69	48
rg05_theta12p495_foilpm3	rg05_theta12p495_foilpm3	-3.0	0.0	5.0	3	5	159	69	90
rg05_theta12p495_foilpm3	rg05_theta12p495_foilpm3	-3.0	0.0	5.0	3	6	192	69	123
rg05_theta12p495_foilpm3	rg05_theta12p495_foilpm3	-3.0	0.0	5.0	4	1	33	33	0
rg05_theta12p495_foilpm3	rg05_theta12p495_foilpm3	-3.0	0.0	5.0	4	2	66	66	0
rg05_theta12p495_foilpm3	rg05_theta12p495_foilpm3	-3.0	0.0	5.0	4	3	95	69	26
rg05_theta12p495_foilpm3	rg05_theta12p495_foilpm3	-3.0	0.0	5.0	4	4	29	29	0
rg05_theta12p495_foilpm3	rg05_theta12p495_foilpm3	-3.0	0.0	5.0	4	5	187	69	118
rg05_theta12p495_foilpm3	rg05_theta12p495_foilpm3	-3.0	0.0	5.0	4	6	249	69	180
rg05_theta12p495_foilpm3	rg05_theta12p495_foilpm3	-3.0	0.0	5.0	5	1	37	37	0
rg05_theta12p495_foilpm3	rg05_theta12p495_foilpm3	-3.0	0.0	5.0	5	2	61	61	0
rg05_theta12p495_foilpm3	rg05_theta12p495_foilpm3	-3.0	0.0	5.0	5	3	76	69	7
rg05_theta12p495_foilpm3	rg05_theta12p495_foilpm3	-3.0	0.0	5.0	5	4	141	69	72
rg05_theta12p495_foilpm3	rg05_theta12p495_foilpm3	-3.0	0.0	5.0	5	5	0	0	0
rg05_theta12p495_foilpm3	rg05_theta12p495_foilpm3	-3.0	0.0	5.0	5	6	215	69	146
rg05_theta12p495_foilpm3	rg05_theta12p495_foilpm3	-3.0	0.0	5.0	6	1	25	25	0
rg05_theta12p495_foilpm3	rg05_theta12p495_foilpm3	-3.0	0.0	5.0	6	2	55	55	0
rg05_theta12p495_foilpm3	rg05_theta12p495_foilpm3	-3.0	0.0	5.0	6	3	70	69	1
rg05_theta12p495_foilpm3	rg05_theta12p495_foilpm3	-3.0	0.0	5.0	6	4	86	69	17
rg05_theta12p495_foilpm3	rg05_theta12p495_foilpm3	-3.0	0.0	5.0	6	5	152	69	83
rg05_theta12p495_foilpm3	rg05_theta12p495_foilpm3	-3.0	0.0	5.0	6	6	193	69	124
rg05_theta12p495_foilpm3	rg05_theta12p495_foilpm3	-3.0	0.0	5.0	7	1	16	16	0
rg05_theta12p495_foilpm3	rg05_theta12p495_foilpm3	-3.0	0.0	5.0	7	2	46	46	0
rg05_theta12p495_foilpm3	rg05_theta12p495_foilpm3	-3.0	0.0	5.0	7	3	42	42	0
rg05_theta12p495_foilpm3	rg05_theta12p495_foilpm3	-3.0	0.0	5.0	7	4	92	69	23
rg05_theta12p495_foilpm3	rg05_theta12p495_foilpm3	-3.0	0.0	5.0	7	5	109	69	40
rg05_theta12p495_foilpm3	rg05_theta12p495_foilpm3	-3.0	0.0	5.0	7	6	152	69	83
rg05_theta12p495_foilpm3	rg05_theta12p495_foilpm3	-3.0	0.0	5.0	8	2	21	21	0
rg05_theta12p495_foilpm3	rg05_theta12p495_foilpm3	-3.0	0.0	5.0	8	3	46	46	0
rg05_theta12p495_foilpm3	rg05_theta12p495_foilpm3	-3.0	0.0	5.0	8	4	55	55	0
rg05_theta12p495_foilpm3	rg05_theta12p495_foilpm3	-3.0	0.0	5.0	8	5	76	69	7
rg05_theta12p495_foilpm3	rg05_theta12p495_foilpm3	-3.0	0.0	5.0	8	6	0	0	0
rg05_theta12p495_foilpm3	rg05_theta12p495_foilpm3	-3.0	5.0	10.0	0	2	0	0	0
rg05_theta12p495_foilpm3	rg05_theta12p495_foilpm3	-3.0	5.0	10.0	0	3	25	25	0
rg05_theta12p495_foilpm3	rg05_theta12p495_foilpm3	-3.0	5.0	10.0	0	4	36	36	0
rg05_theta12p495_foilpm3	rg05_theta12p495_foilpm3	-3.0	5.0	10.0	0	5	54	38	16
rg05_theta12p495_foilpm3	rg05_theta12p495_foilpm3	-3.0	5.0	10.0	0	6	0	0	0
rg05_theta12p495_foilpm3	rg05_theta12p495_foilpm3	-3.0	5.0	10.0	1	1	0	0	0
rg05_theta12p495_foilpm3	rg05_theta12p495_foilpm3	-3.0	5.0	10.0	1	2	19	19	0
rg05_theta12p495_foilpm3	rg05_theta12p495_foilpm3	-3.0	5.0	10.0	1	3	24	24	0
rg05_theta12p495_foilpm3	rg05_theta12p495_foilpm3	-3.0	5.0	10.0	1	4	55	38	17
rg05_theta12p495_foilpm3	rg05_theta12p495_foilpm3	-3.0	5.0	10.0	1	5	80	38	42
rg05_theta12p495_foilpm3	rg05_theta12p495_foilpm3	-3.0	5.0	10.0	1	6	119	38	81
rg05_theta12p495_foilpm3	rg05_theta12p495_foilpm3	-3.0	5.0	10.0	2	1	13	13	0
rg05_theta12p495_foilpm3	rg05_theta12p495_foilpm3	-3.0	5.0	10.0	2	2	27	27	0
rg05_theta12p495_foilpm3	rg05_theta12p495_foilpm3	-3.0	5.0	10.0	2	4	73	38	35
rg05_theta12p495_foilpm3	rg05_theta12p495_foilpm3	-3.0	5.0	10.0	2	5	96	38	58
rg05_theta12p495_foilpm3	rg05_theta12p495_foilpm3	-3.0	5.0	10.0	2	6	139	38	101
rg05_theta12p495_foilpm3	rg05_theta12p495_foilpm3	-3.0	5.0	10.0	3	1	21	21	0
rg05_theta12p495_foilpm3	rg05_theta12p495_foilpm3	-3.0	5.0	10.0	3	2	37	37	0
rg05_theta12p495_foilpm3	rg05_theta12p495_foilpm3	-3.0	5.0	10.0	3	3	51	38	13
rg05_theta12p495_foilpm3	rg05_theta12p495_foilpm3	-3.0	5.0	10.0	3	4	79	38	41
rg05_theta12p495_foilpm3	rg05_theta12p495_foilpm3	-3.0	5.0	10.0	3	5	119	38	81
rg05_theta12p495_foilpm3	rg05_theta12p495_foilpm3	-3.0	5.0	10.0	3	6	180	38	142
rg05_theta12p495_foilpm3	rg05_theta12p495_foilpm3	-3.0	5.0	10.0	4	1	24	24	0
rg05_theta12p495_foilpm3	rg05_theta12p495_foilpm3	-3.0	5.0	10.0	4	2	30	30	0
rg05_theta12p495_foilpm3	rg05_theta12p495_foilpm3	-3.0	5.0	10.0	4	3	44	38	6
rg05_theta12p495_foilpm3	rg05_theta12p495_foilpm3	-3.0	5.0	10.0	4	4	26	26	0
rg05_theta12p495_foilpm3	rg05_theta12p495_foilpm3	-3.0	5.0	10.0	4	5	127	38	89
rg05_theta12p495_foilpm3	rg05_theta12p495_foilpm3	-3.0	5.0	10.0	4	6	175	38	137
rg05_theta12p495_foilpm3	rg05_theta12p495_foilpm3	-3.0	5.0	10.0	5	1	17	17	0
rg05_theta12p495_foilpm3	rg05_theta12p495_foilpm3	-3.0	5.0	10.0	5	2	33	33	0
rg05_theta12p495_foilpm3	rg05_theta12p495_foilpm3	-3.0	5.0	10.0	5	3	59	38	21
rg05_theta12p495_foilpm3	rg05_theta12p495_foilpm3	-3.0	5.0	10.0	5	4	83	38	45
rg05_theta12p495_foilpm3	rg05_theta12p495_foilpm3	-3.0	5.0	10.0	5	5	0	0	0
rg05_theta12p495_foilpm3	rg05_theta12p495_foilpm3	-3.0	5.0	10.0	5	6	152	38	114
rg05_theta12p495_foilpm3	rg05_theta12p495_foilpm3	-3.0	5.0	10.0	6	1	10	10	0
rg05_theta12p495_foilpm3	rg05_theta12p495_foilpm3	-3.0	5.0	10.0	6	2	20	20	0
rg05_theta12p495_foilpm3	rg05_theta12p495_foilpm3	-3.0	5.0	10.0	6	3	40	38	2
rg05_theta12p495_foilpm3	rg05_theta12p495_foilpm3	-3.0	5.0	10.0	6	4	55	38	17
rg05_theta12p495_foilpm3	rg05_theta12p495_foilpm3	-3.0	5.0	10.0	6	5	96	38	58
rg05_theta12p495_foilpm3	rg05_theta12p495_foilpm3	-3.0	5.0	10.0	6	6	138	38	100
rg05_theta12p495_foilpm3	rg05_theta12p495_foilpm3	-3.0	5.0	10.0	7	1	0	0	0
rg05_theta12p495_foilpm3	rg05_theta12p495_foilpm3	-3.0	5.0	10.0	7	2	13	13	0
rg05_theta12p495_foilpm3	rg05_theta12p495_foilpm3	-3.0	5.0	10.0	7	3	40	38	2
rg05_theta12p495_foilpm3	rg05_theta12p495_foilpm3	-3.0	5.0	10.0	7	4	44	38	6
rg05_theta12p495_foilpm3	rg05_theta12p495_foilpm3	-3.0	5.0	10.0	7	5	70	38	32
rg05_theta12p495_foilpm3	rg05_theta12p495_foilpm3	-3.0	5.0	10.0	7	6	104	38	66
rg05_theta12p495_foilpm3	rg05_theta12p495_foilpm3	-3.0	5.0	10.0	8	2	0	0	0
rg05_theta12p495_foilpm3	rg05_theta12p495_foilpm3	-3.0	5.0	10.0	8	3	18	18	0
rg05_theta12p495_foilpm3	rg05_theta12p495_foilpm3	-3.0	5.0	10.0	8	4	40	38	2
rg05_theta12p495_foilpm3	rg05_theta12p495_foilpm3	-3.0	5.0	10.0	8	5	50	38	12
rg05_theta12p495_foilpm3	rg05_theta12p495_foilpm3	-3.0	5.0	10.0	8	6	0	0	0
rg05_theta12p495_foilpm3	rg05_theta12p495_foilpm3	3.0	-10.0	-8.0	0	2	0	0	0
rg05_theta12p495_foilpm3	rg05_theta12p495_foilpm3	3.0	-10.0	-8.0	0	3	9	9	0
rg05_theta12p495_foilpm3	rg05_theta12p495_foilpm3	3.0	-10.0	-8.0	0	4	25	25	0
rg05_theta12p495_foilpm3	rg05_theta12p495_foilpm3	3.0	-10.0	-8.0	0	5	30	25	5
rg05_theta12p495_foilpm3	rg05_theta12p495_foilpm3	3.0	-10.0	-8.0	0	6	24	24	0
rg05_theta12p495_foilpm3	rg05_theta12p495_foilpm3	3.0	-10.0	-8.0	1	2	15	15	0
rg05_theta12p495_foilpm3	rg05_theta12p495_foilpm3	3.0	-10.0	-8.0	1	3	18	18	0
rg05_theta12p495_foilpm3	rg05_theta12p495_foilpm3	3.0	-10.0	-8.0	1	4	30	25	5
rg05_theta12p495_foilpm3	rg05_theta12p495_foilpm3	3.0	-10.0	-8.0	1	5	32	25	7
rg05_theta12p495_foilpm3	rg05_theta12p495_foilpm3	3.0	-10.0	-8.0	1	6	33	25	8
rg05_theta12p495_foilpm3	rg05_theta12p495_foilpm3	3.0	-10.0	-8.0	1	7	0	0	0
rg05_theta12p495_foilpm3	rg05_theta12p495_foilpm3	3.0	-10.0	-8.0	2	2	17	17	0
rg05_theta12p495_foilpm3	rg05_theta12p495_foilpm3	3.0	-10.0	-8.0	2	3	0	0	0
rg05_theta12p495_foilpm3	rg05_theta12p495_foilpm3	3.0	-10.0	-8.0	2	4	32	25	7
rg05_theta12p495_foilpm3	rg05_theta12p495_foilpm3	3.0	-10.0	-8.0	2	5	32	25	7
rg05_theta12p495_foilpm3	rg05_theta12p495_foilpm3	3.0	-10.0	-8.0	2	6	49	25	24
rg05_theta12p495_foilpm3	rg05_theta12p495_foilpm3	3.0	-10.0	-8.0	2	7	0	0	0
rg05_theta12p495_foilpm3	rg05_theta12p495_foilpm3	3.0	-10.0	-8.0	3	2	19	19	0
rg05_theta12p495_foilpm3	rg05_theta12p495_foilpm3	3.0	-10.0	-8.0	3	3	28	25	3
rg05_theta12p495_foilpm3	rg05_theta12p495_foilpm3	3.0	-10.0	-8.0	3	4	36	25	11
rg05_theta12p495_foilpm3	rg05_theta12p495_foilpm3	3.0	-10.0	-8.0	3	5	42	25	17
rg05_theta12p495_foilpm3	rg05_theta12p495_foilpm3	3.0	-10.0	-8.0	3	6	55	25	30
rg05_theta12p495_foilpm3	rg05_theta12p495_foilpm3	3.0	-10.0	-8.0	3	7	17	17	0
rg05_theta12p495_foilpm3	rg05_theta12p495_foilpm3	3.0	-10.0	-8.0	4	2	15	15	0
rg05_theta12p495_foilpm3	rg05_theta12p495_foilpm3	3.0	-10.0	-8.0	4	3	39	25	14
rg05_theta12p495_foilpm3	rg05_theta12p495_foilpm3	3.0	-10.0	-8.0	4	4	17	17	0
rg05_theta12p495_foilpm3	rg05_theta12p495_foilpm3	3.0	-10.0	-8.0	4	5	49	25	24
rg05_theta12p495_foilpm3	rg05_theta12p495_foilpm3	3.0	-10.0	-8.0	4	6	73	25	48
rg05_theta12p495_foilpm3	rg05_theta12p495_foilpm3	3.0	-10.0	-8.0	4	7	15	15	0
rg05_theta12p495_foilpm3	rg05_theta12p495_foilpm3	3.0	-10.0	-8.0	5	2	19	19	0
rg05_theta12p495_foilpm3	rg05_theta12p495_foilpm3	3.0	-10.0	-8.0	5	3	29	25	4
rg05_theta12p495_foilpm3	rg05_theta12p495_foilpm3	3.0	-10.0	-8.0	5	4	45	25	20
rg05_theta12p495_foilpm3	rg05_theta12p495_foilpm3	3.0	-10.0	-8.0	5	5	0	0	0
rg05_theta12p495_foilpm3	rg05_theta12p495_foilpm3	3.0	-10.0	-8.0	5	6	57	25	32
rg05_theta12p495_foilpm3	rg05_theta12p495_foilpm3	3.0	-10.0	-8.0	5	7	11	11	0
rg05_theta12p495_foilpm3	rg05_theta12p495_foilpm3	3.0	-10.0	-8.0	6	2	9	9	0
rg05_theta12p495_foilpm3	rg05_theta12p495_foilpm3	3.0	-10.0	-8.0	6	3	23	23	0
rg05_theta12p495_foilpm3	rg05_theta12p495_foilpm3	3.0	-10.0	-8.0	6	4	33	25	8
rg05_theta12p495_foilpm3	rg05_theta12p495_foilpm3	3.0	-10.0	-8.0	6	5	48	25	23
rg05_theta12p495_foilpm3	rg05_theta12p495_foilpm3	3.0	-10.0	-8.0	6	6	48	25	23
rg05_theta12p495_foilpm3	rg05_theta12p495_foilpm3	3.0	-10.0	-8.0	6	7	0	0	0
rg05_theta12p495_foilpm3	rg05_theta12p495_foilpm3	3.0	-10.0	-8.0	7	2	0	0	0
rg05_theta12p495_foilpm3	rg05_theta12p495_foilpm3	3.0	-10.0	-8.0	7	3	16	16	0
rg05_theta12p495_foilpm3	rg05_theta12p495_foilpm3	3.0	-10.0	-8.0	7	4	31	25	6
rg05_theta12p495_foilpm3	rg05_theta12p495_foilpm3	3.0	-10.0	-8.0	7	5	30	25	5
rg05_theta12p495_foilpm3	rg05_theta12p495_foilpm3	3.0	-10.0	-8.0	7	6	50	25	25
rg05_theta12p495_foilpm3	rg05_theta12p495_foilpm3	3.0	-10.0	-8.0	7	7	0	0	0
rg05_theta12p495_foilpm3	rg05_theta12p495_foilpm3	3.0	-10.0	-8.0	8	2	0	0	0
rg05_theta12p495_foilpm3	rg05_theta12p495_foilpm3	3.0	-10.0	-8.0	8	3	0	0	0
rg05_theta12p495_foilpm3	rg05_theta12p495_foilpm3	3.0	-10.0	-8.0	8	4	10	10	0
rg05_theta12p495_foilpm3	rg05_theta12p495_foilpm3	3.0	-10.0	-8.0	8	5	19	19	0
rg05_theta12p495_foilpm3	rg05_theta12p495_foilpm3	3.0	-10.0	-8.0	8	6	23	23	0
rg05_theta12p495_foilpm3	rg05_theta12p495_foilpm3	3.0	-10.0	-8.0	8	7	0	0	0
rg05_theta12p495_foilpm3	rg05_theta12p495_foilpm3	3.0	-8.0	-5.0	0	2	0	0	0
rg05_theta12p495_foilpm3	rg05_theta12p495_foilpm3	3.0	-8.0	-5.0	0	3	28	28	0
rg05_theta12p495_foilpm3	rg05_theta12p495_foilpm3	3.0	-8.0	-5.0	0	4	36	36	0
rg05_theta12p495_foilpm3	rg05_theta12p495_foilpm3	3.0	-8.0	-5.0	0	5	47	47	0
rg05_theta12p495_foilpm3	rg05_theta12p495_foilpm3	3.0	-8.0	-5.0	0	6	51	51	0
rg05_theta12p495_foilpm3	rg05_theta12p495_foilpm3	3.0	-8.0	-5.0	1	2	22	22	0
rg05_theta12p495_foilpm3	rg05_theta12p495_foilpm3	3.0	-8.0	-5.0	1	3	31	31	0
rg05_theta12p495_foilpm3	rg05_theta12p495_foilpm3	3.0	-8.0	-5.0	1	4	41	41	0
rg05_theta12p495_foilpm3	rg05_theta12p495_foilpm3	3.0	-8.0	-5.0	1	5	74	51	23
rg05_theta12p495_foilpm3	rg05_theta12p495_foilpm3	3.0	-8.0	-5.0	1	6	90	51	39
rg05_theta12p495_foilpm3	rg05_theta12p495_foilpm3	3.0	-8.0	-5.0	1	7	0	0	0
rg05_theta12p495_foilpm3	rg05_theta12p495_foilpm3	3.0	-8.0	-5.0	2	2	28	28	0
rg05_theta12p495_foilpm3	rg05_theta12p495_foilpm3	3.0	-8.0	-5.0	2	3	0	0	0
rg05_theta12p495_foilpm3	rg05_theta12p495_foilpm3	3.0	-8.0	-5.0	2	4	87	51	36
rg05_theta12p495_foilpm3	rg05_theta12p495_foilpm3	3.0	-8.0	-5.0	2	5	73	51	22
rg05_theta12p495_foilpm3	rg05_theta12p495_foilpm3	3.0	-8.0	-5.0	2	6	97	51	46
rg05_theta12p495_foilpm3	rg05_theta12p495_foilpm3	3.0	-8.0	-5.0	2	7	63	51	12
rg05_theta12p495_foilpm3	rg05_theta12p495_foilpm3	3.0	-8.0	-5.0	3	2	21	21	0
rg05_theta12p495_foilpm3	rg05_theta12p495_foilpm3	3.0	-8.0	-5.0	3	3	45	45	0
rg05_theta12p495_foilpm3	rg05_theta12p495_foilpm3	3.0	-8.0	-5.0	3	4	92	51	41
rg05_theta12p495_foilpm3	rg05_theta12p495_foilpm3	3.0	-8.0	-5.0	3	5	105	51	54
rg05_theta12p495_foilpm3	rg05_theta12p495_foilpm3	3.0	-8.0	-5.0	3	6	122	51	71
rg05_theta12p495_foilpm3	rg05_theta12p495_foilpm3	3.0	-8.0	-5.0	3	7	125	51	74
rg05_theta12p495_foilpm3	rg05_theta12p495_foilpm3	3.0	-8.0	-5.0	4	2	31	31	0
rg05_theta12p495_foilpm3	rg05_theta12p495_foilpm3	3.0	-8.0	-5.0	4	3	67	51	16
rg05_theta12p495_foilpm3	rg05_theta12p495_foilpm3	3.0	-8.0	-5.0	4	4	30	30	0
rg05_theta12p495_foilpm3	rg05_theta12p495_foilpm3	3.0	-8.0	-5.0	4	5	108	51	57
rg05_theta12p495_foilpm3	rg05_theta12p495_foilpm3	3.0	-8.0	-5.0	4	6	127	51	76
rg05_theta12p495_foilpm3	rg05_theta12p495_foilpm3	3.0	-8.0	-5.0	4	7	139	51	88
rg05_theta12p495_foilpm3	rg05_theta12p495_foilpm3	3.0	-8.0	-5.0	5	2	34	34	0
rg05_theta12p495_foilpm3	rg05_theta12p495_foilpm3	3.0	-8.0	-5.0	5	3	41	41	0
rg05_theta12p495_foilpm3	rg05_theta12p495_foilpm3	3.0	-8.0	-5.0	5	4	85	51	34
rg05_theta12p495_foilpm3	rg05_theta12p495_foilpm3	3.0	-8.0	-5.0	5	5	0	0	0
rg05_theta12p495_foilpm3	rg05_theta12p495_foilpm3	3.0	-8.0	-5.0	5	6	144	51	93
rg05_theta12p495_foilpm3	rg05_theta12p495_foilpm3	3.0	-8.0	-5.0	5	7	126	51	75
rg05_theta12p495_foilpm3	rg05_theta12p495_foilpm3	3.0	-8.0	-5.0	6	2	19	19	0
rg05_theta12p495_foilpm3	rg05_theta12p495_foilpm3	3.0	-8.0	-5.0	6	3	45	45	0
rg05_theta12p495_foilpm3	rg05_theta12p495_foilpm3	3.0	-8.0	-5.0	6	4	61	51	10
rg05_theta12p495_foilpm3	rg05_theta12p495_foilpm3	3.0	-8.0	-5.0	6	5	107	51	56
rg05_theta12p495_foilpm3	rg05_theta12p495_foilpm3	3.0	-8.0	-5.0	6	6	109	51	58
rg05_theta12p495_foilpm3	rg05_theta12p495_foilpm3	3.0	-8.0	-5.0	6	7	90	51	39
rg05_theta12p495_foilpm3	rg05_theta12p495_foilpm3	3.0	-8.0	-5.0	7	2	18	18	0
rg05_theta12p495_foilpm3	rg05_theta12p495_foilpm3	3.0	-8.0	-5.0	7	3	35	35	0
rg05_theta12p495_foilpm3	rg05_theta12p495_foilpm3	3.0	-8.0	-5.0	7	4	49	49	0
rg05_theta12p495_foilpm3	rg05_theta12p495_foilpm3	3.0	-8.0	-5.0	7	5	60	51	9
rg05_theta12p495_foilpm3	rg05_theta12p495_foilpm3	3.0	-8.0	-5.0	7	6	81	51	30
rg05_theta12p495_foilpm3	rg05_theta12p495_foilpm3	3.0	-8.0	-5.0	7	7	0	0	0
rg05_theta12p495_foilpm3	rg05_theta12p495_foilpm3	3.0	-8.0	-5.0	8	2	0	0	0
rg05_theta12p495_foilpm3	rg05_theta12p495_foilpm3	3.0	-8.0	-5.0	8	3	23	23	0
rg05_theta12p495_foilpm3	rg05_theta12p495_foilpm3	3.0	-8.0	-5.0	8	4	34	34	0
rg05_theta12p495_foilpm3	rg05_theta12p495_foilpm3	3.0	-8.0	-5.0	8	5	45	45	0
rg05_theta12p495_foilpm3	rg05_theta12p495_foilpm3	3.0	-8.0	-5.0	8	6	74	51	23
rg05_theta12p495_foilpm3	rg05_theta12p495_foilpm3	3.0	-8.0	-5.0	8	7	0	0	0
rg05_theta12p495_foilpm3	rg05_theta12p495_foilpm3	3.0	-5.0	0.0	0	2	0	0	0
rg05_theta12p495_foilpm3	rg05_theta12p495_foilpm3	3.0	-5.0	0.0	0	3	28	28	0
rg05_theta12p495_foilpm3	rg05_theta12p495_foilpm3	3.0	-5.0	0.0	0	4	50	50	0
rg05_theta12p495_foilpm3	rg05_theta12p495_foilpm3	3.0	-5.0	0.0	0	5	68	68	0
rg05_theta12p495_foilpm3	rg05_theta12p495_foilpm3	3.0	-5.0	0.0	0	6	78	78	0
rg05_theta12p495_foilpm3	rg05_theta12p495_foilpm3	3.0	-5.0	0.0	0	7	0	0	0
rg05_theta12p495_foilpm3	rg05_theta12p495_foilpm3	3.0	-5.0	0.0	1	2	33	33	0
rg05_theta12p495_foilpm3	rg05_theta12p495_foilpm3	3.0	-5.0	0.0	1	3	45	45	0
rg05_theta12p495_foilpm3	rg05_theta12p495_foilpm3	3.0	-5.0	0.0	1	4	86	82	4
rg05_theta12p495_foilpm3	rg05_theta12p495_foilpm3	3.0	-5.0	0.0	1	5	112	82	30
rg05_theta12p495_foilpm3	rg05_theta12p495_foilpm3	3.0	-5.0	0.0	1	6	125	82	43
rg05_theta12p495_foilpm3	rg05_theta12p495_foilpm3	3.0	-5.0	0.0	2	2	38	38	0
rg05_theta12p495_foilpm3	rg05_theta12p495_foilpm3	3.0	-5.0	0.0	2	3	0	0	0
rg05_theta12p495_foilpm3	rg05_theta12p495_foilpm3	3.0	-5.0	0.0	2	4	109	82	27
rg05_theta12p495_foilpm3	rg05_theta12p495_foilpm3	3.0	-5.0	0.0	2	5	138	82	56
rg05_theta12p495_foilpm3	rg05_theta12p495_foilpm3	3.0	-5.0	0.0	2	6	176	82	94
rg05_theta12p495_foilpm3	rg05_theta12p495_foilpm3	3.0	-5.0	0.0	2	7	195	82	113
rg05_theta12p495_foilpm3	rg05_theta12p495_foilpm3	3.0	-5.0	0.0	3	2	57	57	0
rg05_theta12p495_foilpm3	rg05_theta12p495_foilpm3	3.0	-5.0	0.0	3	3	83	82	1
rg05_theta12p495_foilpm3	rg05_theta12p495_foilpm3	3.0	-5.0	0.0	3	4	158	82	76
rg05_theta12p495_foilpm3	rg05_theta12p495_foilpm3	3.0	-5.0	0.0	3	5	192	82	110
rg05_theta12p495_foilpm3	rg05_theta12p495_foilpm3	3.0	-5.0	0.0	3	6	236	82	154
rg05_theta12p495_foilpm3	rg05_theta12p495_foilpm3	3.0	-5.0	0.0	3	7	256	82	174
rg05_theta12p495_foilpm3	rg05_theta12p495_foilpm3	3.0	-5.0	0.0	4	2	50	50	0
rg05_theta12p495_foilpm3	rg05_theta12p495_foilpm3	3.0	-5.0	0.0	4	3	86	82	4
rg05_theta12p495_foilpm3	rg05_theta12p495_foilpm3	3.0	-5.0	0.0	4	4	46	46	0
rg05_theta12p495_foilpm3	rg05_theta12p495_foilpm3	3.0	-5.0	0.0	4	5	195	82	113
rg05_theta12p495_foilpm3	rg05_theta12p495_foilpm3	3.0	-5.0	0.0	4	6	239	82	157
rg05_theta12p495_foilpm3	rg05_theta12p495_foilpm3	3.0	-5.0	0.0	4	7	297	82	215
rg05_theta12p495_foilpm3	rg05_theta12p495_foilpm3	3.0	-5.0	0.0	5	2	59	59	0
rg05_theta12p495_foilpm3	rg05_theta12p495_foilpm3	3.0	-5.0	0.0	5	3	89	82	7
rg05_theta12p495_foilpm3	rg05_theta12p495_foilpm3	3.0	-5.0	0.0	5	4	142	82	60
rg05_theta12p495_foilpm3	rg05_theta12p495_foilpm3	3.0	-5.0	0.0	5	5	0	0	0
rg05_theta12p495_foilpm3	rg05_theta12p495_foilpm3	3.0	-5.0	0.0	5	6	242	82	160
rg05_theta12p495_foilpm3	rg05_theta12p495_foilpm3	3.0	-5.0	0.0	5	7	252	82	170
rg05_theta12p495_foilpm3	rg05_theta12p495_foilpm3	3.0	-5.0	0.0	6	2	47	47	0
rg05_theta12p495_foilpm3	rg05_theta12p495_foilpm3	3.0	-5.0	0.0	6	3	74	74	0
rg05_theta12p495_foilpm3	rg05_theta12p495_foilpm3	3.0	-5.0	0.0	6	4	109	82	27
rg05_theta12p495_foilpm3	rg05_theta12p495_foilpm3	3.0	-5.0	0.0	6	5	162	82	80
rg05_theta12p495_foilpm3	rg05_theta12p495_foilpm3	3.0	-5.0	0.0	6	6	221	82	139
rg05_theta12p495_foilpm3	rg05_theta12p495_foilpm3	3.0	-5.0	0.0	6	7	204	82	122
rg05_theta12p495_foilpm3	rg05_theta12p495_foilpm3	3.0	-5.0	0.0	7	2	43	43	0
rg05_theta12p495_foilpm3	rg05_theta12p495_foilpm3	3.0	-5.0	0.0	7	3	51	51	0
rg05_theta12p495_foilpm3	rg05_theta12p495_foilpm3	3.0	-5.0	0.0	7	4	99	82	17
rg05_theta12p495_foilpm3	rg05_theta12p495_foilpm3	3.0	-5.0	0.0	7	5	131	82	49
rg05_theta12p495_foilpm3	rg05_theta12p495_foilpm3	3.0	-5.0	0.0	7	6	167	82	85
rg05_theta12p495_foilpm3	rg05_theta12p495_foilpm3	3.0	-5.0	0.0	7	7	0	0	0
rg05_theta12p495_foilpm3	rg05_theta12p495_foilpm3	3.0	-5.0	0.0	8	2	0	0	0
rg05_theta12p495_foilpm3	rg05_theta12p495_foilpm3	3.0	-5.0	0.0	8	3	32	32	0
rg05_theta12p495_foilpm3	rg05_theta12p495_foilpm3	3.0	-5.0	0.0	8	4	54	54	0
rg05_theta12p495_foilpm3	rg05_theta12p495_foilpm3	3.0	-5.0	0.0	8	5	78	78	0
rg05_theta12p495_foilpm3	rg05_theta12p495_foilpm3	3.0	-5.0	0.0	8	6	114	82	32
rg05_theta12p495_foilpm3	rg05_theta12p495_foilpm3	3.0	-5.0	0.0	8	7	0	0	0
rg05_theta12p495_foilpm3	rg05_theta12p495_foilpm3	3.0	0.0	5.0	0	3	16	16	0
rg05_theta12p495_foilpm3	rg05_theta12p495_foilpm3	3.0	0.0	5.0	0	4	32	32	0
rg05_theta12p495_foilpm3	rg05_theta12p495_foilpm3	3.0	0.0	5.0	0	5	73	54	19
rg05_theta12p495_foilpm3	rg05_theta12p495_foilpm3	3.0	0.0	5.0	0	6	60	54	6
rg05_theta12p495_foilpm3	rg05_theta12p495_foilpm3	3.0	0.0	5.0	0	7	0	0	0
rg05_theta12p495_foilpm3	rg05_theta12p495_foilpm3	3.0	0.0	5.0	1	2	25	25	0
rg05_theta12p495_foilpm3	rg05_theta12p495_foilpm3	3.0	0.0	5.0	1	3	36	36	0
rg05_theta12p495_foilpm3	rg05_theta12p495_foilpm3	3.0	0.0	5.0	1	4	65	54	11
rg05_theta12p495_foilpm3	rg05_theta12p495_foilpm3	3.0	0.0	5.0	1	5	107	54	53
rg05_theta12p495_foilpm3	rg05_theta12p495_foilpm3	3.0	0.0	5.0	1	6	120	54	66
rg05_theta12p495_foilpm3	rg05_theta12p495_foilpm3	3.0	0.0	5.0	1	7	0	0	0
rg05_theta12p495_foilpm3	rg05_theta12p495_foilpm3	3.0	0.0	5.0	2	2	32	32	0
rg05_theta12p495_foilpm3	rg05_theta12p495_foilpm3	3.0	0.0	5.0	2	3	0	0	0
rg05_theta12p495_foilpm3	rg05_theta12p495_foilpm3	3.0	0.0	5.0	2	4	90	54	36
rg05_theta12p495_foilpm3	rg05_theta12p495_foilpm3	3.0	0.0	5.0	2	5	137	54	83
rg05_theta12p495_foilpm3	rg05_theta12p495_foilpm3	3.0	0.0	5.0	2	6	154	54	100
rg05_theta12p495_foilpm3	rg05_theta12p495_foilpm3	3.0	0.0	5.0	2	7	193	54	139
rg05_theta12p495_foilpm3	rg05_theta12p495_foilpm3	3.0	0.0	5.0	3	2	35	35	0
rg05_theta12p495_foilpm3	rg05_theta12p495_foilpm3	3.0	0.0	5.0	3	3	58	54	4
rg05_theta12p495_foilpm3	rg05_theta12p495_foilpm3	3.0	0.0	5.0	3	4	94	54	40
rg05_theta12p495_foilpm3	rg05_theta12p495_foilpm3	3.0	0.0	5.0	3	5	130	54	76
rg05_theta12p495_foilpm3	rg05_theta12p495_foilpm3	3.0	0.0	5.0	3	6	202	54	148
rg05_theta12p495_foilpm3	rg05_theta12p495_foilpm3	3.0	0.0	5.0	3	7	285	54	231
rg05_theta12p495_foilpm3	rg05_theta12p495_foilpm3	3.0	0.0	5.0	4	2	38	38	0
rg05_theta12p495_foilpm3	rg05_theta12p495_foilpm3	3.0	0.0	5.0	4	3	63	54	9
rg05_theta12p495_foilpm3	rg05_theta12p495_foilpm3	3.0	0.0	5.0	4	4	39	39	0
rg05_theta12p495_foilpm3	rg05_theta12p495_foilpm3	3.0	0.0	5.0	4	5	150	54	96
rg05_theta12p495_foilpm3	rg05_theta12p495_foilpm3	3.0	0.0	5.0	4	6	225	54	171
rg05_theta12p495_foilpm3	rg05_theta12p495_foilpm3	3.0	0.0	5.0	4	7	288	54	234
rg05_theta12p495_foilpm3	rg05_theta12p495_foilpm3	3.0	0.0	5.0	5	2	19	19	0
rg05_theta12p495_foilpm3	rg05_theta12p495_foilpm3	3.0	0.0	5.0	5	3	70	54	16
rg05_theta12p495_foilpm3	rg05_theta12p495_foilpm3	3.0	0.0	5.0	5	4	110	54	56
rg05_theta12p495_foilpm3	rg05_theta12p495_foilpm3	3.0	0.0	5.0	5	5	0	0	0
rg05_theta12p495_foilpm3	rg05_theta12p495_foilpm3	3.0	0.0	5.0	5	6	211	54	157
rg05_theta12p495_foilpm3	rg05_theta12p495_foilpm3	3.0	0.0	5.0	5	7	274	54	220
rg05_theta12p495_foilpm3	rg05_theta12p495_foilpm3	3.0	0.0	5.0	6	2	22	22	0
rg05_theta12p495_foilpm3	rg05_theta12p495_foilpm3	3.0	0.0	5.0	6	3	51	51	0
rg05_theta12p495_foilpm3	rg05_theta12p495_foilpm3	3.0	0.0	5.0	6	4	87	54	33
rg05_theta12p495_foilpm3	rg05_theta12p495_foilpm3	3.0	0.0	5.0	6	5	131	54	77
rg05_theta12p495_foilpm3	rg05_theta12p495_foilpm3	3.0	0.0	5.0	6	6	157	54	103
rg05_theta12p495_foilpm3	rg05_theta12p495_foilpm3	3.0	0.0	5.0	6	7	229	54	175
rg05_theta12p495_foilpm3	rg05_theta12p495_foilpm3	3.0	0.0	5.0	7	2	20	20	0
rg05_theta12p495_foilpm3	rg05_theta12p495_foilpm3	3.0	0.0	5.0	7	3	32	32	0
rg05_theta12p495_foilpm3	rg05_theta12p495_foilpm3	3.0	0.0	5.0	7	4	55	54	1
rg05_theta12p495_foilpm3	rg05_theta12p495_foilpm3	3.0	0.0	5.0	7	5	79	54	25
rg05_theta12p495_foilpm3	rg05_theta12p495_foilpm3	3.0	0.0	5.0	7	6	123	54	69
rg05_theta12p495_foilpm3	rg05_theta12p495_foilpm3	3.0	0.0	5.0	7	7	0	0	0
rg05_theta12p495_foilpm3	rg05_theta12p495_foilpm3	3.0	0.0	5.0	8	3	29	29	0
rg05_theta12p495_foilpm3	rg05_theta12p495_foilpm3	3.0	0.0	5.0	8	4	34	34	0
rg05_theta12p495_foilpm3	rg05_theta12p495_foilpm3	3.0	0.0	5.0	8	5	57	54	3
rg05_theta12p495_foilpm3	rg05_theta12p495_foilpm3	3.0	0.0	5.0	8	6	77	54	23
rg05_theta12p495_foilpm3	rg05_theta12p495_foilpm3	3.0	0.0	5.0	8	7	0	0	0
rg05_theta12p495_foilpm3	rg05_theta12p495_foilpm3	3.0	5.0	10.0	0	3	12	12	0
rg05_theta12p495_foilpm3	rg05_theta12p495_foilpm3	3.0	5.0	10.0	0	4	34	34	0
rg05_theta12p495_foilpm3	rg05_theta12p495_foilpm3	3.0	5.0	10.0	0	5	37	36	1
rg05_theta12p495_foilpm3	rg05_theta12p495_foilpm3	3.0	5.0	10.0	0	6	15	15	0
rg05_theta12p495_foilpm3	rg05_theta12p495_foilpm3	3.0	5.0	10.0	1	2	11	11	0
rg05_theta12p495_foilpm3	rg05_theta12p495_foilpm3	3.0	5.0	10.0	1	3	24	24	0
rg05_theta12p495_foilpm3	rg05_theta12p495_foilpm3	3.0	5.0	10.0	1	4	31	31	0
rg05_theta12p495_foilpm3	rg05_theta12p495_foilpm3	3.0	5.0	10.0	1	5	55	36	19
rg05_theta12p495_foilpm3	rg05_theta12p495_foilpm3	3.0	5.0	10.0	1	6	70	36	34
rg05_theta12p495_foilpm3	rg05_theta12p495_foilpm3	3.0	5.0	10.0	1	7	0	0	0
rg05_theta12p495_foilpm3	rg05_theta12p495_foilpm3	3.0	5.0	10.0	2	2	15	15	0
rg05_theta12p495_foilpm3	rg05_theta12p495_foilpm3	3.0	5.0	10.0	2	3	0	0	0
rg05_theta12p495_foilpm3	rg05_theta12p495_foilpm3	3.0	5.0	10.0	2	4	59	36	23
rg05_theta12p495_foilpm3	rg05_theta12p495_foilpm3	3.0	5.0	10.0	2	5	78	36	42
rg05_theta12p495_foilpm3	rg05_theta12p495_foilpm3	3.0	5.0	10.0	2	6	122	36	86
rg05_theta12p495_foilpm3	rg05_theta12p495_foilpm3	3.0	5.0	10.0	2	7	152	36	116
rg05_theta12p495_foilpm3	rg05_theta12p495_foilpm3	3.0	5.0	10.0	3	2	20	20	0
rg05_theta12p495_foilpm3	rg05_theta12p495_foilpm3	3.0	5.0	10.0	3	3	30	30	0
rg05_theta12p495_foilpm3	rg05_theta12p495_foilpm3	3.0	5.0	10.0	3	4	77	36	41
rg05_theta12p495_foilpm3	rg05_theta12p495_foilpm3	3.0	5.0	10.0	3	5	93	36	57
rg05_theta12p495_foilpm3	rg05_theta12p495_foilpm3	3.0	5.0	10.0	3	6	148	36	112
rg05_theta12p495_foilpm3	rg05_theta12p495_foilpm3	3.0	5.0	10.0	3	7	173	36	137
rg05_theta12p495_foilpm3	rg05_theta12p495_foilpm3	3.0	5.0	10.0	4	2	18	18	0
rg05_theta12p495_foilpm3	rg05_theta12p495_foilpm3	3.0	5.0	10.0	4	3	33	33	0
rg05_theta12p495_foilpm3	rg05_theta12p495_foilpm3	3.0	5.0	10.0	4	4	17	17	0
rg05_theta12p495_foilpm3	rg05_theta12p495_foilpm3	3.0	5.0	10.0	4	5	94	36	58
rg05_theta12p495_foilpm3	rg05_theta12p495_foilpm3	3.0	5.0	10.0	4	6	143	36	107
rg05_theta12p495_foilpm3	rg05_theta12p495_foilpm3	3.0	5.0	10.0	4	7	178	36	142
rg05_theta12p495_foilpm3	rg05_theta12p495_foilpm3	3.0	5.0	10.0	5	2	18	18	0
rg05_theta12p495_foilpm3	rg05_theta12p495_foilpm3	3.0	5.0	10.0	5	3	32	32	0
rg05_theta12p495_foilpm3	rg05_theta12p495_foilpm3	3.0	5.0	10.0	5	4	58	36	22
rg05_theta12p495_foilpm3	rg05_theta12p495_foilpm3	3.0	5.0	10.0	5	5	0	0	0
rg05_theta12p495_foilpm3	rg05_theta12p495_foilpm3	3.0	5.0	10.0	5	6	127	36	91
rg05_theta12p495_foilpm3	rg05_theta12p495_foilpm3	3.0	5.0	10.0	5	7	211	36	175
rg05_theta12p495_foilpm3	rg05_theta12p495_foilpm3	3.0	5.0	10.0	6	2	22	22	0
rg05_theta12p495_foilpm3	rg05_theta12p495_foilpm3	3.0	5.0	10.0	6	3	27	27	0
rg05_theta12p495_foilpm3	rg05_theta12p495_foilpm3	3.0	5.0	10.0	6	4	49	36	13
rg05_theta12p495_foilpm3	rg05_theta12p495_foilpm3	3.0	5.0	10.0	6	5	82	36	46
rg05_theta12p495_foilpm3	rg05_theta12p495_foilpm3	3.0	5.0	10.0	6	6	134	36	98
rg05_theta12p495_foilpm3	rg05_theta12p495_foilpm3	3.0	5.0	10.0	6	7	159	36	123
rg05_theta12p495_foilpm3	rg05_theta12p495_foilpm3	3.0	5.0	10.0	7	2	0	0	0
rg05_theta12p495_foilpm3	rg05_theta12p495_foilpm3	3.0	5.0	10.0	7	3	27	27	0
rg05_theta12p495_foilpm3	rg05_theta12p495_foilpm3	3.0	5.0	10.0	7	4	35	35	0
rg05_theta12p495_foilpm3	rg05_theta12p495_foilpm3	3.0	5.0	10.0	7	5	47	36	11
rg05_theta12p495_foilpm3	rg05_theta12p495_foilpm3	3.0	5.0	10.0	7	6	95	36	59
rg05_theta12p495_foilpm3	rg05_theta12p495_foilpm3	3.0	5.0	10.0	7	7	0	0	0
rg05_theta12p495_foilpm3	rg05_theta12p495_foilpm3	3.0	5.0	10.0	8	3	15	15	0
rg05_theta12p495_foilpm3	rg05_theta12p495_foilpm3	3.0	5.0	10.0	8	4	22	22	0
rg05_theta12p495_foilpm3	rg05_theta12p495_foilpm3	3.0	5.0	10.0	8	5	37	36	1
rg05_theta12p495_foilpm3	rg05_theta12p495_foilpm3	3.0	5.0	10.0	8	6	43	36	7
rg06_theta15p195_foilpm8	rg06_theta15p195_foilpm8	-8.0	-10.0	-8.0	0	1	0	0	0
rg06_theta15p195_foilpm8	rg06_theta15p195_foilpm8	-8.0	-10.0	-8.0	0	2	0	0	0
rg06_theta15p195_foilpm8	rg06_theta15p195_foilpm8	-8.0	-10.0	-8.0	0	3	20	20	0
rg06_theta15p195_foilpm8	rg06_theta15p195_foilpm8	-8.0	-10.0	-8.0	0	4	14	14	0
rg06_theta15p195_foilpm8	rg06_theta15p195_foilpm8	-8.0	-10.0	-8.0	0	5	10	10	0
rg06_theta15p195_foilpm8	rg06_theta15p195_foilpm8	-8.0	-10.0	-8.0	0	6	0	0	0
rg06_theta15p195_foilpm8	rg06_theta15p195_foilpm8	-8.0	-10.0	-8.0	1	1	0	0	0
rg06_theta15p195_foilpm8	rg06_theta15p195_foilpm8	-8.0	-10.0	-8.0	1	2	0	0	0
rg06_theta15p195_foilpm8	rg06_theta15p195_foilpm8	-8.0	-10.0	-8.0	1	3	19	19	0
rg06_theta15p195_foilpm8	rg06_theta15p195_foilpm8	-8.0	-10.0	-8.0	1	4	33	27	6
rg06_theta15p195_foilpm8	rg06_theta15p195_foilpm8	-8.0	-10.0	-8.0	1	5	22	22	0
rg06_theta15p195_foilpm8	rg06_theta15p195_foilpm8	-8.0	-10.0	-8.0	1	6	0	0	0
rg06_theta15p195_foilpm8	rg06_theta15p195_foilpm8	-8.0	-10.0	-8.0	2	1	11	11	0
rg06_theta15p195_foilpm8	rg06_theta15p195_foilpm8	-8.0	-10.0	-8.0	2	2	17	17	0
rg06_theta15p195_foilpm8	rg06_theta15p195_foilpm8	-8.0	-10.0	-8.0	2	3	0	0	0
rg06_theta15p195_foilpm8	rg06_theta15p195_foilpm8	-8.0	-10.0	-8.0	2	4	31	27	4
rg06_theta15p195_foilpm8	rg06_theta15p195_foilpm8	-8.0	-10.0	-8.0	2	5	30	27	3
rg06_theta15p195_foilpm8	rg06_theta15p195_foilpm8	-8.0	-10.0	-8.0	2	6	0	0	0
rg06_theta15p195_foilpm8	rg06_theta15p195_foilpm8	-8.0	-10.0	-8.0	3	1	0	0	0
rg06_theta15p195_foilpm8	rg06_theta15p195_foilpm8	-8.0	-10.0	-8.0	3	2	20	20	0
rg06_theta15p195_foilpm8	rg06_theta15p195_foilpm8	-8.0	-10.0	-8.0	3	3	36	27	9
rg06_theta15p195_foilpm8	rg06_theta15p195_foilpm8	-8.0	-10.0	-8.0	3	4	42	27	15
rg06_theta15p195_foilpm8	rg06_theta15p195_foilpm8	-8.0	-10.0	-8.0	3	5	45	27	18
rg06_theta15p195_foilpm8	rg06_theta15p195_foilpm8	-8.0	-10.0	-8.0	3	6	15	15	0
rg06_theta15p195_foilpm8	rg06_theta15p195_foilpm8	-8.0	-10.0	-8.0	4	1	0	0	0
rg06_theta15p195_foilpm8	rg06_theta15p195_foilpm8	-8.0	-10.0	-8.0	4	2	29	27	2
rg06_theta15p195_foilpm8	rg06_theta15p195_foilpm8	-8.0	-10.0	-8.0	4	3	34	27	7
rg06_theta15p195_foilpm8	rg06_theta15p195_foilpm8	-8.0	-10.0	-8.0	4	4	10	10	0
rg06_theta15p195_foilpm8	rg06_theta15p195_foilpm8	-8.0	-10.0	-8.0	4	5	52	27	25
rg06_theta15p195_foilpm8	rg06_theta15p195_foilpm8	-8.0	-10.0	-8.0	4	6	33	27	6
rg06_theta15p195_foilpm8	rg06_theta15p195_foilpm8	-8.0	-10.0	-8.0	5	1	0	0	0
rg06_theta15p195_foilpm8	rg06_theta15p195_foilpm8	-8.0	-10.0	-8.0	5	2	18	18	0
rg06_theta15p195_foilpm8	rg06_theta15p195_foilpm8	-8.0	-10.0	-8.0	5	3	33	27	6
rg06_theta15p195_foilpm8	rg06_theta15p195_foilpm8	-8.0	-10.0	-8.0	5	4	50	27	23
rg06_theta15p195_foilpm8	rg06_theta15p195_foilpm8	-8.0	-10.0	-8.0	5	5	0	0	0
rg06_theta15p195_foilpm8	rg06_theta15p195_foilpm8	-8.0	-10.0	-8.0	5	6	38	27	11
rg06_theta15p195_foilpm8	rg06_theta15p195_foilpm8	-8.0	-10.0	-8.0	6	1	0	0	0
rg06_theta15p195_foilpm8	rg06_theta15p195_foilpm8	-8.0	-10.0	-8.0	6	2	14	14	0
rg06_theta15p195_foilpm8	rg06_theta15p195_foilpm8	-8.0	-10.0	-8.0	6	3	27	27	0
rg06_theta15p195_foilpm8	rg06_theta15p195_foilpm8	-8.0	-10.0	-8.0	6	4	37	27	10
rg06_theta15p195_foilpm8	rg06_theta15p195_foilpm8	-8.0	-10.0	-8.0	6	5	43	27	16
rg06_theta15p195_foilpm8	rg06_theta15p195_foilpm8	-8.0	-10.0	-8.0	6	6	35	27	8
rg06_theta15p195_foilpm8	rg06_theta15p195_foilpm8	-8.0	-10.0	-8.0	7	1	0	0	0
rg06_theta15p195_foilpm8	rg06_theta15p195_foilpm8	-8.0	-10.0	-8.0	7	2	12	12	0
rg06_theta15p195_foilpm8	rg06_theta15p195_foilpm8	-8.0	-10.0	-8.0	7	3	0	0	0
rg06_theta15p195_foilpm8	rg06_theta15p195_foilpm8	-8.0	-10.0	-8.0	7	4	23	23	0
rg06_theta15p195_foilpm8	rg06_theta15p195_foilpm8	-8.0	-10.0	-8.0	7	5	31	27	4
rg06_theta15p195_foilpm8	rg06_theta15p195_foilpm8	-8.0	-10.0	-8.0	7	6	26	26	0
rg06_theta15p195_foilpm8	rg06_theta15p195_foilpm8	-8.0	-8.0	-5.0	0	1	0	0	0
rg06_theta15p195_foilpm8	rg06_theta15p195_foilpm8	-8.0	-8.0	-5.0	0	2	24	19	5
rg06_theta15p195_foilpm8	rg06_theta15p195_foilpm8	-8.0	-8.0	-5.0	0	3	33	20	13
rg06_theta15p195_foilpm8	rg06_theta15p195_foilpm8	-8.0	-8.0	-5.0	0	4	41	19	22
rg06_theta15p195_foilpm8	rg06_theta15p195_foilpm8	-8.0	-8.0	-5.0	0	5	38	20	18
rg06_theta15p195_foilpm8	rg06_theta15p195_foilpm8	-8.0	-8.0	-5.0	0	6	0	0	0
rg06_theta15p195_foilpm8	rg06_theta15p195_foilpm8	-8.0	-8.0	-5.0	1	1	15	15	0
rg06_theta15p195_foilpm8	rg06_theta15p195_foilpm8	-8.0	-8.0	-5.0	1	2	19	19	0
rg06_theta15p195_foilpm8	rg06_theta15p195_foilpm8	-8.0	-8.0	-5.0	1	3	46	19	27
rg06_theta15p195_foilpm8	rg06_theta15p195_foilpm8	-8.0	-8.0	-5.0	1	4	56	20	36
rg06_theta15p195_foilpm8	rg06_theta15p195_foilpm8	-8.0	-8.0	-5.0	1	5	68	20	48
rg06_theta15p195_foilpm8	rg06_theta15p195_foilpm8	-8.0	-8.0	-5.0	1	6	0	0	0
rg06_theta15p195_foilpm8	rg06_theta15p195_foilpm8	-8.0	-8.0	-5.0	2	1	19	19	0
rg06_theta15p195_foilpm8	rg06_theta15p195_foilpm8	-8.0	-8.0	-5.0	2	2	31	19	12
rg06_theta15p195_foilpm8	rg06_theta15p195_foilpm8	-8.0	-8.0	-5.0	2	3	0	0	0
rg06_theta15p195_foilpm8	rg06_theta15p195_foilpm8	-8.0	-8.0	-5.0	2	4	79	20	59
rg06_theta15p195_foilpm8	rg06_theta15p195_foilpm8	-8.0	-8.0	-5.0	2	5	79	20	59
rg06_theta15p195_foilpm8	rg06_theta15p195_foilpm8	-8.0	-8.0	-5.0	2	6	34	20	14
rg06_theta15p195_foilpm8	rg06_theta15p195_foilpm8	-8.0	-8.0	-5.0	3	1	20	20	0
rg06_theta15p195_foilpm8	rg06_theta15p195_foilpm8	-8.0	-8.0	-5.0	3	2	32	20	12
rg06_theta15p195_foilpm8	rg06_theta15p195_foilpm8	-8.0	-8.0	-5.0	3	3	68	19	49
rg06_theta15p195_foilpm8	rg06_theta15p195_foilpm8	-8.0	-8.0	-5.0	3	4	79	20	59
rg06_theta15p195_foilpm8	rg06_theta15p195_foilpm8	-8.0	-8.0	-5.0	3	5	106	20	86
rg06_theta15p195_foilpm8	rg06_theta15p195_foilpm8	-8.0	-8.0	-5.0	3	6	88	20	68
rg06_theta15p195_foilpm8	rg06_theta15p195_foilpm8	-8.0	-8.0	-5.0	4	1	15	15	0
rg06_theta15p195_foilpm8	rg06_theta15p195_foilpm8	-8.0	-8.0	-5.0	4	2	40	19	21
rg06_theta15p195_foilpm8	rg06_theta15p195_foilpm8	-8.0	-8.0	-5.0	4	3	66	20	46
rg06_theta15p195_foilpm8	rg06_theta15p195_foilpm8	-8.0	-8.0	-5.0	4	4	28	20	8
rg06_theta15p195_foilpm8	rg06_theta15p195_foilpm8	-8.0	-8.0	-5.0	4	5	92	20	72
rg06_theta15p195_foilpm8	rg06_theta15p195_foilpm8	-8.0	-8.0	-5.0	4	6	113	20	93
rg06_theta15p195_foilpm8	rg06_theta15p195_foilpm8	-8.0	-8.0	-5.0	5	1	15	15	0
rg06_theta15p195_foilpm8	rg06_theta15p195_foilpm8	-8.0	-8.0	-5.0	5	2	41	19	22
rg06_theta15p195_foilpm8	rg06_theta15p195_foilpm8	-8.0	-8.0	-5.0	5	3	61	20	41
rg06_theta15p195_foilpm8	rg06_theta15p195_foilpm8	-8.0	-8.0	-5.0	5	4	67	20	47
rg06_theta15p195_foilpm8	rg06_theta15p195_foilpm8	-8.0	-8.0	-5.0	5	5	0	0	0
rg06_theta15p195_foilpm8	rg06_theta15p195_foilpm8	-8.0	-8.0	-5.0	5	6	119	20	99
rg06_theta15p195_foilpm8	rg06_theta15p195_foilpm8	-8.0	-8.0	-5.0	6	1	11	11	0
rg06_theta15p195_foilpm8	rg06_theta15p195_foilpm8	-8.0	-8.0	-5.0	6	2	28	19	9
rg06_theta15p195_foilpm8	rg06_theta15p195_foilpm8	-8.0	-8.0	-5.0	6	3	46	20	26
rg06_theta15p195_foilpm8	rg06_theta15p195_foilpm8	-8.0	-8.0	-5.0	6	4	62	20	42
rg06_theta15p195_foilpm8	rg06_theta15p195_foilpm8	-8.0	-8.0	-5.0	6	5	74	20	54
rg06_theta15p195_foilpm8	rg06_theta15p195_foilpm8	-8.0	-8.0	-5.0	6	6	101	20	81
rg06_theta15p195_foilpm8	rg06_theta15p195_foilpm8	-8.0	-8.0	-5.0	7	1	0	0	0
rg06_theta15p195_foilpm8	rg06_theta15p195_foilpm8	-8.0	-8.0	-5.0	7	2	20	20	0
rg06_theta15p195_foilpm8	rg06_theta15p195_foilpm8	-8.0	-8.0	-5.0	7	3	43	20	23
rg06_theta15p195_foilpm8	rg06_theta15p195_foilpm8	-8.0	-8.0	-5.0	7	4	53	20	33
rg06_theta15p195_foilpm8	rg06_theta15p195_foilpm8	-8.0	-8.0	-5.0	7	5	73	20	53
rg06_theta15p195_foilpm8	rg06_theta15p195_foilpm8	-8.0	-8.0	-5.0	7	6	49	20	29
rg06_theta15p195_foilpm8	rg06_theta15p195_foilpm8	-8.0	-8.0	-5.0	8	1	0	0	0
rg06_theta15p195_foilpm8	rg06_theta15p195_foilpm8	-8.0	-8.0	-5.0	8	2	15	15	0
rg06_theta15p195_foilpm8	rg06_theta15p195_foilpm8	-8.0	-8.0	-5.0	8	3	32	20	12
rg06_theta15p195_foilpm8	rg06_theta15p195_foilpm8	-8.0	-8.0	-5.0	8	4	39	19	20
rg06_theta15p195_foilpm8	rg06_theta15p195_foilpm8	-8.0	-8.0	-5.0	8	5	60	20	40
rg06_theta15p195_foilpm8	rg06_theta15p195_foilpm8	-8.0	-8.0	-5.0	8	6	0	0	0
rg06_theta15p195_foilpm8	rg06_theta15p195_foilpm8	-8.0	-5.0	0.0	0	1	0	0	0
rg06_theta15p195_foilpm8	rg06_theta15p195_foilpm8	-8.0	-5.0	0.0	0	2	32	19	13
rg06_theta15p195_foilpm8	rg06_theta15p195_foilpm8	-8.0	-5.0	0.0	0	3	30	19	11
rg06_theta15p195_foilpm8	rg06_theta15p195_foilpm8	-8.0	-5.0	0.0	0	4	45	19	26
rg06_theta15p195_foilpm8	rg06_theta15p195_foilpm8	-8.0	-5.0	0.0	0	5	60	19	41
rg06_theta15p195_foilpm8	rg06_theta15p195_foilpm8	-8.0	-5.0	0.0	0	6	0	0	0
rg06_theta15p195_foilpm8	rg06_theta15p195_foilpm8	-8.0	-5.0	0.0	1	1	14	14	0
rg06_theta15p195_foilpm8	rg06_theta15p195_foilpm8	-8.0	-5.0	0.0	1	2	37	19	18
rg06_theta15p195_foilpm8	rg06_theta15p195_foilpm8	-8.0	-5.0	0.0	1	3	56	20	36
rg06_theta15p195_foilpm8	rg06_theta15p195_foilpm8	-8.0	-5.0	0.0	1	4	87	19	68
rg06_theta15p195_foilpm8	rg06_theta15p195_foilpm8	-8.0	-5.0	0.0	1	5	98	20	78
rg06_theta15p195_foilpm8	rg06_theta15p195_foilpm8	-8.0	-5.0	0.0	1	6	13	13	0
rg06_theta15p195_foilpm8	rg06_theta15p195_foilpm8	-8.0	-5.0	0.0	2	1	10	10	0
rg06_theta15p195_foilpm8	rg06_theta15p195_foilpm8	-8.0	-5.0	0.0	2	2	37	19	18
rg06_theta15p195_foilpm8	rg06_theta15p195_foilpm8	-8.0	-5.0	0.0	2	3	0	0	0
rg06_theta15p195_foilpm8	rg06_theta15p195_foilpm8	-8.0	-5.0	0.0	2	4	96	19	77
rg06_theta15p195_foilpm8	rg06_theta15p195_foilpm8	-8.0	-5.0	0.0	2	5	129	19	110
rg06_theta15p195_foilpm8	rg06_theta15p195_foilpm8	-8.0	-5.0	0.0	2	6	118	20	98
rg06_theta15p195_foilpm8	rg06_theta15p195_foilpm8	-8.0	-5.0	0.0	3	1	24	19	5
rg06_theta15p195_foilpm8	rg06_theta15p195_foilpm8	-8.0	-5.0	0.0	3	2	56	19	37
rg06_theta15p195_foilpm8	rg06_theta15p195_foilpm8	-8.0	-5.0	0.0	3	3	76	19	57
rg06_theta15p195_foilpm8	rg06_theta15p195_foilpm8	-8.0	-5.0	0.0	3	4	115	20	95
rg06_theta15p195_foilpm8	rg06_theta15p195_foilpm8	-8.0	-5.0	0.0	3	5	147	19	128
rg06_theta15p195_foilpm8	rg06_theta15p195_foilpm8	-8.0	-5.0	0.0	3	6	163	19	144
rg06_theta15p195_foilpm8	rg06_theta15p195_foilpm8	-8.0	-5.0	0.0	4	1	30	19	11
rg06_theta15p195_foilpm8	rg06_theta15p195_foilpm8	-8.0	-5.0	0.0	4	2	60	19	41
rg06_theta15p195_foilpm8	rg06_theta15p195_foilpm8	-8.0	-5.0	0.0	4	3	82	20	62
rg06_theta15p195_foilpm8	rg06_theta15p195_foilpm8	-8.0	-5.0	0.0	4	4	36	19	17
rg06_theta15p195_foilpm8	rg06_theta15p195_foilpm8	-8.0	-5.0	0.0	4	5	175	19	156
rg06_theta15p195_foilpm8	rg06_theta15p195_foilpm8	-8.0	-5.0	0.0	4	6	204	20	184
rg06_theta15p195_foilpm8	rg06_theta15p195_foilpm8	-8.0	-5.0	0.0	5	1	28	19	9
rg06_theta15p195_foilpm8	rg06_theta15p195_foilpm8	-8.0	-5.0	0.0	5	2	49	19	30
rg06_theta15p195_foilpm8	rg06_theta15p195_foilpm8	-8.0	-5.0	0.0	5	3	76	19	57
rg06_theta15p195_foilpm8	rg06_theta15p195_foilpm8	-8.0	-5.0	0.0	5	4	112	20	92
rg06_theta15p195_foilpm8	rg06_theta15p195_foilpm8	-8.0	-5.0	0.0	5	5	0	0	0
rg06_theta15p195_foilpm8	rg06_theta15p195_foilpm8	-8.0	-5.0	0.0	5	6	169	20	149
rg06_theta15p195_foilpm8	rg06_theta15p195_foilpm8	-8.0	-5.0	0.0	6	1	11	11	0
rg06_theta15p195_foilpm8	rg06_theta15p195_foilpm8	-8.0	-5.0	0.0	6	2	41	20	21
rg06_theta15p195_foilpm8	rg06_theta15p195_foilpm8	-8.0	-5.0	0.0	6	3	67	19	48
rg06_theta15p195_foilpm8	rg06_theta15p195_foilpm8	-8.0	-5.0	0.0	6	4	101	19	82
rg06_theta15p195_foilpm8	rg06_theta15p195_foilpm8	-8.0	-5.0	0.0	6	5	124	19	105
rg06_theta15p195_foilpm8	rg06_theta15p195_foilpm8	-8.0	-5.0	0.0	6	6	158	19	139
rg06_theta15p195_foilpm8	rg06_theta15p195_foilpm8	-8.0	-5.0	0.0	7	1	0	0	0
rg06_theta15p195_foilpm8	rg06_theta15p195_foilpm8	-8.0	-5.0	0.0	7	2	31	19	12
rg06_theta15p195_foilpm8	rg06_theta15p195_foilpm8	-8.0	-5.0	0.0	7	3	52	19	33
rg06_theta15p195_foilpm8	rg06_theta15p195_foilpm8	-8.0	-5.0	0.0	7	4	84	19	65
rg06_theta15p195_foilpm8	rg06_theta15p195_foilpm8	-8.0	-5.0	0.0	7	5	105	19	86
rg06_theta15p195_foilpm8	rg06_theta15p195_foilpm8	-8.0	-5.0	0.0	7	6	78	20	58
rg06_theta15p195_foilpm8	rg06_theta15p195_foilpm8	-8.0	-5.0	0.0	8	2	25	20	5
rg06_theta15p195_foilpm8	rg06_theta15p195_foilpm8	-8.0	-5.0	0.0	8	3	48	19	29
rg06_theta15p195_foilpm8	rg06_theta15p195_foilpm8	-8.0	-5.0	0.0	8	4	49	19	30
rg06_theta15p195_foilpm8	rg06_theta15p195_foilpm8	-8.0	-5.0	0.0	8	5	87	19	68
rg06_theta15p195_foilpm8	rg06_theta15p195_foilpm8	-8.0	-5.0	0.0	8	6	0	0	0
rg06_theta15p195_foilpm8	rg06_theta15p195_foilpm8	-8.0	0.0	5.0	0	2	12	12	0
rg06_theta15p195_foilpm8	rg06_theta15p195_foilpm8	-8.0	0.0	5.0	0	3	25	21	4
rg06_theta15p195_foilpm8	rg06_theta15p195_foilpm8	-8.0	0.0	5.0	0	4	23	21	2
rg06_theta15p195_foilpm8	rg06_theta15p195_foilpm8	-8.0	0.0	5.0	0	5	60	20	40
rg06_theta15p195_foilpm8	rg06_theta15p195_foilpm8	-8.0	0.0	5.0	1	1	0	0	0
rg06_theta15p195_foilpm8	rg06_theta15p195_foilpm8	-8.0	0.0	5.0	1	2	21	20	1
rg06_theta15p195_foilpm8	rg06_theta15p195_foilpm8	-8.0	0.0	5.0	1	3	42	20	22
rg06_theta15p195_foilpm8	rg06_theta15p195_foilpm8	-8.0	0.0	5.0	1	4	43	20	23
rg06_theta15p195_foilpm8	rg06_theta15p195_foilpm8	-8.0	0.0	5.0	1	5	84	21	63
rg06_theta15p195_foilpm8	rg06_theta15p195_foilpm8	-8.0	0.0	5.0	1	6	56	21	35
rg06_theta15p195_foilpm8	rg06_theta15p195_foilpm8	-8.0	0.0	5.0	2	1	0	0	0
rg06_theta15p195_foilpm8	rg06_theta15p195_foilpm8	-8.0	0.0	5.0	2	2	20	20	0
rg06_theta15p195_foilpm8	rg06_theta15p195_foilpm8	-8.0	0.0	5.0	2	3	0	0	0
rg06_theta15p195_foilpm8	rg06_theta15p195_foilpm8	-8.0	0.0	5.0	2	4	55	21	34
rg06_theta15p195_foilpm8	rg06_theta15p195_foilpm8	-8.0	0.0	5.0	2	5	99	21	78
rg06_theta15p195_foilpm8	rg06_theta15p195_foilpm8	-8.0	0.0	5.0	2	6	99	21	78
rg06_theta15p195_foilpm8	rg06_theta15p195_foilpm8	-8.0	0.0	5.0	3	1	14	14	0
rg06_theta15p195_foilpm8	rg06_theta15p195_foilpm8	-8.0	0.0	5.0	3	2	22	21	1
rg06_theta15p195_foilpm8	rg06_theta15p195_foilpm8	-8.0	0.0	5.0	3	3	53	20	33
rg06_theta15p195_foilpm8	rg06_theta15p195_foilpm8	-8.0	0.0	5.0	3	4	78	20	58
rg06_theta15p195_foilpm8	rg06_theta15p195_foilpm8	-8.0	0.0	5.0	3	5	116	20	96
rg06_theta15p195_foilpm8	rg06_theta15p195_foilpm8	-8.0	0.0	5.0	3	6	168	20	148
rg06_theta15p195_foilpm8	rg06_theta15p195_foilpm8	-8.0	0.0	5.0	4	1	12	12	0
rg06_theta15p195_foilpm8	rg06_theta15p195_foilpm8	-8.0	0.0	5.0	4	2	33	20	13
rg06_theta15p195_foilpm8	rg06_theta15p195_foilpm8	-8.0	0.0	5.0	4	3	47	21	26
rg06_theta15p195_foilpm8	rg06_theta15p195_foilpm8	-8.0	0.0	5.0	4	4	21	20	1
rg06_theta15p195_foilpm8	rg06_theta15p195_foilpm8	-8.0	0.0	5.0	4	5	110	21	89
rg06_theta15p195_foilpm8	rg06_theta15p195_foilpm8	-8.0	0.0	5.0	4	6	170	21	149
rg06_theta15p195_foilpm8	rg06_theta15p195_foilpm8	-8.0	0.0	5.0	5	1	20	20	0
rg06_theta15p195_foilpm8	rg06_theta15p195_foilpm8	-8.0	0.0	5.0	5	2	28	20	8
rg06_theta15p195_foilpm8	rg06_theta15p195_foilpm8	-8.0	0.0	5.0	5	3	40	21	19
rg06_theta15p195_foilpm8	rg06_theta15p195_foilpm8	-8.0	0.0	5.0	5	4	56	21	35
rg06_theta15p195_foilpm8	rg06_theta15p195_foilpm8	-8.0	0.0	5.0	5	5	0	0	0
rg06_theta15p195_foilpm8	rg06_theta15p195_foilpm8	-8.0	0.0	5.0	5	6	156	20	136
rg06_theta15p195_foilpm8	rg06_theta15p195_foilpm8	-8.0	0.0	5.0	6	1	0	0	0
rg06_theta15p195_foilpm8	rg06_theta15p195_foilpm8	-8.0	0.0	5.0	6	2	17	17	0
rg06_theta15p195_foilpm8	rg06_theta15p195_foilpm8	-8.0	0.0	5.0	6	3	34	21	13
rg06_theta15p195_foilpm8	rg06_theta15p195_foilpm8	-8.0	0.0	5.0	6	4	53	21	32
rg06_theta15p195_foilpm8	rg06_theta15p195_foilpm8	-8.0	0.0	5.0	6	5	95	21	74
rg06_theta15p195_foilpm8	rg06_theta15p195_foilpm8	-8.0	0.0	5.0	6	6	122	20	102
rg06_theta15p195_foilpm8	rg06_theta15p195_foilpm8	-8.0	0.0	5.0	7	1	0	0	0
rg06_theta15p195_foilpm8	rg06_theta15p195_foilpm8	-8.0	0.0	5.0	7	2	16	16	0
rg06_theta15p195_foilpm8	rg06_theta15p195_foilpm8	-8.0	0.0	5.0	7	3	30	21	9
rg06_theta15p195_foilpm8	rg06_theta15p195_foilpm8	-8.0	0.0	5.0	7	4	41	21	20
rg06_theta15p195_foilpm8	rg06_theta15p195_foilpm8	-8.0	0.0	5.0	7	5	80	20	60
rg06_theta15p195_foilpm8	rg06_theta15p195_foilpm8	-8.0	0.0	5.0	7	6	52	21	31
rg06_theta15p195_foilpm8	rg06_theta15p195_foilpm8	-8.0	0.0	5.0	8	1	0	0	0
rg06_theta15p195_foilpm8	rg06_theta15p195_foilpm8	-8.0	0.0	5.0	8	2	10	10	0
rg06_theta15p195_foilpm8	rg06_theta15p195_foilpm8	-8.0	0.0	5.0	8	3	16	16	0
rg06_theta15p195_foilpm8	rg06_theta15p195_foilpm8	-8.0	0.0	5.0	8	4	31	20	11
rg06_theta15p195_foilpm8	rg06_theta15p195_foilpm8	-8.0	0.0	5.0	8	5	63	20	43
rg06_theta15p195_foilpm8	rg06_theta15p195_foilpm8	-8.0	0.0	5.0	8	6	0	0	0
rg06_theta15p195_foilpm8	rg06_theta15p195_foilpm8	-8.0	5.0	10.0	0	2	0	0	0
rg06_theta15p195_foilpm8	rg06_theta15p195_foilpm8	-8.0	5.0	10.0	0	3	0	0	0
rg06_theta15p195_foilpm8	rg06_theta15p195_foilpm8	-8.0	5.0	10.0	0	4	18	18	0
rg06_theta15p195_foilpm8	rg06_theta15p195_foilpm8	-8.0	5.0	10.0	0	5	22	22	0
rg06_theta15p195_foilpm8	rg06_theta15p195_foilpm8	-8.0	5.0	10.0	0	6	0	0	0
rg06_theta15p195_foilpm8	rg06_theta15p195_foilpm8	-8.0	5.0	10.0	1	1	0	0	0
rg06_theta15p195_foilpm8	rg06_theta15p195_foilpm8	-8.0	5.0	10.0	1	2	0	0	0
rg06_theta15p195_foilpm8	rg06_theta15p195_foilpm8	-8.0	5.0	10.0	1	3	0	0	0
rg06_theta15p195_foilpm8	rg06_theta15p195_foilpm8	-8.0	5.0	10.0	1	4	28	24	4
rg06_theta15p195_foilpm8	rg06_theta15p195_foilpm8	-8.0	5.0	10.0	1	5	36	24	12
rg06_theta15p195_foilpm8	rg06_theta15p195_foilpm8	-8.0	5.0	10.0	1	6	37	24	13
rg06_theta15p195_foilpm8	rg06_theta15p195_foilpm8	-8.0	5.0	10.0	2	1	0	0	0
rg06_theta15p195_foilpm8	rg06_theta15p195_foilpm8	-8.0	5.0	10.0	2	2	7	7	0
rg06_theta15p195_foilpm8	rg06_theta15p195_foilpm8	-8.0	5.0	10.0	2	4	29	24	5
rg06_theta15p195_foilpm8	rg06_theta15p195_foilpm8	-8.0	5.0	10.0	2	5	36	24	12
rg06_theta15p195_foilpm8	rg06_theta15p195_foilpm8	-8.0	5.0	10.0	2	6	79	24	55
rg06_theta15p195_foilpm8	rg06_theta15p195_foilpm8	-8.0	5.0	10.0	3	1	0	0	0
rg06_theta15p195_foilpm8	rg06_theta15p195_foilpm8	-8.0	5.0	10.0	3	2	0	0	0
rg06_theta15p195_foilpm8	rg06_theta15p195_foilpm8	-8.0	5.0	10.0	3	3	13	13	0
rg06_theta15p195_foilpm8	rg06_theta15p195_foilpm8	-8.0	5.0	10.0	3	4	32	24	8
rg06_theta15p195_foilpm8	rg06_theta15p195_foilpm8	-8.0	5.0	10.0	3	5	50	24	26
rg06_theta15p195_foilpm8	rg06_theta15p195_foilpm8	-8.0	5.0	10.0	3	6	93	24	69
rg06_theta15p195_foilpm8	rg06_theta15p195_foilpm8	-8.0	5.0	10.0	4	1	8	8	0
rg06_theta15p195_foilpm8	rg06_theta15p195_foilpm8	-8.0	5.0	10.0	4	2	14	14	0
rg06_theta15p195_foilpm8	rg06_theta15p195_foilpm8	-8.0	5.0	10.0	4	3	19	19	0
rg06_theta15p195_foilpm8	rg06_theta15p195_foilpm8	-8.0	5.0	10.0	4	4	0	0	0
rg06_theta15p195_foilpm8	rg06_theta15p195_foilpm8	-8.0	5.0	10.0	4	5	54	24	30
rg06_theta15p195_foilpm8	rg06_theta15p195_foilpm8	-8.0	5.0	10.0	4	6	77	24	53
rg06_theta15p195_foilpm8	rg06_theta15p195_foilpm8	-8.0	5.0	10.0	5	1	0	0	0
rg06_theta15p195_foilpm8	rg06_theta15p195_foilpm8	-8.0	5.0	10.0	5	2	0	0	0
rg06_theta15p195_foilpm8	rg06_theta15p195_foilpm8	-8.0	5.0	10.0	5	3	19	19	0
rg06_theta15p195_foilpm8	rg06_theta15p195_foilpm8	-8.0	5.0	10.0	5	4	27	24	3
rg06_theta15p195_foilpm8	rg06_theta15p195_foilpm8	-8.0	5.0	10.0	5	5	0	0	0
rg06_theta15p195_foilpm8	rg06_theta15p195_foilpm8	-8.0	5.0	10.0	5	6	71	25	46
rg06_theta15p195_foilpm8	rg06_theta15p195_foilpm8	-8.0	5.0	10.0	6	1	0	0	0
rg06_theta15p195_foilpm8	rg06_theta15p195_foilpm8	-8.0	5.0	10.0	6	2	9	9	0
rg06_theta15p195_foilpm8	rg06_theta15p195_foilpm8	-8.0	5.0	10.0	6	3	13	13	0
rg06_theta15p195_foilpm8	rg06_theta15p195_foilpm8	-8.0	5.0	10.0	6	4	18	18	0
rg06_theta15p195_foilpm8	rg06_theta15p195_foilpm8	-8.0	5.0	10.0	6	5	39	24	15
rg06_theta15p195_foilpm8	rg06_theta15p195_foilpm8	-8.0	5.0	10.0	6	6	72	24	48
rg06_theta15p195_foilpm8	rg06_theta15p195_foilpm8	-8.0	5.0	10.0	7	2	0	0	0
rg06_theta15p195_foilpm8	rg06_theta15p195_foilpm8	-8.0	5.0	10.0	7	3	10	10	0
rg06_theta15p195_foilpm8	rg06_theta15p195_foilpm8	-8.0	5.0	10.0	7	4	28	24	4
rg06_theta15p195_foilpm8	rg06_theta15p195_foilpm8	-8.0	5.0	10.0	7	5	26	24	2
rg06_theta15p195_foilpm8	rg06_theta15p195_foilpm8	-8.0	5.0	10.0	7	6	42	24	18
rg06_theta15p195_foilpm8	rg06_theta15p195_foilpm8	-8.0	5.0	10.0	8	2	0	0	0
rg06_theta15p195_foilpm8	rg06_theta15p195_foilpm8	-8.0	5.0	10.0	8	3	0	0	0
rg06_theta15p195_foilpm8	rg06_theta15p195_foilpm8	-8.0	5.0	10.0	8	4	11	11	0
rg06_theta15p195_foilpm8	rg06_theta15p195_foilpm8	-8.0	5.0	10.0	8	5	19	19	0
rg06_theta15p195_foilpm8	rg06_theta15p195_foilpm8	8.0	-10.0	-8.0	0	3	0	0	0
rg06_theta15p195_foilpm8	rg06_theta15p195_foilpm8	8.0	-10.0	-8.0	0	4	13	13	0
rg06_theta15p195_foilpm8	rg06_theta15p195_foilpm8	8.0	-10.0	-8.0	0	5	20	20	0
rg06_theta15p195_foilpm8	rg06_theta15p195_foilpm8	8.0	-10.0	-8.0	0	6	22	22	0
rg06_theta15p195_foilpm8	rg06_theta15p195_foilpm8	8.0	-10.0	-8.0	0	7	0	0	0
rg06_theta15p195_foilpm8	rg06_theta15p195_foilpm8	8.0	-10.0	-8.0	1	2	0	0	0
rg06_theta15p195_foilpm8	rg06_theta15p195_foilpm8	8.0	-10.0	-8.0	1	3	12	12	0
rg06_theta15p195_foilpm8	rg06_theta15p195_foilpm8	8.0	-10.0	-8.0	1	4	18	18	0
rg06_theta15p195_foilpm8	rg06_theta15p195_foilpm8	8.0	-10.0	-8.0	1	5	18	18	0
rg06_theta15p195_foilpm8	rg06_theta15p195_foilpm8	8.0	-10.0	-8.0	1	6	30	24	6
rg06_theta15p195_foilpm8	rg06_theta15p195_foilpm8	8.0	-10.0	-8.0	1	7	30	24	6
rg06_theta15p195_foilpm8	rg06_theta15p195_foilpm8	8.0	-10.0	-8.0	2	2	0	0	0
rg06_theta15p195_foilpm8	rg06_theta15p195_foilpm8	8.0	-10.0	-8.0	2	3	0	0	0
rg06_theta15p195_foilpm8	rg06_theta15p195_foilpm8	8.0	-10.0	-8.0	2	4	20	20	0
rg06_theta15p195_foilpm8	rg06_theta15p195_foilpm8	8.0	-10.0	-8.0	2	5	32	24	8
rg06_theta15p195_foilpm8	rg06_theta15p195_foilpm8	8.0	-10.0	-8.0	2	6	46	23	23
rg06_theta15p195_foilpm8	rg06_theta15p195_foilpm8	8.0	-10.0	-8.0	2	7	51	24	27
rg06_theta15p195_foilpm8	rg06_theta15p195_foilpm8	8.0	-10.0	-8.0	3	2	11	11	0
rg06_theta15p195_foilpm8	rg06_theta15p195_foilpm8	8.0	-10.0	-8.0	3	3	22	22	0
rg06_theta15p195_foilpm8	rg06_theta15p195_foilpm8	8.0	-10.0	-8.0	3	4	26	24	2
rg06_theta15p195_foilpm8	rg06_theta15p195_foilpm8	8.0	-10.0	-8.0	3	5	33	23	10
rg06_theta15p195_foilpm8	rg06_theta15p195_foilpm8	8.0	-10.0	-8.0	3	6	46	24	22
rg06_theta15p195_foilpm8	rg06_theta15p195_foilpm8	8.0	-10.0	-8.0	3	7	49	24	25
rg06_theta15p195_foilpm8	rg06_theta15p195_foilpm8	8.0	-10.0	-8.0	4	2	0	0	0
rg06_theta15p195_foilpm8	rg06_theta15p195_foilpm8	8.0	-10.0	-8.0	4	3	22	22	0
rg06_theta15p195_foilpm8	rg06_theta15p195_foilpm8	8.0	-10.0	-8.0	4	4	0	0	0
rg06_theta15p195_foilpm8	rg06_theta15p195_foilpm8	8.0	-10.0	-8.0	4	5	46	24	22
rg06_theta15p195_foilpm8	rg06_theta15p195_foilpm8	8.0	-10.0	-8.0	4	6	66	24	42
rg06_theta15p195_foilpm8	rg06_theta15p195_foilpm8	8.0	-10.0	-8.0	4	7	65	24	41
rg06_theta15p195_foilpm8	rg06_theta15p195_foilpm8	8.0	-10.0	-8.0	5	2	6	6	0
rg06_theta15p195_foilpm8	rg06_theta15p195_foilpm8	8.0	-10.0	-8.0	5	3	22	22	0
rg06_theta15p195_foilpm8	rg06_theta15p195_foilpm8	8.0	-10.0	-8.0	5	4	36	24	12
rg06_theta15p195_foilpm8	rg06_theta15p195_foilpm8	8.0	-10.0	-8.0	5	5	0	0	0
rg06_theta15p195_foilpm8	rg06_theta15p195_foilpm8	8.0	-10.0	-8.0	5	6	51	24	27
rg06_theta15p195_foilpm8	rg06_theta15p195_foilpm8	8.0	-10.0	-8.0	5	7	61	24	37
rg06_theta15p195_foilpm8	rg06_theta15p195_foilpm8	8.0	-10.0	-8.0	6	2	0	0	0
rg06_theta15p195_foilpm8	rg06_theta15p195_foilpm8	8.0	-10.0	-8.0	6	3	21	21	0
rg06_theta15p195_foilpm8	rg06_theta15p195_foilpm8	8.0	-10.0	-8.0	6	4	25	24	1
rg06_theta15p195_foilpm8	rg06_theta15p195_foilpm8	8.0	-10.0	-8.0	6	5	33	23	10
rg06_theta15p195_foilpm8	rg06_theta15p195_foilpm8	8.0	-10.0	-8.0	6	6	49	24	25
rg06_theta15p195_foilpm8	rg06_theta15p195_foilpm8	8.0	-10.0	-8.0	6	7	63	24	39
rg06_theta15p195_foilpm8	rg06_theta15p195_foilpm8	8.0	-10.0	-8.0	7	2	0	0	0
rg06_theta15p195_foilpm8	rg06_theta15p195_foilpm8	8.0	-10.0	-8.0	7	3	13	13	0
rg06_theta15p195_foilpm8	rg06_theta15p195_foilpm8	8.0	-10.0	-8.0	7	4	13	13	0
rg06_theta15p195_foilpm8	rg06_theta15p195_foilpm8	8.0	-10.0	-8.0	7	5	20	20	0
rg06_theta15p195_foilpm8	rg06_theta15p195_foilpm8	8.0	-10.0	-8.0	7	6	39	24	15
rg06_theta15p195_foilpm8	rg06_theta15p195_foilpm8	8.0	-10.0	-8.0	7	7	49	24	25
rg06_theta15p195_foilpm8	rg06_theta15p195_foilpm8	8.0	-10.0	-8.0	8	3	0	0	0
rg06_theta15p195_foilpm8	rg06_theta15p195_foilpm8	8.0	-10.0	-8.0	8	4	0	0	0
rg06_theta15p195_foilpm8	rg06_theta15p195_foilpm8	8.0	-10.0	-8.0	8	5	13	13	0
rg06_theta15p195_foilpm8	rg06_theta15p195_foilpm8	8.0	-10.0	-8.0	8	6	20	20	0
rg06_theta15p195_foilpm8	rg06_theta15p195_foilpm8	8.0	-10.0	-8.0	8	7	0	0	0
rg06_theta15p195_foilpm8	rg06_theta15p195_foilpm8	8.0	-8.0	-5.0	0	3	0	0	0
rg06_theta15p195_foilpm8	rg06_theta15p195_foilpm8	8.0	-8.0	-5.0	0	4	13	13	0
rg06_theta15p195_foilpm8	rg06_theta15p195_foilpm8	8.0	-8.0	-5.0	0	5	26	21	5
rg06_theta15p195_foilpm8	rg06_theta15p195_foilpm8	8.0	-8.0	-5.0	0	6	26	21	5
rg06_theta15p195_foilpm8	rg06_theta15p195_foilpm8	8.0	-8.0	-5.0	1	2	0	0	0
rg06_theta15p195_foilpm8	rg06_theta15p195_foilpm8	8.0	-8.0	-5.0	1	3	13	13	0
rg06_theta15p195_foilpm8	rg06_theta15p195_foilpm8	8.0	-8.0	-5.0	1	4	21	21	0
rg06_theta15p195_foilpm8	rg06_theta15p195_foilpm8	8.0	-8.0	-5.0	1	5	28	21	7
rg06_theta15p195_foilpm8	rg06_theta15p195_foilpm8	8.0	-8.0	-5.0	1	6	40	21	19
rg06_theta15p195_foilpm8	rg06_theta15p195_foilpm8	8.0	-8.0	-5.0	1	7	65	21	44
rg06_theta15p195_foilpm8	rg06_theta15p195_foilpm8	8.0	-8.0	-5.0	2	2	0	0	0
rg06_theta15p195_foilpm8	rg06_theta15p195_foilpm8	8.0	-8.0	-5.0	2	3	0	0	0
rg06_theta15p195_foilpm8	rg06_theta15p195_foilpm8	8.0	-8.0	-5.0	2	4	31	21	10
rg06_theta15p195_foilpm8	rg06_theta15p195_foilpm8	8.0	-8.0	-5.0	2	5	55	21	34
rg06_theta15p195_foilpm8	rg06_theta15p195_foilpm8	8.0	-8.0	-5.0	2	6	54	22	32
rg06_theta15p195_foilpm8	rg06_theta15p195_foilpm8	8.0	-8.0	-5.0	2	7	67	21	46
rg06_theta15p195_foilpm8	rg06_theta15p195_foilpm8	8.0	-8.0	-5.0	3	2	15	15	0
rg06_theta15p195_foilpm8	rg06_theta15p195_foilpm8	8.0	-8.0	-5.0	3	3	21	21	0
rg06_theta15p195_foilpm8	rg06_theta15p195_foilpm8	8.0	-8.0	-5.0	3	4	39	21	18
rg06_theta15p195_foilpm8	rg06_theta15p195_foilpm8	8.0	-8.0	-5.0	3	5	58	21	37
rg06_theta15p195_foilpm8	rg06_theta15p195_foilpm8	8.0	-8.0	-5.0	3	6	71	21	50
rg06_theta15p195_foilpm8	rg06_theta15p195_foilpm8	8.0	-8.0	-5.0	3	7	93	21	72
rg06_theta15p195_foilpm8	rg06_theta15p195_foilpm8	8.0	-8.0	-5.0	4	2	12	12	0
rg06_theta15p195_foilpm8	rg06_theta15p195_foilpm8	8.0	-8.0	-5.0	4	3	18	18	0
rg06_theta15p195_foilpm8	rg06_theta15p195_foilpm8	8.0	-8.0	-5.0	4	4	0	0	0
rg06_theta15p195_foilpm8	rg06_theta15p195_foilpm8	8.0	-8.0	-5.0	4	5	61	21	40
rg06_theta15p195_foilpm8	rg06_theta15p195_foilpm8	8.0	-8.0	-5.0	4	6	103	21	82
rg06_theta15p195_foilpm8	rg06_theta15p195_foilpm8	8.0	-8.0	-5.0	4	7	95	21	74
rg06_theta15p195_foilpm8	rg06_theta15p195_foilpm8	8.0	-8.0	-5.0	5	2	18	18	0
rg06_theta15p195_foilpm8	rg06_theta15p195_foilpm8	8.0	-8.0	-5.0	5	3	21	21	0
rg06_theta15p195_foilpm8	rg06_theta15p195_foilpm8	8.0	-8.0	-5.0	5	4	41	21	20
rg06_theta15p195_foilpm8	rg06_theta15p195_foilpm8	8.0	-8.0	-5.0	5	5	0	0	0
rg06_theta15p195_foilpm8	rg06_theta15p195_foilpm8	8.0	-8.0	-5.0	5	6	83	21	62
rg06_theta15p195_foilpm8	rg06_theta15p195_foilpm8	8.0	-8.0	-5.0	5	7	105	21	84
rg06_theta15p195_foilpm8	rg06_theta15p195_foilpm8	8.0	-8.0	-5.0	6	2	12	12	0
rg06_theta15p195_foilpm8	rg06_theta15p195_foilpm8	8.0	-8.0	-5.0	6	3	16	16	0
rg06_theta15p195_foilpm8	rg06_theta15p195_foilpm8	8.0	-8.0	-5.0	6	4	29	21	8
rg06_theta15p195_foilpm8	rg06_theta15p195_foilpm8	8.0	-8.0	-5.0	6	5	50	21	29
rg06_theta15p195_foilpm8	rg06_theta15p195_foilpm8	8.0	-8.0	-5.0	6	6	67	21	46
rg06_theta15p195_foilpm8	rg06_theta15p195_foilpm8	8.0	-8.0	-5.0	6	7	99	21	78
rg06_theta15p195_foilpm8	rg06_theta15p195_foilpm8	8.0	-8.0	-5.0	7	2	0	0	0
rg06_theta15p195_foilpm8	rg06_theta15p195_foilpm8	8.0	-8.0	-5.0	7	3	11	11	0
rg06_theta15p195_foilpm8	rg06_theta15p195_foilpm8	8.0	-8.0	-5.0	7	4	25	21	4
rg06_theta15p195_foilpm8	rg06_theta15p195_foilpm8	8.0	-8.0	-5.0	7	5	35	21	14
rg06_theta15p195_foilpm8	rg06_theta15p195_foilpm8	8.0	-8.0	-5.0	7	6	42	21	21
rg06_theta15p195_foilpm8	rg06_theta15p195_foilpm8	8.0	-8.0	-5.0	7	7	80	21	59
rg06_theta15p195_foilpm8	rg06_theta15p195_foilpm8	8.0	-8.0	-5.0	8	3	0	0	0
rg06_theta15p195_foilpm8	rg06_theta15p195_foilpm8	8.0	-8.0	-5.0	8	4	14	14	0
rg06_theta15p195_foilpm8	rg06_theta15p195_foilpm8	8.0	-8.0	-5.0	8	5	30	21	9
rg06_theta15p195_foilpm8	rg06_theta15p195_foilpm8	8.0	-8.0	-5.0	8	6	44	21	23
rg06_theta15p195_foilpm8	rg06_theta15p195_foilpm8	8.0	-5.0	0.0	0	3	9	9	0
rg06_theta15p195_foilpm8	rg06_theta15p195_foilpm8	8.0	-5.0	0.0	0	4	12	12	0
rg06_theta15p195_foilpm8	rg06_theta15p195_foilpm8	8.0	-5.0	0.0	0	5	32	20	12
rg06_theta15p195_foilpm8	rg06_theta15p195_foilpm8	8.0	-5.0	0.0	0	6	32	21	11
rg06_theta15p195_foilpm8	rg06_theta15p195_foilpm8	8.0	-5.0	0.0	0	7	0	0	0
rg06_theta15p195_foilpm8	rg06_theta15p195_foilpm8	8.0	-5.0	0.0	1	2	0	0	0
rg06_theta15p195_foilpm8	rg06_theta15p195_foilpm8	8.0	-5.0	0.0	1	3	11	11	0
rg06_theta15p195_foilpm8	rg06_theta15p195_foilpm8	8.0	-5.0	0.0	1	4	29	20	9
rg06_theta15p195_foilpm8	rg06_theta15p195_foilpm8	8.0	-5.0	0.0	1	5	50	21	29
rg06_theta15p195_foilpm8	rg06_theta15p195_foilpm8	8.0	-5.0	0.0	1	6	65	20	45
rg06_theta15p195_foilpm8	rg06_theta15p195_foilpm8	8.0	-5.0	0.0	1	7	98	21	77
rg06_theta15p195_foilpm8	rg06_theta15p195_foilpm8	8.0	-5.0	0.0	2	2	15	15	0
rg06_theta15p195_foilpm8	rg06_theta15p195_foilpm8	8.0	-5.0	0.0	2	4	37	21	16
rg06_theta15p195_foilpm8	rg06_theta15p195_foilpm8	8.0	-5.0	0.0	2	5	57	21	36
rg06_theta15p195_foilpm8	rg06_theta15p195_foilpm8	8.0	-5.0	0.0	2	6	103	20	83
rg06_theta15p195_foilpm8	rg06_theta15p195_foilpm8	8.0	-5.0	0.0	2	7	135	20	115
rg06_theta15p195_foilpm8	rg06_theta15p195_foilpm8	8.0	-5.0	0.0	3	2	0	0	0
rg06_theta15p195_foilpm8	rg06_theta15p195_foilpm8	8.0	-5.0	0.0	3	3	32	20	12
rg06_theta15p195_foilpm8	rg06_theta15p195_foilpm8	8.0	-5.0	0.0	3	4	47	21	26
rg06_theta15p195_foilpm8	rg06_theta15p195_foilpm8	8.0	-5.0	0.0	3	5	79	21	58
rg06_theta15p195_foilpm8	rg06_theta15p195_foilpm8	8.0	-5.0	0.0	3	6	110	20	90
rg06_theta15p195_foilpm8	rg06_theta15p195_foilpm8	8.0	-5.0	0.0	3	7	155	20	135
rg06_theta15p195_foilpm8	rg06_theta15p195_foilpm8	8.0	-5.0	0.0	4	2	9	9	0
rg06_theta15p195_foilpm8	rg06_theta15p195_foilpm8	8.0	-5.0	0.0	4	3	32	21	11
rg06_theta15p195_foilpm8	rg06_theta15p195_foilpm8	8.0	-5.0	0.0	4	4	11	11	0
rg06_theta15p195_foilpm8	rg06_theta15p195_foilpm8	8.0	-5.0	0.0	4	5	97	21	76
rg06_theta15p195_foilpm8	rg06_theta15p195_foilpm8	8.0	-5.0	0.0	4	6	131	21	110
rg06_theta15p195_foilpm8	rg06_theta15p195_foilpm8	8.0	-5.0	0.0	4	7	175	20	155
rg06_theta15p195_foilpm8	rg06_theta15p195_foilpm8	8.0	-5.0	0.0	5	2	11	11	0
rg06_theta15p195_foilpm8	rg06_theta15p195_foilpm8	8.0	-5.0	0.0	5	3	21	21	0
rg06_theta15p195_foilpm8	rg06_theta15p195_foilpm8	8.0	-5.0	0.0	5	4	48	21	27
rg06_theta15p195_foilpm8	rg06_theta15p195_foilpm8	8.0	-5.0	0.0	5	5	0	0	0
rg06_theta15p195_foilpm8	rg06_theta15p195_foilpm8	8.0	-5.0	0.0	5	6	127	21	106
rg06_theta15p195_foilpm8	rg06_theta15p195_foilpm8	8.0	-5.0	0.0	5	7	148	21	127
rg06_theta15p195_foilpm8	rg06_theta15p195_foilpm8	8.0	-5.0	0.0	6	2	0	0	0
rg06_theta15p195_foilpm8	rg06_theta15p195_foilpm8	8.0	-5.0	0.0	6	3	26	21	5
rg06_theta15p195_foilpm8	rg06_theta15p195_foilpm8	8.0	-5.0	0.0	6	4	35	21	14
rg06_theta15p195_foilpm8	rg06_theta15p195_foilpm8	8.0	-5.0	0.0	6	5	56	21	35
rg06_theta15p195_foilpm8	rg06_theta15p195_foilpm8	8.0	-5.0	0.0	6	6	104	21	83
rg06_theta15p195_foilpm8	rg06_theta15p195_foilpm8	8.0	-5.0	0.0	6	7	136	21	115
rg06_theta15p195_foilpm8	rg06_theta15p195_foilpm8	8.0	-5.0	0.0	7	2	0	0	0
rg06_theta15p195_foilpm8	rg06_theta15p195_foilpm8	8.0	-5.0	0.0	7	3	20	20	0
rg06_theta15p195_foilpm8	rg06_theta15p195_foilpm8	8.0	-5.0	0.0	7	4	31	21	10
rg06_theta15p195_foilpm8	rg06_theta15p195_foilpm8	8.0	-5.0	0.0	7	5	46	20	26
rg06_theta15p195_foilpm8	rg06_theta15p195_foilpm8	8.0	-5.0	0.0	7	6	79	21	58
rg06_theta15p195_foilpm8	rg06_theta15p195_foilpm8	8.0	-5.0	0.0	7	7	110	21	89
rg06_theta15p195_foilpm8	rg06_theta15p195_foilpm8	8.0	-5.0	0.0	8	3	10	10	0
rg06_theta15p195_foilpm8	rg06_theta15p195_foilpm8	8.0	-5.0	0.0	8	4	17	17	0
rg06_theta15p195_foilpm8	rg06_theta15p195_foilpm8	8.0	-5.0	0.0	8	5	33	21	12
rg06_theta15p195_foilpm8	rg06_theta15p195_foilpm8	8.0	-5.0	0.0	8	6	44	21	23
rg06_theta15p195_foilpm8	rg06_theta15p195_foilpm8	8.0	-5.0	0.0	8	7	0	0	0
rg06_theta15p195_foilpm8	rg06_theta15p195_foilpm8	8.0	0.0	5.0	0	3	0	0	0
rg06_theta15p195_foilpm8	rg06_theta15p195_foilpm8	8.0	0.0	5.0	0	4	0	0	0
rg06_theta15p195_foilpm8	rg06_theta15p195_foilpm8	8.0	0.0	5.0	0	5	18	18	0
rg06_theta15p195_foilpm8	rg06_theta15p195_foilpm8	8.0	0.0	5.0	0	6	34	24	10
rg06_theta15p195_foilpm8	rg06_theta15p195_foilpm8	8.0	0.0	5.0	0	7	0	0	0
rg06_theta15p195_foilpm8	rg06_theta15p195_foilpm8	8.0	0.0	5.0	1	3	0	0	0
rg06_theta15p195_foilpm8	rg06_theta15p195_foilpm8	8.0	0.0	5.0	1	4	11	11	0
rg06_theta15p195_foilpm8	rg06_theta15p195_foilpm8	8.0	0.0	5.0	1	5	32	24	8
rg06_theta15p195_foilpm8	rg06_theta15p195_foilpm8	8.0	0.0	5.0	1	6	36	24	12
rg06_theta15p195_foilpm8	rg06_theta15p195_foilpm8	8.0	0.0	5.0	1	7	71	24	47
rg06_theta15p195_foilpm8	rg06_theta15p195_foilpm8	8.0	0.0	5.0	2	2	0	0	0
rg06_theta15p195_foilpm8	rg06_theta15p195_foilpm8	8.0	0.0	5.0	2	4	15	15	0
rg06_theta15p195_foilpm8	rg06_theta15p195_foilpm8	8.0	0.0	5.0	2	5	36	25	11
rg06_theta15p195_foilpm8	rg06_theta15p195_foilpm8	8.0	0.0	5.0	2	6	66	25	41
rg06_theta15p195_foilpm8	rg06_theta15p195_foilpm8	8.0	0.0	5.0	2	7	82	24	58
rg06_theta15p195_foilpm8	rg06_theta15p195_foilpm8	8.0	0.0	5.0	3	2	0	0	0
rg06_theta15p195_foilpm8	rg06_theta15p195_foilpm8	8.0	0.0	5.0	3	3	8	8	0
rg06_theta15p195_foilpm8	rg06_theta15p195_foilpm8	8.0	0.0	5.0	3	4	20	20	0
rg06_theta15p195_foilpm8	rg06_theta15p195_foilpm8	8.0	0.0	5.0	3	5	37	25	12
rg06_theta15p195_foilpm8	rg06_theta15p195_foilpm8	8.0	0.0	5.0	3	6	60	25	35
rg06_theta15p195_foilpm8	rg06_theta15p195_foilpm8	8.0	0.0	5.0	3	7	97	25	72
rg06_theta15p195_foilpm8	rg06_theta15p195_foilpm8	8.0	0.0	5.0	4	2	0	0	0
rg06_theta15p195_foilpm8	rg06_theta15p195_foilpm8	8.0	0.0	5.0	4	3	11	11	0
rg06_theta15p195_foilpm8	rg06_theta15p195_foilpm8	8.0	0.0	5.0	4	4	9	9	0
rg06_theta15p195_foilpm8	rg06_theta15p195_foilpm8	8.0	0.0	5.0	4	5	52	24	28
rg06_theta15p195_foilpm8	rg06_theta15p195_foilpm8	8.0	0.0	5.0	4	6	49	25	24
rg06_theta15p195_foilpm8	rg06_theta15p195_foilpm8	8.0	0.0	5.0	4	7	116	25	91
rg06_theta15p195_foilpm8	rg06_theta15p195_foilpm8	8.0	0.0	5.0	5	2	0	0	0
rg06_theta15p195_foilpm8	rg06_theta15p195_foilpm8	8.0	0.0	5.0	5	3	16	16	0
rg06_theta15p195_foilpm8	rg06_theta15p195_foilpm8	8.0	0.0	5.0	5	4	30	24	6
rg06_theta15p195_foilpm8	rg06_theta15p195_foilpm8	8.0	0.0	5.0	5	6	78	24	54
rg06_theta15p195_foilpm8	rg06_theta15p195_foilpm8	8.0	0.0	5.0	5	7	108	24	84
rg06_theta15p195_foilpm8	rg06_theta15p195_foilpm8	8.0	0.0	5.0	6	2	0	0	0
rg06_theta15p195_foilpm8	rg06_theta15p195_foilpm8	8.0	0.0	5.0	6	3	8	8	0
rg06_theta15p195_foilpm8	rg06_theta15p195_foilpm8	8.0	0.0	5.0	6	4	12	12	0
rg06_theta15p195_foilpm8	rg06_theta15p195_foilpm8	8.0	0.0	5.0	6	5	33	24	9
rg06_theta15p195_foilpm8	rg06_theta15p195_foilpm8	8.0	0.0	5.0	6	6	60	24	36
rg06_theta15p195_foilpm8	rg06_theta15p195_foilpm8	8.0	0.0	5.0	6	7	66	24	42
rg06_theta15p195_foilpm8	rg06_theta15p195_foilpm8	8.0	0.0	5.0	7	3	0	0	0
rg06_theta15p195_foilpm8	rg06_theta15p195_foilpm8	8.0	0.0	5.0	7	4	12	12	0
rg06_theta15p195_foilpm8	rg06_theta15p195_foilpm8	8.0	0.0	5.0	7	5	22	22	0
rg06_theta15p195_foilpm8	rg06_theta15p195_foilpm8	8.0	0.0	5.0	7	6	38	24	14
rg06_theta15p195_foilpm8	rg06_theta15p195_foilpm8	8.0	0.0	5.0	7	7	75	24	51
rg06_theta15p195_foilpm8	rg06_theta15p195_foilpm8	8.0	0.0	5.0	8	3	0	0	0
rg06_theta15p195_foilpm8	rg06_theta15p195_foilpm8	8.0	0.0	5.0	8	4	0	0	0
rg06_theta15p195_foilpm8	rg06_theta15p195_foilpm8	8.0	0.0	5.0	8	5	19	19	0
rg06_theta15p195_foilpm8	rg06_theta15p195_foilpm8	8.0	0.0	5.0	8	6	33	24	9
rg06_theta15p195_foilpm8	rg06_theta15p195_foilpm8	8.0	0.0	5.0	8	7	0	0	0
rg06_theta15p195_foilpm8	rg06_theta15p195_foilpm8	8.0	5.0	10.0	0	4	0	0	0
rg06_theta15p195_foilpm8	rg06_theta15p195_foilpm8	8.0	5.0	10.0	0	5	0	0	0
rg06_theta15p195_foilpm8	rg06_theta15p195_foilpm8	8.0	5.0	10.0	0	6	13	13	0
rg06_theta15p195_foilpm8	rg06_theta15p195_foilpm8	8.0	5.0	10.0	1	4	0	0	0
rg06_theta15p195_foilpm8	rg06_theta15p195_foilpm8	8.0	5.0	10.0	1	5	13	13	0
rg06_theta15p195_foilpm8	rg06_theta15p195_foilpm8	8.0	5.0	10.0	1	6	19	19	0
rg06_theta15p195_foilpm8	rg06_theta15p195_foilpm8	8.0	5.0	10.0	1	7	28	19	9
rg06_theta15p195_foilpm8	rg06_theta15p195_foilpm8	8.0	5.0	10.0	2	4	10	10	0
rg06_theta15p195_foilpm8	rg06_theta15p195_foilpm8	8.0	5.0	10.0	2	5	13	13	0
rg06_theta15p195_foilpm8	rg06_theta15p195_foilpm8	8.0	5.0	10.0	2	6	30	19	11
rg06_theta15p195_foilpm8	rg06_theta15p195_foilpm8	8.0	5.0	10.0	2	7	46	19	27
rg06_theta15p195_foilpm8	rg06_theta15p195_foilpm8	8.0	5.0	10.0	3	4	0	0	0
rg06_theta15p195_foilpm8	rg06_theta15p195_foilpm8	8.0	5.0	10.0	3	5	17	17	0
rg06_theta15p195_foilpm8	rg06_theta15p195_foilpm8	8.0	5.0	10.0	3	6	34	19	15
rg06_theta15p195_foilpm8	rg06_theta15p195_foilpm8	8.0	5.0	10.0	3	7	60	19	41
rg06_theta15p195_foilpm8	rg06_theta15p195_foilpm8	8.0	5.0	10.0	4	4	0	0	0
rg06_theta15p195_foilpm8	rg06_theta15p195_foilpm8	8.0	5.0	10.0	4	5	14	14	0
rg06_theta15p195_foilpm8	rg06_theta15p195_foilpm8	8.0	5.0	10.0	4	6	37	19	18
rg06_theta15p195_foilpm8	rg06_theta15p195_foilpm8	8.0	5.0	10.0	4	7	58	19	39
rg06_theta15p195_foilpm8	rg06_theta15p195_foilpm8	8.0	5.0	10.0	5	4	0	0	0
rg06_theta15p195_foilpm8	rg06_theta15p195_foilpm8	8.0	5.0	10.0	5	6	32	19	13
rg06_theta15p195_foilpm8	rg06_theta15p195_foilpm8	8.0	5.0	10.0	5	7	54	19	35
rg06_theta15p195_foilpm8	rg06_theta15p195_foilpm8	8.0	5.0	10.0	6	4	0	0	0
rg06_theta15p195_foilpm8	rg06_theta15p195_foilpm8	8.0	5.0	10.0	6	5	9	9	0
rg06_theta15p195_foilpm8	rg06_theta15p195_foilpm8	8.0	5.0	10.0	6	6	17	17	0
rg06_theta15p195_foilpm8	rg06_theta15p195_foilpm8	8.0	5.0	10.0	6	7	21	19	2
rg06_theta15p195_foilpm8	rg06_theta15p195_foilpm8	8.0	5.0	10.0	7	4	0	0	0
rg06_theta15p195_foilpm8	rg06_theta15p195_foilpm8	8.0	5.0	10.0	7	5	10	10	0
rg06_theta15p195_foilpm8	rg06_theta15p195_foilpm8	8.0	5.0	10.0	7	6	16	16	0
rg06_theta15p195_foilpm8	rg06_theta15p195_foilpm8	8.0	5.0	10.0	7	7	23	19	4
rg06_theta15p195_foilpm8	rg06_theta15p195_foilpm8	8.0	5.0	10.0	8	4	0	0	0
rg06_theta15p195_foilpm8	rg06_theta15p195_foilpm8	8.0	5.0	10.0	8	5	0	0	0
rg06_theta15p195_foilpm8	rg06_theta15p195_foilpm8	8.0	5.0	10.0	8	6	11	11	0
rg06_theta15p195_foilpm8	rg06_theta15p195_foilpm8	8.0	5.0	10.0	8	7	0	0	0
rg07_theta12p495_foilpm8	rg07_theta12p495_foilpm8	-8.0	-10.0	-8.0	0	1	0	0	0
rg07_theta12p495_foilpm8	rg07_theta12p495_foilpm8	-8.0	-10.0	-8.0	0	2	14	14	0
rg07_theta12p495_foilpm8	rg07_theta12p495_foilpm8	-8.0	-10.0	-8.0	0	3	30	24	6
rg07_theta12p495_foilpm8	rg07_theta12p495_foilpm8	-8.0	-10.0	-8.0	0	4	50	24	26
rg07_theta12p495_foilpm8	rg07_theta12p495_foilpm8	-8.0	-10.0	-8.0	0	5	20	20	0
rg07_theta12p495_foilpm8	rg07_theta12p495_foilpm8	-8.0	-10.0	-8.0	0	6	0	0	0
rg07_theta12p495_foilpm8	rg07_theta12p495_foilpm8	-8.0	-10.0	-8.0	1	1	0	0	0
rg07_theta12p495_foilpm8	rg07_theta12p495_foilpm8	-8.0	-10.0	-8.0	1	2	6	6	0
rg07_theta12p495_foilpm8	rg07_theta12p495_foilpm8	-8.0	-10.0	-8.0	1	3	0	0	0
rg07_theta12p495_foilpm8	rg07_theta12p495_foilpm8	-8.0	-10.0	-8.0	1	4	7	7	0
rg07_theta12p495_foilpm8	rg07_theta12p495_foilpm8	-8.0	-10.0	-8.0	1	5	10	10	0
rg07_theta12p495_foilpm8	rg07_theta12p495_foilpm8	-8.0	-10.0	-8.0	1	6	0	0	0
rg07_theta12p495_foilpm8	rg07_theta12p495_foilpm8	-8.0	-10.0	-8.0	2	1	6	6	0
rg07_theta12p495_foilpm8	rg07_theta12p495_foilpm8	-8.0	-10.0	-8.0	2	2	8	8	0
rg07_theta12p495_foilpm8	rg07_theta12p495_foilpm8	-8.0	-10.0	-8.0	2	3	0	0	0
rg07_theta12p495_foilpm8	rg07_theta12p495_foilpm8	-8.0	-10.0	-8.0	2	4	34	24	10
rg07_theta12p495_foilpm8	rg07_theta12p495_foilpm8	-8.0	-10.0	-8.0	2	5	35	24	11
rg07_theta12p495_foilpm8	rg07_theta12p495_foilpm8	-8.0	-10.0	-8.0	2	6	21	21	0
rg07_theta12p495_foilpm8	rg07_theta12p495_foilpm8	-8.0	-10.0	-8.0	3	1	9	9	0
rg07_theta12p495_foilpm8	rg07_theta12p495_foilpm8	-8.0	-10.0	-8.0	3	2	25	24	1
rg07_theta12p495_foilpm8	rg07_theta12p495_foilpm8	-8.0	-10.0	-8.0	3	3	33	24	9
rg07_theta12p495_foilpm8	rg07_theta12p495_foilpm8	-8.0	-10.0	-8.0	3	4	44	24	20
rg07_theta12p495_foilpm8	rg07_theta12p495_foilpm8	-8.0	-10.0	-8.0	3	5	47	24	23
rg07_theta12p495_foilpm8	rg07_theta12p495_foilpm8	-8.0	-10.0	-8.0	3	6	35	24	11
rg07_theta12p495_foilpm8	rg07_theta12p495_foilpm8	-8.0	-10.0	-8.0	4	1	8	8	0
rg07_theta12p495_foilpm8	rg07_theta12p495_foilpm8	-8.0	-10.0	-8.0	4	2	38	24	14
rg07_theta12p495_foilpm8	rg07_theta12p495_foilpm8	-8.0	-10.0	-8.0	4	3	44	24	20
rg07_theta12p495_foilpm8	rg07_theta12p495_foilpm8	-8.0	-10.0	-8.0	4	4	11	11	0
rg07_theta12p495_foilpm8	rg07_theta12p495_foilpm8	-8.0	-10.0	-8.0	4	5	55	24	31
rg07_theta12p495_foilpm8	rg07_theta12p495_foilpm8	-8.0	-10.0	-8.0	4	6	53	24	29
rg07_theta12p495_foilpm8	rg07_theta12p495_foilpm8	-8.0	-10.0	-8.0	5	1	0	0	0
rg07_theta12p495_foilpm8	rg07_theta12p495_foilpm8	-8.0	-10.0	-8.0	5	2	35	24	11
rg07_theta12p495_foilpm8	rg07_theta12p495_foilpm8	-8.0	-10.0	-8.0	5	3	39	24	15
rg07_theta12p495_foilpm8	rg07_theta12p495_foilpm8	-8.0	-10.0	-8.0	5	4	51	24	27
rg07_theta12p495_foilpm8	rg07_theta12p495_foilpm8	-8.0	-10.0	-8.0	5	5	0	0	0
rg07_theta12p495_foilpm8	rg07_theta12p495_foilpm8	-8.0	-10.0	-8.0	5	6	71	24	47
rg07_theta12p495_foilpm8	rg07_theta12p495_foilpm8	-8.0	-10.0	-8.0	6	1	0	0	0
rg07_theta12p495_foilpm8	rg07_theta12p495_foilpm8	-8.0	-10.0	-8.0	6	2	17	17	0
rg07_theta12p495_foilpm8	rg07_theta12p495_foilpm8	-8.0	-10.0	-8.0	6	3	37	24	13
rg07_theta12p495_foilpm8	rg07_theta12p495_foilpm8	-8.0	-10.0	-8.0	6	4	37	24	13
rg07_theta12p495_foilpm8	rg07_theta12p495_foilpm8	-8.0	-10.0	-8.0	6	5	48	24	24
rg07_theta12p495_foilpm8	rg07_theta12p495_foilpm8	-8.0	-10.0	-8.0	6	6	59	24	35
rg07_theta12p495_foilpm8	rg07_theta12p495_foilpm8	-8.0	-10.0	-8.0	7	1	0	0	0
rg07_theta12p495_foilpm8	rg07_theta12p495_foilpm8	-8.0	-10.0	-8.0	7	2	16	16	0
rg07_theta12p495_foilpm8	rg07_theta12p495_foilpm8	-8.0	-10.0	-8.0	7	3	23	23	0
rg07_theta12p495_foilpm8	rg07_theta12p495_foilpm8	-8.0	-10.0	-8.0	7	4	32	24	8
rg07_theta12p495_foilpm8	rg07_theta12p495_foilpm8	-8.0	-10.0	-8.0	7	5	34	24	10
rg07_theta12p495_foilpm8	rg07_theta12p495_foilpm8	-8.0	-10.0	-8.0	7	6	36	24	12
rg07_theta12p495_foilpm8	rg07_theta12p495_foilpm8	-8.0	-10.0	-8.0	8	2	0	0	0
rg07_theta12p495_foilpm8	rg07_theta12p495_foilpm8	-8.0	-10.0	-8.0	8	3	0	0	0
rg07_theta12p495_foilpm8	rg07_theta12p495_foilpm8	-8.0	-10.0	-8.0	8	4	0	0	0
rg07_theta12p495_foilpm8	rg07_theta12p495_foilpm8	-8.0	-10.0	-8.0	8	5	19	19	0
rg07_theta12p495_foilpm8	rg07_theta12p495_foilpm8	-8.0	-10.0	-8.0	8	6	0	0	0
rg07_theta12p495_foilpm8	rg07_theta12p495_foilpm8	-8.0	-8.0	-5.0	0	1	0	0	0
rg07_theta12p495_foilpm8	rg07_theta12p495_foilpm8	-8.0	-8.0	-5.0	0	2	21	20	1
rg07_theta12p495_foilpm8	rg07_theta12p495_foilpm8	-8.0	-8.0	-5.0	0	3	36	20	16
rg07_theta12p495_foilpm8	rg07_theta12p495_foilpm8	-8.0	-8.0	-5.0	0	4	51	20	31
rg07_theta12p495_foilpm8	rg07_theta12p495_foilpm8	-8.0	-8.0	-5.0	0	5	30	20	10
rg07_theta12p495_foilpm8	rg07_theta12p495_foilpm8	-8.0	-8.0	-5.0	0	6	0	0	0
rg07_theta12p495_foilpm8	rg07_theta12p495_foilpm8	-8.0	-8.0	-5.0	1	1	15	15	0
rg07_theta12p495_foilpm8	rg07_theta12p495_foilpm8	-8.0	-8.0	-5.0	1	2	32	20	12
rg07_theta12p495_foilpm8	rg07_theta12p495_foilpm8	-8.0	-8.0	-5.0	1	3	53	19	34
rg07_theta12p495_foilpm8	rg07_theta12p495_foilpm8	-8.0	-8.0	-5.0	1	4	64	19	45
rg07_theta12p495_foilpm8	rg07_theta12p495_foilpm8	-8.0	-8.0	-5.0	1	5	60	20	40
rg07_theta12p495_foilpm8	rg07_theta12p495_foilpm8	-8.0	-8.0	-5.0	1	6	8	8	0
rg07_theta12p495_foilpm8	rg07_theta12p495_foilpm8	-8.0	-8.0	-5.0	2	1	26	20	6
rg07_theta12p495_foilpm8	rg07_theta12p495_foilpm8	-8.0	-8.0	-5.0	2	2	35	20	15
rg07_theta12p495_foilpm8	rg07_theta12p495_foilpm8	-8.0	-8.0	-5.0	2	3	0	0	0
rg07_theta12p495_foilpm8	rg07_theta12p495_foilpm8	-8.0	-8.0	-5.0	2	4	88	20	68
rg07_theta12p495_foilpm8	rg07_theta12p495_foilpm8	-8.0	-8.0	-5.0	2	5	74	20	54
rg07_theta12p495_foilpm8	rg07_theta12p495_foilpm8	-8.0	-8.0	-5.0	2	6	52	20	32
rg07_theta12p495_foilpm8	rg07_theta12p495_foilpm8	-8.0	-8.0	-5.0	3	1	31	20	11
rg07_theta12p495_foilpm8	rg07_theta12p495_foilpm8	-8.0	-8.0	-5.0	3	2	54	20	34
rg07_theta12p495_foilpm8	rg07_theta12p495_foilpm8	-8.0	-8.0	-5.0	3	3	89	20	69
rg07_theta12p495_foilpm8	rg07_theta12p495_foilpm8	-8.0	-8.0	-5.0	3	4	83	20	63
rg07_theta12p495_foilpm8	rg07_theta12p495_foilpm8	-8.0	-8.0	-5.0	3	5	108	19	89
rg07_theta12p495_foilpm8	rg07_theta12p495_foilpm8	-8.0	-8.0	-5.0	3	6	101	20	81
rg07_theta12p495_foilpm8	rg07_theta12p495_foilpm8	-8.0	-8.0	-5.0	4	1	22	20	2
rg07_theta12p495_foilpm8	rg07_theta12p495_foilpm8	-8.0	-8.0	-5.0	4	2	38	20	18
rg07_theta12p495_foilpm8	rg07_theta12p495_foilpm8	-8.0	-8.0	-5.0	4	3	73	19	54
rg07_theta12p495_foilpm8	rg07_theta12p495_foilpm8	-8.0	-8.0	-5.0	4	4	36	19	17
rg07_theta12p495_foilpm8	rg07_theta12p495_foilpm8	-8.0	-8.0	-5.0	4	5	134	20	114
rg07_theta12p495_foilpm8	rg07_theta12p495_foilpm8	-8.0	-8.0	-5.0	4	6	134	20	114
rg07_theta12p495_foilpm8	rg07_theta12p495_foilpm8	-8.0	-8.0	-5.0	5	1	31	19	12
rg07_theta12p495_foilpm8	rg07_theta12p495_foilpm8	-8.0	-8.0	-5.0	5	2	65	20	45
rg07_theta12p495_foilpm8	rg07_theta12p495_foilpm8	-8.0	-8.0	-5.0	5	3	65	20	45
rg07_theta12p495_foilpm8	rg07_theta12p495_foilpm8	-8.0	-8.0	-5.0	5	4	77	20	57
rg07_theta12p495_foilpm8	rg07_theta12p495_foilpm8	-8.0	-8.0	-5.0	5	5	0	0	0
rg07_theta12p495_foilpm8	rg07_theta12p495_foilpm8	-8.0	-8.0	-5.0	5	6	93	20	73
rg07_theta12p495_foilpm8	rg07_theta12p495_foilpm8	-8.0	-8.0	-5.0	6	1	19	19	0
rg07_theta12p495_foilpm8	rg07_theta12p495_foilpm8	-8.0	-8.0	-5.0	6	2	38	19	19
rg07_theta12p495_foilpm8	rg07_theta12p495_foilpm8	-8.0	-8.0	-5.0	6	3	54	20	34
rg07_theta12p495_foilpm8	rg07_theta12p495_foilpm8	-8.0	-8.0	-5.0	6	4	89	19	70
rg07_theta12p495_foilpm8	rg07_theta12p495_foilpm8	-8.0	-8.0	-5.0	6	5	100	20	80
rg07_theta12p495_foilpm8	rg07_theta12p495_foilpm8	-8.0	-8.0	-5.0	6	6	103	20	83
rg07_theta12p495_foilpm8	rg07_theta12p495_foilpm8	-8.0	-8.0	-5.0	7	1	12	12	0
rg07_theta12p495_foilpm8	rg07_theta12p495_foilpm8	-8.0	-8.0	-5.0	7	2	44	20	24
rg07_theta12p495_foilpm8	rg07_theta12p495_foilpm8	-8.0	-8.0	-5.0	7	3	61	19	42
rg07_theta12p495_foilpm8	rg07_theta12p495_foilpm8	-8.0	-8.0	-5.0	7	4	51	20	31
rg07_theta12p495_foilpm8	rg07_theta12p495_foilpm8	-8.0	-8.0	-5.0	7	5	66	20	46
rg07_theta12p495_foilpm8	rg07_theta12p495_foilpm8	-8.0	-8.0	-5.0	7	6	94	20	74
rg07_theta12p495_foilpm8	rg07_theta12p495_foilpm8	-8.0	-8.0	-5.0	8	1	0	0	0
rg07_theta12p495_foilpm8	rg07_theta12p495_foilpm8	-8.0	-8.0	-5.0	8	2	25	20	5
rg07_theta12p495_foilpm8	rg07_theta12p495_foilpm8	-8.0	-8.0	-5.0	8	3	44	20	24
rg07_theta12p495_foilpm8	rg07_theta12p495_foilpm8	-8.0	-8.0	-5.0	8	4	41	20	21
rg07_theta12p495_foilpm8	rg07_theta12p495_foilpm8	-8.0	-8.0	-5.0	8	5	53	20	33
rg07_theta12p495_foilpm8	rg07_theta12p495_foilpm8	-8.0	-8.0	-5.0	8	6	0	0	0
rg07_theta12p495_foilpm8	rg07_theta12p495_foilpm8	-8.0	-5.0	0.0	0	1	0	0	0
rg07_theta12p495_foilpm8	rg07_theta12p495_foilpm8	-8.0	-5.0	0.0	0	2	36	19	17
rg07_theta12p495_foilpm8	rg07_theta12p495_foilpm8	-8.0	-5.0	0.0	0	3	50	20	30
rg07_theta12p495_foilpm8	rg07_theta12p495_foilpm8	-8.0	-5.0	0.0	0	4	62	20	42
rg07_theta12p495_foilpm8	rg07_theta12p495_foilpm8	-8.0	-5.0	0.0	0	5	87	20	67
rg07_theta12p495_foilpm8	rg07_theta12p495_foilpm8	-8.0	-5.0	0.0	0	6	0	0	0
rg07_theta12p495_foilpm8	rg07_theta12p495_foilpm8	-8.0	-5.0	0.0	1	1	27	19	8
rg07_theta12p495_foilpm8	rg07_theta12p495_foilpm8	-8.0	-5.0	0.0	1	2	54	19	35
rg07_theta12p495_foilpm8	rg07_theta12p495_foilpm8	-8.0	-5.0	0.0	1	3	79	19	60
rg07_theta12p495_foilpm8	rg07_theta12p495_foilpm8	-8.0	-5.0	0.0	1	4	85	20	65
rg07_theta12p495_foilpm8	rg07_theta12p495_foilpm8	-8.0	-5.0	0.0	1	5	98	19	79
rg07_theta12p495_foilpm8	rg07_theta12p495_foilpm8	-8.0	-5.0	0.0	1	6	38	20	18
rg07_theta12p495_foilpm8	rg07_theta12p495_foilpm8	-8.0	-5.0	0.0	2	1	37	20	17
rg07_theta12p495_foilpm8	rg07_theta12p495_foilpm8	-8.0	-5.0	0.0	2	2	64	20	44
rg07_theta12p495_foilpm8	rg07_theta12p495_foilpm8	-8.0	-5.0	0.0	2	3	0	0	0
rg07_theta12p495_foilpm8	rg07_theta12p495_foilpm8	-8.0	-5.0	0.0	2	4	117	20	97
rg07_theta12p495_foilpm8	rg07_theta12p495_foilpm8	-8.0	-5.0	0.0	2	5	146	20	126
rg07_theta12p495_foilpm8	rg07_theta12p495_foilpm8	-8.0	-5.0	0.0	2	6	113	20	93
rg07_theta12p495_foilpm8	rg07_theta12p495_foilpm8	-8.0	-5.0	0.0	3	1	44	20	24
rg07_theta12p495_foilpm8	rg07_theta12p495_foilpm8	-8.0	-5.0	0.0	3	2	70	19	51
rg07_theta12p495_foilpm8	rg07_theta12p495_foilpm8	-8.0	-5.0	0.0	3	3	93	19	74
rg07_theta12p495_foilpm8	rg07_theta12p495_foilpm8	-8.0	-5.0	0.0	3	4	169	19	150
rg07_theta12p495_foilpm8	rg07_theta12p495_foilpm8	-8.0	-5.0	0.0	3	5	185	19	166
rg07_theta12p495_foilpm8	rg07_theta12p495_foilpm8	-8.0	-5.0	0.0	3	6	204	19	185
rg07_theta12p495_foilpm8	rg07_theta12p495_foilpm8	-8.0	-5.0	0.0	4	1	51	19	32
rg07_theta12p495_foilpm8	rg07_theta12p495_foilpm8	-8.0	-5.0	0.0	4	2	66	20	46
rg07_theta12p495_foilpm8	rg07_theta12p495_foilpm8	-8.0	-5.0	0.0	4	3	115	20	95
rg07_theta12p495_foilpm8	rg07_theta12p495_foilpm8	-8.0	-5.0	0.0	4	4	46	19	27
rg07_theta12p495_foilpm8	rg07_theta12p495_foilpm8	-8.0	-5.0	0.0	4	5	191	19	172
rg07_theta12p495_foilpm8	rg07_theta12p495_foilpm8	-8.0	-5.0	0.0	4	6	214	19	195
rg07_theta12p495_foilpm8	rg07_theta12p495_foilpm8	-8.0	-5.0	0.0	5	1	33	19	14
rg07_theta12p495_foilpm8	rg07_theta12p495_foilpm8	-8.0	-5.0	0.0	5	2	65	19	46
rg07_theta12p495_foilpm8	rg07_theta12p495_foilpm8	-8.0	-5.0	0.0	5	3	111	19	92
rg07_theta12p495_foilpm8	rg07_theta12p495_foilpm8	-8.0	-5.0	0.0	5	4	149	20	129
rg07_theta12p495_foilpm8	rg07_theta12p495_foilpm8	-8.0	-5.0	0.0	5	5	0	0	0
rg07_theta12p495_foilpm8	rg07_theta12p495_foilpm8	-8.0	-5.0	0.0	5	6	207	20	187
rg07_theta12p495_foilpm8	rg07_theta12p495_foilpm8	-8.0	-5.0	0.0	6	1	26	19	7
rg07_theta12p495_foilpm8	rg07_theta12p495_foilpm8	-8.0	-5.0	0.0	6	2	69	19	50
rg07_theta12p495_foilpm8	rg07_theta12p495_foilpm8	-8.0	-5.0	0.0	6	3	106	19	87
rg07_theta12p495_foilpm8	rg07_theta12p495_foilpm8	-8.0	-5.0	0.0	6	4	114	19	95
rg07_theta12p495_foilpm8	rg07_theta12p495_foilpm8	-8.0	-5.0	0.0	6	5	182	19	163
rg07_theta12p495_foilpm8	rg07_theta12p495_foilpm8	-8.0	-5.0	0.0	6	6	200	19	181
rg07_theta12p495_foilpm8	rg07_theta12p495_foilpm8	-8.0	-5.0	0.0	7	1	22	20	2
rg07_theta12p495_foilpm8	rg07_theta12p495_foilpm8	-8.0	-5.0	0.0	7	2	48	20	28
rg07_theta12p495_foilpm8	rg07_theta12p495_foilpm8	-8.0	-5.0	0.0	7	3	86	20	66
rg07_theta12p495_foilpm8	rg07_theta12p495_foilpm8	-8.0	-5.0	0.0	7	4	94	19	75
rg07_theta12p495_foilpm8	rg07_theta12p495_foilpm8	-8.0	-5.0	0.0	7	5	138	20	118
rg07_theta12p495_foilpm8	rg07_theta12p495_foilpm8	-8.0	-5.0	0.0	7	6	133	20	113
rg07_theta12p495_foilpm8	rg07_theta12p495_foilpm8	-8.0	-5.0	0.0	8	1	0	0	0
rg07_theta12p495_foilpm8	rg07_theta12p495_foilpm8	-8.0	-5.0	0.0	8	2	43	19	24
rg07_theta12p495_foilpm8	rg07_theta12p495_foilpm8	-8.0	-5.0	0.0	8	3	68	20	48
rg07_theta12p495_foilpm8	rg07_theta12p495_foilpm8	-8.0	-5.0	0.0	8	4	91	20	71
rg07_theta12p495_foilpm8	rg07_theta12p495_foilpm8	-8.0	-5.0	0.0	8	5	100	19	81
rg07_theta12p495_foilpm8	rg07_theta12p495_foilpm8	-8.0	-5.0	0.0	8	6	0	0	0
rg07_theta12p495_foilpm8	rg07_theta12p495_foilpm8	-8.0	0.0	5.0	0	2	24	20	4
rg07_theta12p495_foilpm8	rg07_theta12p495_foilpm8	-8.0	0.0	5.0	0	3	46	21	25
rg07_theta12p495_foilpm8	rg07_theta12p495_foilpm8	-8.0	0.0	5.0	0	4	64	21	43
rg07_theta12p495_foilpm8	rg07_theta12p495_foilpm8	-8.0	0.0	5.0	0	5	82	20	62
rg07_theta12p495_foilpm8	rg07_theta12p495_foilpm8	-8.0	0.0	5.0	0	6	0	0	0
rg07_theta12p495_foilpm8	rg07_theta12p495_foilpm8	-8.0	0.0	5.0	1	1	0	0	0
rg07_theta12p495_foilpm8	rg07_theta12p495_foilpm8	-8.0	0.0	5.0	1	2	32	21	11
rg07_theta12p495_foilpm8	rg07_theta12p495_foilpm8	-8.0	0.0	5.0	1	3	52	20	32
rg07_theta12p495_foilpm8	rg07_theta12p495_foilpm8	-8.0	0.0	5.0	1	4	78	21	57
rg07_theta12p495_foilpm8	rg07_theta12p495_foilpm8	-8.0	0.0	5.0	1	5	108	20	88
rg07_theta12p495_foilpm8	rg07_theta12p495_foilpm8	-8.0	0.0	5.0	1	6	125	20	105
rg07_theta12p495_foilpm8	rg07_theta12p495_foilpm8	-8.0	0.0	5.0	2	1	0	0	0
rg07_theta12p495_foilpm8	rg07_theta12p495_foilpm8	-8.0	0.0	5.0	2	2	40	20	20
rg07_theta12p495_foilpm8	rg07_theta12p495_foilpm8	-8.0	0.0	5.0	2	3	0	0	0
rg07_theta12p495_foilpm8	rg07_theta12p495_foilpm8	-8.0	0.0	5.0	2	4	108	20	88
rg07_theta12p495_foilpm8	rg07_theta12p495_foilpm8	-8.0	0.0	5.0	2	5	130	21	109
rg07_theta12p495_foilpm8	rg07_theta12p495_foilpm8	-8.0	0.0	5.0	2	6	148	21	127
rg07_theta12p495_foilpm8	rg07_theta12p495_foilpm8	-8.0	0.0	5.0	3	1	22	20	2
rg07_theta12p495_foilpm8	rg07_theta12p495_foilpm8	-8.0	0.0	5.0	3	2	48	21	27
rg07_theta12p495_foilpm8	rg07_theta12p495_foilpm8	-8.0	0.0	5.0	3	3	86	21	65
rg07_theta12p495_foilpm8	rg07_theta12p495_foilpm8	-8.0	0.0	5.0	3	4	137	21	116
rg07_theta12p495_foilpm8	rg07_theta12p495_foilpm8	-8.0	0.0	5.0	3	5	189	20	169
rg07_theta12p495_foilpm8	rg07_theta12p495_foilpm8	-8.0	0.0	5.0	3	6	213	21	192
rg07_theta12p495_foilpm8	rg07_theta12p495_foilpm8	-8.0	0.0	5.0	4	1	30	21	9
rg07_theta12p495_foilpm8	rg07_theta12p495_foilpm8	-8.0	0.0	5.0	4	2	61	20	41
rg07_theta12p495_foilpm8	rg07_theta12p495_foilpm8	-8.0	0.0	5.0	4	3	101	20	81
rg07_theta12p495_foilpm8	rg07_theta12p495_foilpm8	-8.0	0.0	5.0	4	4	33	20	13
rg07_theta12p495_foilpm8	rg07_theta12p495_foilpm8	-8.0	0.0	5.0	4	5	155	21	134
rg07_theta12p495_foilpm8	rg07_theta12p495_foilpm8	-8.0	0.0	5.0	4	6	193	20	173
rg07_theta12p495_foilpm8	rg07_theta12p495_foilpm8	-8.0	0.0	5.0	5	1	39	21	18
rg07_theta12p495_foilpm8	rg07_theta12p495_foilpm8	-8.0	0.0	5.0	5	2	54	20	34
rg07_theta12p495_foilpm8	rg07_theta12p495_foilpm8	-8.0	0.0	5.0	5	3	86	21	65
rg07_theta12p495_foilpm8	rg07_theta12p495_foilpm8	-8.0	0.0	5.0	5	4	128	20	108
rg07_theta12p495_foilpm8	rg07_theta12p495_foilpm8	-8.0	0.0	5.0	5	5	0	0	0
rg07_theta12p495_foilpm8	rg07_theta12p495_foilpm8	-8.0	0.0	5.0	5	6	212	20	192
rg07_theta12p495_foilpm8	rg07_theta12p495_foilpm8	-8.0	0.0	5.0	6	1	37	20	17
rg07_theta12p495_foilpm8	rg07_theta12p495_foilpm8	-8.0	0.0	5.0	6	2	45	20	25
rg07_theta12p495_foilpm8	rg07_theta12p495_foilpm8	-8.0	0.0	5.0	6	3	58	21	37
rg07_theta12p495_foilpm8	rg07_theta12p495_foilpm8	-8.0	0.0	5.0	6	4	88	20	68
rg07_theta12p495_foilpm8	rg07_theta12p495_foilpm8	-8.0	0.0	5.0	6	5	125	20	105
rg07_theta12p495_foilpm8	rg07_theta12p495_foilpm8	-8.0	0.0	5.0	6	6	159	21	138
rg07_theta12p495_foilpm8	rg07_theta12p495_foilpm8	-8.0	0.0	5.0	7	1	11	11	0
rg07_theta12p495_foilpm8	rg07_theta12p495_foilpm8	-8.0	0.0	5.0	7	2	37	20	17
rg07_theta12p495_foilpm8	rg07_theta12p495_foilpm8	-8.0	0.0	5.0	7	3	50	20	30
rg07_theta12p495_foilpm8	rg07_theta12p495_foilpm8	-8.0	0.0	5.0	7	4	84	20	64
rg07_theta12p495_foilpm8	rg07_theta12p495_foilpm8	-8.0	0.0	5.0	7	5	104	20	84
rg07_theta12p495_foilpm8	rg07_theta12p495_foilpm8	-8.0	0.0	5.0	7	6	133	20	113
rg07_theta12p495_foilpm8	rg07_theta12p495_foilpm8	-8.0	0.0	5.0	8	2	19	19	0
rg07_theta12p495_foilpm8	rg07_theta12p495_foilpm8	-8.0	0.0	5.0	8	3	34	20	14
rg07_theta12p495_foilpm8	rg07_theta12p495_foilpm8	-8.0	0.0	5.0	8	4	53	21	32
rg07_theta12p495_foilpm8	rg07_theta12p495_foilpm8	-8.0	0.0	5.0	8	5	79	21	58
rg07_theta12p495_foilpm8	rg07_theta12p495_foilpm8	-8.0	5.0	10.0	0	2	9	9	0
rg07_theta12p495_foilpm8	rg07_theta12p495_foilpm8	-8.0	5.0	10.0	0	3	26	24	2
rg07_theta12p495_foilpm8	rg07_theta12p495_foilpm8	-8.0	5.0	10.0	0	4	34	24	10
rg07_theta12p495_foilpm8	rg07_theta12p495_foilpm8	-8.0	5.0	10.0	0	5	59	24	35
rg07_theta12p495_foilpm8	rg07_theta12p495_foilpm8	-8.0	5.0	10.0	0	6	0	0	0
rg07_theta12p495_foilpm8	rg07_theta12p495_foilpm8	-8.0	5.0	10.0	1	1	0	0	0
rg07_theta12p495_foilpm8	rg07_theta12p495_foilpm8	-8.0	5.0	10.0	1	2	17	17	0
rg07_theta12p495_foilpm8	rg07_theta12p495_foilpm8	-8.0	5.0	10.0	1	3	31	25	6
rg07_theta12p495_foilpm8	rg07_theta12p495_foilpm8	-8.0	5.0	10.0	1	4	55	24	31
rg07_theta12p495_foilpm8	rg07_theta12p495_foilpm8	-8.0	5.0	10.0	1	5	77	24	53
rg07_theta12p495_foilpm8	rg07_theta12p495_foilpm8	-8.0	5.0	10.0	1	6	122	24	98
rg07_theta12p495_foilpm8	rg07_theta12p495_foilpm8	-8.0	5.0	10.0	2	1	12	12	0
rg07_theta12p495_foilpm8	rg07_theta12p495_foilpm8	-8.0	5.0	10.0	2	2	23	23	0
rg07_theta12p495_foilpm8	rg07_theta12p495_foilpm8	-8.0	5.0	10.0	2	4	70	24	46
rg07_theta12p495_foilpm8	rg07_theta12p495_foilpm8	-8.0	5.0	10.0	2	5	84	24	60
rg07_theta12p495_foilpm8	rg07_theta12p495_foilpm8	-8.0	5.0	10.0	2	6	135	25	110
rg07_theta12p495_foilpm8	rg07_theta12p495_foilpm8	-8.0	5.0	10.0	3	1	20	20	0
rg07_theta12p495_foilpm8	rg07_theta12p495_foilpm8	-8.0	5.0	10.0	3	2	37	24	13
rg07_theta12p495_foilpm8	rg07_theta12p495_foilpm8	-8.0	5.0	10.0	3	3	47	24	23
rg07_theta12p495_foilpm8	rg07_theta12p495_foilpm8	-8.0	5.0	10.0	3	4	70	24	46
rg07_theta12p495_foilpm8	rg07_theta12p495_foilpm8	-8.0	5.0	10.0	3	5	119	24	95
rg07_theta12p495_foilpm8	rg07_theta12p495_foilpm8	-8.0	5.0	10.0	3	6	167	24	143
rg07_theta12p495_foilpm8	rg07_theta12p495_foilpm8	-8.0	5.0	10.0	4	1	21	21	0
rg07_theta12p495_foilpm8	rg07_theta12p495_foilpm8	-8.0	5.0	10.0	4	2	41	24	17
rg07_theta12p495_foilpm8	rg07_theta12p495_foilpm8	-8.0	5.0	10.0	4	3	61	24	37
rg07_theta12p495_foilpm8	rg07_theta12p495_foilpm8	-8.0	5.0	10.0	4	4	26	25	1
rg07_theta12p495_foilpm8	rg07_theta12p495_foilpm8	-8.0	5.0	10.0	4	5	105	24	81
rg07_theta12p495_foilpm8	rg07_theta12p495_foilpm8	-8.0	5.0	10.0	4	6	141	24	117
rg07_theta12p495_foilpm8	rg07_theta12p495_foilpm8	-8.0	5.0	10.0	5	1	18	18	0
rg07_theta12p495_foilpm8	rg07_theta12p495_foilpm8	-8.0	5.0	10.0	5	2	41	24	17
rg07_theta12p495_foilpm8	rg07_theta12p495_foilpm8	-8.0	5.0	10.0	5	3	40	24	16
rg07_theta12p495_foilpm8	rg07_theta12p495_foilpm8	-8.0	5.0	10.0	5	4	74	24	50
rg07_theta12p495_foilpm8	rg07_theta12p495_foilpm8	-8.0	5.0	10.0	5	5	0	0	0
rg07_theta12p495_foilpm8	rg07_theta12p495_foilpm8	-8.0	5.0	10.0	5	6	148	25	123
rg07_theta12p495_foilpm8	rg07_theta12p495_foilpm8	-8.0	5.0	10.0	6	1	17	17	0
rg07_theta12p495_foilpm8	rg07_theta12p495_foilpm8	-8.0	5.0	10.0	6	2	27	24	3
rg07_theta12p495_foilpm8	rg07_theta12p495_foilpm8	-8.0	5.0	10.0	6	3	37	24	13
rg07_theta12p495_foilpm8	rg07_theta12p495_foilpm8	-8.0	5.0	10.0	6	4	53	25	28
rg07_theta12p495_foilpm8	rg07_theta12p495_foilpm8	-8.0	5.0	10.0	6	5	87	25	62
rg07_theta12p495_foilpm8	rg07_theta12p495_foilpm8	-8.0	5.0	10.0	6	6	135	24	111
rg07_theta12p495_foilpm8	rg07_theta12p495_foilpm8	-8.0	5.0	10.0	7	1	0	0	0
rg07_theta12p495_foilpm8	rg07_theta12p495_foilpm8	-8.0	5.0	10.0	7	2	9	9	0
rg07_theta12p495_foilpm8	rg07_theta12p495_foilpm8	-8.0	5.0	10.0	7	3	24	24	0
rg07_theta12p495_foilpm8	rg07_theta12p495_foilpm8	-8.0	5.0	10.0	7	4	58	25	33
rg07_theta12p495_foilpm8	rg07_theta12p495_foilpm8	-8.0	5.0	10.0	7	5	79	25	54
rg07_theta12p495_foilpm8	rg07_theta12p495_foilpm8	-8.0	5.0	10.0	7	6	109	25	84
rg07_theta12p495_foilpm8	rg07_theta12p495_foilpm8	-8.0	5.0	10.0	8	2	0	0	0
rg07_theta12p495_foilpm8	rg07_theta12p495_foilpm8	-8.0	5.0	10.0	8	3	16	16	0
rg07_theta12p495_foilpm8	rg07_theta12p495_foilpm8	-8.0	5.0	10.0	8	4	30	25	5
rg07_theta12p495_foilpm8	rg07_theta12p495_foilpm8	-8.0	5.0	10.0	8	5	53	24	29
rg07_theta12p495_foilpm8	rg07_theta12p495_foilpm8	-8.0	5.0	10.0	8	6	0	0	0
rg07_theta12p495_foilpm8	rg07_theta12p495_foilpm8	8.0	-10.0	-8.0	0	2	0	0	0
rg07_theta12p495_foilpm8	rg07_theta12p495_foilpm8	8.0	-10.0	-8.0	0	3	0	0	0
rg07_theta12p495_foilpm8	rg07_theta12p495_foilpm8	8.0	-10.0	-8.0	0	4	18	18	0
rg07_theta12p495_foilpm8	rg07_theta12p495_foilpm8	8.0	-10.0	-8.0	0	5	16	16	0
rg07_theta12p495_foilpm8	rg07_theta12p495_foilpm8	8.0	-10.0	-8.0	0	6	15	15	0
rg07_theta12p495_foilpm8	rg07_theta12p495_foilpm8	8.0	-10.0	-8.0	0	7	0	0	0
rg07_theta12p495_foilpm8	rg07_theta12p495_foilpm8	8.0	-10.0	-8.0	1	2	10	10	0
rg07_theta12p495_foilpm8	rg07_theta12p495_foilpm8	8.0	-10.0	-8.0	1	3	15	15	0
rg07_theta12p495_foilpm8	rg07_theta12p495_foilpm8	8.0	-10.0	-8.0	1	4	22	22	0
rg07_theta12p495_foilpm8	rg07_theta12p495_foilpm8	8.0	-10.0	-8.0	1	5	30	24	6
rg07_theta12p495_foilpm8	rg07_theta12p495_foilpm8	8.0	-10.0	-8.0	1	6	25	24	1
rg07_theta12p495_foilpm8	rg07_theta12p495_foilpm8	8.0	-10.0	-8.0	1	7	17	17	0
rg07_theta12p495_foilpm8	rg07_theta12p495_foilpm8	8.0	-10.0	-8.0	2	2	15	15	0
rg07_theta12p495_foilpm8	rg07_theta12p495_foilpm8	8.0	-10.0	-8.0	2	3	0	0	0
rg07_theta12p495_foilpm8	rg07_theta12p495_foilpm8	8.0	-10.0	-8.0	2	4	33	24	9
rg07_theta12p495_foilpm8	rg07_theta12p495_foilpm8	8.0	-10.0	-8.0	2	5	37	24	13
rg07_theta12p495_foilpm8	rg07_theta12p495_foilpm8	8.0	-10.0	-8.0	2	6	39	24	15
rg07_theta12p495_foilpm8	rg07_theta12p495_foilpm8	8.0	-10.0	-8.0	2	7	29	24	5
rg07_theta12p495_foilpm8	rg07_theta12p495_foilpm8	8.0	-10.0	-8.0	3	2	15	15	0
rg07_theta12p495_foilpm8	rg07_theta12p495_foilpm8	8.0	-10.0	-8.0	3	3	17	17	0
rg07_theta12p495_foilpm8	rg07_theta12p495_foilpm8	8.0	-10.0	-8.0	3	4	29	24	5
rg07_theta12p495_foilpm8	rg07_theta12p495_foilpm8	8.0	-10.0	-8.0	3	5	42	24	18
rg07_theta12p495_foilpm8	rg07_theta12p495_foilpm8	8.0	-10.0	-8.0	3	6	47	24	23
rg07_theta12p495_foilpm8	rg07_theta12p495_foilpm8	8.0	-10.0	-8.0	3	7	63	24	39
rg07_theta12p495_foilpm8	rg07_theta12p495_foilpm8	8.0	-10.0	-8.0	4	2	15	15	0
rg07_theta12p495_foilpm8	rg07_theta12p495_foilpm8	8.0	-10.0	-8.0	4	3	26	24	2
rg07_theta12p495_foilpm8	rg07_theta12p495_foilpm8	8.0	-10.0	-8.0	4	4	11	11	0
rg07_theta12p495_foilpm8	rg07_theta12p495_foilpm8	8.0	-10.0	-8.0	4	5	45	23	22
rg07_theta12p495_foilpm8	rg07_theta12p495_foilpm8	8.0	-10.0	-8.0	4	6	60	23	37
rg07_theta12p495_foilpm8	rg07_theta12p495_foilpm8	8.0	-10.0	-8.0	4	7	77	24	53
rg07_theta12p495_foilpm8	rg07_theta12p495_foilpm8	8.0	-10.0	-8.0	5	2	12	12	0
rg07_theta12p495_foilpm8	rg07_theta12p495_foilpm8	8.0	-10.0	-8.0	5	3	23	23	0
rg07_theta12p495_foilpm8	rg07_theta12p495_foilpm8	8.0	-10.0	-8.0	5	4	28	24	4
rg07_theta12p495_foilpm8	rg07_theta12p495_foilpm8	8.0	-10.0	-8.0	5	5	0	0	0
rg07_theta12p495_foilpm8	rg07_theta12p495_foilpm8	8.0	-10.0	-8.0	5	6	50	24	26
rg07_theta12p495_foilpm8	rg07_theta12p495_foilpm8	8.0	-10.0	-8.0	5	7	65	24	41
rg07_theta12p495_foilpm8	rg07_theta12p495_foilpm8	8.0	-10.0	-8.0	6	2	0	0	0
rg07_theta12p495_foilpm8	rg07_theta12p495_foilpm8	8.0	-10.0	-8.0	6	3	16	16	0
rg07_theta12p495_foilpm8	rg07_theta12p495_foilpm8	8.0	-10.0	-8.0	6	4	28	24	4
rg07_theta12p495_foilpm8	rg07_theta12p495_foilpm8	8.0	-10.0	-8.0	6	5	38	24	14
rg07_theta12p495_foilpm8	rg07_theta12p495_foilpm8	8.0	-10.0	-8.0	6	6	53	24	29
rg07_theta12p495_foilpm8	rg07_theta12p495_foilpm8	8.0	-10.0	-8.0	6	7	67	24	43
rg07_theta12p495_foilpm8	rg07_theta12p495_foilpm8	8.0	-10.0	-8.0	7	2	0	0	0
rg07_theta12p495_foilpm8	rg07_theta12p495_foilpm8	8.0	-10.0	-8.0	7	3	11	11	0
rg07_theta12p495_foilpm8	rg07_theta12p495_foilpm8	8.0	-10.0	-8.0	7	4	17	17	0
rg07_theta12p495_foilpm8	rg07_theta12p495_foilpm8	8.0	-10.0	-8.0	7	5	31	23	8
rg07_theta12p495_foilpm8	rg07_theta12p495_foilpm8	8.0	-10.0	-8.0	7	6	37	23	14
rg07_theta12p495_foilpm8	rg07_theta12p495_foilpm8	8.0	-10.0	-8.0	7	7	56	24	32
rg07_theta12p495_foilpm8	rg07_theta12p495_foilpm8	8.0	-10.0	-8.0	8	3	0	0	0
rg07_theta12p495_foilpm8	rg07_theta12p495_foilpm8	8.0	-10.0	-8.0	8	4	14	14	0
rg07_theta12p495_foilpm8	rg07_theta12p495_foilpm8	8.0	-10.0	-8.0	8	5	17	17	0
rg07_theta12p495_foilpm8	rg07_theta12p495_foilpm8	8.0	-10.0	-8.0	8	6	27	24	3
rg07_theta12p495_foilpm8	rg07_theta12p495_foilpm8	8.0	-10.0	-8.0	8	7	0	0	0
rg07_theta12p495_foilpm8	rg07_theta12p495_foilpm8	8.0	-8.0	-5.0	0	3	0	0	0
rg07_theta12p495_foilpm8	rg07_theta12p495_foilpm8	8.0	-8.0	-5.0	0	4	28	21	7
rg07_theta12p495_foilpm8	rg07_theta12p495_foilpm8	8.0	-8.0	-5.0	0	5	34	21	13
rg07_theta12p495_foilpm8	rg07_theta12p495_foilpm8	8.0	-8.0	-5.0	0	6	31	21	10
rg07_theta12p495_foilpm8	rg07_theta12p495_foilpm8	8.0	-8.0	-5.0	0	7	0	0	0
rg07_theta12p495_foilpm8	rg07_theta12p495_foilpm8	8.0	-8.0	-5.0	1	2	0	0	0
rg07_theta12p495_foilpm8	rg07_theta12p495_foilpm8	8.0	-8.0	-5.0	1	3	18	18	0
rg07_theta12p495_foilpm8	rg07_theta12p495_foilpm8	8.0	-8.0	-5.0	1	4	30	21	9
rg07_theta12p495_foilpm8	rg07_theta12p495_foilpm8	8.0	-8.0	-5.0	1	5	40	21	19
rg07_theta12p495_foilpm8	rg07_theta12p495_foilpm8	8.0	-8.0	-5.0	1	6	62	21	41
rg07_theta12p495_foilpm8	rg07_theta12p495_foilpm8	8.0	-8.0	-5.0	1	7	63	21	42
rg07_theta12p495_foilpm8	rg07_theta12p495_foilpm8	8.0	-8.0	-5.0	2	2	14	14	0
rg07_theta12p495_foilpm8	rg07_theta12p495_foilpm8	8.0	-8.0	-5.0	2	3	0	0	0
rg07_theta12p495_foilpm8	rg07_theta12p495_foilpm8	8.0	-8.0	-5.0	2	4	44	21	23
rg07_theta12p495_foilpm8	rg07_theta12p495_foilpm8	8.0	-8.0	-5.0	2	5	64	21	43
rg07_theta12p495_foilpm8	rg07_theta12p495_foilpm8	8.0	-8.0	-5.0	2	6	75	21	54
rg07_theta12p495_foilpm8	rg07_theta12p495_foilpm8	8.0	-8.0	-5.0	2	7	90	21	69
rg07_theta12p495_foilpm8	rg07_theta12p495_foilpm8	8.0	-8.0	-5.0	3	2	13	13	0
rg07_theta12p495_foilpm8	rg07_theta12p495_foilpm8	8.0	-8.0	-5.0	3	3	38	21	17
rg07_theta12p495_foilpm8	rg07_theta12p495_foilpm8	8.0	-8.0	-5.0	3	4	55	21	34
rg07_theta12p495_foilpm8	rg07_theta12p495_foilpm8	8.0	-8.0	-5.0	3	5	76	21	55
rg07_theta12p495_foilpm8	rg07_theta12p495_foilpm8	8.0	-8.0	-5.0	3	6	89	21	68
rg07_theta12p495_foilpm8	rg07_theta12p495_foilpm8	8.0	-8.0	-5.0	3	7	117	21	96
rg07_theta12p495_foilpm8	rg07_theta12p495_foilpm8	8.0	-8.0	-5.0	4	2	13	13	0
rg07_theta12p495_foilpm8	rg07_theta12p495_foilpm8	8.0	-8.0	-5.0	4	3	41	21	20
rg07_theta12p495_foilpm8	rg07_theta12p495_foilpm8	8.0	-8.0	-5.0	4	4	16	16	0
rg07_theta12p495_foilpm8	rg07_theta12p495_foilpm8	8.0	-8.0	-5.0	4	5	95	22	73
rg07_theta12p495_foilpm8	rg07_theta12p495_foilpm8	8.0	-8.0	-5.0	4	6	116	21	95
rg07_theta12p495_foilpm8	rg07_theta12p495_foilpm8	8.0	-8.0	-5.0	4	7	114	21	93
rg07_theta12p495_foilpm8	rg07_theta12p495_foilpm8	8.0	-8.0	-5.0	5	2	17	17	0
rg07_theta12p495_foilpm8	rg07_theta12p495_foilpm8	8.0	-8.0	-5.0	5	3	31	22	9
rg07_theta12p495_foilpm8	rg07_theta12p495_foilpm8	8.0	-8.0	-5.0	5	4	56	21	35
rg07_theta12p495_foilpm8	rg07_theta12p495_foilpm8	8.0	-8.0	-5.0	5	5	0	0	0
rg07_theta12p495_foilpm8	rg07_theta12p495_foilpm8	8.0	-8.0	-5.0	5	6	99	21	78
rg07_theta12p495_foilpm8	rg07_theta12p495_foilpm8	8.0	-8.0	-5.0	5	7	119	21	98
rg07_theta12p495_foilpm8	rg07_theta12p495_foilpm8	8.0	-8.0	-5.0	6	2	14	14	0
rg07_theta12p495_foilpm8	rg07_theta12p495_foilpm8	8.0	-8.0	-5.0	6	3	29	21	8
rg07_theta12p495_foilpm8	rg07_theta12p495_foilpm8	8.0	-8.0	-5.0	6	4	49	21	28
rg07_theta12p495_foilpm8	rg07_theta12p495_foilpm8	8.0	-8.0	-5.0	6	5	75	21	54
rg07_theta12p495_foilpm8	rg07_theta12p495_foilpm8	8.0	-8.0	-5.0	6	6	74	21	53
rg07_theta12p495_foilpm8	rg07_theta12p495_foilpm8	8.0	-8.0	-5.0	6	7	105	22	83
rg07_theta12p495_foilpm8	rg07_theta12p495_foilpm8	8.0	-8.0	-5.0	7	2	11	11	0
rg07_theta12p495_foilpm8	rg07_theta12p495_foilpm8	8.0	-8.0	-5.0	7	3	23	21	2
rg07_theta12p495_foilpm8	rg07_theta12p495_foilpm8	8.0	-8.0	-5.0	7	4	33	21	12
rg07_theta12p495_foilpm8	rg07_theta12p495_foilpm8	8.0	-8.0	-5.0	7	5	59	21	38
rg07_theta12p495_foilpm8	rg07_theta12p495_foilpm8	8.0	-8.0	-5.0	7	6	81	21	60
rg07_theta12p495_foilpm8	rg07_theta12p495_foilpm8	8.0	-8.0	-5.0	7	7	93	22	71
rg07_theta12p495_foilpm8	rg07_theta12p495_foilpm8	8.0	-8.0	-5.0	8	3	17	17	0
rg07_theta12p495_foilpm8	rg07_theta12p495_foilpm8	8.0	-8.0	-5.0	8	4	19	19	0
rg07_theta12p495_foilpm8	rg07_theta12p495_foilpm8	8.0	-8.0	-5.0	8	5	41	22	19
rg07_theta12p495_foilpm8	rg07_theta12p495_foilpm8	8.0	-8.0	-5.0	8	6	59	22	37
rg07_theta12p495_foilpm8	rg07_theta12p495_foilpm8	8.0	-8.0	-5.0	8	7	0	0	0
rg07_theta12p495_foilpm8	rg07_theta12p495_foilpm8	8.0	-5.0	0.0	0	3	0	0	0
rg07_theta12p495_foilpm8	rg07_theta12p495_foilpm8	8.0	-5.0	0.0	0	4	18	18	0
rg07_theta12p495_foilpm8	rg07_theta12p495_foilpm8	8.0	-5.0	0.0	0	5	58	21	37
rg07_theta12p495_foilpm8	rg07_theta12p495_foilpm8	8.0	-5.0	0.0	0	6	64	21	43
rg07_theta12p495_foilpm8	rg07_theta12p495_foilpm8	8.0	-5.0	0.0	1	2	0	0	0
rg07_theta12p495_foilpm8	rg07_theta12p495_foilpm8	8.0	-5.0	0.0	1	3	11	11	0
rg07_theta12p495_foilpm8	rg07_theta12p495_foilpm8	8.0	-5.0	0.0	1	4	43	20	23
rg07_theta12p495_foilpm8	rg07_theta12p495_foilpm8	8.0	-5.0	0.0	1	5	79	21	58
rg07_theta12p495_foilpm8	rg07_theta12p495_foilpm8	8.0	-5.0	0.0	1	6	91	21	70
rg07_theta12p495_foilpm8	rg07_theta12p495_foilpm8	8.0	-5.0	0.0	1	7	101	21	80
rg07_theta12p495_foilpm8	rg07_theta12p495_foilpm8	8.0	-5.0	0.0	2	2	18	18	0
rg07_theta12p495_foilpm8	rg07_theta12p495_foilpm8	8.0	-5.0	0.0	2	3	0	0	0
rg07_theta12p495_foilpm8	rg07_theta12p495_foilpm8	8.0	-5.0	0.0	2	4	54	21	33
rg07_theta12p495_foilpm8	rg07_theta12p495_foilpm8	8.0	-5.0	0.0	2	5	104	21	83
rg07_theta12p495_foilpm8	rg07_theta12p495_foilpm8	8.0	-5.0	0.0	2	6	124	20	104
rg07_theta12p495_foilpm8	rg07_theta12p495_foilpm8	8.0	-5.0	0.0	2	7	149	21	128
rg07_theta12p495_foilpm8	rg07_theta12p495_foilpm8	8.0	-5.0	0.0	3	2	16	16	0
rg07_theta12p495_foilpm8	rg07_theta12p495_foilpm8	8.0	-5.0	0.0	3	3	45	21	24
rg07_theta12p495_foilpm8	rg07_theta12p495_foilpm8	8.0	-5.0	0.0	3	4	81	20	61
rg07_theta12p495_foilpm8	rg07_theta12p495_foilpm8	8.0	-5.0	0.0	3	5	117	21	96
rg07_theta12p495_foilpm8	rg07_theta12p495_foilpm8	8.0	-5.0	0.0	3	6	176	21	155
rg07_theta12p495_foilpm8	rg07_theta12p495_foilpm8	8.0	-5.0	0.0	3	7	176	21	155
rg07_theta12p495_foilpm8	rg07_theta12p495_foilpm8	8.0	-5.0	0.0	4	2	14	14	0
rg07_theta12p495_foilpm8	rg07_theta12p495_foilpm8	8.0	-5.0	0.0	4	3	49	21	28
rg07_theta12p495_foilpm8	rg07_theta12p495_foilpm8	8.0	-5.0	0.0	4	4	28	21	7
rg07_theta12p495_foilpm8	rg07_theta12p495_foilpm8	8.0	-5.0	0.0	4	5	145	21	124
rg07_theta12p495_foilpm8	rg07_theta12p495_foilpm8	8.0	-5.0	0.0	4	6	182	20	162
rg07_theta12p495_foilpm8	rg07_theta12p495_foilpm8	8.0	-5.0	0.0	4	7	221	21	200
rg07_theta12p495_foilpm8	rg07_theta12p495_foilpm8	8.0	-5.0	0.0	5	2	16	16	0
rg07_theta12p495_foilpm8	rg07_theta12p495_foilpm8	8.0	-5.0	0.0	5	3	57	20	37
rg07_theta12p495_foilpm8	rg07_theta12p495_foilpm8	8.0	-5.0	0.0	5	4	94	21	73
rg07_theta12p495_foilpm8	rg07_theta12p495_foilpm8	8.0	-5.0	0.0	5	5	0	0	0
rg07_theta12p495_foilpm8	rg07_theta12p495_foilpm8	8.0	-5.0	0.0	5	6	175	21	154
rg07_theta12p495_foilpm8	rg07_theta12p495_foilpm8	8.0	-5.0	0.0	5	7	194	21	173
rg07_theta12p495_foilpm8	rg07_theta12p495_foilpm8	8.0	-5.0	0.0	6	2	21	20	1
rg07_theta12p495_foilpm8	rg07_theta12p495_foilpm8	8.0	-5.0	0.0	6	3	39	21	18
rg07_theta12p495_foilpm8	rg07_theta12p495_foilpm8	8.0	-5.0	0.0	6	4	80	21	59
rg07_theta12p495_foilpm8	rg07_theta12p495_foilpm8	8.0	-5.0	0.0	6	5	112	21	91
rg07_theta12p495_foilpm8	rg07_theta12p495_foilpm8	8.0	-5.0	0.0	6	6	133	21	112
rg07_theta12p495_foilpm8	rg07_theta12p495_foilpm8	8.0	-5.0	0.0	6	7	180	21	159
rg07_theta12p495_foilpm8	rg07_theta12p495_foilpm8	8.0	-5.0	0.0	7	2	10	10	0
rg07_theta12p495_foilpm8	rg07_theta12p495_foilpm8	8.0	-5.0	0.0	7	3	30	20	10
rg07_theta12p495_foilpm8	rg07_theta12p495_foilpm8	8.0	-5.0	0.0	7	4	57	21	36
rg07_theta12p495_foilpm8	rg07_theta12p495_foilpm8	8.0	-5.0	0.0	7	5	92	21	71
rg07_theta12p495_foilpm8	rg07_theta12p495_foilpm8	8.0	-5.0	0.0	7	6	122	21	101
rg07_theta12p495_foilpm8	rg07_theta12p495_foilpm8	8.0	-5.0	0.0	7	7	117	20	97
rg07_theta12p495_foilpm8	rg07_theta12p495_foilpm8	8.0	-5.0	0.0	8	3	23	21	2
rg07_theta12p495_foilpm8	rg07_theta12p495_foilpm8	8.0	-5.0	0.0	8	4	37	21	16
rg07_theta12p495_foilpm8	rg07_theta12p495_foilpm8	8.0	-5.0	0.0	8	5	47	21	26
rg07_theta12p495_foilpm8	rg07_theta12p495_foilpm8	8.0	-5.0	0.0	8	6	82	21	61
rg07_theta12p495_foilpm8	rg07_theta12p495_foilpm8	8.0	-5.0	0.0	8	7	0	0	0
rg07_theta12p495_foilpm8	rg07_theta12p495_foilpm8	8.0	0.0	5.0	0	2	0	0	0
rg07_theta12p495_foilpm8	rg07_theta12p495_foilpm8	8.0	0.0	5.0	0	3	0	0	0
rg07_theta12p495_foilpm8	rg07_theta12p495_foilpm8	8.0	0.0	5.0	0	4	8	8	0
rg07_theta12p495_foilpm8	rg07_theta12p495_foilpm8	8.0	0.0	5.0	0	5	35	24	11
rg07_theta12p495_foilpm8	rg07_theta12p495_foilpm8	8.0	0.0	5.0	0	6	53	25	28
rg07_theta12p495_foilpm8	rg07_theta12p495_foilpm8	8.0	0.0	5.0	0	7	0	0	0
rg07_theta12p495_foilpm8	rg07_theta12p495_foilpm8	8.0	0.0	5.0	1	2	0	0	0
rg07_theta12p495_foilpm8	rg07_theta12p495_foilpm8	8.0	0.0	5.0	1	3	10	10	0
rg07_theta12p495_foilpm8	rg07_theta12p495_foilpm8	8.0	0.0	5.0	1	4	19	19	0
rg07_theta12p495_foilpm8	rg07_theta12p495_foilpm8	8.0	0.0	5.0	1	5	47	24	23
rg07_theta12p495_foilpm8	rg07_theta12p495_foilpm8	8.0	0.0	5.0	1	6	91	25	66
rg07_theta12p495_foilpm8	rg07_theta12p495_foilpm8	8.0	0.0	5.0	1	7	81	24	57
rg07_theta12p495_foilpm8	rg07_theta12p495_foilpm8	8.0	0.0	5.0	2	2	0	0	0
rg07_theta12p495_foilpm8	rg07_theta12p495_foilpm8	8.0	0.0	5.0	2	3	0	0	0
rg07_theta12p495_foilpm8	rg07_theta12p495_foilpm8	8.0	0.0	5.0	2	4	45	24	21
rg07_theta12p495_foilpm8	rg07_theta12p495_foilpm8	8.0	0.0	5.0	2	5	78	25	53
rg07_theta12p495_foilpm8	rg07_theta12p495_foilpm8	8.0	0.0	5.0	2	6	130	24	106
rg07_theta12p495_foilpm8	rg07_theta12p495_foilpm8	8.0	0.0	5.0	2	7	120	25	95
rg07_theta12p495_foilpm8	rg07_theta12p495_foilpm8	8.0	0.0	5.0	3	2	9	9	0
rg07_theta12p495_foilpm8	rg07_theta12p495_foilpm8	8.0	0.0	5.0	3	3	36	24	12
rg07_theta12p495_foilpm8	rg07_theta12p495_foilpm8	8.0	0.0	5.0	3	4	58	24	34
rg07_theta12p495_foilpm8	rg07_theta12p495_foilpm8	8.0	0.0	5.0	3	5	99	24	75
rg07_theta12p495_foilpm8	rg07_theta12p495_foilpm8	8.0	0.0	5.0	3	6	138	24	114
rg07_theta12p495_foilpm8	rg07_theta12p495_foilpm8	8.0	0.0	5.0	3	7	187	24	163
rg07_theta12p495_foilpm8	rg07_theta12p495_foilpm8	8.0	0.0	5.0	4	2	0	0	0
rg07_theta12p495_foilpm8	rg07_theta12p495_foilpm8	8.0	0.0	5.0	4	3	31	24	7
rg07_theta12p495_foilpm8	rg07_theta12p495_foilpm8	8.0	0.0	5.0	4	4	13	13	0
rg07_theta12p495_foilpm8	rg07_theta12p495_foilpm8	8.0	0.0	5.0	4	5	114	24	90
rg07_theta12p495_foilpm8	rg07_theta12p495_foilpm8	8.0	0.0	5.0	4	6	154	24	130
rg07_theta12p495_foilpm8	rg07_theta12p495_foilpm8	8.0	0.0	5.0	4	7	202	25	177
rg07_theta12p495_foilpm8	rg07_theta12p495_foilpm8	8.0	0.0	5.0	5	2	0	0	0
rg07_theta12p495_foilpm8	rg07_theta12p495_foilpm8	8.0	0.0	5.0	5	3	34	25	9
rg07_theta12p495_foilpm8	rg07_theta12p495_foilpm8	8.0	0.0	5.0	5	4	67	24	43
rg07_theta12p495_foilpm8	rg07_theta12p495_foilpm8	8.0	0.0	5.0	5	5	0	0	0
rg07_theta12p495_foilpm8	rg07_theta12p495_foilpm8	8.0	0.0	5.0	5	6	145	24	121
rg07_theta12p495_foilpm8	rg07_theta12p495_foilpm8	8.0	0.0	5.0	5	7	175	25	150
rg07_theta12p495_foilpm8	rg07_theta12p495_foilpm8	8.0	0.0	5.0	6	2	0	0	0
rg07_theta12p495_foilpm8	rg07_theta12p495_foilpm8	8.0	0.0	5.0	6	3	24	24	0
rg07_theta12p495_foilpm8	rg07_theta12p495_foilpm8	8.0	0.0	5.0	6	4	57	24	33
rg07_theta12p495_foilpm8	rg07_theta12p495_foilpm8	8.0	0.0	5.0	6	5	71	24	47
rg07_theta12p495_foilpm8	rg07_theta12p495_foilpm8	8.0	0.0	5.0	6	6	113	24	89
rg07_theta12p495_foilpm8	rg07_theta12p495_foilpm8	8.0	0.0	5.0	6	7	167	24	143
rg07_theta12p495_foilpm8	rg07_theta12p495_foilpm8	8.0	0.0	5.0	7	2	0	0	0
rg07_theta12p495_foilpm8	rg07_theta12p495_foilpm8	8.0	0.0	5.0	7	3	16	16	0
rg07_theta12p495_foilpm8	rg07_theta12p495_foilpm8	8.0	0.0	5.0	7	4	36	24	12
rg07_theta12p495_foilpm8	rg07_theta12p495_foilpm8	8.0	0.0	5.0	7	5	61	24	37
rg07_theta12p495_foilpm8	rg07_theta12p495_foilpm8	8.0	0.0	5.0	7	6	73	24	49
rg07_theta12p495_foilpm8	rg07_theta12p495_foilpm8	8.0	0.0	5.0	7	7	104	25	79
rg07_theta12p495_foilpm8	rg07_theta12p495_foilpm8	8.0	0.0	5.0	8	3	15	15	0
rg07_theta12p495_foilpm8	rg07_theta12p495_foilpm8	8.0	0.0	5.0	8	4	24	24	0
rg07_theta12p495_foilpm8	rg07_theta12p495_foilpm8	8.0	0.0	5.0	8	5	35	25	10
rg07_theta12p495_foilpm8	rg07_theta12p495_foilpm8	8.0	0.0	5.0	8	6	67	25	42
rg07_theta12p495_foilpm8	rg07_theta12p495_foilpm8	8.0	0.0	5.0	8	7	0	0	0
rg07_theta12p495_foilpm8	rg07_theta12p495_foilpm8	8.0	5.0	10.0	0	3	0	0	0
rg07_theta12p495_foilpm8	rg07_theta12p495_foilpm8	8.0	5.0	10.0	0	4	0	0	0
rg07_theta12p495_foilpm8	rg07_theta12p495_foilpm8	8.0	5.0	10.0	0	5	13	13	0
rg07_theta12p495_foilpm8	rg07_theta12p495_foilpm8	8.0	5.0	10.0	0	6	30	30	0
rg07_theta12p495_foilpm8	rg07_theta12p495_foilpm8	8.0	5.0	10.0	0	7	0	0	0
rg07_theta12p495_foilpm8	rg07_theta12p495_foilpm8	8.0	5.0	10.0	1	3	0	0	0
rg07_theta12p495_foilpm8	rg07_theta12p495_foilpm8	8.0	5.0	10.0	1	4	19	19	0
rg07_theta12p495_foilpm8	rg07_theta12p495_foilpm8	8.0	5.0	10.0	1	5	38	30	8
rg07_theta12p495_foilpm8	rg07_theta12p495_foilpm8	8.0	5.0	10.0	1	6	60	30	30
rg07_theta12p495_foilpm8	rg07_theta12p495_foilpm8	8.0	5.0	10.0	1	7	65	30	35
rg07_theta12p495_foilpm8	rg07_theta12p495_foilpm8	8.0	5.0	10.0	2	4	36	30	6
rg07_theta12p495_foilpm8	rg07_theta12p495_foilpm8	8.0	5.0	10.0	2	5	50	30	20
rg07_theta12p495_foilpm8	rg07_theta12p495_foilpm8	8.0	5.0	10.0	2	6	82	30	52
rg07_theta12p495_foilpm8	rg07_theta12p495_foilpm8	8.0	5.0	10.0	2	7	109	30	79
rg07_theta12p495_foilpm8	rg07_theta12p495_foilpm8	8.0	5.0	10.0	3	3	20	20	0
rg07_theta12p495_foilpm8	rg07_theta12p495_foilpm8	8.0	5.0	10.0	3	4	26	26	0
rg07_theta12p495_foilpm8	rg07_theta12p495_foilpm8	8.0	5.0	10.0	3	5	58	30	28
rg07_theta12p495_foilpm8	rg07_theta12p495_foilpm8	8.0	5.0	10.0	3	6	93	30	63
rg07_theta12p495_foilpm8	rg07_theta12p495_foilpm8	8.0	5.0	10.0	3	7	133	30	103
rg07_theta12p495_foilpm8	rg07_theta12p495_foilpm8	8.0	5.0	10.0	4	3	25	25	0
rg07_theta12p495_foilpm8	rg07_theta12p495_foilpm8	8.0	5.0	10.0	4	4	0	0	0
rg07_theta12p495_foilpm8	rg07_theta12p495_foilpm8	8.0	5.0	10.0	4	5	61	30	31
rg07_theta12p495_foilpm8	rg07_theta12p495_foilpm8	8.0	5.0	10.0	4	6	112	30	82
rg07_theta12p495_foilpm8	rg07_theta12p495_foilpm8	8.0	5.0	10.0	4	7	148	30	118
rg07_theta12p495_foilpm8	rg07_theta12p495_foilpm8	8.0	5.0	10.0	5	3	15	15	0
rg07_theta12p495_foilpm8	rg07_theta12p495_foilpm8	8.0	5.0	10.0	5	4	31	30	1
rg07_theta12p495_foilpm8	rg07_theta12p495_foilpm8	8.0	5.0	10.0	5	6	111	30	81
rg07_theta12p495_foilpm8	rg07_theta12p495_foilpm8	8.0	5.0	10.0	5	7	127	30	97
rg07_theta12p495_foilpm8	rg07_theta12p495_foilpm8	8.0	5.0	10.0	6	3	11	11	0
rg07_theta12p495_foilpm8	rg07_theta12p495_foilpm8	8.0	5.0	10.0	6	4	20	20	0
rg07_theta12p495_foilpm8	rg07_theta12p495_foilpm8	8.0	5.0	10.0	6	5	44	30	14
rg07_theta12p495_foilpm8	rg07_theta12p495_foilpm8	8.0	5.0	10.0	6	6	81	30	51
rg07_theta12p495_foilpm8	rg07_theta12p495_foilpm8	8.0	5.0	10.0	6	7	114	30	84
rg07_theta12p495_foilpm8	rg07_theta12p495_foilpm8	8.0	5.0	10.0	7	3	10	10	0
rg07_theta12p495_foilpm8	rg07_theta12p495_foilpm8	8.0	5.0	10.0	7	4	20	20	0
rg07_theta12p495_foilpm8	rg07_theta12p495_foilpm8	8.0	5.0	10.0	7	5	30	30	0
rg07_theta12p495_foilpm8	rg07_theta12p495_foilpm8	8.0	5.0	10.0	7	6	64	30	34
rg07_theta12p495_foilpm8	rg07_theta12p495_foilpm8	8.0	5.0	10.0	7	7	68	30	38
rg07_theta12p495_foilpm8	rg07_theta12p495_foilpm8	8.0	5.0	10.0	8	3	0	0	0
rg07_theta12p495_foilpm8	rg07_theta12p495_foilpm8	8.0	5.0	10.0	8	4	8	8	0
rg07_theta12p495_foilpm8	rg07_theta12p495_foilpm8	8.0	5.0	10.0	8	5	15	15	0
rg07_theta12p495_foilpm8	rg07_theta12p495_foilpm8	8.0	5.0	10.0	8	6	28	28	0
rg07_theta12p495_foilpm8	rg07_theta12p495_foilpm8	8.0	5.0	10.0	8	7	0	0	0
