rungroup	foil	ndel	xscol	yscol	total	fit	holdout	holdout_core	surplus	unsupported	excluded_core
rg01_theta12p490_foil0	0	0	0	2	233	36	47	29	68	0	0
rg01_theta12p490_foil0	0	0	0	3	375	36	75	50	168	0	0
rg01_theta12p490_foil0	0	0	0	4	449	35	90	69	209	0	0
rg01_theta12p490_foil0	0	0	0	5	450	36	90	62	236	0	0
rg01_theta12p490_foil0	0	0	0	6	113	36	23	14	19	0	0
rg01_theta12p490_foil0	0	0	1	2	324	35	65	31	92	0	0
rg01_theta12p490_foil0	0	0	1	3	371	36	75	58	195	0	0
rg01_theta12p490_foil0	0	0	1	4	541	36	109	83	303	0	0
rg01_theta12p490_foil0	0	0	1	5	581	36	117	85	306	0	0
rg01_theta12p490_foil0	0	0	1	6	305	36	61	48	148	0	0
rg01_theta12p490_foil0	0	0	2	2	342	36	69	42	131	0	0
rg01_theta12p490_foil0	0	0	2	3	90	0	18	0	0	90	0
rg01_theta12p490_foil0	0	0	2	4	711	35	143	93	355	0	0
rg01_theta12p490_foil0	0	0	2	5	767	36	154	118	387	0	0
rg01_theta12p490_foil0	0	0	2	6	695	36	139	99	345	0	0
rg01_theta12p490_foil0	0	0	3	2	403	36	81	51	176	0	0
rg01_theta12p490_foil0	0	0	3	3	551	36	111	83	285	0	0
rg01_theta12p490_foil0	0	0	3	4	659	36	132	107	373	0	0
rg01_theta12p490_foil0	0	0	3	5	864	35	173	128	492	0	0
rg01_theta12p490_foil0	0	0	3	6	1038	35	208	154	556	0	0
rg01_theta12p490_foil0	0	0	4	2	399	36	80	55	171	0	0
rg01_theta12p490_foil0	0	0	4	3	628	36	126	99	367	0	0
rg01_theta12p490_foil0	0	0	4	4	229	36	46	39	108	0	0
rg01_theta12p490_foil0	0	0	4	5	929	36	186	150	534	0	0
rg01_theta12p490_foil0	0	0	4	6	1123	36	225	149	611	0	0
rg01_theta12p490_foil0	0	0	5	2	334	35	67	50	161	0	0
rg01_theta12p490_foil0	0	0	5	3	625	35	125	91	325	0	0
rg01_theta12p490_foil0	0	0	5	4	737	36	148	111	405	0	0
rg01_theta12p490_foil0	0	0	5	5	61	0	13	0	0	61	0
rg01_theta12p490_foil0	0	0	5	6	1182	36	237	175	678	0	0
rg01_theta12p490_foil0	0	0	6	2	236	36	48	34	98	0	0
rg01_theta12p490_foil0	0	0	6	3	434	35	87	55	229	0	0
rg01_theta12p490_foil0	0	0	6	4	598	36	120	90	315	0	0
rg01_theta12p490_foil0	0	0	6	5	753	36	151	111	440	0	0
rg01_theta12p490_foil0	0	0	6	6	1010	35	202	143	549	0	0
rg01_theta12p490_foil0	0	0	7	2	126	36	26	19	37	0	0
rg01_theta12p490_foil0	0	0	7	3	253	36	51	36	124	0	0
rg01_theta12p490_foil0	0	0	7	4	418	35	84	66	232	0	0
rg01_theta12p490_foil0	0	0	7	5	475	36	95	79	253	0	0
rg01_theta12p490_foil0	0	0	7	6	621	36	125	100	340	0	0
rg01_theta12p490_foil0	0	0	8	2	63	35	13	10	4	0	0
rg01_theta12p490_foil0	0	0	8	3	130	36	26	24	52	0	0
rg01_theta12p490_foil0	0	0	8	4	207	35	42	30	93	0	0
rg01_theta12p490_foil0	0	0	8	5	319	36	64	39	150	0	0
rg01_theta12p490_foil0	0	0	8	6	348	36	70	44	161	0	0
rg01_theta12p490_foil0	0	1	0	2	254	30	51	36	129	0	0
rg01_theta12p490_foil0	0	1	0	3	422	30	85	66	225	0	0
rg01_theta12p490_foil0	0	1	0	4	649	30	130	102	362	0	0
rg01_theta12p490_foil0	0	1	0	5	751	30	151	114	418	0	0
rg01_theta12p490_foil0	0	1	0	6	257	30	52	37	110	0	0
rg01_theta12p490_foil0	0	1	0	7	2	0	1	0	0	2	0
rg01_theta12p490_foil0	0	1	1	1	1	0	1	0	0	1	0
rg01_theta12p490_foil0	0	1	1	2	406	29	82	52	211	0	0
rg01_theta12p490_foil0	0	1	1	3	643	29	129	100	356	0	0
rg01_theta12p490_foil0	0	1	1	4	908	30	182	134	504	0	0
rg01_theta12p490_foil0	0	1	1	5	1093	30	219	175	608	0	0
rg01_theta12p490_foil0	0	1	1	6	824	30	165	115	454	0	0
rg01_theta12p490_foil0	0	1	1	7	3	0	1	0	0	3	0
rg01_theta12p490_foil0	0	1	2	1	33	16	7	5	0	0	0
rg01_theta12p490_foil0	0	1	2	2	509	30	102	73	283	0	0
rg01_theta12p490_foil0	0	1	2	3	34	0	7	0	0	34	0
rg01_theta12p490_foil0	0	1	2	4	1091	30	219	161	657	0	0
rg01_theta12p490_foil0	0	1	2	5	1267	30	254	201	748	0	0
rg01_theta12p490_foil0	0	1	2	6	1358	30	272	206	809	0	0
rg01_theta12p490_foil0	0	1	2	7	10	0	2	0	0	10	0
rg01_theta12p490_foil0	0	1	3	1	81	30	17	13	15	0	0
rg01_theta12p490_foil0	0	1	3	2	612	30	123	92	346	0	0
rg01_theta12p490_foil0	0	1	3	3	882	30	177	142	523	0	0
rg01_theta12p490_foil0	0	1	3	4	1204	30	241	190	739	0	0
rg01_theta12p490_foil0	0	1	3	5	1524	30	305	243	934	0	0
rg01_theta12p490_foil0	0	1	3	6	1710	30	342	267	1071	0	0
rg01_theta12p490_foil0	0	1	3	7	96	30	20	14	30	0	0
rg01_theta12p490_foil0	0	1	4	1	114	30	23	19	38	0	0
rg01_theta12p490_foil0	0	1	4	2	578	30	116	86	331	0	0
rg01_theta12p490_foil0	0	1	4	3	960	30	192	158	587	0	0
rg01_theta12p490_foil0	0	1	4	4	379	30	76	60	224	0	0
rg01_theta12p490_foil0	0	1	4	5	1622	30	325	257	1010	0	0
rg01_theta12p490_foil0	0	1	4	6	1857	29	372	297	1159	0	0
rg01_theta12p490_foil0	0	1	4	7	106	30	22	15	35	0	0
rg01_theta12p490_foil0	0	1	5	1	74	30	15	11	12	0	0
rg01_theta12p490_foil0	0	1	5	2	557	30	112	91	328	0	0
rg01_theta12p490_foil0	0	1	5	3	929	30	186	145	575	0	0
rg01_theta12p490_foil0	0	1	5	4	1230	29	246	211	778	0	0
rg01_theta12p490_foil0	0	1	5	5	66	0	14	0	0	66	0
rg01_theta12p490_foil0	0	1	5	6	1844	30	369	300	1151	0	0
rg01_theta12p490_foil0	0	1	5	7	84	30	17	14	24	0	0
rg01_theta12p490_foil0	0	1	6	1	28	16	6	4	0	0	0
rg01_theta12p490_foil0	0	1	6	2	487	30	98	75	284	0	0
rg01_theta12p490_foil0	0	1	6	3	749	30	150	114	443	0	0
rg01_theta12p490_foil0	0	1	6	4	1047	30	210	172	639	0	0
rg01_theta12p490_foil0	0	1	6	5	1316	30	264	221	840	0	0
rg01_theta12p490_foil0	0	1	6	6	1526	29	306	244	930	0	0
rg01_theta12p490_foil0	0	1	6	7	12	0	3	0	0	12	0
rg01_theta12p490_foil0	0	1	7	2	358	30	72	51	196	0	0
rg01_theta12p490_foil0	0	1	7	3	620	30	124	110	367	0	0
rg01_theta12p490_foil0	0	1	7	4	856	30	172	136	512	0	0
rg01_theta12p490_foil0	0	1	7	5	1069	30	214	165	655	0	0
rg01_theta12p490_foil0	0	1	7	6	1186	30	238	193	731	0	0
rg01_theta12p490_foil0	0	1	7	7	1	0	1	0	0	1	0
rg01_theta12p490_foil0	0	1	8	2	282	30	57	47	161	0	0
rg01_theta12p490_foil0	0	1	8	3	402	30	81	61	230	0	0
rg01_theta12p490_foil0	0	1	8	4	580	30	116	87	337	0	0
rg01_theta12p490_foil0	0	1	8	5	720	30	144	113	435	0	0
rg01_theta12p490_foil0	0	1	8	6	637	30	128	104	382	0	0
rg01_theta12p490_foil0	0	1	8	7	1	0	1	0	0	1	0
rg01_theta12p490_foil0	0	2	0	1	1	0	1	0	0	1	0
rg01_theta12p490_foil0	0	2	0	2	374	27	75	54	213	0	0
rg01_theta12p490_foil0	0	2	0	3	629	27	126	99	385	0	0
rg01_theta12p490_foil0	0	2	0	4	895	27	179	128	530	0	0
rg01_theta12p490_foil0	0	2	0	5	1126	27	226	171	674	0	0
rg01_theta12p490_foil0	0	2	0	6	521	27	105	79	297	0	0
rg01_theta12p490_foil0	0	2	1	1	2	0	1	0	0	2	0
rg01_theta12p490_foil0	0	2	1	2	579	27	116	96	329	0	0
rg01_theta12p490_foil0	0	2	1	3	982	27	197	151	576	0	0
rg01_theta12p490_foil0	0	2	1	4	1361	27	273	195	800	0	0
rg01_theta12p490_foil0	0	2	1	5	1689	27	338	262	1003	0	0
rg01_theta12p490_foil0	0	2	1	6	1890	27	378	289	1165	0	0
rg01_theta12p490_foil0	0	2	1	7	1	0	1	0	0	1	0
rg01_theta12p490_foil0	0	2	2	1	101	27	21	16	43	0	0
rg01_theta12p490_foil0	0	2	2	2	839	27	168	142	508	0	0
rg01_theta12p490_foil0	0	2	2	3	23	0	5	0	0	23	0
rg01_theta12p490_foil0	0	2	2	4	1637	27	328	256	1011	0	0
rg01_theta12p490_foil0	0	2	2	5	1970	27	394	320	1221	0	0
rg01_theta12p490_foil0	0	2	2	6	2531	27	507	403	1570	0	0
rg01_theta12p490_foil0	0	2	2	7	226	27	46	42	124	0	0
rg01_theta12p490_foil0	0	2	3	1	238	27	48	39	132	0	0
rg01_theta12p490_foil0	0	2	3	2	885	27	177	142	546	0	0
rg01_theta12p490_foil0	0	2	3	3	1439	27	288	231	892	0	0
rg01_theta12p490_foil0	0	2	3	4	2005	27	401	330	1249	0	0
rg01_theta12p490_foil0	0	2	3	5	2478	27	496	396	1601	0	0
rg01_theta12p490_foil0	0	2	3	6	3022	27	605	494	1918	0	0
rg01_theta12p490_foil0	0	2	3	7	772	27	155	132	500	0	0
rg01_theta12p490_foil0	0	2	4	1	290	27	58	45	170	0	0
rg01_theta12p490_foil0	0	2	4	2	991	27	199	168	634	0	0
rg01_theta12p490_foil0	0	2	4	3	1553	27	311	239	977	0	0
rg01_theta12p490_foil0	0	2	4	4	597	27	120	89	366	0	0
rg01_theta12p490_foil0	0	2	4	5	2808	27	562	469	1749	0	0
rg01_theta12p490_foil0	0	2	4	6	3449	27	690	561	2201	0	0
rg01_theta12p490_foil0	0	2	4	7	1044	27	209	182	694	0	0
rg01_theta12p490_foil0	0	2	5	1	278	27	56	49	172	0	0
rg01_theta12p490_foil0	0	2	5	2	946	27	190	160	590	0	0
rg01_theta12p490_foil0	0	2	5	3	1411	27	283	231	867	0	0
rg01_theta12p490_foil0	0	2	5	4	2072	27	415	338	1297	0	0
rg01_theta12p490_foil0	0	2	5	5	47	0	10	0	0	47	0
rg01_theta12p490_foil0	0	2	5	6	3181	27	637	536	2043	0	0
rg01_theta12p490_foil0	0	2	5	7	733	27	147	130	478	0	0
rg01_theta12p490_foil0	0	2	6	1	147	27	30	29	76	0	0
rg01_theta12p490_foil0	0	2	6	2	793	27	159	131	497	0	0
rg01_theta12p490_foil0	0	2	6	3	1208	28	242	198	757	0	0
rg01_theta12p490_foil0	0	2	6	4	1719	27	344	255	1078	0	0
rg01_theta12p490_foil0	0	2	6	5	2180	27	436	341	1399	0	0
rg01_theta12p490_foil0	0	2	6	6	2736	27	548	441	1788	0	0
rg01_theta12p490_foil0	0	2	6	7	222	27	45	34	118	0	0
rg01_theta12p490_foil0	0	2	7	1	1	0	1	0	0	1	0
rg01_theta12p490_foil0	0	2	7	2	566	27	114	98	356	0	0
rg01_theta12p490_foil0	0	2	7	3	915	27	183	152	561	0	0
rg01_theta12p490_foil0	0	2	7	4	1357	27	272	223	857	0	0
rg01_theta12p490_foil0	0	2	7	5	1809	27	362	278	1166	0	0
rg01_theta12p490_foil0	0	2	7	6	2131	27	427	338	1332	0	0
rg01_theta12p490_foil0	0	2	7	7	4	0	1	0	0	4	0
rg01_theta12p490_foil0	0	2	8	2	358	27	72	57	213	0	0
rg01_theta12p490_foil0	0	2	8	3	606	27	122	106	374	0	0
rg01_theta12p490_foil0	0	2	8	4	958	27	192	157	564	0	0
rg01_theta12p490_foil0	0	2	8	5	1346	27	270	220	842	0	0
rg01_theta12p490_foil0	0	2	8	6	756	27	152	120	463	0	0
rg01_theta12p490_foil0	0	3	0	2	181	28	37	31	79	0	0
rg01_theta12p490_foil0	0	3	0	3	540	28	108	86	310	0	0
rg01_theta12p490_foil0	0	3	0	4	691	29	139	101	411	0	0
rg01_theta12p490_foil0	0	3	0	5	1023	29	205	148	601	0	0
rg01_theta12p490_foil0	0	3	0	6	208	29	42	28	95	0	0
rg01_theta12p490_foil0	0	3	0	7	1	0	1	0	0	1	0
rg01_theta12p490_foil0	0	3	1	1	3	0	1	0	0	3	0
rg01_theta12p490_foil0	0	3	1	2	394	29	79	67	213	0	0
rg01_theta12p490_foil0	0	3	1	3	718	29	144	118	412	0	0
rg01_theta12p490_foil0	0	3	1	4	1043	28	209	172	618	0	0
rg01_theta12p490_foil0	0	3	1	5	1464	28	293	228	849	0	0
rg01_theta12p490_foil0	0	3	1	6	1905	29	381	282	1137	0	0
rg01_theta12p490_foil0	0	3	1	7	15	0	3	0	0	15	0
rg01_theta12p490_foil0	0	3	2	1	137	28	28	20	58	0	0
rg01_theta12p490_foil0	0	3	2	2	555	28	111	89	308	0	0
rg01_theta12p490_foil0	0	3	2	3	19	0	4	0	0	19	0
rg01_theta12p490_foil0	0	3	2	4	1346	29	270	213	812	0	0
rg01_theta12p490_foil0	0	3	2	5	1799	29	360	287	1093	0	0
rg01_theta12p490_foil0	0	3	2	6	2397	29	480	370	1478	0	0
rg01_theta12p490_foil0	0	3	2	7	790	28	158	127	480	0	0
rg01_theta12p490_foil0	0	3	3	1	326	29	66	53	167	0	0
rg01_theta12p490_foil0	0	3	3	2	689	28	138	116	407	0	0
rg01_theta12p490_foil0	0	3	3	3	1081	29	217	178	637	0	0
rg01_theta12p490_foil0	0	3	3	4	1577	29	316	247	946	0	0
rg01_theta12p490_foil0	0	3	3	5	2181	28	437	342	1324	0	0
rg01_theta12p490_foil0	0	3	3	6	2965	28	593	455	1827	0	0
rg01_theta12p490_foil0	0	3	3	7	1843	28	369	273	1135	0	0
rg01_theta12p490_foil0	0	3	4	1	325	29	65	47	172	0	0
rg01_theta12p490_foil0	0	3	4	2	737	29	148	114	442	0	0
rg01_theta12p490_foil0	0	3	4	3	1209	29	242	182	722	0	0
rg01_theta12p490_foil0	0	3	4	4	483	28	97	77	267	0	0
rg01_theta12p490_foil0	0	3	4	5	2385	28	477	381	1464	0	0
rg01_theta12p490_foil0	0	3	4	6	3172	29	635	485	1906	0	0
rg01_theta12p490_foil0	0	3	4	7	2180	29	436	350	1368	0	0
rg01_theta12p490_foil0	0	3	5	1	234	28	47	36	107	0	0
rg01_theta12p490_foil0	0	3	5	2	659	29	132	94	371	0	0
rg01_theta12p490_foil0	0	3	5	3	1007	29	202	159	575	0	0
rg01_theta12p490_foil0	0	3	5	4	1541	29	309	241	936	0	0
rg01_theta12p490_foil0	0	3	5	5	37	0	8	0	0	37	0
rg01_theta12p490_foil0	0	3	5	6	3040	29	608	478	1860	0	0
rg01_theta12p490_foil0	0	3	5	7	1594	29	319	259	977	0	0
rg01_theta12p490_foil0	0	3	6	1	117	28	24	20	48	0	0
rg01_theta12p490_foil0	0	3	6	2	617	28	124	108	364	0	0
rg01_theta12p490_foil0	0	3	6	3	887	29	178	144	527	0	0
rg01_theta12p490_foil0	0	3	6	4	1315	28	263	211	790	0	0
rg01_theta12p490_foil0	0	3	6	5	1814	28	363	289	1092	0	0
rg01_theta12p490_foil0	0	3	6	6	2502	28	501	393	1503	0	0
rg01_theta12p490_foil0	0	3	6	7	680	28	136	111	419	0	0
rg01_theta12p490_foil0	0	3	7	1	3	0	1	0	0	3	0
rg01_theta12p490_foil0	0	3	7	2	425	28	85	64	236	0	0
rg01_theta12p490_foil0	0	3	7	3	684	29	137	111	408	0	0
rg01_theta12p490_foil0	0	3	7	4	1030	29	206	165	584	0	0
rg01_theta12p490_foil0	0	3	7	5	1452	28	291	226	863	0	0
rg01_theta12p490_foil0	0	3	7	6	1926	29	386	305	1210	0	0
rg01_theta12p490_foil0	0	3	7	7	15	0	3	0	0	15	0
rg01_theta12p490_foil0	0	3	8	1	1	0	1	0	0	1	0
rg01_theta12p490_foil0	0	3	8	2	166	29	34	26	79	0	0
rg01_theta12p490_foil0	0	3	8	3	481	28	97	73	280	0	0
rg01_theta12p490_foil0	0	3	8	4	674	28	135	111	397	0	0
rg01_theta12p490_foil0	0	3	8	5	1047	28	210	177	622	0	0
rg01_theta12p490_foil0	0	3	8	6	364	29	73	58	189	0	0
rg01_theta12p490_foil0	0	3	8	7	2	0	1	0	0	2	0
rg01_theta12p490_foil0	0	4	0	2	54	35	11	9	0	0	0
rg01_theta12p490_foil0	0	4	0	3	284	38	57	43	144	0	0
rg01_theta12p490_foil0	0	4	0	4	447	38	90	67	241	0	0
rg01_theta12p490_foil0	0	4	0	5	701	38	141	109	406	0	0
rg01_theta12p490_foil0	0	4	0	6	23	13	5	5	0	0	0
rg01_theta12p490_foil0	0	4	1	1	1	0	1	0	0	1	0
rg01_theta12p490_foil0	0	4	1	2	268	38	54	43	131	0	0
rg01_theta12p490_foil0	0	4	1	3	436	38	88	70	234	0	0
rg01_theta12p490_foil0	0	4	1	4	651	38	131	98	376	0	0
rg01_theta12p490_foil0	0	4	1	5	1004	38	201	158	593	0	0
rg01_theta12p490_foil0	0	4	1	6	1384	38	277	223	832	0	0
rg01_theta12p490_foil0	0	4	1	7	3	0	1	0	0	3	0
rg01_theta12p490_foil0	0	4	2	1	105	38	21	16	25	0	0
rg01_theta12p490_foil0	0	4	2	2	313	39	63	45	157	0	0
rg01_theta12p490_foil0	0	4	2	3	7	0	2	0	0	7	0
rg01_theta12p490_foil0	0	4	2	4	866	39	174	142	497	0	0
rg01_theta12p490_foil0	0	4	2	5	1195	38	239	190	716	0	0
rg01_theta12p490_foil0	0	4	2	6	1837	38	368	280	1112	0	0
rg01_theta12p490_foil0	0	4	2	7	1013	38	203	160	621	0	0
rg01_theta12p490_foil0	0	4	3	1	192	38	39	34	79	0	0
rg01_theta12p490_foil0	0	4	3	2	380	38	76	63	191	0	0
rg01_theta12p490_foil0	0	4	3	3	652	38	131	91	364	0	0
rg01_theta12p490_foil0	0	4	3	4	1014	38	203	167	591	0	0
rg01_theta12p490_foil0	0	4	3	5	1481	38	297	233	885	0	0
rg01_theta12p490_foil0	0	4	3	6	2131	39	427	324	1307	0	0
rg01_theta12p490_foil0	0	4	3	7	2213	38	443	348	1392	0	0
rg01_theta12p490_foil0	0	4	4	1	187	38	38	32	63	0	0
rg01_theta12p490_foil0	0	4	4	2	419	38	84	68	220	0	0
rg01_theta12p490_foil0	0	4	4	3	677	39	136	97	379	0	0
rg01_theta12p490_foil0	0	4	4	4	284	38	57	46	149	0	0
rg01_theta12p490_foil0	0	4	4	5	1629	38	326	257	979	0	0
rg01_theta12p490_foil0	0	4	4	6	2364	39	473	366	1441	0	0
rg01_theta12p490_foil0	0	4	4	7	2482	39	497	378	1544	0	0
rg01_theta12p490_foil0	0	4	5	1	185	38	37	26	80	0	0
rg01_theta12p490_foil0	0	4	5	2	343	38	69	51	183	0	0
rg01_theta12p490_foil0	0	4	5	3	611	38	123	97	349	0	0
rg01_theta12p490_foil0	0	4	5	4	1009	38	202	159	567	0	0
rg01_theta12p490_foil0	0	4	5	5	13	0	3	0	0	13	0
rg01_theta12p490_foil0	0	4	5	6	2060	38	412	331	1254	0	0
rg01_theta12p490_foil0	0	4	5	7	1982	38	397	336	1229	0	0
rg01_theta12p490_foil0	0	4	6	1	103	38	21	17	26	0	0
rg01_theta12p490_foil0	0	4	6	2	301	38	61	48	152	0	0
rg01_theta12p490_foil0	0	4	6	3	490	39	98	75	280	0	0
rg01_theta12p490_foil0	0	4	6	4	793	38	159	125	459	0	0
rg01_theta12p490_foil0	0	4	6	5	1213	38	243	185	706	0	0
rg01_theta12p490_foil0	0	4	6	6	1784	38	357	286	1065	0	0
rg01_theta12p490_foil0	0	4	6	7	882	38	177	141	512	0	0
rg01_theta12p490_foil0	0	4	7	2	151	38	31	22	59	0	0
rg01_theta12p490_foil0	0	4	7	3	362	38	73	55	190	0	0
rg01_theta12p490_foil0	0	4	7	4	561	38	113	93	318	0	0
rg01_theta12p490_foil0	0	4	7	5	982	38	197	153	578	0	0
rg01_theta12p490_foil0	0	4	7	6	1491	38	299	256	914	0	0
rg01_theta12p490_foil0	0	4	7	7	4	0	1	0	0	4	0
rg01_theta12p490_foil0	0	4	8	1	1	0	1	0	0	1	0
rg01_theta12p490_foil0	0	4	8	2	9	0	2	0	0	9	0
rg01_theta12p490_foil0	0	4	8	3	230	38	46	32	93	0	0
rg01_theta12p490_foil0	0	4	8	4	396	38	80	62	195	0	0
rg01_theta12p490_foil0	0	4	8	5	686	38	138	102	361	0	0
rg01_theta12p490_foil0	0	4	8	6	64	38	13	8	0	0	0
rg02_theta15p195_foil0	0	0	0	2	29	19	6	3	0	0	0
rg02_theta15p195_foil0	0	0	0	3	41	24	9	5	0	0	0
rg02_theta15p195_foil0	0	0	0	4	53	32	11	8	0	0	0
rg02_theta15p195_foil0	0	0	0	5	44	24	9	7	0	0	0
rg02_theta15p195_foil0	0	0	0	6	21	13	5	3	0	0	0
rg02_theta15p195_foil0	0	0	1	2	44	18	9	5	0	0	0
rg02_theta15p195_foil0	0	0	1	3	64	29	13	12	0	0	0
rg02_theta15p195_foil0	0	0	1	4	88	36	18	11	17	0	0
rg02_theta15p195_foil0	0	0	1	5	86	36	18	13	17	0	0
rg02_theta15p195_foil0	0	0	1	6	65	33	13	10	0	0	0
rg02_theta15p195_foil0	0	0	2	2	42	21	9	3	0	0	0
rg02_theta15p195_foil0	0	0	2	3	7	0	2	0	0	7	0
rg02_theta15p195_foil0	0	0	2	4	98	35	20	11	21	0	0
rg02_theta15p195_foil0	0	0	2	5	113	35	23	12	29	0	0
rg02_theta15p195_foil0	0	0	2	6	124	36	25	20	35	0	0
rg02_theta15p195_foil0	0	0	3	2	45	21	9	6	0	0	0
rg02_theta15p195_foil0	0	0	3	3	81	36	17	16	17	0	0
rg02_theta15p195_foil0	0	0	3	4	103	36	21	14	27	0	0
rg02_theta15p195_foil0	0	0	3	5	157	36	32	25	61	0	0
rg02_theta15p195_foil0	0	0	3	6	161	36	33	22	56	0	0
rg02_theta15p195_foil0	0	0	4	2	48	25	10	8	0	0	0
rg02_theta15p195_foil0	0	0	4	3	79	36	16	9	13	0	0
rg02_theta15p195_foil0	0	0	4	4	36	24	8	6	0	0	0
rg02_theta15p195_foil0	0	0	4	5	158	36	32	24	61	0	0
rg02_theta15p195_foil0	0	0	4	6	179	35	36	29	60	0	0
rg02_theta15p195_foil0	0	0	5	2	27	16	6	6	0	0	0
rg02_theta15p195_foil0	0	0	5	3	75	36	15	11	10	0	0
rg02_theta15p195_foil0	0	0	5	4	110	36	22	18	34	0	0
rg02_theta15p195_foil0	0	0	5	5	7	0	2	0	0	7	0
rg02_theta15p195_foil0	0	0	5	6	159	36	32	27	59	0	0
rg02_theta15p195_foil0	0	0	6	2	14	9	3	3	0	0	0
rg02_theta15p195_foil0	0	0	6	3	49	30	10	7	0	0	0
rg02_theta15p195_foil0	0	0	6	4	77	35	16	11	12	0	0
rg02_theta15p195_foil0	0	0	6	5	96	36	20	17	22	0	0
rg02_theta15p195_foil0	0	0	6	6	170	36	34	24	64	0	0
rg02_theta15p195_foil0	0	0	7	2	12	0	3	0	0	12	0
rg02_theta15p195_foil0	0	0	7	3	33	24	7	7	0	0	0
rg02_theta15p195_foil0	0	0	7	4	56	36	12	9	0	0	0
rg02_theta15p195_foil0	0	0	7	5	67	36	14	13	4	0	0
rg02_theta15p195_foil0	0	0	7	6	103	36	21	15	24	0	0
rg02_theta15p195_foil0	0	0	8	2	12	0	3	0	0	12	0
rg02_theta15p195_foil0	0	0	8	3	20	12	4	3	0	0	0
rg02_theta15p195_foil0	0	0	8	4	24	14	5	3	0	0	0
rg02_theta15p195_foil0	0	0	8	5	44	29	9	6	0	0	0
rg02_theta15p195_foil0	0	0	8	6	63	36	13	11	2	0	0
rg02_theta15p195_foil0	0	1	0	2	34	23	7	6	0	0	0
rg02_theta15p195_foil0	0	1	0	3	55	30	11	8	0	0	0
rg02_theta15p195_foil0	0	1	0	4	72	30	15	14	16	0	0
rg02_theta15p195_foil0	0	1	0	5	100	30	20	14	32	0	0
rg02_theta15p195_foil0	0	1	0	6	49	29	10	8	0	0	0
rg02_theta15p195_foil0	0	1	1	2	47	30	10	7	1	0	0
rg02_theta15p195_foil0	0	1	1	3	87	30	18	12	25	0	0
rg02_theta15p195_foil0	0	1	1	4	105	30	21	16	36	0	0
rg02_theta15p195_foil0	0	1	1	5	152	30	31	24	69	0	0
rg02_theta15p195_foil0	0	1	1	6	148	30	30	24	63	0	0
rg02_theta15p195_foil0	0	1	1	7	1	0	1	0	0	1	0
rg02_theta15p195_foil0	0	1	2	1	9	0	2	0	0	9	0
rg02_theta15p195_foil0	0	1	2	2	73	30	15	13	17	0	0
rg02_theta15p195_foil0	0	1	2	3	2	0	1	0	0	2	0
rg02_theta15p195_foil0	0	1	2	4	145	30	29	22	65	0	0
rg02_theta15p195_foil0	0	1	2	5	182	29	37	30	92	0	0
rg02_theta15p195_foil0	0	1	2	6	261	30	53	35	134	0	0
rg02_theta15p195_foil0	0	1	2	7	2	0	1	0	0	2	0
rg02_theta15p195_foil0	0	1	3	1	7	0	2	0	0	7	0
rg02_theta15p195_foil0	0	1	3	2	67	30	14	11	12	0	0
rg02_theta15p195_foil0	0	1	3	3	116	30	24	20	45	0	0
rg02_theta15p195_foil0	0	1	3	4	148	30	30	25	62	0	0
rg02_theta15p195_foil0	0	1	3	5	204	30	41	35	102	0	0
rg02_theta15p195_foil0	0	1	3	6	240	30	48	43	130	0	0
rg02_theta15p195_foil0	0	1	3	7	12	0	3	0	0	12	0
rg02_theta15p195_foil0	0	1	4	1	10	0	2	0	0	10	0
rg02_theta15p195_foil0	0	1	4	2	69	30	14	12	10	0	0
rg02_theta15p195_foil0	0	1	4	3	136	29	28	22	62	0	0
rg02_theta15p195_foil0	0	1	4	4	46	29	10	7	0	0	0
rg02_theta15p195_foil0	0	1	4	5	217	30	44	35	109	0	0
rg02_theta15p195_foil0	0	1	4	6	300	30	60	45	159	0	0
rg02_theta15p195_foil0	0	1	4	7	12	0	3	0	0	12	0
rg02_theta15p195_foil0	0	1	5	1	6	0	2	0	0	6	0
rg02_theta15p195_foil0	0	1	5	2	57	30	12	11	6	0	0
rg02_theta15p195_foil0	0	1	5	3	104	30	21	19	39	0	0
rg02_theta15p195_foil0	0	1	5	4	139	30	28	22	63	0	0
rg02_theta15p195_foil0	0	1	5	5	3	0	1	0	0	3	0
rg02_theta15p195_foil0	0	1	5	6	290	30	58	48	151	0	0
rg02_theta15p195_foil0	0	1	5	7	9	0	2	0	0	9	0
rg02_theta15p195_foil0	0	1	6	1	1	0	1	0	0	1	0
rg02_theta15p195_foil0	0	1	6	2	39	27	8	6	0	0	0
rg02_theta15p195_foil0	0	1	6	3	113	30	23	20	44	0	0
rg02_theta15p195_foil0	0	1	6	4	147	30	30	22	68	0	0
rg02_theta15p195_foil0	0	1	6	5	166	30	34	28	82	0	0
rg02_theta15p195_foil0	0	1	6	6	276	30	56	48	153	0	0
rg02_theta15p195_foil0	0	1	6	7	2	0	1	0	0	2	0
rg02_theta15p195_foil0	0	1	7	2	40	24	8	6	0	0	0
rg02_theta15p195_foil0	0	1	7	3	68	30	14	11	13	0	0
rg02_theta15p195_foil0	0	1	7	4	112	30	23	17	40	0	0
rg02_theta15p195_foil0	0	1	7	5	161	30	33	24	71	0	0
rg02_theta15p195_foil0	0	1	7	6	187	30	38	34	92	0	0
rg02_theta15p195_foil0	0	1	8	2	18	11	4	4	0	0	0
rg02_theta15p195_foil0	0	1	8	3	42	24	9	8	0	0	0
rg02_theta15p195_foil0	0	1	8	4	68	30	14	11	14	0	0
rg02_theta15p195_foil0	0	1	8	5	101	30	21	20	35	0	0
rg02_theta15p195_foil0	0	1	8	6	84	30	17	13	26	0	0
rg02_theta15p195_foil0	0	2	0	2	28	16	6	5	0	0	0
rg02_theta15p195_foil0	0	2	0	3	69	27	14	10	15	0	0
rg02_theta15p195_foil0	0	2	0	4	105	27	21	18	44	0	0
rg02_theta15p195_foil0	0	2	0	5	156	27	32	25	75	0	0
rg02_theta15p195_foil0	0	2	0	6	72	27	15	13	21	0	0
rg02_theta15p195_foil0	0	2	1	2	50	27	10	6	7	0	0
rg02_theta15p195_foil0	0	2	1	3	94	27	19	14	32	0	0
rg02_theta15p195_foil0	0	2	1	4	156	28	32	24	70	0	0
rg02_theta15p195_foil0	0	2	1	5	225	27	45	38	117	0	0
rg02_theta15p195_foil0	0	2	1	6	254	27	51	34	126	0	0
rg02_theta15p195_foil0	0	2	2	1	12	0	3	0	0	12	0
rg02_theta15p195_foil0	0	2	2	2	70	27	14	12	22	0	0
rg02_theta15p195_foil0	0	2	2	3	5	0	1	0	0	5	0
rg02_theta15p195_foil0	0	2	2	4	207	27	42	30	103	0	0
rg02_theta15p195_foil0	0	2	2	5	288	27	58	49	160	0	0
rg02_theta15p195_foil0	0	2	2	6	351	27	71	55	199	0	0
rg02_theta15p195_foil0	0	2	2	7	24	15	5	4	0	0	0
rg02_theta15p195_foil0	0	2	3	1	16	11	4	4	0	0	0
rg02_theta15p195_foil0	0	2	3	2	77	27	16	14	20	0	0
rg02_theta15p195_foil0	0	2	3	3	156	27	32	21	74	0	0
rg02_theta15p195_foil0	0	2	3	4	230	27	46	36	122	0	0
rg02_theta15p195_foil0	0	2	3	5	320	27	64	47	187	0	0
rg02_theta15p195_foil0	0	2	3	6	447	27	90	75	268	0	0
rg02_theta15p195_foil0	0	2	3	7	99	27	20	18	45	0	0
rg02_theta15p195_foil0	0	2	4	1	21	15	5	4	0	0	0
rg02_theta15p195_foil0	0	2	4	2	79	27	16	15	19	0	0
rg02_theta15p195_foil0	0	2	4	3	155	27	31	24	71	0	0
rg02_theta15p195_foil0	0	2	4	4	75	27	15	11	20	0	0
rg02_theta15p195_foil0	0	2	4	5	383	27	77	59	219	0	0
rg02_theta15p195_foil0	0	2	4	6	464	27	93	78	281	0	0
rg02_theta15p195_foil0	0	2	4	7	109	27	22	21	52	0	0
rg02_theta15p195_foil0	0	2	5	1	22	16	5	5	0	0	0
rg02_theta15p195_foil0	0	2	5	2	92	27	19	16	33	0	0
rg02_theta15p195_foil0	0	2	5	3	133	27	27	23	60	0	0
rg02_theta15p195_foil0	0	2	5	4	236	27	48	37	124	0	0
rg02_theta15p195_foil0	0	2	5	5	5	0	1	0	0	5	0
rg02_theta15p195_foil0	0	2	5	6	445	27	89	82	271	0	0
rg02_theta15p195_foil0	0	2	5	7	72	27	15	14	24	0	0
rg02_theta15p195_foil0	0	2	6	1	20	15	4	3	0	0	0
rg02_theta15p195_foil0	0	2	6	2	76	28	16	13	22	0	0
rg02_theta15p195_foil0	0	2	6	3	118	27	24	17	46	0	0
rg02_theta15p195_foil0	0	2	6	4	194	28	39	27	93	0	0
rg02_theta15p195_foil0	0	2	6	5	260	27	52	42	144	0	0
rg02_theta15p195_foil0	0	2	6	6	397	27	80	68	237	0	0
rg02_theta15p195_foil0	0	2	6	7	13	7	3	3	0	0	0
rg02_theta15p195_foil0	0	2	7	2	41	27	9	9	3	0	0
rg02_theta15p195_foil0	0	2	7	3	89	28	18	13	32	0	0
rg02_theta15p195_foil0	0	2	7	4	133	27	27	22	58	0	0
rg02_theta15p195_foil0	0	2	7	5	223	27	45	37	113	0	0
rg02_theta15p195_foil0	0	2	7	6	276	27	56	47	159	0	0
rg02_theta15p195_foil0	0	2	8	2	33	23	7	7	0	0	0
rg02_theta15p195_foil0	0	2	8	3	76	27	16	14	22	0	0
rg02_theta15p195_foil0	0	2	8	4	101	27	21	14	39	0	0
rg02_theta15p195_foil0	0	2	8	5	156	27	32	25	82	0	0
rg02_theta15p195_foil0	0	2	8	6	90	27	18	17	32	0	0
rg02_theta15p195_foil0	0	3	0	2	12	0	3	0	0	12	0
rg02_theta15p195_foil0	0	3	0	3	33	21	7	5	0	0	0
rg02_theta15p195_foil0	0	3	0	4	59	29	12	10	4	0	0
rg02_theta15p195_foil0	0	3	0	5	102	29	21	19	32	0	0
rg02_theta15p195_foil0	0	3	0	6	14	7	3	2	0	0	0
rg02_theta15p195_foil0	0	3	0	7	1	0	1	0	0	1	0
rg02_theta15p195_foil0	0	3	1	2	20	14	4	3	0	0	0
rg02_theta15p195_foil0	0	3	1	3	38	28	8	7	0	0	0
rg02_theta15p195_foil0	0	3	1	4	90	28	18	17	26	0	0
rg02_theta15p195_foil0	0	3	1	5	106	29	22	15	41	0	0
rg02_theta15p195_foil0	0	3	1	6	203	28	41	37	101	0	0
rg02_theta15p195_foil0	0	3	1	7	1	0	1	0	0	1	0
rg02_theta15p195_foil0	0	3	2	1	7	0	2	0	0	7	0
rg02_theta15p195_foil0	0	3	2	2	35	23	7	4	0	0	0
rg02_theta15p195_foil0	0	3	2	3	1	0	1	0	0	1	0
rg02_theta15p195_foil0	0	3	2	4	104	29	21	17	35	0	0
rg02_theta15p195_foil0	0	3	2	5	172	28	35	27	78	0	0
rg02_theta15p195_foil0	0	3	2	6	280	28	56	45	144	0	0
rg02_theta15p195_foil0	0	3	2	7	81	29	17	12	24	0	0
rg02_theta15p195_foil0	0	3	3	1	18	12	4	2	0	0	0
rg02_theta15p195_foil0	0	3	3	2	50	28	10	7	5	0	0
rg02_theta15p195_foil0	0	3	3	3	102	29	21	13	30	0	0
rg02_theta15p195_foil0	0	3	3	4	126	29	26	21	47	0	0
rg02_theta15p195_foil0	0	3	3	5	202	29	41	34	94	0	0
rg02_theta15p195_foil0	0	3	3	6	291	28	59	42	155	0	0
rg02_theta15p195_foil0	0	3	3	7	183	28	37	32	91	0	0
rg02_theta15p195_foil0	0	3	4	1	23	14	5	4	0	0	0
rg02_theta15p195_foil0	0	3	4	2	41	27	9	7	0	0	0
rg02_theta15p195_foil0	0	3	4	3	94	28	19	14	34	0	0
rg02_theta15p195_foil0	0	3	4	4	39	27	8	5	0	0	0
rg02_theta15p195_foil0	0	3	4	5	218	28	44	35	113	0	0
rg02_theta15p195_foil0	0	3	4	6	346	29	70	54	183	0	0
rg02_theta15p195_foil0	0	3	4	7	223	29	45	39	115	0	0
rg02_theta15p195_foil0	0	3	5	1	12	0	3	0	0	12	0
rg02_theta15p195_foil0	0	3	5	2	45	28	9	6	0	0	0
rg02_theta15p195_foil0	0	3	5	3	72	28	15	10	23	0	0
rg02_theta15p195_foil0	0	3	5	4	121	28	25	23	53	0	0
rg02_theta15p195_foil0	0	3	5	5	5	0	1	0	0	5	0
rg02_theta15p195_foil0	0	3	5	6	281	28	57	45	144	0	0
rg02_theta15p195_foil0	0	3	5	7	157	28	32	25	73	0	0
rg02_theta15p195_foil0	0	3	6	1	6	0	2	0	0	6	0
rg02_theta15p195_foil0	0	3	6	2	24	15	5	4	0	0	0
rg02_theta15p195_foil0	0	3	6	3	60	29	12	9	8	0	0
rg02_theta15p195_foil0	0	3	6	4	98	28	20	17	32	0	0
rg02_theta15p195_foil0	0	3	6	5	171	28	35	30	82	0	0
rg02_theta15p195_foil0	0	3	6	6	296	29	60	50	150	0	0
rg02_theta15p195_foil0	0	3	6	7	54	28	11	5	8	0	0
rg02_theta15p195_foil0	0	3	7	2	35	21	7	5	0	0	0
rg02_theta15p195_foil0	0	3	7	3	41	23	9	8	0	0	0
rg02_theta15p195_foil0	0	3	7	4	76	28	16	13	20	0	0
rg02_theta15p195_foil0	0	3	7	5	126	28	26	20	52	0	0
rg02_theta15p195_foil0	0	3	7	6	180	29	36	27	90	0	0
rg02_theta15p195_foil0	0	3	7	7	3	0	1	0	0	3	0
rg02_theta15p195_foil0	0	3	8	2	8	0	2	0	0	8	0
rg02_theta15p195_foil0	0	3	8	3	30	18	6	5	0	0	0
rg02_theta15p195_foil0	0	3	8	4	53	28	11	8	4	0	0
rg02_theta15p195_foil0	0	3	8	5	114	29	23	20	42	0	0
rg02_theta15p195_foil0	0	3	8	6	19	13	4	3	0	0	0
rg02_theta15p195_foil0	0	4	0	2	1	0	1	0	0	1	0
rg02_theta15p195_foil0	0	4	0	3	5	0	1	0	0	5	0
rg02_theta15p195_foil0	0	4	0	4	28	21	6	5	0	0	0
rg02_theta15p195_foil0	0	4	0	5	33	23	7	6	0	0	0
rg02_theta15p195_foil0	0	4	0	6	2	0	1	0	0	2	0
rg02_theta15p195_foil0	0	4	1	2	6	0	2	0	0	6	0
rg02_theta15p195_foil0	0	4	1	3	16	11	4	4	0	0	0
rg02_theta15p195_foil0	0	4	1	4	31	22	7	4	0	0	0
rg02_theta15p195_foil0	0	4	1	5	50	27	10	7	10	0	0
rg02_theta15p195_foil0	0	4	1	6	84	27	17	12	31	0	0
rg02_theta15p195_foil0	0	4	2	2	9	0	2	0	0	9	0
rg02_theta15p195_foil0	0	4	2	4	37	22	8	5	0	0	0
rg02_theta15p195_foil0	0	4	2	5	69	27	14	9	19	0	0
rg02_theta15p195_foil0	0	4	2	6	110	27	22	17	43	0	0
rg02_theta15p195_foil0	0	4	2	7	59	27	12	11	11	0	0
rg02_theta15p195_foil0	0	4	3	2	12	0	3	0	0	12	0
rg02_theta15p195_foil0	0	4	3	3	20	15	4	4	0	0	0
rg02_theta15p195_foil0	0	4	3	4	40	25	8	6	0	0	0
rg02_theta15p195_foil0	0	4	3	5	73	27	15	12	22	0	0
rg02_theta15p195_foil0	0	4	3	6	160	27	32	27	75	0	0
rg02_theta15p195_foil0	0	4	3	7	145	27	29	26	71	0	0
rg02_theta15p195_foil0	0	4	4	2	17	10	4	3	0	0	0
rg02_theta15p195_foil0	0	4	4	3	22	16	5	4	0	0	0
rg02_theta15p195_foil0	0	4	4	4	9	0	2	0	0	9	0
rg02_theta15p195_foil0	0	4	4	5	92	27	19	17	31	0	0
rg02_theta15p195_foil0	0	4	4	6	158	27	32	28	81	0	0
rg02_theta15p195_foil0	0	4	4	7	182	27	37	28	91	0	0
rg02_theta15p195_foil0	0	4	5	2	14	7	3	2	0	0	0
rg02_theta15p195_foil0	0	4	5	3	24	15	5	5	0	0	0
rg02_theta15p195_foil0	0	4	5	4	45	27	9	6	1	0	0
rg02_theta15p195_foil0	0	4	5	6	181	27	37	28	95	0	0
rg02_theta15p195_foil0	0	4	5	7	144	27	29	25	62	0	0
rg02_theta15p195_foil0	0	4	6	2	8	0	2	0	0	8	0
rg02_theta15p195_foil0	0	4	6	3	17	9	4	2	0	0	0
rg02_theta15p195_foil0	0	4	6	4	35	25	7	5	0	0	0
rg02_theta15p195_foil0	0	4	6	5	51	27	11	10	5	0	0
rg02_theta15p195_foil0	0	4	6	6	138	27	28	24	66	0	0
rg02_theta15p195_foil0	0	4	6	7	53	27	11	9	7	0	0
rg02_theta15p195_foil0	0	4	7	3	17	10	4	3	0	0	0
rg02_theta15p195_foil0	0	4	7	4	27	15	6	6	0	0	0
rg02_theta15p195_foil0	0	4	7	5	66	27	14	12	11	0	0
rg02_theta15p195_foil0	0	4	7	6	113	27	23	19	44	0	0
rg02_theta15p195_foil0	0	4	8	3	10	0	2	0	0	10	0
rg02_theta15p195_foil0	0	4	8	4	12	0	3	0	0	12	0
rg02_theta15p195_foil0	0	4	8	5	45	27	9	7	2	0	0
rg02_theta15p195_foil0	0	4	8	6	5	0	1	0	0	5	0
rg03_theta12p490_foilpm8	0	0	0	1	3	0	1	0	0	3	0
rg03_theta12p490_foilpm8	0	0	0	2	52	0	11	0	0	52	0
rg03_theta12p490_foilpm8	0	0	0	3	78	21	16	6	0	0	0
rg03_theta12p490_foilpm8	0	0	0	4	98	34	20	13	22	0	0
rg03_theta12p490_foilpm8	0	0	0	5	41	13	9	5	0	0	0
rg03_theta12p490_foilpm8	0	0	0	6	3	0	1	0	0	3	0
rg03_theta12p490_foilpm8	0	0	1	1	19	6	4	1	0	0	0
rg03_theta12p490_foilpm8	0	0	1	2	48	0	10	0	0	48	0
rg03_theta12p490_foilpm8	0	0	1	3	101	34	21	14	27	0	0
rg03_theta12p490_foilpm8	0	0	1	4	144	34	29	21	56	0	0
rg03_theta12p490_foilpm8	0	0	1	5	89	34	18	12	16	0	0
rg03_theta12p490_foilpm8	0	0	1	6	2	0	1	0	0	2	0
rg03_theta12p490_foilpm8	0	0	2	1	38	15	8	4	0	0	0
rg03_theta12p490_foilpm8	0	0	2	2	77	32	16	10	0	0	0
rg03_theta12p490_foilpm8	0	0	2	3	18	0	4	0	0	18	0
rg03_theta12p490_foilpm8	0	0	2	4	160	34	32	19	48	0	0
rg03_theta12p490_foilpm8	0	0	2	5	140	35	28	14	34	0	0
rg03_theta12p490_foilpm8	0	0	2	6	21	7	5	2	0	0	0
rg03_theta12p490_foilpm8	0	0	3	1	37	17	8	2	0	0	0
rg03_theta12p490_foilpm8	0	0	3	2	95	34	19	12	21	0	0
rg03_theta12p490_foilpm8	0	0	3	3	141	34	29	21	39	0	0
rg03_theta12p490_foilpm8	0	0	3	4	167	34	34	20	62	0	0
rg03_theta12p490_foilpm8	0	0	3	5	187	34	38	25	82	0	0
rg03_theta12p490_foilpm8	0	0	3	6	54	26	11	4	0	0	0
rg03_theta12p490_foilpm8	0	0	4	1	44	23	9	6	0	0	0
rg03_theta12p490_foilpm8	0	0	4	2	151	35	31	18	46	0	0
rg03_theta12p490_foilpm8	0	0	4	3	176	35	36	27	66	0	0
rg03_theta12p490_foilpm8	0	0	4	4	66	27	14	6	0	0	0
rg03_theta12p490_foilpm8	0	0	4	5	208	34	42	27	74	0	0
rg03_theta12p490_foilpm8	0	0	4	6	179	34	36	21	46	0	0
rg03_theta12p490_foilpm8	0	0	5	1	31	14	7	2	0	0	0
rg03_theta12p490_foilpm8	0	0	5	2	90	35	18	9	21	0	0
rg03_theta12p490_foilpm8	0	0	5	3	158	35	32	13	62	0	0
rg03_theta12p490_foilpm8	0	0	5	4	153	34	31	22	61	0	0
rg03_theta12p490_foilpm8	0	0	5	5	32	0	7	0	0	32	0
rg03_theta12p490_foilpm8	0	0	5	6	156	34	32	27	56	0	0
rg03_theta12p490_foilpm8	0	0	6	1	14	7	3	1	0	0	0
rg03_theta12p490_foilpm8	0	0	6	2	72	34	15	5	2	0	0
rg03_theta12p490_foilpm8	0	0	6	3	148	34	30	16	39	0	0
rg03_theta12p490_foilpm8	0	0	6	4	157	34	32	23	54	0	0
rg03_theta12p490_foilpm8	0	0	6	5	162	34	33	23	62	0	0
rg03_theta12p490_foilpm8	0	0	6	6	168	34	34	26	64	0	0
rg03_theta12p490_foilpm8	0	0	7	1	1	0	1	0	0	1	0
rg03_theta12p490_foilpm8	0	0	7	2	38	22	8	6	0	0	0
rg03_theta12p490_foilpm8	0	0	7	3	64	34	13	8	2	0	0
rg03_theta12p490_foilpm8	0	0	7	4	106	34	22	17	35	0	0
rg03_theta12p490_foilpm8	0	0	7	5	145	34	29	23	57	0	0
rg03_theta12p490_foilpm8	0	0	7	6	103	34	21	18	32	0	0
rg03_theta12p490_foilpm8	0	0	8	2	12	0	3	0	0	12	0
rg03_theta12p490_foilpm8	0	0	8	3	17	12	4	2	0	0	0
rg03_theta12p490_foilpm8	0	0	8	4	57	34	12	10	3	0	0
rg03_theta12p490_foilpm8	0	0	8	5	70	34	14	13	9	0	0
rg03_theta12p490_foilpm8	0	0	8	6	6	0	2	0	0	6	0
rg03_theta12p490_foilpm8	0	1	0	1	2	0	1	0	0	2	0
rg03_theta12p490_foilpm8	0	1	0	2	70	20	14	9	15	0	0
rg03_theta12p490_foilpm8	0	1	0	3	106	20	22	13	44	0	0
rg03_theta12p490_foilpm8	0	1	0	4	133	20	27	21	49	0	0
rg03_theta12p490_foilpm8	0	1	0	5	98	19	20	13	31	0	0
rg03_theta12p490_foilpm8	0	1	0	6	4	0	1	0	0	4	0
rg03_theta12p490_foilpm8	0	1	1	1	64	19	13	7	15	0	0
rg03_theta12p490_foilpm8	0	1	1	2	99	20	20	10	29	0	0
rg03_theta12p490_foilpm8	0	1	1	3	193	20	39	28	89	0	0
rg03_theta12p490_foilpm8	0	1	1	4	235	20	47	30	104	0	0
rg03_theta12p490_foilpm8	0	1	1	5	185	20	37	30	77	0	0
rg03_theta12p490_foilpm8	0	1	1	6	27	12	6	3	0	0	0
rg03_theta12p490_foilpm8	0	1	2	1	83	19	17	6	28	0	0
rg03_theta12p490_foilpm8	0	1	2	2	146	19	30	21	65	0	0
rg03_theta12p490_foilpm8	0	1	2	3	22	0	5	0	0	22	0
rg03_theta12p490_foilpm8	0	1	2	4	235	20	47	29	114	0	0
rg03_theta12p490_foilpm8	0	1	2	5	267	20	54	39	131	0	0
rg03_theta12p490_foilpm8	0	1	2	6	92	20	19	10	25	0	0
rg03_theta12p490_foilpm8	0	1	3	1	98	20	20	14	28	0	0
rg03_theta12p490_foilpm8	0	1	3	2	171	20	35	27	83	0	0
rg03_theta12p490_foilpm8	0	1	3	3	223	20	45	31	101	0	0
rg03_theta12p490_foilpm8	0	1	3	4	293	19	59	50	157	0	0
rg03_theta12p490_foilpm8	0	1	3	5	323	20	65	44	174	0	0
rg03_theta12p490_foilpm8	0	1	3	6	232	20	47	28	115	0	0
rg03_theta12p490_foilpm8	0	1	4	1	87	20	18	9	29	0	0
rg03_theta12p490_foilpm8	0	1	4	2	191	19	39	28	96	0	0
rg03_theta12p490_foilpm8	0	1	4	3	230	20	46	37	126	0	0
rg03_theta12p490_foilpm8	0	1	4	4	73	20	15	12	26	0	0
rg03_theta12p490_foilpm8	0	1	4	5	351	19	71	59	210	0	0
rg03_theta12p490_foilpm8	0	1	4	6	325	20	65	53	175	0	0
rg03_theta12p490_foilpm8	0	1	5	1	89	20	18	11	25	0	0
rg03_theta12p490_foilpm8	0	1	5	2	172	20	35	26	82	0	0
rg03_theta12p490_foilpm8	0	1	5	3	224	20	45	32	121	0	0
rg03_theta12p490_foilpm8	0	1	5	4	257	20	52	39	140	0	0
rg03_theta12p490_foilpm8	0	1	5	5	18	0	4	0	0	18	0
rg03_theta12p490_foilpm8	0	1	5	6	363	20	73	52	182	0	0
rg03_theta12p490_foilpm8	0	1	6	1	66	20	14	3	11	0	0
rg03_theta12p490_foilpm8	0	1	6	2	129	20	26	17	58	0	0
rg03_theta12p490_foilpm8	0	1	6	3	197	20	40	32	99	0	0
rg03_theta12p490_foilpm8	0	1	6	4	230	20	46	27	124	0	0
rg03_theta12p490_foilpm8	0	1	6	5	282	20	57	49	162	0	0
rg03_theta12p490_foilpm8	0	1	6	6	326	20	66	49	183	0	0
rg03_theta12p490_foilpm8	0	1	7	1	24	13	5	3	0	0	0
rg03_theta12p490_foilpm8	0	1	7	2	97	20	20	12	44	0	0
rg03_theta12p490_foilpm8	0	1	7	3	161	20	33	28	82	0	0
rg03_theta12p490_foilpm8	0	1	7	4	206	20	42	32	106	0	0
rg03_theta12p490_foilpm8	0	1	7	5	234	20	47	34	128	0	0
rg03_theta12p490_foilpm8	0	1	7	6	251	20	51	44	139	0	0
rg03_theta12p490_foilpm8	0	1	8	1	1	0	1	0	0	1	0
rg03_theta12p490_foilpm8	0	1	8	2	93	20	19	13	43	0	0
rg03_theta12p490_foilpm8	0	1	8	3	104	20	21	14	41	0	0
rg03_theta12p490_foilpm8	0	1	8	4	135	19	27	19	57	0	0
rg03_theta12p490_foilpm8	0	1	8	5	161	20	33	27	78	0	0
rg03_theta12p490_foilpm8	0	1	8	6	8	0	2	0	0	8	0
rg03_theta12p490_foilpm8	0	2	0	1	3	0	1	0	0	3	0
rg03_theta12p490_foilpm8	0	2	0	2	112	20	23	16	47	0	0
rg03_theta12p490_foilpm8	0	2	0	3	184	19	37	21	87	0	0
rg03_theta12p490_foilpm8	0	2	0	4	235	19	47	35	129	0	0
rg03_theta12p490_foilpm8	0	2	0	5	222	19	45	39	119	0	0
rg03_theta12p490_foilpm8	0	2	0	6	4	0	1	0	0	4	0
rg03_theta12p490_foilpm8	0	2	1	1	58	19	12	10	17	0	0
rg03_theta12p490_foilpm8	0	2	1	2	141	19	29	26	64	0	0
rg03_theta12p490_foilpm8	0	2	1	3	240	20	48	38	110	0	0
rg03_theta12p490_foilpm8	0	2	1	4	345	19	69	48	187	0	0
rg03_theta12p490_foilpm8	0	2	1	5	332	19	67	53	182	0	0
rg03_theta12p490_foilpm8	0	2	1	6	110	20	22	19	43	0	0
rg03_theta12p490_foilpm8	0	2	2	1	74	19	15	12	26	0	0
rg03_theta12p490_foilpm8	0	2	2	2	211	20	43	30	100	0	0
rg03_theta12p490_foilpm8	0	2	2	3	9	0	2	0	0	9	0
rg03_theta12p490_foilpm8	0	2	2	4	361	20	73	64	203	0	0
rg03_theta12p490_foilpm8	0	2	2	5	433	19	87	66	240	0	0
rg03_theta12p490_foilpm8	0	2	2	6	296	19	60	47	166	0	0
rg03_theta12p490_foilpm8	0	2	3	1	139	19	28	24	71	0	0
rg03_theta12p490_foilpm8	0	2	3	2	237	20	48	34	127	0	0
rg03_theta12p490_foilpm8	0	2	3	3	318	19	64	52	189	0	0
rg03_theta12p490_foilpm8	0	2	3	4	407	20	82	63	230	0	0
rg03_theta12p490_foilpm8	0	2	3	5	531	19	107	85	305	0	0
rg03_theta12p490_foilpm8	0	2	3	6	482	19	97	72	299	0	0
rg03_theta12p490_foilpm8	0	2	4	1	142	19	29	18	74	0	0
rg03_theta12p490_foilpm8	0	2	4	2	256	20	52	41	146	0	0
rg03_theta12p490_foilpm8	0	2	4	3	369	19	74	62	219	0	0
rg03_theta12p490_foilpm8	0	2	4	4	125	19	25	22	64	0	0
rg03_theta12p490_foilpm8	0	2	4	5	522	20	105	78	304	0	0
rg03_theta12p490_foilpm8	0	2	4	6	621	19	125	100	381	0	0
rg03_theta12p490_foilpm8	0	2	5	1	120	20	24	16	60	0	0
rg03_theta12p490_foilpm8	0	2	5	2	244	19	49	35	148	0	0
rg03_theta12p490_foilpm8	0	2	5	3	346	20	70	55	190	0	0
rg03_theta12p490_foilpm8	0	2	5	4	450	19	90	79	280	0	0
rg03_theta12p490_foilpm8	0	2	5	5	19	0	4	0	0	19	0
rg03_theta12p490_foilpm8	0	2	5	6	628	19	126	104	386	0	0
rg03_theta12p490_foilpm8	0	2	6	1	78	20	16	14	31	0	0
rg03_theta12p490_foilpm8	0	2	6	2	185	19	37	31	97	0	0
rg03_theta12p490_foilpm8	0	2	6	3	302	19	61	49	171	0	0
rg03_theta12p490_foilpm8	0	2	6	4	372	20	75	61	218	0	0
rg03_theta12p490_foilpm8	0	2	6	5	495	19	99	83	309	0	0
rg03_theta12p490_foilpm8	0	2	6	6	535	20	107	89	342	0	0
rg03_theta12p490_foilpm8	0	2	7	1	41	20	9	6	9	0	0
rg03_theta12p490_foilpm8	0	2	7	2	148	19	30	25	65	0	0
rg03_theta12p490_foilpm8	0	2	7	3	240	20	48	34	140	0	0
rg03_theta12p490_foilpm8	0	2	7	4	304	20	61	44	181	0	0
rg03_theta12p490_foilpm8	0	2	7	5	374	19	75	63	217	0	0
rg03_theta12p490_foilpm8	0	2	7	6	451	19	91	77	278	0	0
rg03_theta12p490_foilpm8	0	2	8	1	2	0	1	0	0	2	0
rg03_theta12p490_foilpm8	0	2	8	2	113	20	23	19	54	0	0
rg03_theta12p490_foilpm8	0	2	8	3	169	20	34	30	88	0	0
rg03_theta12p490_foilpm8	0	2	8	4	264	19	53	44	151	0	0
rg03_theta12p490_foilpm8	0	2	8	5	294	20	59	47	166	0	0
rg03_theta12p490_foilpm8	0	2	8	6	5	0	1	0	0	5	0
rg03_theta12p490_foilpm8	0	3	0	1	2	0	1	0	0	2	0
rg03_theta12p490_foilpm8	0	3	0	2	79	21	16	11	26	0	0
rg03_theta12p490_foilpm8	0	3	0	3	133	20	27	25	59	0	0
rg03_theta12p490_foilpm8	0	3	0	4	171	20	35	27	81	0	0
rg03_theta12p490_foilpm8	0	3	0	5	247	21	50	37	125	0	0
rg03_theta12p490_foilpm8	0	3	1	1	6	0	2	0	0	6	0
rg03_theta12p490_foilpm8	0	3	1	2	113	20	23	18	54	0	0
rg03_theta12p490_foilpm8	0	3	1	3	204	20	41	30	103	0	0
rg03_theta12p490_foilpm8	0	3	1	4	256	20	52	33	133	0	0
rg03_theta12p490_foilpm8	0	3	1	5	353	21	71	55	185	0	0
rg03_theta12p490_foilpm8	0	3	1	6	345	20	69	49	189	0	0
rg03_theta12p490_foilpm8	0	3	2	1	47	20	10	9	10	0	0
rg03_theta12p490_foilpm8	0	3	2	2	138	20	28	20	63	0	0
rg03_theta12p490_foilpm8	0	3	2	3	7	0	2	0	0	7	0
rg03_theta12p490_foilpm8	0	3	2	4	312	21	63	45	170	0	0
rg03_theta12p490_foilpm8	0	3	2	5	435	20	87	69	241	0	0
rg03_theta12p490_foilpm8	0	3	2	6	502	20	101	75	264	0	0
rg03_theta12p490_foilpm8	0	3	3	1	84	20	17	15	30	0	0
rg03_theta12p490_foilpm8	0	3	3	2	195	20	39	25	101	0	0
rg03_theta12p490_foilpm8	0	3	3	3	294	21	59	44	156	0	0
rg03_theta12p490_foilpm8	0	3	3	4	364	20	73	51	201	0	0
rg03_theta12p490_foilpm8	0	3	3	5	480	20	96	71	265	0	0
rg03_theta12p490_foilpm8	0	3	3	6	641	20	129	95	368	0	0
rg03_theta12p490_foilpm8	0	3	4	1	112	20	23	18	49	0	0
rg03_theta12p490_foilpm8	0	3	4	2	195	21	39	31	96	0	0
rg03_theta12p490_foilpm8	0	3	4	3	315	20	63	45	165	0	0
rg03_theta12p490_foilpm8	0	3	4	4	119	20	24	19	52	0	0
rg03_theta12p490_foilpm8	0	3	4	5	511	20	103	78	286	0	0
rg03_theta12p490_foilpm8	0	3	4	6	681	21	137	107	399	0	0
rg03_theta12p490_foilpm8	0	3	5	1	110	21	22	20	44	0	0
rg03_theta12p490_foilpm8	0	3	5	2	186	20	38	31	99	0	0
rg03_theta12p490_foilpm8	0	3	5	3	249	20	50	40	137	0	0
rg03_theta12p490_foilpm8	0	3	5	4	330	21	66	50	172	0	0
rg03_theta12p490_foilpm8	0	3	5	5	20	0	4	0	0	20	0
rg03_theta12p490_foilpm8	0	3	5	6	647	21	130	101	373	0	0
rg03_theta12p490_foilpm8	0	3	6	1	83	20	17	9	32	0	0
rg03_theta12p490_foilpm8	0	3	6	2	149	20	30	23	66	0	0
rg03_theta12p490_foilpm8	0	3	6	3	199	21	40	27	94	0	0
rg03_theta12p490_foilpm8	0	3	6	4	294	21	59	45	147	0	0
rg03_theta12p490_foilpm8	0	3	6	5	383	21	77	53	203	0	0
rg03_theta12p490_foilpm8	0	3	6	6	534	21	107	80	293	0	0
rg03_theta12p490_foilpm8	0	3	7	1	46	21	10	8	6	0	0
rg03_theta12p490_foilpm8	0	3	7	2	96	20	20	12	36	0	0
rg03_theta12p490_foilpm8	0	3	7	3	186	21	38	29	85	0	0
rg03_theta12p490_foilpm8	0	3	7	4	247	20	50	41	135	0	0
rg03_theta12p490_foilpm8	0	3	7	5	316	20	64	50	169	0	0
rg03_theta12p490_foilpm8	0	3	7	6	470	20	94	70	265	0	0
rg03_theta12p490_foilpm8	0	3	8	2	76	20	16	10	27	0	0
rg03_theta12p490_foilpm8	0	3	8	3	139	20	28	21	63	0	0
rg03_theta12p490_foilpm8	0	3	8	4	174	21	35	24	81	0	0
rg03_theta12p490_foilpm8	0	3	8	5	275	20	55	42	140	0	0
rg03_theta12p490_foilpm8	0	3	8	6	5	0	1	0	0	5	0
rg03_theta12p490_foilpm8	0	4	0	2	43	24	9	9	4	0	0
rg03_theta12p490_foilpm8	0	4	0	3	77	24	16	15	27	0	0
rg03_theta12p490_foilpm8	0	4	0	4	128	24	26	18	56	0	0
rg03_theta12p490_foilpm8	0	4	0	5	197	24	40	29	96	0	0
rg03_theta12p490_foilpm8	0	4	1	1	8	0	2	0	0	8	0
rg03_theta12p490_foilpm8	0	4	1	2	54	24	11	7	11	0	0
rg03_theta12p490_foilpm8	0	4	1	3	104	24	21	18	41	0	0
rg03_theta12p490_foilpm8	0	4	1	4	182	24	37	28	83	0	0
rg03_theta12p490_foilpm8	0	4	1	5	234	24	47	36	120	0	0
rg03_theta12p490_foilpm8	0	4	1	6	312	25	63	44	166	0	0
rg03_theta12p490_foilpm8	0	4	2	1	30	18	6	5	0	0	0
rg03_theta12p490_foilpm8	0	4	2	2	81	24	17	12	23	0	0
rg03_theta12p490_foilpm8	0	4	2	3	1	0	1	0	0	1	0
rg03_theta12p490_foilpm8	0	4	2	4	237	24	48	41	123	0	0
rg03_theta12p490_foilpm8	0	4	2	5	312	24	63	51	168	0	0
rg03_theta12p490_foilpm8	0	4	2	6	369	24	74	60	213	0	0
rg03_theta12p490_foilpm8	0	4	3	1	72	24	15	13	21	0	0
rg03_theta12p490_foilpm8	0	4	3	2	72	24	15	6	21	0	0
rg03_theta12p490_foilpm8	0	4	3	3	179	24	36	28	89	0	0
rg03_theta12p490_foilpm8	0	4	3	4	259	24	52	41	137	0	0
rg03_theta12p490_foilpm8	0	4	3	5	356	24	72	57	192	0	0
rg03_theta12p490_foilpm8	0	4	3	6	484	24	97	76	265	0	0
rg03_theta12p490_foilpm8	0	4	4	1	78	24	16	13	27	0	0
rg03_theta12p490_foilpm8	0	4	4	2	100	24	20	15	37	0	0
rg03_theta12p490_foilpm8	0	4	4	3	171	24	35	27	86	0	0
rg03_theta12p490_foilpm8	0	4	4	4	56	24	12	8	14	0	0
rg03_theta12p490_foilpm8	0	4	4	5	366	24	74	55	204	0	0
rg03_theta12p490_foilpm8	0	4	4	6	480	24	96	79	276	0	0
rg03_theta12p490_foilpm8	0	4	5	1	43	24	9	7	5	0	0
rg03_theta12p490_foilpm8	0	4	5	2	89	24	18	12	33	0	0
rg03_theta12p490_foilpm8	0	4	5	3	160	24	32	23	78	0	0
rg03_theta12p490_foilpm8	0	4	5	4	247	24	50	37	124	0	0
rg03_theta12p490_foilpm8	0	4	5	5	4	0	1	0	0	4	0
rg03_theta12p490_foilpm8	0	4	5	6	477	24	96	80	260	0	0
rg03_theta12p490_foilpm8	0	4	6	1	37	22	8	7	0	0	0
rg03_theta12p490_foilpm8	0	4	6	2	95	24	19	14	35	0	0
rg03_theta12p490_foilpm8	0	4	6	3	148	24	30	25	63	0	0
rg03_theta12p490_foilpm8	0	4	6	4	237	24	48	37	121	0	0
rg03_theta12p490_foilpm8	0	4	6	5	295	25	59	50	158	0	0
rg03_theta12p490_foilpm8	0	4	6	6	455	24	91	77	246	0	0
rg03_theta12p490_foilpm8	0	4	7	1	14	9	3	3	0	0	0
rg03_theta12p490_foilpm8	0	4	7	2	53	24	11	7	9	0	0
rg03_theta12p490_foilpm8	0	4	7	3	104	24	21	19	40	0	0
rg03_theta12p490_foilpm8	0	4	7	4	163	24	33	24	73	0	0
rg03_theta12p490_foilpm8	0	4	7	5	263	24	53	43	135	0	0
rg03_theta12p490_foilpm8	0	4	7	6	288	24	58	46	147	0	0
rg03_theta12p490_foilpm8	0	4	8	2	20	13	4	3	0	0	0
rg03_theta12p490_foilpm8	0	4	8	3	67	24	14	13	19	0	0
rg03_theta12p490_foilpm8	0	4	8	4	122	24	25	20	47	0	0
rg03_theta12p490_foilpm8	0	4	8	5	176	24	36	27	92	0	0
rg03_theta12p490_foilpm8	0	4	8	6	1	0	1	0	0	1	0
rg03_theta12p490_foilpm8	1	0	0	3	37	24	8	7	4	0	0
rg03_theta12p490_foilpm8	1	0	0	4	51	24	11	8	5	0	0
rg03_theta12p490_foilpm8	1	0	0	5	82	24	17	13	24	0	0
rg03_theta12p490_foilpm8	1	0	0	6	97	24	20	15	42	0	0
rg03_theta12p490_foilpm8	1	0	0	7	2	0	1	0	0	2	0
rg03_theta12p490_foilpm8	1	0	1	2	27	10	6	4	0	0	0
rg03_theta12p490_foilpm8	1	0	1	3	66	24	14	7	14	0	0
rg03_theta12p490_foilpm8	1	0	1	4	93	23	19	12	29	0	0
rg03_theta12p490_foilpm8	1	0	1	5	111	24	23	17	36	0	0
rg03_theta12p490_foilpm8	1	0	1	6	138	23	28	22	54	0	0
rg03_theta12p490_foilpm8	1	0	1	7	84	24	17	10	24	0	0
rg03_theta12p490_foilpm8	1	0	2	2	58	24	12	4	8	0	0
rg03_theta12p490_foilpm8	1	0	2	3	9	0	2	0	0	9	0
rg03_theta12p490_foilpm8	1	0	2	4	104	24	21	17	37	0	0
rg03_theta12p490_foilpm8	1	0	2	5	151	24	31	23	68	0	0
rg03_theta12p490_foilpm8	1	0	2	6	163	24	33	26	75	0	0
rg03_theta12p490_foilpm8	1	0	2	7	116	24	24	18	53	0	0
rg03_theta12p490_foilpm8	1	0	3	2	75	24	15	10	15	0	0
rg03_theta12p490_foilpm8	1	0	3	3	99	24	20	16	34	0	0
rg03_theta12p490_foilpm8	1	0	3	4	138	24	28	17	63	0	0
rg03_theta12p490_foilpm8	1	0	3	5	179	24	36	26	89	0	0
rg03_theta12p490_foilpm8	1	0	3	6	203	24	41	34	96	0	0
rg03_theta12p490_foilpm8	1	0	3	7	244	24	49	37	125	0	0
rg03_theta12p490_foilpm8	1	0	4	2	52	24	11	6	4	0	0
rg03_theta12p490_foilpm8	1	0	4	3	92	23	19	12	34	0	0
rg03_theta12p490_foilpm8	1	0	4	4	35	22	7	4	0	0	0
rg03_theta12p490_foilpm8	1	0	4	5	172	24	35	25	87	0	0
rg03_theta12p490_foilpm8	1	0	4	6	197	24	40	34	96	0	0
rg03_theta12p490_foilpm8	1	0	4	7	246	24	50	38	126	0	0
rg03_theta12p490_foilpm8	1	0	5	2	61	24	13	6	8	0	0
rg03_theta12p490_foilpm8	1	0	5	3	87	23	18	12	30	0	0
rg03_theta12p490_foilpm8	1	0	5	4	143	24	29	22	67	0	0
rg03_theta12p490_foilpm8	1	0	5	5	7	0	2	0	0	7	0
rg03_theta12p490_foilpm8	1	0	5	6	215	24	43	32	110	0	0
rg03_theta12p490_foilpm8	1	0	5	7	224	24	45	35	114	0	0
rg03_theta12p490_foilpm8	1	0	6	2	34	16	7	4	0	0	0
rg03_theta12p490_foilpm8	1	0	6	3	71	23	15	14	20	0	0
rg03_theta12p490_foilpm8	1	0	6	4	128	24	26	15	46	0	0
rg03_theta12p490_foilpm8	1	0	6	5	128	23	26	23	55	0	0
rg03_theta12p490_foilpm8	1	0	6	6	184	24	37	26	82	0	0
rg03_theta12p490_foilpm8	1	0	6	7	182	23	37	28	87	0	0
rg03_theta12p490_foilpm8	1	0	7	2	12	0	3	0	0	12	0
rg03_theta12p490_foilpm8	1	0	7	3	31	21	7	5	0	0	0
rg03_theta12p490_foilpm8	1	0	7	4	74	24	15	12	23	0	0
rg03_theta12p490_foilpm8	1	0	7	5	94	23	19	15	40	0	0
rg03_theta12p490_foilpm8	1	0	7	6	148	24	30	21	65	0	0
rg03_theta12p490_foilpm8	1	0	7	7	132	23	27	18	52	0	0
rg03_theta12p490_foilpm8	1	0	8	3	11	0	3	0	0	11	0
rg03_theta12p490_foilpm8	1	0	8	4	24	0	5	0	0	24	0
rg03_theta12p490_foilpm8	1	0	8	5	59	23	12	6	15	0	0
rg03_theta12p490_foilpm8	1	0	8	6	73	24	15	12	23	0	0
rg03_theta12p490_foilpm8	1	0	8	7	9	0	2	0	0	9	0
rg03_theta12p490_foilpm8	1	1	0	3	48	21	10	9	10	0	0
rg03_theta12p490_foilpm8	1	1	0	4	65	21	13	8	18	0	0
rg03_theta12p490_foilpm8	1	1	0	5	114	21	23	15	51	0	0
rg03_theta12p490_foilpm8	1	1	0	6	123	21	25	16	51	0	0
rg03_theta12p490_foilpm8	1	1	0	7	1	0	1	0	0	1	0
rg03_theta12p490_foilpm8	1	1	1	2	25	16	5	3	0	0	0
rg03_theta12p490_foilpm8	1	1	1	3	69	22	14	13	24	0	0
rg03_theta12p490_foilpm8	1	1	1	4	102	22	21	13	47	0	0
rg03_theta12p490_foilpm8	1	1	1	5	155	21	31	24	77	0	0
rg03_theta12p490_foilpm8	1	1	1	6	185	21	37	28	99	0	0
rg03_theta12p490_foilpm8	1	1	1	7	205	21	41	35	108	0	0
rg03_theta12p490_foilpm8	1	1	2	2	66	21	14	13	20	0	0
rg03_theta12p490_foilpm8	1	1	2	3	1	0	1	0	0	1	0
rg03_theta12p490_foilpm8	1	1	2	4	127	21	26	20	62	0	0
rg03_theta12p490_foilpm8	1	1	2	5	207	22	42	35	117	0	0
rg03_theta12p490_foilpm8	1	1	2	6	269	22	54	38	147	0	0
rg03_theta12p490_foilpm8	1	1	2	7	302	21	61	49	168	0	0
rg03_theta12p490_foilpm8	1	1	3	2	62	21	13	12	20	0	0
rg03_theta12p490_foilpm8	1	1	3	3	111	21	23	15	53	0	0
rg03_theta12p490_foilpm8	1	1	3	4	144	21	29	23	72	0	0
rg03_theta12p490_foilpm8	1	1	3	5	231	21	47	36	133	0	0
rg03_theta12p490_foilpm8	1	1	3	6	299	22	60	47	165	0	0
rg03_theta12p490_foilpm8	1	1	3	7	371	21	75	57	210	0	0
rg03_theta12p490_foilpm8	1	1	4	2	82	21	17	11	28	0	0
rg03_theta12p490_foilpm8	1	1	4	3	126	21	26	22	58	0	0
rg03_theta12p490_foilpm8	1	1	4	4	43	21	9	8	9	0	0
rg03_theta12p490_foilpm8	1	1	4	5	273	22	55	46	162	0	0
rg03_theta12p490_foilpm8	1	1	4	6	340	21	68	58	204	0	0
rg03_theta12p490_foilpm8	1	1	4	7	342	21	69	59	210	0	0
rg03_theta12p490_foilpm8	1	1	5	2	78	21	16	12	29	0	0
rg03_theta12p490_foilpm8	1	1	5	3	103	22	21	19	45	0	0
rg03_theta12p490_foilpm8	1	1	5	4	169	21	34	33	91	0	0
rg03_theta12p490_foilpm8	1	1	5	5	7	0	2	0	0	7	0
rg03_theta12p490_foilpm8	1	1	5	6	304	21	61	47	183	0	0
rg03_theta12p490_foilpm8	1	1	5	7	362	21	73	60	210	0	0
rg03_theta12p490_foilpm8	1	1	6	2	48	22	10	8	9	0	0
rg03_theta12p490_foilpm8	1	1	6	3	103	21	21	15	38	0	0
rg03_theta12p490_foilpm8	1	1	6	4	159	21	32	22	86	0	0
rg03_theta12p490_foilpm8	1	1	6	5	202	21	41	32	110	0	0
rg03_theta12p490_foilpm8	1	1	6	6	282	21	57	44	161	0	0
rg03_theta12p490_foilpm8	1	1	6	7	343	21	69	51	209	0	0
rg03_theta12p490_foilpm8	1	1	7	2	34	21	7	6	4	0	0
rg03_theta12p490_foilpm8	1	1	7	3	85	21	17	12	33	0	0
rg03_theta12p490_foilpm8	1	1	7	4	108	21	22	18	53	0	0
rg03_theta12p490_foilpm8	1	1	7	5	175	22	35	23	88	0	0
rg03_theta12p490_foilpm8	1	1	7	6	192	21	39	31	96	0	0
rg03_theta12p490_foilpm8	1	1	7	7	210	21	42	34	115	0	0
rg03_theta12p490_foilpm8	1	1	8	3	53	21	11	8	11	0	0
rg03_theta12p490_foilpm8	1	1	8	4	77	21	16	14	28	0	0
rg03_theta12p490_foilpm8	1	1	8	5	106	21	22	15	43	0	0
rg03_theta12p490_foilpm8	1	1	8	6	151	21	31	23	67	0	0
rg03_theta12p490_foilpm8	1	1	8	7	5	0	1	0	0	5	0
rg03_theta12p490_foilpm8	1	2	0	3	38	21	8	7	2	0	0
rg03_theta12p490_foilpm8	1	2	0	4	63	21	13	10	20	0	0
rg03_theta12p490_foilpm8	1	2	0	5	146	21	30	22	71	0	0
rg03_theta12p490_foilpm8	1	2	0	6	165	21	33	25	92	0	0
rg03_theta12p490_foilpm8	1	2	0	7	1	0	1	0	0	1	0
rg03_theta12p490_foilpm8	1	2	1	2	35	21	7	6	1	0	0
rg03_theta12p490_foilpm8	1	2	1	3	83	21	17	12	22	0	0
rg03_theta12p490_foilpm8	1	2	1	4	163	21	33	22	82	0	0
rg03_theta12p490_foilpm8	1	2	1	5	243	21	49	42	129	0	0
rg03_theta12p490_foilpm8	1	2	1	6	298	21	60	37	154	0	0
rg03_theta12p490_foilpm8	1	2	1	7	328	21	66	50	207	0	0
rg03_theta12p490_foilpm8	1	2	2	2	65	21	13	7	22	0	0
rg03_theta12p490_foilpm8	1	2	2	3	1	0	1	0	0	1	0
rg03_theta12p490_foilpm8	1	2	2	4	171	20	35	29	90	0	0
rg03_theta12p490_foilpm8	1	2	2	5	311	21	63	52	181	0	0
rg03_theta12p490_foilpm8	1	2	2	6	425	21	85	66	251	0	0
rg03_theta12p490_foilpm8	1	2	2	7	486	21	98	84	308	0	0
rg03_theta12p490_foilpm8	1	2	3	2	97	21	20	15	45	0	0
rg03_theta12p490_foilpm8	1	2	3	3	123	21	25	21	50	0	0
rg03_theta12p490_foilpm8	1	2	3	4	247	21	50	37	135	0	0
rg03_theta12p490_foilpm8	1	2	3	5	357	21	72	54	210	0	0
rg03_theta12p490_foilpm8	1	2	3	6	505	20	101	84	304	0	0
rg03_theta12p490_foilpm8	1	2	3	7	537	21	108	95	338	0	0
rg03_theta12p490_foilpm8	1	2	4	2	87	20	18	14	37	0	0
rg03_theta12p490_foilpm8	1	2	4	3	151	21	31	25	70	0	0
rg03_theta12p490_foilpm8	1	2	4	4	69	21	14	11	26	0	0
rg03_theta12p490_foilpm8	1	2	4	5	404	21	81	70	234	0	0
rg03_theta12p490_foilpm8	1	2	4	6	593	20	119	97	366	0	0
rg03_theta12p490_foilpm8	1	2	4	7	650	21	130	107	418	0	0
rg03_theta12p490_foilpm8	1	2	5	2	76	21	16	11	28	0	0
rg03_theta12p490_foilpm8	1	2	5	3	144	21	29	19	74	0	0
rg03_theta12p490_foilpm8	1	2	5	4	251	21	51	37	146	0	0
rg03_theta12p490_foilpm8	1	2	5	5	5	0	1	0	0	5	0
rg03_theta12p490_foilpm8	1	2	5	6	510	21	102	79	311	0	0
rg03_theta12p490_foilpm8	1	2	5	7	573	21	115	101	369	0	0
rg03_theta12p490_foilpm8	1	2	6	2	59	21	12	10	21	0	0
rg03_theta12p490_foilpm8	1	2	6	3	121	21	25	22	58	0	0
rg03_theta12p490_foilpm8	1	2	6	4	218	21	44	33	128	0	0
rg03_theta12p490_foilpm8	1	2	6	5	299	21	60	51	178	0	0
rg03_theta12p490_foilpm8	1	2	6	6	447	21	90	66	283	0	0
rg03_theta12p490_foilpm8	1	2	6	7	554	21	111	100	356	0	0
rg03_theta12p490_foilpm8	1	2	7	2	34	21	7	5	0	0	0
rg03_theta12p490_foilpm8	1	2	7	3	98	20	20	17	49	0	0
rg03_theta12p490_foilpm8	1	2	7	4	197	20	40	34	114	0	0
rg03_theta12p490_foilpm8	1	2	7	5	237	21	48	36	133	0	0
rg03_theta12p490_foilpm8	1	2	7	6	336	20	68	51	193	0	0
rg03_theta12p490_foilpm8	1	2	7	7	367	20	74	66	209	0	0
rg03_theta12p490_foilpm8	1	2	8	2	1	0	1	0	0	1	0
rg03_theta12p490_foilpm8	1	2	8	3	69	20	14	13	24	0	0
rg03_theta12p490_foilpm8	1	2	8	4	128	21	26	18	65	0	0
rg03_theta12p490_foilpm8	1	2	8	5	154	21	31	25	81	0	0
rg03_theta12p490_foilpm8	1	2	8	6	248	21	50	42	136	0	0
rg03_theta12p490_foilpm8	1	2	8	7	6	0	2	0	0	6	0
rg03_theta12p490_foilpm8	1	3	0	2	1	0	1	0	0	1	0
rg03_theta12p490_foilpm8	1	3	0	3	27	15	6	3	0	0	0
rg03_theta12p490_foilpm8	1	3	0	4	43	24	9	5	2	0	0
rg03_theta12p490_foilpm8	1	3	0	5	118	24	24	19	49	0	0
rg03_theta12p490_foilpm8	1	3	0	6	165	25	33	24	78	0	0
rg03_theta12p490_foilpm8	1	3	0	7	1	0	1	0	0	1	0
rg03_theta12p490_foilpm8	1	3	1	2	33	22	7	5	0	0	0
rg03_theta12p490_foilpm8	1	3	1	3	52	25	11	7	5	0	0
rg03_theta12p490_foilpm8	1	3	1	4	97	24	20	16	35	0	0
rg03_theta12p490_foilpm8	1	3	1	5	165	25	33	24	76	0	0
rg03_theta12p490_foilpm8	1	3	1	6	260	24	52	40	143	0	0
rg03_theta12p490_foilpm8	1	3	1	7	288	24	58	44	156	0	0
rg03_theta12p490_foilpm8	1	3	2	2	51	24	11	9	2	0	0
rg03_theta12p490_foilpm8	1	3	2	3	1	0	1	0	0	1	0
rg03_theta12p490_foilpm8	1	3	2	4	159	24	32	20	73	0	0
rg03_theta12p490_foilpm8	1	3	2	5	232	24	47	35	119	0	0
rg03_theta12p490_foilpm8	1	3	2	6	346	24	70	59	189	0	0
rg03_theta12p490_foilpm8	1	3	2	7	414	24	83	73	231	0	0
rg03_theta12p490_foilpm8	1	3	3	2	59	25	12	10	16	0	0
rg03_theta12p490_foilpm8	1	3	3	3	116	24	24	17	39	0	0
rg03_theta12p490_foilpm8	1	3	3	4	200	24	40	33	101	0	0
rg03_theta12p490_foilpm8	1	3	3	5	304	24	61	46	155	0	0
rg03_theta12p490_foilpm8	1	3	3	6	460	24	92	75	262	0	0
rg03_theta12p490_foilpm8	1	3	3	7	572	24	115	95	344	0	0
rg03_theta12p490_foilpm8	1	3	4	2	53	24	11	8	6	0	0
rg03_theta12p490_foilpm8	1	3	4	3	100	25	20	16	32	0	0
rg03_theta12p490_foilpm8	1	3	4	4	46	25	10	7	1	0	0
rg03_theta12p490_foilpm8	1	3	4	5	330	24	66	58	192	0	0
rg03_theta12p490_foilpm8	1	3	4	6	463	24	93	72	260	0	0
rg03_theta12p490_foilpm8	1	3	4	7	621	24	125	96	358	0	0
rg03_theta12p490_foilpm8	1	3	5	2	17	9	4	2	0	0	0
rg03_theta12p490_foilpm8	1	3	5	3	98	24	20	18	36	0	0
rg03_theta12p490_foilpm8	1	3	5	4	207	24	42	30	107	0	0
rg03_theta12p490_foilpm8	1	3	5	5	3	0	1	0	0	3	0
rg03_theta12p490_foilpm8	1	3	5	6	468	24	94	75	275	0	0
rg03_theta12p490_foilpm8	1	3	5	7	556	24	112	88	327	0	0
rg03_theta12p490_foilpm8	1	3	6	2	13	9	3	2	0	0	0
rg03_theta12p490_foilpm8	1	3	6	3	84	25	17	9	25	0	0
rg03_theta12p490_foilpm8	1	3	6	4	157	24	32	22	72	0	0
rg03_theta12p490_foilpm8	1	3	6	5	260	24	52	39	138	0	0
rg03_theta12p490_foilpm8	1	3	6	6	351	24	71	55	192	0	0
rg03_theta12p490_foilpm8	1	3	6	7	464	24	93	80	272	0	0
rg03_theta12p490_foilpm8	1	3	7	2	22	13	5	2	0	0	0
rg03_theta12p490_foilpm8	1	3	7	3	66	24	14	12	19	0	0
rg03_theta12p490_foilpm8	1	3	7	4	108	24	22	17	42	0	0
rg03_theta12p490_foilpm8	1	3	7	5	184	25	37	28	87	0	0
rg03_theta12p490_foilpm8	1	3	7	6	273	24	55	44	148	0	0
rg03_theta12p490_foilpm8	1	3	7	7	345	24	69	55	198	0	0
rg03_theta12p490_foilpm8	1	3	8	2	1	0	1	0	0	1	0
rg03_theta12p490_foilpm8	1	3	8	3	60	25	12	11	11	0	0
rg03_theta12p490_foilpm8	1	3	8	4	82	24	17	14	30	0	0
rg03_theta12p490_foilpm8	1	3	8	5	119	24	24	19	49	0	0
rg03_theta12p490_foilpm8	1	3	8	6	182	24	37	31	94	0	0
rg03_theta12p490_foilpm8	1	3	8	7	3	0	1	0	0	3	0
rg03_theta12p490_foilpm8	1	4	0	3	11	0	3	0	0	11	0
rg03_theta12p490_foilpm8	1	4	0	4	36	24	8	6	0	0	0
rg03_theta12p490_foilpm8	1	4	0	5	72	38	15	15	8	0	0
rg03_theta12p490_foilpm8	1	4	0	6	97	38	20	17	25	0	0
rg03_theta12p490_foilpm8	1	4	0	7	2	0	1	0	0	2	0
rg03_theta12p490_foilpm8	1	4	1	2	12	0	3	0	0	12	0
rg03_theta12p490_foilpm8	1	4	1	3	31	18	7	6	0	0	0
rg03_theta12p490_foilpm8	1	4	1	4	47	29	10	7	0	0	0
rg03_theta12p490_foilpm8	1	4	1	5	131	38	27	22	45	0	0
rg03_theta12p490_foilpm8	1	4	1	6	204	38	41	29	90	0	0
rg03_theta12p490_foilpm8	1	4	1	7	213	38	43	33	90	0	0
rg03_theta12p490_foilpm8	1	4	2	2	38	18	8	7	0	0	0
rg03_theta12p490_foilpm8	1	4	2	4	91	38	19	12	22	0	0
rg03_theta12p490_foilpm8	1	4	2	5	150	38	30	24	58	0	0
rg03_theta12p490_foilpm8	1	4	2	6	220	38	44	33	100	0	0
rg03_theta12p490_foilpm8	1	4	2	7	327	38	66	50	169	0	0
rg03_theta12p490_foilpm8	1	4	3	2	31	15	7	6	0	0	0
rg03_theta12p490_foilpm8	1	4	3	3	63	38	13	10	4	0	0
rg03_theta12p490_foilpm8	1	4	3	4	122	38	25	19	40	0	0
rg03_theta12p490_foilpm8	1	4	3	5	213	38	43	32	98	0	0
rg03_theta12p490_foilpm8	1	4	3	6	295	38	59	47	154	0	0
rg03_theta12p490_foilpm8	1	4	3	7	403	39	81	69	226	0	0
rg03_theta12p490_foilpm8	1	4	4	2	28	17	6	4	0	0	0
rg03_theta12p490_foilpm8	1	4	4	3	42	29	9	5	0	0	0
rg03_theta12p490_foilpm8	1	4	4	4	33	23	7	7	0	0	0
rg03_theta12p490_foilpm8	1	4	4	5	198	38	40	30	88	0	0
rg03_theta12p490_foilpm8	1	4	4	6	343	38	69	54	174	0	0
rg03_theta12p490_foilpm8	1	4	4	7	435	38	87	66	240	0	0
rg03_theta12p490_foilpm8	1	4	5	2	16	11	4	3	0	0	0
rg03_theta12p490_foilpm8	1	4	5	3	58	38	12	9	1	0	0
rg03_theta12p490_foilpm8	1	4	5	4	106	38	22	15	38	0	0
rg03_theta12p490_foilpm8	1	4	5	5	2	0	1	0	0	2	0
rg03_theta12p490_foilpm8	1	4	5	6	297	38	60	47	148	0	0
rg03_theta12p490_foilpm8	1	4	5	7	435	38	87	67	232	0	0
rg03_theta12p490_foilpm8	1	4	6	2	16	10	4	4	0	0	0
rg03_theta12p490_foilpm8	1	4	6	3	41	25	9	7	0	0	0
rg03_theta12p490_foilpm8	1	4	6	4	80	38	16	11	13	0	0
rg03_theta12p490_foilpm8	1	4	6	5	164	38	33	19	63	0	0
rg03_theta12p490_foilpm8	1	4	6	6	263	38	53	37	133	0	0
rg03_theta12p490_foilpm8	1	4	6	7	372	38	75	56	204	0	0
rg03_theta12p490_foilpm8	1	4	7	2	13	6	3	2	0	0	0
rg03_theta12p490_foilpm8	1	4	7	3	50	31	10	9	0	0	0
rg03_theta12p490_foilpm8	1	4	7	4	50	30	10	7	0	0	0
rg03_theta12p490_foilpm8	1	4	7	5	96	38	20	16	25	0	0
rg03_theta12p490_foilpm8	1	4	7	6	190	38	38	31	75	0	0
rg03_theta12p490_foilpm8	1	4	7	7	242	38	49	43	121	0	0
rg03_theta12p490_foilpm8	1	4	8	3	12	0	3	0	0	12	0
rg03_theta12p490_foilpm8	1	4	8	4	39	23	8	4	0	0	0
rg03_theta12p490_foilpm8	1	4	8	5	55	38	11	7	1	0	0
rg03_theta12p490_foilpm8	1	4	8	6	89	38	18	13	24	0	0
rg03_theta12p490_foilpm8	1	4	8	7	3	0	1	0	0	3	0
rg04_theta15p195_foilpm3	0	0	0	2	14	8	3	1	0	0	0
rg04_theta15p195_foilpm3	0	0	0	3	24	16	5	4	0	0	0
rg04_theta15p195_foilpm3	0	0	0	4	29	18	6	4	0	0	0
rg04_theta15p195_foilpm3	0	0	0	5	19	13	4	3	0	0	0
rg04_theta15p195_foilpm3	0	0	0	6	1	0	1	0	0	1	0
rg04_theta15p195_foilpm3	0	0	1	2	9	0	2	0	0	9	0
rg04_theta15p195_foilpm3	0	0	1	3	31	19	7	3	0	0	0
rg04_theta15p195_foilpm3	0	0	1	4	41	22	9	7	2	0	0
rg04_theta15p195_foilpm3	0	0	1	5	35	22	7	7	1	0	0
rg04_theta15p195_foilpm3	0	0	1	6	4	0	1	0	0	4	0
rg04_theta15p195_foilpm3	0	0	2	2	25	15	5	2	0	0	0
rg04_theta15p195_foilpm3	0	0	2	3	3	0	1	0	0	3	0
rg04_theta15p195_foilpm3	0	0	2	4	38	20	8	5	0	0	0
rg04_theta15p195_foilpm3	0	0	2	5	38	18	8	4	0	0	0
rg04_theta15p195_foilpm3	0	0	2	6	33	17	7	5	0	0	0
rg04_theta15p195_foilpm3	0	0	3	2	39	15	8	2	0	0	0
rg04_theta15p195_foilpm3	0	0	3	3	53	22	11	9	12	0	0
rg04_theta15p195_foilpm3	0	0	3	4	69	22	14	11	12	0	0
rg04_theta15p195_foilpm3	0	0	3	5	60	22	12	6	9	0	0
rg04_theta15p195_foilpm3	0	0	3	6	70	22	14	5	14	0	0
rg04_theta15p195_foilpm3	0	0	4	2	27	15	6	5	0	0	0
rg04_theta15p195_foilpm3	0	0	4	3	35	22	7	5	0	0	0
rg04_theta15p195_foilpm3	0	0	4	4	16	9	4	3	0	0	0
rg04_theta15p195_foilpm3	0	0	4	5	55	22	11	8	16	0	0
rg04_theta15p195_foilpm3	0	0	4	6	72	22	15	10	23	0	0
rg04_theta15p195_foilpm3	0	0	5	2	34	22	7	3	1	0	0
rg04_theta15p195_foilpm3	0	0	5	3	40	22	8	7	0	0	0
rg04_theta15p195_foilpm3	0	0	5	4	60	22	12	10	14	0	0
rg04_theta15p195_foilpm3	0	0	5	5	3	0	1	0	0	3	0
rg04_theta15p195_foilpm3	0	0	5	6	63	22	13	12	13	0	0
rg04_theta15p195_foilpm3	0	0	6	2	13	7	3	2	0	0	0
rg04_theta15p195_foilpm3	0	0	6	3	28	16	6	5	0	0	0
rg04_theta15p195_foilpm3	0	0	6	4	42	22	9	5	1	0	0
rg04_theta15p195_foilpm3	0	0	6	5	62	22	13	5	19	0	0
rg04_theta15p195_foilpm3	0	0	6	6	66	22	14	9	19	0	0
rg04_theta15p195_foilpm3	0	0	7	2	7	0	2	0	0	7	0
rg04_theta15p195_foilpm3	0	0	7	3	28	13	6	4	0	0	0
rg04_theta15p195_foilpm3	0	0	7	4	37	14	8	4	0	0	0
rg04_theta15p195_foilpm3	0	0	7	5	57	22	12	8	9	0	0
rg04_theta15p195_foilpm3	0	0	7	6	48	22	10	9	9	0	0
rg04_theta15p195_foilpm3	0	0	8	2	1	0	1	0	0	1	0
rg04_theta15p195_foilpm3	0	0	8	3	2	0	1	0	0	2	0
rg04_theta15p195_foilpm3	0	0	8	4	10	0	2	0	0	10	0
rg04_theta15p195_foilpm3	0	0	8	5	16	11	4	4	0	0	0
rg04_theta15p195_foilpm3	0	1	0	2	18	11	4	3	0	0	0
rg04_theta15p195_foilpm3	0	1	0	3	34	21	7	6	0	0	0
rg04_theta15p195_foilpm3	0	1	0	4	56	31	12	6	0	0	0
rg04_theta15p195_foilpm3	0	1	0	5	58	32	12	9	5	0	0
rg04_theta15p195_foilpm3	0	1	0	6	1	0	1	0	0	1	0
rg04_theta15p195_foilpm3	0	1	1	1	11	0	3	0	0	11	0
rg04_theta15p195_foilpm3	0	1	1	2	30	19	6	6	0	0	0
rg04_theta15p195_foilpm3	0	1	1	3	49	32	10	8	0	0	0
rg04_theta15p195_foilpm3	0	1	1	4	62	32	13	11	8	0	0
rg04_theta15p195_foilpm3	0	1	1	5	86	32	18	13	21	0	0
rg04_theta15p195_foilpm3	0	1	1	6	30	19	6	6	0	0	0
rg04_theta15p195_foilpm3	0	1	2	1	13	9	3	3	0	0	0
rg04_theta15p195_foilpm3	0	1	2	2	30	18	6	6	0	0	0
rg04_theta15p195_foilpm3	0	1	2	3	4	0	1	0	0	4	0
rg04_theta15p195_foilpm3	0	1	2	4	78	32	16	13	16	0	0
rg04_theta15p195_foilpm3	0	1	2	5	85	32	17	13	22	0	0
rg04_theta15p195_foilpm3	0	1	2	6	94	32	19	17	24	0	0
rg04_theta15p195_foilpm3	0	1	3	1	11	0	3	0	0	11	0
rg04_theta15p195_foilpm3	0	1	3	2	46	27	10	8	0	0	0
rg04_theta15p195_foilpm3	0	1	3	3	54	32	11	11	0	0	0
rg04_theta15p195_foilpm3	0	1	3	4	88	32	18	14	29	0	0
rg04_theta15p195_foilpm3	0	1	3	5	119	32	24	17	52	0	0
rg04_theta15p195_foilpm3	0	1	3	6	129	32	26	22	44	0	0
rg04_theta15p195_foilpm3	0	1	4	1	16	9	4	3	0	0	0
rg04_theta15p195_foilpm3	0	1	4	2	40	30	8	5	0	0	0
rg04_theta15p195_foilpm3	0	1	4	3	60	32	12	11	7	0	0
rg04_theta15p195_foilpm3	0	1	4	4	24	15	5	5	0	0	0
rg04_theta15p195_foilpm3	0	1	4	5	110	32	22	21	38	0	0
rg04_theta15p195_foilpm3	0	1	4	6	143	32	29	26	58	0	0
rg04_theta15p195_foilpm3	0	1	5	1	19	10	4	2	0	0	0
rg04_theta15p195_foilpm3	0	1	5	2	36	23	8	7	0	0	0
rg04_theta15p195_foilpm3	0	1	5	3	58	32	12	10	5	0	0
rg04_theta15p195_foilpm3	0	1	5	4	100	32	20	17	32	0	0
rg04_theta15p195_foilpm3	0	1	5	5	4	0	1	0	0	4	0
rg04_theta15p195_foilpm3	0	1	5	6	142	32	29	19	56	0	0
rg04_theta15p195_foilpm3	0	1	6	1	6	0	2	0	0	6	0
rg04_theta15p195_foilpm3	0	1	6	2	38	27	8	8	0	0	0
rg04_theta15p195_foilpm3	0	1	6	3	35	22	7	5	0	0	0
rg04_theta15p195_foilpm3	0	1	6	4	102	32	21	16	36	0	0
rg04_theta15p195_foilpm3	0	1	6	5	96	32	20	15	31	0	0
rg04_theta15p195_foilpm3	0	1	6	6	127	32	26	21	44	0	0
rg04_theta15p195_foilpm3	0	1	7	1	2	0	1	0	0	2	0
rg04_theta15p195_foilpm3	0	1	7	2	19	12	4	3	0	0	0
rg04_theta15p195_foilpm3	0	1	7	3	46	28	10	8	0	0	0
rg04_theta15p195_foilpm3	0	1	7	4	55	32	11	8	6	0	0
rg04_theta15p195_foilpm3	0	1	7	5	77	32	16	11	17	0	0
rg04_theta15p195_foilpm3	0	1	7	6	84	32	17	12	28	0	0
rg04_theta15p195_foilpm3	0	1	8	2	22	16	5	3	0	0	0
rg04_theta15p195_foilpm3	0	1	8	3	35	23	7	7	0	0	0
rg04_theta15p195_foilpm3	0	1	8	4	43	27	9	5	0	0	0
rg04_theta15p195_foilpm3	0	1	8	5	66	32	14	11	4	0	0
rg04_theta15p195_foilpm3	0	1	8	6	4	0	1	0	0	4	0
rg04_theta15p195_foilpm3	0	2	0	1	1	0	1	0	0	1	0
rg04_theta15p195_foilpm3	0	2	0	2	25	15	5	4	0	0	0
rg04_theta15p195_foilpm3	0	2	0	3	47	33	10	7	0	0	0
rg04_theta15p195_foilpm3	0	2	0	4	44	26	9	6	0	0	0
rg04_theta15p195_foilpm3	0	2	0	5	77	37	16	10	10	0	0
rg04_theta15p195_foilpm3	0	2	0	6	1	0	1	0	0	1	0
rg04_theta15p195_foilpm3	0	2	1	1	6	0	2	0	0	6	0
rg04_theta15p195_foilpm3	0	2	1	2	34	22	7	5	0	0	0
rg04_theta15p195_foilpm3	0	2	1	3	46	25	10	7	0	0	0
rg04_theta15p195_foilpm3	0	2	1	4	85	37	17	13	11	0	0
rg04_theta15p195_foilpm3	0	2	1	5	117	37	24	16	42	0	0
rg04_theta15p195_foilpm3	0	2	1	6	84	37	17	12	15	0	0
rg04_theta15p195_foilpm3	0	2	2	1	23	17	5	4	0	0	0
rg04_theta15p195_foilpm3	0	2	2	2	37	26	8	7	0	0	0
rg04_theta15p195_foilpm3	0	2	2	3	2	0	1	0	0	2	0
rg04_theta15p195_foilpm3	0	2	2	4	98	37	20	18	23	0	0
rg04_theta15p195_foilpm3	0	2	2	5	118	37	24	19	38	0	0
rg04_theta15p195_foilpm3	0	2	2	6	142	37	29	20	56	0	0
rg04_theta15p195_foilpm3	0	2	3	1	25	17	5	5	0	0	0
rg04_theta15p195_foilpm3	0	2	3	2	49	32	10	7	0	0	0
rg04_theta15p195_foilpm3	0	2	3	3	81	37	17	10	16	0	0
rg04_theta15p195_foilpm3	0	2	3	4	117	37	24	18	41	0	0
rg04_theta15p195_foilpm3	0	2	3	5	153	37	31	26	58	0	0
rg04_theta15p195_foilpm3	0	2	3	6	235	37	47	37	116	0	0
rg04_theta15p195_foilpm3	0	2	4	1	30	19	6	5	0	0	0
rg04_theta15p195_foilpm3	0	2	4	2	63	37	13	10	2	0	0
rg04_theta15p195_foilpm3	0	2	4	3	94	37	19	17	24	0	0
rg04_theta15p195_foilpm3	0	2	4	4	29	18	6	4	0	0	0
rg04_theta15p195_foilpm3	0	2	4	5	206	37	42	37	90	0	0
rg04_theta15p195_foilpm3	0	2	4	6	205	37	41	32	99	0	0
rg04_theta15p195_foilpm3	0	2	5	1	21	12	5	3	0	0	0
rg04_theta15p195_foilpm3	0	2	5	2	50	33	10	9	0	0	0
rg04_theta15p195_foilpm3	0	2	5	3	75	37	15	11	11	0	0
rg04_theta15p195_foilpm3	0	2	5	4	126	37	26	24	48	0	0
rg04_theta15p195_foilpm3	0	2	5	5	5	0	1	0	0	5	0
rg04_theta15p195_foilpm3	0	2	5	6	215	37	43	32	112	0	0
rg04_theta15p195_foilpm3	0	2	6	1	20	13	4	4	0	0	0
rg04_theta15p195_foilpm3	0	2	6	2	35	23	7	6	0	0	0
rg04_theta15p195_foilpm3	0	2	6	3	84	37	17	15	19	0	0
rg04_theta15p195_foilpm3	0	2	6	4	119	37	24	18	42	0	0
rg04_theta15p195_foilpm3	0	2	6	5	129	37	26	22	46	0	0
rg04_theta15p195_foilpm3	0	2	6	6	195	37	39	30	96	0	0
rg04_theta15p195_foilpm3	0	2	7	1	6	0	2	0	0	6	0
rg04_theta15p195_foilpm3	0	2	7	2	36	25	8	7	0	0	0
rg04_theta15p195_foilpm3	0	2	7	3	59	37	12	10	0	0	0
rg04_theta15p195_foilpm3	0	2	7	4	94	37	19	17	24	0	0
rg04_theta15p195_foilpm3	0	2	7	5	128	37	26	23	42	0	0
rg04_theta15p195_foilpm3	0	2	7	6	149	37	30	23	58	0	0
rg04_theta15p195_foilpm3	0	2	8	2	17	11	4	3	0	0	0
rg04_theta15p195_foilpm3	0	2	8	3	42	28	9	7	0	0	0
rg04_theta15p195_foilpm3	0	2	8	4	50	33	10	8	0	0	0
rg04_theta15p195_foilpm3	0	2	8	5	90	37	18	13	25	0	0
rg04_theta15p195_foilpm3	0	2	8	6	2	0	1	0	0	2	0
rg04_theta15p195_foilpm3	0	3	0	2	9	0	2	0	0	9	0
rg04_theta15p195_foilpm3	0	3	0	3	18	12	4	3	0	0	0
rg04_theta15p195_foilpm3	0	3	0	4	38	24	8	7	2	0	0
rg04_theta15p195_foilpm3	0	3	0	5	63	24	13	10	13	0	0
rg04_theta15p195_foilpm3	0	3	0	6	1	0	1	0	0	1	0
rg04_theta15p195_foilpm3	0	3	1	1	2	0	1	0	0	2	0
rg04_theta15p195_foilpm3	0	3	1	2	10	0	2	0	0	10	0
rg04_theta15p195_foilpm3	0	3	1	3	22	12	5	5	0	0	0
rg04_theta15p195_foilpm3	0	3	1	4	46	24	10	8	0	0	0
rg04_theta15p195_foilpm3	0	3	1	5	70	24	14	8	19	0	0
rg04_theta15p195_foilpm3	0	3	1	6	105	24	21	14	37	0	0
rg04_theta15p195_foilpm3	0	3	2	1	4	0	1	0	0	4	0
rg04_theta15p195_foilpm3	0	3	2	2	24	16	5	5	0	0	0
rg04_theta15p195_foilpm3	0	3	2	3	2	0	1	0	0	2	0
rg04_theta15p195_foilpm3	0	3	2	4	66	24	14	10	13	0	0
rg04_theta15p195_foilpm3	0	3	2	5	99	24	20	15	41	0	0
rg04_theta15p195_foilpm3	0	3	2	6	133	24	27	19	62	0	0
rg04_theta15p195_foilpm3	0	3	3	1	14	9	3	2	0	0	0
rg04_theta15p195_foilpm3	0	3	3	2	26	16	6	3	0	0	0
rg04_theta15p195_foilpm3	0	3	3	3	47	24	10	9	7	0	0
rg04_theta15p195_foilpm3	0	3	3	4	78	24	16	13	23	0	0
rg04_theta15p195_foilpm3	0	3	3	5	131	24	27	18	66	0	0
rg04_theta15p195_foilpm3	0	3	3	6	181	24	37	28	96	0	0
rg04_theta15p195_foilpm3	0	3	4	1	19	12	4	4	0	0	0
rg04_theta15p195_foilpm3	0	3	4	2	31	21	7	5	0	0	0
rg04_theta15p195_foilpm3	0	3	4	3	43	24	9	7	2	0	0
rg04_theta15p195_foilpm3	0	3	4	4	19	9	4	3	0	0	0
rg04_theta15p195_foilpm3	0	3	4	5	96	24	20	17	36	0	0
rg04_theta15p195_foilpm3	0	3	4	6	172	24	35	24	85	0	0
rg04_theta15p195_foilpm3	0	3	5	1	15	10	3	2	0	0	0
rg04_theta15p195_foilpm3	0	3	5	2	29	19	6	4	0	0	0
rg04_theta15p195_foilpm3	0	3	5	3	43	24	9	9	3	0	0
rg04_theta15p195_foilpm3	0	3	5	4	68	24	14	11	18	0	0
rg04_theta15p195_foilpm3	0	3	5	5	1	0	1	0	0	1	0
rg04_theta15p195_foilpm3	0	3	5	6	156	24	32	26	75	0	0
rg04_theta15p195_foilpm3	0	3	6	1	9	0	2	0	0	9	0
rg04_theta15p195_foilpm3	0	3	6	2	16	8	4	3	0	0	0
rg04_theta15p195_foilpm3	0	3	6	3	38	24	8	8	2	0	0
rg04_theta15p195_foilpm3	0	3	6	4	66	24	14	9	15	0	0
rg04_theta15p195_foilpm3	0	3	6	5	97	24	20	14	37	0	0
rg04_theta15p195_foilpm3	0	3	6	6	151	24	31	25	67	0	0
rg04_theta15p195_foilpm3	0	3	7	1	3	0	1	0	0	3	0
rg04_theta15p195_foilpm3	0	3	7	2	16	8	4	4	0	0	0
rg04_theta15p195_foilpm3	0	3	7	3	18	12	4	3	0	0	0
rg04_theta15p195_foilpm3	0	3	7	4	51	24	11	8	10	0	0
rg04_theta15p195_foilpm3	0	3	7	5	72	24	15	14	19	0	0
rg04_theta15p195_foilpm3	0	3	7	6	92	24	19	15	39	0	0
rg04_theta15p195_foilpm3	0	3	8	2	6	0	2	0	0	6	0
rg04_theta15p195_foilpm3	0	3	8	3	20	14	4	4	0	0	0
rg04_theta15p195_foilpm3	0	3	8	4	34	21	7	5	0	0	0
rg04_theta15p195_foilpm3	0	3	8	5	52	24	11	5	12	0	0
rg04_theta15p195_foilpm3	0	4	0	2	1	0	1	0	0	1	0
rg04_theta15p195_foilpm3	0	4	0	3	1	0	1	0	0	1	0
rg04_theta15p195_foilpm3	0	4	0	4	12	0	3	0	0	12	0
rg04_theta15p195_foilpm3	0	4	0	5	14	9	3	2	0	0	0
rg04_theta15p195_foilpm3	0	4	1	2	3	0	1	0	0	3	0
rg04_theta15p195_foilpm3	0	4	1	3	12	0	3	0	0	12	0
rg04_theta15p195_foilpm3	0	4	1	4	24	17	5	4	1	0	0
rg04_theta15p195_foilpm3	0	4	1	5	37	17	8	5	9	0	0
rg04_theta15p195_foilpm3	0	4	1	6	58	17	12	11	21	0	0
rg04_theta15p195_foilpm3	0	4	2	2	10	0	2	0	0	10	0
rg04_theta15p195_foilpm3	0	4	2	4	25	17	5	5	0	0	0
rg04_theta15p195_foilpm3	0	4	2	5	45	17	9	6	14	0	0
rg04_theta15p195_foilpm3	0	4	2	6	71	17	15	12	31	0	0
rg04_theta15p195_foilpm3	0	4	3	2	7	0	2	0	0	7	0
rg04_theta15p195_foilpm3	0	4	3	3	5	0	1	0	0	5	0
rg04_theta15p195_foilpm3	0	4	3	4	23	16	5	4	0	0	0
rg04_theta15p195_foilpm3	0	4	3	5	56	17	12	8	20	0	0
rg04_theta15p195_foilpm3	0	4	3	6	88	17	18	17	37	0	0
rg04_theta15p195_foilpm3	0	4	4	2	13	8	3	1	0	0	0
rg04_theta15p195_foilpm3	0	4	4	3	19	12	4	4	0	0	0
rg04_theta15p195_foilpm3	0	4	4	4	15	10	3	3	0	0	0
rg04_theta15p195_foilpm3	0	4	4	5	49	17	10	6	17	0	0
rg04_theta15p195_foilpm3	0	4	4	6	87	17	18	13	39	0	0
rg04_theta15p195_foilpm3	0	4	5	2	11	0	3	0	0	11	0
rg04_theta15p195_foilpm3	0	4	5	3	23	15	5	5	0	0	0
rg04_theta15p195_foilpm3	0	4	5	4	32	17	7	5	3	0	0
rg04_theta15p195_foilpm3	0	4	5	5	2	0	1	0	0	2	0
rg04_theta15p195_foilpm3	0	4	5	6	92	17	19	17	42	0	0
rg04_theta15p195_foilpm3	0	4	6	2	8	0	2	0	0	8	0
rg04_theta15p195_foilpm3	0	4	6	3	14	10	3	2	0	0	0
rg04_theta15p195_foilpm3	0	4	6	4	21	11	5	4	0	0	0
rg04_theta15p195_foilpm3	0	4	6	5	48	17	10	7	14	0	0
rg04_theta15p195_foilpm3	0	4	6	6	52	17	11	10	17	0	0
rg04_theta15p195_foilpm3	0	4	7	2	5	0	1	0	0	5	0
rg04_theta15p195_foilpm3	0	4	7	3	3	0	1	0	0	3	0
rg04_theta15p195_foilpm3	0	4	7	4	17	11	4	4	0	0	0
rg04_theta15p195_foilpm3	0	4	7	5	30	17	6	3	0	0	0
rg04_theta15p195_foilpm3	0	4	7	6	50	17	10	9	16	0	0
rg04_theta15p195_foilpm3	0	4	8	3	6	0	2	0	0	6	0
rg04_theta15p195_foilpm3	0	4	8	4	13	9	3	2	0	0	0
rg04_theta15p195_foilpm3	0	4	8	5	19	14	4	4	0	0	0
rg04_theta15p195_foilpm3	1	0	0	2	1	0	1	0	0	1	0
rg04_theta15p195_foilpm3	1	0	0	3	15	11	3	3	0	0	0
rg04_theta15p195_foilpm3	1	0	0	4	16	11	4	3	0	0	0
rg04_theta15p195_foilpm3	1	0	0	5	35	16	7	4	6	0	0
rg04_theta15p195_foilpm3	1	0	0	6	32	16	7	5	3	0	0
rg04_theta15p195_foilpm3	1	0	0	7	1	0	1	0	0	1	0
rg04_theta15p195_foilpm3	1	0	1	2	18	12	4	3	0	0	0
rg04_theta15p195_foilpm3	1	0	1	3	14	8	3	2	0	0	0
rg04_theta15p195_foilpm3	1	0	1	4	39	16	8	5	9	0	0
rg04_theta15p195_foilpm3	1	0	1	5	52	16	11	7	12	0	0
rg04_theta15p195_foilpm3	1	0	1	6	50	16	10	6	16	0	0
rg04_theta15p195_foilpm3	1	0	2	2	20	10	4	0	0	0	0
rg04_theta15p195_foilpm3	1	0	2	3	5	0	1	0	0	5	0
rg04_theta15p195_foilpm3	1	0	2	4	40	16	8	6	9	0	0
rg04_theta15p195_foilpm3	1	0	2	5	54	16	11	6	14	0	0
rg04_theta15p195_foilpm3	1	0	2	6	86	16	18	14	30	0	0
rg04_theta15p195_foilpm3	1	0	2	7	12	0	3	0	0	12	0
rg04_theta15p195_foilpm3	1	0	3	2	20	11	4	3	0	0	0
rg04_theta15p195_foilpm3	1	0	3	3	35	16	7	7	7	0	0
rg04_theta15p195_foilpm3	1	0	3	4	36	16	8	6	5	0	0
rg04_theta15p195_foilpm3	1	0	3	5	63	16	13	8	24	0	0
rg04_theta15p195_foilpm3	1	0	3	6	93	16	19	14	44	0	0
rg04_theta15p195_foilpm3	1	0	3	7	19	11	4	3	0	0	0
rg04_theta15p195_foilpm3	1	0	4	2	21	11	5	2	0	0	0
rg04_theta15p195_foilpm3	1	0	4	3	40	16	8	4	4	0	0
rg04_theta15p195_foilpm3	1	0	4	4	9	0	2	0	0	9	0
rg04_theta15p195_foilpm3	1	0	4	5	71	16	15	10	28	0	0
rg04_theta15p195_foilpm3	1	0	4	6	86	16	18	10	37	0	0
rg04_theta15p195_foilpm3	1	0	4	7	24	13	5	4	0	0	0
rg04_theta15p195_foilpm3	1	0	5	2	11	0	3	0	0	11	0
rg04_theta15p195_foilpm3	1	0	5	3	24	15	5	5	0	0	0
rg04_theta15p195_foilpm3	1	0	5	4	45	16	9	8	12	0	0
rg04_theta15p195_foilpm3	1	0	5	6	64	16	13	11	21	0	0
rg04_theta15p195_foilpm3	1	0	5	7	16	10	4	4	0	0	0
rg04_theta15p195_foilpm3	1	0	6	2	9	0	2	0	0	9	0
rg04_theta15p195_foilpm3	1	0	6	3	20	10	4	2	0	0	0
rg04_theta15p195_foilpm3	1	0	6	4	41	16	9	6	9	0	0
rg04_theta15p195_foilpm3	1	0	6	5	45	16	9	7	9	0	0
rg04_theta15p195_foilpm3	1	0	6	6	74	16	15	11	28	0	0
rg04_theta15p195_foilpm3	1	0	6	7	11	0	3	0	0	11	0
rg04_theta15p195_foilpm3	1	0	7	2	5	0	1	0	0	5	0
rg04_theta15p195_foilpm3	1	0	7	3	17	11	4	3	0	0	0
rg04_theta15p195_foilpm3	1	0	7	4	26	16	6	4	1	0	0
rg04_theta15p195_foilpm3	1	0	7	5	26	16	6	1	0	0	0
rg04_theta15p195_foilpm3	1	0	7	6	44	16	9	6	9	0	0
rg04_theta15p195_foilpm3	1	0	7	7	1	0	1	0	0	1	0
rg04_theta15p195_foilpm3	1	0	8	3	4	0	1	0	0	4	0
rg04_theta15p195_foilpm3	1	0	8	4	6	0	2	0	0	6	0
rg04_theta15p195_foilpm3	1	0	8	5	13	10	3	2	0	0	0
rg04_theta15p195_foilpm3	1	0	8	6	20	12	4	3	0	0	0
rg04_theta15p195_foilpm3	1	1	0	2	1	0	1	0	0	1	0
rg04_theta15p195_foilpm3	1	1	0	3	20	15	4	4	0	0	0
rg04_theta15p195_foilpm3	1	1	0	4	34	24	7	4	0	0	0
rg04_theta15p195_foilpm3	1	1	0	5	44	29	9	7	0	0	0
rg04_theta15p195_foilpm3	1	1	0	6	44	25	9	7	0	0	0
rg04_theta15p195_foilpm3	1	1	1	2	21	14	5	4	0	0	0
rg04_theta15p195_foilpm3	1	1	1	3	31	21	7	5	0	0	0
rg04_theta15p195_foilpm3	1	1	1	4	40	28	8	7	0	0	0
rg04_theta15p195_foilpm3	1	1	1	5	70	33	14	12	16	0	0
rg04_theta15p195_foilpm3	1	1	1	6	86	33	18	13	22	0	0
rg04_theta15p195_foilpm3	1	1	1	7	4	0	1	0	0	4	0
rg04_theta15p195_foilpm3	1	1	2	2	12	0	3	0	0	12	0
rg04_theta15p195_foilpm3	1	1	2	3	1	0	1	0	0	1	0
rg04_theta15p195_foilpm3	1	1	2	4	67	33	14	10	9	0	0
rg04_theta15p195_foilpm3	1	1	2	5	81	33	17	16	21	0	0
rg04_theta15p195_foilpm3	1	1	2	6	95	33	19	15	21	0	0
rg04_theta15p195_foilpm3	1	1	2	7	58	33	12	9	8	0	0
rg04_theta15p195_foilpm3	1	1	3	2	33	18	7	7	0	0	0
rg04_theta15p195_foilpm3	1	1	3	3	38	22	8	7	0	0	0
rg04_theta15p195_foilpm3	1	1	3	4	70	33	14	13	12	0	0
rg04_theta15p195_foilpm3	1	1	3	5	94	33	19	12	30	0	0
rg04_theta15p195_foilpm3	1	1	3	6	115	33	23	18	41	0	0
rg04_theta15p195_foilpm3	1	1	3	7	103	33	21	19	38	0	0
rg04_theta15p195_foilpm3	1	1	4	2	42	27	9	8	0	0	0
rg04_theta15p195_foilpm3	1	1	4	3	47	30	10	8	0	0	0
rg04_theta15p195_foilpm3	1	1	4	4	18	13	4	3	0	0	0
rg04_theta15p195_foilpm3	1	1	4	5	84	33	17	16	23	0	0
rg04_theta15p195_foilpm3	1	1	4	6	136	33	28	19	53	0	0
rg04_theta15p195_foilpm3	1	1	4	7	146	33	30	20	61	0	0
rg04_theta15p195_foilpm3	1	1	5	2	13	9	3	2	0	0	0
rg04_theta15p195_foilpm3	1	1	5	3	50	31	10	8	0	0	0
rg04_theta15p195_foilpm3	1	1	5	4	64	33	13	12	9	0	0
rg04_theta15p195_foilpm3	1	1	5	5	4	0	1	0	0	4	0
rg04_theta15p195_foilpm3	1	1	5	6	116	33	24	20	38	0	0
rg04_theta15p195_foilpm3	1	1	5	7	107	33	22	20	41	0	0
rg04_theta15p195_foilpm3	1	1	6	2	17	10	4	3	0	0	0
rg04_theta15p195_foilpm3	1	1	6	3	34	25	7	6	0	0	0
rg04_theta15p195_foilpm3	1	1	6	4	41	27	9	5	0	0	0
rg04_theta15p195_foilpm3	1	1	6	5	75	33	15	11	19	0	0
rg04_theta15p195_foilpm3	1	1	6	6	98	33	20	16	28	0	0
rg04_theta15p195_foilpm3	1	1	6	7	81	33	17	13	23	0	0
rg04_theta15p195_foilpm3	1	1	7	2	13	9	3	1	0	0	0
rg04_theta15p195_foilpm3	1	1	7	3	26	18	6	5	0	0	0
rg04_theta15p195_foilpm3	1	1	7	4	45	31	9	8	0	0	0
rg04_theta15p195_foilpm3	1	1	7	5	62	33	13	9	8	0	0
rg04_theta15p195_foilpm3	1	1	7	6	83	33	17	12	20	0	0
rg04_theta15p195_foilpm3	1	1	7	7	2	0	1	0	0	2	0
rg04_theta15p195_foilpm3	1	1	8	3	28	16	6	5	0	0	0
rg04_theta15p195_foilpm3	1	1	8	4	20	12	4	4	0	0	0
rg04_theta15p195_foilpm3	1	1	8	5	50	32	10	6	0	0	0
rg04_theta15p195_foilpm3	1	1	8	6	52	32	11	11	0	0	0
rg04_theta15p195_foilpm3	1	2	0	3	20	13	4	4	0	0	0
rg04_theta15p195_foilpm3	1	2	0	4	28	21	6	5	0	0	0
rg04_theta15p195_foilpm3	1	2	0	5	59	34	12	10	1	0	0
rg04_theta15p195_foilpm3	1	2	0	6	93	34	19	10	29	0	0
rg04_theta15p195_foilpm3	1	2	1	2	22	16	5	4	0	0	0
rg04_theta15p195_foilpm3	1	2	1	3	36	23	8	8	0	0	0
rg04_theta15p195_foilpm3	1	2	1	4	53	34	11	9	1	0	0
rg04_theta15p195_foilpm3	1	2	1	5	77	34	16	15	15	0	0
rg04_theta15p195_foilpm3	1	2	1	6	125	34	25	18	44	0	0
rg04_theta15p195_foilpm3	1	2	1	7	2	0	1	0	0	2	0
rg04_theta15p195_foilpm3	1	2	2	2	10	0	2	0	0	10	0
rg04_theta15p195_foilpm3	1	2	2	3	3	0	1	0	0	3	0
rg04_theta15p195_foilpm3	1	2	2	4	70	34	14	14	12	0	0
rg04_theta15p195_foilpm3	1	2	2	5	102	34	21	17	29	0	0
rg04_theta15p195_foilpm3	1	2	2	6	132	34	27	21	51	0	0
rg04_theta15p195_foilpm3	1	2	2	7	195	34	39	33	103	0	0
rg04_theta15p195_foilpm3	1	2	3	2	30	19	6	6	0	0	0
rg04_theta15p195_foilpm3	1	2	3	3	50	34	10	8	1	0	0
rg04_theta15p195_foilpm3	1	2	3	4	90	34	18	14	27	0	0
rg04_theta15p195_foilpm3	1	2	3	5	129	34	26	22	54	0	0
rg04_theta15p195_foilpm3	1	2	3	6	187	34	38	32	91	0	0
rg04_theta15p195_foilpm3	1	2	3	7	214	34	43	39	116	0	0
rg04_theta15p195_foilpm3	1	2	4	2	23	17	5	3	0	0	0
rg04_theta15p195_foilpm3	1	2	4	3	56	34	12	10	7	0	0
rg04_theta15p195_foilpm3	1	2	4	4	27	18	6	5	0	0	0
rg04_theta15p195_foilpm3	1	2	4	5	140	34	28	24	60	0	0
rg04_theta15p195_foilpm3	1	2	4	6	188	34	38	30	87	0	0
rg04_theta15p195_foilpm3	1	2	4	7	240	34	48	42	127	0	0
rg04_theta15p195_foilpm3	1	2	5	2	35	21	7	3	0	0	0
rg04_theta15p195_foilpm3	1	2	5	3	61	34	13	9	11	0	0
rg04_theta15p195_foilpm3	1	2	5	4	105	34	21	14	35	0	0
rg04_theta15p195_foilpm3	1	2	5	6	172	34	35	32	84	0	0
rg04_theta15p195_foilpm3	1	2	5	7	228	34	46	40	112	0	0
rg04_theta15p195_foilpm3	1	2	6	2	25	16	5	3	0	0	0
rg04_theta15p195_foilpm3	1	2	6	3	45	32	9	9	0	0	0
rg04_theta15p195_foilpm3	1	2	6	4	66	34	14	11	8	0	0
rg04_theta15p195_foilpm3	1	2	6	5	109	34	22	21	37	0	0
rg04_theta15p195_foilpm3	1	2	6	6	152	34	31	22	64	0	0
rg04_theta15p195_foilpm3	1	2	6	7	199	34	40	37	99	0	0
rg04_theta15p195_foilpm3	1	2	7	2	19	14	4	4	0	0	0
rg04_theta15p195_foilpm3	1	2	7	3	25	17	5	3	0	0	0
rg04_theta15p195_foilpm3	1	2	7	4	54	34	11	9	3	0	0
rg04_theta15p195_foilpm3	1	2	7	5	81	34	17	16	19	0	0
rg04_theta15p195_foilpm3	1	2	7	6	108	34	22	17	35	0	0
rg04_theta15p195_foilpm3	1	2	7	7	1	0	1	0	0	1	0
rg04_theta15p195_foilpm3	1	2	8	3	18	11	4	4	0	0	0
rg04_theta15p195_foilpm3	1	2	8	4	40	28	8	7	0	0	0
rg04_theta15p195_foilpm3	1	2	8	5	62	34	13	12	7	0	0
rg04_theta15p195_foilpm3	1	2	8	6	82	34	17	12	19	0	0
rg04_theta15p195_foilpm3	1	3	0	3	10	0	2	0	0	10	0
rg04_theta15p195_foilpm3	1	3	0	4	8	0	2	0	0	8	0
rg04_theta15p195_foilpm3	1	3	0	5	41	22	9	7	3	0	0
rg04_theta15p195_foilpm3	1	3	0	6	51	22	11	9	9	0	0
rg04_theta15p195_foilpm3	1	3	1	2	17	9	4	4	0	0	0
rg04_theta15p195_foilpm3	1	3	1	3	12	0	3	0	0	12	0
rg04_theta15p195_foilpm3	1	3	1	4	28	16	6	6	0	0	0
rg04_theta15p195_foilpm3	1	3	1	5	47	22	10	4	8	0	0
rg04_theta15p195_foilpm3	1	3	1	6	87	22	18	13	30	0	0
rg04_theta15p195_foilpm3	1	3	1	7	1	0	1	0	0	1	0
rg04_theta15p195_foilpm3	1	3	2	2	10	0	2	0	0	10	0
rg04_theta15p195_foilpm3	1	3	2	3	1	0	1	0	0	1	0
rg04_theta15p195_foilpm3	1	3	2	4	57	22	12	10	14	0	0
rg04_theta15p195_foilpm3	1	3	2	5	63	22	13	11	15	0	0
rg04_theta15p195_foilpm3	1	3	2	6	119	22	24	16	53	0	0
rg04_theta15p195_foilpm3	1	3	2	7	148	22	30	24	75	0	0
rg04_theta15p195_foilpm3	1	3	3	2	20	13	4	1	0	0	0
rg04_theta15p195_foilpm3	1	3	3	3	24	14	5	2	0	0	0
rg04_theta15p195_foilpm3	1	3	3	4	56	22	12	9	15	0	0
rg04_theta15p195_foilpm3	1	3	3	5	97	22	20	16	39	0	0
rg04_theta15p195_foilpm3	1	3	3	6	111	22	23	17	48	0	0
rg04_theta15p195_foilpm3	1	3	3	7	193	22	39	30	97	0	0
rg04_theta15p195_foilpm3	1	3	4	2	16	10	4	4	0	0	0
rg04_theta15p195_foilpm3	1	3	4	3	20	12	4	2	0	0	0
rg04_theta15p195_foilpm3	1	3	4	4	16	10	4	2	0	0	0
rg04_theta15p195_foilpm3	1	3	4	5	70	22	14	12	21	0	0
rg04_theta15p195_foilpm3	1	3	4	6	148	22	30	27	71	0	0
rg04_theta15p195_foilpm3	1	3	4	7	192	22	39	34	100	0	0
rg04_theta15p195_foilpm3	1	3	5	2	8	0	2	0	0	8	0
rg04_theta15p195_foilpm3	1	3	5	3	28	18	6	6	0	0	0
rg04_theta15p195_foilpm3	1	3	5	4	46	22	10	8	8	0	0
rg04_theta15p195_foilpm3	1	3	5	6	133	22	27	21	56	0	0
rg04_theta15p195_foilpm3	1	3	5	7	180	22	36	24	91	0	0
rg04_theta15p195_foilpm3	1	3	6	2	10	0	2	0	0	10	0
rg04_theta15p195_foilpm3	1	3	6	3	21	12	5	4	0	0	0
rg04_theta15p195_foilpm3	1	3	6	4	27	15	6	5	0	0	0
rg04_theta15p195_foilpm3	1	3	6	5	54	22	11	11	11	0	0
rg04_theta15p195_foilpm3	1	3	6	6	103	22	21	18	42	0	0
rg04_theta15p195_foilpm3	1	3	6	7	148	22	30	25	70	0	0
rg04_theta15p195_foilpm3	1	3	7	2	4	0	1	0	0	4	0
rg04_theta15p195_foilpm3	1	3	7	3	20	13	4	3	0	0	0
rg04_theta15p195_foilpm3	1	3	7	4	34	22	7	6	1	0	0
rg04_theta15p195_foilpm3	1	3	7	5	64	22	13	9	20	0	0
rg04_theta15p195_foilpm3	1	3	7	6	93	22	19	15	39	0	0
rg04_theta15p195_foilpm3	1	3	7	7	10	0	2	0	0	10	0
rg04_theta15p195_foilpm3	1	3	8	3	12	0	3	0	0	12	0
rg04_theta15p195_foilpm3	1	3	8	4	18	13	4	4	0	0	0
rg04_theta15p195_foilpm3	1	3	8	5	37	19	8	6	0	0	0
rg04_theta15p195_foilpm3	1	3	8	6	61	22	13	9	14	0	0
rg04_theta15p195_foilpm3	1	4	0	3	3	0	1	0	0	3	0
rg04_theta15p195_foilpm3	1	4	0	4	7	0	2	0	0	7	0
rg04_theta15p195_foilpm3	1	4	0	5	14	11	3	2	0	0	0
rg04_theta15p195_foilpm3	1	4	0	6	12	0	3	0	0	12	0
rg04_theta15p195_foilpm3	1	4	1	3	2	0	1	0	0	2	0
rg04_theta15p195_foilpm3	1	4	1	4	13	10	3	3	0	0	0
rg04_theta15p195_foilpm3	1	4	1	5	12	0	3	0	0	12	0
rg04_theta15p195_foilpm3	1	4	1	6	33	17	7	5	6	0	0
rg04_theta15p195_foilpm3	1	4	2	4	13	10	3	3	0	0	0
rg04_theta15p195_foilpm3	1	4	2	5	21	13	5	5	0	0	0
rg04_theta15p195_foilpm3	1	4	2	6	51	17	11	9	15	0	0
rg04_theta15p195_foilpm3	1	4	2	7	72	17	15	12	34	0	0
rg04_theta15p195_foilpm3	1	4	3	3	10	0	2	0	0	10	0
rg04_theta15p195_foilpm3	1	4	3	4	12	0	3	0	0	12	0
rg04_theta15p195_foilpm3	1	4	3	5	18	11	4	4	0	0	0
rg04_theta15p195_foilpm3	1	4	3	6	57	17	12	9	22	0	0
rg04_theta15p195_foilpm3	1	4	3	7	107	17	22	18	57	0	0
rg04_theta15p195_foilpm3	1	4	4	3	12	0	3	0	0	12	0
rg04_theta15p195_foilpm3	1	4	4	4	3	0	1	0	0	3	0
rg04_theta15p195_foilpm3	1	4	4	5	26	17	6	2	2	0	0
rg04_theta15p195_foilpm3	1	4	4	6	64	17	13	11	22	0	0
rg04_theta15p195_foilpm3	1	4	4	7	78	17	16	15	32	0	0
rg04_theta15p195_foilpm3	1	4	5	3	8	0	2	0	0	8	0
rg04_theta15p195_foilpm3	1	4	5	4	21	13	5	3	0	0	0
rg04_theta15p195_foilpm3	1	4	5	5	1	0	1	0	0	1	0
rg04_theta15p195_foilpm3	1	4	5	6	59	17	12	9	23	0	0
rg04_theta15p195_foilpm3	1	4	5	7	95	17	19	13	48	0	0
rg04_theta15p195_foilpm3	1	4	6	3	1	0	1	0	0	1	0
rg04_theta15p195_foilpm3	1	4	6	4	14	10	3	2	0	0	0
rg04_theta15p195_foilpm3	1	4	6	5	31	17	7	7	1	0	0
rg04_theta15p195_foilpm3	1	4	6	6	49	17	10	8	13	0	0
rg04_theta15p195_foilpm3	1	4	6	7	58	17	12	10	20	0	0
rg04_theta15p195_foilpm3	1	4	7	3	3	0	1	0	0	3	0
rg04_theta15p195_foilpm3	1	4	7	4	5	0	1	0	0	5	0
rg04_theta15p195_foilpm3	1	4	7	5	15	9	3	1	0	0	0
rg04_theta15p195_foilpm3	1	4	7	6	40	17	8	4	12	0	0
rg04_theta15p195_foilpm3	1	4	7	7	2	0	1	0	0	2	0
rg04_theta15p195_foilpm3	1	4	8	3	2	0	1	0	0	2	0
rg04_theta15p195_foilpm3	1	4	8	4	7	0	2	0	0	7	0
rg04_theta15p195_foilpm3	1	4	8	5	7	0	2	0	0	7	0
rg04_theta15p195_foilpm3	1	4	8	6	11	0	3	0	0	11	0
rg05_theta12p495_foilpm3	0	0	0	2	31	17	7	2	0	0	0
rg05_theta12p495_foilpm3	0	0	0	3	27	16	6	4	0	0	0
rg05_theta12p495_foilpm3	0	0	0	4	44	26	9	5	1	0	0
rg05_theta12p495_foilpm3	0	0	0	5	30	17	6	2	0	0	0
rg05_theta12p495_foilpm3	0	0	0	6	3	0	1	0	0	3	0
rg05_theta12p495_foilpm3	0	0	1	2	23	14	5	5	0	0	0
rg05_theta12p495_foilpm3	0	0	1	3	50	26	10	9	4	0	0
rg05_theta12p495_foilpm3	0	0	1	4	62	26	13	11	12	0	0
rg05_theta12p495_foilpm3	0	0	1	5	32	20	7	5	0	0	0
rg05_theta12p495_foilpm3	0	0	1	6	7	0	2	0	0	7	0
rg05_theta12p495_foilpm3	0	0	2	2	46	26	10	5	0	0	0
rg05_theta12p495_foilpm3	0	0	2	3	9	0	2	0	0	9	0
rg05_theta12p495_foilpm3	0	0	2	4	73	26	15	7	17	0	0
rg05_theta12p495_foilpm3	0	0	2	5	62	26	13	5	4	0	0
rg05_theta12p495_foilpm3	0	0	2	6	45	19	9	6	0	0	0
rg05_theta12p495_foilpm3	0	0	3	2	30	17	6	1	0	0	0
rg05_theta12p495_foilpm3	0	0	3	3	50	26	10	7	6	0	0
rg05_theta12p495_foilpm3	0	0	3	4	64	26	13	9	16	0	0
rg05_theta12p495_foilpm3	0	0	3	5	100	26	20	11	38	0	0
rg05_theta12p495_foilpm3	0	0	3	6	88	26	18	8	16	0	0
rg05_theta12p495_foilpm3	0	0	4	2	51	26	11	9	1	0	0
rg05_theta12p495_foilpm3	0	0	4	3	59	26	12	9	6	0	0
rg05_theta12p495_foilpm3	0	0	4	4	24	13	5	3	0	0	0
rg05_theta12p495_foilpm3	0	0	4	5	85	26	17	11	19	0	0
rg05_theta12p495_foilpm3	0	0	4	6	123	26	25	15	29	0	0
rg05_theta12p495_foilpm3	0	0	5	2	32	18	7	6	0	0	0
rg05_theta12p495_foilpm3	0	0	5	3	53	26	11	8	5	0	0
rg05_theta12p495_foilpm3	0	0	5	4	70	26	14	11	13	0	0
rg05_theta12p495_foilpm3	0	0	5	5	2	0	1	0	0	2	0
rg05_theta12p495_foilpm3	0	0	5	6	96	26	20	13	38	0	0
rg05_theta12p495_foilpm3	0	0	6	2	19	11	4	1	0	0	0
rg05_theta12p495_foilpm3	0	0	6	3	52	26	11	8	7	0	0
rg05_theta12p495_foilpm3	0	0	6	4	67	26	14	7	13	0	0
rg05_theta12p495_foilpm3	0	0	6	5	73	26	15	10	20	0	0
rg05_theta12p495_foilpm3	0	0	6	6	91	26	19	16	24	0	0
rg05_theta12p495_foilpm3	0	0	7	2	18	10	4	2	0	0	0
rg05_theta12p495_foilpm3	0	0	7	3	33	20	7	6	0	0	0
rg05_theta12p495_foilpm3	0	0	7	4	38	23	8	5	0	0	0
rg05_theta12p495_foilpm3	0	0	7	5	44	25	9	8	0	0	0
rg05_theta12p495_foilpm3	0	0	7	6	60	26	12	11	7	0	0
rg05_theta12p495_foilpm3	0	0	8	2	6	0	2	0	0	6	0
rg05_theta12p495_foilpm3	0	0	8	3	15	10	3	3	0	0	0
rg05_theta12p495_foilpm3	0	0	8	4	21	13	5	2	0	0	0
rg05_theta12p495_foilpm3	0	0	8	5	29	20	6	5	0	0	0
rg05_theta12p495_foilpm3	0	0	8	6	7	0	2	0	0	7	0
rg05_theta12p495_foilpm3	0	1	0	2	36	23	8	7	0	0	0
rg05_theta12p495_foilpm3	0	1	0	3	45	31	9	7	0	0	0
rg05_theta12p495_foilpm3	0	1	0	4	69	39	14	12	0	0	0
rg05_theta12p495_foilpm3	0	1	0	5	88	48	18	13	3	0	0
rg05_theta12p495_foilpm3	0	1	0	6	4	0	1	0	0	4	0
rg05_theta12p495_foilpm3	0	1	1	1	11	0	3	0	0	11	0
rg05_theta12p495_foilpm3	0	1	1	2	46	24	10	8	0	0	0
rg05_theta12p495_foilpm3	0	1	1	3	76	42	16	12	0	0	0
rg05_theta12p495_foilpm3	0	1	1	4	113	48	23	14	13	0	0
rg05_theta12p495_foilpm3	0	1	1	5	107	48	22	12	8	0	0
rg05_theta12p495_foilpm3	0	1	1	6	61	37	13	9	0	0	0
rg05_theta12p495_foilpm3	0	1	2	1	39	23	8	3	0	0	0
rg05_theta12p495_foilpm3	0	1	2	2	69	42	14	8	0	0	0
rg05_theta12p495_foilpm3	0	1	2	3	3	0	1	0	0	3	0
rg05_theta12p495_foilpm3	0	1	2	4	124	48	25	16	26	0	0
rg05_theta12p495_foilpm3	0	1	2	5	149	48	30	23	45	0	0
rg05_theta12p495_foilpm3	0	1	2	6	126	48	26	21	29	0	0
rg05_theta12p495_foilpm3	0	1	3	1	39	20	8	7	0	0	0
rg05_theta12p495_foilpm3	0	1	3	2	71	42	15	12	0	0	0
rg05_theta12p495_foilpm3	0	1	3	3	95	48	19	13	12	0	0
rg05_theta12p495_foilpm3	0	1	3	4	133	48	27	18	29	0	0
rg05_theta12p495_foilpm3	0	1	3	5	134	48	27	22	40	0	0
rg05_theta12p495_foilpm3	0	1	3	6	164	48	33	27	54	0	0
rg05_theta12p495_foilpm3	0	1	4	1	50	32	10	8	0	0	0
rg05_theta12p495_foilpm3	0	1	4	2	86	48	18	11	5	0	0
rg05_theta12p495_foilpm3	0	1	4	3	101	48	21	19	9	0	0
rg05_theta12p495_foilpm3	0	1	4	4	38	24	8	8	0	0	0
rg05_theta12p495_foilpm3	0	1	4	5	188	48	38	34	60	0	0
rg05_theta12p495_foilpm3	0	1	4	6	205	48	41	35	75	0	0
rg05_theta12p495_foilpm3	0	1	5	1	48	26	10	10	0	0	0
rg05_theta12p495_foilpm3	0	1	5	2	67	44	14	12	0	0	0
rg05_theta12p495_foilpm3	0	1	5	3	121	48	25	23	30	0	0
rg05_theta12p495_foilpm3	0	1	5	4	142	48	29	25	41	0	0
rg05_theta12p495_foilpm3	0	1	5	5	13	0	3	0	0	13	0
rg05_theta12p495_foilpm3	0	1	5	6	231	48	47	36	90	0	0
rg05_theta12p495_foilpm3	0	1	6	1	40	21	8	5	0	0	0
rg05_theta12p495_foilpm3	0	1	6	2	70	48	14	8	0	0	0
rg05_theta12p495_foilpm3	0	1	6	3	84	48	17	15	8	0	0
rg05_theta12p495_foilpm3	0	1	6	4	88	48	18	16	11	0	0
rg05_theta12p495_foilpm3	0	1	6	5	132	48	27	19	34	0	0
rg05_theta12p495_foilpm3	0	1	6	6	166	48	34	33	56	0	0
rg05_theta12p495_foilpm3	0	1	7	1	14	11	3	2	0	0	0
rg05_theta12p495_foilpm3	0	1	7	2	46	26	10	6	0	0	0
rg05_theta12p495_foilpm3	0	1	7	3	67	43	14	10	0	0	0
rg05_theta12p495_foilpm3	0	1	7	4	101	48	21	16	14	0	0
rg05_theta12p495_foilpm3	0	1	7	5	111	48	23	15	24	0	0
rg05_theta12p495_foilpm3	0	1	7	6	124	48	25	22	28	0	0
rg05_theta12p495_foilpm3	0	1	8	2	26	15	6	3	0	0	0
rg05_theta12p495_foilpm3	0	1	8	3	52	33	11	9	0	0	0
rg05_theta12p495_foilpm3	0	1	8	4	72	48	15	14	3	0	0
rg05_theta12p495_foilpm3	0	1	8	5	97	48	20	15	13	0	0
rg05_theta12p495_foilpm3	0	1	8	6	15	0	3	0	0	15	0
rg05_theta12p495_foilpm3	0	2	0	2	66	42	14	9	0	0	0
rg05_theta12p495_foilpm3	0	2	0	3	88	53	18	15	0	0	0
rg05_theta12p495_foilpm3	0	2	0	4	108	55	22	18	16	0	0
rg05_theta12p495_foilpm3	0	2	0	5	161	55	33	26	52	0	0
rg05_theta12p495_foilpm3	0	2	0	6	3	0	1	0	0	3	0
rg05_theta12p495_foilpm3	0	2	1	1	20	13	4	3	0	0	0
rg05_theta12p495_foilpm3	0	2	1	2	90	53	18	16	0	0	0
rg05_theta12p495_foilpm3	0	2	1	3	123	55	25	21	10	0	0
rg05_theta12p495_foilpm3	0	2	1	4	157	55	32	24	43	0	0
rg05_theta12p495_foilpm3	0	2	1	5	208	55	42	35	65	0	0
rg05_theta12p495_foilpm3	0	2	1	6	188	55	38	27	63	0	0
rg05_theta12p495_foilpm3	0	2	2	1	55	34	11	9	0	0	0
rg05_theta12p495_foilpm3	0	2	2	2	98	55	20	16	11	0	0
rg05_theta12p495_foilpm3	0	2	2	3	1	0	1	0	0	1	0
rg05_theta12p495_foilpm3	0	2	2	4	177	55	36	28	51	0	0
rg05_theta12p495_foilpm3	0	2	2	5	273	55	55	45	112	0	0
rg05_theta12p495_foilpm3	0	2	2	6	289	55	58	46	132	0	0
rg05_theta12p495_foilpm3	0	2	3	1	80	53	16	11	0	0	0
rg05_theta12p495_foilpm3	0	2	3	2	137	55	28	20	29	0	0
rg05_theta12p495_foilpm3	0	2	3	3	197	55	40	29	73	0	0
rg05_theta12p495_foilpm3	0	2	3	4	278	55	56	43	123	0	0
rg05_theta12p495_foilpm3	0	2	3	5	322	55	65	50	141	0	0
rg05_theta12p495_foilpm3	0	2	3	6	377	55	76	61	184	0	0
rg05_theta12p495_foilpm3	0	2	4	1	68	46	14	10	0	0	0
rg05_theta12p495_foilpm3	0	2	4	2	144	55	29	23	32	0	0
rg05_theta12p495_foilpm3	0	2	4	3	187	55	38	34	56	0	0
rg05_theta12p495_foilpm3	0	2	4	4	76	49	16	11	0	0	0
rg05_theta12p495_foilpm3	0	2	4	5	332	55	67	54	148	0	0
rg05_theta12p495_foilpm3	0	2	4	6	383	55	77	66	181	0	0
rg05_theta12p495_foilpm3	0	2	5	1	73	48	15	14	0	0	0
rg05_theta12p495_foilpm3	0	2	5	2	117	55	24	19	19	0	0
rg05_theta12p495_foilpm3	0	2	5	3	180	55	36	29	57	0	0
rg05_theta12p495_foilpm3	0	2	5	4	236	55	48	41	86	0	0
rg05_theta12p495_foilpm3	0	2	5	5	10	0	2	0	0	10	0
rg05_theta12p495_foilpm3	0	2	5	6	407	55	82	64	211	0	0
rg05_theta12p495_foilpm3	0	2	6	1	66	41	14	10	0	0	0
rg05_theta12p495_foilpm3	0	2	6	2	98	55	20	17	7	0	0
rg05_theta12p495_foilpm3	0	2	6	3	167	55	34	30	49	0	0
rg05_theta12p495_foilpm3	0	2	6	4	237	55	48	39	96	0	0
rg05_theta12p495_foilpm3	0	2	6	5	283	55	57	44	134	0	0
rg05_theta12p495_foilpm3	0	2	6	6	328	55	66	50	152	0	0
rg05_theta12p495_foilpm3	0	2	7	1	23	17	5	2	0	0	0
rg05_theta12p495_foilpm3	0	2	7	2	78	53	16	14	0	0	0
rg05_theta12p495_foilpm3	0	2	7	3	134	55	27	22	30	0	0
rg05_theta12p495_foilpm3	0	2	7	4	154	55	31	28	42	0	0
rg05_theta12p495_foilpm3	0	2	7	5	222	55	45	35	90	0	0
rg05_theta12p495_foilpm3	0	2	7	6	230	55	46	38	92	0	0
rg05_theta12p495_foilpm3	0	2	8	2	54	36	11	8	0	0	0
rg05_theta12p495_foilpm3	0	2	8	3	93	55	19	16	10	0	0
rg05_theta12p495_foilpm3	0	2	8	4	118	56	24	19	24	0	0
rg05_theta12p495_foilpm3	0	2	8	5	149	55	30	22	47	0	0
rg05_theta12p495_foilpm3	0	2	8	6	4	0	1	0	0	4	0
rg05_theta12p495_foilpm3	0	3	0	2	30	19	6	4	0	0	0
rg05_theta12p495_foilpm3	0	3	0	3	81	50	17	14	0	0	0
rg05_theta12p495_foilpm3	0	3	0	4	102	56	21	18	0	0	0
rg05_theta12p495_foilpm3	0	3	0	5	127	69	26	20	8	0	0
rg05_theta12p495_foilpm3	0	3	0	6	3	0	1	0	0	3	0
rg05_theta12p495_foilpm3	0	3	1	1	4	0	1	0	0	4	0
rg05_theta12p495_foilpm3	0	3	1	2	42	28	9	7	0	0	0
rg05_theta12p495_foilpm3	0	3	1	3	92	58	19	15	0	0	0
rg05_theta12p495_foilpm3	0	3	1	4	134	69	27	25	15	0	0
rg05_theta12p495_foilpm3	0	3	1	5	196	69	40	26	43	0	0
rg05_theta12p495_foilpm3	0	3	1	6	228	69	46	29	61	0	0
rg05_theta12p495_foilpm3	0	3	2	1	35	22	7	6	0	0	0
rg05_theta12p495_foilpm3	0	3	2	2	69	46	14	13	0	0	0
rg05_theta12p495_foilpm3	0	3	2	3	1	0	1	0	0	1	0
rg05_theta12p495_foilpm3	0	3	2	4	189	69	38	30	50	0	0
rg05_theta12p495_foilpm3	0	3	2	5	232	69	47	36	71	0	0
rg05_theta12p495_foilpm3	0	3	2	6	318	69	64	49	130	0	0
rg05_theta12p495_foilpm3	0	3	3	1	58	34	12	10	0	0	0
rg05_theta12p495_foilpm3	0	3	3	2	99	53	20	15	0	0	0
rg05_theta12p495_foilpm3	0	3	3	3	124	69	25	19	5	0	0
rg05_theta12p495_foilpm3	0	3	3	4	192	69	39	31	48	0	0
rg05_theta12p495_foilpm3	0	3	3	5	257	69	52	44	90	0	0
rg05_theta12p495_foilpm3	0	3	3	6	323	69	65	51	123	0	0
rg05_theta12p495_foilpm3	0	3	4	1	51	33	11	9	0	0	0
rg05_theta12p495_foilpm3	0	3	4	2	115	66	23	18	0	0	0
rg05_theta12p495_foilpm3	0	3	4	3	156	69	32	23	26	0	0
rg05_theta12p495_foilpm3	0	3	4	4	53	29	11	9	0	0	0
rg05_theta12p495_foilpm3	0	3	4	5	298	69	60	43	118	0	0
rg05_theta12p495_foilpm3	0	3	4	6	401	69	81	63	180	0	0
rg05_theta12p495_foilpm3	0	3	5	1	60	37	12	10	0	0	0
rg05_theta12p495_foilpm3	0	3	5	2	106	61	22	14	0	0	0
rg05_theta12p495_foilpm3	0	3	5	3	127	69	26	20	7	0	0
rg05_theta12p495_foilpm3	0	3	5	4	218	69	44	32	72	0	0
rg05_theta12p495_foilpm3	0	3	5	5	3	0	1	0	0	3	0
rg05_theta12p495_foilpm3	0	3	5	6	356	69	72	52	146	0	0
rg05_theta12p495_foilpm3	0	3	6	1	42	25	9	7	0	0	0
rg05_theta12p495_foilpm3	0	3	6	2	85	55	17	11	0	0	0
rg05_theta12p495_foilpm3	0	3	6	3	115	69	23	20	1	0	0
rg05_theta12p495_foilpm3	0	3	6	4	156	69	32	23	17	0	0
rg05_theta12p495_foilpm3	0	3	6	5	250	69	50	39	83	0	0
rg05_theta12p495_foilpm3	0	3	6	6	318	69	64	44	124	0	0
rg05_theta12p495_foilpm3	0	3	7	1	23	16	5	3	0	0	0
rg05_theta12p495_foilpm3	0	3	7	2	71	46	15	8	0	0	0
rg05_theta12p495_foilpm3	0	3	7	3	71	42	15	7	0	0	0
rg05_theta12p495_foilpm3	0	3	7	4	150	69	30	26	23	0	0
rg05_theta12p495_foilpm3	0	3	7	5	196	69	40	29	40	0	0
rg05_theta12p495_foilpm3	0	3	7	6	238	69	48	34	83	0	0
rg05_theta12p495_foilpm3	0	3	8	2	31	21	7	4	0	0	0
rg05_theta12p495_foilpm3	0	3	8	3	80	46	16	12	0	0	0
rg05_theta12p495_foilpm3	0	3	8	4	102	55	21	15	0	0	0
rg05_theta12p495_foilpm3	0	3	8	5	128	69	26	16	7	0	0
rg05_theta12p495_foilpm3	0	3	8	6	2	0	1	0	0	2	0
rg05_theta12p495_foilpm3	0	4	0	2	12	0	3	0	0	12	0
rg05_theta12p495_foilpm3	0	4	0	3	37	25	8	6	0	0	0
rg05_theta12p495_foilpm3	0	4	0	4	53	36	11	10	0	0	0
rg05_theta12p495_foilpm3	0	4	0	5	79	38	16	11	16	0	0
rg05_theta12p495_foilpm3	0	4	0	6	2	0	1	0	0	2	0
rg05_theta12p495_foilpm3	0	4	1	1	5	0	1	0	0	5	0
rg05_theta12p495_foilpm3	0	4	1	2	30	19	6	4	0	0	0
rg05_theta12p495_foilpm3	0	4	1	3	39	24	8	6	0	0	0
rg05_theta12p495_foilpm3	0	4	1	4	84	38	17	14	17	0	0
rg05_theta12p495_foilpm3	0	4	1	5	128	38	26	23	42	0	0
rg05_theta12p495_foilpm3	0	4	1	6	179	38	36	29	81	0	0
rg05_theta12p495_foilpm3	0	4	2	1	21	13	5	5	0	0	0
rg05_theta12p495_foilpm3	0	4	2	2	42	27	9	8	0	0	0
rg05_theta12p495_foilpm3	0	4	2	4	104	38	21	19	35	0	0
rg05_theta12p495_foilpm3	0	4	2	5	156	38	32	25	58	0	0
rg05_theta12p495_foilpm3	0	4	2	6	222	38	45	36	101	0	0
rg05_theta12p495_foilpm3	0	4	3	1	32	21	7	5	0	0	0
rg05_theta12p495_foilpm3	0	4	3	2	50	37	10	6	0	0	0
rg05_theta12p495_foilpm3	0	4	3	3	75	38	15	12	13	0	0
rg05_theta12p495_foilpm3	0	4	3	4	129	38	26	19	41	0	0
rg05_theta12p495_foilpm3	0	4	3	5	193	38	39	29	81	0	0
rg05_theta12p495_foilpm3	0	4	3	6	284	38	57	43	142	0	0
rg05_theta12p495_foilpm3	0	4	4	1	36	24	8	4	0	0	0
rg05_theta12p495_foilpm3	0	4	4	2	45	30	9	7	0	0	0
rg05_theta12p495_foilpm3	0	4	4	3	75	38	15	12	6	0	0
rg05_theta12p495_foilpm3	0	4	4	4	40	26	8	7	0	0	0
rg05_theta12p495_foilpm3	0	4	4	5	206	38	42	34	89	0	0
rg05_theta12p495_foilpm3	0	4	4	6	283	38	57	45	137	0	0
rg05_theta12p495_foilpm3	0	4	5	1	27	17	6	5	0	0	0
rg05_theta12p495_foilpm3	0	4	5	2	52	33	11	9	0	0	0
rg05_theta12p495_foilpm3	0	4	5	3	83	38	17	15	21	0	0
rg05_theta12p495_foilpm3	0	4	5	4	128	38	26	22	45	0	0
rg05_theta12p495_foilpm3	0	4	5	5	5	0	1	0	0	5	0
rg05_theta12p495_foilpm3	0	4	5	6	251	38	51	41	114	0	0
rg05_theta12p495_foilpm3	0	4	6	1	15	10	3	2	0	0	0
rg05_theta12p495_foilpm3	0	4	6	2	34	20	7	5	0	0	0
rg05_theta12p495_foilpm3	0	4	6	3	63	38	13	11	2	0	0
rg05_theta12p495_foilpm3	0	4	6	4	87	38	18	16	17	0	0
rg05_theta12p495_foilpm3	0	4	6	5	155	38	31	23	58	0	0
rg05_theta12p495_foilpm3	0	4	6	6	233	38	47	33	100	0	0
rg05_theta12p495_foilpm3	0	4	7	1	3	0	1	0	0	3	0
rg05_theta12p495_foilpm3	0	4	7	2	20	13	4	4	0	0	0
rg05_theta12p495_foilpm3	0	4	7	3	57	38	12	8	2	0	0
rg05_theta12p495_foilpm3	0	4	7	4	66	38	14	13	6	0	0
rg05_theta12p495_foilpm3	0	4	7	5	109	38	22	19	32	0	0
rg05_theta12p495_foilpm3	0	4	7	6	166	38	34	22	66	0	0
rg05_theta12p495_foilpm3	0	4	8	2	3	0	1	0	0	3	0
rg05_theta12p495_foilpm3	0	4	8	3	31	18	7	5	0	0	0
rg05_theta12p495_foilpm3	0	4	8	4	64	38	13	11	2	0	0
rg05_theta12p495_foilpm3	0	4	8	5	86	38	18	12	12	0	0
rg05_theta12p495_foilpm3	0	4	8	6	2	0	1	0	0	2	0
rg05_theta12p495_foilpm3	1	0	0	2	3	0	1	0	0	3	0
rg05_theta12p495_foilpm3	1	0	0	3	22	9	5	4	0	0	0
rg05_theta12p495_foilpm3	1	0	0	4	44	25	9	3	0	0	0
rg05_theta12p495_foilpm3	1	0	0	5	52	25	11	5	5	0	0
rg05_theta12p495_foilpm3	1	0	0	6	47	24	10	5	0	0	0
rg05_theta12p495_foilpm3	1	0	1	2	31	15	7	2	0	0	0
rg05_theta12p495_foilpm3	1	0	1	3	29	18	6	5	0	0	0
rg05_theta12p495_foilpm3	1	0	1	4	53	25	11	9	5	0	0
rg05_theta12p495_foilpm3	1	0	1	5	57	25	12	9	7	0	0
rg05_theta12p495_foilpm3	1	0	1	6	64	25	13	7	8	0	0
rg05_theta12p495_foilpm3	1	0	1	7	2	0	1	0	0	2	0
rg05_theta12p495_foilpm3	1	0	2	2	31	17	7	5	0	0	0
rg05_theta12p495_foilpm3	1	0	2	3	4	0	1	0	0	4	0
rg05_theta12p495_foilpm3	1	0	2	4	62	25	13	13	7	0	0
rg05_theta12p495_foilpm3	1	0	2	5	62	25	13	10	7	0	0
rg05_theta12p495_foilpm3	1	0	2	6	120	25	24	15	24	0	0
rg05_theta12p495_foilpm3	1	0	2	7	11	0	3	0	0	11	0
rg05_theta12p495_foilpm3	1	0	3	2	40	19	8	7	0	0	0
rg05_theta12p495_foilpm3	1	0	3	3	54	25	11	9	3	0	0
rg05_theta12p495_foilpm3	1	0	3	4	64	25	13	8	11	0	0
rg05_theta12p495_foilpm3	1	0	3	5	79	25	16	9	17	0	0
rg05_theta12p495_foilpm3	1	0	3	6	109	25	22	9	30	0	0
rg05_theta12p495_foilpm3	1	0	3	7	24	17	5	2	0	0	0
rg05_theta12p495_foilpm3	1	0	4	2	36	15	8	2	0	0	0
rg05_theta12p495_foilpm3	1	0	4	3	54	25	11	11	14	0	0
rg05_theta12p495_foilpm3	1	0	4	4	25	17	5	4	0	0	0
rg05_theta12p495_foilpm3	1	0	4	5	83	25	17	13	24	0	0
rg05_theta12p495_foilpm3	1	0	4	6	127	25	26	17	48	0	0
rg05_theta12p495_foilpm3	1	0	4	7	25	15	5	2	0	0	0
rg05_theta12p495_foilpm3	1	0	5	2	32	19	7	5	0	0	0
rg05_theta12p495_foilpm3	1	0	5	3	53	25	11	7	4	0	0
rg05_theta12p495_foilpm3	1	0	5	4	67	25	14	11	20	0	0
rg05_theta12p495_foilpm3	1	0	5	5	3	0	1	0	0	3	0
rg05_theta12p495_foilpm3	1	0	5	6	105	25	21	16	32	0	0
rg05_theta12p495_foilpm3	1	0	5	7	15	11	3	3	0	0	0
rg05_theta12p495_foilpm3	1	0	6	2	17	9	4	4	0	0	0
rg05_theta12p495_foilpm3	1	0	6	3	41	23	9	3	0	0	0
rg05_theta12p495_foilpm3	1	0	6	4	55	25	11	7	8	0	0
rg05_theta12p495_foilpm3	1	0	6	5	78	25	16	12	23	0	0
rg05_theta12p495_foilpm3	1	0	6	6	87	25	18	11	23	0	0
rg05_theta12p495_foilpm3	1	0	6	7	11	0	3	0	0	11	0
rg05_theta12p495_foilpm3	1	0	7	2	12	0	3	0	0	12	0
rg05_theta12p495_foilpm3	1	0	7	3	25	16	5	2	0	0	0
rg05_theta12p495_foilpm3	1	0	7	4	44	25	9	8	6	0	0
rg05_theta12p495_foilpm3	1	0	7	5	50	25	10	3	5	0	0
rg05_theta12p495_foilpm3	1	0	7	6	89	25	18	14	25	0	0
rg05_theta12p495_foilpm3	1	0	7	7	1	0	1	0	0	1	0
rg05_theta12p495_foilpm3	1	0	8	2	1	0	1	0	0	1	0
rg05_theta12p495_foilpm3	1	0	8	3	11	0	3	0	0	11	0
rg05_theta12p495_foilpm3	1	0	8	4	15	10	3	2	0	0	0
rg05_theta12p495_foilpm3	1	0	8	5	31	19	7	5	0	0	0
rg05_theta12p495_foilpm3	1	0	8	6	40	23	8	5	0	0	0
rg05_theta12p495_foilpm3	1	0	8	7	1	0	1	0	0	1	0
rg05_theta12p495_foilpm3	1	1	0	2	1	0	1	0	0	1	0
rg05_theta12p495_foilpm3	1	1	0	3	48	28	10	8	0	0	0
rg05_theta12p495_foilpm3	1	1	0	4	59	36	12	10	0	0	0
rg05_theta12p495_foilpm3	1	1	0	5	76	47	16	10	0	0	0
rg05_theta12p495_foilpm3	1	1	0	6	85	51	17	8	0	0	0
rg05_theta12p495_foilpm3	1	1	1	2	32	22	7	4	0	0	0
rg05_theta12p495_foilpm3	1	1	1	3	52	31	11	10	0	0	0
rg05_theta12p495_foilpm3	1	1	1	4	76	41	16	13	0	0	0
rg05_theta12p495_foilpm3	1	1	1	5	120	51	24	16	23	0	0
rg05_theta12p495_foilpm3	1	1	1	6	142	51	29	23	39	0	0
rg05_theta12p495_foilpm3	1	1	1	7	2	0	1	0	0	2	0
rg05_theta12p495_foilpm3	1	1	2	2	46	28	10	8	0	0	0
rg05_theta12p495_foilpm3	1	1	2	3	4	0	1	0	0	4	0
rg05_theta12p495_foilpm3	1	1	2	4	135	51	27	18	36	0	0
rg05_theta12p495_foilpm3	1	1	2	5	116	51	24	15	22	0	0
rg05_theta12p495_foilpm3	1	1	2	6	167	51	34	25	46	0	0
rg05_theta12p495_foilpm3	1	1	2	7	101	51	21	19	12	0	0
rg05_theta12p495_foilpm3	1	1	3	2	32	21	7	5	0	0	0
rg05_theta12p495_foilpm3	1	1	3	3	68	45	14	13	0	0	0
rg05_theta12p495_foilpm3	1	1	3	4	138	51	28	23	41	0	0
rg05_theta12p495_foilpm3	1	1	3	5	163	51	33	24	54	0	0
rg05_theta12p495_foilpm3	1	1	3	6	188	51	38	26	71	0	0
rg05_theta12p495_foilpm3	1	1	3	7	198	51	40	37	74	0	0
rg05_theta12p495_foilpm3	1	1	4	2	47	31	10	8	0	0	0
rg05_theta12p495_foilpm3	1	1	4	3	102	51	21	16	16	0	0
rg05_theta12p495_foilpm3	1	1	4	4	45	30	9	7	0	0	0
rg05_theta12p495_foilpm3	1	1	4	5	177	51	36	31	57	0	0
rg05_theta12p495_foilpm3	1	1	4	6	202	51	41	36	76	0	0
rg05_theta12p495_foilpm3	1	1	4	7	213	51	43	38	88	0	0
rg05_theta12p495_foilpm3	1	1	5	2	48	34	10	8	0	0	0
rg05_theta12p495_foilpm3	1	1	5	3	66	41	14	10	0	0	0
rg05_theta12p495_foilpm3	1	1	5	4	132	51	27	20	34	0	0
rg05_theta12p495_foilpm3	1	1	5	5	3	0	1	0	0	3	0
rg05_theta12p495_foilpm3	1	1	5	6	246	51	50	41	93	0	0
rg05_theta12p495_foilpm3	1	1	5	7	190	51	38	29	75	0	0
rg05_theta12p495_foilpm3	1	1	6	2	31	19	7	6	0	0	0
rg05_theta12p495_foilpm3	1	1	6	3	69	45	14	10	0	0	0
rg05_theta12p495_foilpm3	1	1	6	4	100	51	20	16	10	0	0
rg05_theta12p495_foilpm3	1	1	6	5	156	51	32	28	56	0	0
rg05_theta12p495_foilpm3	1	1	6	6	169	51	34	29	58	0	0
rg05_theta12p495_foilpm3	1	1	6	7	135	51	27	23	39	0	0
rg05_theta12p495_foilpm3	1	1	7	2	31	18	7	4	0	0	0
rg05_theta12p495_foilpm3	1	1	7	3	51	35	11	5	0	0	0
rg05_theta12p495_foilpm3	1	1	7	4	84	49	17	15	0	0	0
rg05_theta12p495_foilpm3	1	1	7	5	101	51	21	17	9	0	0
rg05_theta12p495_foilpm3	1	1	7	6	125	51	25	20	30	0	0
rg05_theta12p495_foilpm3	1	1	7	7	3	0	1	0	0	3	0
rg05_theta12p495_foilpm3	1	1	8	2	3	0	1	0	0	3	0
rg05_theta12p495_foilpm3	1	1	8	3	34	23	7	6	0	0	0
rg05_theta12p495_foilpm3	1	1	8	4	54	34	11	9	0	0	0
rg05_theta12p495_foilpm3	1	1	8	5	74	45	15	13	0	0	0
rg05_theta12p495_foilpm3	1	1	8	6	115	51	23	21	23	0	0
rg05_theta12p495_foilpm3	1	1	8	7	1	0	1	0	0	1	0
rg05_theta12p495_foilpm3	1	2	0	2	1	0	1	0	0	1	0
rg05_theta12p495_foilpm3	1	2	0	3	41	28	9	8	0	0	0
rg05_theta12p495_foilpm3	1	2	0	4	73	50	15	12	0	0	0
rg05_theta12p495_foilpm3	1	2	0	5	108	68	22	15	0	0	0
rg05_theta12p495_foilpm3	1	2	0	6	123	78	25	18	0	0	0
rg05_theta12p495_foilpm3	1	2	0	7	1	0	1	0	0	1	0
rg05_theta12p495_foilpm3	1	2	1	2	53	33	11	9	0	0	0
rg05_theta12p495_foilpm3	1	2	1	3	80	45	16	13	0	0	0
rg05_theta12p495_foilpm3	1	2	1	4	147	82	30	23	4	0	0
rg05_theta12p495_foilpm3	1	2	1	5	182	82	37	24	30	0	0
rg05_theta12p495_foilpm3	1	2	1	6	217	82	44	33	43	0	0
rg05_theta12p495_foilpm3	1	2	2	2	61	38	13	11	0	0	0
rg05_theta12p495_foilpm3	1	2	2	3	3	0	1	0	0	3	0
rg05_theta12p495_foilpm3	1	2	2	4	174	82	35	23	27	0	0
rg05_theta12p495_foilpm3	1	2	2	5	217	82	44	36	56	0	0
rg05_theta12p495_foilpm3	1	2	2	6	279	82	56	37	94	0	0
rg05_theta12p495_foilpm3	1	2	2	7	291	82	59	46	113	0	0
rg05_theta12p495_foilpm3	1	2	3	2	85	57	17	11	0	0	0
rg05_theta12p495_foilpm3	1	2	3	3	123	82	25	22	1	0	0
rg05_theta12p495_foilpm3	1	2	3	4	239	82	48	40	76	0	0
rg05_theta12p495_foilpm3	1	2	3	5	303	82	61	48	110	0	0
rg05_theta12p495_foilpm3	1	2	3	6	359	82	72	56	154	0	0
rg05_theta12p495_foilpm3	1	2	3	7	379	82	76	63	174	0	0
rg05_theta12p495_foilpm3	1	2	4	2	82	50	17	15	0	0	0
rg05_theta12p495_foilpm3	1	2	4	3	142	82	29	23	4	0	0
rg05_theta12p495_foilpm3	1	2	4	4	70	46	14	12	0	0	0
rg05_theta12p495_foilpm3	1	2	4	5	313	82	63	52	113	0	0
rg05_theta12p495_foilpm3	1	2	4	6	370	82	74	65	157	0	0
rg05_theta12p495_foilpm3	1	2	4	7	437	82	88	77	215	0	0
rg05_theta12p495_foilpm3	1	2	5	2	93	59	19	17	0	0	0
rg05_theta12p495_foilpm3	1	2	5	3	133	82	27	23	7	0	0
rg05_theta12p495_foilpm3	1	2	5	4	225	82	45	38	60	0	0
rg05_theta12p495_foilpm3	1	2	5	5	4	0	1	0	0	4	0
rg05_theta12p495_foilpm3	1	2	5	6	381	82	77	62	160	0	0
rg05_theta12p495_foilpm3	1	2	5	7	382	82	77	66	170	0	0
rg05_theta12p495_foilpm3	1	2	6	2	68	47	14	12	0	0	0
rg05_theta12p495_foilpm3	1	2	6	3	108	74	22	18	0	0	0
rg05_theta12p495_foilpm3	1	2	6	4	165	82	33	24	27	0	0
rg05_theta12p495_foilpm3	1	2	6	5	238	82	48	38	80	0	0
rg05_theta12p495_foilpm3	1	2	6	6	336	82	68	56	139	0	0
rg05_theta12p495_foilpm3	1	2	6	7	298	82	60	53	122	0	0
rg05_theta12p495_foilpm3	1	2	7	2	62	43	13	10	0	0	0
rg05_theta12p495_foilpm3	1	2	7	3	79	51	16	14	0	0	0
rg05_theta12p495_foilpm3	1	2	7	4	143	82	29	23	17	0	0
rg05_theta12p495_foilpm3	1	2	7	5	190	82	38	30	49	0	0
rg05_theta12p495_foilpm3	1	2	7	6	249	82	50	40	85	0	0
rg05_theta12p495_foilpm3	1	2	7	7	4	0	1	0	0	4	0
rg05_theta12p495_foilpm3	1	2	8	2	3	0	1	0	0	3	0
rg05_theta12p495_foilpm3	1	2	8	3	49	32	10	7	0	0	0
rg05_theta12p495_foilpm3	1	2	8	4	84	54	17	14	0	0	0
rg05_theta12p495_foilpm3	1	2	8	5	125	78	25	20	0	0	0
rg05_theta12p495_foilpm3	1	2	8	6	177	82	36	28	32	0	0
rg05_theta12p495_foilpm3	1	2	8	7	1	0	1	0	0	1	0
rg05_theta12p495_foilpm3	1	3	0	3	29	16	6	3	0	0	0
rg05_theta12p495_foilpm3	1	3	0	4	54	32	11	9	0	0	0
rg05_theta12p495_foilpm3	1	3	0	5	123	54	25	20	19	0	0
rg05_theta12p495_foilpm3	1	3	0	6	97	54	20	14	6	0	0
rg05_theta12p495_foilpm3	1	3	0	7	3	0	1	0	0	3	0
rg05_theta12p495_foilpm3	1	3	1	2	41	25	9	5	0	0	0
rg05_theta12p495_foilpm3	1	3	1	3	55	36	11	10	0	0	0
rg05_theta12p495_foilpm3	1	3	1	4	103	54	21	16	11	0	0
rg05_theta12p495_foilpm3	1	3	1	5	176	54	36	23	53	0	0
rg05_theta12p495_foilpm3	1	3	1	6	186	54	38	30	66	0	0
rg05_theta12p495_foilpm3	1	3	1	7	1	0	1	0	0	1	0
rg05_theta12p495_foilpm3	1	3	2	2	49	32	10	7	0	0	0
rg05_theta12p495_foilpm3	1	3	2	3	3	0	1	0	0	3	0
rg05_theta12p495_foilpm3	1	3	2	4	141	54	29	25	36	0	0
rg05_theta12p495_foilpm3	1	3	2	5	225	54	45	31	83	0	0
rg05_theta12p495_foilpm3	1	3	2	6	248	54	50	41	100	0	0
rg05_theta12p495_foilpm3	1	3	2	7	304	54	61	47	139	0	0
rg05_theta12p495_foilpm3	1	3	3	2	63	35	13	8	0	0	0
rg05_theta12p495_foilpm3	1	3	3	3	94	54	19	14	4	0	0
rg05_theta12p495_foilpm3	1	3	3	4	165	54	33	27	40	0	0
rg05_theta12p495_foilpm3	1	3	3	5	218	54	44	35	76	0	0
rg05_theta12p495_foilpm3	1	3	3	6	320	54	64	48	148	0	0
rg05_theta12p495_foilpm3	1	3	3	7	446	54	90	65	231	0	0
rg05_theta12p495_foilpm3	1	3	4	2	59	38	12	10	0	0	0
rg05_theta12p495_foilpm3	1	3	4	3	103	54	21	15	9	0	0
rg05_theta12p495_foilpm3	1	3	4	4	59	39	12	9	0	0	0
rg05_theta12p495_foilpm3	1	3	4	5	255	54	51	34	96	0	0
rg05_theta12p495_foilpm3	1	3	4	6	356	54	72	60	171	0	0
rg05_theta12p495_foilpm3	1	3	4	7	450	54	90	73	234	0	0
rg05_theta12p495_foilpm3	1	3	5	2	37	19	8	8	0	0	0
rg05_theta12p495_foilpm3	1	3	5	3	106	54	22	16	16	0	0
rg05_theta12p495_foilpm3	1	3	5	4	164	54	33	25	56	0	0
rg05_theta12p495_foilpm3	1	3	5	5	6	0	2	0	0	6	0
rg05_theta12p495_foilpm3	1	3	5	6	336	54	68	55	157	0	0
rg05_theta12p495_foilpm3	1	3	5	7	442	54	89	65	220	0	0
rg05_theta12p495_foilpm3	1	3	6	2	38	22	8	7	0	0	0
rg05_theta12p495_foilpm3	1	3	6	3	91	51	19	11	0	0	0
rg05_theta12p495_foilpm3	1	3	6	4	135	54	27	24	33	0	0
rg05_theta12p495_foilpm3	1	3	6	5	201	54	41	24	77	0	0
rg05_theta12p495_foilpm3	1	3	6	6	257	54	52	42	103	0	0
rg05_theta12p495_foilpm3	1	3	6	7	368	54	74	60	175	0	0
rg05_theta12p495_foilpm3	1	3	7	2	32	20	7	5	0	0	0
rg05_theta12p495_foilpm3	1	3	7	3	49	32	10	9	0	0	0
rg05_theta12p495_foilpm3	1	3	7	4	85	54	17	13	1	0	0
rg05_theta12p495_foilpm3	1	3	7	5	125	54	25	15	25	0	0
rg05_theta12p495_foilpm3	1	3	7	6	206	54	42	32	69	0	0
rg05_theta12p495_foilpm3	1	3	7	7	4	0	1	0	0	4	0
rg05_theta12p495_foilpm3	1	3	8	3	47	29	10	8	0	0	0
rg05_theta12p495_foilpm3	1	3	8	4	56	34	12	6	0	0	0
rg05_theta12p495_foilpm3	1	3	8	5	93	54	19	11	3	0	0
rg05_theta12p495_foilpm3	1	3	8	6	125	54	25	22	23	0	0
rg05_theta12p495_foilpm3	1	3	8	7	2	0	1	0	0	2	0
rg05_theta12p495_foilpm3	1	4	0	3	20	12	4	4	0	0	0
rg05_theta12p495_foilpm3	1	4	0	4	47	34	10	6	0	0	0
rg05_theta12p495_foilpm3	1	4	0	5	59	36	12	10	1	0	0
rg05_theta12p495_foilpm3	1	4	0	6	27	15	6	5	0	0	0
rg05_theta12p495_foilpm3	1	4	1	2	17	11	4	4	0	0	0
rg05_theta12p495_foilpm3	1	4	1	3	33	24	7	4	0	0	0
rg05_theta12p495_foilpm3	1	4	1	4	58	31	12	10	0	0	0
rg05_theta12p495_foilpm3	1	4	1	5	84	36	17	16	19	0	0
rg05_theta12p495_foilpm3	1	4	1	6	114	36	23	16	34	0	0
rg05_theta12p495_foilpm3	1	4	1	7	3	0	1	0	0	3	0
rg05_theta12p495_foilpm3	1	4	2	2	24	15	5	3	0	0	0
rg05_theta12p495_foilpm3	1	4	2	3	1	0	1	0	0	1	0
rg05_theta12p495_foilpm3	1	4	2	4	101	36	21	13	23	0	0
rg05_theta12p495_foilpm3	1	4	2	5	110	36	22	17	42	0	0
rg05_theta12p495_foilpm3	1	4	2	6	195	36	39	30	86	0	0
rg05_theta12p495_foilpm3	1	4	2	7	243	36	49	41	116	0	0
rg05_theta12p495_foilpm3	1	4	3	2	32	20	7	5	0	0	0
rg05_theta12p495_foilpm3	1	4	3	3	46	30	10	8	0	0	0
rg05_theta12p495_foilpm3	1	4	3	4	113	36	23	23	41	0	0
rg05_theta12p495_foilpm3	1	4	3	5	153	36	31	22	57	0	0
rg05_theta12p495_foilpm3	1	4	3	6	223	36	45	39	112	0	0
rg05_theta12p495_foilpm3	1	4	3	7	274	36	55	49	137	0	0
rg05_theta12p495_foilpm3	1	4	4	2	28	18	6	4	0	0	0
rg05_theta12p495_foilpm3	1	4	4	3	53	33	11	8	0	0	0
rg05_theta12p495_foilpm3	1	4	4	4	28	17	6	4	0	0	0
rg05_theta12p495_foilpm3	1	4	4	5	154	36	31	21	58	0	0
rg05_theta12p495_foilpm3	1	4	4	6	236	36	48	38	107	0	0
rg05_theta12p495_foilpm3	1	4	4	7	301	36	61	51	142	0	0
rg05_theta12p495_foilpm3	1	4	5	2	29	18	6	5	0	0	0
rg05_theta12p495_foilpm3	1	4	5	3	47	32	10	9	0	0	0
rg05_theta12p495_foilpm3	1	4	5	4	85	36	17	15	22	0	0
rg05_theta12p495_foilpm3	1	4	5	5	1	0	1	0	0	1	0
rg05_theta12p495_foilpm3	1	4	5	6	203	36	41	36	91	0	0
rg05_theta12p495_foilpm3	1	4	5	7	339	36	68	52	175	0	0
rg05_theta12p495_foilpm3	1	4	6	2	35	22	7	5	0	0	0
rg05_theta12p495_foilpm3	1	4	6	3	42	27	9	6	0	0	0
rg05_theta12p495_foilpm3	1	4	6	4	76	36	16	14	13	0	0
rg05_theta12p495_foilpm3	1	4	6	5	124	36	25	20	46	0	0
rg05_theta12p495_foilpm3	1	4	6	6	204	36	41	35	98	0	0
rg05_theta12p495_foilpm3	1	4	6	7	252	36	51	36	123	0	0
rg05_theta12p495_foilpm3	1	4	7	2	10	0	2	0	0	10	0
rg05_theta12p495_foilpm3	1	4	7	3	38	27	8	5	0	0	0
rg05_theta12p495_foilpm3	1	4	7	4	55	35	11	9	0	0	0
rg05_theta12p495_foilpm3	1	4	7	5	82	36	17	15	11	0	0
rg05_theta12p495_foilpm3	1	4	7	6	160	36	32	25	59	0	0
rg05_theta12p495_foilpm3	1	4	7	7	8	0	2	0	0	8	0
rg05_theta12p495_foilpm3	1	4	8	3	22	15	5	3	0	0	0
rg05_theta12p495_foilpm3	1	4	8	4	34	22	7	5	0	0	0
rg05_theta12p495_foilpm3	1	4	8	5	56	36	12	10	1	0	0
rg05_theta12p495_foilpm3	1	4	8	6	66	36	14	8	7	0	0
rg06_theta15p195_foilpm8	0	0	0	1	1	0	1	0	0	1	0
rg06_theta15p195_foilpm8	0	0	0	2	17	0	4	0	0	17	0
rg06_theta15p195_foilpm8	0	0	0	3	43	20	9	4	0	0	0
rg06_theta15p195_foilpm8	0	0	0	4	50	14	10	3	0	0	0
rg06_theta15p195_foilpm8	0	0	0	5	22	10	5	3	0	0	0
rg06_theta15p195_foilpm8	0	0	0	6	2	0	1	0	0	2	0
rg06_theta15p195_foilpm8	0	0	1	1	8	0	2	0	0	8	0
rg06_theta15p195_foilpm8	0	0	1	2	17	0	4	0	0	17	0
rg06_theta15p195_foilpm8	0	0	1	3	35	19	7	5	0	0	0
rg06_theta15p195_foilpm8	0	0	1	4	50	27	10	7	6	0	0
rg06_theta15p195_foilpm8	0	0	1	5	38	22	8	4	0	0	0
rg06_theta15p195_foilpm8	0	0	1	6	1	0	1	0	0	1	0
rg06_theta15p195_foilpm8	0	0	2	1	18	11	4	3	0	0	0
rg06_theta15p195_foilpm8	0	0	2	2	35	17	7	4	0	0	0
rg06_theta15p195_foilpm8	0	0	2	3	6	0	2	0	0	6	0
rg06_theta15p195_foilpm8	0	0	2	4	55	27	11	8	4	0	0
rg06_theta15p195_foilpm8	0	0	2	5	63	27	13	8	3	0	0
rg06_theta15p195_foilpm8	0	0	2	6	11	0	3	0	0	11	0
rg06_theta15p195_foilpm8	0	0	3	1	17	0	4	0	0	17	0
rg06_theta15p195_foilpm8	0	0	3	2	51	20	11	7	0	0	0
rg06_theta15p195_foilpm8	0	0	3	3	59	27	12	9	9	0	0
rg06_theta15p195_foilpm8	0	0	3	4	73	27	15	7	15	0	0
rg06_theta15p195_foilpm8	0	0	3	5	99	27	20	11	18	0	0
rg06_theta15p195_foilpm8	0	0	3	6	24	15	5	4	0	0	0
rg06_theta15p195_foilpm8	0	0	4	1	19	0	4	0	0	19	0
rg06_theta15p195_foilpm8	0	0	4	2	40	27	8	6	2	0	0
rg06_theta15p195_foilpm8	0	0	4	3	55	27	11	7	7	0	0
rg06_theta15p195_foilpm8	0	0	4	4	26	10	6	4	0	0	0
rg06_theta15p195_foilpm8	0	0	4	5	110	27	22	11	25	0	0
rg06_theta15p195_foilpm8	0	0	4	6	72	27	15	12	6	0	0
rg06_theta15p195_foilpm8	0	0	5	1	11	0	3	0	0	11	0
rg06_theta15p195_foilpm8	0	0	5	2	36	18	8	3	0	0	0
rg06_theta15p195_foilpm8	0	0	5	3	58	27	12	8	6	0	0
rg06_theta15p195_foilpm8	0	0	5	4	83	27	17	11	23	0	0
rg06_theta15p195_foilpm8	0	0	5	5	9	0	2	0	0	9	0
rg06_theta15p195_foilpm8	0	0	5	6	64	27	13	9	11	0	0
rg06_theta15p195_foilpm8	0	0	6	1	4	0	1	0	0	4	0
rg06_theta15p195_foilpm8	0	0	6	2	25	14	5	3	0	0	0
rg06_theta15p195_foilpm8	0	0	6	3	49	27	10	7	0	0	0
rg06_theta15p195_foilpm8	0	0	6	4	63	27	13	9	10	0	0
rg06_theta15p195_foilpm8	0	0	6	5	69	27	14	11	16	0	0
rg06_theta15p195_foilpm8	0	0	6	6	55	27	11	8	8	0	0
rg06_theta15p195_foilpm8	0	0	7	1	3	0	1	0	0	3	0
rg06_theta15p195_foilpm8	0	0	7	2	20	12	4	0	0	0	0
rg06_theta15p195_foilpm8	0	0	7	3	38	0	8	0	0	38	0
rg06_theta15p195_foilpm8	0	0	7	4	54	23	11	3	0	0	0
rg06_theta15p195_foilpm8	0	0	7	5	73	27	15	6	4	0	0
rg06_theta15p195_foilpm8	0	0	7	6	38	26	8	6	0	0	0
rg06_theta15p195_foilpm8	0	1	0	1	12	0	3	0	0	12	0
rg06_theta15p195_foilpm8	0	1	0	2	42	19	9	4	5	0	0
rg06_theta15p195_foilpm8	0	1	0	3	61	20	13	10	13	0	0
rg06_theta15p195_foilpm8	0	1	0	4	69	19	14	12	22	0	0
rg06_theta15p195_foilpm8	0	1	0	5	67	20	14	11	18	0	0
rg06_theta15p195_foilpm8	0	1	0	6	2	0	1	0	0	2	0
rg06_theta15p195_foilpm8	0	1	1	1	33	15	7	1	0	0	0
rg06_theta15p195_foilpm8	0	1	1	2	41	19	9	6	0	0	0
rg06_theta15p195_foilpm8	0	1	1	3	76	19	16	8	27	0	0
rg06_theta15p195_foilpm8	0	1	1	4	98	20	20	15	36	0	0
rg06_theta15p195_foilpm8	0	1	1	5	114	20	23	17	48	0	0
rg06_theta15p195_foilpm8	0	1	1	6	7	0	2	0	0	7	0
rg06_theta15p195_foilpm8	0	1	2	1	37	19	8	6	0	0	0
rg06_theta15p195_foilpm8	0	1	2	2	52	19	11	10	12	0	0
rg06_theta15p195_foilpm8	0	1	2	3	4	0	1	0	0	4	0
rg06_theta15p195_foilpm8	0	1	2	4	132	20	27	20	59	0	0
rg06_theta15p195_foilpm8	0	1	2	5	135	20	27	19	59	0	0
rg06_theta15p195_foilpm8	0	1	2	6	59	20	12	11	14	0	0
rg06_theta15p195_foilpm8	0	1	3	1	37	20	8	6	0	0	0
rg06_theta15p195_foilpm8	0	1	3	2	66	20	14	11	12	0	0
rg06_theta15p195_foilpm8	0	1	3	3	109	19	22	14	49	0	0
rg06_theta15p195_foilpm8	0	1	3	4	139	20	28	21	59	0	0
rg06_theta15p195_foilpm8	0	1	3	5	176	20	36	28	86	0	0
rg06_theta15p195_foilpm8	0	1	3	6	145	20	29	22	68	0	0
rg06_theta15p195_foilpm8	0	1	4	1	30	15	6	3	0	0	0
rg06_theta15p195_foilpm8	0	1	4	2	70	19	14	9	21	0	0
rg06_theta15p195_foilpm8	0	1	4	3	105	20	21	18	46	0	0
rg06_theta15p195_foilpm8	0	1	4	4	42	20	9	7	8	0	0
rg06_theta15p195_foilpm8	0	1	4	5	152	20	31	22	72	0	0
rg06_theta15p195_foilpm8	0	1	4	6	185	20	37	25	93	0	0
rg06_theta15p195_foilpm8	0	1	5	1	24	15	5	2	0	0	0
rg06_theta15p195_foilpm8	0	1	5	2	60	19	12	10	22	0	0
rg06_theta15p195_foilpm8	0	1	5	3	95	20	19	16	41	0	0
rg06_theta15p195_foilpm8	0	1	5	4	106	20	22	13	47	0	0
rg06_theta15p195_foilpm8	0	1	5	5	2	0	1	0	0	2	0
rg06_theta15p195_foilpm8	0	1	5	6	176	20	36	33	99	0	0
rg06_theta15p195_foilpm8	0	1	6	1	19	11	4	3	0	0	0
rg06_theta15p195_foilpm8	0	1	6	2	46	19	10	8	9	0	0
rg06_theta15p195_foilpm8	0	1	6	3	81	20	17	13	26	0	0
rg06_theta15p195_foilpm8	0	1	6	4	105	20	21	16	42	0	0
rg06_theta15p195_foilpm8	0	1	6	5	123	20	25	18	54	0	0
rg06_theta15p195_foilpm8	0	1	6	6	167	20	34	18	81	0	0
rg06_theta15p195_foilpm8	0	1	7	1	7	0	2	0	0	7	0
rg06_theta15p195_foilpm8	0	1	7	2	29	20	6	5	0	0	0
rg06_theta15p195_foilpm8	0	1	7	3	67	20	14	12	23	0	0
rg06_theta15p195_foilpm8	0	1	7	4	86	20	18	12	33	0	0
rg06_theta15p195_foilpm8	0	1	7	5	112	20	23	19	53	0	0
rg06_theta15p195_foilpm8	0	1	7	6	72	20	15	15	29	0	0
rg06_theta15p195_foilpm8	0	1	8	1	2	0	1	0	0	2	0
rg06_theta15p195_foilpm8	0	1	8	2	24	15	5	5	0	0	0
rg06_theta15p195_foilpm8	0	1	8	3	49	20	10	8	12	0	0
rg06_theta15p195_foilpm8	0	1	8	4	63	19	13	10	20	0	0
rg06_theta15p195_foilpm8	0	1	8	5	92	20	19	14	40	0	0
rg06_theta15p195_foilpm8	0	1	8	6	1	0	1	0	0	1	0
rg06_theta15p195_foilpm8	0	2	0	1	8	0	2	0	0	8	0
rg06_theta15p195_foilpm8	0	2	0	2	51	19	11	5	13	0	0
rg06_theta15p195_foilpm8	0	2	0	3	50	19	10	7	11	0	0
rg06_theta15p195_foilpm8	0	2	0	4	74	19	15	13	26	0	0
rg06_theta15p195_foilpm8	0	2	0	5	101	19	21	15	41	0	0
rg06_theta15p195_foilpm8	0	2	0	6	1	0	1	0	0	1	0
rg06_theta15p195_foilpm8	0	2	1	1	24	14	5	4	0	0	0
rg06_theta15p195_foilpm8	0	2	1	2	75	19	15	9	18	0	0
rg06_theta15p195_foilpm8	0	2	1	3	91	20	19	11	36	0	0
rg06_theta15p195_foilpm8	0	2	1	4	146	19	30	22	68	0	0
rg06_theta15p195_foilpm8	0	2	1	5	175	20	35	25	78	0	0
rg06_theta15p195_foilpm8	0	2	1	6	26	13	6	5	0	0	0
rg06_theta15p195_foilpm8	0	2	2	1	20	10	4	2	0	0	0
rg06_theta15p195_foilpm8	0	2	2	2	60	19	12	8	18	0	0
rg06_theta15p195_foilpm8	0	2	2	3	2	0	1	0	0	2	0
rg06_theta15p195_foilpm8	0	2	2	4	147	19	30	27	77	0	0
rg06_theta15p195_foilpm8	0	2	2	5	206	19	42	32	110	0	0
rg06_theta15p195_foilpm8	0	2	2	6	177	20	36	28	98	0	0
rg06_theta15p195_foilpm8	0	2	3	1	40	19	8	8	5	0	0
rg06_theta15p195_foilpm8	0	2	3	2	89	19	18	14	37	0	0
rg06_theta15p195_foilpm8	0	2	3	3	122	19	25	21	57	0	0
rg06_theta15p195_foilpm8	0	2	3	4	180	20	36	27	95	0	0
rg06_theta15p195_foilpm8	0	2	3	5	245	19	49	41	128	0	0
rg06_theta15p195_foilpm8	0	2	3	6	244	19	49	36	144	0	0
rg06_theta15p195_foilpm8	0	2	4	1	47	19	10	8	11	0	0
rg06_theta15p195_foilpm8	0	2	4	2	89	19	18	16	41	0	0
rg06_theta15p195_foilpm8	0	2	4	3	141	20	29	25	62	0	0
rg06_theta15p195_foilpm8	0	2	4	4	50	19	10	5	17	0	0
rg06_theta15p195_foilpm8	0	2	4	5	277	19	56	46	156	0	0
rg06_theta15p195_foilpm8	0	2	4	6	331	20	67	50	184	0	0
rg06_theta15p195_foilpm8	0	2	5	1	46	19	10	9	9	0	0
rg06_theta15p195_foilpm8	0	2	5	2	73	19	15	9	30	0	0
rg06_theta15p195_foilpm8	0	2	5	3	113	19	23	17	57	0	0
rg06_theta15p195_foilpm8	0	2	5	4	176	20	36	27	92	0	0
rg06_theta15p195_foilpm8	0	2	5	5	5	0	1	0	0	5	0
rg06_theta15p195_foilpm8	0	2	5	6	248	20	50	40	149	0	0
rg06_theta15p195_foilpm8	0	2	6	1	15	11	3	3	0	0	0
rg06_theta15p195_foilpm8	0	2	6	2	62	20	13	6	21	0	0
rg06_theta15p195_foilpm8	0	2	6	3	110	19	22	16	48	0	0
rg06_theta15p195_foilpm8	0	2	6	4	150	19	30	21	82	0	0
rg06_theta15p195_foilpm8	0	2	6	5	201	19	41	33	105	0	0
rg06_theta15p195_foilpm8	0	2	6	6	247	19	50	40	139	0	0
rg06_theta15p195_foilpm8	0	2	7	1	4	0	1	0	0	4	0
rg06_theta15p195_foilpm8	0	2	7	2	51	19	11	8	12	0	0
rg06_theta15p195_foilpm8	0	2	7	3	86	19	18	16	33	0	0
rg06_theta15p195_foilpm8	0	2	7	4	131	19	27	24	65	0	0
rg06_theta15p195_foilpm8	0	2	7	5	155	19	31	27	86	0	0
rg06_theta15p195_foilpm8	0	2	7	6	117	20	24	22	58	0	0
rg06_theta15p195_foilpm8	0	2	8	2	42	20	9	9	5	0	0
rg06_theta15p195_foilpm8	0	2	8	3	78	19	16	11	29	0	0
rg06_theta15p195_foilpm8	0	2	8	4	83	19	17	15	30	0	0
rg06_theta15p195_foilpm8	0	2	8	5	142	19	29	19	68	0	0
rg06_theta15p195_foilpm8	0	2	8	6	3	0	1	0	0	3	0
rg06_theta15p195_foilpm8	0	3	0	2	19	12	4	3	0	0	0
rg06_theta15p195_foilpm8	0	3	0	3	42	21	9	6	4	0	0
rg06_theta15p195_foilpm8	0	3	0	4	39	21	8	6	2	0	0
rg06_theta15p195_foilpm8	0	3	0	5	98	20	20	15	40	0	0
rg06_theta15p195_foilpm8	0	3	1	1	7	0	2	0	0	7	0
rg06_theta15p195_foilpm8	0	3	1	2	32	20	7	6	1	0	0
rg06_theta15p195_foilpm8	0	3	1	3	64	20	13	9	22	0	0
rg06_theta15p195_foilpm8	0	3	1	4	73	20	15	13	23	0	0
rg06_theta15p195_foilpm8	0	3	1	5	129	21	26	17	63	0	0
rg06_theta15p195_foilpm8	0	3	1	6	95	21	19	14	35	0	0
rg06_theta15p195_foilpm8	0	3	2	1	10	0	2	0	0	10	0
rg06_theta15p195_foilpm8	0	3	2	2	34	20	7	6	0	0	0
rg06_theta15p195_foilpm8	0	3	2	3	3	0	1	0	0	3	0
rg06_theta15p195_foilpm8	0	3	2	4	97	21	20	17	34	0	0
rg06_theta15p195_foilpm8	0	3	2	5	174	21	35	24	78	0	0
rg06_theta15p195_foilpm8	0	3	2	6	166	21	34	25	78	0	0
rg06_theta15p195_foilpm8	0	3	3	1	21	14	5	5	0	0	0
rg06_theta15p195_foilpm8	0	3	3	2	41	21	9	8	1	0	0
rg06_theta15p195_foilpm8	0	3	3	3	83	20	17	13	33	0	0
rg06_theta15p195_foilpm8	0	3	3	4	117	20	24	19	58	0	0
rg06_theta15p195_foilpm8	0	3	3	5	183	20	37	31	96	0	0
rg06_theta15p195_foilpm8	0	3	3	6	265	20	53	41	148	0	0
rg06_theta15p195_foilpm8	0	3	4	1	19	12	4	3	0	0	0
rg06_theta15p195_foilpm8	0	3	4	2	50	20	10	8	13	0	0
rg06_theta15p195_foilpm8	0	3	4	3	74	21	15	10	26	0	0
rg06_theta15p195_foilpm8	0	3	4	4	33	20	7	6	1	0	0
rg06_theta15p195_foilpm8	0	3	4	5	189	21	38	29	89	0	0
rg06_theta15p195_foilpm8	0	3	4	6	268	21	54	34	149	0	0
rg06_theta15p195_foilpm8	0	3	5	1	30	20	6	5	0	0	0
rg06_theta15p195_foilpm8	0	3	5	2	46	20	10	7	8	0	0
rg06_theta15p195_foilpm8	0	3	5	3	65	21	13	7	19	0	0
rg06_theta15p195_foilpm8	0	3	5	4	96	21	20	12	35	0	0
rg06_theta15p195_foilpm8	0	3	5	5	7	0	2	0	0	7	0
rg06_theta15p195_foilpm8	0	3	5	6	245	20	49	36	136	0	0
rg06_theta15p195_foilpm8	0	3	6	1	10	0	2	0	0	10	0
rg06_theta15p195_foilpm8	0	3	6	2	34	17	7	6	0	0	0
rg06_theta15p195_foilpm8	0	3	6	3	64	21	13	10	13	0	0
rg06_theta15p195_foilpm8	0	3	6	4	87	21	18	13	32	0	0
rg06_theta15p195_foilpm8	0	3	6	5	151	21	31	25	74	0	0
rg06_theta15p195_foilpm8	0	3	6	6	206	20	42	29	102	0	0
rg06_theta15p195_foilpm8	0	3	7	1	5	0	1	0	0	5	0
rg06_theta15p195_foilpm8	0	3	7	2	23	16	5	3	0	0	0
rg06_theta15p195_foilpm8	0	3	7	3	51	21	11	7	9	0	0
rg06_theta15p195_foilpm8	0	3	7	4	65	21	13	11	20	0	0
rg06_theta15p195_foilpm8	0	3	7	5	127	20	26	23	60	0	0
rg06_theta15p195_foilpm8	0	3	7	6	91	21	19	15	31	0	0
rg06_theta15p195_foilpm8	0	3	8	1	1	0	1	0	0	1	0
rg06_theta15p195_foilpm8	0	3	8	2	19	10	4	2	0	0	0
rg06_theta15p195_foilpm8	0	3	8	3	28	16	6	4	0	0	0
rg06_theta15p195_foilpm8	0	3	8	4	52	20	11	9	11	0	0
rg06_theta15p195_foilpm8	0	3	8	5	98	20	20	15	43	0	0
rg06_theta15p195_foilpm8	0	3	8	6	2	0	1	0	0	2	0
rg06_theta15p195_foilpm8	0	4	0	2	2	0	1	0	0	2	0
rg06_theta15p195_foilpm8	0	4	0	3	10	0	2	0	0	10	0
rg06_theta15p195_foilpm8	0	4	0	4	29	18	6	4	0	0	0
rg06_theta15p195_foilpm8	0	4	0	5	38	22	8	5	0	0	0
rg06_theta15p195_foilpm8	0	4	0	6	2	0	1	0	0	2	0
rg06_theta15p195_foilpm8	0	4	1	1	2	0	1	0	0	2	0
rg06_theta15p195_foilpm8	0	4	1	2	4	0	1	0	0	4	0
rg06_theta15p195_foilpm8	0	4	1	3	11	0	3	0	0	11	0
rg06_theta15p195_foilpm8	0	4	1	4	47	24	10	7	4	0	0
rg06_theta15p195_foilpm8	0	4	1	5	53	24	11	11	12	0	0
rg06_theta15p195_foilpm8	0	4	1	6	57	24	12	11	13	0	0
rg06_theta15p195_foilpm8	0	4	2	1	4	0	1	0	0	4	0
rg06_theta15p195_foilpm8	0	4	2	2	13	7	3	2	0	0	0
rg06_theta15p195_foilpm8	0	4	2	4	43	24	9	7	5	0	0
rg06_theta15p195_foilpm8	0	4	2	5	62	24	13	10	12	0	0
rg06_theta15p195_foilpm8	0	4	2	6	123	24	25	22	55	0	0
rg06_theta15p195_foilpm8	0	4	3	1	5	0	1	0	0	5	0
rg06_theta15p195_foilpm8	0	4	3	2	8	0	2	0	0	8	0
rg06_theta15p195_foilpm8	0	4	3	3	26	13	6	4	0	0	0
rg06_theta15p195_foilpm8	0	4	3	4	53	24	11	9	8	0	0
rg06_theta15p195_foilpm8	0	4	3	5	74	24	15	14	26	0	0
rg06_theta15p195_foilpm8	0	4	3	6	147	24	30	25	69	0	0
rg06_theta15p195_foilpm8	0	4	4	1	15	8	3	2	0	0	0
rg06_theta15p195_foilpm8	0	4	4	2	21	14	5	3	0	0	0
rg06_theta15p195_foilpm8	0	4	4	3	27	19	6	6	0	0	0
rg06_theta15p195_foilpm8	0	4	4	4	10	0	2	0	0	10	0
rg06_theta15p195_foilpm8	0	4	4	5	80	24	16	13	30	0	0
rg06_theta15p195_foilpm8	0	4	4	6	133	24	27	20	53	0	0
rg06_theta15p195_foilpm8	0	4	5	1	7	0	2	0	0	7	0
rg06_theta15p195_foilpm8	0	4	5	2	12	0	3	0	0	12	0
rg06_theta15p195_foilpm8	0	4	5	3	25	19	5	3	0	0	0
rg06_theta15p195_foilpm8	0	4	5	4	40	24	8	4	3	0	0
rg06_theta15p195_foilpm8	0	4	5	5	2	0	1	0	0	2	0
rg06_theta15p195_foilpm8	0	4	5	6	112	25	23	14	46	0	0
rg06_theta15p195_foilpm8	0	4	6	1	5	0	1	0	0	5	0
rg06_theta15p195_foilpm8	0	4	6	2	14	9	3	2	0	0	0
rg06_theta15p195_foilpm8	0	4	6	3	23	13	5	5	0	0	0
rg06_theta15p195_foilpm8	0	4	6	4	26	18	6	6	0	0	0
rg06_theta15p195_foilpm8	0	4	6	5	62	24	13	11	15	0	0
rg06_theta15p195_foilpm8	0	4	6	6	115	24	23	21	48	0	0
rg06_theta15p195_foilpm8	0	4	7	2	1	0	1	0	0	1	0
rg06_theta15p195_foilpm8	0	4	7	3	18	10	4	3	0	0	0
rg06_theta15p195_foilpm8	0	4	7	4	41	24	9	7	4	0	0
rg06_theta15p195_foilpm8	0	4	7	5	43	24	9	9	2	0	0
rg06_theta15p195_foilpm8	0	4	7	6	59	24	12	10	18	0	0
rg06_theta15p195_foilpm8	0	4	8	2	2	0	1	0	0	2	0
rg06_theta15p195_foilpm8	0	4	8	3	10	0	2	0	0	10	0
rg06_theta15p195_foilpm8	0	4	8	4	17	11	4	3	0	0	0
rg06_theta15p195_foilpm8	0	4	8	5	32	19	7	2	0	0	0
rg06_theta15p195_foilpm8	1	0	0	3	7	0	2	0	0	7	0
rg06_theta15p195_foilpm8	1	0	0	4	21	13	5	3	0	0	0
rg06_theta15p195_foilpm8	1	0	0	5	30	20	6	4	0	0	0
rg06_theta15p195_foilpm8	1	0	0	6	38	22	8	6	0	0	0
rg06_theta15p195_foilpm8	1	0	0	7	1	0	1	0	0	1	0
rg06_theta15p195_foilpm8	1	0	1	2	1	0	1	0	0	1	0
rg06_theta15p195_foilpm8	1	0	1	3	23	12	5	2	0	0	0
rg06_theta15p195_foilpm8	1	0	1	4	28	18	6	3	0	0	0
rg06_theta15p195_foilpm8	1	0	1	5	29	18	6	5	0	0	0
rg06_theta15p195_foilpm8	1	0	1	6	52	24	11	9	6	0	0
rg06_theta15p195_foilpm8	1	0	1	7	48	24	10	8	6	0	0
rg06_theta15p195_foilpm8	1	0	2	2	12	0	3	0	0	12	0
rg06_theta15p195_foilpm8	1	0	2	3	1	0	1	0	0	1	0
rg06_theta15p195_foilpm8	1	0	2	4	35	20	7	4	0	0	0
rg06_theta15p195_foilpm8	1	0	2	5	58	24	12	8	8	0	0
rg06_theta15p195_foilpm8	1	0	2	6	75	23	15	12	23	0	0
rg06_theta15p195_foilpm8	1	0	2	7	78	24	16	14	27	0	0
rg06_theta15p195_foilpm8	1	0	3	2	18	11	4	3	0	0	0
rg06_theta15p195_foilpm8	1	0	3	3	33	22	7	6	0	0	0
rg06_theta15p195_foilpm8	1	0	3	4	42	24	9	7	2	0	0
rg06_theta15p195_foilpm8	1	0	3	5	55	23	11	9	10	0	0
rg06_theta15p195_foilpm8	1	0	3	6	81	24	17	15	22	0	0
rg06_theta15p195_foilpm8	1	0	3	7	89	24	18	14	25	0	0
rg06_theta15p195_foilpm8	1	0	4	2	12	0	3	0	0	12	0
rg06_theta15p195_foilpm8	1	0	4	3	30	22	6	3	0	0	0
rg06_theta15p195_foilpm8	1	0	4	4	11	0	3	0	0	11	0
rg06_theta15p195_foilpm8	1	0	4	5	66	24	14	13	22	0	0
rg06_theta15p195_foilpm8	1	0	4	6	103	24	21	18	42	0	0
rg06_theta15p195_foilpm8	1	0	4	7	111	24	23	14	41	0	0
rg06_theta15p195_foilpm8	1	0	5	2	13	6	3	1	0	0	0
rg06_theta15p195_foilpm8	1	0	5	3	31	22	7	5	0	0	0
rg06_theta15p195_foilpm8	1	0	5	4	56	24	12	8	12	0	0
rg06_theta15p195_foilpm8	1	0	5	5	3	0	1	0	0	3	0
rg06_theta15p195_foilpm8	1	0	5	6	82	24	17	15	27	0	0
rg06_theta15p195_foilpm8	1	0	5	7	95	24	19	14	37	0	0
rg06_theta15p195_foilpm8	1	0	6	2	8	0	2	0	0	8	0
rg06_theta15p195_foilpm8	1	0	6	3	31	21	7	6	0	0	0
rg06_theta15p195_foilpm8	1	0	6	4	39	24	8	5	1	0	0
rg06_theta15p195_foilpm8	1	0	6	5	58	23	12	10	10	0	0
rg06_theta15p195_foilpm8	1	0	6	6	87	24	18	16	25	0	0
rg06_theta15p195_foilpm8	1	0	6	7	101	24	21	15	39	0	0
rg06_theta15p195_foilpm8	1	0	7	2	1	0	1	0	0	1	0
rg06_theta15p195_foilpm8	1	0	7	3	20	13	4	3	0	0	0
rg06_theta15p195_foilpm8	1	0	7	4	21	13	5	3	0	0	0
rg06_theta15p195_foilpm8	1	0	7	5	37	20	8	6	0	0	0
rg06_theta15p195_foilpm8	1	0	7	6	63	24	13	7	15	0	0
rg06_theta15p195_foilpm8	1	0	7	7	82	24	17	13	25	0	0
rg06_theta15p195_foilpm8	1	0	8	3	2	0	1	0	0	2	0
rg06_theta15p195_foilpm8	1	0	8	4	9	0	2	0	0	9	0
rg06_theta15p195_foilpm8	1	0	8	5	23	13	5	2	0	0	0
rg06_theta15p195_foilpm8	1	0	8	6	35	20	7	4	0	0	0
rg06_theta15p195_foilpm8	1	0	8	7	6	0	2	0	0	6	0
rg06_theta15p195_foilpm8	1	1	0	3	10	0	2	0	0	10	0
rg06_theta15p195_foilpm8	1	1	0	4	21	13	5	2	0	0	0
rg06_theta15p195_foilpm8	1	1	0	5	39	21	8	6	5	0	0
rg06_theta15p195_foilpm8	1	1	0	6	44	21	9	8	5	0	0
rg06_theta15p195_foilpm8	1	1	1	2	2	0	1	0	0	2	0
rg06_theta15p195_foilpm8	1	1	1	3	19	13	4	4	0	0	0
rg06_theta15p195_foilpm8	1	1	1	4	35	21	7	5	0	0	0
rg06_theta15p195_foilpm8	1	1	1	5	52	21	11	7	7	0	0
rg06_theta15p195_foilpm8	1	1	1	6	65	21	13	7	19	0	0
rg06_theta15p195_foilpm8	1	1	1	7	110	21	22	17	44	0	0
rg06_theta15p195_foilpm8	1	1	2	2	4	0	1	0	0	4	0
rg06_theta15p195_foilpm8	1	1	2	3	1	0	1	0	0	1	0
rg06_theta15p195_foilpm8	1	1	2	4	42	21	9	8	10	0	0
rg06_theta15p195_foilpm8	1	1	2	5	78	21	16	11	34	0	0
rg06_theta15p195_foilpm8	1	1	2	6	84	22	17	12	32	0	0
rg06_theta15p195_foilpm8	1	1	2	7	111	21	23	19	46	0	0
rg06_theta15p195_foilpm8	1	1	3	2	22	15	5	5	0	0	0
rg06_theta15p195_foilpm8	1	1	3	3	31	21	7	5	0	0	0
rg06_theta15p195_foilpm8	1	1	3	4	58	21	12	10	18	0	0
rg06_theta15p195_foilpm8	1	1	3	5	89	21	18	16	37	0	0
rg06_theta15p195_foilpm8	1	1	3	6	119	21	24	18	50	0	0
rg06_theta15p195_foilpm8	1	1	3	7	157	21	32	27	72	0	0
rg06_theta15p195_foilpm8	1	1	4	2	17	12	4	3	0	0	0
rg06_theta15p195_foilpm8	1	1	4	3	28	18	6	4	0	0	0
rg06_theta15p195_foilpm8	1	1	4	4	8	0	2	0	0	8	0
rg06_theta15p195_foilpm8	1	1	4	5	95	21	19	15	40	0	0
rg06_theta15p195_foilpm8	1	1	4	6	147	21	30	29	82	0	0
rg06_theta15p195_foilpm8	1	1	4	7	150	21	30	25	74	0	0
rg06_theta15p195_foilpm8	1	1	5	2	26	18	6	4	0	0	0
rg06_theta15p195_foilpm8	1	1	5	3	35	21	7	5	0	0	0
rg06_theta15p195_foilpm8	1	1	5	4	59	21	12	11	20	0	0
rg06_theta15p195_foilpm8	1	1	5	5	4	0	1	0	0	4	0
rg06_theta15p195_foilpm8	1	1	5	6	125	21	25	18	62	0	0
rg06_theta15p195_foilpm8	1	1	5	7	157	21	32	27	84	0	0
rg06_theta15p195_foilpm8	1	1	6	2	19	12	4	3	0	0	0
rg06_theta15p195_foilpm8	1	1	6	3	26	16	6	2	0	0	0
rg06_theta15p195_foilpm8	1	1	6	4	42	21	9	5	8	0	0
rg06_theta15p195_foilpm8	1	1	6	5	74	21	15	14	29	0	0
rg06_theta15p195_foilpm8	1	1	6	6	103	21	21	15	46	0	0
rg06_theta15p195_foilpm8	1	1	6	7	143	21	29	24	78	0	0
rg06_theta15p195_foilpm8	1	1	7	2	3	0	1	0	0	3	0
rg06_theta15p195_foilpm8	1	1	7	3	16	11	4	3	0	0	0
rg06_theta15p195_foilpm8	1	1	7	4	34	21	7	6	4	0	0
rg06_theta15p195_foilpm8	1	1	7	5	49	21	10	9	14	0	0
rg06_theta15p195_foilpm8	1	1	7	6	65	21	13	8	21	0	0
rg06_theta15p195_foilpm8	1	1	7	7	119	21	24	24	59	0	0
rg06_theta15p195_foilpm8	1	1	8	3	7	0	2	0	0	7	0
rg06_theta15p195_foilpm8	1	1	8	4	22	14	5	3	0	0	0
rg06_theta15p195_foilpm8	1	1	8	5	47	21	10	10	9	0	0
rg06_theta15p195_foilpm8	1	1	8	6	68	21	14	11	23	0	0
rg06_theta15p195_foilpm8	1	2	0	3	13	9	3	3	0	0	0
rg06_theta15p195_foilpm8	1	2	0	4	22	12	5	3	0	0	0
rg06_theta15p195_foilpm8	1	2	0	5	50	20	10	10	12	0	0
rg06_theta15p195_foilpm8	1	2	0	6	51	21	11	10	11	0	0
rg06_theta15p195_foilpm8	1	2	0	7	2	0	1	0	0	2	0
rg06_theta15p195_foilpm8	1	2	1	2	1	0	1	0	0	1	0
rg06_theta15p195_foilpm8	1	2	1	3	17	11	4	3	0	0	0
rg06_theta15p195_foilpm8	1	2	1	4	42	20	9	8	9	0	0
rg06_theta15p195_foilpm8	1	2	1	5	71	21	15	13	29	0	0
rg06_theta15p195_foilpm8	1	2	1	6	97	20	20	17	45	0	0
rg06_theta15p195_foilpm8	1	2	1	7	148	21	30	26	77	0	0
rg06_theta15p195_foilpm8	1	2	2	2	20	15	4	3	0	0	0
rg06_theta15p195_foilpm8	1	2	2	4	54	21	11	8	16	0	0
rg06_theta15p195_foilpm8	1	2	2	5	84	21	17	14	36	0	0
rg06_theta15p195_foilpm8	1	2	2	6	150	20	30	28	83	0	0
rg06_theta15p195_foilpm8	1	2	2	7	195	20	39	29	115	0	0
rg06_theta15p195_foilpm8	1	2	3	2	12	0	3	0	0	12	0
rg06_theta15p195_foilpm8	1	2	3	3	47	20	10	7	12	0	0
rg06_theta15p195_foilpm8	1	2	3	4	75	21	15	12	26	0	0
rg06_theta15p195_foilpm8	1	2	3	5	127	21	26	22	58	0	0
rg06_theta15p195_foilpm8	1	2	3	6	158	20	32	25	90	0	0
rg06_theta15p195_foilpm8	1	2	3	7	230	20	46	38	135	0	0
rg06_theta15p195_foilpm8	1	2	4	2	13	9	3	2	0	0	0
rg06_theta15p195_foilpm8	1	2	4	3	47	21	10	8	11	0	0
rg06_theta15p195_foilpm8	1	2	4	4	16	11	4	3	0	0	0
rg06_theta15p195_foilpm8	1	2	4	5	141	21	29	23	76	0	0
rg06_theta15p195_foilpm8	1	2	4	6	200	21	40	33	110	0	0
rg06_theta15p195_foilpm8	1	2	4	7	255	20	51	42	155	0	0
rg06_theta15p195_foilpm8	1	2	5	2	16	11	4	2	0	0	0
rg06_theta15p195_foilpm8	1	2	5	3	29	21	6	5	0	0	0
rg06_theta15p195_foilpm8	1	2	5	4	76	21	16	12	27	0	0
rg06_theta15p195_foilpm8	1	2	5	5	1	0	1	0	0	1	0
rg06_theta15p195_foilpm8	1	2	5	6	197	21	40	34	106	0	0
rg06_theta15p195_foilpm8	1	2	5	7	216	21	44	36	127	0	0
rg06_theta15p195_foilpm8	1	2	6	2	8	0	2	0	0	8	0
rg06_theta15p195_foilpm8	1	2	6	3	37	21	8	8	5	0	0
rg06_theta15p195_foilpm8	1	2	6	4	50	21	10	7	14	0	0
rg06_theta15p195_foilpm8	1	2	6	5	87	21	18	10	35	0	0
rg06_theta15p195_foilpm8	1	2	6	6	161	21	33	26	83	0	0
rg06_theta15p195_foilpm8	1	2	6	7	210	21	42	37	115	0	0
rg06_theta15p195_foilpm8	1	2	7	2	1	0	1	0	0	1	0
rg06_theta15p195_foilpm8	1	2	7	3	28	20	6	5	0	0	0
rg06_theta15p195_foilpm8	1	2	7	4	45	21	9	8	10	0	0
rg06_theta15p195_foilpm8	1	2	7	5	71	20	15	12	26	0	0
rg06_theta15p195_foilpm8	1	2	7	6	123	21	25	23	58	0	0
rg06_theta15p195_foilpm8	1	2	7	7	162	21	33	27	89	0	0
rg06_theta15p195_foilpm8	1	2	8	3	14	10	3	3	0	0	0
rg06_theta15p195_foilpm8	1	2	8	4	25	17	5	5	0	0	0
rg06_theta15p195_foilpm8	1	2	8	5	53	21	11	8	12	0	0
rg06_theta15p195_foilpm8	1	2	8	6	64	21	13	9	23	0	0
rg06_theta15p195_foilpm8	1	2	8	7	2	0	1	0	0	2	0
rg06_theta15p195_foilpm8	1	3	0	3	3	0	1	0	0	3	0
rg06_theta15p195_foilpm8	1	3	0	4	12	0	3	0	0	12	0
rg06_theta15p195_foilpm8	1	3	0	5	26	18	6	4	0	0	0
rg06_theta15p195_foilpm8	1	3	0	6	47	24	10	7	10	0	0
rg06_theta15p195_foilpm8	1	3	0	7	2	0	1	0	0	2	0
rg06_theta15p195_foilpm8	1	3	1	3	8	0	2	0	0	8	0
rg06_theta15p195_foilpm8	1	3	1	4	15	11	3	1	0	0	0
rg06_theta15p195_foilpm8	1	3	1	5	49	24	10	8	8	0	0
rg06_theta15p195_foilpm8	1	3	1	6	61	24	13	11	12	0	0
rg06_theta15p195_foilpm8	1	3	1	7	105	24	21	16	47	0	0
rg06_theta15p195_foilpm8	1	3	2	2	10	0	2	0	0	10	0
rg06_theta15p195_foilpm8	1	3	2	4	31	15	7	6	0	0	0
rg06_theta15p195_foilpm8	1	3	2	5	61	25	13	10	11	0	0
rg06_theta15p195_foilpm8	1	3	2	6	99	25	20	15	41	0	0
rg06_theta15p195_foilpm8	1	3	2	7	132	24	27	23	58	0	0
rg06_theta15p195_foilpm8	1	3	3	2	10	0	2	0	0	10	0
rg06_theta15p195_foilpm8	1	3	3	3	14	8	3	3	0	0	0
rg06_theta15p195_foilpm8	1	3	3	4	36	20	8	8	0	0	0
rg06_theta15p195_foilpm8	1	3	3	5	59	25	12	7	12	0	0
rg06_theta15p195_foilpm8	1	3	3	6	94	25	19	12	35	0	0
rg06_theta15p195_foilpm8	1	3	3	7	160	25	32	25	72	0	0
rg06_theta15p195_foilpm8	1	3	4	2	5	0	1	0	0	5	0
rg06_theta15p195_foilpm8	1	3	4	3	19	11	4	4	0	0	0
rg06_theta15p195_foilpm8	1	3	4	4	16	9	4	4	0	0	0
rg06_theta15p195_foilpm8	1	3	4	5	92	24	19	14	28	0	0
rg06_theta15p195_foilpm8	1	3	4	6	83	25	17	11	24	0	0
rg06_theta15p195_foilpm8	1	3	4	7	182	25	37	28	91	0	0
rg06_theta15p195_foilpm8	1	3	5	2	4	0	1	0	0	4	0
rg06_theta15p195_foilpm8	1	3	5	3	25	16	5	4	0	0	0
rg06_theta15p195_foilpm8	1	3	5	4	51	24	11	9	6	0	0
rg06_theta15p195_foilpm8	1	3	5	6	129	24	26	21	54	0	0
rg06_theta15p195_foilpm8	1	3	5	7	172	24	35	28	84	0	0
rg06_theta15p195_foilpm8	1	3	6	2	1	0	1	0	0	1	0
rg06_theta15p195_foilpm8	1	3	6	3	14	8	3	3	0	0	0
rg06_theta15p195_foilpm8	1	3	6	4	19	12	4	3	0	0	0
rg06_theta15p195_foilpm8	1	3	6	5	49	24	10	7	9	0	0
rg06_theta15p195_foilpm8	1	3	6	6	91	24	19	13	36	0	0
rg06_theta15p195_foilpm8	1	3	6	7	111	24	23	16	42	0	0
rg06_theta15p195_foilpm8	1	3	7	3	10	0	2	0	0	10	0
rg06_theta15p195_foilpm8	1	3	7	4	19	12	4	3	0	0	0
rg06_theta15p195_foilpm8	1	3	7	5	36	22	8	6	0	0	0
rg06_theta15p195_foilpm8	1	3	7	6	60	24	12	7	14	0	0
rg06_theta15p195_foilpm8	1	3	7	7	113	24	23	19	51	0	0
rg06_theta15p195_foilpm8	1	3	8	3	4	0	1	0	0	4	0
rg06_theta15p195_foilpm8	1	3	8	4	12	0	3	0	0	12	0
rg06_theta15p195_foilpm8	1	3	8	5	31	19	7	3	0	0	0
rg06_theta15p195_foilpm8	1	3	8	6	54	24	11	10	9	0	0
rg06_theta15p195_foilpm8	1	3	8	7	6	0	2	0	0	6	0
rg06_theta15p195_foilpm8	1	4	0	4	2	0	1	0	0	2	0
rg06_theta15p195_foilpm8	1	4	0	5	10	0	2	0	0	10	0
rg06_theta15p195_foilpm8	1	4	0	6	18	13	4	4	0	0	0
rg06_theta15p195_foilpm8	1	4	1	4	4	0	1	0	0	4	0
rg06_theta15p195_foilpm8	1	4	1	5	17	13	4	3	0	0	0
rg06_theta15p195_foilpm8	1	4	1	6	27	19	6	6	0	0	0
rg06_theta15p195_foilpm8	1	4	1	7	43	19	9	8	9	0	0
rg06_theta15p195_foilpm8	1	4	2	4	14	10	3	3	0	0	0
rg06_theta15p195_foilpm8	1	4	2	5	21	13	5	3	0	0	0
rg06_theta15p195_foilpm8	1	4	2	6	42	19	9	6	11	0	0
rg06_theta15p195_foilpm8	1	4	2	7	71	19	15	9	27	0	0
rg06_theta15p195_foilpm8	1	4	3	4	9	0	2	0	0	9	0
rg06_theta15p195_foilpm8	1	4	3	5	26	17	6	6	0	0	0
rg06_theta15p195_foilpm8	1	4	3	6	51	19	11	7	15	0	0
rg06_theta15p195_foilpm8	1	4	3	7	90	19	18	17	41	0	0
rg06_theta15p195_foilpm8	1	4	4	4	4	0	1	0	0	4	0
rg06_theta15p195_foilpm8	1	4	4	5	22	14	5	5	0	0	0
rg06_theta15p195_foilpm8	1	4	4	6	54	19	11	7	18	0	0
rg06_theta15p195_foilpm8	1	4	4	7	80	19	16	11	39	0	0
rg06_theta15p195_foilpm8	1	4	5	4	5	0	1	0	0	5	0
rg06_theta15p195_foilpm8	1	4	5	6	47	19	10	7	13	0	0
rg06_theta15p195_foilpm8	1	4	5	7	82	19	17	15	35	0	0
rg06_theta15p195_foilpm8	1	4	6	4	9	0	2	0	0	9	0
rg06_theta15p195_foilpm8	1	4	6	5	15	9	3	2	0	0	0
rg06_theta15p195_foilpm8	1	4	6	6	27	17	6	4	0	0	0
rg06_theta15p195_foilpm8	1	4	6	7	36	19	8	6	2	0	0
rg06_theta15p195_foilpm8	1	4	7	4	5	0	1	0	0	5	0
rg06_theta15p195_foilpm8	1	4	7	5	16	10	4	3	0	0	0
rg06_theta15p195_foilpm8	1	4	7	6	25	16	5	4	0	0	0
rg06_theta15p195_foilpm8	1	4	7	7	35	19	7	6	4	0	0
rg06_theta15p195_foilpm8	1	4	8	4	4	0	1	0	0	4	0
rg06_theta15p195_foilpm8	1	4	8	5	5	0	1	0	0	5	0
rg06_theta15p195_foilpm8	1	4	8	6	19	11	4	2	0	0	0
rg06_theta15p195_foilpm8	1	4	8	7	1	0	1	0	0	1	0
rg07_theta12p495_foilpm8	0	0	0	1	7	0	2	0	0	7	0
rg07_theta12p495_foilpm8	0	0	0	2	34	14	7	1	0	0	0
rg07_theta12p495_foilpm8	0	0	0	3	76	24	16	9	6	0	0
rg07_theta12p495_foilpm8	0	0	0	4	104	24	21	7	26	0	0
rg07_theta12p495_foilpm8	0	0	0	5	72	20	15	6	0	0	0
rg07_theta12p495_foilpm8	0	0	0	6	10	0	2	0	0	10	0
rg07_theta12p495_foilpm8	0	0	1	1	6	0	2	0	0	6	0
rg07_theta12p495_foilpm8	0	0	1	2	18	6	4	0	0	0	0
rg07_theta12p495_foilpm8	0	0	1	3	15	0	3	0	0	15	0
rg07_theta12p495_foilpm8	0	0	1	4	25	7	5	0	0	0	0
rg07_theta12p495_foilpm8	0	0	1	5	24	10	5	1	0	0	0
rg07_theta12p495_foilpm8	0	0	1	6	4	0	1	0	0	4	0
rg07_theta12p495_foilpm8	0	0	2	1	16	6	4	0	0	0	0
rg07_theta12p495_foilpm8	0	0	2	2	40	8	8	1	0	0	0
rg07_theta12p495_foilpm8	0	0	2	3	16	0	4	0	0	16	0
rg07_theta12p495_foilpm8	0	0	2	4	74	24	15	10	10	0	0
rg07_theta12p495_foilpm8	0	0	2	5	81	24	17	6	11	0	0
rg07_theta12p495_foilpm8	0	0	2	6	37	21	8	4	0	0	0
rg07_theta12p495_foilpm8	0	0	3	1	19	9	4	3	0	0	0
rg07_theta12p495_foilpm8	0	0	3	2	58	24	12	2	1	0	0
rg07_theta12p495_foilpm8	0	0	3	3	82	24	17	10	9	0	0
rg07_theta12p495_foilpm8	0	0	3	4	78	24	16	10	20	0	0
rg07_theta12p495_foilpm8	0	0	3	5	86	24	18	14	23	0	0
rg07_theta12p495_foilpm8	0	0	3	6	58	24	12	7	11	0	0
rg07_theta12p495_foilpm8	0	0	4	1	21	8	5	0	0	0	0
rg07_theta12p495_foilpm8	0	0	4	2	64	24	13	10	14	0	0
rg07_theta12p495_foilpm8	0	0	4	3	77	24	16	12	20	0	0
rg07_theta12p495_foilpm8	0	0	4	4	27	11	6	3	0	0	0
rg07_theta12p495_foilpm8	0	0	4	5	94	24	19	13	31	0	0
rg07_theta12p495_foilpm8	0	0	4	6	111	24	23	19	29	0	0
rg07_theta12p495_foilpm8	0	0	5	1	11	0	3	0	0	11	0
rg07_theta12p495_foilpm8	0	0	5	2	53	24	11	6	11	0	0
rg07_theta12p495_foilpm8	0	0	5	3	62	24	13	10	15	0	0
rg07_theta12p495_foilpm8	0	0	5	4	83	24	17	13	27	0	0
rg07_theta12p495_foilpm8	0	0	5	5	9	0	2	0	0	9	0
rg07_theta12p495_foilpm8	0	0	5	6	111	24	23	18	47	0	0
rg07_theta12p495_foilpm8	0	0	6	1	4	0	1	0	0	4	0
rg07_theta12p495_foilpm8	0	0	6	2	31	17	7	2	0	0	0
rg07_theta12p495_foilpm8	0	0	6	3	67	24	14	9	13	0	0
rg07_theta12p495_foilpm8	0	0	6	4	63	24	13	7	13	0	0
rg07_theta12p495_foilpm8	0	0	6	5	74	24	15	10	24	0	0
rg07_theta12p495_foilpm8	0	0	6	6	94	24	19	12	35	0	0
rg07_theta12p495_foilpm8	0	0	7	1	2	0	1	0	0	2	0
rg07_theta12p495_foilpm8	0	0	7	2	32	16	7	3	0	0	0
rg07_theta12p495_foilpm8	0	0	7	3	55	23	11	6	0	0	0
rg07_theta12p495_foilpm8	0	0	7	4	73	24	15	8	8	0	0
rg07_theta12p495_foilpm8	0	0	7	5	73	24	15	11	10	0	0
rg07_theta12p495_foilpm8	0	0	7	6	68	24	14	9	12	0	0
rg07_theta12p495_foilpm8	0	0	8	2	3	0	1	0	0	3	0
rg07_theta12p495_foilpm8	0	0	8	3	2	0	1	0	0	2	0
rg07_theta12p495_foilpm8	0	0	8	4	9	0	2	0	0	9	0
rg07_theta12p495_foilpm8	0	0	8	5	28	19	6	6	0	0	0
rg07_theta12p495_foilpm8	0	0	8	6	2	0	1	0	0	2	0
rg07_theta12p495_foilpm8	0	1	0	1	6	0	2	0	0	6	0
rg07_theta12p495_foilpm8	0	1	0	2	40	20	8	7	1	0	0
rg07_theta12p495_foilpm8	0	1	0	3	69	20	14	11	16	0	0
rg07_theta12p495_foilpm8	0	1	0	4	80	20	16	13	31	0	0
rg07_theta12p495_foilpm8	0	1	0	5	59	20	12	8	10	0	0
rg07_theta12p495_foilpm8	0	1	0	6	3	0	1	0	0	3	0
rg07_theta12p495_foilpm8	0	1	1	1	36	15	8	4	0	0	0
rg07_theta12p495_foilpm8	0	1	1	2	59	20	12	7	12	0	0
rg07_theta12p495_foilpm8	0	1	1	3	91	19	19	16	34	0	0
rg07_theta12p495_foilpm8	0	1	1	4	118	19	24	19	45	0	0
rg07_theta12p495_foilpm8	0	1	1	5	108	20	22	16	40	0	0
rg07_theta12p495_foilpm8	0	1	1	6	25	8	5	2	0	0	0
rg07_theta12p495_foilpm8	0	1	2	1	60	20	12	7	6	0	0
rg07_theta12p495_foilpm8	0	1	2	2	65	20	13	10	15	0	0
rg07_theta12p495_foilpm8	0	1	2	3	9	0	2	0	0	9	0
rg07_theta12p495_foilpm8	0	1	2	4	135	20	27	21	68	0	0
rg07_theta12p495_foilpm8	0	1	2	5	137	20	28	25	54	0	0
rg07_theta12p495_foilpm8	0	1	2	6	98	20	20	15	32	0	0
rg07_theta12p495_foilpm8	0	1	3	1	59	20	12	6	11	0	0
rg07_theta12p495_foilpm8	0	1	3	2	102	20	21	13	34	0	0
rg07_theta12p495_foilpm8	0	1	3	3	143	20	29	20	69	0	0
rg07_theta12p495_foilpm8	0	1	3	4	143	20	29	17	63	0	0
rg07_theta12p495_foilpm8	0	1	3	5	186	19	38	26	89	0	0
rg07_theta12p495_foilpm8	0	1	3	6	180	20	36	24	81	0	0
rg07_theta12p495_foilpm8	0	1	4	1	42	20	9	8	2	0	0
rg07_theta12p495_foilpm8	0	1	4	2	66	20	14	7	18	0	0
rg07_theta12p495_foilpm8	0	1	4	3	118	19	24	20	54	0	0
rg07_theta12p495_foilpm8	0	1	4	4	53	19	11	9	17	0	0
rg07_theta12p495_foilpm8	0	1	4	5	198	20	40	34	114	0	0
rg07_theta12p495_foilpm8	0	1	4	6	203	20	41	34	114	0	0
rg07_theta12p495_foilpm8	0	1	5	1	48	19	10	7	12	0	0
rg07_theta12p495_foilpm8	0	1	5	2	105	20	21	21	45	0	0
rg07_theta12p495_foilpm8	0	1	5	3	107	20	22	17	45	0	0
rg07_theta12p495_foilpm8	0	1	5	4	127	20	26	20	57	0	0
rg07_theta12p495_foilpm8	0	1	5	5	14	0	3	0	0	14	0
rg07_theta12p495_foilpm8	0	1	5	6	170	20	34	28	73	0	0
rg07_theta12p495_foilpm8	0	1	6	1	42	19	9	6	0	0	0
rg07_theta12p495_foilpm8	0	1	6	2	56	19	12	6	19	0	0
rg07_theta12p495_foilpm8	0	1	6	3	88	20	18	14	34	0	0
rg07_theta12p495_foilpm8	0	1	6	4	138	19	28	20	70	0	0
rg07_theta12p495_foilpm8	0	1	6	5	157	20	32	20	80	0	0
rg07_theta12p495_foilpm8	0	1	6	6	167	20	34	25	83	0	0
rg07_theta12p495_foilpm8	0	1	7	1	18	12	4	2	0	0	0
rg07_theta12p495_foilpm8	0	1	7	2	67	20	14	12	24	0	0
rg07_theta12p495_foilpm8	0	1	7	3	94	19	19	14	42	0	0
rg07_theta12p495_foilpm8	0	1	7	4	85	20	17	11	31	0	0
rg07_theta12p495_foilpm8	0	1	7	5	114	20	23	14	46	0	0
rg07_theta12p495_foilpm8	0	1	7	6	141	20	29	23	74	0	0
rg07_theta12p495_foilpm8	0	1	8	1	1	0	1	0	0	1	0
rg07_theta12p495_foilpm8	0	1	8	2	38	20	8	5	5	0	0
rg07_theta12p495_foilpm8	0	1	8	3	63	20	13	11	24	0	0
rg07_theta12p495_foilpm8	0	1	8	4	68	20	14	11	21	0	0
rg07_theta12p495_foilpm8	0	1	8	5	87	20	18	14	33	0	0
rg07_theta12p495_foilpm8	0	1	8	6	6	0	2	0	0	6	0
rg07_theta12p495_foilpm8	0	2	0	1	2	0	1	0	0	2	0
rg07_theta12p495_foilpm8	0	2	0	2	66	19	14	11	17	0	0
rg07_theta12p495_foilpm8	0	2	0	3	79	20	16	14	30	0	0
rg07_theta12p495_foilpm8	0	2	0	4	111	20	23	18	42	0	0
rg07_theta12p495_foilpm8	0	2	0	5	149	20	30	20	67	0	0
rg07_theta12p495_foilpm8	0	2	0	6	3	0	1	0	0	3	0
rg07_theta12p495_foilpm8	0	2	1	1	43	19	9	4	8	0	0
rg07_theta12p495_foilpm8	0	2	1	2	92	19	19	7	35	0	0
rg07_theta12p495_foilpm8	0	2	1	3	129	19	26	18	60	0	0
rg07_theta12p495_foilpm8	0	2	1	4	155	20	31	23	65	0	0
rg07_theta12p495_foilpm8	0	2	1	5	165	19	33	24	79	0	0
rg07_theta12p495_foilpm8	0	2	1	6	70	20	14	8	18	0	0
rg07_theta12p495_foilpm8	0	2	2	1	56	20	12	9	17	0	0
rg07_theta12p495_foilpm8	0	2	2	2	108	20	22	15	44	0	0
rg07_theta12p495_foilpm8	0	2	2	3	8	0	2	0	0	8	0
rg07_theta12p495_foilpm8	0	2	2	4	193	20	39	29	97	0	0
rg07_theta12p495_foilpm8	0	2	2	5	242	20	49	40	126	0	0
rg07_theta12p495_foilpm8	0	2	2	6	177	20	36	28	93	0	0
rg07_theta12p495_foilpm8	0	2	3	1	74	20	15	14	24	0	0
rg07_theta12p495_foilpm8	0	2	3	2	122	19	25	21	51	0	0
rg07_theta12p495_foilpm8	0	2	3	3	160	19	32	28	74	0	0
rg07_theta12p495_foilpm8	0	2	3	4	263	19	53	42	150	0	0
rg07_theta12p495_foilpm8	0	2	3	5	290	19	58	44	166	0	0
rg07_theta12p495_foilpm8	0	2	3	6	326	19	66	52	185	0	0
rg07_theta12p495_foilpm8	0	2	4	1	83	19	17	15	32	0	0
rg07_theta12p495_foilpm8	0	2	4	2	112	20	23	15	46	0	0
rg07_theta12p495_foilpm8	0	2	4	3	183	20	37	33	95	0	0
rg07_theta12p495_foilpm8	0	2	4	4	72	19	15	10	27	0	0
rg07_theta12p495_foilpm8	0	2	4	5	318	19	64	50	172	0	0
rg07_theta12p495_foilpm8	0	2	4	6	337	19	68	56	195	0	0
rg07_theta12p495_foilpm8	0	2	5	1	52	19	11	8	14	0	0
rg07_theta12p495_foilpm8	0	2	5	2	104	19	21	18	46	0	0
rg07_theta12p495_foilpm8	0	2	5	3	176	19	36	28	92	0	0
rg07_theta12p495_foilpm8	0	2	5	4	242	20	49	36	129	0	0
rg07_theta12p495_foilpm8	0	2	5	5	5	0	1	0	0	5	0
rg07_theta12p495_foilpm8	0	2	5	6	310	20	62	50	187	0	0
rg07_theta12p495_foilpm8	0	2	6	1	47	19	10	4	7	0	0
rg07_theta12p495_foilpm8	0	2	6	2	105	19	21	16	50	0	0
rg07_theta12p495_foilpm8	0	2	6	3	170	19	34	28	87	0	0
rg07_theta12p495_foilpm8	0	2	6	4	192	19	39	33	95	0	0
rg07_theta12p495_foilpm8	0	2	6	5	283	19	57	45	163	0	0
rg07_theta12p495_foilpm8	0	2	6	6	315	19	63	54	181	0	0
rg07_theta12p495_foilpm8	0	2	7	1	32	20	7	4	2	0	0
rg07_theta12p495_foilpm8	0	2	7	2	76	20	16	11	28	0	0
rg07_theta12p495_foilpm8	0	2	7	3	131	20	27	20	66	0	0
rg07_theta12p495_foilpm8	0	2	7	4	152	19	31	22	75	0	0
rg07_theta12p495_foilpm8	0	2	7	5	224	20	45	29	118	0	0
rg07_theta12p495_foilpm8	0	2	7	6	206	20	42	35	113	0	0
rg07_theta12p495_foilpm8	0	2	8	1	2	0	1	0	0	2	0
rg07_theta12p495_foilpm8	0	2	8	2	69	19	14	12	24	0	0
rg07_theta12p495_foilpm8	0	2	8	3	111	20	23	20	48	0	0
rg07_theta12p495_foilpm8	0	2	8	4	130	20	26	19	71	0	0
rg07_theta12p495_foilpm8	0	2	8	5	161	19	33	25	81	0	0
rg07_theta12p495_foilpm8	0	2	8	6	4	0	1	0	0	4	0
rg07_theta12p495_foilpm8	0	3	0	2	46	20	10	9	4	0	0
rg07_theta12p495_foilpm8	0	3	0	3	79	21	16	11	25	0	0
rg07_theta12p495_foilpm8	0	3	0	4	112	21	23	14	43	0	0
rg07_theta12p495_foilpm8	0	3	0	5	135	20	27	17	62	0	0
rg07_theta12p495_foilpm8	0	3	0	6	3	0	1	0	0	3	0
rg07_theta12p495_foilpm8	0	3	1	1	6	0	2	0	0	6	0
rg07_theta12p495_foilpm8	0	3	1	2	53	21	11	11	11	0	0
rg07_theta12p495_foilpm8	0	3	1	3	80	20	16	11	32	0	0
rg07_theta12p495_foilpm8	0	3	1	4	132	21	27	21	57	0	0
rg07_theta12p495_foilpm8	0	3	1	5	184	20	37	28	88	0	0
rg07_theta12p495_foilpm8	0	3	1	6	203	20	41	25	105	0	0
rg07_theta12p495_foilpm8	0	3	2	1	10	0	2	0	0	10	0
rg07_theta12p495_foilpm8	0	3	2	2	66	20	14	7	20	0	0
rg07_theta12p495_foilpm8	0	3	2	3	4	0	1	0	0	4	0
rg07_theta12p495_foilpm8	0	3	2	4	180	20	36	26	88	0	0
rg07_theta12p495_foilpm8	0	3	2	5	223	21	45	34	109	0	0
rg07_theta12p495_foilpm8	0	3	2	6	249	21	50	34	127	0	0
rg07_theta12p495_foilpm8	0	3	3	1	38	20	8	4	2	0	0
rg07_theta12p495_foilpm8	0	3	3	2	89	21	18	11	27	0	0
rg07_theta12p495_foilpm8	0	3	3	3	145	21	29	26	65	0	0
rg07_theta12p495_foilpm8	0	3	3	4	226	21	46	29	116	0	0
rg07_theta12p495_foilpm8	0	3	3	5	301	20	61	45	169	0	0
rg07_theta12p495_foilpm8	0	3	3	6	345	21	69	53	192	0	0
rg07_theta12p495_foilpm8	0	3	4	1	54	21	11	7	9	0	0
rg07_theta12p495_foilpm8	0	3	4	2	101	20	21	15	41	0	0
rg07_theta12p495_foilpm8	0	3	4	3	165	20	33	26	81	0	0
rg07_theta12p495_foilpm8	0	3	4	4	52	20	11	7	13	0	0
rg07_theta12p495_foilpm8	0	3	4	5	263	21	53	39	134	0	0
rg07_theta12p495_foilpm8	0	3	4	6	343	20	69	52	173	0	0
rg07_theta12p495_foilpm8	0	3	5	1	61	21	13	7	18	0	0
rg07_theta12p495_foilpm8	0	3	5	2	85	20	17	8	34	0	0
rg07_theta12p495_foilpm8	0	3	5	3	133	21	27	16	65	0	0
rg07_theta12p495_foilpm8	0	3	5	4	213	20	43	31	108	0	0
rg07_theta12p495_foilpm8	0	3	5	5	11	0	3	0	0	11	0
rg07_theta12p495_foilpm8	0	3	5	6	344	20	69	51	192	0	0
rg07_theta12p495_foilpm8	0	3	6	1	59	20	12	6	17	0	0
rg07_theta12p495_foilpm8	0	3	6	2	79	20	16	11	25	0	0
rg07_theta12p495_foilpm8	0	3	6	3	102	21	21	19	37	0	0
rg07_theta12p495_foilpm8	0	3	6	4	158	20	32	26	68	0	0
rg07_theta12p495_foilpm8	0	3	6	5	217	20	44	33	105	0	0
rg07_theta12p495_foilpm8	0	3	6	6	267	21	54	37	138	0	0
rg07_theta12p495_foilpm8	0	3	7	1	21	11	5	3	0	0	0
rg07_theta12p495_foilpm8	0	3	7	2	59	20	12	7	17	0	0
rg07_theta12p495_foilpm8	0	3	7	3	92	20	19	13	30	0	0
rg07_theta12p495_foilpm8	0	3	7	4	141	20	29	19	64	0	0
rg07_theta12p495_foilpm8	0	3	7	5	170	20	34	23	84	0	0
rg07_theta12p495_foilpm8	0	3	7	6	219	20	44	34	113	0	0
rg07_theta12p495_foilpm8	0	3	8	2	34	19	7	6	0	0	0
rg07_theta12p495_foilpm8	0	3	8	3	63	20	13	12	14	0	0
rg07_theta12p495_foilpm8	0	3	8	4	91	21	19	12	32	0	0
rg07_theta12p495_foilpm8	0	3	8	5	126	21	26	16	58	0	0
rg07_theta12p495_foilpm8	0	4	0	2	17	9	4	3	0	0	0
rg07_theta12p495_foilpm8	0	4	0	3	42	24	9	7	2	0	0
rg07_theta12p495_foilpm8	0	4	0	4	51	24	11	8	10	0	0
rg07_theta12p495_foilpm8	0	4	0	5	96	24	20	14	35	0	0
rg07_theta12p495_foilpm8	0	4	0	6	1	0	1	0	0	1	0
rg07_theta12p495_foilpm8	0	4	1	1	6	0	2	0	0	6	0
rg07_theta12p495_foilpm8	0	4	1	2	24	17	5	4	0	0	0
rg07_theta12p495_foilpm8	0	4	1	3	51	25	11	8	6	0	0
rg07_theta12p495_foilpm8	0	4	1	4	85	24	17	9	31	0	0
rg07_theta12p495_foilpm8	0	4	1	5	127	24	26	20	53	0	0
rg07_theta12p495_foilpm8	0	4	1	6	195	24	39	32	98	0	0
rg07_theta12p495_foilpm8	0	4	2	1	19	12	4	2	0	0	0
rg07_theta12p495_foilpm8	0	4	2	2	37	23	8	6	0	0	0
rg07_theta12p495_foilpm8	0	4	2	4	113	24	23	15	46	0	0
rg07_theta12p495_foilpm8	0	4	2	5	144	24	29	25	60	0	0
rg07_theta12p495_foilpm8	0	4	2	6	206	25	42	34	110	0	0
rg07_theta12p495_foilpm8	0	4	3	1	29	20	6	4	0	0	0
rg07_theta12p495_foilpm8	0	4	3	2	60	24	12	9	13	0	0
rg07_theta12p495_foilpm8	0	4	3	3	77	24	16	13	23	0	0
rg07_theta12p495_foilpm8	0	4	3	4	117	24	24	21	46	0	0
rg07_theta12p495_foilpm8	0	4	3	5	185	24	37	28	95	0	0
rg07_theta12p495_foilpm8	0	4	3	6	266	24	54	40	143	0	0
rg07_theta12p495_foilpm8	0	4	4	1	33	21	7	5	0	0	0
rg07_theta12p495_foilpm8	0	4	4	2	63	24	13	11	17	0	0
rg07_theta12p495_foilpm8	0	4	4	3	101	24	21	13	37	0	0
rg07_theta12p495_foilpm8	0	4	4	4	48	25	10	7	1	0	0
rg07_theta12p495_foilpm8	0	4	4	5	177	24	36	21	81	0	0
rg07_theta12p495_foilpm8	0	4	4	6	234	24	47	35	117	0	0
rg07_theta12p495_foilpm8	0	4	5	1	27	18	6	4	0	0	0
rg07_theta12p495_foilpm8	0	4	5	2	69	24	14	12	17	0	0
rg07_theta12p495_foilpm8	0	4	5	3	67	24	14	11	16	0	0
rg07_theta12p495_foilpm8	0	4	5	4	117	24	24	18	50	0	0
rg07_theta12p495_foilpm8	0	4	5	5	2	0	1	0	0	2	0
rg07_theta12p495_foilpm8	0	4	5	6	237	25	48	37	123	0	0
rg07_theta12p495_foilpm8	0	4	6	1	25	17	5	1	0	0	0
rg07_theta12p495_foilpm8	0	4	6	2	44	24	9	8	3	0	0
rg07_theta12p495_foilpm8	0	4	6	3	61	24	13	11	13	0	0
rg07_theta12p495_foilpm8	0	4	6	4	88	25	18	10	28	0	0
rg07_theta12p495_foilpm8	0	4	6	5	139	25	28	18	62	0	0
rg07_theta12p495_foilpm8	0	4	6	6	226	24	46	31	111	0	0
rg07_theta12p495_foilpm8	0	4	7	1	5	0	1	0	0	5	0
rg07_theta12p495_foilpm8	0	4	7	2	17	9	4	3	0	0	0
rg07_theta12p495_foilpm8	0	4	7	3	45	24	9	6	0	0	0
rg07_theta12p495_foilpm8	0	4	7	4	92	25	19	13	33	0	0
rg07_theta12p495_foilpm8	0	4	7	5	126	25	26	22	54	0	0
rg07_theta12p495_foilpm8	0	4	7	6	173	25	35	30	84	0	0
rg07_theta12p495_foilpm8	0	4	8	2	5	0	1	0	0	5	0
rg07_theta12p495_foilpm8	0	4	8	3	25	16	5	3	0	0	0
rg07_theta12p495_foilpm8	0	4	8	4	57	25	12	9	5	0	0
rg07_theta12p495_foilpm8	0	4	8	5	86	24	18	13	29	0	0
rg07_theta12p495_foilpm8	0	4	8	6	2	0	1	0	0	2	0
rg07_theta12p495_foilpm8	1	0	0	2	1	0	1	0	0	1	0
rg07_theta12p495_foilpm8	1	0	0	3	14	0	3	0	0	14	0
rg07_theta12p495_foilpm8	1	0	0	4	36	18	8	3	0	0	0
rg07_theta12p495_foilpm8	1	0	0	5	31	16	7	5	0	0	0
rg07_theta12p495_foilpm8	1	0	0	6	29	15	6	5	0	0	0
rg07_theta12p495_foilpm8	1	0	0	7	1	0	1	0	0	1	0
rg07_theta12p495_foilpm8	1	0	1	2	18	10	4	2	0	0	0
rg07_theta12p495_foilpm8	1	0	1	3	24	15	5	5	0	0	0
rg07_theta12p495_foilpm8	1	0	1	4	42	22	9	6	0	0	0
rg07_theta12p495_foilpm8	1	0	1	5	53	24	11	9	6	0	0
rg07_theta12p495_foilpm8	1	0	1	6	48	24	10	10	1	0	0
rg07_theta12p495_foilpm8	1	0	1	7	23	17	5	4	0	0	0
rg07_theta12p495_foilpm8	1	0	2	2	29	15	6	5	0	0	0
rg07_theta12p495_foilpm8	1	0	2	3	7	0	2	0	0	7	0
rg07_theta12p495_foilpm8	1	0	2	4	64	24	13	10	9	0	0
rg07_theta12p495_foilpm8	1	0	2	5	71	24	15	12	13	0	0
rg07_theta12p495_foilpm8	1	0	2	6	62	24	13	9	15	0	0
rg07_theta12p495_foilpm8	1	0	2	7	52	24	11	6	5	0	0
rg07_theta12p495_foilpm8	1	0	3	2	26	15	6	4	0	0	0
rg07_theta12p495_foilpm8	1	0	3	3	35	17	7	5	0	0	0
rg07_theta12p495_foilpm8	1	0	3	4	45	24	9	8	5	0	0
rg07_theta12p495_foilpm8	1	0	3	5	67	24	14	11	18	0	0
rg07_theta12p495_foilpm8	1	0	3	6	82	24	17	12	23	0	0
rg07_theta12p495_foilpm8	1	0	3	7	108	24	22	20	39	0	0
rg07_theta12p495_foilpm8	1	0	4	2	34	15	7	2	0	0	0
rg07_theta12p495_foilpm8	1	0	4	3	50	24	10	5	2	0	0
rg07_theta12p495_foilpm8	1	0	4	4	20	11	4	3	0	0	0
rg07_theta12p495_foilpm8	1	0	4	5	70	23	14	13	22	0	0
rg07_theta12p495_foilpm8	1	0	4	6	97	23	20	16	37	0	0
rg07_theta12p495_foilpm8	1	0	4	7	118	24	24	19	53	0	0
rg07_theta12p495_foilpm8	1	0	5	2	19	12	4	2	0	0	0
rg07_theta12p495_foilpm8	1	0	5	3	35	23	7	6	0	0	0
rg07_theta12p495_foilpm8	1	0	5	4	43	24	9	8	4	0	0
rg07_theta12p495_foilpm8	1	0	5	5	3	0	1	0	0	3	0
rg07_theta12p495_foilpm8	1	0	5	6	76	24	16	11	26	0	0
rg07_theta12p495_foilpm8	1	0	5	7	96	24	20	12	41	0	0
rg07_theta12p495_foilpm8	1	0	6	2	8	0	2	0	0	8	0
rg07_theta12p495_foilpm8	1	0	6	3	31	16	7	4	0	0	0
rg07_theta12p495_foilpm8	1	0	6	4	51	24	11	10	4	0	0
rg07_theta12p495_foilpm8	1	0	6	5	64	24	13	8	14	0	0
rg07_theta12p495_foilpm8	1	0	6	6	86	24	18	12	29	0	0
rg07_theta12p495_foilpm8	1	0	6	7	98	24	20	18	43	0	0
rg07_theta12p495_foilpm8	1	0	7	2	8	0	2	0	0	8	0
rg07_theta12p495_foilpm8	1	0	7	3	18	11	4	2	0	0	0
rg07_theta12p495_foilpm8	1	0	7	4	25	17	5	2	0	0	0
rg07_theta12p495_foilpm8	1	0	7	5	50	23	10	9	8	0	0
rg07_theta12p495_foilpm8	1	0	7	6	62	23	13	10	14	0	0
rg07_theta12p495_foilpm8	1	0	7	7	91	24	19	16	32	0	0
rg07_theta12p495_foilpm8	1	0	8	3	7	0	2	0	0	7	0
rg07_theta12p495_foilpm8	1	0	8	4	25	14	5	4	0	0	0
rg07_theta12p495_foilpm8	1	0	8	5	24	17	5	3	0	0	0
rg07_theta12p495_foilpm8	1	0	8	6	49	24	10	9	3	0	0
rg07_theta12p495_foilpm8	1	0	8	7	5	0	1	0	0	5	0
rg07_theta12p495_foilpm8	1	1	0	3	11	0	3	0	0	11	0
rg07_theta12p495_foilpm8	1	1	0	4	42	21	9	6	7	0	0
rg07_theta12p495_foilpm8	1	1	0	5	50	21	10	9	13	0	0
rg07_theta12p495_foilpm8	1	1	0	6	58	21	12	10	10	0	0
rg07_theta12p495_foilpm8	1	1	0	7	1	0	1	0	0	1	0
rg07_theta12p495_foilpm8	1	1	1	2	12	0	3	0	0	12	0
rg07_theta12p495_foilpm8	1	1	1	3	28	18	6	4	0	0	0
rg07_theta12p495_foilpm8	1	1	1	4	50	21	10	9	9	0	0
rg07_theta12p495_foilpm8	1	1	1	5	66	21	14	11	19	0	0
rg07_theta12p495_foilpm8	1	1	1	6	97	21	20	17	41	0	0
rg07_theta12p495_foilpm8	1	1	1	7	99	21	20	13	42	0	0
rg07_theta12p495_foilpm8	1	1	2	2	22	14	5	5	0	0	0
rg07_theta12p495_foilpm8	1	1	2	3	1	0	1	0	0	1	0
rg07_theta12p495_foilpm8	1	1	2	4	65	21	13	9	23	0	0
rg07_theta12p495_foilpm8	1	1	2	5	104	21	21	18	43	0	0
rg07_theta12p495_foilpm8	1	1	2	6	123	21	25	17	54	0	0
rg07_theta12p495_foilpm8	1	1	2	7	139	21	28	23	69	0	0
rg07_theta12p495_foilpm8	1	1	3	2	23	13	5	5	0	0	0
rg07_theta12p495_foilpm8	1	1	3	3	55	21	11	8	17	0	0
rg07_theta12p495_foilpm8	1	1	3	4	89	21	18	14	34	0	0
rg07_theta12p495_foilpm8	1	1	3	5	116	21	24	22	55	0	0
rg07_theta12p495_foilpm8	1	1	3	6	137	21	28	21	68	0	0
rg07_theta12p495_foilpm8	1	1	3	7	175	21	35	28	96	0	0
rg07_theta12p495_foilpm8	1	1	4	2	21	13	5	3	0	0	0
rg07_theta12p495_foilpm8	1	1	4	3	57	21	12	7	20	0	0
rg07_theta12p495_foilpm8	1	1	4	4	23	16	5	4	0	0	0
rg07_theta12p495_foilpm8	1	1	4	5	137	22	28	23	73	0	0
rg07_theta12p495_foilpm8	1	1	4	6	181	21	37	34	95	0	0
rg07_theta12p495_foilpm8	1	1	4	7	158	21	32	28	93	0	0
rg07_theta12p495_foilpm8	1	1	5	2	28	17	6	4	0	0	0
rg07_theta12p495_foilpm8	1	1	5	3	48	22	10	7	9	0	0
rg07_theta12p495_foilpm8	1	1	5	4	85	21	17	10	35	0	0
rg07_theta12p495_foilpm8	1	1	5	5	5	0	1	0	0	5	0
rg07_theta12p495_foilpm8	1	1	5	6	152	21	31	25	78	0	0
rg07_theta12p495_foilpm8	1	1	5	7	184	21	37	30	98	0	0
rg07_theta12p495_foilpm8	1	1	6	2	22	14	5	4	0	0	0
rg07_theta12p495_foilpm8	1	1	6	3	46	21	10	8	8	0	0
rg07_theta12p495_foilpm8	1	1	6	4	68	21	14	10	28	0	0
rg07_theta12p495_foilpm8	1	1	6	5	109	21	22	17	54	0	0
rg07_theta12p495_foilpm8	1	1	6	6	121	21	25	16	53	0	0
rg07_theta12p495_foilpm8	1	1	6	7	161	22	33	29	83	0	0
rg07_theta12p495_foilpm8	1	1	7	2	18	11	4	4	0	0	0
rg07_theta12p495_foilpm8	1	1	7	3	34	21	7	6	2	0	0
rg07_theta12p495_foilpm8	1	1	7	4	49	21	10	10	12	0	0
rg07_theta12p495_foilpm8	1	1	7	5	90	21	18	13	38	0	0
rg07_theta12p495_foilpm8	1	1	7	6	126	21	26	18	60	0	0
rg07_theta12p495_foilpm8	1	1	7	7	136	22	28	22	71	0	0
rg07_theta12p495_foilpm8	1	1	8	3	24	17	5	3	0	0	0
rg07_theta12p495_foilpm8	1	1	8	4	30	19	6	6	0	0	0
rg07_theta12p495_foilpm8	1	1	8	5	64	22	13	10	19	0	0
rg07_theta12p495_foilpm8	1	1	8	6	93	22	19	15	37	0	0
rg07_theta12p495_foilpm8	1	1	8	7	2	0	1	0	0	2	0
rg07_theta12p495_foilpm8	1	2	0	3	6	0	2	0	0	6	0
rg07_theta12p495_foilpm8	1	2	0	4	27	18	6	5	0	0	0
rg07_theta12p495_foilpm8	1	2	0	5	87	21	18	13	37	0	0
rg07_theta12p495_foilpm8	1	2	0	6	96	21	20	17	43	0	0
rg07_theta12p495_foilpm8	1	2	1	2	7	0	2	0	0	7	0
rg07_theta12p495_foilpm8	1	2	1	3	17	11	4	4	0	0	0
rg07_theta12p495_foilpm8	1	2	1	4	64	20	13	8	23	0	0
rg07_theta12p495_foilpm8	1	2	1	5	128	21	26	20	58	0	0
rg07_theta12p495_foilpm8	1	2	1	6	146	21	30	24	70	0	0
rg07_theta12p495_foilpm8	1	2	1	7	156	21	32	25	80	0	0
rg07_theta12p495_foilpm8	1	2	2	2	32	18	7	5	0	0	0
rg07_theta12p495_foilpm8	1	2	2	3	1	0	1	0	0	1	0
rg07_theta12p495_foilpm8	1	2	2	4	91	21	19	14	33	0	0
rg07_theta12p495_foilpm8	1	2	2	5	157	21	32	27	83	0	0
rg07_theta12p495_foilpm8	1	2	2	6	187	20	38	30	104	0	0
rg07_theta12p495_foilpm8	1	2	2	7	226	21	46	35	128	0	0
rg07_theta12p495_foilpm8	1	2	3	2	20	16	4	3	0	0	0
rg07_theta12p495_foilpm8	1	2	3	3	70	21	14	12	24	0	0
rg07_theta12p495_foilpm8	1	2	3	4	133	20	27	23	61	0	0
rg07_theta12p495_foilpm8	1	2	3	5	190	21	38	31	96	0	0
rg07_theta12p495_foilpm8	1	2	3	6	277	21	56	48	155	0	0
rg07_theta12p495_foilpm8	1	2	3	7	260	21	52	44	155	0	0
rg07_theta12p495_foilpm8	1	2	4	2	21	14	5	5	0	0	0
rg07_theta12p495_foilpm8	1	2	4	3	72	21	15	14	28	0	0
rg07_theta12p495_foilpm8	1	2	4	4	40	21	8	7	7	0	0
rg07_theta12p495_foilpm8	1	2	4	5	230	21	46	35	124	0	0
rg07_theta12p495_foilpm8	1	2	4	6	288	20	58	51	162	0	0
rg07_theta12p495_foilpm8	1	2	4	7	329	21	66	57	200	0	0
rg07_theta12p495_foilpm8	1	2	5	2	24	16	5	3	0	0	0
rg07_theta12p495_foilpm8	1	2	5	3	82	20	17	13	37	0	0
rg07_theta12p495_foilpm8	1	2	5	4	151	21	31	22	73	0	0
rg07_theta12p495_foilpm8	1	2	5	5	3	0	1	0	0	3	0
rg07_theta12p495_foilpm8	1	2	5	6	275	21	55	45	154	0	0
rg07_theta12p495_foilpm8	1	2	5	7	286	21	58	45	173	0	0
rg07_theta12p495_foilpm8	1	2	6	2	30	20	6	6	1	0	0
rg07_theta12p495_foilpm8	1	2	6	3	59	21	12	9	18	0	0
rg07_theta12p495_foilpm8	1	2	6	4	124	21	25	21	59	0	0
rg07_theta12p495_foilpm8	1	2	6	5	163	21	33	29	91	0	0
rg07_theta12p495_foilpm8	1	2	6	6	203	21	41	32	112	0	0
rg07_theta12p495_foilpm8	1	2	6	7	267	21	54	46	159	0	0
rg07_theta12p495_foilpm8	1	2	7	2	16	10	4	4	0	0	0
rg07_theta12p495_foilpm8	1	2	7	3	42	20	9	8	10	0	0
rg07_theta12p495_foilpm8	1	2	7	4	85	21	17	15	36	0	0
rg07_theta12p495_foilpm8	1	2	7	5	139	21	28	23	71	0	0
rg07_theta12p495_foilpm8	1	2	7	6	184	21	37	31	101	0	0
rg07_theta12p495_foilpm8	1	2	7	7	181	20	37	32	97	0	0
rg07_theta12p495_foilpm8	1	2	8	3	37	21	8	5	2	0	0
rg07_theta12p495_foilpm8	1	2	8	4	56	21	12	10	16	0	0
rg07_theta12p495_foilpm8	1	2	8	5	74	21	15	13	26	0	0
rg07_theta12p495_foilpm8	1	2	8	6	123	21	25	19	61	0	0
rg07_theta12p495_foilpm8	1	2	8	7	2	0	1	0	0	2	0
rg07_theta12p495_foilpm8	1	3	0	2	1	0	1	0	0	1	0
rg07_theta12p495_foilpm8	1	3	0	3	4	0	1	0	0	4	0
rg07_theta12p495_foilpm8	1	3	0	4	13	8	3	2	0	0	0
rg07_theta12p495_foilpm8	1	3	0	5	61	24	13	7	11	0	0
rg07_theta12p495_foilpm8	1	3	0	6	90	25	18	12	28	0	0
rg07_theta12p495_foilpm8	1	3	0	7	2	0	1	0	0	2	0
rg07_theta12p495_foilpm8	1	3	1	2	6	0	2	0	0	6	0
rg07_theta12p495_foilpm8	1	3	1	3	17	10	4	2	0	0	0
rg07_theta12p495_foilpm8	1	3	1	4	31	19	7	6	0	0	0
rg07_theta12p495_foilpm8	1	3	1	5	72	24	15	14	23	0	0
rg07_theta12p495_foilpm8	1	3	1	6	128	25	26	21	66	0	0
rg07_theta12p495_foilpm8	1	3	1	7	125	24	25	24	57	0	0
rg07_theta12p495_foilpm8	1	3	2	2	10	0	2	0	0	10	0
rg07_theta12p495_foilpm8	1	3	2	3	3	0	1	0	0	3	0
rg07_theta12p495_foilpm8	1	3	2	4	83	24	17	16	21	0	0
rg07_theta12p495_foilpm8	1	3	2	5	121	25	25	22	53	0	0
rg07_theta12p495_foilpm8	1	3	2	6	216	24	44	41	106	0	0
rg07_theta12p495_foilpm8	1	3	2	7	189	25	38	29	95	0	0
rg07_theta12p495_foilpm8	1	3	3	2	14	9	3	2	0	0	0
rg07_theta12p495_foilpm8	1	3	3	3	54	24	11	9	12	0	0
rg07_theta12p495_foilpm8	1	3	3	4	93	24	19	15	34	0	0
rg07_theta12p495_foilpm8	1	3	3	5	170	24	34	27	75	0	0
rg07_theta12p495_foilpm8	1	3	3	6	221	24	45	37	114	0	0
rg07_theta12p495_foilpm8	1	3	3	7	306	24	62	47	163	0	0
rg07_theta12p495_foilpm8	1	3	4	2	4	0	1	0	0	4	0
rg07_theta12p495_foilpm8	1	3	4	3	47	24	10	7	7	0	0
rg07_theta12p495_foilpm8	1	3	4	4	21	13	5	5	0	0	0
rg07_theta12p495_foilpm8	1	3	4	5	181	24	37	31	90	0	0
rg07_theta12p495_foilpm8	1	3	4	6	249	24	50	37	130	0	0
rg07_theta12p495_foilpm8	1	3	4	7	314	25	63	51	177	0	0
rg07_theta12p495_foilpm8	1	3	5	2	3	0	1	0	0	3	0
rg07_theta12p495_foilpm8	1	3	5	3	48	25	10	6	9	0	0
rg07_theta12p495_foilpm8	1	3	5	4	110	24	22	15	43	0	0
rg07_theta12p495_foilpm8	1	3	5	5	2	0	1	0	0	2	0
rg07_theta12p495_foilpm8	1	3	5	6	230	24	46	39	121	0	0
rg07_theta12p495_foilpm8	1	3	5	7	271	25	55	45	150	0	0
rg07_theta12p495_foilpm8	1	3	6	2	5	0	1	0	0	5	0
rg07_theta12p495_foilpm8	1	3	6	3	38	24	8	7	0	0	0
rg07_theta12p495_foilpm8	1	3	6	4	87	24	18	12	33	0	0
rg07_theta12p495_foilpm8	1	3	6	5	126	24	26	15	47	0	0
rg07_theta12p495_foilpm8	1	3	6	6	178	24	36	26	89	0	0
rg07_theta12p495_foilpm8	1	3	6	7	266	24	54	47	143	0	0
rg07_theta12p495_foilpm8	1	3	7	2	5	0	1	0	0	5	0
rg07_theta12p495_foilpm8	1	3	7	3	26	16	6	5	0	0	0
rg07_theta12p495_foilpm8	1	3	7	4	55	24	11	7	12	0	0
rg07_theta12p495_foilpm8	1	3	7	5	101	24	21	17	37	0	0
rg07_theta12p495_foilpm8	1	3	7	6	119	24	24	15	49	0	0
rg07_theta12p495_foilpm8	1	3	7	7	163	25	33	28	79	0	0
rg07_theta12p495_foilpm8	1	3	8	3	27	15	6	5	0	0	0
rg07_theta12p495_foilpm8	1	3	8	4	36	24	8	7	0	0	0
rg07_theta12p495_foilpm8	1	3	8	5	58	25	12	9	10	0	0
rg07_theta12p495_foilpm8	1	3	8	6	104	25	21	18	42	0	0
rg07_theta12p495_foilpm8	1	3	8	7	1	0	1	0	0	1	0
rg07_theta12p495_foilpm8	1	4	0	3	1	0	1	0	0	1	0
rg07_theta12p495_foilpm8	1	4	0	4	12	0	3	0	0	12	0
rg07_theta12p495_foilpm8	1	4	0	5	20	13	4	4	0	0	0
rg07_theta12p495_foilpm8	1	4	0	6	45	30	9	8	0	0	0
rg07_theta12p495_foilpm8	1	4	0	7	1	0	1	0	0	1	0
rg07_theta12p495_foilpm8	1	4	1	3	10	0	2	0	0	10	0
rg07_theta12p495_foilpm8	1	4	1	4	29	19	6	6	0	0	0
rg07_theta12p495_foilpm8	1	4	1	5	58	30	12	11	8	0	0
rg07_theta12p495_foilpm8	1	4	1	6	93	30	19	17	30	0	0
rg07_theta12p495_foilpm8	1	4	1	7	103	30	21	15	35	0	0
rg07_theta12p495_foilpm8	1	4	2	4	56	30	12	6	6	0	0
rg07_theta12p495_foilpm8	1	4	2	5	72	30	15	13	20	0	0
rg07_theta12p495_foilpm8	1	4	2	6	125	30	25	20	52	0	0
rg07_theta12p495_foilpm8	1	4	2	7	175	30	35	28	79	0	0
rg07_theta12p495_foilpm8	1	4	3	3	26	20	6	6	0	0	0
rg07_theta12p495_foilpm8	1	4	3	4	45	26	9	6	0	0	0
rg07_theta12p495_foilpm8	1	4	3	5	96	30	20	15	28	0	0
rg07_theta12p495_foilpm8	1	4	3	6	144	30	29	23	63	0	0
rg07_theta12p495_foilpm8	1	4	3	7	226	30	46	39	103	0	0
rg07_theta12p495_foilpm8	1	4	4	3	35	25	7	5	0	0	0
rg07_theta12p495_foilpm8	1	4	4	4	12	0	3	0	0	12	0
rg07_theta12p495_foilpm8	1	4	4	5	111	30	23	14	31	0	0
rg07_theta12p495_foilpm8	1	4	4	6	175	30	35	26	82	0	0
rg07_theta12p495_foilpm8	1	4	4	7	232	30	47	36	118	0	0
rg07_theta12p495_foilpm8	1	4	5	3	23	15	5	5	0	0	0
rg07_theta12p495_foilpm8	1	4	5	4	47	30	10	9	1	0	0
rg07_theta12p495_foilpm8	1	4	5	6	169	30	34	29	81	0	0
rg07_theta12p495_foilpm8	1	4	5	7	211	30	43	35	97	0	0
rg07_theta12p495_foilpm8	1	4	6	3	16	11	4	3	0	0	0
rg07_theta12p495_foilpm8	1	4	6	4	34	20	7	6	0	0	0
rg07_theta12p495_foilpm8	1	4	6	5	66	30	14	10	14	0	0
rg07_theta12p495_foilpm8	1	4	6	6	131	30	27	18	51	0	0
rg07_theta12p495_foilpm8	1	4	6	7	188	30	38	26	84	0	0
rg07_theta12p495_foilpm8	1	4	7	3	16	10	4	4	0	0	0
rg07_theta12p495_foilpm8	1	4	7	4	25	20	5	4	0	0	0
rg07_theta12p495_foilpm8	1	4	7	5	48	30	10	9	0	0	0
rg07_theta12p495_foilpm8	1	4	7	6	111	30	23	15	34	0	0
rg07_theta12p495_foilpm8	1	4	7	7	109	30	22	17	38	0	0
rg07_theta12p495_foilpm8	1	4	8	3	8	0	2	0	0	8	0
rg07_theta12p495_foilpm8	1	4	8	4	16	8	4	2	0	0	0
rg07_theta12p495_foilpm8	1	4	8	5	27	15	6	4	0	0	0
rg07_theta12p495_foilpm8	1	4	8	6	43	28	9	6	0	0	0
rg07_theta12p495_foilpm8	1	4	8	7	2	0	1	0	0	2	0
