rungroup	zfoil	delta_low	delta_high	xscol	yscol	foil	ndel	original_core	available	excluded_core	blocked	total	holdout	holdout_core	unsupported	noncore_development	geometry_excluded_development	pool	q_hole	hole_cap	capacity	hole_bound	population	quota	surplus	qa_low	hole_loss	parent_loss	actual_selected
rg01_theta12p490_foil0	0.0	-10.0	-8.0	0	2	0	0	104	104	0	False	233	47	29	0	82	0	rg01_theta12p490_foil0	175.5	263	104	False	open_populated	36	68	False	0	68	36
rg01_theta12p490_foil0	0.0	-10.0	-8.0	0	3	0	0	204	204	0	False	375	75	50	0	96	0	rg01_theta12p490_foil0	175.5	263	204	False	open_populated	36	168	False	0	168	36
rg01_theta12p490_foil0	0.0	-10.0	-8.0	0	4	0	0	244	244	0	False	449	90	69	0	115	0	rg01_theta12p490_foil0	175.5	263	244	False	open_populated	35	209	False	0	209	35
rg01_theta12p490_foil0	0.0	-10.0	-8.0	0	5	0	0	272	272	0	False	450	90	62	0	88	0	rg01_theta12p490_foil0	175.5	263	263	True	open_populated	36	236	False	9	227	36
rg01_theta12p490_foil0	0.0	-10.0	-8.0	0	6	0	0	55	55	0	False	113	23	14	0	35	0	rg01_theta12p490_foil0	175.5	263	55	False	open_populated	36	19	False	0	19	36
rg01_theta12p490_foil0	0.0	-10.0	-8.0	1	2	0	0	127	127	0	False	324	65	31	0	132	0	rg01_theta12p490_foil0	175.5	263	127	False	open_populated	35	92	False	0	92	35
rg01_theta12p490_foil0	0.0	-10.0	-8.0	1	3	0	0	231	231	0	False	371	75	58	0	65	0	rg01_theta12p490_foil0	175.5	263	231	False	open_populated	36	195	False	0	195	36
rg01_theta12p490_foil0	0.0	-10.0	-8.0	1	4	0	0	339	339	0	False	541	109	83	0	93	0	rg01_theta12p490_foil0	175.5	263	263	True	open_populated	36	303	False	76	227	36
rg01_theta12p490_foil0	0.0	-10.0	-8.0	1	5	0	0	342	342	0	False	581	117	85	0	122	0	rg01_theta12p490_foil0	175.5	263	263	True	open_populated	36	306	False	79	227	36
rg01_theta12p490_foil0	0.0	-10.0	-8.0	1	6	0	0	184	184	0	False	305	61	48	0	60	0	rg01_theta12p490_foil0	175.5	263	184	False	open_populated	36	148	False	0	148	36
rg01_theta12p490_foil0	0.0	-10.0	-8.0	2	2	0	0	167	167	0	False	342	69	42	0	106	0	rg01_theta12p490_foil0	175.5	263	167	False	open_populated	36	131	False	0	131	36
rg01_theta12p490_foil0	0.0	-10.0	-8.0	2	3	0	0	0	0	0	True	90	18	0	90	72	72	rg01_theta12p490_foil0	175.5	263	0	False	blocked	0	0	False	0	0	0
rg01_theta12p490_foil0	0.0	-10.0	-8.0	2	4	0	0	390	390	0	False	711	143	93	0	178	0	rg01_theta12p490_foil0	175.5	263	263	True	open_populated	35	355	False	127	228	35
rg01_theta12p490_foil0	0.0	-10.0	-8.0	2	5	0	0	423	423	0	False	767	154	118	0	190	0	rg01_theta12p490_foil0	175.5	263	263	True	open_populated	36	387	False	160	227	36
rg01_theta12p490_foil0	0.0	-10.0	-8.0	2	6	0	0	381	381	0	False	695	139	99	0	175	0	rg01_theta12p490_foil0	175.5	263	263	True	open_populated	36	345	False	118	227	36
rg01_theta12p490_foil0	0.0	-10.0	-8.0	3	2	0	0	212	212	0	False	403	81	51	0	110	0	rg01_theta12p490_foil0	175.5	263	212	False	open_populated	36	176	False	0	176	36
rg01_theta12p490_foil0	0.0	-10.0	-8.0	3	3	0	0	321	321	0	False	551	111	83	0	119	0	rg01_theta12p490_foil0	175.5	263	263	True	open_populated	36	285	False	58	227	36
rg01_theta12p490_foil0	0.0	-10.0	-8.0	3	4	0	0	409	409	0	False	659	132	107	0	118	0	rg01_theta12p490_foil0	175.5	263	263	True	open_populated	36	373	False	146	227	36
rg01_theta12p490_foil0	0.0	-10.0	-8.0	3	5	0	0	527	527	0	False	864	173	128	0	164	0	rg01_theta12p490_foil0	175.5	263	263	True	open_populated	35	492	False	264	228	35
rg01_theta12p490_foil0	0.0	-10.0	-8.0	3	6	0	0	591	591	0	False	1038	208	154	0	239	0	rg01_theta12p490_foil0	175.5	263	263	True	open_populated	35	556	False	328	228	35
rg01_theta12p490_foil0	0.0	-10.0	-8.0	4	2	0	0	207	207	0	False	399	80	55	0	112	0	rg01_theta12p490_foil0	175.5	263	207	False	open_populated	36	171	False	0	171	36
rg01_theta12p490_foil0	0.0	-10.0	-8.0	4	3	0	0	403	403	0	False	628	126	99	0	99	0	rg01_theta12p490_foil0	175.5	263	263	True	open_populated	36	367	False	140	227	36
rg01_theta12p490_foil0	0.0	-10.0	-8.0	4	4	0	0	144	144	0	False	229	46	39	0	39	0	rg01_theta12p490_foil0	175.5	263	144	False	open_populated	36	108	False	0	108	36
rg01_theta12p490_foil0	0.0	-10.0	-8.0	4	5	0	0	570	570	0	False	929	186	150	0	173	0	rg01_theta12p490_foil0	175.5	263	263	True	open_populated	36	534	False	307	227	36
rg01_theta12p490_foil0	0.0	-10.0	-8.0	4	6	0	0	647	647	0	False	1123	225	149	0	251	0	rg01_theta12p490_foil0	175.5	263	263	True	open_populated	36	611	False	384	227	36
rg01_theta12p490_foil0	0.0	-10.0	-8.0	5	2	0	0	196	196	0	False	334	67	50	0	71	0	rg01_theta12p490_foil0	175.5	263	196	False	open_populated	35	161	False	0	161	35
rg01_theta12p490_foil0	0.0	-10.0	-8.0	5	3	0	0	360	360	0	False	625	125	91	0	140	0	rg01_theta12p490_foil0	175.5	263	263	True	open_populated	35	325	False	97	228	35
rg01_theta12p490_foil0	0.0	-10.0	-8.0	5	4	0	0	441	441	0	False	737	148	111	0	148	0	rg01_theta12p490_foil0	175.5	263	263	True	open_populated	36	405	False	178	227	36
rg01_theta12p490_foil0	0.0	-10.0	-8.0	5	5	0	0	0	0	0	True	61	13	0	61	48	48	rg01_theta12p490_foil0	175.5	263	0	False	blocked	0	0	False	0	0	0
rg01_theta12p490_foil0	0.0	-10.0	-8.0	5	6	0	0	714	714	0	False	1182	237	175	0	231	0	rg01_theta12p490_foil0	175.5	263	263	True	open_populated	36	678	False	451	227	36
rg01_theta12p490_foil0	0.0	-10.0	-8.0	6	2	0	0	134	134	0	False	236	48	34	0	54	0	rg01_theta12p490_foil0	175.5	263	134	False	open_populated	36	98	False	0	98	36
rg01_theta12p490_foil0	0.0	-10.0	-8.0	6	3	0	0	264	264	0	False	434	87	55	0	83	0	rg01_theta12p490_foil0	175.5	263	263	True	open_populated	35	229	False	1	228	35
rg01_theta12p490_foil0	0.0	-10.0	-8.0	6	4	0	0	351	351	0	False	598	120	90	0	127	0	rg01_theta12p490_foil0	175.5	263	263	True	open_populated	36	315	False	88	227	36
rg01_theta12p490_foil0	0.0	-10.0	-8.0	6	5	0	0	476	476	0	False	753	151	111	0	126	0	rg01_theta12p490_foil0	175.5	263	263	True	open_populated	36	440	False	213	227	36
rg01_theta12p490_foil0	0.0	-10.0	-8.0	6	6	0	0	584	584	0	False	1010	202	143	0	224	0	rg01_theta12p490_foil0	175.5	263	263	True	open_populated	35	549	False	321	228	35
rg01_theta12p490_foil0	0.0	-10.0	-8.0	7	2	0	0	73	73	0	False	126	26	19	0	27	0	rg01_theta12p490_foil0	175.5	263	73	False	open_populated	36	37	False	0	37	36
rg01_theta12p490_foil0	0.0	-10.0	-8.0	7	3	0	0	160	160	0	False	253	51	36	0	42	0	rg01_theta12p490_foil0	175.5	263	160	False	open_populated	36	124	False	0	124	36
rg01_theta12p490_foil0	0.0	-10.0	-8.0	7	4	0	0	267	267	0	False	418	84	66	0	67	0	rg01_theta12p490_foil0	175.5	263	263	True	open_populated	35	232	False	4	228	35
rg01_theta12p490_foil0	0.0	-10.0	-8.0	7	5	0	0	289	289	0	False	475	95	79	0	91	0	rg01_theta12p490_foil0	175.5	263	263	True	open_populated	36	253	False	26	227	36
rg01_theta12p490_foil0	0.0	-10.0	-8.0	7	6	0	0	376	376	0	False	621	125	100	0	120	0	rg01_theta12p490_foil0	175.5	263	263	True	open_populated	36	340	False	113	227	36
rg01_theta12p490_foil0	0.0	-10.0	-8.0	8	2	0	0	39	39	0	False	63	13	10	0	11	0	rg01_theta12p490_foil0	175.5	263	39	False	open_populated	35	4	False	0	4	35
rg01_theta12p490_foil0	0.0	-10.0	-8.0	8	3	0	0	88	88	0	False	130	26	24	0	16	0	rg01_theta12p490_foil0	175.5	263	88	False	open_populated	36	52	False	0	52	36
rg01_theta12p490_foil0	0.0	-10.0	-8.0	8	4	0	0	128	128	0	False	207	42	30	0	37	0	rg01_theta12p490_foil0	175.5	263	128	False	open_populated	35	93	False	0	93	35
rg01_theta12p490_foil0	0.0	-10.0	-8.0	8	5	0	0	186	186	0	False	319	64	39	0	69	0	rg01_theta12p490_foil0	175.5	263	186	False	open_populated	36	150	False	0	150	36
rg01_theta12p490_foil0	0.0	-10.0	-8.0	8	6	0	0	197	197	0	False	348	70	44	0	81	0	rg01_theta12p490_foil0	175.5	263	197	False	open_populated	36	161	False	0	161	36
rg01_theta12p490_foil0	0.0	-8.0	-5.0	0	2	0	1	159	159	0	False	254	51	36	0	44	0	rg01_theta12p490_foil0	247.0	370	159	False	open_populated	30	129	False	0	129	30
rg01_theta12p490_foil0	0.0	-8.0	-5.0	0	3	0	1	255	255	0	False	422	85	66	0	82	0	rg01_theta12p490_foil0	247.0	370	255	False	open_populated	30	225	False	0	225	30
rg01_theta12p490_foil0	0.0	-8.0	-5.0	0	4	0	1	392	392	0	False	649	130	102	0	127	0	rg01_theta12p490_foil0	247.0	370	370	True	open_populated	30	362	False	22	340	30
rg01_theta12p490_foil0	0.0	-8.0	-5.0	0	5	0	1	448	448	0	False	751	151	114	0	152	0	rg01_theta12p490_foil0	247.0	370	370	True	open_populated	30	418	False	78	340	30
rg01_theta12p490_foil0	0.0	-8.0	-5.0	0	6	0	1	140	140	0	False	257	52	37	0	65	0	rg01_theta12p490_foil0	247.0	370	140	False	open_populated	30	110	False	0	110	30
rg01_theta12p490_foil0	0.0	-8.0	-5.0	0	7	0	1	0	0	0	False	2	1	0	2	1	0	rg01_theta12p490_foil0	247.0	370	0	False	observed_no_eligible_core	0	0	False	0	0	0
rg01_theta12p490_foil0	0.0	-8.0	-5.0	1	1	0	1	0	0	0	False	1	1	0	1	0	0	rg01_theta12p490_foil0	247.0	370	0	False	observed_no_eligible_core	0	0	False	0	0	0
rg01_theta12p490_foil0	0.0	-8.0	-5.0	1	2	0	1	240	240	0	False	406	82	52	0	84	0	rg01_theta12p490_foil0	247.0	370	240	False	open_populated	29	211	False	0	211	29
rg01_theta12p490_foil0	0.0	-8.0	-5.0	1	3	0	1	385	385	0	False	643	129	100	0	129	0	rg01_theta12p490_foil0	247.0	370	370	True	open_populated	29	356	False	15	341	29
rg01_theta12p490_foil0	0.0	-8.0	-5.0	1	4	0	1	534	534	0	False	908	182	134	0	192	0	rg01_theta12p490_foil0	247.0	370	370	True	open_populated	30	504	False	164	340	30
rg01_theta12p490_foil0	0.0	-8.0	-5.0	1	5	0	1	638	638	0	False	1093	219	175	0	236	0	rg01_theta12p490_foil0	247.0	370	370	True	open_populated	30	608	False	268	340	30
rg01_theta12p490_foil0	0.0	-8.0	-5.0	1	6	0	1	484	484	0	False	824	165	115	0	175	0	rg01_theta12p490_foil0	247.0	370	370	True	open_populated	30	454	False	114	340	30
rg01_theta12p490_foil0	0.0	-8.0	-5.0	1	7	0	1	0	0	0	False	3	1	0	3	2	0	rg01_theta12p490_foil0	247.0	370	0	False	observed_no_eligible_core	0	0	False	0	0	0
rg01_theta12p490_foil0	0.0	-8.0	-5.0	2	1	0	1	16	16	0	False	33	7	5	0	10	0	rg01_theta12p490_foil0	247.0	370	16	False	open_populated	16	0	False	0	0	16
rg01_theta12p490_foil0	0.0	-8.0	-5.0	2	2	0	1	313	313	0	False	509	102	73	0	94	0	rg01_theta12p490_foil0	247.0	370	313	False	open_populated	30	283	False	0	283	30
rg01_theta12p490_foil0	0.0	-8.0	-5.0	2	3	0	1	0	0	0	True	34	7	0	34	27	27	rg01_theta12p490_foil0	247.0	370	0	False	blocked	0	0	False	0	0	0
rg01_theta12p490_foil0	0.0	-8.0	-5.0	2	4	0	1	687	687	0	False	1091	219	161	0	185	0	rg01_theta12p490_foil0	247.0	370	370	True	open_populated	30	657	False	317	340	30
rg01_theta12p490_foil0	0.0	-8.0	-5.0	2	5	0	1	778	778	0	False	1267	254	201	0	235	0	rg01_theta12p490_foil0	247.0	370	370	True	open_populated	30	748	False	408	340	30
rg01_theta12p490_foil0	0.0	-8.0	-5.0	2	6	0	1	839	839	0	False	1358	272	206	0	247	0	rg01_theta12p490_foil0	247.0	370	370	True	open_populated	30	809	False	469	340	30
rg01_theta12p490_foil0	0.0	-8.0	-5.0	2	7	0	1	0	0	0	False	10	2	0	10	8	0	rg01_theta12p490_foil0	247.0	370	0	False	observed_no_eligible_core	0	0	False	0	0	0
rg01_theta12p490_foil0	0.0	-8.0	-5.0	3	1	0	1	45	45	0	False	81	17	13	0	19	0	rg01_theta12p490_foil0	247.0	370	45	False	open_populated	30	15	False	0	15	30
rg01_theta12p490_foil0	0.0	-8.0	-5.0	3	2	0	1	376	376	0	False	612	123	92	0	113	0	rg01_theta12p490_foil0	247.0	370	370	True	open_populated	30	346	False	6	340	30
rg01_theta12p490_foil0	0.0	-8.0	-5.0	3	3	0	1	553	553	0	False	882	177	142	0	152	0	rg01_theta12p490_foil0	247.0	370	370	True	open_populated	30	523	False	183	340	30
rg01_theta12p490_foil0	0.0	-8.0	-5.0	3	4	0	1	769	769	0	False	1204	241	190	0	194	0	rg01_theta12p490_foil0	247.0	370	370	True	open_populated	30	739	False	399	340	30
rg01_theta12p490_foil0	0.0	-8.0	-5.0	3	5	0	1	964	964	0	False	1524	305	243	0	255	0	rg01_theta12p490_foil0	247.0	370	370	True	open_populated	30	934	False	594	340	30
rg01_theta12p490_foil0	0.0	-8.0	-5.0	3	6	0	1	1101	1101	0	False	1710	342	267	0	267	0	rg01_theta12p490_foil0	247.0	370	370	True	open_populated	30	1071	False	731	340	30
rg01_theta12p490_foil0	0.0	-8.0	-5.0	3	7	0	1	60	60	0	False	96	20	14	0	16	0	rg01_theta12p490_foil0	247.0	370	60	False	open_populated	30	30	False	0	30	30
rg01_theta12p490_foil0	0.0	-8.0	-5.0	4	1	0	1	68	68	0	False	114	23	19	0	23	0	rg01_theta12p490_foil0	247.0	370	68	False	open_populated	30	38	False	0	38	30
rg01_theta12p490_foil0	0.0	-8.0	-5.0	4	2	0	1	361	361	0	False	578	116	86	0	101	0	rg01_theta12p490_foil0	247.0	370	361	False	open_populated	30	331	False	0	331	30
rg01_theta12p490_foil0	0.0	-8.0	-5.0	4	3	0	1	617	617	0	False	960	192	158	0	151	0	rg01_theta12p490_foil0	247.0	370	370	True	open_populated	30	587	False	247	340	30
rg01_theta12p490_foil0	0.0	-8.0	-5.0	4	4	0	1	254	254	0	False	379	76	60	0	49	0	rg01_theta12p490_foil0	247.0	370	254	False	open_populated	30	224	False	0	224	30
rg01_theta12p490_foil0	0.0	-8.0	-5.0	4	5	0	1	1040	1040	0	False	1622	325	257	0	257	0	rg01_theta12p490_foil0	247.0	370	370	True	open_populated	30	1010	False	670	340	30
rg01_theta12p490_foil0	0.0	-8.0	-5.0	4	6	0	1	1188	1188	0	False	1857	372	297	0	297	0	rg01_theta12p490_foil0	247.0	370	370	True	open_populated	29	1159	False	818	341	29
rg01_theta12p490_foil0	0.0	-8.0	-5.0	4	7	0	1	65	65	0	False	106	22	15	0	19	0	rg01_theta12p490_foil0	247.0	370	65	False	open_populated	30	35	False	0	35	30
rg01_theta12p490_foil0	0.0	-8.0	-5.0	5	1	0	1	42	42	0	False	74	15	11	0	17	0	rg01_theta12p490_foil0	247.0	370	42	False	open_populated	30	12	False	0	12	30
rg01_theta12p490_foil0	0.0	-8.0	-5.0	5	2	0	1	358	358	0	False	557	112	91	0	87	0	rg01_theta12p490_foil0	247.0	370	358	False	open_populated	30	328	False	0	328	30
rg01_theta12p490_foil0	0.0	-8.0	-5.0	5	3	0	1	605	605	0	False	929	186	145	0	138	0	rg01_theta12p490_foil0	247.0	370	370	True	open_populated	30	575	False	235	340	30
rg01_theta12p490_foil0	0.0	-8.0	-5.0	5	4	0	1	807	807	0	False	1230	246	211	0	177	0	rg01_theta12p490_foil0	247.0	370	370	True	open_populated	29	778	False	437	341	29
rg01_theta12p490_foil0	0.0	-8.0	-5.0	5	5	0	1	0	0	0	True	66	14	0	66	52	52	rg01_theta12p490_foil0	247.0	370	0	False	blocked	0	0	False	0	0	0
rg01_theta12p490_foil0	0.0	-8.0	-5.0	5	6	0	1	1181	1181	0	False	1844	369	300	0	294	0	rg01_theta12p490_foil0	247.0	370	370	True	open_populated	30	1151	False	811	340	30
rg01_theta12p490_foil0	0.0	-8.0	-5.0	5	7	0	1	54	54	0	False	84	17	14	0	13	0	rg01_theta12p490_foil0	247.0	370	54	False	open_populated	30	24	False	0	24	30
rg01_theta12p490_foil0	0.0	-8.0	-5.0	6	1	0	1	16	16	0	False	28	6	4	0	6	0	rg01_theta12p490_foil0	247.0	370	16	False	open_populated	16	0	False	0	0	16
rg01_theta12p490_foil0	0.0	-8.0	-5.0	6	2	0	1	314	314	0	False	487	98	75	0	75	0	rg01_theta12p490_foil0	247.0	370	314	False	open_populated	30	284	False	0	284	30
rg01_theta12p490_foil0	0.0	-8.0	-5.0	6	3	0	1	473	473	0	False	749	150	114	0	126	0	rg01_theta12p490_foil0	247.0	370	370	True	open_populated	30	443	False	103	340	30
rg01_theta12p490_foil0	0.0	-8.0	-5.0	6	4	0	1	669	669	0	False	1047	210	172	0	168	0	rg01_theta12p490_foil0	247.0	370	370	True	open_populated	30	639	False	299	340	30
rg01_theta12p490_foil0	0.0	-8.0	-5.0	6	5	0	1	870	870	0	False	1316	264	221	0	182	0	rg01_theta12p490_foil0	247.0	370	370	True	open_populated	30	840	False	500	340	30
rg01_theta12p490_foil0	0.0	-8.0	-5.0	6	6	0	1	959	959	0	False	1526	306	244	0	261	0	rg01_theta12p490_foil0	247.0	370	370	True	open_populated	29	930	False	589	341	29
rg01_theta12p490_foil0	0.0	-8.0	-5.0	6	7	0	1	0	0	0	False	12	3	0	12	9	0	rg01_theta12p490_foil0	247.0	370	0	False	observed_no_eligible_core	0	0	False	0	0	0
rg01_theta12p490_foil0	0.0	-8.0	-5.0	7	2	0	1	226	226	0	False	358	72	51	0	60	0	rg01_theta12p490_foil0	247.0	370	226	False	open_populated	30	196	False	0	196	30
rg01_theta12p490_foil0	0.0	-8.0	-5.0	7	3	0	1	397	397	0	False	620	124	110	0	99	0	rg01_theta12p490_foil0	247.0	370	370	True	open_populated	30	367	False	27	340	30
rg01_theta12p490_foil0	0.0	-8.0	-5.0	7	4	0	1	542	542	0	False	856	172	136	0	142	0	rg01_theta12p490_foil0	247.0	370	370	True	open_populated	30	512	False	172	340	30
rg01_theta12p490_foil0	0.0	-8.0	-5.0	7	5	0	1	685	685	0	False	1069	214	165	0	170	0	rg01_theta12p490_foil0	247.0	370	370	True	open_populated	30	655	False	315	340	30
rg01_theta12p490_foil0	0.0	-8.0	-5.0	7	6	0	1	761	761	0	False	1186	238	193	0	187	0	rg01_theta12p490_foil0	247.0	370	370	True	open_populated	30	731	False	391	340	30
rg01_theta12p490_foil0	0.0	-8.0	-5.0	7	7	0	1	0	0	0	False	1	1	0	1	0	0	rg01_theta12p490_foil0	247.0	370	0	False	observed_no_eligible_core	0	0	False	0	0	0
rg01_theta12p490_foil0	0.0	-8.0	-5.0	8	2	0	1	191	191	0	False	282	57	47	0	34	0	rg01_theta12p490_foil0	247.0	370	191	False	open_populated	30	161	False	0	161	30
rg01_theta12p490_foil0	0.0	-8.0	-5.0	8	3	0	1	260	260	0	False	402	81	61	0	61	0	rg01_theta12p490_foil0	247.0	370	260	False	open_populated	30	230	False	0	230	30
rg01_theta12p490_foil0	0.0	-8.0	-5.0	8	4	0	1	367	367	0	False	580	116	87	0	97	0	rg01_theta12p490_foil0	247.0	370	367	False	open_populated	30	337	False	0	337	30
rg01_theta12p490_foil0	0.0	-8.0	-5.0	8	5	0	1	465	465	0	False	720	144	113	0	111	0	rg01_theta12p490_foil0	247.0	370	370	True	open_populated	30	435	False	95	340	30
rg01_theta12p490_foil0	0.0	-8.0	-5.0	8	6	0	1	412	412	0	False	637	128	104	0	97	0	rg01_theta12p490_foil0	247.0	370	370	True	open_populated	30	382	False	42	340	30
rg01_theta12p490_foil0	0.0	-8.0	-5.0	8	7	0	1	0	0	0	False	1	1	0	1	0	0	rg01_theta12p490_foil0	247.0	370	0	False	observed_no_eligible_core	0	0	False	0	0	0
rg01_theta12p490_foil0	0.0	-5.0	0.0	0	1	0	2	0	0	0	False	1	1	0	1	0	0	rg01_theta12p490_foil0	401.0	601	0	False	observed_no_eligible_core	0	0	False	0	0	0
rg01_theta12p490_foil0	0.0	-5.0	0.0	0	2	0	2	240	240	0	False	374	75	54	0	59	0	rg01_theta12p490_foil0	401.0	601	240	False	open_populated	27	213	False	0	213	27
rg01_theta12p490_foil0	0.0	-5.0	0.0	0	3	0	2	412	412	0	False	629	126	99	0	91	0	rg01_theta12p490_foil0	401.0	601	412	False	open_populated	27	385	False	0	385	27
rg01_theta12p490_foil0	0.0	-5.0	0.0	0	4	0	2	557	557	0	False	895	179	128	0	159	0	rg01_theta12p490_foil0	401.0	601	557	False	open_populated	27	530	False	0	530	27
rg01_theta12p490_foil0	0.0	-5.0	0.0	0	5	0	2	701	701	0	False	1126	226	171	0	199	0	rg01_theta12p490_foil0	401.0	601	601	True	open_populated	27	674	False	100	574	27
rg01_theta12p490_foil0	0.0	-5.0	0.0	0	6	0	2	324	324	0	False	521	105	79	0	92	0	rg01_theta12p490_foil0	401.0	601	324	False	open_populated	27	297	False	0	297	27
rg01_theta12p490_foil0	0.0	-5.0	0.0	1	1	0	2	0	0	0	False	2	1	0	2	1	0	rg01_theta12p490_foil0	401.0	601	0	False	observed_no_eligible_core	0	0	False	0	0	0
rg01_theta12p490_foil0	0.0	-5.0	0.0	1	2	0	2	356	356	0	False	579	116	96	0	107	0	rg01_theta12p490_foil0	401.0	601	356	False	open_populated	27	329	False	0	329	27
rg01_theta12p490_foil0	0.0	-5.0	0.0	1	3	0	2	603	603	0	False	982	197	151	0	182	0	rg01_theta12p490_foil0	401.0	601	601	True	open_populated	27	576	False	2	574	27
rg01_theta12p490_foil0	0.0	-5.0	0.0	1	4	0	2	827	827	0	False	1361	273	195	0	261	0	rg01_theta12p490_foil0	401.0	601	601	True	open_populated	27	800	False	226	574	27
rg01_theta12p490_foil0	0.0	-5.0	0.0	1	5	0	2	1030	1030	0	False	1689	338	262	0	321	0	rg01_theta12p490_foil0	401.0	601	601	True	open_populated	27	1003	False	429	574	27
rg01_theta12p490_foil0	0.0	-5.0	0.0	1	6	0	2	1192	1192	0	False	1890	378	289	0	320	0	rg01_theta12p490_foil0	401.0	601	601	True	open_populated	27	1165	False	591	574	27
rg01_theta12p490_foil0	0.0	-5.0	0.0	1	7	0	2	0	0	0	False	1	1	0	1	0	0	rg01_theta12p490_foil0	401.0	601	0	False	observed_no_eligible_core	0	0	False	0	0	0
rg01_theta12p490_foil0	0.0	-5.0	0.0	2	1	0	2	70	70	0	False	101	21	16	0	10	0	rg01_theta12p490_foil0	401.0	601	70	False	open_populated	27	43	False	0	43	27
rg01_theta12p490_foil0	0.0	-5.0	0.0	2	2	0	2	535	535	0	False	839	168	142	0	136	0	rg01_theta12p490_foil0	401.0	601	535	False	open_populated	27	508	False	0	508	27
rg01_theta12p490_foil0	0.0	-5.0	0.0	2	3	0	2	0	0	0	True	23	5	0	23	18	18	rg01_theta12p490_foil0	401.0	601	0	False	blocked	0	0	False	0	0	0
rg01_theta12p490_foil0	0.0	-5.0	0.0	2	4	0	2	1038	1038	0	False	1637	328	256	0	271	0	rg01_theta12p490_foil0	401.0	601	601	True	open_populated	27	1011	False	437	574	27
rg01_theta12p490_foil0	0.0	-5.0	0.0	2	5	0	2	1248	1248	0	False	1970	394	320	0	328	0	rg01_theta12p490_foil0	401.0	601	601	True	open_populated	27	1221	False	647	574	27
rg01_theta12p490_foil0	0.0	-5.0	0.0	2	6	0	2	1597	1597	0	False	2531	507	403	0	427	0	rg01_theta12p490_foil0	401.0	601	601	True	open_populated	27	1570	False	996	574	27
rg01_theta12p490_foil0	0.0	-5.0	0.0	2	7	0	2	151	151	0	False	226	46	42	0	29	0	rg01_theta12p490_foil0	401.0	601	151	False	open_populated	27	124	False	0	124	27
rg01_theta12p490_foil0	0.0	-5.0	0.0	3	1	0	2	159	159	0	False	238	48	39	0	31	0	rg01_theta12p490_foil0	401.0	601	159	False	open_populated	27	132	False	0	132	27
rg01_theta12p490_foil0	0.0	-5.0	0.0	3	2	0	2	573	573	0	False	885	177	142	0	135	0	rg01_theta12p490_foil0	401.0	601	573	False	open_populated	27	546	False	0	546	27
rg01_theta12p490_foil0	0.0	-5.0	0.0	3	3	0	2	919	919	0	False	1439	288	231	0	232	0	rg01_theta12p490_foil0	401.0	601	601	True	open_populated	27	892	False	318	574	27
rg01_theta12p490_foil0	0.0	-5.0	0.0	3	4	0	2	1276	1276	0	False	2005	401	330	0	328	0	rg01_theta12p490_foil0	401.0	601	601	True	open_populated	27	1249	False	675	574	27
rg01_theta12p490_foil0	0.0	-5.0	0.0	3	5	0	2	1628	1628	0	False	2478	496	396	0	354	0	rg01_theta12p490_foil0	401.0	601	601	True	open_populated	27	1601	False	1027	574	27
rg01_theta12p490_foil0	0.0	-5.0	0.0	3	6	0	2	1945	1945	0	False	3022	605	494	0	472	0	rg01_theta12p490_foil0	401.0	601	601	True	open_populated	27	1918	False	1344	574	27
rg01_theta12p490_foil0	0.0	-5.0	0.0	3	7	0	2	527	527	0	False	772	155	132	0	90	0	rg01_theta12p490_foil0	401.0	601	527	False	open_populated	27	500	False	0	500	27
rg01_theta12p490_foil0	0.0	-5.0	0.0	4	1	0	2	197	197	0	False	290	58	45	0	35	0	rg01_theta12p490_foil0	401.0	601	197	False	open_populated	27	170	False	0	170	27
rg01_theta12p490_foil0	0.0	-5.0	0.0	4	2	0	2	661	661	0	False	991	199	168	0	131	0	rg01_theta12p490_foil0	401.0	601	601	True	open_populated	27	634	False	60	574	27
rg01_theta12p490_foil0	0.0	-5.0	0.0	4	3	0	2	1004	1004	0	False	1553	311	239	0	238	0	rg01_theta12p490_foil0	401.0	601	601	True	open_populated	27	977	False	403	574	27
rg01_theta12p490_foil0	0.0	-5.0	0.0	4	4	0	2	393	393	0	False	597	120	89	0	84	0	rg01_theta12p490_foil0	401.0	601	393	False	open_populated	27	366	False	0	366	27
rg01_theta12p490_foil0	0.0	-5.0	0.0	4	5	0	2	1776	1776	0	False	2808	562	469	0	470	0	rg01_theta12p490_foil0	401.0	601	601	True	open_populated	27	1749	False	1175	574	27
rg01_theta12p490_foil0	0.0	-5.0	0.0	4	6	0	2	2228	2228	0	False	3449	690	561	0	531	0	rg01_theta12p490_foil0	401.0	601	601	True	open_populated	27	2201	False	1627	574	27
rg01_theta12p490_foil0	0.0	-5.0	0.0	4	7	0	2	721	721	0	False	1044	209	182	0	114	0	rg01_theta12p490_foil0	401.0	601	601	True	open_populated	27	694	False	120	574	27
rg01_theta12p490_foil0	0.0	-5.0	0.0	5	1	0	2	199	199	0	False	278	56	49	0	23	0	rg01_theta12p490_foil0	401.0	601	199	False	open_populated	27	172	False	0	172	27
rg01_theta12p490_foil0	0.0	-5.0	0.0	5	2	0	2	617	617	0	False	946	190	160	0	139	0	rg01_theta12p490_foil0	401.0	601	601	True	open_populated	27	590	False	16	574	27
rg01_theta12p490_foil0	0.0	-5.0	0.0	5	3	0	2	894	894	0	False	1411	283	231	0	234	0	rg01_theta12p490_foil0	401.0	601	601	True	open_populated	27	867	False	293	574	27
rg01_theta12p490_foil0	0.0	-5.0	0.0	5	4	0	2	1324	1324	0	False	2072	415	338	0	333	0	rg01_theta12p490_foil0	401.0	601	601	True	open_populated	27	1297	False	723	574	27
rg01_theta12p490_foil0	0.0	-5.0	0.0	5	5	0	2	0	0	0	True	47	10	0	47	37	37	rg01_theta12p490_foil0	401.0	601	0	False	blocked	0	0	False	0	0	0
rg01_theta12p490_foil0	0.0	-5.0	0.0	5	6	0	2	2070	2070	0	False	3181	637	536	0	474	0	rg01_theta12p490_foil0	401.0	601	601	True	open_populated	27	2043	False	1469	574	27
rg01_theta12p490_foil0	0.0	-5.0	0.0	5	7	0	2	505	505	0	False	733	147	130	0	81	0	rg01_theta12p490_foil0	401.0	601	505	False	open_populated	27	478	False	0	478	27
rg01_theta12p490_foil0	0.0	-5.0	0.0	6	1	0	2	103	103	0	False	147	30	29	0	14	0	rg01_theta12p490_foil0	401.0	601	103	False	open_populated	27	76	False	0	76	27
rg01_theta12p490_foil0	0.0	-5.0	0.0	6	2	0	2	524	524	0	False	793	159	131	0	110	0	rg01_theta12p490_foil0	401.0	601	524	False	open_populated	27	497	False	0	497	27
rg01_theta12p490_foil0	0.0	-5.0	0.0	6	3	0	2	785	785	0	False	1208	242	198	0	181	0	rg01_theta12p490_foil0	401.0	601	601	True	open_populated	28	757	False	184	573	28
rg01_theta12p490_foil0	0.0	-5.0	0.0	6	4	0	2	1105	1105	0	False	1719	344	255	0	270	0	rg01_theta12p490_foil0	401.0	601	601	True	open_populated	27	1078	False	504	574	27
rg01_theta12p490_foil0	0.0	-5.0	0.0	6	5	0	2	1426	1426	0	False	2180	436	341	0	318	0	rg01_theta12p490_foil0	401.0	601	601	True	open_populated	27	1399	False	825	574	27
rg01_theta12p490_foil0	0.0	-5.0	0.0	6	6	0	2	1815	1815	0	False	2736	548	441	0	373	0	rg01_theta12p490_foil0	401.0	601	601	True	open_populated	27	1788	False	1214	574	27
rg01_theta12p490_foil0	0.0	-5.0	0.0	6	7	0	2	145	145	0	False	222	45	34	0	32	0	rg01_theta12p490_foil0	401.0	601	145	False	open_populated	27	118	False	0	118	27
rg01_theta12p490_foil0	0.0	-5.0	0.0	7	1	0	2	0	0	0	False	1	1	0	1	0	0	rg01_theta12p490_foil0	401.0	601	0	False	observed_no_eligible_core	0	0	False	0	0	0
rg01_theta12p490_foil0	0.0	-5.0	0.0	7	2	0	2	383	383	0	False	566	114	98	0	69	0	rg01_theta12p490_foil0	401.0	601	383	False	open_populated	27	356	False	0	356	27
rg01_theta12p490_foil0	0.0	-5.0	0.0	7	3	0	2	588	588	0	False	915	183	152	0	144	0	rg01_theta12p490_foil0	401.0	601	588	False	open_populated	27	561	False	0	561	27
rg01_theta12p490_foil0	0.0	-5.0	0.0	7	4	0	2	884	884	0	False	1357	272	223	0	201	0	rg01_theta12p490_foil0	401.0	601	601	True	open_populated	27	857	False	283	574	27
rg01_theta12p490_foil0	0.0	-5.0	0.0	7	5	0	2	1193	1193	0	False	1809	362	278	0	254	0	rg01_theta12p490_foil0	401.0	601	601	True	open_populated	27	1166	False	592	574	27
rg01_theta12p490_foil0	0.0	-5.0	0.0	7	6	0	2	1359	1359	0	False	2131	427	338	0	345	0	rg01_theta12p490_foil0	401.0	601	601	True	open_populated	27	1332	False	758	574	27
rg01_theta12p490_foil0	0.0	-5.0	0.0	7	7	0	2	0	0	0	False	4	1	0	4	3	0	rg01_theta12p490_foil0	401.0	601	0	False	observed_no_eligible_core	0	0	False	0	0	0
rg01_theta12p490_foil0	0.0	-5.0	0.0	8	2	0	2	240	240	0	False	358	72	57	0	46	0	rg01_theta12p490_foil0	401.0	601	240	False	open_populated	27	213	False	0	213	27
rg01_theta12p490_foil0	0.0	-5.0	0.0	8	3	0	2	401	401	0	False	606	122	106	0	83	0	rg01_theta12p490_foil0	401.0	601	401	False	open_populated	27	374	False	0	374	27
rg01_theta12p490_foil0	0.0	-5.0	0.0	8	4	0	2	591	591	0	False	958	192	157	0	175	0	rg01_theta12p490_foil0	401.0	601	591	False	open_populated	27	564	False	0	564	27
rg01_theta12p490_foil0	0.0	-5.0	0.0	8	5	0	2	869	869	0	False	1346	270	220	0	207	0	rg01_theta12p490_foil0	401.0	601	601	True	open_populated	27	842	False	268	574	27
rg01_theta12p490_foil0	0.0	-5.0	0.0	8	6	0	2	490	490	0	False	756	152	120	0	114	0	rg01_theta12p490_foil0	401.0	601	490	False	open_populated	27	463	False	0	463	27
rg01_theta12p490_foil0	0.0	0.0	5.0	0	2	0	3	107	107	0	False	181	37	31	0	37	0	rg01_theta12p490_foil0	336.0	504	107	False	open_populated	28	79	False	0	79	28
rg01_theta12p490_foil0	0.0	0.0	5.0	0	3	0	3	338	338	0	False	540	108	86	0	94	0	rg01_theta12p490_foil0	336.0	504	338	False	open_populated	28	310	False	0	310	28
rg01_theta12p490_foil0	0.0	0.0	5.0	0	4	0	3	440	440	0	False	691	139	101	0	112	0	rg01_theta12p490_foil0	336.0	504	440	False	open_populated	29	411	False	0	411	29
rg01_theta12p490_foil0	0.0	0.0	5.0	0	5	0	3	630	630	0	False	1023	205	148	0	188	0	rg01_theta12p490_foil0	336.0	504	504	True	open_populated	29	601	False	126	475	29
rg01_theta12p490_foil0	0.0	0.0	5.0	0	6	0	3	124	124	0	False	208	42	28	0	42	0	rg01_theta12p490_foil0	336.0	504	124	False	open_populated	29	95	False	0	95	29
rg01_theta12p490_foil0	0.0	0.0	5.0	0	7	0	3	0	0	0	False	1	1	0	1	0	0	rg01_theta12p490_foil0	336.0	504	0	False	observed_no_eligible_core	0	0	False	0	0	0
rg01_theta12p490_foil0	0.0	0.0	5.0	1	1	0	3	0	0	0	False	3	1	0	3	2	0	rg01_theta12p490_foil0	336.0	504	0	False	observed_no_eligible_core	0	0	False	0	0	0
rg01_theta12p490_foil0	0.0	0.0	5.0	1	2	0	3	242	242	0	False	394	79	67	0	73	0	rg01_theta12p490_foil0	336.0	504	242	False	open_populated	29	213	False	0	213	29
rg01_theta12p490_foil0	0.0	0.0	5.0	1	3	0	3	441	441	0	False	718	144	118	0	133	0	rg01_theta12p490_foil0	336.0	504	441	False	open_populated	29	412	False	0	412	29
rg01_theta12p490_foil0	0.0	0.0	5.0	1	4	0	3	646	646	0	False	1043	209	172	0	188	0	rg01_theta12p490_foil0	336.0	504	504	True	open_populated	28	618	False	142	476	28
rg01_theta12p490_foil0	0.0	0.0	5.0	1	5	0	3	877	877	0	False	1464	293	228	0	294	0	rg01_theta12p490_foil0	336.0	504	504	True	open_populated	28	849	False	373	476	28
rg01_theta12p490_foil0	0.0	0.0	5.0	1	6	0	3	1166	1166	0	False	1905	381	282	0	358	0	rg01_theta12p490_foil0	336.0	504	504	True	open_populated	29	1137	False	662	475	29
rg01_theta12p490_foil0	0.0	0.0	5.0	1	7	0	3	0	0	0	False	15	3	0	15	12	0	rg01_theta12p490_foil0	336.0	504	0	False	observed_no_eligible_core	0	0	False	0	0	0
rg01_theta12p490_foil0	0.0	0.0	5.0	2	1	0	3	86	86	0	False	137	28	20	0	23	0	rg01_theta12p490_foil0	336.0	504	86	False	open_populated	28	58	False	0	58	28
rg01_theta12p490_foil0	0.0	0.0	5.0	2	2	0	3	336	336	0	False	555	111	89	0	108	0	rg01_theta12p490_foil0	336.0	504	336	False	open_populated	28	308	False	0	308	28
rg01_theta12p490_foil0	0.0	0.0	5.0	2	3	0	3	0	0	0	True	19	4	0	19	15	15	rg01_theta12p490_foil0	336.0	504	0	False	blocked	0	0	False	0	0	0
rg01_theta12p490_foil0	0.0	0.0	5.0	2	4	0	3	841	841	0	False	1346	270	213	0	235	0	rg01_theta12p490_foil0	336.0	504	504	True	open_populated	29	812	False	337	475	29
rg01_theta12p490_foil0	0.0	0.0	5.0	2	5	0	3	1122	1122	0	False	1799	360	287	0	317	0	rg01_theta12p490_foil0	336.0	504	504	True	open_populated	29	1093	False	618	475	29
rg01_theta12p490_foil0	0.0	0.0	5.0	2	6	0	3	1507	1507	0	False	2397	480	370	0	410	0	rg01_theta12p490_foil0	336.0	504	504	True	open_populated	29	1478	False	1003	475	29
rg01_theta12p490_foil0	0.0	0.0	5.0	2	7	0	3	508	508	0	False	790	158	127	0	124	0	rg01_theta12p490_foil0	336.0	504	504	True	open_populated	28	480	False	4	476	28
rg01_theta12p490_foil0	0.0	0.0	5.0	3	1	0	3	196	196	0	False	326	66	53	0	64	0	rg01_theta12p490_foil0	336.0	504	196	False	open_populated	29	167	False	0	167	29
rg01_theta12p490_foil0	0.0	0.0	5.0	3	2	0	3	435	435	0	False	689	138	116	0	116	0	rg01_theta12p490_foil0	336.0	504	435	False	open_populated	28	407	False	0	407	28
rg01_theta12p490_foil0	0.0	0.0	5.0	3	3	0	3	666	666	0	False	1081	217	178	0	198	0	rg01_theta12p490_foil0	336.0	504	504	True	open_populated	29	637	False	162	475	29
rg01_theta12p490_foil0	0.0	0.0	5.0	3	4	0	3	975	975	0	False	1577	316	247	0	286	0	rg01_theta12p490_foil0	336.0	504	504	True	open_populated	29	946	False	471	475	29
rg01_theta12p490_foil0	0.0	0.0	5.0	3	5	0	3	1352	1352	0	False	2181	437	342	0	392	0	rg01_theta12p490_foil0	336.0	504	504	True	open_populated	28	1324	False	848	476	28
rg01_theta12p490_foil0	0.0	0.0	5.0	3	6	0	3	1855	1855	0	False	2965	593	455	0	517	0	rg01_theta12p490_foil0	336.0	504	504	True	open_populated	28	1827	False	1351	476	28
rg01_theta12p490_foil0	0.0	0.0	5.0	3	7	0	3	1163	1163	0	False	1843	369	273	0	311	0	rg01_theta12p490_foil0	336.0	504	504	True	open_populated	28	1135	False	659	476	28
rg01_theta12p490_foil0	0.0	0.0	5.0	4	1	0	3	201	201	0	False	325	65	47	0	59	0	rg01_theta12p490_foil0	336.0	504	201	False	open_populated	29	172	False	0	172	29
rg01_theta12p490_foil0	0.0	0.0	5.0	4	2	0	3	471	471	0	False	737	148	114	0	118	0	rg01_theta12p490_foil0	336.0	504	471	False	open_populated	29	442	False	0	442	29
rg01_theta12p490_foil0	0.0	0.0	5.0	4	3	0	3	751	751	0	False	1209	242	182	0	216	0	rg01_theta12p490_foil0	336.0	504	504	True	open_populated	29	722	False	247	475	29
rg01_theta12p490_foil0	0.0	0.0	5.0	4	4	0	3	295	295	0	False	483	97	77	0	91	0	rg01_theta12p490_foil0	336.0	504	295	False	open_populated	28	267	False	0	267	28
rg01_theta12p490_foil0	0.0	0.0	5.0	4	5	0	3	1492	1492	0	False	2385	477	381	0	416	0	rg01_theta12p490_foil0	336.0	504	504	True	open_populated	28	1464	False	988	476	28
rg01_theta12p490_foil0	0.0	0.0	5.0	4	6	0	3	1935	1935	0	False	3172	635	485	0	602	0	rg01_theta12p490_foil0	336.0	504	504	True	open_populated	29	1906	False	1431	475	29
rg01_theta12p490_foil0	0.0	0.0	5.0	4	7	0	3	1397	1397	0	False	2180	436	350	0	347	0	rg01_theta12p490_foil0	336.0	504	504	True	open_populated	29	1368	False	893	475	29
rg01_theta12p490_foil0	0.0	0.0	5.0	5	1	0	3	135	135	0	False	234	47	36	0	52	0	rg01_theta12p490_foil0	336.0	504	135	False	open_populated	28	107	False	0	107	28
rg01_theta12p490_foil0	0.0	0.0	5.0	5	2	0	3	400	400	0	False	659	132	94	0	127	0	rg01_theta12p490_foil0	336.0	504	400	False	open_populated	29	371	False	0	371	29
rg01_theta12p490_foil0	0.0	0.0	5.0	5	3	0	3	604	604	0	False	1007	202	159	0	201	0	rg01_theta12p490_foil0	336.0	504	504	True	open_populated	29	575	False	100	475	29
rg01_theta12p490_foil0	0.0	0.0	5.0	5	4	0	3	965	965	0	False	1541	309	241	0	267	0	rg01_theta12p490_foil0	336.0	504	504	True	open_populated	29	936	False	461	475	29
rg01_theta12p490_foil0	0.0	0.0	5.0	5	5	0	3	0	0	0	True	37	8	0	37	29	29	rg01_theta12p490_foil0	336.0	504	0	False	blocked	0	0	False	0	0	0
rg01_theta12p490_foil0	0.0	0.0	5.0	5	6	0	3	1889	1889	0	False	3040	608	478	0	543	0	rg01_theta12p490_foil0	336.0	504	504	True	open_populated	29	1860	False	1385	475	29
rg01_theta12p490_foil0	0.0	0.0	5.0	5	7	0	3	1006	1006	0	False	1594	319	259	0	269	0	rg01_theta12p490_foil0	336.0	504	504	True	open_populated	29	977	False	502	475	29
rg01_theta12p490_foil0	0.0	0.0	5.0	6	1	0	3	76	76	0	False	117	24	20	0	17	0	rg01_theta12p490_foil0	336.0	504	76	False	open_populated	28	48	False	0	48	28
rg01_theta12p490_foil0	0.0	0.0	5.0	6	2	0	3	392	392	0	False	617	124	108	0	101	0	rg01_theta12p490_foil0	336.0	504	392	False	open_populated	28	364	False	0	364	28
rg01_theta12p490_foil0	0.0	0.0	5.0	6	3	0	3	556	556	0	False	887	178	144	0	153	0	rg01_theta12p490_foil0	336.0	504	504	True	open_populated	29	527	False	52	475	29
rg01_theta12p490_foil0	0.0	0.0	5.0	6	4	0	3	818	818	0	False	1315	263	211	0	234	0	rg01_theta12p490_foil0	336.0	504	504	True	open_populated	28	790	False	314	476	28
rg01_theta12p490_foil0	0.0	0.0	5.0	6	5	0	3	1120	1120	0	False	1814	363	289	0	331	0	rg01_theta12p490_foil0	336.0	504	504	True	open_populated	28	1092	False	616	476	28
rg01_theta12p490_foil0	0.0	0.0	5.0	6	6	0	3	1531	1531	0	False	2502	501	393	0	470	0	rg01_theta12p490_foil0	336.0	504	504	True	open_populated	28	1503	False	1027	476	28
rg01_theta12p490_foil0	0.0	0.0	5.0	6	7	0	3	447	447	0	False	680	136	111	0	97	0	rg01_theta12p490_foil0	336.0	504	447	False	open_populated	28	419	False	0	419	28
rg01_theta12p490_foil0	0.0	0.0	5.0	7	1	0	3	0	0	0	False	3	1	0	3	2	0	rg01_theta12p490_foil0	336.0	504	0	False	observed_no_eligible_core	0	0	False	0	0	0
rg01_theta12p490_foil0	0.0	0.0	5.0	7	2	0	3	264	264	0	False	425	85	64	0	76	0	rg01_theta12p490_foil0	336.0	504	264	False	open_populated	28	236	False	0	236	28
rg01_theta12p490_foil0	0.0	0.0	5.0	7	3	0	3	437	437	0	False	684	137	111	0	110	0	rg01_theta12p490_foil0	336.0	504	437	False	open_populated	29	408	False	0	408	29
rg01_theta12p490_foil0	0.0	0.0	5.0	7	4	0	3	613	613	0	False	1030	206	165	0	211	0	rg01_theta12p490_foil0	336.0	504	504	True	open_populated	29	584	False	109	475	29
rg01_theta12p490_foil0	0.0	0.0	5.0	7	5	0	3	891	891	0	False	1452	291	226	0	270	0	rg01_theta12p490_foil0	336.0	504	504	True	open_populated	28	863	False	387	476	28
rg01_theta12p490_foil0	0.0	0.0	5.0	7	6	0	3	1239	1239	0	False	1926	386	305	0	301	0	rg01_theta12p490_foil0	336.0	504	504	True	open_populated	29	1210	False	735	475	29
rg01_theta12p490_foil0	0.0	0.0	5.0	7	7	0	3	0	0	0	False	15	3	0	15	12	0	rg01_theta12p490_foil0	336.0	504	0	False	observed_no_eligible_core	0	0	False	0	0	0
rg01_theta12p490_foil0	0.0	0.0	5.0	8	1	0	3	0	0	0	False	1	1	0	1	0	0	rg01_theta12p490_foil0	336.0	504	0	False	observed_no_eligible_core	0	0	False	0	0	0
rg01_theta12p490_foil0	0.0	0.0	5.0	8	2	0	3	108	108	0	False	166	34	26	0	24	0	rg01_theta12p490_foil0	336.0	504	108	False	open_populated	29	79	False	0	79	29
rg01_theta12p490_foil0	0.0	0.0	5.0	8	3	0	3	308	308	0	False	481	97	73	0	76	0	rg01_theta12p490_foil0	336.0	504	308	False	open_populated	28	280	False	0	280	28
rg01_theta12p490_foil0	0.0	0.0	5.0	8	4	0	3	425	425	0	False	674	135	111	0	114	0	rg01_theta12p490_foil0	336.0	504	425	False	open_populated	28	397	False	0	397	28
rg01_theta12p490_foil0	0.0	0.0	5.0	8	5	0	3	650	650	0	False	1047	210	177	0	187	0	rg01_theta12p490_foil0	336.0	504	504	True	open_populated	28	622	False	146	476	28
rg01_theta12p490_foil0	0.0	0.0	5.0	8	6	0	3	218	218	0	False	364	73	58	0	73	0	rg01_theta12p490_foil0	336.0	504	218	False	open_populated	29	189	False	0	189	29
rg01_theta12p490_foil0	0.0	0.0	5.0	8	7	0	3	0	0	0	False	2	1	0	2	1	0	rg01_theta12p490_foil0	336.0	504	0	False	observed_no_eligible_core	0	0	False	0	0	0
rg01_theta12p490_foil0	0.0	5.0	10.0	0	2	0	4	35	35	0	False	54	11	9	0	8	0	rg01_theta12p490_foil0	189.25	283	35	False	open_populated	35	0	False	0	0	35
rg01_theta12p490_foil0	0.0	5.0	10.0	0	3	0	4	182	182	0	False	284	57	43	0	45	0	rg01_theta12p490_foil0	189.25	283	182	False	open_populated	38	144	False	0	144	38
rg01_theta12p490_foil0	0.0	5.0	10.0	0	4	0	4	279	279	0	False	447	90	67	0	78	0	rg01_theta12p490_foil0	189.25	283	279	False	open_populated	38	241	False	0	241	38
rg01_theta12p490_foil0	0.0	5.0	10.0	0	5	0	4	444	444	0	False	701	141	109	0	116	0	rg01_theta12p490_foil0	189.25	283	283	True	open_populated	38	406	False	161	245	38
rg01_theta12p490_foil0	0.0	5.0	10.0	0	6	0	4	13	13	0	False	23	5	5	0	5	0	rg01_theta12p490_foil0	189.25	283	13	False	open_populated	13	0	False	0	0	13
rg01_theta12p490_foil0	0.0	5.0	10.0	1	1	0	4	0	0	0	False	1	1	0	1	0	0	rg01_theta12p490_foil0	189.25	283	0	False	observed_no_eligible_core	0	0	False	0	0	0
rg01_theta12p490_foil0	0.0	5.0	10.0	1	2	0	4	169	169	0	False	268	54	43	0	45	0	rg01_theta12p490_foil0	189.25	283	169	False	open_populated	38	131	False	0	131	38
rg01_theta12p490_foil0	0.0	5.0	10.0	1	3	0	4	272	272	0	False	436	88	70	0	76	0	rg01_theta12p490_foil0	189.25	283	272	False	open_populated	38	234	False	0	234	38
rg01_theta12p490_foil0	0.0	5.0	10.0	1	4	0	4	414	414	0	False	651	131	98	0	106	0	rg01_theta12p490_foil0	189.25	283	283	True	open_populated	38	376	False	131	245	38
rg01_theta12p490_foil0	0.0	5.0	10.0	1	5	0	4	631	631	0	False	1004	201	158	0	172	0	rg01_theta12p490_foil0	189.25	283	283	True	open_populated	38	593	False	348	245	38
rg01_theta12p490_foil0	0.0	5.0	10.0	1	6	0	4	870	870	0	False	1384	277	223	0	237	0	rg01_theta12p490_foil0	189.25	283	283	True	open_populated	38	832	False	587	245	38
rg01_theta12p490_foil0	0.0	5.0	10.0	1	7	0	4	0	0	0	False	3	1	0	3	2	0	rg01_theta12p490_foil0	189.25	283	0	False	observed_no_eligible_core	0	0	False	0	0	0
rg01_theta12p490_foil0	0.0	5.0	10.0	2	1	0	4	63	63	0	False	105	21	16	0	21	0	rg01_theta12p490_foil0	189.25	283	63	False	open_populated	38	25	False	0	25	38
rg01_theta12p490_foil0	0.0	5.0	10.0	2	2	0	4	196	196	0	False	313	63	45	0	54	0	rg01_theta12p490_foil0	189.25	283	196	False	open_populated	39	157	False	0	157	39
rg01_theta12p490_foil0	0.0	5.0	10.0	2	3	0	4	0	0	0	True	7	2	0	7	5	5	rg01_theta12p490_foil0	189.25	283	0	False	blocked	0	0	False	0	0	0
rg01_theta12p490_foil0	0.0	5.0	10.0	2	4	0	4	536	536	0	False	866	174	142	0	156	0	rg01_theta12p490_foil0	189.25	283	283	True	open_populated	39	497	False	253	244	39
rg01_theta12p490_foil0	0.0	5.0	10.0	2	5	0	4	754	754	0	False	1195	239	190	0	202	0	rg01_theta12p490_foil0	189.25	283	283	True	open_populated	38	716	False	471	245	38
rg01_theta12p490_foil0	0.0	5.0	10.0	2	6	0	4	1150	1150	0	False	1837	368	280	0	319	0	rg01_theta12p490_foil0	189.25	283	283	True	open_populated	38	1112	False	867	245	38
rg01_theta12p490_foil0	0.0	5.0	10.0	2	7	0	4	659	659	0	False	1013	203	160	0	151	0	rg01_theta12p490_foil0	189.25	283	283	True	open_populated	38	621	False	376	245	38
rg01_theta12p490_foil0	0.0	5.0	10.0	3	1	0	4	117	117	0	False	192	39	34	0	36	0	rg01_theta12p490_foil0	189.25	283	117	False	open_populated	38	79	False	0	79	38
rg01_theta12p490_foil0	0.0	5.0	10.0	3	2	0	4	229	229	0	False	380	76	63	0	75	0	rg01_theta12p490_foil0	189.25	283	229	False	open_populated	38	191	False	0	191	38
rg01_theta12p490_foil0	0.0	5.0	10.0	3	3	0	4	402	402	0	False	652	131	91	0	119	0	rg01_theta12p490_foil0	189.25	283	283	True	open_populated	38	364	False	119	245	38
rg01_theta12p490_foil0	0.0	5.0	10.0	3	4	0	4	629	629	0	False	1014	203	167	0	182	0	rg01_theta12p490_foil0	189.25	283	283	True	open_populated	38	591	False	346	245	38
rg01_theta12p490_foil0	0.0	5.0	10.0	3	5	0	4	923	923	0	False	1481	297	233	0	261	0	rg01_theta12p490_foil0	189.25	283	283	True	open_populated	38	885	False	640	245	38
rg01_theta12p490_foil0	0.0	5.0	10.0	3	6	0	4	1346	1346	0	False	2131	427	324	0	358	0	rg01_theta12p490_foil0	189.25	283	283	True	open_populated	39	1307	False	1063	244	39
rg01_theta12p490_foil0	0.0	5.0	10.0	3	7	0	4	1430	1430	0	False	2213	443	348	0	340	0	rg01_theta12p490_foil0	189.25	283	283	True	open_populated	38	1392	False	1147	245	38
rg01_theta12p490_foil0	0.0	5.0	10.0	4	1	0	4	101	101	0	False	187	38	32	0	48	0	rg01_theta12p490_foil0	189.25	283	101	False	open_populated	38	63	False	0	63	38
rg01_theta12p490_foil0	0.0	5.0	10.0	4	2	0	4	258	258	0	False	419	84	68	0	77	0	rg01_theta12p490_foil0	189.25	283	258	False	open_populated	38	220	False	0	220	38
rg01_theta12p490_foil0	0.0	5.0	10.0	4	3	0	4	418	418	0	False	677	136	97	0	123	0	rg01_theta12p490_foil0	189.25	283	283	True	open_populated	39	379	False	135	244	39
rg01_theta12p490_foil0	0.0	5.0	10.0	4	4	0	4	187	187	0	False	284	57	46	0	40	0	rg01_theta12p490_foil0	189.25	283	187	False	open_populated	38	149	False	0	149	38
rg01_theta12p490_foil0	0.0	5.0	10.0	4	5	0	4	1017	1017	0	False	1629	326	257	0	286	0	rg01_theta12p490_foil0	189.25	283	283	True	open_populated	38	979	False	734	245	38
rg01_theta12p490_foil0	0.0	5.0	10.0	4	6	0	4	1480	1480	0	False	2364	473	366	0	411	0	rg01_theta12p490_foil0	189.25	283	283	True	open_populated	39	1441	False	1197	244	39
rg01_theta12p490_foil0	0.0	5.0	10.0	4	7	0	4	1583	1583	0	False	2482	497	378	0	402	0	rg01_theta12p490_foil0	189.25	283	283	True	open_populated	39	1544	False	1300	244	39
rg01_theta12p490_foil0	0.0	5.0	10.0	5	1	0	4	118	118	0	False	185	37	26	0	30	0	rg01_theta12p490_foil0	189.25	283	118	False	open_populated	38	80	False	0	80	38
rg01_theta12p490_foil0	0.0	5.0	10.0	5	2	0	4	221	221	0	False	343	69	51	0	53	0	rg01_theta12p490_foil0	189.25	283	221	False	open_populated	38	183	False	0	183	38
rg01_theta12p490_foil0	0.0	5.0	10.0	5	3	0	4	387	387	0	False	611	123	97	0	101	0	rg01_theta12p490_foil0	189.25	283	283	True	open_populated	38	349	False	104	245	38
rg01_theta12p490_foil0	0.0	5.0	10.0	5	4	0	4	605	605	0	False	1009	202	159	0	202	0	rg01_theta12p490_foil0	189.25	283	283	True	open_populated	38	567	False	322	245	38
rg01_theta12p490_foil0	0.0	5.0	10.0	5	5	0	4	0	0	0	True	13	3	0	13	10	10	rg01_theta12p490_foil0	189.25	283	0	False	blocked	0	0	False	0	0	0
rg01_theta12p490_foil0	0.0	5.0	10.0	5	6	0	4	1292	1292	0	False	2060	412	331	0	356	0	rg01_theta12p490_foil0	189.25	283	283	True	open_populated	38	1254	False	1009	245	38
rg01_theta12p490_foil0	0.0	5.0	10.0	5	7	0	4	1267	1267	0	False	1982	397	336	0	318	0	rg01_theta12p490_foil0	189.25	283	283	True	open_populated	38	1229	False	984	245	38
rg01_theta12p490_foil0	0.0	5.0	10.0	6	1	0	4	64	64	0	False	103	21	17	0	18	0	rg01_theta12p490_foil0	189.25	283	64	False	open_populated	38	26	False	0	26	38
rg01_theta12p490_foil0	0.0	5.0	10.0	6	2	0	4	190	190	0	False	301	61	48	0	50	0	rg01_theta12p490_foil0	189.25	283	190	False	open_populated	38	152	False	0	152	38
rg01_theta12p490_foil0	0.0	5.0	10.0	6	3	0	4	319	319	0	False	490	98	75	0	73	0	rg01_theta12p490_foil0	189.25	283	283	True	open_populated	39	280	False	36	244	39
rg01_theta12p490_foil0	0.0	5.0	10.0	6	4	0	4	497	497	0	False	793	159	125	0	137	0	rg01_theta12p490_foil0	189.25	283	283	True	open_populated	38	459	False	214	245	38
rg01_theta12p490_foil0	0.0	5.0	10.0	6	5	0	4	744	744	0	False	1213	243	185	0	226	0	rg01_theta12p490_foil0	189.25	283	283	True	open_populated	38	706	False	461	245	38
rg01_theta12p490_foil0	0.0	5.0	10.0	6	6	0	4	1103	1103	0	False	1784	357	286	0	324	0	rg01_theta12p490_foil0	189.25	283	283	True	open_populated	38	1065	False	820	245	38
rg01_theta12p490_foil0	0.0	5.0	10.0	6	7	0	4	550	550	0	False	882	177	141	0	155	0	rg01_theta12p490_foil0	189.25	283	283	True	open_populated	38	512	False	267	245	38
rg01_theta12p490_foil0	0.0	5.0	10.0	7	2	0	4	97	97	0	False	151	31	22	0	23	0	rg01_theta12p490_foil0	189.25	283	97	False	open_populated	38	59	False	0	59	38
rg01_theta12p490_foil0	0.0	5.0	10.0	7	3	0	4	228	228	0	False	362	73	55	0	61	0	rg01_theta12p490_foil0	189.25	283	228	False	open_populated	38	190	False	0	190	38
rg01_theta12p490_foil0	0.0	5.0	10.0	7	4	0	4	356	356	0	False	561	113	93	0	92	0	rg01_theta12p490_foil0	189.25	283	283	True	open_populated	38	318	False	73	245	38
rg01_theta12p490_foil0	0.0	5.0	10.0	7	5	0	4	616	616	0	False	982	197	153	0	169	0	rg01_theta12p490_foil0	189.25	283	283	True	open_populated	38	578	False	333	245	38
rg01_theta12p490_foil0	0.0	5.0	10.0	7	6	0	4	952	952	0	False	1491	299	256	0	240	0	rg01_theta12p490_foil0	189.25	283	283	True	open_populated	38	914	False	669	245	38
rg01_theta12p490_foil0	0.0	5.0	10.0	7	7	0	4	0	0	0	False	4	1	0	4	3	0	rg01_theta12p490_foil0	189.25	283	0	False	observed_no_eligible_core	0	0	False	0	0	0
rg01_theta12p490_foil0	0.0	5.0	10.0	8	1	0	4	0	0	0	False	1	1	0	1	0	0	rg01_theta12p490_foil0	189.25	283	0	False	observed_no_eligible_core	0	0	False	0	0	0
rg01_theta12p490_foil0	0.0	5.0	10.0	8	2	0	4	0	0	0	False	9	2	0	9	7	0	rg01_theta12p490_foil0	189.25	283	0	False	observed_no_eligible_core	0	0	False	0	0	0
rg01_theta12p490_foil0	0.0	5.0	10.0	8	3	0	4	131	131	0	False	230	46	32	0	53	0	rg01_theta12p490_foil0	189.25	283	131	False	open_populated	38	93	False	0	93	38
rg01_theta12p490_foil0	0.0	5.0	10.0	8	4	0	4	233	233	0	False	396	80	62	0	83	0	rg01_theta12p490_foil0	189.25	283	233	False	open_populated	38	195	False	0	195	38
rg01_theta12p490_foil0	0.0	5.0	10.0	8	5	0	4	399	399	0	False	686	138	102	0	149	0	rg01_theta12p490_foil0	189.25	283	283	True	open_populated	38	361	False	116	245	38
rg01_theta12p490_foil0	0.0	5.0	10.0	8	6	0	4	38	38	0	False	64	13	8	0	13	0	rg01_theta12p490_foil0	189.25	283	38	False	open_populated	38	0	False	0	0	38
rg02_theta15p195_foil0	0.0	-10.0	-8.0	0	2	0	0	19	19	0	False	29	6	3	0	4	0	rg02_theta15p195_foil0	24.0	36	19	False	open_populated	19	0	False	0	0	19
rg02_theta15p195_foil0	0.0	-10.0	-8.0	0	3	0	0	24	24	0	False	41	9	5	0	8	0	rg02_theta15p195_foil0	24.0	36	24	False	open_populated	24	0	False	0	0	24
rg02_theta15p195_foil0	0.0	-10.0	-8.0	0	4	0	0	32	32	0	False	53	11	8	0	10	0	rg02_theta15p195_foil0	24.0	36	32	False	open_populated	32	0	False	0	0	32
rg02_theta15p195_foil0	0.0	-10.0	-8.0	0	5	0	0	24	24	0	False	44	9	7	0	11	0	rg02_theta15p195_foil0	24.0	36	24	False	open_populated	24	0	False	0	0	24
rg02_theta15p195_foil0	0.0	-10.0	-8.0	0	6	0	0	13	13	0	False	21	5	3	0	3	0	rg02_theta15p195_foil0	24.0	36	13	False	open_populated	13	0	False	0	0	13
rg02_theta15p195_foil0	0.0	-10.0	-8.0	1	2	0	0	18	18	0	False	44	9	5	0	17	0	rg02_theta15p195_foil0	24.0	36	18	False	open_populated	18	0	False	0	0	18
rg02_theta15p195_foil0	0.0	-10.0	-8.0	1	3	0	0	29	29	0	False	64	13	12	0	22	0	rg02_theta15p195_foil0	24.0	36	29	False	open_populated	29	0	False	0	0	29
rg02_theta15p195_foil0	0.0	-10.0	-8.0	1	4	0	0	53	53	0	False	88	18	11	0	17	0	rg02_theta15p195_foil0	24.0	36	36	True	open_populated	36	17	False	17	0	36
rg02_theta15p195_foil0	0.0	-10.0	-8.0	1	5	0	0	53	53	0	False	86	18	13	0	15	0	rg02_theta15p195_foil0	24.0	36	36	True	open_populated	36	17	False	17	0	36
rg02_theta15p195_foil0	0.0	-10.0	-8.0	1	6	0	0	33	33	0	False	65	13	10	0	19	0	rg02_theta15p195_foil0	24.0	36	33	False	open_populated	33	0	False	0	0	33
rg02_theta15p195_foil0	0.0	-10.0	-8.0	2	2	0	0	21	21	0	False	42	9	3	0	12	0	rg02_theta15p195_foil0	24.0	36	21	False	open_populated	21	0	False	0	0	21
rg02_theta15p195_foil0	0.0	-10.0	-8.0	2	3	0	0	0	0	0	True	7	2	0	7	5	5	rg02_theta15p195_foil0	24.0	36	0	False	blocked	0	0	False	0	0	0
rg02_theta15p195_foil0	0.0	-10.0	-8.0	2	4	0	0	56	56	0	False	98	20	11	0	22	0	rg02_theta15p195_foil0	24.0	36	36	True	open_populated	35	21	False	20	1	35
rg02_theta15p195_foil0	0.0	-10.0	-8.0	2	5	0	0	64	64	0	False	113	23	12	0	26	0	rg02_theta15p195_foil0	24.0	36	36	True	open_populated	35	29	False	28	1	35
rg02_theta15p195_foil0	0.0	-10.0	-8.0	2	6	0	0	71	71	0	False	124	25	20	0	28	0	rg02_theta15p195_foil0	24.0	36	36	True	open_populated	36	35	False	35	0	36
rg02_theta15p195_foil0	0.0	-10.0	-8.0	3	2	0	0	21	21	0	False	45	9	6	0	15	0	rg02_theta15p195_foil0	24.0	36	21	False	open_populated	21	0	False	0	0	21
rg02_theta15p195_foil0	0.0	-10.0	-8.0	3	3	0	0	53	53	0	False	81	17	16	0	11	0	rg02_theta15p195_foil0	24.0	36	36	True	open_populated	36	17	False	17	0	36
rg02_theta15p195_foil0	0.0	-10.0	-8.0	3	4	0	0	63	63	0	False	103	21	14	0	19	0	rg02_theta15p195_foil0	24.0	36	36	True	open_populated	36	27	False	27	0	36
rg02_theta15p195_foil0	0.0	-10.0	-8.0	3	5	0	0	97	97	0	False	157	32	25	0	28	0	rg02_theta15p195_foil0	24.0	36	36	True	open_populated	36	61	False	61	0	36
rg02_theta15p195_foil0	0.0	-10.0	-8.0	3	6	0	0	92	92	0	False	161	33	22	0	36	0	rg02_theta15p195_foil0	24.0	36	36	True	open_populated	36	56	False	56	0	36
rg02_theta15p195_foil0	0.0	-10.0	-8.0	4	2	0	0	25	25	0	False	48	10	8	0	13	0	rg02_theta15p195_foil0	24.0	36	25	False	open_populated	25	0	False	0	0	25
rg02_theta15p195_foil0	0.0	-10.0	-8.0	4	3	0	0	49	49	0	False	79	16	9	0	14	0	rg02_theta15p195_foil0	24.0	36	36	True	open_populated	36	13	False	13	0	36
rg02_theta15p195_foil0	0.0	-10.0	-8.0	4	4	0	0	24	24	0	False	36	8	6	0	4	0	rg02_theta15p195_foil0	24.0	36	24	False	open_populated	24	0	False	0	0	24
rg02_theta15p195_foil0	0.0	-10.0	-8.0	4	5	0	0	97	97	0	False	158	32	24	0	29	0	rg02_theta15p195_foil0	24.0	36	36	True	open_populated	36	61	False	61	0	36
rg02_theta15p195_foil0	0.0	-10.0	-8.0	4	6	0	0	95	95	0	False	179	36	29	0	48	0	rg02_theta15p195_foil0	24.0	36	36	True	open_populated	35	60	False	59	1	35
rg02_theta15p195_foil0	0.0	-10.0	-8.0	5	2	0	0	16	16	0	False	27	6	6	0	5	0	rg02_theta15p195_foil0	24.0	36	16	False	open_populated	16	0	False	0	0	16
rg02_theta15p195_foil0	0.0	-10.0	-8.0	5	3	0	0	46	46	0	False	75	15	11	0	14	0	rg02_theta15p195_foil0	24.0	36	36	True	open_populated	36	10	False	10	0	36
rg02_theta15p195_foil0	0.0	-10.0	-8.0	5	4	0	0	70	70	0	False	110	22	18	0	18	0	rg02_theta15p195_foil0	24.0	36	36	True	open_populated	36	34	False	34	0	36
rg02_theta15p195_foil0	0.0	-10.0	-8.0	5	5	0	0	0	0	0	True	7	2	0	7	5	5	rg02_theta15p195_foil0	24.0	36	0	False	blocked	0	0	False	0	0	0
rg02_theta15p195_foil0	0.0	-10.0	-8.0	5	6	0	0	95	95	0	False	159	32	27	0	32	0	rg02_theta15p195_foil0	24.0	36	36	True	open_populated	36	59	False	59	0	36
rg02_theta15p195_foil0	0.0	-10.0	-8.0	6	2	0	0	9	9	0	False	14	3	3	0	2	0	rg02_theta15p195_foil0	24.0	36	9	False	open_populated	9	0	True	0	0	9
rg02_theta15p195_foil0	0.0	-10.0	-8.0	6	3	0	0	30	30	0	False	49	10	7	0	9	0	rg02_theta15p195_foil0	24.0	36	30	False	open_populated	30	0	False	0	0	30
rg02_theta15p195_foil0	0.0	-10.0	-8.0	6	4	0	0	47	47	0	False	77	16	11	0	14	0	rg02_theta15p195_foil0	24.0	36	36	True	open_populated	35	12	False	11	1	35
rg02_theta15p195_foil0	0.0	-10.0	-8.0	6	5	0	0	58	58	0	False	96	20	17	0	18	0	rg02_theta15p195_foil0	24.0	36	36	True	open_populated	36	22	False	22	0	36
rg02_theta15p195_foil0	0.0	-10.0	-8.0	6	6	0	0	100	100	0	False	170	34	24	0	36	0	rg02_theta15p195_foil0	24.0	36	36	True	open_populated	36	64	False	64	0	36
rg02_theta15p195_foil0	0.0	-10.0	-8.0	7	2	0	0	0	0	0	False	12	3	0	12	9	0	rg02_theta15p195_foil0	24.0	36	0	False	observed_no_eligible_core	0	0	False	0	0	0
rg02_theta15p195_foil0	0.0	-10.0	-8.0	7	3	0	0	24	24	0	False	33	7	7	0	2	0	rg02_theta15p195_foil0	24.0	36	24	False	open_populated	24	0	False	0	0	24
rg02_theta15p195_foil0	0.0	-10.0	-8.0	7	4	0	0	36	36	0	False	56	12	9	0	8	0	rg02_theta15p195_foil0	24.0	36	36	False	open_populated	36	0	False	0	0	36
rg02_theta15p195_foil0	0.0	-10.0	-8.0	7	5	0	0	40	40	0	False	67	14	13	0	13	0	rg02_theta15p195_foil0	24.0	36	36	True	open_populated	36	4	False	4	0	36
rg02_theta15p195_foil0	0.0	-10.0	-8.0	7	6	0	0	60	60	0	False	103	21	15	0	22	0	rg02_theta15p195_foil0	24.0	36	36	True	open_populated	36	24	False	24	0	36
rg02_theta15p195_foil0	0.0	-10.0	-8.0	8	2	0	0	0	0	0	False	12	3	0	12	9	0	rg02_theta15p195_foil0	24.0	36	0	False	observed_no_eligible_core	0	0	False	0	0	0
rg02_theta15p195_foil0	0.0	-10.0	-8.0	8	3	0	0	12	12	0	False	20	4	3	0	4	0	rg02_theta15p195_foil0	24.0	36	12	False	open_populated	12	0	False	0	0	12
rg02_theta15p195_foil0	0.0	-10.0	-8.0	8	4	0	0	14	14	0	False	24	5	3	0	5	0	rg02_theta15p195_foil0	24.0	36	14	False	open_populated	14	0	False	0	0	14
rg02_theta15p195_foil0	0.0	-10.0	-8.0	8	5	0	0	29	29	0	False	44	9	6	0	6	0	rg02_theta15p195_foil0	24.0	36	29	False	open_populated	29	0	False	0	0	29
rg02_theta15p195_foil0	0.0	-10.0	-8.0	8	6	0	0	38	38	0	False	63	13	11	0	12	0	rg02_theta15p195_foil0	24.0	36	36	True	open_populated	36	2	False	2	0	36
rg02_theta15p195_foil0	0.0	-8.0	-5.0	0	2	0	1	23	23	0	False	34	7	6	0	4	0	rg02_theta15p195_foil0	41.0	61	23	False	open_populated	23	0	False	0	0	23
rg02_theta15p195_foil0	0.0	-8.0	-5.0	0	3	0	1	30	30	0	False	55	11	8	0	14	0	rg02_theta15p195_foil0	41.0	61	30	False	open_populated	30	0	False	0	0	30
rg02_theta15p195_foil0	0.0	-8.0	-5.0	0	4	0	1	46	46	0	False	72	15	14	0	11	0	rg02_theta15p195_foil0	41.0	61	46	False	open_populated	30	16	False	0	16	30
rg02_theta15p195_foil0	0.0	-8.0	-5.0	0	5	0	1	62	62	0	False	100	20	14	0	18	0	rg02_theta15p195_foil0	41.0	61	61	True	open_populated	30	32	False	1	31	30
rg02_theta15p195_foil0	0.0	-8.0	-5.0	0	6	0	1	29	29	0	False	49	10	8	0	10	0	rg02_theta15p195_foil0	41.0	61	29	False	open_populated	29	0	False	0	0	29
rg02_theta15p195_foil0	0.0	-8.0	-5.0	1	2	0	1	31	31	0	False	47	10	7	0	6	0	rg02_theta15p195_foil0	41.0	61	31	False	open_populated	30	1	False	0	1	30
rg02_theta15p195_foil0	0.0	-8.0	-5.0	1	3	0	1	55	55	0	False	87	18	12	0	14	0	rg02_theta15p195_foil0	41.0	61	55	False	open_populated	30	25	False	0	25	30
rg02_theta15p195_foil0	0.0	-8.0	-5.0	1	4	0	1	66	66	0	False	105	21	16	0	18	0	rg02_theta15p195_foil0	41.0	61	61	True	open_populated	30	36	False	5	31	30
rg02_theta15p195_foil0	0.0	-8.0	-5.0	1	5	0	1	99	99	0	False	152	31	24	0	22	0	rg02_theta15p195_foil0	41.0	61	61	True	open_populated	30	69	False	38	31	30
rg02_theta15p195_foil0	0.0	-8.0	-5.0	1	6	0	1	93	93	0	False	148	30	24	0	25	0	rg02_theta15p195_foil0	41.0	61	61	True	open_populated	30	63	False	32	31	30
rg02_theta15p195_foil0	0.0	-8.0	-5.0	1	7	0	1	0	0	0	False	1	1	0	1	0	0	rg02_theta15p195_foil0	41.0	61	0	False	observed_no_eligible_core	0	0	False	0	0	0
rg02_theta15p195_foil0	0.0	-8.0	-5.0	2	1	0	1	0	0	0	False	9	2	0	9	7	0	rg02_theta15p195_foil0	41.0	61	0	False	observed_no_eligible_core	0	0	False	0	0	0
rg02_theta15p195_foil0	0.0	-8.0	-5.0	2	2	0	1	47	47	0	False	73	15	13	0	11	0	rg02_theta15p195_foil0	41.0	61	47	False	open_populated	30	17	False	0	17	30
rg02_theta15p195_foil0	0.0	-8.0	-5.0	2	3	0	1	0	0	0	True	2	1	0	2	1	1	rg02_theta15p195_foil0	41.0	61	0	False	blocked	0	0	False	0	0	0
rg02_theta15p195_foil0	0.0	-8.0	-5.0	2	4	0	1	95	95	0	False	145	29	22	0	21	0	rg02_theta15p195_foil0	41.0	61	61	True	open_populated	30	65	False	34	31	30
rg02_theta15p195_foil0	0.0	-8.0	-5.0	2	5	0	1	121	121	0	False	182	37	30	0	24	0	rg02_theta15p195_foil0	41.0	61	61	True	open_populated	29	92	False	60	32	29
rg02_theta15p195_foil0	0.0	-8.0	-5.0	2	6	0	1	164	164	0	False	261	53	35	0	44	0	rg02_theta15p195_foil0	41.0	61	61	True	open_populated	30	134	False	103	31	30
rg02_theta15p195_foil0	0.0	-8.0	-5.0	2	7	0	1	0	0	0	False	2	1	0	2	1	0	rg02_theta15p195_foil0	41.0	61	0	False	observed_no_eligible_core	0	0	False	0	0	0
rg02_theta15p195_foil0	0.0	-8.0	-5.0	3	1	0	1	0	0	0	False	7	2	0	7	5	0	rg02_theta15p195_foil0	41.0	61	0	False	observed_no_eligible_core	0	0	False	0	0	0
rg02_theta15p195_foil0	0.0	-8.0	-5.0	3	2	0	1	42	42	0	False	67	14	11	0	11	0	rg02_theta15p195_foil0	41.0	61	42	False	open_populated	30	12	False	0	12	30
rg02_theta15p195_foil0	0.0	-8.0	-5.0	3	3	0	1	75	75	0	False	116	24	20	0	17	0	rg02_theta15p195_foil0	41.0	61	61	True	open_populated	30	45	False	14	31	30
rg02_theta15p195_foil0	0.0	-8.0	-5.0	3	4	0	1	92	92	0	False	148	30	25	0	26	0	rg02_theta15p195_foil0	41.0	61	61	True	open_populated	30	62	False	31	31	30
rg02_theta15p195_foil0	0.0	-8.0	-5.0	3	5	0	1	132	132	0	False	204	41	35	0	31	0	rg02_theta15p195_foil0	41.0	61	61	True	open_populated	30	102	False	71	31	30
rg02_theta15p195_foil0	0.0	-8.0	-5.0	3	6	0	1	160	160	0	False	240	48	43	0	32	0	rg02_theta15p195_foil0	41.0	61	61	True	open_populated	30	130	False	99	31	30
rg02_theta15p195_foil0	0.0	-8.0	-5.0	3	7	0	1	0	0	0	False	12	3	0	12	9	0	rg02_theta15p195_foil0	41.0	61	0	False	observed_no_eligible_core	0	0	False	0	0	0
rg02_theta15p195_foil0	0.0	-8.0	-5.0	4	1	0	1	0	0	0	False	10	2	0	10	8	0	rg02_theta15p195_foil0	41.0	61	0	False	observed_no_eligible_core	0	0	False	0	0	0
rg02_theta15p195_foil0	0.0	-8.0	-5.0	4	2	0	1	40	40	0	False	69	14	12	0	15	0	rg02_theta15p195_foil0	41.0	61	40	False	open_populated	30	10	False	0	10	30
rg02_theta15p195_foil0	0.0	-8.0	-5.0	4	3	0	1	91	91	0	False	136	28	22	0	17	0	rg02_theta15p195_foil0	41.0	61	61	True	open_populated	29	62	False	30	32	29
rg02_theta15p195_foil0	0.0	-8.0	-5.0	4	4	0	1	29	29	0	False	46	10	7	0	7	0	rg02_theta15p195_foil0	41.0	61	29	False	open_populated	29	0	False	0	0	29
rg02_theta15p195_foil0	0.0	-8.0	-5.0	4	5	0	1	139	139	0	False	217	44	35	0	34	0	rg02_theta15p195_foil0	41.0	61	61	True	open_populated	30	109	False	78	31	30
rg02_theta15p195_foil0	0.0	-8.0	-5.0	4	6	0	1	189	189	0	False	300	60	45	0	51	0	rg02_theta15p195_foil0	41.0	61	61	True	open_populated	30	159	False	128	31	30
rg02_theta15p195_foil0	0.0	-8.0	-5.0	4	7	0	1	0	0	0	False	12	3	0	12	9	0	rg02_theta15p195_foil0	41.0	61	0	False	observed_no_eligible_core	0	0	False	0	0	0
rg02_theta15p195_foil0	0.0	-8.0	-5.0	5	1	0	1	0	0	0	False	6	2	0	6	4	0	rg02_theta15p195_foil0	41.0	61	0	False	observed_no_eligible_core	0	0	False	0	0	0
rg02_theta15p195_foil0	0.0	-8.0	-5.0	5	2	0	1	36	36	0	False	57	12	11	0	9	0	rg02_theta15p195_foil0	41.0	61	36	False	open_populated	30	6	False	0	6	30
rg02_theta15p195_foil0	0.0	-8.0	-5.0	5	3	0	1	69	69	0	False	104	21	19	0	14	0	rg02_theta15p195_foil0	41.0	61	61	True	open_populated	30	39	False	8	31	30
rg02_theta15p195_foil0	0.0	-8.0	-5.0	5	4	0	1	93	93	0	False	139	28	22	0	18	0	rg02_theta15p195_foil0	41.0	61	61	True	open_populated	30	63	False	32	31	30
rg02_theta15p195_foil0	0.0	-8.0	-5.0	5	5	0	1	0	0	0	True	3	1	0	3	2	2	rg02_theta15p195_foil0	41.0	61	0	False	blocked	0	0	False	0	0	0
rg02_theta15p195_foil0	0.0	-8.0	-5.0	5	6	0	1	181	181	0	False	290	58	48	0	51	0	rg02_theta15p195_foil0	41.0	61	61	True	open_populated	30	151	False	120	31	30
rg02_theta15p195_foil0	0.0	-8.0	-5.0	5	7	0	1	0	0	0	False	9	2	0	9	7	0	rg02_theta15p195_foil0	41.0	61	0	False	observed_no_eligible_core	0	0	False	0	0	0
rg02_theta15p195_foil0	0.0	-8.0	-5.0	6	1	0	1	0	0	0	False	1	1	0	1	0	0	rg02_theta15p195_foil0	41.0	61	0	False	observed_no_eligible_core	0	0	False	0	0	0
rg02_theta15p195_foil0	0.0	-8.0	-5.0	6	2	0	1	27	27	0	False	39	8	6	0	4	0	rg02_theta15p195_foil0	41.0	61	27	False	open_populated	27	0	False	0	0	27
rg02_theta15p195_foil0	0.0	-8.0	-5.0	6	3	0	1	74	74	0	False	113	23	20	0	16	0	rg02_theta15p195_foil0	41.0	61	61	True	open_populated	30	44	False	13	31	30
rg02_theta15p195_foil0	0.0	-8.0	-5.0	6	4	0	1	98	98	0	False	147	30	22	0	19	0	rg02_theta15p195_foil0	41.0	61	61	True	open_populated	30	68	False	37	31	30
rg02_theta15p195_foil0	0.0	-8.0	-5.0	6	5	0	1	112	112	0	False	166	34	28	0	20	0	rg02_theta15p195_foil0	41.0	61	61	True	open_populated	30	82	False	51	31	30
rg02_theta15p195_foil0	0.0	-8.0	-5.0	6	6	0	1	183	183	0	False	276	56	48	0	37	0	rg02_theta15p195_foil0	41.0	61	61	True	open_populated	30	153	False	122	31	30
rg02_theta15p195_foil0	0.0	-8.0	-5.0	6	7	0	1	0	0	0	False	2	1	0	2	1	0	rg02_theta15p195_foil0	41.0	61	0	False	observed_no_eligible_core	0	0	False	0	0	0
rg02_theta15p195_foil0	0.0	-8.0	-5.0	7	2	0	1	24	24	0	False	40	8	6	0	8	0	rg02_theta15p195_foil0	41.0	61	24	False	open_populated	24	0	False	0	0	24
rg02_theta15p195_foil0	0.0	-8.0	-5.0	7	3	0	1	43	43	0	False	68	14	11	0	11	0	rg02_theta15p195_foil0	41.0	61	43	False	open_populated	30	13	False	0	13	30
rg02_theta15p195_foil0	0.0	-8.0	-5.0	7	4	0	1	70	70	0	False	112	23	17	0	19	0	rg02_theta15p195_foil0	41.0	61	61	True	open_populated	30	40	False	9	31	30
rg02_theta15p195_foil0	0.0	-8.0	-5.0	7	5	0	1	101	101	0	False	161	33	24	0	27	0	rg02_theta15p195_foil0	41.0	61	61	True	open_populated	30	71	False	40	31	30
rg02_theta15p195_foil0	0.0	-8.0	-5.0	7	6	0	1	122	122	0	False	187	38	34	0	27	0	rg02_theta15p195_foil0	41.0	61	61	True	open_populated	30	92	False	61	31	30
rg02_theta15p195_foil0	0.0	-8.0	-5.0	8	2	0	1	11	11	0	False	18	4	4	0	3	0	rg02_theta15p195_foil0	41.0	61	11	False	open_populated	11	0	False	0	0	11
rg02_theta15p195_foil0	0.0	-8.0	-5.0	8	3	0	1	24	24	0	False	42	9	8	0	9	0	rg02_theta15p195_foil0	41.0	61	24	False	open_populated	24	0	False	0	0	24
rg02_theta15p195_foil0	0.0	-8.0	-5.0	8	4	0	1	44	44	0	False	68	14	11	0	10	0	rg02_theta15p195_foil0	41.0	61	44	False	open_populated	30	14	False	0	14	30
rg02_theta15p195_foil0	0.0	-8.0	-5.0	8	5	0	1	65	65	0	False	101	21	20	0	15	0	rg02_theta15p195_foil0	41.0	61	61	True	open_populated	30	35	False	4	31	30
rg02_theta15p195_foil0	0.0	-8.0	-5.0	8	6	0	1	56	56	0	False	84	17	13	0	11	0	rg02_theta15p195_foil0	41.0	61	56	False	open_populated	30	26	False	0	26	30
rg02_theta15p195_foil0	0.0	-5.0	0.0	0	2	0	2	16	16	0	False	28	6	5	0	6	0	rg02_theta15p195_foil0	47.0	70	16	False	open_populated	16	0	False	0	0	16
rg02_theta15p195_foil0	0.0	-5.0	0.0	0	3	0	2	42	42	0	False	69	14	10	0	13	0	rg02_theta15p195_foil0	47.0	70	42	False	open_populated	27	15	False	0	15	27
rg02_theta15p195_foil0	0.0	-5.0	0.0	0	4	0	2	71	71	0	False	105	21	18	0	13	0	rg02_theta15p195_foil0	47.0	70	70	True	open_populated	27	44	False	1	43	27
rg02_theta15p195_foil0	0.0	-5.0	0.0	0	5	0	2	102	102	0	False	156	32	25	0	22	0	rg02_theta15p195_foil0	47.0	70	70	True	open_populated	27	75	False	32	43	27
rg02_theta15p195_foil0	0.0	-5.0	0.0	0	6	0	2	48	48	0	False	72	15	13	0	9	0	rg02_theta15p195_foil0	47.0	70	48	False	open_populated	27	21	False	0	21	27
rg02_theta15p195_foil0	0.0	-5.0	0.0	1	2	0	2	34	34	0	False	50	10	6	0	6	0	rg02_theta15p195_foil0	47.0	70	34	False	open_populated	27	7	False	0	7	27
rg02_theta15p195_foil0	0.0	-5.0	0.0	1	3	0	2	59	59	0	False	94	19	14	0	16	0	rg02_theta15p195_foil0	47.0	70	59	False	open_populated	27	32	False	0	32	27
rg02_theta15p195_foil0	0.0	-5.0	0.0	1	4	0	2	98	98	0	False	156	32	24	0	26	0	rg02_theta15p195_foil0	47.0	70	70	True	open_populated	28	70	False	28	42	28
rg02_theta15p195_foil0	0.0	-5.0	0.0	1	5	0	2	144	144	0	False	225	45	38	0	36	0	rg02_theta15p195_foil0	47.0	70	70	True	open_populated	27	117	False	74	43	27
rg02_theta15p195_foil0	0.0	-5.0	0.0	1	6	0	2	153	153	0	False	254	51	34	0	50	0	rg02_theta15p195_foil0	47.0	70	70	True	open_populated	27	126	False	83	43	27
rg02_theta15p195_foil0	0.0	-5.0	0.0	2	1	0	2	0	0	0	False	12	3	0	12	9	0	rg02_theta15p195_foil0	47.0	70	0	False	observed_no_eligible_core	0	0	False	0	0	0
rg02_theta15p195_foil0	0.0	-5.0	0.0	2	2	0	2	49	49	0	False	70	14	12	0	7	0	rg02_theta15p195_foil0	47.0	70	49	False	open_populated	27	22	False	0	22	27
rg02_theta15p195_foil0	0.0	-5.0	0.0	2	3	0	2	0	0	0	True	5	1	0	5	4	4	rg02_theta15p195_foil0	47.0	70	0	False	blocked	0	0	False	0	0	0
rg02_theta15p195_foil0	0.0	-5.0	0.0	2	4	0	2	130	130	0	False	207	42	30	0	35	0	rg02_theta15p195_foil0	47.0	70	70	True	open_populated	27	103	False	60	43	27
rg02_theta15p195_foil0	0.0	-5.0	0.0	2	5	0	2	187	187	0	False	288	58	49	0	43	0	rg02_theta15p195_foil0	47.0	70	70	True	open_populated	27	160	False	117	43	27
rg02_theta15p195_foil0	0.0	-5.0	0.0	2	6	0	2	226	226	0	False	351	71	55	0	54	0	rg02_theta15p195_foil0	47.0	70	70	True	open_populated	27	199	False	156	43	27
rg02_theta15p195_foil0	0.0	-5.0	0.0	2	7	0	2	15	15	0	False	24	5	4	0	4	0	rg02_theta15p195_foil0	47.0	70	15	False	open_populated	15	0	False	0	0	15
rg02_theta15p195_foil0	0.0	-5.0	0.0	3	1	0	2	11	11	0	False	16	4	4	0	1	0	rg02_theta15p195_foil0	47.0	70	11	False	open_populated	11	0	False	0	0	11
rg02_theta15p195_foil0	0.0	-5.0	0.0	3	2	0	2	47	47	0	False	77	16	14	0	14	0	rg02_theta15p195_foil0	47.0	70	47	False	open_populated	27	20	False	0	20	27
rg02_theta15p195_foil0	0.0	-5.0	0.0	3	3	0	2	101	101	0	False	156	32	21	0	23	0	rg02_theta15p195_foil0	47.0	70	70	True	open_populated	27	74	False	31	43	27
rg02_theta15p195_foil0	0.0	-5.0	0.0	3	4	0	2	149	149	0	False	230	46	36	0	35	0	rg02_theta15p195_foil0	47.0	70	70	True	open_populated	27	122	False	79	43	27
rg02_theta15p195_foil0	0.0	-5.0	0.0	3	5	0	2	214	214	0	False	320	64	47	0	42	0	rg02_theta15p195_foil0	47.0	70	70	True	open_populated	27	187	False	144	43	27
rg02_theta15p195_foil0	0.0	-5.0	0.0	3	6	0	2	295	295	0	False	447	90	75	0	62	0	rg02_theta15p195_foil0	47.0	70	70	True	open_populated	27	268	False	225	43	27
rg02_theta15p195_foil0	0.0	-5.0	0.0	3	7	0	2	72	72	0	False	99	20	18	0	7	0	rg02_theta15p195_foil0	47.0	70	70	True	open_populated	27	45	False	2	43	27
rg02_theta15p195_foil0	0.0	-5.0	0.0	4	1	0	2	15	15	0	False	21	5	4	0	1	0	rg02_theta15p195_foil0	47.0	70	15	False	open_populated	15	0	False	0	0	15
rg02_theta15p195_foil0	0.0	-5.0	0.0	4	2	0	2	46	46	0	False	79	16	15	0	17	0	rg02_theta15p195_foil0	47.0	70	46	False	open_populated	27	19	False	0	19	27
rg02_theta15p195_foil0	0.0	-5.0	0.0	4	3	0	2	98	98	0	False	155	31	24	0	26	0	rg02_theta15p195_foil0	47.0	70	70	True	open_populated	27	71	False	28	43	27
rg02_theta15p195_foil0	0.0	-5.0	0.0	4	4	0	2	47	47	0	False	75	15	11	0	13	0	rg02_theta15p195_foil0	47.0	70	47	False	open_populated	27	20	False	0	20	27
rg02_theta15p195_foil0	0.0	-5.0	0.0	4	5	0	2	246	246	0	False	383	77	59	0	60	0	rg02_theta15p195_foil0	47.0	70	70	True	open_populated	27	219	False	176	43	27
rg02_theta15p195_foil0	0.0	-5.0	0.0	4	6	0	2	308	308	0	False	464	93	78	0	63	0	rg02_theta15p195_foil0	47.0	70	70	True	open_populated	27	281	False	238	43	27
rg02_theta15p195_foil0	0.0	-5.0	0.0	4	7	0	2	79	79	0	False	109	22	21	0	8	0	rg02_theta15p195_foil0	47.0	70	70	True	open_populated	27	52	False	9	43	27
rg02_theta15p195_foil0	0.0	-5.0	0.0	5	1	0	2	16	16	0	False	22	5	5	0	1	0	rg02_theta15p195_foil0	47.0	70	16	False	open_populated	16	0	False	0	0	16
rg02_theta15p195_foil0	0.0	-5.0	0.0	5	2	0	2	60	60	0	False	92	19	16	0	13	0	rg02_theta15p195_foil0	47.0	70	60	False	open_populated	27	33	False	0	33	27
rg02_theta15p195_foil0	0.0	-5.0	0.0	5	3	0	2	87	87	0	False	133	27	23	0	19	0	rg02_theta15p195_foil0	47.0	70	70	True	open_populated	27	60	False	17	43	27
rg02_theta15p195_foil0	0.0	-5.0	0.0	5	4	0	2	151	151	0	False	236	48	37	0	37	0	rg02_theta15p195_foil0	47.0	70	70	True	open_populated	27	124	False	81	43	27
rg02_theta15p195_foil0	0.0	-5.0	0.0	5	5	0	2	0	0	0	True	5	1	0	5	4	4	rg02_theta15p195_foil0	47.0	70	0	False	blocked	0	0	False	0	0	0
rg02_theta15p195_foil0	0.0	-5.0	0.0	5	6	0	2	298	298	0	False	445	89	82	0	58	0	rg02_theta15p195_foil0	47.0	70	70	True	open_populated	27	271	False	228	43	27
rg02_theta15p195_foil0	0.0	-5.0	0.0	5	7	0	2	51	51	0	False	72	15	14	0	6	0	rg02_theta15p195_foil0	47.0	70	51	False	open_populated	27	24	False	0	24	27
rg02_theta15p195_foil0	0.0	-5.0	0.0	6	1	0	2	15	15	0	False	20	4	3	0	1	0	rg02_theta15p195_foil0	47.0	70	15	False	open_populated	15	0	False	0	0	15
rg02_theta15p195_foil0	0.0	-5.0	0.0	6	2	0	2	50	50	0	False	76	16	13	0	10	0	rg02_theta15p195_foil0	47.0	70	50	False	open_populated	28	22	False	0	22	28
rg02_theta15p195_foil0	0.0	-5.0	0.0	6	3	0	2	73	73	0	False	118	24	17	0	21	0	rg02_theta15p195_foil0	47.0	70	70	True	open_populated	27	46	False	3	43	27
rg02_theta15p195_foil0	0.0	-5.0	0.0	6	4	0	2	121	121	0	False	194	39	27	0	34	0	rg02_theta15p195_foil0	47.0	70	70	True	open_populated	28	93	False	51	42	28
rg02_theta15p195_foil0	0.0	-5.0	0.0	6	5	0	2	171	171	0	False	260	52	42	0	37	0	rg02_theta15p195_foil0	47.0	70	70	True	open_populated	27	144	False	101	43	27
rg02_theta15p195_foil0	0.0	-5.0	0.0	6	6	0	2	264	264	0	False	397	80	68	0	53	0	rg02_theta15p195_foil0	47.0	70	70	True	open_populated	27	237	False	194	43	27
rg02_theta15p195_foil0	0.0	-5.0	0.0	6	7	0	2	7	7	0	False	13	3	3	0	3	0	rg02_theta15p195_foil0	47.0	70	7	False	open_populated	7	0	True	0	0	7
rg02_theta15p195_foil0	0.0	-5.0	0.0	7	2	0	2	30	30	0	False	41	9	9	0	2	0	rg02_theta15p195_foil0	47.0	70	30	False	open_populated	27	3	False	0	3	27
rg02_theta15p195_foil0	0.0	-5.0	0.0	7	3	0	2	60	60	0	False	89	18	13	0	11	0	rg02_theta15p195_foil0	47.0	70	60	False	open_populated	28	32	False	0	32	28
rg02_theta15p195_foil0	0.0	-5.0	0.0	7	4	0	2	85	85	0	False	133	27	22	0	21	0	rg02_theta15p195_foil0	47.0	70	70	True	open_populated	27	58	False	15	43	27
rg02_theta15p195_foil0	0.0	-5.0	0.0	7	5	0	2	140	140	0	False	223	45	37	0	38	0	rg02_theta15p195_foil0	47.0	70	70	True	open_populated	27	113	False	70	43	27
rg02_theta15p195_foil0	0.0	-5.0	0.0	7	6	0	2	186	186	0	False	276	56	47	0	34	0	rg02_theta15p195_foil0	47.0	70	70	True	open_populated	27	159	False	116	43	27
rg02_theta15p195_foil0	0.0	-5.0	0.0	8	2	0	2	23	23	0	False	33	7	7	0	3	0	rg02_theta15p195_foil0	47.0	70	23	False	open_populated	23	0	False	0	0	23
rg02_theta15p195_foil0	0.0	-5.0	0.0	8	3	0	2	49	49	0	False	76	16	14	0	11	0	rg02_theta15p195_foil0	47.0	70	49	False	open_populated	27	22	False	0	22	27
rg02_theta15p195_foil0	0.0	-5.0	0.0	8	4	0	2	66	66	0	False	101	21	14	0	14	0	rg02_theta15p195_foil0	47.0	70	66	False	open_populated	27	39	False	0	39	27
rg02_theta15p195_foil0	0.0	-5.0	0.0	8	5	0	2	109	109	0	False	156	32	25	0	15	0	rg02_theta15p195_foil0	47.0	70	70	True	open_populated	27	82	False	39	43	27
rg02_theta15p195_foil0	0.0	-5.0	0.0	8	6	0	2	59	59	0	False	90	18	17	0	13	0	rg02_theta15p195_foil0	47.0	70	59	False	open_populated	27	32	False	0	32	27
rg02_theta15p195_foil0	0.0	0.0	5.0	0	2	0	3	0	0	0	False	12	3	0	12	9	0	rg02_theta15p195_foil0	27.0	40	0	False	observed_no_eligible_core	0	0	False	0	0	0
rg02_theta15p195_foil0	0.0	0.0	5.0	0	3	0	3	21	21	0	False	33	7	5	0	5	0	rg02_theta15p195_foil0	27.0	40	21	False	open_populated	21	0	False	0	0	21
rg02_theta15p195_foil0	0.0	0.0	5.0	0	4	0	3	33	33	0	False	59	12	10	0	14	0	rg02_theta15p195_foil0	27.0	40	33	False	open_populated	29	4	False	0	4	29
rg02_theta15p195_foil0	0.0	0.0	5.0	0	5	0	3	61	61	0	False	102	21	19	0	20	0	rg02_theta15p195_foil0	27.0	40	40	True	open_populated	29	32	False	21	11	29
rg02_theta15p195_foil0	0.0	0.0	5.0	0	6	0	3	7	7	0	False	14	3	2	0	4	0	rg02_theta15p195_foil0	27.0	40	7	False	open_populated	7	0	True	0	0	7
rg02_theta15p195_foil0	0.0	0.0	5.0	0	7	0	3	0	0	0	False	1	1	0	1	0	0	rg02_theta15p195_foil0	27.0	40	0	False	observed_no_eligible_core	0	0	False	0	0	0
rg02_theta15p195_foil0	0.0	0.0	5.0	1	2	0	3	14	14	0	False	20	4	3	0	2	0	rg02_theta15p195_foil0	27.0	40	14	False	open_populated	14	0	False	0	0	14
rg02_theta15p195_foil0	0.0	0.0	5.0	1	3	0	3	28	28	0	False	38	8	7	0	2	0	rg02_theta15p195_foil0	27.0	40	28	False	open_populated	28	0	False	0	0	28
rg02_theta15p195_foil0	0.0	0.0	5.0	1	4	0	3	54	54	0	False	90	18	17	0	18	0	rg02_theta15p195_foil0	27.0	40	40	True	open_populated	28	26	False	14	12	28
rg02_theta15p195_foil0	0.0	0.0	5.0	1	5	0	3	70	70	0	False	106	22	15	0	14	0	rg02_theta15p195_foil0	27.0	40	40	True	open_populated	29	41	False	30	11	29
rg02_theta15p195_foil0	0.0	0.0	5.0	1	6	0	3	129	129	0	False	203	41	37	0	33	0	rg02_theta15p195_foil0	27.0	40	40	True	open_populated	28	101	False	89	12	28
rg02_theta15p195_foil0	0.0	0.0	5.0	1	7	0	3	0	0	0	False	1	1	0	1	0	0	rg02_theta15p195_foil0	27.0	40	0	False	observed_no_eligible_core	0	0	False	0	0	0
rg02_theta15p195_foil0	0.0	0.0	5.0	2	1	0	3	0	0	0	False	7	2	0	7	5	0	rg02_theta15p195_foil0	27.0	40	0	False	observed_no_eligible_core	0	0	False	0	0	0
rg02_theta15p195_foil0	0.0	0.0	5.0	2	2	0	3	23	23	0	False	35	7	4	0	5	0	rg02_theta15p195_foil0	27.0	40	23	False	open_populated	23	0	False	0	0	23
rg02_theta15p195_foil0	0.0	0.0	5.0	2	3	0	3	0	0	0	True	1	1	0	1	0	0	rg02_theta15p195_foil0	27.0	40	0	False	blocked	0	0	False	0	0	0
rg02_theta15p195_foil0	0.0	0.0	5.0	2	4	0	3	64	64	0	False	104	21	17	0	19	0	rg02_theta15p195_foil0	27.0	40	40	True	open_populated	29	35	False	24	11	29
rg02_theta15p195_foil0	0.0	0.0	5.0	2	5	0	3	106	106	0	False	172	35	27	0	31	0	rg02_theta15p195_foil0	27.0	40	40	True	open_populated	28	78	False	66	12	28
rg02_theta15p195_foil0	0.0	0.0	5.0	2	6	0	3	172	172	0	False	280	56	45	0	52	0	rg02_theta15p195_foil0	27.0	40	40	True	open_populated	28	144	False	132	12	28
rg02_theta15p195_foil0	0.0	0.0	5.0	2	7	0	3	53	53	0	False	81	17	12	0	11	0	rg02_theta15p195_foil0	27.0	40	40	True	open_populated	29	24	False	13	11	29
rg02_theta15p195_foil0	0.0	0.0	5.0	3	1	0	3	12	12	0	False	18	4	2	0	2	0	rg02_theta15p195_foil0	27.0	40	12	False	open_populated	12	0	False	0	0	12
rg02_theta15p195_foil0	0.0	0.0	5.0	3	2	0	3	33	33	0	False	50	10	7	0	7	0	rg02_theta15p195_foil0	27.0	40	33	False	open_populated	28	5	False	0	5	28
rg02_theta15p195_foil0	0.0	0.0	5.0	3	3	0	3	59	59	0	False	102	21	13	0	22	0	rg02_theta15p195_foil0	27.0	40	40	True	open_populated	29	30	False	19	11	29
rg02_theta15p195_foil0	0.0	0.0	5.0	3	4	0	3	76	76	0	False	126	26	21	0	24	0	rg02_theta15p195_foil0	27.0	40	40	True	open_populated	29	47	False	36	11	29
rg02_theta15p195_foil0	0.0	0.0	5.0	3	5	0	3	123	123	0	False	202	41	34	0	38	0	rg02_theta15p195_foil0	27.0	40	40	True	open_populated	29	94	False	83	11	29
rg02_theta15p195_foil0	0.0	0.0	5.0	3	6	0	3	183	183	0	False	291	59	42	0	49	0	rg02_theta15p195_foil0	27.0	40	40	True	open_populated	28	155	False	143	12	28
rg02_theta15p195_foil0	0.0	0.0	5.0	3	7	0	3	119	119	0	False	183	37	32	0	27	0	rg02_theta15p195_foil0	27.0	40	40	True	open_populated	28	91	False	79	12	28
rg02_theta15p195_foil0	0.0	0.0	5.0	4	1	0	3	14	14	0	False	23	5	4	0	4	0	rg02_theta15p195_foil0	27.0	40	14	False	open_populated	14	0	False	0	0	14
rg02_theta15p195_foil0	0.0	0.0	5.0	4	2	0	3	27	27	0	False	41	9	7	0	5	0	rg02_theta15p195_foil0	27.0	40	27	False	open_populated	27	0	False	0	0	27
rg02_theta15p195_foil0	0.0	0.0	5.0	4	3	0	3	62	62	0	False	94	19	14	0	13	0	rg02_theta15p195_foil0	27.0	40	40	True	open_populated	28	34	False	22	12	28
rg02_theta15p195_foil0	0.0	0.0	5.0	4	4	0	3	27	27	0	False	39	8	5	0	4	0	rg02_theta15p195_foil0	27.0	40	27	False	open_populated	27	0	False	0	0	27
rg02_theta15p195_foil0	0.0	0.0	5.0	4	5	0	3	141	141	0	False	218	44	35	0	33	0	rg02_theta15p195_foil0	27.0	40	40	True	open_populated	28	113	False	101	12	28
rg02_theta15p195_foil0	0.0	0.0	5.0	4	6	0	3	212	212	0	False	346	70	54	0	64	0	rg02_theta15p195_foil0	27.0	40	40	True	open_populated	29	183	False	172	11	29
rg02_theta15p195_foil0	0.0	0.0	5.0	4	7	0	3	144	144	0	False	223	45	39	0	34	0	rg02_theta15p195_foil0	27.0	40	40	True	open_populated	29	115	False	104	11	29
rg02_theta15p195_foil0	0.0	0.0	5.0	5	1	0	3	0	0	0	False	12	3	0	12	9	0	rg02_theta15p195_foil0	27.0	40	0	False	observed_no_eligible_core	0	0	False	0	0	0
rg02_theta15p195_foil0	0.0	0.0	5.0	5	2	0	3	28	28	0	False	45	9	6	0	8	0	rg02_theta15p195_foil0	27.0	40	28	False	open_populated	28	0	False	0	0	28
rg02_theta15p195_foil0	0.0	0.0	5.0	5	3	0	3	51	51	0	False	72	15	10	0	6	0	rg02_theta15p195_foil0	27.0	40	40	True	open_populated	28	23	False	11	12	28
rg02_theta15p195_foil0	0.0	0.0	5.0	5	4	0	3	81	81	0	False	121	25	23	0	15	0	rg02_theta15p195_foil0	27.0	40	40	True	open_populated	28	53	False	41	12	28
rg02_theta15p195_foil0	0.0	0.0	5.0	5	5	0	3	0	0	0	True	5	1	0	5	4	4	rg02_theta15p195_foil0	27.0	40	0	False	blocked	0	0	False	0	0	0
rg02_theta15p195_foil0	0.0	0.0	5.0	5	6	0	3	172	172	0	False	281	57	45	0	52	0	rg02_theta15p195_foil0	27.0	40	40	True	open_populated	28	144	False	132	12	28
rg02_theta15p195_foil0	0.0	0.0	5.0	5	7	0	3	101	101	0	False	157	32	25	0	24	0	rg02_theta15p195_foil0	27.0	40	40	True	open_populated	28	73	False	61	12	28
rg02_theta15p195_foil0	0.0	0.0	5.0	6	1	0	3	0	0	0	False	6	2	0	6	4	0	rg02_theta15p195_foil0	27.0	40	0	False	observed_no_eligible_core	0	0	False	0	0	0
rg02_theta15p195_foil0	0.0	0.0	5.0	6	2	0	3	15	15	0	False	24	5	4	0	4	0	rg02_theta15p195_foil0	27.0	40	15	False	open_populated	15	0	False	0	0	15
rg02_theta15p195_foil0	0.0	0.0	5.0	6	3	0	3	37	37	0	False	60	12	9	0	11	0	rg02_theta15p195_foil0	27.0	40	37	False	open_populated	29	8	False	0	8	29
rg02_theta15p195_foil0	0.0	0.0	5.0	6	4	0	3	60	60	0	False	98	20	17	0	18	0	rg02_theta15p195_foil0	27.0	40	40	True	open_populated	28	32	False	20	12	28
rg02_theta15p195_foil0	0.0	0.0	5.0	6	5	0	3	110	110	0	False	171	35	30	0	26	0	rg02_theta15p195_foil0	27.0	40	40	True	open_populated	28	82	False	70	12	28
rg02_theta15p195_foil0	0.0	0.0	5.0	6	6	0	3	179	179	0	False	296	60	50	0	57	0	rg02_theta15p195_foil0	27.0	40	40	True	open_populated	29	150	False	139	11	29
rg02_theta15p195_foil0	0.0	0.0	5.0	6	7	0	3	36	36	0	False	54	11	5	0	7	0	rg02_theta15p195_foil0	27.0	40	36	False	open_populated	28	8	False	0	8	28
rg02_theta15p195_foil0	0.0	0.0	5.0	7	2	0	3	21	21	0	False	35	7	5	0	7	0	rg02_theta15p195_foil0	27.0	40	21	False	open_populated	21	0	False	0	0	21
rg02_theta15p195_foil0	0.0	0.0	5.0	7	3	0	3	23	23	0	False	41	9	8	0	9	0	rg02_theta15p195_foil0	27.0	40	23	False	open_populated	23	0	False	0	0	23
rg02_theta15p195_foil0	0.0	0.0	5.0	7	4	0	3	48	48	0	False	76	16	13	0	12	0	rg02_theta15p195_foil0	27.0	40	40	True	open_populated	28	20	False	8	12	28
rg02_theta15p195_foil0	0.0	0.0	5.0	7	5	0	3	80	80	0	False	126	26	20	0	20	0	rg02_theta15p195_foil0	27.0	40	40	True	open_populated	28	52	False	40	12	28
rg02_theta15p195_foil0	0.0	0.0	5.0	7	6	0	3	119	119	0	False	180	36	27	0	25	0	rg02_theta15p195_foil0	27.0	40	40	True	open_populated	29	90	False	79	11	29
rg02_theta15p195_foil0	0.0	0.0	5.0	7	7	0	3	0	0	0	False	3	1	0	3	2	0	rg02_theta15p195_foil0	27.0	40	0	False	observed_no_eligible_core	0	0	False	0	0	0
rg02_theta15p195_foil0	0.0	0.0	5.0	8	2	0	3	0	0	0	False	8	2	0	8	6	0	rg02_theta15p195_foil0	27.0	40	0	False	observed_no_eligible_core	0	0	False	0	0	0
rg02_theta15p195_foil0	0.0	0.0	5.0	8	3	0	3	18	18	0	False	30	6	5	0	6	0	rg02_theta15p195_foil0	27.0	40	18	False	open_populated	18	0	False	0	0	18
rg02_theta15p195_foil0	0.0	0.0	5.0	8	4	0	3	32	32	0	False	53	11	8	0	10	0	rg02_theta15p195_foil0	27.0	40	32	False	open_populated	28	4	False	0	4	28
rg02_theta15p195_foil0	0.0	0.0	5.0	8	5	0	3	71	71	0	False	114	23	20	0	20	0	rg02_theta15p195_foil0	27.0	40	40	True	open_populated	29	42	False	31	11	29
rg02_theta15p195_foil0	0.0	0.0	5.0	8	6	0	3	13	13	0	False	19	4	3	0	2	0	rg02_theta15p195_foil0	27.0	40	13	False	open_populated	13	0	False	0	0	13
rg02_theta15p195_foil0	0.0	5.0	10.0	0	2	0	4	0	0	0	False	1	1	0	1	0	0	rg02_theta15p195_foil0	18.5	27	0	False	observed_no_eligible_core	0	0	False	0	0	0
rg02_theta15p195_foil0	0.0	5.0	10.0	0	3	0	4	0	0	0	False	5	1	0	5	4	0	rg02_theta15p195_foil0	18.5	27	0	False	observed_no_eligible_core	0	0	False	0	0	0
rg02_theta15p195_foil0	0.0	5.0	10.0	0	4	0	4	21	21	0	False	28	6	5	0	1	0	rg02_theta15p195_foil0	18.5	27	21	False	open_populated	21	0	False	0	0	21
rg02_theta15p195_foil0	0.0	5.0	10.0	0	5	0	4	23	23	0	False	33	7	6	0	3	0	rg02_theta15p195_foil0	18.5	27	23	False	open_populated	23	0	False	0	0	23
rg02_theta15p195_foil0	0.0	5.0	10.0	0	6	0	4	0	0	0	False	2	1	0	2	1	0	rg02_theta15p195_foil0	18.5	27	0	False	observed_no_eligible_core	0	0	False	0	0	0
rg02_theta15p195_foil0	0.0	5.0	10.0	1	2	0	4	0	0	0	False	6	2	0	6	4	0	rg02_theta15p195_foil0	18.5	27	0	False	observed_no_eligible_core	0	0	False	0	0	0
rg02_theta15p195_foil0	0.0	5.0	10.0	1	3	0	4	11	11	0	False	16	4	4	0	1	0	rg02_theta15p195_foil0	18.5	27	11	False	open_populated	11	0	False	0	0	11
rg02_theta15p195_foil0	0.0	5.0	10.0	1	4	0	4	22	22	0	False	31	7	4	0	2	0	rg02_theta15p195_foil0	18.5	27	22	False	open_populated	22	0	False	0	0	22
rg02_theta15p195_foil0	0.0	5.0	10.0	1	5	0	4	37	37	0	False	50	10	7	0	3	0	rg02_theta15p195_foil0	18.5	27	27	True	open_populated	27	10	False	10	0	27
rg02_theta15p195_foil0	0.0	5.0	10.0	1	6	0	4	58	58	0	False	84	17	12	0	9	0	rg02_theta15p195_foil0	18.5	27	27	True	open_populated	27	31	False	31	0	27
rg02_theta15p195_foil0	0.0	5.0	10.0	2	2	0	4	0	0	0	False	9	2	0	9	7	0	rg02_theta15p195_foil0	18.5	27	0	False	observed_no_eligible_core	0	0	False	0	0	0
rg02_theta15p195_foil0	0.0	5.0	10.0	2	4	0	4	22	22	0	False	37	8	5	0	7	0	rg02_theta15p195_foil0	18.5	27	22	False	open_populated	22	0	False	0	0	22
rg02_theta15p195_foil0	0.0	5.0	10.0	2	5	0	4	46	46	0	False	69	14	9	0	9	0	rg02_theta15p195_foil0	18.5	27	27	True	open_populated	27	19	False	19	0	27
rg02_theta15p195_foil0	0.0	5.0	10.0	2	6	0	4	70	70	0	False	110	22	17	0	18	0	rg02_theta15p195_foil0	18.5	27	27	True	open_populated	27	43	False	43	0	27
rg02_theta15p195_foil0	0.0	5.0	10.0	2	7	0	4	38	38	0	False	59	12	11	0	9	0	rg02_theta15p195_foil0	18.5	27	27	True	open_populated	27	11	False	11	0	27
rg02_theta15p195_foil0	0.0	5.0	10.0	3	2	0	4	0	0	0	False	12	3	0	12	9	0	rg02_theta15p195_foil0	18.5	27	0	False	observed_no_eligible_core	0	0	False	0	0	0
rg02_theta15p195_foil0	0.0	5.0	10.0	3	3	0	4	15	15	0	False	20	4	4	0	1	0	rg02_theta15p195_foil0	18.5	27	15	False	open_populated	15	0	False	0	0	15
rg02_theta15p195_foil0	0.0	5.0	10.0	3	4	0	4	25	25	0	False	40	8	6	0	7	0	rg02_theta15p195_foil0	18.5	27	25	False	open_populated	25	0	False	0	0	25
rg02_theta15p195_foil0	0.0	5.0	10.0	3	5	0	4	49	49	0	False	73	15	12	0	9	0	rg02_theta15p195_foil0	18.5	27	27	True	open_populated	27	22	False	22	0	27
rg02_theta15p195_foil0	0.0	5.0	10.0	3	6	0	4	102	102	0	False	160	32	27	0	26	0	rg02_theta15p195_foil0	18.5	27	27	True	open_populated	27	75	False	75	0	27
rg02_theta15p195_foil0	0.0	5.0	10.0	3	7	0	4	98	98	0	False	145	29	26	0	18	0	rg02_theta15p195_foil0	18.5	27	27	True	open_populated	27	71	False	71	0	27
rg02_theta15p195_foil0	0.0	5.0	10.0	4	2	0	4	10	10	0	False	17	4	3	0	3	0	rg02_theta15p195_foil0	18.5	27	10	False	open_populated	10	0	False	0	0	10
rg02_theta15p195_foil0	0.0	5.0	10.0	4	3	0	4	16	16	0	False	22	5	4	0	1	0	rg02_theta15p195_foil0	18.5	27	16	False	open_populated	16	0	False	0	0	16
rg02_theta15p195_foil0	0.0	5.0	10.0	4	4	0	4	0	0	0	False	9	2	0	9	7	0	rg02_theta15p195_foil0	18.5	27	0	False	observed_no_eligible_core	0	0	False	0	0	0
rg02_theta15p195_foil0	0.0	5.0	10.0	4	5	0	4	58	58	0	False	92	19	17	0	15	0	rg02_theta15p195_foil0	18.5	27	27	True	open_populated	27	31	False	31	0	27
rg02_theta15p195_foil0	0.0	5.0	10.0	4	6	0	4	108	108	0	False	158	32	28	0	18	0	rg02_theta15p195_foil0	18.5	27	27	True	open_populated	27	81	False	81	0	27
rg02_theta15p195_foil0	0.0	5.0	10.0	4	7	0	4	118	118	0	False	182	37	28	0	27	0	rg02_theta15p195_foil0	18.5	27	27	True	open_populated	27	91	False	91	0	27
rg02_theta15p195_foil0	0.0	5.0	10.0	5	2	0	4	7	7	0	False	14	3	2	0	4	0	rg02_theta15p195_foil0	18.5	27	7	False	open_populated	7	0	True	0	0	7
rg02_theta15p195_foil0	0.0	5.0	10.0	5	3	0	4	15	15	0	False	24	5	5	0	4	0	rg02_theta15p195_foil0	18.5	27	15	False	open_populated	15	0	False	0	0	15
rg02_theta15p195_foil0	0.0	5.0	10.0	5	4	0	4	28	28	0	False	45	9	6	0	8	0	rg02_theta15p195_foil0	18.5	27	27	True	open_populated	27	1	False	1	0	27
rg02_theta15p195_foil0	0.0	5.0	10.0	5	6	0	4	122	122	0	False	181	37	28	0	22	0	rg02_theta15p195_foil0	18.5	27	27	True	open_populated	27	95	False	95	0	27
rg02_theta15p195_foil0	0.0	5.0	10.0	5	7	0	4	89	89	0	False	144	29	25	0	26	0	rg02_theta15p195_foil0	18.5	27	27	True	open_populated	27	62	False	62	0	27
rg02_theta15p195_foil0	0.0	5.0	10.0	6	2	0	4	0	0	0	False	8	2	0	8	6	0	rg02_theta15p195_foil0	18.5	27	0	False	observed_no_eligible_core	0	0	False	0	0	0
rg02_theta15p195_foil0	0.0	5.0	10.0	6	3	0	4	9	9	0	False	17	4	2	0	4	0	rg02_theta15p195_foil0	18.5	27	9	False	open_populated	9	0	True	0	0	9
rg02_theta15p195_foil0	0.0	5.0	10.0	6	4	0	4	25	25	0	False	35	7	5	0	3	0	rg02_theta15p195_foil0	18.5	27	25	False	open_populated	25	0	False	0	0	25
rg02_theta15p195_foil0	0.0	5.0	10.0	6	5	0	4	32	32	0	False	51	11	10	0	8	0	rg02_theta15p195_foil0	18.5	27	27	True	open_populated	27	5	False	5	0	27
rg02_theta15p195_foil0	0.0	5.0	10.0	6	6	0	4	93	93	0	False	138	28	24	0	17	0	rg02_theta15p195_foil0	18.5	27	27	True	open_populated	27	66	False	66	0	27
rg02_theta15p195_foil0	0.0	5.0	10.0	6	7	0	4	34	34	0	False	53	11	9	0	8	0	rg02_theta15p195_foil0	18.5	27	27	True	open_populated	27	7	False	7	0	27
rg02_theta15p195_foil0	0.0	5.0	10.0	7	3	0	4	10	10	0	False	17	4	3	0	3	0	rg02_theta15p195_foil0	18.5	27	10	False	open_populated	10	0	False	0	0	10
rg02_theta15p195_foil0	0.0	5.0	10.0	7	4	0	4	15	15	0	False	27	6	6	0	6	0	rg02_theta15p195_foil0	18.5	27	15	False	open_populated	15	0	False	0	0	15
rg02_theta15p195_foil0	0.0	5.0	10.0	7	5	0	4	38	38	0	False	66	14	12	0	14	0	rg02_theta15p195_foil0	18.5	27	27	True	open_populated	27	11	False	11	0	27
rg02_theta15p195_foil0	0.0	5.0	10.0	7	6	0	4	71	71	0	False	113	23	19	0	19	0	rg02_theta15p195_foil0	18.5	27	27	True	open_populated	27	44	False	44	0	27
rg02_theta15p195_foil0	0.0	5.0	10.0	8	3	0	4	0	0	0	False	10	2	0	10	8	0	rg02_theta15p195_foil0	18.5	27	0	False	observed_no_eligible_core	0	0	False	0	0	0
rg02_theta15p195_foil0	0.0	5.0	10.0	8	4	0	4	0	0	0	False	12	3	0	12	9	0	rg02_theta15p195_foil0	18.5	27	0	False	observed_no_eligible_core	0	0	False	0	0	0
rg02_theta15p195_foil0	0.0	5.0	10.0	8	5	0	4	29	29	0	False	45	9	7	0	7	0	rg02_theta15p195_foil0	18.5	27	27	True	open_populated	27	2	False	2	0	27
rg02_theta15p195_foil0	0.0	5.0	10.0	8	6	0	4	0	0	0	False	5	1	0	5	4	0	rg02_theta15p195_foil0	18.5	27	0	False	observed_no_eligible_core	0	0	False	0	0	0
rg03_theta12p490_foilpm8	-8.0	-10.0	-8.0	0	1	0	0	0	0	0	False	3	1	0	3	2	0	rg03_theta12p490_foilpm8	24.5	36	0	False	observed_no_eligible_core	0	0	False	0	0	0
rg03_theta12p490_foilpm8	-8.0	-10.0	-8.0	0	2	0	0	0	0	0	False	52	11	0	52	41	0	rg03_theta12p490_foilpm8	24.5	36	0	False	observed_no_eligible_core	0	0	False	0	0	0
rg03_theta12p490_foilpm8	-8.0	-10.0	-8.0	0	3	0	0	21	21	0	False	78	16	6	0	41	0	rg03_theta12p490_foilpm8	24.5	36	21	False	open_populated	21	0	False	0	0	21
rg03_theta12p490_foilpm8	-8.0	-10.0	-8.0	0	4	0	0	56	56	0	False	98	20	13	0	22	0	rg03_theta12p490_foilpm8	24.5	36	36	True	open_populated	34	22	False	20	2	34
rg03_theta12p490_foilpm8	-8.0	-10.0	-8.0	0	5	0	0	13	13	0	False	41	9	5	0	19	0	rg03_theta12p490_foilpm8	24.5	36	13	False	open_populated	13	0	False	0	0	13
rg03_theta12p490_foilpm8	-8.0	-10.0	-8.0	0	6	0	0	0	0	0	False	3	1	0	3	2	0	rg03_theta12p490_foilpm8	24.5	36	0	False	observed_no_eligible_core	0	0	False	0	0	0
rg03_theta12p490_foilpm8	-8.0	-10.0	-8.0	1	1	0	0	6	6	0	False	19	4	1	0	9	0	rg03_theta12p490_foilpm8	24.5	36	6	False	open_populated	6	0	True	0	0	6
rg03_theta12p490_foilpm8	-8.0	-10.0	-8.0	1	2	0	0	0	0	0	False	48	10	0	48	38	0	rg03_theta12p490_foilpm8	24.5	36	0	False	observed_no_eligible_core	0	0	False	0	0	0
rg03_theta12p490_foilpm8	-8.0	-10.0	-8.0	1	3	0	0	61	61	0	False	101	21	14	0	19	0	rg03_theta12p490_foilpm8	24.5	36	36	True	open_populated	34	27	False	25	2	34
rg03_theta12p490_foilpm8	-8.0	-10.0	-8.0	1	4	0	0	90	90	0	False	144	29	21	0	25	0	rg03_theta12p490_foilpm8	24.5	36	36	True	open_populated	34	56	False	54	2	34
rg03_theta12p490_foilpm8	-8.0	-10.0	-8.0	1	5	0	0	50	50	0	False	89	18	12	0	21	0	rg03_theta12p490_foilpm8	24.5	36	36	True	open_populated	34	16	False	14	2	34
rg03_theta12p490_foilpm8	-8.0	-10.0	-8.0	1	6	0	0	0	0	0	False	2	1	0	2	1	0	rg03_theta12p490_foilpm8	24.5	36	0	False	observed_no_eligible_core	0	0	False	0	0	0
rg03_theta12p490_foilpm8	-8.0	-10.0	-8.0	2	1	0	0	15	15	0	False	38	8	4	0	15	0	rg03_theta12p490_foilpm8	24.5	36	15	False	open_populated	15	0	False	0	0	15
rg03_theta12p490_foilpm8	-8.0	-10.0	-8.0	2	2	0	0	32	32	0	False	77	16	10	0	29	0	rg03_theta12p490_foilpm8	24.5	36	32	False	open_populated	32	0	False	0	0	32
rg03_theta12p490_foilpm8	-8.0	-10.0	-8.0	2	3	0	0	0	0	0	True	18	4	0	18	14	14	rg03_theta12p490_foilpm8	24.5	36	0	False	blocked	0	0	False	0	0	0
rg03_theta12p490_foilpm8	-8.0	-10.0	-8.0	2	4	0	0	82	82	0	False	160	32	19	0	46	0	rg03_theta12p490_foilpm8	24.5	36	36	True	open_populated	34	48	False	46	2	34
rg03_theta12p490_foilpm8	-8.0	-10.0	-8.0	2	5	0	0	69	69	0	False	140	28	14	0	43	0	rg03_theta12p490_foilpm8	24.5	36	36	True	open_populated	35	34	False	33	1	35
rg03_theta12p490_foilpm8	-8.0	-10.0	-8.0	2	6	0	0	7	7	0	False	21	5	2	0	9	0	rg03_theta12p490_foilpm8	24.5	36	7	False	open_populated	7	0	True	0	0	7
rg03_theta12p490_foilpm8	-8.0	-10.0	-8.0	3	1	0	0	17	17	0	False	37	8	2	0	12	0	rg03_theta12p490_foilpm8	24.5	36	17	False	open_populated	17	0	False	0	0	17
rg03_theta12p490_foilpm8	-8.0	-10.0	-8.0	3	2	0	0	55	55	0	False	95	19	12	0	21	0	rg03_theta12p490_foilpm8	24.5	36	36	True	open_populated	34	21	False	19	2	34
rg03_theta12p490_foilpm8	-8.0	-10.0	-8.0	3	3	0	0	73	73	0	False	141	29	21	0	39	0	rg03_theta12p490_foilpm8	24.5	36	36	True	open_populated	34	39	False	37	2	34
rg03_theta12p490_foilpm8	-8.0	-10.0	-8.0	3	4	0	0	96	96	0	False	167	34	20	0	37	0	rg03_theta12p490_foilpm8	24.5	36	36	True	open_populated	34	62	False	60	2	34
rg03_theta12p490_foilpm8	-8.0	-10.0	-8.0	3	5	0	0	116	116	0	False	187	38	25	0	33	0	rg03_theta12p490_foilpm8	24.5	36	36	True	open_populated	34	82	False	80	2	34
rg03_theta12p490_foilpm8	-8.0	-10.0	-8.0	3	6	0	0	26	26	0	False	54	11	4	0	17	0	rg03_theta12p490_foilpm8	24.5	36	26	False	open_populated	26	0	False	0	0	26
rg03_theta12p490_foilpm8	-8.0	-10.0	-8.0	4	1	0	0	23	23	0	False	44	9	6	0	12	0	rg03_theta12p490_foilpm8	24.5	36	23	False	open_populated	23	0	False	0	0	23
rg03_theta12p490_foilpm8	-8.0	-10.0	-8.0	4	2	0	0	81	81	0	False	151	31	18	0	39	0	rg03_theta12p490_foilpm8	24.5	36	36	True	open_populated	35	46	False	45	1	35
rg03_theta12p490_foilpm8	-8.0	-10.0	-8.0	4	3	0	0	101	101	0	False	176	36	27	0	39	0	rg03_theta12p490_foilpm8	24.5	36	36	True	open_populated	35	66	False	65	1	35
rg03_theta12p490_foilpm8	-8.0	-10.0	-8.0	4	4	0	0	27	27	0	False	66	14	6	0	25	0	rg03_theta12p490_foilpm8	24.5	36	27	False	open_populated	27	0	False	0	0	27
rg03_theta12p490_foilpm8	-8.0	-10.0	-8.0	4	5	0	0	108	108	0	False	208	42	27	0	58	0	rg03_theta12p490_foilpm8	24.5	36	36	True	open_populated	34	74	False	72	2	34
rg03_theta12p490_foilpm8	-8.0	-10.0	-8.0	4	6	0	0	80	80	0	False	179	36	21	0	63	0	rg03_theta12p490_foilpm8	24.5	36	36	True	open_populated	34	46	False	44	2	34
rg03_theta12p490_foilpm8	-8.0	-10.0	-8.0	5	1	0	0	14	14	0	False	31	7	2	0	10	0	rg03_theta12p490_foilpm8	24.5	36	14	False	open_populated	14	0	False	0	0	14
rg03_theta12p490_foilpm8	-8.0	-10.0	-8.0	5	2	0	0	56	56	0	False	90	18	9	0	16	0	rg03_theta12p490_foilpm8	24.5	36	36	True	open_populated	35	21	False	20	1	35
rg03_theta12p490_foilpm8	-8.0	-10.0	-8.0	5	3	0	0	97	97	0	False	158	32	13	0	29	0	rg03_theta12p490_foilpm8	24.5	36	36	True	open_populated	35	62	False	61	1	35
rg03_theta12p490_foilpm8	-8.0	-10.0	-8.0	5	4	0	0	95	95	0	False	153	31	22	0	27	0	rg03_theta12p490_foilpm8	24.5	36	36	True	open_populated	34	61	False	59	2	34
rg03_theta12p490_foilpm8	-8.0	-10.0	-8.0	5	5	0	0	0	0	0	True	32	7	0	32	25	25	rg03_theta12p490_foilpm8	24.5	36	0	False	blocked	0	0	False	0	0	0
rg03_theta12p490_foilpm8	-8.0	-10.0	-8.0	5	6	0	0	90	90	0	False	156	32	27	0	34	0	rg03_theta12p490_foilpm8	24.5	36	36	True	open_populated	34	56	False	54	2	34
rg03_theta12p490_foilpm8	-8.0	-10.0	-8.0	6	1	0	0	7	7	0	False	14	3	1	0	4	0	rg03_theta12p490_foilpm8	24.5	36	7	False	open_populated	7	0	True	0	0	7
rg03_theta12p490_foilpm8	-8.0	-10.0	-8.0	6	2	0	0	36	36	0	False	72	15	5	0	21	0	rg03_theta12p490_foilpm8	24.5	36	36	False	open_populated	34	2	False	0	2	34
rg03_theta12p490_foilpm8	-8.0	-10.0	-8.0	6	3	0	0	73	73	0	False	148	30	16	0	45	0	rg03_theta12p490_foilpm8	24.5	36	36	True	open_populated	34	39	False	37	2	34
rg03_theta12p490_foilpm8	-8.0	-10.0	-8.0	6	4	0	0	88	88	0	False	157	32	23	0	37	0	rg03_theta12p490_foilpm8	24.5	36	36	True	open_populated	34	54	False	52	2	34
rg03_theta12p490_foilpm8	-8.0	-10.0	-8.0	6	5	0	0	96	96	0	False	162	33	23	0	33	0	rg03_theta12p490_foilpm8	24.5	36	36	True	open_populated	34	62	False	60	2	34
rg03_theta12p490_foilpm8	-8.0	-10.0	-8.0	6	6	0	0	98	98	0	False	168	34	26	0	36	0	rg03_theta12p490_foilpm8	24.5	36	36	True	open_populated	34	64	False	62	2	34
rg03_theta12p490_foilpm8	-8.0	-10.0	-8.0	7	1	0	0	0	0	0	False	1	1	0	1	0	0	rg03_theta12p490_foilpm8	24.5	36	0	False	observed_no_eligible_core	0	0	False	0	0	0
rg03_theta12p490_foilpm8	-8.0	-10.0	-8.0	7	2	0	0	22	22	0	False	38	8	6	0	8	0	rg03_theta12p490_foilpm8	24.5	36	22	False	open_populated	22	0	False	0	0	22
rg03_theta12p490_foilpm8	-8.0	-10.0	-8.0	7	3	0	0	36	36	0	False	64	13	8	0	15	0	rg03_theta12p490_foilpm8	24.5	36	36	False	open_populated	34	2	False	0	2	34
rg03_theta12p490_foilpm8	-8.0	-10.0	-8.0	7	4	0	0	69	69	0	False	106	22	17	0	15	0	rg03_theta12p490_foilpm8	24.5	36	36	True	open_populated	34	35	False	33	2	34
rg03_theta12p490_foilpm8	-8.0	-10.0	-8.0	7	5	0	0	91	91	0	False	145	29	23	0	25	0	rg03_theta12p490_foilpm8	24.5	36	36	True	open_populated	34	57	False	55	2	34
rg03_theta12p490_foilpm8	-8.0	-10.0	-8.0	7	6	0	0	66	66	0	False	103	21	18	0	16	0	rg03_theta12p490_foilpm8	24.5	36	36	True	open_populated	34	32	False	30	2	34
rg03_theta12p490_foilpm8	-8.0	-10.0	-8.0	8	2	0	0	0	0	0	False	12	3	0	12	9	0	rg03_theta12p490_foilpm8	24.5	36	0	False	observed_no_eligible_core	0	0	False	0	0	0
rg03_theta12p490_foilpm8	-8.0	-10.0	-8.0	8	3	0	0	12	12	0	False	17	4	2	0	1	0	rg03_theta12p490_foilpm8	24.5	36	12	False	open_populated	12	0	False	0	0	12
rg03_theta12p490_foilpm8	-8.0	-10.0	-8.0	8	4	0	0	37	37	0	False	57	12	10	0	8	0	rg03_theta12p490_foilpm8	24.5	36	36	True	open_populated	34	3	False	1	2	34
rg03_theta12p490_foilpm8	-8.0	-10.0	-8.0	8	5	0	0	43	43	0	False	70	14	13	0	13	0	rg03_theta12p490_foilpm8	24.5	36	36	True	open_populated	34	9	False	7	2	34
rg03_theta12p490_foilpm8	-8.0	-10.0	-8.0	8	6	0	0	0	0	0	False	6	2	0	6	4	0	rg03_theta12p490_foilpm8	24.5	36	0	False	observed_no_eligible_core	0	0	False	0	0	0
rg03_theta12p490_foilpm8	-8.0	-8.0	-5.0	0	1	0	1	0	0	0	False	2	1	0	2	1	0	rg03_theta12p490_foilpm8	49.75	74	0	False	observed_no_eligible_core	0	0	False	0	0	0
rg03_theta12p490_foilpm8	-8.0	-8.0	-5.0	0	2	0	1	35	35	0	False	70	14	9	0	21	0	rg03_theta12p490_foilpm8	49.75	74	35	False	open_populated	20	15	False	0	15	20
rg03_theta12p490_foilpm8	-8.0	-8.0	-5.0	0	3	0	1	64	64	0	False	106	22	13	0	20	0	rg03_theta12p490_foilpm8	49.75	74	64	False	open_populated	20	44	False	0	44	20
rg03_theta12p490_foilpm8	-8.0	-8.0	-5.0	0	4	0	1	69	69	0	False	133	27	21	0	37	0	rg03_theta12p490_foilpm8	49.75	74	69	False	open_populated	20	49	False	0	49	20
rg03_theta12p490_foilpm8	-8.0	-8.0	-5.0	0	5	0	1	50	50	0	False	98	20	13	0	28	0	rg03_theta12p490_foilpm8	49.75	74	50	False	open_populated	19	31	False	0	31	19
rg03_theta12p490_foilpm8	-8.0	-8.0	-5.0	0	6	0	1	0	0	0	False	4	1	0	4	3	0	rg03_theta12p490_foilpm8	49.75	74	0	False	observed_no_eligible_core	0	0	False	0	0	0
rg03_theta12p490_foilpm8	-8.0	-8.0	-5.0	1	1	0	1	34	34	0	False	64	13	7	0	17	0	rg03_theta12p490_foilpm8	49.75	74	34	False	open_populated	19	15	False	0	15	19
rg03_theta12p490_foilpm8	-8.0	-8.0	-5.0	1	2	0	1	49	49	0	False	99	20	10	0	30	0	rg03_theta12p490_foilpm8	49.75	74	49	False	open_populated	20	29	False	0	29	20
rg03_theta12p490_foilpm8	-8.0	-8.0	-5.0	1	3	0	1	109	109	0	False	193	39	28	0	45	0	rg03_theta12p490_foilpm8	49.75	74	74	True	open_populated	20	89	False	35	54	20
rg03_theta12p490_foilpm8	-8.0	-8.0	-5.0	1	4	0	1	124	124	0	False	235	47	30	0	64	0	rg03_theta12p490_foilpm8	49.75	74	74	True	open_populated	20	104	False	50	54	20
rg03_theta12p490_foilpm8	-8.0	-8.0	-5.0	1	5	0	1	97	97	0	False	185	37	30	0	51	0	rg03_theta12p490_foilpm8	49.75	74	74	True	open_populated	20	77	False	23	54	20
rg03_theta12p490_foilpm8	-8.0	-8.0	-5.0	1	6	0	1	12	12	0	False	27	6	3	0	9	0	rg03_theta12p490_foilpm8	49.75	74	12	False	open_populated	12	0	False	0	0	12
rg03_theta12p490_foilpm8	-8.0	-8.0	-5.0	2	1	0	1	47	47	0	False	83	17	6	0	19	0	rg03_theta12p490_foilpm8	49.75	74	47	False	open_populated	19	28	False	0	28	19
rg03_theta12p490_foilpm8	-8.0	-8.0	-5.0	2	2	0	1	84	84	0	False	146	30	21	0	32	0	rg03_theta12p490_foilpm8	49.75	74	74	True	open_populated	19	65	False	10	55	19
rg03_theta12p490_foilpm8	-8.0	-8.0	-5.0	2	3	0	1	0	0	0	True	22	5	0	22	17	17	rg03_theta12p490_foilpm8	49.75	74	0	False	blocked	0	0	False	0	0	0
rg03_theta12p490_foilpm8	-8.0	-8.0	-5.0	2	4	0	1	134	134	0	False	235	47	29	0	54	0	rg03_theta12p490_foilpm8	49.75	74	74	True	open_populated	20	114	False	60	54	20
rg03_theta12p490_foilpm8	-8.0	-8.0	-5.0	2	5	0	1	151	151	0	False	267	54	39	0	62	0	rg03_theta12p490_foilpm8	49.75	74	74	True	open_populated	20	131	False	77	54	20
rg03_theta12p490_foilpm8	-8.0	-8.0	-5.0	2	6	0	1	45	45	0	False	92	19	10	0	28	0	rg03_theta12p490_foilpm8	49.75	74	45	False	open_populated	20	25	False	0	25	20
rg03_theta12p490_foilpm8	-8.0	-8.0	-5.0	3	1	0	1	48	48	0	False	98	20	14	0	30	0	rg03_theta12p490_foilpm8	49.75	74	48	False	open_populated	20	28	False	0	28	20
rg03_theta12p490_foilpm8	-8.0	-8.0	-5.0	3	2	0	1	103	103	0	False	171	35	27	0	33	0	rg03_theta12p490_foilpm8	49.75	74	74	True	open_populated	20	83	False	29	54	20
rg03_theta12p490_foilpm8	-8.0	-8.0	-5.0	3	3	0	1	121	121	0	False	223	45	31	0	57	0	rg03_theta12p490_foilpm8	49.75	74	74	True	open_populated	20	101	False	47	54	20
rg03_theta12p490_foilpm8	-8.0	-8.0	-5.0	3	4	0	1	176	176	0	False	293	59	50	0	58	0	rg03_theta12p490_foilpm8	49.75	74	74	True	open_populated	19	157	False	102	55	19
rg03_theta12p490_foilpm8	-8.0	-8.0	-5.0	3	5	0	1	194	194	0	False	323	65	44	0	64	0	rg03_theta12p490_foilpm8	49.75	74	74	True	open_populated	20	174	False	120	54	20
rg03_theta12p490_foilpm8	-8.0	-8.0	-5.0	3	6	0	1	135	135	0	False	232	47	28	0	50	0	rg03_theta12p490_foilpm8	49.75	74	74	True	open_populated	20	115	False	61	54	20
rg03_theta12p490_foilpm8	-8.0	-8.0	-5.0	4	1	0	1	49	49	0	False	87	18	9	0	20	0	rg03_theta12p490_foilpm8	49.75	74	49	False	open_populated	20	29	False	0	29	20
rg03_theta12p490_foilpm8	-8.0	-8.0	-5.0	4	2	0	1	115	115	0	False	191	39	28	0	37	0	rg03_theta12p490_foilpm8	49.75	74	74	True	open_populated	19	96	False	41	55	19
rg03_theta12p490_foilpm8	-8.0	-8.0	-5.0	4	3	0	1	146	146	0	False	230	46	37	0	38	0	rg03_theta12p490_foilpm8	49.75	74	74	True	open_populated	20	126	False	72	54	20
rg03_theta12p490_foilpm8	-8.0	-8.0	-5.0	4	4	0	1	46	46	0	False	73	15	12	0	12	0	rg03_theta12p490_foilpm8	49.75	74	46	False	open_populated	20	26	False	0	26	20
rg03_theta12p490_foilpm8	-8.0	-8.0	-5.0	4	5	0	1	229	229	0	False	351	71	59	0	51	0	rg03_theta12p490_foilpm8	49.75	74	74	True	open_populated	19	210	False	155	55	19
rg03_theta12p490_foilpm8	-8.0	-8.0	-5.0	4	6	0	1	195	195	0	False	325	65	53	0	65	0	rg03_theta12p490_foilpm8	49.75	74	74	True	open_populated	20	175	False	121	54	20
rg03_theta12p490_foilpm8	-8.0	-8.0	-5.0	5	1	0	1	45	45	0	False	89	18	11	0	26	0	rg03_theta12p490_foilpm8	49.75	74	45	False	open_populated	20	25	False	0	25	20
rg03_theta12p490_foilpm8	-8.0	-8.0	-5.0	5	2	0	1	102	102	0	False	172	35	26	0	35	0	rg03_theta12p490_foilpm8	49.75	74	74	True	open_populated	20	82	False	28	54	20
rg03_theta12p490_foilpm8	-8.0	-8.0	-5.0	5	3	0	1	141	141	0	False	224	45	32	0	38	0	rg03_theta12p490_foilpm8	49.75	74	74	True	open_populated	20	121	False	67	54	20
rg03_theta12p490_foilpm8	-8.0	-8.0	-5.0	5	4	0	1	160	160	0	False	257	52	39	0	45	0	rg03_theta12p490_foilpm8	49.75	74	74	True	open_populated	20	140	False	86	54	20
rg03_theta12p490_foilpm8	-8.0	-8.0	-5.0	5	5	0	1	0	0	0	True	18	4	0	18	14	14	rg03_theta12p490_foilpm8	49.75	74	0	False	blocked	0	0	False	0	0	0
rg03_theta12p490_foilpm8	-8.0	-8.0	-5.0	5	6	0	1	202	202	0	False	363	73	52	0	88	0	rg03_theta12p490_foilpm8	49.75	74	74	True	open_populated	20	182	False	128	54	20
rg03_theta12p490_foilpm8	-8.0	-8.0	-5.0	6	1	0	1	31	31	0	False	66	14	3	0	21	0	rg03_theta12p490_foilpm8	49.75	74	31	False	open_populated	20	11	False	0	11	20
rg03_theta12p490_foilpm8	-8.0	-8.0	-5.0	6	2	0	1	78	78	0	False	129	26	17	0	25	0	rg03_theta12p490_foilpm8	49.75	74	74	True	open_populated	20	58	False	4	54	20
rg03_theta12p490_foilpm8	-8.0	-8.0	-5.0	6	3	0	1	119	119	0	False	197	40	32	0	38	0	rg03_theta12p490_foilpm8	49.75	74	74	True	open_populated	20	99	False	45	54	20
rg03_theta12p490_foilpm8	-8.0	-8.0	-5.0	6	4	0	1	144	144	0	False	230	46	27	0	40	0	rg03_theta12p490_foilpm8	49.75	74	74	True	open_populated	20	124	False	70	54	20
rg03_theta12p490_foilpm8	-8.0	-8.0	-5.0	6	5	0	1	182	182	0	False	282	57	49	0	43	0	rg03_theta12p490_foilpm8	49.75	74	74	True	open_populated	20	162	False	108	54	20
rg03_theta12p490_foilpm8	-8.0	-8.0	-5.0	6	6	0	1	203	203	0	False	326	66	49	0	57	0	rg03_theta12p490_foilpm8	49.75	74	74	True	open_populated	20	183	False	129	54	20
rg03_theta12p490_foilpm8	-8.0	-8.0	-5.0	7	1	0	1	13	13	0	False	24	5	3	0	6	0	rg03_theta12p490_foilpm8	49.75	74	13	False	open_populated	13	0	False	0	0	13
rg03_theta12p490_foilpm8	-8.0	-8.0	-5.0	7	2	0	1	64	64	0	False	97	20	12	0	13	0	rg03_theta12p490_foilpm8	49.75	74	64	False	open_populated	20	44	False	0	44	20
rg03_theta12p490_foilpm8	-8.0	-8.0	-5.0	7	3	0	1	102	102	0	False	161	33	28	0	26	0	rg03_theta12p490_foilpm8	49.75	74	74	True	open_populated	20	82	False	28	54	20
rg03_theta12p490_foilpm8	-8.0	-8.0	-5.0	7	4	0	1	126	126	0	False	206	42	32	0	38	0	rg03_theta12p490_foilpm8	49.75	74	74	True	open_populated	20	106	False	52	54	20
rg03_theta12p490_foilpm8	-8.0	-8.0	-5.0	7	5	0	1	148	148	0	False	234	47	34	0	39	0	rg03_theta12p490_foilpm8	49.75	74	74	True	open_populated	20	128	False	74	54	20
rg03_theta12p490_foilpm8	-8.0	-8.0	-5.0	7	6	0	1	159	159	0	False	251	51	44	0	41	0	rg03_theta12p490_foilpm8	49.75	74	74	True	open_populated	20	139	False	85	54	20
rg03_theta12p490_foilpm8	-8.0	-8.0	-5.0	8	1	0	1	0	0	0	False	1	1	0	1	0	0	rg03_theta12p490_foilpm8	49.75	74	0	False	observed_no_eligible_core	0	0	False	0	0	0
rg03_theta12p490_foilpm8	-8.0	-8.0	-5.0	8	2	0	1	63	63	0	False	93	19	13	0	11	0	rg03_theta12p490_foilpm8	49.75	74	63	False	open_populated	20	43	False	0	43	20
rg03_theta12p490_foilpm8	-8.0	-8.0	-5.0	8	3	0	1	61	61	0	False	104	21	14	0	22	0	rg03_theta12p490_foilpm8	49.75	74	61	False	open_populated	20	41	False	0	41	20
rg03_theta12p490_foilpm8	-8.0	-8.0	-5.0	8	4	0	1	76	76	0	False	135	27	19	0	32	0	rg03_theta12p490_foilpm8	49.75	74	74	True	open_populated	19	57	False	2	55	19
rg03_theta12p490_foilpm8	-8.0	-8.0	-5.0	8	5	0	1	98	98	0	False	161	33	27	0	30	0	rg03_theta12p490_foilpm8	49.75	74	74	True	open_populated	20	78	False	24	54	20
rg03_theta12p490_foilpm8	-8.0	-8.0	-5.0	8	6	0	1	0	0	0	False	8	2	0	8	6	0	rg03_theta12p490_foilpm8	49.75	74	0	False	observed_no_eligible_core	0	0	False	0	0	0
rg03_theta12p490_foilpm8	-8.0	-5.0	0.0	0	1	0	2	0	0	0	False	3	1	0	3	2	0	rg03_theta12p490_foilpm8	92.25	138	0	False	observed_no_eligible_core	0	0	False	0	0	0
rg03_theta12p490_foilpm8	-8.0	-5.0	0.0	0	2	0	2	67	67	0	False	112	23	16	0	22	0	rg03_theta12p490_foilpm8	92.25	138	67	False	open_populated	20	47	False	0	47	20
rg03_theta12p490_foilpm8	-8.0	-5.0	0.0	0	3	0	2	106	106	0	False	184	37	21	0	41	0	rg03_theta12p490_foilpm8	92.25	138	106	False	open_populated	19	87	False	0	87	19
rg03_theta12p490_foilpm8	-8.0	-5.0	0.0	0	4	0	2	148	148	0	False	235	47	35	0	40	0	rg03_theta12p490_foilpm8	92.25	138	138	True	open_populated	19	129	False	10	119	19
rg03_theta12p490_foilpm8	-8.0	-5.0	0.0	0	5	0	2	138	138	0	False	222	45	39	0	39	0	rg03_theta12p490_foilpm8	92.25	138	138	False	open_populated	19	119	False	0	119	19
rg03_theta12p490_foilpm8	-8.0	-5.0	0.0	0	6	0	2	0	0	0	False	4	1	0	4	3	0	rg03_theta12p490_foilpm8	92.25	138	0	False	observed_no_eligible_core	0	0	False	0	0	0
rg03_theta12p490_foilpm8	-8.0	-5.0	0.0	1	1	0	2	36	36	0	False	58	12	10	0	10	0	rg03_theta12p490_foilpm8	92.25	138	36	False	open_populated	19	17	False	0	17	19
rg03_theta12p490_foilpm8	-8.0	-5.0	0.0	1	2	0	2	83	83	0	False	141	29	26	0	29	0	rg03_theta12p490_foilpm8	92.25	138	83	False	open_populated	19	64	False	0	64	19
rg03_theta12p490_foilpm8	-8.0	-5.0	0.0	1	3	0	2	130	130	0	False	240	48	38	0	62	0	rg03_theta12p490_foilpm8	92.25	138	130	False	open_populated	20	110	False	0	110	20
rg03_theta12p490_foilpm8	-8.0	-5.0	0.0	1	4	0	2	206	206	0	False	345	69	48	0	70	0	rg03_theta12p490_foilpm8	92.25	138	138	True	open_populated	19	187	False	68	119	19
rg03_theta12p490_foilpm8	-8.0	-5.0	0.0	1	5	0	2	201	201	0	False	332	67	53	0	64	0	rg03_theta12p490_foilpm8	92.25	138	138	True	open_populated	19	182	False	63	119	19
rg03_theta12p490_foilpm8	-8.0	-5.0	0.0	1	6	0	2	63	63	0	False	110	22	19	0	25	0	rg03_theta12p490_foilpm8	92.25	138	63	False	open_populated	20	43	False	0	43	20
rg03_theta12p490_foilpm8	-8.0	-5.0	0.0	2	1	0	2	45	45	0	False	74	15	12	0	14	0	rg03_theta12p490_foilpm8	92.25	138	45	False	open_populated	19	26	False	0	26	19
rg03_theta12p490_foilpm8	-8.0	-5.0	0.0	2	2	0	2	120	120	0	False	211	43	30	0	48	0	rg03_theta12p490_foilpm8	92.25	138	120	False	open_populated	20	100	False	0	100	20
rg03_theta12p490_foilpm8	-8.0	-5.0	0.0	2	3	0	2	0	0	0	True	9	2	0	9	7	7	rg03_theta12p490_foilpm8	92.25	138	0	False	blocked	0	0	False	0	0	0
rg03_theta12p490_foilpm8	-8.0	-5.0	0.0	2	4	0	2	223	223	0	False	361	73	64	0	65	0	rg03_theta12p490_foilpm8	92.25	138	138	True	open_populated	20	203	False	85	118	20
rg03_theta12p490_foilpm8	-8.0	-5.0	0.0	2	5	0	2	259	259	0	False	433	87	66	0	87	0	rg03_theta12p490_foilpm8	92.25	138	138	True	open_populated	19	240	False	121	119	19
rg03_theta12p490_foilpm8	-8.0	-5.0	0.0	2	6	0	2	185	185	0	False	296	60	47	0	51	0	rg03_theta12p490_foilpm8	92.25	138	138	True	open_populated	19	166	False	47	119	19
rg03_theta12p490_foilpm8	-8.0	-5.0	0.0	3	1	0	2	90	90	0	False	139	28	24	0	21	0	rg03_theta12p490_foilpm8	92.25	138	90	False	open_populated	19	71	False	0	71	19
rg03_theta12p490_foilpm8	-8.0	-5.0	0.0	3	2	0	2	147	147	0	False	237	48	34	0	42	0	rg03_theta12p490_foilpm8	92.25	138	138	True	open_populated	20	127	False	9	118	20
rg03_theta12p490_foilpm8	-8.0	-5.0	0.0	3	3	0	2	208	208	0	False	318	64	52	0	46	0	rg03_theta12p490_foilpm8	92.25	138	138	True	open_populated	19	189	False	70	119	19
rg03_theta12p490_foilpm8	-8.0	-5.0	0.0	3	4	0	2	250	250	0	False	407	82	63	0	75	0	rg03_theta12p490_foilpm8	92.25	138	138	True	open_populated	20	230	False	112	118	20
rg03_theta12p490_foilpm8	-8.0	-5.0	0.0	3	5	0	2	324	324	0	False	531	107	85	0	100	0	rg03_theta12p490_foilpm8	92.25	138	138	True	open_populated	19	305	False	186	119	19
rg03_theta12p490_foilpm8	-8.0	-5.0	0.0	3	6	0	2	318	318	0	False	482	97	72	0	67	0	rg03_theta12p490_foilpm8	92.25	138	138	True	open_populated	19	299	False	180	119	19
rg03_theta12p490_foilpm8	-8.0	-5.0	0.0	4	1	0	2	93	93	0	False	142	29	18	0	20	0	rg03_theta12p490_foilpm8	92.25	138	93	False	open_populated	19	74	False	0	74	19
rg03_theta12p490_foilpm8	-8.0	-5.0	0.0	4	2	0	2	166	166	0	False	256	52	41	0	38	0	rg03_theta12p490_foilpm8	92.25	138	138	True	open_populated	20	146	False	28	118	20
rg03_theta12p490_foilpm8	-8.0	-5.0	0.0	4	3	0	2	238	238	0	False	369	74	62	0	57	0	rg03_theta12p490_foilpm8	92.25	138	138	True	open_populated	19	219	False	100	119	19
rg03_theta12p490_foilpm8	-8.0	-5.0	0.0	4	4	0	2	83	83	0	False	125	25	22	0	17	0	rg03_theta12p490_foilpm8	92.25	138	83	False	open_populated	19	64	False	0	64	19
rg03_theta12p490_foilpm8	-8.0	-5.0	0.0	4	5	0	2	324	324	0	False	522	105	78	0	93	0	rg03_theta12p490_foilpm8	92.25	138	138	True	open_populated	20	304	False	186	118	20
rg03_theta12p490_foilpm8	-8.0	-5.0	0.0	4	6	0	2	400	400	0	False	621	125	100	0	96	0	rg03_theta12p490_foilpm8	92.25	138	138	True	open_populated	19	381	False	262	119	19
rg03_theta12p490_foilpm8	-8.0	-5.0	0.0	5	1	0	2	80	80	0	False	120	24	16	0	16	0	rg03_theta12p490_foilpm8	92.25	138	80	False	open_populated	20	60	False	0	60	20
rg03_theta12p490_foilpm8	-8.0	-5.0	0.0	5	2	0	2	167	167	0	False	244	49	35	0	28	0	rg03_theta12p490_foilpm8	92.25	138	138	True	open_populated	19	148	False	29	119	19
rg03_theta12p490_foilpm8	-8.0	-5.0	0.0	5	3	0	2	210	210	0	False	346	70	55	0	66	0	rg03_theta12p490_foilpm8	92.25	138	138	True	open_populated	20	190	False	72	118	20
rg03_theta12p490_foilpm8	-8.0	-5.0	0.0	5	4	0	2	299	299	0	False	450	90	79	0	61	0	rg03_theta12p490_foilpm8	92.25	138	138	True	open_populated	19	280	False	161	119	19
rg03_theta12p490_foilpm8	-8.0	-5.0	0.0	5	5	0	2	0	0	0	True	19	4	0	19	15	15	rg03_theta12p490_foilpm8	92.25	138	0	False	blocked	0	0	False	0	0	0
rg03_theta12p490_foilpm8	-8.0	-5.0	0.0	5	6	0	2	405	405	0	False	628	126	104	0	97	0	rg03_theta12p490_foilpm8	92.25	138	138	True	open_populated	19	386	False	267	119	19
rg03_theta12p490_foilpm8	-8.0	-5.0	0.0	6	1	0	2	51	51	0	False	78	16	14	0	11	0	rg03_theta12p490_foilpm8	92.25	138	51	False	open_populated	20	31	False	0	31	20
rg03_theta12p490_foilpm8	-8.0	-5.0	0.0	6	2	0	2	116	116	0	False	185	37	31	0	32	0	rg03_theta12p490_foilpm8	92.25	138	116	False	open_populated	19	97	False	0	97	19
rg03_theta12p490_foilpm8	-8.0	-5.0	0.0	6	3	0	2	190	190	0	False	302	61	49	0	51	0	rg03_theta12p490_foilpm8	92.25	138	138	True	open_populated	19	171	False	52	119	19
rg03_theta12p490_foilpm8	-8.0	-5.0	0.0	6	4	0	2	238	238	0	False	372	75	61	0	59	0	rg03_theta12p490_foilpm8	92.25	138	138	True	open_populated	20	218	False	100	118	20
rg03_theta12p490_foilpm8	-8.0	-5.0	0.0	6	5	0	2	328	328	0	False	495	99	83	0	68	0	rg03_theta12p490_foilpm8	92.25	138	138	True	open_populated	19	309	False	190	119	19
rg03_theta12p490_foilpm8	-8.0	-5.0	0.0	6	6	0	2	362	362	0	False	535	107	89	0	66	0	rg03_theta12p490_foilpm8	92.25	138	138	True	open_populated	20	342	False	224	118	20
rg03_theta12p490_foilpm8	-8.0	-5.0	0.0	7	1	0	2	29	29	0	False	41	9	6	0	3	0	rg03_theta12p490_foilpm8	92.25	138	29	False	open_populated	20	9	False	0	9	20
rg03_theta12p490_foilpm8	-8.0	-5.0	0.0	7	2	0	2	84	84	0	False	148	30	25	0	34	0	rg03_theta12p490_foilpm8	92.25	138	84	False	open_populated	19	65	False	0	65	19
rg03_theta12p490_foilpm8	-8.0	-5.0	0.0	7	3	0	2	160	160	0	False	240	48	34	0	32	0	rg03_theta12p490_foilpm8	92.25	138	138	True	open_populated	20	140	False	22	118	20
rg03_theta12p490_foilpm8	-8.0	-5.0	0.0	7	4	0	2	201	201	0	False	304	61	44	0	42	0	rg03_theta12p490_foilpm8	92.25	138	138	True	open_populated	20	181	False	63	118	20
rg03_theta12p490_foilpm8	-8.0	-5.0	0.0	7	5	0	2	236	236	0	False	374	75	63	0	63	0	rg03_theta12p490_foilpm8	92.25	138	138	True	open_populated	19	217	False	98	119	19
rg03_theta12p490_foilpm8	-8.0	-5.0	0.0	7	6	0	2	297	297	0	False	451	91	77	0	63	0	rg03_theta12p490_foilpm8	92.25	138	138	True	open_populated	19	278	False	159	119	19
rg03_theta12p490_foilpm8	-8.0	-5.0	0.0	8	1	0	2	0	0	0	False	2	1	0	2	1	0	rg03_theta12p490_foilpm8	92.25	138	0	False	observed_no_eligible_core	0	0	False	0	0	0
rg03_theta12p490_foilpm8	-8.0	-5.0	0.0	8	2	0	2	74	74	0	False	113	23	19	0	16	0	rg03_theta12p490_foilpm8	92.25	138	74	False	open_populated	20	54	False	0	54	20
rg03_theta12p490_foilpm8	-8.0	-5.0	0.0	8	3	0	2	108	108	0	False	169	34	30	0	27	0	rg03_theta12p490_foilpm8	92.25	138	108	False	open_populated	20	88	False	0	88	20
rg03_theta12p490_foilpm8	-8.0	-5.0	0.0	8	4	0	2	170	170	0	False	264	53	44	0	41	0	rg03_theta12p490_foilpm8	92.25	138	138	True	open_populated	19	151	False	32	119	19
rg03_theta12p490_foilpm8	-8.0	-5.0	0.0	8	5	0	2	186	186	0	False	294	59	47	0	49	0	rg03_theta12p490_foilpm8	92.25	138	138	True	open_populated	20	166	False	48	118	20
rg03_theta12p490_foilpm8	-8.0	-5.0	0.0	8	6	0	2	0	0	0	False	5	1	0	5	4	0	rg03_theta12p490_foilpm8	92.25	138	0	False	observed_no_eligible_core	0	0	False	0	0	0
rg03_theta12p490_foilpm8	-8.0	0.0	5.0	0	1	0	3	0	0	0	False	2	1	0	2	1	0	rg03_theta12p490_foilpm8	81.0	121	0	False	observed_no_eligible_core	0	0	False	0	0	0
rg03_theta12p490_foilpm8	-8.0	0.0	5.0	0	2	0	3	47	47	0	False	79	16	11	0	16	0	rg03_theta12p490_foilpm8	81.0	121	47	False	open_populated	21	26	False	0	26	21
rg03_theta12p490_foilpm8	-8.0	0.0	5.0	0	3	0	3	79	79	0	False	133	27	25	0	27	0	rg03_theta12p490_foilpm8	81.0	121	79	False	open_populated	20	59	False	0	59	20
rg03_theta12p490_foilpm8	-8.0	0.0	5.0	0	4	0	3	101	101	0	False	171	35	27	0	35	0	rg03_theta12p490_foilpm8	81.0	121	101	False	open_populated	20	81	False	0	81	20
rg03_theta12p490_foilpm8	-8.0	0.0	5.0	0	5	0	3	146	146	0	False	247	50	37	0	51	0	rg03_theta12p490_foilpm8	81.0	121	121	True	open_populated	21	125	False	25	100	21
rg03_theta12p490_foilpm8	-8.0	0.0	5.0	1	1	0	3	0	0	0	False	6	2	0	6	4	0	rg03_theta12p490_foilpm8	81.0	121	0	False	observed_no_eligible_core	0	0	False	0	0	0
rg03_theta12p490_foilpm8	-8.0	0.0	5.0	1	2	0	3	74	74	0	False	113	23	18	0	16	0	rg03_theta12p490_foilpm8	81.0	121	74	False	open_populated	20	54	False	0	54	20
rg03_theta12p490_foilpm8	-8.0	0.0	5.0	1	3	0	3	123	123	0	False	204	41	30	0	40	0	rg03_theta12p490_foilpm8	81.0	121	121	True	open_populated	20	103	False	2	101	20
rg03_theta12p490_foilpm8	-8.0	0.0	5.0	1	4	0	3	153	153	0	False	256	52	33	0	51	0	rg03_theta12p490_foilpm8	81.0	121	121	True	open_populated	20	133	False	32	101	20
rg03_theta12p490_foilpm8	-8.0	0.0	5.0	1	5	0	3	206	206	0	False	353	71	55	0	76	0	rg03_theta12p490_foilpm8	81.0	121	121	True	open_populated	21	185	False	85	100	21
rg03_theta12p490_foilpm8	-8.0	0.0	5.0	1	6	0	3	209	209	0	False	345	69	49	0	67	0	rg03_theta12p490_foilpm8	81.0	121	121	True	open_populated	20	189	False	88	101	20
rg03_theta12p490_foilpm8	-8.0	0.0	5.0	2	1	0	3	30	30	0	False	47	10	9	0	7	0	rg03_theta12p490_foilpm8	81.0	121	30	False	open_populated	20	10	False	0	10	20
rg03_theta12p490_foilpm8	-8.0	0.0	5.0	2	2	0	3	83	83	0	False	138	28	20	0	27	0	rg03_theta12p490_foilpm8	81.0	121	83	False	open_populated	20	63	False	0	63	20
rg03_theta12p490_foilpm8	-8.0	0.0	5.0	2	3	0	3	0	0	0	True	7	2	0	7	5	5	rg03_theta12p490_foilpm8	81.0	121	0	False	blocked	0	0	False	0	0	0
rg03_theta12p490_foilpm8	-8.0	0.0	5.0	2	4	0	3	191	191	0	False	312	63	45	0	58	0	rg03_theta12p490_foilpm8	81.0	121	121	True	open_populated	21	170	False	70	100	21
rg03_theta12p490_foilpm8	-8.0	0.0	5.0	2	5	0	3	261	261	0	False	435	87	69	0	87	0	rg03_theta12p490_foilpm8	81.0	121	121	True	open_populated	20	241	False	140	101	20
rg03_theta12p490_foilpm8	-8.0	0.0	5.0	2	6	0	3	284	284	0	False	502	101	75	0	117	0	rg03_theta12p490_foilpm8	81.0	121	121	True	open_populated	20	264	False	163	101	20
rg03_theta12p490_foilpm8	-8.0	0.0	5.0	3	1	0	3	50	50	0	False	84	17	15	0	17	0	rg03_theta12p490_foilpm8	81.0	121	50	False	open_populated	20	30	False	0	30	20
rg03_theta12p490_foilpm8	-8.0	0.0	5.0	3	2	0	3	121	121	0	False	195	39	25	0	35	0	rg03_theta12p490_foilpm8	81.0	121	121	False	open_populated	20	101	False	0	101	20
rg03_theta12p490_foilpm8	-8.0	0.0	5.0	3	3	0	3	177	177	0	False	294	59	44	0	58	0	rg03_theta12p490_foilpm8	81.0	121	121	True	open_populated	21	156	False	56	100	21
rg03_theta12p490_foilpm8	-8.0	0.0	5.0	3	4	0	3	221	221	0	False	364	73	51	0	70	0	rg03_theta12p490_foilpm8	81.0	121	121	True	open_populated	20	201	False	100	101	20
rg03_theta12p490_foilpm8	-8.0	0.0	5.0	3	5	0	3	285	285	0	False	480	96	71	0	99	0	rg03_theta12p490_foilpm8	81.0	121	121	True	open_populated	20	265	False	164	101	20
rg03_theta12p490_foilpm8	-8.0	0.0	5.0	3	6	0	3	388	388	0	False	641	129	95	0	124	0	rg03_theta12p490_foilpm8	81.0	121	121	True	open_populated	20	368	False	267	101	20
rg03_theta12p490_foilpm8	-8.0	0.0	5.0	4	1	0	3	69	69	0	False	112	23	18	0	20	0	rg03_theta12p490_foilpm8	81.0	121	69	False	open_populated	20	49	False	0	49	20
rg03_theta12p490_foilpm8	-8.0	0.0	5.0	4	2	0	3	117	117	0	False	195	39	31	0	39	0	rg03_theta12p490_foilpm8	81.0	121	117	False	open_populated	21	96	False	0	96	21
rg03_theta12p490_foilpm8	-8.0	0.0	5.0	4	3	0	3	185	185	0	False	315	63	45	0	67	0	rg03_theta12p490_foilpm8	81.0	121	121	True	open_populated	20	165	False	64	101	20
rg03_theta12p490_foilpm8	-8.0	0.0	5.0	4	4	0	3	72	72	0	False	119	24	19	0	23	0	rg03_theta12p490_foilpm8	81.0	121	72	False	open_populated	20	52	False	0	52	20
rg03_theta12p490_foilpm8	-8.0	0.0	5.0	4	5	0	3	306	306	0	False	511	103	78	0	102	0	rg03_theta12p490_foilpm8	81.0	121	121	True	open_populated	20	286	False	185	101	20
rg03_theta12p490_foilpm8	-8.0	0.0	5.0	4	6	0	3	420	420	0	False	681	137	107	0	124	0	rg03_theta12p490_foilpm8	81.0	121	121	True	open_populated	21	399	False	299	100	21
rg03_theta12p490_foilpm8	-8.0	0.0	5.0	5	1	0	3	65	65	0	False	110	22	20	0	23	0	rg03_theta12p490_foilpm8	81.0	121	65	False	open_populated	21	44	False	0	44	21
rg03_theta12p490_foilpm8	-8.0	0.0	5.0	5	2	0	3	119	119	0	False	186	38	31	0	29	0	rg03_theta12p490_foilpm8	81.0	121	119	False	open_populated	20	99	False	0	99	20
rg03_theta12p490_foilpm8	-8.0	0.0	5.0	5	3	0	3	157	157	0	False	249	50	40	0	42	0	rg03_theta12p490_foilpm8	81.0	121	121	True	open_populated	20	137	False	36	101	20
rg03_theta12p490_foilpm8	-8.0	0.0	5.0	5	4	0	3	193	193	0	False	330	66	50	0	71	0	rg03_theta12p490_foilpm8	81.0	121	121	True	open_populated	21	172	False	72	100	21
rg03_theta12p490_foilpm8	-8.0	0.0	5.0	5	5	0	3	0	0	0	True	20	4	0	20	16	16	rg03_theta12p490_foilpm8	81.0	121	0	False	blocked	0	0	False	0	0	0
rg03_theta12p490_foilpm8	-8.0	0.0	5.0	5	6	0	3	394	394	0	False	647	130	101	0	123	0	rg03_theta12p490_foilpm8	81.0	121	121	True	open_populated	21	373	False	273	100	21
rg03_theta12p490_foilpm8	-8.0	0.0	5.0	6	1	0	3	52	52	0	False	83	17	9	0	14	0	rg03_theta12p490_foilpm8	81.0	121	52	False	open_populated	20	32	False	0	32	20
rg03_theta12p490_foilpm8	-8.0	0.0	5.0	6	2	0	3	86	86	0	False	149	30	23	0	33	0	rg03_theta12p490_foilpm8	81.0	121	86	False	open_populated	20	66	False	0	66	20
rg03_theta12p490_foilpm8	-8.0	0.0	5.0	6	3	0	3	115	115	0	False	199	40	27	0	44	0	rg03_theta12p490_foilpm8	81.0	121	115	False	open_populated	21	94	False	0	94	21
rg03_theta12p490_foilpm8	-8.0	0.0	5.0	6	4	0	3	168	168	0	False	294	59	45	0	67	0	rg03_theta12p490_foilpm8	81.0	121	121	True	open_populated	21	147	False	47	100	21
rg03_theta12p490_foilpm8	-8.0	0.0	5.0	6	5	0	3	224	224	0	False	383	77	53	0	82	0	rg03_theta12p490_foilpm8	81.0	121	121	True	open_populated	21	203	False	103	100	21
rg03_theta12p490_foilpm8	-8.0	0.0	5.0	6	6	0	3	314	314	0	False	534	107	80	0	113	0	rg03_theta12p490_foilpm8	81.0	121	121	True	open_populated	21	293	False	193	100	21
rg03_theta12p490_foilpm8	-8.0	0.0	5.0	7	1	0	3	27	27	0	False	46	10	8	0	9	0	rg03_theta12p490_foilpm8	81.0	121	27	False	open_populated	21	6	False	0	6	21
rg03_theta12p490_foilpm8	-8.0	0.0	5.0	7	2	0	3	56	56	0	False	96	20	12	0	20	0	rg03_theta12p490_foilpm8	81.0	121	56	False	open_populated	20	36	False	0	36	20
rg03_theta12p490_foilpm8	-8.0	0.0	5.0	7	3	0	3	106	106	0	False	186	38	29	0	42	0	rg03_theta12p490_foilpm8	81.0	121	106	False	open_populated	21	85	False	0	85	21
rg03_theta12p490_foilpm8	-8.0	0.0	5.0	7	4	0	3	155	155	0	False	247	50	41	0	42	0	rg03_theta12p490_foilpm8	81.0	121	121	True	open_populated	20	135	False	34	101	20
rg03_theta12p490_foilpm8	-8.0	0.0	5.0	7	5	0	3	189	189	0	False	316	64	50	0	63	0	rg03_theta12p490_foilpm8	81.0	121	121	True	open_populated	20	169	False	68	101	20
rg03_theta12p490_foilpm8	-8.0	0.0	5.0	7	6	0	3	285	285	0	False	470	94	70	0	91	0	rg03_theta12p490_foilpm8	81.0	121	121	True	open_populated	20	265	False	164	101	20
rg03_theta12p490_foilpm8	-8.0	0.0	5.0	8	2	0	3	47	47	0	False	76	16	10	0	13	0	rg03_theta12p490_foilpm8	81.0	121	47	False	open_populated	20	27	False	0	27	20
rg03_theta12p490_foilpm8	-8.0	0.0	5.0	8	3	0	3	83	83	0	False	139	28	21	0	28	0	rg03_theta12p490_foilpm8	81.0	121	83	False	open_populated	20	63	False	0	63	20
rg03_theta12p490_foilpm8	-8.0	0.0	5.0	8	4	0	3	102	102	0	False	174	35	24	0	37	0	rg03_theta12p490_foilpm8	81.0	121	102	False	open_populated	21	81	False	0	81	21
rg03_theta12p490_foilpm8	-8.0	0.0	5.0	8	5	0	3	160	160	0	False	275	55	42	0	60	0	rg03_theta12p490_foilpm8	81.0	121	121	True	open_populated	20	140	False	39	101	20
rg03_theta12p490_foilpm8	-8.0	0.0	5.0	8	6	0	3	0	0	0	False	5	1	0	5	4	0	rg03_theta12p490_foilpm8	81.0	121	0	False	observed_no_eligible_core	0	0	False	0	0	0
rg03_theta12p490_foilpm8	-8.0	5.0	10.0	0	2	0	4	28	28	0	False	43	9	9	0	6	0	rg03_theta12p490_foilpm8	46.0	69	28	False	open_populated	24	4	False	0	4	24
rg03_theta12p490_foilpm8	-8.0	5.0	10.0	0	3	0	4	51	51	0	False	77	16	15	0	10	0	rg03_theta12p490_foilpm8	46.0	69	51	False	open_populated	24	27	False	0	27	24
rg03_theta12p490_foilpm8	-8.0	5.0	10.0	0	4	0	4	80	80	0	False	128	26	18	0	22	0	rg03_theta12p490_foilpm8	46.0	69	69	True	open_populated	24	56	False	11	45	24
rg03_theta12p490_foilpm8	-8.0	5.0	10.0	0	5	0	4	120	120	0	False	197	40	29	0	37	0	rg03_theta12p490_foilpm8	46.0	69	69	True	open_populated	24	96	False	51	45	24
rg03_theta12p490_foilpm8	-8.0	5.0	10.0	1	1	0	4	0	0	0	False	8	2	0	8	6	0	rg03_theta12p490_foilpm8	46.0	69	0	False	observed_no_eligible_core	0	0	False	0	0	0
rg03_theta12p490_foilpm8	-8.0	5.0	10.0	1	2	0	4	35	35	0	False	54	11	7	0	8	0	rg03_theta12p490_foilpm8	46.0	69	35	False	open_populated	24	11	False	0	11	24
rg03_theta12p490_foilpm8	-8.0	5.0	10.0	1	3	0	4	65	65	0	False	104	21	18	0	18	0	rg03_theta12p490_foilpm8	46.0	69	65	False	open_populated	24	41	False	0	41	24
rg03_theta12p490_foilpm8	-8.0	5.0	10.0	1	4	0	4	107	107	0	False	182	37	28	0	38	0	rg03_theta12p490_foilpm8	46.0	69	69	True	open_populated	24	83	False	38	45	24
rg03_theta12p490_foilpm8	-8.0	5.0	10.0	1	5	0	4	144	144	0	False	234	47	36	0	43	0	rg03_theta12p490_foilpm8	46.0	69	69	True	open_populated	24	120	False	75	45	24
rg03_theta12p490_foilpm8	-8.0	5.0	10.0	1	6	0	4	191	191	0	False	312	63	44	0	58	0	rg03_theta12p490_foilpm8	46.0	69	69	True	open_populated	25	166	False	122	44	25
rg03_theta12p490_foilpm8	-8.0	5.0	10.0	2	1	0	4	18	18	0	False	30	6	5	0	6	0	rg03_theta12p490_foilpm8	46.0	69	18	False	open_populated	18	0	False	0	0	18
rg03_theta12p490_foilpm8	-8.0	5.0	10.0	2	2	0	4	47	47	0	False	81	17	12	0	17	0	rg03_theta12p490_foilpm8	46.0	69	47	False	open_populated	24	23	False	0	23	24
rg03_theta12p490_foilpm8	-8.0	5.0	10.0	2	3	0	4	0	0	0	True	1	1	0	1	0	0	rg03_theta12p490_foilpm8	46.0	69	0	False	blocked	0	0	False	0	0	0
rg03_theta12p490_foilpm8	-8.0	5.0	10.0	2	4	0	4	147	147	0	False	237	48	41	0	42	0	rg03_theta12p490_foilpm8	46.0	69	69	True	open_populated	24	123	False	78	45	24
rg03_theta12p490_foilpm8	-8.0	5.0	10.0	2	5	0	4	192	192	0	False	312	63	51	0	57	0	rg03_theta12p490_foilpm8	46.0	69	69	True	open_populated	24	168	False	123	45	24
rg03_theta12p490_foilpm8	-8.0	5.0	10.0	2	6	0	4	237	237	0	False	369	74	60	0	58	0	rg03_theta12p490_foilpm8	46.0	69	69	True	open_populated	24	213	False	168	45	24
rg03_theta12p490_foilpm8	-8.0	5.0	10.0	3	1	0	4	45	45	0	False	72	15	13	0	12	0	rg03_theta12p490_foilpm8	46.0	69	45	False	open_populated	24	21	False	0	21	24
rg03_theta12p490_foilpm8	-8.0	5.0	10.0	3	2	0	4	45	45	0	False	72	15	6	0	12	0	rg03_theta12p490_foilpm8	46.0	69	45	False	open_populated	24	21	False	0	21	24
rg03_theta12p490_foilpm8	-8.0	5.0	10.0	3	3	0	4	113	113	0	False	179	36	28	0	30	0	rg03_theta12p490_foilpm8	46.0	69	69	True	open_populated	24	89	False	44	45	24
rg03_theta12p490_foilpm8	-8.0	5.0	10.0	3	4	0	4	161	161	0	False	259	52	41	0	46	0	rg03_theta12p490_foilpm8	46.0	69	69	True	open_populated	24	137	False	92	45	24
rg03_theta12p490_foilpm8	-8.0	5.0	10.0	3	5	0	4	216	216	0	False	356	72	57	0	68	0	rg03_theta12p490_foilpm8	46.0	69	69	True	open_populated	24	192	False	147	45	24
rg03_theta12p490_foilpm8	-8.0	5.0	10.0	3	6	0	4	289	289	0	False	484	97	76	0	98	0	rg03_theta12p490_foilpm8	46.0	69	69	True	open_populated	24	265	False	220	45	24
rg03_theta12p490_foilpm8	-8.0	5.0	10.0	4	1	0	4	51	51	0	False	78	16	13	0	11	0	rg03_theta12p490_foilpm8	46.0	69	51	False	open_populated	24	27	False	0	27	24
rg03_theta12p490_foilpm8	-8.0	5.0	10.0	4	2	0	4	61	61	0	False	100	20	15	0	19	0	rg03_theta12p490_foilpm8	46.0	69	61	False	open_populated	24	37	False	0	37	24
rg03_theta12p490_foilpm8	-8.0	5.0	10.0	4	3	0	4	110	110	0	False	171	35	27	0	26	0	rg03_theta12p490_foilpm8	46.0	69	69	True	open_populated	24	86	False	41	45	24
rg03_theta12p490_foilpm8	-8.0	5.0	10.0	4	4	0	4	38	38	0	False	56	12	8	0	6	0	rg03_theta12p490_foilpm8	46.0	69	38	False	open_populated	24	14	False	0	14	24
rg03_theta12p490_foilpm8	-8.0	5.0	10.0	4	5	0	4	228	228	0	False	366	74	55	0	64	0	rg03_theta12p490_foilpm8	46.0	69	69	True	open_populated	24	204	False	159	45	24
rg03_theta12p490_foilpm8	-8.0	5.0	10.0	4	6	0	4	300	300	0	False	480	96	79	0	84	0	rg03_theta12p490_foilpm8	46.0	69	69	True	open_populated	24	276	False	231	45	24
rg03_theta12p490_foilpm8	-8.0	5.0	10.0	5	1	0	4	29	29	0	False	43	9	7	0	5	0	rg03_theta12p490_foilpm8	46.0	69	29	False	open_populated	24	5	False	0	5	24
rg03_theta12p490_foilpm8	-8.0	5.0	10.0	5	2	0	4	57	57	0	False	89	18	12	0	14	0	rg03_theta12p490_foilpm8	46.0	69	57	False	open_populated	24	33	False	0	33	24
rg03_theta12p490_foilpm8	-8.0	5.0	10.0	5	3	0	4	102	102	0	False	160	32	23	0	26	0	rg03_theta12p490_foilpm8	46.0	69	69	True	open_populated	24	78	False	33	45	24
rg03_theta12p490_foilpm8	-8.0	5.0	10.0	5	4	0	4	148	148	0	False	247	50	37	0	49	0	rg03_theta12p490_foilpm8	46.0	69	69	True	open_populated	24	124	False	79	45	24
rg03_theta12p490_foilpm8	-8.0	5.0	10.0	5	5	0	4	0	0	0	True	4	1	0	4	3	3	rg03_theta12p490_foilpm8	46.0	69	0	False	blocked	0	0	False	0	0	0
rg03_theta12p490_foilpm8	-8.0	5.0	10.0	5	6	0	4	284	284	0	False	477	96	80	0	97	0	rg03_theta12p490_foilpm8	46.0	69	69	True	open_populated	24	260	False	215	45	24
rg03_theta12p490_foilpm8	-8.0	5.0	10.0	6	1	0	4	22	22	0	False	37	8	7	0	7	0	rg03_theta12p490_foilpm8	46.0	69	22	False	open_populated	22	0	False	0	0	22
rg03_theta12p490_foilpm8	-8.0	5.0	10.0	6	2	0	4	59	59	0	False	95	19	14	0	17	0	rg03_theta12p490_foilpm8	46.0	69	59	False	open_populated	24	35	False	0	35	24
rg03_theta12p490_foilpm8	-8.0	5.0	10.0	6	3	0	4	87	87	0	False	148	30	25	0	31	0	rg03_theta12p490_foilpm8	46.0	69	69	True	open_populated	24	63	False	18	45	24
rg03_theta12p490_foilpm8	-8.0	5.0	10.0	6	4	0	4	145	145	0	False	237	48	37	0	44	0	rg03_theta12p490_foilpm8	46.0	69	69	True	open_populated	24	121	False	76	45	24
rg03_theta12p490_foilpm8	-8.0	5.0	10.0	6	5	0	4	183	183	0	False	295	59	50	0	53	0	rg03_theta12p490_foilpm8	46.0	69	69	True	open_populated	25	158	False	114	44	25
rg03_theta12p490_foilpm8	-8.0	5.0	10.0	6	6	0	4	270	270	0	False	455	91	77	0	94	0	rg03_theta12p490_foilpm8	46.0	69	69	True	open_populated	24	246	False	201	45	24
rg03_theta12p490_foilpm8	-8.0	5.0	10.0	7	1	0	4	9	9	0	False	14	3	3	0	2	0	rg03_theta12p490_foilpm8	46.0	69	9	False	open_populated	9	0	True	0	0	9
rg03_theta12p490_foilpm8	-8.0	5.0	10.0	7	2	0	4	33	33	0	False	53	11	7	0	9	0	rg03_theta12p490_foilpm8	46.0	69	33	False	open_populated	24	9	False	0	9	24
rg03_theta12p490_foilpm8	-8.0	5.0	10.0	7	3	0	4	64	64	0	False	104	21	19	0	19	0	rg03_theta12p490_foilpm8	46.0	69	64	False	open_populated	24	40	False	0	40	24
rg03_theta12p490_foilpm8	-8.0	5.0	10.0	7	4	0	4	97	97	0	False	163	33	24	0	33	0	rg03_theta12p490_foilpm8	46.0	69	69	True	open_populated	24	73	False	28	45	24
rg03_theta12p490_foilpm8	-8.0	5.0	10.0	7	5	0	4	159	159	0	False	263	53	43	0	51	0	rg03_theta12p490_foilpm8	46.0	69	69	True	open_populated	24	135	False	90	45	24
rg03_theta12p490_foilpm8	-8.0	5.0	10.0	7	6	0	4	171	171	0	False	288	58	46	0	59	0	rg03_theta12p490_foilpm8	46.0	69	69	True	open_populated	24	147	False	102	45	24
rg03_theta12p490_foilpm8	-8.0	5.0	10.0	8	2	0	4	13	13	0	False	20	4	3	0	3	0	rg03_theta12p490_foilpm8	46.0	69	13	False	open_populated	13	0	False	0	0	13
rg03_theta12p490_foilpm8	-8.0	5.0	10.0	8	3	0	4	43	43	0	False	67	14	13	0	10	0	rg03_theta12p490_foilpm8	46.0	69	43	False	open_populated	24	19	False	0	19	24
rg03_theta12p490_foilpm8	-8.0	5.0	10.0	8	4	0	4	71	71	0	False	122	25	20	0	26	0	rg03_theta12p490_foilpm8	46.0	69	69	True	open_populated	24	47	False	2	45	24
rg03_theta12p490_foilpm8	-8.0	5.0	10.0	8	5	0	4	116	116	0	False	176	36	27	0	24	0	rg03_theta12p490_foilpm8	46.0	69	69	True	open_populated	24	92	False	47	45	24
rg03_theta12p490_foilpm8	-8.0	5.0	10.0	8	6	0	4	0	0	0	False	1	1	0	1	0	0	rg03_theta12p490_foilpm8	46.0	69	0	False	observed_no_eligible_core	0	0	False	0	0	0
rg03_theta12p490_foilpm8	8.0	-10.0	-8.0	0	3	1	0	28	28	0	False	37	8	7	0	1	0	rg03_theta12p490_foilpm8	39.0	58	28	False	open_populated	24	4	False	0	4	24
rg03_theta12p490_foilpm8	8.0	-10.0	-8.0	0	4	1	0	29	29	0	False	51	11	8	0	11	0	rg03_theta12p490_foilpm8	39.0	58	29	False	open_populated	24	5	False	0	5	24
rg03_theta12p490_foilpm8	8.0	-10.0	-8.0	0	5	1	0	48	48	0	False	82	17	13	0	17	0	rg03_theta12p490_foilpm8	39.0	58	48	False	open_populated	24	24	False	0	24	24
rg03_theta12p490_foilpm8	8.0	-10.0	-8.0	0	6	1	0	66	66	0	False	97	20	15	0	11	0	rg03_theta12p490_foilpm8	39.0	58	58	True	open_populated	24	42	False	8	34	24
rg03_theta12p490_foilpm8	8.0	-10.0	-8.0	0	7	1	0	0	0	0	False	2	1	0	2	1	0	rg03_theta12p490_foilpm8	39.0	58	0	False	observed_no_eligible_core	0	0	False	0	0	0
rg03_theta12p490_foilpm8	8.0	-10.0	-8.0	1	2	1	0	10	10	0	False	27	6	4	0	11	0	rg03_theta12p490_foilpm8	39.0	58	10	False	open_populated	10	0	False	0	0	10
rg03_theta12p490_foilpm8	8.0	-10.0	-8.0	1	3	1	0	38	38	0	False	66	14	7	0	14	0	rg03_theta12p490_foilpm8	39.0	58	38	False	open_populated	24	14	False	0	14	24
rg03_theta12p490_foilpm8	8.0	-10.0	-8.0	1	4	1	0	52	52	0	False	93	19	12	0	22	0	rg03_theta12p490_foilpm8	39.0	58	52	False	open_populated	23	29	False	0	29	23
rg03_theta12p490_foilpm8	8.0	-10.0	-8.0	1	5	1	0	60	60	0	False	111	23	17	0	28	0	rg03_theta12p490_foilpm8	39.0	58	58	True	open_populated	24	36	False	2	34	24
rg03_theta12p490_foilpm8	8.0	-10.0	-8.0	1	6	1	0	77	77	0	False	138	28	22	0	33	0	rg03_theta12p490_foilpm8	39.0	58	58	True	open_populated	23	54	False	19	35	23
rg03_theta12p490_foilpm8	8.0	-10.0	-8.0	1	7	1	0	48	48	0	False	84	17	10	0	19	0	rg03_theta12p490_foilpm8	39.0	58	48	False	open_populated	24	24	False	0	24	24
rg03_theta12p490_foilpm8	8.0	-10.0	-8.0	2	2	1	0	32	32	0	False	58	12	4	0	14	0	rg03_theta12p490_foilpm8	39.0	58	32	False	open_populated	24	8	False	0	8	24
rg03_theta12p490_foilpm8	8.0	-10.0	-8.0	2	3	1	0	0	0	0	True	9	2	0	9	7	7	rg03_theta12p490_foilpm8	39.0	58	0	False	blocked	0	0	False	0	0	0
rg03_theta12p490_foilpm8	8.0	-10.0	-8.0	2	4	1	0	61	61	0	False	104	21	17	0	22	0	rg03_theta12p490_foilpm8	39.0	58	58	True	open_populated	24	37	False	3	34	24
rg03_theta12p490_foilpm8	8.0	-10.0	-8.0	2	5	1	0	92	92	0	False	151	31	23	0	28	0	rg03_theta12p490_foilpm8	39.0	58	58	True	open_populated	24	68	False	34	34	24
rg03_theta12p490_foilpm8	8.0	-10.0	-8.0	2	6	1	0	99	99	0	False	163	33	26	0	31	0	rg03_theta12p490_foilpm8	39.0	58	58	True	open_populated	24	75	False	41	34	24
rg03_theta12p490_foilpm8	8.0	-10.0	-8.0	2	7	1	0	77	77	0	False	116	24	18	0	15	0	rg03_theta12p490_foilpm8	39.0	58	58	True	open_populated	24	53	False	19	34	24
rg03_theta12p490_foilpm8	8.0	-10.0	-8.0	3	2	1	0	39	39	0	False	75	15	10	0	21	0	rg03_theta12p490_foilpm8	39.0	58	39	False	open_populated	24	15	False	0	15	24
rg03_theta12p490_foilpm8	8.0	-10.0	-8.0	3	3	1	0	58	58	0	False	99	20	16	0	21	0	rg03_theta12p490_foilpm8	39.0	58	58	False	open_populated	24	34	False	0	34	24
rg03_theta12p490_foilpm8	8.0	-10.0	-8.0	3	4	1	0	87	87	0	False	138	28	17	0	23	0	rg03_theta12p490_foilpm8	39.0	58	58	True	open_populated	24	63	False	29	34	24
rg03_theta12p490_foilpm8	8.0	-10.0	-8.0	3	5	1	0	113	113	0	False	179	36	26	0	30	0	rg03_theta12p490_foilpm8	39.0	58	58	True	open_populated	24	89	False	55	34	24
rg03_theta12p490_foilpm8	8.0	-10.0	-8.0	3	6	1	0	120	120	0	False	203	41	34	0	42	0	rg03_theta12p490_foilpm8	39.0	58	58	True	open_populated	24	96	False	62	34	24
rg03_theta12p490_foilpm8	8.0	-10.0	-8.0	3	7	1	0	149	149	0	False	244	49	37	0	46	0	rg03_theta12p490_foilpm8	39.0	58	58	True	open_populated	24	125	False	91	34	24
rg03_theta12p490_foilpm8	8.0	-10.0	-8.0	4	2	1	0	28	28	0	False	52	11	6	0	13	0	rg03_theta12p490_foilpm8	39.0	58	28	False	open_populated	24	4	False	0	4	24
rg03_theta12p490_foilpm8	8.0	-10.0	-8.0	4	3	1	0	57	57	0	False	92	19	12	0	16	0	rg03_theta12p490_foilpm8	39.0	58	57	False	open_populated	23	34	False	0	34	23
rg03_theta12p490_foilpm8	8.0	-10.0	-8.0	4	4	1	0	22	22	0	False	35	7	4	0	6	0	rg03_theta12p490_foilpm8	39.0	58	22	False	open_populated	22	0	False	0	0	22
rg03_theta12p490_foilpm8	8.0	-10.0	-8.0	4	5	1	0	111	111	0	False	172	35	25	0	26	0	rg03_theta12p490_foilpm8	39.0	58	58	True	open_populated	24	87	False	53	34	24
rg03_theta12p490_foilpm8	8.0	-10.0	-8.0	4	6	1	0	120	120	0	False	197	40	34	0	37	0	rg03_theta12p490_foilpm8	39.0	58	58	True	open_populated	24	96	False	62	34	24
rg03_theta12p490_foilpm8	8.0	-10.0	-8.0	4	7	1	0	150	150	0	False	246	50	38	0	46	0	rg03_theta12p490_foilpm8	39.0	58	58	True	open_populated	24	126	False	92	34	24
rg03_theta12p490_foilpm8	8.0	-10.0	-8.0	5	2	1	0	32	32	0	False	61	13	6	0	16	0	rg03_theta12p490_foilpm8	39.0	58	32	False	open_populated	24	8	False	0	8	24
rg03_theta12p490_foilpm8	8.0	-10.0	-8.0	5	3	1	0	53	53	0	False	87	18	12	0	16	0	rg03_theta12p490_foilpm8	39.0	58	53	False	open_populated	23	30	False	0	30	23
rg03_theta12p490_foilpm8	8.0	-10.0	-8.0	5	4	1	0	91	91	0	False	143	29	22	0	23	0	rg03_theta12p490_foilpm8	39.0	58	58	True	open_populated	24	67	False	33	34	24
rg03_theta12p490_foilpm8	8.0	-10.0	-8.0	5	5	1	0	0	0	0	True	7	2	0	7	5	5	rg03_theta12p490_foilpm8	39.0	58	0	False	blocked	0	0	False	0	0	0
rg03_theta12p490_foilpm8	8.0	-10.0	-8.0	5	6	1	0	134	134	0	False	215	43	32	0	38	0	rg03_theta12p490_foilpm8	39.0	58	58	True	open_populated	24	110	False	76	34	24
rg03_theta12p490_foilpm8	8.0	-10.0	-8.0	5	7	1	0	138	138	0	False	224	45	35	0	41	0	rg03_theta12p490_foilpm8	39.0	58	58	True	open_populated	24	114	False	80	34	24
rg03_theta12p490_foilpm8	8.0	-10.0	-8.0	6	2	1	0	16	16	0	False	34	7	4	0	11	0	rg03_theta12p490_foilpm8	39.0	58	16	False	open_populated	16	0	False	0	0	16
rg03_theta12p490_foilpm8	8.0	-10.0	-8.0	6	3	1	0	43	43	0	False	71	15	14	0	13	0	rg03_theta12p490_foilpm8	39.0	58	43	False	open_populated	23	20	False	0	20	23
rg03_theta12p490_foilpm8	8.0	-10.0	-8.0	6	4	1	0	70	70	0	False	128	26	15	0	32	0	rg03_theta12p490_foilpm8	39.0	58	58	True	open_populated	24	46	False	12	34	24
rg03_theta12p490_foilpm8	8.0	-10.0	-8.0	6	5	1	0	78	78	0	False	128	26	23	0	24	0	rg03_theta12p490_foilpm8	39.0	58	58	True	open_populated	23	55	False	20	35	23
rg03_theta12p490_foilpm8	8.0	-10.0	-8.0	6	6	1	0	106	106	0	False	184	37	26	0	41	0	rg03_theta12p490_foilpm8	39.0	58	58	True	open_populated	24	82	False	48	34	24
rg03_theta12p490_foilpm8	8.0	-10.0	-8.0	6	7	1	0	110	110	0	False	182	37	28	0	35	0	rg03_theta12p490_foilpm8	39.0	58	58	True	open_populated	23	87	False	52	35	23
rg03_theta12p490_foilpm8	8.0	-10.0	-8.0	7	2	1	0	0	0	0	False	12	3	0	12	9	0	rg03_theta12p490_foilpm8	39.0	58	0	False	observed_no_eligible_core	0	0	False	0	0	0
rg03_theta12p490_foilpm8	8.0	-10.0	-8.0	7	3	1	0	21	21	0	False	31	7	5	0	3	0	rg03_theta12p490_foilpm8	39.0	58	21	False	open_populated	21	0	False	0	0	21
rg03_theta12p490_foilpm8	8.0	-10.0	-8.0	7	4	1	0	47	47	0	False	74	15	12	0	12	0	rg03_theta12p490_foilpm8	39.0	58	47	False	open_populated	24	23	False	0	23	24
rg03_theta12p490_foilpm8	8.0	-10.0	-8.0	7	5	1	0	63	63	0	False	94	19	15	0	12	0	rg03_theta12p490_foilpm8	39.0	58	58	True	open_populated	23	40	False	5	35	23
rg03_theta12p490_foilpm8	8.0	-10.0	-8.0	7	6	1	0	89	89	0	False	148	30	21	0	29	0	rg03_theta12p490_foilpm8	39.0	58	58	True	open_populated	24	65	False	31	34	24
rg03_theta12p490_foilpm8	8.0	-10.0	-8.0	7	7	1	0	75	75	0	False	132	27	18	0	30	0	rg03_theta12p490_foilpm8	39.0	58	58	True	open_populated	23	52	False	17	35	23
rg03_theta12p490_foilpm8	8.0	-10.0	-8.0	8	3	1	0	0	0	0	False	11	3	0	11	8	0	rg03_theta12p490_foilpm8	39.0	58	0	False	observed_no_eligible_core	0	0	False	0	0	0
rg03_theta12p490_foilpm8	8.0	-10.0	-8.0	8	4	1	0	0	0	0	False	24	5	0	24	19	0	rg03_theta12p490_foilpm8	39.0	58	0	False	observed_no_eligible_core	0	0	False	0	0	0
rg03_theta12p490_foilpm8	8.0	-10.0	-8.0	8	5	1	0	38	38	0	False	59	12	6	0	9	0	rg03_theta12p490_foilpm8	39.0	58	38	False	open_populated	23	15	False	0	15	23
rg03_theta12p490_foilpm8	8.0	-10.0	-8.0	8	6	1	0	47	47	0	False	73	15	12	0	11	0	rg03_theta12p490_foilpm8	39.0	58	47	False	open_populated	24	23	False	0	23	24
rg03_theta12p490_foilpm8	8.0	-10.0	-8.0	8	7	1	0	0	0	0	False	9	2	0	9	7	0	rg03_theta12p490_foilpm8	39.0	58	0	False	observed_no_eligible_core	0	0	False	0	0	0
rg03_theta12p490_foilpm8	8.0	-8.0	-5.0	0	3	1	1	31	31	0	False	48	10	9	0	7	0	rg03_theta12p490_foilpm8	49.75	74	31	False	open_populated	21	10	False	0	10	21
rg03_theta12p490_foilpm8	8.0	-8.0	-5.0	0	4	1	1	39	39	0	False	65	13	8	0	13	0	rg03_theta12p490_foilpm8	49.75	74	39	False	open_populated	21	18	False	0	18	21
rg03_theta12p490_foilpm8	8.0	-8.0	-5.0	0	5	1	1	72	72	0	False	114	23	15	0	19	0	rg03_theta12p490_foilpm8	49.75	74	72	False	open_populated	21	51	False	0	51	21
rg03_theta12p490_foilpm8	8.0	-8.0	-5.0	0	6	1	1	72	72	0	False	123	25	16	0	26	0	rg03_theta12p490_foilpm8	49.75	74	72	False	open_populated	21	51	False	0	51	21
rg03_theta12p490_foilpm8	8.0	-8.0	-5.0	0	7	1	1	0	0	0	False	1	1	0	1	0	0	rg03_theta12p490_foilpm8	49.75	74	0	False	observed_no_eligible_core	0	0	False	0	0	0
rg03_theta12p490_foilpm8	8.0	-8.0	-5.0	1	2	1	1	16	16	0	False	25	5	3	0	4	0	rg03_theta12p490_foilpm8	49.75	74	16	False	open_populated	16	0	False	0	0	16
rg03_theta12p490_foilpm8	8.0	-8.0	-5.0	1	3	1	1	46	46	0	False	69	14	13	0	9	0	rg03_theta12p490_foilpm8	49.75	74	46	False	open_populated	22	24	False	0	24	22
rg03_theta12p490_foilpm8	8.0	-8.0	-5.0	1	4	1	1	69	69	0	False	102	21	13	0	12	0	rg03_theta12p490_foilpm8	49.75	74	69	False	open_populated	22	47	False	0	47	22
rg03_theta12p490_foilpm8	8.0	-8.0	-5.0	1	5	1	1	98	98	0	False	155	31	24	0	26	0	rg03_theta12p490_foilpm8	49.75	74	74	True	open_populated	21	77	False	24	53	21
rg03_theta12p490_foilpm8	8.0	-8.0	-5.0	1	6	1	1	120	120	0	False	185	37	28	0	28	0	rg03_theta12p490_foilpm8	49.75	74	74	True	open_populated	21	99	False	46	53	21
rg03_theta12p490_foilpm8	8.0	-8.0	-5.0	1	7	1	1	129	129	0	False	205	41	35	0	35	0	rg03_theta12p490_foilpm8	49.75	74	74	True	open_populated	21	108	False	55	53	21
rg03_theta12p490_foilpm8	8.0	-8.0	-5.0	2	2	1	1	41	41	0	False	66	14	13	0	11	0	rg03_theta12p490_foilpm8	49.75	74	41	False	open_populated	21	20	False	0	20	21
rg03_theta12p490_foilpm8	8.0	-8.0	-5.0	2	3	1	1	0	0	0	True	1	1	0	1	0	0	rg03_theta12p490_foilpm8	49.75	74	0	False	blocked	0	0	False	0	0	0
rg03_theta12p490_foilpm8	8.0	-8.0	-5.0	2	4	1	1	83	83	0	False	127	26	20	0	18	0	rg03_theta12p490_foilpm8	49.75	74	74	True	open_populated	21	62	False	9	53	21
rg03_theta12p490_foilpm8	8.0	-8.0	-5.0	2	5	1	1	139	139	0	False	207	42	35	0	26	0	rg03_theta12p490_foilpm8	49.75	74	74	True	open_populated	22	117	False	65	52	22
rg03_theta12p490_foilpm8	8.0	-8.0	-5.0	2	6	1	1	169	169	0	False	269	54	38	0	46	0	rg03_theta12p490_foilpm8	49.75	74	74	True	open_populated	22	147	False	95	52	22
rg03_theta12p490_foilpm8	8.0	-8.0	-5.0	2	7	1	1	189	189	0	False	302	61	49	0	52	0	rg03_theta12p490_foilpm8	49.75	74	74	True	open_populated	21	168	False	115	53	21
rg03_theta12p490_foilpm8	8.0	-8.0	-5.0	3	2	1	1	41	41	0	False	62	13	12	0	8	0	rg03_theta12p490_foilpm8	49.75	74	41	False	open_populated	21	20	False	0	20	21
rg03_theta12p490_foilpm8	8.0	-8.0	-5.0	3	3	1	1	74	74	0	False	111	23	15	0	14	0	rg03_theta12p490_foilpm8	49.75	74	74	False	open_populated	21	53	False	0	53	21
rg03_theta12p490_foilpm8	8.0	-8.0	-5.0	3	4	1	1	93	93	0	False	144	29	23	0	22	0	rg03_theta12p490_foilpm8	49.75	74	74	True	open_populated	21	72	False	19	53	21
rg03_theta12p490_foilpm8	8.0	-8.0	-5.0	3	5	1	1	154	154	0	False	231	47	36	0	30	0	rg03_theta12p490_foilpm8	49.75	74	74	True	open_populated	21	133	False	80	53	21
rg03_theta12p490_foilpm8	8.0	-8.0	-5.0	3	6	1	1	187	187	0	False	299	60	47	0	52	0	rg03_theta12p490_foilpm8	49.75	74	74	True	open_populated	22	165	False	113	52	22
rg03_theta12p490_foilpm8	8.0	-8.0	-5.0	3	7	1	1	231	231	0	False	371	75	57	0	65	0	rg03_theta12p490_foilpm8	49.75	74	74	True	open_populated	21	210	False	157	53	21
rg03_theta12p490_foilpm8	8.0	-8.0	-5.0	4	2	1	1	49	49	0	False	82	17	11	0	16	0	rg03_theta12p490_foilpm8	49.75	74	49	False	open_populated	21	28	False	0	28	21
rg03_theta12p490_foilpm8	8.0	-8.0	-5.0	4	3	1	1	79	79	0	False	126	26	22	0	21	0	rg03_theta12p490_foilpm8	49.75	74	74	True	open_populated	21	58	False	5	53	21
rg03_theta12p490_foilpm8	8.0	-8.0	-5.0	4	4	1	1	30	30	0	False	43	9	8	0	4	0	rg03_theta12p490_foilpm8	49.75	74	30	False	open_populated	21	9	False	0	9	21
rg03_theta12p490_foilpm8	8.0	-8.0	-5.0	4	5	1	1	184	184	0	False	273	55	46	0	34	0	rg03_theta12p490_foilpm8	49.75	74	74	True	open_populated	22	162	False	110	52	22
rg03_theta12p490_foilpm8	8.0	-8.0	-5.0	4	6	1	1	225	225	0	False	340	68	58	0	47	0	rg03_theta12p490_foilpm8	49.75	74	74	True	open_populated	21	204	False	151	53	21
rg03_theta12p490_foilpm8	8.0	-8.0	-5.0	4	7	1	1	231	231	0	False	342	69	59	0	42	0	rg03_theta12p490_foilpm8	49.75	74	74	True	open_populated	21	210	False	157	53	21
rg03_theta12p490_foilpm8	8.0	-8.0	-5.0	5	2	1	1	50	50	0	False	78	16	12	0	12	0	rg03_theta12p490_foilpm8	49.75	74	50	False	open_populated	21	29	False	0	29	21
rg03_theta12p490_foilpm8	8.0	-8.0	-5.0	5	3	1	1	67	67	0	False	103	21	19	0	15	0	rg03_theta12p490_foilpm8	49.75	74	67	False	open_populated	22	45	False	0	45	22
rg03_theta12p490_foilpm8	8.0	-8.0	-5.0	5	4	1	1	112	112	0	False	169	34	33	0	23	0	rg03_theta12p490_foilpm8	49.75	74	74	True	open_populated	21	91	False	38	53	21
rg03_theta12p490_foilpm8	8.0	-8.0	-5.0	5	5	1	1	0	0	0	True	7	2	0	7	5	5	rg03_theta12p490_foilpm8	49.75	74	0	False	blocked	0	0	False	0	0	0
rg03_theta12p490_foilpm8	8.0	-8.0	-5.0	5	6	1	1	204	204	0	False	304	61	47	0	39	0	rg03_theta12p490_foilpm8	49.75	74	74	True	open_populated	21	183	False	130	53	21
rg03_theta12p490_foilpm8	8.0	-8.0	-5.0	5	7	1	1	231	231	0	False	362	73	60	0	58	0	rg03_theta12p490_foilpm8	49.75	74	74	True	open_populated	21	210	False	157	53	21
rg03_theta12p490_foilpm8	8.0	-8.0	-5.0	6	2	1	1	31	31	0	False	48	10	8	0	7	0	rg03_theta12p490_foilpm8	49.75	74	31	False	open_populated	22	9	False	0	9	22
rg03_theta12p490_foilpm8	8.0	-8.0	-5.0	6	3	1	1	59	59	0	False	103	21	15	0	23	0	rg03_theta12p490_foilpm8	49.75	74	59	False	open_populated	21	38	False	0	38	21
rg03_theta12p490_foilpm8	8.0	-8.0	-5.0	6	4	1	1	107	107	0	False	159	32	22	0	20	0	rg03_theta12p490_foilpm8	49.75	74	74	True	open_populated	21	86	False	33	53	21
rg03_theta12p490_foilpm8	8.0	-8.0	-5.0	6	5	1	1	131	131	0	False	202	41	32	0	30	0	rg03_theta12p490_foilpm8	49.75	74	74	True	open_populated	21	110	False	57	53	21
rg03_theta12p490_foilpm8	8.0	-8.0	-5.0	6	6	1	1	182	182	0	False	282	57	44	0	43	0	rg03_theta12p490_foilpm8	49.75	74	74	True	open_populated	21	161	False	108	53	21
rg03_theta12p490_foilpm8	8.0	-8.0	-5.0	6	7	1	1	230	230	0	False	343	69	51	0	44	0	rg03_theta12p490_foilpm8	49.75	74	74	True	open_populated	21	209	False	156	53	21
rg03_theta12p490_foilpm8	8.0	-8.0	-5.0	7	2	1	1	25	25	0	False	34	7	6	0	2	0	rg03_theta12p490_foilpm8	49.75	74	25	False	open_populated	21	4	False	0	4	21
rg03_theta12p490_foilpm8	8.0	-8.0	-5.0	7	3	1	1	54	54	0	False	85	17	12	0	14	0	rg03_theta12p490_foilpm8	49.75	74	54	False	open_populated	21	33	False	0	33	21
rg03_theta12p490_foilpm8	8.0	-8.0	-5.0	7	4	1	1	74	74	0	False	108	22	18	0	12	0	rg03_theta12p490_foilpm8	49.75	74	74	False	open_populated	21	53	False	0	53	21
rg03_theta12p490_foilpm8	8.0	-8.0	-5.0	7	5	1	1	110	110	0	False	175	35	23	0	30	0	rg03_theta12p490_foilpm8	49.75	74	74	True	open_populated	22	88	False	36	52	22
rg03_theta12p490_foilpm8	8.0	-8.0	-5.0	7	6	1	1	117	117	0	False	192	39	31	0	36	0	rg03_theta12p490_foilpm8	49.75	74	74	True	open_populated	21	96	False	43	53	21
rg03_theta12p490_foilpm8	8.0	-8.0	-5.0	7	7	1	1	136	136	0	False	210	42	34	0	32	0	rg03_theta12p490_foilpm8	49.75	74	74	True	open_populated	21	115	False	62	53	21
rg03_theta12p490_foilpm8	8.0	-8.0	-5.0	8	3	1	1	32	32	0	False	53	11	8	0	10	0	rg03_theta12p490_foilpm8	49.75	74	32	False	open_populated	21	11	False	0	11	21
rg03_theta12p490_foilpm8	8.0	-8.0	-5.0	8	4	1	1	49	49	0	False	77	16	14	0	12	0	rg03_theta12p490_foilpm8	49.75	74	49	False	open_populated	21	28	False	0	28	21
rg03_theta12p490_foilpm8	8.0	-8.0	-5.0	8	5	1	1	64	64	0	False	106	22	15	0	20	0	rg03_theta12p490_foilpm8	49.75	74	64	False	open_populated	21	43	False	0	43	21
rg03_theta12p490_foilpm8	8.0	-8.0	-5.0	8	6	1	1	88	88	0	False	151	31	23	0	32	0	rg03_theta12p490_foilpm8	49.75	74	74	True	open_populated	21	67	False	14	53	21
rg03_theta12p490_foilpm8	8.0	-8.0	-5.0	8	7	1	1	0	0	0	False	5	1	0	5	4	0	rg03_theta12p490_foilpm8	49.75	74	0	False	observed_no_eligible_core	0	0	False	0	0	0
rg03_theta12p490_foilpm8	8.0	-5.0	0.0	0	3	1	2	23	23	0	False	38	8	7	0	7	0	rg03_theta12p490_foilpm8	68.25	102	23	False	open_populated	21	2	False	0	2	21
rg03_theta12p490_foilpm8	8.0	-5.0	0.0	0	4	1	2	41	41	0	False	63	13	10	0	9	0	rg03_theta12p490_foilpm8	68.25	102	41	False	open_populated	21	20	False	0	20	21
rg03_theta12p490_foilpm8	8.0	-5.0	0.0	0	5	1	2	92	92	0	False	146	30	22	0	24	0	rg03_theta12p490_foilpm8	68.25	102	92	False	open_populated	21	71	False	0	71	21
rg03_theta12p490_foilpm8	8.0	-5.0	0.0	0	6	1	2	113	113	0	False	165	33	25	0	19	0	rg03_theta12p490_foilpm8	68.25	102	102	True	open_populated	21	92	False	11	81	21
rg03_theta12p490_foilpm8	8.0	-5.0	0.0	0	7	1	2	0	0	0	False	1	1	0	1	0	0	rg03_theta12p490_foilpm8	68.25	102	0	False	observed_no_eligible_core	0	0	False	0	0	0
rg03_theta12p490_foilpm8	8.0	-5.0	0.0	1	2	1	2	22	22	0	False	35	7	6	0	6	0	rg03_theta12p490_foilpm8	68.25	102	22	False	open_populated	21	1	False	0	1	21
rg03_theta12p490_foilpm8	8.0	-5.0	0.0	1	3	1	2	43	43	0	False	83	17	12	0	23	0	rg03_theta12p490_foilpm8	68.25	102	43	False	open_populated	21	22	False	0	22	21
rg03_theta12p490_foilpm8	8.0	-5.0	0.0	1	4	1	2	103	103	0	False	163	33	22	0	27	0	rg03_theta12p490_foilpm8	68.25	102	102	True	open_populated	21	82	False	1	81	21
rg03_theta12p490_foilpm8	8.0	-5.0	0.0	1	5	1	2	150	150	0	False	243	49	42	0	44	0	rg03_theta12p490_foilpm8	68.25	102	102	True	open_populated	21	129	False	48	81	21
rg03_theta12p490_foilpm8	8.0	-5.0	0.0	1	6	1	2	175	175	0	False	298	60	37	0	63	0	rg03_theta12p490_foilpm8	68.25	102	102	True	open_populated	21	154	False	73	81	21
rg03_theta12p490_foilpm8	8.0	-5.0	0.0	1	7	1	2	228	228	0	False	328	66	50	0	34	0	rg03_theta12p490_foilpm8	68.25	102	102	True	open_populated	21	207	False	126	81	21
rg03_theta12p490_foilpm8	8.0	-5.0	0.0	2	2	1	2	43	43	0	False	65	13	7	0	9	0	rg03_theta12p490_foilpm8	68.25	102	43	False	open_populated	21	22	False	0	22	21
rg03_theta12p490_foilpm8	8.0	-5.0	0.0	2	3	1	2	0	0	0	True	1	1	0	1	0	0	rg03_theta12p490_foilpm8	68.25	102	0	False	blocked	0	0	False	0	0	0
rg03_theta12p490_foilpm8	8.0	-5.0	0.0	2	4	1	2	110	110	0	False	171	35	29	0	26	0	rg03_theta12p490_foilpm8	68.25	102	102	True	open_populated	20	90	False	8	82	20
rg03_theta12p490_foilpm8	8.0	-5.0	0.0	2	5	1	2	202	202	0	False	311	63	52	0	46	0	rg03_theta12p490_foilpm8	68.25	102	102	True	open_populated	21	181	False	100	81	21
rg03_theta12p490_foilpm8	8.0	-5.0	0.0	2	6	1	2	272	272	0	False	425	85	66	0	68	0	rg03_theta12p490_foilpm8	68.25	102	102	True	open_populated	21	251	False	170	81	21
rg03_theta12p490_foilpm8	8.0	-5.0	0.0	2	7	1	2	329	329	0	False	486	98	84	0	59	0	rg03_theta12p490_foilpm8	68.25	102	102	True	open_populated	21	308	False	227	81	21
rg03_theta12p490_foilpm8	8.0	-5.0	0.0	3	2	1	2	66	66	0	False	97	20	15	0	11	0	rg03_theta12p490_foilpm8	68.25	102	66	False	open_populated	21	45	False	0	45	21
rg03_theta12p490_foilpm8	8.0	-5.0	0.0	3	3	1	2	71	71	0	False	123	25	21	0	27	0	rg03_theta12p490_foilpm8	68.25	102	71	False	open_populated	21	50	False	0	50	21
rg03_theta12p490_foilpm8	8.0	-5.0	0.0	3	4	1	2	156	156	0	False	247	50	37	0	41	0	rg03_theta12p490_foilpm8	68.25	102	102	True	open_populated	21	135	False	54	81	21
rg03_theta12p490_foilpm8	8.0	-5.0	0.0	3	5	1	2	231	231	0	False	357	72	54	0	54	0	rg03_theta12p490_foilpm8	68.25	102	102	True	open_populated	21	210	False	129	81	21
rg03_theta12p490_foilpm8	8.0	-5.0	0.0	3	6	1	2	324	324	0	False	505	101	84	0	80	0	rg03_theta12p490_foilpm8	68.25	102	102	True	open_populated	20	304	False	222	82	20
rg03_theta12p490_foilpm8	8.0	-5.0	0.0	3	7	1	2	359	359	0	False	537	108	95	0	70	0	rg03_theta12p490_foilpm8	68.25	102	102	True	open_populated	21	338	False	257	81	21
rg03_theta12p490_foilpm8	8.0	-5.0	0.0	4	2	1	2	57	57	0	False	87	18	14	0	12	0	rg03_theta12p490_foilpm8	68.25	102	57	False	open_populated	20	37	False	0	37	20
rg03_theta12p490_foilpm8	8.0	-5.0	0.0	4	3	1	2	91	91	0	False	151	31	25	0	29	0	rg03_theta12p490_foilpm8	68.25	102	91	False	open_populated	21	70	False	0	70	21
rg03_theta12p490_foilpm8	8.0	-5.0	0.0	4	4	1	2	47	47	0	False	69	14	11	0	8	0	rg03_theta12p490_foilpm8	68.25	102	47	False	open_populated	21	26	False	0	26	21
rg03_theta12p490_foilpm8	8.0	-5.0	0.0	4	5	1	2	255	255	0	False	404	81	70	0	68	0	rg03_theta12p490_foilpm8	68.25	102	102	True	open_populated	21	234	False	153	81	21
rg03_theta12p490_foilpm8	8.0	-5.0	0.0	4	6	1	2	386	386	0	False	593	119	97	0	88	0	rg03_theta12p490_foilpm8	68.25	102	102	True	open_populated	20	366	False	284	82	20
rg03_theta12p490_foilpm8	8.0	-5.0	0.0	4	7	1	2	439	439	0	False	650	130	107	0	81	0	rg03_theta12p490_foilpm8	68.25	102	102	True	open_populated	21	418	False	337	81	21
rg03_theta12p490_foilpm8	8.0	-5.0	0.0	5	2	1	2	49	49	0	False	76	16	11	0	11	0	rg03_theta12p490_foilpm8	68.25	102	49	False	open_populated	21	28	False	0	28	21
rg03_theta12p490_foilpm8	8.0	-5.0	0.0	5	3	1	2	95	95	0	False	144	29	19	0	20	0	rg03_theta12p490_foilpm8	68.25	102	95	False	open_populated	21	74	False	0	74	21
rg03_theta12p490_foilpm8	8.0	-5.0	0.0	5	4	1	2	167	167	0	False	251	51	37	0	33	0	rg03_theta12p490_foilpm8	68.25	102	102	True	open_populated	21	146	False	65	81	21
rg03_theta12p490_foilpm8	8.0	-5.0	0.0	5	5	1	2	0	0	0	True	5	1	0	5	4	4	rg03_theta12p490_foilpm8	68.25	102	0	False	blocked	0	0	False	0	0	0
rg03_theta12p490_foilpm8	8.0	-5.0	0.0	5	6	1	2	332	332	0	False	510	102	79	0	76	0	rg03_theta12p490_foilpm8	68.25	102	102	True	open_populated	21	311	False	230	81	21
rg03_theta12p490_foilpm8	8.0	-5.0	0.0	5	7	1	2	390	390	0	False	573	115	101	0	68	0	rg03_theta12p490_foilpm8	68.25	102	102	True	open_populated	21	369	False	288	81	21
rg03_theta12p490_foilpm8	8.0	-5.0	0.0	6	2	1	2	42	42	0	False	59	12	10	0	5	0	rg03_theta12p490_foilpm8	68.25	102	42	False	open_populated	21	21	False	0	21	21
rg03_theta12p490_foilpm8	8.0	-5.0	0.0	6	3	1	2	79	79	0	False	121	25	22	0	17	0	rg03_theta12p490_foilpm8	68.25	102	79	False	open_populated	21	58	False	0	58	21
rg03_theta12p490_foilpm8	8.0	-5.0	0.0	6	4	1	2	149	149	0	False	218	44	33	0	25	0	rg03_theta12p490_foilpm8	68.25	102	102	True	open_populated	21	128	False	47	81	21
rg03_theta12p490_foilpm8	8.0	-5.0	0.0	6	5	1	2	199	199	0	False	299	60	51	0	40	0	rg03_theta12p490_foilpm8	68.25	102	102	True	open_populated	21	178	False	97	81	21
rg03_theta12p490_foilpm8	8.0	-5.0	0.0	6	6	1	2	304	304	0	False	447	90	66	0	53	0	rg03_theta12p490_foilpm8	68.25	102	102	True	open_populated	21	283	False	202	81	21
rg03_theta12p490_foilpm8	8.0	-5.0	0.0	6	7	1	2	377	377	0	False	554	111	100	0	66	0	rg03_theta12p490_foilpm8	68.25	102	102	True	open_populated	21	356	False	275	81	21
rg03_theta12p490_foilpm8	8.0	-5.0	0.0	7	2	1	2	21	21	0	False	34	7	5	0	6	0	rg03_theta12p490_foilpm8	68.25	102	21	False	open_populated	21	0	False	0	0	21
rg03_theta12p490_foilpm8	8.0	-5.0	0.0	7	3	1	2	69	69	0	False	98	20	17	0	9	0	rg03_theta12p490_foilpm8	68.25	102	69	False	open_populated	20	49	False	0	49	20
rg03_theta12p490_foilpm8	8.0	-5.0	0.0	7	4	1	2	134	134	0	False	197	40	34	0	23	0	rg03_theta12p490_foilpm8	68.25	102	102	True	open_populated	20	114	False	32	82	20
rg03_theta12p490_foilpm8	8.0	-5.0	0.0	7	5	1	2	154	154	0	False	237	48	36	0	35	0	rg03_theta12p490_foilpm8	68.25	102	102	True	open_populated	21	133	False	52	81	21
rg03_theta12p490_foilpm8	8.0	-5.0	0.0	7	6	1	2	213	213	0	False	336	68	51	0	55	0	rg03_theta12p490_foilpm8	68.25	102	102	True	open_populated	20	193	False	111	82	20
rg03_theta12p490_foilpm8	8.0	-5.0	0.0	7	7	1	2	229	229	0	False	367	74	66	0	64	0	rg03_theta12p490_foilpm8	68.25	102	102	True	open_populated	20	209	False	127	82	20
rg03_theta12p490_foilpm8	8.0	-5.0	0.0	8	2	1	2	0	0	0	False	1	1	0	1	0	0	rg03_theta12p490_foilpm8	68.25	102	0	False	observed_no_eligible_core	0	0	False	0	0	0
rg03_theta12p490_foilpm8	8.0	-5.0	0.0	8	3	1	2	44	44	0	False	69	14	13	0	11	0	rg03_theta12p490_foilpm8	68.25	102	44	False	open_populated	20	24	False	0	24	20
rg03_theta12p490_foilpm8	8.0	-5.0	0.0	8	4	1	2	86	86	0	False	128	26	18	0	16	0	rg03_theta12p490_foilpm8	68.25	102	86	False	open_populated	21	65	False	0	65	21
rg03_theta12p490_foilpm8	8.0	-5.0	0.0	8	5	1	2	102	102	0	False	154	31	25	0	21	0	rg03_theta12p490_foilpm8	68.25	102	102	False	open_populated	21	81	False	0	81	21
rg03_theta12p490_foilpm8	8.0	-5.0	0.0	8	6	1	2	157	157	0	False	248	50	42	0	41	0	rg03_theta12p490_foilpm8	68.25	102	102	True	open_populated	21	136	False	55	81	21
rg03_theta12p490_foilpm8	8.0	-5.0	0.0	8	7	1	2	0	0	0	False	6	2	0	6	4	0	rg03_theta12p490_foilpm8	68.25	102	0	False	observed_no_eligible_core	0	0	False	0	0	0
rg03_theta12p490_foilpm8	8.0	0.0	5.0	0	2	1	3	0	0	0	False	1	1	0	1	0	0	rg03_theta12p490_foilpm8	42.5	63	0	False	observed_no_eligible_core	0	0	False	0	0	0
rg03_theta12p490_foilpm8	8.0	0.0	5.0	0	3	1	3	15	15	0	False	27	6	3	0	6	0	rg03_theta12p490_foilpm8	42.5	63	15	False	open_populated	15	0	False	0	0	15
rg03_theta12p490_foilpm8	8.0	0.0	5.0	0	4	1	3	26	26	0	False	43	9	5	0	8	0	rg03_theta12p490_foilpm8	42.5	63	26	False	open_populated	24	2	False	0	2	24
rg03_theta12p490_foilpm8	8.0	0.0	5.0	0	5	1	3	73	73	0	False	118	24	19	0	21	0	rg03_theta12p490_foilpm8	42.5	63	63	True	open_populated	24	49	False	10	39	24
rg03_theta12p490_foilpm8	8.0	0.0	5.0	0	6	1	3	103	103	0	False	165	33	24	0	29	0	rg03_theta12p490_foilpm8	42.5	63	63	True	open_populated	25	78	False	40	38	25
rg03_theta12p490_foilpm8	8.0	0.0	5.0	0	7	1	3	0	0	0	False	1	1	0	1	0	0	rg03_theta12p490_foilpm8	42.5	63	0	False	observed_no_eligible_core	0	0	False	0	0	0
rg03_theta12p490_foilpm8	8.0	0.0	5.0	1	2	1	3	22	22	0	False	33	7	5	0	4	0	rg03_theta12p490_foilpm8	42.5	63	22	False	open_populated	22	0	False	0	0	22
rg03_theta12p490_foilpm8	8.0	0.0	5.0	1	3	1	3	30	30	0	False	52	11	7	0	11	0	rg03_theta12p490_foilpm8	42.5	63	30	False	open_populated	25	5	False	0	5	25
rg03_theta12p490_foilpm8	8.0	0.0	5.0	1	4	1	3	59	59	0	False	97	20	16	0	18	0	rg03_theta12p490_foilpm8	42.5	63	59	False	open_populated	24	35	False	0	35	24
rg03_theta12p490_foilpm8	8.0	0.0	5.0	1	5	1	3	101	101	0	False	165	33	24	0	31	0	rg03_theta12p490_foilpm8	42.5	63	63	True	open_populated	25	76	False	38	38	25
rg03_theta12p490_foilpm8	8.0	0.0	5.0	1	6	1	3	167	167	0	False	260	52	40	0	41	0	rg03_theta12p490_foilpm8	42.5	63	63	True	open_populated	24	143	False	104	39	24
rg03_theta12p490_foilpm8	8.0	0.0	5.0	1	7	1	3	180	180	0	False	288	58	44	0	50	0	rg03_theta12p490_foilpm8	42.5	63	63	True	open_populated	24	156	False	117	39	24
rg03_theta12p490_foilpm8	8.0	0.0	5.0	2	2	1	3	26	26	0	False	51	11	9	0	14	0	rg03_theta12p490_foilpm8	42.5	63	26	False	open_populated	24	2	False	0	2	24
rg03_theta12p490_foilpm8	8.0	0.0	5.0	2	3	1	3	0	0	0	True	1	1	0	1	0	0	rg03_theta12p490_foilpm8	42.5	63	0	False	blocked	0	0	False	0	0	0
rg03_theta12p490_foilpm8	8.0	0.0	5.0	2	4	1	3	97	97	0	False	159	32	20	0	30	0	rg03_theta12p490_foilpm8	42.5	63	63	True	open_populated	24	73	False	34	39	24
rg03_theta12p490_foilpm8	8.0	0.0	5.0	2	5	1	3	143	143	0	False	232	47	35	0	42	0	rg03_theta12p490_foilpm8	42.5	63	63	True	open_populated	24	119	False	80	39	24
rg03_theta12p490_foilpm8	8.0	0.0	5.0	2	6	1	3	213	213	0	False	346	70	59	0	63	0	rg03_theta12p490_foilpm8	42.5	63	63	True	open_populated	24	189	False	150	39	24
rg03_theta12p490_foilpm8	8.0	0.0	5.0	2	7	1	3	255	255	0	False	414	83	73	0	76	0	rg03_theta12p490_foilpm8	42.5	63	63	True	open_populated	24	231	False	192	39	24
rg03_theta12p490_foilpm8	8.0	0.0	5.0	3	2	1	3	41	41	0	False	59	12	10	0	6	0	rg03_theta12p490_foilpm8	42.5	63	41	False	open_populated	25	16	False	0	16	25
rg03_theta12p490_foilpm8	8.0	0.0	5.0	3	3	1	3	63	63	0	False	116	24	17	0	29	0	rg03_theta12p490_foilpm8	42.5	63	63	False	open_populated	24	39	False	0	39	24
rg03_theta12p490_foilpm8	8.0	0.0	5.0	3	4	1	3	125	125	0	False	200	40	33	0	35	0	rg03_theta12p490_foilpm8	42.5	63	63	True	open_populated	24	101	False	62	39	24
rg03_theta12p490_foilpm8	8.0	0.0	5.0	3	5	1	3	179	179	0	False	304	61	46	0	64	0	rg03_theta12p490_foilpm8	42.5	63	63	True	open_populated	24	155	False	116	39	24
rg03_theta12p490_foilpm8	8.0	0.0	5.0	3	6	1	3	286	286	0	False	460	92	75	0	82	0	rg03_theta12p490_foilpm8	42.5	63	63	True	open_populated	24	262	False	223	39	24
rg03_theta12p490_foilpm8	8.0	0.0	5.0	3	7	1	3	368	368	0	False	572	115	95	0	89	0	rg03_theta12p490_foilpm8	42.5	63	63	True	open_populated	24	344	False	305	39	24
rg03_theta12p490_foilpm8	8.0	0.0	5.0	4	2	1	3	30	30	0	False	53	11	8	0	12	0	rg03_theta12p490_foilpm8	42.5	63	30	False	open_populated	24	6	False	0	6	24
rg03_theta12p490_foilpm8	8.0	0.0	5.0	4	3	1	3	57	57	0	False	100	20	16	0	23	0	rg03_theta12p490_foilpm8	42.5	63	57	False	open_populated	25	32	False	0	32	25
rg03_theta12p490_foilpm8	8.0	0.0	5.0	4	4	1	3	26	26	0	False	46	10	7	0	10	0	rg03_theta12p490_foilpm8	42.5	63	26	False	open_populated	25	1	False	0	1	25
rg03_theta12p490_foilpm8	8.0	0.0	5.0	4	5	1	3	216	216	0	False	330	66	58	0	48	0	rg03_theta12p490_foilpm8	42.5	63	63	True	open_populated	24	192	False	153	39	24
rg03_theta12p490_foilpm8	8.0	0.0	5.0	4	6	1	3	284	284	0	False	463	93	72	0	86	0	rg03_theta12p490_foilpm8	42.5	63	63	True	open_populated	24	260	False	221	39	24
rg03_theta12p490_foilpm8	8.0	0.0	5.0	4	7	1	3	382	382	0	False	621	125	96	0	114	0	rg03_theta12p490_foilpm8	42.5	63	63	True	open_populated	24	358	False	319	39	24
rg03_theta12p490_foilpm8	8.0	0.0	5.0	5	2	1	3	9	9	0	False	17	4	2	0	4	0	rg03_theta12p490_foilpm8	42.5	63	9	False	open_populated	9	0	True	0	0	9
rg03_theta12p490_foilpm8	8.0	0.0	5.0	5	3	1	3	60	60	0	False	98	20	18	0	18	0	rg03_theta12p490_foilpm8	42.5	63	60	False	open_populated	24	36	False	0	36	24
rg03_theta12p490_foilpm8	8.0	0.0	5.0	5	4	1	3	131	131	0	False	207	42	30	0	34	0	rg03_theta12p490_foilpm8	42.5	63	63	True	open_populated	24	107	False	68	39	24
rg03_theta12p490_foilpm8	8.0	0.0	5.0	5	5	1	3	0	0	0	True	3	1	0	3	2	2	rg03_theta12p490_foilpm8	42.5	63	0	False	blocked	0	0	False	0	0	0
rg03_theta12p490_foilpm8	8.0	0.0	5.0	5	6	1	3	299	299	0	False	468	94	75	0	75	0	rg03_theta12p490_foilpm8	42.5	63	63	True	open_populated	24	275	False	236	39	24
rg03_theta12p490_foilpm8	8.0	0.0	5.0	5	7	1	3	351	351	0	False	556	112	88	0	93	0	rg03_theta12p490_foilpm8	42.5	63	63	True	open_populated	24	327	False	288	39	24
rg03_theta12p490_foilpm8	8.0	0.0	5.0	6	2	1	3	9	9	0	False	13	3	2	0	1	0	rg03_theta12p490_foilpm8	42.5	63	9	False	open_populated	9	0	True	0	0	9
rg03_theta12p490_foilpm8	8.0	0.0	5.0	6	3	1	3	50	50	0	False	84	17	9	0	17	0	rg03_theta12p490_foilpm8	42.5	63	50	False	open_populated	25	25	False	0	25	25
rg03_theta12p490_foilpm8	8.0	0.0	5.0	6	4	1	3	96	96	0	False	157	32	22	0	29	0	rg03_theta12p490_foilpm8	42.5	63	63	True	open_populated	24	72	False	33	39	24
rg03_theta12p490_foilpm8	8.0	0.0	5.0	6	5	1	3	162	162	0	False	260	52	39	0	46	0	rg03_theta12p490_foilpm8	42.5	63	63	True	open_populated	24	138	False	99	39	24
rg03_theta12p490_foilpm8	8.0	0.0	5.0	6	6	1	3	216	216	0	False	351	71	55	0	64	0	rg03_theta12p490_foilpm8	42.5	63	63	True	open_populated	24	192	False	153	39	24
rg03_theta12p490_foilpm8	8.0	0.0	5.0	6	7	1	3	296	296	0	False	464	93	80	0	75	0	rg03_theta12p490_foilpm8	42.5	63	63	True	open_populated	24	272	False	233	39	24
rg03_theta12p490_foilpm8	8.0	0.0	5.0	7	2	1	3	13	13	0	False	22	5	2	0	4	0	rg03_theta12p490_foilpm8	42.5	63	13	False	open_populated	13	0	False	0	0	13
rg03_theta12p490_foilpm8	8.0	0.0	5.0	7	3	1	3	43	43	0	False	66	14	12	0	9	0	rg03_theta12p490_foilpm8	42.5	63	43	False	open_populated	24	19	False	0	19	24
rg03_theta12p490_foilpm8	8.0	0.0	5.0	7	4	1	3	66	66	0	False	108	22	17	0	20	0	rg03_theta12p490_foilpm8	42.5	63	63	True	open_populated	24	42	False	3	39	24
rg03_theta12p490_foilpm8	8.0	0.0	5.0	7	5	1	3	112	112	0	False	184	37	28	0	35	0	rg03_theta12p490_foilpm8	42.5	63	63	True	open_populated	25	87	False	49	38	25
rg03_theta12p490_foilpm8	8.0	0.0	5.0	7	6	1	3	172	172	0	False	273	55	44	0	46	0	rg03_theta12p490_foilpm8	42.5	63	63	True	open_populated	24	148	False	109	39	24
rg03_theta12p490_foilpm8	8.0	0.0	5.0	7	7	1	3	222	222	0	False	345	69	55	0	54	0	rg03_theta12p490_foilpm8	42.5	63	63	True	open_populated	24	198	False	159	39	24
rg03_theta12p490_foilpm8	8.0	0.0	5.0	8	2	1	3	0	0	0	False	1	1	0	1	0	0	rg03_theta12p490_foilpm8	42.5	63	0	False	observed_no_eligible_core	0	0	False	0	0	0
rg03_theta12p490_foilpm8	8.0	0.0	5.0	8	3	1	3	36	36	0	False	60	12	11	0	12	0	rg03_theta12p490_foilpm8	42.5	63	36	False	open_populated	25	11	False	0	11	25
rg03_theta12p490_foilpm8	8.0	0.0	5.0	8	4	1	3	54	54	0	False	82	17	14	0	11	0	rg03_theta12p490_foilpm8	42.5	63	54	False	open_populated	24	30	False	0	30	24
rg03_theta12p490_foilpm8	8.0	0.0	5.0	8	5	1	3	73	73	0	False	119	24	19	0	22	0	rg03_theta12p490_foilpm8	42.5	63	63	True	open_populated	24	49	False	10	39	24
rg03_theta12p490_foilpm8	8.0	0.0	5.0	8	6	1	3	118	118	0	False	182	37	31	0	27	0	rg03_theta12p490_foilpm8	42.5	63	63	True	open_populated	24	94	False	55	39	24
rg03_theta12p490_foilpm8	8.0	0.0	5.0	8	7	1	3	0	0	0	False	3	1	0	3	2	0	rg03_theta12p490_foilpm8	42.5	63	0	False	observed_no_eligible_core	0	0	False	0	0	0
rg03_theta12p490_foilpm8	8.0	5.0	10.0	0	3	1	4	0	0	0	False	11	3	0	11	8	0	rg03_theta12p490_foilpm8	29.0	43	0	False	observed_no_eligible_core	0	0	False	0	0	0
rg03_theta12p490_foilpm8	8.0	5.0	10.0	0	4	1	4	24	24	0	False	36	8	6	0	4	0	rg03_theta12p490_foilpm8	29.0	43	24	False	open_populated	24	0	False	0	0	24
rg03_theta12p490_foilpm8	8.0	5.0	10.0	0	5	1	4	46	46	0	False	72	15	15	0	11	0	rg03_theta12p490_foilpm8	29.0	43	43	True	open_populated	38	8	False	3	5	38
rg03_theta12p490_foilpm8	8.0	5.0	10.0	0	6	1	4	63	63	0	False	97	20	17	0	14	0	rg03_theta12p490_foilpm8	29.0	43	43	True	open_populated	38	25	False	20	5	38
rg03_theta12p490_foilpm8	8.0	5.0	10.0	0	7	1	4	0	0	0	False	2	1	0	2	1	0	rg03_theta12p490_foilpm8	29.0	43	0	False	observed_no_eligible_core	0	0	False	0	0	0
rg03_theta12p490_foilpm8	8.0	5.0	10.0	1	2	1	4	0	0	0	False	12	3	0	12	9	0	rg03_theta12p490_foilpm8	29.0	43	0	False	observed_no_eligible_core	0	0	False	0	0	0
rg03_theta12p490_foilpm8	8.0	5.0	10.0	1	3	1	4	18	18	0	False	31	7	6	0	6	0	rg03_theta12p490_foilpm8	29.0	43	18	False	open_populated	18	0	False	0	0	18
rg03_theta12p490_foilpm8	8.0	5.0	10.0	1	4	1	4	29	29	0	False	47	10	7	0	8	0	rg03_theta12p490_foilpm8	29.0	43	29	False	open_populated	29	0	False	0	0	29
rg03_theta12p490_foilpm8	8.0	5.0	10.0	1	5	1	4	83	83	0	False	131	27	22	0	21	0	rg03_theta12p490_foilpm8	29.0	43	43	True	open_populated	38	45	False	40	5	38
rg03_theta12p490_foilpm8	8.0	5.0	10.0	1	6	1	4	128	128	0	False	204	41	29	0	35	0	rg03_theta12p490_foilpm8	29.0	43	43	True	open_populated	38	90	False	85	5	38
rg03_theta12p490_foilpm8	8.0	5.0	10.0	1	7	1	4	128	128	0	False	213	43	33	0	42	0	rg03_theta12p490_foilpm8	29.0	43	43	True	open_populated	38	90	False	85	5	38
rg03_theta12p490_foilpm8	8.0	5.0	10.0	2	2	1	4	18	18	0	False	38	8	7	0	12	0	rg03_theta12p490_foilpm8	29.0	43	18	False	open_populated	18	0	False	0	0	18
rg03_theta12p490_foilpm8	8.0	5.0	10.0	2	4	1	4	60	60	0	False	91	19	12	0	12	0	rg03_theta12p490_foilpm8	29.0	43	43	True	open_populated	38	22	False	17	5	38
rg03_theta12p490_foilpm8	8.0	5.0	10.0	2	5	1	4	96	96	0	False	150	30	24	0	24	0	rg03_theta12p490_foilpm8	29.0	43	43	True	open_populated	38	58	False	53	5	38
rg03_theta12p490_foilpm8	8.0	5.0	10.0	2	6	1	4	138	138	0	False	220	44	33	0	38	0	rg03_theta12p490_foilpm8	29.0	43	43	True	open_populated	38	100	False	95	5	38
rg03_theta12p490_foilpm8	8.0	5.0	10.0	2	7	1	4	207	207	0	False	327	66	50	0	54	0	rg03_theta12p490_foilpm8	29.0	43	43	True	open_populated	38	169	False	164	5	38
rg03_theta12p490_foilpm8	8.0	5.0	10.0	3	2	1	4	15	15	0	False	31	7	6	0	9	0	rg03_theta12p490_foilpm8	29.0	43	15	False	open_populated	15	0	False	0	0	15
rg03_theta12p490_foilpm8	8.0	5.0	10.0	3	3	1	4	42	42	0	False	63	13	10	0	8	0	rg03_theta12p490_foilpm8	29.0	43	42	False	open_populated	38	4	False	0	4	38
rg03_theta12p490_foilpm8	8.0	5.0	10.0	3	4	1	4	78	78	0	False	122	25	19	0	19	0	rg03_theta12p490_foilpm8	29.0	43	43	True	open_populated	38	40	False	35	5	38
rg03_theta12p490_foilpm8	8.0	5.0	10.0	3	5	1	4	136	136	0	False	213	43	32	0	34	0	rg03_theta12p490_foilpm8	29.0	43	43	True	open_populated	38	98	False	93	5	38
rg03_theta12p490_foilpm8	8.0	5.0	10.0	3	6	1	4	192	192	0	False	295	59	47	0	44	0	rg03_theta12p490_foilpm8	29.0	43	43	True	open_populated	38	154	False	149	5	38
rg03_theta12p490_foilpm8	8.0	5.0	10.0	3	7	1	4	265	265	0	False	403	81	69	0	57	0	rg03_theta12p490_foilpm8	29.0	43	43	True	open_populated	39	226	False	222	4	39
rg03_theta12p490_foilpm8	8.0	5.0	10.0	4	2	1	4	17	17	0	False	28	6	4	0	5	0	rg03_theta12p490_foilpm8	29.0	43	17	False	open_populated	17	0	False	0	0	17
rg03_theta12p490_foilpm8	8.0	5.0	10.0	4	3	1	4	29	29	0	False	42	9	5	0	4	0	rg03_theta12p490_foilpm8	29.0	43	29	False	open_populated	29	0	False	0	0	29
rg03_theta12p490_foilpm8	8.0	5.0	10.0	4	4	1	4	23	23	0	False	33	7	7	0	3	0	rg03_theta12p490_foilpm8	29.0	43	23	False	open_populated	23	0	False	0	0	23
rg03_theta12p490_foilpm8	8.0	5.0	10.0	4	5	1	4	126	126	0	False	198	40	30	0	32	0	rg03_theta12p490_foilpm8	29.0	43	43	True	open_populated	38	88	False	83	5	38
rg03_theta12p490_foilpm8	8.0	5.0	10.0	4	6	1	4	212	212	0	False	343	69	54	0	62	0	rg03_theta12p490_foilpm8	29.0	43	43	True	open_populated	38	174	False	169	5	38
rg03_theta12p490_foilpm8	8.0	5.0	10.0	4	7	1	4	278	278	0	False	435	87	66	0	70	0	rg03_theta12p490_foilpm8	29.0	43	43	True	open_populated	38	240	False	235	5	38
rg03_theta12p490_foilpm8	8.0	5.0	10.0	5	2	1	4	11	11	0	False	16	4	3	0	1	0	rg03_theta12p490_foilpm8	29.0	43	11	False	open_populated	11	0	False	0	0	11
rg03_theta12p490_foilpm8	8.0	5.0	10.0	5	3	1	4	39	39	0	False	58	12	9	0	7	0	rg03_theta12p490_foilpm8	29.0	43	39	False	open_populated	38	1	False	0	1	38
rg03_theta12p490_foilpm8	8.0	5.0	10.0	5	4	1	4	76	76	0	False	106	22	15	0	8	0	rg03_theta12p490_foilpm8	29.0	43	43	True	open_populated	38	38	False	33	5	38
rg03_theta12p490_foilpm8	8.0	5.0	10.0	5	5	1	4	0	0	0	True	2	1	0	2	1	1	rg03_theta12p490_foilpm8	29.0	43	0	False	blocked	0	0	False	0	0	0
rg03_theta12p490_foilpm8	8.0	5.0	10.0	5	6	1	4	186	186	0	False	297	60	47	0	51	0	rg03_theta12p490_foilpm8	29.0	43	43	True	open_populated	38	148	False	143	5	38
rg03_theta12p490_foilpm8	8.0	5.0	10.0	5	7	1	4	270	270	0	False	435	87	67	0	78	0	rg03_theta12p490_foilpm8	29.0	43	43	True	open_populated	38	232	False	227	5	38
rg03_theta12p490_foilpm8	8.0	5.0	10.0	6	2	1	4	10	10	0	False	16	4	4	0	2	0	rg03_theta12p490_foilpm8	29.0	43	10	False	open_populated	10	0	False	0	0	10
rg03_theta12p490_foilpm8	8.0	5.0	10.0	6	3	1	4	25	25	0	False	41	9	7	0	7	0	rg03_theta12p490_foilpm8	29.0	43	25	False	open_populated	25	0	False	0	0	25
rg03_theta12p490_foilpm8	8.0	5.0	10.0	6	4	1	4	51	51	0	False	80	16	11	0	13	0	rg03_theta12p490_foilpm8	29.0	43	43	True	open_populated	38	13	False	8	5	38
rg03_theta12p490_foilpm8	8.0	5.0	10.0	6	5	1	4	101	101	0	False	164	33	19	0	30	0	rg03_theta12p490_foilpm8	29.0	43	43	True	open_populated	38	63	False	58	5	38
rg03_theta12p490_foilpm8	8.0	5.0	10.0	6	6	1	4	171	171	0	False	263	53	37	0	39	0	rg03_theta12p490_foilpm8	29.0	43	43	True	open_populated	38	133	False	128	5	38
rg03_theta12p490_foilpm8	8.0	5.0	10.0	6	7	1	4	242	242	0	False	372	75	56	0	55	0	rg03_theta12p490_foilpm8	29.0	43	43	True	open_populated	38	204	False	199	5	38
rg03_theta12p490_foilpm8	8.0	5.0	10.0	7	2	1	4	6	6	0	False	13	3	2	0	4	0	rg03_theta12p490_foilpm8	29.0	43	6	False	open_populated	6	0	True	0	0	6
rg03_theta12p490_foilpm8	8.0	5.0	10.0	7	3	1	4	31	31	0	False	50	10	9	0	9	0	rg03_theta12p490_foilpm8	29.0	43	31	False	open_populated	31	0	False	0	0	31
rg03_theta12p490_foilpm8	8.0	5.0	10.0	7	4	1	4	30	30	0	False	50	10	7	0	10	0	rg03_theta12p490_foilpm8	29.0	43	30	False	open_populated	30	0	False	0	0	30
rg03_theta12p490_foilpm8	8.0	5.0	10.0	7	5	1	4	63	63	0	False	96	20	16	0	13	0	rg03_theta12p490_foilpm8	29.0	43	43	True	open_populated	38	25	False	20	5	38
rg03_theta12p490_foilpm8	8.0	5.0	10.0	7	6	1	4	113	113	0	False	190	38	31	0	39	0	rg03_theta12p490_foilpm8	29.0	43	43	True	open_populated	38	75	False	70	5	38
rg03_theta12p490_foilpm8	8.0	5.0	10.0	7	7	1	4	159	159	0	False	242	49	43	0	34	0	rg03_theta12p490_foilpm8	29.0	43	43	True	open_populated	38	121	False	116	5	38
rg03_theta12p490_foilpm8	8.0	5.0	10.0	8	3	1	4	0	0	0	False	12	3	0	12	9	0	rg03_theta12p490_foilpm8	29.0	43	0	False	observed_no_eligible_core	0	0	False	0	0	0
rg03_theta12p490_foilpm8	8.0	5.0	10.0	8	4	1	4	23	23	0	False	39	8	4	0	8	0	rg03_theta12p490_foilpm8	29.0	43	23	False	open_populated	23	0	False	0	0	23
rg03_theta12p490_foilpm8	8.0	5.0	10.0	8	5	1	4	39	39	0	False	55	11	7	0	5	0	rg03_theta12p490_foilpm8	29.0	43	39	False	open_populated	38	1	False	0	1	38
rg03_theta12p490_foilpm8	8.0	5.0	10.0	8	6	1	4	62	62	0	False	89	18	13	0	9	0	rg03_theta12p490_foilpm8	29.0	43	43	True	open_populated	38	24	False	19	5	38
rg03_theta12p490_foilpm8	8.0	5.0	10.0	8	7	1	4	0	0	0	False	3	1	0	3	2	0	rg03_theta12p490_foilpm8	29.0	43	0	False	observed_no_eligible_core	0	0	False	0	0	0
rg04_theta15p195_foilpm3	-3.0	-10.0	-8.0	0	2	0	0	8	8	0	False	14	3	1	0	3	0	rg04_theta15p195_foilpm3	15.0	22	8	False	open_populated	8	0	True	0	0	8
rg04_theta15p195_foilpm3	-3.0	-10.0	-8.0	0	3	0	0	16	16	0	False	24	5	4	0	3	0	rg04_theta15p195_foilpm3	15.0	22	16	False	open_populated	16	0	False	0	0	16
rg04_theta15p195_foilpm3	-3.0	-10.0	-8.0	0	4	0	0	18	18	0	False	29	6	4	0	5	0	rg04_theta15p195_foilpm3	15.0	22	18	False	open_populated	18	0	False	0	0	18
rg04_theta15p195_foilpm3	-3.0	-10.0	-8.0	0	5	0	0	13	13	0	False	19	4	3	0	2	0	rg04_theta15p195_foilpm3	15.0	22	13	False	open_populated	13	0	False	0	0	13
rg04_theta15p195_foilpm3	-3.0	-10.0	-8.0	0	6	0	0	0	0	0	False	1	1	0	1	0	0	rg04_theta15p195_foilpm3	15.0	22	0	False	observed_no_eligible_core	0	0	False	0	0	0
rg04_theta15p195_foilpm3	-3.0	-10.0	-8.0	1	2	0	0	0	0	0	False	9	2	0	9	7	0	rg04_theta15p195_foilpm3	15.0	22	0	False	observed_no_eligible_core	0	0	False	0	0	0
rg04_theta15p195_foilpm3	-3.0	-10.0	-8.0	1	3	0	0	19	19	0	False	31	7	3	0	5	0	rg04_theta15p195_foilpm3	15.0	22	19	False	open_populated	19	0	False	0	0	19
rg04_theta15p195_foilpm3	-3.0	-10.0	-8.0	1	4	0	0	24	24	0	False	41	9	7	0	8	0	rg04_theta15p195_foilpm3	15.0	22	22	True	open_populated	22	2	False	2	0	22
rg04_theta15p195_foilpm3	-3.0	-10.0	-8.0	1	5	0	0	23	23	0	False	35	7	7	0	5	0	rg04_theta15p195_foilpm3	15.0	22	22	True	open_populated	22	1	False	1	0	22
rg04_theta15p195_foilpm3	-3.0	-10.0	-8.0	1	6	0	0	0	0	0	False	4	1	0	4	3	0	rg04_theta15p195_foilpm3	15.0	22	0	False	observed_no_eligible_core	0	0	False	0	0	0
rg04_theta15p195_foilpm3	-3.0	-10.0	-8.0	2	2	0	0	15	15	0	False	25	5	2	0	5	0	rg04_theta15p195_foilpm3	15.0	22	15	False	open_populated	15	0	False	0	0	15
rg04_theta15p195_foilpm3	-3.0	-10.0	-8.0	2	3	0	0	0	0	0	True	3	1	0	3	2	2	rg04_theta15p195_foilpm3	15.0	22	0	False	blocked	0	0	False	0	0	0
rg04_theta15p195_foilpm3	-3.0	-10.0	-8.0	2	4	0	0	20	20	0	False	38	8	5	0	10	0	rg04_theta15p195_foilpm3	15.0	22	20	False	open_populated	20	0	False	0	0	20
rg04_theta15p195_foilpm3	-3.0	-10.0	-8.0	2	5	0	0	18	18	0	False	38	8	4	0	12	0	rg04_theta15p195_foilpm3	15.0	22	18	False	open_populated	18	0	False	0	0	18
rg04_theta15p195_foilpm3	-3.0	-10.0	-8.0	2	6	0	0	17	17	0	False	33	7	5	0	9	0	rg04_theta15p195_foilpm3	15.0	22	17	False	open_populated	17	0	False	0	0	17
rg04_theta15p195_foilpm3	-3.0	-10.0	-8.0	3	2	0	0	15	15	0	False	39	8	2	0	16	0	rg04_theta15p195_foilpm3	15.0	22	15	False	open_populated	15	0	False	0	0	15
rg04_theta15p195_foilpm3	-3.0	-10.0	-8.0	3	3	0	0	34	34	0	False	53	11	9	0	8	0	rg04_theta15p195_foilpm3	15.0	22	22	True	open_populated	22	12	False	12	0	22
rg04_theta15p195_foilpm3	-3.0	-10.0	-8.0	3	4	0	0	34	34	0	False	69	14	11	0	21	0	rg04_theta15p195_foilpm3	15.0	22	22	True	open_populated	22	12	False	12	0	22
rg04_theta15p195_foilpm3	-3.0	-10.0	-8.0	3	5	0	0	31	31	0	False	60	12	6	0	17	0	rg04_theta15p195_foilpm3	15.0	22	22	True	open_populated	22	9	False	9	0	22
rg04_theta15p195_foilpm3	-3.0	-10.0	-8.0	3	6	0	0	36	36	0	False	70	14	5	0	20	0	rg04_theta15p195_foilpm3	15.0	22	22	True	open_populated	22	14	False	14	0	22
rg04_theta15p195_foilpm3	-3.0	-10.0	-8.0	4	2	0	0	15	15	0	False	27	6	5	0	6	0	rg04_theta15p195_foilpm3	15.0	22	15	False	open_populated	15	0	False	0	0	15
rg04_theta15p195_foilpm3	-3.0	-10.0	-8.0	4	3	0	0	22	22	0	False	35	7	5	0	6	0	rg04_theta15p195_foilpm3	15.0	22	22	False	open_populated	22	0	False	0	0	22
rg04_theta15p195_foilpm3	-3.0	-10.0	-8.0	4	4	0	0	9	9	0	False	16	4	3	0	3	0	rg04_theta15p195_foilpm3	15.0	22	9	False	open_populated	9	0	True	0	0	9
rg04_theta15p195_foilpm3	-3.0	-10.0	-8.0	4	5	0	0	38	38	0	False	55	11	8	0	6	0	rg04_theta15p195_foilpm3	15.0	22	22	True	open_populated	22	16	False	16	0	22
rg04_theta15p195_foilpm3	-3.0	-10.0	-8.0	4	6	0	0	45	45	0	False	72	15	10	0	12	0	rg04_theta15p195_foilpm3	15.0	22	22	True	open_populated	22	23	False	23	0	22
rg04_theta15p195_foilpm3	-3.0	-10.0	-8.0	5	2	0	0	23	23	0	False	34	7	3	0	4	0	rg04_theta15p195_foilpm3	15.0	22	22	True	open_populated	22	1	False	1	0	22
rg04_theta15p195_foilpm3	-3.0	-10.0	-8.0	5	3	0	0	22	22	0	False	40	8	7	0	10	0	rg04_theta15p195_foilpm3	15.0	22	22	False	open_populated	22	0	False	0	0	22
rg04_theta15p195_foilpm3	-3.0	-10.0	-8.0	5	4	0	0	36	36	0	False	60	12	10	0	12	0	rg04_theta15p195_foilpm3	15.0	22	22	True	open_populated	22	14	False	14	0	22
rg04_theta15p195_foilpm3	-3.0	-10.0	-8.0	5	5	0	0	0	0	0	True	3	1	0	3	2	2	rg04_theta15p195_foilpm3	15.0	22	0	False	blocked	0	0	False	0	0	0
rg04_theta15p195_foilpm3	-3.0	-10.0	-8.0	5	6	0	0	35	35	0	False	63	13	12	0	15	0	rg04_theta15p195_foilpm3	15.0	22	22	True	open_populated	22	13	False	13	0	22
rg04_theta15p195_foilpm3	-3.0	-10.0	-8.0	6	2	0	0	7	7	0	False	13	3	2	0	3	0	rg04_theta15p195_foilpm3	15.0	22	7	False	open_populated	7	0	True	0	0	7
rg04_theta15p195_foilpm3	-3.0	-10.0	-8.0	6	3	0	0	16	16	0	False	28	6	5	0	6	0	rg04_theta15p195_foilpm3	15.0	22	16	False	open_populated	16	0	False	0	0	16
rg04_theta15p195_foilpm3	-3.0	-10.0	-8.0	6	4	0	0	23	23	0	False	42	9	5	0	10	0	rg04_theta15p195_foilpm3	15.0	22	22	True	open_populated	22	1	False	1	0	22
rg04_theta15p195_foilpm3	-3.0	-10.0	-8.0	6	5	0	0	41	41	0	False	62	13	5	0	8	0	rg04_theta15p195_foilpm3	15.0	22	22	True	open_populated	22	19	False	19	0	22
rg04_theta15p195_foilpm3	-3.0	-10.0	-8.0	6	6	0	0	41	41	0	False	66	14	9	0	11	0	rg04_theta15p195_foilpm3	15.0	22	22	True	open_populated	22	19	False	19	0	22
rg04_theta15p195_foilpm3	-3.0	-10.0	-8.0	7	2	0	0	0	0	0	False	7	2	0	7	5	0	rg04_theta15p195_foilpm3	15.0	22	0	False	observed_no_eligible_core	0	0	False	0	0	0
rg04_theta15p195_foilpm3	-3.0	-10.0	-8.0	7	3	0	0	13	13	0	False	28	6	4	0	9	0	rg04_theta15p195_foilpm3	15.0	22	13	False	open_populated	13	0	False	0	0	13
rg04_theta15p195_foilpm3	-3.0	-10.0	-8.0	7	4	0	0	14	14	0	False	37	8	4	0	15	0	rg04_theta15p195_foilpm3	15.0	22	14	False	open_populated	14	0	False	0	0	14
rg04_theta15p195_foilpm3	-3.0	-10.0	-8.0	7	5	0	0	31	31	0	False	57	12	8	0	14	0	rg04_theta15p195_foilpm3	15.0	22	22	True	open_populated	22	9	False	9	0	22
rg04_theta15p195_foilpm3	-3.0	-10.0	-8.0	7	6	0	0	31	31	0	False	48	10	9	0	7	0	rg04_theta15p195_foilpm3	15.0	22	22	True	open_populated	22	9	False	9	0	22
rg04_theta15p195_foilpm3	-3.0	-10.0	-8.0	8	2	0	0	0	0	0	False	1	1	0	1	0	0	rg04_theta15p195_foilpm3	15.0	22	0	False	observed_no_eligible_core	0	0	False	0	0	0
rg04_theta15p195_foilpm3	-3.0	-10.0	-8.0	8	3	0	0	0	0	0	False	2	1	0	2	1	0	rg04_theta15p195_foilpm3	15.0	22	0	False	observed_no_eligible_core	0	0	False	0	0	0
rg04_theta15p195_foilpm3	-3.0	-10.0	-8.0	8	4	0	0	0	0	0	False	10	2	0	10	8	0	rg04_theta15p195_foilpm3	15.0	22	0	False	observed_no_eligible_core	0	0	False	0	0	0
rg04_theta15p195_foilpm3	-3.0	-10.0	-8.0	8	5	0	0	11	11	0	False	16	4	4	0	1	0	rg04_theta15p195_foilpm3	15.0	22	11	False	open_populated	11	0	False	0	0	11
rg04_theta15p195_foilpm3	-3.0	-8.0	-5.0	0	2	0	1	11	11	0	False	18	4	3	0	3	0	rg04_theta15p195_foilpm3	21.75	32	11	False	open_populated	11	0	False	0	0	11
rg04_theta15p195_foilpm3	-3.0	-8.0	-5.0	0	3	0	1	21	21	0	False	34	7	6	0	6	0	rg04_theta15p195_foilpm3	21.75	32	21	False	open_populated	21	0	False	0	0	21
rg04_theta15p195_foilpm3	-3.0	-8.0	-5.0	0	4	0	1	31	31	0	False	56	12	6	0	13	0	rg04_theta15p195_foilpm3	21.75	32	31	False	open_populated	31	0	False	0	0	31
rg04_theta15p195_foilpm3	-3.0	-8.0	-5.0	0	5	0	1	37	37	0	False	58	12	9	0	9	0	rg04_theta15p195_foilpm3	21.75	32	32	True	open_populated	32	5	False	5	0	32
rg04_theta15p195_foilpm3	-3.0	-8.0	-5.0	0	6	0	1	0	0	0	False	1	1	0	1	0	0	rg04_theta15p195_foilpm3	21.75	32	0	False	observed_no_eligible_core	0	0	False	0	0	0
rg04_theta15p195_foilpm3	-3.0	-8.0	-5.0	1	1	0	1	0	0	0	False	11	3	0	11	8	0	rg04_theta15p195_foilpm3	21.75	32	0	False	observed_no_eligible_core	0	0	False	0	0	0
rg04_theta15p195_foilpm3	-3.0	-8.0	-5.0	1	2	0	1	19	19	0	False	30	6	6	0	5	0	rg04_theta15p195_foilpm3	21.75	32	19	False	open_populated	19	0	False	0	0	19
rg04_theta15p195_foilpm3	-3.0	-8.0	-5.0	1	3	0	1	32	32	0	False	49	10	8	0	7	0	rg04_theta15p195_foilpm3	21.75	32	32	False	open_populated	32	0	False	0	0	32
rg04_theta15p195_foilpm3	-3.0	-8.0	-5.0	1	4	0	1	40	40	0	False	62	13	11	0	9	0	rg04_theta15p195_foilpm3	21.75	32	32	True	open_populated	32	8	False	8	0	32
rg04_theta15p195_foilpm3	-3.0	-8.0	-5.0	1	5	0	1	53	53	0	False	86	18	13	0	15	0	rg04_theta15p195_foilpm3	21.75	32	32	True	open_populated	32	21	False	21	0	32
rg04_theta15p195_foilpm3	-3.0	-8.0	-5.0	1	6	0	1	19	19	0	False	30	6	6	0	5	0	rg04_theta15p195_foilpm3	21.75	32	19	False	open_populated	19	0	False	0	0	19
rg04_theta15p195_foilpm3	-3.0	-8.0	-5.0	2	1	0	1	9	9	0	False	13	3	3	0	1	0	rg04_theta15p195_foilpm3	21.75	32	9	False	open_populated	9	0	True	0	0	9
rg04_theta15p195_foilpm3	-3.0	-8.0	-5.0	2	2	0	1	18	18	0	False	30	6	6	0	6	0	rg04_theta15p195_foilpm3	21.75	32	18	False	open_populated	18	0	False	0	0	18
rg04_theta15p195_foilpm3	-3.0	-8.0	-5.0	2	3	0	1	0	0	0	True	4	1	0	4	3	3	rg04_theta15p195_foilpm3	21.75	32	0	False	blocked	0	0	False	0	0	0
rg04_theta15p195_foilpm3	-3.0	-8.0	-5.0	2	4	0	1	48	48	0	False	78	16	13	0	14	0	rg04_theta15p195_foilpm3	21.75	32	32	True	open_populated	32	16	False	16	0	32
rg04_theta15p195_foilpm3	-3.0	-8.0	-5.0	2	5	0	1	54	54	0	False	85	17	13	0	14	0	rg04_theta15p195_foilpm3	21.75	32	32	True	open_populated	32	22	False	22	0	32
rg04_theta15p195_foilpm3	-3.0	-8.0	-5.0	2	6	0	1	56	56	0	False	94	19	17	0	19	0	rg04_theta15p195_foilpm3	21.75	32	32	True	open_populated	32	24	False	24	0	32
rg04_theta15p195_foilpm3	-3.0	-8.0	-5.0	3	1	0	1	0	0	0	False	11	3	0	11	8	0	rg04_theta15p195_foilpm3	21.75	32	0	False	observed_no_eligible_core	0	0	False	0	0	0
rg04_theta15p195_foilpm3	-3.0	-8.0	-5.0	3	2	0	1	27	27	0	False	46	10	8	0	9	0	rg04_theta15p195_foilpm3	21.75	32	27	False	open_populated	27	0	False	0	0	27
rg04_theta15p195_foilpm3	-3.0	-8.0	-5.0	3	3	0	1	32	32	0	False	54	11	11	0	11	0	rg04_theta15p195_foilpm3	21.75	32	32	False	open_populated	32	0	False	0	0	32
rg04_theta15p195_foilpm3	-3.0	-8.0	-5.0	3	4	0	1	61	61	0	False	88	18	14	0	9	0	rg04_theta15p195_foilpm3	21.75	32	32	True	open_populated	32	29	False	29	0	32
rg04_theta15p195_foilpm3	-3.0	-8.0	-5.0	3	5	0	1	84	84	0	False	119	24	17	0	11	0	rg04_theta15p195_foilpm3	21.75	32	32	True	open_populated	32	52	False	52	0	32
rg04_theta15p195_foilpm3	-3.0	-8.0	-5.0	3	6	0	1	76	76	0	False	129	26	22	0	27	0	rg04_theta15p195_foilpm3	21.75	32	32	True	open_populated	32	44	False	44	0	32
rg04_theta15p195_foilpm3	-3.0	-8.0	-5.0	4	1	0	1	9	9	0	False	16	4	3	0	3	0	rg04_theta15p195_foilpm3	21.75	32	9	False	open_populated	9	0	True	0	0	9
rg04_theta15p195_foilpm3	-3.0	-8.0	-5.0	4	2	0	1	30	30	0	False	40	8	5	0	2	0	rg04_theta15p195_foilpm3	21.75	32	30	False	open_populated	30	0	False	0	0	30
rg04_theta15p195_foilpm3	-3.0	-8.0	-5.0	4	3	0	1	39	39	0	False	60	12	11	0	9	0	rg04_theta15p195_foilpm3	21.75	32	32	True	open_populated	32	7	False	7	0	32
rg04_theta15p195_foilpm3	-3.0	-8.0	-5.0	4	4	0	1	15	15	0	False	24	5	5	0	4	0	rg04_theta15p195_foilpm3	21.75	32	15	False	open_populated	15	0	False	0	0	15
rg04_theta15p195_foilpm3	-3.0	-8.0	-5.0	4	5	0	1	70	70	0	False	110	22	21	0	18	0	rg04_theta15p195_foilpm3	21.75	32	32	True	open_populated	32	38	False	38	0	32
rg04_theta15p195_foilpm3	-3.0	-8.0	-5.0	4	6	0	1	90	90	0	False	143	29	26	0	24	0	rg04_theta15p195_foilpm3	21.75	32	32	True	open_populated	32	58	False	58	0	32
rg04_theta15p195_foilpm3	-3.0	-8.0	-5.0	5	1	0	1	10	10	0	False	19	4	2	0	5	0	rg04_theta15p195_foilpm3	21.75	32	10	False	open_populated	10	0	False	0	0	10
rg04_theta15p195_foilpm3	-3.0	-8.0	-5.0	5	2	0	1	23	23	0	False	36	8	7	0	5	0	rg04_theta15p195_foilpm3	21.75	32	23	False	open_populated	23	0	False	0	0	23
rg04_theta15p195_foilpm3	-3.0	-8.0	-5.0	5	3	0	1	37	37	0	False	58	12	10	0	9	0	rg04_theta15p195_foilpm3	21.75	32	32	True	open_populated	32	5	False	5	0	32
rg04_theta15p195_foilpm3	-3.0	-8.0	-5.0	5	4	0	1	64	64	0	False	100	20	17	0	16	0	rg04_theta15p195_foilpm3	21.75	32	32	True	open_populated	32	32	False	32	0	32
rg04_theta15p195_foilpm3	-3.0	-8.0	-5.0	5	5	0	1	0	0	0	True	4	1	0	4	3	3	rg04_theta15p195_foilpm3	21.75	32	0	False	blocked	0	0	False	0	0	0
rg04_theta15p195_foilpm3	-3.0	-8.0	-5.0	5	6	0	1	88	88	0	False	142	29	19	0	25	0	rg04_theta15p195_foilpm3	21.75	32	32	True	open_populated	32	56	False	56	0	32
rg04_theta15p195_foilpm3	-3.0	-8.0	-5.0	6	1	0	1	0	0	0	False	6	2	0	6	4	0	rg04_theta15p195_foilpm3	21.75	32	0	False	observed_no_eligible_core	0	0	False	0	0	0
rg04_theta15p195_foilpm3	-3.0	-8.0	-5.0	6	2	0	1	27	27	0	False	38	8	8	0	3	0	rg04_theta15p195_foilpm3	21.75	32	27	False	open_populated	27	0	False	0	0	27
rg04_theta15p195_foilpm3	-3.0	-8.0	-5.0	6	3	0	1	22	22	0	False	35	7	5	0	6	0	rg04_theta15p195_foilpm3	21.75	32	22	False	open_populated	22	0	False	0	0	22
rg04_theta15p195_foilpm3	-3.0	-8.0	-5.0	6	4	0	1	68	68	0	False	102	21	16	0	13	0	rg04_theta15p195_foilpm3	21.75	32	32	True	open_populated	32	36	False	36	0	32
rg04_theta15p195_foilpm3	-3.0	-8.0	-5.0	6	5	0	1	63	63	0	False	96	20	15	0	13	0	rg04_theta15p195_foilpm3	21.75	32	32	True	open_populated	32	31	False	31	0	32
rg04_theta15p195_foilpm3	-3.0	-8.0	-5.0	6	6	0	1	76	76	0	False	127	26	21	0	25	0	rg04_theta15p195_foilpm3	21.75	32	32	True	open_populated	32	44	False	44	0	32
rg04_theta15p195_foilpm3	-3.0	-8.0	-5.0	7	1	0	1	0	0	0	False	2	1	0	2	1	0	rg04_theta15p195_foilpm3	21.75	32	0	False	observed_no_eligible_core	0	0	False	0	0	0
rg04_theta15p195_foilpm3	-3.0	-8.0	-5.0	7	2	0	1	12	12	0	False	19	4	3	0	3	0	rg04_theta15p195_foilpm3	21.75	32	12	False	open_populated	12	0	False	0	0	12
rg04_theta15p195_foilpm3	-3.0	-8.0	-5.0	7	3	0	1	28	28	0	False	46	10	8	0	8	0	rg04_theta15p195_foilpm3	21.75	32	28	False	open_populated	28	0	False	0	0	28
rg04_theta15p195_foilpm3	-3.0	-8.0	-5.0	7	4	0	1	38	38	0	False	55	11	8	0	6	0	rg04_theta15p195_foilpm3	21.75	32	32	True	open_populated	32	6	False	6	0	32
rg04_theta15p195_foilpm3	-3.0	-8.0	-5.0	7	5	0	1	49	49	0	False	77	16	11	0	12	0	rg04_theta15p195_foilpm3	21.75	32	32	True	open_populated	32	17	False	17	0	32
rg04_theta15p195_foilpm3	-3.0	-8.0	-5.0	7	6	0	1	60	60	0	False	84	17	12	0	7	0	rg04_theta15p195_foilpm3	21.75	32	32	True	open_populated	32	28	False	28	0	32
rg04_theta15p195_foilpm3	-3.0	-8.0	-5.0	8	2	0	1	16	16	0	False	22	5	3	0	1	0	rg04_theta15p195_foilpm3	21.75	32	16	False	open_populated	16	0	False	0	0	16
rg04_theta15p195_foilpm3	-3.0	-8.0	-5.0	8	3	0	1	23	23	0	False	35	7	7	0	5	0	rg04_theta15p195_foilpm3	21.75	32	23	False	open_populated	23	0	False	0	0	23
rg04_theta15p195_foilpm3	-3.0	-8.0	-5.0	8	4	0	1	27	27	0	False	43	9	5	0	7	0	rg04_theta15p195_foilpm3	21.75	32	27	False	open_populated	27	0	False	0	0	27
rg04_theta15p195_foilpm3	-3.0	-8.0	-5.0	8	5	0	1	36	36	0	False	66	14	11	0	16	0	rg04_theta15p195_foilpm3	21.75	32	32	True	open_populated	32	4	False	4	0	32
rg04_theta15p195_foilpm3	-3.0	-8.0	-5.0	8	6	0	1	0	0	0	False	4	1	0	4	3	0	rg04_theta15p195_foilpm3	21.75	32	0	False	observed_no_eligible_core	0	0	False	0	0	0
rg04_theta15p195_foilpm3	-3.0	-5.0	0.0	0	1	0	2	0	0	0	False	1	1	0	1	0	0	rg04_theta15p195_foilpm3	25.25	37	0	False	observed_no_eligible_core	0	0	False	0	0	0
rg04_theta15p195_foilpm3	-3.0	-5.0	0.0	0	2	0	2	15	15	0	False	25	5	4	0	5	0	rg04_theta15p195_foilpm3	25.25	37	15	False	open_populated	15	0	False	0	0	15
rg04_theta15p195_foilpm3	-3.0	-5.0	0.0	0	3	0	2	33	33	0	False	47	10	7	0	4	0	rg04_theta15p195_foilpm3	25.25	37	33	False	open_populated	33	0	False	0	0	33
rg04_theta15p195_foilpm3	-3.0	-5.0	0.0	0	4	0	2	26	26	0	False	44	9	6	0	9	0	rg04_theta15p195_foilpm3	25.25	37	26	False	open_populated	26	0	False	0	0	26
rg04_theta15p195_foilpm3	-3.0	-5.0	0.0	0	5	0	2	47	47	0	False	77	16	10	0	14	0	rg04_theta15p195_foilpm3	25.25	37	37	True	open_populated	37	10	False	10	0	37
rg04_theta15p195_foilpm3	-3.0	-5.0	0.0	0	6	0	2	0	0	0	False	1	1	0	1	0	0	rg04_theta15p195_foilpm3	25.25	37	0	False	observed_no_eligible_core	0	0	False	0	0	0
rg04_theta15p195_foilpm3	-3.0	-5.0	0.0	1	1	0	2	0	0	0	False	6	2	0	6	4	0	rg04_theta15p195_foilpm3	25.25	37	0	False	observed_no_eligible_core	0	0	False	0	0	0
rg04_theta15p195_foilpm3	-3.0	-5.0	0.0	1	2	0	2	22	22	0	False	34	7	5	0	5	0	rg04_theta15p195_foilpm3	25.25	37	22	False	open_populated	22	0	False	0	0	22
rg04_theta15p195_foilpm3	-3.0	-5.0	0.0	1	3	0	2	25	25	0	False	46	10	7	0	11	0	rg04_theta15p195_foilpm3	25.25	37	25	False	open_populated	25	0	False	0	0	25
rg04_theta15p195_foilpm3	-3.0	-5.0	0.0	1	4	0	2	48	48	0	False	85	17	13	0	20	0	rg04_theta15p195_foilpm3	25.25	37	37	True	open_populated	37	11	False	11	0	37
rg04_theta15p195_foilpm3	-3.0	-5.0	0.0	1	5	0	2	79	79	0	False	117	24	16	0	14	0	rg04_theta15p195_foilpm3	25.25	37	37	True	open_populated	37	42	False	42	0	37
rg04_theta15p195_foilpm3	-3.0	-5.0	0.0	1	6	0	2	52	52	0	False	84	17	12	0	15	0	rg04_theta15p195_foilpm3	25.25	37	37	True	open_populated	37	15	False	15	0	37
rg04_theta15p195_foilpm3	-3.0	-5.0	0.0	2	1	0	2	17	17	0	False	23	5	4	0	1	0	rg04_theta15p195_foilpm3	25.25	37	17	False	open_populated	17	0	False	0	0	17
rg04_theta15p195_foilpm3	-3.0	-5.0	0.0	2	2	0	2	26	26	0	False	37	8	7	0	3	0	rg04_theta15p195_foilpm3	25.25	37	26	False	open_populated	26	0	False	0	0	26
rg04_theta15p195_foilpm3	-3.0	-5.0	0.0	2	3	0	2	0	0	0	True	2	1	0	2	1	1	rg04_theta15p195_foilpm3	25.25	37	0	False	blocked	0	0	False	0	0	0
rg04_theta15p195_foilpm3	-3.0	-5.0	0.0	2	4	0	2	60	60	0	False	98	20	18	0	18	0	rg04_theta15p195_foilpm3	25.25	37	37	True	open_populated	37	23	False	23	0	37
rg04_theta15p195_foilpm3	-3.0	-5.0	0.0	2	5	0	2	75	75	0	False	118	24	19	0	19	0	rg04_theta15p195_foilpm3	25.25	37	37	True	open_populated	37	38	False	38	0	37
rg04_theta15p195_foilpm3	-3.0	-5.0	0.0	2	6	0	2	93	93	0	False	142	29	20	0	20	0	rg04_theta15p195_foilpm3	25.25	37	37	True	open_populated	37	56	False	56	0	37
rg04_theta15p195_foilpm3	-3.0	-5.0	0.0	3	1	0	2	17	17	0	False	25	5	5	0	3	0	rg04_theta15p195_foilpm3	25.25	37	17	False	open_populated	17	0	False	0	0	17
rg04_theta15p195_foilpm3	-3.0	-5.0	0.0	3	2	0	2	32	32	0	False	49	10	7	0	7	0	rg04_theta15p195_foilpm3	25.25	37	32	False	open_populated	32	0	False	0	0	32
rg04_theta15p195_foilpm3	-3.0	-5.0	0.0	3	3	0	2	53	53	0	False	81	17	10	0	11	0	rg04_theta15p195_foilpm3	25.25	37	37	True	open_populated	37	16	False	16	0	37
rg04_theta15p195_foilpm3	-3.0	-5.0	0.0	3	4	0	2	78	78	0	False	117	24	18	0	15	0	rg04_theta15p195_foilpm3	25.25	37	37	True	open_populated	37	41	False	41	0	37
rg04_theta15p195_foilpm3	-3.0	-5.0	0.0	3	5	0	2	95	95	0	False	153	31	26	0	27	0	rg04_theta15p195_foilpm3	25.25	37	37	True	open_populated	37	58	False	58	0	37
rg04_theta15p195_foilpm3	-3.0	-5.0	0.0	3	6	0	2	153	153	0	False	235	47	37	0	35	0	rg04_theta15p195_foilpm3	25.25	37	37	True	open_populated	37	116	False	116	0	37
rg04_theta15p195_foilpm3	-3.0	-5.0	0.0	4	1	0	2	19	19	0	False	30	6	5	0	5	0	rg04_theta15p195_foilpm3	25.25	37	19	False	open_populated	19	0	False	0	0	19
rg04_theta15p195_foilpm3	-3.0	-5.0	0.0	4	2	0	2	39	39	0	False	63	13	10	0	11	0	rg04_theta15p195_foilpm3	25.25	37	37	True	open_populated	37	2	False	2	0	37
rg04_theta15p195_foilpm3	-3.0	-5.0	0.0	4	3	0	2	61	61	0	False	94	19	17	0	14	0	rg04_theta15p195_foilpm3	25.25	37	37	True	open_populated	37	24	False	24	0	37
rg04_theta15p195_foilpm3	-3.0	-5.0	0.0	4	4	0	2	18	18	0	False	29	6	4	0	5	0	rg04_theta15p195_foilpm3	25.25	37	18	False	open_populated	18	0	False	0	0	18
rg04_theta15p195_foilpm3	-3.0	-5.0	0.0	4	5	0	2	127	127	0	False	206	42	37	0	37	0	rg04_theta15p195_foilpm3	25.25	37	37	True	open_populated	37	90	False	90	0	37
rg04_theta15p195_foilpm3	-3.0	-5.0	0.0	4	6	0	2	136	136	0	False	205	41	32	0	28	0	rg04_theta15p195_foilpm3	25.25	37	37	True	open_populated	37	99	False	99	0	37
rg04_theta15p195_foilpm3	-3.0	-5.0	0.0	5	1	0	2	12	12	0	False	21	5	3	0	4	0	rg04_theta15p195_foilpm3	25.25	37	12	False	open_populated	12	0	False	0	0	12
rg04_theta15p195_foilpm3	-3.0	-5.0	0.0	5	2	0	2	33	33	0	False	50	10	9	0	7	0	rg04_theta15p195_foilpm3	25.25	37	33	False	open_populated	33	0	False	0	0	33
rg04_theta15p195_foilpm3	-3.0	-5.0	0.0	5	3	0	2	48	48	0	False	75	15	11	0	12	0	rg04_theta15p195_foilpm3	25.25	37	37	True	open_populated	37	11	False	11	0	37
rg04_theta15p195_foilpm3	-3.0	-5.0	0.0	5	4	0	2	85	85	0	False	126	26	24	0	15	0	rg04_theta15p195_foilpm3	25.25	37	37	True	open_populated	37	48	False	48	0	37
rg04_theta15p195_foilpm3	-3.0	-5.0	0.0	5	5	0	2	0	0	0	True	5	1	0	5	4	4	rg04_theta15p195_foilpm3	25.25	37	0	False	blocked	0	0	False	0	0	0
rg04_theta15p195_foilpm3	-3.0	-5.0	0.0	5	6	0	2	149	149	0	False	215	43	32	0	23	0	rg04_theta15p195_foilpm3	25.25	37	37	True	open_populated	37	112	False	112	0	37
rg04_theta15p195_foilpm3	-3.0	-5.0	0.0	6	1	0	2	13	13	0	False	20	4	4	0	3	0	rg04_theta15p195_foilpm3	25.25	37	13	False	open_populated	13	0	False	0	0	13
rg04_theta15p195_foilpm3	-3.0	-5.0	0.0	6	2	0	2	23	23	0	False	35	7	6	0	5	0	rg04_theta15p195_foilpm3	25.25	37	23	False	open_populated	23	0	False	0	0	23
rg04_theta15p195_foilpm3	-3.0	-5.0	0.0	6	3	0	2	56	56	0	False	84	17	15	0	11	0	rg04_theta15p195_foilpm3	25.25	37	37	True	open_populated	37	19	False	19	0	37
rg04_theta15p195_foilpm3	-3.0	-5.0	0.0	6	4	0	2	79	79	0	False	119	24	18	0	16	0	rg04_theta15p195_foilpm3	25.25	37	37	True	open_populated	37	42	False	42	0	37
rg04_theta15p195_foilpm3	-3.0	-5.0	0.0	6	5	0	2	83	83	0	False	129	26	22	0	20	0	rg04_theta15p195_foilpm3	25.25	37	37	True	open_populated	37	46	False	46	0	37
rg04_theta15p195_foilpm3	-3.0	-5.0	0.0	6	6	0	2	133	133	0	False	195	39	30	0	23	0	rg04_theta15p195_foilpm3	25.25	37	37	True	open_populated	37	96	False	96	0	37
rg04_theta15p195_foilpm3	-3.0	-5.0	0.0	7	1	0	2	0	0	0	False	6	2	0	6	4	0	rg04_theta15p195_foilpm3	25.25	37	0	False	observed_no_eligible_core	0	0	False	0	0	0
rg04_theta15p195_foilpm3	-3.0	-5.0	0.0	7	2	0	2	25	25	0	False	36	8	7	0	3	0	rg04_theta15p195_foilpm3	25.25	37	25	False	open_populated	25	0	False	0	0	25
rg04_theta15p195_foilpm3	-3.0	-5.0	0.0	7	3	0	2	37	37	0	False	59	12	10	0	10	0	rg04_theta15p195_foilpm3	25.25	37	37	False	open_populated	37	0	False	0	0	37
rg04_theta15p195_foilpm3	-3.0	-5.0	0.0	7	4	0	2	61	61	0	False	94	19	17	0	14	0	rg04_theta15p195_foilpm3	25.25	37	37	True	open_populated	37	24	False	24	0	37
rg04_theta15p195_foilpm3	-3.0	-5.0	0.0	7	5	0	2	79	79	0	False	128	26	23	0	23	0	rg04_theta15p195_foilpm3	25.25	37	37	True	open_populated	37	42	False	42	0	37
rg04_theta15p195_foilpm3	-3.0	-5.0	0.0	7	6	0	2	95	95	0	False	149	30	23	0	24	0	rg04_theta15p195_foilpm3	25.25	37	37	True	open_populated	37	58	False	58	0	37
rg04_theta15p195_foilpm3	-3.0	-5.0	0.0	8	2	0	2	11	11	0	False	17	4	3	0	2	0	rg04_theta15p195_foilpm3	25.25	37	11	False	open_populated	11	0	False	0	0	11
rg04_theta15p195_foilpm3	-3.0	-5.0	0.0	8	3	0	2	28	28	0	False	42	9	7	0	5	0	rg04_theta15p195_foilpm3	25.25	37	28	False	open_populated	28	0	False	0	0	28
rg04_theta15p195_foilpm3	-3.0	-5.0	0.0	8	4	0	2	33	33	0	False	50	10	8	0	7	0	rg04_theta15p195_foilpm3	25.25	37	33	False	open_populated	33	0	False	0	0	33
rg04_theta15p195_foilpm3	-3.0	-5.0	0.0	8	5	0	2	62	62	0	False	90	18	13	0	10	0	rg04_theta15p195_foilpm3	25.25	37	37	True	open_populated	37	25	False	25	0	37
rg04_theta15p195_foilpm3	-3.0	-5.0	0.0	8	6	0	2	0	0	0	False	2	1	0	2	1	0	rg04_theta15p195_foilpm3	25.25	37	0	False	observed_no_eligible_core	0	0	False	0	0	0
rg04_theta15p195_foilpm3	-3.0	0.0	5.0	0	2	0	3	0	0	0	False	9	2	0	9	7	0	rg04_theta15p195_foilpm3	16.0	24	0	False	observed_no_eligible_core	0	0	False	0	0	0
rg04_theta15p195_foilpm3	-3.0	0.0	5.0	0	3	0	3	12	12	0	False	18	4	3	0	2	0	rg04_theta15p195_foilpm3	16.0	24	12	False	open_populated	12	0	False	0	0	12
rg04_theta15p195_foilpm3	-3.0	0.0	5.0	0	4	0	3	26	26	0	False	38	8	7	0	4	0	rg04_theta15p195_foilpm3	16.0	24	24	True	open_populated	24	2	False	2	0	24
rg04_theta15p195_foilpm3	-3.0	0.0	5.0	0	5	0	3	37	37	0	False	63	13	10	0	13	0	rg04_theta15p195_foilpm3	16.0	24	24	True	open_populated	24	13	False	13	0	24
rg04_theta15p195_foilpm3	-3.0	0.0	5.0	0	6	0	3	0	0	0	False	1	1	0	1	0	0	rg04_theta15p195_foilpm3	16.0	24	0	False	observed_no_eligible_core	0	0	False	0	0	0
rg04_theta15p195_foilpm3	-3.0	0.0	5.0	1	1	0	3	0	0	0	False	2	1	0	2	1	0	rg04_theta15p195_foilpm3	16.0	24	0	False	observed_no_eligible_core	0	0	False	0	0	0
rg04_theta15p195_foilpm3	-3.0	0.0	5.0	1	2	0	3	0	0	0	False	10	2	0	10	8	0	rg04_theta15p195_foilpm3	16.0	24	0	False	observed_no_eligible_core	0	0	False	0	0	0
rg04_theta15p195_foilpm3	-3.0	0.0	5.0	1	3	0	3	12	12	0	False	22	5	5	0	5	0	rg04_theta15p195_foilpm3	16.0	24	12	False	open_populated	12	0	False	0	0	12
rg04_theta15p195_foilpm3	-3.0	0.0	5.0	1	4	0	3	24	24	0	False	46	10	8	0	12	0	rg04_theta15p195_foilpm3	16.0	24	24	False	open_populated	24	0	False	0	0	24
rg04_theta15p195_foilpm3	-3.0	0.0	5.0	1	5	0	3	43	43	0	False	70	14	8	0	13	0	rg04_theta15p195_foilpm3	16.0	24	24	True	open_populated	24	19	False	19	0	24
rg04_theta15p195_foilpm3	-3.0	0.0	5.0	1	6	0	3	61	61	0	False	105	21	14	0	23	0	rg04_theta15p195_foilpm3	16.0	24	24	True	open_populated	24	37	False	37	0	24
rg04_theta15p195_foilpm3	-3.0	0.0	5.0	2	1	0	3	0	0	0	False	4	1	0	4	3	0	rg04_theta15p195_foilpm3	16.0	24	0	False	observed_no_eligible_core	0	0	False	0	0	0
rg04_theta15p195_foilpm3	-3.0	0.0	5.0	2	2	0	3	16	16	0	False	24	5	5	0	3	0	rg04_theta15p195_foilpm3	16.0	24	16	False	open_populated	16	0	False	0	0	16
rg04_theta15p195_foilpm3	-3.0	0.0	5.0	2	3	0	3	0	0	0	True	2	1	0	2	1	1	rg04_theta15p195_foilpm3	16.0	24	0	False	blocked	0	0	False	0	0	0
rg04_theta15p195_foilpm3	-3.0	0.0	5.0	2	4	0	3	37	37	0	False	66	14	10	0	15	0	rg04_theta15p195_foilpm3	16.0	24	24	True	open_populated	24	13	False	13	0	24
rg04_theta15p195_foilpm3	-3.0	0.0	5.0	2	5	0	3	65	65	0	False	99	20	15	0	14	0	rg04_theta15p195_foilpm3	16.0	24	24	True	open_populated	24	41	False	41	0	24
rg04_theta15p195_foilpm3	-3.0	0.0	5.0	2	6	0	3	86	86	0	False	133	27	19	0	20	0	rg04_theta15p195_foilpm3	16.0	24	24	True	open_populated	24	62	False	62	0	24
rg04_theta15p195_foilpm3	-3.0	0.0	5.0	3	1	0	3	9	9	0	False	14	3	2	0	2	0	rg04_theta15p195_foilpm3	16.0	24	9	False	open_populated	9	0	True	0	0	9
rg04_theta15p195_foilpm3	-3.0	0.0	5.0	3	2	0	3	16	16	0	False	26	6	3	0	4	0	rg04_theta15p195_foilpm3	16.0	24	16	False	open_populated	16	0	False	0	0	16
rg04_theta15p195_foilpm3	-3.0	0.0	5.0	3	3	0	3	31	31	0	False	47	10	9	0	6	0	rg04_theta15p195_foilpm3	16.0	24	24	True	open_populated	24	7	False	7	0	24
rg04_theta15p195_foilpm3	-3.0	0.0	5.0	3	4	0	3	47	47	0	False	78	16	13	0	15	0	rg04_theta15p195_foilpm3	16.0	24	24	True	open_populated	24	23	False	23	0	24
rg04_theta15p195_foilpm3	-3.0	0.0	5.0	3	5	0	3	90	90	0	False	131	27	18	0	14	0	rg04_theta15p195_foilpm3	16.0	24	24	True	open_populated	24	66	False	66	0	24
rg04_theta15p195_foilpm3	-3.0	0.0	5.0	3	6	0	3	120	120	0	False	181	37	28	0	24	0	rg04_theta15p195_foilpm3	16.0	24	24	True	open_populated	24	96	False	96	0	24
rg04_theta15p195_foilpm3	-3.0	0.0	5.0	4	1	0	3	12	12	0	False	19	4	4	0	3	0	rg04_theta15p195_foilpm3	16.0	24	12	False	open_populated	12	0	False	0	0	12
rg04_theta15p195_foilpm3	-3.0	0.0	5.0	4	2	0	3	21	21	0	False	31	7	5	0	3	0	rg04_theta15p195_foilpm3	16.0	24	21	False	open_populated	21	0	False	0	0	21
rg04_theta15p195_foilpm3	-3.0	0.0	5.0	4	3	0	3	26	26	0	False	43	9	7	0	8	0	rg04_theta15p195_foilpm3	16.0	24	24	True	open_populated	24	2	False	2	0	24
rg04_theta15p195_foilpm3	-3.0	0.0	5.0	4	4	0	3	9	9	0	False	19	4	3	0	6	0	rg04_theta15p195_foilpm3	16.0	24	9	False	open_populated	9	0	True	0	0	9
rg04_theta15p195_foilpm3	-3.0	0.0	5.0	4	5	0	3	60	60	0	False	96	20	17	0	16	0	rg04_theta15p195_foilpm3	16.0	24	24	True	open_populated	24	36	False	36	0	24
rg04_theta15p195_foilpm3	-3.0	0.0	5.0	4	6	0	3	109	109	0	False	172	35	24	0	28	0	rg04_theta15p195_foilpm3	16.0	24	24	True	open_populated	24	85	False	85	0	24
rg04_theta15p195_foilpm3	-3.0	0.0	5.0	5	1	0	3	10	10	0	False	15	3	2	0	2	0	rg04_theta15p195_foilpm3	16.0	24	10	False	open_populated	10	0	False	0	0	10
rg04_theta15p195_foilpm3	-3.0	0.0	5.0	5	2	0	3	19	19	0	False	29	6	4	0	4	0	rg04_theta15p195_foilpm3	16.0	24	19	False	open_populated	19	0	False	0	0	19
rg04_theta15p195_foilpm3	-3.0	0.0	5.0	5	3	0	3	27	27	0	False	43	9	9	0	7	0	rg04_theta15p195_foilpm3	16.0	24	24	True	open_populated	24	3	False	3	0	24
rg04_theta15p195_foilpm3	-3.0	0.0	5.0	5	4	0	3	42	42	0	False	68	14	11	0	12	0	rg04_theta15p195_foilpm3	16.0	24	24	True	open_populated	24	18	False	18	0	24
rg04_theta15p195_foilpm3	-3.0	0.0	5.0	5	5	0	3	0	0	0	True	1	1	0	1	0	0	rg04_theta15p195_foilpm3	16.0	24	0	False	blocked	0	0	False	0	0	0
rg04_theta15p195_foilpm3	-3.0	0.0	5.0	5	6	0	3	99	99	0	False	156	32	26	0	25	0	rg04_theta15p195_foilpm3	16.0	24	24	True	open_populated	24	75	False	75	0	24
rg04_theta15p195_foilpm3	-3.0	0.0	5.0	6	1	0	3	0	0	0	False	9	2	0	9	7	0	rg04_theta15p195_foilpm3	16.0	24	0	False	observed_no_eligible_core	0	0	False	0	0	0
rg04_theta15p195_foilpm3	-3.0	0.0	5.0	6	2	0	3	8	8	0	False	16	4	3	0	4	0	rg04_theta15p195_foilpm3	16.0	24	8	False	open_populated	8	0	True	0	0	8
rg04_theta15p195_foilpm3	-3.0	0.0	5.0	6	3	0	3	26	26	0	False	38	8	8	0	4	0	rg04_theta15p195_foilpm3	16.0	24	24	True	open_populated	24	2	False	2	0	24
rg04_theta15p195_foilpm3	-3.0	0.0	5.0	6	4	0	3	39	39	0	False	66	14	9	0	13	0	rg04_theta15p195_foilpm3	16.0	24	24	True	open_populated	24	15	False	15	0	24
rg04_theta15p195_foilpm3	-3.0	0.0	5.0	6	5	0	3	61	61	0	False	97	20	14	0	16	0	rg04_theta15p195_foilpm3	16.0	24	24	True	open_populated	24	37	False	37	0	24
rg04_theta15p195_foilpm3	-3.0	0.0	5.0	6	6	0	3	91	91	0	False	151	31	25	0	29	0	rg04_theta15p195_foilpm3	16.0	24	24	True	open_populated	24	67	False	67	0	24
rg04_theta15p195_foilpm3	-3.0	0.0	5.0	7	1	0	3	0	0	0	False	3	1	0	3	2	0	rg04_theta15p195_foilpm3	16.0	24	0	False	observed_no_eligible_core	0	0	False	0	0	0
rg04_theta15p195_foilpm3	-3.0	0.0	5.0	7	2	0	3	8	8	0	False	16	4	4	0	4	0	rg04_theta15p195_foilpm3	16.0	24	8	False	open_populated	8	0	True	0	0	8
rg04_theta15p195_foilpm3	-3.0	0.0	5.0	7	3	0	3	12	12	0	False	18	4	3	0	2	0	rg04_theta15p195_foilpm3	16.0	24	12	False	open_populated	12	0	False	0	0	12
rg04_theta15p195_foilpm3	-3.0	0.0	5.0	7	4	0	3	34	34	0	False	51	11	8	0	6	0	rg04_theta15p195_foilpm3	16.0	24	24	True	open_populated	24	10	False	10	0	24
rg04_theta15p195_foilpm3	-3.0	0.0	5.0	7	5	0	3	43	43	0	False	72	15	14	0	14	0	rg04_theta15p195_foilpm3	16.0	24	24	True	open_populated	24	19	False	19	0	24
rg04_theta15p195_foilpm3	-3.0	0.0	5.0	7	6	0	3	63	63	0	False	92	19	15	0	10	0	rg04_theta15p195_foilpm3	16.0	24	24	True	open_populated	24	39	False	39	0	24
rg04_theta15p195_foilpm3	-3.0	0.0	5.0	8	2	0	3	0	0	0	False	6	2	0	6	4	0	rg04_theta15p195_foilpm3	16.0	24	0	False	observed_no_eligible_core	0	0	False	0	0	0
rg04_theta15p195_foilpm3	-3.0	0.0	5.0	8	3	0	3	14	14	0	False	20	4	4	0	2	0	rg04_theta15p195_foilpm3	16.0	24	14	False	open_populated	14	0	False	0	0	14
rg04_theta15p195_foilpm3	-3.0	0.0	5.0	8	4	0	3	21	21	0	False	34	7	5	0	6	0	rg04_theta15p195_foilpm3	16.0	24	21	False	open_populated	21	0	False	0	0	21
rg04_theta15p195_foilpm3	-3.0	0.0	5.0	8	5	0	3	36	36	0	False	52	11	5	0	5	0	rg04_theta15p195_foilpm3	16.0	24	24	True	open_populated	24	12	False	12	0	24
rg04_theta15p195_foilpm3	-3.0	5.0	10.0	0	2	0	4	0	0	0	False	1	1	0	1	0	0	rg04_theta15p195_foilpm3	11.5	17	0	False	observed_no_eligible_core	0	0	False	0	0	0
rg04_theta15p195_foilpm3	-3.0	5.0	10.0	0	3	0	4	0	0	0	False	1	1	0	1	0	0	rg04_theta15p195_foilpm3	11.5	17	0	False	observed_no_eligible_core	0	0	False	0	0	0
rg04_theta15p195_foilpm3	-3.0	5.0	10.0	0	4	0	4	0	0	0	False	12	3	0	12	9	0	rg04_theta15p195_foilpm3	11.5	17	0	False	observed_no_eligible_core	0	0	False	0	0	0
rg04_theta15p195_foilpm3	-3.0	5.0	10.0	0	5	0	4	9	9	0	False	14	3	2	0	2	0	rg04_theta15p195_foilpm3	11.5	17	9	False	open_populated	9	0	True	0	0	9
rg04_theta15p195_foilpm3	-3.0	5.0	10.0	1	2	0	4	0	0	0	False	3	1	0	3	2	0	rg04_theta15p195_foilpm3	11.5	17	0	False	observed_no_eligible_core	0	0	False	0	0	0
rg04_theta15p195_foilpm3	-3.0	5.0	10.0	1	3	0	4	0	0	0	False	12	3	0	12	9	0	rg04_theta15p195_foilpm3	11.5	17	0	False	observed_no_eligible_core	0	0	False	0	0	0
rg04_theta15p195_foilpm3	-3.0	5.0	10.0	1	4	0	4	18	18	0	False	24	5	4	0	1	0	rg04_theta15p195_foilpm3	11.5	17	17	True	open_populated	17	1	False	1	0	17
rg04_theta15p195_foilpm3	-3.0	5.0	10.0	1	5	0	4	26	26	0	False	37	8	5	0	3	0	rg04_theta15p195_foilpm3	11.5	17	17	True	open_populated	17	9	False	9	0	17
rg04_theta15p195_foilpm3	-3.0	5.0	10.0	1	6	0	4	38	38	0	False	58	12	11	0	8	0	rg04_theta15p195_foilpm3	11.5	17	17	True	open_populated	17	21	False	21	0	17
rg04_theta15p195_foilpm3	-3.0	5.0	10.0	2	2	0	4	0	0	0	False	10	2	0	10	8	0	rg04_theta15p195_foilpm3	11.5	17	0	False	observed_no_eligible_core	0	0	False	0	0	0
rg04_theta15p195_foilpm3	-3.0	5.0	10.0	2	4	0	4	17	17	0	False	25	5	5	0	3	0	rg04_theta15p195_foilpm3	11.5	17	17	False	open_populated	17	0	False	0	0	17
rg04_theta15p195_foilpm3	-3.0	5.0	10.0	2	5	0	4	31	31	0	False	45	9	6	0	5	0	rg04_theta15p195_foilpm3	11.5	17	17	True	open_populated	17	14	False	14	0	17
rg04_theta15p195_foilpm3	-3.0	5.0	10.0	2	6	0	4	48	48	0	False	71	15	12	0	8	0	rg04_theta15p195_foilpm3	11.5	17	17	True	open_populated	17	31	False	31	0	17
rg04_theta15p195_foilpm3	-3.0	5.0	10.0	3	2	0	4	0	0	0	False	7	2	0	7	5	0	rg04_theta15p195_foilpm3	11.5	17	0	False	observed_no_eligible_core	0	0	False	0	0	0
rg04_theta15p195_foilpm3	-3.0	5.0	10.0	3	3	0	4	0	0	0	False	5	1	0	5	4	0	rg04_theta15p195_foilpm3	11.5	17	0	False	observed_no_eligible_core	0	0	False	0	0	0
rg04_theta15p195_foilpm3	-3.0	5.0	10.0	3	4	0	4	16	16	0	False	23	5	4	0	2	0	rg04_theta15p195_foilpm3	11.5	17	16	False	open_populated	16	0	False	0	0	16
rg04_theta15p195_foilpm3	-3.0	5.0	10.0	3	5	0	4	37	37	0	False	56	12	8	0	7	0	rg04_theta15p195_foilpm3	11.5	17	17	True	open_populated	17	20	False	20	0	17
rg04_theta15p195_foilpm3	-3.0	5.0	10.0	3	6	0	4	54	54	0	False	88	18	17	0	16	0	rg04_theta15p195_foilpm3	11.5	17	17	True	open_populated	17	37	False	37	0	17
rg04_theta15p195_foilpm3	-3.0	5.0	10.0	4	2	0	4	8	8	0	False	13	3	1	0	2	0	rg04_theta15p195_foilpm3	11.5	17	8	False	open_populated	8	0	True	0	0	8
rg04_theta15p195_foilpm3	-3.0	5.0	10.0	4	3	0	4	12	12	0	False	19	4	4	0	3	0	rg04_theta15p195_foilpm3	11.5	17	12	False	open_populated	12	0	False	0	0	12
rg04_theta15p195_foilpm3	-3.0	5.0	10.0	4	4	0	4	10	10	0	False	15	3	3	0	2	0	rg04_theta15p195_foilpm3	11.5	17	10	False	open_populated	10	0	False	0	0	10
rg04_theta15p195_foilpm3	-3.0	5.0	10.0	4	5	0	4	34	34	0	False	49	10	6	0	5	0	rg04_theta15p195_foilpm3	11.5	17	17	True	open_populated	17	17	False	17	0	17
rg04_theta15p195_foilpm3	-3.0	5.0	10.0	4	6	0	4	56	56	0	False	87	18	13	0	13	0	rg04_theta15p195_foilpm3	11.5	17	17	True	open_populated	17	39	False	39	0	17
rg04_theta15p195_foilpm3	-3.0	5.0	10.0	5	2	0	4	0	0	0	False	11	3	0	11	8	0	rg04_theta15p195_foilpm3	11.5	17	0	False	observed_no_eligible_core	0	0	False	0	0	0
rg04_theta15p195_foilpm3	-3.0	5.0	10.0	5	3	0	4	15	15	0	False	23	5	5	0	3	0	rg04_theta15p195_foilpm3	11.5	17	15	False	open_populated	15	0	False	0	0	15
rg04_theta15p195_foilpm3	-3.0	5.0	10.0	5	4	0	4	20	20	0	False	32	7	5	0	5	0	rg04_theta15p195_foilpm3	11.5	17	17	True	open_populated	17	3	False	3	0	17
rg04_theta15p195_foilpm3	-3.0	5.0	10.0	5	5	0	4	0	0	0	True	2	1	0	2	1	1	rg04_theta15p195_foilpm3	11.5	17	0	False	blocked	0	0	False	0	0	0
rg04_theta15p195_foilpm3	-3.0	5.0	10.0	5	6	0	4	59	59	0	False	92	19	17	0	14	0	rg04_theta15p195_foilpm3	11.5	17	17	True	open_populated	17	42	False	42	0	17
rg04_theta15p195_foilpm3	-3.0	5.0	10.0	6	2	0	4	0	0	0	False	8	2	0	8	6	0	rg04_theta15p195_foilpm3	11.5	17	0	False	observed_no_eligible_core	0	0	False	0	0	0
rg04_theta15p195_foilpm3	-3.0	5.0	10.0	6	3	0	4	10	10	0	False	14	3	2	0	1	0	rg04_theta15p195_foilpm3	11.5	17	10	False	open_populated	10	0	False	0	0	10
rg04_theta15p195_foilpm3	-3.0	5.0	10.0	6	4	0	4	11	11	0	False	21	5	4	0	5	0	rg04_theta15p195_foilpm3	11.5	17	11	False	open_populated	11	0	False	0	0	11
rg04_theta15p195_foilpm3	-3.0	5.0	10.0	6	5	0	4	31	31	0	False	48	10	7	0	7	0	rg04_theta15p195_foilpm3	11.5	17	17	True	open_populated	17	14	False	14	0	17
rg04_theta15p195_foilpm3	-3.0	5.0	10.0	6	6	0	4	34	34	0	False	52	11	10	0	7	0	rg04_theta15p195_foilpm3	11.5	17	17	True	open_populated	17	17	False	17	0	17
rg04_theta15p195_foilpm3	-3.0	5.0	10.0	7	2	0	4	0	0	0	False	5	1	0	5	4	0	rg04_theta15p195_foilpm3	11.5	17	0	False	observed_no_eligible_core	0	0	False	0	0	0
rg04_theta15p195_foilpm3	-3.0	5.0	10.0	7	3	0	4	0	0	0	False	3	1	0	3	2	0	rg04_theta15p195_foilpm3	11.5	17	0	False	observed_no_eligible_core	0	0	False	0	0	0
rg04_theta15p195_foilpm3	-3.0	5.0	10.0	7	4	0	4	11	11	0	False	17	4	4	0	2	0	rg04_theta15p195_foilpm3	11.5	17	11	False	open_populated	11	0	False	0	0	11
rg04_theta15p195_foilpm3	-3.0	5.0	10.0	7	5	0	4	17	17	0	False	30	6	3	0	7	0	rg04_theta15p195_foilpm3	11.5	17	17	False	open_populated	17	0	False	0	0	17
rg04_theta15p195_foilpm3	-3.0	5.0	10.0	7	6	0	4	33	33	0	False	50	10	9	0	7	0	rg04_theta15p195_foilpm3	11.5	17	17	True	open_populated	17	16	False	16	0	17
rg04_theta15p195_foilpm3	-3.0	5.0	10.0	8	3	0	4	0	0	0	False	6	2	0	6	4	0	rg04_theta15p195_foilpm3	11.5	17	0	False	observed_no_eligible_core	0	0	False	0	0	0
rg04_theta15p195_foilpm3	-3.0	5.0	10.0	8	4	0	4	9	9	0	False	13	3	2	0	1	0	rg04_theta15p195_foilpm3	11.5	17	9	False	open_populated	9	0	True	0	0	9
rg04_theta15p195_foilpm3	-3.0	5.0	10.0	8	5	0	4	14	14	0	False	19	4	4	0	1	0	rg04_theta15p195_foilpm3	11.5	17	14	False	open_populated	14	0	False	0	0	14
rg04_theta15p195_foilpm3	3.0	-10.0	-8.0	0	2	1	0	0	0	0	False	1	1	0	1	0	0	rg04_theta15p195_foilpm3	11.0	16	0	False	observed_no_eligible_core	0	0	False	0	0	0
rg04_theta15p195_foilpm3	3.0	-10.0	-8.0	0	3	1	0	11	11	0	False	15	3	3	0	1	0	rg04_theta15p195_foilpm3	11.0	16	11	False	open_populated	11	0	False	0	0	11
rg04_theta15p195_foilpm3	3.0	-10.0	-8.0	0	4	1	0	11	11	0	False	16	4	3	0	1	0	rg04_theta15p195_foilpm3	11.0	16	11	False	open_populated	11	0	False	0	0	11
rg04_theta15p195_foilpm3	3.0	-10.0	-8.0	0	5	1	0	22	22	0	False	35	7	4	0	6	0	rg04_theta15p195_foilpm3	11.0	16	16	True	open_populated	16	6	False	6	0	16
rg04_theta15p195_foilpm3	3.0	-10.0	-8.0	0	6	1	0	19	19	0	False	32	7	5	0	6	0	rg04_theta15p195_foilpm3	11.0	16	16	True	open_populated	16	3	False	3	0	16
rg04_theta15p195_foilpm3	3.0	-10.0	-8.0	0	7	1	0	0	0	0	False	1	1	0	1	0	0	rg04_theta15p195_foilpm3	11.0	16	0	False	observed_no_eligible_core	0	0	False	0	0	0
rg04_theta15p195_foilpm3	3.0	-10.0	-8.0	1	2	1	0	12	12	0	False	18	4	3	0	2	0	rg04_theta15p195_foilpm3	11.0	16	12	False	open_populated	12	0	False	0	0	12
rg04_theta15p195_foilpm3	3.0	-10.0	-8.0	1	3	1	0	8	8	0	False	14	3	2	0	3	0	rg04_theta15p195_foilpm3	11.0	16	8	False	open_populated	8	0	True	0	0	8
rg04_theta15p195_foilpm3	3.0	-10.0	-8.0	1	4	1	0	25	25	0	False	39	8	5	0	6	0	rg04_theta15p195_foilpm3	11.0	16	16	True	open_populated	16	9	False	9	0	16
rg04_theta15p195_foilpm3	3.0	-10.0	-8.0	1	5	1	0	28	28	0	False	52	11	7	0	13	0	rg04_theta15p195_foilpm3	11.0	16	16	True	open_populated	16	12	False	12	0	16
rg04_theta15p195_foilpm3	3.0	-10.0	-8.0	1	6	1	0	32	32	0	False	50	10	6	0	8	0	rg04_theta15p195_foilpm3	11.0	16	16	True	open_populated	16	16	False	16	0	16
rg04_theta15p195_foilpm3	3.0	-10.0	-8.0	2	2	1	0	10	10	0	False	20	4	0	0	6	0	rg04_theta15p195_foilpm3	11.0	16	10	False	open_populated	10	0	False	0	0	10
rg04_theta15p195_foilpm3	3.0	-10.0	-8.0	2	3	1	0	0	0	0	True	5	1	0	5	4	4	rg04_theta15p195_foilpm3	11.0	16	0	False	blocked	0	0	False	0	0	0
rg04_theta15p195_foilpm3	3.0	-10.0	-8.0	2	4	1	0	25	25	0	False	40	8	6	0	7	0	rg04_theta15p195_foilpm3	11.0	16	16	True	open_populated	16	9	False	9	0	16
rg04_theta15p195_foilpm3	3.0	-10.0	-8.0	2	5	1	0	30	30	0	False	54	11	6	0	13	0	rg04_theta15p195_foilpm3	11.0	16	16	True	open_populated	16	14	False	14	0	16
rg04_theta15p195_foilpm3	3.0	-10.0	-8.0	2	6	1	0	46	46	0	False	86	18	14	0	22	0	rg04_theta15p195_foilpm3	11.0	16	16	True	open_populated	16	30	False	30	0	16
rg04_theta15p195_foilpm3	3.0	-10.0	-8.0	2	7	1	0	0	0	0	False	12	3	0	12	9	0	rg04_theta15p195_foilpm3	11.0	16	0	False	observed_no_eligible_core	0	0	False	0	0	0
rg04_theta15p195_foilpm3	3.0	-10.0	-8.0	3	2	1	0	11	11	0	False	20	4	3	0	5	0	rg04_theta15p195_foilpm3	11.0	16	11	False	open_populated	11	0	False	0	0	11
rg04_theta15p195_foilpm3	3.0	-10.0	-8.0	3	3	1	0	23	23	0	False	35	7	7	0	5	0	rg04_theta15p195_foilpm3	11.0	16	16	True	open_populated	16	7	False	7	0	16
rg04_theta15p195_foilpm3	3.0	-10.0	-8.0	3	4	1	0	21	21	0	False	36	8	6	0	7	0	rg04_theta15p195_foilpm3	11.0	16	16	True	open_populated	16	5	False	5	0	16
rg04_theta15p195_foilpm3	3.0	-10.0	-8.0	3	5	1	0	40	40	0	False	63	13	8	0	10	0	rg04_theta15p195_foilpm3	11.0	16	16	True	open_populated	16	24	False	24	0	16
rg04_theta15p195_foilpm3	3.0	-10.0	-8.0	3	6	1	0	60	60	0	False	93	19	14	0	14	0	rg04_theta15p195_foilpm3	11.0	16	16	True	open_populated	16	44	False	44	0	16
rg04_theta15p195_foilpm3	3.0	-10.0	-8.0	3	7	1	0	11	11	0	False	19	4	3	0	4	0	rg04_theta15p195_foilpm3	11.0	16	11	False	open_populated	11	0	False	0	0	11
rg04_theta15p195_foilpm3	3.0	-10.0	-8.0	4	2	1	0	11	11	0	False	21	5	2	0	5	0	rg04_theta15p195_foilpm3	11.0	16	11	False	open_populated	11	0	False	0	0	11
rg04_theta15p195_foilpm3	3.0	-10.0	-8.0	4	3	1	0	20	20	0	False	40	8	4	0	12	0	rg04_theta15p195_foilpm3	11.0	16	16	True	open_populated	16	4	False	4	0	16
rg04_theta15p195_foilpm3	3.0	-10.0	-8.0	4	4	1	0	0	0	0	False	9	2	0	9	7	0	rg04_theta15p195_foilpm3	11.0	16	0	False	observed_no_eligible_core	0	0	False	0	0	0
rg04_theta15p195_foilpm3	3.0	-10.0	-8.0	4	5	1	0	44	44	0	False	71	15	10	0	12	0	rg04_theta15p195_foilpm3	11.0	16	16	True	open_populated	16	28	False	28	0	16
rg04_theta15p195_foilpm3	3.0	-10.0	-8.0	4	6	1	0	53	53	0	False	86	18	10	0	15	0	rg04_theta15p195_foilpm3	11.0	16	16	True	open_populated	16	37	False	37	0	16
rg04_theta15p195_foilpm3	3.0	-10.0	-8.0	4	7	1	0	13	13	0	False	24	5	4	0	6	0	rg04_theta15p195_foilpm3	11.0	16	13	False	open_populated	13	0	False	0	0	13
rg04_theta15p195_foilpm3	3.0	-10.0	-8.0	5	2	1	0	0	0	0	False	11	3	0	11	8	0	rg04_theta15p195_foilpm3	11.0	16	0	False	observed_no_eligible_core	0	0	False	0	0	0
rg04_theta15p195_foilpm3	3.0	-10.0	-8.0	5	3	1	0	15	15	0	False	24	5	5	0	4	0	rg04_theta15p195_foilpm3	11.0	16	15	False	open_populated	15	0	False	0	0	15
rg04_theta15p195_foilpm3	3.0	-10.0	-8.0	5	4	1	0	28	28	0	False	45	9	8	0	8	0	rg04_theta15p195_foilpm3	11.0	16	16	True	open_populated	16	12	False	12	0	16
rg04_theta15p195_foilpm3	3.0	-10.0	-8.0	5	6	1	0	37	37	0	False	64	13	11	0	14	0	rg04_theta15p195_foilpm3	11.0	16	16	True	open_populated	16	21	False	21	0	16
rg04_theta15p195_foilpm3	3.0	-10.0	-8.0	5	7	1	0	10	10	0	False	16	4	4	0	2	0	rg04_theta15p195_foilpm3	11.0	16	10	False	open_populated	10	0	False	0	0	10
rg04_theta15p195_foilpm3	3.0	-10.0	-8.0	6	2	1	0	0	0	0	False	9	2	0	9	7	0	rg04_theta15p195_foilpm3	11.0	16	0	False	observed_no_eligible_core	0	0	False	0	0	0
rg04_theta15p195_foilpm3	3.0	-10.0	-8.0	6	3	1	0	10	10	0	False	20	4	2	0	6	0	rg04_theta15p195_foilpm3	11.0	16	10	False	open_populated	10	0	False	0	0	10
rg04_theta15p195_foilpm3	3.0	-10.0	-8.0	6	4	1	0	25	25	0	False	41	9	6	0	7	0	rg04_theta15p195_foilpm3	11.0	16	16	True	open_populated	16	9	False	9	0	16
rg04_theta15p195_foilpm3	3.0	-10.0	-8.0	6	5	1	0	25	25	0	False	45	9	7	0	11	0	rg04_theta15p195_foilpm3	11.0	16	16	True	open_populated	16	9	False	9	0	16
rg04_theta15p195_foilpm3	3.0	-10.0	-8.0	6	6	1	0	44	44	0	False	74	15	11	0	15	0	rg04_theta15p195_foilpm3	11.0	16	16	True	open_populated	16	28	False	28	0	16
rg04_theta15p195_foilpm3	3.0	-10.0	-8.0	6	7	1	0	0	0	0	False	11	3	0	11	8	0	rg04_theta15p195_foilpm3	11.0	16	0	False	observed_no_eligible_core	0	0	False	0	0	0
rg04_theta15p195_foilpm3	3.0	-10.0	-8.0	7	2	1	0	0	0	0	False	5	1	0	5	4	0	rg04_theta15p195_foilpm3	11.0	16	0	False	observed_no_eligible_core	0	0	False	0	0	0
rg04_theta15p195_foilpm3	3.0	-10.0	-8.0	7	3	1	0	11	11	0	False	17	4	3	0	2	0	rg04_theta15p195_foilpm3	11.0	16	11	False	open_populated	11	0	False	0	0	11
rg04_theta15p195_foilpm3	3.0	-10.0	-8.0	7	4	1	0	17	17	0	False	26	6	4	0	3	0	rg04_theta15p195_foilpm3	11.0	16	16	True	open_populated	16	1	False	1	0	16
rg04_theta15p195_foilpm3	3.0	-10.0	-8.0	7	5	1	0	16	16	0	False	26	6	1	0	4	0	rg04_theta15p195_foilpm3	11.0	16	16	False	open_populated	16	0	False	0	0	16
rg04_theta15p195_foilpm3	3.0	-10.0	-8.0	7	6	1	0	25	25	0	False	44	9	6	0	10	0	rg04_theta15p195_foilpm3	11.0	16	16	True	open_populated	16	9	False	9	0	16
rg04_theta15p195_foilpm3	3.0	-10.0	-8.0	7	7	1	0	0	0	0	False	1	1	0	1	0	0	rg04_theta15p195_foilpm3	11.0	16	0	False	observed_no_eligible_core	0	0	False	0	0	0
rg04_theta15p195_foilpm3	3.0	-10.0	-8.0	8	3	1	0	0	0	0	False	4	1	0	4	3	0	rg04_theta15p195_foilpm3	11.0	16	0	False	observed_no_eligible_core	0	0	False	0	0	0
rg04_theta15p195_foilpm3	3.0	-10.0	-8.0	8	4	1	0	0	0	0	False	6	2	0	6	4	0	rg04_theta15p195_foilpm3	11.0	16	0	False	observed_no_eligible_core	0	0	False	0	0	0
rg04_theta15p195_foilpm3	3.0	-10.0	-8.0	8	5	1	0	10	10	0	False	13	3	2	0	0	0	rg04_theta15p195_foilpm3	11.0	16	10	False	open_populated	10	0	False	0	0	10
rg04_theta15p195_foilpm3	3.0	-10.0	-8.0	8	6	1	0	12	12	0	False	20	4	3	0	4	0	rg04_theta15p195_foilpm3	11.0	16	12	False	open_populated	12	0	False	0	0	12
rg04_theta15p195_foilpm3	3.0	-8.0	-5.0	0	2	1	1	0	0	0	False	1	1	0	1	0	0	rg04_theta15p195_foilpm3	22.0	33	0	False	observed_no_eligible_core	0	0	False	0	0	0
rg04_theta15p195_foilpm3	3.0	-8.0	-5.0	0	3	1	1	15	15	0	False	20	4	4	0	1	0	rg04_theta15p195_foilpm3	22.0	33	15	False	open_populated	15	0	False	0	0	15
rg04_theta15p195_foilpm3	3.0	-8.0	-5.0	0	4	1	1	24	24	0	False	34	7	4	0	3	0	rg04_theta15p195_foilpm3	22.0	33	24	False	open_populated	24	0	False	0	0	24
rg04_theta15p195_foilpm3	3.0	-8.0	-5.0	0	5	1	1	29	29	0	False	44	9	7	0	6	0	rg04_theta15p195_foilpm3	22.0	33	29	False	open_populated	29	0	False	0	0	29
rg04_theta15p195_foilpm3	3.0	-8.0	-5.0	0	6	1	1	25	25	0	False	44	9	7	0	10	0	rg04_theta15p195_foilpm3	22.0	33	25	False	open_populated	25	0	False	0	0	25
rg04_theta15p195_foilpm3	3.0	-8.0	-5.0	1	2	1	1	14	14	0	False	21	5	4	0	2	0	rg04_theta15p195_foilpm3	22.0	33	14	False	open_populated	14	0	False	0	0	14
rg04_theta15p195_foilpm3	3.0	-8.0	-5.0	1	3	1	1	21	21	0	False	31	7	5	0	3	0	rg04_theta15p195_foilpm3	22.0	33	21	False	open_populated	21	0	False	0	0	21
rg04_theta15p195_foilpm3	3.0	-8.0	-5.0	1	4	1	1	28	28	0	False	40	8	7	0	4	0	rg04_theta15p195_foilpm3	22.0	33	28	False	open_populated	28	0	False	0	0	28
rg04_theta15p195_foilpm3	3.0	-8.0	-5.0	1	5	1	1	49	49	0	False	70	14	12	0	7	0	rg04_theta15p195_foilpm3	22.0	33	33	True	open_populated	33	16	False	16	0	33
rg04_theta15p195_foilpm3	3.0	-8.0	-5.0	1	6	1	1	55	55	0	False	86	18	13	0	13	0	rg04_theta15p195_foilpm3	22.0	33	33	True	open_populated	33	22	False	22	0	33
rg04_theta15p195_foilpm3	3.0	-8.0	-5.0	1	7	1	1	0	0	0	False	4	1	0	4	3	0	rg04_theta15p195_foilpm3	22.0	33	0	False	observed_no_eligible_core	0	0	False	0	0	0
rg04_theta15p195_foilpm3	3.0	-8.0	-5.0	2	2	1	1	0	0	0	False	12	3	0	12	9	0	rg04_theta15p195_foilpm3	22.0	33	0	False	observed_no_eligible_core	0	0	False	0	0	0
rg04_theta15p195_foilpm3	3.0	-8.0	-5.0	2	3	1	1	0	0	0	True	1	1	0	1	0	0	rg04_theta15p195_foilpm3	22.0	33	0	False	blocked	0	0	False	0	0	0
rg04_theta15p195_foilpm3	3.0	-8.0	-5.0	2	4	1	1	42	42	0	False	67	14	10	0	11	0	rg04_theta15p195_foilpm3	22.0	33	33	True	open_populated	33	9	False	9	0	33
rg04_theta15p195_foilpm3	3.0	-8.0	-5.0	2	5	1	1	54	54	0	False	81	17	16	0	10	0	rg04_theta15p195_foilpm3	22.0	33	33	True	open_populated	33	21	False	21	0	33
rg04_theta15p195_foilpm3	3.0	-8.0	-5.0	2	6	1	1	54	54	0	False	95	19	15	0	22	0	rg04_theta15p195_foilpm3	22.0	33	33	True	open_populated	33	21	False	21	0	33
rg04_theta15p195_foilpm3	3.0	-8.0	-5.0	2	7	1	1	41	41	0	False	58	12	9	0	5	0	rg04_theta15p195_foilpm3	22.0	33	33	True	open_populated	33	8	False	8	0	33
rg04_theta15p195_foilpm3	3.0	-8.0	-5.0	3	2	1	1	18	18	0	False	33	7	7	0	8	0	rg04_theta15p195_foilpm3	22.0	33	18	False	open_populated	18	0	False	0	0	18
rg04_theta15p195_foilpm3	3.0	-8.0	-5.0	3	3	1	1	22	22	0	False	38	8	7	0	8	0	rg04_theta15p195_foilpm3	22.0	33	22	False	open_populated	22	0	False	0	0	22
rg04_theta15p195_foilpm3	3.0	-8.0	-5.0	3	4	1	1	45	45	0	False	70	14	13	0	11	0	rg04_theta15p195_foilpm3	22.0	33	33	True	open_populated	33	12	False	12	0	33
rg04_theta15p195_foilpm3	3.0	-8.0	-5.0	3	5	1	1	63	63	0	False	94	19	12	0	12	0	rg04_theta15p195_foilpm3	22.0	33	33	True	open_populated	33	30	False	30	0	33
rg04_theta15p195_foilpm3	3.0	-8.0	-5.0	3	6	1	1	74	74	0	False	115	23	18	0	18	0	rg04_theta15p195_foilpm3	22.0	33	33	True	open_populated	33	41	False	41	0	33
rg04_theta15p195_foilpm3	3.0	-8.0	-5.0	3	7	1	1	71	71	0	False	103	21	19	0	11	0	rg04_theta15p195_foilpm3	22.0	33	33	True	open_populated	33	38	False	38	0	33
rg04_theta15p195_foilpm3	3.0	-8.0	-5.0	4	2	1	1	27	27	0	False	42	9	8	0	6	0	rg04_theta15p195_foilpm3	22.0	33	27	False	open_populated	27	0	False	0	0	27
rg04_theta15p195_foilpm3	3.0	-8.0	-5.0	4	3	1	1	30	30	0	False	47	10	8	0	7	0	rg04_theta15p195_foilpm3	22.0	33	30	False	open_populated	30	0	False	0	0	30
rg04_theta15p195_foilpm3	3.0	-8.0	-5.0	4	4	1	1	13	13	0	False	18	4	3	0	1	0	rg04_theta15p195_foilpm3	22.0	33	13	False	open_populated	13	0	False	0	0	13
rg04_theta15p195_foilpm3	3.0	-8.0	-5.0	4	5	1	1	56	56	0	False	84	17	16	0	11	0	rg04_theta15p195_foilpm3	22.0	33	33	True	open_populated	33	23	False	23	0	33
rg04_theta15p195_foilpm3	3.0	-8.0	-5.0	4	6	1	1	86	86	0	False	136	28	19	0	22	0	rg04_theta15p195_foilpm3	22.0	33	33	True	open_populated	33	53	False	53	0	33
rg04_theta15p195_foilpm3	3.0	-8.0	-5.0	4	7	1	1	94	94	0	False	146	30	20	0	22	0	rg04_theta15p195_foilpm3	22.0	33	33	True	open_populated	33	61	False	61	0	33
rg04_theta15p195_foilpm3	3.0	-8.0	-5.0	5	2	1	1	9	9	0	False	13	3	2	0	1	0	rg04_theta15p195_foilpm3	22.0	33	9	False	open_populated	9	0	True	0	0	9
rg04_theta15p195_foilpm3	3.0	-8.0	-5.0	5	3	1	1	31	31	0	False	50	10	8	0	9	0	rg04_theta15p195_foilpm3	22.0	33	31	False	open_populated	31	0	False	0	0	31
rg04_theta15p195_foilpm3	3.0	-8.0	-5.0	5	4	1	1	42	42	0	False	64	13	12	0	9	0	rg04_theta15p195_foilpm3	22.0	33	33	True	open_populated	33	9	False	9	0	33
rg04_theta15p195_foilpm3	3.0	-8.0	-5.0	5	5	1	1	0	0	0	True	4	1	0	4	3	3	rg04_theta15p195_foilpm3	22.0	33	0	False	blocked	0	0	False	0	0	0
rg04_theta15p195_foilpm3	3.0	-8.0	-5.0	5	6	1	1	71	71	0	False	116	24	20	0	21	0	rg04_theta15p195_foilpm3	22.0	33	33	True	open_populated	33	38	False	38	0	33
rg04_theta15p195_foilpm3	3.0	-8.0	-5.0	5	7	1	1	74	74	0	False	107	22	20	0	11	0	rg04_theta15p195_foilpm3	22.0	33	33	True	open_populated	33	41	False	41	0	33
rg04_theta15p195_foilpm3	3.0	-8.0	-5.0	6	2	1	1	10	10	0	False	17	4	3	0	3	0	rg04_theta15p195_foilpm3	22.0	33	10	False	open_populated	10	0	False	0	0	10
rg04_theta15p195_foilpm3	3.0	-8.0	-5.0	6	3	1	1	25	25	0	False	34	7	6	0	2	0	rg04_theta15p195_foilpm3	22.0	33	25	False	open_populated	25	0	False	0	0	25
rg04_theta15p195_foilpm3	3.0	-8.0	-5.0	6	4	1	1	27	27	0	False	41	9	5	0	5	0	rg04_theta15p195_foilpm3	22.0	33	27	False	open_populated	27	0	False	0	0	27
rg04_theta15p195_foilpm3	3.0	-8.0	-5.0	6	5	1	1	52	52	0	False	75	15	11	0	8	0	rg04_theta15p195_foilpm3	22.0	33	33	True	open_populated	33	19	False	19	0	33
rg04_theta15p195_foilpm3	3.0	-8.0	-5.0	6	6	1	1	61	61	0	False	98	20	16	0	17	0	rg04_theta15p195_foilpm3	22.0	33	33	True	open_populated	33	28	False	28	0	33
rg04_theta15p195_foilpm3	3.0	-8.0	-5.0	6	7	1	1	56	56	0	False	81	17	13	0	8	0	rg04_theta15p195_foilpm3	22.0	33	33	True	open_populated	33	23	False	23	0	33
rg04_theta15p195_foilpm3	3.0	-8.0	-5.0	7	2	1	1	9	9	0	False	13	3	1	0	1	0	rg04_theta15p195_foilpm3	22.0	33	9	False	open_populated	9	0	True	0	0	9
rg04_theta15p195_foilpm3	3.0	-8.0	-5.0	7	3	1	1	18	18	0	False	26	6	5	0	2	0	rg04_theta15p195_foilpm3	22.0	33	18	False	open_populated	18	0	False	0	0	18
rg04_theta15p195_foilpm3	3.0	-8.0	-5.0	7	4	1	1	31	31	0	False	45	9	8	0	5	0	rg04_theta15p195_foilpm3	22.0	33	31	False	open_populated	31	0	False	0	0	31
rg04_theta15p195_foilpm3	3.0	-8.0	-5.0	7	5	1	1	41	41	0	False	62	13	9	0	8	0	rg04_theta15p195_foilpm3	22.0	33	33	True	open_populated	33	8	False	8	0	33
rg04_theta15p195_foilpm3	3.0	-8.0	-5.0	7	6	1	1	53	53	0	False	83	17	12	0	13	0	rg04_theta15p195_foilpm3	22.0	33	33	True	open_populated	33	20	False	20	0	33
rg04_theta15p195_foilpm3	3.0	-8.0	-5.0	7	7	1	1	0	0	0	False	2	1	0	2	1	0	rg04_theta15p195_foilpm3	22.0	33	0	False	observed_no_eligible_core	0	0	False	0	0	0
rg04_theta15p195_foilpm3	3.0	-8.0	-5.0	8	3	1	1	16	16	0	False	28	6	5	0	6	0	rg04_theta15p195_foilpm3	22.0	33	16	False	open_populated	16	0	False	0	0	16
rg04_theta15p195_foilpm3	3.0	-8.0	-5.0	8	4	1	1	12	12	0	False	20	4	4	0	4	0	rg04_theta15p195_foilpm3	22.0	33	12	False	open_populated	12	0	False	0	0	12
rg04_theta15p195_foilpm3	3.0	-8.0	-5.0	8	5	1	1	32	32	0	False	50	10	6	0	8	0	rg04_theta15p195_foilpm3	22.0	33	32	False	open_populated	32	0	False	0	0	32
rg04_theta15p195_foilpm3	3.0	-8.0	-5.0	8	6	1	1	32	32	0	False	52	11	11	0	9	0	rg04_theta15p195_foilpm3	22.0	33	32	False	open_populated	32	0	False	0	0	32
rg04_theta15p195_foilpm3	3.0	-5.0	0.0	0	3	1	2	13	13	0	False	20	4	4	0	3	0	rg04_theta15p195_foilpm3	23.0	34	13	False	open_populated	13	0	False	0	0	13
rg04_theta15p195_foilpm3	3.0	-5.0	0.0	0	4	1	2	21	21	0	False	28	6	5	0	1	0	rg04_theta15p195_foilpm3	23.0	34	21	False	open_populated	21	0	False	0	0	21
rg04_theta15p195_foilpm3	3.0	-5.0	0.0	0	5	1	2	35	35	0	False	59	12	10	0	12	0	rg04_theta15p195_foilpm3	23.0	34	34	True	open_populated	34	1	False	1	0	34
rg04_theta15p195_foilpm3	3.0	-5.0	0.0	0	6	1	2	63	63	0	False	93	19	10	0	11	0	rg04_theta15p195_foilpm3	23.0	34	34	True	open_populated	34	29	False	29	0	34
rg04_theta15p195_foilpm3	3.0	-5.0	0.0	1	2	1	2	16	16	0	False	22	5	4	0	1	0	rg04_theta15p195_foilpm3	23.0	34	16	False	open_populated	16	0	False	0	0	16
rg04_theta15p195_foilpm3	3.0	-5.0	0.0	1	3	1	2	23	23	0	False	36	8	8	0	5	0	rg04_theta15p195_foilpm3	23.0	34	23	False	open_populated	23	0	False	0	0	23
rg04_theta15p195_foilpm3	3.0	-5.0	0.0	1	4	1	2	35	35	0	False	53	11	9	0	7	0	rg04_theta15p195_foilpm3	23.0	34	34	True	open_populated	34	1	False	1	0	34
rg04_theta15p195_foilpm3	3.0	-5.0	0.0	1	5	1	2	49	49	0	False	77	16	15	0	12	0	rg04_theta15p195_foilpm3	23.0	34	34	True	open_populated	34	15	False	15	0	34
rg04_theta15p195_foilpm3	3.0	-5.0	0.0	1	6	1	2	78	78	0	False	125	25	18	0	22	0	rg04_theta15p195_foilpm3	23.0	34	34	True	open_populated	34	44	False	44	0	34
rg04_theta15p195_foilpm3	3.0	-5.0	0.0	1	7	1	2	0	0	0	False	2	1	0	2	1	0	rg04_theta15p195_foilpm3	23.0	34	0	False	observed_no_eligible_core	0	0	False	0	0	0
rg04_theta15p195_foilpm3	3.0	-5.0	0.0	2	2	1	2	0	0	0	False	10	2	0	10	8	0	rg04_theta15p195_foilpm3	23.0	34	0	False	observed_no_eligible_core	0	0	False	0	0	0
rg04_theta15p195_foilpm3	3.0	-5.0	0.0	2	3	1	2	0	0	0	True	3	1	0	3	2	2	rg04_theta15p195_foilpm3	23.0	34	0	False	blocked	0	0	False	0	0	0
rg04_theta15p195_foilpm3	3.0	-5.0	0.0	2	4	1	2	46	46	0	False	70	14	14	0	10	0	rg04_theta15p195_foilpm3	23.0	34	34	True	open_populated	34	12	False	12	0	34
rg04_theta15p195_foilpm3	3.0	-5.0	0.0	2	5	1	2	63	63	0	False	102	21	17	0	18	0	rg04_theta15p195_foilpm3	23.0	34	34	True	open_populated	34	29	False	29	0	34
rg04_theta15p195_foilpm3	3.0	-5.0	0.0	2	6	1	2	85	85	0	False	132	27	21	0	20	0	rg04_theta15p195_foilpm3	23.0	34	34	True	open_populated	34	51	False	51	0	34
rg04_theta15p195_foilpm3	3.0	-5.0	0.0	2	7	1	2	137	137	0	False	195	39	33	0	19	0	rg04_theta15p195_foilpm3	23.0	34	34	True	open_populated	34	103	False	103	0	34
rg04_theta15p195_foilpm3	3.0	-5.0	0.0	3	2	1	2	19	19	0	False	30	6	6	0	5	0	rg04_theta15p195_foilpm3	23.0	34	19	False	open_populated	19	0	False	0	0	19
rg04_theta15p195_foilpm3	3.0	-5.0	0.0	3	3	1	2	35	35	0	False	50	10	8	0	5	0	rg04_theta15p195_foilpm3	23.0	34	34	True	open_populated	34	1	False	1	0	34
rg04_theta15p195_foilpm3	3.0	-5.0	0.0	3	4	1	2	61	61	0	False	90	18	14	0	11	0	rg04_theta15p195_foilpm3	23.0	34	34	True	open_populated	34	27	False	27	0	34
rg04_theta15p195_foilpm3	3.0	-5.0	0.0	3	5	1	2	88	88	0	False	129	26	22	0	15	0	rg04_theta15p195_foilpm3	23.0	34	34	True	open_populated	34	54	False	54	0	34
rg04_theta15p195_foilpm3	3.0	-5.0	0.0	3	6	1	2	125	125	0	False	187	38	32	0	24	0	rg04_theta15p195_foilpm3	23.0	34	34	True	open_populated	34	91	False	91	0	34
rg04_theta15p195_foilpm3	3.0	-5.0	0.0	3	7	1	2	150	150	0	False	214	43	39	0	21	0	rg04_theta15p195_foilpm3	23.0	34	34	True	open_populated	34	116	False	116	0	34
rg04_theta15p195_foilpm3	3.0	-5.0	0.0	4	2	1	2	17	17	0	False	23	5	3	0	1	0	rg04_theta15p195_foilpm3	23.0	34	17	False	open_populated	17	0	False	0	0	17
rg04_theta15p195_foilpm3	3.0	-5.0	0.0	4	3	1	2	41	41	0	False	56	12	10	0	3	0	rg04_theta15p195_foilpm3	23.0	34	34	True	open_populated	34	7	False	7	0	34
rg04_theta15p195_foilpm3	3.0	-5.0	0.0	4	4	1	2	18	18	0	False	27	6	5	0	3	0	rg04_theta15p195_foilpm3	23.0	34	18	False	open_populated	18	0	False	0	0	18
rg04_theta15p195_foilpm3	3.0	-5.0	0.0	4	5	1	2	94	94	0	False	140	28	24	0	18	0	rg04_theta15p195_foilpm3	23.0	34	34	True	open_populated	34	60	False	60	0	34
rg04_theta15p195_foilpm3	3.0	-5.0	0.0	4	6	1	2	121	121	0	False	188	38	30	0	29	0	rg04_theta15p195_foilpm3	23.0	34	34	True	open_populated	34	87	False	87	0	34
rg04_theta15p195_foilpm3	3.0	-5.0	0.0	4	7	1	2	161	161	0	False	240	48	42	0	31	0	rg04_theta15p195_foilpm3	23.0	34	34	True	open_populated	34	127	False	127	0	34
rg04_theta15p195_foilpm3	3.0	-5.0	0.0	5	2	1	2	21	21	0	False	35	7	3	0	7	0	rg04_theta15p195_foilpm3	23.0	34	21	False	open_populated	21	0	False	0	0	21
rg04_theta15p195_foilpm3	3.0	-5.0	0.0	5	3	1	2	45	45	0	False	61	13	9	0	3	0	rg04_theta15p195_foilpm3	23.0	34	34	True	open_populated	34	11	False	11	0	34
rg04_theta15p195_foilpm3	3.0	-5.0	0.0	5	4	1	2	69	69	0	False	105	21	14	0	15	0	rg04_theta15p195_foilpm3	23.0	34	34	True	open_populated	34	35	False	35	0	34
rg04_theta15p195_foilpm3	3.0	-5.0	0.0	5	6	1	2	118	118	0	False	172	35	32	0	19	0	rg04_theta15p195_foilpm3	23.0	34	34	True	open_populated	34	84	False	84	0	34
rg04_theta15p195_foilpm3	3.0	-5.0	0.0	5	7	1	2	146	146	0	False	228	46	40	0	36	0	rg04_theta15p195_foilpm3	23.0	34	34	True	open_populated	34	112	False	112	0	34
rg04_theta15p195_foilpm3	3.0	-5.0	0.0	6	2	1	2	16	16	0	False	25	5	3	0	4	0	rg04_theta15p195_foilpm3	23.0	34	16	False	open_populated	16	0	False	0	0	16
rg04_theta15p195_foilpm3	3.0	-5.0	0.0	6	3	1	2	32	32	0	False	45	9	9	0	4	0	rg04_theta15p195_foilpm3	23.0	34	32	False	open_populated	32	0	False	0	0	32
rg04_theta15p195_foilpm3	3.0	-5.0	0.0	6	4	1	2	42	42	0	False	66	14	11	0	10	0	rg04_theta15p195_foilpm3	23.0	34	34	True	open_populated	34	8	False	8	0	34
rg04_theta15p195_foilpm3	3.0	-5.0	0.0	6	5	1	2	71	71	0	False	109	22	21	0	16	0	rg04_theta15p195_foilpm3	23.0	34	34	True	open_populated	34	37	False	37	0	34
rg04_theta15p195_foilpm3	3.0	-5.0	0.0	6	6	1	2	98	98	0	False	152	31	22	0	23	0	rg04_theta15p195_foilpm3	23.0	34	34	True	open_populated	34	64	False	64	0	34
rg04_theta15p195_foilpm3	3.0	-5.0	0.0	6	7	1	2	133	133	0	False	199	40	37	0	26	0	rg04_theta15p195_foilpm3	23.0	34	34	True	open_populated	34	99	False	99	0	34
rg04_theta15p195_foilpm3	3.0	-5.0	0.0	7	2	1	2	14	14	0	False	19	4	4	0	1	0	rg04_theta15p195_foilpm3	23.0	34	14	False	open_populated	14	0	False	0	0	14
rg04_theta15p195_foilpm3	3.0	-5.0	0.0	7	3	1	2	17	17	0	False	25	5	3	0	3	0	rg04_theta15p195_foilpm3	23.0	34	17	False	open_populated	17	0	False	0	0	17
rg04_theta15p195_foilpm3	3.0	-5.0	0.0	7	4	1	2	37	37	0	False	54	11	9	0	6	0	rg04_theta15p195_foilpm3	23.0	34	34	True	open_populated	34	3	False	3	0	34
rg04_theta15p195_foilpm3	3.0	-5.0	0.0	7	5	1	2	53	53	0	False	81	17	16	0	11	0	rg04_theta15p195_foilpm3	23.0	34	34	True	open_populated	34	19	False	19	0	34
rg04_theta15p195_foilpm3	3.0	-5.0	0.0	7	6	1	2	69	69	0	False	108	22	17	0	17	0	rg04_theta15p195_foilpm3	23.0	34	34	True	open_populated	34	35	False	35	0	34
rg04_theta15p195_foilpm3	3.0	-5.0	0.0	7	7	1	2	0	0	0	False	1	1	0	1	0	0	rg04_theta15p195_foilpm3	23.0	34	0	False	observed_no_eligible_core	0	0	False	0	0	0
rg04_theta15p195_foilpm3	3.0	-5.0	0.0	8	3	1	2	11	11	0	False	18	4	4	0	3	0	rg04_theta15p195_foilpm3	23.0	34	11	False	open_populated	11	0	False	0	0	11
rg04_theta15p195_foilpm3	3.0	-5.0	0.0	8	4	1	2	28	28	0	False	40	8	7	0	4	0	rg04_theta15p195_foilpm3	23.0	34	28	False	open_populated	28	0	False	0	0	28
rg04_theta15p195_foilpm3	3.0	-5.0	0.0	8	5	1	2	41	41	0	False	62	13	12	0	8	0	rg04_theta15p195_foilpm3	23.0	34	34	True	open_populated	34	7	False	7	0	34
rg04_theta15p195_foilpm3	3.0	-5.0	0.0	8	6	1	2	53	53	0	False	82	17	12	0	12	0	rg04_theta15p195_foilpm3	23.0	34	34	True	open_populated	34	19	False	19	0	34
rg04_theta15p195_foilpm3	3.0	0.0	5.0	0	3	1	3	0	0	0	False	10	2	0	10	8	0	rg04_theta15p195_foilpm3	15.25	22	0	False	observed_no_eligible_core	0	0	False	0	0	0
rg04_theta15p195_foilpm3	3.0	0.0	5.0	0	4	1	3	0	0	0	False	8	2	0	8	6	0	rg04_theta15p195_foilpm3	15.25	22	0	False	observed_no_eligible_core	0	0	False	0	0	0
rg04_theta15p195_foilpm3	3.0	0.0	5.0	0	5	1	3	25	25	0	False	41	9	7	0	7	0	rg04_theta15p195_foilpm3	15.25	22	22	True	open_populated	22	3	False	3	0	22
rg04_theta15p195_foilpm3	3.0	0.0	5.0	0	6	1	3	31	31	0	False	51	11	9	0	9	0	rg04_theta15p195_foilpm3	15.25	22	22	True	open_populated	22	9	False	9	0	22
rg04_theta15p195_foilpm3	3.0	0.0	5.0	1	2	1	3	9	9	0	False	17	4	4	0	4	0	rg04_theta15p195_foilpm3	15.25	22	9	False	open_populated	9	0	True	0	0	9
rg04_theta15p195_foilpm3	3.0	0.0	5.0	1	3	1	3	0	0	0	False	12	3	0	12	9	0	rg04_theta15p195_foilpm3	15.25	22	0	False	observed_no_eligible_core	0	0	False	0	0	0
rg04_theta15p195_foilpm3	3.0	0.0	5.0	1	4	1	3	16	16	0	False	28	6	6	0	6	0	rg04_theta15p195_foilpm3	15.25	22	16	False	open_populated	16	0	False	0	0	16
rg04_theta15p195_foilpm3	3.0	0.0	5.0	1	5	1	3	30	30	0	False	47	10	4	0	7	0	rg04_theta15p195_foilpm3	15.25	22	22	True	open_populated	22	8	False	8	0	22
rg04_theta15p195_foilpm3	3.0	0.0	5.0	1	6	1	3	52	52	0	False	87	18	13	0	17	0	rg04_theta15p195_foilpm3	15.25	22	22	True	open_populated	22	30	False	30	0	22
rg04_theta15p195_foilpm3	3.0	0.0	5.0	1	7	1	3	0	0	0	False	1	1	0	1	0	0	rg04_theta15p195_foilpm3	15.25	22	0	False	observed_no_eligible_core	0	0	False	0	0	0
rg04_theta15p195_foilpm3	3.0	0.0	5.0	2	2	1	3	0	0	0	False	10	2	0	10	8	0	rg04_theta15p195_foilpm3	15.25	22	0	False	observed_no_eligible_core	0	0	False	0	0	0
rg04_theta15p195_foilpm3	3.0	0.0	5.0	2	3	1	3	0	0	0	True	1	1	0	1	0	0	rg04_theta15p195_foilpm3	15.25	22	0	False	blocked	0	0	False	0	0	0
rg04_theta15p195_foilpm3	3.0	0.0	5.0	2	4	1	3	36	36	0	False	57	12	10	0	9	0	rg04_theta15p195_foilpm3	15.25	22	22	True	open_populated	22	14	False	14	0	22
rg04_theta15p195_foilpm3	3.0	0.0	5.0	2	5	1	3	37	37	0	False	63	13	11	0	13	0	rg04_theta15p195_foilpm3	15.25	22	22	True	open_populated	22	15	False	15	0	22
rg04_theta15p195_foilpm3	3.0	0.0	5.0	2	6	1	3	75	75	0	False	119	24	16	0	20	0	rg04_theta15p195_foilpm3	15.25	22	22	True	open_populated	22	53	False	53	0	22
rg04_theta15p195_foilpm3	3.0	0.0	5.0	2	7	1	3	97	97	0	False	148	30	24	0	21	0	rg04_theta15p195_foilpm3	15.25	22	22	True	open_populated	22	75	False	75	0	22
rg04_theta15p195_foilpm3	3.0	0.0	5.0	3	2	1	3	13	13	0	False	20	4	1	0	3	0	rg04_theta15p195_foilpm3	15.25	22	13	False	open_populated	13	0	False	0	0	13
rg04_theta15p195_foilpm3	3.0	0.0	5.0	3	3	1	3	14	14	0	False	24	5	2	0	5	0	rg04_theta15p195_foilpm3	15.25	22	14	False	open_populated	14	0	False	0	0	14
rg04_theta15p195_foilpm3	3.0	0.0	5.0	3	4	1	3	37	37	0	False	56	12	9	0	7	0	rg04_theta15p195_foilpm3	15.25	22	22	True	open_populated	22	15	False	15	0	22
rg04_theta15p195_foilpm3	3.0	0.0	5.0	3	5	1	3	61	61	0	False	97	20	16	0	16	0	rg04_theta15p195_foilpm3	15.25	22	22	True	open_populated	22	39	False	39	0	22
rg04_theta15p195_foilpm3	3.0	0.0	5.0	3	6	1	3	70	70	0	False	111	23	17	0	18	0	rg04_theta15p195_foilpm3	15.25	22	22	True	open_populated	22	48	False	48	0	22
rg04_theta15p195_foilpm3	3.0	0.0	5.0	3	7	1	3	119	119	0	False	193	39	30	0	35	0	rg04_theta15p195_foilpm3	15.25	22	22	True	open_populated	22	97	False	97	0	22
rg04_theta15p195_foilpm3	3.0	0.0	5.0	4	2	1	3	10	10	0	False	16	4	4	0	2	0	rg04_theta15p195_foilpm3	15.25	22	10	False	open_populated	10	0	False	0	0	10
rg04_theta15p195_foilpm3	3.0	0.0	5.0	4	3	1	3	12	12	0	False	20	4	2	0	4	0	rg04_theta15p195_foilpm3	15.25	22	12	False	open_populated	12	0	False	0	0	12
rg04_theta15p195_foilpm3	3.0	0.0	5.0	4	4	1	3	10	10	0	False	16	4	2	0	2	0	rg04_theta15p195_foilpm3	15.25	22	10	False	open_populated	10	0	False	0	0	10
rg04_theta15p195_foilpm3	3.0	0.0	5.0	4	5	1	3	43	43	0	False	70	14	12	0	13	0	rg04_theta15p195_foilpm3	15.25	22	22	True	open_populated	22	21	False	21	0	22
rg04_theta15p195_foilpm3	3.0	0.0	5.0	4	6	1	3	93	93	0	False	148	30	27	0	25	0	rg04_theta15p195_foilpm3	15.25	22	22	True	open_populated	22	71	False	71	0	22
rg04_theta15p195_foilpm3	3.0	0.0	5.0	4	7	1	3	122	122	0	False	192	39	34	0	31	0	rg04_theta15p195_foilpm3	15.25	22	22	True	open_populated	22	100	False	100	0	22
rg04_theta15p195_foilpm3	3.0	0.0	5.0	5	2	1	3	0	0	0	False	8	2	0	8	6	0	rg04_theta15p195_foilpm3	15.25	22	0	False	observed_no_eligible_core	0	0	False	0	0	0
rg04_theta15p195_foilpm3	3.0	0.0	5.0	5	3	1	3	18	18	0	False	28	6	6	0	4	0	rg04_theta15p195_foilpm3	15.25	22	18	False	open_populated	18	0	False	0	0	18
rg04_theta15p195_foilpm3	3.0	0.0	5.0	5	4	1	3	30	30	0	False	46	10	8	0	6	0	rg04_theta15p195_foilpm3	15.25	22	22	True	open_populated	22	8	False	8	0	22
rg04_theta15p195_foilpm3	3.0	0.0	5.0	5	6	1	3	78	78	0	False	133	27	21	0	28	0	rg04_theta15p195_foilpm3	15.25	22	22	True	open_populated	22	56	False	56	0	22
rg04_theta15p195_foilpm3	3.0	0.0	5.0	5	7	1	3	113	113	0	False	180	36	24	0	31	0	rg04_theta15p195_foilpm3	15.25	22	22	True	open_populated	22	91	False	91	0	22
rg04_theta15p195_foilpm3	3.0	0.0	5.0	6	2	1	3	0	0	0	False	10	2	0	10	8	0	rg04_theta15p195_foilpm3	15.25	22	0	False	observed_no_eligible_core	0	0	False	0	0	0
rg04_theta15p195_foilpm3	3.0	0.0	5.0	6	3	1	3	12	12	0	False	21	5	4	0	4	0	rg04_theta15p195_foilpm3	15.25	22	12	False	open_populated	12	0	False	0	0	12
rg04_theta15p195_foilpm3	3.0	0.0	5.0	6	4	1	3	15	15	0	False	27	6	5	0	6	0	rg04_theta15p195_foilpm3	15.25	22	15	False	open_populated	15	0	False	0	0	15
rg04_theta15p195_foilpm3	3.0	0.0	5.0	6	5	1	3	33	33	0	False	54	11	11	0	10	0	rg04_theta15p195_foilpm3	15.25	22	22	True	open_populated	22	11	False	11	0	22
rg04_theta15p195_foilpm3	3.0	0.0	5.0	6	6	1	3	64	64	0	False	103	21	18	0	18	0	rg04_theta15p195_foilpm3	15.25	22	22	True	open_populated	22	42	False	42	0	22
rg04_theta15p195_foilpm3	3.0	0.0	5.0	6	7	1	3	92	92	0	False	148	30	25	0	26	0	rg04_theta15p195_foilpm3	15.25	22	22	True	open_populated	22	70	False	70	0	22
rg04_theta15p195_foilpm3	3.0	0.0	5.0	7	2	1	3	0	0	0	False	4	1	0	4	3	0	rg04_theta15p195_foilpm3	15.25	22	0	False	observed_no_eligible_core	0	0	False	0	0	0
rg04_theta15p195_foilpm3	3.0	0.0	5.0	7	3	1	3	13	13	0	False	20	4	3	0	3	0	rg04_theta15p195_foilpm3	15.25	22	13	False	open_populated	13	0	False	0	0	13
rg04_theta15p195_foilpm3	3.0	0.0	5.0	7	4	1	3	23	23	0	False	34	7	6	0	4	0	rg04_theta15p195_foilpm3	15.25	22	22	True	open_populated	22	1	False	1	0	22
rg04_theta15p195_foilpm3	3.0	0.0	5.0	7	5	1	3	42	42	0	False	64	13	9	0	9	0	rg04_theta15p195_foilpm3	15.25	22	22	True	open_populated	22	20	False	20	0	22
rg04_theta15p195_foilpm3	3.0	0.0	5.0	7	6	1	3	61	61	0	False	93	19	15	0	13	0	rg04_theta15p195_foilpm3	15.25	22	22	True	open_populated	22	39	False	39	0	22
rg04_theta15p195_foilpm3	3.0	0.0	5.0	7	7	1	3	0	0	0	False	10	2	0	10	8	0	rg04_theta15p195_foilpm3	15.25	22	0	False	observed_no_eligible_core	0	0	False	0	0	0
rg04_theta15p195_foilpm3	3.0	0.0	5.0	8	3	1	3	0	0	0	False	12	3	0	12	9	0	rg04_theta15p195_foilpm3	15.25	22	0	False	observed_no_eligible_core	0	0	False	0	0	0
rg04_theta15p195_foilpm3	3.0	0.0	5.0	8	4	1	3	13	13	0	False	18	4	4	0	1	0	rg04_theta15p195_foilpm3	15.25	22	13	False	open_populated	13	0	False	0	0	13
rg04_theta15p195_foilpm3	3.0	0.0	5.0	8	5	1	3	19	19	0	False	37	8	6	0	10	0	rg04_theta15p195_foilpm3	15.25	22	19	False	open_populated	19	0	False	0	0	19
rg04_theta15p195_foilpm3	3.0	0.0	5.0	8	6	1	3	36	36	0	False	61	13	9	0	12	0	rg04_theta15p195_foilpm3	15.25	22	22	True	open_populated	22	14	False	14	0	22
rg04_theta15p195_foilpm3	3.0	5.0	10.0	0	3	1	4	0	0	0	False	3	1	0	3	2	0	rg04_theta15p195_foilpm3	11.5	17	0	False	observed_no_eligible_core	0	0	False	0	0	0
rg04_theta15p195_foilpm3	3.0	5.0	10.0	0	4	1	4	0	0	0	False	7	2	0	7	5	0	rg04_theta15p195_foilpm3	11.5	17	0	False	observed_no_eligible_core	0	0	False	0	0	0
rg04_theta15p195_foilpm3	3.0	5.0	10.0	0	5	1	4	11	11	0	False	14	3	2	0	0	0	rg04_theta15p195_foilpm3	11.5	17	11	False	open_populated	11	0	False	0	0	11
rg04_theta15p195_foilpm3	3.0	5.0	10.0	0	6	1	4	0	0	0	False	12	3	0	12	9	0	rg04_theta15p195_foilpm3	11.5	17	0	False	observed_no_eligible_core	0	0	False	0	0	0
rg04_theta15p195_foilpm3	3.0	5.0	10.0	1	3	1	4	0	0	0	False	2	1	0	2	1	0	rg04_theta15p195_foilpm3	11.5	17	0	False	observed_no_eligible_core	0	0	False	0	0	0
rg04_theta15p195_foilpm3	3.0	5.0	10.0	1	4	1	4	10	10	0	False	13	3	3	0	0	0	rg04_theta15p195_foilpm3	11.5	17	10	False	open_populated	10	0	False	0	0	10
rg04_theta15p195_foilpm3	3.0	5.0	10.0	1	5	1	4	0	0	0	False	12	3	0	12	9	0	rg04_theta15p195_foilpm3	11.5	17	0	False	observed_no_eligible_core	0	0	False	0	0	0
rg04_theta15p195_foilpm3	3.0	5.0	10.0	1	6	1	4	23	23	0	False	33	7	5	0	3	0	rg04_theta15p195_foilpm3	11.5	17	17	True	open_populated	17	6	False	6	0	17
rg04_theta15p195_foilpm3	3.0	5.0	10.0	2	4	1	4	10	10	0	False	13	3	3	0	0	0	rg04_theta15p195_foilpm3	11.5	17	10	False	open_populated	10	0	False	0	0	10
rg04_theta15p195_foilpm3	3.0	5.0	10.0	2	5	1	4	13	13	0	False	21	5	5	0	3	0	rg04_theta15p195_foilpm3	11.5	17	13	False	open_populated	13	0	False	0	0	13
rg04_theta15p195_foilpm3	3.0	5.0	10.0	2	6	1	4	32	32	0	False	51	11	9	0	8	0	rg04_theta15p195_foilpm3	11.5	17	17	True	open_populated	17	15	False	15	0	17
rg04_theta15p195_foilpm3	3.0	5.0	10.0	2	7	1	4	51	51	0	False	72	15	12	0	6	0	rg04_theta15p195_foilpm3	11.5	17	17	True	open_populated	17	34	False	34	0	17
rg04_theta15p195_foilpm3	3.0	5.0	10.0	3	3	1	4	0	0	0	False	10	2	0	10	8	0	rg04_theta15p195_foilpm3	11.5	17	0	False	observed_no_eligible_core	0	0	False	0	0	0
rg04_theta15p195_foilpm3	3.0	5.0	10.0	3	4	1	4	0	0	0	False	12	3	0	12	9	0	rg04_theta15p195_foilpm3	11.5	17	0	False	observed_no_eligible_core	0	0	False	0	0	0
rg04_theta15p195_foilpm3	3.0	5.0	10.0	3	5	1	4	11	11	0	False	18	4	4	0	3	0	rg04_theta15p195_foilpm3	11.5	17	11	False	open_populated	11	0	False	0	0	11
rg04_theta15p195_foilpm3	3.0	5.0	10.0	3	6	1	4	39	39	0	False	57	12	9	0	6	0	rg04_theta15p195_foilpm3	11.5	17	17	True	open_populated	17	22	False	22	0	17
rg04_theta15p195_foilpm3	3.0	5.0	10.0	3	7	1	4	74	74	0	False	107	22	18	0	11	0	rg04_theta15p195_foilpm3	11.5	17	17	True	open_populated	17	57	False	57	0	17
rg04_theta15p195_foilpm3	3.0	5.0	10.0	4	3	1	4	0	0	0	False	12	3	0	12	9	0	rg04_theta15p195_foilpm3	11.5	17	0	False	observed_no_eligible_core	0	0	False	0	0	0
rg04_theta15p195_foilpm3	3.0	5.0	10.0	4	4	1	4	0	0	0	False	3	1	0	3	2	0	rg04_theta15p195_foilpm3	11.5	17	0	False	observed_no_eligible_core	0	0	False	0	0	0
rg04_theta15p195_foilpm3	3.0	5.0	10.0	4	5	1	4	19	19	0	False	26	6	2	0	1	0	rg04_theta15p195_foilpm3	11.5	17	17	True	open_populated	17	2	False	2	0	17
rg04_theta15p195_foilpm3	3.0	5.0	10.0	4	6	1	4	39	39	0	False	64	13	11	0	12	0	rg04_theta15p195_foilpm3	11.5	17	17	True	open_populated	17	22	False	22	0	17
rg04_theta15p195_foilpm3	3.0	5.0	10.0	4	7	1	4	49	49	0	False	78	16	15	0	13	0	rg04_theta15p195_foilpm3	11.5	17	17	True	open_populated	17	32	False	32	0	17
rg04_theta15p195_foilpm3	3.0	5.0	10.0	5	3	1	4	0	0	0	False	8	2	0	8	6	0	rg04_theta15p195_foilpm3	11.5	17	0	False	observed_no_eligible_core	0	0	False	0	0	0
rg04_theta15p195_foilpm3	3.0	5.0	10.0	5	4	1	4	13	13	0	False	21	5	3	0	3	0	rg04_theta15p195_foilpm3	11.5	17	13	False	open_populated	13	0	False	0	0	13
rg04_theta15p195_foilpm3	3.0	5.0	10.0	5	5	1	4	0	0	0	True	1	1	0	1	0	0	rg04_theta15p195_foilpm3	11.5	17	0	False	blocked	0	0	False	0	0	0
rg04_theta15p195_foilpm3	3.0	5.0	10.0	5	6	1	4	40	40	0	False	59	12	9	0	7	0	rg04_theta15p195_foilpm3	11.5	17	17	True	open_populated	17	23	False	23	0	17
rg04_theta15p195_foilpm3	3.0	5.0	10.0	5	7	1	4	65	65	0	False	95	19	13	0	11	0	rg04_theta15p195_foilpm3	11.5	17	17	True	open_populated	17	48	False	48	0	17
rg04_theta15p195_foilpm3	3.0	5.0	10.0	6	3	1	4	0	0	0	False	1	1	0	1	0	0	rg04_theta15p195_foilpm3	11.5	17	0	False	observed_no_eligible_core	0	0	False	0	0	0
rg04_theta15p195_foilpm3	3.0	5.0	10.0	6	4	1	4	10	10	0	False	14	3	2	0	1	0	rg04_theta15p195_foilpm3	11.5	17	10	False	open_populated	10	0	False	0	0	10
rg04_theta15p195_foilpm3	3.0	5.0	10.0	6	5	1	4	18	18	0	False	31	7	7	0	6	0	rg04_theta15p195_foilpm3	11.5	17	17	True	open_populated	17	1	False	1	0	17
rg04_theta15p195_foilpm3	3.0	5.0	10.0	6	6	1	4	30	30	0	False	49	10	8	0	9	0	rg04_theta15p195_foilpm3	11.5	17	17	True	open_populated	17	13	False	13	0	17
rg04_theta15p195_foilpm3	3.0	5.0	10.0	6	7	1	4	37	37	0	False	58	12	10	0	9	0	rg04_theta15p195_foilpm3	11.5	17	17	True	open_populated	17	20	False	20	0	17
rg04_theta15p195_foilpm3	3.0	5.0	10.0	7	3	1	4	0	0	0	False	3	1	0	3	2	0	rg04_theta15p195_foilpm3	11.5	17	0	False	observed_no_eligible_core	0	0	False	0	0	0
rg04_theta15p195_foilpm3	3.0	5.0	10.0	7	4	1	4	0	0	0	False	5	1	0	5	4	0	rg04_theta15p195_foilpm3	11.5	17	0	False	observed_no_eligible_core	0	0	False	0	0	0
rg04_theta15p195_foilpm3	3.0	5.0	10.0	7	5	1	4	9	9	0	False	15	3	1	0	3	0	rg04_theta15p195_foilpm3	11.5	17	9	False	open_populated	9	0	True	0	0	9
rg04_theta15p195_foilpm3	3.0	5.0	10.0	7	6	1	4	29	29	0	False	40	8	4	0	3	0	rg04_theta15p195_foilpm3	11.5	17	17	True	open_populated	17	12	False	12	0	17
rg04_theta15p195_foilpm3	3.0	5.0	10.0	7	7	1	4	0	0	0	False	2	1	0	2	1	0	rg04_theta15p195_foilpm3	11.5	17	0	False	observed_no_eligible_core	0	0	False	0	0	0
rg04_theta15p195_foilpm3	3.0	5.0	10.0	8	3	1	4	0	0	0	False	2	1	0	2	1	0	rg04_theta15p195_foilpm3	11.5	17	0	False	observed_no_eligible_core	0	0	False	0	0	0
rg04_theta15p195_foilpm3	3.0	5.0	10.0	8	4	1	4	0	0	0	False	7	2	0	7	5	0	rg04_theta15p195_foilpm3	11.5	17	0	False	observed_no_eligible_core	0	0	False	0	0	0
rg04_theta15p195_foilpm3	3.0	5.0	10.0	8	5	1	4	0	0	0	False	7	2	0	7	5	0	rg04_theta15p195_foilpm3	11.5	17	0	False	observed_no_eligible_core	0	0	False	0	0	0
rg04_theta15p195_foilpm3	3.0	5.0	10.0	8	6	1	4	0	0	0	False	11	3	0	11	8	0	rg04_theta15p195_foilpm3	11.5	17	0	False	observed_no_eligible_core	0	0	False	0	0	0
rg05_theta12p495_foilpm3	-3.0	-10.0	-8.0	0	2	0	0	17	17	0	False	31	7	2	0	7	0	rg05_theta12p495_foilpm3	17.5	26	17	False	open_populated	17	0	False	0	0	17
rg05_theta12p495_foilpm3	-3.0	-10.0	-8.0	0	3	0	0	16	16	0	False	27	6	4	0	5	0	rg05_theta12p495_foilpm3	17.5	26	16	False	open_populated	16	0	False	0	0	16
rg05_theta12p495_foilpm3	-3.0	-10.0	-8.0	0	4	0	0	27	27	0	False	44	9	5	0	8	0	rg05_theta12p495_foilpm3	17.5	26	26	True	open_populated	26	1	False	1	0	26
rg05_theta12p495_foilpm3	-3.0	-10.0	-8.0	0	5	0	0	17	17	0	False	30	6	2	0	7	0	rg05_theta12p495_foilpm3	17.5	26	17	False	open_populated	17	0	False	0	0	17
rg05_theta12p495_foilpm3	-3.0	-10.0	-8.0	0	6	0	0	0	0	0	False	3	1	0	3	2	0	rg05_theta12p495_foilpm3	17.5	26	0	False	observed_no_eligible_core	0	0	False	0	0	0
rg05_theta12p495_foilpm3	-3.0	-10.0	-8.0	1	2	0	0	14	14	0	False	23	5	5	0	4	0	rg05_theta12p495_foilpm3	17.5	26	14	False	open_populated	14	0	False	0	0	14
rg05_theta12p495_foilpm3	-3.0	-10.0	-8.0	1	3	0	0	30	30	0	False	50	10	9	0	10	0	rg05_theta12p495_foilpm3	17.5	26	26	True	open_populated	26	4	False	4	0	26
rg05_theta12p495_foilpm3	-3.0	-10.0	-8.0	1	4	0	0	38	38	0	False	62	13	11	0	11	0	rg05_theta12p495_foilpm3	17.5	26	26	True	open_populated	26	12	False	12	0	26
rg05_theta12p495_foilpm3	-3.0	-10.0	-8.0	1	5	0	0	20	20	0	False	32	7	5	0	5	0	rg05_theta12p495_foilpm3	17.5	26	20	False	open_populated	20	0	False	0	0	20
rg05_theta12p495_foilpm3	-3.0	-10.0	-8.0	1	6	0	0	0	0	0	False	7	2	0	7	5	0	rg05_theta12p495_foilpm3	17.5	26	0	False	observed_no_eligible_core	0	0	False	0	0	0
rg05_theta12p495_foilpm3	-3.0	-10.0	-8.0	2	2	0	0	26	26	0	False	46	10	5	0	10	0	rg05_theta12p495_foilpm3	17.5	26	26	False	open_populated	26	0	False	0	0	26
rg05_theta12p495_foilpm3	-3.0	-10.0	-8.0	2	3	0	0	0	0	0	True	9	2	0	9	7	7	rg05_theta12p495_foilpm3	17.5	26	0	False	blocked	0	0	False	0	0	0
rg05_theta12p495_foilpm3	-3.0	-10.0	-8.0	2	4	0	0	43	43	0	False	73	15	7	0	15	0	rg05_theta12p495_foilpm3	17.5	26	26	True	open_populated	26	17	False	17	0	26
rg05_theta12p495_foilpm3	-3.0	-10.0	-8.0	2	5	0	0	30	30	0	False	62	13	5	0	19	0	rg05_theta12p495_foilpm3	17.5	26	26	True	open_populated	26	4	False	4	0	26
rg05_theta12p495_foilpm3	-3.0	-10.0	-8.0	2	6	0	0	19	19	0	False	45	9	6	0	17	0	rg05_theta12p495_foilpm3	17.5	26	19	False	open_populated	19	0	False	0	0	19
rg05_theta12p495_foilpm3	-3.0	-10.0	-8.0	3	2	0	0	17	17	0	False	30	6	1	0	7	0	rg05_theta12p495_foilpm3	17.5	26	17	False	open_populated	17	0	False	0	0	17
rg05_theta12p495_foilpm3	-3.0	-10.0	-8.0	3	3	0	0	32	32	0	False	50	10	7	0	8	0	rg05_theta12p495_foilpm3	17.5	26	26	True	open_populated	26	6	False	6	0	26
rg05_theta12p495_foilpm3	-3.0	-10.0	-8.0	3	4	0	0	42	42	0	False	64	13	9	0	9	0	rg05_theta12p495_foilpm3	17.5	26	26	True	open_populated	26	16	False	16	0	26
rg05_theta12p495_foilpm3	-3.0	-10.0	-8.0	3	5	0	0	64	64	0	False	100	20	11	0	16	0	rg05_theta12p495_foilpm3	17.5	26	26	True	open_populated	26	38	False	38	0	26
rg05_theta12p495_foilpm3	-3.0	-10.0	-8.0	3	6	0	0	42	42	0	False	88	18	8	0	28	0	rg05_theta12p495_foilpm3	17.5	26	26	True	open_populated	26	16	False	16	0	26
rg05_theta12p495_foilpm3	-3.0	-10.0	-8.0	4	2	0	0	27	27	0	False	51	11	9	0	13	0	rg05_theta12p495_foilpm3	17.5	26	26	True	open_populated	26	1	False	1	0	26
rg05_theta12p495_foilpm3	-3.0	-10.0	-8.0	4	3	0	0	32	32	0	False	59	12	9	0	15	0	rg05_theta12p495_foilpm3	17.5	26	26	True	open_populated	26	6	False	6	0	26
rg05_theta12p495_foilpm3	-3.0	-10.0	-8.0	4	4	0	0	13	13	0	False	24	5	3	0	6	0	rg05_theta12p495_foilpm3	17.5	26	13	False	open_populated	13	0	False	0	0	13
rg05_theta12p495_foilpm3	-3.0	-10.0	-8.0	4	5	0	0	45	45	0	False	85	17	11	0	23	0	rg05_theta12p495_foilpm3	17.5	26	26	True	open_populated	26	19	False	19	0	26
rg05_theta12p495_foilpm3	-3.0	-10.0	-8.0	4	6	0	0	55	55	0	False	123	25	15	0	43	0	rg05_theta12p495_foilpm3	17.5	26	26	True	open_populated	26	29	False	29	0	26
rg05_theta12p495_foilpm3	-3.0	-10.0	-8.0	5	2	0	0	18	18	0	False	32	7	6	0	7	0	rg05_theta12p495_foilpm3	17.5	26	18	False	open_populated	18	0	False	0	0	18
rg05_theta12p495_foilpm3	-3.0	-10.0	-8.0	5	3	0	0	31	31	0	False	53	11	8	0	11	0	rg05_theta12p495_foilpm3	17.5	26	26	True	open_populated	26	5	False	5	0	26
rg05_theta12p495_foilpm3	-3.0	-10.0	-8.0	5	4	0	0	39	39	0	False	70	14	11	0	17	0	rg05_theta12p495_foilpm3	17.5	26	26	True	open_populated	26	13	False	13	0	26
rg05_theta12p495_foilpm3	-3.0	-10.0	-8.0	5	5	0	0	0	0	0	True	2	1	0	2	1	1	rg05_theta12p495_foilpm3	17.5	26	0	False	blocked	0	0	False	0	0	0
rg05_theta12p495_foilpm3	-3.0	-10.0	-8.0	5	6	0	0	64	64	0	False	96	20	13	0	12	0	rg05_theta12p495_foilpm3	17.5	26	26	True	open_populated	26	38	False	38	0	26
rg05_theta12p495_foilpm3	-3.0	-10.0	-8.0	6	2	0	0	11	11	0	False	19	4	1	0	4	0	rg05_theta12p495_foilpm3	17.5	26	11	False	open_populated	11	0	False	0	0	11
rg05_theta12p495_foilpm3	-3.0	-10.0	-8.0	6	3	0	0	33	33	0	False	52	11	8	0	8	0	rg05_theta12p495_foilpm3	17.5	26	26	True	open_populated	26	7	False	7	0	26
rg05_theta12p495_foilpm3	-3.0	-10.0	-8.0	6	4	0	0	39	39	0	False	67	14	7	0	14	0	rg05_theta12p495_foilpm3	17.5	26	26	True	open_populated	26	13	False	13	0	26
rg05_theta12p495_foilpm3	-3.0	-10.0	-8.0	6	5	0	0	46	46	0	False	73	15	10	0	12	0	rg05_theta12p495_foilpm3	17.5	26	26	True	open_populated	26	20	False	20	0	26
rg05_theta12p495_foilpm3	-3.0	-10.0	-8.0	6	6	0	0	50	50	0	False	91	19	16	0	22	0	rg05_theta12p495_foilpm3	17.5	26	26	True	open_populated	26	24	False	24	0	26
rg05_theta12p495_foilpm3	-3.0	-10.0	-8.0	7	2	0	0	10	10	0	False	18	4	2	0	4	0	rg05_theta12p495_foilpm3	17.5	26	10	False	open_populated	10	0	False	0	0	10
rg05_theta12p495_foilpm3	-3.0	-10.0	-8.0	7	3	0	0	20	20	0	False	33	7	6	0	6	0	rg05_theta12p495_foilpm3	17.5	26	20	False	open_populated	20	0	False	0	0	20
rg05_theta12p495_foilpm3	-3.0	-10.0	-8.0	7	4	0	0	23	23	0	False	38	8	5	0	7	0	rg05_theta12p495_foilpm3	17.5	26	23	False	open_populated	23	0	False	0	0	23
rg05_theta12p495_foilpm3	-3.0	-10.0	-8.0	7	5	0	0	25	25	0	False	44	9	8	0	10	0	rg05_theta12p495_foilpm3	17.5	26	25	False	open_populated	25	0	False	0	0	25
rg05_theta12p495_foilpm3	-3.0	-10.0	-8.0	7	6	0	0	33	33	0	False	60	12	11	0	15	0	rg05_theta12p495_foilpm3	17.5	26	26	True	open_populated	26	7	False	7	0	26
rg05_theta12p495_foilpm3	-3.0	-10.0	-8.0	8	2	0	0	0	0	0	False	6	2	0	6	4	0	rg05_theta12p495_foilpm3	17.5	26	0	False	observed_no_eligible_core	0	0	False	0	0	0
rg05_theta12p495_foilpm3	-3.0	-10.0	-8.0	8	3	0	0	10	10	0	False	15	3	3	0	2	0	rg05_theta12p495_foilpm3	17.5	26	10	False	open_populated	10	0	False	0	0	10
rg05_theta12p495_foilpm3	-3.0	-10.0	-8.0	8	4	0	0	13	13	0	False	21	5	2	0	3	0	rg05_theta12p495_foilpm3	17.5	26	13	False	open_populated	13	0	False	0	0	13
rg05_theta12p495_foilpm3	-3.0	-10.0	-8.0	8	5	0	0	20	20	0	False	29	6	5	0	3	0	rg05_theta12p495_foilpm3	17.5	26	20	False	open_populated	20	0	False	0	0	20
rg05_theta12p495_foilpm3	-3.0	-10.0	-8.0	8	6	0	0	0	0	0	False	7	2	0	7	5	0	rg05_theta12p495_foilpm3	17.5	26	0	False	observed_no_eligible_core	0	0	False	0	0	0
rg05_theta12p495_foilpm3	-3.0	-8.0	-5.0	0	2	0	1	23	23	0	False	36	8	7	0	5	0	rg05_theta12p495_foilpm3	32.5	48	23	False	open_populated	23	0	False	0	0	23
rg05_theta12p495_foilpm3	-3.0	-8.0	-5.0	0	3	0	1	31	31	0	False	45	9	7	0	5	0	rg05_theta12p495_foilpm3	32.5	48	31	False	open_populated	31	0	False	0	0	31
rg05_theta12p495_foilpm3	-3.0	-8.0	-5.0	0	4	0	1	39	39	0	False	69	14	12	0	16	0	rg05_theta12p495_foilpm3	32.5	48	39	False	open_populated	39	0	False	0	0	39
rg05_theta12p495_foilpm3	-3.0	-8.0	-5.0	0	5	0	1	51	51	0	False	88	18	13	0	19	0	rg05_theta12p495_foilpm3	32.5	48	48	True	open_populated	48	3	False	3	0	48
rg05_theta12p495_foilpm3	-3.0	-8.0	-5.0	0	6	0	1	0	0	0	False	4	1	0	4	3	0	rg05_theta12p495_foilpm3	32.5	48	0	False	observed_no_eligible_core	0	0	False	0	0	0
rg05_theta12p495_foilpm3	-3.0	-8.0	-5.0	1	1	0	1	0	0	0	False	11	3	0	11	8	0	rg05_theta12p495_foilpm3	32.5	48	0	False	observed_no_eligible_core	0	0	False	0	0	0
rg05_theta12p495_foilpm3	-3.0	-8.0	-5.0	1	2	0	1	24	24	0	False	46	10	8	0	12	0	rg05_theta12p495_foilpm3	32.5	48	24	False	open_populated	24	0	False	0	0	24
rg05_theta12p495_foilpm3	-3.0	-8.0	-5.0	1	3	0	1	42	42	0	False	76	16	12	0	18	0	rg05_theta12p495_foilpm3	32.5	48	42	False	open_populated	42	0	False	0	0	42
rg05_theta12p495_foilpm3	-3.0	-8.0	-5.0	1	4	0	1	61	61	0	False	113	23	14	0	29	0	rg05_theta12p495_foilpm3	32.5	48	48	True	open_populated	48	13	False	13	0	48
rg05_theta12p495_foilpm3	-3.0	-8.0	-5.0	1	5	0	1	56	56	0	False	107	22	12	0	29	0	rg05_theta12p495_foilpm3	32.5	48	48	True	open_populated	48	8	False	8	0	48
rg05_theta12p495_foilpm3	-3.0	-8.0	-5.0	1	6	0	1	37	37	0	False	61	13	9	0	11	0	rg05_theta12p495_foilpm3	32.5	48	37	False	open_populated	37	0	False	0	0	37
rg05_theta12p495_foilpm3	-3.0	-8.0	-5.0	2	1	0	1	23	23	0	False	39	8	3	0	8	0	rg05_theta12p495_foilpm3	32.5	48	23	False	open_populated	23	0	False	0	0	23
rg05_theta12p495_foilpm3	-3.0	-8.0	-5.0	2	2	0	1	42	42	0	False	69	14	8	0	13	0	rg05_theta12p495_foilpm3	32.5	48	42	False	open_populated	42	0	False	0	0	42
rg05_theta12p495_foilpm3	-3.0	-8.0	-5.0	2	3	0	1	0	0	0	True	3	1	0	3	2	2	rg05_theta12p495_foilpm3	32.5	48	0	False	blocked	0	0	False	0	0	0
rg05_theta12p495_foilpm3	-3.0	-8.0	-5.0	2	4	0	1	74	74	0	False	124	25	16	0	25	0	rg05_theta12p495_foilpm3	32.5	48	48	True	open_populated	48	26	False	26	0	48
rg05_theta12p495_foilpm3	-3.0	-8.0	-5.0	2	5	0	1	93	93	0	False	149	30	23	0	26	0	rg05_theta12p495_foilpm3	32.5	48	48	True	open_populated	48	45	False	45	0	48
rg05_theta12p495_foilpm3	-3.0	-8.0	-5.0	2	6	0	1	77	77	0	False	126	26	21	0	23	0	rg05_theta12p495_foilpm3	32.5	48	48	True	open_populated	48	29	False	29	0	48
rg05_theta12p495_foilpm3	-3.0	-8.0	-5.0	3	1	0	1	20	20	0	False	39	8	7	0	11	0	rg05_theta12p495_foilpm3	32.5	48	20	False	open_populated	20	0	False	0	0	20
rg05_theta12p495_foilpm3	-3.0	-8.0	-5.0	3	2	0	1	42	42	0	False	71	15	12	0	14	0	rg05_theta12p495_foilpm3	32.5	48	42	False	open_populated	42	0	False	0	0	42
rg05_theta12p495_foilpm3	-3.0	-8.0	-5.0	3	3	0	1	60	60	0	False	95	19	13	0	16	0	rg05_theta12p495_foilpm3	32.5	48	48	True	open_populated	48	12	False	12	0	48
rg05_theta12p495_foilpm3	-3.0	-8.0	-5.0	3	4	0	1	77	77	0	False	133	27	18	0	29	0	rg05_theta12p495_foilpm3	32.5	48	48	True	open_populated	48	29	False	29	0	48
rg05_theta12p495_foilpm3	-3.0	-8.0	-5.0	3	5	0	1	88	88	0	False	134	27	22	0	19	0	rg05_theta12p495_foilpm3	32.5	48	48	True	open_populated	48	40	False	40	0	48
rg05_theta12p495_foilpm3	-3.0	-8.0	-5.0	3	6	0	1	102	102	0	False	164	33	27	0	29	0	rg05_theta12p495_foilpm3	32.5	48	48	True	open_populated	48	54	False	54	0	48
rg05_theta12p495_foilpm3	-3.0	-8.0	-5.0	4	1	0	1	32	32	0	False	50	10	8	0	8	0	rg05_theta12p495_foilpm3	32.5	48	32	False	open_populated	32	0	False	0	0	32
rg05_theta12p495_foilpm3	-3.0	-8.0	-5.0	4	2	0	1	53	53	0	False	86	18	11	0	15	0	rg05_theta12p495_foilpm3	32.5	48	48	True	open_populated	48	5	False	5	0	48
rg05_theta12p495_foilpm3	-3.0	-8.0	-5.0	4	3	0	1	57	57	0	False	101	21	19	0	23	0	rg05_theta12p495_foilpm3	32.5	48	48	True	open_populated	48	9	False	9	0	48
rg05_theta12p495_foilpm3	-3.0	-8.0	-5.0	4	4	0	1	24	24	0	False	38	8	8	0	6	0	rg05_theta12p495_foilpm3	32.5	48	24	False	open_populated	24	0	False	0	0	24
rg05_theta12p495_foilpm3	-3.0	-8.0	-5.0	4	5	0	1	108	108	0	False	188	38	34	0	42	0	rg05_theta12p495_foilpm3	32.5	48	48	True	open_populated	48	60	False	60	0	48
rg05_theta12p495_foilpm3	-3.0	-8.0	-5.0	4	6	0	1	123	123	0	False	205	41	35	0	41	0	rg05_theta12p495_foilpm3	32.5	48	48	True	open_populated	48	75	False	75	0	48
rg05_theta12p495_foilpm3	-3.0	-8.0	-5.0	5	1	0	1	26	26	0	False	48	10	10	0	12	0	rg05_theta12p495_foilpm3	32.5	48	26	False	open_populated	26	0	False	0	0	26
rg05_theta12p495_foilpm3	-3.0	-8.0	-5.0	5	2	0	1	44	44	0	False	67	14	12	0	9	0	rg05_theta12p495_foilpm3	32.5	48	44	False	open_populated	44	0	False	0	0	44
rg05_theta12p495_foilpm3	-3.0	-8.0	-5.0	5	3	0	1	78	78	0	False	121	25	23	0	18	0	rg05_theta12p495_foilpm3	32.5	48	48	True	open_populated	48	30	False	30	0	48
rg05_theta12p495_foilpm3	-3.0	-8.0	-5.0	5	4	0	1	89	89	0	False	142	29	25	0	24	0	rg05_theta12p495_foilpm3	32.5	48	48	True	open_populated	48	41	False	41	0	48
rg05_theta12p495_foilpm3	-3.0	-8.0	-5.0	5	5	0	1	0	0	0	True	13	3	0	13	10	10	rg05_theta12p495_foilpm3	32.5	48	0	False	blocked	0	0	False	0	0	0
rg05_theta12p495_foilpm3	-3.0	-8.0	-5.0	5	6	0	1	138	138	0	False	231	47	36	0	46	0	rg05_theta12p495_foilpm3	32.5	48	48	True	open_populated	48	90	False	90	0	48
rg05_theta12p495_foilpm3	-3.0	-8.0	-5.0	6	1	0	1	21	21	0	False	40	8	5	0	11	0	rg05_theta12p495_foilpm3	32.5	48	21	False	open_populated	21	0	False	0	0	21
rg05_theta12p495_foilpm3	-3.0	-8.0	-5.0	6	2	0	1	48	48	0	False	70	14	8	0	8	0	rg05_theta12p495_foilpm3	32.5	48	48	False	open_populated	48	0	False	0	0	48
rg05_theta12p495_foilpm3	-3.0	-8.0	-5.0	6	3	0	1	56	56	0	False	84	17	15	0	11	0	rg05_theta12p495_foilpm3	32.5	48	48	True	open_populated	48	8	False	8	0	48
rg05_theta12p495_foilpm3	-3.0	-8.0	-5.0	6	4	0	1	59	59	0	False	88	18	16	0	11	0	rg05_theta12p495_foilpm3	32.5	48	48	True	open_populated	48	11	False	11	0	48
rg05_theta12p495_foilpm3	-3.0	-8.0	-5.0	6	5	0	1	82	82	0	False	132	27	19	0	23	0	rg05_theta12p495_foilpm3	32.5	48	48	True	open_populated	48	34	False	34	0	48
rg05_theta12p495_foilpm3	-3.0	-8.0	-5.0	6	6	0	1	104	104	0	False	166	34	33	0	28	0	rg05_theta12p495_foilpm3	32.5	48	48	True	open_populated	48	56	False	56	0	48
rg05_theta12p495_foilpm3	-3.0	-8.0	-5.0	7	1	0	1	11	11	0	False	14	3	2	0	0	0	rg05_theta12p495_foilpm3	32.5	48	11	False	open_populated	11	0	False	0	0	11
rg05_theta12p495_foilpm3	-3.0	-8.0	-5.0	7	2	0	1	26	26	0	False	46	10	6	0	10	0	rg05_theta12p495_foilpm3	32.5	48	26	False	open_populated	26	0	False	0	0	26
rg05_theta12p495_foilpm3	-3.0	-8.0	-5.0	7	3	0	1	43	43	0	False	67	14	10	0	10	0	rg05_theta12p495_foilpm3	32.5	48	43	False	open_populated	43	0	False	0	0	43
rg05_theta12p495_foilpm3	-3.0	-8.0	-5.0	7	4	0	1	62	62	0	False	101	21	16	0	18	0	rg05_theta12p495_foilpm3	32.5	48	48	True	open_populated	48	14	False	14	0	48
rg05_theta12p495_foilpm3	-3.0	-8.0	-5.0	7	5	0	1	72	72	0	False	111	23	15	0	16	0	rg05_theta12p495_foilpm3	32.5	48	48	True	open_populated	48	24	False	24	0	48
rg05_theta12p495_foilpm3	-3.0	-8.0	-5.0	7	6	0	1	76	76	0	False	124	25	22	0	23	0	rg05_theta12p495_foilpm3	32.5	48	48	True	open_populated	48	28	False	28	0	48
rg05_theta12p495_foilpm3	-3.0	-8.0	-5.0	8	2	0	1	15	15	0	False	26	6	3	0	5	0	rg05_theta12p495_foilpm3	32.5	48	15	False	open_populated	15	0	False	0	0	15
rg05_theta12p495_foilpm3	-3.0	-8.0	-5.0	8	3	0	1	33	33	0	False	52	11	9	0	8	0	rg05_theta12p495_foilpm3	32.5	48	33	False	open_populated	33	0	False	0	0	33
rg05_theta12p495_foilpm3	-3.0	-8.0	-5.0	8	4	0	1	51	51	0	False	72	15	14	0	6	0	rg05_theta12p495_foilpm3	32.5	48	48	True	open_populated	48	3	False	3	0	48
rg05_theta12p495_foilpm3	-3.0	-8.0	-5.0	8	5	0	1	61	61	0	False	97	20	15	0	16	0	rg05_theta12p495_foilpm3	32.5	48	48	True	open_populated	48	13	False	13	0	48
rg05_theta12p495_foilpm3	-3.0	-8.0	-5.0	8	6	0	1	0	0	0	False	15	3	0	15	12	0	rg05_theta12p495_foilpm3	32.5	48	0	False	observed_no_eligible_core	0	0	False	0	0	0
rg05_theta12p495_foilpm3	-3.0	-5.0	0.0	0	2	0	2	42	42	0	False	66	14	9	0	10	0	rg05_theta12p495_foilpm3	53.0	79	42	False	open_populated	42	0	False	0	0	42
rg05_theta12p495_foilpm3	-3.0	-5.0	0.0	0	3	0	2	53	53	0	False	88	18	15	0	17	0	rg05_theta12p495_foilpm3	53.0	79	53	False	open_populated	53	0	False	0	0	53
rg05_theta12p495_foilpm3	-3.0	-5.0	0.0	0	4	0	2	71	71	0	False	108	22	18	0	15	0	rg05_theta12p495_foilpm3	53.0	79	71	False	open_populated	55	16	False	0	16	55
rg05_theta12p495_foilpm3	-3.0	-5.0	0.0	0	5	0	2	107	107	0	False	161	33	26	0	21	0	rg05_theta12p495_foilpm3	53.0	79	79	True	open_populated	55	52	False	28	24	55
rg05_theta12p495_foilpm3	-3.0	-5.0	0.0	0	6	0	2	0	0	0	False	3	1	0	3	2	0	rg05_theta12p495_foilpm3	53.0	79	0	False	observed_no_eligible_core	0	0	False	0	0	0
rg05_theta12p495_foilpm3	-3.0	-5.0	0.0	1	1	0	2	13	13	0	False	20	4	3	0	3	0	rg05_theta12p495_foilpm3	53.0	79	13	False	open_populated	13	0	False	0	0	13
rg05_theta12p495_foilpm3	-3.0	-5.0	0.0	1	2	0	2	53	53	0	False	90	18	16	0	19	0	rg05_theta12p495_foilpm3	53.0	79	53	False	open_populated	53	0	False	0	0	53
rg05_theta12p495_foilpm3	-3.0	-5.0	0.0	1	3	0	2	65	65	0	False	123	25	21	0	33	0	rg05_theta12p495_foilpm3	53.0	79	65	False	open_populated	55	10	False	0	10	55
rg05_theta12p495_foilpm3	-3.0	-5.0	0.0	1	4	0	2	98	98	0	False	157	32	24	0	27	0	rg05_theta12p495_foilpm3	53.0	79	79	True	open_populated	55	43	False	19	24	55
rg05_theta12p495_foilpm3	-3.0	-5.0	0.0	1	5	0	2	120	120	0	False	208	42	35	0	46	0	rg05_theta12p495_foilpm3	53.0	79	79	True	open_populated	55	65	False	41	24	55
rg05_theta12p495_foilpm3	-3.0	-5.0	0.0	1	6	0	2	118	118	0	False	188	38	27	0	32	0	rg05_theta12p495_foilpm3	53.0	79	79	True	open_populated	55	63	False	39	24	55
rg05_theta12p495_foilpm3	-3.0	-5.0	0.0	2	1	0	2	34	34	0	False	55	11	9	0	10	0	rg05_theta12p495_foilpm3	53.0	79	34	False	open_populated	34	0	False	0	0	34
rg05_theta12p495_foilpm3	-3.0	-5.0	0.0	2	2	0	2	66	66	0	False	98	20	16	0	12	0	rg05_theta12p495_foilpm3	53.0	79	66	False	open_populated	55	11	False	0	11	55
rg05_theta12p495_foilpm3	-3.0	-5.0	0.0	2	3	0	2	0	0	0	True	1	1	0	1	0	0	rg05_theta12p495_foilpm3	53.0	79	0	False	blocked	0	0	False	0	0	0
rg05_theta12p495_foilpm3	-3.0	-5.0	0.0	2	4	0	2	106	106	0	False	177	36	28	0	35	0	rg05_theta12p495_foilpm3	53.0	79	79	True	open_populated	55	51	False	27	24	55
rg05_theta12p495_foilpm3	-3.0	-5.0	0.0	2	5	0	2	167	167	0	False	273	55	45	0	51	0	rg05_theta12p495_foilpm3	53.0	79	79	True	open_populated	55	112	False	88	24	55
rg05_theta12p495_foilpm3	-3.0	-5.0	0.0	2	6	0	2	187	187	0	False	289	58	46	0	44	0	rg05_theta12p495_foilpm3	53.0	79	79	True	open_populated	55	132	False	108	24	55
rg05_theta12p495_foilpm3	-3.0	-5.0	0.0	3	1	0	2	53	53	0	False	80	16	11	0	11	0	rg05_theta12p495_foilpm3	53.0	79	53	False	open_populated	53	0	False	0	0	53
rg05_theta12p495_foilpm3	-3.0	-5.0	0.0	3	2	0	2	84	84	0	False	137	28	20	0	25	0	rg05_theta12p495_foilpm3	53.0	79	79	True	open_populated	55	29	False	5	24	55
rg05_theta12p495_foilpm3	-3.0	-5.0	0.0	3	3	0	2	128	128	0	False	197	40	29	0	29	0	rg05_theta12p495_foilpm3	53.0	79	79	True	open_populated	55	73	False	49	24	55
rg05_theta12p495_foilpm3	-3.0	-5.0	0.0	3	4	0	2	178	178	0	False	278	56	43	0	44	0	rg05_theta12p495_foilpm3	53.0	79	79	True	open_populated	55	123	False	99	24	55
rg05_theta12p495_foilpm3	-3.0	-5.0	0.0	3	5	0	2	196	196	0	False	322	65	50	0	61	0	rg05_theta12p495_foilpm3	53.0	79	79	True	open_populated	55	141	False	117	24	55
rg05_theta12p495_foilpm3	-3.0	-5.0	0.0	3	6	0	2	239	239	0	False	377	76	61	0	62	0	rg05_theta12p495_foilpm3	53.0	79	79	True	open_populated	55	184	False	160	24	55
rg05_theta12p495_foilpm3	-3.0	-5.0	0.0	4	1	0	2	46	46	0	False	68	14	10	0	8	0	rg05_theta12p495_foilpm3	53.0	79	46	False	open_populated	46	0	False	0	0	46
rg05_theta12p495_foilpm3	-3.0	-5.0	0.0	4	2	0	2	87	87	0	False	144	29	23	0	28	0	rg05_theta12p495_foilpm3	53.0	79	79	True	open_populated	55	32	False	8	24	55
rg05_theta12p495_foilpm3	-3.0	-5.0	0.0	4	3	0	2	111	111	0	False	187	38	34	0	38	0	rg05_theta12p495_foilpm3	53.0	79	79	True	open_populated	55	56	False	32	24	55
rg05_theta12p495_foilpm3	-3.0	-5.0	0.0	4	4	0	2	49	49	0	False	76	16	11	0	11	0	rg05_theta12p495_foilpm3	53.0	79	49	False	open_populated	49	0	False	0	0	49
rg05_theta12p495_foilpm3	-3.0	-5.0	0.0	4	5	0	2	203	203	0	False	332	67	54	0	62	0	rg05_theta12p495_foilpm3	53.0	79	79	True	open_populated	55	148	False	124	24	55
rg05_theta12p495_foilpm3	-3.0	-5.0	0.0	4	6	0	2	236	236	0	False	383	77	66	0	70	0	rg05_theta12p495_foilpm3	53.0	79	79	True	open_populated	55	181	False	157	24	55
rg05_theta12p495_foilpm3	-3.0	-5.0	0.0	5	1	0	2	48	48	0	False	73	15	14	0	10	0	rg05_theta12p495_foilpm3	53.0	79	48	False	open_populated	48	0	False	0	0	48
rg05_theta12p495_foilpm3	-3.0	-5.0	0.0	5	2	0	2	74	74	0	False	117	24	19	0	19	0	rg05_theta12p495_foilpm3	53.0	79	74	False	open_populated	55	19	False	0	19	55
rg05_theta12p495_foilpm3	-3.0	-5.0	0.0	5	3	0	2	112	112	0	False	180	36	29	0	32	0	rg05_theta12p495_foilpm3	53.0	79	79	True	open_populated	55	57	False	33	24	55
rg05_theta12p495_foilpm3	-3.0	-5.0	0.0	5	4	0	2	141	141	0	False	236	48	41	0	47	0	rg05_theta12p495_foilpm3	53.0	79	79	True	open_populated	55	86	False	62	24	55
rg05_theta12p495_foilpm3	-3.0	-5.0	0.0	5	5	0	2	0	0	0	True	10	2	0	10	8	8	rg05_theta12p495_foilpm3	53.0	79	0	False	blocked	0	0	False	0	0	0
rg05_theta12p495_foilpm3	-3.0	-5.0	0.0	5	6	0	2	266	266	0	False	407	82	64	0	59	0	rg05_theta12p495_foilpm3	53.0	79	79	True	open_populated	55	211	False	187	24	55
rg05_theta12p495_foilpm3	-3.0	-5.0	0.0	6	1	0	2	41	41	0	False	66	14	10	0	11	0	rg05_theta12p495_foilpm3	53.0	79	41	False	open_populated	41	0	False	0	0	41
rg05_theta12p495_foilpm3	-3.0	-5.0	0.0	6	2	0	2	62	62	0	False	98	20	17	0	16	0	rg05_theta12p495_foilpm3	53.0	79	62	False	open_populated	55	7	False	0	7	55
rg05_theta12p495_foilpm3	-3.0	-5.0	0.0	6	3	0	2	104	104	0	False	167	34	30	0	29	0	rg05_theta12p495_foilpm3	53.0	79	79	True	open_populated	55	49	False	25	24	55
rg05_theta12p495_foilpm3	-3.0	-5.0	0.0	6	4	0	2	151	151	0	False	237	48	39	0	38	0	rg05_theta12p495_foilpm3	53.0	79	79	True	open_populated	55	96	False	72	24	55
rg05_theta12p495_foilpm3	-3.0	-5.0	0.0	6	5	0	2	189	189	0	False	283	57	44	0	37	0	rg05_theta12p495_foilpm3	53.0	79	79	True	open_populated	55	134	False	110	24	55
rg05_theta12p495_foilpm3	-3.0	-5.0	0.0	6	6	0	2	207	207	0	False	328	66	50	0	55	0	rg05_theta12p495_foilpm3	53.0	79	79	True	open_populated	55	152	False	128	24	55
rg05_theta12p495_foilpm3	-3.0	-5.0	0.0	7	1	0	2	17	17	0	False	23	5	2	0	1	0	rg05_theta12p495_foilpm3	53.0	79	17	False	open_populated	17	0	False	0	0	17
rg05_theta12p495_foilpm3	-3.0	-5.0	0.0	7	2	0	2	53	53	0	False	78	16	14	0	9	0	rg05_theta12p495_foilpm3	53.0	79	53	False	open_populated	53	0	False	0	0	53
rg05_theta12p495_foilpm3	-3.0	-5.0	0.0	7	3	0	2	85	85	0	False	134	27	22	0	22	0	rg05_theta12p495_foilpm3	53.0	79	79	True	open_populated	55	30	False	6	24	55
rg05_theta12p495_foilpm3	-3.0	-5.0	0.0	7	4	0	2	97	97	0	False	154	31	28	0	26	0	rg05_theta12p495_foilpm3	53.0	79	79	True	open_populated	55	42	False	18	24	55
rg05_theta12p495_foilpm3	-3.0	-5.0	0.0	7	5	0	2	145	145	0	False	222	45	35	0	32	0	rg05_theta12p495_foilpm3	53.0	79	79	True	open_populated	55	90	False	66	24	55
rg05_theta12p495_foilpm3	-3.0	-5.0	0.0	7	6	0	2	147	147	0	False	230	46	38	0	37	0	rg05_theta12p495_foilpm3	53.0	79	79	True	open_populated	55	92	False	68	24	55
rg05_theta12p495_foilpm3	-3.0	-5.0	0.0	8	2	0	2	36	36	0	False	54	11	8	0	7	0	rg05_theta12p495_foilpm3	53.0	79	36	False	open_populated	36	0	False	0	0	36
rg05_theta12p495_foilpm3	-3.0	-5.0	0.0	8	3	0	2	65	65	0	False	93	19	16	0	9	0	rg05_theta12p495_foilpm3	53.0	79	65	False	open_populated	55	10	False	0	10	55
rg05_theta12p495_foilpm3	-3.0	-5.0	0.0	8	4	0	2	80	80	0	False	118	24	19	0	14	0	rg05_theta12p495_foilpm3	53.0	79	79	True	open_populated	56	24	False	1	23	56
rg05_theta12p495_foilpm3	-3.0	-5.0	0.0	8	5	0	2	102	102	0	False	149	30	22	0	17	0	rg05_theta12p495_foilpm3	53.0	79	79	True	open_populated	55	47	False	23	24	55
rg05_theta12p495_foilpm3	-3.0	-5.0	0.0	8	6	0	2	0	0	0	False	4	1	0	4	3	0	rg05_theta12p495_foilpm3	53.0	79	0	False	observed_no_eligible_core	0	0	False	0	0	0
rg05_theta12p495_foilpm3	-3.0	0.0	5.0	0	2	0	3	19	19	0	False	30	6	4	0	5	0	rg05_theta12p495_foilpm3	46.0	69	19	False	open_populated	19	0	False	0	0	19
rg05_theta12p495_foilpm3	-3.0	0.0	5.0	0	3	0	3	50	50	0	False	81	17	14	0	14	0	rg05_theta12p495_foilpm3	46.0	69	50	False	open_populated	50	0	False	0	0	50
rg05_theta12p495_foilpm3	-3.0	0.0	5.0	0	4	0	3	56	56	0	False	102	21	18	0	25	0	rg05_theta12p495_foilpm3	46.0	69	56	False	open_populated	56	0	False	0	0	56
rg05_theta12p495_foilpm3	-3.0	0.0	5.0	0	5	0	3	77	77	0	False	127	26	20	0	24	0	rg05_theta12p495_foilpm3	46.0	69	69	True	open_populated	69	8	False	8	0	69
rg05_theta12p495_foilpm3	-3.0	0.0	5.0	0	6	0	3	0	0	0	False	3	1	0	3	2	0	rg05_theta12p495_foilpm3	46.0	69	0	False	observed_no_eligible_core	0	0	False	0	0	0
rg05_theta12p495_foilpm3	-3.0	0.0	5.0	1	1	0	3	0	0	0	False	4	1	0	4	3	0	rg05_theta12p495_foilpm3	46.0	69	0	False	observed_no_eligible_core	0	0	False	0	0	0
rg05_theta12p495_foilpm3	-3.0	0.0	5.0	1	2	0	3	28	28	0	False	42	9	7	0	5	0	rg05_theta12p495_foilpm3	46.0	69	28	False	open_populated	28	0	False	0	0	28
rg05_theta12p495_foilpm3	-3.0	0.0	5.0	1	3	0	3	58	58	0	False	92	19	15	0	15	0	rg05_theta12p495_foilpm3	46.0	69	58	False	open_populated	58	0	False	0	0	58
rg05_theta12p495_foilpm3	-3.0	0.0	5.0	1	4	0	3	84	84	0	False	134	27	25	0	23	0	rg05_theta12p495_foilpm3	46.0	69	69	True	open_populated	69	15	False	15	0	69
rg05_theta12p495_foilpm3	-3.0	0.0	5.0	1	5	0	3	112	112	0	False	196	40	26	0	44	0	rg05_theta12p495_foilpm3	46.0	69	69	True	open_populated	69	43	False	43	0	69
rg05_theta12p495_foilpm3	-3.0	0.0	5.0	1	6	0	3	130	130	0	False	228	46	29	0	52	0	rg05_theta12p495_foilpm3	46.0	69	69	True	open_populated	69	61	False	61	0	69
rg05_theta12p495_foilpm3	-3.0	0.0	5.0	2	1	0	3	22	22	0	False	35	7	6	0	6	0	rg05_theta12p495_foilpm3	46.0	69	22	False	open_populated	22	0	False	0	0	22
rg05_theta12p495_foilpm3	-3.0	0.0	5.0	2	2	0	3	46	46	0	False	69	14	13	0	9	0	rg05_theta12p495_foilpm3	46.0	69	46	False	open_populated	46	0	False	0	0	46
rg05_theta12p495_foilpm3	-3.0	0.0	5.0	2	3	0	3	0	0	0	True	1	1	0	1	0	0	rg05_theta12p495_foilpm3	46.0	69	0	False	blocked	0	0	False	0	0	0
rg05_theta12p495_foilpm3	-3.0	0.0	5.0	2	4	0	3	119	119	0	False	189	38	30	0	32	0	rg05_theta12p495_foilpm3	46.0	69	69	True	open_populated	69	50	False	50	0	69
rg05_theta12p495_foilpm3	-3.0	0.0	5.0	2	5	0	3	140	140	0	False	232	47	36	0	45	0	rg05_theta12p495_foilpm3	46.0	69	69	True	open_populated	69	71	False	71	0	69
rg05_theta12p495_foilpm3	-3.0	0.0	5.0	2	6	0	3	199	199	0	False	318	64	49	0	55	0	rg05_theta12p495_foilpm3	46.0	69	69	True	open_populated	69	130	False	130	0	69
rg05_theta12p495_foilpm3	-3.0	0.0	5.0	3	1	0	3	34	34	0	False	58	12	10	0	12	0	rg05_theta12p495_foilpm3	46.0	69	34	False	open_populated	34	0	False	0	0	34
rg05_theta12p495_foilpm3	-3.0	0.0	5.0	3	2	0	3	53	53	0	False	99	20	15	0	26	0	rg05_theta12p495_foilpm3	46.0	69	53	False	open_populated	53	0	False	0	0	53
rg05_theta12p495_foilpm3	-3.0	0.0	5.0	3	3	0	3	74	74	0	False	124	25	19	0	25	0	rg05_theta12p495_foilpm3	46.0	69	69	True	open_populated	69	5	False	5	0	69
rg05_theta12p495_foilpm3	-3.0	0.0	5.0	3	4	0	3	117	117	0	False	192	39	31	0	36	0	rg05_theta12p495_foilpm3	46.0	69	69	True	open_populated	69	48	False	48	0	69
rg05_theta12p495_foilpm3	-3.0	0.0	5.0	3	5	0	3	159	159	0	False	257	52	44	0	46	0	rg05_theta12p495_foilpm3	46.0	69	69	True	open_populated	69	90	False	90	0	69
rg05_theta12p495_foilpm3	-3.0	0.0	5.0	3	6	0	3	192	192	0	False	323	65	51	0	66	0	rg05_theta12p495_foilpm3	46.0	69	69	True	open_populated	69	123	False	123	0	69
rg05_theta12p495_foilpm3	-3.0	0.0	5.0	4	1	0	3	33	33	0	False	51	11	9	0	7	0	rg05_theta12p495_foilpm3	46.0	69	33	False	open_populated	33	0	False	0	0	33
rg05_theta12p495_foilpm3	-3.0	0.0	5.0	4	2	0	3	66	66	0	False	115	23	18	0	26	0	rg05_theta12p495_foilpm3	46.0	69	66	False	open_populated	66	0	False	0	0	66
rg05_theta12p495_foilpm3	-3.0	0.0	5.0	4	3	0	3	95	95	0	False	156	32	23	0	29	0	rg05_theta12p495_foilpm3	46.0	69	69	True	open_populated	69	26	False	26	0	69
rg05_theta12p495_foilpm3	-3.0	0.0	5.0	4	4	0	3	29	29	0	False	53	11	9	0	13	0	rg05_theta12p495_foilpm3	46.0	69	29	False	open_populated	29	0	False	0	0	29
rg05_theta12p495_foilpm3	-3.0	0.0	5.0	4	5	0	3	187	187	0	False	298	60	43	0	51	0	rg05_theta12p495_foilpm3	46.0	69	69	True	open_populated	69	118	False	118	0	69
rg05_theta12p495_foilpm3	-3.0	0.0	5.0	4	6	0	3	249	249	0	False	401	81	63	0	71	0	rg05_theta12p495_foilpm3	46.0	69	69	True	open_populated	69	180	False	180	0	69
rg05_theta12p495_foilpm3	-3.0	0.0	5.0	5	1	0	3	37	37	0	False	60	12	10	0	11	0	rg05_theta12p495_foilpm3	46.0	69	37	False	open_populated	37	0	False	0	0	37
rg05_theta12p495_foilpm3	-3.0	0.0	5.0	5	2	0	3	61	61	0	False	106	22	14	0	23	0	rg05_theta12p495_foilpm3	46.0	69	61	False	open_populated	61	0	False	0	0	61
rg05_theta12p495_foilpm3	-3.0	0.0	5.0	5	3	0	3	76	76	0	False	127	26	20	0	25	0	rg05_theta12p495_foilpm3	46.0	69	69	True	open_populated	69	7	False	7	0	69
rg05_theta12p495_foilpm3	-3.0	0.0	5.0	5	4	0	3	141	141	0	False	218	44	32	0	33	0	rg05_theta12p495_foilpm3	46.0	69	69	True	open_populated	69	72	False	72	0	69
rg05_theta12p495_foilpm3	-3.0	0.0	5.0	5	5	0	3	0	0	0	True	3	1	0	3	2	2	rg05_theta12p495_foilpm3	46.0	69	0	False	blocked	0	0	False	0	0	0
rg05_theta12p495_foilpm3	-3.0	0.0	5.0	5	6	0	3	215	215	0	False	356	72	52	0	69	0	rg05_theta12p495_foilpm3	46.0	69	69	True	open_populated	69	146	False	146	0	69
rg05_theta12p495_foilpm3	-3.0	0.0	5.0	6	1	0	3	25	25	0	False	42	9	7	0	8	0	rg05_theta12p495_foilpm3	46.0	69	25	False	open_populated	25	0	False	0	0	25
rg05_theta12p495_foilpm3	-3.0	0.0	5.0	6	2	0	3	55	55	0	False	85	17	11	0	13	0	rg05_theta12p495_foilpm3	46.0	69	55	False	open_populated	55	0	False	0	0	55
rg05_theta12p495_foilpm3	-3.0	0.0	5.0	6	3	0	3	70	70	0	False	115	23	20	0	22	0	rg05_theta12p495_foilpm3	46.0	69	69	True	open_populated	69	1	False	1	0	69
rg05_theta12p495_foilpm3	-3.0	0.0	5.0	6	4	0	3	86	86	0	False	156	32	23	0	38	0	rg05_theta12p495_foilpm3	46.0	69	69	True	open_populated	69	17	False	17	0	69
rg05_theta12p495_foilpm3	-3.0	0.0	5.0	6	5	0	3	152	152	0	False	250	50	39	0	48	0	rg05_theta12p495_foilpm3	46.0	69	69	True	open_populated	69	83	False	83	0	69
rg05_theta12p495_foilpm3	-3.0	0.0	5.0	6	6	0	3	193	193	0	False	318	64	44	0	61	0	rg05_theta12p495_foilpm3	46.0	69	69	True	open_populated	69	124	False	124	0	69
rg05_theta12p495_foilpm3	-3.0	0.0	5.0	7	1	0	3	16	16	0	False	23	5	3	0	2	0	rg05_theta12p495_foilpm3	46.0	69	16	False	open_populated	16	0	False	0	0	16
rg05_theta12p495_foilpm3	-3.0	0.0	5.0	7	2	0	3	46	46	0	False	71	15	8	0	10	0	rg05_theta12p495_foilpm3	46.0	69	46	False	open_populated	46	0	False	0	0	46
rg05_theta12p495_foilpm3	-3.0	0.0	5.0	7	3	0	3	42	42	0	False	71	15	7	0	14	0	rg05_theta12p495_foilpm3	46.0	69	42	False	open_populated	42	0	False	0	0	42
rg05_theta12p495_foilpm3	-3.0	0.0	5.0	7	4	0	3	92	92	0	False	150	30	26	0	28	0	rg05_theta12p495_foilpm3	46.0	69	69	True	open_populated	69	23	False	23	0	69
rg05_theta12p495_foilpm3	-3.0	0.0	5.0	7	5	0	3	109	109	0	False	196	40	29	0	47	0	rg05_theta12p495_foilpm3	46.0	69	69	True	open_populated	69	40	False	40	0	69
rg05_theta12p495_foilpm3	-3.0	0.0	5.0	7	6	0	3	152	152	0	False	238	48	34	0	38	0	rg05_theta12p495_foilpm3	46.0	69	69	True	open_populated	69	83	False	83	0	69
rg05_theta12p495_foilpm3	-3.0	0.0	5.0	8	2	0	3	21	21	0	False	31	7	4	0	3	0	rg05_theta12p495_foilpm3	46.0	69	21	False	open_populated	21	0	False	0	0	21
rg05_theta12p495_foilpm3	-3.0	0.0	5.0	8	3	0	3	46	46	0	False	80	16	12	0	18	0	rg05_theta12p495_foilpm3	46.0	69	46	False	open_populated	46	0	False	0	0	46
rg05_theta12p495_foilpm3	-3.0	0.0	5.0	8	4	0	3	55	55	0	False	102	21	15	0	26	0	rg05_theta12p495_foilpm3	46.0	69	55	False	open_populated	55	0	False	0	0	55
rg05_theta12p495_foilpm3	-3.0	0.0	5.0	8	5	0	3	76	76	0	False	128	26	16	0	26	0	rg05_theta12p495_foilpm3	46.0	69	69	True	open_populated	69	7	False	7	0	69
rg05_theta12p495_foilpm3	-3.0	0.0	5.0	8	6	0	3	0	0	0	False	2	1	0	2	1	0	rg05_theta12p495_foilpm3	46.0	69	0	False	observed_no_eligible_core	0	0	False	0	0	0
rg05_theta12p495_foilpm3	-3.0	5.0	10.0	0	2	0	4	0	0	0	False	12	3	0	12	9	0	rg05_theta12p495_foilpm3	25.75	38	0	False	observed_no_eligible_core	0	0	False	0	0	0
rg05_theta12p495_foilpm3	-3.0	5.0	10.0	0	3	0	4	25	25	0	False	37	8	6	0	4	0	rg05_theta12p495_foilpm3	25.75	38	25	False	open_populated	25	0	False	0	0	25
rg05_theta12p495_foilpm3	-3.0	5.0	10.0	0	4	0	4	36	36	0	False	53	11	10	0	6	0	rg05_theta12p495_foilpm3	25.75	38	36	False	open_populated	36	0	False	0	0	36
rg05_theta12p495_foilpm3	-3.0	5.0	10.0	0	5	0	4	54	54	0	False	79	16	11	0	9	0	rg05_theta12p495_foilpm3	25.75	38	38	True	open_populated	38	16	False	16	0	38
rg05_theta12p495_foilpm3	-3.0	5.0	10.0	0	6	0	4	0	0	0	False	2	1	0	2	1	0	rg05_theta12p495_foilpm3	25.75	38	0	False	observed_no_eligible_core	0	0	False	0	0	0
rg05_theta12p495_foilpm3	-3.0	5.0	10.0	1	1	0	4	0	0	0	False	5	1	0	5	4	0	rg05_theta12p495_foilpm3	25.75	38	0	False	observed_no_eligible_core	0	0	False	0	0	0
rg05_theta12p495_foilpm3	-3.0	5.0	10.0	1	2	0	4	19	19	0	False	30	6	4	0	5	0	rg05_theta12p495_foilpm3	25.75	38	19	False	open_populated	19	0	False	0	0	19
rg05_theta12p495_foilpm3	-3.0	5.0	10.0	1	3	0	4	24	24	0	False	39	8	6	0	7	0	rg05_theta12p495_foilpm3	25.75	38	24	False	open_populated	24	0	False	0	0	24
rg05_theta12p495_foilpm3	-3.0	5.0	10.0	1	4	0	4	55	55	0	False	84	17	14	0	12	0	rg05_theta12p495_foilpm3	25.75	38	38	True	open_populated	38	17	False	17	0	38
rg05_theta12p495_foilpm3	-3.0	5.0	10.0	1	5	0	4	80	80	0	False	128	26	23	0	22	0	rg05_theta12p495_foilpm3	25.75	38	38	True	open_populated	38	42	False	42	0	38
rg05_theta12p495_foilpm3	-3.0	5.0	10.0	1	6	0	4	119	119	0	False	179	36	29	0	24	0	rg05_theta12p495_foilpm3	25.75	38	38	True	open_populated	38	81	False	81	0	38
rg05_theta12p495_foilpm3	-3.0	5.0	10.0	2	1	0	4	13	13	0	False	21	5	5	0	3	0	rg05_theta12p495_foilpm3	25.75	38	13	False	open_populated	13	0	False	0	0	13
rg05_theta12p495_foilpm3	-3.0	5.0	10.0	2	2	0	4	27	27	0	False	42	9	8	0	6	0	rg05_theta12p495_foilpm3	25.75	38	27	False	open_populated	27	0	False	0	0	27
rg05_theta12p495_foilpm3	-3.0	5.0	10.0	2	4	0	4	73	73	0	False	104	21	19	0	10	0	rg05_theta12p495_foilpm3	25.75	38	38	True	open_populated	38	35	False	35	0	38
rg05_theta12p495_foilpm3	-3.0	5.0	10.0	2	5	0	4	96	96	0	False	156	32	25	0	28	0	rg05_theta12p495_foilpm3	25.75	38	38	True	open_populated	38	58	False	58	0	38
rg05_theta12p495_foilpm3	-3.0	5.0	10.0	2	6	0	4	139	139	0	False	222	45	36	0	38	0	rg05_theta12p495_foilpm3	25.75	38	38	True	open_populated	38	101	False	101	0	38
rg05_theta12p495_foilpm3	-3.0	5.0	10.0	3	1	0	4	21	21	0	False	32	7	5	0	4	0	rg05_theta12p495_foilpm3	25.75	38	21	False	open_populated	21	0	False	0	0	21
rg05_theta12p495_foilpm3	-3.0	5.0	10.0	3	2	0	4	37	37	0	False	50	10	6	0	3	0	rg05_theta12p495_foilpm3	25.75	38	37	False	open_populated	37	0	False	0	0	37
rg05_theta12p495_foilpm3	-3.0	5.0	10.0	3	3	0	4	51	51	0	False	75	15	12	0	9	0	rg05_theta12p495_foilpm3	25.75	38	38	True	open_populated	38	13	False	13	0	38
rg05_theta12p495_foilpm3	-3.0	5.0	10.0	3	4	0	4	79	79	0	False	129	26	19	0	24	0	rg05_theta12p495_foilpm3	25.75	38	38	True	open_populated	38	41	False	41	0	38
rg05_theta12p495_foilpm3	-3.0	5.0	10.0	3	5	0	4	119	119	0	False	193	39	29	0	35	0	rg05_theta12p495_foilpm3	25.75	38	38	True	open_populated	38	81	False	81	0	38
rg05_theta12p495_foilpm3	-3.0	5.0	10.0	3	6	0	4	180	180	0	False	284	57	43	0	47	0	rg05_theta12p495_foilpm3	25.75	38	38	True	open_populated	38	142	False	142	0	38
rg05_theta12p495_foilpm3	-3.0	5.0	10.0	4	1	0	4	24	24	0	False	36	8	4	0	4	0	rg05_theta12p495_foilpm3	25.75	38	24	False	open_populated	24	0	False	0	0	24
rg05_theta12p495_foilpm3	-3.0	5.0	10.0	4	2	0	4	30	30	0	False	45	9	7	0	6	0	rg05_theta12p495_foilpm3	25.75	38	30	False	open_populated	30	0	False	0	0	30
rg05_theta12p495_foilpm3	-3.0	5.0	10.0	4	3	0	4	44	44	0	False	75	15	12	0	16	0	rg05_theta12p495_foilpm3	25.75	38	38	True	open_populated	38	6	False	6	0	38
rg05_theta12p495_foilpm3	-3.0	5.0	10.0	4	4	0	4	26	26	0	False	40	8	7	0	6	0	rg05_theta12p495_foilpm3	25.75	38	26	False	open_populated	26	0	False	0	0	26
rg05_theta12p495_foilpm3	-3.0	5.0	10.0	4	5	0	4	127	127	0	False	206	42	34	0	37	0	rg05_theta12p495_foilpm3	25.75	38	38	True	open_populated	38	89	False	89	0	38
rg05_theta12p495_foilpm3	-3.0	5.0	10.0	4	6	0	4	175	175	0	False	283	57	45	0	51	0	rg05_theta12p495_foilpm3	25.75	38	38	True	open_populated	38	137	False	137	0	38
rg05_theta12p495_foilpm3	-3.0	5.0	10.0	5	1	0	4	17	17	0	False	27	6	5	0	4	0	rg05_theta12p495_foilpm3	25.75	38	17	False	open_populated	17	0	False	0	0	17
rg05_theta12p495_foilpm3	-3.0	5.0	10.0	5	2	0	4	33	33	0	False	52	11	9	0	8	0	rg05_theta12p495_foilpm3	25.75	38	33	False	open_populated	33	0	False	0	0	33
rg05_theta12p495_foilpm3	-3.0	5.0	10.0	5	3	0	4	59	59	0	False	83	17	15	0	7	0	rg05_theta12p495_foilpm3	25.75	38	38	True	open_populated	38	21	False	21	0	38
rg05_theta12p495_foilpm3	-3.0	5.0	10.0	5	4	0	4	83	83	0	False	128	26	22	0	19	0	rg05_theta12p495_foilpm3	25.75	38	38	True	open_populated	38	45	False	45	0	38
rg05_theta12p495_foilpm3	-3.0	5.0	10.0	5	5	0	4	0	0	0	True	5	1	0	5	4	4	rg05_theta12p495_foilpm3	25.75	38	0	False	blocked	0	0	False	0	0	0
rg05_theta12p495_foilpm3	-3.0	5.0	10.0	5	6	0	4	152	152	0	False	251	51	41	0	48	0	rg05_theta12p495_foilpm3	25.75	38	38	True	open_populated	38	114	False	114	0	38
rg05_theta12p495_foilpm3	-3.0	5.0	10.0	6	1	0	4	10	10	0	False	15	3	2	0	2	0	rg05_theta12p495_foilpm3	25.75	38	10	False	open_populated	10	0	False	0	0	10
rg05_theta12p495_foilpm3	-3.0	5.0	10.0	6	2	0	4	20	20	0	False	34	7	5	0	7	0	rg05_theta12p495_foilpm3	25.75	38	20	False	open_populated	20	0	False	0	0	20
rg05_theta12p495_foilpm3	-3.0	5.0	10.0	6	3	0	4	40	40	0	False	63	13	11	0	10	0	rg05_theta12p495_foilpm3	25.75	38	38	True	open_populated	38	2	False	2	0	38
rg05_theta12p495_foilpm3	-3.0	5.0	10.0	6	4	0	4	55	55	0	False	87	18	16	0	14	0	rg05_theta12p495_foilpm3	25.75	38	38	True	open_populated	38	17	False	17	0	38
rg05_theta12p495_foilpm3	-3.0	5.0	10.0	6	5	0	4	96	96	0	False	155	31	23	0	28	0	rg05_theta12p495_foilpm3	25.75	38	38	True	open_populated	38	58	False	58	0	38
rg05_theta12p495_foilpm3	-3.0	5.0	10.0	6	6	0	4	138	138	0	False	233	47	33	0	48	0	rg05_theta12p495_foilpm3	25.75	38	38	True	open_populated	38	100	False	100	0	38
rg05_theta12p495_foilpm3	-3.0	5.0	10.0	7	1	0	4	0	0	0	False	3	1	0	3	2	0	rg05_theta12p495_foilpm3	25.75	38	0	False	observed_no_eligible_core	0	0	False	0	0	0
rg05_theta12p495_foilpm3	-3.0	5.0	10.0	7	2	0	4	13	13	0	False	20	4	4	0	3	0	rg05_theta12p495_foilpm3	25.75	38	13	False	open_populated	13	0	False	0	0	13
rg05_theta12p495_foilpm3	-3.0	5.0	10.0	7	3	0	4	40	40	0	False	57	12	8	0	5	0	rg05_theta12p495_foilpm3	25.75	38	38	True	open_populated	38	2	False	2	0	38
rg05_theta12p495_foilpm3	-3.0	5.0	10.0	7	4	0	4	44	44	0	False	66	14	13	0	8	0	rg05_theta12p495_foilpm3	25.75	38	38	True	open_populated	38	6	False	6	0	38
rg05_theta12p495_foilpm3	-3.0	5.0	10.0	7	5	0	4	70	70	0	False	109	22	19	0	17	0	rg05_theta12p495_foilpm3	25.75	38	38	True	open_populated	38	32	False	32	0	38
rg05_theta12p495_foilpm3	-3.0	5.0	10.0	7	6	0	4	104	104	0	False	166	34	22	0	28	0	rg05_theta12p495_foilpm3	25.75	38	38	True	open_populated	38	66	False	66	0	38
rg05_theta12p495_foilpm3	-3.0	5.0	10.0	8	2	0	4	0	0	0	False	3	1	0	3	2	0	rg05_theta12p495_foilpm3	25.75	38	0	False	observed_no_eligible_core	0	0	False	0	0	0
rg05_theta12p495_foilpm3	-3.0	5.0	10.0	8	3	0	4	18	18	0	False	31	7	5	0	6	0	rg05_theta12p495_foilpm3	25.75	38	18	False	open_populated	18	0	False	0	0	18
rg05_theta12p495_foilpm3	-3.0	5.0	10.0	8	4	0	4	40	40	0	False	64	13	11	0	11	0	rg05_theta12p495_foilpm3	25.75	38	38	True	open_populated	38	2	False	2	0	38
rg05_theta12p495_foilpm3	-3.0	5.0	10.0	8	5	0	4	50	50	0	False	86	18	12	0	18	0	rg05_theta12p495_foilpm3	25.75	38	38	True	open_populated	38	12	False	12	0	38
rg05_theta12p495_foilpm3	-3.0	5.0	10.0	8	6	0	4	0	0	0	False	2	1	0	2	1	0	rg05_theta12p495_foilpm3	25.75	38	0	False	observed_no_eligible_core	0	0	False	0	0	0
rg05_theta12p495_foilpm3	3.0	-10.0	-8.0	0	2	1	0	0	0	0	False	3	1	0	3	2	0	rg05_theta12p495_foilpm3	17.25	25	0	False	observed_no_eligible_core	0	0	False	0	0	0
rg05_theta12p495_foilpm3	3.0	-10.0	-8.0	0	3	1	0	9	9	0	False	22	5	4	0	8	0	rg05_theta12p495_foilpm3	17.25	25	9	False	open_populated	9	0	True	0	0	9
rg05_theta12p495_foilpm3	3.0	-10.0	-8.0	0	4	1	0	25	25	0	False	44	9	3	0	10	0	rg05_theta12p495_foilpm3	17.25	25	25	False	open_populated	25	0	False	0	0	25
rg05_theta12p495_foilpm3	3.0	-10.0	-8.0	0	5	1	0	30	30	0	False	52	11	5	0	11	0	rg05_theta12p495_foilpm3	17.25	25	25	True	open_populated	25	5	False	5	0	25
rg05_theta12p495_foilpm3	3.0	-10.0	-8.0	0	6	1	0	24	24	0	False	47	10	5	0	13	0	rg05_theta12p495_foilpm3	17.25	25	24	False	open_populated	24	0	False	0	0	24
rg05_theta12p495_foilpm3	3.0	-10.0	-8.0	1	2	1	0	15	15	0	False	31	7	2	0	9	0	rg05_theta12p495_foilpm3	17.25	25	15	False	open_populated	15	0	False	0	0	15
rg05_theta12p495_foilpm3	3.0	-10.0	-8.0	1	3	1	0	18	18	0	False	29	6	5	0	5	0	rg05_theta12p495_foilpm3	17.25	25	18	False	open_populated	18	0	False	0	0	18
rg05_theta12p495_foilpm3	3.0	-10.0	-8.0	1	4	1	0	30	30	0	False	53	11	9	0	12	0	rg05_theta12p495_foilpm3	17.25	25	25	True	open_populated	25	5	False	5	0	25
rg05_theta12p495_foilpm3	3.0	-10.0	-8.0	1	5	1	0	32	32	0	False	57	12	9	0	13	0	rg05_theta12p495_foilpm3	17.25	25	25	True	open_populated	25	7	False	7	0	25
rg05_theta12p495_foilpm3	3.0	-10.0	-8.0	1	6	1	0	33	33	0	False	64	13	7	0	18	0	rg05_theta12p495_foilpm3	17.25	25	25	True	open_populated	25	8	False	8	0	25
rg05_theta12p495_foilpm3	3.0	-10.0	-8.0	1	7	1	0	0	0	0	False	2	1	0	2	1	0	rg05_theta12p495_foilpm3	17.25	25	0	False	observed_no_eligible_core	0	0	False	0	0	0
rg05_theta12p495_foilpm3	3.0	-10.0	-8.0	2	2	1	0	17	17	0	False	31	7	5	0	7	0	rg05_theta12p495_foilpm3	17.25	25	17	False	open_populated	17	0	False	0	0	17
rg05_theta12p495_foilpm3	3.0	-10.0	-8.0	2	3	1	0	0	0	0	True	4	1	0	4	3	3	rg05_theta12p495_foilpm3	17.25	25	0	False	blocked	0	0	False	0	0	0
rg05_theta12p495_foilpm3	3.0	-10.0	-8.0	2	4	1	0	32	32	0	False	62	13	13	0	17	0	rg05_theta12p495_foilpm3	17.25	25	25	True	open_populated	25	7	False	7	0	25
rg05_theta12p495_foilpm3	3.0	-10.0	-8.0	2	5	1	0	32	32	0	False	62	13	10	0	17	0	rg05_theta12p495_foilpm3	17.25	25	25	True	open_populated	25	7	False	7	0	25
rg05_theta12p495_foilpm3	3.0	-10.0	-8.0	2	6	1	0	49	49	0	False	120	24	15	0	47	0	rg05_theta12p495_foilpm3	17.25	25	25	True	open_populated	25	24	False	24	0	25
rg05_theta12p495_foilpm3	3.0	-10.0	-8.0	2	7	1	0	0	0	0	False	11	3	0	11	8	0	rg05_theta12p495_foilpm3	17.25	25	0	False	observed_no_eligible_core	0	0	False	0	0	0
rg05_theta12p495_foilpm3	3.0	-10.0	-8.0	3	2	1	0	19	19	0	False	40	8	7	0	13	0	rg05_theta12p495_foilpm3	17.25	25	19	False	open_populated	19	0	False	0	0	19
rg05_theta12p495_foilpm3	3.0	-10.0	-8.0	3	3	1	0	28	28	0	False	54	11	9	0	15	0	rg05_theta12p495_foilpm3	17.25	25	25	True	open_populated	25	3	False	3	0	25
rg05_theta12p495_foilpm3	3.0	-10.0	-8.0	3	4	1	0	36	36	0	False	64	13	8	0	15	0	rg05_theta12p495_foilpm3	17.25	25	25	True	open_populated	25	11	False	11	0	25
rg05_theta12p495_foilpm3	3.0	-10.0	-8.0	3	5	1	0	42	42	0	False	79	16	9	0	21	0	rg05_theta12p495_foilpm3	17.25	25	25	True	open_populated	25	17	False	17	0	25
rg05_theta12p495_foilpm3	3.0	-10.0	-8.0	3	6	1	0	55	55	0	False	109	22	9	0	32	0	rg05_theta12p495_foilpm3	17.25	25	25	True	open_populated	25	30	False	30	0	25
rg05_theta12p495_foilpm3	3.0	-10.0	-8.0	3	7	1	0	17	17	0	False	24	5	2	0	2	0	rg05_theta12p495_foilpm3	17.25	25	17	False	open_populated	17	0	False	0	0	17
rg05_theta12p495_foilpm3	3.0	-10.0	-8.0	4	2	1	0	15	15	0	False	36	8	2	0	13	0	rg05_theta12p495_foilpm3	17.25	25	15	False	open_populated	15	0	False	0	0	15
rg05_theta12p495_foilpm3	3.0	-10.0	-8.0	4	3	1	0	39	39	0	False	54	11	11	0	4	0	rg05_theta12p495_foilpm3	17.25	25	25	True	open_populated	25	14	False	14	0	25
rg05_theta12p495_foilpm3	3.0	-10.0	-8.0	4	4	1	0	17	17	0	False	25	5	4	0	3	0	rg05_theta12p495_foilpm3	17.25	25	17	False	open_populated	17	0	False	0	0	17
rg05_theta12p495_foilpm3	3.0	-10.0	-8.0	4	5	1	0	49	49	0	False	83	17	13	0	17	0	rg05_theta12p495_foilpm3	17.25	25	25	True	open_populated	25	24	False	24	0	25
rg05_theta12p495_foilpm3	3.0	-10.0	-8.0	4	6	1	0	73	73	0	False	127	26	17	0	28	0	rg05_theta12p495_foilpm3	17.25	25	25	True	open_populated	25	48	False	48	0	25
rg05_theta12p495_foilpm3	3.0	-10.0	-8.0	4	7	1	0	15	15	0	False	25	5	2	0	5	0	rg05_theta12p495_foilpm3	17.25	25	15	False	open_populated	15	0	False	0	0	15
rg05_theta12p495_foilpm3	3.0	-10.0	-8.0	5	2	1	0	19	19	0	False	32	7	5	0	6	0	rg05_theta12p495_foilpm3	17.25	25	19	False	open_populated	19	0	False	0	0	19
rg05_theta12p495_foilpm3	3.0	-10.0	-8.0	5	3	1	0	29	29	0	False	53	11	7	0	13	0	rg05_theta12p495_foilpm3	17.25	25	25	True	open_populated	25	4	False	4	0	25
rg05_theta12p495_foilpm3	3.0	-10.0	-8.0	5	4	1	0	45	45	0	False	67	14	11	0	8	0	rg05_theta12p495_foilpm3	17.25	25	25	True	open_populated	25	20	False	20	0	25
rg05_theta12p495_foilpm3	3.0	-10.0	-8.0	5	5	1	0	0	0	0	True	3	1	0	3	2	2	rg05_theta12p495_foilpm3	17.25	25	0	False	blocked	0	0	False	0	0	0
rg05_theta12p495_foilpm3	3.0	-10.0	-8.0	5	6	1	0	57	57	0	False	105	21	16	0	27	0	rg05_theta12p495_foilpm3	17.25	25	25	True	open_populated	25	32	False	32	0	25
rg05_theta12p495_foilpm3	3.0	-10.0	-8.0	5	7	1	0	11	11	0	False	15	3	3	0	1	0	rg05_theta12p495_foilpm3	17.25	25	11	False	open_populated	11	0	False	0	0	11
rg05_theta12p495_foilpm3	3.0	-10.0	-8.0	6	2	1	0	9	9	0	False	17	4	4	0	4	0	rg05_theta12p495_foilpm3	17.25	25	9	False	open_populated	9	0	True	0	0	9
rg05_theta12p495_foilpm3	3.0	-10.0	-8.0	6	3	1	0	23	23	0	False	41	9	3	0	9	0	rg05_theta12p495_foilpm3	17.25	25	23	False	open_populated	23	0	False	0	0	23
rg05_theta12p495_foilpm3	3.0	-10.0	-8.0	6	4	1	0	33	33	0	False	55	11	7	0	11	0	rg05_theta12p495_foilpm3	17.25	25	25	True	open_populated	25	8	False	8	0	25
rg05_theta12p495_foilpm3	3.0	-10.0	-8.0	6	5	1	0	48	48	0	False	78	16	12	0	14	0	rg05_theta12p495_foilpm3	17.25	25	25	True	open_populated	25	23	False	23	0	25
rg05_theta12p495_foilpm3	3.0	-10.0	-8.0	6	6	1	0	48	48	0	False	87	18	11	0	21	0	rg05_theta12p495_foilpm3	17.25	25	25	True	open_populated	25	23	False	23	0	25
rg05_theta12p495_foilpm3	3.0	-10.0	-8.0	6	7	1	0	0	0	0	False	11	3	0	11	8	0	rg05_theta12p495_foilpm3	17.25	25	0	False	observed_no_eligible_core	0	0	False	0	0	0
rg05_theta12p495_foilpm3	3.0	-10.0	-8.0	7	2	1	0	0	0	0	False	12	3	0	12	9	0	rg05_theta12p495_foilpm3	17.25	25	0	False	observed_no_eligible_core	0	0	False	0	0	0
rg05_theta12p495_foilpm3	3.0	-10.0	-8.0	7	3	1	0	16	16	0	False	25	5	2	0	4	0	rg05_theta12p495_foilpm3	17.25	25	16	False	open_populated	16	0	False	0	0	16
rg05_theta12p495_foilpm3	3.0	-10.0	-8.0	7	4	1	0	31	31	0	False	44	9	8	0	4	0	rg05_theta12p495_foilpm3	17.25	25	25	True	open_populated	25	6	False	6	0	25
rg05_theta12p495_foilpm3	3.0	-10.0	-8.0	7	5	1	0	30	30	0	False	50	10	3	0	10	0	rg05_theta12p495_foilpm3	17.25	25	25	True	open_populated	25	5	False	5	0	25
rg05_theta12p495_foilpm3	3.0	-10.0	-8.0	7	6	1	0	50	50	0	False	89	18	14	0	21	0	rg05_theta12p495_foilpm3	17.25	25	25	True	open_populated	25	25	False	25	0	25
rg05_theta12p495_foilpm3	3.0	-10.0	-8.0	7	7	1	0	0	0	0	False	1	1	0	1	0	0	rg05_theta12p495_foilpm3	17.25	25	0	False	observed_no_eligible_core	0	0	False	0	0	0
rg05_theta12p495_foilpm3	3.0	-10.0	-8.0	8	2	1	0	0	0	0	False	1	1	0	1	0	0	rg05_theta12p495_foilpm3	17.25	25	0	False	observed_no_eligible_core	0	0	False	0	0	0
rg05_theta12p495_foilpm3	3.0	-10.0	-8.0	8	3	1	0	0	0	0	False	11	3	0	11	8	0	rg05_theta12p495_foilpm3	17.25	25	0	False	observed_no_eligible_core	0	0	False	0	0	0
rg05_theta12p495_foilpm3	3.0	-10.0	-8.0	8	4	1	0	10	10	0	False	15	3	2	0	2	0	rg05_theta12p495_foilpm3	17.25	25	10	False	open_populated	10	0	False	0	0	10
rg05_theta12p495_foilpm3	3.0	-10.0	-8.0	8	5	1	0	19	19	0	False	31	7	5	0	5	0	rg05_theta12p495_foilpm3	17.25	25	19	False	open_populated	19	0	False	0	0	19
rg05_theta12p495_foilpm3	3.0	-10.0	-8.0	8	6	1	0	23	23	0	False	40	8	5	0	9	0	rg05_theta12p495_foilpm3	17.25	25	23	False	open_populated	23	0	False	0	0	23
rg05_theta12p495_foilpm3	3.0	-10.0	-8.0	8	7	1	0	0	0	0	False	1	1	0	1	0	0	rg05_theta12p495_foilpm3	17.25	25	0	False	observed_no_eligible_core	0	0	False	0	0	0
rg05_theta12p495_foilpm3	3.0	-8.0	-5.0	0	2	1	1	0	0	0	False	1	1	0	1	0	0	rg05_theta12p495_foilpm3	34.25	51	0	False	observed_no_eligible_core	0	0	False	0	0	0
rg05_theta12p495_foilpm3	3.0	-8.0	-5.0	0	3	1	1	28	28	0	False	48	10	8	0	10	0	rg05_theta12p495_foilpm3	34.25	51	28	False	open_populated	28	0	False	0	0	28
rg05_theta12p495_foilpm3	3.0	-8.0	-5.0	0	4	1	1	36	36	0	False	59	12	10	0	11	0	rg05_theta12p495_foilpm3	34.25	51	36	False	open_populated	36	0	False	0	0	36
rg05_theta12p495_foilpm3	3.0	-8.0	-5.0	0	5	1	1	47	47	0	False	76	16	10	0	13	0	rg05_theta12p495_foilpm3	34.25	51	47	False	open_populated	47	0	False	0	0	47
rg05_theta12p495_foilpm3	3.0	-8.0	-5.0	0	6	1	1	51	51	0	False	85	17	8	0	17	0	rg05_theta12p495_foilpm3	34.25	51	51	False	open_populated	51	0	False	0	0	51
rg05_theta12p495_foilpm3	3.0	-8.0	-5.0	1	2	1	1	22	22	0	False	32	7	4	0	3	0	rg05_theta12p495_foilpm3	34.25	51	22	False	open_populated	22	0	False	0	0	22
rg05_theta12p495_foilpm3	3.0	-8.0	-5.0	1	3	1	1	31	31	0	False	52	11	10	0	10	0	rg05_theta12p495_foilpm3	34.25	51	31	False	open_populated	31	0	False	0	0	31
rg05_theta12p495_foilpm3	3.0	-8.0	-5.0	1	4	1	1	41	41	0	False	76	16	13	0	19	0	rg05_theta12p495_foilpm3	34.25	51	41	False	open_populated	41	0	False	0	0	41
rg05_theta12p495_foilpm3	3.0	-8.0	-5.0	1	5	1	1	74	74	0	False	120	24	16	0	22	0	rg05_theta12p495_foilpm3	34.25	51	51	True	open_populated	51	23	False	23	0	51
rg05_theta12p495_foilpm3	3.0	-8.0	-5.0	1	6	1	1	90	90	0	False	142	29	23	0	23	0	rg05_theta12p495_foilpm3	34.25	51	51	True	open_populated	51	39	False	39	0	51
rg05_theta12p495_foilpm3	3.0	-8.0	-5.0	1	7	1	1	0	0	0	False	2	1	0	2	1	0	rg05_theta12p495_foilpm3	34.25	51	0	False	observed_no_eligible_core	0	0	False	0	0	0
rg05_theta12p495_foilpm3	3.0	-8.0	-5.0	2	2	1	1	28	28	0	False	46	10	8	0	8	0	rg05_theta12p495_foilpm3	34.25	51	28	False	open_populated	28	0	False	0	0	28
rg05_theta12p495_foilpm3	3.0	-8.0	-5.0	2	3	1	1	0	0	0	True	4	1	0	4	3	3	rg05_theta12p495_foilpm3	34.25	51	0	False	blocked	0	0	False	0	0	0
rg05_theta12p495_foilpm3	3.0	-8.0	-5.0	2	4	1	1	87	87	0	False	135	27	18	0	21	0	rg05_theta12p495_foilpm3	34.25	51	51	True	open_populated	51	36	False	36	0	51
rg05_theta12p495_foilpm3	3.0	-8.0	-5.0	2	5	1	1	73	73	0	False	116	24	15	0	19	0	rg05_theta12p495_foilpm3	34.25	51	51	True	open_populated	51	22	False	22	0	51
rg05_theta12p495_foilpm3	3.0	-8.0	-5.0	2	6	1	1	97	97	0	False	167	34	25	0	36	0	rg05_theta12p495_foilpm3	34.25	51	51	True	open_populated	51	46	False	46	0	51
rg05_theta12p495_foilpm3	3.0	-8.0	-5.0	2	7	1	1	63	63	0	False	101	21	19	0	17	0	rg05_theta12p495_foilpm3	34.25	51	51	True	open_populated	51	12	False	12	0	51
rg05_theta12p495_foilpm3	3.0	-8.0	-5.0	3	2	1	1	21	21	0	False	32	7	5	0	4	0	rg05_theta12p495_foilpm3	34.25	51	21	False	open_populated	21	0	False	0	0	21
rg05_theta12p495_foilpm3	3.0	-8.0	-5.0	3	3	1	1	45	45	0	False	68	14	13	0	9	0	rg05_theta12p495_foilpm3	34.25	51	45	False	open_populated	45	0	False	0	0	45
rg05_theta12p495_foilpm3	3.0	-8.0	-5.0	3	4	1	1	92	92	0	False	138	28	23	0	18	0	rg05_theta12p495_foilpm3	34.25	51	51	True	open_populated	51	41	False	41	0	51
rg05_theta12p495_foilpm3	3.0	-8.0	-5.0	3	5	1	1	105	105	0	False	163	33	24	0	25	0	rg05_theta12p495_foilpm3	34.25	51	51	True	open_populated	51	54	False	54	0	51
rg05_theta12p495_foilpm3	3.0	-8.0	-5.0	3	6	1	1	122	122	0	False	188	38	26	0	28	0	rg05_theta12p495_foilpm3	34.25	51	51	True	open_populated	51	71	False	71	0	51
rg05_theta12p495_foilpm3	3.0	-8.0	-5.0	3	7	1	1	125	125	0	False	198	40	37	0	33	0	rg05_theta12p495_foilpm3	34.25	51	51	True	open_populated	51	74	False	74	0	51
rg05_theta12p495_foilpm3	3.0	-8.0	-5.0	4	2	1	1	31	31	0	False	47	10	8	0	6	0	rg05_theta12p495_foilpm3	34.25	51	31	False	open_populated	31	0	False	0	0	31
rg05_theta12p495_foilpm3	3.0	-8.0	-5.0	4	3	1	1	67	67	0	False	102	21	16	0	14	0	rg05_theta12p495_foilpm3	34.25	51	51	True	open_populated	51	16	False	16	0	51
rg05_theta12p495_foilpm3	3.0	-8.0	-5.0	4	4	1	1	30	30	0	False	45	9	7	0	6	0	rg05_theta12p495_foilpm3	34.25	51	30	False	open_populated	30	0	False	0	0	30
rg05_theta12p495_foilpm3	3.0	-8.0	-5.0	4	5	1	1	108	108	0	False	177	36	31	0	33	0	rg05_theta12p495_foilpm3	34.25	51	51	True	open_populated	51	57	False	57	0	51
rg05_theta12p495_foilpm3	3.0	-8.0	-5.0	4	6	1	1	127	127	0	False	202	41	36	0	34	0	rg05_theta12p495_foilpm3	34.25	51	51	True	open_populated	51	76	False	76	0	51
rg05_theta12p495_foilpm3	3.0	-8.0	-5.0	4	7	1	1	139	139	0	False	213	43	38	0	31	0	rg05_theta12p495_foilpm3	34.25	51	51	True	open_populated	51	88	False	88	0	51
rg05_theta12p495_foilpm3	3.0	-8.0	-5.0	5	2	1	1	34	34	0	False	48	10	8	0	4	0	rg05_theta12p495_foilpm3	34.25	51	34	False	open_populated	34	0	False	0	0	34
rg05_theta12p495_foilpm3	3.0	-8.0	-5.0	5	3	1	1	41	41	0	False	66	14	10	0	11	0	rg05_theta12p495_foilpm3	34.25	51	41	False	open_populated	41	0	False	0	0	41
rg05_theta12p495_foilpm3	3.0	-8.0	-5.0	5	4	1	1	85	85	0	False	132	27	20	0	20	0	rg05_theta12p495_foilpm3	34.25	51	51	True	open_populated	51	34	False	34	0	51
rg05_theta12p495_foilpm3	3.0	-8.0	-5.0	5	5	1	1	0	0	0	True	3	1	0	3	2	2	rg05_theta12p495_foilpm3	34.25	51	0	False	blocked	0	0	False	0	0	0
rg05_theta12p495_foilpm3	3.0	-8.0	-5.0	5	6	1	1	144	144	0	False	246	50	41	0	52	0	rg05_theta12p495_foilpm3	34.25	51	51	True	open_populated	51	93	False	93	0	51
rg05_theta12p495_foilpm3	3.0	-8.0	-5.0	5	7	1	1	126	126	0	False	190	38	29	0	26	0	rg05_theta12p495_foilpm3	34.25	51	51	True	open_populated	51	75	False	75	0	51
rg05_theta12p495_foilpm3	3.0	-8.0	-5.0	6	2	1	1	19	19	0	False	31	7	6	0	5	0	rg05_theta12p495_foilpm3	34.25	51	19	False	open_populated	19	0	False	0	0	19
rg05_theta12p495_foilpm3	3.0	-8.0	-5.0	6	3	1	1	45	45	0	False	69	14	10	0	10	0	rg05_theta12p495_foilpm3	34.25	51	45	False	open_populated	45	0	False	0	0	45
rg05_theta12p495_foilpm3	3.0	-8.0	-5.0	6	4	1	1	61	61	0	False	100	20	16	0	19	0	rg05_theta12p495_foilpm3	34.25	51	51	True	open_populated	51	10	False	10	0	51
rg05_theta12p495_foilpm3	3.0	-8.0	-5.0	6	5	1	1	107	107	0	False	156	32	28	0	17	0	rg05_theta12p495_foilpm3	34.25	51	51	True	open_populated	51	56	False	56	0	51
rg05_theta12p495_foilpm3	3.0	-8.0	-5.0	6	6	1	1	109	109	0	False	169	34	29	0	26	0	rg05_theta12p495_foilpm3	34.25	51	51	True	open_populated	51	58	False	58	0	51
rg05_theta12p495_foilpm3	3.0	-8.0	-5.0	6	7	1	1	90	90	0	False	135	27	23	0	18	0	rg05_theta12p495_foilpm3	34.25	51	51	True	open_populated	51	39	False	39	0	51
rg05_theta12p495_foilpm3	3.0	-8.0	-5.0	7	2	1	1	18	18	0	False	31	7	4	0	6	0	rg05_theta12p495_foilpm3	34.25	51	18	False	open_populated	18	0	False	0	0	18
rg05_theta12p495_foilpm3	3.0	-8.0	-5.0	7	3	1	1	35	35	0	False	51	11	5	0	5	0	rg05_theta12p495_foilpm3	34.25	51	35	False	open_populated	35	0	False	0	0	35
rg05_theta12p495_foilpm3	3.0	-8.0	-5.0	7	4	1	1	49	49	0	False	84	17	15	0	18	0	rg05_theta12p495_foilpm3	34.25	51	49	False	open_populated	49	0	False	0	0	49
rg05_theta12p495_foilpm3	3.0	-8.0	-5.0	7	5	1	1	60	60	0	False	101	21	17	0	20	0	rg05_theta12p495_foilpm3	34.25	51	51	True	open_populated	51	9	False	9	0	51
rg05_theta12p495_foilpm3	3.0	-8.0	-5.0	7	6	1	1	81	81	0	False	125	25	20	0	19	0	rg05_theta12p495_foilpm3	34.25	51	51	True	open_populated	51	30	False	30	0	51
rg05_theta12p495_foilpm3	3.0	-8.0	-5.0	7	7	1	1	0	0	0	False	3	1	0	3	2	0	rg05_theta12p495_foilpm3	34.25	51	0	False	observed_no_eligible_core	0	0	False	0	0	0
rg05_theta12p495_foilpm3	3.0	-8.0	-5.0	8	2	1	1	0	0	0	False	3	1	0	3	2	0	rg05_theta12p495_foilpm3	34.25	51	0	False	observed_no_eligible_core	0	0	False	0	0	0
rg05_theta12p495_foilpm3	3.0	-8.0	-5.0	8	3	1	1	23	23	0	False	34	7	6	0	4	0	rg05_theta12p495_foilpm3	34.25	51	23	False	open_populated	23	0	False	0	0	23
rg05_theta12p495_foilpm3	3.0	-8.0	-5.0	8	4	1	1	34	34	0	False	54	11	9	0	9	0	rg05_theta12p495_foilpm3	34.25	51	34	False	open_populated	34	0	False	0	0	34
rg05_theta12p495_foilpm3	3.0	-8.0	-5.0	8	5	1	1	45	45	0	False	74	15	13	0	14	0	rg05_theta12p495_foilpm3	34.25	51	45	False	open_populated	45	0	False	0	0	45
rg05_theta12p495_foilpm3	3.0	-8.0	-5.0	8	6	1	1	74	74	0	False	115	23	21	0	18	0	rg05_theta12p495_foilpm3	34.25	51	51	True	open_populated	51	23	False	23	0	51
rg05_theta12p495_foilpm3	3.0	-8.0	-5.0	8	7	1	1	0	0	0	False	1	1	0	1	0	0	rg05_theta12p495_foilpm3	34.25	51	0	False	observed_no_eligible_core	0	0	False	0	0	0
rg05_theta12p495_foilpm3	3.0	-5.0	0.0	0	2	1	2	0	0	0	False	1	1	0	1	0	0	rg05_theta12p495_foilpm3	54.75	82	0	False	observed_no_eligible_core	0	0	False	0	0	0
rg05_theta12p495_foilpm3	3.0	-5.0	0.0	0	3	1	2	28	28	0	False	41	9	8	0	4	0	rg05_theta12p495_foilpm3	54.75	82	28	False	open_populated	28	0	False	0	0	28
rg05_theta12p495_foilpm3	3.0	-5.0	0.0	0	4	1	2	50	50	0	False	73	15	12	0	8	0	rg05_theta12p495_foilpm3	54.75	82	50	False	open_populated	50	0	False	0	0	50
rg05_theta12p495_foilpm3	3.0	-5.0	0.0	0	5	1	2	68	68	0	False	108	22	15	0	18	0	rg05_theta12p495_foilpm3	54.75	82	68	False	open_populated	68	0	False	0	0	68
rg05_theta12p495_foilpm3	3.0	-5.0	0.0	0	6	1	2	78	78	0	False	123	25	18	0	20	0	rg05_theta12p495_foilpm3	54.75	82	78	False	open_populated	78	0	False	0	0	78
rg05_theta12p495_foilpm3	3.0	-5.0	0.0	0	7	1	2	0	0	0	False	1	1	0	1	0	0	rg05_theta12p495_foilpm3	54.75	82	0	False	observed_no_eligible_core	0	0	False	0	0	0
rg05_theta12p495_foilpm3	3.0	-5.0	0.0	1	2	1	2	33	33	0	False	53	11	9	0	9	0	rg05_theta12p495_foilpm3	54.75	82	33	False	open_populated	33	0	False	0	0	33
rg05_theta12p495_foilpm3	3.0	-5.0	0.0	1	3	1	2	45	45	0	False	80	16	13	0	19	0	rg05_theta12p495_foilpm3	54.75	82	45	False	open_populated	45	0	False	0	0	45
rg05_theta12p495_foilpm3	3.0	-5.0	0.0	1	4	1	2	86	86	0	False	147	30	23	0	31	0	rg05_theta12p495_foilpm3	54.75	82	82	True	open_populated	82	4	False	4	0	82
rg05_theta12p495_foilpm3	3.0	-5.0	0.0	1	5	1	2	112	112	0	False	182	37	24	0	33	0	rg05_theta12p495_foilpm3	54.75	82	82	True	open_populated	82	30	False	30	0	82
rg05_theta12p495_foilpm3	3.0	-5.0	0.0	1	6	1	2	125	125	0	False	217	44	33	0	48	0	rg05_theta12p495_foilpm3	54.75	82	82	True	open_populated	82	43	False	43	0	82
rg05_theta12p495_foilpm3	3.0	-5.0	0.0	2	2	1	2	38	38	0	False	61	13	11	0	10	0	rg05_theta12p495_foilpm3	54.75	82	38	False	open_populated	38	0	False	0	0	38
rg05_theta12p495_foilpm3	3.0	-5.0	0.0	2	3	1	2	0	0	0	True	3	1	0	3	2	2	rg05_theta12p495_foilpm3	54.75	82	0	False	blocked	0	0	False	0	0	0
rg05_theta12p495_foilpm3	3.0	-5.0	0.0	2	4	1	2	109	109	0	False	174	35	23	0	30	0	rg05_theta12p495_foilpm3	54.75	82	82	True	open_populated	82	27	False	27	0	82
rg05_theta12p495_foilpm3	3.0	-5.0	0.0	2	5	1	2	138	138	0	False	217	44	36	0	35	0	rg05_theta12p495_foilpm3	54.75	82	82	True	open_populated	82	56	False	56	0	82
rg05_theta12p495_foilpm3	3.0	-5.0	0.0	2	6	1	2	176	176	0	False	279	56	37	0	47	0	rg05_theta12p495_foilpm3	54.75	82	82	True	open_populated	82	94	False	94	0	82
rg05_theta12p495_foilpm3	3.0	-5.0	0.0	2	7	1	2	195	195	0	False	291	59	46	0	37	0	rg05_theta12p495_foilpm3	54.75	82	82	True	open_populated	82	113	False	113	0	82
rg05_theta12p495_foilpm3	3.0	-5.0	0.0	3	2	1	2	57	57	0	False	85	17	11	0	11	0	rg05_theta12p495_foilpm3	54.75	82	57	False	open_populated	57	0	False	0	0	57
rg05_theta12p495_foilpm3	3.0	-5.0	0.0	3	3	1	2	83	83	0	False	123	25	22	0	15	0	rg05_theta12p495_foilpm3	54.75	82	82	True	open_populated	82	1	False	1	0	82
rg05_theta12p495_foilpm3	3.0	-5.0	0.0	3	4	1	2	158	158	0	False	239	48	40	0	33	0	rg05_theta12p495_foilpm3	54.75	82	82	True	open_populated	82	76	False	76	0	82
rg05_theta12p495_foilpm3	3.0	-5.0	0.0	3	5	1	2	192	192	0	False	303	61	48	0	50	0	rg05_theta12p495_foilpm3	54.75	82	82	True	open_populated	82	110	False	110	0	82
rg05_theta12p495_foilpm3	3.0	-5.0	0.0	3	6	1	2	236	236	0	False	359	72	56	0	51	0	rg05_theta12p495_foilpm3	54.75	82	82	True	open_populated	82	154	False	154	0	82
rg05_theta12p495_foilpm3	3.0	-5.0	0.0	3	7	1	2	256	256	0	False	379	76	63	0	47	0	rg05_theta12p495_foilpm3	54.75	82	82	True	open_populated	82	174	False	174	0	82
rg05_theta12p495_foilpm3	3.0	-5.0	0.0	4	2	1	2	50	50	0	False	82	17	15	0	15	0	rg05_theta12p495_foilpm3	54.75	82	50	False	open_populated	50	0	False	0	0	50
rg05_theta12p495_foilpm3	3.0	-5.0	0.0	4	3	1	2	86	86	0	False	142	29	23	0	27	0	rg05_theta12p495_foilpm3	54.75	82	82	True	open_populated	82	4	False	4	0	82
rg05_theta12p495_foilpm3	3.0	-5.0	0.0	4	4	1	2	46	46	0	False	70	14	12	0	10	0	rg05_theta12p495_foilpm3	54.75	82	46	False	open_populated	46	0	False	0	0	46
rg05_theta12p495_foilpm3	3.0	-5.0	0.0	4	5	1	2	195	195	0	False	313	63	52	0	55	0	rg05_theta12p495_foilpm3	54.75	82	82	True	open_populated	82	113	False	113	0	82
rg05_theta12p495_foilpm3	3.0	-5.0	0.0	4	6	1	2	239	239	0	False	370	74	65	0	57	0	rg05_theta12p495_foilpm3	54.75	82	82	True	open_populated	82	157	False	157	0	82
rg05_theta12p495_foilpm3	3.0	-5.0	0.0	4	7	1	2	297	297	0	False	437	88	77	0	52	0	rg05_theta12p495_foilpm3	54.75	82	82	True	open_populated	82	215	False	215	0	82
rg05_theta12p495_foilpm3	3.0	-5.0	0.0	5	2	1	2	59	59	0	False	93	19	17	0	15	0	rg05_theta12p495_foilpm3	54.75	82	59	False	open_populated	59	0	False	0	0	59
rg05_theta12p495_foilpm3	3.0	-5.0	0.0	5	3	1	2	89	89	0	False	133	27	23	0	17	0	rg05_theta12p495_foilpm3	54.75	82	82	True	open_populated	82	7	False	7	0	82
rg05_theta12p495_foilpm3	3.0	-5.0	0.0	5	4	1	2	142	142	0	False	225	45	38	0	38	0	rg05_theta12p495_foilpm3	54.75	82	82	True	open_populated	82	60	False	60	0	82
rg05_theta12p495_foilpm3	3.0	-5.0	0.0	5	5	1	2	0	0	0	True	4	1	0	4	3	3	rg05_theta12p495_foilpm3	54.75	82	0	False	blocked	0	0	False	0	0	0
rg05_theta12p495_foilpm3	3.0	-5.0	0.0	5	6	1	2	242	242	0	False	381	77	62	0	62	0	rg05_theta12p495_foilpm3	54.75	82	82	True	open_populated	82	160	False	160	0	82
rg05_theta12p495_foilpm3	3.0	-5.0	0.0	5	7	1	2	252	252	0	False	382	77	66	0	53	0	rg05_theta12p495_foilpm3	54.75	82	82	True	open_populated	82	170	False	170	0	82
rg05_theta12p495_foilpm3	3.0	-5.0	0.0	6	2	1	2	47	47	0	False	68	14	12	0	7	0	rg05_theta12p495_foilpm3	54.75	82	47	False	open_populated	47	0	False	0	0	47
rg05_theta12p495_foilpm3	3.0	-5.0	0.0	6	3	1	2	74	74	0	False	108	22	18	0	12	0	rg05_theta12p495_foilpm3	54.75	82	74	False	open_populated	74	0	False	0	0	74
rg05_theta12p495_foilpm3	3.0	-5.0	0.0	6	4	1	2	109	109	0	False	165	33	24	0	23	0	rg05_theta12p495_foilpm3	54.75	82	82	True	open_populated	82	27	False	27	0	82
rg05_theta12p495_foilpm3	3.0	-5.0	0.0	6	5	1	2	162	162	0	False	238	48	38	0	28	0	rg05_theta12p495_foilpm3	54.75	82	82	True	open_populated	82	80	False	80	0	82
rg05_theta12p495_foilpm3	3.0	-5.0	0.0	6	6	1	2	221	221	0	False	336	68	56	0	47	0	rg05_theta12p495_foilpm3	54.75	82	82	True	open_populated	82	139	False	139	0	82
rg05_theta12p495_foilpm3	3.0	-5.0	0.0	6	7	1	2	204	204	0	False	298	60	53	0	34	0	rg05_theta12p495_foilpm3	54.75	82	82	True	open_populated	82	122	False	122	0	82
rg05_theta12p495_foilpm3	3.0	-5.0	0.0	7	2	1	2	43	43	0	False	62	13	10	0	6	0	rg05_theta12p495_foilpm3	54.75	82	43	False	open_populated	43	0	False	0	0	43
rg05_theta12p495_foilpm3	3.0	-5.0	0.0	7	3	1	2	51	51	0	False	79	16	14	0	12	0	rg05_theta12p495_foilpm3	54.75	82	51	False	open_populated	51	0	False	0	0	51
rg05_theta12p495_foilpm3	3.0	-5.0	0.0	7	4	1	2	99	99	0	False	143	29	23	0	15	0	rg05_theta12p495_foilpm3	54.75	82	82	True	open_populated	82	17	False	17	0	82
rg05_theta12p495_foilpm3	3.0	-5.0	0.0	7	5	1	2	131	131	0	False	190	38	30	0	21	0	rg05_theta12p495_foilpm3	54.75	82	82	True	open_populated	82	49	False	49	0	82
rg05_theta12p495_foilpm3	3.0	-5.0	0.0	7	6	1	2	167	167	0	False	249	50	40	0	32	0	rg05_theta12p495_foilpm3	54.75	82	82	True	open_populated	82	85	False	85	0	82
rg05_theta12p495_foilpm3	3.0	-5.0	0.0	7	7	1	2	0	0	0	False	4	1	0	4	3	0	rg05_theta12p495_foilpm3	54.75	82	0	False	observed_no_eligible_core	0	0	False	0	0	0
rg05_theta12p495_foilpm3	3.0	-5.0	0.0	8	2	1	2	0	0	0	False	3	1	0	3	2	0	rg05_theta12p495_foilpm3	54.75	82	0	False	observed_no_eligible_core	0	0	False	0	0	0
rg05_theta12p495_foilpm3	3.0	-5.0	0.0	8	3	1	2	32	32	0	False	49	10	7	0	7	0	rg05_theta12p495_foilpm3	54.75	82	32	False	open_populated	32	0	False	0	0	32
rg05_theta12p495_foilpm3	3.0	-5.0	0.0	8	4	1	2	54	54	0	False	84	17	14	0	13	0	rg05_theta12p495_foilpm3	54.75	82	54	False	open_populated	54	0	False	0	0	54
rg05_theta12p495_foilpm3	3.0	-5.0	0.0	8	5	1	2	78	78	0	False	125	25	20	0	22	0	rg05_theta12p495_foilpm3	54.75	82	78	False	open_populated	78	0	False	0	0	78
rg05_theta12p495_foilpm3	3.0	-5.0	0.0	8	6	1	2	114	114	0	False	177	36	28	0	27	0	rg05_theta12p495_foilpm3	54.75	82	82	True	open_populated	82	32	False	32	0	82
rg05_theta12p495_foilpm3	3.0	-5.0	0.0	8	7	1	2	0	0	0	False	1	1	0	1	0	0	rg05_theta12p495_foilpm3	54.75	82	0	False	observed_no_eligible_core	0	0	False	0	0	0
rg05_theta12p495_foilpm3	3.0	0.0	5.0	0	3	1	3	16	16	0	False	29	6	3	0	7	0	rg05_theta12p495_foilpm3	36.5	54	16	False	open_populated	16	0	False	0	0	16
rg05_theta12p495_foilpm3	3.0	0.0	5.0	0	4	1	3	32	32	0	False	54	11	9	0	11	0	rg05_theta12p495_foilpm3	36.5	54	32	False	open_populated	32	0	False	0	0	32
rg05_theta12p495_foilpm3	3.0	0.0	5.0	0	5	1	3	73	73	0	False	123	25	20	0	25	0	rg05_theta12p495_foilpm3	36.5	54	54	True	open_populated	54	19	False	19	0	54
rg05_theta12p495_foilpm3	3.0	0.0	5.0	0	6	1	3	60	60	0	False	97	20	14	0	17	0	rg05_theta12p495_foilpm3	36.5	54	54	True	open_populated	54	6	False	6	0	54
rg05_theta12p495_foilpm3	3.0	0.0	5.0	0	7	1	3	0	0	0	False	3	1	0	3	2	0	rg05_theta12p495_foilpm3	36.5	54	0	False	observed_no_eligible_core	0	0	False	0	0	0
rg05_theta12p495_foilpm3	3.0	0.0	5.0	1	2	1	3	25	25	0	False	41	9	5	0	7	0	rg05_theta12p495_foilpm3	36.5	54	25	False	open_populated	25	0	False	0	0	25
rg05_theta12p495_foilpm3	3.0	0.0	5.0	1	3	1	3	36	36	0	False	55	11	10	0	8	0	rg05_theta12p495_foilpm3	36.5	54	36	False	open_populated	36	0	False	0	0	36
rg05_theta12p495_foilpm3	3.0	0.0	5.0	1	4	1	3	65	65	0	False	103	21	16	0	17	0	rg05_theta12p495_foilpm3	36.5	54	54	True	open_populated	54	11	False	11	0	54
rg05_theta12p495_foilpm3	3.0	0.0	5.0	1	5	1	3	107	107	0	False	176	36	23	0	33	0	rg05_theta12p495_foilpm3	36.5	54	54	True	open_populated	54	53	False	53	0	54
rg05_theta12p495_foilpm3	3.0	0.0	5.0	1	6	1	3	120	120	0	False	186	38	30	0	28	0	rg05_theta12p495_foilpm3	36.5	54	54	True	open_populated	54	66	False	66	0	54
rg05_theta12p495_foilpm3	3.0	0.0	5.0	1	7	1	3	0	0	0	False	1	1	0	1	0	0	rg05_theta12p495_foilpm3	36.5	54	0	False	observed_no_eligible_core	0	0	False	0	0	0
rg05_theta12p495_foilpm3	3.0	0.0	5.0	2	2	1	3	32	32	0	False	49	10	7	0	7	0	rg05_theta12p495_foilpm3	36.5	54	32	False	open_populated	32	0	False	0	0	32
rg05_theta12p495_foilpm3	3.0	0.0	5.0	2	3	1	3	0	0	0	True	3	1	0	3	2	2	rg05_theta12p495_foilpm3	36.5	54	0	False	blocked	0	0	False	0	0	0
rg05_theta12p495_foilpm3	3.0	0.0	5.0	2	4	1	3	90	90	0	False	141	29	25	0	22	0	rg05_theta12p495_foilpm3	36.5	54	54	True	open_populated	54	36	False	36	0	54
rg05_theta12p495_foilpm3	3.0	0.0	5.0	2	5	1	3	137	137	0	False	225	45	31	0	43	0	rg05_theta12p495_foilpm3	36.5	54	54	True	open_populated	54	83	False	83	0	54
rg05_theta12p495_foilpm3	3.0	0.0	5.0	2	6	1	3	154	154	0	False	248	50	41	0	44	0	rg05_theta12p495_foilpm3	36.5	54	54	True	open_populated	54	100	False	100	0	54
rg05_theta12p495_foilpm3	3.0	0.0	5.0	2	7	1	3	193	193	0	False	304	61	47	0	50	0	rg05_theta12p495_foilpm3	36.5	54	54	True	open_populated	54	139	False	139	0	54
rg05_theta12p495_foilpm3	3.0	0.0	5.0	3	2	1	3	35	35	0	False	63	13	8	0	15	0	rg05_theta12p495_foilpm3	36.5	54	35	False	open_populated	35	0	False	0	0	35
rg05_theta12p495_foilpm3	3.0	0.0	5.0	3	3	1	3	58	58	0	False	94	19	14	0	17	0	rg05_theta12p495_foilpm3	36.5	54	54	True	open_populated	54	4	False	4	0	54
rg05_theta12p495_foilpm3	3.0	0.0	5.0	3	4	1	3	94	94	0	False	165	33	27	0	38	0	rg05_theta12p495_foilpm3	36.5	54	54	True	open_populated	54	40	False	40	0	54
rg05_theta12p495_foilpm3	3.0	0.0	5.0	3	5	1	3	130	130	0	False	218	44	35	0	44	0	rg05_theta12p495_foilpm3	36.5	54	54	True	open_populated	54	76	False	76	0	54
rg05_theta12p495_foilpm3	3.0	0.0	5.0	3	6	1	3	202	202	0	False	320	64	48	0	54	0	rg05_theta12p495_foilpm3	36.5	54	54	True	open_populated	54	148	False	148	0	54
rg05_theta12p495_foilpm3	3.0	0.0	5.0	3	7	1	3	285	285	0	False	446	90	65	0	71	0	rg05_theta12p495_foilpm3	36.5	54	54	True	open_populated	54	231	False	231	0	54
rg05_theta12p495_foilpm3	3.0	0.0	5.0	4	2	1	3	38	38	0	False	59	12	10	0	9	0	rg05_theta12p495_foilpm3	36.5	54	38	False	open_populated	38	0	False	0	0	38
rg05_theta12p495_foilpm3	3.0	0.0	5.0	4	3	1	3	63	63	0	False	103	21	15	0	19	0	rg05_theta12p495_foilpm3	36.5	54	54	True	open_populated	54	9	False	9	0	54
rg05_theta12p495_foilpm3	3.0	0.0	5.0	4	4	1	3	39	39	0	False	59	12	9	0	8	0	rg05_theta12p495_foilpm3	36.5	54	39	False	open_populated	39	0	False	0	0	39
rg05_theta12p495_foilpm3	3.0	0.0	5.0	4	5	1	3	150	150	0	False	255	51	34	0	54	0	rg05_theta12p495_foilpm3	36.5	54	54	True	open_populated	54	96	False	96	0	54
rg05_theta12p495_foilpm3	3.0	0.0	5.0	4	6	1	3	225	225	0	False	356	72	60	0	59	0	rg05_theta12p495_foilpm3	36.5	54	54	True	open_populated	54	171	False	171	0	54
rg05_theta12p495_foilpm3	3.0	0.0	5.0	4	7	1	3	288	288	0	False	450	90	73	0	72	0	rg05_theta12p495_foilpm3	36.5	54	54	True	open_populated	54	234	False	234	0	54
rg05_theta12p495_foilpm3	3.0	0.0	5.0	5	2	1	3	19	19	0	False	37	8	8	0	10	0	rg05_theta12p495_foilpm3	36.5	54	19	False	open_populated	19	0	False	0	0	19
rg05_theta12p495_foilpm3	3.0	0.0	5.0	5	3	1	3	70	70	0	False	106	22	16	0	14	0	rg05_theta12p495_foilpm3	36.5	54	54	True	open_populated	54	16	False	16	0	54
rg05_theta12p495_foilpm3	3.0	0.0	5.0	5	4	1	3	110	110	0	False	164	33	25	0	21	0	rg05_theta12p495_foilpm3	36.5	54	54	True	open_populated	54	56	False	56	0	54
rg05_theta12p495_foilpm3	3.0	0.0	5.0	5	5	1	3	0	0	0	True	6	2	0	6	4	4	rg05_theta12p495_foilpm3	36.5	54	0	False	blocked	0	0	False	0	0	0
rg05_theta12p495_foilpm3	3.0	0.0	5.0	5	6	1	3	211	211	0	False	336	68	55	0	57	0	rg05_theta12p495_foilpm3	36.5	54	54	True	open_populated	54	157	False	157	0	54
rg05_theta12p495_foilpm3	3.0	0.0	5.0	5	7	1	3	274	274	0	False	442	89	65	0	79	0	rg05_theta12p495_foilpm3	36.5	54	54	True	open_populated	54	220	False	220	0	54
rg05_theta12p495_foilpm3	3.0	0.0	5.0	6	2	1	3	22	22	0	False	38	8	7	0	8	0	rg05_theta12p495_foilpm3	36.5	54	22	False	open_populated	22	0	False	0	0	22
rg05_theta12p495_foilpm3	3.0	0.0	5.0	6	3	1	3	51	51	0	False	91	19	11	0	21	0	rg05_theta12p495_foilpm3	36.5	54	51	False	open_populated	51	0	False	0	0	51
rg05_theta12p495_foilpm3	3.0	0.0	5.0	6	4	1	3	87	87	0	False	135	27	24	0	21	0	rg05_theta12p495_foilpm3	36.5	54	54	True	open_populated	54	33	False	33	0	54
rg05_theta12p495_foilpm3	3.0	0.0	5.0	6	5	1	3	131	131	0	False	201	41	24	0	29	0	rg05_theta12p495_foilpm3	36.5	54	54	True	open_populated	54	77	False	77	0	54
rg05_theta12p495_foilpm3	3.0	0.0	5.0	6	6	1	3	157	157	0	False	257	52	42	0	48	0	rg05_theta12p495_foilpm3	36.5	54	54	True	open_populated	54	103	False	103	0	54
rg05_theta12p495_foilpm3	3.0	0.0	5.0	6	7	1	3	229	229	0	False	368	74	60	0	65	0	rg05_theta12p495_foilpm3	36.5	54	54	True	open_populated	54	175	False	175	0	54
rg05_theta12p495_foilpm3	3.0	0.0	5.0	7	2	1	3	20	20	0	False	32	7	5	0	5	0	rg05_theta12p495_foilpm3	36.5	54	20	False	open_populated	20	0	False	0	0	20
rg05_theta12p495_foilpm3	3.0	0.0	5.0	7	3	1	3	32	32	0	False	49	10	9	0	7	0	rg05_theta12p495_foilpm3	36.5	54	32	False	open_populated	32	0	False	0	0	32
rg05_theta12p495_foilpm3	3.0	0.0	5.0	7	4	1	3	55	55	0	False	85	17	13	0	13	0	rg05_theta12p495_foilpm3	36.5	54	54	True	open_populated	54	1	False	1	0	54
rg05_theta12p495_foilpm3	3.0	0.0	5.0	7	5	1	3	79	79	0	False	125	25	15	0	21	0	rg05_theta12p495_foilpm3	36.5	54	54	True	open_populated	54	25	False	25	0	54
rg05_theta12p495_foilpm3	3.0	0.0	5.0	7	6	1	3	123	123	0	False	206	42	32	0	41	0	rg05_theta12p495_foilpm3	36.5	54	54	True	open_populated	54	69	False	69	0	54
rg05_theta12p495_foilpm3	3.0	0.0	5.0	7	7	1	3	0	0	0	False	4	1	0	4	3	0	rg05_theta12p495_foilpm3	36.5	54	0	False	observed_no_eligible_core	0	0	False	0	0	0
rg05_theta12p495_foilpm3	3.0	0.0	5.0	8	3	1	3	29	29	0	False	47	10	8	0	8	0	rg05_theta12p495_foilpm3	36.5	54	29	False	open_populated	29	0	False	0	0	29
rg05_theta12p495_foilpm3	3.0	0.0	5.0	8	4	1	3	34	34	0	False	56	12	6	0	10	0	rg05_theta12p495_foilpm3	36.5	54	34	False	open_populated	34	0	False	0	0	34
rg05_theta12p495_foilpm3	3.0	0.0	5.0	8	5	1	3	57	57	0	False	93	19	11	0	17	0	rg05_theta12p495_foilpm3	36.5	54	54	True	open_populated	54	3	False	3	0	54
rg05_theta12p495_foilpm3	3.0	0.0	5.0	8	6	1	3	77	77	0	False	125	25	22	0	23	0	rg05_theta12p495_foilpm3	36.5	54	54	True	open_populated	54	23	False	23	0	54
rg05_theta12p495_foilpm3	3.0	0.0	5.0	8	7	1	3	0	0	0	False	2	1	0	2	1	0	rg05_theta12p495_foilpm3	36.5	54	0	False	observed_no_eligible_core	0	0	False	0	0	0
rg05_theta12p495_foilpm3	3.0	5.0	10.0	0	3	1	4	12	12	0	False	20	4	4	0	4	0	rg05_theta12p495_foilpm3	24.0	36	12	False	open_populated	12	0	False	0	0	12
rg05_theta12p495_foilpm3	3.0	5.0	10.0	0	4	1	4	34	34	0	False	47	10	6	0	3	0	rg05_theta12p495_foilpm3	24.0	36	34	False	open_populated	34	0	False	0	0	34
rg05_theta12p495_foilpm3	3.0	5.0	10.0	0	5	1	4	37	37	0	False	59	12	10	0	10	0	rg05_theta12p495_foilpm3	24.0	36	36	True	open_populated	36	1	False	1	0	36
rg05_theta12p495_foilpm3	3.0	5.0	10.0	0	6	1	4	15	15	0	False	27	6	5	0	6	0	rg05_theta12p495_foilpm3	24.0	36	15	False	open_populated	15	0	False	0	0	15
rg05_theta12p495_foilpm3	3.0	5.0	10.0	1	2	1	4	11	11	0	False	17	4	4	0	2	0	rg05_theta12p495_foilpm3	24.0	36	11	False	open_populated	11	0	False	0	0	11
rg05_theta12p495_foilpm3	3.0	5.0	10.0	1	3	1	4	24	24	0	False	33	7	4	0	2	0	rg05_theta12p495_foilpm3	24.0	36	24	False	open_populated	24	0	False	0	0	24
rg05_theta12p495_foilpm3	3.0	5.0	10.0	1	4	1	4	31	31	0	False	58	12	10	0	15	0	rg05_theta12p495_foilpm3	24.0	36	31	False	open_populated	31	0	False	0	0	31
rg05_theta12p495_foilpm3	3.0	5.0	10.0	1	5	1	4	55	55	0	False	84	17	16	0	12	0	rg05_theta12p495_foilpm3	24.0	36	36	True	open_populated	36	19	False	19	0	36
rg05_theta12p495_foilpm3	3.0	5.0	10.0	1	6	1	4	70	70	0	False	114	23	16	0	21	0	rg05_theta12p495_foilpm3	24.0	36	36	True	open_populated	36	34	False	34	0	36
rg05_theta12p495_foilpm3	3.0	5.0	10.0	1	7	1	4	0	0	0	False	3	1	0	3	2	0	rg05_theta12p495_foilpm3	24.0	36	0	False	observed_no_eligible_core	0	0	False	0	0	0
rg05_theta12p495_foilpm3	3.0	5.0	10.0	2	2	1	4	15	15	0	False	24	5	3	0	4	0	rg05_theta12p495_foilpm3	24.0	36	15	False	open_populated	15	0	False	0	0	15
rg05_theta12p495_foilpm3	3.0	5.0	10.0	2	3	1	4	0	0	0	True	1	1	0	1	0	0	rg05_theta12p495_foilpm3	24.0	36	0	False	blocked	0	0	False	0	0	0
rg05_theta12p495_foilpm3	3.0	5.0	10.0	2	4	1	4	59	59	0	False	101	21	13	0	21	0	rg05_theta12p495_foilpm3	24.0	36	36	True	open_populated	36	23	False	23	0	36
rg05_theta12p495_foilpm3	3.0	5.0	10.0	2	5	1	4	78	78	0	False	110	22	17	0	10	0	rg05_theta12p495_foilpm3	24.0	36	36	True	open_populated	36	42	False	42	0	36
rg05_theta12p495_foilpm3	3.0	5.0	10.0	2	6	1	4	122	122	0	False	195	39	30	0	34	0	rg05_theta12p495_foilpm3	24.0	36	36	True	open_populated	36	86	False	86	0	36
rg05_theta12p495_foilpm3	3.0	5.0	10.0	2	7	1	4	152	152	0	False	243	49	41	0	42	0	rg05_theta12p495_foilpm3	24.0	36	36	True	open_populated	36	116	False	116	0	36
rg05_theta12p495_foilpm3	3.0	5.0	10.0	3	2	1	4	20	20	0	False	32	7	5	0	5	0	rg05_theta12p495_foilpm3	24.0	36	20	False	open_populated	20	0	False	0	0	20
rg05_theta12p495_foilpm3	3.0	5.0	10.0	3	3	1	4	30	30	0	False	46	10	8	0	6	0	rg05_theta12p495_foilpm3	24.0	36	30	False	open_populated	30	0	False	0	0	30
rg05_theta12p495_foilpm3	3.0	5.0	10.0	3	4	1	4	77	77	0	False	113	23	23	0	13	0	rg05_theta12p495_foilpm3	24.0	36	36	True	open_populated	36	41	False	41	0	36
rg05_theta12p495_foilpm3	3.0	5.0	10.0	3	5	1	4	93	93	0	False	153	31	22	0	29	0	rg05_theta12p495_foilpm3	24.0	36	36	True	open_populated	36	57	False	57	0	36
rg05_theta12p495_foilpm3	3.0	5.0	10.0	3	6	1	4	148	148	0	False	223	45	39	0	30	0	rg05_theta12p495_foilpm3	24.0	36	36	True	open_populated	36	112	False	112	0	36
rg05_theta12p495_foilpm3	3.0	5.0	10.0	3	7	1	4	173	173	0	False	274	55	49	0	46	0	rg05_theta12p495_foilpm3	24.0	36	36	True	open_populated	36	137	False	137	0	36
rg05_theta12p495_foilpm3	3.0	5.0	10.0	4	2	1	4	18	18	0	False	28	6	4	0	4	0	rg05_theta12p495_foilpm3	24.0	36	18	False	open_populated	18	0	False	0	0	18
rg05_theta12p495_foilpm3	3.0	5.0	10.0	4	3	1	4	33	33	0	False	53	11	8	0	9	0	rg05_theta12p495_foilpm3	24.0	36	33	False	open_populated	33	0	False	0	0	33
rg05_theta12p495_foilpm3	3.0	5.0	10.0	4	4	1	4	17	17	0	False	28	6	4	0	5	0	rg05_theta12p495_foilpm3	24.0	36	17	False	open_populated	17	0	False	0	0	17
rg05_theta12p495_foilpm3	3.0	5.0	10.0	4	5	1	4	94	94	0	False	154	31	21	0	29	0	rg05_theta12p495_foilpm3	24.0	36	36	True	open_populated	36	58	False	58	0	36
rg05_theta12p495_foilpm3	3.0	5.0	10.0	4	6	1	4	143	143	0	False	236	48	38	0	45	0	rg05_theta12p495_foilpm3	24.0	36	36	True	open_populated	36	107	False	107	0	36
rg05_theta12p495_foilpm3	3.0	5.0	10.0	4	7	1	4	178	178	0	False	301	61	51	0	62	0	rg05_theta12p495_foilpm3	24.0	36	36	True	open_populated	36	142	False	142	0	36
rg05_theta12p495_foilpm3	3.0	5.0	10.0	5	2	1	4	18	18	0	False	29	6	5	0	5	0	rg05_theta12p495_foilpm3	24.0	36	18	False	open_populated	18	0	False	0	0	18
rg05_theta12p495_foilpm3	3.0	5.0	10.0	5	3	1	4	32	32	0	False	47	10	9	0	5	0	rg05_theta12p495_foilpm3	24.0	36	32	False	open_populated	32	0	False	0	0	32
rg05_theta12p495_foilpm3	3.0	5.0	10.0	5	4	1	4	58	58	0	False	85	17	15	0	10	0	rg05_theta12p495_foilpm3	24.0	36	36	True	open_populated	36	22	False	22	0	36
rg05_theta12p495_foilpm3	3.0	5.0	10.0	5	5	1	4	0	0	0	True	1	1	0	1	0	0	rg05_theta12p495_foilpm3	24.0	36	0	False	blocked	0	0	False	0	0	0
rg05_theta12p495_foilpm3	3.0	5.0	10.0	5	6	1	4	127	127	0	False	203	41	36	0	35	0	rg05_theta12p495_foilpm3	24.0	36	36	True	open_populated	36	91	False	91	0	36
rg05_theta12p495_foilpm3	3.0	5.0	10.0	5	7	1	4	211	211	0	False	339	68	52	0	60	0	rg05_theta12p495_foilpm3	24.0	36	36	True	open_populated	36	175	False	175	0	36
rg05_theta12p495_foilpm3	3.0	5.0	10.0	6	2	1	4	22	22	0	False	35	7	5	0	6	0	rg05_theta12p495_foilpm3	24.0	36	22	False	open_populated	22	0	False	0	0	22
rg05_theta12p495_foilpm3	3.0	5.0	10.0	6	3	1	4	27	27	0	False	42	9	6	0	6	0	rg05_theta12p495_foilpm3	24.0	36	27	False	open_populated	27	0	False	0	0	27
rg05_theta12p495_foilpm3	3.0	5.0	10.0	6	4	1	4	49	49	0	False	76	16	14	0	11	0	rg05_theta12p495_foilpm3	24.0	36	36	True	open_populated	36	13	False	13	0	36
rg05_theta12p495_foilpm3	3.0	5.0	10.0	6	5	1	4	82	82	0	False	124	25	20	0	17	0	rg05_theta12p495_foilpm3	24.0	36	36	True	open_populated	36	46	False	46	0	36
rg05_theta12p495_foilpm3	3.0	5.0	10.0	6	6	1	4	134	134	0	False	204	41	35	0	29	0	rg05_theta12p495_foilpm3	24.0	36	36	True	open_populated	36	98	False	98	0	36
rg05_theta12p495_foilpm3	3.0	5.0	10.0	6	7	1	4	159	159	0	False	252	51	36	0	42	0	rg05_theta12p495_foilpm3	24.0	36	36	True	open_populated	36	123	False	123	0	36
rg05_theta12p495_foilpm3	3.0	5.0	10.0	7	2	1	4	0	0	0	False	10	2	0	10	8	0	rg05_theta12p495_foilpm3	24.0	36	0	False	observed_no_eligible_core	0	0	False	0	0	0
rg05_theta12p495_foilpm3	3.0	5.0	10.0	7	3	1	4	27	27	0	False	38	8	5	0	3	0	rg05_theta12p495_foilpm3	24.0	36	27	False	open_populated	27	0	False	0	0	27
rg05_theta12p495_foilpm3	3.0	5.0	10.0	7	4	1	4	35	35	0	False	55	11	9	0	9	0	rg05_theta12p495_foilpm3	24.0	36	35	False	open_populated	35	0	False	0	0	35
rg05_theta12p495_foilpm3	3.0	5.0	10.0	7	5	1	4	47	47	0	False	82	17	15	0	18	0	rg05_theta12p495_foilpm3	24.0	36	36	True	open_populated	36	11	False	11	0	36
rg05_theta12p495_foilpm3	3.0	5.0	10.0	7	6	1	4	95	95	0	False	160	32	25	0	33	0	rg05_theta12p495_foilpm3	24.0	36	36	True	open_populated	36	59	False	59	0	36
rg05_theta12p495_foilpm3	3.0	5.0	10.0	7	7	1	4	0	0	0	False	8	2	0	8	6	0	rg05_theta12p495_foilpm3	24.0	36	0	False	observed_no_eligible_core	0	0	False	0	0	0
rg05_theta12p495_foilpm3	3.0	5.0	10.0	8	3	1	4	15	15	0	False	22	5	3	0	2	0	rg05_theta12p495_foilpm3	24.0	36	15	False	open_populated	15	0	False	0	0	15
rg05_theta12p495_foilpm3	3.0	5.0	10.0	8	4	1	4	22	22	0	False	34	7	5	0	5	0	rg05_theta12p495_foilpm3	24.0	36	22	False	open_populated	22	0	False	0	0	22
rg05_theta12p495_foilpm3	3.0	5.0	10.0	8	5	1	4	37	37	0	False	56	12	10	0	7	0	rg05_theta12p495_foilpm3	24.0	36	36	True	open_populated	36	1	False	1	0	36
rg05_theta12p495_foilpm3	3.0	5.0	10.0	8	6	1	4	43	43	0	False	66	14	8	0	9	0	rg05_theta12p495_foilpm3	24.0	36	36	True	open_populated	36	7	False	7	0	36
rg06_theta15p195_foilpm8	-8.0	-10.0	-8.0	0	1	0	0	0	0	0	False	1	1	0	1	0	0	rg06_theta15p195_foilpm8	18.0	27	0	False	observed_no_eligible_core	0	0	False	0	0	0
rg06_theta15p195_foilpm8	-8.0	-10.0	-8.0	0	2	0	0	0	0	0	False	17	4	0	17	13	0	rg06_theta15p195_foilpm8	18.0	27	0	False	observed_no_eligible_core	0	0	False	0	0	0
rg06_theta15p195_foilpm8	-8.0	-10.0	-8.0	0	3	0	0	20	20	0	False	43	9	4	0	14	0	rg06_theta15p195_foilpm8	18.0	27	20	False	open_populated	20	0	False	0	0	20
rg06_theta15p195_foilpm8	-8.0	-10.0	-8.0	0	4	0	0	14	14	0	False	50	10	3	0	26	0	rg06_theta15p195_foilpm8	18.0	27	14	False	open_populated	14	0	False	0	0	14
rg06_theta15p195_foilpm8	-8.0	-10.0	-8.0	0	5	0	0	10	10	0	False	22	5	3	0	7	0	rg06_theta15p195_foilpm8	18.0	27	10	False	open_populated	10	0	False	0	0	10
rg06_theta15p195_foilpm8	-8.0	-10.0	-8.0	0	6	0	0	0	0	0	False	2	1	0	2	1	0	rg06_theta15p195_foilpm8	18.0	27	0	False	observed_no_eligible_core	0	0	False	0	0	0
rg06_theta15p195_foilpm8	-8.0	-10.0	-8.0	1	1	0	0	0	0	0	False	8	2	0	8	6	0	rg06_theta15p195_foilpm8	18.0	27	0	False	observed_no_eligible_core	0	0	False	0	0	0
rg06_theta15p195_foilpm8	-8.0	-10.0	-8.0	1	2	0	0	0	0	0	False	17	4	0	17	13	0	rg06_theta15p195_foilpm8	18.0	27	0	False	observed_no_eligible_core	0	0	False	0	0	0
rg06_theta15p195_foilpm8	-8.0	-10.0	-8.0	1	3	0	0	19	19	0	False	35	7	5	0	9	0	rg06_theta15p195_foilpm8	18.0	27	19	False	open_populated	19	0	False	0	0	19
rg06_theta15p195_foilpm8	-8.0	-10.0	-8.0	1	4	0	0	33	33	0	False	50	10	7	0	7	0	rg06_theta15p195_foilpm8	18.0	27	27	True	open_populated	27	6	False	6	0	27
rg06_theta15p195_foilpm8	-8.0	-10.0	-8.0	1	5	0	0	22	22	0	False	38	8	4	0	8	0	rg06_theta15p195_foilpm8	18.0	27	22	False	open_populated	22	0	False	0	0	22
rg06_theta15p195_foilpm8	-8.0	-10.0	-8.0	1	6	0	0	0	0	0	False	1	1	0	1	0	0	rg06_theta15p195_foilpm8	18.0	27	0	False	observed_no_eligible_core	0	0	False	0	0	0
rg06_theta15p195_foilpm8	-8.0	-10.0	-8.0	2	1	0	0	11	11	0	False	18	4	3	0	3	0	rg06_theta15p195_foilpm8	18.0	27	11	False	open_populated	11	0	False	0	0	11
rg06_theta15p195_foilpm8	-8.0	-10.0	-8.0	2	2	0	0	17	17	0	False	35	7	4	0	11	0	rg06_theta15p195_foilpm8	18.0	27	17	False	open_populated	17	0	False	0	0	17
rg06_theta15p195_foilpm8	-8.0	-10.0	-8.0	2	3	0	0	0	0	0	True	6	2	0	6	4	4	rg06_theta15p195_foilpm8	18.0	27	0	False	blocked	0	0	False	0	0	0
rg06_theta15p195_foilpm8	-8.0	-10.0	-8.0	2	4	0	0	31	31	0	False	55	11	8	0	13	0	rg06_theta15p195_foilpm8	18.0	27	27	True	open_populated	27	4	False	4	0	27
rg06_theta15p195_foilpm8	-8.0	-10.0	-8.0	2	5	0	0	30	30	0	False	63	13	8	0	20	0	rg06_theta15p195_foilpm8	18.0	27	27	True	open_populated	27	3	False	3	0	27
rg06_theta15p195_foilpm8	-8.0	-10.0	-8.0	2	6	0	0	0	0	0	False	11	3	0	11	8	0	rg06_theta15p195_foilpm8	18.0	27	0	False	observed_no_eligible_core	0	0	False	0	0	0
rg06_theta15p195_foilpm8	-8.0	-10.0	-8.0	3	1	0	0	0	0	0	False	17	4	0	17	13	0	rg06_theta15p195_foilpm8	18.0	27	0	False	observed_no_eligible_core	0	0	False	0	0	0
rg06_theta15p195_foilpm8	-8.0	-10.0	-8.0	3	2	0	0	20	20	0	False	51	11	7	0	20	0	rg06_theta15p195_foilpm8	18.0	27	20	False	open_populated	20	0	False	0	0	20
rg06_theta15p195_foilpm8	-8.0	-10.0	-8.0	3	3	0	0	36	36	0	False	59	12	9	0	11	0	rg06_theta15p195_foilpm8	18.0	27	27	True	open_populated	27	9	False	9	0	27
rg06_theta15p195_foilpm8	-8.0	-10.0	-8.0	3	4	0	0	42	42	0	False	73	15	7	0	16	0	rg06_theta15p195_foilpm8	18.0	27	27	True	open_populated	27	15	False	15	0	27
rg06_theta15p195_foilpm8	-8.0	-10.0	-8.0	3	5	0	0	45	45	0	False	99	20	11	0	34	0	rg06_theta15p195_foilpm8	18.0	27	27	True	open_populated	27	18	False	18	0	27
rg06_theta15p195_foilpm8	-8.0	-10.0	-8.0	3	6	0	0	15	15	0	False	24	5	4	0	4	0	rg06_theta15p195_foilpm8	18.0	27	15	False	open_populated	15	0	False	0	0	15
rg06_theta15p195_foilpm8	-8.0	-10.0	-8.0	4	1	0	0	0	0	0	False	19	4	0	19	15	0	rg06_theta15p195_foilpm8	18.0	27	0	False	observed_no_eligible_core	0	0	False	0	0	0
rg06_theta15p195_foilpm8	-8.0	-10.0	-8.0	4	2	0	0	29	29	0	False	40	8	6	0	3	0	rg06_theta15p195_foilpm8	18.0	27	27	True	open_populated	27	2	False	2	0	27
rg06_theta15p195_foilpm8	-8.0	-10.0	-8.0	4	3	0	0	34	34	0	False	55	11	7	0	10	0	rg06_theta15p195_foilpm8	18.0	27	27	True	open_populated	27	7	False	7	0	27
rg06_theta15p195_foilpm8	-8.0	-10.0	-8.0	4	4	0	0	10	10	0	False	26	6	4	0	10	0	rg06_theta15p195_foilpm8	18.0	27	10	False	open_populated	10	0	False	0	0	10
rg06_theta15p195_foilpm8	-8.0	-10.0	-8.0	4	5	0	0	52	52	0	False	110	22	11	0	36	0	rg06_theta15p195_foilpm8	18.0	27	27	True	open_populated	27	25	False	25	0	27
rg06_theta15p195_foilpm8	-8.0	-10.0	-8.0	4	6	0	0	33	33	0	False	72	15	12	0	24	0	rg06_theta15p195_foilpm8	18.0	27	27	True	open_populated	27	6	False	6	0	27
rg06_theta15p195_foilpm8	-8.0	-10.0	-8.0	5	1	0	0	0	0	0	False	11	3	0	11	8	0	rg06_theta15p195_foilpm8	18.0	27	0	False	observed_no_eligible_core	0	0	False	0	0	0
rg06_theta15p195_foilpm8	-8.0	-10.0	-8.0	5	2	0	0	18	18	0	False	36	8	3	0	10	0	rg06_theta15p195_foilpm8	18.0	27	18	False	open_populated	18	0	False	0	0	18
rg06_theta15p195_foilpm8	-8.0	-10.0	-8.0	5	3	0	0	33	33	0	False	58	12	8	0	13	0	rg06_theta15p195_foilpm8	18.0	27	27	True	open_populated	27	6	False	6	0	27
rg06_theta15p195_foilpm8	-8.0	-10.0	-8.0	5	4	0	0	50	50	0	False	83	17	11	0	16	0	rg06_theta15p195_foilpm8	18.0	27	27	True	open_populated	27	23	False	23	0	27
rg06_theta15p195_foilpm8	-8.0	-10.0	-8.0	5	5	0	0	0	0	0	True	9	2	0	9	7	7	rg06_theta15p195_foilpm8	18.0	27	0	False	blocked	0	0	False	0	0	0
rg06_theta15p195_foilpm8	-8.0	-10.0	-8.0	5	6	0	0	38	38	0	False	64	13	9	0	13	0	rg06_theta15p195_foilpm8	18.0	27	27	True	open_populated	27	11	False	11	0	27
rg06_theta15p195_foilpm8	-8.0	-10.0	-8.0	6	1	0	0	0	0	0	False	4	1	0	4	3	0	rg06_theta15p195_foilpm8	18.0	27	0	False	observed_no_eligible_core	0	0	False	0	0	0
rg06_theta15p195_foilpm8	-8.0	-10.0	-8.0	6	2	0	0	14	14	0	False	25	5	3	0	6	0	rg06_theta15p195_foilpm8	18.0	27	14	False	open_populated	14	0	False	0	0	14
rg06_theta15p195_foilpm8	-8.0	-10.0	-8.0	6	3	0	0	27	27	0	False	49	10	7	0	12	0	rg06_theta15p195_foilpm8	18.0	27	27	False	open_populated	27	0	False	0	0	27
rg06_theta15p195_foilpm8	-8.0	-10.0	-8.0	6	4	0	0	37	37	0	False	63	13	9	0	13	0	rg06_theta15p195_foilpm8	18.0	27	27	True	open_populated	27	10	False	10	0	27
rg06_theta15p195_foilpm8	-8.0	-10.0	-8.0	6	5	0	0	43	43	0	False	69	14	11	0	12	0	rg06_theta15p195_foilpm8	18.0	27	27	True	open_populated	27	16	False	16	0	27
rg06_theta15p195_foilpm8	-8.0	-10.0	-8.0	6	6	0	0	35	35	0	False	55	11	8	0	9	0	rg06_theta15p195_foilpm8	18.0	27	27	True	open_populated	27	8	False	8	0	27
rg06_theta15p195_foilpm8	-8.0	-10.0	-8.0	7	1	0	0	0	0	0	False	3	1	0	3	2	0	rg06_theta15p195_foilpm8	18.0	27	0	False	observed_no_eligible_core	0	0	False	0	0	0
rg06_theta15p195_foilpm8	-8.0	-10.0	-8.0	7	2	0	0	12	12	0	False	20	4	0	0	4	0	rg06_theta15p195_foilpm8	18.0	27	12	False	open_populated	12	0	False	0	0	12
rg06_theta15p195_foilpm8	-8.0	-10.0	-8.0	7	3	0	0	0	0	0	False	38	8	0	38	30	0	rg06_theta15p195_foilpm8	18.0	27	0	False	observed_no_eligible_core	0	0	False	0	0	0
rg06_theta15p195_foilpm8	-8.0	-10.0	-8.0	7	4	0	0	23	23	0	False	54	11	3	0	20	0	rg06_theta15p195_foilpm8	18.0	27	23	False	open_populated	23	0	False	0	0	23
rg06_theta15p195_foilpm8	-8.0	-10.0	-8.0	7	5	0	0	31	31	0	False	73	15	6	0	27	0	rg06_theta15p195_foilpm8	18.0	27	27	True	open_populated	27	4	False	4	0	27
rg06_theta15p195_foilpm8	-8.0	-10.0	-8.0	7	6	0	0	26	26	0	False	38	8	6	0	4	0	rg06_theta15p195_foilpm8	18.0	27	26	False	open_populated	26	0	False	0	0	26
rg06_theta15p195_foilpm8	-8.0	-8.0	-5.0	0	1	0	1	0	0	0	False	12	3	0	12	9	0	rg06_theta15p195_foilpm8	28.75	43	0	False	observed_no_eligible_core	0	0	False	0	0	0
rg06_theta15p195_foilpm8	-8.0	-8.0	-5.0	0	2	0	1	24	24	0	False	42	9	4	0	9	0	rg06_theta15p195_foilpm8	28.75	43	24	False	open_populated	19	5	False	0	5	19
rg06_theta15p195_foilpm8	-8.0	-8.0	-5.0	0	3	0	1	33	33	0	False	61	13	10	0	15	0	rg06_theta15p195_foilpm8	28.75	43	33	False	open_populated	20	13	False	0	13	20
rg06_theta15p195_foilpm8	-8.0	-8.0	-5.0	0	4	0	1	41	41	0	False	69	14	12	0	14	0	rg06_theta15p195_foilpm8	28.75	43	41	False	open_populated	19	22	False	0	22	19
rg06_theta15p195_foilpm8	-8.0	-8.0	-5.0	0	5	0	1	38	38	0	False	67	14	11	0	15	0	rg06_theta15p195_foilpm8	28.75	43	38	False	open_populated	20	18	False	0	18	20
rg06_theta15p195_foilpm8	-8.0	-8.0	-5.0	0	6	0	1	0	0	0	False	2	1	0	2	1	0	rg06_theta15p195_foilpm8	28.75	43	0	False	observed_no_eligible_core	0	0	False	0	0	0
rg06_theta15p195_foilpm8	-8.0	-8.0	-5.0	1	1	0	1	15	15	0	False	33	7	1	0	11	0	rg06_theta15p195_foilpm8	28.75	43	15	False	open_populated	15	0	False	0	0	15
rg06_theta15p195_foilpm8	-8.0	-8.0	-5.0	1	2	0	1	19	19	0	False	41	9	6	0	13	0	rg06_theta15p195_foilpm8	28.75	43	19	False	open_populated	19	0	False	0	0	19
rg06_theta15p195_foilpm8	-8.0	-8.0	-5.0	1	3	0	1	46	46	0	False	76	16	8	0	14	0	rg06_theta15p195_foilpm8	28.75	43	43	True	open_populated	19	27	False	3	24	19
rg06_theta15p195_foilpm8	-8.0	-8.0	-5.0	1	4	0	1	56	56	0	False	98	20	15	0	22	0	rg06_theta15p195_foilpm8	28.75	43	43	True	open_populated	20	36	False	13	23	20
rg06_theta15p195_foilpm8	-8.0	-8.0	-5.0	1	5	0	1	68	68	0	False	114	23	17	0	23	0	rg06_theta15p195_foilpm8	28.75	43	43	True	open_populated	20	48	False	25	23	20
rg06_theta15p195_foilpm8	-8.0	-8.0	-5.0	1	6	0	1	0	0	0	False	7	2	0	7	5	0	rg06_theta15p195_foilpm8	28.75	43	0	False	observed_no_eligible_core	0	0	False	0	0	0
rg06_theta15p195_foilpm8	-8.0	-8.0	-5.0	2	1	0	1	19	19	0	False	37	8	6	0	10	0	rg06_theta15p195_foilpm8	28.75	43	19	False	open_populated	19	0	False	0	0	19
rg06_theta15p195_foilpm8	-8.0	-8.0	-5.0	2	2	0	1	31	31	0	False	52	11	10	0	10	0	rg06_theta15p195_foilpm8	28.75	43	31	False	open_populated	19	12	False	0	12	19
rg06_theta15p195_foilpm8	-8.0	-8.0	-5.0	2	3	0	1	0	0	0	True	4	1	0	4	3	3	rg06_theta15p195_foilpm8	28.75	43	0	False	blocked	0	0	False	0	0	0
rg06_theta15p195_foilpm8	-8.0	-8.0	-5.0	2	4	0	1	79	79	0	False	132	27	20	0	26	0	rg06_theta15p195_foilpm8	28.75	43	43	True	open_populated	20	59	False	36	23	20
rg06_theta15p195_foilpm8	-8.0	-8.0	-5.0	2	5	0	1	79	79	0	False	135	27	19	0	29	0	rg06_theta15p195_foilpm8	28.75	43	43	True	open_populated	20	59	False	36	23	20
rg06_theta15p195_foilpm8	-8.0	-8.0	-5.0	2	6	0	1	34	34	0	False	59	12	11	0	13	0	rg06_theta15p195_foilpm8	28.75	43	34	False	open_populated	20	14	False	0	14	20
rg06_theta15p195_foilpm8	-8.0	-8.0	-5.0	3	1	0	1	20	20	0	False	37	8	6	0	9	0	rg06_theta15p195_foilpm8	28.75	43	20	False	open_populated	20	0	False	0	0	20
rg06_theta15p195_foilpm8	-8.0	-8.0	-5.0	3	2	0	1	32	32	0	False	66	14	11	0	20	0	rg06_theta15p195_foilpm8	28.75	43	32	False	open_populated	20	12	False	0	12	20
rg06_theta15p195_foilpm8	-8.0	-8.0	-5.0	3	3	0	1	68	68	0	False	109	22	14	0	19	0	rg06_theta15p195_foilpm8	28.75	43	43	True	open_populated	19	49	False	25	24	19
rg06_theta15p195_foilpm8	-8.0	-8.0	-5.0	3	4	0	1	79	79	0	False	139	28	21	0	32	0	rg06_theta15p195_foilpm8	28.75	43	43	True	open_populated	20	59	False	36	23	20
rg06_theta15p195_foilpm8	-8.0	-8.0	-5.0	3	5	0	1	106	106	0	False	176	36	28	0	34	0	rg06_theta15p195_foilpm8	28.75	43	43	True	open_populated	20	86	False	63	23	20
rg06_theta15p195_foilpm8	-8.0	-8.0	-5.0	3	6	0	1	88	88	0	False	145	29	22	0	28	0	rg06_theta15p195_foilpm8	28.75	43	43	True	open_populated	20	68	False	45	23	20
rg06_theta15p195_foilpm8	-8.0	-8.0	-5.0	4	1	0	1	15	15	0	False	30	6	3	0	9	0	rg06_theta15p195_foilpm8	28.75	43	15	False	open_populated	15	0	False	0	0	15
rg06_theta15p195_foilpm8	-8.0	-8.0	-5.0	4	2	0	1	40	40	0	False	70	14	9	0	16	0	rg06_theta15p195_foilpm8	28.75	43	40	False	open_populated	19	21	False	0	21	19
rg06_theta15p195_foilpm8	-8.0	-8.0	-5.0	4	3	0	1	66	66	0	False	105	21	18	0	18	0	rg06_theta15p195_foilpm8	28.75	43	43	True	open_populated	20	46	False	23	23	20
rg06_theta15p195_foilpm8	-8.0	-8.0	-5.0	4	4	0	1	28	28	0	False	42	9	7	0	5	0	rg06_theta15p195_foilpm8	28.75	43	28	False	open_populated	20	8	False	0	8	20
rg06_theta15p195_foilpm8	-8.0	-8.0	-5.0	4	5	0	1	92	92	0	False	152	31	22	0	29	0	rg06_theta15p195_foilpm8	28.75	43	43	True	open_populated	20	72	False	49	23	20
rg06_theta15p195_foilpm8	-8.0	-8.0	-5.0	4	6	0	1	113	113	0	False	185	37	25	0	35	0	rg06_theta15p195_foilpm8	28.75	43	43	True	open_populated	20	93	False	70	23	20
rg06_theta15p195_foilpm8	-8.0	-8.0	-5.0	5	1	0	1	15	15	0	False	24	5	2	0	4	0	rg06_theta15p195_foilpm8	28.75	43	15	False	open_populated	15	0	False	0	0	15
rg06_theta15p195_foilpm8	-8.0	-8.0	-5.0	5	2	0	1	41	41	0	False	60	12	10	0	7	0	rg06_theta15p195_foilpm8	28.75	43	41	False	open_populated	19	22	False	0	22	19
rg06_theta15p195_foilpm8	-8.0	-8.0	-5.0	5	3	0	1	61	61	0	False	95	19	16	0	15	0	rg06_theta15p195_foilpm8	28.75	43	43	True	open_populated	20	41	False	18	23	20
rg06_theta15p195_foilpm8	-8.0	-8.0	-5.0	5	4	0	1	67	67	0	False	106	22	13	0	17	0	rg06_theta15p195_foilpm8	28.75	43	43	True	open_populated	20	47	False	24	23	20
rg06_theta15p195_foilpm8	-8.0	-8.0	-5.0	5	5	0	1	0	0	0	True	2	1	0	2	1	1	rg06_theta15p195_foilpm8	28.75	43	0	False	blocked	0	0	False	0	0	0
rg06_theta15p195_foilpm8	-8.0	-8.0	-5.0	5	6	0	1	119	119	0	False	176	36	33	0	21	0	rg06_theta15p195_foilpm8	28.75	43	43	True	open_populated	20	99	False	76	23	20
rg06_theta15p195_foilpm8	-8.0	-8.0	-5.0	6	1	0	1	11	11	0	False	19	4	3	0	4	0	rg06_theta15p195_foilpm8	28.75	43	11	False	open_populated	11	0	False	0	0	11
rg06_theta15p195_foilpm8	-8.0	-8.0	-5.0	6	2	0	1	28	28	0	False	46	10	8	0	8	0	rg06_theta15p195_foilpm8	28.75	43	28	False	open_populated	19	9	False	0	9	19
rg06_theta15p195_foilpm8	-8.0	-8.0	-5.0	6	3	0	1	46	46	0	False	81	17	13	0	18	0	rg06_theta15p195_foilpm8	28.75	43	43	True	open_populated	20	26	False	3	23	20
rg06_theta15p195_foilpm8	-8.0	-8.0	-5.0	6	4	0	1	62	62	0	False	105	21	16	0	22	0	rg06_theta15p195_foilpm8	28.75	43	43	True	open_populated	20	42	False	19	23	20
rg06_theta15p195_foilpm8	-8.0	-8.0	-5.0	6	5	0	1	74	74	0	False	123	25	18	0	24	0	rg06_theta15p195_foilpm8	28.75	43	43	True	open_populated	20	54	False	31	23	20
rg06_theta15p195_foilpm8	-8.0	-8.0	-5.0	6	6	0	1	101	101	0	False	167	34	18	0	32	0	rg06_theta15p195_foilpm8	28.75	43	43	True	open_populated	20	81	False	58	23	20
rg06_theta15p195_foilpm8	-8.0	-8.0	-5.0	7	1	0	1	0	0	0	False	7	2	0	7	5	0	rg06_theta15p195_foilpm8	28.75	43	0	False	observed_no_eligible_core	0	0	False	0	0	0
rg06_theta15p195_foilpm8	-8.0	-8.0	-5.0	7	2	0	1	20	20	0	False	29	6	5	0	3	0	rg06_theta15p195_foilpm8	28.75	43	20	False	open_populated	20	0	False	0	0	20
rg06_theta15p195_foilpm8	-8.0	-8.0	-5.0	7	3	0	1	43	43	0	False	67	14	12	0	10	0	rg06_theta15p195_foilpm8	28.75	43	43	False	open_populated	20	23	False	0	23	20
rg06_theta15p195_foilpm8	-8.0	-8.0	-5.0	7	4	0	1	53	53	0	False	86	18	12	0	15	0	rg06_theta15p195_foilpm8	28.75	43	43	True	open_populated	20	33	False	10	23	20
rg06_theta15p195_foilpm8	-8.0	-8.0	-5.0	7	5	0	1	73	73	0	False	112	23	19	0	16	0	rg06_theta15p195_foilpm8	28.75	43	43	True	open_populated	20	53	False	30	23	20
rg06_theta15p195_foilpm8	-8.0	-8.0	-5.0	7	6	0	1	49	49	0	False	72	15	15	0	8	0	rg06_theta15p195_foilpm8	28.75	43	43	True	open_populated	20	29	False	6	23	20
rg06_theta15p195_foilpm8	-8.0	-8.0	-5.0	8	1	0	1	0	0	0	False	2	1	0	2	1	0	rg06_theta15p195_foilpm8	28.75	43	0	False	observed_no_eligible_core	0	0	False	0	0	0
rg06_theta15p195_foilpm8	-8.0	-8.0	-5.0	8	2	0	1	15	15	0	False	24	5	5	0	4	0	rg06_theta15p195_foilpm8	28.75	43	15	False	open_populated	15	0	False	0	0	15
rg06_theta15p195_foilpm8	-8.0	-8.0	-5.0	8	3	0	1	32	32	0	False	49	10	8	0	7	0	rg06_theta15p195_foilpm8	28.75	43	32	False	open_populated	20	12	False	0	12	20
rg06_theta15p195_foilpm8	-8.0	-8.0	-5.0	8	4	0	1	39	39	0	False	63	13	10	0	11	0	rg06_theta15p195_foilpm8	28.75	43	39	False	open_populated	19	20	False	0	20	19
rg06_theta15p195_foilpm8	-8.0	-8.0	-5.0	8	5	0	1	60	60	0	False	92	19	14	0	13	0	rg06_theta15p195_foilpm8	28.75	43	43	True	open_populated	20	40	False	17	23	20
rg06_theta15p195_foilpm8	-8.0	-8.0	-5.0	8	6	0	1	0	0	0	False	1	1	0	1	0	0	rg06_theta15p195_foilpm8	28.75	43	0	False	observed_no_eligible_core	0	0	False	0	0	0
rg06_theta15p195_foilpm8	-8.0	-5.0	0.0	0	1	0	2	0	0	0	False	8	2	0	8	6	0	rg06_theta15p195_foilpm8	36.5	54	0	False	observed_no_eligible_core	0	0	False	0	0	0
rg06_theta15p195_foilpm8	-8.0	-5.0	0.0	0	2	0	2	32	32	0	False	51	11	5	0	8	0	rg06_theta15p195_foilpm8	36.5	54	32	False	open_populated	19	13	False	0	13	19
rg06_theta15p195_foilpm8	-8.0	-5.0	0.0	0	3	0	2	30	30	0	False	50	10	7	0	10	0	rg06_theta15p195_foilpm8	36.5	54	30	False	open_populated	19	11	False	0	11	19
rg06_theta15p195_foilpm8	-8.0	-5.0	0.0	0	4	0	2	45	45	0	False	74	15	13	0	14	0	rg06_theta15p195_foilpm8	36.5	54	45	False	open_populated	19	26	False	0	26	19
rg06_theta15p195_foilpm8	-8.0	-5.0	0.0	0	5	0	2	60	60	0	False	101	21	15	0	20	0	rg06_theta15p195_foilpm8	36.5	54	54	True	open_populated	19	41	False	6	35	19
rg06_theta15p195_foilpm8	-8.0	-5.0	0.0	0	6	0	2	0	0	0	False	1	1	0	1	0	0	rg06_theta15p195_foilpm8	36.5	54	0	False	observed_no_eligible_core	0	0	False	0	0	0
rg06_theta15p195_foilpm8	-8.0	-5.0	0.0	1	1	0	2	14	14	0	False	24	5	4	0	5	0	rg06_theta15p195_foilpm8	36.5	54	14	False	open_populated	14	0	False	0	0	14
rg06_theta15p195_foilpm8	-8.0	-5.0	0.0	1	2	0	2	37	37	0	False	75	15	9	0	23	0	rg06_theta15p195_foilpm8	36.5	54	37	False	open_populated	19	18	False	0	18	19
rg06_theta15p195_foilpm8	-8.0	-5.0	0.0	1	3	0	2	56	56	0	False	91	19	11	0	16	0	rg06_theta15p195_foilpm8	36.5	54	54	True	open_populated	20	36	False	2	34	20
rg06_theta15p195_foilpm8	-8.0	-5.0	0.0	1	4	0	2	87	87	0	False	146	30	22	0	29	0	rg06_theta15p195_foilpm8	36.5	54	54	True	open_populated	19	68	False	33	35	19
rg06_theta15p195_foilpm8	-8.0	-5.0	0.0	1	5	0	2	98	98	0	False	175	35	25	0	42	0	rg06_theta15p195_foilpm8	36.5	54	54	True	open_populated	20	78	False	44	34	20
rg06_theta15p195_foilpm8	-8.0	-5.0	0.0	1	6	0	2	13	13	0	False	26	6	5	0	7	0	rg06_theta15p195_foilpm8	36.5	54	13	False	open_populated	13	0	False	0	0	13
rg06_theta15p195_foilpm8	-8.0	-5.0	0.0	2	1	0	2	10	10	0	False	20	4	2	0	6	0	rg06_theta15p195_foilpm8	36.5	54	10	False	open_populated	10	0	False	0	0	10
rg06_theta15p195_foilpm8	-8.0	-5.0	0.0	2	2	0	2	37	37	0	False	60	12	8	0	11	0	rg06_theta15p195_foilpm8	36.5	54	37	False	open_populated	19	18	False	0	18	19
rg06_theta15p195_foilpm8	-8.0	-5.0	0.0	2	3	0	2	0	0	0	True	2	1	0	2	1	1	rg06_theta15p195_foilpm8	36.5	54	0	False	blocked	0	0	False	0	0	0
rg06_theta15p195_foilpm8	-8.0	-5.0	0.0	2	4	0	2	96	96	0	False	147	30	27	0	21	0	rg06_theta15p195_foilpm8	36.5	54	54	True	open_populated	19	77	False	42	35	19
rg06_theta15p195_foilpm8	-8.0	-5.0	0.0	2	5	0	2	129	129	0	False	206	42	32	0	35	0	rg06_theta15p195_foilpm8	36.5	54	54	True	open_populated	19	110	False	75	35	19
rg06_theta15p195_foilpm8	-8.0	-5.0	0.0	2	6	0	2	118	118	0	False	177	36	28	0	23	0	rg06_theta15p195_foilpm8	36.5	54	54	True	open_populated	20	98	False	64	34	20
rg06_theta15p195_foilpm8	-8.0	-5.0	0.0	3	1	0	2	24	24	0	False	40	8	8	0	8	0	rg06_theta15p195_foilpm8	36.5	54	24	False	open_populated	19	5	False	0	5	19
rg06_theta15p195_foilpm8	-8.0	-5.0	0.0	3	2	0	2	56	56	0	False	89	18	14	0	15	0	rg06_theta15p195_foilpm8	36.5	54	54	True	open_populated	19	37	False	2	35	19
rg06_theta15p195_foilpm8	-8.0	-5.0	0.0	3	3	0	2	76	76	0	False	122	25	21	0	21	0	rg06_theta15p195_foilpm8	36.5	54	54	True	open_populated	19	57	False	22	35	19
rg06_theta15p195_foilpm8	-8.0	-5.0	0.0	3	4	0	2	115	115	0	False	180	36	27	0	29	0	rg06_theta15p195_foilpm8	36.5	54	54	True	open_populated	20	95	False	61	34	20
rg06_theta15p195_foilpm8	-8.0	-5.0	0.0	3	5	0	2	147	147	0	False	245	49	41	0	49	0	rg06_theta15p195_foilpm8	36.5	54	54	True	open_populated	19	128	False	93	35	19
rg06_theta15p195_foilpm8	-8.0	-5.0	0.0	3	6	0	2	163	163	0	False	244	49	36	0	32	0	rg06_theta15p195_foilpm8	36.5	54	54	True	open_populated	19	144	False	109	35	19
rg06_theta15p195_foilpm8	-8.0	-5.0	0.0	4	1	0	2	30	30	0	False	47	10	8	0	7	0	rg06_theta15p195_foilpm8	36.5	54	30	False	open_populated	19	11	False	0	11	19
rg06_theta15p195_foilpm8	-8.0	-5.0	0.0	4	2	0	2	60	60	0	False	89	18	16	0	11	0	rg06_theta15p195_foilpm8	36.5	54	54	True	open_populated	19	41	False	6	35	19
rg06_theta15p195_foilpm8	-8.0	-5.0	0.0	4	3	0	2	82	82	0	False	141	29	25	0	30	0	rg06_theta15p195_foilpm8	36.5	54	54	True	open_populated	20	62	False	28	34	20
rg06_theta15p195_foilpm8	-8.0	-5.0	0.0	4	4	0	2	36	36	0	False	50	10	5	0	4	0	rg06_theta15p195_foilpm8	36.5	54	36	False	open_populated	19	17	False	0	17	19
rg06_theta15p195_foilpm8	-8.0	-5.0	0.0	4	5	0	2	175	175	0	False	277	56	46	0	46	0	rg06_theta15p195_foilpm8	36.5	54	54	True	open_populated	19	156	False	121	35	19
rg06_theta15p195_foilpm8	-8.0	-5.0	0.0	4	6	0	2	204	204	0	False	331	67	50	0	60	0	rg06_theta15p195_foilpm8	36.5	54	54	True	open_populated	20	184	False	150	34	20
rg06_theta15p195_foilpm8	-8.0	-5.0	0.0	5	1	0	2	28	28	0	False	46	10	9	0	8	0	rg06_theta15p195_foilpm8	36.5	54	28	False	open_populated	19	9	False	0	9	19
rg06_theta15p195_foilpm8	-8.0	-5.0	0.0	5	2	0	2	49	49	0	False	73	15	9	0	9	0	rg06_theta15p195_foilpm8	36.5	54	49	False	open_populated	19	30	False	0	30	19
rg06_theta15p195_foilpm8	-8.0	-5.0	0.0	5	3	0	2	76	76	0	False	113	23	17	0	14	0	rg06_theta15p195_foilpm8	36.5	54	54	True	open_populated	19	57	False	22	35	19
rg06_theta15p195_foilpm8	-8.0	-5.0	0.0	5	4	0	2	112	112	0	False	176	36	27	0	28	0	rg06_theta15p195_foilpm8	36.5	54	54	True	open_populated	20	92	False	58	34	20
rg06_theta15p195_foilpm8	-8.0	-5.0	0.0	5	5	0	2	0	0	0	True	5	1	0	5	4	4	rg06_theta15p195_foilpm8	36.5	54	0	False	blocked	0	0	False	0	0	0
rg06_theta15p195_foilpm8	-8.0	-5.0	0.0	5	6	0	2	169	169	0	False	248	50	40	0	29	0	rg06_theta15p195_foilpm8	36.5	54	54	True	open_populated	20	149	False	115	34	20
rg06_theta15p195_foilpm8	-8.0	-5.0	0.0	6	1	0	2	11	11	0	False	15	3	3	0	1	0	rg06_theta15p195_foilpm8	36.5	54	11	False	open_populated	11	0	False	0	0	11
rg06_theta15p195_foilpm8	-8.0	-5.0	0.0	6	2	0	2	41	41	0	False	62	13	6	0	8	0	rg06_theta15p195_foilpm8	36.5	54	41	False	open_populated	20	21	False	0	21	20
rg06_theta15p195_foilpm8	-8.0	-5.0	0.0	6	3	0	2	67	67	0	False	110	22	16	0	21	0	rg06_theta15p195_foilpm8	36.5	54	54	True	open_populated	19	48	False	13	35	19
rg06_theta15p195_foilpm8	-8.0	-5.0	0.0	6	4	0	2	101	101	0	False	150	30	21	0	19	0	rg06_theta15p195_foilpm8	36.5	54	54	True	open_populated	19	82	False	47	35	19
rg06_theta15p195_foilpm8	-8.0	-5.0	0.0	6	5	0	2	124	124	0	False	201	41	33	0	36	0	rg06_theta15p195_foilpm8	36.5	54	54	True	open_populated	19	105	False	70	35	19
rg06_theta15p195_foilpm8	-8.0	-5.0	0.0	6	6	0	2	158	158	0	False	247	50	40	0	39	0	rg06_theta15p195_foilpm8	36.5	54	54	True	open_populated	19	139	False	104	35	19
rg06_theta15p195_foilpm8	-8.0	-5.0	0.0	7	1	0	2	0	0	0	False	4	1	0	4	3	0	rg06_theta15p195_foilpm8	36.5	54	0	False	observed_no_eligible_core	0	0	False	0	0	0
rg06_theta15p195_foilpm8	-8.0	-5.0	0.0	7	2	0	2	31	31	0	False	51	11	8	0	9	0	rg06_theta15p195_foilpm8	36.5	54	31	False	open_populated	19	12	False	0	12	19
rg06_theta15p195_foilpm8	-8.0	-5.0	0.0	7	3	0	2	52	52	0	False	86	18	16	0	16	0	rg06_theta15p195_foilpm8	36.5	54	52	False	open_populated	19	33	False	0	33	19
rg06_theta15p195_foilpm8	-8.0	-5.0	0.0	7	4	0	2	84	84	0	False	131	27	24	0	20	0	rg06_theta15p195_foilpm8	36.5	54	54	True	open_populated	19	65	False	30	35	19
rg06_theta15p195_foilpm8	-8.0	-5.0	0.0	7	5	0	2	105	105	0	False	155	31	27	0	19	0	rg06_theta15p195_foilpm8	36.5	54	54	True	open_populated	19	86	False	51	35	19
rg06_theta15p195_foilpm8	-8.0	-5.0	0.0	7	6	0	2	78	78	0	False	117	24	22	0	15	0	rg06_theta15p195_foilpm8	36.5	54	54	True	open_populated	20	58	False	24	34	20
rg06_theta15p195_foilpm8	-8.0	-5.0	0.0	8	2	0	2	25	25	0	False	42	9	9	0	8	0	rg06_theta15p195_foilpm8	36.5	54	25	False	open_populated	20	5	False	0	5	20
rg06_theta15p195_foilpm8	-8.0	-5.0	0.0	8	3	0	2	48	48	0	False	78	16	11	0	14	0	rg06_theta15p195_foilpm8	36.5	54	48	False	open_populated	19	29	False	0	29	19
rg06_theta15p195_foilpm8	-8.0	-5.0	0.0	8	4	0	2	49	49	0	False	83	17	15	0	17	0	rg06_theta15p195_foilpm8	36.5	54	49	False	open_populated	19	30	False	0	30	19
rg06_theta15p195_foilpm8	-8.0	-5.0	0.0	8	5	0	2	87	87	0	False	142	29	19	0	26	0	rg06_theta15p195_foilpm8	36.5	54	54	True	open_populated	19	68	False	33	35	19
rg06_theta15p195_foilpm8	-8.0	-5.0	0.0	8	6	0	2	0	0	0	False	3	1	0	3	2	0	rg06_theta15p195_foilpm8	36.5	54	0	False	observed_no_eligible_core	0	0	False	0	0	0
rg06_theta15p195_foilpm8	-8.0	0.0	5.0	0	2	0	3	12	12	0	False	19	4	3	0	3	0	rg06_theta15p195_foilpm8	21.75	32	12	False	open_populated	12	0	False	0	0	12
rg06_theta15p195_foilpm8	-8.0	0.0	5.0	0	3	0	3	25	25	0	False	42	9	6	0	8	0	rg06_theta15p195_foilpm8	21.75	32	25	False	open_populated	21	4	False	0	4	21
rg06_theta15p195_foilpm8	-8.0	0.0	5.0	0	4	0	3	23	23	0	False	39	8	6	0	8	0	rg06_theta15p195_foilpm8	21.75	32	23	False	open_populated	21	2	False	0	2	21
rg06_theta15p195_foilpm8	-8.0	0.0	5.0	0	5	0	3	60	60	0	False	98	20	15	0	18	0	rg06_theta15p195_foilpm8	21.75	32	32	True	open_populated	20	40	False	28	12	20
rg06_theta15p195_foilpm8	-8.0	0.0	5.0	1	1	0	3	0	0	0	False	7	2	0	7	5	0	rg06_theta15p195_foilpm8	21.75	32	0	False	observed_no_eligible_core	0	0	False	0	0	0
rg06_theta15p195_foilpm8	-8.0	0.0	5.0	1	2	0	3	21	21	0	False	32	7	6	0	4	0	rg06_theta15p195_foilpm8	21.75	32	21	False	open_populated	20	1	False	0	1	20
rg06_theta15p195_foilpm8	-8.0	0.0	5.0	1	3	0	3	42	42	0	False	64	13	9	0	9	0	rg06_theta15p195_foilpm8	21.75	32	32	True	open_populated	20	22	False	10	12	20
rg06_theta15p195_foilpm8	-8.0	0.0	5.0	1	4	0	3	43	43	0	False	73	15	13	0	15	0	rg06_theta15p195_foilpm8	21.75	32	32	True	open_populated	20	23	False	11	12	20
rg06_theta15p195_foilpm8	-8.0	0.0	5.0	1	5	0	3	84	84	0	False	129	26	17	0	19	0	rg06_theta15p195_foilpm8	21.75	32	32	True	open_populated	21	63	False	52	11	21
rg06_theta15p195_foilpm8	-8.0	0.0	5.0	1	6	0	3	56	56	0	False	95	19	14	0	20	0	rg06_theta15p195_foilpm8	21.75	32	32	True	open_populated	21	35	False	24	11	21
rg06_theta15p195_foilpm8	-8.0	0.0	5.0	2	1	0	3	0	0	0	False	10	2	0	10	8	0	rg06_theta15p195_foilpm8	21.75	32	0	False	observed_no_eligible_core	0	0	False	0	0	0
rg06_theta15p195_foilpm8	-8.0	0.0	5.0	2	2	0	3	20	20	0	False	34	7	6	0	7	0	rg06_theta15p195_foilpm8	21.75	32	20	False	open_populated	20	0	False	0	0	20
rg06_theta15p195_foilpm8	-8.0	0.0	5.0	2	3	0	3	0	0	0	True	3	1	0	3	2	2	rg06_theta15p195_foilpm8	21.75	32	0	False	blocked	0	0	False	0	0	0
rg06_theta15p195_foilpm8	-8.0	0.0	5.0	2	4	0	3	55	55	0	False	97	20	17	0	22	0	rg06_theta15p195_foilpm8	21.75	32	32	True	open_populated	21	34	False	23	11	21
rg06_theta15p195_foilpm8	-8.0	0.0	5.0	2	5	0	3	99	99	0	False	174	35	24	0	40	0	rg06_theta15p195_foilpm8	21.75	32	32	True	open_populated	21	78	False	67	11	21
rg06_theta15p195_foilpm8	-8.0	0.0	5.0	2	6	0	3	99	99	0	False	166	34	25	0	33	0	rg06_theta15p195_foilpm8	21.75	32	32	True	open_populated	21	78	False	67	11	21
rg06_theta15p195_foilpm8	-8.0	0.0	5.0	3	1	0	3	14	14	0	False	21	5	5	0	2	0	rg06_theta15p195_foilpm8	21.75	32	14	False	open_populated	14	0	False	0	0	14
rg06_theta15p195_foilpm8	-8.0	0.0	5.0	3	2	0	3	22	22	0	False	41	9	8	0	10	0	rg06_theta15p195_foilpm8	21.75	32	22	False	open_populated	21	1	False	0	1	21
rg06_theta15p195_foilpm8	-8.0	0.0	5.0	3	3	0	3	53	53	0	False	83	17	13	0	13	0	rg06_theta15p195_foilpm8	21.75	32	32	True	open_populated	20	33	False	21	12	20
rg06_theta15p195_foilpm8	-8.0	0.0	5.0	3	4	0	3	78	78	0	False	117	24	19	0	15	0	rg06_theta15p195_foilpm8	21.75	32	32	True	open_populated	20	58	False	46	12	20
rg06_theta15p195_foilpm8	-8.0	0.0	5.0	3	5	0	3	116	116	0	False	183	37	31	0	30	0	rg06_theta15p195_foilpm8	21.75	32	32	True	open_populated	20	96	False	84	12	20
rg06_theta15p195_foilpm8	-8.0	0.0	5.0	3	6	0	3	168	168	0	False	265	53	41	0	44	0	rg06_theta15p195_foilpm8	21.75	32	32	True	open_populated	20	148	False	136	12	20
rg06_theta15p195_foilpm8	-8.0	0.0	5.0	4	1	0	3	12	12	0	False	19	4	3	0	3	0	rg06_theta15p195_foilpm8	21.75	32	12	False	open_populated	12	0	False	0	0	12
rg06_theta15p195_foilpm8	-8.0	0.0	5.0	4	2	0	3	33	33	0	False	50	10	8	0	7	0	rg06_theta15p195_foilpm8	21.75	32	32	True	open_populated	20	13	False	1	12	20
rg06_theta15p195_foilpm8	-8.0	0.0	5.0	4	3	0	3	47	47	0	False	74	15	10	0	12	0	rg06_theta15p195_foilpm8	21.75	32	32	True	open_populated	21	26	False	15	11	21
rg06_theta15p195_foilpm8	-8.0	0.0	5.0	4	4	0	3	21	21	0	False	33	7	6	0	5	0	rg06_theta15p195_foilpm8	21.75	32	21	False	open_populated	20	1	False	0	1	20
rg06_theta15p195_foilpm8	-8.0	0.0	5.0	4	5	0	3	110	110	0	False	189	38	29	0	41	0	rg06_theta15p195_foilpm8	21.75	32	32	True	open_populated	21	89	False	78	11	21
rg06_theta15p195_foilpm8	-8.0	0.0	5.0	4	6	0	3	170	170	0	False	268	54	34	0	44	0	rg06_theta15p195_foilpm8	21.75	32	32	True	open_populated	21	149	False	138	11	21
rg06_theta15p195_foilpm8	-8.0	0.0	5.0	5	1	0	3	20	20	0	False	30	6	5	0	4	0	rg06_theta15p195_foilpm8	21.75	32	20	False	open_populated	20	0	False	0	0	20
rg06_theta15p195_foilpm8	-8.0	0.0	5.0	5	2	0	3	28	28	0	False	46	10	7	0	8	0	rg06_theta15p195_foilpm8	21.75	32	28	False	open_populated	20	8	False	0	8	20
rg06_theta15p195_foilpm8	-8.0	0.0	5.0	5	3	0	3	40	40	0	False	65	13	7	0	12	0	rg06_theta15p195_foilpm8	21.75	32	32	True	open_populated	21	19	False	8	11	21
rg06_theta15p195_foilpm8	-8.0	0.0	5.0	5	4	0	3	56	56	0	False	96	20	12	0	20	0	rg06_theta15p195_foilpm8	21.75	32	32	True	open_populated	21	35	False	24	11	21
rg06_theta15p195_foilpm8	-8.0	0.0	5.0	5	5	0	3	0	0	0	True	7	2	0	7	5	5	rg06_theta15p195_foilpm8	21.75	32	0	False	blocked	0	0	False	0	0	0
rg06_theta15p195_foilpm8	-8.0	0.0	5.0	5	6	0	3	156	156	0	False	245	49	36	0	40	0	rg06_theta15p195_foilpm8	21.75	32	32	True	open_populated	20	136	False	124	12	20
rg06_theta15p195_foilpm8	-8.0	0.0	5.0	6	1	0	3	0	0	0	False	10	2	0	10	8	0	rg06_theta15p195_foilpm8	21.75	32	0	False	observed_no_eligible_core	0	0	False	0	0	0
rg06_theta15p195_foilpm8	-8.0	0.0	5.0	6	2	0	3	17	17	0	False	34	7	6	0	10	0	rg06_theta15p195_foilpm8	21.75	32	17	False	open_populated	17	0	False	0	0	17
rg06_theta15p195_foilpm8	-8.0	0.0	5.0	6	3	0	3	34	34	0	False	64	13	10	0	17	0	rg06_theta15p195_foilpm8	21.75	32	32	True	open_populated	21	13	False	2	11	21
rg06_theta15p195_foilpm8	-8.0	0.0	5.0	6	4	0	3	53	53	0	False	87	18	13	0	16	0	rg06_theta15p195_foilpm8	21.75	32	32	True	open_populated	21	32	False	21	11	21
rg06_theta15p195_foilpm8	-8.0	0.0	5.0	6	5	0	3	95	95	0	False	151	31	25	0	25	0	rg06_theta15p195_foilpm8	21.75	32	32	True	open_populated	21	74	False	63	11	21
rg06_theta15p195_foilpm8	-8.0	0.0	5.0	6	6	0	3	122	122	0	False	206	42	29	0	42	0	rg06_theta15p195_foilpm8	21.75	32	32	True	open_populated	20	102	False	90	12	20
rg06_theta15p195_foilpm8	-8.0	0.0	5.0	7	1	0	3	0	0	0	False	5	1	0	5	4	0	rg06_theta15p195_foilpm8	21.75	32	0	False	observed_no_eligible_core	0	0	False	0	0	0
rg06_theta15p195_foilpm8	-8.0	0.0	5.0	7	2	0	3	16	16	0	False	23	5	3	0	2	0	rg06_theta15p195_foilpm8	21.75	32	16	False	open_populated	16	0	False	0	0	16
rg06_theta15p195_foilpm8	-8.0	0.0	5.0	7	3	0	3	30	30	0	False	51	11	7	0	10	0	rg06_theta15p195_foilpm8	21.75	32	30	False	open_populated	21	9	False	0	9	21
rg06_theta15p195_foilpm8	-8.0	0.0	5.0	7	4	0	3	41	41	0	False	65	13	11	0	11	0	rg06_theta15p195_foilpm8	21.75	32	32	True	open_populated	21	20	False	9	11	21
rg06_theta15p195_foilpm8	-8.0	0.0	5.0	7	5	0	3	80	80	0	False	127	26	23	0	21	0	rg06_theta15p195_foilpm8	21.75	32	32	True	open_populated	20	60	False	48	12	20
rg06_theta15p195_foilpm8	-8.0	0.0	5.0	7	6	0	3	52	52	0	False	91	19	15	0	20	0	rg06_theta15p195_foilpm8	21.75	32	32	True	open_populated	21	31	False	20	11	21
rg06_theta15p195_foilpm8	-8.0	0.0	5.0	8	1	0	3	0	0	0	False	1	1	0	1	0	0	rg06_theta15p195_foilpm8	21.75	32	0	False	observed_no_eligible_core	0	0	False	0	0	0
rg06_theta15p195_foilpm8	-8.0	0.0	5.0	8	2	0	3	10	10	0	False	19	4	2	0	5	0	rg06_theta15p195_foilpm8	21.75	32	10	False	open_populated	10	0	False	0	0	10
rg06_theta15p195_foilpm8	-8.0	0.0	5.0	8	3	0	3	16	16	0	False	28	6	4	0	6	0	rg06_theta15p195_foilpm8	21.75	32	16	False	open_populated	16	0	False	0	0	16
rg06_theta15p195_foilpm8	-8.0	0.0	5.0	8	4	0	3	31	31	0	False	52	11	9	0	10	0	rg06_theta15p195_foilpm8	21.75	32	31	False	open_populated	20	11	False	0	11	20
rg06_theta15p195_foilpm8	-8.0	0.0	5.0	8	5	0	3	63	63	0	False	98	20	15	0	15	0	rg06_theta15p195_foilpm8	21.75	32	32	True	open_populated	20	43	False	31	12	20
rg06_theta15p195_foilpm8	-8.0	0.0	5.0	8	6	0	3	0	0	0	False	2	1	0	2	1	0	rg06_theta15p195_foilpm8	21.75	32	0	False	observed_no_eligible_core	0	0	False	0	0	0
rg06_theta15p195_foilpm8	-8.0	5.0	10.0	0	2	0	4	0	0	0	False	2	1	0	2	1	0	rg06_theta15p195_foilpm8	17.0	25	0	False	observed_no_eligible_core	0	0	False	0	0	0
rg06_theta15p195_foilpm8	-8.0	5.0	10.0	0	3	0	4	0	0	0	False	10	2	0	10	8	0	rg06_theta15p195_foilpm8	17.0	25	0	False	observed_no_eligible_core	0	0	False	0	0	0
rg06_theta15p195_foilpm8	-8.0	5.0	10.0	0	4	0	4	18	18	0	False	29	6	4	0	5	0	rg06_theta15p195_foilpm8	17.0	25	18	False	open_populated	18	0	False	0	0	18
rg06_theta15p195_foilpm8	-8.0	5.0	10.0	0	5	0	4	22	22	0	False	38	8	5	0	8	0	rg06_theta15p195_foilpm8	17.0	25	22	False	open_populated	22	0	False	0	0	22
rg06_theta15p195_foilpm8	-8.0	5.0	10.0	0	6	0	4	0	0	0	False	2	1	0	2	1	0	rg06_theta15p195_foilpm8	17.0	25	0	False	observed_no_eligible_core	0	0	False	0	0	0
rg06_theta15p195_foilpm8	-8.0	5.0	10.0	1	1	0	4	0	0	0	False	2	1	0	2	1	0	rg06_theta15p195_foilpm8	17.0	25	0	False	observed_no_eligible_core	0	0	False	0	0	0
rg06_theta15p195_foilpm8	-8.0	5.0	10.0	1	2	0	4	0	0	0	False	4	1	0	4	3	0	rg06_theta15p195_foilpm8	17.0	25	0	False	observed_no_eligible_core	0	0	False	0	0	0
rg06_theta15p195_foilpm8	-8.0	5.0	10.0	1	3	0	4	0	0	0	False	11	3	0	11	8	0	rg06_theta15p195_foilpm8	17.0	25	0	False	observed_no_eligible_core	0	0	False	0	0	0
rg06_theta15p195_foilpm8	-8.0	5.0	10.0	1	4	0	4	28	28	0	False	47	10	7	0	9	0	rg06_theta15p195_foilpm8	17.0	25	25	True	open_populated	24	4	False	3	1	24
rg06_theta15p195_foilpm8	-8.0	5.0	10.0	1	5	0	4	36	36	0	False	53	11	11	0	6	0	rg06_theta15p195_foilpm8	17.0	25	25	True	open_populated	24	12	False	11	1	24
rg06_theta15p195_foilpm8	-8.0	5.0	10.0	1	6	0	4	37	37	0	False	57	12	11	0	8	0	rg06_theta15p195_foilpm8	17.0	25	25	True	open_populated	24	13	False	12	1	24
rg06_theta15p195_foilpm8	-8.0	5.0	10.0	2	1	0	4	0	0	0	False	4	1	0	4	3	0	rg06_theta15p195_foilpm8	17.0	25	0	False	observed_no_eligible_core	0	0	False	0	0	0
rg06_theta15p195_foilpm8	-8.0	5.0	10.0	2	2	0	4	7	7	0	False	13	3	2	0	3	0	rg06_theta15p195_foilpm8	17.0	25	7	False	open_populated	7	0	True	0	0	7
rg06_theta15p195_foilpm8	-8.0	5.0	10.0	2	4	0	4	29	29	0	False	43	9	7	0	5	0	rg06_theta15p195_foilpm8	17.0	25	25	True	open_populated	24	5	False	4	1	24
rg06_theta15p195_foilpm8	-8.0	5.0	10.0	2	5	0	4	36	36	0	False	62	13	10	0	13	0	rg06_theta15p195_foilpm8	17.0	25	25	True	open_populated	24	12	False	11	1	24
rg06_theta15p195_foilpm8	-8.0	5.0	10.0	2	6	0	4	79	79	0	False	123	25	22	0	19	0	rg06_theta15p195_foilpm8	17.0	25	25	True	open_populated	24	55	False	54	1	24
rg06_theta15p195_foilpm8	-8.0	5.0	10.0	3	1	0	4	0	0	0	False	5	1	0	5	4	0	rg06_theta15p195_foilpm8	17.0	25	0	False	observed_no_eligible_core	0	0	False	0	0	0
rg06_theta15p195_foilpm8	-8.0	5.0	10.0	3	2	0	4	0	0	0	False	8	2	0	8	6	0	rg06_theta15p195_foilpm8	17.0	25	0	False	observed_no_eligible_core	0	0	False	0	0	0
rg06_theta15p195_foilpm8	-8.0	5.0	10.0	3	3	0	4	13	13	0	False	26	6	4	0	7	0	rg06_theta15p195_foilpm8	17.0	25	13	False	open_populated	13	0	False	0	0	13
rg06_theta15p195_foilpm8	-8.0	5.0	10.0	3	4	0	4	32	32	0	False	53	11	9	0	10	0	rg06_theta15p195_foilpm8	17.0	25	25	True	open_populated	24	8	False	7	1	24
rg06_theta15p195_foilpm8	-8.0	5.0	10.0	3	5	0	4	50	50	0	False	74	15	14	0	9	0	rg06_theta15p195_foilpm8	17.0	25	25	True	open_populated	24	26	False	25	1	24
rg06_theta15p195_foilpm8	-8.0	5.0	10.0	3	6	0	4	93	93	0	False	147	30	25	0	24	0	rg06_theta15p195_foilpm8	17.0	25	25	True	open_populated	24	69	False	68	1	24
rg06_theta15p195_foilpm8	-8.0	5.0	10.0	4	1	0	4	8	8	0	False	15	3	2	0	4	0	rg06_theta15p195_foilpm8	17.0	25	8	False	open_populated	8	0	True	0	0	8
rg06_theta15p195_foilpm8	-8.0	5.0	10.0	4	2	0	4	14	14	0	False	21	5	3	0	2	0	rg06_theta15p195_foilpm8	17.0	25	14	False	open_populated	14	0	False	0	0	14
rg06_theta15p195_foilpm8	-8.0	5.0	10.0	4	3	0	4	19	19	0	False	27	6	6	0	2	0	rg06_theta15p195_foilpm8	17.0	25	19	False	open_populated	19	0	False	0	0	19
rg06_theta15p195_foilpm8	-8.0	5.0	10.0	4	4	0	4	0	0	0	False	10	2	0	10	8	0	rg06_theta15p195_foilpm8	17.0	25	0	False	observed_no_eligible_core	0	0	False	0	0	0
rg06_theta15p195_foilpm8	-8.0	5.0	10.0	4	5	0	4	54	54	0	False	80	16	13	0	10	0	rg06_theta15p195_foilpm8	17.0	25	25	True	open_populated	24	30	False	29	1	24
rg06_theta15p195_foilpm8	-8.0	5.0	10.0	4	6	0	4	77	77	0	False	133	27	20	0	29	0	rg06_theta15p195_foilpm8	17.0	25	25	True	open_populated	24	53	False	52	1	24
rg06_theta15p195_foilpm8	-8.0	5.0	10.0	5	1	0	4	0	0	0	False	7	2	0	7	5	0	rg06_theta15p195_foilpm8	17.0	25	0	False	observed_no_eligible_core	0	0	False	0	0	0
rg06_theta15p195_foilpm8	-8.0	5.0	10.0	5	2	0	4	0	0	0	False	12	3	0	12	9	0	rg06_theta15p195_foilpm8	17.0	25	0	False	observed_no_eligible_core	0	0	False	0	0	0
rg06_theta15p195_foilpm8	-8.0	5.0	10.0	5	3	0	4	19	19	0	False	25	5	3	0	1	0	rg06_theta15p195_foilpm8	17.0	25	19	False	open_populated	19	0	False	0	0	19
rg06_theta15p195_foilpm8	-8.0	5.0	10.0	5	4	0	4	27	27	0	False	40	8	4	0	5	0	rg06_theta15p195_foilpm8	17.0	25	25	True	open_populated	24	3	False	2	1	24
rg06_theta15p195_foilpm8	-8.0	5.0	10.0	5	5	0	4	0	0	0	True	2	1	0	2	1	1	rg06_theta15p195_foilpm8	17.0	25	0	False	blocked	0	0	False	0	0	0
rg06_theta15p195_foilpm8	-8.0	5.0	10.0	5	6	0	4	71	71	0	False	112	23	14	0	18	0	rg06_theta15p195_foilpm8	17.0	25	25	True	open_populated	25	46	False	46	0	25
rg06_theta15p195_foilpm8	-8.0	5.0	10.0	6	1	0	4	0	0	0	False	5	1	0	5	4	0	rg06_theta15p195_foilpm8	17.0	25	0	False	observed_no_eligible_core	0	0	False	0	0	0
rg06_theta15p195_foilpm8	-8.0	5.0	10.0	6	2	0	4	9	9	0	False	14	3	2	0	2	0	rg06_theta15p195_foilpm8	17.0	25	9	False	open_populated	9	0	True	0	0	9
rg06_theta15p195_foilpm8	-8.0	5.0	10.0	6	3	0	4	13	13	0	False	23	5	5	0	5	0	rg06_theta15p195_foilpm8	17.0	25	13	False	open_populated	13	0	False	0	0	13
rg06_theta15p195_foilpm8	-8.0	5.0	10.0	6	4	0	4	18	18	0	False	26	6	6	0	2	0	rg06_theta15p195_foilpm8	17.0	25	18	False	open_populated	18	0	False	0	0	18
rg06_theta15p195_foilpm8	-8.0	5.0	10.0	6	5	0	4	39	39	0	False	62	13	11	0	10	0	rg06_theta15p195_foilpm8	17.0	25	25	True	open_populated	24	15	False	14	1	24
rg06_theta15p195_foilpm8	-8.0	5.0	10.0	6	6	0	4	72	72	0	False	115	23	21	0	20	0	rg06_theta15p195_foilpm8	17.0	25	25	True	open_populated	24	48	False	47	1	24
rg06_theta15p195_foilpm8	-8.0	5.0	10.0	7	2	0	4	0	0	0	False	1	1	0	1	0	0	rg06_theta15p195_foilpm8	17.0	25	0	False	observed_no_eligible_core	0	0	False	0	0	0
rg06_theta15p195_foilpm8	-8.0	5.0	10.0	7	3	0	4	10	10	0	False	18	4	3	0	4	0	rg06_theta15p195_foilpm8	17.0	25	10	False	open_populated	10	0	False	0	0	10
rg06_theta15p195_foilpm8	-8.0	5.0	10.0	7	4	0	4	28	28	0	False	41	9	7	0	4	0	rg06_theta15p195_foilpm8	17.0	25	25	True	open_populated	24	4	False	3	1	24
rg06_theta15p195_foilpm8	-8.0	5.0	10.0	7	5	0	4	26	26	0	False	43	9	9	0	8	0	rg06_theta15p195_foilpm8	17.0	25	25	True	open_populated	24	2	False	1	1	24
rg06_theta15p195_foilpm8	-8.0	5.0	10.0	7	6	0	4	42	42	0	False	59	12	10	0	5	0	rg06_theta15p195_foilpm8	17.0	25	25	True	open_populated	24	18	False	17	1	24
rg06_theta15p195_foilpm8	-8.0	5.0	10.0	8	2	0	4	0	0	0	False	2	1	0	2	1	0	rg06_theta15p195_foilpm8	17.0	25	0	False	observed_no_eligible_core	0	0	False	0	0	0
rg06_theta15p195_foilpm8	-8.0	5.0	10.0	8	3	0	4	0	0	0	False	10	2	0	10	8	0	rg06_theta15p195_foilpm8	17.0	25	0	False	observed_no_eligible_core	0	0	False	0	0	0
rg06_theta15p195_foilpm8	-8.0	5.0	10.0	8	4	0	4	11	11	0	False	17	4	3	0	2	0	rg06_theta15p195_foilpm8	17.0	25	11	False	open_populated	11	0	False	0	0	11
rg06_theta15p195_foilpm8	-8.0	5.0	10.0	8	5	0	4	19	19	0	False	32	7	2	0	6	0	rg06_theta15p195_foilpm8	17.0	25	19	False	open_populated	19	0	False	0	0	19
rg06_theta15p195_foilpm8	8.0	-10.0	-8.0	0	3	1	0	0	0	0	False	7	2	0	7	5	0	rg06_theta15p195_foilpm8	20.0	30	0	False	observed_no_eligible_core	0	0	False	0	0	0
rg06_theta15p195_foilpm8	8.0	-10.0	-8.0	0	4	1	0	13	13	0	False	21	5	3	0	3	0	rg06_theta15p195_foilpm8	20.0	30	13	False	open_populated	13	0	False	0	0	13
rg06_theta15p195_foilpm8	8.0	-10.0	-8.0	0	5	1	0	20	20	0	False	30	6	4	0	4	0	rg06_theta15p195_foilpm8	20.0	30	20	False	open_populated	20	0	False	0	0	20
rg06_theta15p195_foilpm8	8.0	-10.0	-8.0	0	6	1	0	22	22	0	False	38	8	6	0	8	0	rg06_theta15p195_foilpm8	20.0	30	22	False	open_populated	22	0	False	0	0	22
rg06_theta15p195_foilpm8	8.0	-10.0	-8.0	0	7	1	0	0	0	0	False	1	1	0	1	0	0	rg06_theta15p195_foilpm8	20.0	30	0	False	observed_no_eligible_core	0	0	False	0	0	0
rg06_theta15p195_foilpm8	8.0	-10.0	-8.0	1	2	1	0	0	0	0	False	1	1	0	1	0	0	rg06_theta15p195_foilpm8	20.0	30	0	False	observed_no_eligible_core	0	0	False	0	0	0
rg06_theta15p195_foilpm8	8.0	-10.0	-8.0	1	3	1	0	12	12	0	False	23	5	2	0	6	0	rg06_theta15p195_foilpm8	20.0	30	12	False	open_populated	12	0	False	0	0	12
rg06_theta15p195_foilpm8	8.0	-10.0	-8.0	1	4	1	0	18	18	0	False	28	6	3	0	4	0	rg06_theta15p195_foilpm8	20.0	30	18	False	open_populated	18	0	False	0	0	18
rg06_theta15p195_foilpm8	8.0	-10.0	-8.0	1	5	1	0	18	18	0	False	29	6	5	0	5	0	rg06_theta15p195_foilpm8	20.0	30	18	False	open_populated	18	0	False	0	0	18
rg06_theta15p195_foilpm8	8.0	-10.0	-8.0	1	6	1	0	30	30	0	False	52	11	9	0	11	0	rg06_theta15p195_foilpm8	20.0	30	30	False	open_populated	24	6	False	0	6	24
rg06_theta15p195_foilpm8	8.0	-10.0	-8.0	1	7	1	0	30	30	0	False	48	10	8	0	8	0	rg06_theta15p195_foilpm8	20.0	30	30	False	open_populated	24	6	False	0	6	24
rg06_theta15p195_foilpm8	8.0	-10.0	-8.0	2	2	1	0	0	0	0	False	12	3	0	12	9	0	rg06_theta15p195_foilpm8	20.0	30	0	False	observed_no_eligible_core	0	0	False	0	0	0
rg06_theta15p195_foilpm8	8.0	-10.0	-8.0	2	3	1	0	0	0	0	True	1	1	0	1	0	0	rg06_theta15p195_foilpm8	20.0	30	0	False	blocked	0	0	False	0	0	0
rg06_theta15p195_foilpm8	8.0	-10.0	-8.0	2	4	1	0	20	20	0	False	35	7	4	0	8	0	rg06_theta15p195_foilpm8	20.0	30	20	False	open_populated	20	0	False	0	0	20
rg06_theta15p195_foilpm8	8.0	-10.0	-8.0	2	5	1	0	32	32	0	False	58	12	8	0	14	0	rg06_theta15p195_foilpm8	20.0	30	30	True	open_populated	24	8	False	2	6	24
rg06_theta15p195_foilpm8	8.0	-10.0	-8.0	2	6	1	0	46	46	0	False	75	15	12	0	14	0	rg06_theta15p195_foilpm8	20.0	30	30	True	open_populated	23	23	False	16	7	23
rg06_theta15p195_foilpm8	8.0	-10.0	-8.0	2	7	1	0	51	51	0	False	78	16	14	0	11	0	rg06_theta15p195_foilpm8	20.0	30	30	True	open_populated	24	27	False	21	6	24
rg06_theta15p195_foilpm8	8.0	-10.0	-8.0	3	2	1	0	11	11	0	False	18	4	3	0	3	0	rg06_theta15p195_foilpm8	20.0	30	11	False	open_populated	11	0	False	0	0	11
rg06_theta15p195_foilpm8	8.0	-10.0	-8.0	3	3	1	0	22	22	0	False	33	7	6	0	4	0	rg06_theta15p195_foilpm8	20.0	30	22	False	open_populated	22	0	False	0	0	22
rg06_theta15p195_foilpm8	8.0	-10.0	-8.0	3	4	1	0	26	26	0	False	42	9	7	0	7	0	rg06_theta15p195_foilpm8	20.0	30	26	False	open_populated	24	2	False	0	2	24
rg06_theta15p195_foilpm8	8.0	-10.0	-8.0	3	5	1	0	33	33	0	False	55	11	9	0	11	0	rg06_theta15p195_foilpm8	20.0	30	30	True	open_populated	23	10	False	3	7	23
rg06_theta15p195_foilpm8	8.0	-10.0	-8.0	3	6	1	0	46	46	0	False	81	17	15	0	18	0	rg06_theta15p195_foilpm8	20.0	30	30	True	open_populated	24	22	False	16	6	24
rg06_theta15p195_foilpm8	8.0	-10.0	-8.0	3	7	1	0	49	49	0	False	89	18	14	0	22	0	rg06_theta15p195_foilpm8	20.0	30	30	True	open_populated	24	25	False	19	6	24
rg06_theta15p195_foilpm8	8.0	-10.0	-8.0	4	2	1	0	0	0	0	False	12	3	0	12	9	0	rg06_theta15p195_foilpm8	20.0	30	0	False	observed_no_eligible_core	0	0	False	0	0	0
rg06_theta15p195_foilpm8	8.0	-10.0	-8.0	4	3	1	0	22	22	0	False	30	6	3	0	2	0	rg06_theta15p195_foilpm8	20.0	30	22	False	open_populated	22	0	False	0	0	22
rg06_theta15p195_foilpm8	8.0	-10.0	-8.0	4	4	1	0	0	0	0	False	11	3	0	11	8	0	rg06_theta15p195_foilpm8	20.0	30	0	False	observed_no_eligible_core	0	0	False	0	0	0
rg06_theta15p195_foilpm8	8.0	-10.0	-8.0	4	5	1	0	46	46	0	False	66	14	13	0	6	0	rg06_theta15p195_foilpm8	20.0	30	30	True	open_populated	24	22	False	16	6	24
rg06_theta15p195_foilpm8	8.0	-10.0	-8.0	4	6	1	0	66	66	0	False	103	21	18	0	16	0	rg06_theta15p195_foilpm8	20.0	30	30	True	open_populated	24	42	False	36	6	24
rg06_theta15p195_foilpm8	8.0	-10.0	-8.0	4	7	1	0	65	65	0	False	111	23	14	0	23	0	rg06_theta15p195_foilpm8	20.0	30	30	True	open_populated	24	41	False	35	6	24
rg06_theta15p195_foilpm8	8.0	-10.0	-8.0	5	2	1	0	6	6	0	False	13	3	1	0	4	0	rg06_theta15p195_foilpm8	20.0	30	6	False	open_populated	6	0	True	0	0	6
rg06_theta15p195_foilpm8	8.0	-10.0	-8.0	5	3	1	0	22	22	0	False	31	7	5	0	2	0	rg06_theta15p195_foilpm8	20.0	30	22	False	open_populated	22	0	False	0	0	22
rg06_theta15p195_foilpm8	8.0	-10.0	-8.0	5	4	1	0	36	36	0	False	56	12	8	0	8	0	rg06_theta15p195_foilpm8	20.0	30	30	True	open_populated	24	12	False	6	6	24
rg06_theta15p195_foilpm8	8.0	-10.0	-8.0	5	5	1	0	0	0	0	True	3	1	0	3	2	2	rg06_theta15p195_foilpm8	20.0	30	0	False	blocked	0	0	False	0	0	0
rg06_theta15p195_foilpm8	8.0	-10.0	-8.0	5	6	1	0	51	51	0	False	82	17	15	0	14	0	rg06_theta15p195_foilpm8	20.0	30	30	True	open_populated	24	27	False	21	6	24
rg06_theta15p195_foilpm8	8.0	-10.0	-8.0	5	7	1	0	61	61	0	False	95	19	14	0	15	0	rg06_theta15p195_foilpm8	20.0	30	30	True	open_populated	24	37	False	31	6	24
rg06_theta15p195_foilpm8	8.0	-10.0	-8.0	6	2	1	0	0	0	0	False	8	2	0	8	6	0	rg06_theta15p195_foilpm8	20.0	30	0	False	observed_no_eligible_core	0	0	False	0	0	0
rg06_theta15p195_foilpm8	8.0	-10.0	-8.0	6	3	1	0	21	21	0	False	31	7	6	0	3	0	rg06_theta15p195_foilpm8	20.0	30	21	False	open_populated	21	0	False	0	0	21
rg06_theta15p195_foilpm8	8.0	-10.0	-8.0	6	4	1	0	25	25	0	False	39	8	5	0	6	0	rg06_theta15p195_foilpm8	20.0	30	25	False	open_populated	24	1	False	0	1	24
rg06_theta15p195_foilpm8	8.0	-10.0	-8.0	6	5	1	0	33	33	0	False	58	12	10	0	13	0	rg06_theta15p195_foilpm8	20.0	30	30	True	open_populated	23	10	False	3	7	23
rg06_theta15p195_foilpm8	8.0	-10.0	-8.0	6	6	1	0	49	49	0	False	87	18	16	0	20	0	rg06_theta15p195_foilpm8	20.0	30	30	True	open_populated	24	25	False	19	6	24
rg06_theta15p195_foilpm8	8.0	-10.0	-8.0	6	7	1	0	63	63	0	False	101	21	15	0	17	0	rg06_theta15p195_foilpm8	20.0	30	30	True	open_populated	24	39	False	33	6	24
rg06_theta15p195_foilpm8	8.0	-10.0	-8.0	7	2	1	0	0	0	0	False	1	1	0	1	0	0	rg06_theta15p195_foilpm8	20.0	30	0	False	observed_no_eligible_core	0	0	False	0	0	0
rg06_theta15p195_foilpm8	8.0	-10.0	-8.0	7	3	1	0	13	13	0	False	20	4	3	0	3	0	rg06_theta15p195_foilpm8	20.0	30	13	False	open_populated	13	0	False	0	0	13
rg06_theta15p195_foilpm8	8.0	-10.0	-8.0	7	4	1	0	13	13	0	False	21	5	3	0	3	0	rg06_theta15p195_foilpm8	20.0	30	13	False	open_populated	13	0	False	0	0	13
rg06_theta15p195_foilpm8	8.0	-10.0	-8.0	7	5	1	0	20	20	0	False	37	8	6	0	9	0	rg06_theta15p195_foilpm8	20.0	30	20	False	open_populated	20	0	False	0	0	20
rg06_theta15p195_foilpm8	8.0	-10.0	-8.0	7	6	1	0	39	39	0	False	63	13	7	0	11	0	rg06_theta15p195_foilpm8	20.0	30	30	True	open_populated	24	15	False	9	6	24
rg06_theta15p195_foilpm8	8.0	-10.0	-8.0	7	7	1	0	49	49	0	False	82	17	13	0	16	0	rg06_theta15p195_foilpm8	20.0	30	30	True	open_populated	24	25	False	19	6	24
rg06_theta15p195_foilpm8	8.0	-10.0	-8.0	8	3	1	0	0	0	0	False	2	1	0	2	1	0	rg06_theta15p195_foilpm8	20.0	30	0	False	observed_no_eligible_core	0	0	False	0	0	0
rg06_theta15p195_foilpm8	8.0	-10.0	-8.0	8	4	1	0	0	0	0	False	9	2	0	9	7	0	rg06_theta15p195_foilpm8	20.0	30	0	False	observed_no_eligible_core	0	0	False	0	0	0
rg06_theta15p195_foilpm8	8.0	-10.0	-8.0	8	5	1	0	13	13	0	False	23	5	2	0	5	0	rg06_theta15p195_foilpm8	20.0	30	13	False	open_populated	13	0	False	0	0	13
rg06_theta15p195_foilpm8	8.0	-10.0	-8.0	8	6	1	0	20	20	0	False	35	7	4	0	8	0	rg06_theta15p195_foilpm8	20.0	30	20	False	open_populated	20	0	False	0	0	20
rg06_theta15p195_foilpm8	8.0	-10.0	-8.0	8	7	1	0	0	0	0	False	6	2	0	6	4	0	rg06_theta15p195_foilpm8	20.0	30	0	False	observed_no_eligible_core	0	0	False	0	0	0
rg06_theta15p195_foilpm8	8.0	-8.0	-5.0	0	3	1	1	0	0	0	False	10	2	0	10	8	0	rg06_theta15p195_foilpm8	21.0	31	0	False	observed_no_eligible_core	0	0	False	0	0	0
rg06_theta15p195_foilpm8	8.0	-8.0	-5.0	0	4	1	1	13	13	0	False	21	5	2	0	3	0	rg06_theta15p195_foilpm8	21.0	31	13	False	open_populated	13	0	False	0	0	13
rg06_theta15p195_foilpm8	8.0	-8.0	-5.0	0	5	1	1	26	26	0	False	39	8	6	0	5	0	rg06_theta15p195_foilpm8	21.0	31	26	False	open_populated	21	5	False	0	5	21
rg06_theta15p195_foilpm8	8.0	-8.0	-5.0	0	6	1	1	26	26	0	False	44	9	8	0	9	0	rg06_theta15p195_foilpm8	21.0	31	26	False	open_populated	21	5	False	0	5	21
rg06_theta15p195_foilpm8	8.0	-8.0	-5.0	1	2	1	1	0	0	0	False	2	1	0	2	1	0	rg06_theta15p195_foilpm8	21.0	31	0	False	observed_no_eligible_core	0	0	False	0	0	0
rg06_theta15p195_foilpm8	8.0	-8.0	-5.0	1	3	1	1	13	13	0	False	19	4	4	0	2	0	rg06_theta15p195_foilpm8	21.0	31	13	False	open_populated	13	0	False	0	0	13
rg06_theta15p195_foilpm8	8.0	-8.0	-5.0	1	4	1	1	21	21	0	False	35	7	5	0	7	0	rg06_theta15p195_foilpm8	21.0	31	21	False	open_populated	21	0	False	0	0	21
rg06_theta15p195_foilpm8	8.0	-8.0	-5.0	1	5	1	1	28	28	0	False	52	11	7	0	13	0	rg06_theta15p195_foilpm8	21.0	31	28	False	open_populated	21	7	False	0	7	21
rg06_theta15p195_foilpm8	8.0	-8.0	-5.0	1	6	1	1	40	40	0	False	65	13	7	0	12	0	rg06_theta15p195_foilpm8	21.0	31	31	True	open_populated	21	19	False	9	10	21
rg06_theta15p195_foilpm8	8.0	-8.0	-5.0	1	7	1	1	65	65	0	False	110	22	17	0	23	0	rg06_theta15p195_foilpm8	21.0	31	31	True	open_populated	21	44	False	34	10	21
rg06_theta15p195_foilpm8	8.0	-8.0	-5.0	2	2	1	1	0	0	0	False	4	1	0	4	3	0	rg06_theta15p195_foilpm8	21.0	31	0	False	observed_no_eligible_core	0	0	False	0	0	0
rg06_theta15p195_foilpm8	8.0	-8.0	-5.0	2	3	1	1	0	0	0	True	1	1	0	1	0	0	rg06_theta15p195_foilpm8	21.0	31	0	False	blocked	0	0	False	0	0	0
rg06_theta15p195_foilpm8	8.0	-8.0	-5.0	2	4	1	1	31	31	0	False	42	9	8	0	2	0	rg06_theta15p195_foilpm8	21.0	31	31	False	open_populated	21	10	False	0	10	21
rg06_theta15p195_foilpm8	8.0	-8.0	-5.0	2	5	1	1	55	55	0	False	78	16	11	0	7	0	rg06_theta15p195_foilpm8	21.0	31	31	True	open_populated	21	34	False	24	10	21
rg06_theta15p195_foilpm8	8.0	-8.0	-5.0	2	6	1	1	54	54	0	False	84	17	12	0	13	0	rg06_theta15p195_foilpm8	21.0	31	31	True	open_populated	22	32	False	23	9	22
rg06_theta15p195_foilpm8	8.0	-8.0	-5.0	2	7	1	1	67	67	0	False	111	23	19	0	21	0	rg06_theta15p195_foilpm8	21.0	31	31	True	open_populated	21	46	False	36	10	21
rg06_theta15p195_foilpm8	8.0	-8.0	-5.0	3	2	1	1	15	15	0	False	22	5	5	0	2	0	rg06_theta15p195_foilpm8	21.0	31	15	False	open_populated	15	0	False	0	0	15
rg06_theta15p195_foilpm8	8.0	-8.0	-5.0	3	3	1	1	21	21	0	False	31	7	5	0	3	0	rg06_theta15p195_foilpm8	21.0	31	21	False	open_populated	21	0	False	0	0	21
rg06_theta15p195_foilpm8	8.0	-8.0	-5.0	3	4	1	1	39	39	0	False	58	12	10	0	7	0	rg06_theta15p195_foilpm8	21.0	31	31	True	open_populated	21	18	False	8	10	21
rg06_theta15p195_foilpm8	8.0	-8.0	-5.0	3	5	1	1	58	58	0	False	89	18	16	0	13	0	rg06_theta15p195_foilpm8	21.0	31	31	True	open_populated	21	37	False	27	10	21
rg06_theta15p195_foilpm8	8.0	-8.0	-5.0	3	6	1	1	71	71	0	False	119	24	18	0	24	0	rg06_theta15p195_foilpm8	21.0	31	31	True	open_populated	21	50	False	40	10	21
rg06_theta15p195_foilpm8	8.0	-8.0	-5.0	3	7	1	1	93	93	0	False	157	32	27	0	32	0	rg06_theta15p195_foilpm8	21.0	31	31	True	open_populated	21	72	False	62	10	21
rg06_theta15p195_foilpm8	8.0	-8.0	-5.0	4	2	1	1	12	12	0	False	17	4	3	0	1	0	rg06_theta15p195_foilpm8	21.0	31	12	False	open_populated	12	0	False	0	0	12
rg06_theta15p195_foilpm8	8.0	-8.0	-5.0	4	3	1	1	18	18	0	False	28	6	4	0	4	0	rg06_theta15p195_foilpm8	21.0	31	18	False	open_populated	18	0	False	0	0	18
rg06_theta15p195_foilpm8	8.0	-8.0	-5.0	4	4	1	1	0	0	0	False	8	2	0	8	6	0	rg06_theta15p195_foilpm8	21.0	31	0	False	observed_no_eligible_core	0	0	False	0	0	0
rg06_theta15p195_foilpm8	8.0	-8.0	-5.0	4	5	1	1	61	61	0	False	95	19	15	0	15	0	rg06_theta15p195_foilpm8	21.0	31	31	True	open_populated	21	40	False	30	10	21
rg06_theta15p195_foilpm8	8.0	-8.0	-5.0	4	6	1	1	103	103	0	False	147	30	29	0	14	0	rg06_theta15p195_foilpm8	21.0	31	31	True	open_populated	21	82	False	72	10	21
rg06_theta15p195_foilpm8	8.0	-8.0	-5.0	4	7	1	1	95	95	0	False	150	30	25	0	25	0	rg06_theta15p195_foilpm8	21.0	31	31	True	open_populated	21	74	False	64	10	21
rg06_theta15p195_foilpm8	8.0	-8.0	-5.0	5	2	1	1	18	18	0	False	26	6	4	0	2	0	rg06_theta15p195_foilpm8	21.0	31	18	False	open_populated	18	0	False	0	0	18
rg06_theta15p195_foilpm8	8.0	-8.0	-5.0	5	3	1	1	21	21	0	False	35	7	5	0	7	0	rg06_theta15p195_foilpm8	21.0	31	21	False	open_populated	21	0	False	0	0	21
rg06_theta15p195_foilpm8	8.0	-8.0	-5.0	5	4	1	1	41	41	0	False	59	12	11	0	6	0	rg06_theta15p195_foilpm8	21.0	31	31	True	open_populated	21	20	False	10	10	21
rg06_theta15p195_foilpm8	8.0	-8.0	-5.0	5	5	1	1	0	0	0	True	4	1	0	4	3	3	rg06_theta15p195_foilpm8	21.0	31	0	False	blocked	0	0	False	0	0	0
rg06_theta15p195_foilpm8	8.0	-8.0	-5.0	5	6	1	1	83	83	0	False	125	25	18	0	17	0	rg06_theta15p195_foilpm8	21.0	31	31	True	open_populated	21	62	False	52	10	21
rg06_theta15p195_foilpm8	8.0	-8.0	-5.0	5	7	1	1	105	105	0	False	157	32	27	0	20	0	rg06_theta15p195_foilpm8	21.0	31	31	True	open_populated	21	84	False	74	10	21
rg06_theta15p195_foilpm8	8.0	-8.0	-5.0	6	2	1	1	12	12	0	False	19	4	3	0	3	0	rg06_theta15p195_foilpm8	21.0	31	12	False	open_populated	12	0	False	0	0	12
rg06_theta15p195_foilpm8	8.0	-8.0	-5.0	6	3	1	1	16	16	0	False	26	6	2	0	4	0	rg06_theta15p195_foilpm8	21.0	31	16	False	open_populated	16	0	False	0	0	16
rg06_theta15p195_foilpm8	8.0	-8.0	-5.0	6	4	1	1	29	29	0	False	42	9	5	0	4	0	rg06_theta15p195_foilpm8	21.0	31	29	False	open_populated	21	8	False	0	8	21
rg06_theta15p195_foilpm8	8.0	-8.0	-5.0	6	5	1	1	50	50	0	False	74	15	14	0	9	0	rg06_theta15p195_foilpm8	21.0	31	31	True	open_populated	21	29	False	19	10	21
rg06_theta15p195_foilpm8	8.0	-8.0	-5.0	6	6	1	1	67	67	0	False	103	21	15	0	15	0	rg06_theta15p195_foilpm8	21.0	31	31	True	open_populated	21	46	False	36	10	21
rg06_theta15p195_foilpm8	8.0	-8.0	-5.0	6	7	1	1	99	99	0	False	143	29	24	0	15	0	rg06_theta15p195_foilpm8	21.0	31	31	True	open_populated	21	78	False	68	10	21
rg06_theta15p195_foilpm8	8.0	-8.0	-5.0	7	2	1	1	0	0	0	False	3	1	0	3	2	0	rg06_theta15p195_foilpm8	21.0	31	0	False	observed_no_eligible_core	0	0	False	0	0	0
rg06_theta15p195_foilpm8	8.0	-8.0	-5.0	7	3	1	1	11	11	0	False	16	4	3	0	1	0	rg06_theta15p195_foilpm8	21.0	31	11	False	open_populated	11	0	False	0	0	11
rg06_theta15p195_foilpm8	8.0	-8.0	-5.0	7	4	1	1	25	25	0	False	34	7	6	0	2	0	rg06_theta15p195_foilpm8	21.0	31	25	False	open_populated	21	4	False	0	4	21
rg06_theta15p195_foilpm8	8.0	-8.0	-5.0	7	5	1	1	35	35	0	False	49	10	9	0	4	0	rg06_theta15p195_foilpm8	21.0	31	31	True	open_populated	21	14	False	4	10	21
rg06_theta15p195_foilpm8	8.0	-8.0	-5.0	7	6	1	1	42	42	0	False	65	13	8	0	10	0	rg06_theta15p195_foilpm8	21.0	31	31	True	open_populated	21	21	False	11	10	21
rg06_theta15p195_foilpm8	8.0	-8.0	-5.0	7	7	1	1	80	80	0	False	119	24	24	0	15	0	rg06_theta15p195_foilpm8	21.0	31	31	True	open_populated	21	59	False	49	10	21
rg06_theta15p195_foilpm8	8.0	-8.0	-5.0	8	3	1	1	0	0	0	False	7	2	0	7	5	0	rg06_theta15p195_foilpm8	21.0	31	0	False	observed_no_eligible_core	0	0	False	0	0	0
rg06_theta15p195_foilpm8	8.0	-8.0	-5.0	8	4	1	1	14	14	0	False	22	5	3	0	3	0	rg06_theta15p195_foilpm8	21.0	31	14	False	open_populated	14	0	False	0	0	14
rg06_theta15p195_foilpm8	8.0	-8.0	-5.0	8	5	1	1	30	30	0	False	47	10	10	0	7	0	rg06_theta15p195_foilpm8	21.0	31	30	False	open_populated	21	9	False	0	9	21
rg06_theta15p195_foilpm8	8.0	-8.0	-5.0	8	6	1	1	44	44	0	False	68	14	11	0	10	0	rg06_theta15p195_foilpm8	21.0	31	31	True	open_populated	21	23	False	13	10	21
rg06_theta15p195_foilpm8	8.0	-5.0	0.0	0	3	1	2	9	9	0	False	13	3	3	0	1	0	rg06_theta15p195_foilpm8	24.75	37	9	False	open_populated	9	0	True	0	0	9
rg06_theta15p195_foilpm8	8.0	-5.0	0.0	0	4	1	2	12	12	0	False	22	5	3	0	5	0	rg06_theta15p195_foilpm8	24.75	37	12	False	open_populated	12	0	False	0	0	12
rg06_theta15p195_foilpm8	8.0	-5.0	0.0	0	5	1	2	32	32	0	False	50	10	10	0	8	0	rg06_theta15p195_foilpm8	24.75	37	32	False	open_populated	20	12	False	0	12	20
rg06_theta15p195_foilpm8	8.0	-5.0	0.0	0	6	1	2	32	32	0	False	51	11	10	0	8	0	rg06_theta15p195_foilpm8	24.75	37	32	False	open_populated	21	11	False	0	11	21
rg06_theta15p195_foilpm8	8.0	-5.0	0.0	0	7	1	2	0	0	0	False	2	1	0	2	1	0	rg06_theta15p195_foilpm8	24.75	37	0	False	observed_no_eligible_core	0	0	False	0	0	0
rg06_theta15p195_foilpm8	8.0	-5.0	0.0	1	2	1	2	0	0	0	False	1	1	0	1	0	0	rg06_theta15p195_foilpm8	24.75	37	0	False	observed_no_eligible_core	0	0	False	0	0	0
rg06_theta15p195_foilpm8	8.0	-5.0	0.0	1	3	1	2	11	11	0	False	17	4	3	0	2	0	rg06_theta15p195_foilpm8	24.75	37	11	False	open_populated	11	0	False	0	0	11
rg06_theta15p195_foilpm8	8.0	-5.0	0.0	1	4	1	2	29	29	0	False	42	9	8	0	4	0	rg06_theta15p195_foilpm8	24.75	37	29	False	open_populated	20	9	False	0	9	20
rg06_theta15p195_foilpm8	8.0	-5.0	0.0	1	5	1	2	50	50	0	False	71	15	13	0	6	0	rg06_theta15p195_foilpm8	24.75	37	37	True	open_populated	21	29	False	13	16	21
rg06_theta15p195_foilpm8	8.0	-5.0	0.0	1	6	1	2	65	65	0	False	97	20	17	0	12	0	rg06_theta15p195_foilpm8	24.75	37	37	True	open_populated	20	45	False	28	17	20
rg06_theta15p195_foilpm8	8.0	-5.0	0.0	1	7	1	2	98	98	0	False	148	30	26	0	20	0	rg06_theta15p195_foilpm8	24.75	37	37	True	open_populated	21	77	False	61	16	21
rg06_theta15p195_foilpm8	8.0	-5.0	0.0	2	2	1	2	15	15	0	False	20	4	3	0	1	0	rg06_theta15p195_foilpm8	24.75	37	15	False	open_populated	15	0	False	0	0	15
rg06_theta15p195_foilpm8	8.0	-5.0	0.0	2	4	1	2	37	37	0	False	54	11	8	0	6	0	rg06_theta15p195_foilpm8	24.75	37	37	False	open_populated	21	16	False	0	16	21
rg06_theta15p195_foilpm8	8.0	-5.0	0.0	2	5	1	2	57	57	0	False	84	17	14	0	10	0	rg06_theta15p195_foilpm8	24.75	37	37	True	open_populated	21	36	False	20	16	21
rg06_theta15p195_foilpm8	8.0	-5.0	0.0	2	6	1	2	103	103	0	False	150	30	28	0	17	0	rg06_theta15p195_foilpm8	24.75	37	37	True	open_populated	20	83	False	66	17	20
rg06_theta15p195_foilpm8	8.0	-5.0	0.0	2	7	1	2	135	135	0	False	195	39	29	0	21	0	rg06_theta15p195_foilpm8	24.75	37	37	True	open_populated	20	115	False	98	17	20
rg06_theta15p195_foilpm8	8.0	-5.0	0.0	3	2	1	2	0	0	0	False	12	3	0	12	9	0	rg06_theta15p195_foilpm8	24.75	37	0	False	observed_no_eligible_core	0	0	False	0	0	0
rg06_theta15p195_foilpm8	8.0	-5.0	0.0	3	3	1	2	32	32	0	False	47	10	7	0	5	0	rg06_theta15p195_foilpm8	24.75	37	32	False	open_populated	20	12	False	0	12	20
rg06_theta15p195_foilpm8	8.0	-5.0	0.0	3	4	1	2	47	47	0	False	75	15	12	0	13	0	rg06_theta15p195_foilpm8	24.75	37	37	True	open_populated	21	26	False	10	16	21
rg06_theta15p195_foilpm8	8.0	-5.0	0.0	3	5	1	2	79	79	0	False	127	26	22	0	22	0	rg06_theta15p195_foilpm8	24.75	37	37	True	open_populated	21	58	False	42	16	21
rg06_theta15p195_foilpm8	8.0	-5.0	0.0	3	6	1	2	110	110	0	False	158	32	25	0	16	0	rg06_theta15p195_foilpm8	24.75	37	37	True	open_populated	20	90	False	73	17	20
rg06_theta15p195_foilpm8	8.0	-5.0	0.0	3	7	1	2	155	155	0	False	230	46	38	0	29	0	rg06_theta15p195_foilpm8	24.75	37	37	True	open_populated	20	135	False	118	17	20
rg06_theta15p195_foilpm8	8.0	-5.0	0.0	4	2	1	2	9	9	0	False	13	3	2	0	1	0	rg06_theta15p195_foilpm8	24.75	37	9	False	open_populated	9	0	True	0	0	9
rg06_theta15p195_foilpm8	8.0	-5.0	0.0	4	3	1	2	32	32	0	False	47	10	8	0	5	0	rg06_theta15p195_foilpm8	24.75	37	32	False	open_populated	21	11	False	0	11	21
rg06_theta15p195_foilpm8	8.0	-5.0	0.0	4	4	1	2	11	11	0	False	16	4	3	0	1	0	rg06_theta15p195_foilpm8	24.75	37	11	False	open_populated	11	0	False	0	0	11
rg06_theta15p195_foilpm8	8.0	-5.0	0.0	4	5	1	2	97	97	0	False	141	29	23	0	15	0	rg06_theta15p195_foilpm8	24.75	37	37	True	open_populated	21	76	False	60	16	21
rg06_theta15p195_foilpm8	8.0	-5.0	0.0	4	6	1	2	131	131	0	False	200	40	33	0	29	0	rg06_theta15p195_foilpm8	24.75	37	37	True	open_populated	21	110	False	94	16	21
rg06_theta15p195_foilpm8	8.0	-5.0	0.0	4	7	1	2	175	175	0	False	255	51	42	0	29	0	rg06_theta15p195_foilpm8	24.75	37	37	True	open_populated	20	155	False	138	17	20
rg06_theta15p195_foilpm8	8.0	-5.0	0.0	5	2	1	2	11	11	0	False	16	4	2	0	1	0	rg06_theta15p195_foilpm8	24.75	37	11	False	open_populated	11	0	False	0	0	11
rg06_theta15p195_foilpm8	8.0	-5.0	0.0	5	3	1	2	21	21	0	False	29	6	5	0	2	0	rg06_theta15p195_foilpm8	24.75	37	21	False	open_populated	21	0	False	0	0	21
rg06_theta15p195_foilpm8	8.0	-5.0	0.0	5	4	1	2	48	48	0	False	76	16	12	0	12	0	rg06_theta15p195_foilpm8	24.75	37	37	True	open_populated	21	27	False	11	16	21
rg06_theta15p195_foilpm8	8.0	-5.0	0.0	5	5	1	2	0	0	0	True	1	1	0	1	0	0	rg06_theta15p195_foilpm8	24.75	37	0	False	blocked	0	0	False	0	0	0
rg06_theta15p195_foilpm8	8.0	-5.0	0.0	5	6	1	2	127	127	0	False	197	40	34	0	30	0	rg06_theta15p195_foilpm8	24.75	37	37	True	open_populated	21	106	False	90	16	21
rg06_theta15p195_foilpm8	8.0	-5.0	0.0	5	7	1	2	148	148	0	False	216	44	36	0	24	0	rg06_theta15p195_foilpm8	24.75	37	37	True	open_populated	21	127	False	111	16	21
rg06_theta15p195_foilpm8	8.0	-5.0	0.0	6	2	1	2	0	0	0	False	8	2	0	8	6	0	rg06_theta15p195_foilpm8	24.75	37	0	False	observed_no_eligible_core	0	0	False	0	0	0
rg06_theta15p195_foilpm8	8.0	-5.0	0.0	6	3	1	2	26	26	0	False	37	8	8	0	3	0	rg06_theta15p195_foilpm8	24.75	37	26	False	open_populated	21	5	False	0	5	21
rg06_theta15p195_foilpm8	8.0	-5.0	0.0	6	4	1	2	35	35	0	False	50	10	7	0	5	0	rg06_theta15p195_foilpm8	24.75	37	35	False	open_populated	21	14	False	0	14	21
rg06_theta15p195_foilpm8	8.0	-5.0	0.0	6	5	1	2	56	56	0	False	87	18	10	0	13	0	rg06_theta15p195_foilpm8	24.75	37	37	True	open_populated	21	35	False	19	16	21
rg06_theta15p195_foilpm8	8.0	-5.0	0.0	6	6	1	2	104	104	0	False	161	33	26	0	24	0	rg06_theta15p195_foilpm8	24.75	37	37	True	open_populated	21	83	False	67	16	21
rg06_theta15p195_foilpm8	8.0	-5.0	0.0	6	7	1	2	136	136	0	False	210	42	37	0	32	0	rg06_theta15p195_foilpm8	24.75	37	37	True	open_populated	21	115	False	99	16	21
rg06_theta15p195_foilpm8	8.0	-5.0	0.0	7	2	1	2	0	0	0	False	1	1	0	1	0	0	rg06_theta15p195_foilpm8	24.75	37	0	False	observed_no_eligible_core	0	0	False	0	0	0
rg06_theta15p195_foilpm8	8.0	-5.0	0.0	7	3	1	2	20	20	0	False	28	6	5	0	2	0	rg06_theta15p195_foilpm8	24.75	37	20	False	open_populated	20	0	False	0	0	20
rg06_theta15p195_foilpm8	8.0	-5.0	0.0	7	4	1	2	31	31	0	False	45	9	8	0	5	0	rg06_theta15p195_foilpm8	24.75	37	31	False	open_populated	21	10	False	0	10	21
rg06_theta15p195_foilpm8	8.0	-5.0	0.0	7	5	1	2	46	46	0	False	71	15	12	0	10	0	rg06_theta15p195_foilpm8	24.75	37	37	True	open_populated	20	26	False	9	17	20
rg06_theta15p195_foilpm8	8.0	-5.0	0.0	7	6	1	2	79	79	0	False	123	25	23	0	19	0	rg06_theta15p195_foilpm8	24.75	37	37	True	open_populated	21	58	False	42	16	21
rg06_theta15p195_foilpm8	8.0	-5.0	0.0	7	7	1	2	110	110	0	False	162	33	27	0	19	0	rg06_theta15p195_foilpm8	24.75	37	37	True	open_populated	21	89	False	73	16	21
rg06_theta15p195_foilpm8	8.0	-5.0	0.0	8	3	1	2	10	10	0	False	14	3	3	0	1	0	rg06_theta15p195_foilpm8	24.75	37	10	False	open_populated	10	0	False	0	0	10
rg06_theta15p195_foilpm8	8.0	-5.0	0.0	8	4	1	2	17	17	0	False	25	5	5	0	3	0	rg06_theta15p195_foilpm8	24.75	37	17	False	open_populated	17	0	False	0	0	17
rg06_theta15p195_foilpm8	8.0	-5.0	0.0	8	5	1	2	33	33	0	False	53	11	8	0	9	0	rg06_theta15p195_foilpm8	24.75	37	33	False	open_populated	21	12	False	0	12	21
rg06_theta15p195_foilpm8	8.0	-5.0	0.0	8	6	1	2	44	44	0	False	64	13	9	0	7	0	rg06_theta15p195_foilpm8	24.75	37	37	True	open_populated	21	23	False	7	16	21
rg06_theta15p195_foilpm8	8.0	-5.0	0.0	8	7	1	2	0	0	0	False	2	1	0	2	1	0	rg06_theta15p195_foilpm8	24.75	37	0	False	observed_no_eligible_core	0	0	False	0	0	0
rg06_theta15p195_foilpm8	8.0	0.0	5.0	0	3	1	3	0	0	0	False	3	1	0	3	2	0	rg06_theta15p195_foilpm8	17.0	25	0	False	observed_no_eligible_core	0	0	False	0	0	0
rg06_theta15p195_foilpm8	8.0	0.0	5.0	0	4	1	3	0	0	0	False	12	3	0	12	9	0	rg06_theta15p195_foilpm8	17.0	25	0	False	observed_no_eligible_core	0	0	False	0	0	0
rg06_theta15p195_foilpm8	8.0	0.0	5.0	0	5	1	3	18	18	0	False	26	6	4	0	2	0	rg06_theta15p195_foilpm8	17.0	25	18	False	open_populated	18	0	False	0	0	18
rg06_theta15p195_foilpm8	8.0	0.0	5.0	0	6	1	3	34	34	0	False	47	10	7	0	3	0	rg06_theta15p195_foilpm8	17.0	25	25	True	open_populated	24	10	False	9	1	24
rg06_theta15p195_foilpm8	8.0	0.0	5.0	0	7	1	3	0	0	0	False	2	1	0	2	1	0	rg06_theta15p195_foilpm8	17.0	25	0	False	observed_no_eligible_core	0	0	False	0	0	0
rg06_theta15p195_foilpm8	8.0	0.0	5.0	1	3	1	3	0	0	0	False	8	2	0	8	6	0	rg06_theta15p195_foilpm8	17.0	25	0	False	observed_no_eligible_core	0	0	False	0	0	0
rg06_theta15p195_foilpm8	8.0	0.0	5.0	1	4	1	3	11	11	0	False	15	3	1	0	1	0	rg06_theta15p195_foilpm8	17.0	25	11	False	open_populated	11	0	False	0	0	11
rg06_theta15p195_foilpm8	8.0	0.0	5.0	1	5	1	3	32	32	0	False	49	10	8	0	7	0	rg06_theta15p195_foilpm8	17.0	25	25	True	open_populated	24	8	False	7	1	24
rg06_theta15p195_foilpm8	8.0	0.0	5.0	1	6	1	3	36	36	0	False	61	13	11	0	12	0	rg06_theta15p195_foilpm8	17.0	25	25	True	open_populated	24	12	False	11	1	24
rg06_theta15p195_foilpm8	8.0	0.0	5.0	1	7	1	3	71	71	0	False	105	21	16	0	13	0	rg06_theta15p195_foilpm8	17.0	25	25	True	open_populated	24	47	False	46	1	24
rg06_theta15p195_foilpm8	8.0	0.0	5.0	2	2	1	3	0	0	0	False	10	2	0	10	8	0	rg06_theta15p195_foilpm8	17.0	25	0	False	observed_no_eligible_core	0	0	False	0	0	0
rg06_theta15p195_foilpm8	8.0	0.0	5.0	2	4	1	3	15	15	0	False	31	7	6	0	9	0	rg06_theta15p195_foilpm8	17.0	25	15	False	open_populated	15	0	False	0	0	15
rg06_theta15p195_foilpm8	8.0	0.0	5.0	2	5	1	3	36	36	0	False	61	13	10	0	12	0	rg06_theta15p195_foilpm8	17.0	25	25	True	open_populated	25	11	False	11	0	25
rg06_theta15p195_foilpm8	8.0	0.0	5.0	2	6	1	3	66	66	0	False	99	20	15	0	13	0	rg06_theta15p195_foilpm8	17.0	25	25	True	open_populated	25	41	False	41	0	25
rg06_theta15p195_foilpm8	8.0	0.0	5.0	2	7	1	3	82	82	0	False	132	27	23	0	23	0	rg06_theta15p195_foilpm8	17.0	25	25	True	open_populated	24	58	False	57	1	24
rg06_theta15p195_foilpm8	8.0	0.0	5.0	3	2	1	3	0	0	0	False	10	2	0	10	8	0	rg06_theta15p195_foilpm8	17.0	25	0	False	observed_no_eligible_core	0	0	False	0	0	0
rg06_theta15p195_foilpm8	8.0	0.0	5.0	3	3	1	3	8	8	0	False	14	3	3	0	3	0	rg06_theta15p195_foilpm8	17.0	25	8	False	open_populated	8	0	True	0	0	8
rg06_theta15p195_foilpm8	8.0	0.0	5.0	3	4	1	3	20	20	0	False	36	8	8	0	8	0	rg06_theta15p195_foilpm8	17.0	25	20	False	open_populated	20	0	False	0	0	20
rg06_theta15p195_foilpm8	8.0	0.0	5.0	3	5	1	3	37	37	0	False	59	12	7	0	10	0	rg06_theta15p195_foilpm8	17.0	25	25	True	open_populated	25	12	False	12	0	25
rg06_theta15p195_foilpm8	8.0	0.0	5.0	3	6	1	3	60	60	0	False	94	19	12	0	15	0	rg06_theta15p195_foilpm8	17.0	25	25	True	open_populated	25	35	False	35	0	25
rg06_theta15p195_foilpm8	8.0	0.0	5.0	3	7	1	3	97	97	0	False	160	32	25	0	31	0	rg06_theta15p195_foilpm8	17.0	25	25	True	open_populated	25	72	False	72	0	25
rg06_theta15p195_foilpm8	8.0	0.0	5.0	4	2	1	3	0	0	0	False	5	1	0	5	4	0	rg06_theta15p195_foilpm8	17.0	25	0	False	observed_no_eligible_core	0	0	False	0	0	0
rg06_theta15p195_foilpm8	8.0	0.0	5.0	4	3	1	3	11	11	0	False	19	4	4	0	4	0	rg06_theta15p195_foilpm8	17.0	25	11	False	open_populated	11	0	False	0	0	11
rg06_theta15p195_foilpm8	8.0	0.0	5.0	4	4	1	3	9	9	0	False	16	4	4	0	3	0	rg06_theta15p195_foilpm8	17.0	25	9	False	open_populated	9	0	True	0	0	9
rg06_theta15p195_foilpm8	8.0	0.0	5.0	4	5	1	3	52	52	0	False	92	19	14	0	21	0	rg06_theta15p195_foilpm8	17.0	25	25	True	open_populated	24	28	False	27	1	24
rg06_theta15p195_foilpm8	8.0	0.0	5.0	4	6	1	3	49	49	0	False	83	17	11	0	17	0	rg06_theta15p195_foilpm8	17.0	25	25	True	open_populated	25	24	False	24	0	25
rg06_theta15p195_foilpm8	8.0	0.0	5.0	4	7	1	3	116	116	0	False	182	37	28	0	29	0	rg06_theta15p195_foilpm8	17.0	25	25	True	open_populated	25	91	False	91	0	25
rg06_theta15p195_foilpm8	8.0	0.0	5.0	5	2	1	3	0	0	0	False	4	1	0	4	3	0	rg06_theta15p195_foilpm8	17.0	25	0	False	observed_no_eligible_core	0	0	False	0	0	0
rg06_theta15p195_foilpm8	8.0	0.0	5.0	5	3	1	3	16	16	0	False	25	5	4	0	4	0	rg06_theta15p195_foilpm8	17.0	25	16	False	open_populated	16	0	False	0	0	16
rg06_theta15p195_foilpm8	8.0	0.0	5.0	5	4	1	3	30	30	0	False	51	11	9	0	10	0	rg06_theta15p195_foilpm8	17.0	25	25	True	open_populated	24	6	False	5	1	24
rg06_theta15p195_foilpm8	8.0	0.0	5.0	5	6	1	3	78	78	0	False	129	26	21	0	25	0	rg06_theta15p195_foilpm8	17.0	25	25	True	open_populated	24	54	False	53	1	24
rg06_theta15p195_foilpm8	8.0	0.0	5.0	5	7	1	3	108	108	0	False	172	35	28	0	29	0	rg06_theta15p195_foilpm8	17.0	25	25	True	open_populated	24	84	False	83	1	24
rg06_theta15p195_foilpm8	8.0	0.0	5.0	6	2	1	3	0	0	0	False	1	1	0	1	0	0	rg06_theta15p195_foilpm8	17.0	25	0	False	observed_no_eligible_core	0	0	False	0	0	0
rg06_theta15p195_foilpm8	8.0	0.0	5.0	6	3	1	3	8	8	0	False	14	3	3	0	3	0	rg06_theta15p195_foilpm8	17.0	25	8	False	open_populated	8	0	True	0	0	8
rg06_theta15p195_foilpm8	8.0	0.0	5.0	6	4	1	3	12	12	0	False	19	4	3	0	3	0	rg06_theta15p195_foilpm8	17.0	25	12	False	open_populated	12	0	False	0	0	12
rg06_theta15p195_foilpm8	8.0	0.0	5.0	6	5	1	3	33	33	0	False	49	10	7	0	6	0	rg06_theta15p195_foilpm8	17.0	25	25	True	open_populated	24	9	False	8	1	24
rg06_theta15p195_foilpm8	8.0	0.0	5.0	6	6	1	3	60	60	0	False	91	19	13	0	12	0	rg06_theta15p195_foilpm8	17.0	25	25	True	open_populated	24	36	False	35	1	24
rg06_theta15p195_foilpm8	8.0	0.0	5.0	6	7	1	3	66	66	0	False	111	23	16	0	22	0	rg06_theta15p195_foilpm8	17.0	25	25	True	open_populated	24	42	False	41	1	24
rg06_theta15p195_foilpm8	8.0	0.0	5.0	7	3	1	3	0	0	0	False	10	2	0	10	8	0	rg06_theta15p195_foilpm8	17.0	25	0	False	observed_no_eligible_core	0	0	False	0	0	0
rg06_theta15p195_foilpm8	8.0	0.0	5.0	7	4	1	3	12	12	0	False	19	4	3	0	3	0	rg06_theta15p195_foilpm8	17.0	25	12	False	open_populated	12	0	False	0	0	12
rg06_theta15p195_foilpm8	8.0	0.0	5.0	7	5	1	3	22	22	0	False	36	8	6	0	6	0	rg06_theta15p195_foilpm8	17.0	25	22	False	open_populated	22	0	False	0	0	22
rg06_theta15p195_foilpm8	8.0	0.0	5.0	7	6	1	3	38	38	0	False	60	12	7	0	10	0	rg06_theta15p195_foilpm8	17.0	25	25	True	open_populated	24	14	False	13	1	24
rg06_theta15p195_foilpm8	8.0	0.0	5.0	7	7	1	3	75	75	0	False	113	23	19	0	15	0	rg06_theta15p195_foilpm8	17.0	25	25	True	open_populated	24	51	False	50	1	24
rg06_theta15p195_foilpm8	8.0	0.0	5.0	8	3	1	3	0	0	0	False	4	1	0	4	3	0	rg06_theta15p195_foilpm8	17.0	25	0	False	observed_no_eligible_core	0	0	False	0	0	0
rg06_theta15p195_foilpm8	8.0	0.0	5.0	8	4	1	3	0	0	0	False	12	3	0	12	9	0	rg06_theta15p195_foilpm8	17.0	25	0	False	observed_no_eligible_core	0	0	False	0	0	0
rg06_theta15p195_foilpm8	8.0	0.0	5.0	8	5	1	3	19	19	0	False	31	7	3	0	5	0	rg06_theta15p195_foilpm8	17.0	25	19	False	open_populated	19	0	False	0	0	19
rg06_theta15p195_foilpm8	8.0	0.0	5.0	8	6	1	3	33	33	0	False	54	11	10	0	10	0	rg06_theta15p195_foilpm8	17.0	25	25	True	open_populated	24	9	False	8	1	24
rg06_theta15p195_foilpm8	8.0	0.0	5.0	8	7	1	3	0	0	0	False	6	2	0	6	4	0	rg06_theta15p195_foilpm8	17.0	25	0	False	observed_no_eligible_core	0	0	False	0	0	0
rg06_theta15p195_foilpm8	8.0	5.0	10.0	0	4	1	4	0	0	0	False	2	1	0	2	1	0	rg06_theta15p195_foilpm8	13.0	19	0	False	observed_no_eligible_core	0	0	False	0	0	0
rg06_theta15p195_foilpm8	8.0	5.0	10.0	0	5	1	4	0	0	0	False	10	2	0	10	8	0	rg06_theta15p195_foilpm8	13.0	19	0	False	observed_no_eligible_core	0	0	False	0	0	0
rg06_theta15p195_foilpm8	8.0	5.0	10.0	0	6	1	4	13	13	0	False	18	4	4	0	1	0	rg06_theta15p195_foilpm8	13.0	19	13	False	open_populated	13	0	False	0	0	13
rg06_theta15p195_foilpm8	8.0	5.0	10.0	1	4	1	4	0	0	0	False	4	1	0	4	3	0	rg06_theta15p195_foilpm8	13.0	19	0	False	observed_no_eligible_core	0	0	False	0	0	0
rg06_theta15p195_foilpm8	8.0	5.0	10.0	1	5	1	4	13	13	0	False	17	4	3	0	0	0	rg06_theta15p195_foilpm8	13.0	19	13	False	open_populated	13	0	False	0	0	13
rg06_theta15p195_foilpm8	8.0	5.0	10.0	1	6	1	4	19	19	0	False	27	6	6	0	2	0	rg06_theta15p195_foilpm8	13.0	19	19	False	open_populated	19	0	False	0	0	19
rg06_theta15p195_foilpm8	8.0	5.0	10.0	1	7	1	4	28	28	0	False	43	9	8	0	6	0	rg06_theta15p195_foilpm8	13.0	19	19	True	open_populated	19	9	False	9	0	19
rg06_theta15p195_foilpm8	8.0	5.0	10.0	2	4	1	4	10	10	0	False	14	3	3	0	1	0	rg06_theta15p195_foilpm8	13.0	19	10	False	open_populated	10	0	False	0	0	10
rg06_theta15p195_foilpm8	8.0	5.0	10.0	2	5	1	4	13	13	0	False	21	5	3	0	3	0	rg06_theta15p195_foilpm8	13.0	19	13	False	open_populated	13	0	False	0	0	13
rg06_theta15p195_foilpm8	8.0	5.0	10.0	2	6	1	4	30	30	0	False	42	9	6	0	3	0	rg06_theta15p195_foilpm8	13.0	19	19	True	open_populated	19	11	False	11	0	19
rg06_theta15p195_foilpm8	8.0	5.0	10.0	2	7	1	4	46	46	0	False	71	15	9	0	10	0	rg06_theta15p195_foilpm8	13.0	19	19	True	open_populated	19	27	False	27	0	19
rg06_theta15p195_foilpm8	8.0	5.0	10.0	3	4	1	4	0	0	0	False	9	2	0	9	7	0	rg06_theta15p195_foilpm8	13.0	19	0	False	observed_no_eligible_core	0	0	False	0	0	0
rg06_theta15p195_foilpm8	8.0	5.0	10.0	3	5	1	4	17	17	0	False	26	6	6	0	3	0	rg06_theta15p195_foilpm8	13.0	19	17	False	open_populated	17	0	False	0	0	17
rg06_theta15p195_foilpm8	8.0	5.0	10.0	3	6	1	4	34	34	0	False	51	11	7	0	6	0	rg06_theta15p195_foilpm8	13.0	19	19	True	open_populated	19	15	False	15	0	19
rg06_theta15p195_foilpm8	8.0	5.0	10.0	3	7	1	4	60	60	0	False	90	18	17	0	12	0	rg06_theta15p195_foilpm8	13.0	19	19	True	open_populated	19	41	False	41	0	19
rg06_theta15p195_foilpm8	8.0	5.0	10.0	4	4	1	4	0	0	0	False	4	1	0	4	3	0	rg06_theta15p195_foilpm8	13.0	19	0	False	observed_no_eligible_core	0	0	False	0	0	0
rg06_theta15p195_foilpm8	8.0	5.0	10.0	4	5	1	4	14	14	0	False	22	5	5	0	3	0	rg06_theta15p195_foilpm8	13.0	19	14	False	open_populated	14	0	False	0	0	14
rg06_theta15p195_foilpm8	8.0	5.0	10.0	4	6	1	4	37	37	0	False	54	11	7	0	6	0	rg06_theta15p195_foilpm8	13.0	19	19	True	open_populated	19	18	False	18	0	19
rg06_theta15p195_foilpm8	8.0	5.0	10.0	4	7	1	4	58	58	0	False	80	16	11	0	6	0	rg06_theta15p195_foilpm8	13.0	19	19	True	open_populated	19	39	False	39	0	19
rg06_theta15p195_foilpm8	8.0	5.0	10.0	5	4	1	4	0	0	0	False	5	1	0	5	4	0	rg06_theta15p195_foilpm8	13.0	19	0	False	observed_no_eligible_core	0	0	False	0	0	0
rg06_theta15p195_foilpm8	8.0	5.0	10.0	5	6	1	4	32	32	0	False	47	10	7	0	5	0	rg06_theta15p195_foilpm8	13.0	19	19	True	open_populated	19	13	False	13	0	19
rg06_theta15p195_foilpm8	8.0	5.0	10.0	5	7	1	4	54	54	0	False	82	17	15	0	11	0	rg06_theta15p195_foilpm8	13.0	19	19	True	open_populated	19	35	False	35	0	19
rg06_theta15p195_foilpm8	8.0	5.0	10.0	6	4	1	4	0	0	0	False	9	2	0	9	7	0	rg06_theta15p195_foilpm8	13.0	19	0	False	observed_no_eligible_core	0	0	False	0	0	0
rg06_theta15p195_foilpm8	8.0	5.0	10.0	6	5	1	4	9	9	0	False	15	3	2	0	3	0	rg06_theta15p195_foilpm8	13.0	19	9	False	open_populated	9	0	True	0	0	9
rg06_theta15p195_foilpm8	8.0	5.0	10.0	6	6	1	4	17	17	0	False	27	6	4	0	4	0	rg06_theta15p195_foilpm8	13.0	19	17	False	open_populated	17	0	False	0	0	17
rg06_theta15p195_foilpm8	8.0	5.0	10.0	6	7	1	4	21	21	0	False	36	8	6	0	7	0	rg06_theta15p195_foilpm8	13.0	19	19	True	open_populated	19	2	False	2	0	19
rg06_theta15p195_foilpm8	8.0	5.0	10.0	7	4	1	4	0	0	0	False	5	1	0	5	4	0	rg06_theta15p195_foilpm8	13.0	19	0	False	observed_no_eligible_core	0	0	False	0	0	0
rg06_theta15p195_foilpm8	8.0	5.0	10.0	7	5	1	4	10	10	0	False	16	4	3	0	2	0	rg06_theta15p195_foilpm8	13.0	19	10	False	open_populated	10	0	False	0	0	10
rg06_theta15p195_foilpm8	8.0	5.0	10.0	7	6	1	4	16	16	0	False	25	5	4	0	4	0	rg06_theta15p195_foilpm8	13.0	19	16	False	open_populated	16	0	False	0	0	16
rg06_theta15p195_foilpm8	8.0	5.0	10.0	7	7	1	4	23	23	0	False	35	7	6	0	5	0	rg06_theta15p195_foilpm8	13.0	19	19	True	open_populated	19	4	False	4	0	19
rg06_theta15p195_foilpm8	8.0	5.0	10.0	8	4	1	4	0	0	0	False	4	1	0	4	3	0	rg06_theta15p195_foilpm8	13.0	19	0	False	observed_no_eligible_core	0	0	False	0	0	0
rg06_theta15p195_foilpm8	8.0	5.0	10.0	8	5	1	4	0	0	0	False	5	1	0	5	4	0	rg06_theta15p195_foilpm8	13.0	19	0	False	observed_no_eligible_core	0	0	False	0	0	0
rg06_theta15p195_foilpm8	8.0	5.0	10.0	8	6	1	4	11	11	0	False	19	4	2	0	4	0	rg06_theta15p195_foilpm8	13.0	19	11	False	open_populated	11	0	False	0	0	11
rg06_theta15p195_foilpm8	8.0	5.0	10.0	8	7	1	4	0	0	0	False	1	1	0	1	0	0	rg06_theta15p195_foilpm8	13.0	19	0	False	observed_no_eligible_core	0	0	False	0	0	0
rg07_theta12p495_foilpm8	-8.0	-10.0	-8.0	0	1	0	0	0	0	0	False	7	2	0	7	5	0	rg07_theta12p495_foilpm8	16.5	24	0	False	observed_no_eligible_core	0	0	False	0	0	0
rg07_theta12p495_foilpm8	-8.0	-10.0	-8.0	0	2	0	0	14	14	0	False	34	7	1	0	13	0	rg07_theta12p495_foilpm8	16.5	24	14	False	open_populated	14	0	False	0	0	14
rg07_theta12p495_foilpm8	-8.0	-10.0	-8.0	0	3	0	0	30	30	0	False	76	16	9	0	30	0	rg07_theta12p495_foilpm8	16.5	24	24	True	open_populated	24	6	False	6	0	24
rg07_theta12p495_foilpm8	-8.0	-10.0	-8.0	0	4	0	0	50	50	0	False	104	21	7	0	33	0	rg07_theta12p495_foilpm8	16.5	24	24	True	open_populated	24	26	False	26	0	24
rg07_theta12p495_foilpm8	-8.0	-10.0	-8.0	0	5	0	0	20	20	0	False	72	15	6	0	37	0	rg07_theta12p495_foilpm8	16.5	24	20	False	open_populated	20	0	False	0	0	20
rg07_theta12p495_foilpm8	-8.0	-10.0	-8.0	0	6	0	0	0	0	0	False	10	2	0	10	8	0	rg07_theta12p495_foilpm8	16.5	24	0	False	observed_no_eligible_core	0	0	False	0	0	0
rg07_theta12p495_foilpm8	-8.0	-10.0	-8.0	1	1	0	0	0	0	0	False	6	2	0	6	4	0	rg07_theta12p495_foilpm8	16.5	24	0	False	observed_no_eligible_core	0	0	False	0	0	0
rg07_theta12p495_foilpm8	-8.0	-10.0	-8.0	1	2	0	0	6	6	0	False	18	4	0	0	8	0	rg07_theta12p495_foilpm8	16.5	24	6	False	open_populated	6	0	True	0	0	6
rg07_theta12p495_foilpm8	-8.0	-10.0	-8.0	1	3	0	0	0	0	0	False	15	3	0	15	12	0	rg07_theta12p495_foilpm8	16.5	24	0	False	observed_no_eligible_core	0	0	False	0	0	0
rg07_theta12p495_foilpm8	-8.0	-10.0	-8.0	1	4	0	0	7	7	0	False	25	5	0	0	13	0	rg07_theta12p495_foilpm8	16.5	24	7	False	open_populated	7	0	True	0	0	7
rg07_theta12p495_foilpm8	-8.0	-10.0	-8.0	1	5	0	0	10	10	0	False	24	5	1	0	9	0	rg07_theta12p495_foilpm8	16.5	24	10	False	open_populated	10	0	False	0	0	10
rg07_theta12p495_foilpm8	-8.0	-10.0	-8.0	1	6	0	0	0	0	0	False	4	1	0	4	3	0	rg07_theta12p495_foilpm8	16.5	24	0	False	observed_no_eligible_core	0	0	False	0	0	0
rg07_theta12p495_foilpm8	-8.0	-10.0	-8.0	2	1	0	0	6	6	0	False	16	4	0	0	6	0	rg07_theta12p495_foilpm8	16.5	24	6	False	open_populated	6	0	True	0	0	6
rg07_theta12p495_foilpm8	-8.0	-10.0	-8.0	2	2	0	0	8	8	0	False	40	8	1	0	24	0	rg07_theta12p495_foilpm8	16.5	24	8	False	open_populated	8	0	True	0	0	8
rg07_theta12p495_foilpm8	-8.0	-10.0	-8.0	2	3	0	0	0	0	0	True	16	4	0	16	12	12	rg07_theta12p495_foilpm8	16.5	24	0	False	blocked	0	0	False	0	0	0
rg07_theta12p495_foilpm8	-8.0	-10.0	-8.0	2	4	0	0	34	34	0	False	74	15	10	0	25	0	rg07_theta12p495_foilpm8	16.5	24	24	True	open_populated	24	10	False	10	0	24
rg07_theta12p495_foilpm8	-8.0	-10.0	-8.0	2	5	0	0	35	35	0	False	81	17	6	0	29	0	rg07_theta12p495_foilpm8	16.5	24	24	True	open_populated	24	11	False	11	0	24
rg07_theta12p495_foilpm8	-8.0	-10.0	-8.0	2	6	0	0	21	21	0	False	37	8	4	0	8	0	rg07_theta12p495_foilpm8	16.5	24	21	False	open_populated	21	0	False	0	0	21
rg07_theta12p495_foilpm8	-8.0	-10.0	-8.0	3	1	0	0	9	9	0	False	19	4	3	0	6	0	rg07_theta12p495_foilpm8	16.5	24	9	False	open_populated	9	0	True	0	0	9
rg07_theta12p495_foilpm8	-8.0	-10.0	-8.0	3	2	0	0	25	25	0	False	58	12	2	0	21	0	rg07_theta12p495_foilpm8	16.5	24	24	True	open_populated	24	1	False	1	0	24
rg07_theta12p495_foilpm8	-8.0	-10.0	-8.0	3	3	0	0	33	33	0	False	82	17	10	0	32	0	rg07_theta12p495_foilpm8	16.5	24	24	True	open_populated	24	9	False	9	0	24
rg07_theta12p495_foilpm8	-8.0	-10.0	-8.0	3	4	0	0	44	44	0	False	78	16	10	0	18	0	rg07_theta12p495_foilpm8	16.5	24	24	True	open_populated	24	20	False	20	0	24
rg07_theta12p495_foilpm8	-8.0	-10.0	-8.0	3	5	0	0	47	47	0	False	86	18	14	0	21	0	rg07_theta12p495_foilpm8	16.5	24	24	True	open_populated	24	23	False	23	0	24
rg07_theta12p495_foilpm8	-8.0	-10.0	-8.0	3	6	0	0	35	35	0	False	58	12	7	0	11	0	rg07_theta12p495_foilpm8	16.5	24	24	True	open_populated	24	11	False	11	0	24
rg07_theta12p495_foilpm8	-8.0	-10.0	-8.0	4	1	0	0	8	8	0	False	21	5	0	0	8	0	rg07_theta12p495_foilpm8	16.5	24	8	False	open_populated	8	0	True	0	0	8
rg07_theta12p495_foilpm8	-8.0	-10.0	-8.0	4	2	0	0	38	38	0	False	64	13	10	0	13	0	rg07_theta12p495_foilpm8	16.5	24	24	True	open_populated	24	14	False	14	0	24
rg07_theta12p495_foilpm8	-8.0	-10.0	-8.0	4	3	0	0	44	44	0	False	77	16	12	0	17	0	rg07_theta12p495_foilpm8	16.5	24	24	True	open_populated	24	20	False	20	0	24
rg07_theta12p495_foilpm8	-8.0	-10.0	-8.0	4	4	0	0	11	11	0	False	27	6	3	0	10	0	rg07_theta12p495_foilpm8	16.5	24	11	False	open_populated	11	0	False	0	0	11
rg07_theta12p495_foilpm8	-8.0	-10.0	-8.0	4	5	0	0	55	55	0	False	94	19	13	0	20	0	rg07_theta12p495_foilpm8	16.5	24	24	True	open_populated	24	31	False	31	0	24
rg07_theta12p495_foilpm8	-8.0	-10.0	-8.0	4	6	0	0	53	53	0	False	111	23	19	0	35	0	rg07_theta12p495_foilpm8	16.5	24	24	True	open_populated	24	29	False	29	0	24
rg07_theta12p495_foilpm8	-8.0	-10.0	-8.0	5	1	0	0	0	0	0	False	11	3	0	11	8	0	rg07_theta12p495_foilpm8	16.5	24	0	False	observed_no_eligible_core	0	0	False	0	0	0
rg07_theta12p495_foilpm8	-8.0	-10.0	-8.0	5	2	0	0	35	35	0	False	53	11	6	0	7	0	rg07_theta12p495_foilpm8	16.5	24	24	True	open_populated	24	11	False	11	0	24
rg07_theta12p495_foilpm8	-8.0	-10.0	-8.0	5	3	0	0	39	39	0	False	62	13	10	0	10	0	rg07_theta12p495_foilpm8	16.5	24	24	True	open_populated	24	15	False	15	0	24
rg07_theta12p495_foilpm8	-8.0	-10.0	-8.0	5	4	0	0	51	51	0	False	83	17	13	0	15	0	rg07_theta12p495_foilpm8	16.5	24	24	True	open_populated	24	27	False	27	0	24
rg07_theta12p495_foilpm8	-8.0	-10.0	-8.0	5	5	0	0	0	0	0	True	9	2	0	9	7	7	rg07_theta12p495_foilpm8	16.5	24	0	False	blocked	0	0	False	0	0	0
rg07_theta12p495_foilpm8	-8.0	-10.0	-8.0	5	6	0	0	71	71	0	False	111	23	18	0	17	0	rg07_theta12p495_foilpm8	16.5	24	24	True	open_populated	24	47	False	47	0	24
rg07_theta12p495_foilpm8	-8.0	-10.0	-8.0	6	1	0	0	0	0	0	False	4	1	0	4	3	0	rg07_theta12p495_foilpm8	16.5	24	0	False	observed_no_eligible_core	0	0	False	0	0	0
rg07_theta12p495_foilpm8	-8.0	-10.0	-8.0	6	2	0	0	17	17	0	False	31	7	2	0	7	0	rg07_theta12p495_foilpm8	16.5	24	17	False	open_populated	17	0	False	0	0	17
rg07_theta12p495_foilpm8	-8.0	-10.0	-8.0	6	3	0	0	37	37	0	False	67	14	9	0	16	0	rg07_theta12p495_foilpm8	16.5	24	24	True	open_populated	24	13	False	13	0	24
rg07_theta12p495_foilpm8	-8.0	-10.0	-8.0	6	4	0	0	37	37	0	False	63	13	7	0	13	0	rg07_theta12p495_foilpm8	16.5	24	24	True	open_populated	24	13	False	13	0	24
rg07_theta12p495_foilpm8	-8.0	-10.0	-8.0	6	5	0	0	48	48	0	False	74	15	10	0	11	0	rg07_theta12p495_foilpm8	16.5	24	24	True	open_populated	24	24	False	24	0	24
rg07_theta12p495_foilpm8	-8.0	-10.0	-8.0	6	6	0	0	59	59	0	False	94	19	12	0	16	0	rg07_theta12p495_foilpm8	16.5	24	24	True	open_populated	24	35	False	35	0	24
rg07_theta12p495_foilpm8	-8.0	-10.0	-8.0	7	1	0	0	0	0	0	False	2	1	0	2	1	0	rg07_theta12p495_foilpm8	16.5	24	0	False	observed_no_eligible_core	0	0	False	0	0	0
rg07_theta12p495_foilpm8	-8.0	-10.0	-8.0	7	2	0	0	16	16	0	False	32	7	3	0	9	0	rg07_theta12p495_foilpm8	16.5	24	16	False	open_populated	16	0	False	0	0	16
rg07_theta12p495_foilpm8	-8.0	-10.0	-8.0	7	3	0	0	23	23	0	False	55	11	6	0	21	0	rg07_theta12p495_foilpm8	16.5	24	23	False	open_populated	23	0	False	0	0	23
rg07_theta12p495_foilpm8	-8.0	-10.0	-8.0	7	4	0	0	32	32	0	False	73	15	8	0	26	0	rg07_theta12p495_foilpm8	16.5	24	24	True	open_populated	24	8	False	8	0	24
rg07_theta12p495_foilpm8	-8.0	-10.0	-8.0	7	5	0	0	34	34	0	False	73	15	11	0	24	0	rg07_theta12p495_foilpm8	16.5	24	24	True	open_populated	24	10	False	10	0	24
rg07_theta12p495_foilpm8	-8.0	-10.0	-8.0	7	6	0	0	36	36	0	False	68	14	9	0	18	0	rg07_theta12p495_foilpm8	16.5	24	24	True	open_populated	24	12	False	12	0	24
rg07_theta12p495_foilpm8	-8.0	-10.0	-8.0	8	2	0	0	0	0	0	False	3	1	0	3	2	0	rg07_theta12p495_foilpm8	16.5	24	0	False	observed_no_eligible_core	0	0	False	0	0	0
rg07_theta12p495_foilpm8	-8.0	-10.0	-8.0	8	3	0	0	0	0	0	False	2	1	0	2	1	0	rg07_theta12p495_foilpm8	16.5	24	0	False	observed_no_eligible_core	0	0	False	0	0	0
rg07_theta12p495_foilpm8	-8.0	-10.0	-8.0	8	4	0	0	0	0	0	False	9	2	0	9	7	0	rg07_theta12p495_foilpm8	16.5	24	0	False	observed_no_eligible_core	0	0	False	0	0	0
rg07_theta12p495_foilpm8	-8.0	-10.0	-8.0	8	5	0	0	19	19	0	False	28	6	6	0	3	0	rg07_theta12p495_foilpm8	16.5	24	19	False	open_populated	19	0	False	0	0	19
rg07_theta12p495_foilpm8	-8.0	-10.0	-8.0	8	6	0	0	0	0	0	False	2	1	0	2	1	0	rg07_theta12p495_foilpm8	16.5	24	0	False	observed_no_eligible_core	0	0	False	0	0	0
rg07_theta12p495_foilpm8	-8.0	-8.0	-5.0	0	1	0	1	0	0	0	False	6	2	0	6	4	0	rg07_theta12p495_foilpm8	34.25	51	0	False	observed_no_eligible_core	0	0	False	0	0	0
rg07_theta12p495_foilpm8	-8.0	-8.0	-5.0	0	2	0	1	21	21	0	False	40	8	7	0	11	0	rg07_theta12p495_foilpm8	34.25	51	21	False	open_populated	20	1	False	0	1	20
rg07_theta12p495_foilpm8	-8.0	-8.0	-5.0	0	3	0	1	36	36	0	False	69	14	11	0	19	0	rg07_theta12p495_foilpm8	34.25	51	36	False	open_populated	20	16	False	0	16	20
rg07_theta12p495_foilpm8	-8.0	-8.0	-5.0	0	4	0	1	51	51	0	False	80	16	13	0	13	0	rg07_theta12p495_foilpm8	34.25	51	51	False	open_populated	20	31	False	0	31	20
rg07_theta12p495_foilpm8	-8.0	-8.0	-5.0	0	5	0	1	30	30	0	False	59	12	8	0	17	0	rg07_theta12p495_foilpm8	34.25	51	30	False	open_populated	20	10	False	0	10	20
rg07_theta12p495_foilpm8	-8.0	-8.0	-5.0	0	6	0	1	0	0	0	False	3	1	0	3	2	0	rg07_theta12p495_foilpm8	34.25	51	0	False	observed_no_eligible_core	0	0	False	0	0	0
rg07_theta12p495_foilpm8	-8.0	-8.0	-5.0	1	1	0	1	15	15	0	False	36	8	4	0	13	0	rg07_theta12p495_foilpm8	34.25	51	15	False	open_populated	15	0	False	0	0	15
rg07_theta12p495_foilpm8	-8.0	-8.0	-5.0	1	2	0	1	32	32	0	False	59	12	7	0	15	0	rg07_theta12p495_foilpm8	34.25	51	32	False	open_populated	20	12	False	0	12	20
rg07_theta12p495_foilpm8	-8.0	-8.0	-5.0	1	3	0	1	53	53	0	False	91	19	16	0	19	0	rg07_theta12p495_foilpm8	34.25	51	51	True	open_populated	19	34	False	2	32	19
rg07_theta12p495_foilpm8	-8.0	-8.0	-5.0	1	4	0	1	64	64	0	False	118	24	19	0	30	0	rg07_theta12p495_foilpm8	34.25	51	51	True	open_populated	19	45	False	13	32	19
rg07_theta12p495_foilpm8	-8.0	-8.0	-5.0	1	5	0	1	60	60	0	False	108	22	16	0	26	0	rg07_theta12p495_foilpm8	34.25	51	51	True	open_populated	20	40	False	9	31	20
rg07_theta12p495_foilpm8	-8.0	-8.0	-5.0	1	6	0	1	8	8	0	False	25	5	2	0	12	0	rg07_theta12p495_foilpm8	34.25	51	8	False	open_populated	8	0	True	0	0	8
rg07_theta12p495_foilpm8	-8.0	-8.0	-5.0	2	1	0	1	26	26	0	False	60	12	7	0	22	0	rg07_theta12p495_foilpm8	34.25	51	26	False	open_populated	20	6	False	0	6	20
rg07_theta12p495_foilpm8	-8.0	-8.0	-5.0	2	2	0	1	35	35	0	False	65	13	10	0	17	0	rg07_theta12p495_foilpm8	34.25	51	35	False	open_populated	20	15	False	0	15	20
rg07_theta12p495_foilpm8	-8.0	-8.0	-5.0	2	3	0	1	0	0	0	True	9	2	0	9	7	7	rg07_theta12p495_foilpm8	34.25	51	0	False	blocked	0	0	False	0	0	0
rg07_theta12p495_foilpm8	-8.0	-8.0	-5.0	2	4	0	1	88	88	0	False	135	27	21	0	20	0	rg07_theta12p495_foilpm8	34.25	51	51	True	open_populated	20	68	False	37	31	20
rg07_theta12p495_foilpm8	-8.0	-8.0	-5.0	2	5	0	1	74	74	0	False	137	28	25	0	35	0	rg07_theta12p495_foilpm8	34.25	51	51	True	open_populated	20	54	False	23	31	20
rg07_theta12p495_foilpm8	-8.0	-8.0	-5.0	2	6	0	1	52	52	0	False	98	20	15	0	26	0	rg07_theta12p495_foilpm8	34.25	51	51	True	open_populated	20	32	False	1	31	20
rg07_theta12p495_foilpm8	-8.0	-8.0	-5.0	3	1	0	1	31	31	0	False	59	12	6	0	16	0	rg07_theta12p495_foilpm8	34.25	51	31	False	open_populated	20	11	False	0	11	20
rg07_theta12p495_foilpm8	-8.0	-8.0	-5.0	3	2	0	1	54	54	0	False	102	21	13	0	27	0	rg07_theta12p495_foilpm8	34.25	51	51	True	open_populated	20	34	False	3	31	20
rg07_theta12p495_foilpm8	-8.0	-8.0	-5.0	3	3	0	1	89	89	0	False	143	29	20	0	25	0	rg07_theta12p495_foilpm8	34.25	51	51	True	open_populated	20	69	False	38	31	20
rg07_theta12p495_foilpm8	-8.0	-8.0	-5.0	3	4	0	1	83	83	0	False	143	29	17	0	31	0	rg07_theta12p495_foilpm8	34.25	51	51	True	open_populated	20	63	False	32	31	20
rg07_theta12p495_foilpm8	-8.0	-8.0	-5.0	3	5	0	1	108	108	0	False	186	38	26	0	40	0	rg07_theta12p495_foilpm8	34.25	51	51	True	open_populated	19	89	False	57	32	19
rg07_theta12p495_foilpm8	-8.0	-8.0	-5.0	3	6	0	1	101	101	0	False	180	36	24	0	43	0	rg07_theta12p495_foilpm8	34.25	51	51	True	open_populated	20	81	False	50	31	20
rg07_theta12p495_foilpm8	-8.0	-8.0	-5.0	4	1	0	1	22	22	0	False	42	9	8	0	11	0	rg07_theta12p495_foilpm8	34.25	51	22	False	open_populated	20	2	False	0	2	20
rg07_theta12p495_foilpm8	-8.0	-8.0	-5.0	4	2	0	1	38	38	0	False	66	14	7	0	14	0	rg07_theta12p495_foilpm8	34.25	51	38	False	open_populated	20	18	False	0	18	20
rg07_theta12p495_foilpm8	-8.0	-8.0	-5.0	4	3	0	1	73	73	0	False	118	24	20	0	21	0	rg07_theta12p495_foilpm8	34.25	51	51	True	open_populated	19	54	False	22	32	19
rg07_theta12p495_foilpm8	-8.0	-8.0	-5.0	4	4	0	1	36	36	0	False	53	11	9	0	6	0	rg07_theta12p495_foilpm8	34.25	51	36	False	open_populated	19	17	False	0	17	19
rg07_theta12p495_foilpm8	-8.0	-8.0	-5.0	4	5	0	1	134	134	0	False	198	40	34	0	24	0	rg07_theta12p495_foilpm8	34.25	51	51	True	open_populated	20	114	False	83	31	20
rg07_theta12p495_foilpm8	-8.0	-8.0	-5.0	4	6	0	1	134	134	0	False	203	41	34	0	28	0	rg07_theta12p495_foilpm8	34.25	51	51	True	open_populated	20	114	False	83	31	20
rg07_theta12p495_foilpm8	-8.0	-8.0	-5.0	5	1	0	1	31	31	0	False	48	10	7	0	7	0	rg07_theta12p495_foilpm8	34.25	51	31	False	open_populated	19	12	False	0	12	19
rg07_theta12p495_foilpm8	-8.0	-8.0	-5.0	5	2	0	1	65	65	0	False	105	21	21	0	19	0	rg07_theta12p495_foilpm8	34.25	51	51	True	open_populated	20	45	False	14	31	20
rg07_theta12p495_foilpm8	-8.0	-8.0	-5.0	5	3	0	1	65	65	0	False	107	22	17	0	20	0	rg07_theta12p495_foilpm8	34.25	51	51	True	open_populated	20	45	False	14	31	20
rg07_theta12p495_foilpm8	-8.0	-8.0	-5.0	5	4	0	1	77	77	0	False	127	26	20	0	24	0	rg07_theta12p495_foilpm8	34.25	51	51	True	open_populated	20	57	False	26	31	20
rg07_theta12p495_foilpm8	-8.0	-8.0	-5.0	5	5	0	1	0	0	0	True	14	3	0	14	11	11	rg07_theta12p495_foilpm8	34.25	51	0	False	blocked	0	0	False	0	0	0
rg07_theta12p495_foilpm8	-8.0	-8.0	-5.0	5	6	0	1	93	93	0	False	170	34	28	0	43	0	rg07_theta12p495_foilpm8	34.25	51	51	True	open_populated	20	73	False	42	31	20
rg07_theta12p495_foilpm8	-8.0	-8.0	-5.0	6	1	0	1	19	19	0	False	42	9	6	0	14	0	rg07_theta12p495_foilpm8	34.25	51	19	False	open_populated	19	0	False	0	0	19
rg07_theta12p495_foilpm8	-8.0	-8.0	-5.0	6	2	0	1	38	38	0	False	56	12	6	0	6	0	rg07_theta12p495_foilpm8	34.25	51	38	False	open_populated	19	19	False	0	19	19
rg07_theta12p495_foilpm8	-8.0	-8.0	-5.0	6	3	0	1	54	54	0	False	88	18	14	0	16	0	rg07_theta12p495_foilpm8	34.25	51	51	True	open_populated	20	34	False	3	31	20
rg07_theta12p495_foilpm8	-8.0	-8.0	-5.0	6	4	0	1	89	89	0	False	138	28	20	0	21	0	rg07_theta12p495_foilpm8	34.25	51	51	True	open_populated	19	70	False	38	32	19
rg07_theta12p495_foilpm8	-8.0	-8.0	-5.0	6	5	0	1	100	100	0	False	157	32	20	0	25	0	rg07_theta12p495_foilpm8	34.25	51	51	True	open_populated	20	80	False	49	31	20
rg07_theta12p495_foilpm8	-8.0	-8.0	-5.0	6	6	0	1	103	103	0	False	167	34	25	0	30	0	rg07_theta12p495_foilpm8	34.25	51	51	True	open_populated	20	83	False	52	31	20
rg07_theta12p495_foilpm8	-8.0	-8.0	-5.0	7	1	0	1	12	12	0	False	18	4	2	0	2	0	rg07_theta12p495_foilpm8	34.25	51	12	False	open_populated	12	0	False	0	0	12
rg07_theta12p495_foilpm8	-8.0	-8.0	-5.0	7	2	0	1	44	44	0	False	67	14	12	0	9	0	rg07_theta12p495_foilpm8	34.25	51	44	False	open_populated	20	24	False	0	24	20
rg07_theta12p495_foilpm8	-8.0	-8.0	-5.0	7	3	0	1	61	61	0	False	94	19	14	0	14	0	rg07_theta12p495_foilpm8	34.25	51	51	True	open_populated	19	42	False	10	32	19
rg07_theta12p495_foilpm8	-8.0	-8.0	-5.0	7	4	0	1	51	51	0	False	85	17	11	0	17	0	rg07_theta12p495_foilpm8	34.25	51	51	False	open_populated	20	31	False	0	31	20
rg07_theta12p495_foilpm8	-8.0	-8.0	-5.0	7	5	0	1	66	66	0	False	114	23	14	0	25	0	rg07_theta12p495_foilpm8	34.25	51	51	True	open_populated	20	46	False	15	31	20
rg07_theta12p495_foilpm8	-8.0	-8.0	-5.0	7	6	0	1	94	94	0	False	141	29	23	0	18	0	rg07_theta12p495_foilpm8	34.25	51	51	True	open_populated	20	74	False	43	31	20
rg07_theta12p495_foilpm8	-8.0	-8.0	-5.0	8	1	0	1	0	0	0	False	1	1	0	1	0	0	rg07_theta12p495_foilpm8	34.25	51	0	False	observed_no_eligible_core	0	0	False	0	0	0
rg07_theta12p495_foilpm8	-8.0	-8.0	-5.0	8	2	0	1	25	25	0	False	38	8	5	0	5	0	rg07_theta12p495_foilpm8	34.25	51	25	False	open_populated	20	5	False	0	5	20
rg07_theta12p495_foilpm8	-8.0	-8.0	-5.0	8	3	0	1	44	44	0	False	63	13	11	0	6	0	rg07_theta12p495_foilpm8	34.25	51	44	False	open_populated	20	24	False	0	24	20
rg07_theta12p495_foilpm8	-8.0	-8.0	-5.0	8	4	0	1	41	41	0	False	68	14	11	0	13	0	rg07_theta12p495_foilpm8	34.25	51	41	False	open_populated	20	21	False	0	21	20
rg07_theta12p495_foilpm8	-8.0	-8.0	-5.0	8	5	0	1	53	53	0	False	87	18	14	0	16	0	rg07_theta12p495_foilpm8	34.25	51	51	True	open_populated	20	33	False	2	31	20
rg07_theta12p495_foilpm8	-8.0	-8.0	-5.0	8	6	0	1	0	0	0	False	6	2	0	6	4	0	rg07_theta12p495_foilpm8	34.25	51	0	False	observed_no_eligible_core	0	0	False	0	0	0
rg07_theta12p495_foilpm8	-8.0	-5.0	0.0	0	1	0	2	0	0	0	False	2	1	0	2	1	0	rg07_theta12p495_foilpm8	50.75	76	0	False	observed_no_eligible_core	0	0	False	0	0	0
rg07_theta12p495_foilpm8	-8.0	-5.0	0.0	0	2	0	2	36	36	0	False	66	14	11	0	16	0	rg07_theta12p495_foilpm8	50.75	76	36	False	open_populated	19	17	False	0	17	19
rg07_theta12p495_foilpm8	-8.0	-5.0	0.0	0	3	0	2	50	50	0	False	79	16	14	0	13	0	rg07_theta12p495_foilpm8	50.75	76	50	False	open_populated	20	30	False	0	30	20
rg07_theta12p495_foilpm8	-8.0	-5.0	0.0	0	4	0	2	62	62	0	False	111	23	18	0	26	0	rg07_theta12p495_foilpm8	50.75	76	62	False	open_populated	20	42	False	0	42	20
rg07_theta12p495_foilpm8	-8.0	-5.0	0.0	0	5	0	2	87	87	0	False	149	30	20	0	32	0	rg07_theta12p495_foilpm8	50.75	76	76	True	open_populated	20	67	False	11	56	20
rg07_theta12p495_foilpm8	-8.0	-5.0	0.0	0	6	0	2	0	0	0	False	3	1	0	3	2	0	rg07_theta12p495_foilpm8	50.75	76	0	False	observed_no_eligible_core	0	0	False	0	0	0
rg07_theta12p495_foilpm8	-8.0	-5.0	0.0	1	1	0	2	27	27	0	False	43	9	4	0	7	0	rg07_theta12p495_foilpm8	50.75	76	27	False	open_populated	19	8	False	0	8	19
rg07_theta12p495_foilpm8	-8.0	-5.0	0.0	1	2	0	2	54	54	0	False	92	19	7	0	19	0	rg07_theta12p495_foilpm8	50.75	76	54	False	open_populated	19	35	False	0	35	19
rg07_theta12p495_foilpm8	-8.0	-5.0	0.0	1	3	0	2	79	79	0	False	129	26	18	0	24	0	rg07_theta12p495_foilpm8	50.75	76	76	True	open_populated	19	60	False	3	57	19
rg07_theta12p495_foilpm8	-8.0	-5.0	0.0	1	4	0	2	85	85	0	False	155	31	23	0	39	0	rg07_theta12p495_foilpm8	50.75	76	76	True	open_populated	20	65	False	9	56	20
rg07_theta12p495_foilpm8	-8.0	-5.0	0.0	1	5	0	2	98	98	0	False	165	33	24	0	34	0	rg07_theta12p495_foilpm8	50.75	76	76	True	open_populated	19	79	False	22	57	19
rg07_theta12p495_foilpm8	-8.0	-5.0	0.0	1	6	0	2	38	38	0	False	70	14	8	0	18	0	rg07_theta12p495_foilpm8	50.75	76	38	False	open_populated	20	18	False	0	18	20
rg07_theta12p495_foilpm8	-8.0	-5.0	0.0	2	1	0	2	37	37	0	False	56	12	9	0	7	0	rg07_theta12p495_foilpm8	50.75	76	37	False	open_populated	20	17	False	0	17	20
rg07_theta12p495_foilpm8	-8.0	-5.0	0.0	2	2	0	2	64	64	0	False	108	22	15	0	22	0	rg07_theta12p495_foilpm8	50.75	76	64	False	open_populated	20	44	False	0	44	20
rg07_theta12p495_foilpm8	-8.0	-5.0	0.0	2	3	0	2	0	0	0	True	8	2	0	8	6	6	rg07_theta12p495_foilpm8	50.75	76	0	False	blocked	0	0	False	0	0	0
rg07_theta12p495_foilpm8	-8.0	-5.0	0.0	2	4	0	2	117	117	0	False	193	39	29	0	37	0	rg07_theta12p495_foilpm8	50.75	76	76	True	open_populated	20	97	False	41	56	20
rg07_theta12p495_foilpm8	-8.0	-5.0	0.0	2	5	0	2	146	146	0	False	242	49	40	0	47	0	rg07_theta12p495_foilpm8	50.75	76	76	True	open_populated	20	126	False	70	56	20
rg07_theta12p495_foilpm8	-8.0	-5.0	0.0	2	6	0	2	113	113	0	False	177	36	28	0	28	0	rg07_theta12p495_foilpm8	50.75	76	76	True	open_populated	20	93	False	37	56	20
rg07_theta12p495_foilpm8	-8.0	-5.0	0.0	3	1	0	2	44	44	0	False	74	15	14	0	15	0	rg07_theta12p495_foilpm8	50.75	76	44	False	open_populated	20	24	False	0	24	20
rg07_theta12p495_foilpm8	-8.0	-5.0	0.0	3	2	0	2	70	70	0	False	122	25	21	0	27	0	rg07_theta12p495_foilpm8	50.75	76	70	False	open_populated	19	51	False	0	51	19
rg07_theta12p495_foilpm8	-8.0	-5.0	0.0	3	3	0	2	93	93	0	False	160	32	28	0	35	0	rg07_theta12p495_foilpm8	50.75	76	76	True	open_populated	19	74	False	17	57	19
rg07_theta12p495_foilpm8	-8.0	-5.0	0.0	3	4	0	2	169	169	0	False	263	53	42	0	41	0	rg07_theta12p495_foilpm8	50.75	76	76	True	open_populated	19	150	False	93	57	19
rg07_theta12p495_foilpm8	-8.0	-5.0	0.0	3	5	0	2	185	185	0	False	290	58	44	0	47	0	rg07_theta12p495_foilpm8	50.75	76	76	True	open_populated	19	166	False	109	57	19
rg07_theta12p495_foilpm8	-8.0	-5.0	0.0	3	6	0	2	204	204	0	False	326	66	52	0	56	0	rg07_theta12p495_foilpm8	50.75	76	76	True	open_populated	19	185	False	128	57	19
rg07_theta12p495_foilpm8	-8.0	-5.0	0.0	4	1	0	2	51	51	0	False	83	17	15	0	15	0	rg07_theta12p495_foilpm8	50.75	76	51	False	open_populated	19	32	False	0	32	19
rg07_theta12p495_foilpm8	-8.0	-5.0	0.0	4	2	0	2	66	66	0	False	112	23	15	0	23	0	rg07_theta12p495_foilpm8	50.75	76	66	False	open_populated	20	46	False	0	46	20
rg07_theta12p495_foilpm8	-8.0	-5.0	0.0	4	3	0	2	115	115	0	False	183	37	33	0	31	0	rg07_theta12p495_foilpm8	50.75	76	76	True	open_populated	20	95	False	39	56	20
rg07_theta12p495_foilpm8	-8.0	-5.0	0.0	4	4	0	2	46	46	0	False	72	15	10	0	11	0	rg07_theta12p495_foilpm8	50.75	76	46	False	open_populated	19	27	False	0	27	19
rg07_theta12p495_foilpm8	-8.0	-5.0	0.0	4	5	0	2	191	191	0	False	318	64	50	0	63	0	rg07_theta12p495_foilpm8	50.75	76	76	True	open_populated	19	172	False	115	57	19
rg07_theta12p495_foilpm8	-8.0	-5.0	0.0	4	6	0	2	214	214	0	False	337	68	56	0	55	0	rg07_theta12p495_foilpm8	50.75	76	76	True	open_populated	19	195	False	138	57	19
rg07_theta12p495_foilpm8	-8.0	-5.0	0.0	5	1	0	2	33	33	0	False	52	11	8	0	8	0	rg07_theta12p495_foilpm8	50.75	76	33	False	open_populated	19	14	False	0	14	19
rg07_theta12p495_foilpm8	-8.0	-5.0	0.0	5	2	0	2	65	65	0	False	104	21	18	0	18	0	rg07_theta12p495_foilpm8	50.75	76	65	False	open_populated	19	46	False	0	46	19
rg07_theta12p495_foilpm8	-8.0	-5.0	0.0	5	3	0	2	111	111	0	False	176	36	28	0	29	0	rg07_theta12p495_foilpm8	50.75	76	76	True	open_populated	19	92	False	35	57	19
rg07_theta12p495_foilpm8	-8.0	-5.0	0.0	5	4	0	2	149	149	0	False	242	49	36	0	44	0	rg07_theta12p495_foilpm8	50.75	76	76	True	open_populated	20	129	False	73	56	20
rg07_theta12p495_foilpm8	-8.0	-5.0	0.0	5	5	0	2	0	0	0	True	5	1	0	5	4	4	rg07_theta12p495_foilpm8	50.75	76	0	False	blocked	0	0	False	0	0	0
rg07_theta12p495_foilpm8	-8.0	-5.0	0.0	5	6	0	2	207	207	0	False	310	62	50	0	41	0	rg07_theta12p495_foilpm8	50.75	76	76	True	open_populated	20	187	False	131	56	20
rg07_theta12p495_foilpm8	-8.0	-5.0	0.0	6	1	0	2	26	26	0	False	47	10	4	0	11	0	rg07_theta12p495_foilpm8	50.75	76	26	False	open_populated	19	7	False	0	7	19
rg07_theta12p495_foilpm8	-8.0	-5.0	0.0	6	2	0	2	69	69	0	False	105	21	16	0	15	0	rg07_theta12p495_foilpm8	50.75	76	69	False	open_populated	19	50	False	0	50	19
rg07_theta12p495_foilpm8	-8.0	-5.0	0.0	6	3	0	2	106	106	0	False	170	34	28	0	30	0	rg07_theta12p495_foilpm8	50.75	76	76	True	open_populated	19	87	False	30	57	19
rg07_theta12p495_foilpm8	-8.0	-5.0	0.0	6	4	0	2	114	114	0	False	192	39	33	0	39	0	rg07_theta12p495_foilpm8	50.75	76	76	True	open_populated	19	95	False	38	57	19
rg07_theta12p495_foilpm8	-8.0	-5.0	0.0	6	5	0	2	182	182	0	False	283	57	45	0	44	0	rg07_theta12p495_foilpm8	50.75	76	76	True	open_populated	19	163	False	106	57	19
rg07_theta12p495_foilpm8	-8.0	-5.0	0.0	6	6	0	2	200	200	0	False	315	63	54	0	52	0	rg07_theta12p495_foilpm8	50.75	76	76	True	open_populated	19	181	False	124	57	19
rg07_theta12p495_foilpm8	-8.0	-5.0	0.0	7	1	0	2	22	22	0	False	32	7	4	0	3	0	rg07_theta12p495_foilpm8	50.75	76	22	False	open_populated	20	2	False	0	2	20
rg07_theta12p495_foilpm8	-8.0	-5.0	0.0	7	2	0	2	48	48	0	False	76	16	11	0	12	0	rg07_theta12p495_foilpm8	50.75	76	48	False	open_populated	20	28	False	0	28	20
rg07_theta12p495_foilpm8	-8.0	-5.0	0.0	7	3	0	2	86	86	0	False	131	27	20	0	18	0	rg07_theta12p495_foilpm8	50.75	76	76	True	open_populated	20	66	False	10	56	20
rg07_theta12p495_foilpm8	-8.0	-5.0	0.0	7	4	0	2	94	94	0	False	152	31	22	0	27	0	rg07_theta12p495_foilpm8	50.75	76	76	True	open_populated	19	75	False	18	57	19
rg07_theta12p495_foilpm8	-8.0	-5.0	0.0	7	5	0	2	138	138	0	False	224	45	29	0	41	0	rg07_theta12p495_foilpm8	50.75	76	76	True	open_populated	20	118	False	62	56	20
rg07_theta12p495_foilpm8	-8.0	-5.0	0.0	7	6	0	2	133	133	0	False	206	42	35	0	31	0	rg07_theta12p495_foilpm8	50.75	76	76	True	open_populated	20	113	False	57	56	20
rg07_theta12p495_foilpm8	-8.0	-5.0	0.0	8	1	0	2	0	0	0	False	2	1	0	2	1	0	rg07_theta12p495_foilpm8	50.75	76	0	False	observed_no_eligible_core	0	0	False	0	0	0
rg07_theta12p495_foilpm8	-8.0	-5.0	0.0	8	2	0	2	43	43	0	False	69	14	12	0	12	0	rg07_theta12p495_foilpm8	50.75	76	43	False	open_populated	19	24	False	0	24	19
rg07_theta12p495_foilpm8	-8.0	-5.0	0.0	8	3	0	2	68	68	0	False	111	23	20	0	20	0	rg07_theta12p495_foilpm8	50.75	76	68	False	open_populated	20	48	False	0	48	20
rg07_theta12p495_foilpm8	-8.0	-5.0	0.0	8	4	0	2	91	91	0	False	130	26	19	0	13	0	rg07_theta12p495_foilpm8	50.75	76	76	True	open_populated	20	71	False	15	56	20
rg07_theta12p495_foilpm8	-8.0	-5.0	0.0	8	5	0	2	100	100	0	False	161	33	25	0	28	0	rg07_theta12p495_foilpm8	50.75	76	76	True	open_populated	19	81	False	24	57	19
rg07_theta12p495_foilpm8	-8.0	-5.0	0.0	8	6	0	2	0	0	0	False	4	1	0	4	3	0	rg07_theta12p495_foilpm8	50.75	76	0	False	observed_no_eligible_core	0	0	False	0	0	0
rg07_theta12p495_foilpm8	-8.0	0.0	5.0	0	2	0	3	24	24	0	False	46	10	9	0	12	0	rg07_theta12p495_foilpm8	41.25	61	24	False	open_populated	20	4	False	0	4	20
rg07_theta12p495_foilpm8	-8.0	0.0	5.0	0	3	0	3	46	46	0	False	79	16	11	0	17	0	rg07_theta12p495_foilpm8	41.25	61	46	False	open_populated	21	25	False	0	25	21
rg07_theta12p495_foilpm8	-8.0	0.0	5.0	0	4	0	3	64	64	0	False	112	23	14	0	25	0	rg07_theta12p495_foilpm8	41.25	61	61	True	open_populated	21	43	False	3	40	21
rg07_theta12p495_foilpm8	-8.0	0.0	5.0	0	5	0	3	82	82	0	False	135	27	17	0	26	0	rg07_theta12p495_foilpm8	41.25	61	61	True	open_populated	20	62	False	21	41	20
rg07_theta12p495_foilpm8	-8.0	0.0	5.0	0	6	0	3	0	0	0	False	3	1	0	3	2	0	rg07_theta12p495_foilpm8	41.25	61	0	False	observed_no_eligible_core	0	0	False	0	0	0
rg07_theta12p495_foilpm8	-8.0	0.0	5.0	1	1	0	3	0	0	0	False	6	2	0	6	4	0	rg07_theta12p495_foilpm8	41.25	61	0	False	observed_no_eligible_core	0	0	False	0	0	0
rg07_theta12p495_foilpm8	-8.0	0.0	5.0	1	2	0	3	32	32	0	False	53	11	11	0	10	0	rg07_theta12p495_foilpm8	41.25	61	32	False	open_populated	21	11	False	0	11	21
rg07_theta12p495_foilpm8	-8.0	0.0	5.0	1	3	0	3	52	52	0	False	80	16	11	0	12	0	rg07_theta12p495_foilpm8	41.25	61	52	False	open_populated	20	32	False	0	32	20
rg07_theta12p495_foilpm8	-8.0	0.0	5.0	1	4	0	3	78	78	0	False	132	27	21	0	27	0	rg07_theta12p495_foilpm8	41.25	61	61	True	open_populated	21	57	False	17	40	21
rg07_theta12p495_foilpm8	-8.0	0.0	5.0	1	5	0	3	108	108	0	False	184	37	28	0	39	0	rg07_theta12p495_foilpm8	41.25	61	61	True	open_populated	20	88	False	47	41	20
rg07_theta12p495_foilpm8	-8.0	0.0	5.0	1	6	0	3	125	125	0	False	203	41	25	0	37	0	rg07_theta12p495_foilpm8	41.25	61	61	True	open_populated	20	105	False	64	41	20
rg07_theta12p495_foilpm8	-8.0	0.0	5.0	2	1	0	3	0	0	0	False	10	2	0	10	8	0	rg07_theta12p495_foilpm8	41.25	61	0	False	observed_no_eligible_core	0	0	False	0	0	0
rg07_theta12p495_foilpm8	-8.0	0.0	5.0	2	2	0	3	40	40	0	False	66	14	7	0	12	0	rg07_theta12p495_foilpm8	41.25	61	40	False	open_populated	20	20	False	0	20	20
rg07_theta12p495_foilpm8	-8.0	0.0	5.0	2	3	0	3	0	0	0	True	4	1	0	4	3	3	rg07_theta12p495_foilpm8	41.25	61	0	False	blocked	0	0	False	0	0	0
rg07_theta12p495_foilpm8	-8.0	0.0	5.0	2	4	0	3	108	108	0	False	180	36	26	0	36	0	rg07_theta12p495_foilpm8	41.25	61	61	True	open_populated	20	88	False	47	41	20
rg07_theta12p495_foilpm8	-8.0	0.0	5.0	2	5	0	3	130	130	0	False	223	45	34	0	48	0	rg07_theta12p495_foilpm8	41.25	61	61	True	open_populated	21	109	False	69	40	21
rg07_theta12p495_foilpm8	-8.0	0.0	5.0	2	6	0	3	148	148	0	False	249	50	34	0	51	0	rg07_theta12p495_foilpm8	41.25	61	61	True	open_populated	21	127	False	87	40	21
rg07_theta12p495_foilpm8	-8.0	0.0	5.0	3	1	0	3	22	22	0	False	38	8	4	0	8	0	rg07_theta12p495_foilpm8	41.25	61	22	False	open_populated	20	2	False	0	2	20
rg07_theta12p495_foilpm8	-8.0	0.0	5.0	3	2	0	3	48	48	0	False	89	18	11	0	23	0	rg07_theta12p495_foilpm8	41.25	61	48	False	open_populated	21	27	False	0	27	21
rg07_theta12p495_foilpm8	-8.0	0.0	5.0	3	3	0	3	86	86	0	False	145	29	26	0	30	0	rg07_theta12p495_foilpm8	41.25	61	61	True	open_populated	21	65	False	25	40	21
rg07_theta12p495_foilpm8	-8.0	0.0	5.0	3	4	0	3	137	137	0	False	226	46	29	0	43	0	rg07_theta12p495_foilpm8	41.25	61	61	True	open_populated	21	116	False	76	40	21
rg07_theta12p495_foilpm8	-8.0	0.0	5.0	3	5	0	3	189	189	0	False	301	61	45	0	51	0	rg07_theta12p495_foilpm8	41.25	61	61	True	open_populated	20	169	False	128	41	20
rg07_theta12p495_foilpm8	-8.0	0.0	5.0	3	6	0	3	213	213	0	False	345	69	53	0	63	0	rg07_theta12p495_foilpm8	41.25	61	61	True	open_populated	21	192	False	152	40	21
rg07_theta12p495_foilpm8	-8.0	0.0	5.0	4	1	0	3	30	30	0	False	54	11	7	0	13	0	rg07_theta12p495_foilpm8	41.25	61	30	False	open_populated	21	9	False	0	9	21
rg07_theta12p495_foilpm8	-8.0	0.0	5.0	4	2	0	3	61	61	0	False	101	21	15	0	19	0	rg07_theta12p495_foilpm8	41.25	61	61	False	open_populated	20	41	False	0	41	20
rg07_theta12p495_foilpm8	-8.0	0.0	5.0	4	3	0	3	101	101	0	False	165	33	26	0	31	0	rg07_theta12p495_foilpm8	41.25	61	61	True	open_populated	20	81	False	40	41	20
rg07_theta12p495_foilpm8	-8.0	0.0	5.0	4	4	0	3	33	33	0	False	52	11	7	0	8	0	rg07_theta12p495_foilpm8	41.25	61	33	False	open_populated	20	13	False	0	13	20
rg07_theta12p495_foilpm8	-8.0	0.0	5.0	4	5	0	3	155	155	0	False	263	53	39	0	55	0	rg07_theta12p495_foilpm8	41.25	61	61	True	open_populated	21	134	False	94	40	21
rg07_theta12p495_foilpm8	-8.0	0.0	5.0	4	6	0	3	193	193	0	False	343	69	52	0	81	0	rg07_theta12p495_foilpm8	41.25	61	61	True	open_populated	20	173	False	132	41	20
rg07_theta12p495_foilpm8	-8.0	0.0	5.0	5	1	0	3	39	39	0	False	61	13	7	0	9	0	rg07_theta12p495_foilpm8	41.25	61	39	False	open_populated	21	18	False	0	18	21
rg07_theta12p495_foilpm8	-8.0	0.0	5.0	5	2	0	3	54	54	0	False	85	17	8	0	14	0	rg07_theta12p495_foilpm8	41.25	61	54	False	open_populated	20	34	False	0	34	20
rg07_theta12p495_foilpm8	-8.0	0.0	5.0	5	3	0	3	86	86	0	False	133	27	16	0	20	0	rg07_theta12p495_foilpm8	41.25	61	61	True	open_populated	21	65	False	25	40	21
rg07_theta12p495_foilpm8	-8.0	0.0	5.0	5	4	0	3	128	128	0	False	213	43	31	0	42	0	rg07_theta12p495_foilpm8	41.25	61	61	True	open_populated	20	108	False	67	41	20
rg07_theta12p495_foilpm8	-8.0	0.0	5.0	5	5	0	3	0	0	0	True	11	3	0	11	8	8	rg07_theta12p495_foilpm8	41.25	61	0	False	blocked	0	0	False	0	0	0
rg07_theta12p495_foilpm8	-8.0	0.0	5.0	5	6	0	3	212	212	0	False	344	69	51	0	63	0	rg07_theta12p495_foilpm8	41.25	61	61	True	open_populated	20	192	False	151	41	20
rg07_theta12p495_foilpm8	-8.0	0.0	5.0	6	1	0	3	37	37	0	False	59	12	6	0	10	0	rg07_theta12p495_foilpm8	41.25	61	37	False	open_populated	20	17	False	0	17	20
rg07_theta12p495_foilpm8	-8.0	0.0	5.0	6	2	0	3	45	45	0	False	79	16	11	0	18	0	rg07_theta12p495_foilpm8	41.25	61	45	False	open_populated	20	25	False	0	25	20
rg07_theta12p495_foilpm8	-8.0	0.0	5.0	6	3	0	3	58	58	0	False	102	21	19	0	23	0	rg07_theta12p495_foilpm8	41.25	61	58	False	open_populated	21	37	False	0	37	21
rg07_theta12p495_foilpm8	-8.0	0.0	5.0	6	4	0	3	88	88	0	False	158	32	26	0	38	0	rg07_theta12p495_foilpm8	41.25	61	61	True	open_populated	20	68	False	27	41	20
rg07_theta12p495_foilpm8	-8.0	0.0	5.0	6	5	0	3	125	125	0	False	217	44	33	0	48	0	rg07_theta12p495_foilpm8	41.25	61	61	True	open_populated	20	105	False	64	41	20
rg07_theta12p495_foilpm8	-8.0	0.0	5.0	6	6	0	3	159	159	0	False	267	54	37	0	54	0	rg07_theta12p495_foilpm8	41.25	61	61	True	open_populated	21	138	False	98	40	21
rg07_theta12p495_foilpm8	-8.0	0.0	5.0	7	1	0	3	11	11	0	False	21	5	3	0	5	0	rg07_theta12p495_foilpm8	41.25	61	11	False	open_populated	11	0	False	0	0	11
rg07_theta12p495_foilpm8	-8.0	0.0	5.0	7	2	0	3	37	37	0	False	59	12	7	0	10	0	rg07_theta12p495_foilpm8	41.25	61	37	False	open_populated	20	17	False	0	17	20
rg07_theta12p495_foilpm8	-8.0	0.0	5.0	7	3	0	3	50	50	0	False	92	19	13	0	23	0	rg07_theta12p495_foilpm8	41.25	61	50	False	open_populated	20	30	False	0	30	20
rg07_theta12p495_foilpm8	-8.0	0.0	5.0	7	4	0	3	84	84	0	False	141	29	19	0	28	0	rg07_theta12p495_foilpm8	41.25	61	61	True	open_populated	20	64	False	23	41	20
rg07_theta12p495_foilpm8	-8.0	0.0	5.0	7	5	0	3	104	104	0	False	170	34	23	0	32	0	rg07_theta12p495_foilpm8	41.25	61	61	True	open_populated	20	84	False	43	41	20
rg07_theta12p495_foilpm8	-8.0	0.0	5.0	7	6	0	3	133	133	0	False	219	44	34	0	42	0	rg07_theta12p495_foilpm8	41.25	61	61	True	open_populated	20	113	False	72	41	20
rg07_theta12p495_foilpm8	-8.0	0.0	5.0	8	2	0	3	19	19	0	False	34	7	6	0	8	0	rg07_theta12p495_foilpm8	41.25	61	19	False	open_populated	19	0	False	0	0	19
rg07_theta12p495_foilpm8	-8.0	0.0	5.0	8	3	0	3	34	34	0	False	63	13	12	0	16	0	rg07_theta12p495_foilpm8	41.25	61	34	False	open_populated	20	14	False	0	14	20
rg07_theta12p495_foilpm8	-8.0	0.0	5.0	8	4	0	3	53	53	0	False	91	19	12	0	19	0	rg07_theta12p495_foilpm8	41.25	61	53	False	open_populated	21	32	False	0	32	21
rg07_theta12p495_foilpm8	-8.0	0.0	5.0	8	5	0	3	79	79	0	False	126	26	16	0	21	0	rg07_theta12p495_foilpm8	41.25	61	61	True	open_populated	21	58	False	18	40	21
rg07_theta12p495_foilpm8	-8.0	5.0	10.0	0	2	0	4	9	9	0	False	17	4	3	0	4	0	rg07_theta12p495_foilpm8	26.0	39	9	False	open_populated	9	0	True	0	0	9
rg07_theta12p495_foilpm8	-8.0	5.0	10.0	0	3	0	4	26	26	0	False	42	9	7	0	7	0	rg07_theta12p495_foilpm8	26.0	39	26	False	open_populated	24	2	False	0	2	24
rg07_theta12p495_foilpm8	-8.0	5.0	10.0	0	4	0	4	34	34	0	False	51	11	8	0	6	0	rg07_theta12p495_foilpm8	26.0	39	34	False	open_populated	24	10	False	0	10	24
rg07_theta12p495_foilpm8	-8.0	5.0	10.0	0	5	0	4	59	59	0	False	96	20	14	0	17	0	rg07_theta12p495_foilpm8	26.0	39	39	True	open_populated	24	35	False	20	15	24
rg07_theta12p495_foilpm8	-8.0	5.0	10.0	0	6	0	4	0	0	0	False	1	1	0	1	0	0	rg07_theta12p495_foilpm8	26.0	39	0	False	observed_no_eligible_core	0	0	False	0	0	0
rg07_theta12p495_foilpm8	-8.0	5.0	10.0	1	1	0	4	0	0	0	False	6	2	0	6	4	0	rg07_theta12p495_foilpm8	26.0	39	0	False	observed_no_eligible_core	0	0	False	0	0	0
rg07_theta12p495_foilpm8	-8.0	5.0	10.0	1	2	0	4	17	17	0	False	24	5	4	0	2	0	rg07_theta12p495_foilpm8	26.0	39	17	False	open_populated	17	0	False	0	0	17
rg07_theta12p495_foilpm8	-8.0	5.0	10.0	1	3	0	4	31	31	0	False	51	11	8	0	9	0	rg07_theta12p495_foilpm8	26.0	39	31	False	open_populated	25	6	False	0	6	25
rg07_theta12p495_foilpm8	-8.0	5.0	10.0	1	4	0	4	55	55	0	False	85	17	9	0	13	0	rg07_theta12p495_foilpm8	26.0	39	39	True	open_populated	24	31	False	16	15	24
rg07_theta12p495_foilpm8	-8.0	5.0	10.0	1	5	0	4	77	77	0	False	127	26	20	0	24	0	rg07_theta12p495_foilpm8	26.0	39	39	True	open_populated	24	53	False	38	15	24
rg07_theta12p495_foilpm8	-8.0	5.0	10.0	1	6	0	4	122	122	0	False	195	39	32	0	34	0	rg07_theta12p495_foilpm8	26.0	39	39	True	open_populated	24	98	False	83	15	24
rg07_theta12p495_foilpm8	-8.0	5.0	10.0	2	1	0	4	12	12	0	False	19	4	2	0	3	0	rg07_theta12p495_foilpm8	26.0	39	12	False	open_populated	12	0	False	0	0	12
rg07_theta12p495_foilpm8	-8.0	5.0	10.0	2	2	0	4	23	23	0	False	37	8	6	0	6	0	rg07_theta12p495_foilpm8	26.0	39	23	False	open_populated	23	0	False	0	0	23
rg07_theta12p495_foilpm8	-8.0	5.0	10.0	2	4	0	4	70	70	0	False	113	23	15	0	20	0	rg07_theta12p495_foilpm8	26.0	39	39	True	open_populated	24	46	False	31	15	24
rg07_theta12p495_foilpm8	-8.0	5.0	10.0	2	5	0	4	84	84	0	False	144	29	25	0	31	0	rg07_theta12p495_foilpm8	26.0	39	39	True	open_populated	24	60	False	45	15	24
rg07_theta12p495_foilpm8	-8.0	5.0	10.0	2	6	0	4	135	135	0	False	206	42	34	0	29	0	rg07_theta12p495_foilpm8	26.0	39	39	True	open_populated	25	110	False	96	14	25
rg07_theta12p495_foilpm8	-8.0	5.0	10.0	3	1	0	4	20	20	0	False	29	6	4	0	3	0	rg07_theta12p495_foilpm8	26.0	39	20	False	open_populated	20	0	False	0	0	20
rg07_theta12p495_foilpm8	-8.0	5.0	10.0	3	2	0	4	37	37	0	False	60	12	9	0	11	0	rg07_theta12p495_foilpm8	26.0	39	37	False	open_populated	24	13	False	0	13	24
rg07_theta12p495_foilpm8	-8.0	5.0	10.0	3	3	0	4	47	47	0	False	77	16	13	0	14	0	rg07_theta12p495_foilpm8	26.0	39	39	True	open_populated	24	23	False	8	15	24
rg07_theta12p495_foilpm8	-8.0	5.0	10.0	3	4	0	4	70	70	0	False	117	24	21	0	23	0	rg07_theta12p495_foilpm8	26.0	39	39	True	open_populated	24	46	False	31	15	24
rg07_theta12p495_foilpm8	-8.0	5.0	10.0	3	5	0	4	119	119	0	False	185	37	28	0	29	0	rg07_theta12p495_foilpm8	26.0	39	39	True	open_populated	24	95	False	80	15	24
rg07_theta12p495_foilpm8	-8.0	5.0	10.0	3	6	0	4	167	167	0	False	266	54	40	0	45	0	rg07_theta12p495_foilpm8	26.0	39	39	True	open_populated	24	143	False	128	15	24
rg07_theta12p495_foilpm8	-8.0	5.0	10.0	4	1	0	4	21	21	0	False	33	7	5	0	5	0	rg07_theta12p495_foilpm8	26.0	39	21	False	open_populated	21	0	False	0	0	21
rg07_theta12p495_foilpm8	-8.0	5.0	10.0	4	2	0	4	41	41	0	False	63	13	11	0	9	0	rg07_theta12p495_foilpm8	26.0	39	39	True	open_populated	24	17	False	2	15	24
rg07_theta12p495_foilpm8	-8.0	5.0	10.0	4	3	0	4	61	61	0	False	101	21	13	0	19	0	rg07_theta12p495_foilpm8	26.0	39	39	True	open_populated	24	37	False	22	15	24
rg07_theta12p495_foilpm8	-8.0	5.0	10.0	4	4	0	4	26	26	0	False	48	10	7	0	12	0	rg07_theta12p495_foilpm8	26.0	39	26	False	open_populated	25	1	False	0	1	25
rg07_theta12p495_foilpm8	-8.0	5.0	10.0	4	5	0	4	105	105	0	False	177	36	21	0	36	0	rg07_theta12p495_foilpm8	26.0	39	39	True	open_populated	24	81	False	66	15	24
rg07_theta12p495_foilpm8	-8.0	5.0	10.0	4	6	0	4	141	141	0	False	234	47	35	0	46	0	rg07_theta12p495_foilpm8	26.0	39	39	True	open_populated	24	117	False	102	15	24
rg07_theta12p495_foilpm8	-8.0	5.0	10.0	5	1	0	4	18	18	0	False	27	6	4	0	3	0	rg07_theta12p495_foilpm8	26.0	39	18	False	open_populated	18	0	False	0	0	18
rg07_theta12p495_foilpm8	-8.0	5.0	10.0	5	2	0	4	41	41	0	False	69	14	12	0	14	0	rg07_theta12p495_foilpm8	26.0	39	39	True	open_populated	24	17	False	2	15	24
rg07_theta12p495_foilpm8	-8.0	5.0	10.0	5	3	0	4	40	40	0	False	67	14	11	0	13	0	rg07_theta12p495_foilpm8	26.0	39	39	True	open_populated	24	16	False	1	15	24
rg07_theta12p495_foilpm8	-8.0	5.0	10.0	5	4	0	4	74	74	0	False	117	24	18	0	19	0	rg07_theta12p495_foilpm8	26.0	39	39	True	open_populated	24	50	False	35	15	24
rg07_theta12p495_foilpm8	-8.0	5.0	10.0	5	5	0	4	0	0	0	True	2	1	0	2	1	1	rg07_theta12p495_foilpm8	26.0	39	0	False	blocked	0	0	False	0	0	0
rg07_theta12p495_foilpm8	-8.0	5.0	10.0	5	6	0	4	148	148	0	False	237	48	37	0	41	0	rg07_theta12p495_foilpm8	26.0	39	39	True	open_populated	25	123	False	109	14	25
rg07_theta12p495_foilpm8	-8.0	5.0	10.0	6	1	0	4	17	17	0	False	25	5	1	0	3	0	rg07_theta12p495_foilpm8	26.0	39	17	False	open_populated	17	0	False	0	0	17
rg07_theta12p495_foilpm8	-8.0	5.0	10.0	6	2	0	4	27	27	0	False	44	9	8	0	8	0	rg07_theta12p495_foilpm8	26.0	39	27	False	open_populated	24	3	False	0	3	24
rg07_theta12p495_foilpm8	-8.0	5.0	10.0	6	3	0	4	37	37	0	False	61	13	11	0	11	0	rg07_theta12p495_foilpm8	26.0	39	37	False	open_populated	24	13	False	0	13	24
rg07_theta12p495_foilpm8	-8.0	5.0	10.0	6	4	0	4	53	53	0	False	88	18	10	0	17	0	rg07_theta12p495_foilpm8	26.0	39	39	True	open_populated	25	28	False	14	14	25
rg07_theta12p495_foilpm8	-8.0	5.0	10.0	6	5	0	4	87	87	0	False	139	28	18	0	24	0	rg07_theta12p495_foilpm8	26.0	39	39	True	open_populated	25	62	False	48	14	25
rg07_theta12p495_foilpm8	-8.0	5.0	10.0	6	6	0	4	135	135	0	False	226	46	31	0	45	0	rg07_theta12p495_foilpm8	26.0	39	39	True	open_populated	24	111	False	96	15	24
rg07_theta12p495_foilpm8	-8.0	5.0	10.0	7	1	0	4	0	0	0	False	5	1	0	5	4	0	rg07_theta12p495_foilpm8	26.0	39	0	False	observed_no_eligible_core	0	0	False	0	0	0
rg07_theta12p495_foilpm8	-8.0	5.0	10.0	7	2	0	4	9	9	0	False	17	4	3	0	4	0	rg07_theta12p495_foilpm8	26.0	39	9	False	open_populated	9	0	True	0	0	9
rg07_theta12p495_foilpm8	-8.0	5.0	10.0	7	3	0	4	24	24	0	False	45	9	6	0	12	0	rg07_theta12p495_foilpm8	26.0	39	24	False	open_populated	24	0	False	0	0	24
rg07_theta12p495_foilpm8	-8.0	5.0	10.0	7	4	0	4	58	58	0	False	92	19	13	0	15	0	rg07_theta12p495_foilpm8	26.0	39	39	True	open_populated	25	33	False	19	14	25
rg07_theta12p495_foilpm8	-8.0	5.0	10.0	7	5	0	4	79	79	0	False	126	26	22	0	21	0	rg07_theta12p495_foilpm8	26.0	39	39	True	open_populated	25	54	False	40	14	25
rg07_theta12p495_foilpm8	-8.0	5.0	10.0	7	6	0	4	109	109	0	False	173	35	30	0	29	0	rg07_theta12p495_foilpm8	26.0	39	39	True	open_populated	25	84	False	70	14	25
rg07_theta12p495_foilpm8	-8.0	5.0	10.0	8	2	0	4	0	0	0	False	5	1	0	5	4	0	rg07_theta12p495_foilpm8	26.0	39	0	False	observed_no_eligible_core	0	0	False	0	0	0
rg07_theta12p495_foilpm8	-8.0	5.0	10.0	8	3	0	4	16	16	0	False	25	5	3	0	4	0	rg07_theta12p495_foilpm8	26.0	39	16	False	open_populated	16	0	False	0	0	16
rg07_theta12p495_foilpm8	-8.0	5.0	10.0	8	4	0	4	30	30	0	False	57	12	9	0	15	0	rg07_theta12p495_foilpm8	26.0	39	30	False	open_populated	25	5	False	0	5	25
rg07_theta12p495_foilpm8	-8.0	5.0	10.0	8	5	0	4	53	53	0	False	86	18	13	0	15	0	rg07_theta12p495_foilpm8	26.0	39	39	True	open_populated	24	29	False	14	15	24
rg07_theta12p495_foilpm8	-8.0	5.0	10.0	8	6	0	4	0	0	0	False	2	1	0	2	1	0	rg07_theta12p495_foilpm8	26.0	39	0	False	observed_no_eligible_core	0	0	False	0	0	0
rg07_theta12p495_foilpm8	8.0	-10.0	-8.0	0	2	1	0	0	0	0	False	1	1	0	1	0	0	rg07_theta12p495_foilpm8	16.0	24	0	False	observed_no_eligible_core	0	0	False	0	0	0
rg07_theta12p495_foilpm8	8.0	-10.0	-8.0	0	3	1	0	0	0	0	False	14	3	0	14	11	0	rg07_theta12p495_foilpm8	16.0	24	0	False	observed_no_eligible_core	0	0	False	0	0	0
rg07_theta12p495_foilpm8	8.0	-10.0	-8.0	0	4	1	0	18	18	0	False	36	8	3	0	10	0	rg07_theta12p495_foilpm8	16.0	24	18	False	open_populated	18	0	False	0	0	18
rg07_theta12p495_foilpm8	8.0	-10.0	-8.0	0	5	1	0	16	16	0	False	31	7	5	0	8	0	rg07_theta12p495_foilpm8	16.0	24	16	False	open_populated	16	0	False	0	0	16
rg07_theta12p495_foilpm8	8.0	-10.0	-8.0	0	6	1	0	15	15	0	False	29	6	5	0	8	0	rg07_theta12p495_foilpm8	16.0	24	15	False	open_populated	15	0	False	0	0	15
rg07_theta12p495_foilpm8	8.0	-10.0	-8.0	0	7	1	0	0	0	0	False	1	1	0	1	0	0	rg07_theta12p495_foilpm8	16.0	24	0	False	observed_no_eligible_core	0	0	False	0	0	0
rg07_theta12p495_foilpm8	8.0	-10.0	-8.0	1	2	1	0	10	10	0	False	18	4	2	0	4	0	rg07_theta12p495_foilpm8	16.0	24	10	False	open_populated	10	0	False	0	0	10
rg07_theta12p495_foilpm8	8.0	-10.0	-8.0	1	3	1	0	15	15	0	False	24	5	5	0	4	0	rg07_theta12p495_foilpm8	16.0	24	15	False	open_populated	15	0	False	0	0	15
rg07_theta12p495_foilpm8	8.0	-10.0	-8.0	1	4	1	0	22	22	0	False	42	9	6	0	11	0	rg07_theta12p495_foilpm8	16.0	24	22	False	open_populated	22	0	False	0	0	22
rg07_theta12p495_foilpm8	8.0	-10.0	-8.0	1	5	1	0	30	30	0	False	53	11	9	0	12	0	rg07_theta12p495_foilpm8	16.0	24	24	True	open_populated	24	6	False	6	0	24
rg07_theta12p495_foilpm8	8.0	-10.0	-8.0	1	6	1	0	25	25	0	False	48	10	10	0	13	0	rg07_theta12p495_foilpm8	16.0	24	24	True	open_populated	24	1	False	1	0	24
rg07_theta12p495_foilpm8	8.0	-10.0	-8.0	1	7	1	0	17	17	0	False	23	5	4	0	1	0	rg07_theta12p495_foilpm8	16.0	24	17	False	open_populated	17	0	False	0	0	17
rg07_theta12p495_foilpm8	8.0	-10.0	-8.0	2	2	1	0	15	15	0	False	29	6	5	0	8	0	rg07_theta12p495_foilpm8	16.0	24	15	False	open_populated	15	0	False	0	0	15
rg07_theta12p495_foilpm8	8.0	-10.0	-8.0	2	3	1	0	0	0	0	True	7	2	0	7	5	5	rg07_theta12p495_foilpm8	16.0	24	0	False	blocked	0	0	False	0	0	0
rg07_theta12p495_foilpm8	8.0	-10.0	-8.0	2	4	1	0	33	33	0	False	64	13	10	0	18	0	rg07_theta12p495_foilpm8	16.0	24	24	True	open_populated	24	9	False	9	0	24
rg07_theta12p495_foilpm8	8.0	-10.0	-8.0	2	5	1	0	37	37	0	False	71	15	12	0	19	0	rg07_theta12p495_foilpm8	16.0	24	24	True	open_populated	24	13	False	13	0	24
rg07_theta12p495_foilpm8	8.0	-10.0	-8.0	2	6	1	0	39	39	0	False	62	13	9	0	10	0	rg07_theta12p495_foilpm8	16.0	24	24	True	open_populated	24	15	False	15	0	24
rg07_theta12p495_foilpm8	8.0	-10.0	-8.0	2	7	1	0	29	29	0	False	52	11	6	0	12	0	rg07_theta12p495_foilpm8	16.0	24	24	True	open_populated	24	5	False	5	0	24
rg07_theta12p495_foilpm8	8.0	-10.0	-8.0	3	2	1	0	15	15	0	False	26	6	4	0	5	0	rg07_theta12p495_foilpm8	16.0	24	15	False	open_populated	15	0	False	0	0	15
rg07_theta12p495_foilpm8	8.0	-10.0	-8.0	3	3	1	0	17	17	0	False	35	7	5	0	11	0	rg07_theta12p495_foilpm8	16.0	24	17	False	open_populated	17	0	False	0	0	17
rg07_theta12p495_foilpm8	8.0	-10.0	-8.0	3	4	1	0	29	29	0	False	45	9	8	0	7	0	rg07_theta12p495_foilpm8	16.0	24	24	True	open_populated	24	5	False	5	0	24
rg07_theta12p495_foilpm8	8.0	-10.0	-8.0	3	5	1	0	42	42	0	False	67	14	11	0	11	0	rg07_theta12p495_foilpm8	16.0	24	24	True	open_populated	24	18	False	18	0	24
rg07_theta12p495_foilpm8	8.0	-10.0	-8.0	3	6	1	0	47	47	0	False	82	17	12	0	18	0	rg07_theta12p495_foilpm8	16.0	24	24	True	open_populated	24	23	False	23	0	24
rg07_theta12p495_foilpm8	8.0	-10.0	-8.0	3	7	1	0	63	63	0	False	108	22	20	0	23	0	rg07_theta12p495_foilpm8	16.0	24	24	True	open_populated	24	39	False	39	0	24
rg07_theta12p495_foilpm8	8.0	-10.0	-8.0	4	2	1	0	15	15	0	False	34	7	2	0	12	0	rg07_theta12p495_foilpm8	16.0	24	15	False	open_populated	15	0	False	0	0	15
rg07_theta12p495_foilpm8	8.0	-10.0	-8.0	4	3	1	0	26	26	0	False	50	10	5	0	14	0	rg07_theta12p495_foilpm8	16.0	24	24	True	open_populated	24	2	False	2	0	24
rg07_theta12p495_foilpm8	8.0	-10.0	-8.0	4	4	1	0	11	11	0	False	20	4	3	0	5	0	rg07_theta12p495_foilpm8	16.0	24	11	False	open_populated	11	0	False	0	0	11
rg07_theta12p495_foilpm8	8.0	-10.0	-8.0	4	5	1	0	45	45	0	False	70	14	13	0	11	0	rg07_theta12p495_foilpm8	16.0	24	24	True	open_populated	23	22	False	21	1	23
rg07_theta12p495_foilpm8	8.0	-10.0	-8.0	4	6	1	0	60	60	0	False	97	20	16	0	17	0	rg07_theta12p495_foilpm8	16.0	24	24	True	open_populated	23	37	False	36	1	23
rg07_theta12p495_foilpm8	8.0	-10.0	-8.0	4	7	1	0	77	77	0	False	118	24	19	0	17	0	rg07_theta12p495_foilpm8	16.0	24	24	True	open_populated	24	53	False	53	0	24
rg07_theta12p495_foilpm8	8.0	-10.0	-8.0	5	2	1	0	12	12	0	False	19	4	2	0	3	0	rg07_theta12p495_foilpm8	16.0	24	12	False	open_populated	12	0	False	0	0	12
rg07_theta12p495_foilpm8	8.0	-10.0	-8.0	5	3	1	0	23	23	0	False	35	7	6	0	5	0	rg07_theta12p495_foilpm8	16.0	24	23	False	open_populated	23	0	False	0	0	23
rg07_theta12p495_foilpm8	8.0	-10.0	-8.0	5	4	1	0	28	28	0	False	43	9	8	0	6	0	rg07_theta12p495_foilpm8	16.0	24	24	True	open_populated	24	4	False	4	0	24
rg07_theta12p495_foilpm8	8.0	-10.0	-8.0	5	5	1	0	0	0	0	True	3	1	0	3	2	2	rg07_theta12p495_foilpm8	16.0	24	0	False	blocked	0	0	False	0	0	0
rg07_theta12p495_foilpm8	8.0	-10.0	-8.0	5	6	1	0	50	50	0	False	76	16	11	0	10	0	rg07_theta12p495_foilpm8	16.0	24	24	True	open_populated	24	26	False	26	0	24
rg07_theta12p495_foilpm8	8.0	-10.0	-8.0	5	7	1	0	65	65	0	False	96	20	12	0	11	0	rg07_theta12p495_foilpm8	16.0	24	24	True	open_populated	24	41	False	41	0	24
rg07_theta12p495_foilpm8	8.0	-10.0	-8.0	6	2	1	0	0	0	0	False	8	2	0	8	6	0	rg07_theta12p495_foilpm8	16.0	24	0	False	observed_no_eligible_core	0	0	False	0	0	0
rg07_theta12p495_foilpm8	8.0	-10.0	-8.0	6	3	1	0	16	16	0	False	31	7	4	0	8	0	rg07_theta12p495_foilpm8	16.0	24	16	False	open_populated	16	0	False	0	0	16
rg07_theta12p495_foilpm8	8.0	-10.0	-8.0	6	4	1	0	28	28	0	False	51	11	10	0	12	0	rg07_theta12p495_foilpm8	16.0	24	24	True	open_populated	24	4	False	4	0	24
rg07_theta12p495_foilpm8	8.0	-10.0	-8.0	6	5	1	0	38	38	0	False	64	13	8	0	13	0	rg07_theta12p495_foilpm8	16.0	24	24	True	open_populated	24	14	False	14	0	24
rg07_theta12p495_foilpm8	8.0	-10.0	-8.0	6	6	1	0	53	53	0	False	86	18	12	0	15	0	rg07_theta12p495_foilpm8	16.0	24	24	True	open_populated	24	29	False	29	0	24
rg07_theta12p495_foilpm8	8.0	-10.0	-8.0	6	7	1	0	67	67	0	False	98	20	18	0	11	0	rg07_theta12p495_foilpm8	16.0	24	24	True	open_populated	24	43	False	43	0	24
rg07_theta12p495_foilpm8	8.0	-10.0	-8.0	7	2	1	0	0	0	0	False	8	2	0	8	6	0	rg07_theta12p495_foilpm8	16.0	24	0	False	observed_no_eligible_core	0	0	False	0	0	0
rg07_theta12p495_foilpm8	8.0	-10.0	-8.0	7	3	1	0	11	11	0	False	18	4	2	0	3	0	rg07_theta12p495_foilpm8	16.0	24	11	False	open_populated	11	0	False	0	0	11
rg07_theta12p495_foilpm8	8.0	-10.0	-8.0	7	4	1	0	17	17	0	False	25	5	2	0	3	0	rg07_theta12p495_foilpm8	16.0	24	17	False	open_populated	17	0	False	0	0	17
rg07_theta12p495_foilpm8	8.0	-10.0	-8.0	7	5	1	0	31	31	0	False	50	10	9	0	9	0	rg07_theta12p495_foilpm8	16.0	24	24	True	open_populated	23	8	False	7	1	23
rg07_theta12p495_foilpm8	8.0	-10.0	-8.0	7	6	1	0	37	37	0	False	62	13	10	0	12	0	rg07_theta12p495_foilpm8	16.0	24	24	True	open_populated	23	14	False	13	1	23
rg07_theta12p495_foilpm8	8.0	-10.0	-8.0	7	7	1	0	56	56	0	False	91	19	16	0	16	0	rg07_theta12p495_foilpm8	16.0	24	24	True	open_populated	24	32	False	32	0	24
rg07_theta12p495_foilpm8	8.0	-10.0	-8.0	8	3	1	0	0	0	0	False	7	2	0	7	5	0	rg07_theta12p495_foilpm8	16.0	24	0	False	observed_no_eligible_core	0	0	False	0	0	0
rg07_theta12p495_foilpm8	8.0	-10.0	-8.0	8	4	1	0	14	14	0	False	25	5	4	0	6	0	rg07_theta12p495_foilpm8	16.0	24	14	False	open_populated	14	0	False	0	0	14
rg07_theta12p495_foilpm8	8.0	-10.0	-8.0	8	5	1	0	17	17	0	False	24	5	3	0	2	0	rg07_theta12p495_foilpm8	16.0	24	17	False	open_populated	17	0	False	0	0	17
rg07_theta12p495_foilpm8	8.0	-10.0	-8.0	8	6	1	0	27	27	0	False	49	10	9	0	12	0	rg07_theta12p495_foilpm8	16.0	24	24	True	open_populated	24	3	False	3	0	24
rg07_theta12p495_foilpm8	8.0	-10.0	-8.0	8	7	1	0	0	0	0	False	5	1	0	5	4	0	rg07_theta12p495_foilpm8	16.0	24	0	False	observed_no_eligible_core	0	0	False	0	0	0
rg07_theta12p495_foilpm8	8.0	-8.0	-5.0	0	3	1	1	0	0	0	False	11	3	0	11	8	0	rg07_theta12p495_foilpm8	28.25	42	0	False	observed_no_eligible_core	0	0	False	0	0	0
rg07_theta12p495_foilpm8	8.0	-8.0	-5.0	0	4	1	1	28	28	0	False	42	9	6	0	5	0	rg07_theta12p495_foilpm8	28.25	42	28	False	open_populated	21	7	False	0	7	21
rg07_theta12p495_foilpm8	8.0	-8.0	-5.0	0	5	1	1	34	34	0	False	50	10	9	0	6	0	rg07_theta12p495_foilpm8	28.25	42	34	False	open_populated	21	13	False	0	13	21
rg07_theta12p495_foilpm8	8.0	-8.0	-5.0	0	6	1	1	31	31	0	False	58	12	10	0	15	0	rg07_theta12p495_foilpm8	28.25	42	31	False	open_populated	21	10	False	0	10	21
rg07_theta12p495_foilpm8	8.0	-8.0	-5.0	0	7	1	1	0	0	0	False	1	1	0	1	0	0	rg07_theta12p495_foilpm8	28.25	42	0	False	observed_no_eligible_core	0	0	False	0	0	0
rg07_theta12p495_foilpm8	8.0	-8.0	-5.0	1	2	1	1	0	0	0	False	12	3	0	12	9	0	rg07_theta12p495_foilpm8	28.25	42	0	False	observed_no_eligible_core	0	0	False	0	0	0
rg07_theta12p495_foilpm8	8.0	-8.0	-5.0	1	3	1	1	18	18	0	False	28	6	4	0	4	0	rg07_theta12p495_foilpm8	28.25	42	18	False	open_populated	18	0	False	0	0	18
rg07_theta12p495_foilpm8	8.0	-8.0	-5.0	1	4	1	1	30	30	0	False	50	10	9	0	10	0	rg07_theta12p495_foilpm8	28.25	42	30	False	open_populated	21	9	False	0	9	21
rg07_theta12p495_foilpm8	8.0	-8.0	-5.0	1	5	1	1	40	40	0	False	66	14	11	0	12	0	rg07_theta12p495_foilpm8	28.25	42	40	False	open_populated	21	19	False	0	19	21
rg07_theta12p495_foilpm8	8.0	-8.0	-5.0	1	6	1	1	62	62	0	False	97	20	17	0	15	0	rg07_theta12p495_foilpm8	28.25	42	42	True	open_populated	21	41	False	20	21	21
rg07_theta12p495_foilpm8	8.0	-8.0	-5.0	1	7	1	1	63	63	0	False	99	20	13	0	16	0	rg07_theta12p495_foilpm8	28.25	42	42	True	open_populated	21	42	False	21	21	21
rg07_theta12p495_foilpm8	8.0	-8.0	-5.0	2	2	1	1	14	14	0	False	22	5	5	0	3	0	rg07_theta12p495_foilpm8	28.25	42	14	False	open_populated	14	0	False	0	0	14
rg07_theta12p495_foilpm8	8.0	-8.0	-5.0	2	3	1	1	0	0	0	True	1	1	0	1	0	0	rg07_theta12p495_foilpm8	28.25	42	0	False	blocked	0	0	False	0	0	0
rg07_theta12p495_foilpm8	8.0	-8.0	-5.0	2	4	1	1	44	44	0	False	65	13	9	0	8	0	rg07_theta12p495_foilpm8	28.25	42	42	True	open_populated	21	23	False	2	21	21
rg07_theta12p495_foilpm8	8.0	-8.0	-5.0	2	5	1	1	64	64	0	False	104	21	18	0	19	0	rg07_theta12p495_foilpm8	28.25	42	42	True	open_populated	21	43	False	22	21	21
rg07_theta12p495_foilpm8	8.0	-8.0	-5.0	2	6	1	1	75	75	0	False	123	25	17	0	23	0	rg07_theta12p495_foilpm8	28.25	42	42	True	open_populated	21	54	False	33	21	21
rg07_theta12p495_foilpm8	8.0	-8.0	-5.0	2	7	1	1	90	90	0	False	139	28	23	0	21	0	rg07_theta12p495_foilpm8	28.25	42	42	True	open_populated	21	69	False	48	21	21
rg07_theta12p495_foilpm8	8.0	-8.0	-5.0	3	2	1	1	13	13	0	False	23	5	5	0	5	0	rg07_theta12p495_foilpm8	28.25	42	13	False	open_populated	13	0	False	0	0	13
rg07_theta12p495_foilpm8	8.0	-8.0	-5.0	3	3	1	1	38	38	0	False	55	11	8	0	6	0	rg07_theta12p495_foilpm8	28.25	42	38	False	open_populated	21	17	False	0	17	21
rg07_theta12p495_foilpm8	8.0	-8.0	-5.0	3	4	1	1	55	55	0	False	89	18	14	0	16	0	rg07_theta12p495_foilpm8	28.25	42	42	True	open_populated	21	34	False	13	21	21
rg07_theta12p495_foilpm8	8.0	-8.0	-5.0	3	5	1	1	76	76	0	False	116	24	22	0	16	0	rg07_theta12p495_foilpm8	28.25	42	42	True	open_populated	21	55	False	34	21	21
rg07_theta12p495_foilpm8	8.0	-8.0	-5.0	3	6	1	1	89	89	0	False	137	28	21	0	20	0	rg07_theta12p495_foilpm8	28.25	42	42	True	open_populated	21	68	False	47	21	21
rg07_theta12p495_foilpm8	8.0	-8.0	-5.0	3	7	1	1	117	117	0	False	175	35	28	0	23	0	rg07_theta12p495_foilpm8	28.25	42	42	True	open_populated	21	96	False	75	21	21
rg07_theta12p495_foilpm8	8.0	-8.0	-5.0	4	2	1	1	13	13	0	False	21	5	3	0	3	0	rg07_theta12p495_foilpm8	28.25	42	13	False	open_populated	13	0	False	0	0	13
rg07_theta12p495_foilpm8	8.0	-8.0	-5.0	4	3	1	1	41	41	0	False	57	12	7	0	4	0	rg07_theta12p495_foilpm8	28.25	42	41	False	open_populated	21	20	False	0	20	21
rg07_theta12p495_foilpm8	8.0	-8.0	-5.0	4	4	1	1	16	16	0	False	23	5	4	0	2	0	rg07_theta12p495_foilpm8	28.25	42	16	False	open_populated	16	0	False	0	0	16
rg07_theta12p495_foilpm8	8.0	-8.0	-5.0	4	5	1	1	95	95	0	False	137	28	23	0	14	0	rg07_theta12p495_foilpm8	28.25	42	42	True	open_populated	22	73	False	53	20	22
rg07_theta12p495_foilpm8	8.0	-8.0	-5.0	4	6	1	1	116	116	0	False	181	37	34	0	28	0	rg07_theta12p495_foilpm8	28.25	42	42	True	open_populated	21	95	False	74	21	21
rg07_theta12p495_foilpm8	8.0	-8.0	-5.0	4	7	1	1	114	114	0	False	158	32	28	0	12	0	rg07_theta12p495_foilpm8	28.25	42	42	True	open_populated	21	93	False	72	21	21
rg07_theta12p495_foilpm8	8.0	-8.0	-5.0	5	2	1	1	17	17	0	False	28	6	4	0	5	0	rg07_theta12p495_foilpm8	28.25	42	17	False	open_populated	17	0	False	0	0	17
rg07_theta12p495_foilpm8	8.0	-8.0	-5.0	5	3	1	1	31	31	0	False	48	10	7	0	7	0	rg07_theta12p495_foilpm8	28.25	42	31	False	open_populated	22	9	False	0	9	22
rg07_theta12p495_foilpm8	8.0	-8.0	-5.0	5	4	1	1	56	56	0	False	85	17	10	0	12	0	rg07_theta12p495_foilpm8	28.25	42	42	True	open_populated	21	35	False	14	21	21
rg07_theta12p495_foilpm8	8.0	-8.0	-5.0	5	5	1	1	0	0	0	True	5	1	0	5	4	4	rg07_theta12p495_foilpm8	28.25	42	0	False	blocked	0	0	False	0	0	0
rg07_theta12p495_foilpm8	8.0	-8.0	-5.0	5	6	1	1	99	99	0	False	152	31	25	0	22	0	rg07_theta12p495_foilpm8	28.25	42	42	True	open_populated	21	78	False	57	21	21
rg07_theta12p495_foilpm8	8.0	-8.0	-5.0	5	7	1	1	119	119	0	False	184	37	30	0	28	0	rg07_theta12p495_foilpm8	28.25	42	42	True	open_populated	21	98	False	77	21	21
rg07_theta12p495_foilpm8	8.0	-8.0	-5.0	6	2	1	1	14	14	0	False	22	5	4	0	3	0	rg07_theta12p495_foilpm8	28.25	42	14	False	open_populated	14	0	False	0	0	14
rg07_theta12p495_foilpm8	8.0	-8.0	-5.0	6	3	1	1	29	29	0	False	46	10	8	0	7	0	rg07_theta12p495_foilpm8	28.25	42	29	False	open_populated	21	8	False	0	8	21
rg07_theta12p495_foilpm8	8.0	-8.0	-5.0	6	4	1	1	49	49	0	False	68	14	10	0	5	0	rg07_theta12p495_foilpm8	28.25	42	42	True	open_populated	21	28	False	7	21	21
rg07_theta12p495_foilpm8	8.0	-8.0	-5.0	6	5	1	1	75	75	0	False	109	22	17	0	12	0	rg07_theta12p495_foilpm8	28.25	42	42	True	open_populated	21	54	False	33	21	21
rg07_theta12p495_foilpm8	8.0	-8.0	-5.0	6	6	1	1	74	74	0	False	121	25	16	0	22	0	rg07_theta12p495_foilpm8	28.25	42	42	True	open_populated	21	53	False	32	21	21
rg07_theta12p495_foilpm8	8.0	-8.0	-5.0	6	7	1	1	105	105	0	False	161	33	29	0	23	0	rg07_theta12p495_foilpm8	28.25	42	42	True	open_populated	22	83	False	63	20	22
rg07_theta12p495_foilpm8	8.0	-8.0	-5.0	7	2	1	1	11	11	0	False	18	4	4	0	3	0	rg07_theta12p495_foilpm8	28.25	42	11	False	open_populated	11	0	False	0	0	11
rg07_theta12p495_foilpm8	8.0	-8.0	-5.0	7	3	1	1	23	23	0	False	34	7	6	0	4	0	rg07_theta12p495_foilpm8	28.25	42	23	False	open_populated	21	2	False	0	2	21
rg07_theta12p495_foilpm8	8.0	-8.0	-5.0	7	4	1	1	33	33	0	False	49	10	10	0	6	0	rg07_theta12p495_foilpm8	28.25	42	33	False	open_populated	21	12	False	0	12	21
rg07_theta12p495_foilpm8	8.0	-8.0	-5.0	7	5	1	1	59	59	0	False	90	18	13	0	13	0	rg07_theta12p495_foilpm8	28.25	42	42	True	open_populated	21	38	False	17	21	21
rg07_theta12p495_foilpm8	8.0	-8.0	-5.0	7	6	1	1	81	81	0	False	126	26	18	0	19	0	rg07_theta12p495_foilpm8	28.25	42	42	True	open_populated	21	60	False	39	21	21
rg07_theta12p495_foilpm8	8.0	-8.0	-5.0	7	7	1	1	93	93	0	False	136	28	22	0	15	0	rg07_theta12p495_foilpm8	28.25	42	42	True	open_populated	22	71	False	51	20	22
rg07_theta12p495_foilpm8	8.0	-8.0	-5.0	8	3	1	1	17	17	0	False	24	5	3	0	2	0	rg07_theta12p495_foilpm8	28.25	42	17	False	open_populated	17	0	False	0	0	17
rg07_theta12p495_foilpm8	8.0	-8.0	-5.0	8	4	1	1	19	19	0	False	30	6	6	0	5	0	rg07_theta12p495_foilpm8	28.25	42	19	False	open_populated	19	0	False	0	0	19
rg07_theta12p495_foilpm8	8.0	-8.0	-5.0	8	5	1	1	41	41	0	False	64	13	10	0	10	0	rg07_theta12p495_foilpm8	28.25	42	41	False	open_populated	22	19	False	0	19	22
rg07_theta12p495_foilpm8	8.0	-8.0	-5.0	8	6	1	1	59	59	0	False	93	19	15	0	15	0	rg07_theta12p495_foilpm8	28.25	42	42	True	open_populated	22	37	False	17	20	22
rg07_theta12p495_foilpm8	8.0	-8.0	-5.0	8	7	1	1	0	0	0	False	2	1	0	2	1	0	rg07_theta12p495_foilpm8	28.25	42	0	False	observed_no_eligible_core	0	0	False	0	0	0
rg07_theta12p495_foilpm8	8.0	-5.0	0.0	0	3	1	2	0	0	0	False	6	2	0	6	4	0	rg07_theta12p495_foilpm8	37.5	56	0	False	observed_no_eligible_core	0	0	False	0	0	0
rg07_theta12p495_foilpm8	8.0	-5.0	0.0	0	4	1	2	18	18	0	False	27	6	5	0	3	0	rg07_theta12p495_foilpm8	37.5	56	18	False	open_populated	18	0	False	0	0	18
rg07_theta12p495_foilpm8	8.0	-5.0	0.0	0	5	1	2	58	58	0	False	87	18	13	0	11	0	rg07_theta12p495_foilpm8	37.5	56	56	True	open_populated	21	37	False	2	35	21
rg07_theta12p495_foilpm8	8.0	-5.0	0.0	0	6	1	2	64	64	0	False	96	20	17	0	12	0	rg07_theta12p495_foilpm8	37.5	56	56	True	open_populated	21	43	False	8	35	21
rg07_theta12p495_foilpm8	8.0	-5.0	0.0	1	2	1	2	0	0	0	False	7	2	0	7	5	0	rg07_theta12p495_foilpm8	37.5	56	0	False	observed_no_eligible_core	0	0	False	0	0	0
rg07_theta12p495_foilpm8	8.0	-5.0	0.0	1	3	1	2	11	11	0	False	17	4	4	0	2	0	rg07_theta12p495_foilpm8	37.5	56	11	False	open_populated	11	0	False	0	0	11
rg07_theta12p495_foilpm8	8.0	-5.0	0.0	1	4	1	2	43	43	0	False	64	13	8	0	8	0	rg07_theta12p495_foilpm8	37.5	56	43	False	open_populated	20	23	False	0	23	20
rg07_theta12p495_foilpm8	8.0	-5.0	0.0	1	5	1	2	79	79	0	False	128	26	20	0	23	0	rg07_theta12p495_foilpm8	37.5	56	56	True	open_populated	21	58	False	23	35	21
rg07_theta12p495_foilpm8	8.0	-5.0	0.0	1	6	1	2	91	91	0	False	146	30	24	0	25	0	rg07_theta12p495_foilpm8	37.5	56	56	True	open_populated	21	70	False	35	35	21
rg07_theta12p495_foilpm8	8.0	-5.0	0.0	1	7	1	2	101	101	0	False	156	32	25	0	23	0	rg07_theta12p495_foilpm8	37.5	56	56	True	open_populated	21	80	False	45	35	21
rg07_theta12p495_foilpm8	8.0	-5.0	0.0	2	2	1	2	18	18	0	False	32	7	5	0	7	0	rg07_theta12p495_foilpm8	37.5	56	18	False	open_populated	18	0	False	0	0	18
rg07_theta12p495_foilpm8	8.0	-5.0	0.0	2	3	1	2	0	0	0	True	1	1	0	1	0	0	rg07_theta12p495_foilpm8	37.5	56	0	False	blocked	0	0	False	0	0	0
rg07_theta12p495_foilpm8	8.0	-5.0	0.0	2	4	1	2	54	54	0	False	91	19	14	0	18	0	rg07_theta12p495_foilpm8	37.5	56	54	False	open_populated	21	33	False	0	33	21
rg07_theta12p495_foilpm8	8.0	-5.0	0.0	2	5	1	2	104	104	0	False	157	32	27	0	21	0	rg07_theta12p495_foilpm8	37.5	56	56	True	open_populated	21	83	False	48	35	21
rg07_theta12p495_foilpm8	8.0	-5.0	0.0	2	6	1	2	124	124	0	False	187	38	30	0	25	0	rg07_theta12p495_foilpm8	37.5	56	56	True	open_populated	20	104	False	68	36	20
rg07_theta12p495_foilpm8	8.0	-5.0	0.0	2	7	1	2	149	149	0	False	226	46	35	0	31	0	rg07_theta12p495_foilpm8	37.5	56	56	True	open_populated	21	128	False	93	35	21
rg07_theta12p495_foilpm8	8.0	-5.0	0.0	3	2	1	2	16	16	0	False	20	4	3	0	0	0	rg07_theta12p495_foilpm8	37.5	56	16	False	open_populated	16	0	False	0	0	16
rg07_theta12p495_foilpm8	8.0	-5.0	0.0	3	3	1	2	45	45	0	False	70	14	12	0	11	0	rg07_theta12p495_foilpm8	37.5	56	45	False	open_populated	21	24	False	0	24	21
rg07_theta12p495_foilpm8	8.0	-5.0	0.0	3	4	1	2	81	81	0	False	133	27	23	0	25	0	rg07_theta12p495_foilpm8	37.5	56	56	True	open_populated	20	61	False	25	36	20
rg07_theta12p495_foilpm8	8.0	-5.0	0.0	3	5	1	2	117	117	0	False	190	38	31	0	35	0	rg07_theta12p495_foilpm8	37.5	56	56	True	open_populated	21	96	False	61	35	21
rg07_theta12p495_foilpm8	8.0	-5.0	0.0	3	6	1	2	176	176	0	False	277	56	48	0	45	0	rg07_theta12p495_foilpm8	37.5	56	56	True	open_populated	21	155	False	120	35	21
rg07_theta12p495_foilpm8	8.0	-5.0	0.0	3	7	1	2	176	176	0	False	260	52	44	0	32	0	rg07_theta12p495_foilpm8	37.5	56	56	True	open_populated	21	155	False	120	35	21
rg07_theta12p495_foilpm8	8.0	-5.0	0.0	4	2	1	2	14	14	0	False	21	5	5	0	2	0	rg07_theta12p495_foilpm8	37.5	56	14	False	open_populated	14	0	False	0	0	14
rg07_theta12p495_foilpm8	8.0	-5.0	0.0	4	3	1	2	49	49	0	False	72	15	14	0	8	0	rg07_theta12p495_foilpm8	37.5	56	49	False	open_populated	21	28	False	0	28	21
rg07_theta12p495_foilpm8	8.0	-5.0	0.0	4	4	1	2	28	28	0	False	40	8	7	0	4	0	rg07_theta12p495_foilpm8	37.5	56	28	False	open_populated	21	7	False	0	7	21
rg07_theta12p495_foilpm8	8.0	-5.0	0.0	4	5	1	2	145	145	0	False	230	46	35	0	39	0	rg07_theta12p495_foilpm8	37.5	56	56	True	open_populated	21	124	False	89	35	21
rg07_theta12p495_foilpm8	8.0	-5.0	0.0	4	6	1	2	182	182	0	False	288	58	51	0	48	0	rg07_theta12p495_foilpm8	37.5	56	56	True	open_populated	20	162	False	126	36	20
rg07_theta12p495_foilpm8	8.0	-5.0	0.0	4	7	1	2	221	221	0	False	329	66	57	0	42	0	rg07_theta12p495_foilpm8	37.5	56	56	True	open_populated	21	200	False	165	35	21
rg07_theta12p495_foilpm8	8.0	-5.0	0.0	5	2	1	2	16	16	0	False	24	5	3	0	3	0	rg07_theta12p495_foilpm8	37.5	56	16	False	open_populated	16	0	False	0	0	16
rg07_theta12p495_foilpm8	8.0	-5.0	0.0	5	3	1	2	57	57	0	False	82	17	13	0	8	0	rg07_theta12p495_foilpm8	37.5	56	56	True	open_populated	20	37	False	1	36	20
rg07_theta12p495_foilpm8	8.0	-5.0	0.0	5	4	1	2	94	94	0	False	151	31	22	0	26	0	rg07_theta12p495_foilpm8	37.5	56	56	True	open_populated	21	73	False	38	35	21
rg07_theta12p495_foilpm8	8.0	-5.0	0.0	5	5	1	2	0	0	0	True	3	1	0	3	2	2	rg07_theta12p495_foilpm8	37.5	56	0	False	blocked	0	0	False	0	0	0
rg07_theta12p495_foilpm8	8.0	-5.0	0.0	5	6	1	2	175	175	0	False	275	55	45	0	45	0	rg07_theta12p495_foilpm8	37.5	56	56	True	open_populated	21	154	False	119	35	21
rg07_theta12p495_foilpm8	8.0	-5.0	0.0	5	7	1	2	194	194	0	False	286	58	45	0	34	0	rg07_theta12p495_foilpm8	37.5	56	56	True	open_populated	21	173	False	138	35	21
rg07_theta12p495_foilpm8	8.0	-5.0	0.0	6	2	1	2	21	21	0	False	30	6	6	0	3	0	rg07_theta12p495_foilpm8	37.5	56	21	False	open_populated	20	1	False	0	1	20
rg07_theta12p495_foilpm8	8.0	-5.0	0.0	6	3	1	2	39	39	0	False	59	12	9	0	8	0	rg07_theta12p495_foilpm8	37.5	56	39	False	open_populated	21	18	False	0	18	21
rg07_theta12p495_foilpm8	8.0	-5.0	0.0	6	4	1	2	80	80	0	False	124	25	21	0	19	0	rg07_theta12p495_foilpm8	37.5	56	56	True	open_populated	21	59	False	24	35	21
rg07_theta12p495_foilpm8	8.0	-5.0	0.0	6	5	1	2	112	112	0	False	163	33	29	0	18	0	rg07_theta12p495_foilpm8	37.5	56	56	True	open_populated	21	91	False	56	35	21
rg07_theta12p495_foilpm8	8.0	-5.0	0.0	6	6	1	2	133	133	0	False	203	41	32	0	29	0	rg07_theta12p495_foilpm8	37.5	56	56	True	open_populated	21	112	False	77	35	21
rg07_theta12p495_foilpm8	8.0	-5.0	0.0	6	7	1	2	180	180	0	False	267	54	46	0	33	0	rg07_theta12p495_foilpm8	37.5	56	56	True	open_populated	21	159	False	124	35	21
rg07_theta12p495_foilpm8	8.0	-5.0	0.0	7	2	1	2	10	10	0	False	16	4	4	0	2	0	rg07_theta12p495_foilpm8	37.5	56	10	False	open_populated	10	0	False	0	0	10
rg07_theta12p495_foilpm8	8.0	-5.0	0.0	7	3	1	2	30	30	0	False	42	9	8	0	3	0	rg07_theta12p495_foilpm8	37.5	56	30	False	open_populated	20	10	False	0	10	20
rg07_theta12p495_foilpm8	8.0	-5.0	0.0	7	4	1	2	57	57	0	False	85	17	15	0	11	0	rg07_theta12p495_foilpm8	37.5	56	56	True	open_populated	21	36	False	1	35	21
rg07_theta12p495_foilpm8	8.0	-5.0	0.0	7	5	1	2	92	92	0	False	139	28	23	0	19	0	rg07_theta12p495_foilpm8	37.5	56	56	True	open_populated	21	71	False	36	35	21
rg07_theta12p495_foilpm8	8.0	-5.0	0.0	7	6	1	2	122	122	0	False	184	37	31	0	25	0	rg07_theta12p495_foilpm8	37.5	56	56	True	open_populated	21	101	False	66	35	21
rg07_theta12p495_foilpm8	8.0	-5.0	0.0	7	7	1	2	117	117	0	False	181	37	32	0	27	0	rg07_theta12p495_foilpm8	37.5	56	56	True	open_populated	20	97	False	61	36	20
rg07_theta12p495_foilpm8	8.0	-5.0	0.0	8	3	1	2	23	23	0	False	37	8	5	0	6	0	rg07_theta12p495_foilpm8	37.5	56	23	False	open_populated	21	2	False	0	2	21
rg07_theta12p495_foilpm8	8.0	-5.0	0.0	8	4	1	2	37	37	0	False	56	12	10	0	7	0	rg07_theta12p495_foilpm8	37.5	56	37	False	open_populated	21	16	False	0	16	21
rg07_theta12p495_foilpm8	8.0	-5.0	0.0	8	5	1	2	47	47	0	False	74	15	13	0	12	0	rg07_theta12p495_foilpm8	37.5	56	47	False	open_populated	21	26	False	0	26	21
rg07_theta12p495_foilpm8	8.0	-5.0	0.0	8	6	1	2	82	82	0	False	123	25	19	0	16	0	rg07_theta12p495_foilpm8	37.5	56	56	True	open_populated	21	61	False	26	35	21
rg07_theta12p495_foilpm8	8.0	-5.0	0.0	8	7	1	2	0	0	0	False	2	1	0	2	1	0	rg07_theta12p495_foilpm8	37.5	56	0	False	observed_no_eligible_core	0	0	False	0	0	0
rg07_theta12p495_foilpm8	8.0	0.0	5.0	0	2	1	3	0	0	0	False	1	1	0	1	0	0	rg07_theta12p495_foilpm8	34.0	51	0	False	observed_no_eligible_core	0	0	False	0	0	0
rg07_theta12p495_foilpm8	8.0	0.0	5.0	0	3	1	3	0	0	0	False	4	1	0	4	3	0	rg07_theta12p495_foilpm8	34.0	51	0	False	observed_no_eligible_core	0	0	False	0	0	0
rg07_theta12p495_foilpm8	8.0	0.0	5.0	0	4	1	3	8	8	0	False	13	3	2	0	2	0	rg07_theta12p495_foilpm8	34.0	51	8	False	open_populated	8	0	True	0	0	8
rg07_theta12p495_foilpm8	8.0	0.0	5.0	0	5	1	3	35	35	0	False	61	13	7	0	13	0	rg07_theta12p495_foilpm8	34.0	51	35	False	open_populated	24	11	False	0	11	24
rg07_theta12p495_foilpm8	8.0	0.0	5.0	0	6	1	3	53	53	0	False	90	18	12	0	19	0	rg07_theta12p495_foilpm8	34.0	51	51	True	open_populated	25	28	False	2	26	25
rg07_theta12p495_foilpm8	8.0	0.0	5.0	0	7	1	3	0	0	0	False	2	1	0	2	1	0	rg07_theta12p495_foilpm8	34.0	51	0	False	observed_no_eligible_core	0	0	False	0	0	0
rg07_theta12p495_foilpm8	8.0	0.0	5.0	1	2	1	3	0	0	0	False	6	2	0	6	4	0	rg07_theta12p495_foilpm8	34.0	51	0	False	observed_no_eligible_core	0	0	False	0	0	0
rg07_theta12p495_foilpm8	8.0	0.0	5.0	1	3	1	3	10	10	0	False	17	4	2	0	3	0	rg07_theta12p495_foilpm8	34.0	51	10	False	open_populated	10	0	False	0	0	10
rg07_theta12p495_foilpm8	8.0	0.0	5.0	1	4	1	3	19	19	0	False	31	7	6	0	5	0	rg07_theta12p495_foilpm8	34.0	51	19	False	open_populated	19	0	False	0	0	19
rg07_theta12p495_foilpm8	8.0	0.0	5.0	1	5	1	3	47	47	0	False	72	15	14	0	10	0	rg07_theta12p495_foilpm8	34.0	51	47	False	open_populated	24	23	False	0	23	24
rg07_theta12p495_foilpm8	8.0	0.0	5.0	1	6	1	3	91	91	0	False	128	26	21	0	11	0	rg07_theta12p495_foilpm8	34.0	51	51	True	open_populated	25	66	False	40	26	25
rg07_theta12p495_foilpm8	8.0	0.0	5.0	1	7	1	3	81	81	0	False	125	25	24	0	19	0	rg07_theta12p495_foilpm8	34.0	51	51	True	open_populated	24	57	False	30	27	24
rg07_theta12p495_foilpm8	8.0	0.0	5.0	2	2	1	3	0	0	0	False	10	2	0	10	8	0	rg07_theta12p495_foilpm8	34.0	51	0	False	observed_no_eligible_core	0	0	False	0	0	0
rg07_theta12p495_foilpm8	8.0	0.0	5.0	2	3	1	3	0	0	0	True	3	1	0	3	2	2	rg07_theta12p495_foilpm8	34.0	51	0	False	blocked	0	0	False	0	0	0
rg07_theta12p495_foilpm8	8.0	0.0	5.0	2	4	1	3	45	45	0	False	83	17	16	0	21	0	rg07_theta12p495_foilpm8	34.0	51	45	False	open_populated	24	21	False	0	21	24
rg07_theta12p495_foilpm8	8.0	0.0	5.0	2	5	1	3	78	78	0	False	121	25	22	0	18	0	rg07_theta12p495_foilpm8	34.0	51	51	True	open_populated	25	53	False	27	26	25
rg07_theta12p495_foilpm8	8.0	0.0	5.0	2	6	1	3	130	130	0	False	216	44	41	0	42	0	rg07_theta12p495_foilpm8	34.0	51	51	True	open_populated	24	106	False	79	27	24
rg07_theta12p495_foilpm8	8.0	0.0	5.0	2	7	1	3	120	120	0	False	189	38	29	0	31	0	rg07_theta12p495_foilpm8	34.0	51	51	True	open_populated	25	95	False	69	26	25
rg07_theta12p495_foilpm8	8.0	0.0	5.0	3	2	1	3	9	9	0	False	14	3	2	0	2	0	rg07_theta12p495_foilpm8	34.0	51	9	False	open_populated	9	0	True	0	0	9
rg07_theta12p495_foilpm8	8.0	0.0	5.0	3	3	1	3	36	36	0	False	54	11	9	0	7	0	rg07_theta12p495_foilpm8	34.0	51	36	False	open_populated	24	12	False	0	12	24
rg07_theta12p495_foilpm8	8.0	0.0	5.0	3	4	1	3	58	58	0	False	93	19	15	0	16	0	rg07_theta12p495_foilpm8	34.0	51	51	True	open_populated	24	34	False	7	27	24
rg07_theta12p495_foilpm8	8.0	0.0	5.0	3	5	1	3	99	99	0	False	170	34	27	0	37	0	rg07_theta12p495_foilpm8	34.0	51	51	True	open_populated	24	75	False	48	27	24
rg07_theta12p495_foilpm8	8.0	0.0	5.0	3	6	1	3	138	138	0	False	221	45	37	0	38	0	rg07_theta12p495_foilpm8	34.0	51	51	True	open_populated	24	114	False	87	27	24
rg07_theta12p495_foilpm8	8.0	0.0	5.0	3	7	1	3	187	187	0	False	306	62	47	0	57	0	rg07_theta12p495_foilpm8	34.0	51	51	True	open_populated	24	163	False	136	27	24
rg07_theta12p495_foilpm8	8.0	0.0	5.0	4	2	1	3	0	0	0	False	4	1	0	4	3	0	rg07_theta12p495_foilpm8	34.0	51	0	False	observed_no_eligible_core	0	0	False	0	0	0
rg07_theta12p495_foilpm8	8.0	0.0	5.0	4	3	1	3	31	31	0	False	47	10	7	0	6	0	rg07_theta12p495_foilpm8	34.0	51	31	False	open_populated	24	7	False	0	7	24
rg07_theta12p495_foilpm8	8.0	0.0	5.0	4	4	1	3	13	13	0	False	21	5	5	0	3	0	rg07_theta12p495_foilpm8	34.0	51	13	False	open_populated	13	0	False	0	0	13
rg07_theta12p495_foilpm8	8.0	0.0	5.0	4	5	1	3	114	114	0	False	181	37	31	0	30	0	rg07_theta12p495_foilpm8	34.0	51	51	True	open_populated	24	90	False	63	27	24
rg07_theta12p495_foilpm8	8.0	0.0	5.0	4	6	1	3	154	154	0	False	249	50	37	0	45	0	rg07_theta12p495_foilpm8	34.0	51	51	True	open_populated	24	130	False	103	27	24
rg07_theta12p495_foilpm8	8.0	0.0	5.0	4	7	1	3	202	202	0	False	314	63	51	0	49	0	rg07_theta12p495_foilpm8	34.0	51	51	True	open_populated	25	177	False	151	26	25
rg07_theta12p495_foilpm8	8.0	0.0	5.0	5	2	1	3	0	0	0	False	3	1	0	3	2	0	rg07_theta12p495_foilpm8	34.0	51	0	False	observed_no_eligible_core	0	0	False	0	0	0
rg07_theta12p495_foilpm8	8.0	0.0	5.0	5	3	1	3	34	34	0	False	48	10	6	0	4	0	rg07_theta12p495_foilpm8	34.0	51	34	False	open_populated	25	9	False	0	9	25
rg07_theta12p495_foilpm8	8.0	0.0	5.0	5	4	1	3	67	67	0	False	110	22	15	0	21	0	rg07_theta12p495_foilpm8	34.0	51	51	True	open_populated	24	43	False	16	27	24
rg07_theta12p495_foilpm8	8.0	0.0	5.0	5	5	1	3	0	0	0	True	2	1	0	2	1	1	rg07_theta12p495_foilpm8	34.0	51	0	False	blocked	0	0	False	0	0	0
rg07_theta12p495_foilpm8	8.0	0.0	5.0	5	6	1	3	145	145	0	False	230	46	39	0	39	0	rg07_theta12p495_foilpm8	34.0	51	51	True	open_populated	24	121	False	94	27	24
rg07_theta12p495_foilpm8	8.0	0.0	5.0	5	7	1	3	175	175	0	False	271	55	45	0	41	0	rg07_theta12p495_foilpm8	34.0	51	51	True	open_populated	25	150	False	124	26	25
rg07_theta12p495_foilpm8	8.0	0.0	5.0	6	2	1	3	0	0	0	False	5	1	0	5	4	0	rg07_theta12p495_foilpm8	34.0	51	0	False	observed_no_eligible_core	0	0	False	0	0	0
rg07_theta12p495_foilpm8	8.0	0.0	5.0	6	3	1	3	24	24	0	False	38	8	7	0	6	0	rg07_theta12p495_foilpm8	34.0	51	24	False	open_populated	24	0	False	0	0	24
rg07_theta12p495_foilpm8	8.0	0.0	5.0	6	4	1	3	57	57	0	False	87	18	12	0	12	0	rg07_theta12p495_foilpm8	34.0	51	51	True	open_populated	24	33	False	6	27	24
rg07_theta12p495_foilpm8	8.0	0.0	5.0	6	5	1	3	71	71	0	False	126	26	15	0	29	0	rg07_theta12p495_foilpm8	34.0	51	51	True	open_populated	24	47	False	20	27	24
rg07_theta12p495_foilpm8	8.0	0.0	5.0	6	6	1	3	113	113	0	False	178	36	26	0	29	0	rg07_theta12p495_foilpm8	34.0	51	51	True	open_populated	24	89	False	62	27	24
rg07_theta12p495_foilpm8	8.0	0.0	5.0	6	7	1	3	167	167	0	False	266	54	47	0	45	0	rg07_theta12p495_foilpm8	34.0	51	51	True	open_populated	24	143	False	116	27	24
rg07_theta12p495_foilpm8	8.0	0.0	5.0	7	2	1	3	0	0	0	False	5	1	0	5	4	0	rg07_theta12p495_foilpm8	34.0	51	0	False	observed_no_eligible_core	0	0	False	0	0	0
rg07_theta12p495_foilpm8	8.0	0.0	5.0	7	3	1	3	16	16	0	False	26	6	5	0	4	0	rg07_theta12p495_foilpm8	34.0	51	16	False	open_populated	16	0	False	0	0	16
rg07_theta12p495_foilpm8	8.0	0.0	5.0	7	4	1	3	36	36	0	False	55	11	7	0	8	0	rg07_theta12p495_foilpm8	34.0	51	36	False	open_populated	24	12	False	0	12	24
rg07_theta12p495_foilpm8	8.0	0.0	5.0	7	5	1	3	61	61	0	False	101	21	17	0	19	0	rg07_theta12p495_foilpm8	34.0	51	51	True	open_populated	24	37	False	10	27	24
rg07_theta12p495_foilpm8	8.0	0.0	5.0	7	6	1	3	73	73	0	False	119	24	15	0	22	0	rg07_theta12p495_foilpm8	34.0	51	51	True	open_populated	24	49	False	22	27	24
rg07_theta12p495_foilpm8	8.0	0.0	5.0	7	7	1	3	104	104	0	False	163	33	28	0	26	0	rg07_theta12p495_foilpm8	34.0	51	51	True	open_populated	25	79	False	53	26	25
rg07_theta12p495_foilpm8	8.0	0.0	5.0	8	3	1	3	15	15	0	False	27	6	5	0	6	0	rg07_theta12p495_foilpm8	34.0	51	15	False	open_populated	15	0	False	0	0	15
rg07_theta12p495_foilpm8	8.0	0.0	5.0	8	4	1	3	24	24	0	False	36	8	7	0	4	0	rg07_theta12p495_foilpm8	34.0	51	24	False	open_populated	24	0	False	0	0	24
rg07_theta12p495_foilpm8	8.0	0.0	5.0	8	5	1	3	35	35	0	False	58	12	9	0	11	0	rg07_theta12p495_foilpm8	34.0	51	35	False	open_populated	25	10	False	0	10	25
rg07_theta12p495_foilpm8	8.0	0.0	5.0	8	6	1	3	67	67	0	False	104	21	18	0	16	0	rg07_theta12p495_foilpm8	34.0	51	51	True	open_populated	25	42	False	16	26	25
rg07_theta12p495_foilpm8	8.0	0.0	5.0	8	7	1	3	0	0	0	False	1	1	0	1	0	0	rg07_theta12p495_foilpm8	34.0	51	0	False	observed_no_eligible_core	0	0	False	0	0	0
rg07_theta12p495_foilpm8	8.0	5.0	10.0	0	3	1	4	0	0	0	False	1	1	0	1	0	0	rg07_theta12p495_foilpm8	20.0	30	0	False	observed_no_eligible_core	0	0	False	0	0	0
rg07_theta12p495_foilpm8	8.0	5.0	10.0	0	4	1	4	0	0	0	False	12	3	0	12	9	0	rg07_theta12p495_foilpm8	20.0	30	0	False	observed_no_eligible_core	0	0	False	0	0	0
rg07_theta12p495_foilpm8	8.0	5.0	10.0	0	5	1	4	13	13	0	False	20	4	4	0	3	0	rg07_theta12p495_foilpm8	20.0	30	13	False	open_populated	13	0	False	0	0	13
rg07_theta12p495_foilpm8	8.0	5.0	10.0	0	6	1	4	30	30	0	False	45	9	8	0	6	0	rg07_theta12p495_foilpm8	20.0	30	30	False	open_populated	30	0	False	0	0	30
rg07_theta12p495_foilpm8	8.0	5.0	10.0	0	7	1	4	0	0	0	False	1	1	0	1	0	0	rg07_theta12p495_foilpm8	20.0	30	0	False	observed_no_eligible_core	0	0	False	0	0	0
rg07_theta12p495_foilpm8	8.0	5.0	10.0	1	3	1	4	0	0	0	False	10	2	0	10	8	0	rg07_theta12p495_foilpm8	20.0	30	0	False	observed_no_eligible_core	0	0	False	0	0	0
rg07_theta12p495_foilpm8	8.0	5.0	10.0	1	4	1	4	19	19	0	False	29	6	6	0	4	0	rg07_theta12p495_foilpm8	20.0	30	19	False	open_populated	19	0	False	0	0	19
rg07_theta12p495_foilpm8	8.0	5.0	10.0	1	5	1	4	38	38	0	False	58	12	11	0	8	0	rg07_theta12p495_foilpm8	20.0	30	30	True	open_populated	30	8	False	8	0	30
rg07_theta12p495_foilpm8	8.0	5.0	10.0	1	6	1	4	60	60	0	False	93	19	17	0	14	0	rg07_theta12p495_foilpm8	20.0	30	30	True	open_populated	30	30	False	30	0	30
rg07_theta12p495_foilpm8	8.0	5.0	10.0	1	7	1	4	65	65	0	False	103	21	15	0	17	0	rg07_theta12p495_foilpm8	20.0	30	30	True	open_populated	30	35	False	35	0	30
rg07_theta12p495_foilpm8	8.0	5.0	10.0	2	4	1	4	36	36	0	False	56	12	6	0	8	0	rg07_theta12p495_foilpm8	20.0	30	30	True	open_populated	30	6	False	6	0	30
rg07_theta12p495_foilpm8	8.0	5.0	10.0	2	5	1	4	50	50	0	False	72	15	13	0	7	0	rg07_theta12p495_foilpm8	20.0	30	30	True	open_populated	30	20	False	20	0	30
rg07_theta12p495_foilpm8	8.0	5.0	10.0	2	6	1	4	82	82	0	False	125	25	20	0	18	0	rg07_theta12p495_foilpm8	20.0	30	30	True	open_populated	30	52	False	52	0	30
rg07_theta12p495_foilpm8	8.0	5.0	10.0	2	7	1	4	109	109	0	False	175	35	28	0	31	0	rg07_theta12p495_foilpm8	20.0	30	30	True	open_populated	30	79	False	79	0	30
rg07_theta12p495_foilpm8	8.0	5.0	10.0	3	3	1	4	20	20	0	False	26	6	6	0	0	0	rg07_theta12p495_foilpm8	20.0	30	20	False	open_populated	20	0	False	0	0	20
rg07_theta12p495_foilpm8	8.0	5.0	10.0	3	4	1	4	26	26	0	False	45	9	6	0	10	0	rg07_theta12p495_foilpm8	20.0	30	26	False	open_populated	26	0	False	0	0	26
rg07_theta12p495_foilpm8	8.0	5.0	10.0	3	5	1	4	58	58	0	False	96	20	15	0	18	0	rg07_theta12p495_foilpm8	20.0	30	30	True	open_populated	30	28	False	28	0	30
rg07_theta12p495_foilpm8	8.0	5.0	10.0	3	6	1	4	93	93	0	False	144	29	23	0	22	0	rg07_theta12p495_foilpm8	20.0	30	30	True	open_populated	30	63	False	63	0	30
rg07_theta12p495_foilpm8	8.0	5.0	10.0	3	7	1	4	133	133	0	False	226	46	39	0	47	0	rg07_theta12p495_foilpm8	20.0	30	30	True	open_populated	30	103	False	103	0	30
rg07_theta12p495_foilpm8	8.0	5.0	10.0	4	3	1	4	25	25	0	False	35	7	5	0	3	0	rg07_theta12p495_foilpm8	20.0	30	25	False	open_populated	25	0	False	0	0	25
rg07_theta12p495_foilpm8	8.0	5.0	10.0	4	4	1	4	0	0	0	False	12	3	0	12	9	0	rg07_theta12p495_foilpm8	20.0	30	0	False	observed_no_eligible_core	0	0	False	0	0	0
rg07_theta12p495_foilpm8	8.0	5.0	10.0	4	5	1	4	61	61	0	False	111	23	14	0	27	0	rg07_theta12p495_foilpm8	20.0	30	30	True	open_populated	30	31	False	31	0	30
rg07_theta12p495_foilpm8	8.0	5.0	10.0	4	6	1	4	112	112	0	False	175	35	26	0	28	0	rg07_theta12p495_foilpm8	20.0	30	30	True	open_populated	30	82	False	82	0	30
rg07_theta12p495_foilpm8	8.0	5.0	10.0	4	7	1	4	148	148	0	False	232	47	36	0	37	0	rg07_theta12p495_foilpm8	20.0	30	30	True	open_populated	30	118	False	118	0	30
rg07_theta12p495_foilpm8	8.0	5.0	10.0	5	3	1	4	15	15	0	False	23	5	5	0	3	0	rg07_theta12p495_foilpm8	20.0	30	15	False	open_populated	15	0	False	0	0	15
rg07_theta12p495_foilpm8	8.0	5.0	10.0	5	4	1	4	31	31	0	False	47	10	9	0	6	0	rg07_theta12p495_foilpm8	20.0	30	30	True	open_populated	30	1	False	1	0	30
rg07_theta12p495_foilpm8	8.0	5.0	10.0	5	6	1	4	111	111	0	False	169	34	29	0	24	0	rg07_theta12p495_foilpm8	20.0	30	30	True	open_populated	30	81	False	81	0	30
rg07_theta12p495_foilpm8	8.0	5.0	10.0	5	7	1	4	127	127	0	False	211	43	35	0	41	0	rg07_theta12p495_foilpm8	20.0	30	30	True	open_populated	30	97	False	97	0	30
rg07_theta12p495_foilpm8	8.0	5.0	10.0	6	3	1	4	11	11	0	False	16	4	3	0	1	0	rg07_theta12p495_foilpm8	20.0	30	11	False	open_populated	11	0	False	0	0	11
rg07_theta12p495_foilpm8	8.0	5.0	10.0	6	4	1	4	20	20	0	False	34	7	6	0	7	0	rg07_theta12p495_foilpm8	20.0	30	20	False	open_populated	20	0	False	0	0	20
rg07_theta12p495_foilpm8	8.0	5.0	10.0	6	5	1	4	44	44	0	False	66	14	10	0	8	0	rg07_theta12p495_foilpm8	20.0	30	30	True	open_populated	30	14	False	14	0	30
rg07_theta12p495_foilpm8	8.0	5.0	10.0	6	6	1	4	81	81	0	False	131	27	18	0	23	0	rg07_theta12p495_foilpm8	20.0	30	30	True	open_populated	30	51	False	51	0	30
rg07_theta12p495_foilpm8	8.0	5.0	10.0	6	7	1	4	114	114	0	False	188	38	26	0	36	0	rg07_theta12p495_foilpm8	20.0	30	30	True	open_populated	30	84	False	84	0	30
rg07_theta12p495_foilpm8	8.0	5.0	10.0	7	3	1	4	10	10	0	False	16	4	4	0	2	0	rg07_theta12p495_foilpm8	20.0	30	10	False	open_populated	10	0	False	0	0	10
rg07_theta12p495_foilpm8	8.0	5.0	10.0	7	4	1	4	20	20	0	False	25	5	4	0	0	0	rg07_theta12p495_foilpm8	20.0	30	20	False	open_populated	20	0	False	0	0	20
rg07_theta12p495_foilpm8	8.0	5.0	10.0	7	5	1	4	30	30	0	False	48	10	9	0	8	0	rg07_theta12p495_foilpm8	20.0	30	30	False	open_populated	30	0	False	0	0	30
rg07_theta12p495_foilpm8	8.0	5.0	10.0	7	6	1	4	64	64	0	False	111	23	15	0	24	0	rg07_theta12p495_foilpm8	20.0	30	30	True	open_populated	30	34	False	34	0	30
rg07_theta12p495_foilpm8	8.0	5.0	10.0	7	7	1	4	68	68	0	False	109	22	17	0	19	0	rg07_theta12p495_foilpm8	20.0	30	30	True	open_populated	30	38	False	38	0	30
rg07_theta12p495_foilpm8	8.0	5.0	10.0	8	3	1	4	0	0	0	False	8	2	0	8	6	0	rg07_theta12p495_foilpm8	20.0	30	0	False	observed_no_eligible_core	0	0	False	0	0	0
rg07_theta12p495_foilpm8	8.0	5.0	10.0	8	4	1	4	8	8	0	False	16	4	2	0	4	0	rg07_theta12p495_foilpm8	20.0	30	8	False	open_populated	8	0	True	0	0	8
rg07_theta12p495_foilpm8	8.0	5.0	10.0	8	5	1	4	15	15	0	False	27	6	4	0	6	0	rg07_theta12p495_foilpm8	20.0	30	15	False	open_populated	15	0	False	0	0	15
rg07_theta12p495_foilpm8	8.0	5.0	10.0	8	6	1	4	28	28	0	False	43	9	6	0	6	0	rg07_theta12p495_foilpm8	20.0	30	28	False	open_populated	28	0	False	0	0	28
rg07_theta12p495_foilpm8	8.0	5.0	10.0	8	7	1	4	0	0	0	False	2	1	0	2	1	0	rg07_theta12p495_foilpm8	20.0	30	0	False	observed_no_eligible_core	0	0	False	0	0	0
