pool	subset	target	model	reference	comparison	metric	value	reference_value	change	percent_change
protected_core	all	xptar	old	old	starting	bias	-0.3148324386558188	-0.3148324386558188	0.0	
protected_core	all	xptar	old	old	starting	spread	1.53898710121926	1.53898710121926	0.0	0.0
protected_core	all	xptar	old	old	starting	rms	1.5708598798585536	1.5708598798585536	0.0	0.0
protected_core	all	xptar	old	old	starting	median	1.02912935086958	1.02912935086958	0.0	0.0
protected_core	all	xptar	old	old	starting	p90	2.4961156636191446	2.4961156636191446	0.0	0.0
protected_core	all	xptar	old	old	starting	cell_mse	3.373790993563093	3.373790993563093	0.0	0.0
protected_core	all	xptar	gmm	old	starting	bias	0.20491963289035175	-0.3148324386558188	0.5197520715461705	
protected_core	all	xptar	gmm	old	starting	spread	1.5229934120631103	1.53898710121926	-0.015993689156149626	-1.039234776138065
protected_core	all	xptar	gmm	old	starting	rms	1.5367176022716573	1.5708598798585536	-0.03414227758689625	-2.1734769615460947
protected_core	all	xptar	gmm	old	starting	median	1.0223334919376792	1.02912935086958	-0.006795858931900822	-0.6603503171062508
protected_core	all	xptar	gmm	old	starting	p90	2.465888852428189	2.4961156636191446	-0.030226811190955605	-1.2109539486295007
protected_core	all	xptar	gmm	old	starting	cell_mse	2.898716816912098	3.373790993563093	-0.4750741766509954	-14.081316167996082
protected_core	all	xptar	gmm	old	previous	bias	0.20491963289035175	-0.3148324386558188	0.5197520715461705	
protected_core	all	xptar	gmm	old	previous	spread	1.5229934120631103	1.53898710121926	-0.015993689156149626	-1.039234776138065
protected_core	all	xptar	gmm	old	previous	rms	1.5367176022716573	1.5708598798585536	-0.03414227758689625	-2.1734769615460947
protected_core	all	xptar	gmm	old	previous	median	1.0223334919376792	1.02912935086958	-0.006795858931900822	-0.6603503171062508
protected_core	all	xptar	gmm	old	previous	p90	2.465888852428189	2.4961156636191446	-0.030226811190955605	-1.2109539486295007
protected_core	all	xptar	gmm	old	previous	cell_mse	2.898716816912098	3.373790993563093	-0.4750741766509954	-14.081316167996082
protected_core	all	xptar	core	old	starting	bias	0.2802576998907784	-0.3148324386558188	0.5950901385465972	
protected_core	all	xptar	core	old	starting	spread	1.461999103391435	1.53898710121926	-0.07698799782782495	-5.002510922075388
protected_core	all	xptar	core	old	starting	rms	1.4886187412045535	1.5708598798585536	-0.08224113865400007	-5.2354216762735994
protected_core	all	xptar	core	old	starting	median	1.0085014611453027	1.02912935086958	-0.020627889724277315	-2.0044020420608377
protected_core	all	xptar	core	old	starting	p90	2.415428616537321	2.4961156636191446	-0.0806870470818235	-3.232504336951858
protected_core	all	xptar	core	old	starting	cell_mse	2.57559581193473	3.373790993563093	-0.7981951816283632	-23.658702721989943
protected_core	all	xptar	core	gmm	previous	bias	0.2802576998907784	0.20491963289035175	0.07533806700042667	
protected_core	all	xptar	core	gmm	previous	spread	1.461999103391435	1.5229934120631103	-0.060994308671675324	-4.004896422306247
protected_core	all	xptar	core	gmm	previous	rms	1.4886187412045535	1.5367176022716573	-0.048098861067103815	-3.129973978042655
protected_core	all	xptar	core	gmm	previous	median	1.0085014611453027	1.0223334919376792	-0.013832030792376493	-1.3529861734413062
protected_core	all	xptar	core	gmm	previous	p90	2.415428616537321	2.465888852428189	-0.0504602358908679	-2.0463305084160277
protected_core	all	xptar	core	gmm	previous	cell_mse	2.57559581193473	2.898716816912098	-0.32312100497736784	-11.14703592610945
protected_core	all	xptar	enet	old	starting	bias	0.28751865878279376	-0.3148324386558188	0.6023510974386126	
protected_core	all	xptar	enet	old	starting	spread	1.5269675305938544	1.53898710121926	-0.012019570625405596	-0.7810052869113182
protected_core	all	xptar	enet	old	starting	rms	1.5538007654252686	1.5708598798585536	-0.017059114433285005	-1.0859730172000481
protected_core	all	xptar	enet	old	starting	median	1.0460635350330283	1.02912935086958	0.016934184163448274	1.645486463789947
protected_core	all	xptar	enet	old	starting	p90	2.5227819829875355	2.4961156636191446	0.026666319368390923	1.068312649011105
protected_core	all	xptar	enet	old	starting	cell_mse	2.8583802760571704	3.373790993563093	-0.5154107175059228	-15.276901221482975
protected_core	all	xptar	enet	core	previous	bias	0.28751865878279376	0.2802576998907784	0.0072609588920153345	
protected_core	all	xptar	enet	core	previous	spread	1.5269675305938544	1.461999103391435	0.06496842720241935	4.443807595484195
protected_core	all	xptar	enet	core	previous	rms	1.5538007654252686	1.4886187412045535	0.06518202422071506	4.378691629797116
protected_core	all	xptar	enet	core	previous	median	1.0460635350330283	1.0085014611453027	0.03756207388772559	3.7245433283823237
protected_core	all	xptar	enet	core	previous	p90	2.5227819829875355	2.415428616537321	0.10735336645021443	4.44448516156577
protected_core	all	xptar	enet	core	previous	cell_mse	2.8583802760571704	2.57559581193473	0.2827844641224404	10.979380491771295
protected_core	all	xptar	beam	old	starting	bias	0.2820162027938392	-0.3148324386558188	0.596848641449658	
protected_core	all	xptar	beam	old	starting	spread	1.4687981326689215	1.53898710121926	-0.07018896855033852	-4.56072494010713
protected_core	all	xptar	beam	old	starting	rms	1.4956273242923743	1.5708598798585536	-0.07523255556617925	-4.789259470612583
protected_core	all	xptar	beam	old	starting	median	1.0144351565591434	1.02912935086958	-0.014694194310436615	-1.4278277359420888
protected_core	all	xptar	beam	old	starting	p90	2.4289194497246585	2.4961156636191446	-0.06719621389448616	-2.6920312577606187
protected_core	all	xptar	beam	old	starting	cell_mse	2.603876009651588	3.373790993563093	-0.7699149839115051	-22.820470662837078
protected_core	all	xptar	beam	enet	previous	bias	0.2820162027938392	0.28751865878279376	-0.005502455988954547	
protected_core	all	xptar	beam	enet	previous	spread	1.4687981326689215	1.5269675305938544	-0.05816939792493292	-3.8094718295882957
protected_core	all	xptar	beam	enet	previous	rms	1.4956273242923743	1.5538007654252686	-0.058173441132894244	-3.743944682442757
protected_core	all	xptar	beam	enet	previous	median	1.0144351565591434	1.0460635350330283	-0.03162837847388489	-3.0235618979765233
protected_core	all	xptar	beam	enet	previous	p90	2.4289194497246585	2.5227819829875355	-0.09386253326287708	-3.7205963058180247
protected_core	all	xptar	beam	enet	previous	cell_mse	2.603876009651588	2.8583802760571704	-0.2545042664055823	-8.903793121489201
protected_core	all	ytar	old	old	starting	bias	0.02529138223439099	0.02529138223439099	0.0	
protected_core	all	ytar	old	old	starting	spread	0.1405534325473497	0.1405534325473497	0.0	0.0
protected_core	all	ytar	old	old	starting	rms	0.1428107888647369	0.1428107888647369	0.0	0.0
protected_core	all	ytar	old	old	starting	median	0.09175127166598465	0.09175127166598465	0.0	0.0
protected_core	all	ytar	old	old	starting	p90	0.22864526455363657	0.22864526455363657	0.0	0.0
protected_core	all	ytar	old	old	starting	cell_mse	0.026257739960487275	0.026257739960487275	0.0	0.0
protected_core	all	ytar	gmm	old	starting	bias	0.005751829682296238	0.02529138223439099	-0.019539552552094754	
protected_core	all	ytar	gmm	old	starting	spread	0.13713996565461775	0.1405534325473497	-0.003413466892731948	-2.428590202933689
protected_core	all	ytar	gmm	old	starting	rms	0.13726053228967122	0.1428107888647369	-0.005550256575065665	-3.886440666834068
protected_core	all	ytar	gmm	old	starting	median	0.09057523895841445	0.09175127166598465	-0.0011760327075702043	-1.2817617524163438
protected_core	all	ytar	gmm	old	starting	p90	0.2237816182319495	0.22864526455363657	-0.004863646321687065	-2.1271581246967486
protected_core	all	ytar	gmm	old	starting	cell_mse	0.023300889257829888	0.026257739960487275	-0.0029568507026573876	-11.260872821144796
protected_core	all	ytar	gmm	old	previous	bias	0.005751829682296238	0.02529138223439099	-0.019539552552094754	
protected_core	all	ytar	gmm	old	previous	spread	0.13713996565461775	0.1405534325473497	-0.003413466892731948	-2.428590202933689
protected_core	all	ytar	gmm	old	previous	rms	0.13726053228967122	0.1428107888647369	-0.005550256575065665	-3.886440666834068
protected_core	all	ytar	gmm	old	previous	median	0.09057523895841445	0.09175127166598465	-0.0011760327075702043	-1.2817617524163438
protected_core	all	ytar	gmm	old	previous	p90	0.2237816182319495	0.22864526455363657	-0.004863646321687065	-2.1271581246967486
protected_core	all	ytar	gmm	old	previous	cell_mse	0.023300889257829888	0.026257739960487275	-0.0029568507026573876	-11.260872821144796
protected_core	all	ytar	core	old	starting	bias	0.01064335969872493	0.02529138223439099	-0.01464802253566606	
protected_core	all	ytar	core	old	starting	spread	0.13540186064109908	0.1405534325473497	-0.005151571906250624	-3.6652053335767265
protected_core	all	ytar	core	old	starting	rms	0.13581953088841114	0.1428107888647369	-0.006991257976325743	-4.895469055175871
protected_core	all	ytar	core	old	starting	median	0.08942463513343275	0.09175127166598465	-0.0023266365325518984	-2.535808485599944
protected_core	all	ytar	core	old	starting	p90	0.22198891866792247	0.22864526455363657	-0.006656345885714093	-2.911210909488404
protected_core	all	ytar	core	old	starting	cell_mse	0.022580747895505727	0.026257739960487275	-0.0036769920649815484	-14.003459819903375
protected_core	all	ytar	core	gmm	previous	bias	0.01064335969872493	0.005751829682296238	0.0048915300164286924	
protected_core	all	ytar	core	gmm	previous	spread	0.13540186064109908	0.13713996565461775	-0.001738105013518676	-1.267394960485868
protected_core	all	ytar	core	gmm	previous	rms	0.13581953088841114	0.13726053228967122	-0.001441001401260078	-1.0498293844723117
protected_core	all	ytar	core	gmm	previous	median	0.08942463513343275	0.09057523895841445	-0.0011506038249816941	-1.2703293286479456
protected_core	all	ytar	core	gmm	previous	p90	0.22198891866792247	0.2237816182319495	-0.0017926995640270282	-0.8010933061395997
protected_core	all	ytar	core	gmm	previous	cell_mse	0.022580747895505727	0.023300889257829888	-0.0007201413623241608	-3.0906175054334795
protected_core	all	ytar	enet	old	starting	bias	0.008383938098834967	0.02529138223439099	-0.016907444135556025	
protected_core	all	ytar	enet	old	starting	spread	0.13687037254960324	0.1405534325473497	-0.0036830599977464573	-2.6203984712402595
protected_core	all	ytar	enet	old	starting	rms	0.13712690946678655	0.1428107888647369	-0.005683879397950342	-3.9800070030660106
protected_core	all	ytar	enet	old	starting	median	0.0905045290847425	0.09175127166598465	-0.0012467425812421468	-1.3588286664634408
protected_core	all	ytar	enet	old	starting	p90	0.22285255944409504	0.22864526455363657	-0.005792705109541524	-2.5334900859854237
protected_core	all	ytar	enet	old	starting	cell_mse	0.023201002154575733	0.026257739960487275	-0.0030567378059115427	-11.641282953183829
protected_core	all	ytar	enet	core	previous	bias	0.008383938098834967	0.01064335969872493	-0.0022594215998899634	
protected_core	all	ytar	enet	core	previous	spread	0.13687037254960324	0.13540186064109908	0.0014685119085041665	1.0845581453246433
protected_core	all	ytar	enet	core	previous	rms	0.13712690946678655	0.13581953088841114	0.001307378578375401	0.9625851082121217
protected_core	all	ytar	enet	core	previous	median	0.0905045290847425	0.08942463513343275	0.0010798939513097516	1.2076023007512537
protected_core	all	ytar	enet	core	previous	p90	0.22285255944409504	0.22198891866792247	0.0008636407761725695	0.38904679627929095
protected_core	all	ytar	enet	core	previous	cell_mse	0.023201002154575733	0.022580747895505727	0.0006202542590700057	2.74682779303983
protected_core	all	ytar	beam	old	starting	bias	0.009974693486049473	0.02529138223439099	-0.015316688748341517	
protected_core	all	ytar	beam	old	starting	spread	0.13565812800344101	0.1405534325473497	-0.004895304543908685	-3.4828779740114557
protected_core	all	ytar	beam	old	starting	rms	0.13602434415772285	0.1428107888647369	-0.006786444707014033	-4.752053231385622
protected_core	all	ytar	beam	old	starting	median	0.08951166757604652	0.09175127166598465	-0.0022396040899381325	-2.440951552248005
protected_core	all	ytar	beam	old	starting	p90	0.2218795375958589	0.22864526455363657	-0.006765726957777662	-2.959049675043901
protected_core	all	ytar	beam	old	starting	cell_mse	0.02274531780220487	0.026257739960487275	-0.0035124221582824057	-13.376711642235428
protected_core	all	ytar	beam	enet	previous	bias	0.009974693486049473	0.008383938098834967	0.0015907553872145062	
protected_core	all	ytar	beam	enet	previous	spread	0.13565812800344101	0.13687037254960324	-0.0012122445461622278	-0.885688059132661
protected_core	all	ytar	beam	enet	previous	rms	0.13602434415772285	0.13712690946678655	-0.001102565309063691	-0.8040473699516548
protected_core	all	ytar	beam	enet	previous	median	0.08951166757604652	0.0905045290847425	-0.0009928615086959858	-1.097029638998881
protected_core	all	ytar	beam	enet	previous	p90	0.2218795375958589	0.22285255944409504	-0.0009730218482361386	-0.43662134761356386
protected_core	all	ytar	beam	enet	previous	cell_mse	0.02274531780220487	0.023201002154575733	-0.000455684352370863	-1.9640718505816501
protected_core	all	yptar	old	old	starting	bias	-0.06654405863386897	-0.06654405863386897	0.0	
protected_core	all	yptar	old	old	starting	spread	1.046569701428251	1.046569701428251	0.0	0.0
protected_core	all	yptar	old	old	starting	rms	1.0486831035575457	1.0486831035575457	0.0	0.0
protected_core	all	yptar	old	old	starting	median	0.7080590423211921	0.7080590423211921	0.0	0.0
protected_core	all	yptar	old	old	starting	p90	1.720446042261939	1.720446042261939	0.0	0.0
protected_core	all	yptar	old	old	starting	cell_mse	1.2218805326752347	1.2218805326752347	0.0	0.0
protected_core	all	yptar	gmm	old	starting	bias	0.00011524528452507283	-0.06654405863386897	0.06665930391839404	
protected_core	all	yptar	gmm	old	starting	spread	1.034432550632169	1.046569701428251	-0.012137150796081908	-1.1597078321222587
protected_core	all	yptar	gmm	old	starting	rms	1.0344325570518604	1.0486831035575457	-0.014250546505685247	-1.358899219157983
protected_core	all	yptar	gmm	old	starting	median	0.7065442010863563	0.7080590423211921	-0.0015148412348358065	-0.21394278503523712
protected_core	all	yptar	gmm	old	starting	p90	1.7025708515666471	1.720446042261939	-0.017875190695291865	-1.0389858360097537
protected_core	all	yptar	gmm	old	starting	cell_mse	1.1565510760315947	1.2218805326752347	-0.06532945664363998	-5.3466320885401935
protected_core	all	yptar	gmm	old	previous	bias	0.00011524528452507283	-0.06654405863386897	0.06665930391839404	
protected_core	all	yptar	gmm	old	previous	spread	1.034432550632169	1.046569701428251	-0.012137150796081908	-1.1597078321222587
protected_core	all	yptar	gmm	old	previous	rms	1.0344325570518604	1.0486831035575457	-0.014250546505685247	-1.358899219157983
protected_core	all	yptar	gmm	old	previous	median	0.7065442010863563	0.7080590423211921	-0.0015148412348358065	-0.21394278503523712
protected_core	all	yptar	gmm	old	previous	p90	1.7025708515666471	1.720446042261939	-0.017875190695291865	-1.0389858360097537
protected_core	all	yptar	gmm	old	previous	cell_mse	1.1565510760315947	1.2218805326752347	-0.06532945664363998	-5.3466320885401935
protected_core	all	yptar	core	old	starting	bias	-0.014651789396987773	-0.06654405863386897	0.0518922692368812	
protected_core	all	yptar	core	old	starting	spread	1.0290621972963236	1.046569701428251	-0.017507504131927254	-1.6728464533260268
protected_core	all	yptar	core	old	starting	rms	1.0291664981123663	1.0486831035575457	-0.019516605445179414	-1.8610584435823752
protected_core	all	yptar	core	old	starting	median	0.7028590014280561	0.7080590423211921	-0.005200040893135971	-0.7344078081524041
protected_core	all	yptar	core	old	starting	p90	1.6933265143986242	1.720446042261939	-0.02711952786331473	-1.576307957188805
protected_core	all	yptar	core	old	starting	cell_mse	1.1434982254784114	1.2218805326752347	-0.07838230719682326	-6.414891235332954
protected_core	all	yptar	core	gmm	previous	bias	-0.014651789396987773	0.00011524528452507283	-0.014767034681512846	
protected_core	all	yptar	core	gmm	previous	spread	1.0290621972963236	1.034432550632169	-0.005370353335845346	-0.5191593528803162
protected_core	all	yptar	core	gmm	previous	rms	1.0291664981123663	1.0344325570518604	-0.005266058939494167	-0.5090770687363633
protected_core	all	yptar	core	gmm	previous	median	0.7028590014280561	0.7065442010863563	-0.0036851996583001645	-0.5215809078376044
protected_core	all	yptar	core	gmm	previous	p90	1.6933265143986242	1.7025708515666471	-0.009244337168022865	-0.5429634343567247
protected_core	all	yptar	core	gmm	previous	cell_mse	1.1434982254784114	1.1565510760315947	-0.013052850553183282	-1.1286013063919964
protected_core	all	yptar	enet	old	starting	bias	-0.007403682714387749	-0.06654405863386897	0.05914037591948122	
protected_core	all	yptar	enet	old	starting	spread	1.0362605604850015	1.046569701428251	-0.010309140943249417	-0.9850410277672417
protected_core	all	yptar	enet	old	starting	rms	1.0362870083786755	1.0486831035575457	-0.012396095178870192	-1.1820630214044447
protected_core	all	yptar	enet	old	starting	median	0.705286896994512	0.7080590423211921	-0.002772145326680131	-0.39151330058470046
protected_core	all	yptar	enet	old	starting	p90	1.7049810057245953	1.720446042261939	-0.015465036537343657	-0.8988969230915966
protected_core	all	yptar	enet	old	starting	cell_mse	1.1650711193756924	1.2218805326752347	-0.056809413299542255	-4.649342695980385
protected_core	all	yptar	enet	core	previous	bias	-0.007403682714387749	-0.014651789396987773	0.007248106682600024	
protected_core	all	yptar	enet	core	previous	spread	1.0362605604850015	1.0290621972963236	0.0071983631886778365	0.6995071053615742
protected_core	all	yptar	enet	core	previous	rms	1.0362870083786755	1.0291664981123663	0.007120510266309221	0.6918715561932132
protected_core	all	yptar	enet	core	previous	median	0.705286896994512	0.7028590014280561	0.00242789556645584	0.3454313826134259
protected_core	all	yptar	enet	core	previous	p90	1.7049810057245953	1.6933265143986242	0.011654491325971073	0.6882601333452865
protected_core	all	yptar	enet	core	previous	cell_mse	1.1650711193756924	1.1434982254784114	0.02157289389728101	1.8865699497045973
protected_core	all	yptar	beam	old	starting	bias	-0.012659849913610258	-0.06654405863386897	0.05388420872025872	
protected_core	all	yptar	beam	old	starting	spread	1.0327993646216156	1.046569701428251	-0.013770336806635308	-1.3157591690111992
protected_core	all	yptar	beam	old	starting	rms	1.0328769526727992	1.0486831035575457	-0.01580615088474646	-1.5072380618249448
protected_core	all	yptar	beam	old	starting	median	0.7061468951027648	0.7080590423211921	-0.0019121472184272514	-0.27005477003143596
protected_core	all	yptar	beam	old	starting	p90	1.698849435210601	1.720446042261939	-0.021596607051338035	-1.2552911582710324
protected_core	all	yptar	beam	old	starting	cell_mse	1.1571274386209898	1.2218805326752347	-0.0647530940542449	-5.299461962330465
protected_core	all	yptar	beam	enet	previous	bias	-0.012659849913610258	-0.007403682714387749	-0.005256167199222509	
protected_core	all	yptar	beam	enet	previous	spread	1.0327993646216156	1.0362605604850015	-0.003461195863385891	-0.33400825963750824
protected_core	all	yptar	beam	enet	previous	rms	1.0328769526727992	1.0362870083786755	-0.0034100557058762693	-0.3290647936628588
protected_core	all	yptar	beam	enet	previous	median	0.7061468951027648	0.705286896994512	0.0008599981082528796	0.12193592592144586
protected_core	all	yptar	beam	enet	previous	p90	1.698849435210601	1.7049810057245953	-0.006131570513994378	-0.35962691041173667
protected_core	all	yptar	beam	enet	previous	cell_mse	1.1571274386209898	1.1650711193756924	-0.007943680754702642	-0.6818193861812705
protected_core	all	ztar	old	old	starting	bias	0.11774047776327959	0.11774047776327959	0.0	
protected_core	all	ztar	old	old	starting	spread	0.6583005872468439	0.6583005872468439	0.0	0.0
protected_core	all	ztar	old	old	starting	rms	0.6687469501040473	0.6687469501040473	0.0	0.0
protected_core	all	ztar	old	old	starting	median	0.4284563611553209	0.4284563611553209	0.0	0.0
protected_core	all	ztar	old	old	starting	p90	1.076016876347491	1.076016876347491	0.0	0.0
protected_core	all	ztar	old	old	starting	cell_mse	0.563962274511856	0.563962274511856	0.0	0.0
protected_core	all	ztar	gmm	old	starting	bias	0.027447897586032343	0.11774047776327959	-0.09029258017724724	
protected_core	all	ztar	gmm	old	starting	spread	0.6433725067680753	0.6583005872468439	-0.01492808047876859	-2.2676693243129376
protected_core	all	ztar	gmm	old	starting	rms	0.6439577389448243	0.6687469501040473	-0.024789211159222946	-3.7068148356214747
protected_core	all	ztar	gmm	old	starting	median	0.4226534673510576	0.4284563611553209	-0.005802893804263298	-1.3543721905810768
protected_core	all	ztar	gmm	old	starting	p90	1.05105932047881	1.076016876347491	-0.024957555868681203	-2.319439073613694
protected_core	all	ztar	gmm	old	starting	cell_mse	0.5017859760652905	0.563962274511856	-0.06217629844656547	-11.024903837829026
protected_core	all	ztar	gmm	old	previous	bias	0.027447897586032343	0.11774047776327959	-0.09029258017724724	
protected_core	all	ztar	gmm	old	previous	spread	0.6433725067680753	0.6583005872468439	-0.01492808047876859	-2.2676693243129376
protected_core	all	ztar	gmm	old	previous	rms	0.6439577389448243	0.6687469501040473	-0.024789211159222946	-3.7068148356214747
protected_core	all	ztar	gmm	old	previous	median	0.4226534673510576	0.4284563611553209	-0.005802893804263298	-1.3543721905810768
protected_core	all	ztar	gmm	old	previous	p90	1.05105932047881	1.076016876347491	-0.024957555868681203	-2.319439073613694
protected_core	all	ztar	gmm	old	previous	cell_mse	0.5017859760652905	0.563962274511856	-0.06217629844656547	-11.024903837829026
protected_core	all	ztar	core	old	starting	bias	0.0514423776504103	0.11774047776327959	-0.0662981001128693	
protected_core	all	ztar	core	old	starting	spread	0.6353284567597011	0.6583005872468439	-0.02297213048714286	-3.489611118716651
protected_core	all	ztar	core	old	starting	rms	0.6374076922872761	0.6687469501040473	-0.03133925781677116	-4.686265531662648
protected_core	all	ztar	core	old	starting	median	0.4169659708761436	0.4284563611553209	-0.011490390279177254	-2.6818111063151795
protected_core	all	ztar	core	old	starting	p90	1.0443386084374437	1.076016876347491	-0.03167826791004735	-2.944030768139838
protected_core	all	ztar	core	old	starting	cell_mse	0.48539520847321527	0.563962274511856	-0.07856706603864072	-13.931262708422354
protected_core	all	ztar	core	gmm	previous	bias	0.0514423776504103	0.027447897586032343	0.023994480064377956	
protected_core	all	ztar	core	gmm	previous	spread	0.6353284567597011	0.6433725067680753	-0.00804405000837427	-1.2502943355137797
protected_core	all	ztar	core	gmm	previous	rms	0.6374076922872761	0.6439577389448243	-0.006550046657548214	-1.0171547388002522
protected_core	all	ztar	core	gmm	previous	median	0.4169659708761436	0.4226534673510576	-0.005687496474913956	-1.3456642176769118
protected_core	all	ztar	core	gmm	previous	p90	1.0443386084374437	1.05105932047881	-0.00672071204136615	-0.6394227148192266
protected_core	all	ztar	core	gmm	previous	cell_mse	0.48539520847321527	0.5017859760652905	-0.01639076759207525	-3.2664857875467135
protected_core	all	ztar	enet	old	starting	bias	0.040343284187145605	0.11774047776327959	-0.07739719357613398	
protected_core	all	ztar	enet	old	starting	spread	0.6426264765727605	0.6583005872468439	-0.01567411067408342	-2.380996003609226
protected_core	all	ztar	enet	old	starting	rms	0.6438915816900587	0.6687469501040473	-0.02485536841398861	-3.716707554347942
protected_core	all	ztar	enet	old	starting	median	0.42243348773222644	0.4284563611553209	-0.0060228734230944325	-1.4057145532520354
protected_core	all	ztar	enet	old	starting	p90	1.049542566512871	1.076016876347491	-0.02647430983462007	-2.460399127241053
protected_core	all	ztar	enet	old	starting	cell_mse	0.4996464567246937	0.563962274511856	-0.06431581778716228	-11.404276614571707
protected_core	all	ztar	enet	core	previous	bias	0.040343284187145605	0.0514423776504103	-0.011099093463264695	
protected_core	all	ztar	enet	core	previous	spread	0.6426264765727605	0.6353284567597011	0.007298019813059442	1.1487002880810282
protected_core	all	ztar	enet	core	previous	rms	0.6438915816900587	0.6374076922872761	0.00648388940278255	1.017227981594604
protected_core	all	ztar	enet	core	previous	median	0.42243348773222644	0.4169659708761436	0.005467516856082821	1.3112621264018909
protected_core	all	ztar	enet	core	previous	p90	1.049542566512871	1.0443386084374437	0.005203958075427284	0.49830179918499695
protected_core	all	ztar	enet	core	previous	cell_mse	0.4996464567246937	0.48539520847321527	0.014251248251478443	2.936009256520067
protected_core	all	ztar	beam	old	starting	bias	0.04802347058260525	0.11774047776327959	-0.06971700718067433	
protected_core	all	ztar	beam	old	starting	spread	0.636726377320336	0.6583005872468439	-0.021574209926507937	-3.2772581924521704
protected_core	all	ztar	beam	old	starting	rms	0.6385348332724515	0.6687469501040473	-0.030212116831595748	-4.5177203166153035
protected_core	all	ztar	beam	old	starting	median	0.41767044244890394	0.4284563611553209	-0.01078591870641693	-2.5173902605467258
protected_core	all	ztar	beam	old	starting	p90	1.0448758033273553	1.076016876347491	-0.0311410730201358	-2.894106375528538
protected_core	all	ztar	beam	old	starting	cell_mse	0.4895532290514255	0.563962274511856	-0.07440904546043048	-13.193975700739212
protected_core	all	ztar	beam	enet	previous	bias	0.04802347058260525	0.040343284187145605	0.007680186395459643	
protected_core	all	ztar	beam	enet	previous	spread	0.636726377320336	0.6426264765727605	-0.005900099252424518	-0.9181226525073805
protected_core	all	ztar	beam	enet	previous	rms	0.6385348332724515	0.6438915816900587	-0.005356748417607138	-0.8319332896924991
protected_core	all	ztar	beam	enet	previous	median	0.41767044244890394	0.42243348773222644	-0.004763045283322498	-1.1275254973018844
protected_core	all	ztar	beam	enet	previous	p90	1.0448758033273553	1.049542566512871	-0.004666763185515732	-0.44464734775085946
protected_core	all	ztar	beam	enet	previous	cell_mse	0.4895532290514255	0.4996464567246937	-0.010093227673268201	-2.0200739017408043
protected_core	outside_gmm	xptar	old	old	starting	bias	-0.21253066863400288	-0.21253066863400288	0.0	
protected_core	outside_gmm	xptar	old	old	starting	spread	1.5004948606036108	1.5004948606036108	0.0	0.0
protected_core	outside_gmm	xptar	old	old	starting	rms	1.515471580666515	1.515471580666515	0.0	0.0
protected_core	outside_gmm	xptar	old	old	starting	median	1.0101086377973307	1.0101086377973307	0.0	0.0
protected_core	outside_gmm	xptar	old	old	starting	p90	2.4106639610207963	2.4106639610207963	0.0	0.0
protected_core	outside_gmm	xptar	old	old	starting	cell_mse	3.818018540299526	3.818018540299526	0.0	0.0
protected_core	outside_gmm	xptar	gmm	old	starting	bias	0.31911403681214523	-0.21253066863400288	0.5316447054461482	
protected_core	outside_gmm	xptar	gmm	old	starting	spread	1.4864340748165574	1.5004948606036108	-0.014060785787053387	-0.9370765709518669
protected_core	outside_gmm	xptar	gmm	old	starting	rms	1.520302610425404	1.515471580666515	0.004831029758888938	0.31878062383488004
protected_core	outside_gmm	xptar	gmm	old	starting	median	1.0240699928555537	1.0101086377973307	0.013961355058222935	1.3821637134662446
protected_core	outside_gmm	xptar	gmm	old	starting	p90	2.4530240473381753	2.4106639610207963	0.042360086317378975	1.7571958183438152
protected_core	outside_gmm	xptar	gmm	old	starting	cell_mse	3.129986533538575	3.818018540299526	-0.6880320067609511	-18.02065651328594
protected_core	outside_gmm	xptar	gmm	old	previous	bias	0.31911403681214523	-0.21253066863400288	0.5316447054461482	
protected_core	outside_gmm	xptar	gmm	old	previous	spread	1.4864340748165574	1.5004948606036108	-0.014060785787053387	-0.9370765709518669
protected_core	outside_gmm	xptar	gmm	old	previous	rms	1.520302610425404	1.515471580666515	0.004831029758888938	0.31878062383488004
protected_core	outside_gmm	xptar	gmm	old	previous	median	1.0240699928555537	1.0101086377973307	0.013961355058222935	1.3821637134662446
protected_core	outside_gmm	xptar	gmm	old	previous	p90	2.4530240473381753	2.4106639610207963	0.042360086317378975	1.7571958183438152
protected_core	outside_gmm	xptar	gmm	old	previous	cell_mse	3.129986533538575	3.818018540299526	-0.6880320067609511	-18.02065651328594
protected_core	outside_gmm	xptar	core	old	starting	bias	0.40973515548545963	-0.21253066863400288	0.6222658241194625	
protected_core	outside_gmm	xptar	core	old	starting	spread	1.4282638746136067	1.5004948606036108	-0.0722309859900041	-4.813810955736786
protected_core	outside_gmm	xptar	core	old	starting	rms	1.4858736800842012	1.515471580666515	-0.02959790058231393	-1.9530488700617243
protected_core	outside_gmm	xptar	core	old	starting	median	1.014406124252989	1.0101086377973307	0.004297486455658195	0.42544794637431327
protected_core	outside_gmm	xptar	core	old	starting	p90	2.4192011362593604	2.4106639610207963	0.00853717523856412	0.35414206943007454
protected_core	outside_gmm	xptar	core	old	starting	cell_mse	2.710040081129996	3.818018540299526	-1.10797845916953	-29.0197244323127
protected_core	outside_gmm	xptar	core	gmm	previous	bias	0.40973515548545963	0.31911403681214523	0.0906211186733144	
protected_core	outside_gmm	xptar	core	gmm	previous	spread	1.4282638746136067	1.4864340748165574	-0.05817020020295072	-3.913405995494923
protected_core	outside_gmm	xptar	core	gmm	previous	rms	1.4858736800842012	1.520302610425404	-0.03442893034120287	-2.2646103548798813
protected_core	outside_gmm	xptar	core	gmm	previous	median	1.014406124252989	1.0240699928555537	-0.00966386860256474	-0.9436726659295736
protected_core	outside_gmm	xptar	core	gmm	previous	p90	2.4192011362593604	2.4530240473381753	-0.033822911078814855	-1.3788250920539036
protected_core	outside_gmm	xptar	core	gmm	previous	cell_mse	2.710040081129996	3.129986533538575	-0.419946452408579	-13.416877290325358
protected_core	outside_gmm	xptar	enet	old	starting	bias	0.4082137812981834	-0.21253066863400288	0.6207444499321864	
protected_core	outside_gmm	xptar	enet	old	starting	spread	1.4831530528218908	1.5004948606036108	-0.01734180778172001	-1.1557392322386173
protected_core	outside_gmm	xptar	enet	old	starting	rms	1.5383047387746862	1.515471580666515	0.022833158108171103	1.5066701612529654
protected_core	outside_gmm	xptar	enet	old	starting	median	1.0426756409675462	1.0101086377973307	0.032567003170215436	3.2241089672524703
protected_core	outside_gmm	xptar	enet	old	starting	p90	2.507320772675381	2.4106639610207963	0.09665681165458473	4.009551443812831
protected_core	outside_gmm	xptar	enet	old	starting	cell_mse	3.0076344442550345	3.818018540299526	-0.8103840960444915	-21.225253033499314
protected_core	outside_gmm	xptar	enet	core	previous	bias	0.4082137812981834	0.40973515548545963	-0.0015213741872762143	
protected_core	outside_gmm	xptar	enet	core	previous	spread	1.4831530528218908	1.4282638746136067	0.054889178208284095	3.8430698405176322
protected_core	outside_gmm	xptar	enet	core	previous	rms	1.5383047387746862	1.4858736800842012	0.05243105869048503	3.5286349972572184
protected_core	outside_gmm	xptar	enet	core	previous	median	1.0426756409675462	1.014406124252989	0.02826951671455724	2.7868046178620043
protected_core	outside_gmm	xptar	enet	core	previous	p90	2.507320772675381	2.4192011362593604	0.08811963641602061	3.6425097150984964
protected_core	outside_gmm	xptar	enet	core	previous	cell_mse	3.0076344442550345	2.710040081129996	0.2975943631250386	10.981179400156748
protected_core	outside_gmm	xptar	beam	old	starting	bias	0.4111217392739427	-0.21253066863400288	0.6236524079079455	
protected_core	outside_gmm	xptar	beam	old	starting	spread	1.4332857912901702	1.5004948606036108	-0.06720906931344062	-4.479126925260124
protected_core	outside_gmm	xptar	beam	old	starting	rms	1.4910832451670568	1.515471580666515	-0.02438833549945829	-1.6092901912903024
protected_core	outside_gmm	xptar	beam	old	starting	median	1.0173010214157936	1.0101086377973307	0.007192383618462861	0.7120406013106484
protected_core	outside_gmm	xptar	beam	old	starting	p90	2.431370449290586	2.4106639610207963	0.020706488269789602	0.8589537407371228
protected_core	outside_gmm	xptar	beam	old	starting	cell_mse	2.7374485993252993	3.818018540299526	-1.0805699409742267	-28.301851590523064
protected_core	outside_gmm	xptar	beam	enet	previous	bias	0.4111217392739427	0.4082137812981834	0.0029079579757592677	
protected_core	outside_gmm	xptar	beam	enet	previous	spread	1.4332857912901702	1.4831530528218908	-0.04986726153172061	-3.362246494847021
protected_core	outside_gmm	xptar	beam	enet	previous	rms	1.4910832451670568	1.5383047387746862	-0.047221493607629395	-3.069709948709054
protected_core	outside_gmm	xptar	beam	enet	previous	median	1.0173010214157936	1.0426756409675462	-0.025374619551752575	-2.433606248651432
protected_core	outside_gmm	xptar	beam	enet	previous	p90	2.431370449290586	2.507320772675381	-0.07595032338479513	-3.0291426694381007
protected_core	outside_gmm	xptar	beam	enet	previous	cell_mse	2.7374485993252993	3.0076344442550345	-0.2701858449297352	-8.9833339103369
protected_core	outside_gmm	ytar	old	old	starting	bias	0.027188430430294796	0.027188430430294796	0.0	
protected_core	outside_gmm	ytar	old	old	starting	spread	0.13492070554307994	0.13492070554307994	0.0	0.0
protected_core	outside_gmm	ytar	old	old	starting	rms	0.13763287228531368	0.13763287228531368	0.0	0.0
protected_core	outside_gmm	ytar	old	old	starting	median	0.0903630681303183	0.0903630681303183	0.0	0.0
protected_core	outside_gmm	ytar	old	old	starting	p90	0.22078619491425386	0.22078619491425386	0.0	0.0
protected_core	outside_gmm	ytar	old	old	starting	cell_mse	0.025670080544892792	0.025670080544892792	0.0	0.0
protected_core	outside_gmm	ytar	gmm	old	starting	bias	0.009235141868697727	0.027188430430294796	-0.01795328856159707	
protected_core	outside_gmm	ytar	gmm	old	starting	spread	0.13314562008569827	0.13492070554307994	-0.00177508545738167	-1.3156508856343674
protected_core	outside_gmm	ytar	gmm	old	starting	rms	0.13346551612060725	0.13763287228531368	-0.004167356164706426	-3.027878511513926
protected_core	outside_gmm	ytar	gmm	old	starting	median	0.08917255465694715	0.0903630681303183	-0.001190513473371152	-1.3174779232310252
protected_core	outside_gmm	ytar	gmm	old	starting	p90	0.21713734680722083	0.22078619491425386	-0.0036488481070330314	-1.6526613488900943
protected_core	outside_gmm	ytar	gmm	old	starting	cell_mse	0.023513974694669555	0.025670080544892792	-0.0021561058502232375	-8.399295227970004
protected_core	outside_gmm	ytar	gmm	old	previous	bias	0.009235141868697727	0.027188430430294796	-0.01795328856159707	
protected_core	outside_gmm	ytar	gmm	old	previous	spread	0.13314562008569827	0.13492070554307994	-0.00177508545738167	-1.3156508856343674
protected_core	outside_gmm	ytar	gmm	old	previous	rms	0.13346551612060725	0.13763287228531368	-0.004167356164706426	-3.027878511513926
protected_core	outside_gmm	ytar	gmm	old	previous	median	0.08917255465694715	0.0903630681303183	-0.001190513473371152	-1.3174779232310252
protected_core	outside_gmm	ytar	gmm	old	previous	p90	0.21713734680722083	0.22078619491425386	-0.0036488481070330314	-1.6526613488900943
protected_core	outside_gmm	ytar	gmm	old	previous	cell_mse	0.023513974694669555	0.025670080544892792	-0.0021561058502232375	-8.399295227970004
protected_core	outside_gmm	ytar	core	old	starting	bias	0.01530686425260161	0.027188430430294796	-0.011881566177693186	
protected_core	outside_gmm	ytar	core	old	starting	spread	0.1314151978688448	0.13492070554307994	-0.003505507674235131	-2.5981984456165064
protected_core	outside_gmm	ytar	core	old	starting	rms	0.13230364440995268	0.13763287228531368	-0.005329227875360998	-3.8720603492990224
protected_core	outside_gmm	ytar	core	old	starting	median	0.08795552241394544	0.0903630681303183	-0.002407545716372861	-2.664302757959469
protected_core	outside_gmm	ytar	core	old	starting	p90	0.2158780462390099	0.22078619491425386	-0.004908148675243945	-2.2230324124885237
protected_core	outside_gmm	ytar	core	old	starting	cell_mse	0.02252569463667786	0.025670080544892792	-0.0031443859082149334	-12.249224939968206
protected_core	outside_gmm	ytar	core	gmm	previous	bias	0.01530686425260161	0.009235141868697727	0.0060717223839038825	
protected_core	outside_gmm	ytar	core	gmm	previous	spread	0.1314151978688448	0.13314562008569827	-0.001730422216853461	-1.2996463689452842
protected_core	outside_gmm	ytar	core	gmm	previous	rms	0.13230364440995268	0.13346551612060725	-0.0011618717106545717	-0.8705407542159649
protected_core	outside_gmm	ytar	core	gmm	previous	median	0.08795552241394544	0.08917255465694715	-0.0012170322430017089	-1.3648058505037919
protected_core	outside_gmm	ytar	core	gmm	previous	p90	0.2158780462390099	0.21713734680722083	-0.0012593005682109137	-0.5799557684238232
protected_core	outside_gmm	ytar	core	gmm	previous	cell_mse	0.02252569463667786	0.023513974694669555	-0.0009882800579916959	-4.202947697378157
protected_core	outside_gmm	ytar	enet	old	starting	bias	0.011981986821140904	0.027188430430294796	-0.015206443609153892	
protected_core	outside_gmm	ytar	enet	old	starting	spread	0.13255391413478074	0.13492070554307994	-0.002366791408299207	-1.7542091844038654
protected_core	outside_gmm	ytar	enet	old	starting	rms	0.13309435810969905	0.13763287228531368	-0.0045385141756146274	-3.2975510139803377
protected_core	outside_gmm	ytar	enet	old	starting	median	0.08874977596998943	0.0903630681303183	-0.0016132921603288775	-1.7853446033973208
protected_core	outside_gmm	ytar	enet	old	starting	p90	0.2164613744940634	0.22078619491425386	-0.004324820420190445	-1.9588273722775384
protected_core	outside_gmm	ytar	enet	old	starting	cell_mse	0.023214421487102784	0.025670080544892792	-0.002455659057790008	-9.56623043506023
protected_core	outside_gmm	ytar	enet	core	previous	bias	0.011981986821140904	0.01530686425260161	-0.003324877431460706	
protected_core	outside_gmm	ytar	enet	core	previous	spread	0.13255391413478074	0.1314151978688448	0.001138716265935924	0.8665027214526555
protected_core	outside_gmm	ytar	enet	core	previous	rms	0.13309435810969905	0.13230364440995268	0.0007907136997463704	0.5976507323534275
protected_core	outside_gmm	ytar	enet	core	previous	median	0.08874977596998943	0.08795552241394544	0.0007942535560439834	0.9030172685530635
protected_core	outside_gmm	ytar	enet	core	previous	p90	0.2164613744940634	0.2158780462390099	0.0005833282550535002	0.2702119392018476
protected_core	outside_gmm	ytar	enet	core	previous	cell_mse	0.023214421487102784	0.02252569463667786	0.0006887268504249255	3.0575165895372347
protected_core	outside_gmm	ytar	beam	old	starting	bias	0.014489024315503368	0.027188430430294796	-0.012699406114791428	
protected_core	outside_gmm	ytar	beam	old	starting	spread	0.13145880370976243	0.13492070554307994	-0.0034619018333175156	-2.565878839265434
protected_core	outside_gmm	ytar	beam	old	starting	rms	0.13225486342065876	0.13763287228531368	-0.005378008864654921	-3.9075031824564954
protected_core	outside_gmm	ytar	beam	old	starting	median	0.08810073348369843	0.0903630681303183	-0.0022623346466198735	-2.503605392589392
protected_core	outside_gmm	ytar	beam	old	starting	p90	0.2158480743594473	0.22078619491425386	-0.004938120554806552	-2.2366074820594495
protected_core	outside_gmm	ytar	beam	old	starting	cell_mse	0.02270513690839599	0.025670080544892792	-0.002964943636496801	-11.550192183119945
protected_core	outside_gmm	ytar	beam	enet	previous	bias	0.014489024315503368	0.011981986821140904	0.0025070374943624643	
protected_core	outside_gmm	ytar	beam	enet	previous	spread	0.13145880370976243	0.13255391413478074	-0.0010951104250183086	-0.8261622692671278
protected_core	outside_gmm	ytar	beam	enet	previous	rms	0.13225486342065876	0.13309435810969905	-0.0008394946890402932	-0.6307515216748438
protected_core	outside_gmm	ytar	beam	enet	previous	median	0.08810073348369843	0.08874977596998943	-0.000649042486290996	-0.7313173235619974
protected_core	outside_gmm	ytar	beam	enet	previous	p90	0.2158480743594473	0.2164613744940634	-0.0006133001346161071	-0.28333005648216725
protected_core	outside_gmm	ytar	beam	enet	previous	cell_mse	0.02270513690839599	0.023214421487102784	-0.000509284578706793	-2.193828431131639
protected_core	outside_gmm	yptar	old	old	starting	bias	-0.051039814270828	-0.051039814270828	0.0	
protected_core	outside_gmm	yptar	old	old	starting	spread	1.0211936595704671	1.0211936595704671	0.0	0.0
protected_core	outside_gmm	yptar	old	old	starting	rms	1.0224683628297375	1.0224683628297375	0.0	0.0
protected_core	outside_gmm	yptar	old	old	starting	median	0.6969029192351451	0.6969029192351451	0.0	0.0
protected_core	outside_gmm	yptar	old	old	starting	p90	1.6758717386017041	1.6758717386017041	0.0	0.0
protected_core	outside_gmm	yptar	old	old	starting	cell_mse	1.201220222194302	1.201220222194302	0.0	0.0
protected_core	outside_gmm	yptar	gmm	old	starting	bias	0.0038617136563234913	-0.051039814270828	0.05490152792715149	
protected_core	outside_gmm	yptar	gmm	old	starting	spread	1.0153720654466134	1.0211936595704671	-0.005821594123853746	-0.5700773863306585
protected_core	outside_gmm	yptar	gmm	old	starting	rms	1.0153794089510015	1.0224683628297375	-0.007088953878735982	-0.6933176747999203
protected_core	outside_gmm	yptar	gmm	old	starting	median	0.6975101777743752	0.6969029192351451	0.0006072585392300489	0.08713674781224423
protected_core	outside_gmm	yptar	gmm	old	starting	p90	1.6669600114629453	1.6758717386017041	-0.008911727138758874	-0.5317666581211355
protected_core	outside_gmm	yptar	gmm	old	starting	cell_mse	1.156910737061223	1.201220222194302	-0.044309485133078974	-3.688706226751459
protected_core	outside_gmm	yptar	gmm	old	previous	bias	0.0038617136563234913	-0.051039814270828	0.05490152792715149	
protected_core	outside_gmm	yptar	gmm	old	previous	spread	1.0153720654466134	1.0211936595704671	-0.005821594123853746	-0.5700773863306585
protected_core	outside_gmm	yptar	gmm	old	previous	rms	1.0153794089510015	1.0224683628297375	-0.007088953878735982	-0.6933176747999203
protected_core	outside_gmm	yptar	gmm	old	previous	median	0.6975101777743752	0.6969029192351451	0.0006072585392300489	0.08713674781224423
protected_core	outside_gmm	yptar	gmm	old	previous	p90	1.6669600114629453	1.6758717386017041	-0.008911727138758874	-0.5317666581211355
protected_core	outside_gmm	yptar	gmm	old	previous	cell_mse	1.156910737061223	1.201220222194302	-0.044309485133078974	-3.688706226751459
protected_core	outside_gmm	yptar	core	old	starting	bias	-0.007736881543251803	-0.051039814270828	0.043302932727576196	
protected_core	outside_gmm	yptar	core	old	starting	spread	1.0070320544463949	1.0211936595704671	-0.014161605124072274	-1.3867697856671857
protected_core	outside_gmm	yptar	core	old	starting	rms	1.0070617746784658	1.0224683628297375	-0.015406588151271716	-1.506803409411428
protected_core	outside_gmm	yptar	core	old	starting	median	0.6911236309468999	0.6969029192351451	-0.0057792882882452545	-0.8292816874103548
protected_core	outside_gmm	yptar	core	old	starting	p90	1.6521840430210728	1.6758717386017041	-0.02368769558063133	-1.413455160977628
protected_core	outside_gmm	yptar	core	old	starting	cell_mse	1.136660298301164	1.201220222194302	-0.06455992389313803	-5.374528558568937
protected_core	outside_gmm	yptar	core	gmm	previous	bias	-0.007736881543251803	0.0038617136563234913	-0.011598595199575294	
protected_core	outside_gmm	yptar	core	gmm	previous	spread	1.0070320544463949	1.0153720654466134	-0.008340011000218528	-0.8213748717373015
protected_core	outside_gmm	yptar	core	gmm	previous	rms	1.0070617746784658	1.0153794089510015	-0.008317634272535734	-0.8191651513919096
protected_core	outside_gmm	yptar	core	gmm	previous	median	0.6911236309468999	0.6975101777743752	-0.0063865468274753034	-0.9156205932153716
protected_core	outside_gmm	yptar	core	gmm	previous	p90	1.6521840430210728	1.6669600114629453	-0.014775968441872456	-0.8864020936473982
protected_core	outside_gmm	yptar	core	gmm	previous	cell_mse	1.136660298301164	1.156910737061223	-0.020250438760059053	-1.7503890413792078
protected_core	outside_gmm	yptar	enet	old	starting	bias	-0.007711145815709596	-0.051039814270828	0.0433286684551184	
protected_core	outside_gmm	yptar	enet	old	starting	spread	1.0124198478380855	1.0211936595704671	-0.008773811732381676	-0.8591721707391087
protected_core	outside_gmm	yptar	enet	old	starting	rms	1.012449213573838	1.0224683628297375	-0.010019149255899418	-0.9798982169160642
protected_core	outside_gmm	yptar	enet	old	starting	median	0.6954310493367273	0.6969029192351451	-0.0014718698984178546	-0.21120156879715912
protected_core	outside_gmm	yptar	enet	old	starting	p90	1.6600700681785336	1.6758717386017041	-0.01580167042317049	-0.9428925889253814
protected_core	outside_gmm	yptar	enet	old	starting	cell_mse	1.1576226975047896	1.201220222194302	-0.04359752468951239	-3.629436458359947
protected_core	outside_gmm	yptar	enet	core	previous	bias	-0.007711145815709596	-0.007736881543251803	2.5735727542206856e-05	
protected_core	outside_gmm	yptar	enet	core	previous	spread	1.0124198478380855	1.0070320544463949	0.0053877933916905985	0.5350170700030521
protected_core	outside_gmm	yptar	enet	core	previous	rms	1.012449213573838	1.0070617746784658	0.0053874388953722985	0.5349660796223121
protected_core	outside_gmm	yptar	enet	core	previous	median	0.6954310493367273	0.6911236309468999	0.0043074183898274	0.6232486051628516
protected_core	outside_gmm	yptar	enet	core	previous	p90	1.6600700681785336	1.6521840430210728	0.007886025157460841	0.4773091224777204
protected_core	outside_gmm	yptar	enet	core	previous	cell_mse	1.1576226975047896	1.136660298301164	0.020962399203625637	1.8442096759212712
protected_core	outside_gmm	yptar	beam	old	starting	bias	-0.010278451158270597	-0.051039814270828	0.0407613631125574	
protected_core	outside_gmm	yptar	beam	old	starting	spread	1.0093310390023464	1.0211936595704671	-0.011862620568120708	-1.1616425990257695
protected_core	outside_gmm	yptar	beam	old	starting	rms	1.009383372585347	1.0224683628297375	-0.013084990244390582	-1.2797452439679557
protected_core	outside_gmm	yptar	beam	old	starting	median	0.6948714156028921	0.6969029192351451	-0.0020315036322530178	-0.2915045376022496
protected_core	outside_gmm	yptar	beam	old	starting	p90	1.6571017783310218	1.6758717386017041	-0.01876996027068234	-1.1200117430432588
protected_core	outside_gmm	yptar	beam	old	starting	cell_mse	1.151001994552378	1.201220222194302	-0.050218227641924074	-4.180601251466531
protected_core	outside_gmm	yptar	beam	enet	previous	bias	-0.010278451158270597	-0.007711145815709596	-0.002567305342561001	
protected_core	outside_gmm	yptar	beam	enet	previous	spread	1.0093310390023464	1.0124198478380855	-0.003088808835739032	-0.30509169119262713
protected_core	outside_gmm	yptar	beam	enet	previous	rms	1.009383372585347	1.012449213573838	-0.003065840988491164	-0.302814298968046
protected_core	outside_gmm	yptar	beam	enet	previous	median	0.6948714156028921	0.6954310493367273	-0.0005596337338351631	-0.08047292889337143
protected_core	outside_gmm	yptar	beam	enet	previous	p90	1.6571017783310218	1.6600700681785336	-0.0029682898475118513	-0.1788050940987551
protected_core	outside_gmm	yptar	beam	enet	previous	cell_mse	1.151001994552378	1.1576226975047896	-0.006620702952411683	-0.5719223514433769
protected_core	outside_gmm	ztar	old	old	starting	bias	0.13011768534132148	0.13011768534132148	0.0	
protected_core	outside_gmm	ztar	old	old	starting	spread	0.6478970745592599	0.6478970745592599	0.0	0.0
protected_core	outside_gmm	ztar	old	old	starting	rms	0.660833739499604	0.660833739499604	0.0	0.0
protected_core	outside_gmm	ztar	old	old	starting	median	0.43282921682895753	0.43282921682895753	0.0	0.0
protected_core	outside_gmm	ztar	old	old	starting	p90	1.0669628770783979	1.0669628770783979	0.0	0.0
protected_core	outside_gmm	ztar	old	old	starting	cell_mse	0.5973609165301935	0.5973609165301935	0.0	0.0
protected_core	outside_gmm	ztar	gmm	old	starting	bias	0.04511139147180885	0.13011768534132148	-0.08500629386951264	
protected_core	outside_gmm	ztar	gmm	old	starting	spread	0.6393894361714024	0.6478970745592599	-0.008507638387857508	-1.313115728087666
protected_core	outside_gmm	ztar	gmm	old	starting	rms	0.6409788520131587	0.660833739499604	-0.01985488748644526	-3.0045208499008824
protected_core	outside_gmm	ztar	gmm	old	starting	median	0.42650585120938667	0.43282921682895753	-0.006323365619570864	-1.4609377957194858
protected_core	outside_gmm	ztar	gmm	old	starting	p90	1.0456912481179588	1.0669628770783979	-0.021271628960439104	-1.99366158068085
protected_core	outside_gmm	ztar	gmm	old	starting	cell_mse	0.5449842588232142	0.5973609165301935	-0.0523766577069793	-8.768008796292238
protected_core	outside_gmm	ztar	gmm	old	previous	bias	0.04511139147180885	0.13011768534132148	-0.08500629386951264	
protected_core	outside_gmm	ztar	gmm	old	previous	spread	0.6393894361714024	0.6478970745592599	-0.008507638387857508	-1.313115728087666
protected_core	outside_gmm	ztar	gmm	old	previous	rms	0.6409788520131587	0.660833739499604	-0.01985488748644526	-3.0045208499008824
protected_core	outside_gmm	ztar	gmm	old	previous	median	0.42650585120938667	0.43282921682895753	-0.006323365619570864	-1.4609377957194858
protected_core	outside_gmm	ztar	gmm	old	previous	p90	1.0456912481179588	1.0669628770783979	-0.021271628960439104	-1.99366158068085
protected_core	outside_gmm	ztar	gmm	old	previous	cell_mse	0.5449842588232142	0.5973609165301935	-0.0523766577069793	-8.768008796292238
protected_core	outside_gmm	ztar	core	old	starting	bias	0.07447491059718378	0.13011768534132148	-0.0556427747441377	
protected_core	outside_gmm	ztar	core	old	starting	spread	0.631682848234678	0.6478970745592599	-0.016214226324581915	-2.5025929211999975
protected_core	outside_gmm	ztar	core	old	starting	rms	0.6360579636026372	0.660833739499604	-0.02477577589696678	-3.7491693320210073
protected_core	outside_gmm	ztar	core	old	starting	median	0.42033745775245035	0.43282921682895753	-0.01249175907650718	-2.886071131710033
protected_core	outside_gmm	ztar	core	old	starting	p90	1.0403944298132937	1.0669628770783979	-0.02656844726510421	-2.4901004370325497
protected_core	outside_gmm	ztar	core	old	starting	cell_mse	0.522738594695732	0.5973609165301935	-0.07462232183446149	-12.49199935407721
protected_core	outside_gmm	ztar	core	gmm	previous	bias	0.07447491059718378	0.04511139147180885	0.02936351912537493	
protected_core	outside_gmm	ztar	core	gmm	previous	spread	0.631682848234678	0.6393894361714024	-0.007706587936724407	-1.2053042325613994
protected_core	outside_gmm	ztar	core	gmm	previous	rms	0.6360579636026372	0.6409788520131587	-0.004920888410521518	-0.7677146281918956
protected_core	outside_gmm	ztar	core	gmm	previous	median	0.42033745775245035	0.42650585120938667	-0.006168393456936316	-1.4462623289798748
protected_core	outside_gmm	ztar	core	gmm	previous	p90	1.0403944298132937	1.0456912481179588	-0.005296818304665107	-0.5065374998785122
protected_core	outside_gmm	ztar	core	gmm	previous	cell_mse	0.522738594695732	0.5449842588232142	-0.02224566412748219	-4.081891131225934
protected_core	outside_gmm	ztar	enet	old	starting	bias	0.05864702464681935	0.13011768534132148	-0.07147066069450214	
protected_core	outside_gmm	ztar	enet	old	starting	spread	0.6374860814913181	0.6478970745592599	-0.010410993067941798	-1.6068899639690493
protected_core	outside_gmm	ztar	enet	old	starting	rms	0.6401780827200195	0.660833739499604	-0.020655656779584475	-3.1256964566042433
protected_core	outside_gmm	ztar	enet	old	starting	median	0.4259799555014525	0.43282921682895753	-0.0068492613275050185	-1.5824396924229989
protected_core	outside_gmm	ztar	enet	old	starting	p90	1.0415561944765392	1.0669628770783979	-0.025406682601858632	-2.381215236975087
protected_core	outside_gmm	ztar	enet	old	starting	cell_mse	0.5389191507682838	0.5973609165301935	-0.058441765761909736	-9.78332598345607
protected_core	outside_gmm	ztar	enet	core	previous	bias	0.05864702464681935	0.07447491059718378	-0.015827885950364433	
protected_core	outside_gmm	ztar	enet	core	previous	spread	0.6374860814913181	0.631682848234678	0.005803233256640117	0.9186941315342034
protected_core	outside_gmm	ztar	enet	core	previous	rms	0.6401780827200195	0.6360579636026372	0.004120119117382304	0.6477584360466082
protected_core	outside_gmm	ztar	enet	core	previous	median	0.4259799555014525	0.42033745775245035	0.005642497749002162	1.3423732872089644
protected_core	outside_gmm	ztar	enet	core	previous	p90	1.0415561944765392	1.0403944298132937	0.0011617646632455791	0.11166579039201263
protected_core	outside_gmm	ztar	enet	core	previous	cell_mse	0.5389191507682838	0.522738594695732	0.016180556072551755	3.095343683580487
protected_core	outside_gmm	ztar	beam	old	starting	bias	0.07036926574046627	0.13011768534132148	-0.05974841960085521	
protected_core	outside_gmm	ztar	beam	old	starting	spread	0.6320835115752874	0.6478970745592599	-0.015813562983972518	-2.4407523362765415
protected_core	outside_gmm	ztar	beam	old	starting	rms	0.6359885212534885	0.660833739499604	-0.02484521824611552	-3.75967762555961
protected_core	outside_gmm	ztar	beam	old	starting	median	0.4204876379472292	0.43282921682895753	-0.012341578881728321	-2.851373798688217
protected_core	outside_gmm	ztar	beam	old	starting	p90	1.0381547726054332	1.0669628770783979	-0.02880810447296467	-2.7000100089562884
protected_core	outside_gmm	ztar	beam	old	starting	cell_mse	0.5272771949479366	0.5973609165301935	-0.07008372158225695	-11.732224128311309
protected_core	outside_gmm	ztar	beam	enet	previous	bias	0.07036926574046627	0.05864702464681935	0.011722241093646925	
protected_core	outside_gmm	ztar	beam	enet	previous	spread	0.6320835115752874	0.6374860814913181	-0.0054025699160307195	-0.8474804506150346
protected_core	outside_gmm	ztar	beam	enet	previous	rms	0.6359885212534885	0.6401780827200195	-0.004189561466531044	-0.6544368793024335
protected_core	outside_gmm	ztar	beam	enet	previous	median	0.4204876379472292	0.4259799555014525	-0.005492317554223303	-1.2893370881167154
protected_core	outside_gmm	ztar	beam	enet	previous	p90	1.0381547726054332	1.0415561944765392	-0.0034014218711060362	-0.3265711335734056
protected_core	outside_gmm	ztar	beam	enet	previous	cell_mse	0.5272771949479366	0.5389191507682838	-0.011641955820347216	-2.1602416250657286
protected_noncore	all	xptar	old	old	starting	bias	-0.7176735105090649	-0.7176735105090649	0.0	
protected_noncore	all	xptar	old	old	starting	spread	4.3391054216418645	4.3391054216418645	0.0	0.0
protected_noncore	all	xptar	old	old	starting	rms	4.398055380257078	4.398055380257078	0.0	0.0
protected_noncore	all	xptar	old	old	starting	median	2.800433150923479	2.800433150923479	0.0	0.0
protected_noncore	all	xptar	old	old	starting	p90	6.525214836778272	6.525214836778272	0.0	0.0
protected_noncore	all	xptar	old	old	starting	cell_mse	21.922640139201057	21.922640139201057	0.0	0.0
protected_noncore	all	xptar	gmm	old	starting	bias	-0.16153102911026898	-0.7176735105090649	0.556142481398796	
protected_noncore	all	xptar	gmm	old	starting	spread	4.312644443853107	4.3391054216418645	-0.026460977788757667	-0.6098256487795828
protected_noncore	all	xptar	gmm	old	starting	rms	4.315668473418977	4.398055380257078	-0.08238690683810024	-1.8732576039841575
protected_noncore	all	xptar	gmm	old	starting	median	2.7611761580657572	2.800433150923479	-0.03925699285772177	-1.4018186024107093
protected_noncore	all	xptar	gmm	old	starting	p90	6.312278981580785	6.525214836778272	-0.21293585519748692	-3.263277310002266
protected_noncore	all	xptar	gmm	old	starting	cell_mse	20.751712469783342	21.922640139201057	-1.1709276694177149	-5.341179994666412
protected_noncore	all	xptar	gmm	old	previous	bias	-0.16153102911026898	-0.7176735105090649	0.556142481398796	
protected_noncore	all	xptar	gmm	old	previous	spread	4.312644443853107	4.3391054216418645	-0.026460977788757667	-0.6098256487795828
protected_noncore	all	xptar	gmm	old	previous	rms	4.315668473418977	4.398055380257078	-0.08238690683810024	-1.8732576039841575
protected_noncore	all	xptar	gmm	old	previous	median	2.7611761580657572	2.800433150923479	-0.03925699285772177	-1.4018186024107093
protected_noncore	all	xptar	gmm	old	previous	p90	6.312278981580785	6.525214836778272	-0.21293585519748692	-3.263277310002266
protected_noncore	all	xptar	gmm	old	previous	cell_mse	20.751712469783342	21.922640139201057	-1.1709276694177149	-5.341179994666412
protected_noncore	all	xptar	core	old	starting	bias	-0.08208348220599752	-0.7176735105090649	0.6355900283030674	
protected_noncore	all	xptar	core	old	starting	spread	4.3178825626618815	4.3391054216418645	-0.021222858979982995	-0.4891067839497776
protected_noncore	all	xptar	core	old	starting	rms	4.318662700766361	4.398055380257078	-0.07939267949071649	-1.8051768935678059
protected_noncore	all	xptar	core	old	starting	median	2.7767285996484254	2.800433150923479	-0.023704551275053554	-0.8464601723214393
protected_noncore	all	xptar	core	old	starting	p90	6.268821646968113	6.525214836778272	-0.2563931898101588	-3.9292681731341927
protected_noncore	all	xptar	core	old	starting	cell_mse	21.01845987186829	21.922640139201057	-0.9041802673327659	-4.1244132166177945
protected_noncore	all	xptar	core	gmm	previous	bias	-0.08208348220599752	-0.16153102911026898	0.07944754690427146	
protected_noncore	all	xptar	core	gmm	previous	spread	4.3178825626618815	4.312644443853107	0.005238118808774672	0.12145955635736172
protected_noncore	all	xptar	core	gmm	previous	rms	4.318662700766361	4.315668473418977	0.002994227347383749	0.06938038373025535
protected_noncore	all	xptar	core	gmm	previous	median	2.7767285996484254	2.7611761580657572	0.01555244158266822	0.5632542327021595
protected_noncore	all	xptar	core	gmm	previous	p90	6.268821646968113	6.312278981580785	-0.04345733461267187	-0.6884571283918284
protected_noncore	all	xptar	core	gmm	previous	cell_mse	21.01845987186829	20.751712469783342	0.26674740208494896	1.2854235643124046
protected_noncore	all	xptar	enet	old	starting	bias	-0.0655340558247574	-0.7176735105090649	0.6521394546843076	
protected_noncore	all	xptar	enet	old	starting	spread	4.334139089337856	4.3391054216418645	-0.00496633230400878	-0.1144552118793496
protected_noncore	all	xptar	enet	old	starting	rms	4.334634512643393	4.398055380257078	-0.0634208676136847	-1.442020668916122
protected_noncore	all	xptar	enet	old	starting	median	2.7619463376530193	2.800433150923479	-0.03848681327045966	-1.374316443074819
protected_noncore	all	xptar	enet	old	starting	p90	6.352777225499318	6.525214836778272	-0.17243761127895407	-2.642635002713456
protected_noncore	all	xptar	enet	old	starting	cell_mse	21.260142582013668	21.922640139201057	-0.6624975571873897	-3.021978890228383
protected_noncore	all	xptar	enet	core	previous	bias	-0.0655340558247574	-0.08208348220599752	0.01654942638124013	
protected_noncore	all	xptar	enet	core	previous	spread	4.334139089337856	4.3178825626618815	0.016256526675974214	0.3764930249967824
protected_noncore	all	xptar	enet	core	previous	rms	4.334634512643393	4.318662700766361	0.015971811877031783	0.3698323528299019
protected_noncore	all	xptar	enet	core	previous	median	2.7619463376530193	2.7767285996484254	-0.01478226199540611	-0.5323625073504812
protected_noncore	all	xptar	enet	core	previous	p90	6.352777225499318	6.268821646968113	0.08395557853120472	1.3392561355100918
protected_noncore	all	xptar	enet	core	previous	cell_mse	21.260142582013668	21.01845987186829	0.24168271014537623	1.1498592742699154
protected_noncore	all	xptar	beam	old	starting	bias	-0.07611844194737868	-0.7176735105090649	0.6415550685616862	
protected_noncore	all	xptar	beam	old	starting	spread	4.321569628494479	4.3391054216418645	-0.017535793147385625	-0.4041338350509682
protected_noncore	all	xptar	beam	old	starting	rms	4.3222399367839826	4.398055380257078	-0.0758154434730951	-1.7238401274670467
protected_noncore	all	xptar	beam	old	starting	median	2.788817273435864	2.800433150923479	-0.011615877487614945	-0.4147886009628343
protected_noncore	all	xptar	beam	old	starting	p90	6.285668582050593	6.525214836778272	-0.23954625472767876	-3.671086097847942
protected_noncore	all	xptar	beam	old	starting	cell_mse	21.021174328440132	21.922640139201057	-0.901465810760925	-4.112031238194547
protected_noncore	all	xptar	beam	enet	previous	bias	-0.07611844194737868	-0.0655340558247574	-0.01058438612262129	
protected_noncore	all	xptar	beam	enet	previous	spread	4.321569628494479	4.334139089337856	-0.012569460843376845	-0.2900105553672261
protected_noncore	all	xptar	beam	enet	previous	rms	4.3222399367839826	4.334634512643393	-0.012394575859410395	-0.28594281301589364
protected_noncore	all	xptar	beam	enet	previous	median	2.788817273435864	2.7619463376530193	0.026870935782844718	0.972898546815304
protected_noncore	all	xptar	beam	enet	previous	p90	6.285668582050593	6.352777225499318	-0.06710864344872469	-1.0563670197556774
protected_noncore	all	xptar	beam	enet	previous	cell_mse	21.021174328440132	21.260142582013668	-0.23896825357353535	-1.124019994935055
protected_noncore	all	ytar	old	old	starting	bias	0.027945510191928855	0.027945510191928855	0.0	
protected_noncore	all	ytar	old	old	starting	spread	0.17263049632037525	0.17263049632037525	0.0	0.0
protected_noncore	all	ytar	old	old	starting	rms	0.1748777853236548	0.1748777853236548	0.0	0.0
protected_noncore	all	ytar	old	old	starting	median	0.11667731768755557	0.11667731768755557	0.0	0.0
protected_noncore	all	ytar	old	old	starting	p90	0.27727546100764255	0.27727546100764255	0.0	0.0
protected_noncore	all	ytar	old	old	starting	cell_mse	0.03493826838648061	0.03493826838648061	0.0	0.0
protected_noncore	all	ytar	gmm	old	starting	bias	0.002634367574442793	0.027945510191928855	-0.02531114261748606	
protected_noncore	all	ytar	gmm	old	starting	spread	0.16641839161400093	0.17263049632037525	-0.006212104706374316	-3.5984978545422375
protected_noncore	all	ytar	gmm	old	starting	rms	0.16643924104581903	0.1748777853236548	-0.008438544277835774	-4.825395210842909
protected_noncore	all	ytar	gmm	old	starting	median	0.11680641113199042	0.11667731768755557	0.00012909344443484683	0.11064142285182044
protected_noncore	all	ytar	gmm	old	starting	p90	0.2702360557981592	0.27727546100764255	-0.007039405209483374	-2.5387768480851447
protected_noncore	all	ytar	gmm	old	starting	cell_mse	0.031735599128415164	0.03493826838648061	-0.0032026692580654492	-9.166651371035673
protected_noncore	all	ytar	gmm	old	previous	bias	0.002634367574442793	0.027945510191928855	-0.02531114261748606	
protected_noncore	all	ytar	gmm	old	previous	spread	0.16641839161400093	0.17263049632037525	-0.006212104706374316	-3.5984978545422375
protected_noncore	all	ytar	gmm	old	previous	rms	0.16643924104581903	0.1748777853236548	-0.008438544277835774	-4.825395210842909
protected_noncore	all	ytar	gmm	old	previous	median	0.11680641113199042	0.11667731768755557	0.00012909344443484683	0.11064142285182044
protected_noncore	all	ytar	gmm	old	previous	p90	0.2702360557981592	0.27727546100764255	-0.007039405209483374	-2.5387768480851447
protected_noncore	all	ytar	gmm	old	previous	cell_mse	0.031735599128415164	0.03493826838648061	-0.0032026692580654492	-9.166651371035673
protected_noncore	all	ytar	core	old	starting	bias	0.006748325536673453	0.027945510191928855	-0.0211971846552554	
protected_noncore	all	ytar	core	old	starting	spread	0.16708197279449824	0.17263049632037525	-0.005548523525877008	-3.2141039064035426
protected_noncore	all	ytar	core	old	starting	rms	0.16721819736634636	0.1748777853236548	-0.00765958795730845	-4.379966239355371
protected_noncore	all	ytar	core	old	starting	median	0.11484088003199534	0.11667731768755557	-0.0018364376555602274	-1.573945726518955
protected_noncore	all	ytar	core	old	starting	p90	0.27191779889359785	0.27727546100764255	-0.005357662114044703	-1.9322525313183125
protected_noncore	all	ytar	core	old	starting	cell_mse	0.03162333120820554	0.03493826838648061	-0.0033149371782750722	-9.487983610423544
protected_noncore	all	ytar	core	gmm	previous	bias	0.006748325536673453	0.002634367574442793	0.00411395796223066	
protected_noncore	all	ytar	core	gmm	previous	spread	0.16708197279449824	0.16641839161400093	0.000663581180497308	0.39874269548070274
protected_noncore	all	ytar	core	gmm	previous	rms	0.16721819736634636	0.16643924104581903	0.0007789563205273242	0.46801242040805935
protected_noncore	all	ytar	core	gmm	previous	median	0.11484088003199534	0.11680641113199042	-0.0019655310999950742	-1.6827253580918966
protected_noncore	all	ytar	core	gmm	previous	p90	0.27191779889359785	0.2702360557981592	0.0016817430954386703	0.622323727480234
protected_noncore	all	ytar	core	gmm	previous	cell_mse	0.03162333120820554	0.031735599128415164	-0.000112267920209623	-0.3537602039757948
protected_noncore	all	ytar	enet	old	starting	bias	0.00497763928128167	0.027945510191928855	-0.022967870910647184	
protected_noncore	all	ytar	enet	old	starting	spread	0.16732836571255352	0.17263049632037525	-0.005302130607821726	-3.071375406337129
protected_noncore	all	ytar	enet	old	starting	rms	0.16740238607871938	0.1748777853236548	-0.007475399244935427	-4.274641991320016
protected_noncore	all	ytar	enet	old	starting	median	0.11571391780346049	0.11667731768755557	-0.0009633998840950786	-0.8256959477547454
protected_noncore	all	ytar	enet	old	starting	p90	0.27247945458788525	0.27727546100764255	-0.004796006419757304	-1.7296901796964637
protected_noncore	all	ytar	enet	old	starting	cell_mse	0.03200623711771886	0.03493826838648061	-0.0029320312687617506	-8.39203373312085
protected_noncore	all	ytar	enet	core	previous	bias	0.00497763928128167	0.006748325536673453	-0.0017706862553917837	
protected_noncore	all	ytar	enet	core	previous	spread	0.16732836571255352	0.16708197279449824	0.00024639291805528263	0.14746828394127665
protected_noncore	all	ytar	enet	core	previous	rms	0.16740238607871938	0.16721819736634636	0.00018418871237302348	0.1101487250035893
protected_noncore	all	ytar	enet	core	previous	median	0.11571391780346049	0.11484088003199534	0.0008730377714651488	0.7602151526720391
protected_noncore	all	ytar	enet	core	previous	p90	0.27247945458788525	0.27191779889359785	0.0005616556942873996	0.20655348659510686
protected_noncore	all	ytar	enet	core	previous	cell_mse	0.03200623711771886	0.03162333120820554	0.00038290590951332165	1.2108335677614157
protected_noncore	all	ytar	beam	old	starting	bias	0.006528152874155028	0.027945510191928855	-0.021417357317773826	
protected_noncore	all	ytar	beam	old	starting	spread	0.16678940979981408	0.17263049632037525	-0.005841086520561173	-3.3835774356583137
protected_noncore	all	ytar	beam	old	starting	rms	0.16691711716093907	0.1748777853236548	-0.007960668162715734	-4.5521323065605745
protected_noncore	all	ytar	beam	old	starting	median	0.11588244913166938	0.11667731768755557	-0.0007948685558861884	-0.6812537103524474
protected_noncore	all	ytar	beam	old	starting	p90	0.27158636256012225	0.27727546100764255	-0.005689098447520302	-2.0517857681475404
protected_noncore	all	ytar	beam	old	starting	cell_mse	0.03174254476339862	0.03493826838648061	-0.0031957236230819933	-9.146771636566232
protected_noncore	all	ytar	beam	enet	previous	bias	0.006528152874155028	0.00497763928128167	0.001550513592873358	
protected_noncore	all	ytar	beam	enet	previous	spread	0.16678940979981408	0.16732836571255352	-0.0005389559127394472	-0.32209476883632293
protected_noncore	all	ytar	beam	enet	previous	rms	0.16691711716093907	0.16740238607871938	-0.0004852689177803071	-0.2898817210120974
protected_noncore	all	ytar	beam	enet	previous	median	0.11588244913166938	0.11571391780346049	0.00016853132820889016	0.14564482078562868
protected_noncore	all	ytar	beam	enet	previous	p90	0.27158636256012225	0.27247945458788525	-0.0008930920277629983	-0.32776490583987794
protected_noncore	all	ytar	beam	enet	previous	cell_mse	0.03174254476339862	0.03200623711771886	-0.0002636923543202427	-0.8238780252435851
protected_noncore	all	yptar	old	old	starting	bias	-0.09520118345172936	-0.09520118345172936	0.0	
protected_noncore	all	yptar	old	old	starting	spread	1.6855084933592714	1.6855084933592714	0.0	0.0
protected_noncore	all	yptar	old	old	starting	rms	1.6881949373567173	1.6881949373567173	0.0	0.0
protected_noncore	all	yptar	old	old	starting	median	1.2002981482585744	1.2002981482585744	0.0	0.0
protected_noncore	all	yptar	old	old	starting	p90	2.5945297793696573	2.5945297793696573	0.0	0.0
protected_noncore	all	yptar	old	old	starting	cell_mse	2.898699582979193	2.898699582979193	0.0	0.0
protected_noncore	all	yptar	gmm	old	starting	bias	0.0054735927587218364	-0.09520118345172936	0.10067477621045119	
protected_noncore	all	yptar	gmm	old	starting	spread	1.659491711266686	1.6855084933592714	-0.0260167820925854	-1.543556866968565
protected_noncore	all	yptar	gmm	old	starting	rms	1.659500738168116	1.6881949373567173	-0.028694199188601388	-1.6996970286813684
protected_noncore	all	yptar	gmm	old	starting	median	1.1839773052938762	1.2002981482585744	-0.016320842964698157	-1.3597324121825016
protected_noncore	all	yptar	gmm	old	starting	p90	2.5590398548220437	2.5945297793696573	-0.03548992454761368	-1.3678750126443373
protected_noncore	all	yptar	gmm	old	starting	cell_mse	2.7945770054169063	2.898699582979193	-0.10412257756228671	-3.5920444524048523
protected_noncore	all	yptar	gmm	old	previous	bias	0.0054735927587218364	-0.09520118345172936	0.10067477621045119	
protected_noncore	all	yptar	gmm	old	previous	spread	1.659491711266686	1.6855084933592714	-0.0260167820925854	-1.543556866968565
protected_noncore	all	yptar	gmm	old	previous	rms	1.659500738168116	1.6881949373567173	-0.028694199188601388	-1.6996970286813684
protected_noncore	all	yptar	gmm	old	previous	median	1.1839773052938762	1.2002981482585744	-0.016320842964698157	-1.3597324121825016
protected_noncore	all	yptar	gmm	old	previous	p90	2.5590398548220437	2.5945297793696573	-0.03548992454761368	-1.3678750126443373
protected_noncore	all	yptar	gmm	old	previous	cell_mse	2.7945770054169063	2.898699582979193	-0.10412257756228671	-3.5920444524048523
protected_noncore	all	yptar	core	old	starting	bias	-0.012520723410986536	-0.09520118345172936	0.08268046004074282	
protected_noncore	all	yptar	core	old	starting	spread	1.6756408911192495	1.6855084933592714	-0.009867602240021922	-0.5854377049358872
protected_noncore	all	yptar	core	old	starting	rms	1.6756876691393439	1.6881949373567173	-0.012507268217373468	-0.7408663502425084
protected_noncore	all	yptar	core	old	starting	median	1.190413343929904	1.2002981482585744	-0.009884804328670338	-0.8235290825876485
protected_noncore	all	yptar	core	old	starting	p90	2.5687246621227064	2.5945297793696573	-0.025805117246950893	-0.9945970731243703
protected_noncore	all	yptar	core	old	starting	cell_mse	2.828264759383697	2.898699582979193	-0.07043482359549591	-2.4298766249900683
protected_noncore	all	yptar	core	gmm	previous	bias	-0.012520723410986536	0.0054735927587218364	-0.017994316169708372	
protected_noncore	all	yptar	core	gmm	previous	spread	1.6756408911192495	1.659491711266686	0.016149179852563478	0.9731401333868073
protected_noncore	all	yptar	core	gmm	previous	rms	1.6756876691393439	1.659500738168116	0.01618693097122792	0.9754096879219354
protected_noncore	all	yptar	core	gmm	previous	median	1.190413343929904	1.1839773052938762	0.006436038636027819	0.5435947637890237
protected_noncore	all	yptar	core	gmm	previous	p90	2.5687246621227064	2.5590398548220437	0.00968480730066279	0.37845472716704354
protected_noncore	all	yptar	core	gmm	previous	cell_mse	2.828264759383697	2.7945770054169063	0.0336877539667908	1.2054688026664317
protected_noncore	all	yptar	enet	old	starting	bias	-0.010880537240752101	-0.09520118345172936	0.08432064621097726	
protected_noncore	all	yptar	enet	old	starting	spread	1.675520433953605	1.6855084933592714	-0.009988059405666494	-0.5925843414624432
protected_noncore	all	yptar	enet	old	starting	rms	1.675555761736005	1.6881949373567173	-0.012639175620712262	-0.7486798675336637
protected_noncore	all	yptar	enet	old	starting	median	1.1875731017388713	1.2002981482585744	-0.012725046519703076	-1.0601571399710075
protected_noncore	all	yptar	enet	old	starting	p90	2.5696153228536116	2.5945297793696573	-0.024914456516045735	-0.9602686665673432
protected_noncore	all	yptar	enet	old	starting	cell_mse	2.852163357285458	2.898699582979193	-0.046536225693734945	-1.6054173384158155
protected_noncore	all	yptar	enet	core	previous	bias	-0.010880537240752101	-0.012520723410986536	0.0016401861702344343	
protected_noncore	all	yptar	enet	core	previous	spread	1.675520433953605	1.6756408911192495	-0.00012045716564457187	-0.007188722015738502
protected_noncore	all	yptar	enet	core	previous	rms	1.675555761736005	1.6756876691393439	-0.00013190740333879347	-0.007871837083250899
protected_noncore	all	yptar	enet	core	previous	median	1.1875731017388713	1.190413343929904	-0.002840242191032738	-0.2385929396302222
protected_noncore	all	yptar	enet	core	previous	p90	2.5696153228536116	2.5687246621227064	0.0008906607309051573	0.0346732658442761
protected_noncore	all	yptar	enet	core	previous	cell_mse	2.852163357285458	2.828264759383697	0.023898597901760965	0.8449915384501905
protected_noncore	all	yptar	beam	old	starting	bias	-0.010446360548292996	-0.09520118345172936	0.08475482290343636	
protected_noncore	all	yptar	beam	old	starting	spread	1.673583716167132	1.6855084933592714	-0.011924777192139357	-0.7074884071555654
protected_noncore	all	yptar	beam	old	starting	rms	1.6736163184758006	1.6881949373567173	-0.014578618880916716	-0.8635625281368964
protected_noncore	all	yptar	beam	old	starting	median	1.192005869603309	1.2002981482585744	-0.008292278655265495	-0.6908515744439181
protected_noncore	all	yptar	beam	old	starting	p90	2.56421681717898	2.5945297793696573	-0.03031296219067725	-1.1683412706113505
protected_noncore	all	yptar	beam	old	starting	cell_mse	2.8420041331893713	2.898699582979193	-0.05669544978982177	-1.9558925706799846
protected_noncore	all	yptar	beam	enet	previous	bias	-0.010446360548292996	-0.010880537240752101	0.00043417669245910534	
protected_noncore	all	yptar	beam	enet	previous	spread	1.673583716167132	1.675520433953605	-0.0019367177864728635	-0.1155890281745453
protected_noncore	all	yptar	beam	enet	previous	rms	1.6736163184758006	1.675555761736005	-0.0019394432602044542	-0.115749251949393
protected_noncore	all	yptar	beam	enet	previous	median	1.192005869603309	1.1875731017388713	0.004432767864437581	0.373262737085156
protected_noncore	all	yptar	beam	enet	previous	p90	2.56421681717898	2.5696153228536116	-0.005398505674631515	-0.21009003280056948
protected_noncore	all	yptar	beam	enet	previous	cell_mse	2.8420041331893713	2.852163357285458	-0.010159224096086827	-0.35619362650236575
protected_noncore	all	ztar	old	old	starting	bias	0.12880871259036278	0.12880871259036278	0.0	
protected_noncore	all	ztar	old	old	starting	spread	0.8081772653733004	0.8081772653733004	0.0	0.0
protected_noncore	all	ztar	old	old	starting	rms	0.8183777713901158	0.8183777713901158	0.0	0.0
protected_noncore	all	ztar	old	old	starting	median	0.5441787465453911	0.5441787465453911	0.0	0.0
protected_noncore	all	ztar	old	old	starting	p90	1.3028480000730074	1.3028480000730074	0.0	0.0
protected_noncore	all	ztar	old	old	starting	cell_mse	0.7493978431045945	0.7493978431045945	0.0	0.0
protected_noncore	all	ztar	gmm	old	starting	bias	0.011813287843919662	0.12880871259036278	-0.11699542474644312	
protected_noncore	all	ztar	gmm	old	starting	spread	0.7813017004048043	0.8081772653733004	-0.02687556496849608	-3.325454219017432
protected_noncore	all	ztar	gmm	old	starting	rms	0.7813910038035515	0.8183777713901158	-0.03698676758656427	-4.519522508992113
protected_noncore	all	ztar	gmm	old	starting	median	0.5430159460537314	0.5441787465453911	-0.0011628004916597323	-0.2136798798265338
protected_noncore	all	ztar	gmm	old	starting	p90	1.2744036538308263	1.3028480000730074	-0.028444346242181062	-2.1832436508776976
protected_noncore	all	ztar	gmm	old	starting	cell_mse	0.6846231525676474	0.7493978431045945	-0.06477469053694707	-8.643565114705886
protected_noncore	all	ztar	gmm	old	previous	bias	0.011813287843919662	0.12880871259036278	-0.11699542474644312	
protected_noncore	all	ztar	gmm	old	previous	spread	0.7813017004048043	0.8081772653733004	-0.02687556496849608	-3.325454219017432
protected_noncore	all	ztar	gmm	old	previous	rms	0.7813910038035515	0.8183777713901158	-0.03698676758656427	-4.519522508992113
protected_noncore	all	ztar	gmm	old	previous	median	0.5430159460537314	0.5441787465453911	-0.0011628004916597323	-0.2136798798265338
protected_noncore	all	ztar	gmm	old	previous	p90	1.2744036538308263	1.3028480000730074	-0.028444346242181062	-2.1832436508776976
protected_noncore	all	ztar	gmm	old	previous	cell_mse	0.6846231525676474	0.7493978431045945	-0.06477469053694707	-8.643565114705886
protected_noncore	all	ztar	core	old	starting	bias	0.03159353025382686	0.12880871259036278	-0.09721518233653592	
protected_noncore	all	ztar	core	old	starting	spread	0.7866556124340722	0.8081772653733004	-0.021521652939228142	-2.6629866814290026
protected_noncore	all	ztar	core	old	starting	rms	0.7872897838330717	0.8183777713901158	-0.031087987557044117	-3.7987331332615892
protected_noncore	all	ztar	core	old	starting	median	0.534773975670064	0.5441787465453911	-0.009404770875327095	-1.7282503102209357
protected_noncore	all	ztar	core	old	starting	p90	1.2902963082759815	1.3028480000730074	-0.012551691797025866	-0.9634041573784891
protected_noncore	all	ztar	core	old	starting	cell_mse	0.6846978973403504	0.7493978431045945	-0.0646999457642441	-8.633591137146334
protected_noncore	all	ztar	core	gmm	previous	bias	0.03159353025382686	0.011813287843919662	0.019780242409907195	
protected_noncore	all	ztar	core	gmm	previous	spread	0.7866556124340722	0.7813017004048043	0.005353912029267938	0.6852553919304061
protected_noncore	all	ztar	core	gmm	previous	rms	0.7872897838330717	0.7813910038035515	0.0058987800295201565	0.7549075943806383
protected_noncore	all	ztar	core	gmm	previous	median	0.534773975670064	0.5430159460537314	-0.008241970383667363	-1.5178136928693076
protected_noncore	all	ztar	core	gmm	previous	p90	1.2902963082759815	1.2744036538308263	0.015892654445155197	1.247065982381823
protected_noncore	all	ztar	core	gmm	previous	cell_mse	0.6846978973403504	0.6846231525676474	7.474477270297264e-05	0.01091765191152394
protected_noncore	all	ztar	enet	old	starting	bias	0.023390432892476092	0.12880871259036278	-0.10541827969788668	
protected_noncore	all	ztar	enet	old	starting	spread	0.7861555678783735	0.8081772653733004	-0.022021697494926884	-2.7248598096551224
protected_noncore	all	ztar	enet	old	starting	rms	0.7865034578799164	0.8183777713901158	-0.031874313510199426	-3.8948166268075624
protected_noncore	all	ztar	enet	old	starting	median	0.5395735247373414	0.5441787465453911	-0.004605221808049675	-0.8462700605793572
protected_noncore	all	ztar	enet	old	starting	p90	1.2862172291603646	1.3028480000730074	-0.016630770912642756	-1.2764935673010847
protected_noncore	all	ztar	enet	old	starting	cell_mse	0.6911582121070537	0.7493978431045945	-0.0582396309975407	-7.77152370178521
protected_noncore	all	ztar	enet	core	previous	bias	0.023390432892476092	0.03159353025382686	-0.008203097361350765	
protected_noncore	all	ztar	enet	core	previous	spread	0.7861555678783735	0.7866556124340722	-0.0005000445556987421	-0.06356587912104139
protected_noncore	all	ztar	enet	core	previous	rms	0.7865034578799164	0.7872897838330717	-0.0007863259531553091	-0.0998775761228532
protected_noncore	all	ztar	enet	core	previous	median	0.5395735247373414	0.534773975670064	0.00479954906727742	0.8974911431065102
protected_noncore	all	ztar	enet	core	previous	p90	1.2862172291603646	1.2902963082759815	-0.00407907911561689	-0.316135068313661
protected_noncore	all	ztar	enet	core	previous	cell_mse	0.6911582121070537	0.6846978973403504	0.00646031476670339	0.9435277648431439
protected_noncore	all	ztar	beam	old	starting	bias	0.030916531805919	0.12880871259036278	-0.09789218078444378	
protected_noncore	all	ztar	beam	old	starting	spread	0.7837782661924517	0.8081772653733004	-0.024398999180848646	-3.019015781095824
protected_noncore	all	ztar	beam	old	starting	rms	0.7843877883384928	0.8183777713901158	-0.03398998305162304	-4.153336544550424
protected_noncore	all	ztar	beam	old	starting	median	0.5368953695690926	0.5441787465453911	-0.00728337697629855	-1.3384162873937289
protected_noncore	all	ztar	beam	old	starting	p90	1.2809241859789533	1.3028480000730074	-0.021923814094054084	-1.6827606975507114
protected_noncore	all	ztar	beam	old	starting	cell_mse	0.6868679645126125	0.7493978431045945	-0.062529878591982	-8.344016354908913
protected_noncore	all	ztar	beam	enet	previous	bias	0.030916531805919	0.023390432892476092	0.0075260989134429065	
protected_noncore	all	ztar	beam	enet	previous	spread	0.7837782661924517	0.7861555678783735	-0.002377301685921762	-0.30239583398709025
protected_noncore	all	ztar	beam	enet	previous	rms	0.7843877883384928	0.7865034578799164	-0.002115669541423615	-0.2689968518544861
protected_noncore	all	ztar	beam	enet	previous	median	0.5368953695690926	0.5395735247373414	-0.0026781551682488747	-0.49634665999458427
protected_noncore	all	ztar	beam	enet	previous	p90	1.2809241859789533	1.2862172291603646	-0.005293043181411328	-0.4115201586023409
protected_noncore	all	ztar	beam	enet	previous	cell_mse	0.6868679645126125	0.6911582121070537	-0.004290247594441299	-0.6207330708495995
protected_noncore	outside_gmm	xptar	old	old	starting	bias	-0.7380525332089866	-0.7380525332089866	0.0	
protected_noncore	outside_gmm	xptar	old	old	starting	spread	4.569199741365561	4.569199741365561	0.0	0.0
protected_noncore	outside_gmm	xptar	old	old	starting	rms	4.628423902180019	4.628423902180019	0.0	0.0
protected_noncore	outside_gmm	xptar	old	old	starting	median	2.9422089441011052	2.9422089441011052	0.0	0.0
protected_noncore	outside_gmm	xptar	old	old	starting	p90	6.923326897270461	6.923326897270461	0.0	0.0
protected_noncore	outside_gmm	xptar	old	old	starting	cell_mse	27.347572356953705	27.347572356953705	0.0	0.0
protected_noncore	outside_gmm	xptar	gmm	old	starting	bias	-0.17625179629115897	-0.7380525332089866	0.5618007369178276	
protected_noncore	outside_gmm	xptar	gmm	old	starting	spread	4.55021862002033	4.569199741365561	-0.01898112134523089	-0.41541456753121375
protected_noncore	outside_gmm	xptar	gmm	old	starting	rms	4.55363087938357	4.628423902180019	-0.07479302279644973	-1.6159501458200887
protected_noncore	outside_gmm	xptar	gmm	old	starting	median	2.9032991171119362	2.9422089441011052	-0.038909826989169005	-1.3224698764912723
protected_noncore	outside_gmm	xptar	gmm	old	starting	p90	6.734845538923636	6.923326897270461	-0.18848135834682456	-2.7224102103445946
protected_noncore	outside_gmm	xptar	gmm	old	starting	cell_mse	25.97050175962578	27.347572356953705	-1.3770705973279256	-5.035439999403735
protected_noncore	outside_gmm	xptar	gmm	old	previous	bias	-0.17625179629115897	-0.7380525332089866	0.5618007369178276	
protected_noncore	outside_gmm	xptar	gmm	old	previous	spread	4.55021862002033	4.569199741365561	-0.01898112134523089	-0.41541456753121375
protected_noncore	outside_gmm	xptar	gmm	old	previous	rms	4.55363087938357	4.628423902180019	-0.07479302279644973	-1.6159501458200887
protected_noncore	outside_gmm	xptar	gmm	old	previous	median	2.9032991171119362	2.9422089441011052	-0.038909826989169005	-1.3224698764912723
protected_noncore	outside_gmm	xptar	gmm	old	previous	p90	6.734845538923636	6.923326897270461	-0.18848135834682456	-2.7224102103445946
protected_noncore	outside_gmm	xptar	gmm	old	previous	cell_mse	25.97050175962578	27.347572356953705	-1.3770705973279256	-5.035439999403735
protected_noncore	outside_gmm	xptar	core	old	starting	bias	-0.08949210311124928	-0.7380525332089866	0.6485604300977372	
protected_noncore	outside_gmm	xptar	core	old	starting	spread	4.55312220419514	4.569199741365561	-0.016077537170421152	-0.3518676810048138
protected_noncore	outside_gmm	xptar	core	old	starting	rms	4.554001607691206	4.628423902180019	-0.0744222944888131	-1.6079403283212557
protected_noncore	outside_gmm	xptar	core	old	starting	median	2.9142836451857055	2.9422089441011052	-0.027925298915399743	-0.9491269806445213
protected_noncore	outside_gmm	xptar	core	old	starting	p90	6.721188246376452	6.923326897270461	-0.20213865089400862	-2.9196750910852165
protected_noncore	outside_gmm	xptar	core	old	starting	cell_mse	26.434047412203284	27.347572356953705	-0.9135249447504208	-3.340424271765885
protected_noncore	outside_gmm	xptar	core	gmm	previous	bias	-0.08949210311124928	-0.17625179629115897	0.0867596931799097	
protected_noncore	outside_gmm	xptar	core	gmm	previous	spread	4.55312220419514	4.55021862002033	0.002903584174809737	0.06381197074871725
protected_noncore	outside_gmm	xptar	core	gmm	previous	rms	4.554001607691206	4.55363087938357	0.00037072830763662523	0.008141378110271269
protected_noncore	outside_gmm	xptar	core	gmm	previous	median	2.9142836451857055	2.9032991171119362	0.010984528073769262	0.3783464131899672
protected_noncore	outside_gmm	xptar	core	gmm	previous	p90	6.721188246376452	6.734845538923636	-0.013657292547184063	-0.20278553484638362
protected_noncore	outside_gmm	xptar	core	gmm	previous	cell_mse	26.434047412203284	25.97050175962578	0.4635456525775048	1.7848929407214609
protected_noncore	outside_gmm	xptar	enet	old	starting	bias	-0.07443904582877187	-0.7380525332089866	0.6636134873802146	
protected_noncore	outside_gmm	xptar	enet	old	starting	spread	4.56629942641804	4.569199741365561	-0.0029003149475208545	-0.06347533729514909
protected_noncore	outside_gmm	xptar	enet	old	starting	rms	4.566906132520091	4.628423902180019	-0.06151776965992806	-1.3291299794505163
protected_noncore	outside_gmm	xptar	enet	old	starting	median	2.901382677072826	2.9422089441011052	-0.04082626702827907	-1.3876059723811451
protected_noncore	outside_gmm	xptar	enet	old	starting	p90	6.77593748450333	6.923326897270461	-0.14738941276713113	-2.128881316079989
protected_noncore	outside_gmm	xptar	enet	old	starting	cell_mse	26.64379128726508	27.347572356953705	-0.703781069688624	-2.573468169322435
protected_noncore	outside_gmm	xptar	enet	core	previous	bias	-0.07443904582877187	-0.08949210311124928	0.015053057282477411	
protected_noncore	outside_gmm	xptar	enet	core	previous	spread	4.56629942641804	4.55312220419514	0.013177222222900298	0.2894106863804202
protected_noncore	outside_gmm	xptar	enet	core	previous	rms	4.566906132520091	4.554001607691206	0.012904524828885044	0.2833667165837328
protected_noncore	outside_gmm	xptar	enet	core	previous	median	2.901382677072826	2.9142836451857055	-0.01290096811287933	-0.44268059267982274
protected_noncore	outside_gmm	xptar	enet	core	previous	p90	6.77593748450333	6.721188246376452	0.054749238126877486	0.8145767700583839
protected_noncore	outside_gmm	xptar	enet	core	previous	cell_mse	26.64379128726508	26.434047412203284	0.20974387506179681	0.7934610685648158
protected_noncore	outside_gmm	xptar	beam	old	starting	bias	-0.08246420639940237	-0.7380525332089866	0.6555883268095842	
protected_noncore	outside_gmm	xptar	beam	old	starting	spread	4.557207067459878	4.569199741365561	-0.011992673905683482	-0.26246770954467813
protected_noncore	outside_gmm	xptar	beam	old	starting	rms	4.55795311527481	4.628423902180019	-0.07047078690520969	-1.5225655297479879
protected_noncore	outside_gmm	xptar	beam	old	starting	median	2.930865052201267	2.9422089441011052	-0.011343891899838088	-0.38555697828944746
protected_noncore	outside_gmm	xptar	beam	old	starting	p90	6.701688720594767	6.923326897270461	-0.22163817667569408	-3.20132473829996
protected_noncore	outside_gmm	xptar	beam	old	starting	cell_mse	26.408454335077305	27.347572356953705	-0.9391180218763999	-3.434008728886717
protected_noncore	outside_gmm	xptar	beam	enet	previous	bias	-0.08246420639940237	-0.07443904582877187	-0.008025160570630505	
protected_noncore	outside_gmm	xptar	beam	enet	previous	spread	4.557207067459878	4.56629942641804	-0.009092358958162627	-0.1991187635563163
protected_noncore	outside_gmm	xptar	beam	enet	previous	rms	4.55795311527481	4.566906132520091	-0.008953017245281636	-0.1960411925598593
protected_noncore	outside_gmm	xptar	beam	enet	previous	median	2.930865052201267	2.901382677072826	0.029482375128440985	1.0161491402501
protected_noncore	outside_gmm	xptar	beam	enet	previous	p90	6.701688720594767	6.77593748450333	-0.07424876390856294	-1.095771088183306
protected_noncore	outside_gmm	xptar	beam	enet	previous	cell_mse	26.408454335077305	26.64379128726508	-0.23533695218777595	-0.8832712644024521
protected_noncore	outside_gmm	ytar	old	old	starting	bias	0.026312712502984805	0.026312712502984805	0.0	
protected_noncore	outside_gmm	ytar	old	old	starting	spread	0.1697489161338407	0.1697489161338407	0.0	0.0
protected_noncore	outside_gmm	ytar	old	old	starting	rms	0.1717761722937102	0.1717761722937102	0.0	0.0
protected_noncore	outside_gmm	ytar	old	old	starting	median	0.1163835341231213	0.1163835341231213	0.0	0.0
protected_noncore	outside_gmm	ytar	old	old	starting	p90	0.273366756354077	0.273366756354077	0.0	0.0
protected_noncore	outside_gmm	ytar	old	old	starting	cell_mse	0.035902582242091106	0.035902582242091106	0.0	0.0
protected_noncore	outside_gmm	ytar	gmm	old	starting	bias	0.002856475952228446	0.026312712502984805	-0.02345623655075636	
protected_noncore	outside_gmm	ytar	gmm	old	starting	spread	0.16556816281915626	0.1697489161338407	-0.004180753314684427	-2.4629042764479636
protected_noncore	outside_gmm	ytar	gmm	old	starting	rms	0.16559280175833818	0.1717761722937102	-0.006183370535372018	-3.599667202270307
protected_noncore	outside_gmm	ytar	gmm	old	starting	median	0.11719795331140324	0.1163835341231213	0.0008144191882819424	0.6997718314863732
protected_noncore	outside_gmm	ytar	gmm	old	starting	p90	0.2686689284779083	0.273366756354077	-0.004697827876168681	-1.7185073777163495
protected_noncore	outside_gmm	ytar	gmm	old	starting	cell_mse	0.032963562222882034	0.035902582242091106	-0.0029390200192090724	-8.186096474596905
protected_noncore	outside_gmm	ytar	gmm	old	previous	bias	0.002856475952228446	0.026312712502984805	-0.02345623655075636	
protected_noncore	outside_gmm	ytar	gmm	old	previous	spread	0.16556816281915626	0.1697489161338407	-0.004180753314684427	-2.4629042764479636
protected_noncore	outside_gmm	ytar	gmm	old	previous	rms	0.16559280175833818	0.1717761722937102	-0.006183370535372018	-3.599667202270307
protected_noncore	outside_gmm	ytar	gmm	old	previous	median	0.11719795331140324	0.1163835341231213	0.0008144191882819424	0.6997718314863732
protected_noncore	outside_gmm	ytar	gmm	old	previous	p90	0.2686689284779083	0.273366756354077	-0.004697827876168681	-1.7185073777163495
protected_noncore	outside_gmm	ytar	gmm	old	previous	cell_mse	0.032963562222882034	0.035902582242091106	-0.0029390200192090724	-8.186096474596905
protected_noncore	outside_gmm	ytar	core	old	starting	bias	0.00725113506039368	0.026312712502984805	-0.019061577442591127	
protected_noncore	outside_gmm	ytar	core	old	starting	spread	0.16687743059173152	0.1697489161338407	-0.00287148554210917	-1.6916075857857704
protected_noncore	outside_gmm	ytar	core	old	starting	rms	0.1670348939609992	0.1717761722937102	-0.004741278332711013	-2.7601490179931187
protected_noncore	outside_gmm	ytar	core	old	starting	median	0.11555503877968853	0.1163835341231213	-0.0008284953434327669	-0.7118664591816759
protected_noncore	outside_gmm	ytar	core	old	starting	p90	0.2711186746509783	0.273366756354077	-0.0022480817030987033	-0.8223683571044305
protected_noncore	outside_gmm	ytar	core	old	starting	cell_mse	0.03293169746495881	0.035902582242091106	-0.002970884777132296	-8.274849862050647
protected_noncore	outside_gmm	ytar	core	gmm	previous	bias	0.00725113506039368	0.002856475952228446	0.004394659108165234	
protected_noncore	outside_gmm	ytar	core	gmm	previous	spread	0.16687743059173152	0.16556816281915626	0.0013092677725752566	0.7907726644314605
protected_noncore	outside_gmm	ytar	core	gmm	previous	rms	0.1670348939609992	0.16559280175833818	0.001442092202661005	0.8708664793084075
protected_noncore	outside_gmm	ytar	core	gmm	previous	median	0.11555503877968853	0.11719795331140324	-0.0016429145317147092	-1.4018286883810793
protected_noncore	outside_gmm	ytar	core	gmm	previous	p90	0.2711186746509783	0.2686689284779083	0.0024497461730699777	0.9118085172515222
protected_noncore	outside_gmm	ytar	core	gmm	previous	cell_mse	0.03293169746495881	0.032963562222882034	-3.1864757923223685e-05	-0.09666660935420124
protected_noncore	outside_gmm	ytar	enet	old	starting	bias	0.004978580099544379	0.026312712502984805	-0.021334132403440426	
protected_noncore	outside_gmm	ytar	enet	old	starting	spread	0.16664077096050903	0.1697489161338407	-0.003108145173331661	-1.831025048125201
protected_noncore	outside_gmm	ytar	enet	old	starting	rms	0.1667151247071495	0.1717761722937102	-0.005061047586560702	-2.9463036223132955
protected_noncore	outside_gmm	ytar	enet	old	starting	median	0.1164876197564401	0.1163835341231213	0.00010408563331880394	0.08943329836392788
protected_noncore	outside_gmm	ytar	enet	old	starting	p90	0.2708360440211325	0.273366756354077	-0.002530712332944496	-0.9257571647324214
protected_noncore	outside_gmm	ytar	enet	old	starting	cell_mse	0.03326063461299625	0.035902582242091106	-0.002641947629094858	-7.358656297422305
protected_noncore	outside_gmm	ytar	enet	core	previous	bias	0.004978580099544379	0.00725113506039368	-0.0022725549608493016	
protected_noncore	outside_gmm	ytar	enet	core	previous	spread	0.16664077096050903	0.16687743059173152	-0.00023665963122249112	-0.14181643999630067
protected_noncore	outside_gmm	ytar	enet	core	previous	rms	0.1667151247071495	0.1670348939609992	-0.0003197692538496888	-0.1914385948150188
protected_noncore	outside_gmm	ytar	enet	core	previous	median	0.1164876197564401	0.11555503877968853	0.0009325809767515708	0.8070448390654628
protected_noncore	outside_gmm	ytar	enet	core	previous	p90	0.2708360440211325	0.2711186746509783	-0.00028263062984579257	-0.10424609452286404
protected_noncore	outside_gmm	ytar	enet	core	previous	cell_mse	0.03326063461299625	0.03293169746495881	0.00032893714803743784	0.9988466230367976
protected_noncore	outside_gmm	ytar	beam	old	starting	bias	0.006980910945830222	0.026312712502984805	-0.019331801557154582	
protected_noncore	outside_gmm	ytar	beam	old	starting	spread	0.16626520302189404	0.1697489161338407	-0.003483713111946646	-2.0522741418860457
protected_noncore	outside_gmm	ytar	beam	old	starting	rms	0.16641169085597698	0.1717761722937102	-0.005364481437733215	-3.122948524292879
protected_noncore	outside_gmm	ytar	beam	old	starting	median	0.11657024936354607	0.1163835341231213	0.0001867152404247674	0.16043097662530315
protected_noncore	outside_gmm	ytar	beam	old	starting	p90	0.27057517956269567	0.273366756354077	-0.0027915767913813117	-1.0211837125380097
protected_noncore	outside_gmm	ytar	beam	old	starting	cell_mse	0.03303456786254435	0.035902582242091106	-0.002868014379546757	-7.988323403057018
protected_noncore	outside_gmm	ytar	beam	enet	previous	bias	0.006980910945830222	0.004978580099544379	0.0020023308462858436	
protected_noncore	outside_gmm	ytar	beam	enet	previous	spread	0.16626520302189404	0.16664077096050903	-0.0003755679386149846	-0.22537578075895182
protected_noncore	outside_gmm	ytar	beam	enet	previous	rms	0.16641169085597698	0.1667151247071495	-0.0003034338511725132	-0.182007392373984
protected_noncore	outside_gmm	ytar	beam	enet	previous	median	0.11657024936354607	0.1164876197564401	8.262960710596345e-05	0.0709342394313861
protected_noncore	outside_gmm	ytar	beam	enet	previous	p90	0.27057517956269567	0.2708360440211325	-0.0002608644584368158	-0.09631822063405071
protected_noncore	outside_gmm	ytar	beam	enet	previous	cell_mse	0.03303456786254435	0.03326063461299625	-0.000226066750451899	-0.6796826130417988
protected_noncore	outside_gmm	yptar	old	old	starting	bias	-0.0826982304520465	-0.0826982304520465	0.0	
protected_noncore	outside_gmm	yptar	old	old	starting	spread	1.7441237506527323	1.7441237506527323	0.0	0.0
protected_noncore	outside_gmm	yptar	old	old	starting	rms	1.74608323252669	1.74608323252669	0.0	0.0
protected_noncore	outside_gmm	yptar	old	old	starting	median	1.2262940731233996	1.2262940731233996	0.0	0.0
protected_noncore	outside_gmm	yptar	old	old	starting	p90	2.675965332938282	2.675965332938282	0.0	0.0
protected_noncore	outside_gmm	yptar	old	old	starting	cell_mse	3.366301296091361	3.366301296091361	0.0	0.0
protected_noncore	outside_gmm	yptar	gmm	old	starting	bias	0.009591185524145068	-0.0826982304520465	0.09228941597619156	
protected_noncore	outside_gmm	yptar	gmm	old	starting	spread	1.7227768970074828	1.7441237506527323	-0.021346853645249464	-1.2239299899024059
protected_noncore	outside_gmm	yptar	gmm	old	starting	rms	1.7228035952198641	1.74608323252669	-0.023279637306825807	-1.3332490040087408
protected_noncore	outside_gmm	yptar	gmm	old	starting	median	1.2110598368381176	1.2262940731233996	-0.015234236285281977	-1.242298778014972
protected_noncore	outside_gmm	yptar	gmm	old	starting	p90	2.647077539215953	2.675965332938282	-0.02888779372232886	-1.079527950782877
protected_noncore	outside_gmm	yptar	gmm	old	starting	cell_mse	3.2589834246554843	3.366301296091361	-0.1073178714358769	-3.188005528812421
protected_noncore	outside_gmm	yptar	gmm	old	previous	bias	0.009591185524145068	-0.0826982304520465	0.09228941597619156	
protected_noncore	outside_gmm	yptar	gmm	old	previous	spread	1.7227768970074828	1.7441237506527323	-0.021346853645249464	-1.2239299899024059
protected_noncore	outside_gmm	yptar	gmm	old	previous	rms	1.7228035952198641	1.74608323252669	-0.023279637306825807	-1.3332490040087408
protected_noncore	outside_gmm	yptar	gmm	old	previous	median	1.2110598368381176	1.2262940731233996	-0.015234236285281977	-1.242298778014972
protected_noncore	outside_gmm	yptar	gmm	old	previous	p90	2.647077539215953	2.675965332938282	-0.02888779372232886	-1.079527950782877
protected_noncore	outside_gmm	yptar	gmm	old	previous	cell_mse	3.2589834246554843	3.366301296091361	-0.1073178714358769	-3.188005528812421
protected_noncore	outside_gmm	yptar	core	old	starting	bias	-0.004846068455694177	-0.0826982304520465	0.07785216199635232	
protected_noncore	outside_gmm	yptar	core	old	starting	spread	1.7411373896005062	1.7441237506527323	-0.0029863610522260498	-0.17122414915273776
protected_noncore	outside_gmm	yptar	core	old	starting	rms	1.741144133564003	1.74608323252669	-0.004939098962686961	-0.2828673267505022
protected_noncore	outside_gmm	yptar	core	old	starting	median	1.2137729739330507	1.2262940731233996	-0.012521099190348828	-1.0210519209684632
protected_noncore	outside_gmm	yptar	core	old	starting	p90	2.665837347318142	2.675965332938282	-0.010127985620139945	-0.3784797020901287
protected_noncore	outside_gmm	yptar	core	old	starting	cell_mse	3.303396482295363	3.366301296091361	-0.06290481379599822	-1.868662614039851
protected_noncore	outside_gmm	yptar	core	gmm	previous	bias	-0.004846068455694177	0.009591185524145068	-0.014437253979839245	
protected_noncore	outside_gmm	yptar	core	gmm	previous	spread	1.7411373896005062	1.7227768970074828	0.018360492593023414	1.0657498730634263
protected_noncore	outside_gmm	yptar	core	gmm	previous	rms	1.741144133564003	1.7228035952198641	0.018340538344138846	1.064575114367483
protected_noncore	outside_gmm	yptar	core	gmm	previous	median	1.2137729739330507	1.2110598368381176	0.002713137094933149	0.22402997873471886
protected_noncore	outside_gmm	yptar	core	gmm	previous	p90	2.665837347318142	2.647077539215953	0.018759808102188913	0.7086988508748115
protected_noncore	outside_gmm	yptar	core	gmm	previous	cell_mse	3.303396482295363	3.2589834246554843	0.044413057639878684	1.3627886936729006
protected_noncore	outside_gmm	yptar	enet	old	starting	bias	-0.00675860963775183	-0.0826982304520465	0.07593962081429466	
protected_noncore	outside_gmm	yptar	enet	old	starting	spread	1.7391552374697137	1.7441237506527323	-0.004968513183018608	-0.28487159705032905
protected_noncore	outside_gmm	yptar	enet	old	starting	rms	1.7391683698890603	1.74608323252669	-0.006914862637629637	-0.3960213642063004
protected_noncore	outside_gmm	yptar	enet	old	starting	median	1.214211612954876	1.2262940731233996	-0.012082460168523657	-0.9852824402673099
protected_noncore	outside_gmm	yptar	enet	old	starting	p90	2.6585283076536332	2.675965332938282	-0.017437025284648744	-0.6516162623639965
protected_noncore	outside_gmm	yptar	enet	old	starting	cell_mse	3.327651857580215	3.366301296091361	-0.038649438511145995	-1.1481277257036404
protected_noncore	outside_gmm	yptar	enet	core	previous	bias	-0.00675860963775183	-0.004846068455694177	-0.001912541182057653	
protected_noncore	outside_gmm	yptar	enet	core	previous	spread	1.7391552374697137	1.7411373896005062	-0.0019821521307925583	-0.11384237353304627
protected_noncore	outside_gmm	yptar	enet	core	previous	rms	1.7391683698890603	1.741144133564003	-0.0019757636749426766	-0.11347502121483721
protected_noncore	outside_gmm	yptar	enet	core	previous	median	1.214211612954876	1.2137729739330507	0.0004386390218251712	0.036138473276747796
protected_noncore	outside_gmm	yptar	enet	core	previous	p90	2.6585283076536332	2.665837347318142	-0.0073090396645087985	-0.2741742541742753
protected_noncore	outside_gmm	yptar	enet	core	previous	cell_mse	3.327651857580215	3.303396482295363	0.02425537528485222	0.7342556491432228
protected_noncore	outside_gmm	yptar	beam	old	starting	bias	-0.004518291475487487	-0.0826982304520465	0.078179938976559	
protected_noncore	outside_gmm	yptar	beam	old	starting	spread	1.737732342001626	1.7441237506527323	-0.006391408651106323	-0.3664538510363413
protected_noncore	outside_gmm	yptar	beam	old	starting	rms	1.7377382160142285	1.74608323252669	-0.008345016512461445	-0.4779277618046751
protected_noncore	outside_gmm	yptar	beam	old	starting	median	1.2182966421069281	1.2262940731233996	-0.007997431016471435	-0.6521625759881355
protected_noncore	outside_gmm	yptar	beam	old	starting	p90	2.658218983044275	2.675965332938282	-0.01774634989400692	-0.6631756277096779
protected_noncore	outside_gmm	yptar	beam	old	starting	cell_mse	3.3160114804721474	3.366301296091361	-0.05028981561921375	-1.4939190285078063
protected_noncore	outside_gmm	yptar	beam	enet	previous	bias	-0.004518291475487487	-0.00675860963775183	0.0022403181622643433	
protected_noncore	outside_gmm	yptar	beam	enet	previous	spread	1.737732342001626	1.7391552374697137	-0.0014228954680877148	-0.08181532260213009
protected_noncore	outside_gmm	yptar	beam	enet	previous	rms	1.7377382160142285	1.7391683698890603	-0.0014301538748318077	-0.08223205410083922
protected_noncore	outside_gmm	yptar	beam	enet	previous	median	1.2182966421069281	1.214211612954876	0.004085029152052222	0.33643469626443157
protected_noncore	outside_gmm	yptar	beam	enet	previous	p90	2.658218983044275	2.6585283076536332	-0.00030932460935817474	-0.01163518208430192
protected_noncore	outside_gmm	yptar	beam	enet	previous	cell_mse	3.3160114804721474	3.327651857580215	-0.011640377108067756	-0.34980754015933035
protected_noncore	outside_gmm	ztar	old	old	starting	bias	0.12309752444939909	0.12309752444939909	0.0	
protected_noncore	outside_gmm	ztar	old	old	starting	spread	0.8015886486846794	0.8015886486846794	0.0	0.0
protected_noncore	outside_gmm	ztar	old	old	starting	rms	0.8109854266419964	0.8109854266419964	0.0	0.0
protected_noncore	outside_gmm	ztar	old	old	starting	median	0.550191034491271	0.550191034491271	0.0	0.0
protected_noncore	outside_gmm	ztar	old	old	starting	p90	1.2952015436631374	1.2952015436631374	0.0	0.0
protected_noncore	outside_gmm	ztar	old	old	starting	cell_mse	0.7823906974094803	0.7823906974094803	0.0	0.0
protected_noncore	outside_gmm	ztar	gmm	old	starting	bias	0.013617837074516283	0.12309752444939909	-0.10947968737488281	
protected_noncore	outside_gmm	ztar	gmm	old	starting	spread	0.7826658900758208	0.8015886486846794	-0.018922758608858614	-2.360657007794309
protected_noncore	outside_gmm	ztar	gmm	old	starting	rms	0.7827843515137263	0.8109854266419964	-0.02820107512827008	-3.477383711448523
protected_noncore	outside_gmm	ztar	gmm	old	starting	median	0.5512119416560455	0.550191034491271	0.0010209071647744317	0.18555503466508583
protected_noncore	outside_gmm	ztar	gmm	old	starting	p90	1.2740971616075178	1.2952015436631374	-0.021104382055619597	-1.629428420532253
protected_noncore	outside_gmm	ztar	gmm	old	starting	cell_mse	0.7195091776555281	0.7823906974094803	-0.06288151975395218	-8.037099618151755
protected_noncore	outside_gmm	ztar	gmm	old	previous	bias	0.013617837074516283	0.12309752444939909	-0.10947968737488281	
protected_noncore	outside_gmm	ztar	gmm	old	previous	spread	0.7826658900758208	0.8015886486846794	-0.018922758608858614	-2.360657007794309
protected_noncore	outside_gmm	ztar	gmm	old	previous	rms	0.7827843515137263	0.8109854266419964	-0.02820107512827008	-3.477383711448523
protected_noncore	outside_gmm	ztar	gmm	old	previous	median	0.5512119416560455	0.550191034491271	0.0010209071647744317	0.18555503466508583
protected_noncore	outside_gmm	ztar	gmm	old	previous	p90	1.2740971616075178	1.2952015436631374	-0.021104382055619597	-1.629428420532253
protected_noncore	outside_gmm	ztar	gmm	old	previous	cell_mse	0.7195091776555281	0.7823906974094803	-0.06288151975395218	-8.037099618151755
protected_noncore	outside_gmm	ztar	core	old	starting	bias	0.034613902955683944	0.12309752444939909	-0.08848362149371514	
protected_noncore	outside_gmm	ztar	core	old	starting	spread	0.7917095103366721	0.8015886486846794	-0.009879138348007244	-1.2324448910570052
protected_noncore	outside_gmm	ztar	core	old	starting	rms	0.7924658169507116	0.8109854266419964	-0.018519609691284744	-2.2835934016678827
protected_noncore	outside_gmm	ztar	core	old	starting	median	0.5430908222808536	0.550191034491271	-0.007100212210417456	-1.2904994384328017
protected_noncore	outside_gmm	ztar	core	old	starting	p90	1.293473090725452	1.2952015436631374	-0.0017284529376855318	-0.13345050012811832
protected_noncore	outside_gmm	ztar	core	old	starting	cell_mse	0.7230083458747402	0.7823906974094803	-0.05938235153474014	-7.589859098703111
protected_noncore	outside_gmm	ztar	core	gmm	previous	bias	0.034613902955683944	0.013617837074516283	0.02099606588116766	
protected_noncore	outside_gmm	ztar	core	gmm	previous	spread	0.7917095103366721	0.7826658900758208	0.00904362026085137	1.1554892548051754
protected_noncore	outside_gmm	ztar	core	gmm	previous	rms	0.7924658169507116	0.7827843515137263	0.009681465436985337	1.2367985407812032
protected_noncore	outside_gmm	ztar	core	gmm	previous	median	0.5430908222808536	0.5512119416560455	-0.008121119375191888	-1.4733206524504938
protected_noncore	outside_gmm	ztar	core	gmm	previous	p90	1.293473090725452	1.2740971616075178	0.019375929117934065	1.520757576564069
protected_noncore	outside_gmm	ztar	core	gmm	previous	cell_mse	0.7230083458747402	0.7195091776555281	0.0034991682192120344	0.48632711407710083
protected_noncore	outside_gmm	ztar	enet	old	starting	bias	0.024281820044574128	0.12309752444939909	-0.09881570440482496	
protected_noncore	outside_gmm	ztar	enet	old	starting	spread	0.7884913758293395	0.8015886486846794	-0.013097272855339903	-1.6339144618416346
protected_noncore	outside_gmm	ztar	enet	old	starting	rms	0.7888651700651523	0.8109854266419964	-0.022120256576844022	-2.7275775680009606
protected_noncore	outside_gmm	ztar	enet	old	starting	median	0.5475096540045382	0.550191034491271	-0.0026813804867328317	-0.4873544493890436
protected_noncore	outside_gmm	ztar	enet	old	starting	p90	1.2876011288279978	1.2952015436631374	-0.007600414835139624	-0.5868132934465087
protected_noncore	outside_gmm	ztar	enet	old	starting	cell_mse	0.7272056824750253	0.7823906974094803	-0.055185014934455046	-7.053383318228901
protected_noncore	outside_gmm	ztar	enet	core	previous	bias	0.024281820044574128	0.034613902955683944	-0.010332082911109815	
protected_noncore	outside_gmm	ztar	enet	core	previous	spread	0.7884913758293395	0.7917095103366721	-0.0032181345073326595	-0.406479202954646
protected_noncore	outside_gmm	ztar	enet	core	previous	rms	0.7888651700651523	0.7924658169507116	-0.0036006468855592777	-0.4543598990066289
protected_noncore	outside_gmm	ztar	enet	core	previous	median	0.5475096540045382	0.5430908222808536	0.004418831723684624	0.813645074156577
protected_noncore	outside_gmm	ztar	enet	core	previous	p90	1.2876011288279978	1.293473090725452	-0.005871961897454092	-0.45396861670781163
protected_noncore	outside_gmm	ztar	enet	core	previous	cell_mse	0.7272056824750253	0.7230083458747402	0.004197336600285095	0.580537779990209
protected_noncore	outside_gmm	ztar	beam	old	starting	bias	0.03381292129300617	0.12309752444939909	-0.08928460315639292	
protected_noncore	outside_gmm	ztar	beam	old	starting	spread	0.7868131991470442	0.8015886486846794	-0.01477544953763521	-1.8432708050295066
protected_noncore	outside_gmm	ztar	beam	old	starting	rms	0.7875394110762796	0.8109854266419964	-0.023446015565716793	-2.8910526373819634
protected_noncore	outside_gmm	ztar	beam	old	starting	median	0.5457202499203975	0.550191034491271	-0.004470784570873576	-0.8125876814782051
protected_noncore	outside_gmm	ztar	beam	old	starting	p90	1.2809635997726794	1.2952015436631374	-0.014237943890458071	-1.0992840427127448
protected_noncore	outside_gmm	ztar	beam	old	starting	cell_mse	0.7241039104070489	0.7823906974094803	-0.058286787002431395	-7.449831292143516
protected_noncore	outside_gmm	ztar	beam	enet	previous	bias	0.03381292129300617	0.024281820044574128	0.009531101248432042	
protected_noncore	outside_gmm	ztar	beam	enet	previous	spread	0.7868131991470442	0.7884913758293395	-0.001678176682295307	-0.21283386651251845
protected_noncore	outside_gmm	ztar	beam	enet	previous	rms	0.7875394110762796	0.7888651700651523	-0.0013257589888727717	-0.1680590092174139
protected_noncore	outside_gmm	ztar	beam	enet	previous	median	0.5457202499203975	0.5475096540045382	-0.0017894040841407444	-0.3268260333042283
protected_noncore	outside_gmm	ztar	beam	enet	previous	p90	1.2809635997726794	1.2876011288279978	-0.006637529055318447	-0.5154957468358257
protected_noncore	outside_gmm	ztar	beam	enet	previous	cell_mse	0.7241039104070489	0.7272056824750253	-0.0031017720679763494	-0.42653297997060635
protected_unsupported	all	xptar	old	old	starting	bias	-1.2153976002689397	-1.2153976002689397	0.0	
protected_unsupported	all	xptar	old	old	starting	spread	5.78126199964377	5.78126199964377	0.0	0.0
protected_unsupported	all	xptar	old	old	starting	rms	5.907637568035516	5.907637568035516	0.0	0.0
protected_unsupported	all	xptar	old	old	starting	median	2.143907126113233	2.143907126113233	0.0	0.0
protected_unsupported	all	xptar	old	old	starting	p90	8.660083225266195	8.660083225266195	0.0	0.0
protected_unsupported	all	xptar	old	old	starting	cell_mse	33.670798609824075	33.670798609824075	0.0	0.0
protected_unsupported	all	xptar	gmm	old	starting	bias	-0.45373531248523424	-1.2153976002689397	0.7616622877837055	
protected_unsupported	all	xptar	gmm	old	starting	spread	5.7425961892972754	5.78126199964377	-0.038665810346494744	-0.6688126286073404
protected_unsupported	all	xptar	gmm	old	starting	rms	5.760493618356648	5.907637568035516	-0.1471439496788678	-2.4907409769857947
protected_unsupported	all	xptar	gmm	old	starting	median	1.9485686409053073	2.143907126113233	-0.19533848520792585	-9.111331495131603
protected_unsupported	all	xptar	gmm	old	starting	p90	8.536960962028733	8.660083225266195	-0.12312226323746245	-1.4217214781290677
protected_unsupported	all	xptar	gmm	old	starting	cell_mse	31.792265311520737	33.670798609824075	-1.8785332983033385	-5.579117145606527
protected_unsupported	all	xptar	gmm	old	previous	bias	-0.45373531248523424	-1.2153976002689397	0.7616622877837055	
protected_unsupported	all	xptar	gmm	old	previous	spread	5.7425961892972754	5.78126199964377	-0.038665810346494744	-0.6688126286073404
protected_unsupported	all	xptar	gmm	old	previous	rms	5.760493618356648	5.907637568035516	-0.1471439496788678	-2.4907409769857947
protected_unsupported	all	xptar	gmm	old	previous	median	1.9485686409053073	2.143907126113233	-0.19533848520792585	-9.111331495131603
protected_unsupported	all	xptar	gmm	old	previous	p90	8.536960962028733	8.660083225266195	-0.12312226323746245	-1.4217214781290677
protected_unsupported	all	xptar	gmm	old	previous	cell_mse	31.792265311520737	33.670798609824075	-1.8785332983033385	-5.579117145606527
protected_unsupported	all	xptar	core	old	starting	bias	-0.5002524344793279	-1.2153976002689397	0.7151451657896118	
protected_unsupported	all	xptar	core	old	starting	spread	8.332434863543114	5.78126199964377	2.5511728638993434	44.12830389033642
protected_unsupported	all	xptar	core	old	starting	rms	8.347438125160991	5.907637568035516	2.4398005571254755	41.29909001741265
protected_unsupported	all	xptar	core	old	starting	median	1.7737352353600686	2.143907126113233	-0.3701718907531646	-17.26622791838295
protected_unsupported	all	xptar	core	old	starting	p90	8.573103268045788	8.660083225266195	-0.0869799572204073	-1.0043778443911355
protected_unsupported	all	xptar	core	old	starting	cell_mse	54.47372505370058	33.670798609824075	20.80292644387651	61.783287901602876
protected_unsupported	all	xptar	core	gmm	previous	bias	-0.5002524344793279	-0.45373531248523424	-0.046517121994093635	
protected_unsupported	all	xptar	core	gmm	previous	spread	8.332434863543114	5.7425961892972754	2.589838674245838	45.098742604827976
protected_unsupported	all	xptar	core	gmm	previous	rms	8.347438125160991	5.760493618356648	2.5869445068043433	44.90838247890196
protected_unsupported	all	xptar	core	gmm	previous	median	1.7737352353600686	1.9485686409053073	-0.17483340554523874	-8.972401683730835
protected_unsupported	all	xptar	core	gmm	previous	p90	8.573103268045788	8.536960962028733	0.03614230601705515	0.42336267177292
protected_unsupported	all	xptar	core	gmm	previous	cell_mse	54.47372505370058	31.792265311520737	22.681459742179847	71.34269772830766
protected_unsupported	all	xptar	enet	old	starting	bias	0.09124410939280472	-1.2153976002689397	1.3066417096617444	
protected_unsupported	all	xptar	enet	old	starting	spread	6.167777109822966	5.78126199964377	0.3865151101791957	6.685652893832028
protected_unsupported	all	xptar	enet	old	starting	rms	6.16845199089326	5.907637568035516	0.26081442285774425	4.4148683776563
protected_unsupported	all	xptar	enet	old	starting	median	1.8755907567896812	2.143907126113233	-0.26831636932355196	-12.515298170121413
protected_unsupported	all	xptar	enet	old	starting	p90	8.767418223169958	8.660083225266195	0.107334997903763	1.2394222447032366
protected_unsupported	all	xptar	enet	old	starting	cell_mse	34.79311872326508	33.670798609824075	1.1223201134410061	3.3332150105686686
protected_unsupported	all	xptar	enet	core	previous	bias	0.09124410939280472	-0.5002524344793279	0.5914965438721326	
protected_unsupported	all	xptar	enet	core	previous	spread	6.167777109822966	8.332434863543114	-2.1646577537201477	-25.97869397324869
protected_unsupported	all	xptar	enet	core	previous	rms	6.16845199089326	8.347438125160991	-2.1789861342677312	-26.10365122323931
protected_unsupported	all	xptar	enet	core	previous	median	1.8755907567896812	1.7737352353600686	0.10185552142961263	5.742430967096168
protected_unsupported	all	xptar	enet	core	previous	p90	8.767418223169958	8.573103268045788	0.1943149551241703	2.2665649654359576
protected_unsupported	all	xptar	enet	core	previous	cell_mse	34.79311872326508	54.47372505370058	-19.680606330435502	-36.12862221379981
protected_unsupported	all	xptar	beam	old	starting	bias	-0.08157362009174197	-1.2153976002689397	1.1338239801771977	
protected_unsupported	all	xptar	beam	old	starting	spread	5.947779231984373	5.78126199964377	0.16651723234060256	2.8802920945437682
protected_unsupported	all	xptar	beam	old	starting	rms	5.948338595601252	5.907637568035516	0.04070102756573668	0.6889560691054841
protected_unsupported	all	xptar	beam	old	starting	median	1.793708755532737	2.143907126113233	-0.3501983705804963	-16.3345868071899
protected_unsupported	all	xptar	beam	old	starting	p90	8.808958560637677	8.660083225266195	0.148875335371482	1.7190982060903526
protected_unsupported	all	xptar	beam	old	starting	cell_mse	31.48626459290334	33.670798609824075	-2.184534016920736	-6.487918633101142
protected_unsupported	all	xptar	beam	enet	previous	bias	-0.08157362009174197	0.09124410939280472	-0.1728177294845467	
protected_unsupported	all	xptar	beam	enet	previous	spread	5.947779231984373	6.167777109822966	-0.21999787783859315	-3.5668908574568725
protected_unsupported	all	xptar	beam	enet	previous	rms	5.948338595601252	6.16845199089326	-0.22011339529200757	-3.5683733231120285
protected_unsupported	all	xptar	beam	enet	previous	median	1.793708755532737	1.8755907567896812	-0.08188200125694434	-4.365664575842554
protected_unsupported	all	xptar	beam	enet	previous	p90	8.808958560637677	8.767418223169958	0.04154033746771901	0.4738035349783898
protected_unsupported	all	xptar	beam	enet	previous	cell_mse	31.48626459290334	34.79311872326508	-3.3068541303617422	-9.504333763993833
protected_unsupported	all	ytar	old	old	starting	bias	0.053210340979668085	0.053210340979668085	0.0	
protected_unsupported	all	ytar	old	old	starting	spread	0.2376096837877493	0.2376096837877493	0.0	0.0
protected_unsupported	all	ytar	old	old	starting	rms	0.243494768356297	0.243494768356297	0.0	0.0
protected_unsupported	all	ytar	old	old	starting	median	0.13865292449893868	0.13865292449893868	0.0	0.0
protected_unsupported	all	ytar	old	old	starting	p90	0.407497072585882	0.407497072585882	0.0	0.0
protected_unsupported	all	ytar	old	old	starting	cell_mse	0.04548185601146686	0.04548185601146686	0.0	0.0
protected_unsupported	all	ytar	gmm	old	starting	bias	0.003351186369628643	0.053210340979668085	-0.04985915461003944	
protected_unsupported	all	ytar	gmm	old	starting	spread	0.20735773810754968	0.2376096837877493	-0.03025194568019962	-12.731781465280223
protected_unsupported	all	ytar	gmm	old	starting	rms	0.20738481623099397	0.243494768356297	-0.03610995212530302	-14.829867749957016
protected_unsupported	all	ytar	gmm	old	starting	median	0.13289285309351972	0.13865292449893868	-0.005760071405418954	-4.154309349214658
protected_unsupported	all	ytar	gmm	old	starting	p90	0.3397704545507631	0.407497072585882	-0.06772661803511892	-16.62014836213215
protected_unsupported	all	ytar	gmm	old	starting	cell_mse	0.03846965451995539	0.04548185601146686	-0.007012201491511473	-15.417579902068113
protected_unsupported	all	ytar	gmm	old	previous	bias	0.003351186369628643	0.053210340979668085	-0.04985915461003944	
protected_unsupported	all	ytar	gmm	old	previous	spread	0.20735773810754968	0.2376096837877493	-0.03025194568019962	-12.731781465280223
protected_unsupported	all	ytar	gmm	old	previous	rms	0.20738481623099397	0.243494768356297	-0.03610995212530302	-14.829867749957016
protected_unsupported	all	ytar	gmm	old	previous	median	0.13289285309351972	0.13865292449893868	-0.005760071405418954	-4.154309349214658
protected_unsupported	all	ytar	gmm	old	previous	p90	0.3397704545507631	0.407497072585882	-0.06772661803511892	-16.62014836213215
protected_unsupported	all	ytar	gmm	old	previous	cell_mse	0.03846965451995539	0.04548185601146686	-0.007012201491511473	-15.417579902068113
protected_unsupported	all	ytar	core	old	starting	bias	0.052585687687768015	0.053210340979668085	-0.0006246532919000694	
protected_unsupported	all	ytar	core	old	starting	spread	1.0333568777547948	0.2376096837877493	0.7957471939670455	334.8967858893606
protected_unsupported	all	ytar	core	old	starting	rms	1.0346940085613394	0.243494768356297	0.7911992402050424	324.93480067190166
protected_unsupported	all	ytar	core	old	starting	median	0.12006213731568025	0.13865292449893868	-0.018590787183258434	-13.408146456658931
protected_unsupported	all	ytar	core	old	starting	p90	0.37563113554143596	0.407497072585882	-0.03186593704444607	-7.819918028424655
protected_unsupported	all	ytar	core	old	starting	cell_mse	0.7319083437277117	0.04548185601146686	0.6864264877162449	1509.231478027597
protected_unsupported	all	ytar	core	gmm	previous	bias	0.052585687687768015	0.003351186369628643	0.04923450131813937	
protected_unsupported	all	ytar	core	gmm	previous	spread	1.0333568777547948	0.20735773810754968	0.8259991396472451	398.3449796403674
protected_unsupported	all	ytar	core	gmm	previous	rms	1.0346940085613394	0.20738481623099397	0.8273091923303455	398.9246693011766
protected_unsupported	all	ytar	core	gmm	previous	median	0.12006213731568025	0.13289285309351972	-0.01283071577783948	-9.654932887030586
protected_unsupported	all	ytar	core	gmm	previous	p90	0.37563113554143596	0.3397704545507631	0.035860680990672855	10.554384735449428
protected_unsupported	all	ytar	core	gmm	previous	cell_mse	0.7319083437277117	0.03846965451995539	0.6934386892077563	1802.5602201549495
protected_unsupported	all	ytar	enet	old	starting	bias	0.006627250806100474	0.053210340979668085	-0.04658309017356761	
protected_unsupported	all	ytar	enet	old	starting	spread	0.22547663156796455	0.2376096837877493	-0.012133052219784751	-5.106295343847556
protected_unsupported	all	ytar	enet	old	starting	rms	0.22557400523216897	0.243494768356297	-0.01792076312412802	-7.359814440820022
protected_unsupported	all	ytar	enet	old	starting	median	0.1255594129156928	0.13865292449893868	-0.01309351158324587	-9.443372096595116
protected_unsupported	all	ytar	enet	old	starting	p90	0.3556457600655578	0.407497072585882	-0.05185131252032421	-12.724339880845715
protected_unsupported	all	ytar	enet	old	starting	cell_mse	0.042667564391485294	0.04548185601146686	-0.0028142916199815696	-6.187723779944321
protected_unsupported	all	ytar	enet	core	previous	bias	0.006627250806100474	0.052585687687768015	-0.04595843688166754	
protected_unsupported	all	ytar	enet	core	previous	spread	0.22547663156796455	1.0333568777547948	-0.8078802461868302	-78.18017797898976
protected_unsupported	all	ytar	enet	core	previous	rms	0.22557400523216897	1.0346940085613394	-0.8091200033291704	-78.19896477937358
protected_unsupported	all	ytar	enet	core	previous	median	0.1255594129156928	0.12006213731568025	0.005497275600012563	4.578692103038717
protected_unsupported	all	ytar	enet	core	previous	p90	0.3556457600655578	0.37563113554143596	-0.019985375475878142	-5.320478944609097
protected_unsupported	all	ytar	enet	core	previous	cell_mse	0.042667564391485294	0.7319083437277117	-0.6892407793362264	-94.17036781215344
protected_unsupported	all	ytar	beam	old	starting	bias	0.01019681724704227	0.053210340979668085	-0.04301352373262581	
protected_unsupported	all	ytar	beam	old	starting	spread	0.23090264756910758	0.2376096837877493	-0.006707036218641715	-2.8227116469852875
protected_unsupported	all	ytar	beam	old	starting	rms	0.231127687083121	0.243494768356297	-0.012367081273175984	-5.078992602863519
protected_unsupported	all	ytar	beam	old	starting	median	0.12383671794891529	0.13865292449893868	-0.014816206550023386	-10.685823327251054
protected_unsupported	all	ytar	beam	old	starting	p90	0.3839210425484626	0.407497072585882	-0.023576030037419426	-5.785570406140927
protected_unsupported	all	ytar	beam	old	starting	cell_mse	0.04509089720041787	0.04548185601146686	-0.0003909588110489956	-0.8595929131617441
protected_unsupported	all	ytar	beam	enet	previous	bias	0.01019681724704227	0.006627250806100474	0.0035695664409417967	
protected_unsupported	all	ytar	beam	enet	previous	spread	0.23090264756910758	0.22547663156796455	0.005426016001143036	2.4064649021100504
protected_unsupported	all	ytar	beam	enet	previous	rms	0.231127687083121	0.22557400523216897	0.005553681850952036	2.462022095691374
protected_unsupported	all	ytar	beam	enet	previous	median	0.12383671794891529	0.1255594129156928	-0.001722694966777516	-1.372015786609504
protected_unsupported	all	ytar	beam	enet	previous	p90	0.3839210425484626	0.3556457600655578	0.028275282482904784	7.950406178803493
protected_unsupported	all	ytar	beam	enet	previous	cell_mse	0.04509089720041787	0.042667564391485294	0.002423332808932574	5.679566770434574
protected_unsupported	all	yptar	old	old	starting	bias	-0.5385238061593605	-0.5385238061593605	0.0	
protected_unsupported	all	yptar	old	old	starting	spread	2.6862245892355165	2.6862245892355165	0.0	0.0
protected_unsupported	all	yptar	old	old	starting	rms	2.7396734173280373	2.7396734173280373	0.0	0.0
protected_unsupported	all	yptar	old	old	starting	median	1.2575045070290183	1.2575045070290183	0.0	0.0
protected_unsupported	all	yptar	old	old	starting	p90	3.879414822591791	3.879414822591791	0.0	0.0
protected_unsupported	all	yptar	old	old	starting	cell_mse	6.453730914711576	6.453730914711576	0.0	0.0
protected_unsupported	all	yptar	gmm	old	starting	bias	-0.024152825959153627	-0.5385238061593605	0.5143709802002069	
protected_unsupported	all	yptar	gmm	old	starting	spread	2.303542929813675	2.6862245892355165	-0.3826816594218414	-14.246078341898816
protected_unsupported	all	yptar	gmm	old	starting	rms	2.303669548458802	2.7396734173280373	-0.43600386886923514	-15.914446813681293
protected_unsupported	all	yptar	gmm	old	starting	median	1.0441063482914554	1.2575045070290183	-0.21339815873756285	-16.969971681591634
protected_unsupported	all	yptar	gmm	old	starting	p90	3.553867438804957	3.879414822591791	-0.3255473837868337	-8.39166211076493
protected_unsupported	all	yptar	gmm	old	starting	cell_mse	5.218973384482075	6.453730914711576	-1.2347575302295013	-19.132460688976273
protected_unsupported	all	yptar	gmm	old	previous	bias	-0.024152825959153627	-0.5385238061593605	0.5143709802002069	
protected_unsupported	all	yptar	gmm	old	previous	spread	2.303542929813675	2.6862245892355165	-0.3826816594218414	-14.246078341898816
protected_unsupported	all	yptar	gmm	old	previous	rms	2.303669548458802	2.7396734173280373	-0.43600386886923514	-15.914446813681293
protected_unsupported	all	yptar	gmm	old	previous	median	1.0441063482914554	1.2575045070290183	-0.21339815873756285	-16.969971681591634
protected_unsupported	all	yptar	gmm	old	previous	p90	3.553867438804957	3.879414822591791	-0.3255473837868337	-8.39166211076493
protected_unsupported	all	yptar	gmm	old	previous	cell_mse	5.218973384482075	6.453730914711576	-1.2347575302295013	-19.132460688976273
protected_unsupported	all	yptar	core	old	starting	bias	-0.5246666556991252	-0.5385238061593605	0.013857150460235279	
protected_unsupported	all	yptar	core	old	starting	spread	6.931334062370956	2.6862245892355165	4.2451094731354395	158.0325595315756
protected_unsupported	all	yptar	core	old	starting	rms	6.951162995052436	2.7396734173280373	4.211489577724398	153.72232146676086
protected_unsupported	all	yptar	core	old	starting	median	1.0415595404239486	1.2575045070290183	-0.21594496660506968	-17.172500408389112
protected_unsupported	all	yptar	core	old	starting	p90	3.534202348009192	3.879414822591791	-0.3452124745825986	-8.898570799189919
protected_unsupported	all	yptar	core	old	starting	cell_mse	34.1171275421574	6.453730914711576	27.66339662744582	428.6419281037243
protected_unsupported	all	yptar	core	gmm	previous	bias	-0.5246666556991252	-0.024152825959153627	-0.5005138297399716	
protected_unsupported	all	yptar	core	gmm	previous	spread	6.931334062370956	2.303542929813675	4.627791132557281	200.89884467365255
protected_unsupported	all	yptar	core	gmm	previous	rms	6.951162995052436	2.303669548458802	4.647493446593634	201.74306031448364
protected_unsupported	all	yptar	core	gmm	previous	median	1.0415595404239486	1.0441063482914554	-0.0025468078675068284	-0.2439222663164875
protected_unsupported	all	yptar	core	gmm	previous	p90	3.534202348009192	3.553867438804957	-0.01966509079576495	-0.5533433965780543
protected_unsupported	all	yptar	core	gmm	previous	cell_mse	34.1171275421574	5.218973384482075	28.89815415767532	553.7133843908872
protected_unsupported	all	yptar	enet	old	starting	bias	-0.1405386746021413	-0.5385238061593605	0.39798513155721915	
protected_unsupported	all	yptar	enet	old	starting	spread	2.6281492287700408	2.6862245892355165	-0.05807536046547579	-2.1619696542947597
protected_unsupported	all	yptar	enet	old	starting	rms	2.6319041562609167	2.7396734173280373	-0.10776926106712059	-3.9336535656219307
protected_unsupported	all	yptar	enet	old	starting	median	1.0386792314960036	1.2575045070290183	-0.21882527553301467	-17.401549999213252
protected_unsupported	all	yptar	enet	old	starting	p90	3.505161062668464	3.879414822591791	-0.3742537599233269	-9.64717043776444
protected_unsupported	all	yptar	enet	old	starting	cell_mse	6.28505274855501	6.453730914711576	-0.16867816615656572	-2.613653534454874
protected_unsupported	all	yptar	enet	core	previous	bias	-0.1405386746021413	-0.5246666556991252	0.3841279810969839	
protected_unsupported	all	yptar	enet	core	previous	spread	2.6281492287700408	6.931334062370956	-4.303184833600915	-62.08306791851486
protected_unsupported	all	yptar	enet	core	previous	rms	2.6319041562609167	6.951162995052436	-4.319258838791519	-62.13721131076624
protected_unsupported	all	yptar	enet	core	previous	median	1.0386792314960036	1.0415595404239486	-0.0028803089279449967	-0.276538096590484
protected_unsupported	all	yptar	enet	core	previous	p90	3.505161062668464	3.534202348009192	-0.02904128534072825	-0.8217210697369137
protected_unsupported	all	yptar	enet	core	previous	cell_mse	6.28505274855501	34.1171275421574	-27.832074793602388	-81.57801315251766
protected_unsupported	all	yptar	beam	old	starting	bias	-0.1469902334503	-0.5385238061593605	0.3915335727090605	
protected_unsupported	all	yptar	beam	old	starting	spread	2.371896937086751	2.6862245892355165	-0.3143276521487657	-11.701465819662582
protected_unsupported	all	yptar	beam	old	starting	rms	2.376447182011686	2.7396734173280373	-0.36322623531635134	-13.258012178349365
protected_unsupported	all	yptar	beam	old	starting	median	0.9965320750394274	1.2575045070290183	-0.26097243198959086	-20.753200527778993
protected_unsupported	all	yptar	beam	old	starting	p90	3.5100825926453645	3.879414822591791	-0.36933222994642634	-9.520307748364997
protected_unsupported	all	yptar	beam	old	starting	cell_mse	5.392034304525887	6.453730914711576	-1.061696610185689	-16.450896763692192
protected_unsupported	all	yptar	beam	enet	previous	bias	-0.1469902334503	-0.1405386746021413	-0.006451558848158678	
protected_unsupported	all	yptar	beam	enet	previous	spread	2.371896937086751	2.6281492287700408	-0.2562522916832899	-9.750294575289953
protected_unsupported	all	yptar	beam	enet	previous	rms	2.376447182011686	2.6319041562609167	-0.25545697424923075	-9.706165539559475
protected_unsupported	all	yptar	beam	enet	previous	median	0.9965320750394274	1.0386792314960036	-0.042147156456576185	-4.05776443569319
protected_unsupported	all	yptar	beam	enet	previous	p90	3.5100825926453645	3.505161062668464	0.0049215299769005405	0.14040809791358022
protected_unsupported	all	yptar	beam	enet	previous	cell_mse	5.392034304525887	6.28505274855501	-0.8930184440291233	-14.208606987975337
protected_unsupported	all	ztar	old	old	starting	bias	0.22591518219546872	0.22591518219546872	0.0	
protected_unsupported	all	ztar	old	old	starting	spread	1.0009506876894787	1.0009506876894787	0.0	0.0
protected_unsupported	all	ztar	old	old	starting	rms	1.0261286219243921	1.0261286219243921	0.0	0.0
protected_unsupported	all	ztar	old	old	starting	median	0.5757378375208844	0.5757378375208844	0.0	0.0
protected_unsupported	all	ztar	old	old	starting	p90	1.708946684341095	1.708946684341095	0.0	0.0
protected_unsupported	all	ztar	old	old	starting	cell_mse	0.7784694800755375	0.7784694800755375	0.0	0.0
protected_unsupported	all	ztar	gmm	old	starting	bias	0.017767584341904542	0.22591518219546872	-0.20814759785356418	
protected_unsupported	all	ztar	gmm	old	starting	spread	0.8732638585758536	1.0009506876894787	-0.12768682911362506	-12.756555411172954
protected_unsupported	all	ztar	gmm	old	starting	rms	0.873444591115049	1.0261286219243921	-0.15268403080934312	-14.879619138096045
protected_unsupported	all	ztar	gmm	old	starting	median	0.5488331530491963	0.5757378375208844	-0.026904684471688034	-4.6730790853592445
protected_unsupported	all	ztar	gmm	old	starting	p90	1.4565842586833913	1.708946684341095	-0.2523624256577037	-14.767132759030755
protected_unsupported	all	ztar	gmm	old	starting	cell_mse	0.6641828925438001	0.7784694800755375	-0.11428658753173737	-14.68093360842454
protected_unsupported	all	ztar	gmm	old	previous	bias	0.017767584341904542	0.22591518219546872	-0.20814759785356418	
protected_unsupported	all	ztar	gmm	old	previous	spread	0.8732638585758536	1.0009506876894787	-0.12768682911362506	-12.756555411172954
protected_unsupported	all	ztar	gmm	old	previous	rms	0.873444591115049	1.0261286219243921	-0.15268403080934312	-14.879619138096045
protected_unsupported	all	ztar	gmm	old	previous	median	0.5488331530491963	0.5757378375208844	-0.026904684471688034	-4.6730790853592445
protected_unsupported	all	ztar	gmm	old	previous	p90	1.4565842586833913	1.708946684341095	-0.2523624256577037	-14.767132759030755
protected_unsupported	all	ztar	gmm	old	previous	cell_mse	0.6641828925438001	0.7784694800755375	-0.11428658753173737	-14.68093360842454
protected_unsupported	all	ztar	core	old	starting	bias	0.15033233032782023	0.22591518219546872	-0.07558285186764849	
protected_unsupported	all	ztar	core	old	starting	spread	2.5895503889288802	1.0009506876894787	1.5885997012394015	158.70908734838963
protected_unsupported	all	ztar	core	old	starting	rms	2.5939103736142286	1.0261286219243921	1.5677817516898365	152.78608531059515
protected_unsupported	all	ztar	core	old	starting	median	0.481390012020368	0.5757378375208844	-0.09434782550051635	-16.387289379273074
protected_unsupported	all	ztar	core	old	starting	p90	1.5763443335581375	1.708946684341095	-0.13260235078295746	-7.759302967025206
protected_unsupported	all	ztar	core	old	starting	cell_mse	4.776840236708258	0.7784694800755375	3.998370756632721	513.6194621585865
protected_unsupported	all	ztar	core	gmm	previous	bias	0.15033233032782023	0.017767584341904542	0.1325647459859157	
protected_unsupported	all	ztar	core	gmm	previous	spread	2.5895503889288802	0.8732638585758536	1.7162865303530266	196.53699320065772
protected_unsupported	all	ztar	core	gmm	previous	rms	2.5939103736142286	0.873444591115049	1.7204657824991796	196.9748052710263
protected_unsupported	all	ztar	core	gmm	previous	median	0.481390012020368	0.5488331530491963	-0.06744314102882831	-12.288459735737367
protected_unsupported	all	ztar	core	gmm	previous	p90	1.5763443335581375	1.4565842586833913	0.11976007487474627	8.221980579619714
protected_unsupported	all	ztar	core	gmm	previous	cell_mse	4.776840236708258	0.6641828925438001	4.112657344164458	619.2055517137917
protected_unsupported	all	ztar	enet	old	starting	bias	0.03251725966012329	0.22591518219546872	-0.19339792253534543	
protected_unsupported	all	ztar	enet	old	starting	spread	0.9628276765096487	1.0009506876894787	-0.03812301117982997	-3.808680252553731
protected_unsupported	all	ztar	enet	old	starting	rms	0.9633766173354907	1.0261286219243921	-0.0627520045889014	-6.115413141017045
protected_unsupported	all	ztar	enet	old	starting	median	0.5144399413515663	0.5757378375208844	-0.06129789616931802	-10.646841700254672
protected_unsupported	all	ztar	enet	old	starting	p90	1.514407677117145	1.708946684341095	-0.1945390072239499	-11.383562109133717
protected_unsupported	all	ztar	enet	old	starting	cell_mse	0.767566533370438	0.7784694800755375	-0.010902946705099503	-1.4005618696883992
protected_unsupported	all	ztar	enet	core	previous	bias	0.03251725966012329	0.15033233032782023	-0.11781507066769695	
protected_unsupported	all	ztar	enet	core	previous	spread	0.9628276765096487	2.5895503889288802	-1.6267227124192316	-62.8187317525841
protected_unsupported	all	ztar	enet	core	previous	rms	0.9633766173354907	2.5939103736142286	-1.6305337562787379	-62.860065361735366
protected_unsupported	all	ztar	enet	core	previous	median	0.5144399413515663	0.481390012020368	0.033049929331198324	6.865520369334122
protected_unsupported	all	ztar	enet	core	previous	p90	1.514407677117145	1.5763443335581375	-0.061936656440992444	-3.9291324314395526
protected_unsupported	all	ztar	enet	core	previous	cell_mse	0.767566533370438	4.776840236708258	-4.00927370333782	-83.93150083873495
protected_unsupported	all	ztar	beam	old	starting	bias	0.05305163025920571	0.22591518219546872	-0.17286355193626302	
protected_unsupported	all	ztar	beam	old	starting	spread	1.0068170052875636	1.0009506876894787	0.005866317598084869	0.5860745859145311
protected_unsupported	all	ztar	beam	old	starting	rms	1.0082137459930693	1.0261286219243921	-0.017914875931322793	-1.7458704053810892
protected_unsupported	all	ztar	beam	old	starting	median	0.5030639029768105	0.5757378375208844	-0.07267393454407389	-12.622747682696412
protected_unsupported	all	ztar	beam	old	starting	p90	1.5894095311852836	1.708946684341095	-0.11953715315581137	-6.99478539916536
protected_unsupported	all	ztar	beam	old	starting	cell_mse	0.846953845241186	0.7784694800755375	0.06848436516564849	8.797308939973236
protected_unsupported	all	ztar	beam	enet	previous	bias	0.05305163025920571	0.03251725966012329	0.02053437059908242	
protected_unsupported	all	ztar	beam	enet	previous	spread	1.0068170052875636	0.9628276765096487	0.04398932877791484	4.5687644685683315
protected_unsupported	all	ztar	beam	enet	previous	rms	1.0082137459930693	0.9633766173354907	0.04483712865757861	4.6541640985214405
protected_unsupported	all	ztar	beam	enet	previous	median	0.5030639029768105	0.5144399413515663	-0.01137603837475587	-2.211344310643548
protected_unsupported	all	ztar	beam	enet	previous	p90	1.5894095311852836	1.514407677117145	0.07500185406813853	4.952553741071464
protected_unsupported	all	ztar	beam	enet	previous	cell_mse	0.846953845241186	0.767566533370438	0.07938731187074799	10.342727101734472
protected_unsupported	outside_gmm	xptar	old	old	starting	bias	-1.4829191510128776	-1.4829191510128776	0.0	
protected_unsupported	outside_gmm	xptar	old	old	starting	spread	6.371554207421483	6.371554207421483	0.0	0.0
protected_unsupported	outside_gmm	xptar	old	old	starting	rms	6.541846239904387	6.541846239904387	0.0	0.0
protected_unsupported	outside_gmm	xptar	old	old	starting	median	2.7104081728402987	2.7104081728402987	0.0	0.0
protected_unsupported	outside_gmm	xptar	old	old	starting	p90	9.879911869061573	9.879911869061573	0.0	0.0
protected_unsupported	outside_gmm	xptar	old	old	starting	cell_mse	36.62546378908979	36.62546378908979	0.0	0.0
protected_unsupported	outside_gmm	xptar	gmm	old	starting	bias	-0.7179667269022612	-1.4829191510128776	0.7649524241106165	
protected_unsupported	outside_gmm	xptar	gmm	old	starting	spread	6.405421302689443	6.371554207421483	0.03386709526795961	0.5315358571149176
protected_unsupported	outside_gmm	xptar	gmm	old	starting	rms	6.445533204156695	6.541846239904387	-0.09631303574769134	-1.4722607688360978
protected_unsupported	outside_gmm	xptar	gmm	old	starting	median	2.4281292386602873	2.7104081728402987	-0.2822789341800114	-10.414628210193333
protected_unsupported	outside_gmm	xptar	gmm	old	starting	p90	9.611689002571362	9.879911869061573	-0.2682228664902109	-2.714830557650383
protected_unsupported	outside_gmm	xptar	gmm	old	starting	cell_mse	35.15102558329132	36.62546378908979	-1.4744382057984708	-4.025718866767458
protected_unsupported	outside_gmm	xptar	gmm	old	previous	bias	-0.7179667269022612	-1.4829191510128776	0.7649524241106165	
protected_unsupported	outside_gmm	xptar	gmm	old	previous	spread	6.405421302689443	6.371554207421483	0.03386709526795961	0.5315358571149176
protected_unsupported	outside_gmm	xptar	gmm	old	previous	rms	6.445533204156695	6.541846239904387	-0.09631303574769134	-1.4722607688360978
protected_unsupported	outside_gmm	xptar	gmm	old	previous	median	2.4281292386602873	2.7104081728402987	-0.2822789341800114	-10.414628210193333
protected_unsupported	outside_gmm	xptar	gmm	old	previous	p90	9.611689002571362	9.879911869061573	-0.2682228664902109	-2.714830557650383
protected_unsupported	outside_gmm	xptar	gmm	old	previous	cell_mse	35.15102558329132	36.62546378908979	-1.4744382057984708	-4.025718866767458
protected_unsupported	outside_gmm	xptar	core	old	starting	bias	-0.48549789512717606	-1.4829191510128776	0.9974212558857016	
protected_unsupported	outside_gmm	xptar	core	old	starting	spread	6.470350951377097	6.371554207421483	0.09879674395561366	1.5505909663381168
protected_unsupported	outside_gmm	xptar	core	old	starting	rms	6.488539869659384	6.541846239904387	-0.05330637024500273	-0.8148520813564986
protected_unsupported	outside_gmm	xptar	core	old	starting	median	2.345083714541389	2.7104081728402987	-0.3653244582989097	-13.478577210608023
protected_unsupported	outside_gmm	xptar	core	old	starting	p90	9.733624964397299	9.879911869061573	-0.14628690466427408	-1.4806498944830104
protected_unsupported	outside_gmm	xptar	core	old	starting	cell_mse	34.91111904376907	36.62546378908979	-1.714344745320723	-4.680745492242478
protected_unsupported	outside_gmm	xptar	core	gmm	previous	bias	-0.48549789512717606	-0.7179667269022612	0.2324688317750851	
protected_unsupported	outside_gmm	xptar	core	gmm	previous	spread	6.470350951377097	6.405421302689443	0.06492964868765405	1.0136671050878787
protected_unsupported	outside_gmm	xptar	core	gmm	previous	rms	6.488539869659384	6.445533204156695	0.04300666550268861	0.6672320836847767
protected_unsupported	outside_gmm	xptar	core	gmm	previous	median	2.345083714541389	2.4281292386602873	-0.08304552411889832	-3.420144315082607
protected_unsupported	outside_gmm	xptar	core	gmm	previous	p90	9.733624964397299	9.611689002571362	0.1219359618259368	1.2686215897467656
protected_unsupported	outside_gmm	xptar	core	gmm	previous	cell_mse	34.91111904376907	35.15102558329132	-0.23990653952225216	-0.6825022472069509
protected_unsupported	outside_gmm	xptar	enet	old	starting	bias	-0.11722406485749837	-1.4829191510128776	1.3656950861553794	
protected_unsupported	outside_gmm	xptar	enet	old	starting	spread	6.769259978986609	6.371554207421483	0.39770577156512577	6.2418957544437825
protected_unsupported	outside_gmm	xptar	enet	old	starting	rms	6.770274894307579	6.541846239904387	0.22842865440319216	3.491807144744663
protected_unsupported	outside_gmm	xptar	enet	old	starting	median	2.484669408097204	2.7104081728402987	-0.22573876474309484	-8.328589287957245
protected_unsupported	outside_gmm	xptar	enet	old	starting	p90	10.107707269298174	9.879911869061573	0.2277954002366016	2.3056420265238575
protected_unsupported	outside_gmm	xptar	enet	old	starting	cell_mse	37.61335526308156	36.62546378908979	0.9878914739917661	2.697280448598849
protected_unsupported	outside_gmm	xptar	enet	core	previous	bias	-0.11722406485749837	-0.48549789512717606	0.3682738302696777	
protected_unsupported	outside_gmm	xptar	enet	core	previous	spread	6.769259978986609	6.470350951377097	0.2989090276095121	4.619672562674437
protected_unsupported	outside_gmm	xptar	enet	core	previous	rms	6.770274894307579	6.488539869659384	0.2817350246481949	4.342040432942351
protected_unsupported	outside_gmm	xptar	enet	core	previous	median	2.484669408097204	2.345083714541389	0.13958569355581485	5.952269110491537
protected_unsupported	outside_gmm	xptar	enet	core	previous	p90	10.107707269298174	9.733624964397299	0.3740823049008757	3.84319620150928
protected_unsupported	outside_gmm	xptar	enet	core	previous	cell_mse	37.61335526308156	34.91111904376907	2.702236219312489	7.7403311418480225
protected_unsupported	outside_gmm	xptar	beam	old	starting	bias	-0.36161070947343044	-1.4829191510128776	1.1213084415394472	
protected_unsupported	outside_gmm	xptar	beam	old	starting	spread	6.116293907515249	6.371554207421483	-0.2552602999062339	-4.00624857917572
protected_unsupported	outside_gmm	xptar	beam	old	starting	rms	6.126974250665171	6.541846239904387	-0.41487198923921564	-6.341818104934227
protected_unsupported	outside_gmm	xptar	beam	old	starting	median	2.389175573607634	2.7104081728402987	-0.32123259923266456	-11.851816359306412
protected_unsupported	outside_gmm	xptar	beam	old	starting	p90	9.413016461673632	9.879911869061573	-0.4668954073879412	-4.725704172017964
protected_unsupported	outside_gmm	xptar	beam	old	starting	cell_mse	31.143983542839777	36.62546378908979	-5.481480246250015	-14.966309444749937
protected_unsupported	outside_gmm	xptar	beam	enet	previous	bias	-0.36161070947343044	-0.11722406485749837	-0.24438664461593207	
protected_unsupported	outside_gmm	xptar	beam	enet	previous	spread	6.116293907515249	6.769259978986609	-0.6529660714713597	-9.646048068744905
protected_unsupported	outside_gmm	xptar	beam	enet	previous	rms	6.126974250665171	6.770274894307579	-0.6433006436424078	-9.50183934456328
protected_unsupported	outside_gmm	xptar	beam	enet	previous	median	2.389175573607634	2.484669408097204	-0.09549383448956972	-3.8433215371979967
protected_unsupported	outside_gmm	xptar	beam	enet	previous	p90	9.413016461673632	10.107707269298174	-0.6946908076245428	-6.872882139500058
protected_unsupported	outside_gmm	xptar	beam	enet	previous	cell_mse	31.143983542839777	37.61335526308156	-6.4693717202417815	-17.19966664763787
protected_unsupported	outside_gmm	ytar	old	old	starting	bias	0.03908346790401679	0.03908346790401679	0.0	
protected_unsupported	outside_gmm	ytar	old	old	starting	spread	0.24629896660344822	0.24629896660344822	0.0	0.0
protected_unsupported	outside_gmm	ytar	old	old	starting	rms	0.24938062958724524	0.24938062958724524	0.0	0.0
protected_unsupported	outside_gmm	ytar	old	old	starting	median	0.15114853185703384	0.15114853185703384	0.0	0.0
protected_unsupported	outside_gmm	ytar	old	old	starting	p90	0.4236896585114659	0.4236896585114659	0.0	0.0
protected_unsupported	outside_gmm	ytar	old	old	starting	cell_mse	0.04811689672622455	0.04811689672622455	0.0	0.0
protected_unsupported	outside_gmm	ytar	gmm	old	starting	bias	-0.00491612067232557	0.03908346790401679	-0.043999588576342355	
protected_unsupported	outside_gmm	ytar	gmm	old	starting	spread	0.22097959902126318	0.24629896660344822	-0.02531936758218503	-10.279932527264835
protected_unsupported	outside_gmm	ytar	gmm	old	starting	rms	0.22103427658637725	0.24938062958724524	-0.02834635300086799	-11.366701995974825
protected_unsupported	outside_gmm	ytar	gmm	old	starting	median	0.14627204055614254	0.15114853185703384	-0.004876491300891295	-3.226290881544125
protected_unsupported	outside_gmm	ytar	gmm	old	starting	p90	0.3759849095068423	0.4236896585114659	-0.04770474900462357	-11.25936119664166
protected_unsupported	outside_gmm	ytar	gmm	old	starting	cell_mse	0.0426155469634659	0.04811689672622455	-0.0055013497627586505	-11.433301266414208
protected_unsupported	outside_gmm	ytar	gmm	old	previous	bias	-0.00491612067232557	0.03908346790401679	-0.043999588576342355	
protected_unsupported	outside_gmm	ytar	gmm	old	previous	spread	0.22097959902126318	0.24629896660344822	-0.02531936758218503	-10.279932527264835
protected_unsupported	outside_gmm	ytar	gmm	old	previous	rms	0.22103427658637725	0.24938062958724524	-0.02834635300086799	-11.366701995974825
protected_unsupported	outside_gmm	ytar	gmm	old	previous	median	0.14627204055614254	0.15114853185703384	-0.004876491300891295	-3.226290881544125
protected_unsupported	outside_gmm	ytar	gmm	old	previous	p90	0.3759849095068423	0.4236896585114659	-0.04770474900462357	-11.25936119664166
protected_unsupported	outside_gmm	ytar	gmm	old	previous	cell_mse	0.0426155469634659	0.04811689672622455	-0.0055013497627586505	-11.433301266414208
protected_unsupported	outside_gmm	ytar	core	old	starting	bias	0.01033692271429806	0.03908346790401679	-0.02874654518971873	
protected_unsupported	outside_gmm	ytar	core	old	starting	spread	0.29301667312143637	0.24629896660344822	0.04671770651798815	18.967885721260714
protected_unsupported	outside_gmm	ytar	core	old	starting	rms	0.2931989473009002	0.24938062958724524	0.043818317713654936	17.570858565149795
protected_unsupported	outside_gmm	ytar	core	old	starting	median	0.12608702962792795	0.15114853185703384	-0.025061502229105886	-16.58071164912849
protected_unsupported	outside_gmm	ytar	core	old	starting	p90	0.42870205038939624	0.4236896585114659	0.0050123918779303445	1.183033802510125
protected_unsupported	outside_gmm	ytar	core	old	starting	cell_mse	0.07590702958912851	0.04811689672622455	0.02779013286290396	57.75545547133727
protected_unsupported	outside_gmm	ytar	core	gmm	previous	bias	0.01033692271429806	-0.00491612067232557	0.01525304338662363	
protected_unsupported	outside_gmm	ytar	core	gmm	previous	spread	0.29301667312143637	0.22097959902126318	0.07203707410017318	32.598970411400565
protected_unsupported	outside_gmm	ytar	core	gmm	previous	rms	0.2931989473009002	0.22103427658637725	0.07216467071452293	32.64863342872613
protected_unsupported	outside_gmm	ytar	core	gmm	previous	median	0.12608702962792795	0.14627204055614254	-0.020185010928214592	-13.799637204395953
protected_unsupported	outside_gmm	ytar	core	gmm	previous	p90	0.42870205038939624	0.3759849095068423	0.052717140882553915	14.021078918220397
protected_unsupported	outside_gmm	ytar	core	gmm	previous	cell_mse	0.07590702958912851	0.0426155469634659	0.03329148262566261	78.12050999651193
protected_unsupported	outside_gmm	ytar	enet	old	starting	bias	0.0004256097177891952	0.03908346790401679	-0.03865785818622759	
protected_unsupported	outside_gmm	ytar	enet	old	starting	spread	0.23335987365917735	0.24629896660344822	-0.012939092944270869	-5.253409351531446
protected_unsupported	outside_gmm	ytar	enet	old	starting	rms	0.23336026177963354	0.24938062958724524	-0.016020367807611707	-6.424062620311499
protected_unsupported	outside_gmm	ytar	enet	old	starting	median	0.1301042486290354	0.15114853185703384	-0.021044283227998423	-13.922916067688629
protected_unsupported	outside_gmm	ytar	enet	old	starting	p90	0.38799116130231526	0.4236896585114659	-0.03569849720915064	-8.42562391882986
protected_unsupported	outside_gmm	ytar	enet	old	starting	cell_mse	0.04598549592028181	0.04811689672622455	-0.0021314008059427417	-4.42963065151517
protected_unsupported	outside_gmm	ytar	enet	core	previous	bias	0.0004256097177891952	0.01033692271429806	-0.009911312996508865	
protected_unsupported	outside_gmm	ytar	enet	core	previous	spread	0.23335987365917735	0.29301667312143637	-0.05965679946225902	-20.359523854649442
protected_unsupported	outside_gmm	ytar	enet	core	previous	rms	0.23336026177963354	0.2931989473009002	-0.059838685521266644	-20.40890189822415
protected_unsupported	outside_gmm	ytar	enet	core	previous	median	0.1301042486290354	0.12608702962792795	0.004017219001107464	3.1860683949506363
protected_unsupported	outside_gmm	ytar	enet	core	previous	p90	0.38799116130231526	0.42870205038939624	-0.04071088908708098	-9.496313127054723
protected_unsupported	outside_gmm	ytar	enet	core	previous	cell_mse	0.04598549592028181	0.07590702958912851	-0.0299215336688467	-39.418659682517855
protected_unsupported	outside_gmm	ytar	beam	old	starting	bias	0.0027130520939176025	0.03908346790401679	-0.036370415810099185	
protected_unsupported	outside_gmm	ytar	beam	old	starting	spread	0.2488373658311627	0.24629896660344822	0.002538399227714483	1.0306170840746587
protected_unsupported	outside_gmm	ytar	beam	old	starting	rms	0.24885215547681358	0.24938062958724524	-0.0005284741104316648	-0.21191465885155303
protected_unsupported	outside_gmm	ytar	beam	old	starting	median	0.13059602652879393	0.15114853185703384	-0.020552505328239906	-13.597555381933724
protected_unsupported	outside_gmm	ytar	beam	old	starting	p90	0.40677826941256395	0.4236896585114659	-0.01691138909890194	-3.991456661537629
protected_unsupported	outside_gmm	ytar	beam	old	starting	cell_mse	0.05553927004185635	0.04811689672622455	0.007422373315631801	15.425710759909572
protected_unsupported	outside_gmm	ytar	beam	enet	previous	bias	0.0027130520939176025	0.0004256097177891952	0.0022874423761284073	
protected_unsupported	outside_gmm	ytar	beam	enet	previous	spread	0.2488373658311627	0.23335987365917735	0.015477492171985352	6.632456527033548
protected_unsupported	outside_gmm	ytar	beam	enet	previous	rms	0.24885215547681358	0.23336026177963354	0.015491893697180042	6.638616866058089
protected_unsupported	outside_gmm	ytar	beam	enet	previous	median	0.13059602652879393	0.1301042486290354	0.0004917778997585165	0.3779875791456444
protected_unsupported	outside_gmm	ytar	beam	enet	previous	p90	0.40677826941256395	0.38799116130231526	0.018787108110248696	4.842148477606711
protected_unsupported	outside_gmm	ytar	beam	enet	previous	cell_mse	0.05553927004185635	0.04598549592028181	0.009553774121574543	20.775624858186802
protected_unsupported	outside_gmm	yptar	old	old	starting	bias	-0.43796440287681865	-0.43796440287681865	0.0	
protected_unsupported	outside_gmm	yptar	old	old	starting	spread	2.579104627665216	2.579104627665216	0.0	0.0
protected_unsupported	outside_gmm	yptar	old	old	starting	rms	2.6160262801874485	2.6160262801874485	0.0	0.0
protected_unsupported	outside_gmm	yptar	old	old	starting	median	1.4143418260579281	1.4143418260579281	0.0	0.0
protected_unsupported	outside_gmm	yptar	old	old	starting	p90	4.262130764917066	4.262130764917066	0.0	0.0
protected_unsupported	outside_gmm	yptar	old	old	starting	cell_mse	6.877471950633652	6.877471950633652	0.0	0.0
protected_unsupported	outside_gmm	yptar	gmm	old	starting	bias	0.03323840160049791	-0.43796440287681865	0.47120280447731655	
protected_unsupported	outside_gmm	yptar	gmm	old	starting	spread	2.4659909658433703	2.579104627665216	-0.11311366182184557	-4.385772512232045
protected_unsupported	outside_gmm	yptar	gmm	old	starting	rms	2.4662149612233875	2.6160262801874485	-0.14981131896406108	-5.7266748464517185
protected_unsupported	outside_gmm	yptar	gmm	old	starting	median	1.272285702233325	1.4143418260579281	-0.1420561238246032	-10.043973897070124
protected_unsupported	outside_gmm	yptar	gmm	old	starting	p90	3.926060418908772	4.262130764917066	-0.33607034600829344	-7.88503132692675
protected_unsupported	outside_gmm	yptar	gmm	old	starting	cell_mse	6.571562340981006	6.877471950633652	-0.30590960965264546	-4.447995016896589
protected_unsupported	outside_gmm	yptar	gmm	old	previous	bias	0.03323840160049791	-0.43796440287681865	0.47120280447731655	
protected_unsupported	outside_gmm	yptar	gmm	old	previous	spread	2.4659909658433703	2.579104627665216	-0.11311366182184557	-4.385772512232045
protected_unsupported	outside_gmm	yptar	gmm	old	previous	rms	2.4662149612233875	2.6160262801874485	-0.14981131896406108	-5.7266748464517185
protected_unsupported	outside_gmm	yptar	gmm	old	previous	median	1.272285702233325	1.4143418260579281	-0.1420561238246032	-10.043973897070124
protected_unsupported	outside_gmm	yptar	gmm	old	previous	p90	3.926060418908772	4.262130764917066	-0.33607034600829344	-7.88503132692675
protected_unsupported	outside_gmm	yptar	gmm	old	previous	cell_mse	6.571562340981006	6.877471950633652	-0.30590960965264546	-4.447995016896589
protected_unsupported	outside_gmm	yptar	core	old	starting	bias	-0.3246202720308498	-0.43796440287681865	0.11334413084596884	
protected_unsupported	outside_gmm	yptar	core	old	starting	spread	2.6857561478657668	2.579104627665216	0.10665152020055091	4.135214952372812
protected_unsupported	outside_gmm	yptar	core	old	starting	rms	2.7053030157104665	2.6160262801874485	0.08927673552301796	3.412684964182433
protected_unsupported	outside_gmm	yptar	core	old	starting	median	1.2371077785997726	1.4143418260579281	-0.17723404745815552	-12.53120314995877
protected_unsupported	outside_gmm	yptar	core	old	starting	p90	3.886491979996978	4.262130764917066	-0.3756387849200875	-8.813403568282984
protected_unsupported	outside_gmm	yptar	core	old	starting	cell_mse	7.513032312168251	6.877471950633652	0.6355603615345995	9.241191619488065
protected_unsupported	outside_gmm	yptar	core	gmm	previous	bias	-0.3246202720308498	0.03323840160049791	-0.3578586736313477	
protected_unsupported	outside_gmm	yptar	core	gmm	previous	spread	2.6857561478657668	2.4659909658433703	0.21976518202239648	8.911840516302805
protected_unsupported	outside_gmm	yptar	core	gmm	previous	rms	2.7053030157104665	2.4662149612233875	0.23908805448707904	9.694534265921305
protected_unsupported	outside_gmm	yptar	core	gmm	previous	median	1.2371077785997726	1.272285702233325	-0.03517792363355232	-2.7649390048007483
protected_unsupported	outside_gmm	yptar	core	gmm	previous	p90	3.886491979996978	3.926060418908772	-0.03956843891179407	-1.0078408045180343
protected_unsupported	outside_gmm	yptar	core	gmm	previous	cell_mse	7.513032312168251	6.571562340981006	0.941469971187245	14.32642532075108
protected_unsupported	outside_gmm	yptar	enet	old	starting	bias	-0.07961194204805523	-0.43796440287681865	0.35835246082876343	
protected_unsupported	outside_gmm	yptar	enet	old	starting	spread	2.6165272439905483	2.579104627665216	0.03742261632533239	1.4509925624541342
protected_unsupported	outside_gmm	yptar	enet	old	starting	rms	2.6177381228574865	2.6160262801874485	0.0017118426700379885	0.06543675356025513
protected_unsupported	outside_gmm	yptar	enet	old	starting	median	1.2125004169525784	1.4143418260579281	-0.20184140910534976	-14.271048581510504
protected_unsupported	outside_gmm	yptar	enet	old	starting	p90	3.8889324250850046	4.262130764917066	-0.3731983398320611	-8.756144764585205
protected_unsupported	outside_gmm	yptar	enet	old	starting	cell_mse	7.242474155961195	6.877471950633652	0.365002205327543	5.30721474325917
protected_unsupported	outside_gmm	yptar	enet	core	previous	bias	-0.07961194204805523	-0.3246202720308498	0.2450083299827946	
protected_unsupported	outside_gmm	yptar	enet	core	previous	spread	2.6165272439905483	2.6857561478657668	-0.06922890387521852	-2.577631775328193
protected_unsupported	outside_gmm	yptar	enet	core	previous	rms	2.6177381228574865	2.7053030157104665	-0.08756489285297997	-3.23678687172807
protected_unsupported	outside_gmm	yptar	enet	core	previous	median	1.2125004169525784	1.2371077785997726	-0.024607361647194237	-1.9891041082165217
protected_unsupported	outside_gmm	yptar	enet	core	previous	p90	3.8889324250850046	3.886491979996978	0.002440445088026433	0.06279300460638737
protected_unsupported	outside_gmm	yptar	enet	core	previous	cell_mse	7.242474155961195	7.513032312168251	-0.2705581562070565	-3.601184514658018
protected_unsupported	outside_gmm	yptar	beam	old	starting	bias	-0.11336921062486613	-0.43796440287681865	0.32459519225195255	
protected_unsupported	outside_gmm	yptar	beam	old	starting	spread	2.4773480697909833	2.579104627665216	-0.10175655787423254	-3.945421863957088
protected_unsupported	outside_gmm	yptar	beam	old	starting	rms	2.4799407325206015	2.6160262801874485	-0.136085547666847	-5.201994670217758
protected_unsupported	outside_gmm	yptar	beam	old	starting	median	1.2086632187664776	1.4143418260579281	-0.2056786072914505	-14.542354860898133
protected_unsupported	outside_gmm	yptar	beam	old	starting	p90	3.767604337494223	4.262130764917066	-0.4945264274228425	-11.602798100270517
protected_unsupported	outside_gmm	yptar	beam	old	starting	cell_mse	6.707067578564978	6.877471950633652	-0.1704043720686741	-2.4777181687083982
protected_unsupported	outside_gmm	yptar	beam	enet	previous	bias	-0.11336921062486613	-0.07961194204805523	-0.0337572685768109	
protected_unsupported	outside_gmm	yptar	beam	enet	previous	spread	2.4773480697909833	2.6165272439905483	-0.13917917419956494	-5.319232754760018
protected_unsupported	outside_gmm	yptar	beam	enet	previous	rms	2.4799407325206015	2.6177381228574865	-0.13779739033688498	-5.26398684168099
protected_unsupported	outside_gmm	yptar	beam	enet	previous	median	1.2086632187664776	1.2125004169525784	-0.003837198186100732	-0.31646984466568995
protected_unsupported	outside_gmm	yptar	beam	enet	previous	p90	3.767604337494223	3.8889324250850046	-0.1213280875907814	-3.119830182910144
protected_unsupported	outside_gmm	yptar	beam	enet	previous	cell_mse	6.707067578564978	7.242474155961195	-0.5354065773962171	-7.3925921703915325
protected_unsupported	outside_gmm	ztar	old	old	starting	bias	0.1803240375793214	0.1803240375793214	0.0	
protected_unsupported	outside_gmm	ztar	old	old	starting	spread	1.0589792196905383	1.0589792196905383	0.0	0.0
protected_unsupported	outside_gmm	ztar	old	old	starting	rms	1.0742223914373086	1.0742223914373086	0.0	0.0
protected_unsupported	outside_gmm	ztar	old	old	starting	median	0.6160857422701627	0.6160857422701627	0.0	0.0
protected_unsupported	outside_gmm	ztar	old	old	starting	p90	1.774965000719534	1.774965000719534	0.0	0.0
protected_unsupported	outside_gmm	ztar	old	old	starting	cell_mse	0.8601962932129712	0.8601962932129712	0.0	0.0
protected_unsupported	outside_gmm	ztar	gmm	old	starting	bias	-0.013674424507310637	0.1803240375793214	-0.19399846208663202	
protected_unsupported	outside_gmm	ztar	gmm	old	starting	spread	0.9495860083520954	1.0589792196905383	-0.10939321133844293	-10.330062130058648
protected_unsupported	outside_gmm	ztar	gmm	old	starting	rms	0.9496844618838787	1.0742223914373086	-0.1245379295534299	-11.593309778880911
protected_unsupported	outside_gmm	ztar	gmm	old	starting	median	0.6196424302619796	0.6160857422701627	0.0035566879918169647	0.5773040581512623
protected_unsupported	outside_gmm	ztar	gmm	old	starting	p90	1.5873886431764939	1.774965000719534	-0.18757635754304003	-10.567890491756204
protected_unsupported	outside_gmm	ztar	gmm	old	starting	cell_mse	0.7694547889717427	0.8601962932129712	-0.09074150424122851	-10.5489299311317
protected_unsupported	outside_gmm	ztar	gmm	old	previous	bias	-0.013674424507310637	0.1803240375793214	-0.19399846208663202	
protected_unsupported	outside_gmm	ztar	gmm	old	previous	spread	0.9495860083520954	1.0589792196905383	-0.10939321133844293	-10.330062130058648
protected_unsupported	outside_gmm	ztar	gmm	old	previous	rms	0.9496844618838787	1.0742223914373086	-0.1245379295534299	-11.593309778880911
protected_unsupported	outside_gmm	ztar	gmm	old	previous	median	0.6196424302619796	0.6160857422701627	0.0035566879918169647	0.5773040581512623
protected_unsupported	outside_gmm	ztar	gmm	old	previous	p90	1.5873886431764939	1.774965000719534	-0.18757635754304003	-10.567890491756204
protected_unsupported	outside_gmm	ztar	gmm	old	previous	cell_mse	0.7694547889717427	0.8601962932129712	-0.09074150424122851	-10.5489299311317
protected_unsupported	outside_gmm	ztar	core	old	starting	bias	0.049238763594981014	0.1803240375793214	-0.1310852739843404	
protected_unsupported	outside_gmm	ztar	core	old	starting	spread	1.265477778094129	1.0589792196905383	0.20649855840359077	19.49977436421606
protected_unsupported	outside_gmm	ztar	core	old	starting	rms	1.2664353369558259	1.0742223914373086	0.1922129455185173	17.89321718208987
protected_unsupported	outside_gmm	ztar	core	old	starting	median	0.5308750917625827	0.6160857422701627	-0.08521065050757992	-13.830972648968364
protected_unsupported	outside_gmm	ztar	core	old	starting	p90	1.8188106711934184	1.774965000719534	0.043845670473884546	2.4702273259535
protected_unsupported	outside_gmm	ztar	core	old	starting	cell_mse	1.4740750605029387	0.8601962932129712	0.6138787672899675	71.36496310592455
protected_unsupported	outside_gmm	ztar	core	gmm	previous	bias	0.049238763594981014	-0.013674424507310637	0.06291318810229166	
protected_unsupported	outside_gmm	ztar	core	gmm	previous	spread	1.265477778094129	0.9495860083520954	0.3158917697420337	33.266262030358895
protected_unsupported	outside_gmm	ztar	core	gmm	previous	rms	1.2664353369558259	0.9496844618838787	0.3167508750719472	33.35327551254361
protected_unsupported	outside_gmm	ztar	core	gmm	previous	median	0.5308750917625827	0.6196424302619796	-0.08876733849939689	-14.325574583694467
protected_unsupported	outside_gmm	ztar	core	gmm	previous	p90	1.8188106711934184	1.5873886431764939	0.23142202801692457	14.578788188494919
protected_unsupported	outside_gmm	ztar	core	gmm	previous	cell_mse	1.4740750605029387	0.7694547889717427	0.704620271531196	91.57396660989166
protected_unsupported	outside_gmm	ztar	enet	old	starting	bias	0.010176602030251987	0.1803240375793214	-0.17014743554906941	
protected_unsupported	outside_gmm	ztar	enet	old	starting	spread	1.012083958107838	1.0589792196905383	-0.0468952615827003	-4.428345779665477
protected_unsupported	outside_gmm	ztar	enet	old	starting	rms	1.0121351201732454	1.0742223914373086	-0.062087271264063215	-5.779740932507515
protected_unsupported	outside_gmm	ztar	enet	old	starting	median	0.5747678818652477	0.6160857422701627	-0.04131786040491492	-6.706511378215996
protected_unsupported	outside_gmm	ztar	enet	old	starting	p90	1.6460440006377612	1.774965000719534	-0.12892100008177265	-7.26329815120359
protected_unsupported	outside_gmm	ztar	enet	old	starting	cell_mse	0.8728272463023126	0.8601962932129712	0.012630953089341368	1.4683803207478086
protected_unsupported	outside_gmm	ztar	enet	core	previous	bias	0.010176602030251987	0.049238763594981014	-0.039062161564729025	
protected_unsupported	outside_gmm	ztar	enet	core	previous	spread	1.012083958107838	1.265477778094129	-0.25339381998629107	-20.023569308969968
protected_unsupported	outside_gmm	ztar	enet	core	previous	rms	1.0121351201732454	1.2664353369558259	-0.2543002167825805	-20.08000008858334
protected_unsupported	outside_gmm	ztar	enet	core	previous	median	0.5747678818652477	0.5308750917625827	0.043892790102665	8.268007066772443
protected_unsupported	outside_gmm	ztar	enet	core	previous	p90	1.6460440006377612	1.8188106711934184	-0.1727666705556572	-9.498881510426582
protected_unsupported	outside_gmm	ztar	enet	core	previous	cell_mse	0.8728272463023126	1.4740750605029387	-0.6012478142006261	-40.78814100521358
protected_unsupported	outside_gmm	ztar	beam	old	starting	bias	0.028583645335271444	0.1803240375793214	-0.15174039224404995	
protected_unsupported	outside_gmm	ztar	beam	old	starting	spread	1.1115497330030446	1.0589792196905383	0.052570513312506284	4.964262974666189
protected_unsupported	outside_gmm	ztar	beam	old	starting	rms	1.1119171883372394	1.0742223914373086	0.03769479689993083	3.509031016333153
protected_unsupported	outside_gmm	ztar	beam	old	starting	median	0.5617342208399796	0.6160857422701627	-0.05435152143018307	-8.822070971794883
protected_unsupported	outside_gmm	ztar	beam	old	starting	p90	1.8240474492509897	1.774965000719534	0.049082448531455825	2.7652628931589485
protected_unsupported	outside_gmm	ztar	beam	old	starting	cell_mse	1.145677833051479	0.8601962932129712	0.28548153983850777	33.187952806932984
protected_unsupported	outside_gmm	ztar	beam	enet	previous	bias	0.028583645335271444	0.010176602030251987	0.01840704330501946	
protected_unsupported	outside_gmm	ztar	beam	enet	previous	spread	1.1115497330030446	1.012083958107838	0.09946577489520658	9.827818541968082
protected_unsupported	outside_gmm	ztar	beam	enet	previous	rms	1.1119171883372394	1.0121351201732454	0.09978206816399404	9.858571862116051
protected_unsupported	outside_gmm	ztar	beam	enet	previous	median	0.5617342208399796	0.5747678818652477	-0.01303366102526815	-2.2676390655252066
protected_unsupported	outside_gmm	ztar	beam	enet	previous	p90	1.8240474492509897	1.6460440006377612	0.17800344861322848	10.814015211273876
protected_unsupported	outside_gmm	ztar	beam	enet	previous	cell_mse	1.145677833051479	0.8728272463023126	0.2728505867491664	31.260548740324467
surplus_core	all	xptar	old	old	starting	bias	-0.21358205842825034	-0.21358205842825034	0.0	
surplus_core	all	xptar	old	old	starting	spread	1.4661323351805733	1.4661323351805733	0.0	0.0
surplus_core	all	xptar	old	old	starting	rms	1.4816076808468863	1.4816076808468863	0.0	0.0
surplus_core	all	xptar	old	old	starting	median	1.0019452792909225	1.0019452792909225	0.0	0.0
surplus_core	all	xptar	old	old	starting	p90	2.3839511864962204	2.3839511864962204	0.0	0.0
surplus_core	all	xptar	old	old	starting	cell_mse	3.093474578796733	3.093474578796733	0.0	0.0
surplus_core	all	xptar	gmm	old	starting	bias	0.29284668671762526	-0.21358205842825034	0.5064287451458755	
surplus_core	all	xptar	gmm	old	starting	spread	1.4691404071249952	1.4661323351805733	0.003008071944421875	0.2051705614999122
surplus_core	all	xptar	gmm	old	starting	rms	1.4980429625911558	1.4816076808468863	0.016435281744269448	1.1092870235982488
surplus_core	all	xptar	gmm	old	starting	median	1.0078355947787474	1.0019452792909225	0.005890315487824926	0.5878879425424755
surplus_core	all	xptar	gmm	old	starting	p90	2.418124487500815	2.3839511864962204	0.03417330100459459	1.4334731851125104
surplus_core	all	xptar	gmm	old	starting	cell_mse	2.803316049102989	3.093474578796733	-0.2901585296937439	-9.379696593679675
surplus_core	all	xptar	gmm	old	previous	bias	0.29284668671762526	-0.21358205842825034	0.5064287451458755	
surplus_core	all	xptar	gmm	old	previous	spread	1.4691404071249952	1.4661323351805733	0.003008071944421875	0.2051705614999122
surplus_core	all	xptar	gmm	old	previous	rms	1.4980429625911558	1.4816076808468863	0.016435281744269448	1.1092870235982488
surplus_core	all	xptar	gmm	old	previous	median	1.0078355947787474	1.0019452792909225	0.005890315487824926	0.5878879425424755
surplus_core	all	xptar	gmm	old	previous	p90	2.418124487500815	2.3839511864962204	0.03417330100459459	1.4334731851125104
surplus_core	all	xptar	gmm	old	previous	cell_mse	2.803316049102989	3.093474578796733	-0.2901585296937439	-9.379696593679675
surplus_core	all	xptar	core	old	starting	bias	0.3661267116832095	-0.21358205842825034	0.5797087701114598	
surplus_core	all	xptar	core	old	starting	spread	1.42528505345878	1.4661323351805733	-0.040847281721793305	-2.786056943267845
surplus_core	all	xptar	core	old	starting	rms	1.471559123046355	1.4816076808468863	-0.010048557800531377	-0.6782198776661086
surplus_core	all	xptar	core	old	starting	median	1.0052095010905258	1.0019452792909225	0.003264221799603284	0.3257884304733061
surplus_core	all	xptar	core	old	starting	p90	2.3959327109877337	2.3839511864962204	0.011981524491513351	0.5025910160989078
surplus_core	all	xptar	core	old	starting	cell_mse	2.5812112018240465	3.093474578796733	-0.5122633769726863	-16.559482353074362
surplus_core	all	xptar	core	gmm	previous	bias	0.3661267116832095	0.29284668671762526	0.07328002496558422	
surplus_core	all	xptar	core	gmm	previous	spread	1.42528505345878	1.4691404071249952	-0.04385535366621518	-2.985102952279217
surplus_core	all	xptar	core	gmm	previous	rms	1.471559123046355	1.4980429625911558	-0.026483839544800825	-1.7678958618778107
surplus_core	all	xptar	core	gmm	previous	median	1.0052095010905258	1.0078355947787474	-0.0026260936882216424	-0.260567666177558
surplus_core	all	xptar	core	gmm	previous	p90	2.3959327109877337	2.418124487500815	-0.02219177651308124	-0.917726801402885
surplus_core	all	xptar	core	gmm	previous	cell_mse	2.5812112018240465	2.803316049102989	-0.22210484727894242	-7.922932819152228
surplus_core	all	xptar	enet	old	starting	bias	0.3749646093479378	-0.21358205842825034	0.5885466677761881	
surplus_core	all	xptar	enet	old	starting	spread	1.482635661160446	1.4661323351805733	0.016503325979872807	1.1256368599114275
surplus_core	all	xptar	enet	old	starting	rms	1.5293158476940347	1.4816076808468863	0.0477081668471484	3.2200269655647595
surplus_core	all	xptar	enet	old	starting	median	1.0385903239296495	1.0019452792909225	0.036645044638726976	3.6573898191985865
surplus_core	all	xptar	enet	old	starting	p90	2.487756464400625	2.3839511864962204	0.10380527790440475	4.354337391319296
surplus_core	all	xptar	enet	old	starting	cell_mse	2.8241065924590543	3.093474578796733	-0.26936798633767856	-8.707619198941485
surplus_core	all	xptar	enet	core	previous	bias	0.3749646093479378	0.3661267116832095	0.008837897664728311	
surplus_core	all	xptar	enet	core	previous	spread	1.482635661160446	1.42528505345878	0.05735060770166611	4.023799138459472
surplus_core	all	xptar	enet	core	previous	rms	1.5293158476940347	1.471559123046355	0.05775672464767978	3.924866065055843
surplus_core	all	xptar	enet	core	previous	median	1.0385903239296495	1.0052095010905258	0.03338082283912369	3.3207826630080373
surplus_core	all	xptar	enet	core	previous	p90	2.487756464400625	2.3959327109877337	0.0918237534128914	3.8324846516677225
surplus_core	all	xptar	enet	core	previous	cell_mse	2.8241065924590543	2.5812112018240465	0.24289539063500776	9.410132362023017
surplus_core	all	xptar	beam	old	starting	bias	0.36848163857347155	-0.21358205842825034	0.5820636970017219	
surplus_core	all	xptar	beam	old	starting	spread	1.4311811067263052	1.4661323351805733	-0.034951228454268124	-2.383906801289082
surplus_core	all	xptar	beam	old	starting	rms	1.4778559057689362	1.4816076808468863	-0.0037517750779501036	-0.25322324704779575
surplus_core	all	xptar	beam	old	starting	median	1.009550212882862	1.0019452792909225	0.007604933591939478	0.7590168594158619
surplus_core	all	xptar	beam	old	starting	p90	2.4020951941752706	2.3839511864962204	0.018144007679050222	0.7610897312757992
surplus_core	all	xptar	beam	old	starting	cell_mse	2.6017757350645834	3.093474578796733	-0.49169884373214945	-15.894710986227189
surplus_core	all	xptar	beam	enet	previous	bias	0.36848163857347155	0.3749646093479378	-0.006482970774466246	
surplus_core	all	xptar	beam	enet	previous	spread	1.4311811067263052	1.482635661160446	-0.05145455443414093	-3.470478674030264
surplus_core	all	xptar	beam	enet	previous	rms	1.4778559057689362	1.5293158476940347	-0.05145994192509851	-3.364899540058508
surplus_core	all	xptar	beam	enet	previous	median	1.009550212882862	1.0385903239296495	-0.029040111046787498	-2.796108376680251
surplus_core	all	xptar	beam	enet	previous	p90	2.4020951941752706	2.487756464400625	-0.08566127022535452	-3.443314144738552
surplus_core	all	xptar	beam	enet	previous	cell_mse	2.6017757350645834	2.8241065924590543	-0.2223308573944709	-7.872608561877237
surplus_core	all	ytar	old	old	starting	bias	0.025814990950930636	0.025814990950930636	0.0	
surplus_core	all	ytar	old	old	starting	spread	0.13527198245686536	0.13527198245686536	0.0	0.0
surplus_core	all	ytar	old	old	starting	rms	0.1377131910733577	0.1377131910733577	0.0	0.0
surplus_core	all	ytar	old	old	starting	median	0.09111962284775026	0.09111962284775026	0.0	0.0
surplus_core	all	ytar	old	old	starting	p90	0.2216672484419529	0.2216672484419529	0.0	0.0
surplus_core	all	ytar	old	old	starting	cell_mse	0.026073055829381565	0.026073055829381565	0.0	0.0
surplus_core	all	ytar	gmm	old	starting	bias	0.008615524095876155	0.025814990950930636	-0.017199466855054482	
surplus_core	all	ytar	gmm	old	starting	spread	0.13359979066708663	0.13527198245686536	-0.001672191789778732	-1.2361700918458451
surplus_core	all	ytar	gmm	old	starting	rms	0.13387729950120741	0.1377131910733577	-0.0038358915721502795	-2.78542058480582
surplus_core	all	ytar	gmm	old	starting	median	0.0897228652137635	0.09111962284775026	-0.0013967576339867505	-1.5328834671765046
surplus_core	all	ytar	gmm	old	starting	p90	0.2183421654718556	0.2216672484419529	-0.003325082970097315	-1.5000334932059434
surplus_core	all	ytar	gmm	old	starting	cell_mse	0.023318702453758892	0.026073055829381565	-0.002754353375622673	-10.563983729589566
surplus_core	all	ytar	gmm	old	previous	bias	0.008615524095876155	0.025814990950930636	-0.017199466855054482	
surplus_core	all	ytar	gmm	old	previous	spread	0.13359979066708663	0.13527198245686536	-0.001672191789778732	-1.2361700918458451
surplus_core	all	ytar	gmm	old	previous	rms	0.13387729950120741	0.1377131910733577	-0.0038358915721502795	-2.78542058480582
surplus_core	all	ytar	gmm	old	previous	median	0.0897228652137635	0.09111962284775026	-0.0013967576339867505	-1.5328834671765046
surplus_core	all	ytar	gmm	old	previous	p90	0.2183421654718556	0.2216672484419529	-0.003325082970097315	-1.5000334932059434
surplus_core	all	ytar	gmm	old	previous	cell_mse	0.023318702453758892	0.026073055829381565	-0.002754353375622673	-10.563983729589566
surplus_core	all	ytar	core	old	starting	bias	0.014583667157563974	0.025814990950930636	-0.011231323793366662	
surplus_core	all	ytar	core	old	starting	spread	0.1323893378258278	0.13527198245686536	-0.002882644631037573	-2.1309990277970314
surplus_core	all	ytar	core	old	starting	rms	0.13319016524399904	0.1377131910733577	-0.004523025829358651	-3.284380961696909
surplus_core	all	ytar	core	old	starting	median	0.0889548658656043	0.09111962284775026	-0.0021647569821459517	-2.3757308409441014
surplus_core	all	ytar	core	old	starting	p90	0.21763389446690604	0.2216672484419529	-0.004033353975046866	-1.819553408722474
surplus_core	all	ytar	core	old	starting	cell_mse	0.022726169799741878	0.026073055829381565	-0.003346886029639687	-12.836569873286974
surplus_core	all	ytar	core	gmm	previous	bias	0.014583667157563974	0.008615524095876155	0.0059681430616878185	
surplus_core	all	ytar	core	gmm	previous	spread	0.1323893378258278	0.13359979066708663	-0.0012104528412588411	-0.9060289954159639
surplus_core	all	ytar	core	gmm	previous	rms	0.13319016524399904	0.13387729950120741	-0.0006871342572083716	-0.5132567356590401
surplus_core	all	ytar	core	gmm	previous	median	0.0889548658656043	0.0897228652137635	-0.0007679993481592012	-0.855968371417315
surplus_core	all	ytar	core	gmm	previous	p90	0.21763389446690604	0.2183421654718556	-0.0007082710049495511	-0.32438581133374944
surplus_core	all	ytar	core	gmm	previous	cell_mse	0.022726169799741878	0.023318702453758892	-0.0005925326540170139	-2.5410189747564593
surplus_core	all	ytar	enet	old	starting	bias	0.011718864999086207	0.025814990950930636	-0.014096125951844429	
surplus_core	all	ytar	enet	old	starting	spread	0.13367801586694417	0.13527198245686536	-0.0015939665899211974	-1.1783420047307036
surplus_core	all	ytar	enet	old	starting	rms	0.13419069909270828	0.1377131910733577	-0.0035224919806494115	-2.5578464584217198
surplus_core	all	ytar	enet	old	starting	median	0.08963834964126138	0.09111962284775026	-0.0014812732064888728	-1.625635796324465
surplus_core	all	ytar	enet	old	starting	p90	0.21854104788220619	0.2216672484419529	-0.003126200559746717	-1.4103123405555196
surplus_core	all	ytar	enet	old	starting	cell_mse	0.02334950312789742	0.026073055829381565	-0.0027235527014841457	-10.445851530816697
surplus_core	all	ytar	enet	core	previous	bias	0.011718864999086207	0.014583667157563974	-0.002864802158477767	
surplus_core	all	ytar	enet	core	previous	spread	0.13367801586694417	0.1323893378258278	0.0012886780411163756	0.9734001712522922
surplus_core	all	ytar	enet	core	previous	rms	0.13419069909270828	0.13319016524399904	0.0010005338487092397	0.7512070030668561
surplus_core	all	ytar	enet	core	previous	median	0.08963834964126138	0.0889548658656043	0.0006834837756570789	0.768348947532238
surplus_core	all	ytar	enet	core	previous	p90	0.21854104788220619	0.21763389446690604	0.0009071534153001493	0.41682542947742984
surplus_core	all	ytar	enet	core	previous	cell_mse	0.02334950312789742	0.022726169799741878	0.0006233333281555412	2.7427997486959788
surplus_core	all	ytar	beam	old	starting	bias	0.013698853642882284	0.025814990950930636	-0.012116137308048351	
surplus_core	all	ytar	beam	old	starting	spread	0.13252169523377652	0.13527198245686536	-0.002750287223088843	-2.033153631030604
surplus_core	all	ytar	beam	old	starting	rms	0.13322784355667946	0.1377131910733577	-0.004485347516678229	-3.2570209736037192
surplus_core	all	ytar	beam	old	starting	median	0.08892416259462903	0.09111962284775026	-0.0021954602531212286	-2.4094264051000014
surplus_core	all	ytar	beam	old	starting	p90	0.21757999802856834	0.2216672484419529	-0.004087250413384563	-1.843867527617582
surplus_core	all	ytar	beam	old	starting	cell_mse	0.02288593552848008	0.026073055829381565	-0.003187120300901486	-12.22380806361002
surplus_core	all	ytar	beam	enet	previous	bias	0.013698853642882284	0.011718864999086207	0.0019799886437960774	
surplus_core	all	ytar	beam	enet	previous	spread	0.13252169523377652	0.13367801586694417	-0.0011563206331676457	-0.865004335730557
surplus_core	all	ytar	beam	enet	previous	rms	0.13322784355667946	0.13419069909270828	-0.0009628555360288171	-0.717527773935811
surplus_core	all	ytar	beam	enet	previous	median	0.08892416259462903	0.08963834964126138	-0.0007141870466323558	-0.7967427440270569
surplus_core	all	ytar	beam	enet	previous	p90	0.21757999802856834	0.21854104788220619	-0.0009610498536378465	-0.43975713622268486
surplus_core	all	ytar	beam	enet	previous	cell_mse	0.02288593552848008	0.02334950312789742	-0.0004635675994173402	-1.9853424583732626
surplus_core	all	yptar	old	old	starting	bias	-0.06044026300627664	-0.06044026300627664	0.0	
surplus_core	all	yptar	old	old	starting	spread	1.0281435299416668	1.0281435299416668	0.0	0.0
surplus_core	all	yptar	old	old	starting	rms	1.0299185130645916	1.0299185130645916	0.0	0.0
surplus_core	all	yptar	old	old	starting	median	0.7022273576497854	0.7022273576497854	0.0	0.0
surplus_core	all	yptar	old	old	starting	p90	1.6863324720867556	1.6863324720867556	0.0	0.0
surplus_core	all	yptar	old	old	starting	cell_mse	1.2134110231683644	1.2134110231683644	0.0	0.0
surplus_core	all	yptar	gmm	old	starting	bias	-0.0076483438415649715	-0.06044026300627664	0.05279191916471167	
surplus_core	all	yptar	gmm	old	starting	spread	1.0233325170796126	1.0281435299416668	-0.004811012862054209	-0.46793202718760085
surplus_core	all	yptar	gmm	old	starting	rms	1.0233610983792643	1.0299185130645916	-0.006557414685327334	-0.6366925734556661
surplus_core	all	yptar	gmm	old	starting	median	0.7000013755412735	0.7022273576497854	-0.0022259821085118814	-0.3169888048739411
surplus_core	all	yptar	gmm	old	starting	p90	1.6811841088978512	1.6863324720867556	-0.005148363188904437	-0.305299415988447
surplus_core	all	yptar	gmm	old	starting	cell_mse	1.1573230288914038	1.2134110231683644	-0.05608799427696054	-4.622340922081614
surplus_core	all	yptar	gmm	old	previous	bias	-0.0076483438415649715	-0.06044026300627664	0.05279191916471167	
surplus_core	all	yptar	gmm	old	previous	spread	1.0233325170796126	1.0281435299416668	-0.004811012862054209	-0.46793202718760085
surplus_core	all	yptar	gmm	old	previous	rms	1.0233610983792643	1.0299185130645916	-0.006557414685327334	-0.6366925734556661
surplus_core	all	yptar	gmm	old	previous	median	0.7000013755412735	0.7022273576497854	-0.0022259821085118814	-0.3169888048739411
surplus_core	all	yptar	gmm	old	previous	p90	1.6811841088978512	1.6863324720867556	-0.005148363188904437	-0.305299415988447
surplus_core	all	yptar	gmm	old	previous	cell_mse	1.1573230288914038	1.2134110231683644	-0.05608799427696054	-4.622340922081614
surplus_core	all	yptar	core	old	starting	bias	-0.020217009215580412	-0.06044026300627664	0.04022325379069623	
surplus_core	all	yptar	core	old	starting	spread	1.0210696104320396	1.0281435299416668	-0.007073919509627213	-0.6880284030021167
surplus_core	all	yptar	core	old	starting	rms	1.0212697375372775	1.0299185130645916	-0.008648775527314134	-0.839753380253272
surplus_core	all	yptar	core	old	starting	median	0.696781518873574	0.7022273576497854	-0.005445838776211409	-0.7755093442154637
surplus_core	all	yptar	core	old	starting	p90	1.6776830346132623	1.6863324720867556	-0.008649437473493338	-0.5129141267611437
surplus_core	all	yptar	core	old	starting	cell_mse	1.15198755332517	1.2134110231683644	-0.061423469843194356	-5.062049764704635
surplus_core	all	yptar	core	gmm	previous	bias	-0.020217009215580412	-0.0076483438415649715	-0.01256866537401544	
surplus_core	all	yptar	core	gmm	previous	spread	1.0210696104320396	1.0233325170796126	-0.002262906647573004	-0.22113111914305872
surplus_core	all	yptar	core	gmm	previous	rms	1.0212697375372775	1.0233610983792643	-0.0020913608419868	-0.2043619642469241
surplus_core	all	yptar	core	gmm	previous	median	0.696781518873574	0.7000013755412735	-0.0032198566676995277	-0.45997862007196577
surplus_core	all	yptar	core	gmm	previous	p90	1.6776830346132623	1.6811841088978512	-0.003501074284588901	-0.20825049832787768
surplus_core	all	yptar	core	gmm	previous	cell_mse	1.15198755332517	1.1573230288914038	-0.005335475566233816	-0.46101869858622413
surplus_core	all	yptar	enet	old	starting	bias	-0.011286755959343225	-0.06044026300627664	0.049153507046933415	
surplus_core	all	yptar	enet	old	starting	spread	1.02566475537443	1.0281435299416668	-0.0024787745672367745	-0.24109226922600646
surplus_core	all	yptar	enet	old	starting	rms	1.0257268551019687	1.0299185130645916	-0.004191657962622886	-0.40698928210838314
surplus_core	all	yptar	enet	old	starting	median	0.6990279970766327	0.7022273576497854	-0.003199360573152732	-0.45560181304532543
surplus_core	all	yptar	enet	old	starting	p90	1.6828592424397772	1.6863324720867556	-0.003473229646978382	-0.20596351576390726
surplus_core	all	yptar	enet	old	starting	cell_mse	1.1705970229252505	1.2134110231683644	-0.04281400024311388	-3.5284004698854066
surplus_core	all	yptar	enet	core	previous	bias	-0.011286755959343225	-0.020217009215580412	0.008930253256237187	
surplus_core	all	yptar	enet	core	previous	spread	1.02566475537443	1.0210696104320396	0.004595144942390439	0.4500324850962967
surplus_core	all	yptar	enet	core	previous	rms	1.0257268551019687	1.0212697375372775	0.004457117564691249	0.4364290256401171
surplus_core	all	yptar	enet	core	previous	median	0.6990279970766327	0.696781518873574	0.002246478203058677	0.322407834049665
surplus_core	all	yptar	enet	core	previous	p90	1.6828592424397772	1.6776830346132623	0.005176207826514956	0.3085331209603748
surplus_core	all	yptar	enet	core	previous	cell_mse	1.1705970229252505	1.15198755332517	0.018609469600080475	1.615422800911781
surplus_core	all	yptar	beam	old	starting	bias	-0.01772256126407999	-0.06044026300627664	0.04271770174219665	
surplus_core	all	yptar	beam	old	starting	spread	1.0225645468907767	1.0281435299416668	-0.005578983050890107	-0.5426268695389869
surplus_core	all	yptar	beam	old	starting	rms	1.0227181145045288	1.0299185130645916	-0.007200398560062826	-0.6991231314638191
surplus_core	all	yptar	beam	old	starting	median	0.6974317936410454	0.7022273576497854	-0.004795564008740039	-0.6829076020036906
surplus_core	all	yptar	beam	old	starting	p90	1.6771810220195296	1.6863324720867556	-0.009151450067226063	-0.5426836177744754
surplus_core	all	yptar	beam	old	starting	cell_mse	1.163128899110437	1.2134110231683644	-0.050282124057927424	-4.14386577160265
surplus_core	all	yptar	beam	enet	previous	bias	-0.01772256126407999	-0.011286755959343225	-0.006435805304736763	
surplus_core	all	yptar	beam	enet	previous	spread	1.0225645468907767	1.02566475537443	-0.003100208483653333	-0.3022633338435776
surplus_core	all	yptar	beam	enet	previous	rms	1.0227181145045288	1.0257268551019687	-0.0030087405974399406	-0.29332766149920975
surplus_core	all	yptar	beam	enet	previous	median	0.6974317936410454	0.6990279970766327	-0.0015962034355873067	-0.22834613810358562
surplus_core	all	yptar	beam	enet	previous	p90	1.6771810220195296	1.6828592424397772	-0.005678220420247682	-0.33741505391832183
surplus_core	all	yptar	beam	enet	previous	cell_mse	1.163128899110437	1.1705970229252505	-0.007468123814813543	-0.6379756370942347
surplus_core	all	ztar	old	old	starting	bias	0.12242078551344471	0.12242078551344471	0.0	
surplus_core	all	ztar	old	old	starting	spread	0.6442807585999409	0.6442807585999409	0.0	0.0
surplus_core	all	ztar	old	old	starting	rms	0.6558083139362022	0.6558083139362022	0.0	0.0
surplus_core	all	ztar	old	old	starting	median	0.4309736496034603	0.4309736496034603	0.0	0.0
surplus_core	all	ztar	old	old	starting	p90	1.0617058038800467	1.0617058038800467	0.0	0.0
surplus_core	all	ztar	old	old	starting	cell_mse	0.5857868805138284	0.5857868805138284	0.0	0.0
surplus_core	all	ztar	gmm	old	starting	bias	0.041651576794174534	0.12242078551344471	-0.08076920871927018	
surplus_core	all	ztar	gmm	old	starting	spread	0.6368596601658716	0.6442807585999409	-0.007421098434069351	-1.151842319518559
surplus_core	all	ztar	gmm	old	starting	rms	0.6382202445833496	0.6558083139362022	-0.01758806935285262	-2.681891793546798
surplus_core	all	ztar	gmm	old	starting	median	0.4253863555280792	0.4309736496034603	-0.005587294075381111	-1.2964351951730624
surplus_core	all	ztar	gmm	old	starting	p90	1.0438476594750592	1.0617058038800467	-0.017858144404987453	-1.68202380920629
surplus_core	all	ztar	gmm	old	starting	cell_mse	0.5247335642593328	0.5857868805138284	-0.061053316254495615	-10.422445139253057
surplus_core	all	ztar	gmm	old	previous	bias	0.041651576794174534	0.12242078551344471	-0.08076920871927018	
surplus_core	all	ztar	gmm	old	previous	spread	0.6368596601658716	0.6442807585999409	-0.007421098434069351	-1.151842319518559
surplus_core	all	ztar	gmm	old	previous	rms	0.6382202445833496	0.6558083139362022	-0.01758806935285262	-2.681891793546798
surplus_core	all	ztar	gmm	old	previous	median	0.4253863555280792	0.4309736496034603	-0.005587294075381111	-1.2964351951730624
surplus_core	all	ztar	gmm	old	previous	p90	1.0438476594750592	1.0617058038800467	-0.017858144404987453	-1.68202380920629
surplus_core	all	ztar	gmm	old	previous	cell_mse	0.5247335642593328	0.5857868805138284	-0.061053316254495615	-10.422445139253057
surplus_core	all	ztar	core	old	starting	bias	0.07085380325926842	0.12242078551344471	-0.05156698225417629	
surplus_core	all	ztar	core	old	starting	spread	0.6312313555283707	0.6442807585999409	-0.01304940307157021	-2.025421820748974
surplus_core	all	ztar	core	old	starting	rms	0.6351954704171682	0.6558083139362022	-0.02061284351903403	-3.14312018939108
surplus_core	all	ztar	core	old	starting	median	0.4211426630666619	0.4309736496034603	-0.00983098653679837	-2.2811108163675153
surplus_core	all	ztar	core	old	starting	p90	1.042677593614214	1.0617058038800467	-0.019028210265832568	-1.7922300317369633
surplus_core	all	ztar	core	old	starting	cell_mse	0.5111904302906042	0.5857868805138284	-0.07459645022322425	-12.734400974940119
surplus_core	all	ztar	core	gmm	previous	bias	0.07085380325926842	0.041651576794174534	0.029202226465093885	
surplus_core	all	ztar	core	gmm	previous	spread	0.6312313555283707	0.6368596601658716	-0.005628304637500858	-0.8837590115277405
surplus_core	all	ztar	core	gmm	previous	rms	0.6351954704171682	0.6382202445833496	-0.00302477416618141	-0.4739389249797443
surplus_core	all	ztar	core	gmm	previous	median	0.4211426630666619	0.4253863555280792	-0.004243692461417259	-0.9976089750572958
surplus_core	all	ztar	core	gmm	previous	p90	1.042677593614214	1.0438476594750592	-0.0011700658608451153	-0.11209163044284542
surplus_core	all	ztar	core	gmm	previous	cell_mse	0.5111904302906042	0.5247335642593328	-0.013543133968728638	-2.580954391176582
surplus_core	all	ztar	enet	old	starting	bias	0.056834919969119414	0.12242078551344471	-0.0655858655443253	
surplus_core	all	ztar	enet	old	starting	spread	0.6376949049578972	0.6442807585999409	-0.006585853642043782	-1.0222024411151498
surplus_core	all	ztar	enet	old	starting	rms	0.640222617483292	0.6558083139362022	-0.015585696452910192	-2.3765628037503594
surplus_core	all	ztar	enet	old	starting	median	0.4247726697471167	0.4309736496034603	-0.0062009798563436025	-1.4388303930064295
surplus_core	all	ztar	enet	old	starting	p90	1.0459033239829567	1.0617058038800467	-0.01580247989708994	-1.4884047764775477
surplus_core	all	ztar	enet	old	starting	cell_mse	0.525760044879402	0.5857868805138284	-0.060026835634426456	-10.247214069009768
surplus_core	all	ztar	enet	core	previous	bias	0.056834919969119414	0.07085380325926842	-0.014018883290149005	
surplus_core	all	ztar	enet	core	previous	spread	0.6376949049578972	0.6312313555283707	0.006463549429526427	1.0239588659400667
surplus_core	all	ztar	enet	core	previous	rms	0.640222617483292	0.6351954704171682	0.005027147066123838	0.7914330785171009
surplus_core	all	ztar	enet	core	previous	median	0.4247726697471167	0.4211426630666619	0.003630006680454767	0.8619422819863276
surplus_core	all	ztar	enet	core	previous	p90	1.0459033239829567	1.042677593614214	0.0032257303687426298	0.30936987506955393
surplus_core	all	ztar	enet	core	previous	cell_mse	0.525760044879402	0.5111904302906042	0.014569614588797797	2.85013445586515
surplus_core	all	ztar	beam	old	starting	bias	0.06640094468317684	0.12242078551344471	-0.05601984083026787	
surplus_core	all	ztar	beam	old	starting	spread	0.6319736375341477	0.6442807585999409	-0.012307121065793236	-1.9102108671594231
surplus_core	all	ztar	beam	old	starting	rms	0.6354524089127058	0.6558083139362022	-0.02035590502349638	-3.1039412875568773
surplus_core	all	ztar	beam	old	starting	median	0.4210954186850629	0.4309736496034603	-0.009878230918397402	-2.2920730600319517
surplus_core	all	ztar	beam	old	starting	p90	1.0408390747130547	1.0617058038800467	-0.02086672916699195	-1.9653965430662335
surplus_core	all	ztar	beam	old	starting	cell_mse	0.5152031685706413	0.5857868805138284	-0.07058371194318713	-12.049384219952818
surplus_core	all	ztar	beam	enet	previous	bias	0.06640094468317684	0.056834919969119414	0.009566024714057424	
surplus_core	all	ztar	beam	enet	previous	spread	0.6319736375341477	0.6376949049578972	-0.005721267423749454	-0.8971794159351454
surplus_core	all	ztar	beam	enet	previous	rms	0.6354524089127058	0.640222617483292	-0.004770208570586187	-0.7450859186040382
surplus_core	all	ztar	beam	enet	previous	median	0.4210954186850629	0.4247726697471167	-0.003677251062053799	-0.8656986016174262
surplus_core	all	ztar	beam	enet	previous	p90	1.0408390747130547	1.0459033239829567	-0.00506424926990201	-0.4841986017040889
surplus_core	all	ztar	beam	enet	previous	cell_mse	0.5152031685706413	0.525760044879402	-0.010556876308760677	-2.007926698040019
surplus_core	outside_gmm	xptar	old	old	starting	bias	-0.14709456502743215	-0.14709456502743215	0.0	
surplus_core	outside_gmm	xptar	old	old	starting	spread	1.4437736579021516	1.4437736579021516	0.0	0.0
surplus_core	outside_gmm	xptar	old	old	starting	rms	1.4512474586757313	1.4512474586757313	0.0	0.0
surplus_core	outside_gmm	xptar	old	old	starting	median	0.9871597444684345	0.9871597444684345	0.0	0.0
surplus_core	outside_gmm	xptar	old	old	starting	p90	2.3357097352861422	2.3357097352861422	0.0	0.0
surplus_core	outside_gmm	xptar	old	old	starting	cell_mse	3.4105191052641817	3.4105191052641817	0.0	0.0
surplus_core	outside_gmm	xptar	gmm	old	starting	bias	0.37678117099636177	-0.14709456502743215	0.5238757360237939	
surplus_core	outside_gmm	xptar	gmm	old	starting	spread	1.4452679695765516	1.4437736579021516	0.0014943116743999507	0.10350041131594878
surplus_core	outside_gmm	xptar	gmm	old	starting	rms	1.493574087449738	1.4512474586757313	0.042326628774006725	2.9165686748302777
surplus_core	outside_gmm	xptar	gmm	old	starting	median	1.0080591579888099	0.9871597444684345	0.020899413520375387	2.117125788149843
surplus_core	outside_gmm	xptar	gmm	old	starting	p90	2.410916622731607	2.3357097352861422	0.07520688744546478	3.2198730137266596
surplus_core	outside_gmm	xptar	gmm	old	starting	cell_mse	2.938892584530598	3.4105191052641817	-0.47162652073358347	-13.828584628235085
surplus_core	outside_gmm	xptar	gmm	old	previous	bias	0.37678117099636177	-0.14709456502743215	0.5238757360237939	
surplus_core	outside_gmm	xptar	gmm	old	previous	spread	1.4452679695765516	1.4437736579021516	0.0014943116743999507	0.10350041131594878
surplus_core	outside_gmm	xptar	gmm	old	previous	rms	1.493574087449738	1.4512474586757313	0.042326628774006725	2.9165686748302777
surplus_core	outside_gmm	xptar	gmm	old	previous	median	1.0080591579888099	0.9871597444684345	0.020899413520375387	2.117125788149843
surplus_core	outside_gmm	xptar	gmm	old	previous	p90	2.410916622731607	2.3357097352861422	0.07520688744546478	3.2198730137266596
surplus_core	outside_gmm	xptar	gmm	old	previous	cell_mse	2.938892584530598	3.4105191052641817	-0.47162652073358347	-13.828584628235085
surplus_core	outside_gmm	xptar	core	old	starting	bias	0.4668596088370807	-0.14709456502743215	0.6139541738645129	
surplus_core	outside_gmm	xptar	core	old	starting	spread	1.4000155336968592	1.4437736579021516	-0.04375812420529246	-3.0308160815784913
surplus_core	outside_gmm	xptar	core	old	starting	rms	1.4758053357255536	1.4512474586757313	0.024557877049822263	1.6921908736523328
surplus_core	outside_gmm	xptar	core	old	starting	median	1.0091738763180609	0.9871597444684345	0.022014131849626417	2.2300475655518737
surplus_core	outside_gmm	xptar	core	old	starting	p90	2.402287822030585	2.3357097352861422	0.06657808674444299	2.8504435178152265
surplus_core	outside_gmm	xptar	core	old	starting	cell_mse	2.6824809040381923	3.4105191052641817	-0.7280382012259894	-21.34684424146027
surplus_core	outside_gmm	xptar	core	gmm	previous	bias	0.4668596088370807	0.37678117099636177	0.09007843784071895	
surplus_core	outside_gmm	xptar	core	gmm	previous	spread	1.4000155336968592	1.4452679695765516	-0.04525243587969241	-3.131075816545692
surplus_core	outside_gmm	xptar	core	gmm	previous	rms	1.4758053357255536	1.493574087449738	-0.01776875172418446	-1.1896799679033232
surplus_core	outside_gmm	xptar	core	gmm	previous	median	1.0091738763180609	1.0080591579888099	0.0011147183292510299	0.11058064602824658
surplus_core	outside_gmm	xptar	core	gmm	previous	p90	2.402287822030585	2.410916622731607	-0.008628800701021788	-0.35790539663065335
surplus_core	outside_gmm	xptar	core	gmm	previous	cell_mse	2.6824809040381923	2.938892584530598	-0.2564116804924059	-8.724772107768619
surplus_core	outside_gmm	xptar	enet	old	starting	bias	0.46524463625261764	-0.14709456502743215	0.6123392012800498	
surplus_core	outside_gmm	xptar	enet	old	starting	spread	1.452509650517078	1.4437736579021516	0.008735992614926413	0.6050804824642819
surplus_core	outside_gmm	xptar	enet	old	starting	rms	1.5252005954650931	1.4512474586757313	0.07395313678936177	5.095832302565695
surplus_core	outside_gmm	xptar	enet	old	starting	median	1.0381836192058271	0.9871597444684345	0.05102387473739267	5.1687556166371
surplus_core	outside_gmm	xptar	enet	old	starting	p90	2.4809518862839663	2.3357097352861422	0.14524215099782412	6.218330505867886
surplus_core	outside_gmm	xptar	enet	old	starting	cell_mse	2.9203176120964627	3.4105191052641817	-0.490201493167719	-14.37322231712722
surplus_core	outside_gmm	xptar	enet	core	previous	bias	0.46524463625261764	0.4668596088370807	-0.0016149725844630813	
surplus_core	outside_gmm	xptar	enet	core	previous	spread	1.452509650517078	1.4000155336968592	0.05249411682021887	3.7495381698804175
surplus_core	outside_gmm	xptar	enet	core	previous	rms	1.5252005954650931	1.4758053357255536	0.04939525973953951	3.347003737132792
surplus_core	outside_gmm	xptar	enet	core	previous	median	1.0381836192058271	1.0091738763180609	0.029009742887766254	2.874603036060286
surplus_core	outside_gmm	xptar	enet	core	previous	p90	2.4809518862839663	2.402287822030585	0.07866406425338113	3.274547851093401
surplus_core	outside_gmm	xptar	enet	core	previous	cell_mse	2.9203176120964627	2.6824809040381923	0.2378367080582704	8.866296408680196
surplus_core	outside_gmm	xptar	beam	old	starting	bias	0.4691014482458637	-0.14709456502743215	0.6161960132732959	
surplus_core	outside_gmm	xptar	beam	old	starting	spread	1.4046479046523248	1.4437736579021516	-0.03912575324982681	-2.709964476473259
surplus_core	outside_gmm	xptar	beam	old	starting	rms	1.480909148054172	1.4512474586757313	0.029661689378440714	2.0438753708831303
surplus_core	outside_gmm	xptar	beam	old	starting	median	1.0133052181056368	0.9871597444684345	0.02614547363720232	2.6485554930403943
surplus_core	outside_gmm	xptar	beam	old	starting	p90	2.407565435069814	2.3357097352861422	0.07185569978367168	3.076396809848836
surplus_core	outside_gmm	xptar	beam	old	starting	cell_mse	2.7014507074695793	3.4105191052641817	-0.7090683977946024	-20.790629693296424
surplus_core	outside_gmm	xptar	beam	enet	previous	bias	0.4691014482458637	0.46524463625261764	0.0038568119932460565	
surplus_core	outside_gmm	xptar	beam	enet	previous	spread	1.4046479046523248	1.452509650517078	-0.047861745864753225	-3.2951069101478936
surplus_core	outside_gmm	xptar	beam	enet	previous	rms	1.480909148054172	1.5252005954650931	-0.04429144741092106	-2.9039752241517336
surplus_core	outside_gmm	xptar	beam	enet	previous	median	1.0133052181056368	1.0381836192058271	-0.02487840110019035	-2.396339206278497
surplus_core	outside_gmm	xptar	beam	enet	previous	p90	2.407565435069814	2.4809518862839663	-0.07338645121415244	-2.95799574428961
surplus_core	outside_gmm	xptar	beam	enet	previous	cell_mse	2.7014507074695793	2.9203176120964627	-0.2188669046268834	-7.494626739238863
surplus_core	outside_gmm	ytar	old	old	starting	bias	0.0275751805846985	0.0275751805846985	0.0	
surplus_core	outside_gmm	ytar	old	old	starting	spread	0.13160603389166964	0.13160603389166964	0.0	0.0
surplus_core	outside_gmm	ytar	old	old	starting	rms	0.13446389381902504	0.13446389381902504	0.0	0.0
surplus_core	outside_gmm	ytar	old	old	starting	median	0.0902301246262901	0.0902301246262901	0.0	0.0
surplus_core	outside_gmm	ytar	old	old	starting	p90	0.21791751628968456	0.21791751628968456	0.0	0.0
surplus_core	outside_gmm	ytar	old	old	starting	cell_mse	0.02620494555317767	0.02620494555317767	0.0	0.0
surplus_core	outside_gmm	ytar	gmm	old	starting	bias	0.011046733782230983	0.0275751805846985	-0.016528446802467518	
surplus_core	outside_gmm	ytar	gmm	old	starting	spread	0.13097801342469437	0.13160603389166964	-0.0006280204669752709	-0.4771973202172597
surplus_core	outside_gmm	ytar	gmm	old	starting	rms	0.13144303073170102	0.13446389381902504	-0.0030208630873240216	-2.246597953938323
surplus_core	outside_gmm	ytar	gmm	old	starting	median	0.08872010443851586	0.0902301246262901	-0.0015100201877742414	-1.6735211150692209
surplus_core	outside_gmm	ytar	gmm	old	starting	p90	0.21492589438907725	0.21791751628968456	-0.002991621900607311	-1.3728230532099372
surplus_core	outside_gmm	ytar	gmm	old	starting	cell_mse	0.02413078916717644	0.02620494555317767	-0.0020741563860012316	-7.915133354473669
surplus_core	outside_gmm	ytar	gmm	old	previous	bias	0.011046733782230983	0.0275751805846985	-0.016528446802467518	
surplus_core	outside_gmm	ytar	gmm	old	previous	spread	0.13097801342469437	0.13160603389166964	-0.0006280204669752709	-0.4771973202172597
surplus_core	outside_gmm	ytar	gmm	old	previous	rms	0.13144303073170102	0.13446389381902504	-0.0030208630873240216	-2.246597953938323
surplus_core	outside_gmm	ytar	gmm	old	previous	median	0.08872010443851586	0.0902301246262901	-0.0015100201877742414	-1.6735211150692209
surplus_core	outside_gmm	ytar	gmm	old	previous	p90	0.21492589438907725	0.21791751628968456	-0.002991621900607311	-1.3728230532099372
surplus_core	outside_gmm	ytar	gmm	old	previous	cell_mse	0.02413078916717644	0.02620494555317767	-0.0020741563860012316	-7.915133354473669
surplus_core	outside_gmm	ytar	core	old	starting	bias	0.017769312750548858	0.0275751805846985	-0.009805867834149641	
surplus_core	outside_gmm	ytar	core	old	starting	spread	0.12982109520986596	0.13160603389166964	-0.0017849386818036828	-1.356274198850893
surplus_core	outside_gmm	ytar	core	old	starting	rms	0.13103154290901067	0.13446389381902504	-0.00343235091001437	-2.552619006135559
surplus_core	outside_gmm	ytar	core	old	starting	median	0.08802778608984371	0.0902301246262901	-0.0022023385364463854	-2.440801833720063
surplus_core	outside_gmm	ytar	core	old	starting	p90	0.2146680119921033	0.21791751628968456	-0.0032495042975812516	-1.4911625063042555
surplus_core	outside_gmm	ytar	core	old	starting	cell_mse	0.023410818705595124	0.02620494555317767	-0.0027941268475825468	-10.662593600556914
surplus_core	outside_gmm	ytar	core	gmm	previous	bias	0.017769312750548858	0.011046733782230983	0.006722578968317875	
surplus_core	outside_gmm	ytar	core	gmm	previous	spread	0.12982109520986596	0.13097801342469437	-0.0011569182148284118	-0.8832919240247761
surplus_core	outside_gmm	ytar	core	gmm	previous	rms	0.13103154290901067	0.13144303073170102	-0.00041148782269034845	-0.3130541196438741
surplus_core	outside_gmm	ytar	core	gmm	previous	median	0.08802778608984371	0.08872010443851586	-0.000692318348672144	-0.7803398711640708
surplus_core	outside_gmm	ytar	core	gmm	previous	p90	0.2146680119921033	0.21492589438907725	-0.0002578823969739408	-0.11998665759049842
surplus_core	outside_gmm	ytar	core	gmm	previous	cell_mse	0.023410818705595124	0.02413078916717644	-0.0007199704615813152	-2.9836175542930166
surplus_core	outside_gmm	ytar	enet	old	starting	bias	0.014136500351949894	0.0275751805846985	-0.013438680232748605	
surplus_core	outside_gmm	ytar	enet	old	starting	spread	0.13077411669433672	0.13160603389166964	-0.0008319171973329154	-0.6321269418526065
surplus_core	outside_gmm	ytar	enet	old	starting	rms	0.13153596557362046	0.13446389381902504	-0.002927928245404582	-2.1774828634259835
surplus_core	outside_gmm	ytar	enet	old	starting	median	0.08843923839690279	0.0902301246262901	-0.0017908862293873062	-1.9847985767554865
surplus_core	outside_gmm	ytar	enet	old	starting	p90	0.21487214284546638	0.21791751628968456	-0.00304537344421818	-1.3974890573596022
surplus_core	outside_gmm	ytar	enet	old	starting	cell_mse	0.0241328913497874	0.02620494555317767	-0.00207205420339027	-7.907111270983003
surplus_core	outside_gmm	ytar	enet	core	previous	bias	0.014136500351949894	0.017769312750548858	-0.0036328123985989638	
surplus_core	outside_gmm	ytar	enet	core	previous	spread	0.13077411669433672	0.12982109520986596	0.0009530214844707674	0.7341037162952091
surplus_core	outside_gmm	ytar	enet	core	previous	rms	0.13153596557362046	0.13103154290901067	0.0005044226646097882	0.3849627756883356
surplus_core	outside_gmm	ytar	enet	core	previous	median	0.08843923839690279	0.08802778608984371	0.0004114523070590792	0.4674118540697325
surplus_core	outside_gmm	ytar	enet	core	previous	p90	0.21487214284546638	0.2146680119921033	0.00020413085336307146	0.09509141649413078
surplus_core	outside_gmm	ytar	enet	core	previous	cell_mse	0.0241328913497874	0.023410818705595124	0.0007220726441922766	3.084354516912735
surplus_core	outside_gmm	ytar	beam	old	starting	bias	0.016842447982057914	0.0275751805846985	-0.010732732602640585	
surplus_core	outside_gmm	ytar	beam	old	starting	spread	0.12972174582381346	0.13160603389166964	-0.0018842880678561769	-1.4317641920637225
surplus_core	outside_gmm	ytar	beam	old	starting	rms	0.13081054771541323	0.13446389381902504	-0.0036533461036118153	-2.7169718203526427
surplus_core	outside_gmm	ytar	beam	old	starting	median	0.08782923997001599	0.0902301246262901	-0.0024008846562741104	-2.6608459937498163
surplus_core	outside_gmm	ytar	beam	old	starting	p90	0.2141370013744816	0.21791751628968456	-0.003780514915202954	-1.734837556691582
surplus_core	outside_gmm	ytar	beam	old	starting	cell_mse	0.023582986001498572	0.02620494555317767	-0.0026219595516790983	-10.005590533887421
surplus_core	outside_gmm	ytar	beam	enet	previous	bias	0.016842447982057914	0.014136500351949894	0.00270594763010802	
surplus_core	outside_gmm	ytar	beam	enet	previous	spread	0.12972174582381346	0.13077411669433672	-0.0010523708705232615	-0.8047241282332696
surplus_core	outside_gmm	ytar	beam	enet	previous	rms	0.13081054771541323	0.13153596557362046	-0.0007254178582072335	-0.551497725389194
surplus_core	outside_gmm	ytar	beam	enet	previous	median	0.08782923997001599	0.08843923839690279	-0.0006099984268868042	-0.6897373133735285
surplus_core	outside_gmm	ytar	beam	enet	previous	p90	0.2141370013744816	0.21487214284546638	-0.0007351414709847737	-0.3421297247980015
surplus_core	outside_gmm	ytar	beam	enet	previous	cell_mse	0.023582986001498572	0.0241328913497874	-0.0005499053482888282	-2.278655053463674
surplus_core	outside_gmm	yptar	old	old	starting	bias	-0.0505378199364511	-0.0505378199364511	0.0	
surplus_core	outside_gmm	yptar	old	old	starting	spread	1.01264244923704	1.01264244923704	0.0	0.0
surplus_core	outside_gmm	yptar	old	old	starting	rms	1.0139027572902248	1.0139027572902248	0.0	0.0
surplus_core	outside_gmm	yptar	old	old	starting	median	0.6951032129972473	0.6951032129972473	0.0	0.0
surplus_core	outside_gmm	yptar	old	old	starting	p90	1.6613863710443186	1.6613863710443186	0.0	0.0
surplus_core	outside_gmm	yptar	old	old	starting	cell_mse	1.2200484182154288	1.2200484182154288	0.0	0.0
surplus_core	outside_gmm	yptar	gmm	old	starting	bias	-0.006569233136680316	-0.0505378199364511	0.04396858679977079	
surplus_core	outside_gmm	yptar	gmm	old	starting	spread	1.0113627354323116	1.01264244923704	-0.0012797138047284662	-0.1263737072934923
surplus_core	outside_gmm	yptar	gmm	old	starting	rms	1.0113840701954584	1.0139027572902248	-0.0025186870947664364	-0.24841505525617924
surplus_core	outside_gmm	yptar	gmm	old	starting	median	0.6936768834192664	0.6951032129972473	-0.0014263295779809448	-0.20519680405888252
surplus_core	outside_gmm	yptar	gmm	old	starting	p90	1.661945355868949	1.6613863710443186	0.0005589848246303486	0.033645684975680545
surplus_core	outside_gmm	yptar	gmm	old	starting	cell_mse	1.1795781240093186	1.2200484182154288	-0.04047029420611015	-3.317105583834634
surplus_core	outside_gmm	yptar	gmm	old	previous	bias	-0.006569233136680316	-0.0505378199364511	0.04396858679977079	
surplus_core	outside_gmm	yptar	gmm	old	previous	spread	1.0113627354323116	1.01264244923704	-0.0012797138047284662	-0.1263737072934923
surplus_core	outside_gmm	yptar	gmm	old	previous	rms	1.0113840701954584	1.0139027572902248	-0.0025186870947664364	-0.24841505525617924
surplus_core	outside_gmm	yptar	gmm	old	previous	median	0.6936768834192664	0.6951032129972473	-0.0014263295779809448	-0.20519680405888252
surplus_core	outside_gmm	yptar	gmm	old	previous	p90	1.661945355868949	1.6613863710443186	0.0005589848246303486	0.033645684975680545
surplus_core	outside_gmm	yptar	gmm	old	previous	cell_mse	1.1795781240093186	1.2200484182154288	-0.04047029420611015	-3.317105583834634
surplus_core	outside_gmm	yptar	core	old	starting	bias	-0.015334760989932908	-0.0505378199364511	0.03520305894651819	
surplus_core	outside_gmm	yptar	core	old	starting	spread	1.0063177385087663	1.01264244923704	-0.006324710728273786	-0.6245749161551628
surplus_core	outside_gmm	yptar	core	old	starting	rms	1.0064345710139413	1.0139027572902248	-0.007468186276283539	-0.7365781602412413
surplus_core	outside_gmm	yptar	core	old	starting	median	0.6884479387011967	0.6951032129972473	-0.006655274296050617	-0.9574512348106468
surplus_core	outside_gmm	yptar	core	old	starting	p90	1.6539349878859904	1.6613863710443186	-0.007451383158328273	-0.4485039295010318
surplus_core	outside_gmm	yptar	core	old	starting	cell_mse	1.1732595580821288	1.2200484182154288	-0.04678886013329997	-3.835000270049793
surplus_core	outside_gmm	yptar	core	gmm	previous	bias	-0.015334760989932908	-0.006569233136680316	-0.008765527853252592	
surplus_core	outside_gmm	yptar	core	gmm	previous	spread	1.0063177385087663	1.0113627354323116	-0.00504499692354532	-0.4988316008488147
surplus_core	outside_gmm	yptar	core	gmm	previous	rms	1.0064345710139413	1.0113840701954584	-0.004949499181517103	-0.48937879559053377
surplus_core	outside_gmm	yptar	core	gmm	previous	median	0.6884479387011967	0.6936768834192664	-0.005228944718069672	-0.7538012067369482
surplus_core	outside_gmm	yptar	core	gmm	previous	p90	1.6539349878859904	1.661945355868949	-0.008010367982958622	-0.48198744649883274
surplus_core	outside_gmm	yptar	core	gmm	previous	cell_mse	1.1732595580821288	1.1795781240093186	-0.006318565927189823	-0.5356632001374706
surplus_core	outside_gmm	yptar	enet	old	starting	bias	-0.015161729160223129	-0.0505378199364511	0.03537609077622797	
surplus_core	outside_gmm	yptar	enet	old	starting	spread	1.009807751991188	1.01264244923704	-0.002834697245851947	-0.2799307147342778
surplus_core	outside_gmm	yptar	enet	old	starting	rms	1.0099215682480618	1.0139027572902248	-0.003981189042163047	-0.39265984962929545
surplus_core	outside_gmm	yptar	enet	old	starting	median	0.6899244799557529	0.6951032129972473	-0.00517873304149441	-0.7450308018522867
surplus_core	outside_gmm	yptar	enet	old	starting	p90	1.6567739565070816	1.6613863710443186	-0.004612414537237042	-0.27762443568968287
surplus_core	outside_gmm	yptar	enet	old	starting	cell_mse	1.1922507390246753	1.2200484182154288	-0.027797679190753488	-2.278407871010013
surplus_core	outside_gmm	yptar	enet	core	previous	bias	-0.015161729160223129	-0.015334760989932908	0.0001730318297097789	
surplus_core	outside_gmm	yptar	enet	core	previous	spread	1.009807751991188	1.0063177385087663	0.0034900134824218387	0.3468102915082927
surplus_core	outside_gmm	yptar	enet	core	previous	rms	1.0099215682480618	1.0064345710139413	0.0034869972341204925	0.3464703354344678
surplus_core	outside_gmm	yptar	enet	core	previous	median	0.6899244799557529	0.6884479387011967	0.0014765412545562073	0.2144739161165532
surplus_core	outside_gmm	yptar	enet	core	previous	p90	1.6567739565070816	1.6539349878859904	0.0028389686210912313	0.17164934788156394
surplus_core	outside_gmm	yptar	enet	core	previous	cell_mse	1.1922507390246753	1.1732595580821288	0.01899118094254648	1.6186683340206898
surplus_core	outside_gmm	yptar	beam	old	starting	bias	-0.018167881836728444	-0.0505378199364511	0.03236993809972266	
surplus_core	outside_gmm	yptar	beam	old	starting	spread	1.0067024159400177	1.01264244923704	-0.005940033297022307	-0.5865874279216476
surplus_core	outside_gmm	yptar	beam	old	starting	rms	1.006866339783937	1.0139027572902248	-0.0070364175062878065	-0.6939933298034884
surplus_core	outside_gmm	yptar	beam	old	starting	median	0.6880053858438779	0.6951032129972473	-0.007097827153369374	-1.0211184498434278
surplus_core	outside_gmm	yptar	beam	old	starting	p90	1.6521284263184122	1.6613863710443186	-0.009257944725906464	-0.5572421254477433
surplus_core	outside_gmm	yptar	beam	old	starting	cell_mse	1.182845643565415	1.2200484182154288	-0.03720277465001365	-3.049286740966428
surplus_core	outside_gmm	yptar	beam	enet	previous	bias	-0.018167881836728444	-0.015161729160223129	-0.003006152676505315	
surplus_core	outside_gmm	yptar	beam	enet	previous	spread	1.0067024159400177	1.009807751991188	-0.00310533605117036	-0.30751754926094943
surplus_core	outside_gmm	yptar	beam	enet	previous	rms	1.006866339783937	1.0099215682480618	-0.0030552284641247596	-0.30252136009182307
surplus_core	outside_gmm	yptar	beam	enet	previous	median	0.6880053858438779	0.6899244799557529	-0.0019190941118749638	-0.27816002586226185
surplus_core	outside_gmm	yptar	beam	enet	previous	p90	1.6521284263184122	1.6567739565070816	-0.004645530188669422	-0.2803961379537534
surplus_core	outside_gmm	yptar	beam	enet	previous	cell_mse	1.182845643565415	1.1922507390246753	-0.00940509545926016	-0.788852139186258
surplus_core	outside_gmm	ztar	old	old	starting	bias	0.1324455838715616	0.1324455838715616	0.0	
surplus_core	outside_gmm	ztar	old	old	starting	spread	0.6353418883538962	0.6353418883538962	0.0	0.0
surplus_core	outside_gmm	ztar	old	old	starting	rms	0.6490001138552854	0.6490001138552854	0.0	0.0
surplus_core	outside_gmm	ztar	old	old	starting	median	0.4333538274668577	0.4333538274668577	0.0	0.0
surplus_core	outside_gmm	ztar	old	old	starting	p90	1.0554112135930271	1.0554112135930271	0.0	0.0
surplus_core	outside_gmm	ztar	old	old	starting	cell_mse	0.6265445931737915	0.6265445931737915	0.0	0.0
surplus_core	outside_gmm	ztar	gmm	old	starting	bias	0.053888549154537155	0.1324455838715616	-0.07855703471702445	
surplus_core	outside_gmm	ztar	gmm	old	starting	spread	0.6322659492918314	0.6353418883538962	-0.0030759390620647142	-0.4841391884350843
surplus_core	outside_gmm	ztar	gmm	old	starting	rms	0.6345582765703098	0.6490001138552854	-0.014441837284975612	-2.225244183577424
surplus_core	outside_gmm	ztar	gmm	old	starting	median	0.4268179993346625	0.4333538274668577	-0.006535828132195165	-1.50819670161908
surplus_core	outside_gmm	ztar	gmm	old	starting	p90	1.0398152734325687	1.0554112135930271	-0.0155959401604584	-1.4777121902432522
surplus_core	outside_gmm	ztar	gmm	old	starting	cell_mse	0.5765518640272211	0.6265445931737915	-0.04999272914657038	-7.979117478826181
surplus_core	outside_gmm	ztar	gmm	old	previous	bias	0.053888549154537155	0.1324455838715616	-0.07855703471702445	
surplus_core	outside_gmm	ztar	gmm	old	previous	spread	0.6322659492918314	0.6353418883538962	-0.0030759390620647142	-0.4841391884350843
surplus_core	outside_gmm	ztar	gmm	old	previous	rms	0.6345582765703098	0.6490001138552854	-0.014441837284975612	-2.225244183577424
surplus_core	outside_gmm	ztar	gmm	old	previous	median	0.4268179993346625	0.4333538274668577	-0.006535828132195165	-1.50819670161908
surplus_core	outside_gmm	ztar	gmm	old	previous	p90	1.0398152734325687	1.0554112135930271	-0.0155959401604584	-1.4777121902432522
surplus_core	outside_gmm	ztar	gmm	old	previous	cell_mse	0.5765518640272211	0.6265445931737915	-0.04999272914657038	-7.979117478826181
surplus_core	outside_gmm	ztar	core	old	starting	bias	0.08643447419354483	0.1324455838715616	-0.046011109678016776	
surplus_core	outside_gmm	ztar	core	old	starting	spread	0.6270922643113221	0.6353418883538962	-0.00824962404257401	-1.2984542958355716
surplus_core	outside_gmm	ztar	core	old	starting	rms	0.6330210314738489	0.6490001138552854	-0.015979082381436527	-2.462107793250645
surplus_core	outside_gmm	ztar	core	old	starting	median	0.42271290062024075	0.4333538274668577	-0.010640926846616938	-2.455482373103246
surplus_core	outside_gmm	ztar	core	old	starting	p90	1.039839425132029	1.0554112135930271	-0.015571788460998048	-1.4754238215818893
surplus_core	outside_gmm	ztar	core	old	starting	cell_mse	0.5601730845914671	0.6265445931737915	-0.06637150858232443	-10.5932617255727
surplus_core	outside_gmm	ztar	core	gmm	previous	bias	0.08643447419354483	0.053888549154537155	0.032545925039007675	
surplus_core	outside_gmm	ztar	core	gmm	previous	spread	0.6270922643113221	0.6322659492918314	-0.005173684980509297	-0.8182767056021389
surplus_core	outside_gmm	ztar	core	gmm	previous	rms	0.6330210314738489	0.6345582765703098	-0.0015372450964609152	-0.24225436074516438
surplus_core	outside_gmm	ztar	core	gmm	previous	median	0.42271290062024075	0.4268179993346625	-0.004105098714421773	-0.9617913773132702
surplus_core	outside_gmm	ztar	core	gmm	previous	p90	1.039839425132029	1.0398152734325687	2.4151699460350784e-05	0.0023226913546503525
surplus_core	outside_gmm	ztar	core	gmm	previous	cell_mse	0.5601730845914671	0.5765518640272211	-0.016378779435754054	-2.8408163181275814
surplus_core	outside_gmm	ztar	enet	old	starting	bias	0.0690572488476729	0.1324455838715616	-0.0633883350238887	
surplus_core	outside_gmm	ztar	enet	old	starting	spread	0.6320618990617796	0.6353418883538962	-0.003279989292116592	-0.5162557911323473
surplus_core	outside_gmm	ztar	enet	old	starting	rms	0.6358232048800929	0.6490001138552854	-0.013176908975192525	-2.0303400097909208
surplus_core	outside_gmm	ztar	enet	old	starting	median	0.4250681036379993	0.4333538274668577	-0.008285723828858393	-1.9119996879436996
surplus_core	outside_gmm	ztar	enet	old	starting	p90	1.0400960674730744	1.0554112135930271	-0.015315146119952772	-1.4511070114381353
surplus_core	outside_gmm	ztar	enet	old	starting	cell_mse	0.5775195855078832	0.6265445931737915	-0.04902500766590834	-7.824663750998129
surplus_core	outside_gmm	ztar	enet	core	previous	bias	0.0690572488476729	0.08643447419354483	-0.017377225345871924	
surplus_core	outside_gmm	ztar	enet	core	previous	spread	0.6320618990617796	0.6270922643113221	0.004969634750457419	0.7924886070656889
surplus_core	outside_gmm	ztar	enet	core	previous	rms	0.6358232048800929	0.6330210314738489	0.002802173406244002	0.44266671515158507
surplus_core	outside_gmm	ztar	enet	core	previous	median	0.4250681036379993	0.42271290062024075	0.002355203017758545	0.5571637426496245
surplus_core	outside_gmm	ztar	enet	core	previous	p90	1.0400960674730744	1.039839425132029	0.0002566423410452767	0.024680958890610505
surplus_core	outside_gmm	ztar	enet	core	previous	cell_mse	0.5775195855078832	0.5601730845914671	0.017346500916416097	3.096632343388439
surplus_core	outside_gmm	ztar	beam	old	starting	bias	0.08179563823293967	0.1324455838715616	-0.050649945638621935	
surplus_core	outside_gmm	ztar	beam	old	starting	spread	0.6267763050961479	0.6353418883538962	-0.008565583257748255	-1.3481848772698979
surplus_core	outside_gmm	ztar	beam	old	starting	rms	0.6320910243500643	0.6490001138552854	-0.016909089505221186	-2.605406246352615
surplus_core	outside_gmm	ztar	beam	old	starting	median	0.4218658377875275	0.4333538274668577	-0.01148798967933018	-2.6509491669849727
surplus_core	outside_gmm	ztar	beam	old	starting	p90	1.0371595994013625	1.0554112135930271	-0.018251614191664656	-1.729336770028156
surplus_core	outside_gmm	ztar	beam	old	starting	cell_mse	0.5645824761509828	0.6265445931737915	-0.06196211702280874	-9.889498321091029
surplus_core	outside_gmm	ztar	beam	enet	previous	bias	0.08179563823293967	0.0690572488476729	0.012738389385266766	
surplus_core	outside_gmm	ztar	beam	enet	previous	spread	0.6267763050961479	0.6320618990617796	-0.005285593965631663	-0.8362462558615724
surplus_core	outside_gmm	ztar	beam	enet	previous	rms	0.6320910243500643	0.6358232048800929	-0.0037321805300286615	-0.586984007721536
surplus_core	outside_gmm	ztar	beam	enet	previous	median	0.4218658377875275	0.4250681036379993	-0.003202265850471786	-0.7533535974740935
surplus_core	outside_gmm	ztar	beam	enet	previous	p90	1.0371595994013625	1.0400960674730744	-0.002936468071711884	-0.2823266199675212
surplus_core	outside_gmm	ztar	beam	enet	previous	cell_mse	0.5645824761509828	0.5775195855078832	-0.0129371093569004	-2.240116124464109
