setting	construction	foil_lab_z_cm	lab_X_cm	lab_Y_cm	xscol	yscol	vertex_x_cm	vertex_y_cm	vertex_z_cm	xt_cm	yt_cm	p_slope	q_slope	sieve_x_cm	sieve_y_cm	dx_cm	dy_cm	dx_mm	dy_mm	setting_offset_x_cm	setting_offset_y_cm	dx_after_offset_cm	dy_after_offset_cm	dx_after_offset_mm	dy_after_offset_mm	dxt_cm	dyt_cm	dp_slope	dq_slope	dp_mrad	dq_mrad
HMS_12p490_code_defaults	A_endpoint	-8.0	0.0	0.0	4	4	-0.14830601200000001	-1.7983657387553678	-7.810670144710821	-0.14171728027367156	-1.7184704652011196	0.0008435552397242354	0.010228990864292378	0.0	-2.220446049250313e-16	0.0	-2.220446049250313e-16	0.0	-2.220446049250313e-15	0.0	0.0	0.0	-2.220446049250313e-16	0.0	-2.220446049250313e-15	0.0	0.0	0.0	0.0	0.0	0.0
HMS_12p490_code_defaults	B_fit_target	-8.0	0.0	0.0	4	4	-0.14830601200000001	-1.7983657387553678	-7.810670144710821	-0.14830601200000001	-1.7184704652011198	0.0	0.01022899086429238	-0.14830601200000001	0.0	-0.14830601200000001	0.0	-1.4830601200000002	0.0	-0.14830601200000001	0.0	0.0	0.0	0.0	0.0	-0.006588731726328456	-2.220446049250313e-16	-0.0008435552397242354	1.734723475976807e-18	-0.8435550396371113	1.734723475976807e-15
HMS_12p490_code_defaults	C_HCANA_coordinate_step	-8.0	0.0	0.0	4	4	-0.14830601200000001	-1.7983657387553678	-7.810670144710821	-0.14171728027367156	-1.7184704652011198	0.0008435552397242354	0.010228990864292378	0.0	-4.440892098500626e-16	0.0	-4.440892098500626e-16	0.0	-4.440892098500626e-15	0.0	0.0	0.0	-4.440892098500626e-16	0.0	-4.440892098500626e-15	0.0	-2.220446049250313e-16	0.0	0.0	0.0	0.0
HMS_12p490_code_defaults	A_endpoint	-8.0	0.0	0.0	2	4	-0.14830601200000001	-1.7983657387553678	-7.810670144710821	-0.3674044032592765	-1.7184704652011196	-0.028051164266313832	0.010228990864292378	-5.08	-2.220446049250313e-16	0.0	-2.220446049250313e-16	0.0	-2.220446049250313e-15	0.0	0.0	0.0	-2.220446049250313e-16	0.0	-2.220446049250313e-15	0.0	0.0	0.0	0.0	0.0	0.0
HMS_12p490_code_defaults	B_fit_target	-8.0	0.0	0.0	2	4	-0.14830601200000001	-1.7983657387553678	-7.810670144710821	-0.37399313498560494	-1.7184704652011198	-0.028894719506038065	0.01022899086429238	-5.228306011999999	0.0	-0.14830601199999904	0.0	-1.4830601199999904	0.0	-0.14830601200000001	0.0	9.71445146547012e-16	0.0	9.71445146547012e-15	0.0	-0.006588731726328456	-2.220446049250313e-16	-0.0008435552397242328	1.734723475976807e-18	-0.8428718665859751	1.734723475976807e-15
HMS_12p490_code_defaults	C_HCANA_coordinate_step	-8.0	0.0	0.0	2	4	-0.14830601200000001	-1.7983657387553678	-7.810670144710821	-0.3674044032592765	-1.7184704652011198	-0.028051164266313832	0.010228990864292378	-5.08	-4.440892098500626e-16	0.0	-4.440892098500626e-16	0.0	-4.440892098500626e-15	0.0	0.0	0.0	-4.440892098500626e-16	0.0	-4.440892098500626e-15	0.0	-2.220446049250313e-16	0.0	0.0	0.0	0.0
HMS_12p490_code_defaults	A_endpoint	-8.0	0.0	0.0	6	4	-0.14830601200000001	-1.7983657387553678	-7.810670144710821	0.08396984271193336	-1.7184704652011196	0.0297382747457623	0.010228990864292378	5.08	-2.220446049250313e-16	0.0	-2.220446049250313e-16	0.0	-2.220446049250313e-15	0.0	0.0	0.0	-2.220446049250313e-16	0.0	-2.220446049250313e-15	0.0	0.0	0.0	0.0	0.0	0.0
HMS_12p490_code_defaults	B_fit_target	-8.0	0.0	0.0	6	4	-0.14830601200000001	-1.7983657387553678	-7.810670144710821	0.07738111098560493	-1.7184704652011198	0.028894719506038065	0.01022899086429238	4.931693987999999	0.0	-0.14830601200000082	0.0	-1.4830601200000082	0.0	-0.14830601200000001	0.0	-8.049116928532385e-16	0.0	-8.049116928532385e-15	0.0	-0.006588731726328428	-2.220446049250313e-16	-0.0008435552397242363	1.734723475976807e-18	-0.8428308130718105	1.734723475976807e-15
HMS_12p490_code_defaults	C_HCANA_coordinate_step	-8.0	0.0	0.0	6	4	-0.14830601200000001	-1.7983657387553678	-7.810670144710821	0.08396984271193339	-1.7184704652011198	0.0297382747457623	0.010228990864292378	5.08	-4.440892098500626e-16	0.0	-4.440892098500626e-16	0.0	-4.440892098500626e-15	0.0	0.0	0.0	-4.440892098500626e-16	0.0	-4.440892098500626e-15	2.7755575615628914e-17	-2.220446049250313e-16	0.0	0.0	0.0	0.0
HMS_12p490_code_defaults	A_endpoint	-8.0	0.0	0.0	4	2	-0.14830601200000001	-1.7983657387553678	-7.810670144710821	-0.14171728027367156	-1.8538827389924826	0.0008435552397242354	-0.007107840839330462	0.0	-3.048	0.0	0.0	0.0	0.0	0.0	0.0	0.0	0.0	0.0	0.0	0.0	0.0	0.0	0.0	0.0	0.0
HMS_12p490_code_defaults	B_fit_target	-8.0	0.0	0.0	4	2	-0.14830601200000001	-1.7983657387553678	-7.810670144710821	-0.14830601200000001	-1.8538827389924828	0.0	-0.00710784083933046	-0.14830601200000001	-3.048	-0.14830601200000001	0.0	-1.4830601200000002	0.0	-0.14830601200000001	0.0	0.0	0.0	0.0	0.0	-0.006588731726328456	-2.220446049250313e-16	-0.0008435552397242354	1.734723475976807e-18	-0.8435550396371113	1.734723475976807e-15
HMS_12p490_code_defaults	C_HCANA_coordinate_step	-8.0	0.0	0.0	4	2	-0.14830601200000001	-1.7983657387553678	-7.810670144710821	-0.14171728027367156	-1.8538827389924826	0.0008435552397242354	-0.007107840839330462	0.0	-3.048	0.0	0.0	0.0	0.0	0.0	0.0	0.0	0.0	0.0	0.0	0.0	0.0	0.0	0.0	0.0	0.0
HMS_12p490_code_defaults	A_endpoint	-8.0	0.0	0.0	4	6	-0.14830601200000001	-1.7983657387553678	-7.810670144710821	-0.14171728027367156	-1.5830581914097566	0.0008435552397242354	0.027565822567915215	0.0	3.047999999999999	0.0	-8.881784197001252e-16	0.0	-8.881784197001252e-15	0.0	0.0	0.0	-8.881784197001252e-16	0.0	-8.881784197001252e-15	0.0	0.0	0.0	0.0	0.0	0.0
HMS_12p490_code_defaults	B_fit_target	-8.0	0.0	0.0	4	6	-0.14830601200000001	-1.7983657387553678	-7.810670144710821	-0.14830601200000001	-1.5830581914097568	0.0	0.027565822567915222	-0.14830601200000001	3.048000000000001	-0.14830601200000001	8.881784197001252e-16	-1.4830601200000002	8.881784197001252e-15	-0.14830601200000001	0.0	0.0	8.881784197001252e-16	0.0	8.881784197001252e-15	-0.006588731726328456	-2.220446049250313e-16	-0.0008435552397242354	6.938893903907228e-18	-0.8435550396371113	6.938893903907228e-15
HMS_12p490_code_defaults	C_HCANA_coordinate_step	-8.0	0.0	0.0	4	6	-0.14830601200000001	-1.7983657387553678	-7.810670144710821	-0.14171728027367156	-1.5830581914097566	0.0008435552397242354	0.027565822567915215	0.0	3.047999999999999	0.0	-8.881784197001252e-16	0.0	-8.881784197001252e-15	0.0	0.0	0.0	-8.881784197001252e-16	0.0	-8.881784197001252e-15	0.0	0.0	0.0	0.0	0.0	0.0
HMS_12p490_code_defaults	A_endpoint	-8.0	0.0	0.0	0	0	-0.14830601200000001	-1.7983657387553678	-7.810670144710821	-0.5930915262448814	-1.9892950127838454	-0.056945883772351893	-0.0244446725429533	-10.16	-6.096	0.0	0.0	0.0	0.0	0.0	0.0	0.0	0.0	0.0	0.0	0.0	0.0	0.0	0.0	0.0	0.0
HMS_12p490_code_defaults	B_fit_target	-8.0	0.0	0.0	0	0	-0.14830601200000001	-1.7983657387553678	-7.810670144710821	-0.5996802579712099	-1.9892950127838456	-0.05778943901207613	-0.024444672542953298	-10.308306012	-6.095999999999999	-0.14830601199999904	8.881784197001252e-16	-1.4830601199999904	8.881784197001252e-15	-0.14830601200000001	0.0	9.71445146547012e-16	8.881784197001252e-16	9.71445146547012e-15	8.881784197001252e-15	-0.006588731726328567	-2.220446049250313e-16	-0.0008435552397242363	3.469446951953614e-18	-0.8407881159908648	3.469446951953614e-15
HMS_12p490_code_defaults	C_HCANA_coordinate_step	-8.0	0.0	0.0	0	0	-0.14830601200000001	-1.7983657387553678	-7.810670144710821	-0.5930915262448814	-1.9892950127838454	-0.056945883772351893	-0.0244446725429533	-10.16	-6.096	0.0	0.0	0.0	0.0	0.0	0.0	0.0	0.0	0.0	0.0	0.0	0.0	0.0	0.0	0.0	0.0
HMS_12p490_code_defaults	A_endpoint	-8.0	0.0	0.0	8	8	-0.14830601200000001	-1.7983657387553678	-7.810670144710821	0.3096569656975383	-1.4476459176183936	0.05863299425180037	0.044902654271538056	10.16	6.096	0.0	0.0	0.0	0.0	0.0	0.0	0.0	0.0	0.0	0.0	0.0	0.0	0.0	0.0	0.0	0.0
HMS_12p490_code_defaults	B_fit_target	-8.0	0.0	0.0	8	8	-0.14830601200000001	-1.7983657387553678	-7.810670144710821	0.30306823397120985	-1.4476459176183938	0.05778943901207613	0.04490265427153806	10.011693988	6.096	-0.14830601200000082	0.0	-1.4830601200000082	0.0	-0.14830601200000001	0.0	-8.049116928532385e-16	0.0	-8.049116928532385e-15	0.0	-0.006588731726328456	-2.220446049250313e-16	-0.0008435552397242432	6.938893903907228e-18	-0.8407064183906867	6.938893903907228e-15
HMS_12p490_code_defaults	C_HCANA_coordinate_step	-8.0	0.0	0.0	8	8	-0.14830601200000001	-1.7983657387553678	-7.810670144710821	0.3096569656975384	-1.4476459176183936	0.05863299425180037	0.044902654271538056	10.16	6.096	0.0	0.0	0.0	0.0	0.0	0.0	0.0	0.0	0.0	0.0	1.1102230246251565e-16	0.0	0.0	0.0	0.0	0.0
HMS_12p490_code_defaults	A_endpoint	-8.0	0.0	0.2	4	4	-0.348306012	-1.7983657387553678	-7.810670144710821	-0.33283196047108865	-1.7184704652011196	0.001981142621851718	0.010228990864292378	0.0	-2.220446049250313e-16	0.0	-2.220446049250313e-16	0.0	-2.220446049250313e-15	0.0	0.0	0.0	-2.220446049250313e-16	0.0	-2.220446049250313e-15	0.0	0.0	0.0	0.0	0.0	0.0
HMS_12p490_code_defaults	B_fit_target	-8.0	0.0	0.2	4	4	-0.348306012	-1.7983657387553678	-7.810670144710821	-0.348306012	-1.7184704652011198	0.0	0.01022899086429238	-0.348306012	0.0	-0.348306012	0.0	-3.48306012	0.0	-0.14830601200000001	0.0	-0.19999999999999998	0.0	-1.9999999999999998	0.0	-0.015474051528911348	-2.220446049250313e-16	-0.001981142621851718	1.734723475976807e-18	-1.9811400299117017	1.734723475976807e-15
HMS_12p490_code_defaults	C_HCANA_coordinate_step	-8.0	0.0	0.2	4	4	-0.348306012	-1.7983657387553678	-7.810670144710821	-0.33283196047108865	-1.7184704652011198	0.001981142621851718	0.010228990864292378	0.0	-4.440892098500626e-16	0.0	-4.440892098500626e-16	0.0	-4.440892098500626e-15	0.0	0.0	0.0	-4.440892098500626e-16	0.0	-4.440892098500626e-15	0.0	-2.220446049250313e-16	0.0	0.0	0.0	0.0
HMS_12p490_code_defaults	A_endpoint	-8.0	0.0	0.2	2	4	-0.348306012	-1.7983657387553678	-7.810670144710821	-0.5585190834566935	-1.7184704652011196	-0.026913576884186347	0.010228990864292378	-5.08	-2.220446049250313e-16	0.0	-2.220446049250313e-16	0.0	-2.220446049250313e-15	0.0	0.0	0.0	-2.220446049250313e-16	0.0	-2.220446049250313e-15	0.0	0.0	0.0	0.0	0.0	0.0
HMS_12p490_code_defaults	B_fit_target	-8.0	0.0	0.2	2	4	-0.348306012	-1.7983657387553678	-7.810670144710821	-0.5739931349856049	-1.7184704652011198	-0.028894719506038065	0.01022899086429238	-5.428306011999999	0.0	-0.3483060119999992	0.0	-3.483060119999992	0.0	-0.14830601200000001	0.0	-0.1999999999999992	0.0	-1.999999999999992	0.0	-0.015474051528911348	-2.220446049250313e-16	-0.0019811426218517177	1.734723475976807e-18	-1.9796005772486427	1.734723475976807e-15
HMS_12p490_code_defaults	C_HCANA_coordinate_step	-8.0	0.0	0.2	2	4	-0.348306012	-1.7983657387553678	-7.810670144710821	-0.5585190834566935	-1.7184704652011198	-0.026913576884186347	0.010228990864292378	-5.08	-4.440892098500626e-16	0.0	-4.440892098500626e-16	0.0	-4.440892098500626e-15	0.0	0.0	0.0	-4.440892098500626e-16	0.0	-4.440892098500626e-15	0.0	-2.220446049250313e-16	0.0	0.0	0.0	0.0
HMS_12p490_code_defaults	A_endpoint	-8.0	0.0	0.2	6	4	-0.348306012	-1.7983657387553678	-7.810670144710821	-0.10714483748548376	-1.7184704652011196	0.030875862127889783	0.010228990864292378	5.08	-2.220446049250313e-16	0.0	-2.220446049250313e-16	0.0	-2.220446049250313e-15	0.0	0.0	0.0	-2.220446049250313e-16	0.0	-2.220446049250313e-15	0.0	0.0	0.0	0.0	0.0	0.0
HMS_12p490_code_defaults	B_fit_target	-8.0	0.0	0.2	6	4	-0.348306012	-1.7983657387553678	-7.810670144710821	-0.12261888901439505	-1.7184704652011198	0.028894719506038065	0.01022899086429238	4.731693988	0.0	-0.3483060120000001	0.0	-3.483060120000001	0.0	-0.14830601200000001	0.0	-0.2000000000000001	0.0	-2.000000000000001	0.0	-0.015474051528911292	-2.220446049250313e-16	-0.0019811426218517177	1.734723475976807e-18	-1.9793741371296019	1.734723475976807e-15
HMS_12p490_code_defaults	C_HCANA_coordinate_step	-8.0	0.0	0.2	6	4	-0.348306012	-1.7983657387553678	-7.810670144710821	-0.10714483748548373	-1.7184704652011198	0.030875862127889783	0.010228990864292378	5.08	-4.440892098500626e-16	0.0	-4.440892098500626e-16	0.0	-4.440892098500626e-15	0.0	0.0	0.0	-4.440892098500626e-16	0.0	-4.440892098500626e-15	2.7755575615628914e-17	-2.220446049250313e-16	0.0	0.0	0.0	0.0
HMS_12p490_code_defaults	A_endpoint	-8.0	0.0	0.2	4	2	-0.348306012	-1.7983657387553678	-7.810670144710821	-0.33283196047108865	-1.8538827389924826	0.001981142621851718	-0.007107840839330462	0.0	-3.048	0.0	0.0	0.0	0.0	0.0	0.0	0.0	0.0	0.0	0.0	0.0	0.0	0.0	0.0	0.0	0.0
HMS_12p490_code_defaults	B_fit_target	-8.0	0.0	0.2	4	2	-0.348306012	-1.7983657387553678	-7.810670144710821	-0.348306012	-1.8538827389924828	0.0	-0.00710784083933046	-0.348306012	-3.048	-0.348306012	0.0	-3.48306012	0.0	-0.14830601200000001	0.0	-0.19999999999999998	0.0	-1.9999999999999998	0.0	-0.015474051528911348	-2.220446049250313e-16	-0.001981142621851718	1.734723475976807e-18	-1.9811400299117017	1.734723475976807e-15
HMS_12p490_code_defaults	C_HCANA_coordinate_step	-8.0	0.0	0.2	4	2	-0.348306012	-1.7983657387553678	-7.810670144710821	-0.33283196047108865	-1.8538827389924826	0.001981142621851718	-0.007107840839330462	0.0	-3.048	0.0	0.0	0.0	0.0	0.0	0.0	0.0	0.0	0.0	0.0	0.0	0.0	0.0	0.0	0.0	0.0
HMS_12p490_code_defaults	A_endpoint	-8.0	0.0	0.2	4	6	-0.348306012	-1.7983657387553678	-7.810670144710821	-0.33283196047108865	-1.5830581914097566	0.001981142621851718	0.027565822567915215	0.0	3.047999999999999	0.0	-8.881784197001252e-16	0.0	-8.881784197001252e-15	0.0	0.0	0.0	-8.881784197001252e-16	0.0	-8.881784197001252e-15	0.0	0.0	0.0	0.0	0.0	0.0
HMS_12p490_code_defaults	B_fit_target	-8.0	0.0	0.2	4	6	-0.348306012	-1.7983657387553678	-7.810670144710821	-0.348306012	-1.5830581914097568	0.0	0.027565822567915222	-0.348306012	3.048000000000001	-0.348306012	8.881784197001252e-16	-3.48306012	8.881784197001252e-15	-0.14830601200000001	0.0	-0.19999999999999998	8.881784197001252e-16	-1.9999999999999998	8.881784197001252e-15	-0.015474051528911348	-2.220446049250313e-16	-0.001981142621851718	6.938893903907228e-18	-1.9811400299117017	6.938893903907228e-15
HMS_12p490_code_defaults	C_HCANA_coordinate_step	-8.0	0.0	0.2	4	6	-0.348306012	-1.7983657387553678	-7.810670144710821	-0.33283196047108865	-1.5830581914097566	0.001981142621851718	0.027565822567915215	0.0	3.047999999999999	0.0	-8.881784197001252e-16	0.0	-8.881784197001252e-15	0.0	0.0	0.0	-8.881784197001252e-16	0.0	-8.881784197001252e-15	0.0	0.0	0.0	0.0	0.0	0.0
HMS_12p490_code_defaults	A_endpoint	-8.0	0.0	0.2	0	0	-0.348306012	-1.7983657387553678	-7.810670144710821	-0.7842062064422985	-1.9892950127838454	-0.05580829639022441	-0.0244446725429533	-10.16	-6.096	0.0	0.0	0.0	0.0	0.0	0.0	0.0	0.0	0.0	0.0	0.0	0.0	0.0	0.0	0.0	0.0
HMS_12p490_code_defaults	B_fit_target	-8.0	0.0	0.2	0	0	-0.348306012	-1.7983657387553678	-7.810670144710821	-0.7996802579712099	-1.9892950127838456	-0.05778943901207613	-0.024444672542953298	-10.508306011999998	-6.095999999999999	-0.34830601199999833	8.881784197001252e-16	-3.4830601199999833	8.881784197001252e-15	-0.14830601200000001	0.0	-0.19999999999999832	8.881784197001252e-16	-1.9999999999999831	8.881784197001252e-15	-0.015474051528911348	-2.220446049250313e-16	-0.001981142621851721	3.469446951953614e-18	-1.974771152584813	3.469446951953614e-15
HMS_12p490_code_defaults	C_HCANA_coordinate_step	-8.0	0.0	0.2	0	0	-0.348306012	-1.7983657387553678	-7.810670144710821	-0.7842062064422985	-1.9892950127838454	-0.05580829639022441	-0.0244446725429533	-10.16	-6.096	0.0	0.0	0.0	0.0	0.0	0.0	0.0	0.0	0.0	0.0	0.0	0.0	0.0	0.0	0.0	0.0
HMS_12p490_code_defaults	A_endpoint	-8.0	0.0	0.2	8	8	-0.348306012	-1.7983657387553678	-7.810670144710821	0.11854228550012119	-1.4476459176183936	0.05977058163392785	0.044902654271538056	10.16	6.096	0.0	0.0	0.0	0.0	0.0	0.0	0.0	0.0	0.0	0.0	0.0	0.0	0.0	0.0	0.0	0.0
HMS_12p490_code_defaults	B_fit_target	-8.0	0.0	0.2	8	8	-0.348306012	-1.7983657387553678	-7.810670144710821	0.1030682339712099	-1.4476459176183938	0.05778943901207613	0.04490265427153806	9.811693987999998	6.096	-0.3483060120000019	0.0	-3.483060120000019	0.0	-0.14830601200000001	0.0	-0.20000000000000187	0.0	-2.0000000000000187	0.0	-0.015474051528911292	-2.220446049250313e-16	-0.001981142621851721	6.938893903907228e-18	-1.9743205306312905	6.938893903907228e-15
HMS_12p490_code_defaults	C_HCANA_coordinate_step	-8.0	0.0	0.2	8	8	-0.348306012	-1.7983657387553678	-7.810670144710821	0.11854228550012125	-1.4476459176183936	0.05977058163392785	0.044902654271538056	10.16	6.096	0.0	0.0	0.0	0.0	0.0	0.0	0.0	0.0	0.0	0.0	5.551115123125783e-17	0.0	0.0	0.0	0.0	0.0
HMS_12p490_code_defaults	A_endpoint	-8.0	0.2	0.0	4	4	-0.14830601200000001	-1.6030989851375972	-7.853923987679705	-0.14168242283718147	-1.5315019613778131	0.0008433477549832229	0.009116083103439363	-2.7755575615628914e-17	0.0	-2.7755575615628914e-17	0.0	-2.7755575615628914e-16	0.0	0.0	0.0	-2.7755575615628914e-17	0.0	-2.7755575615628914e-16	0.0	0.0	0.0	0.0	0.0	0.0	0.0
HMS_12p490_code_defaults	B_fit_target	-8.0	0.2	0.0	4	4	-0.14830601200000001	-1.6030989851375972	-7.853923987679705	-0.14830601200000001	-1.5314843467107389	0.0	0.00911832588896952	-0.14830601200000001	0.000394402636140434	-0.14830601200000001	0.000394402636140434	-1.4830601200000002	0.00394402636140434	-0.14830601200000001	0.0	0.0	0.000394402636140434	0.0	0.00394402636140434	-0.0066235891628185495	1.761466707428383e-05	-0.0008433477549832229	2.242785530156069e-06	-0.8433475550437055	0.0022425991176508453
HMS_12p490_code_defaults	C_HCANA_coordinate_step	-8.0	0.2	0.0	4	4	-0.14830601200000001	-1.6030989851375972	-7.853923987679705	-0.14171890086854366	-1.5315019613778131	0.0008433477549832229	0.009116083103439363	-3.647803136222483e-05	0.0	-3.647803136222483e-05	0.0	-0.0003647803136222483	0.0	0.0	0.0	-3.647803136222483e-05	0.0	-0.0003647803136222483	0.0	-3.647803136219707e-05	0.0	0.0	0.0	0.0	0.0
HMS_12p490_code_defaults	A_endpoint	-8.0	0.2	0.0	2	4	-0.14830601200000001	-1.6030989851375972	-7.853923987679705	-0.3685635350278207	-1.5315019613778131	-0.02804426467245345	0.009116083103439363	-5.08	0.0	0.0	0.0	0.0	0.0	0.0	0.0	0.0	0.0	0.0	0.0	0.0	0.0	0.0	0.0	0.0	0.0
HMS_12p490_code_defaults	B_fit_target	-8.0	0.2	0.0	2	4	-0.14830601200000001	-1.6030989851375972	-7.853923987679705	-0.37399313498560494	-1.5314843467107389	-0.028894719506038065	0.00911832588896952	-5.228306011999999	0.000394402636140434	-0.14830601199999904	0.000394402636140434	-1.4830601199999904	0.00394402636140434	-0.14830601200000001	0.0	9.71445146547012e-16	0.000394402636140434	9.71445146547012e-15	0.00394402636140434	-0.005429599957784248	1.761466707428383e-05	-0.000850454833584615	2.242785530156069e-06	-0.849766036979751	0.0022425991176508453
HMS_12p490_code_defaults	C_HCANA_coordinate_step	-8.0	0.2	0.0	2	4	-0.14830601200000001	-1.6030989851375972	-7.853923987679705	-0.3673505128075006	-1.5315019613778131	-0.02804426467245345	0.009116083103439363	-5.07878697777968	0.0	0.001213022220319715	0.0	0.01213022220319715	0.0	0.0	0.0	0.001213022220319715	0.0	0.01213022220319715	0.0	0.0012130222203201035	0.0	0.0	0.0	0.0	0.0
HMS_12p490_code_defaults	A_endpoint	-8.0	0.2	0.0	6	4	-0.14830601200000001	-1.6030989851375972	-7.853923987679705	0.08519868935345776	-1.5315019613778131	0.029730960182419892	0.009116083103439363	5.08	0.0	0.0	0.0	0.0	0.0	0.0	0.0	0.0	0.0	0.0	0.0	0.0	0.0	0.0	0.0	0.0	0.0
HMS_12p490_code_defaults	B_fit_target	-8.0	0.2	0.0	6	4	-0.14830601200000001	-1.6030989851375972	-7.853923987679705	0.07738111098560493	-1.5314843467107389	0.028894719506038065	0.00911832588896952	4.931693987999999	0.000394402636140434	-0.14830601200000082	0.000394402636140434	-1.4830601200000082	0.00394402636140434	-0.14830601200000001	0.0	-8.049116928532385e-16	0.000394402636140434	-8.049116928532385e-15	0.00394402636140434	-0.007817578367852823	1.761466707428383e-05	-0.0008362406763818275	2.242785530156069e-06	-0.8355227111692815	0.0022425991176508453
HMS_12p490_code_defaults	C_HCANA_coordinate_step	-8.0	0.2	0.0	6	4	-0.14830601200000001	-1.6030989851375972	-7.853923987679705	0.08391271107041326	-1.5315019613778131	0.029730960182419892	0.009116083103439363	5.078714021716955	0.0	-0.0012859782830449973	0.0	-0.012859782830449973	0.0	0.0	0.0	-0.0012859782830449973	0.0	-0.012859782830449973	0.0	-0.0012859782830444977	0.0	0.0	0.0	0.0	0.0
HMS_12p490_code_defaults	A_endpoint	-8.0	0.2	0.0	4	2	-0.14830601200000001	-1.6030989851375972	-7.853923987679705	-0.14168242283718147	-1.6676306286921967	0.0008433477549832229	-0.008216484353022638	-2.7755575615628914e-17	-3.048	-2.7755575615628914e-17	0.0	-2.7755575615628914e-16	0.0	0.0	0.0	-2.7755575615628914e-17	0.0	-2.7755575615628914e-16	0.0	0.0	0.0	0.0	0.0	0.0	0.0
HMS_12p490_code_defaults	B_fit_target	-8.0	0.2	0.0	4	2	-0.14830601200000001	-1.6030989851375972	-7.853923987679705	-0.14830601200000001	-1.6676465050981881	0.0	-0.00821850581465332	-0.14830601200000001	-3.0483554819599457	-0.14830601200000001	-0.0003554819599456138	-1.4830601200000002	-0.0035548195994561382	-0.14830601200000001	0.0	0.0	-0.0003554819599456138	0.0	-0.0035548195994561382	-0.0066235891628185495	-1.5876405991432918e-05	-0.0008433477549832229	-2.0214616306812178e-06	-0.8433475550437055	-0.002021325136202304
HMS_12p490_code_defaults	C_HCANA_coordinate_step	-8.0	0.2	0.0	4	2	-0.14830601200000001	-1.6030989851375972	-7.853923987679705	-0.14171890086854366	-1.6676306286921967	0.0008433477549832229	-0.008216484353022638	-3.647803136222483e-05	-3.048	-3.647803136222483e-05	0.0	-0.0003647803136222483	0.0	0.0	0.0	-3.647803136222483e-05	0.0	-0.0003647803136222483	0.0	-3.647803136219707e-05	0.0	0.0	0.0	0.0	0.0
HMS_12p490_code_defaults	A_endpoint	-8.0	0.2	0.0	4	6	-0.14830601200000001	-1.6030989851375972	-7.853923987679705	-0.14168242283718147	-1.3953732940634296	0.0008433477549832229	0.02644865055990137	-2.7755575615628914e-17	3.048	-2.7755575615628914e-17	0.0	-2.7755575615628914e-16	0.0	0.0	0.0	-2.7755575615628914e-17	0.0	-2.7755575615628914e-16	0.0	0.0	0.0	0.0	0.0	0.0	0.0
HMS_12p490_code_defaults	B_fit_target	-8.0	0.2	0.0	4	6	-0.14830601200000001	-1.6030989851375972	-7.853923987679705	-0.14830601200000001	-1.3953221883232894	0.0	0.02645515759259236	-0.14830601200000001	3.0491442872322274	-0.14830601200000001	0.00114428723222737	-1.4830601200000002	0.0114428723222737	-0.14830601200000001	0.0	0.0	0.00114428723222737	0.0	0.0114428723222737	-0.0066235891628185495	5.110574014022262e-05	-0.0008433477549832229	6.507032690991621e-06	-0.8433475550437055	0.006502482882697613
HMS_12p490_code_defaults	C_HCANA_coordinate_step	-8.0	0.2	0.0	4	6	-0.14830601200000001	-1.6030989851375972	-7.853923987679705	-0.14171890086854366	-1.3953732940634296	0.0008433477549832229	0.02644865055990137	-3.647803136222483e-05	3.048	-3.647803136222483e-05	0.0	-0.0003647803136222483	0.0	0.0	0.0	-3.647803136222483e-05	0.0	-0.0003647803136222483	0.0	-3.647803136219707e-05	0.0	0.0	0.0	0.0	0.0
HMS_12p490_code_defaults	A_endpoint	-8.0	0.2	0.0	0	0	-0.14830601200000001	-1.6030989851375972	-7.853923987679705	-0.5954446472184599	-1.8037592960065802	-0.056931877099890116	-0.025549051809484642	-10.16	-6.096	0.0	0.0	0.0	0.0	0.0	0.0	0.0	0.0	0.0	0.0	0.0	0.0	0.0	0.0	0.0	0.0
HMS_12p490_code_defaults	B_fit_target	-8.0	0.2	0.0	0	0	-0.14830601200000001	-1.6030989851375972	-7.853923987679705	-0.5996802579712099	-1.8038086634856376	-0.05778943901207613	-0.02555533751827616	-10.308306012	-6.097105366556033	-0.14830601199999904	-0.0011053665560325499	-1.4830601199999904	-0.011053665560325499	-0.14830601200000001	0.0	9.71445146547012e-16	-0.0011053665560325499	9.71445146547012e-15	-0.011053665560325499	-0.00423561075275003	-4.936747905737171e-05	-0.000857561912186014	-6.28570879151677e-06	-0.8547495250601361	-0.006281607437961384
HMS_12p490_code_defaults	C_HCANA_coordinate_step	-8.0	0.2	0.0	0	0	-0.14830601200000001	-1.6030989851375972	-7.853923987679705	-0.5929821247464575	-1.8037592960065802	-0.056931877099890116	-0.025549051809484642	-10.157537477527997	-6.096	0.0024625224720029593	0.0	0.024625224720029593	0.0	0.0	0.0	0.0024625224720029593	0.0	0.024625224720029593	0.0	0.002462522472002404	0.0	0.0	0.0	0.0	0.0
HMS_12p490_code_defaults	A_endpoint	-8.0	0.2	0.0	8	8	-0.14830601200000001	-1.6030989851375972	-7.853923987679705	0.312079801544097	-1.259244626749046	0.05861857260985657	0.04378121801636337	10.160000000000002	6.096	1.7763568394002505e-15	0.0	1.7763568394002505e-14	0.0	0.0	0.0	1.7763568394002505e-15	0.0	1.7763568394002505e-14	0.0	0.0	0.0	0.0	0.0	0.0	0.0
HMS_12p490_code_defaults	B_fit_target	-8.0	0.2	0.0	8	8	-0.14830601200000001	-1.6030989851375972	-7.853923987679705	0.30306823397120985	-1.2591600299358399	0.05778943901207613	0.0437919892962152	10.011693988	6.0978941718283135	-0.14830601200000082	0.001894171828313418	-1.4830601200000082	0.01894171828313418	-0.14830601200000001	0.0	-8.049116928532385e-16	0.001894171828313418	-8.049116928532385e-15	0.01894171828313418	-0.009011567572887125	8.459681320616141e-05	-0.000829133597780439	1.0771279851828908e-05	-0.8263341736007151	0.010750667954487203
HMS_12p490_code_defaults	C_HCANA_coordinate_step	-8.0	0.2	0.0	8	8	-0.14830601200000001	-1.6030989851375972	-7.853923987679705	0.3095443230093702	-1.259244626749046	0.05861857260985657	0.04378121801636337	10.157464521465275	6.096	-0.002535478534724689	0.0	-0.02535478534724689	0.0	0.0	0.0	-0.002535478534724689	0.0	-0.02535478534724689	0.0	-0.0025354785347267983	0.0	0.0	0.0	0.0	0.0
HMS_12p490_code_defaults	A_endpoint	-8.0	-0.2	-0.2	4	4	0.051693987999999996	-1.9936324923731383	-7.767416301741936	0.049409555916160613	-1.9055309895646906	-0.00029410449950095606	0.011342446366456491	-6.938893903907228e-18	0.0	-6.938893903907228e-18	0.0	-6.938893903907228e-17	0.0	0.0	0.0	-6.938893903907228e-18	0.0	-6.938893903907228e-17	0.0	0.0	0.0	0.0	0.0	0.0	0.0
HMS_12p490_code_defaults	B_fit_target	-8.0	-0.2	-0.2	4	4	0.051693987999999996	-1.9936324923731383	-7.767416301741936	0.051693987999999996	-1.905552664748368	0.0	0.011339655839615239	0.051693987999999996	-0.0004904836930079703	0.051693987999999996	-0.0004904836930079703	0.51693988	-0.0049048369300797034	-0.14830601200000001	0.0	0.2	-0.0004904836930079703	2.0	-0.0049048369300797034	0.002284432083839383	-2.1675183677460907e-05	0.00029410449950095606	-2.7905268412519585e-06	0.2941044910211928	-0.0027901679714066596
HMS_12p490_code_defaults	C_HCANA_coordinate_step	-8.0	-0.2	-0.2	4	4	0.051693987999999996	-1.9936324923731383	-7.767416301741936	0.04939683476632276	-1.9055309895646906	-0.00029410449950095606	0.011342446366456491	-1.272114983785766e-05	0.0	-1.272114983785766e-05	0.0	-0.0001272114983785766	0.0	0.0	0.0	-1.272114983785766e-05	0.0	-0.0001272114983785766	0.0	-1.272114983785072e-05	0.0	0.0	0.0	0.0	0.0
HMS_12p490_code_defaults	A_endpoint	-8.0	-0.2	-0.2	2	4	0.051693987999999996	-1.9936324923731383	-7.767416301741936	-0.17508299021713533	-1.9055309895646906	-0.02919593458204086	0.011342446366456491	-5.08	0.0	0.0	0.0	0.0	0.0	0.0	0.0	0.0	0.0	0.0	0.0	0.0	0.0	0.0	0.0	0.0	0.0
HMS_12p490_code_defaults	B_fit_target	-8.0	-0.2	-0.2	2	4	0.051693987999999996	-1.9936324923731383	-7.767416301741936	-0.17399313498560495	-1.905552664748368	-0.028894719506038065	0.011339655839615239	-5.028306012	-0.0004904836930079703	0.051693988000000246	-0.0004904836930079703	0.5169398800000025	-0.0049048369300797034	-0.14830601200000001	0.0	0.20000000000000026	-0.0004904836930079703	2.0000000000000027	-0.0049048369300797034	0.0010898552315303789	-2.1675183677460907e-05	0.00030121507600279485	-2.7905268412519585e-06	0.30096117355218194	-0.0027901679714066596
HMS_12p490_code_defaults	C_HCANA_coordinate_step	-8.0	-0.2	-0.2	2	4	0.051693987999999996	-1.9936324923731383	-7.767416301741936	-0.17634582658687678	-1.9055309895646906	-0.02919593458204086	0.011342446366456491	-5.081262836369741	0.0	-0.001262836369741116	0.0	-0.01262836369741116	0.0	0.0	0.0	-0.001262836369741116	0.0	-0.01262836369741116	0.0	-0.001262836369741449	0.0	0.0	0.0	0.0	0.0
HMS_12p490_code_defaults	A_endpoint	-8.0	-0.2	-0.2	6	4	0.051693987999999996	-1.9936324923731383	-7.767416301741936	0.27390210204945653	-1.9055309895646906	0.028607725583038947	0.011342446366456491	5.08	0.0	0.0	0.0	0.0	0.0	0.0	0.0	0.0	0.0	0.0	0.0	0.0	0.0	0.0	0.0	0.0	0.0
HMS_12p490_code_defaults	B_fit_target	-8.0	-0.2	-0.2	6	4	0.051693987999999996	-1.9936324923731383	-7.767416301741936	0.2773811109856049	-1.905552664748368	0.028894719506038065	0.011339655839615239	5.131693987999999	-0.0004904836930079703	0.05169398799999936	-0.0004904836930079703	0.5169398799999936	-0.0049048369300797034	-0.14830601200000001	0.0	0.19999999999999937	-0.0004904836930079703	1.9999999999999938	-0.0049048369300797034	0.0034790089361483867	-2.1675183677460907e-05	0.0002869939229991174	-2.7905268412519585e-06	0.2867568783967017	-0.0027901679714066596
HMS_12p490_code_defaults	C_HCANA_coordinate_step	-8.0	-0.2	-0.2	6	4	0.051693987999999996	-1.9936324923731383	-7.767416301741936	0.27513949611952226	-1.9055309895646906	0.028607725583038947	0.011342446366456491	5.081237394070066	0.0	0.0012373940700660668	0.0	0.012373940700660668	0.0	0.0	0.0	0.0012373940700660668	0.0	0.012373940700660668	0.0	0.0012373940700657338	0.0	0.0	0.0	0.0	0.0
HMS_12p490_code_defaults	A_endpoint	-8.0	-0.2	-0.2	4	2	0.051693987999999996	-1.9936324923731383	-7.767416301741936	0.049409555916160613	-2.040226517244668	-0.00029410449950095606	-0.005998651683067451	-6.938893903907228e-18	-3.048	-6.938893903907228e-18	0.0	-6.938893903907228e-17	0.0	0.0	0.0	-6.938893903907228e-18	0.0	-6.938893903907228e-17	0.0	0.0	0.0	0.0	0.0	0.0	0.0
HMS_12p490_code_defaults	B_fit_target	-8.0	-0.2	-0.2	4	2	0.051693987999999996	-1.9936324923731383	-7.767416301741936	0.051693987999999996	-2.0402150539436446	0.0	-0.005997175864007601	0.051693987999999996	-3.0477405990969215	0.051693987999999996	0.0002594009030785216	0.51693988	0.002594009030785216	-0.14830601200000001	0.0	0.2	0.0002594009030785216	2.0	0.002594009030785216	0.002284432083839383	1.1463301023528771e-05	0.00029410449950095606	1.475819059850239e-06	0.2941044910211928	0.0014757659692133177
HMS_12p490_code_defaults	C_HCANA_coordinate_step	-8.0	-0.2	-0.2	4	2	0.051693987999999996	-1.9936324923731383	-7.767416301741936	0.04939683476632276	-2.040226517244668	-0.00029410449950095606	-0.005998651683067451	-1.272114983785766e-05	-3.048	-1.272114983785766e-05	0.0	-0.0001272114983785766	0.0	0.0	0.0	-1.272114983785766e-05	0.0	-0.0001272114983785766	0.0	-1.272114983785072e-05	0.0	0.0	0.0	0.0	0.0
HMS_12p490_code_defaults	A_endpoint	-8.0	-0.2	-0.2	4	6	0.051693987999999996	-1.9936324923731383	-7.767416301741936	0.049409555916160613	-1.770835461884713	-0.00029410449950095606	0.028683544415980436	-6.938893903907228e-18	3.0480000000000005	-6.938893903907228e-18	4.440892098500626e-16	-6.938893903907228e-17	4.440892098500626e-15	0.0	0.0	-6.938893903907228e-18	4.440892098500626e-16	-6.938893903907228e-17	4.440892098500626e-15	0.0	0.0	0.0	0.0	0.0	0.0
HMS_12p490_code_defaults	B_fit_target	-8.0	-0.2	-0.2	4	6	0.051693987999999996	-1.9936324923731383	-7.767416301741936	0.051693987999999996	-1.7708902755530913	0.0	0.028676487543238077	0.051693987999999996	3.0467596317109056	0.051693987999999996	-0.0012403682890944623	0.51693988	-0.012403682890944623	-0.14830601200000001	0.0	0.2	-0.0012403682890944623	2.0	-0.012403682890944623	0.002284432083839383	-5.481366837822854e-05	0.00029410449950095606	-7.05687274235936e-06	0.2941044910211928	-0.007051072929416952
HMS_12p490_code_defaults	C_HCANA_coordinate_step	-8.0	-0.2	-0.2	4	6	0.051693987999999996	-1.9936324923731383	-7.767416301741936	0.04939683476632276	-1.7708354618847133	-0.00029410449950095606	0.028683544415980436	-1.272114983785766e-05	3.048	-1.272114983785766e-05	0.0	-0.0001272114983785766	0.0	0.0	0.0	-1.272114983785766e-05	0.0	-0.0001272114983785766	0.0	-1.272114983785072e-05	-2.220446049250313e-16	0.0	0.0	0.0	0.0
HMS_12p490_code_defaults	A_endpoint	-8.0	-0.2	-0.2	0	0	0.051693987999999996	-1.9936324923731383	-7.767416301741936	-0.3995755363504313	-2.174922044924646	-0.05809776466458077	-0.023339749732591394	-10.16	-6.096	0.0	0.0	0.0	0.0	0.0	0.0	0.0	0.0	0.0	0.0	0.0	0.0	0.0	0.0	0.0	0.0
HMS_12p490_code_defaults	B_fit_target	-8.0	-0.2	-0.2	0	0	0.051693987999999996	-1.9936324923731383	-7.767416301741936	-0.3996802579712099	-2.1748774431389206	-0.05778943901207613	-0.02333400756763044	-10.108306012	-6.094990714500835	0.051693988000000246	0.0010092854991654576	0.5169398800000025	0.010092854991654576	-0.14830601200000001	0.0	0.20000000000000026	0.0010092854991654576	2.0000000000000027	0.010092854991654576	-0.0001047216207785695	4.4601785725184584e-05	0.0003083256525046388	5.742164960954171e-06	0.3072939227435137	0.005739039423222764
HMS_12p490_code_defaults	C_HCANA_coordinate_step	-8.0	-0.2	-0.2	0	0	0.051693987999999996	-1.9936324923731383	-7.767416301741936	-0.40208848794007634	-2.174922044924646	-0.05809776466458077	-0.023339749732591394	-10.162512951589646	-6.096	-0.0025129515896455956	0.0	-0.025129515896455956	0.0	0.0	0.0	-0.0025129515896455956	0.0	-0.025129515896455956	0.0	-0.0025129515896450405	0.0	0.0	0.0	0.0	0.0
HMS_12p490_code_defaults	A_endpoint	-8.0	-0.2	-0.2	8	8	0.051693987999999996	-1.9936324923731383	-7.767416301741936	0.4983946481827525	-1.6361399342047356	0.05750955566557885	0.04602464246550437	10.16	6.095999999999998	0.0	-1.7763568394002505e-15	0.0	-1.7763568394002505e-14	0.0	0.0	0.0	-1.7763568394002505e-15	0.0	-1.7763568394002505e-14	0.0	0.0	0.0	0.0	0.0	0.0
HMS_12p490_code_defaults	B_fit_target	-8.0	-0.2	-0.2	8	8	0.051693987999999996	-1.9936324923731383	-7.767416301741936	0.5030682339712099	-1.6362278863578152	0.05778943901207613	0.04601331924686091	10.211693987999999	6.094009747114818	0.05169398799999847	-0.0019902528851822865	0.5169398799999847	-0.019902528851822865	-0.14830601200000001	0.0	0.19999999999999848	-0.0019902528851822865	1.999999999999985	-0.019902528851822865	0.004673585788457446	-8.795215307966231e-05	0.0002798833464972769	-1.1323218643458088e-05	0.2789562435159196	-0.011299289611195473
HMS_12p490_code_defaults	C_HCANA_coordinate_step	-8.0	-0.2	-0.2	8	8	0.051693987999999996	-1.9936324923731383	-7.767416301741936	0.5008821574727218	-1.6361399342047354	0.05750955566557885	0.04602464246550437	10.162487509289969	6.095999999999998	0.00248750928996877	-1.7763568394002505e-15	0.0248750928996877	-1.7763568394002505e-14	0.0	0.0	0.00248750928996877	-1.7763568394002505e-15	0.0248750928996877	-1.7763568394002505e-14	0.002487509289969325	2.220446049250313e-16	0.0	0.0	0.0	0.0
HMS_12p490_code_defaults	A_endpoint	0.0	0.0	0.0	4	4	-0.14830601200000001	-0.06821202	0.0	-0.14830601200000001	-0.06821202	0.000882773880952381	0.00040602392857142856	0.0	0.0	0.0	0.0	0.0	0.0	0.0	0.0	0.0	0.0	0.0	0.0	0.0	0.0	0.0	0.0	0.0	0.0
HMS_12p490_code_defaults	B_fit_target	0.0	0.0	0.0	4	4	-0.14830601200000001	-0.06821202	0.0	-0.14830601200000001	-0.06821202	0.0	0.00040602392857142856	-0.14830601200000001	0.0	-0.14830601200000001	0.0	-1.4830601200000002	0.0	-0.14830601200000001	0.0	0.0	0.0	0.0	0.0	0.0	0.0	-0.000882773880952381	0.0	-0.8827736516402833	0.0
HMS_12p490_code_defaults	C_HCANA_coordinate_step	0.0	0.0	0.0	4	4	-0.14830601200000001	-0.06821202	0.0	-0.14830601200000001	-0.06821202	0.000882773880952381	0.00040602392857142856	0.0	0.0	0.0	0.0	0.0	0.0	0.0	0.0	0.0	0.0	0.0	0.0	0.0	0.0	0.0	0.0	0.0	0.0
HMS_12p490_code_defaults	A_endpoint	0.0	0.0	0.0	2	4	-0.14830601200000001	-0.06821202	0.0	-0.14830601200000001	-0.06821202	-0.029355321357142857	0.00040602392857142856	-5.08	0.0	0.0	0.0	0.0	0.0	0.0	0.0	0.0	0.0	0.0	0.0	0.0	0.0	0.0	0.0	0.0	0.0
HMS_12p490_code_defaults	B_fit_target	0.0	0.0	0.0	2	4	-0.14830601200000001	-0.06821202	0.0	-0.14830601200000001	-0.06821202	-0.030238095238095238	0.00040602392857142856	-5.228306012	0.0	-0.14830601199999993	0.0	-1.4830601199999993	0.0	-0.14830601200000001	0.0	8.326672684688674e-17	0.0	8.326672684688674e-16	0.0	0.0	0.0	-0.0008827738809523804	0.0	-0.8819907538335954	0.0
HMS_12p490_code_defaults	C_HCANA_coordinate_step	0.0	0.0	0.0	2	4	-0.14830601200000001	-0.06821202	0.0	-0.14830601200000001	-0.06821202	-0.029355321357142857	0.00040602392857142856	-5.08	0.0	0.0	0.0	0.0	0.0	0.0	0.0	0.0	0.0	0.0	0.0	0.0	0.0	0.0	0.0	0.0	0.0
HMS_12p490_code_defaults	A_endpoint	0.0	0.0	0.0	6	4	-0.14830601200000001	-0.06821202	0.0	-0.14830601200000001	-0.06821202	0.031120869119047618	0.00040602392857142856	5.08	0.0	0.0	0.0	0.0	0.0	0.0	0.0	0.0	0.0	0.0	0.0	0.0	0.0	0.0	0.0	0.0	0.0
HMS_12p490_code_defaults	B_fit_target	0.0	0.0	0.0	6	4	-0.14830601200000001	-0.06821202	0.0	-0.14830601200000001	-0.06821202	0.030238095238095238	0.00040602392857142856	4.931693988	0.0	-0.14830601199999993	0.0	-1.4830601199999993	0.0	-0.14830601200000001	0.0	8.326672684688674e-17	0.0	8.326672684688674e-16	0.0	0.0	0.0	-0.0008827738809523804	0.0	-0.8819437114613791	0.0
HMS_12p490_code_defaults	C_HCANA_coordinate_step	0.0	0.0	0.0	6	4	-0.14830601200000001	-0.06821202	0.0	-0.14830601200000001	-0.06821202	0.031120869119047618	0.00040602392857142856	5.08	0.0	0.0	0.0	0.0	0.0	0.0	0.0	0.0	0.0	0.0	0.0	0.0	0.0	0.0	0.0	0.0	0.0
HMS_12p490_code_defaults	A_endpoint	0.0	0.0	0.0	4	2	-0.14830601200000001	-0.06821202	0.0	-0.14830601200000001	-0.06821202	0.000882773880952381	-0.017736833214285715	0.0	-3.048	0.0	0.0	0.0	0.0	0.0	0.0	0.0	0.0	0.0	0.0	0.0	0.0	0.0	0.0	0.0	0.0
HMS_12p490_code_defaults	B_fit_target	0.0	0.0	0.0	4	2	-0.14830601200000001	-0.06821202	0.0	-0.14830601200000001	-0.06821202	0.0	-0.017736833214285715	-0.14830601200000001	-3.048	-0.14830601200000001	0.0	-1.4830601200000002	0.0	-0.14830601200000001	0.0	0.0	0.0	0.0	0.0	0.0	0.0	-0.000882773880952381	0.0	-0.8827736516402833	0.0
HMS_12p490_code_defaults	C_HCANA_coordinate_step	0.0	0.0	0.0	4	2	-0.14830601200000001	-0.06821202	0.0	-0.14830601200000001	-0.06821202	0.000882773880952381	-0.017736833214285715	0.0	-3.048	0.0	0.0	0.0	0.0	0.0	0.0	0.0	0.0	0.0	0.0	0.0	0.0	0.0	0.0	0.0	0.0
HMS_12p490_code_defaults	A_endpoint	0.0	0.0	0.0	4	6	-0.14830601200000001	-0.06821202	0.0	-0.14830601200000001	-0.06821202	0.000882773880952381	0.01854888107142857	0.0	3.048	0.0	0.0	0.0	0.0	0.0	0.0	0.0	0.0	0.0	0.0	0.0	0.0	0.0	0.0	0.0	0.0
HMS_12p490_code_defaults	B_fit_target	0.0	0.0	0.0	4	6	-0.14830601200000001	-0.06821202	0.0	-0.14830601200000001	-0.06821202	0.0	0.01854888107142857	-0.14830601200000001	3.048	-0.14830601200000001	0.0	-1.4830601200000002	0.0	-0.14830601200000001	0.0	0.0	0.0	0.0	0.0	0.0	0.0	-0.000882773880952381	0.0	-0.8827736516402833	0.0
HMS_12p490_code_defaults	C_HCANA_coordinate_step	0.0	0.0	0.0	4	6	-0.14830601200000001	-0.06821202	0.0	-0.14830601200000001	-0.06821202	0.000882773880952381	0.01854888107142857	0.0	3.048	0.0	0.0	0.0	0.0	0.0	0.0	0.0	0.0	0.0	0.0	0.0	0.0	0.0	0.0	0.0	0.0
HMS_12p490_code_defaults	A_endpoint	0.0	0.0	0.0	0	0	-0.14830601200000001	-0.06821202	0.0	-0.14830601200000001	-0.06821202	-0.05959341659523809	-0.035879690357142856	-10.16	-6.095999999999999	0.0	8.881784197001252e-16	0.0	8.881784197001252e-15	0.0	0.0	0.0	8.881784197001252e-16	0.0	8.881784197001252e-15	0.0	0.0	0.0	0.0	0.0	0.0
HMS_12p490_code_defaults	B_fit_target	0.0	0.0	0.0	0	0	-0.14830601200000001	-0.06821202	0.0	-0.14830601200000001	-0.06821202	-0.060476190476190475	-0.035879690357142856	-10.308306012000001	-6.095999999999999	-0.14830601200000082	8.881784197001252e-16	-1.4830601200000082	8.881784197001252e-15	-0.14830601200000001	0.0	-8.049116928532385e-16	8.881784197001252e-16	-8.049116928532385e-15	8.881784197001252e-15	0.0	0.0	-0.0008827738809523838	0.0	-0.8796035771099844	0.0
HMS_12p490_code_defaults	C_HCANA_coordinate_step	0.0	0.0	0.0	0	0	-0.14830601200000001	-0.06821202	0.0	-0.14830601200000001	-0.06821202	-0.05959341659523809	-0.035879690357142856	-10.16	-6.095999999999999	0.0	8.881784197001252e-16	0.0	8.881784197001252e-15	0.0	0.0	0.0	8.881784197001252e-16	0.0	8.881784197001252e-15	0.0	0.0	0.0	0.0	0.0	0.0
HMS_12p490_code_defaults	A_endpoint	0.0	0.0	0.0	8	8	-0.14830601200000001	-0.06821202	0.0	-0.14830601200000001	-0.06821202	0.061358964357142866	0.036691738214285716	10.16	6.096	0.0	0.0	0.0	0.0	0.0	0.0	0.0	0.0	0.0	0.0	0.0	0.0	0.0	0.0	0.0	0.0
HMS_12p490_code_defaults	B_fit_target	0.0	0.0	0.0	8	8	-0.14830601200000001	-0.06821202	0.0	-0.14830601200000001	-0.06821202	0.060476190476190475	0.036691738214285716	10.011693988	6.096	-0.14830601200000082	0.0	-1.4830601200000082	0.0	-0.14830601200000001	0.0	-8.049116928532385e-16	0.0	-8.049116928532385e-15	0.0	0.0	0.0	-0.0008827738809523908	0.0	-0.8795100059353494	0.0
HMS_12p490_code_defaults	C_HCANA_coordinate_step	0.0	0.0	0.0	8	8	-0.14830601200000001	-0.06821202	0.0	-0.14830601200000001	-0.06821202	0.061358964357142866	0.036691738214285716	10.16	6.096	0.0	0.0	0.0	0.0	0.0	0.0	0.0	0.0	0.0	0.0	0.0	0.0	0.0	0.0	0.0	0.0
HMS_12p490_code_defaults	A_endpoint	0.0	0.0	0.2	4	4	-0.348306012	-0.06821202	0.0	-0.348306012	-0.06821202	0.0020732500714285714	0.00040602392857142856	0.0	0.0	0.0	0.0	0.0	0.0	0.0	0.0	0.0	0.0	0.0	0.0	0.0	0.0	0.0	0.0	0.0	0.0
HMS_12p490_code_defaults	B_fit_target	0.0	0.0	0.2	4	4	-0.348306012	-0.06821202	0.0	-0.348306012	-0.06821202	0.0	0.00040602392857142856	-0.348306012	0.0	-0.348306012	0.0	-3.48306012	0.0	-0.14830601200000001	0.0	-0.19999999999999998	0.0	-1.9999999999999998	0.0	0.0	0.0	-0.0020732500714285714	0.0	-2.0732471009071247	0.0
HMS_12p490_code_defaults	C_HCANA_coordinate_step	0.0	0.0	0.2	4	4	-0.348306012	-0.06821202	0.0	-0.348306012	-0.06821202	0.0020732500714285714	0.00040602392857142856	0.0	0.0	0.0	0.0	0.0	0.0	0.0	0.0	0.0	0.0	0.0	0.0	0.0	0.0	0.0	0.0	0.0	0.0
HMS_12p490_code_defaults	A_endpoint	0.0	0.0	0.2	2	4	-0.348306012	-0.06821202	0.0	-0.348306012	-0.06821202	-0.028164845166666667	0.00040602392857142856	-5.08	0.0	0.0	0.0	0.0	0.0	0.0	0.0	0.0	0.0	0.0	0.0	0.0	0.0	0.0	0.0	0.0	0.0
HMS_12p490_code_defaults	B_fit_target	0.0	0.0	0.2	2	4	-0.348306012	-0.06821202	0.0	-0.348306012	-0.06821202	-0.030238095238095238	0.00040602392857142856	-5.428306012	0.0	-0.3483060120000001	0.0	-3.483060120000001	0.0	-0.14830601200000001	0.0	-0.2000000000000001	0.0	-2.000000000000001	0.0	0.0	0.0	-0.00207325007142857	0.0	-2.071482924895514	0.0
HMS_12p490_code_defaults	C_HCANA_coordinate_step	0.0	0.0	0.2	2	4	-0.348306012	-0.06821202	0.0	-0.348306012	-0.06821202	-0.028164845166666667	0.00040602392857142856	-5.08	0.0	0.0	0.0	0.0	0.0	0.0	0.0	0.0	0.0	0.0	0.0	0.0	0.0	0.0	0.0	0.0	0.0
HMS_12p490_code_defaults	A_endpoint	0.0	0.0	0.2	6	4	-0.348306012	-0.06821202	0.0	-0.348306012	-0.06821202	0.03231134530952381	0.00040602392857142856	5.079999999999999	0.0	-8.881784197001252e-16	0.0	-8.881784197001252e-15	0.0	0.0	0.0	-8.881784197001252e-16	0.0	-8.881784197001252e-15	0.0	0.0	0.0	0.0	0.0	0.0	0.0
HMS_12p490_code_defaults	B_fit_target	0.0	0.0	0.2	6	4	-0.348306012	-0.06821202	0.0	-0.348306012	-0.06821202	0.030238095238095238	0.00040602392857142856	4.731693988	0.0	-0.3483060120000001	0.0	-3.483060120000001	0.0	-0.14830601200000001	0.0	-0.2000000000000001	0.0	-2.000000000000001	0.0	0.0	0.0	-0.00207325007142857	0.0	-2.071223451928592	0.0
HMS_12p490_code_defaults	C_HCANA_coordinate_step	0.0	0.0	0.2	6	4	-0.348306012	-0.06821202	0.0	-0.348306012	-0.06821202	0.03231134530952381	0.00040602392857142856	5.079999999999999	0.0	-8.881784197001252e-16	0.0	-8.881784197001252e-15	0.0	0.0	0.0	-8.881784197001252e-16	0.0	-8.881784197001252e-15	0.0	0.0	0.0	0.0	0.0	0.0	0.0
HMS_12p490_code_defaults	A_endpoint	0.0	0.0	0.2	4	2	-0.348306012	-0.06821202	0.0	-0.348306012	-0.06821202	0.0020732500714285714	-0.017736833214285715	0.0	-3.048	0.0	0.0	0.0	0.0	0.0	0.0	0.0	0.0	0.0	0.0	0.0	0.0	0.0	0.0	0.0	0.0
HMS_12p490_code_defaults	B_fit_target	0.0	0.0	0.2	4	2	-0.348306012	-0.06821202	0.0	-0.348306012	-0.06821202	0.0	-0.017736833214285715	-0.348306012	-3.048	-0.348306012	0.0	-3.48306012	0.0	-0.14830601200000001	0.0	-0.19999999999999998	0.0	-1.9999999999999998	0.0	0.0	0.0	-0.0020732500714285714	0.0	-2.0732471009071247	0.0
HMS_12p490_code_defaults	C_HCANA_coordinate_step	0.0	0.0	0.2	4	2	-0.348306012	-0.06821202	0.0	-0.348306012	-0.06821202	0.0020732500714285714	-0.017736833214285715	0.0	-3.048	0.0	0.0	0.0	0.0	0.0	0.0	0.0	0.0	0.0	0.0	0.0	0.0	0.0	0.0	0.0	0.0
HMS_12p490_code_defaults	A_endpoint	0.0	0.0	0.2	4	6	-0.348306012	-0.06821202	0.0	-0.348306012	-0.06821202	0.0020732500714285714	0.01854888107142857	0.0	3.048	0.0	0.0	0.0	0.0	0.0	0.0	0.0	0.0	0.0	0.0	0.0	0.0	0.0	0.0	0.0	0.0
HMS_12p490_code_defaults	B_fit_target	0.0	0.0	0.2	4	6	-0.348306012	-0.06821202	0.0	-0.348306012	-0.06821202	0.0	0.01854888107142857	-0.348306012	3.048	-0.348306012	0.0	-3.48306012	0.0	-0.14830601200000001	0.0	-0.19999999999999998	0.0	-1.9999999999999998	0.0	0.0	0.0	-0.0020732500714285714	0.0	-2.0732471009071247	0.0
HMS_12p490_code_defaults	C_HCANA_coordinate_step	0.0	0.0	0.2	4	6	-0.348306012	-0.06821202	0.0	-0.348306012	-0.06821202	0.0020732500714285714	0.01854888107142857	0.0	3.048	0.0	0.0	0.0	0.0	0.0	0.0	0.0	0.0	0.0	0.0	0.0	0.0	0.0	0.0	0.0	0.0
HMS_12p490_code_defaults	A_endpoint	0.0	0.0	0.2	0	0	-0.348306012	-0.06821202	0.0	-0.348306012	-0.06821202	-0.058402940404761905	-0.035879690357142856	-10.16	-6.095999999999999	0.0	8.881784197001252e-16	0.0	8.881784197001252e-15	0.0	0.0	0.0	8.881784197001252e-16	0.0	8.881784197001252e-15	0.0	0.0	0.0	0.0	0.0	0.0
HMS_12p490_code_defaults	B_fit_target	0.0	0.0	0.2	0	0	-0.348306012	-0.06821202	0.0	-0.348306012	-0.06821202	-0.060476190476190475	-0.035879690357142856	-10.508306012	-6.095999999999999	-0.3483060120000001	8.881784197001252e-16	-3.483060120000001	8.881784197001252e-15	-0.14830601200000001	0.0	-0.2000000000000001	8.881784197001252e-16	-2.000000000000001	8.881784197001252e-15	0.0	0.0	-0.00207325007142857	0.0	-2.065950211769939	0.0
HMS_12p490_code_defaults	C_HCANA_coordinate_step	0.0	0.0	0.2	0	0	-0.348306012	-0.06821202	0.0	-0.348306012	-0.06821202	-0.058402940404761905	-0.035879690357142856	-10.16	-6.095999999999999	0.0	8.881784197001252e-16	0.0	8.881784197001252e-15	0.0	0.0	0.0	8.881784197001252e-16	0.0	8.881784197001252e-15	0.0	0.0	0.0	0.0	0.0	0.0
HMS_12p490_code_defaults	A_endpoint	0.0	0.0	0.2	8	8	-0.348306012	-0.06821202	0.0	-0.348306012	-0.06821202	0.06254944054761905	0.036691738214285716	10.16	6.096	0.0	0.0	0.0	0.0	0.0	0.0	0.0	0.0	0.0	0.0	0.0	0.0	0.0	0.0	0.0	0.0
HMS_12p490_code_defaults	B_fit_target	0.0	0.0	0.2	8	8	-0.348306012	-0.06821202	0.0	-0.348306012	-0.06821202	0.060476190476190475	0.036691738214285716	9.811693988	6.096	-0.3483060120000001	0.0	-3.483060120000001	0.0	-0.14830601200000001	0.0	-0.2000000000000001	0.0	-2.000000000000001	0.0	0.0	0.0	-0.00207325007142857	0.0	-2.065434098532916	0.0
HMS_12p490_code_defaults	C_HCANA_coordinate_step	0.0	0.0	0.2	8	8	-0.348306012	-0.06821202	0.0	-0.348306012	-0.06821202	0.06254944054761905	0.036691738214285716	10.16	6.096	0.0	0.0	0.0	0.0	0.0	0.0	0.0	0.0	0.0	0.0	0.0	0.0	0.0	0.0	0.0	0.0
HMS_12p490_code_defaults	A_endpoint	0.0	0.2	0.0	4	4	-0.14830601200000001	0.12705473361777056	-0.043253842968884196	-0.14826783846546238	0.12702203010024946	0.0008825466575325142	-0.0007560835125014849	0.0	0.0	0.0	0.0	0.0	0.0	0.0	0.0	0.0	0.0	0.0	0.0	0.0	0.0	0.0	0.0	0.0	0.0
HMS_12p490_code_defaults	B_fit_target	0.0	0.2	0.0	4	4	-0.14830601200000001	0.12705473361777056	-0.043253842968884196	-0.14830601200000001	0.12702202168029225	0.0	-0.0007562781762962535	-0.14830601200000001	-3.2711937478335784e-05	-0.14830601200000001	-3.2711937478335784e-05	-1.4830601200000002	-0.00032711937478335784	-0.14830601200000001	0.0	0.0	-3.2711937478335784e-05	0.0	-0.00032711937478335784	-3.817353453763883e-05	-8.419957203686934e-09	-0.0008825466575325142	-1.9466379476862795e-07	-0.8825464283974437	-0.00019466368345814455
HMS_12p490_code_defaults	C_HCANA_coordinate_step	0.0	0.2	0.0	4	4	-0.14830601200000001	0.12705473361777056	-0.043253842968884196	-0.14830601200000001	0.12702203010024946	0.0008825466575325142	-0.0007560835125014849	-3.817353453763883e-05	0.0	-3.817353453763883e-05	0.0	-0.0003817353453763883	0.0	0.0	0.0	-3.817353453763883e-05	0.0	-0.0003817353453763883	0.0	-3.817353453763883e-05	0.0	0.0	0.0	0.0	0.0
HMS_12p490_code_defaults	A_endpoint	0.0	0.2	0.0	2	4	-0.14830601200000001	0.12705473361777056	-0.043253842968884196	-0.14957541563536927	0.12702203010024946	-0.029347765383122802	-0.0007560835125014849	-5.08	0.0	0.0	0.0	0.0	0.0	0.0	0.0	0.0	0.0	0.0	0.0	0.0	0.0	0.0	0.0	0.0	0.0
HMS_12p490_code_defaults	B_fit_target	0.0	0.2	0.0	2	4	-0.14830601200000001	0.12705473361777056	-0.043253842968884196	-0.14830601200000001	0.12702202168029225	-0.030238095238095238	-0.0007562781762962535	-5.228306012	-3.2711937478335784e-05	-0.14830601199999993	-3.2711937478335784e-05	-1.4830601199999993	-0.00032711937478335784	-0.14830601200000001	0.0	8.326672684688674e-17	-3.2711937478335784e-05	8.326672684688674e-16	-0.00032711937478335784	0.0012694036353692595	-8.419957203686934e-09	-0.0008903298549724353	-1.9466379476862795e-07	-0.8895402238862787	-0.00019466368345814455
HMS_12p490_code_defaults	C_HCANA_coordinate_step	0.0	0.2	0.0	2	4	-0.14830601200000001	0.12705473361777056	-0.043253842968884196	-0.14830601200000001	0.12702203010024946	-0.029347765383122802	-0.0007560835125014849	-5.078730596364631	0.0	0.001269403635369315	0.0	0.01269403635369315	0.0	0.0	0.0	0.001269403635369315	0.0	0.01269403635369315	0.0	0.0012694036353692595	0.0	0.0	0.0	0.0	0.0
HMS_12p490_code_defaults	A_endpoint	0.0	0.2	0.0	6	4	-0.14830601200000001	0.12705473361777056	-0.043253842968884196	-0.1469602612955555	0.12702203010024946	0.03111285869818783	-0.0007560835125014849	5.08	0.0	0.0	0.0	0.0	0.0	0.0	0.0	0.0	0.0	0.0	0.0	0.0	0.0	0.0	0.0	0.0	0.0
HMS_12p490_code_defaults	B_fit_target	0.0	0.2	0.0	6	4	-0.14830601200000001	0.12705473361777056	-0.043253842968884196	-0.14830601200000001	0.12702202168029225	0.030238095238095238	-0.0007562781762962535	4.931693988	-3.2711937478335784e-05	-0.14830601199999993	-3.2711937478335784e-05	-1.4830601199999993	-0.00032711937478335784	-0.14830601200000001	0.0	8.326672684688674e-17	-3.2711937478335784e-05	8.326672684688674e-16	-0.00032711937478335784	-0.0013457507044445094	-8.419957203686934e-09	-0.0008747634600925931	-1.9466379476862795e-07	-0.8739410392627732	-0.00019466368345814455
HMS_12p490_code_defaults	C_HCANA_coordinate_step	0.0	0.2	0.0	6	4	-0.14830601200000001	0.12705473361777056	-0.043253842968884196	-0.14830601200000001	0.12702203010024946	0.03111285869818783	-0.0007560835125014849	5.078654249295556	0.0	-0.001345750704444093	0.0	-0.01345750704444093	0.0	0.0	0.0	-0.001345750704444093	0.0	-0.01345750704444093	0.0	-0.0013457507044445094	0.0	0.0	0.0	0.0	0.0
HMS_12p490_code_defaults	A_endpoint	0.0	0.2	0.0	4	2	-0.14830601200000001	0.12705473361777056	-0.043253842968884196	-0.14826783846546238	0.12623748379830532	0.0008825466575325142	-0.018894270736894675	0.0	-3.048	0.0	0.0	0.0	0.0	0.0	0.0	0.0	0.0	0.0	0.0	0.0	0.0	0.0	0.0	0.0	0.0
HMS_12p490_code_defaults	B_fit_target	0.0	0.2	0.0	4	2	-0.14830601200000001	0.12705473361777056	-0.043253842968884196	-0.14830601200000001	0.1262372733864282	0.0	-0.0188991353191534	-0.14830601200000001	-3.048817460231343	-0.14830601200000001	-0.0008174602313428814	-1.4830601200000002	-0.008174602313428814	-0.14830601200000001	0.0	0.0	-0.0008174602313428814	0.0	-0.008174602313428814	-3.817353453763883e-05	-2.1041187711623444e-07	-0.0008825466575325142	-4.864582258724132e-06	-0.8825464283974437	-0.00486284580754337
HMS_12p490_code_defaults	C_HCANA_coordinate_step	0.0	0.2	0.0	4	2	-0.14830601200000001	0.12705473361777056	-0.043253842968884196	-0.14830601200000001	0.12623748379830532	0.0008825466575325142	-0.018894270736894675	-3.817353453763883e-05	-3.048	-3.817353453763883e-05	0.0	-0.0003817353453763883	0.0	0.0	0.0	-3.817353453763883e-05	0.0	-0.0003817353453763883	0.0	-3.817353453763883e-05	0.0	0.0	0.0	0.0	0.0
HMS_12p490_code_defaults	A_endpoint	0.0	0.2	0.0	4	6	-0.14830601200000001	0.12705473361777056	-0.043253842968884196	-0.14826783846546238	0.1278065764021936	0.0008825466575325142	0.017382103711891705	0.0	3.048	0.0	0.0	0.0	0.0	0.0	0.0	0.0	0.0	0.0	0.0	0.0	0.0	0.0	0.0	0.0	0.0
HMS_12p490_code_defaults	B_fit_target	0.0	0.2	0.0	4	6	-0.14830601200000001	0.12705473361777056	-0.043253842968884196	-0.14830601200000001	0.1278067699741563	0.0	0.01738657896656089	-0.14830601200000001	3.048752036356386	-0.14830601200000001	0.0007520363563857657	-1.4830601200000002	0.007520363563857657	-0.14830601200000001	0.0	0.0	0.0007520363563857657	0.0	0.007520363563857657	-3.817353453763883e-05	1.9357196270886057e-07	-0.0008825466575325142	4.475254669185358e-06	-0.8825464283974437	0.00447390258725977
HMS_12p490_code_defaults	C_HCANA_coordinate_step	0.0	0.2	0.0	4	6	-0.14830601200000001	0.12705473361777056	-0.043253842968884196	-0.14830601200000001	0.1278065764021936	0.0008825466575325142	0.017382103711891705	-3.817353453763883e-05	3.048	-3.817353453763883e-05	0.0	-0.0003817353453763883	0.0	0.0	0.0	-3.817353453763883e-05	0.0	-0.0003817353453763883	0.0	-3.817353453763883e-05	0.0	0.0	0.0	0.0	0.0
HMS_12p490_code_defaults	A_endpoint	0.0	0.2	0.0	0	0	-0.14830601200000001	0.12705473361777056	-0.043253842968884196	-0.15088299280527614	0.12545293749636122	-0.05957807742377812	-0.03703245796128787	-10.159999999999998	-6.096	1.7763568394002505e-15	0.0	1.7763568394002505e-14	0.0	0.0	0.0	1.7763568394002505e-15	0.0	1.7763568394002505e-14	0.0	0.0	0.0	0.0	0.0	0.0	0.0
HMS_12p490_code_defaults	B_fit_target	0.0	0.2	0.0	0	0	-0.14830601200000001	0.12705473361777056	-0.043253842968884196	-0.14830601200000001	0.12545252509256416	-0.060476190476190475	-0.03704199246201054	-10.308306012000001	-6.097602208525206	-0.14830601200000082	-0.0016022085252060947	-1.4830601200000082	-0.016022085252060947	-0.14830601200000001	0.0	-8.049116928532385e-16	-0.0016022085252060947	-8.049116928532385e-15	-0.016022085252060947	0.00257698080527613	-4.124037970565375e-07	-0.0008981130524123582	-9.534500722670203e-06	-0.8948884801138896	-0.009521439630170991
HMS_12p490_code_defaults	C_HCANA_coordinate_step	0.0	0.2	0.0	0	0	-0.14830601200000001	0.12705473361777056	-0.043253842968884196	-0.14830601200000001	0.12545293749636122	-0.05957807742377812	-0.03703245796128787	-10.157423019194724	-6.096	0.002576980805276463	0.0	0.02576980805276463	0.0	0.0	0.0	0.002576980805276463	0.0	0.02576980805276463	0.0	0.00257698080527613	0.0	0.0	0.0	0.0	0.0
HMS_12p490_code_defaults	A_endpoint	0.0	0.2	0.0	8	8	-0.14830601200000001	0.12705473361777056	-0.043253842968884196	-0.14565268412564863	0.1285911227041377	0.061343170738843156	0.0355202909362849	10.160000000000002	6.096000000000001	1.7763568394002505e-15	8.881784197001252e-16	1.7763568394002505e-14	8.881784197001252e-15	0.0	0.0	1.7763568394002505e-15	8.881784197001252e-16	1.7763568394002505e-14	8.881784197001252e-15	0.0	0.0	0.0	0.0	0.0	0.0
HMS_12p490_code_defaults	B_fit_target	0.0	0.2	0.0	8	8	-0.14830601200000001	0.12705473361777056	-0.043253842968884196	-0.14830601200000001	0.12859151826802034	0.060476190476190475	0.035529436109418035	10.011693988	6.09753678465025	-0.14830601200000082	0.0015367846502503113	-1.4830601200000082	0.015367846502503113	-0.14830601200000001	0.0	-8.049116928532385e-16	0.0015367846502503113	-8.049116928532385e-15	0.015367846502503113	-0.00265332787435138	3.9556388264916365e-07	-0.0008669802626526807	9.145173133134898e-06	-0.8637756111660594	0.009133646325924782
HMS_12p490_code_defaults	C_HCANA_coordinate_step	0.0	0.2	0.0	8	8	-0.14830601200000001	0.12705473361777056	-0.043253842968884196	-0.14830601200000001	0.1285911227041377	0.061343170738843156	0.0355202909362849	10.15734667212565	6.096000000000001	-0.002653327874350353	8.881784197001252e-16	-0.02653327874350353	8.881784197001252e-15	0.0	0.0	-0.002653327874350353	8.881784197001252e-16	-0.02653327874350353	8.881784197001252e-15	-0.00265332787435138	0.0	0.0	0.0	0.0	0.0
HMS_12p490_code_defaults	A_endpoint	0.0	-0.2	-0.2	4	4	0.051693987999999996	-0.26347877361777056	0.0432538429688842	0.051707300734918644	-0.2635466272155596	-0.00030778155199356335	0.0015687299239021406	0.0	0.0	0.0	0.0	0.0	0.0	0.0	0.0	0.0	0.0	0.0	0.0	0.0	0.0	0.0	0.0	0.0	0.0
HMS_12p490_code_defaults	B_fit_target	0.0	-0.2	-0.2	4	4	0.051693987999999996	-0.26347877361777056	0.0432538429688842	0.051693987999999996	-0.26354660974574495	0.0	0.0015683260334391105	0.051693987999999996	-6.783612797439664e-05	0.051693987999999996	-6.783612797439664e-05	0.51693988	-0.0006783612797439664	-0.14830601200000001	0.0	0.2	-6.783612797439664e-05	2.0	-0.0006783612797439664	-1.3312734918648206e-05	1.7469814650450388e-08	0.00030778155199356335	-4.038904630300835e-07	0.3077815422749014	-0.0004038894693488178
HMS_12p490_code_defaults	C_HCANA_coordinate_step	0.0	-0.2	-0.2	4	4	0.051693987999999996	-0.26347877361777056	0.0432538429688842	0.051693987999999996	-0.2635466272155596	-0.00030778155199356335	0.0015687299239021406	-1.3312734918648206e-05	0.0	-1.3312734918648206e-05	0.0	-0.00013312734918648206	0.0	0.0	0.0	-1.3312734918648206e-05	0.0	-0.00013312734918648206	0.0	-1.3312734918648206e-05	0.0	0.0	0.0	0.0	0.0
HMS_12p490_code_defaults	A_endpoint	0.0	-0.2	-0.2	2	4	0.051693987999999996	-0.26347877361777056	0.0432538429688842	0.053015551384621606	-0.2635466272155596	-0.030553663996337035	0.0015687299239021406	-5.08	0.0	0.0	0.0	0.0	0.0	0.0	0.0	0.0	0.0	0.0	0.0	0.0	0.0	0.0	0.0	0.0	0.0
HMS_12p490_code_defaults	B_fit_target	0.0	-0.2	-0.2	2	4	0.051693987999999996	-0.26347877361777056	0.0432538429688842	0.051693987999999996	-0.26354660974574495	-0.030238095238095238	0.0015683260334391105	-5.028306012	-6.783612797439664e-05	0.051693988000000246	-6.783612797439664e-05	0.5169398800000025	-0.0006783612797439664	-0.14830601200000001	0.0	0.20000000000000026	-6.783612797439664e-05	2.0000000000000027	-0.0006783612797439664	-0.0013215633846216102	1.7469814650450388e-08	0.0003155687582417979	-4.038904630300835e-07	0.31527746778818244	-0.0004038894693488178
HMS_12p490_code_defaults	C_HCANA_coordinate_step	0.0	-0.2	-0.2	2	4	0.051693987999999996	-0.26347877361777056	0.0432538429688842	0.051693987999999996	-0.2635466272155596	-0.030553663996337035	0.0015687299239021406	-5.081321563384622	0.0	-0.001321563384621527	0.0	-0.013215633846215269	0.0	0.0	0.0	-0.001321563384621527	0.0	-0.013215633846215269	0.0	-0.0013215633846216102	0.0	0.0	0.0	0.0	0.0
HMS_12p490_code_defaults	A_endpoint	0.0	-0.2	-0.2	6	4	0.051693987999999996	-0.26347877361777056	0.0432538429688842	0.05039905008521568	-0.2635466272155596	0.029938100892349905	0.0015687299239021406	5.079999999999999	0.0	-8.881784197001252e-16	0.0	-8.881784197001252e-15	0.0	0.0	0.0	-8.881784197001252e-16	0.0	-8.881784197001252e-15	0.0	0.0	0.0	0.0	0.0	0.0	0.0
HMS_12p490_code_defaults	B_fit_target	0.0	-0.2	-0.2	6	4	0.051693987999999996	-0.26347877361777056	0.0432538429688842	0.051693987999999996	-0.26354660974574495	0.030238095238095238	0.0015683260334391105	5.131693988	-6.783612797439664e-05	0.051693988000000246	-6.783612797439664e-05	0.5169398800000025	-0.0006783612797439664	-0.14830601200000001	0.0	0.20000000000000026	-6.783612797439664e-05	2.0000000000000027	-0.0006783612797439664	0.0012949379147843137	1.7469814650450388e-08	0.000299994345745333	-4.038904630300835e-07	0.29972300617282444	-0.0004038894693488178
HMS_12p490_code_defaults	C_HCANA_coordinate_step	0.0	-0.2	-0.2	6	4	0.051693987999999996	-0.26347877361777056	0.0432538429688842	0.051693987999999996	-0.2635466272155596	0.029938100892349905	0.0015687299239021406	5.081294937914784	0.0	0.0012949379147837448	0.0	0.012949379147837448	0.0	0.0	0.0	0.0012949379147837448	0.0	0.012949379147837448	0.0	0.0012949379147843137	0.0	0.0	0.0	0.0	0.0
HMS_12p490_code_defaults	A_endpoint	0.0	-0.2	-0.2	4	2	0.051693987999999996	-0.26347877361777056	0.0432538429688842	0.051707300734918644	-0.2627616768257378	-0.00030778155199356335	-0.016578799542703943	0.0	-3.048	0.0	0.0	0.0	0.0	0.0	0.0	0.0	0.0	0.0	0.0	0.0	0.0	0.0	0.0	0.0	0.0
HMS_12p490_code_defaults	B_fit_target	0.0	-0.2	-0.2	4	2	0.051693987999999996	-0.26347877361777056	0.0432538429688842	0.051693987999999996	-0.2627618614518809	0.0	-0.016574531109418034	0.051693987999999996	-3.0472830878341104	0.051693987999999996	0.0007169121658896493	0.51693988	0.0071691216588964934	-0.14830601200000001	0.0	0.2	0.0007169121658896493	2.0	0.0071691216588964934	-1.3312734918648206e-05	-1.8462614309600056e-07	0.00030778155199356335	4.268433285908868e-06	0.3077815422749014	0.004267260703114117
HMS_12p490_code_defaults	C_HCANA_coordinate_step	0.0	-0.2	-0.2	4	2	0.051693987999999996	-0.26347877361777056	0.0432538429688842	0.051693987999999996	-0.2627616768257378	-0.00030778155199356335	-0.016578799542703943	-1.3312734918648206e-05	-3.048	-1.3312734918648206e-05	0.0	-0.00013312734918648206	0.0	0.0	0.0	-1.3312734918648206e-05	0.0	-0.00013312734918648206	0.0	-1.3312734918648206e-05	0.0	0.0	0.0	0.0	0.0
HMS_12p490_code_defaults	A_endpoint	0.0	-0.2	-0.2	4	6	0.051693987999999996	-0.26347877361777056	0.0432538429688842	0.051707300734918644	-0.2643315776053814	-0.00030778155199356335	0.019716259390508223	0.0	3.048	0.0	0.0	0.0	0.0	0.0	0.0	0.0	0.0	0.0	0.0	0.0	0.0	0.0	0.0	0.0	0.0
HMS_12p490_code_defaults	B_fit_target	0.0	-0.2	-0.2	4	6	0.051693987999999996	-0.26347877361777056	0.0432538429688842	0.051693987999999996	-0.264331358039609	0.0	0.019711183176296252	0.051693987999999996	3.0471474155781615	0.051693987999999996	-0.0008525844218385537	0.51693988	-0.008525844218385537	-0.14830601200000001	0.0	0.2	-0.0008525844218385537	2.0	-0.008525844218385537	-1.3312734918648206e-05	2.1956577239690134e-07	0.00030778155199356335	-5.07621421197077e-06	0.3077815422749014	-0.005074242205117818
HMS_12p490_code_defaults	C_HCANA_coordinate_step	0.0	-0.2	-0.2	4	6	0.051693987999999996	-0.26347877361777056	0.0432538429688842	0.051693987999999996	-0.2643315776053814	-0.00030778155199356335	0.019716259390508223	-1.3312734918648206e-05	3.048	-1.3312734918648206e-05	0.0	-0.00013312734918648206	0.0	0.0	0.0	-1.3312734918648206e-05	0.0	-0.00013312734918648206	0.0	-1.3312734918648206e-05	0.0	0.0	0.0	0.0	0.0
HMS_12p490_code_defaults	A_endpoint	0.0	-0.2	-0.2	0	0	0.051693987999999996	-0.26347877361777056	0.0432538429688842	0.054323802034324575	-0.2619767264359161	-0.0607995464406805	-0.03472632900931002	-10.159999999999998	-6.095999999999998	1.7763568394002505e-15	1.7763568394002505e-15	1.7763568394002505e-14	1.7763568394002505e-14	0.0	0.0	1.7763568394002505e-15	1.7763568394002505e-15	1.7763568394002505e-14	1.7763568394002505e-14	0.0	0.0	0.0	0.0	0.0	0.0
HMS_12p490_code_defaults	B_fit_target	0.0	-0.2	-0.2	0	0	0.051693987999999996	-0.26347877361777056	0.0432538429688842	0.051693987999999996	-0.26197711315801686	-0.060476190476190475	-0.034717388252275175	-10.108306012	-6.094498339540246	0.051693988000000246	0.0015016604597537508	0.5169398800000025	0.015016604597537508	-0.14830601200000001	0.0	0.20000000000000026	0.0015016604597537508	2.0000000000000027	0.015016604597537508	-0.002629814034324579	-3.8672210078694036e-07	0.0003233559644900269	8.940757034843483e-06	0.32217135341451597	0.008929990970997503
HMS_12p490_code_defaults	C_HCANA_coordinate_step	0.0	-0.2	-0.2	0	0	0.051693987999999996	-0.26347877361777056	0.0432538429688842	0.051693987999999996	-0.2619767264359161	-0.0607995464406805	-0.03472632900931002	-10.162629814034323	-6.095999999999998	-0.0026298140343232745	1.7763568394002505e-15	-0.026298140343232745	1.7763568394002505e-14	0.0	0.0	-0.0026298140343232745	1.7763568394002505e-15	-0.026298140343232745	1.7763568394002505e-14	-0.002629814034324579	0.0	0.0	0.0	0.0	0.0
HMS_12p490_code_defaults	A_endpoint	0.0	-0.2	-0.2	8	8	0.051693987999999996	-0.26347877361777056	0.0432538429688842	0.04909079943551272	-0.2651165279952032	0.06018398333669338	0.037863788857114306	10.16	6.096	0.0	0.0	0.0	0.0	0.0	0.0	0.0	0.0	0.0	0.0	0.0	0.0	0.0	0.0	0.0	0.0
HMS_12p490_code_defaults	B_fit_target	0.0	-0.2	-0.2	8	8	0.051693987999999996	-0.26347877361777056	0.0432538429688842	0.051693987999999996	-0.26511610633347304	0.060476190476190475	0.0378540403191534	10.211693988	6.094362667284297	0.051693988000000246	-0.0016373327157026552	0.5169398800000025	-0.01637332715702655	-0.14830601200000001	0.0	0.20000000000000026	-0.0016373327157026552	2.0000000000000027	-0.01637332715702655	0.0026031885644872757	4.216617301433523e-07	0.0002922071394970971	-9.748537960908854e-06	0.29114744246494517	-0.009734585404742868
HMS_12p490_code_defaults	C_HCANA_coordinate_step	0.0	-0.2	-0.2	8	8	0.051693987999999996	-0.26347877361777056	0.0432538429688842	0.051693987999999996	-0.2651165279952032	0.06018398333669338	0.037863788857114306	10.162603188564487	6.096	0.0026031885644872688	0.0	0.026031885644872688	0.0	0.0	0.0	0.0026031885644872688	0.0	0.026031885644872688	0.0	0.0026031885644872757	0.0	0.0	0.0	0.0	0.0
HMS_12p490_code_defaults	A_endpoint	8.0	0.0	0.0	4	4	-0.14830601200000001	1.661941698755368	7.810670144710822	-0.15553726355249708	1.742976299627006	0.0009258170449553398	-0.010374858926351227	0.0	-2.220446049250313e-16	0.0	-2.220446049250313e-16	0.0	-2.220446049250313e-15	0.0	0.0	0.0	-2.220446049250313e-16	0.0	-2.220446049250313e-15	0.0	0.0	0.0	0.0	0.0	0.0
HMS_12p490_code_defaults	B_fit_target	8.0	0.0	0.0	4	4	-0.14830601200000001	1.661941698755368	7.810670144710822	-0.14830601200000001	1.742976299627006	0.0	-0.010374858926351227	-0.14830601200000001	-2.220446049250313e-16	-0.14830601200000001	-2.220446049250313e-16	-1.4830601200000002	-2.220446049250313e-15	-0.14830601200000001	0.0	0.0	-2.220446049250313e-16	0.0	-2.220446049250313e-15	0.00723125155249707	0.0	-0.0009258170449553398	0.0	-0.9258167804380657	0.0
HMS_12p490_code_defaults	C_HCANA_coordinate_step	8.0	0.0	0.0	4	4	-0.14830601200000001	1.661941698755368	7.810670144710822	-0.15553726355249708	1.7429762996270062	0.0009258170449553398	-0.010374858926351227	0.0	0.0	0.0	0.0	0.0	0.0	0.0	0.0	0.0	0.0	0.0	0.0	0.0	2.220446049250313e-16	0.0	0.0	0.0	0.0
HMS_12p490_code_defaults	A_endpoint	8.0	0.0	0.0	2	4	-0.14830601200000001	1.661941698755368	7.810670144710822	0.09215841237657524	1.742976299627006	-0.030786657216527236	-0.010374858926351227	-5.08	-2.220446049250313e-16	0.0	-2.220446049250313e-16	0.0	-2.220446049250313e-15	0.0	0.0	0.0	-2.220446049250313e-16	0.0	-2.220446049250313e-15	0.0	0.0	0.0	0.0	0.0	0.0
HMS_12p490_code_defaults	B_fit_target	8.0	0.0	0.0	2	4	-0.14830601200000001	1.661941698755368	7.810670144710822	0.09938966392907231	1.742976299627006	-0.031712474261482576	-0.010374858926351227	-5.228306012000001	-2.220446049250313e-16	-0.14830601200000082	-2.220446049250313e-16	-1.4830601200000082	-2.220446049250313e-15	-0.14830601200000001	0.0	-8.049116928532385e-16	-2.220446049250313e-16	-8.049116928532385e-15	-2.220446049250313e-15	0.00723125155249707	0.0	-0.0009258170449553405	0.0	-0.9249137681498071	0.0
HMS_12p490_code_defaults	C_HCANA_coordinate_step	8.0	0.0	0.0	2	4	-0.14830601200000001	1.661941698755368	7.810670144710822	0.09215841237657524	1.7429762996270062	-0.030786657216527236	-0.010374858926351227	-5.08	0.0	0.0	0.0	0.0	0.0	0.0	0.0	0.0	0.0	0.0	0.0	0.0	2.220446049250313e-16	0.0	0.0	0.0	0.0
HMS_12p490_code_defaults	A_endpoint	8.0	0.0	0.0	6	4	-0.14830601200000001	1.661941698755368	7.810670144710822	-0.40323293948156946	1.742976299627006	0.03263829130643792	-0.010374858926351227	5.08	-2.220446049250313e-16	0.0	-2.220446049250313e-16	0.0	-2.220446049250313e-15	0.0	0.0	0.0	-2.220446049250313e-16	0.0	-2.220446049250313e-15	0.0	0.0	0.0	0.0	0.0	0.0
HMS_12p490_code_defaults	B_fit_target	8.0	0.0	0.0	6	4	-0.14830601200000001	1.661941698755368	7.810670144710822	-0.3960016879290723	1.742976299627006	0.031712474261482576	-0.010374858926351227	4.931693988000001	-2.220446049250313e-16	-0.14830601199999904	-2.220446049250313e-16	-1.4830601199999904	-2.220446049250313e-15	-0.14830601200000001	0.0	9.71445146547012e-16	-2.220446049250313e-16	9.71445146547012e-15	-2.220446049250313e-15	0.007231251552497153	0.0	-0.0009258170449553405	0.0	-0.9248595134940598	0.0
HMS_12p490_code_defaults	C_HCANA_coordinate_step	8.0	0.0	0.0	6	4	-0.14830601200000001	1.661941698755368	7.810670144710822	-0.40323293948156946	1.7429762996270062	0.03263829130643792	-0.010374858926351227	5.08	0.0	0.0	0.0	0.0	0.0	0.0	0.0	0.0	0.0	0.0	0.0	0.0	2.220446049250313e-16	0.0	0.0	0.0	0.0
HMS_12p490_code_defaults	A_endpoint	8.0	0.0	0.0	4	2	-0.14830601200000001	1.661941698755368	7.810670144710822	-0.15553726355249708	1.8915937051844494	0.0009258170449553398	-0.02940234348324077	0.0	-3.0480000000000005	0.0	-4.440892098500626e-16	0.0	-4.440892098500626e-15	0.0	0.0	0.0	-4.440892098500626e-16	0.0	-4.440892098500626e-15	0.0	0.0	0.0	0.0	0.0	0.0
HMS_12p490_code_defaults	B_fit_target	8.0	0.0	0.0	4	2	-0.14830601200000001	1.661941698755368	7.810670144710822	-0.14830601200000001	1.8915937051844494	0.0	-0.02940234348324077	-0.14830601200000001	-3.0480000000000005	-0.14830601200000001	-4.440892098500626e-16	-1.4830601200000002	-4.440892098500626e-15	-0.14830601200000001	0.0	0.0	-4.440892098500626e-16	0.0	-4.440892098500626e-15	0.00723125155249707	0.0	-0.0009258170449553398	0.0	-0.9258167804380657	0.0
HMS_12p490_code_defaults	C_HCANA_coordinate_step	8.0	0.0	0.0	4	2	-0.14830601200000001	1.661941698755368	7.810670144710822	-0.15553726355249708	1.8915937051844494	0.0009258170449553398	-0.02940234348324077	0.0	-3.0480000000000005	0.0	-4.440892098500626e-16	0.0	-4.440892098500626e-15	0.0	0.0	0.0	-4.440892098500626e-16	0.0	-4.440892098500626e-15	0.0	0.0	0.0	0.0	0.0	0.0
HMS_12p490_code_defaults	A_endpoint	8.0	0.0	0.0	4	6	-0.14830601200000001	1.661941698755368	7.810670144710822	-0.15553726355249708	1.5943588940695625	0.0009258170449553398	0.008652625630538318	0.0	3.048	0.0	0.0	0.0	0.0	0.0	0.0	0.0	0.0	0.0	0.0	0.0	0.0	0.0	0.0	0.0	0.0
HMS_12p490_code_defaults	B_fit_target	8.0	0.0	0.0	4	6	-0.14830601200000001	1.661941698755368	7.810670144710822	-0.14830601200000001	1.5943588940695625	0.0	0.008652625630538318	-0.14830601200000001	3.048	-0.14830601200000001	0.0	-1.4830601200000002	0.0	-0.14830601200000001	0.0	0.0	0.0	0.0	0.0	0.00723125155249707	0.0	-0.0009258170449553398	0.0	-0.9258167804380657	0.0
HMS_12p490_code_defaults	C_HCANA_coordinate_step	8.0	0.0	0.0	4	6	-0.14830601200000001	1.661941698755368	7.810670144710822	-0.15553726355249708	1.5943588940695628	0.0009258170449553398	0.008652625630538318	0.0	3.048	0.0	0.0	0.0	0.0	0.0	0.0	0.0	0.0	0.0	0.0	0.0	2.220446049250313e-16	0.0	0.0	0.0	0.0
HMS_12p490_code_defaults	A_endpoint	8.0	0.0	0.0	0	0	-0.14830601200000001	1.661941698755368	7.810670144710822	0.33985408830564756	2.0402111107418928	-0.062499131478009805	-0.04842982804013032	-10.159999999999998	-6.096	1.7763568394002505e-15	0.0	1.7763568394002505e-14	0.0	0.0	0.0	1.7763568394002505e-15	0.0	1.7763568394002505e-14	0.0	0.0	0.0	0.0	0.0	0.0	0.0
HMS_12p490_code_defaults	B_fit_target	8.0	0.0	0.0	0	0	-0.14830601200000001	1.661941698755368	7.810670144710822	0.3470853398581446	2.040211110741893	-0.06342494852296515	-0.04842982804013032	-10.308306012000001	-6.096	-0.14830601200000082	0.0	-1.4830601200000082	0.0	-0.14830601200000001	0.0	-8.049116928532385e-16	0.0	-8.049116928532385e-15	0.0	0.007231251552497042	4.440892098500626e-16	-0.0009258170449553474	0.0	-0.9221613311360886	0.0
HMS_12p490_code_defaults	C_HCANA_coordinate_step	8.0	0.0	0.0	0	0	-0.14830601200000001	1.661941698755368	7.810670144710822	0.33985408830564756	2.0402111107418928	-0.062499131478009805	-0.04842982804013032	-10.159999999999998	-6.096	1.7763568394002505e-15	0.0	1.7763568394002505e-14	0.0	0.0	0.0	1.7763568394002505e-15	0.0	1.7763568394002505e-14	0.0	0.0	0.0	0.0	0.0	0.0	0.0
HMS_12p490_code_defaults	A_endpoint	8.0	0.0	0.0	8	8	-0.14830601200000001	1.661941698755368	7.810670144710822	-0.6509286154106417	1.4457414885121191	0.06435076556792049	0.027680110187427862	10.16	6.096	0.0	0.0	0.0	0.0	0.0	0.0	0.0	0.0	0.0	0.0	0.0	0.0	0.0	0.0	0.0	0.0
HMS_12p490_code_defaults	B_fit_target	8.0	0.0	0.0	8	8	-0.14830601200000001	1.661941698755368	7.810670144710822	-0.6436973638581447	1.4457414885121191	0.06342494852296515	0.027680110187427862	10.011693988000001	6.096	-0.14830601199999904	0.0	-1.4830601199999904	0.0	-0.14830601200000001	0.0	9.71445146547012e-16	0.0	9.71445146547012e-15	0.0	0.007231251552497042	0.0	-0.0009258170449553405	0.0	-0.9220534729751234	0.0
HMS_12p490_code_defaults	C_HCANA_coordinate_step	8.0	0.0	0.0	8	8	-0.14830601200000001	1.661941698755368	7.810670144710822	-0.6509286154106417	1.4457414885121191	0.06435076556792049	0.027680110187427862	10.16	6.096	0.0	0.0	0.0	0.0	0.0	0.0	0.0	0.0	0.0	0.0	0.0	0.0	0.0	0.0	0.0	0.0
HMS_12p490_code_defaults	A_endpoint	8.0	0.0	0.2	4	4	-0.348306012	1.661941698755368	7.810670144710822	-0.36528906181742116	1.742976299627006	0.002174339653675126	-0.010374858926351227	5.551115123125783e-17	-2.220446049250313e-16	5.551115123125783e-17	-2.220446049250313e-16	5.551115123125783e-16	-2.220446049250313e-15	0.0	0.0	5.551115123125783e-17	-2.220446049250313e-16	5.551115123125783e-16	-2.220446049250313e-15	0.0	0.0	0.0	0.0	0.0	0.0
HMS_12p490_code_defaults	B_fit_target	8.0	0.0	0.2	4	4	-0.348306012	1.661941698755368	7.810670144710822	-0.348306012	1.742976299627006	0.0	-0.010374858926351227	-0.348306012	-2.220446049250313e-16	-0.348306012	-2.220446049250313e-16	-3.48306012	-2.220446049250313e-15	-0.14830601200000001	0.0	-0.19999999999999998	-2.220446049250313e-16	-1.9999999999999998	-2.220446049250313e-15	0.01698304981742116	0.0	-0.002174339653675126	0.0	-2.1743362271046234	0.0
HMS_12p490_code_defaults	C_HCANA_coordinate_step	8.0	0.0	0.2	4	4	-0.348306012	1.661941698755368	7.810670144710822	-0.36528906181742116	1.7429762996270062	0.002174339653675126	-0.010374858926351227	5.551115123125783e-17	0.0	5.551115123125783e-17	0.0	5.551115123125783e-16	0.0	0.0	0.0	5.551115123125783e-17	0.0	5.551115123125783e-16	0.0	0.0	2.220446049250313e-16	0.0	0.0	0.0	0.0
HMS_12p490_code_defaults	A_endpoint	8.0	0.0	0.2	2	4	-0.348306012	1.661941698755368	7.810670144710822	-0.11759338588834886	1.742976299627006	-0.029538134607807447	-0.010374858926351227	-5.08	-2.220446049250313e-16	0.0	-2.220446049250313e-16	0.0	-2.220446049250313e-15	0.0	0.0	0.0	-2.220446049250313e-16	0.0	-2.220446049250313e-15	0.0	0.0	0.0	0.0	0.0	0.0
HMS_12p490_code_defaults	B_fit_target	8.0	0.0	0.2	2	4	-0.348306012	1.661941698755368	7.810670144710822	-0.10061033607092768	1.742976299627006	-0.031712474261482576	-0.010374858926351227	-5.428306012000001	-2.220446049250313e-16	-0.348306012000001	-2.220446049250313e-16	-3.48306012000001	-2.220446049250313e-15	-0.14830601200000001	0.0	-0.20000000000000098	-2.220446049250313e-16	-2.0000000000000098	-2.220446049250313e-15	0.016983049817421186	0.0	-0.0021743396536751287	0.0	-2.1723013794364423	0.0
HMS_12p490_code_defaults	C_HCANA_coordinate_step	8.0	0.0	0.2	2	4	-0.348306012	1.661941698755368	7.810670144710822	-0.11759338588834886	1.7429762996270062	-0.029538134607807447	-0.010374858926351227	-5.08	0.0	0.0	0.0	0.0	0.0	0.0	0.0	0.0	0.0	0.0	0.0	0.0	2.220446049250313e-16	0.0	0.0	0.0	0.0
HMS_12p490_code_defaults	A_endpoint	8.0	0.0	0.2	6	4	-0.348306012	1.661941698755368	7.810670144710822	-0.6129847377464934	1.742976299627006	0.0338868139151577	-0.010374858926351227	5.080000000000001	-2.220446049250313e-16	8.881784197001252e-16	-2.220446049250313e-16	8.881784197001252e-15	-2.220446049250313e-15	0.0	0.0	8.881784197001252e-16	-2.220446049250313e-16	8.881784197001252e-15	-2.220446049250313e-15	0.0	0.0	0.0	0.0	0.0	0.0
HMS_12p490_code_defaults	B_fit_target	8.0	0.0	0.2	6	4	-0.348306012	1.661941698755368	7.810670144710822	-0.5960016879290724	1.742976299627006	0.031712474261482576	-0.010374858926351227	4.731693988000001	-2.220446049250313e-16	-0.3483060119999992	-2.220446049250313e-16	-3.483060119999992	-2.220446049250313e-15	-0.14830601200000001	0.0	-0.1999999999999992	-2.220446049250313e-16	-1.999999999999992	-2.220446049250313e-15	0.016983049817421048	0.0	-0.0021743396536751253	0.0	-2.1720021255741546	0.0
HMS_12p490_code_defaults	C_HCANA_coordinate_step	8.0	0.0	0.2	6	4	-0.348306012	1.661941698755368	7.810670144710822	-0.6129847377464934	1.7429762996270062	0.0338868139151577	-0.010374858926351227	5.080000000000001	0.0	8.881784197001252e-16	0.0	8.881784197001252e-15	0.0	0.0	0.0	8.881784197001252e-16	0.0	8.881784197001252e-15	0.0	0.0	2.220446049250313e-16	0.0	0.0	0.0	0.0
HMS_12p490_code_defaults	A_endpoint	8.0	0.0	0.2	4	2	-0.348306012	1.661941698755368	7.810670144710822	-0.36528906181742116	1.8915937051844494	0.002174339653675126	-0.02940234348324077	5.551115123125783e-17	-3.0480000000000005	5.551115123125783e-17	-4.440892098500626e-16	5.551115123125783e-16	-4.440892098500626e-15	0.0	0.0	5.551115123125783e-17	-4.440892098500626e-16	5.551115123125783e-16	-4.440892098500626e-15	0.0	0.0	0.0	0.0	0.0	0.0
HMS_12p490_code_defaults	B_fit_target	8.0	0.0	0.2	4	2	-0.348306012	1.661941698755368	7.810670144710822	-0.348306012	1.8915937051844494	0.0	-0.02940234348324077	-0.348306012	-3.0480000000000005	-0.348306012	-4.440892098500626e-16	-3.48306012	-4.440892098500626e-15	-0.14830601200000001	0.0	-0.19999999999999998	-4.440892098500626e-16	-1.9999999999999998	-4.440892098500626e-15	0.01698304981742116	0.0	-0.002174339653675126	0.0	-2.1743362271046234	0.0
HMS_12p490_code_defaults	C_HCANA_coordinate_step	8.0	0.0	0.2	4	2	-0.348306012	1.661941698755368	7.810670144710822	-0.36528906181742116	1.8915937051844494	0.002174339653675126	-0.02940234348324077	5.551115123125783e-17	-3.0480000000000005	5.551115123125783e-17	-4.440892098500626e-16	5.551115123125783e-16	-4.440892098500626e-15	0.0	0.0	5.551115123125783e-17	-4.440892098500626e-16	5.551115123125783e-16	-4.440892098500626e-15	0.0	0.0	0.0	0.0	0.0	0.0
HMS_12p490_code_defaults	A_endpoint	8.0	0.0	0.2	4	6	-0.348306012	1.661941698755368	7.810670144710822	-0.36528906181742116	1.5943588940695625	0.002174339653675126	0.008652625630538318	5.551115123125783e-17	3.048	5.551115123125783e-17	0.0	5.551115123125783e-16	0.0	0.0	0.0	5.551115123125783e-17	0.0	5.551115123125783e-16	0.0	0.0	0.0	0.0	0.0	0.0	0.0
HMS_12p490_code_defaults	B_fit_target	8.0	0.0	0.2	4	6	-0.348306012	1.661941698755368	7.810670144710822	-0.348306012	1.5943588940695625	0.0	0.008652625630538318	-0.348306012	3.048	-0.348306012	0.0	-3.48306012	0.0	-0.14830601200000001	0.0	-0.19999999999999998	0.0	-1.9999999999999998	0.0	0.01698304981742116	0.0	-0.002174339653675126	0.0	-2.1743362271046234	0.0
HMS_12p490_code_defaults	C_HCANA_coordinate_step	8.0	0.0	0.2	4	6	-0.348306012	1.661941698755368	7.810670144710822	-0.36528906181742116	1.5943588940695628	0.002174339653675126	0.008652625630538318	5.551115123125783e-17	3.048	5.551115123125783e-17	0.0	5.551115123125783e-16	0.0	0.0	0.0	5.551115123125783e-17	0.0	5.551115123125783e-16	0.0	0.0	2.220446049250313e-16	0.0	0.0	0.0	0.0
HMS_12p490_code_defaults	A_endpoint	8.0	0.0	0.2	0	0	-0.348306012	1.661941698755368	7.810670144710822	0.13010229004072343	2.0402111107418928	-0.06125060886929002	-0.04842982804013032	-10.16	-6.096	0.0	0.0	0.0	0.0	0.0	0.0	0.0	0.0	0.0	0.0	0.0	0.0	0.0	0.0	0.0	0.0
HMS_12p490_code_defaults	B_fit_target	8.0	0.0	0.2	0	0	-0.348306012	1.661941698755368	7.810670144710822	0.14708533985814465	2.040211110741893	-0.06342494852296515	-0.04842982804013032	-10.508306012000002	-6.096	-0.3483060120000019	0.0	-3.483060120000019	0.0	-0.14830601200000001	0.0	-0.20000000000000187	0.0	-2.0000000000000187	0.0	0.016983049817421214	4.440892098500626e-16	-0.002174339653675132	0.0	-2.1659220434167707	0.0
HMS_12p490_code_defaults	C_HCANA_coordinate_step	8.0	0.0	0.2	0	0	-0.348306012	1.661941698755368	7.810670144710822	0.13010229004072343	2.0402111107418928	-0.06125060886929002	-0.04842982804013032	-10.16	-6.096	0.0	0.0	0.0	0.0	0.0	0.0	0.0	0.0	0.0	0.0	0.0	0.0	0.0	0.0	0.0	0.0
HMS_12p490_code_defaults	A_endpoint	8.0	0.0	0.2	8	8	-0.348306012	1.661941698755368	7.810670144710822	-0.8606804136755658	1.4457414885121191	0.06559928817664028	0.027680110187427862	10.160000000000002	6.096	1.7763568394002505e-15	0.0	1.7763568394002505e-14	0.0	0.0	0.0	1.7763568394002505e-15	0.0	1.7763568394002505e-14	0.0	0.0	0.0	0.0	0.0	0.0	0.0
HMS_12p490_code_defaults	B_fit_target	8.0	0.0	0.2	8	8	-0.348306012	1.661941698755368	7.810670144710822	-0.8436973638581446	1.4457414885121191	0.06342494852296515	0.027680110187427862	9.811693988000002	6.096	-0.34830601199999833	0.0	-3.4830601199999833	0.0	-0.14830601200000001	0.0	-0.19999999999999832	0.0	-1.9999999999999831	0.0	0.01698304981742116	0.0	-0.0021743396536751253	0.0	-2.165327127240074	0.0
HMS_12p490_code_defaults	C_HCANA_coordinate_step	8.0	0.0	0.2	8	8	-0.348306012	1.661941698755368	7.810670144710822	-0.8606804136755658	1.4457414885121191	0.06559928817664028	0.027680110187427862	10.160000000000002	6.096	1.7763568394002505e-15	0.0	1.7763568394002505e-14	0.0	0.0	0.0	1.7763568394002505e-15	0.0	1.7763568394002505e-14	0.0	0.0	0.0	0.0	0.0	0.0	0.0
HMS_12p490_code_defaults	A_endpoint	8.0	0.2	0.0	4	4	-0.14830601200000001	1.8572084523731385	7.767416301741938	-0.15549527718356865	1.947238275744531	0.0009255671260926707	-0.011590704022288876	2.7755575615628914e-17	-2.220446049250313e-16	2.7755575615628914e-17	-2.220446049250313e-16	2.7755575615628914e-16	-2.220446049250313e-15	0.0	0.0	2.7755575615628914e-17	-2.220446049250313e-16	2.7755575615628914e-16	-2.220446049250313e-15	0.0	0.0	0.0	0.0	0.0	0.0
HMS_12p490_code_defaults	B_fit_target	8.0	0.2	0.0	4	4	-0.14830601200000001	1.8572084523731385	7.767416301741938	-0.14830601200000001	1.9472625853277357	0.0	-0.01159383370946674	-0.14830601200000001	-0.0005014778626766248	-0.14830601200000001	-0.0005014778626766248	-1.4830601200000002	-0.0050147786267662475	-0.14830601200000001	0.0	0.0	-0.0005014778626766248	0.0	-0.0050147786267662475	0.007189265183568633	2.4309583204651375e-05	-0.0009255671260926707	-3.1296871778642432e-06	-0.9255668617895534	-0.003129266664824923
HMS_12p490_code_defaults	C_HCANA_coordinate_step	8.0	0.2	0.0	4	4	-0.14830601200000001	1.8572084523731385	7.767416301741938	-0.15553531151869784	1.9472382757445312	0.0009255671260926707	-0.011590704022288876	-4.003433512916876e-05	0.0	-4.003433512916876e-05	0.0	-0.00040034335129168763	0.0	0.0	0.0	-4.003433512916876e-05	0.0	-0.00040034335129168763	0.0	-4.003433512919652e-05	2.220446049250313e-16	0.0	0.0	0.0	0.0
HMS_12p490_code_defaults	A_endpoint	8.0	0.2	0.0	2	4	-0.14830601200000001	1.8572084523731385	7.767416301741938	0.09076221865232989	1.947238275744531	-0.030778346539597205	-0.011590704022288876	-5.080000000000001	-2.220446049250313e-16	-8.881784197001252e-16	-2.220446049250313e-16	-8.881784197001252e-15	-2.220446049250313e-15	0.0	0.0	-8.881784197001252e-16	-2.220446049250313e-16	-8.881784197001252e-15	-2.220446049250313e-15	0.0	0.0	0.0	0.0	0.0	0.0
HMS_12p490_code_defaults	B_fit_target	8.0	0.2	0.0	2	4	-0.14830601200000001	1.8572084523731385	7.767416301741938	0.09938966392907231	1.9472625853277357	-0.031712474261482576	-0.01159383370946674	-5.228306012000001	-0.0005014778626766248	-0.14830601200000082	-0.0005014778626766248	-1.4830601200000082	-0.0050147786267662475	-0.14830601200000001	0.0	-8.049116928532385e-16	-0.0005014778626766248	-8.049116928532385e-15	-0.0050147786267662475	0.008627445276742418	2.4309583204651375e-05	-0.0009341277218853708	-3.1296871778642432e-06	-0.9332165776495122	-0.003129266664824923
HMS_12p490_code_defaults	C_HCANA_coordinate_step	8.0	0.2	0.0	2	4	-0.14830601200000001	1.8572084523731385	7.767416301741938	0.09209350042039552	1.9472382757445312	-0.030778346539597205	-0.011590704022288876	-5.078668718231936	0.0	0.0013312817680644073	0.0	0.013312817680644073	0.0	0.0	0.0	0.0013312817680644073	0.0	0.013312817680644073	0.0	0.0013312817680656286	2.220446049250313e-16	0.0	0.0	0.0	0.0
HMS_12p490_code_defaults	A_endpoint	8.0	0.2	0.0	6	4	-0.14830601200000001	1.8572084523731385	7.767416301741938	-0.4017527730194672	1.947238275744531	0.032629480791782545	-0.011590704022288876	5.08	-2.220446049250313e-16	0.0	-2.220446049250313e-16	0.0	-2.220446049250313e-15	0.0	0.0	0.0	-2.220446049250313e-16	0.0	-2.220446049250313e-15	0.0	0.0	0.0	0.0	0.0	0.0
HMS_12p490_code_defaults	B_fit_target	8.0	0.2	0.0	6	4	-0.14830601200000001	1.8572084523731385	7.767416301741938	-0.3960016879290723	1.9472625853277357	0.031712474261482576	-0.01159383370946674	4.931693988000001	-0.0005014778626766248	-0.14830601199999904	-0.0005014778626766248	-1.4830601199999904	-0.0050147786267662475	-0.14830601200000001	0.0	9.71445146547012e-16	-0.0005014778626766248	9.71445146547012e-15	-0.0050147786267662475	0.005751085090394903	2.4309583204651375e-05	-0.0009170065302999686	-3.1296871778642432e-06	-0.9160583717951822	-0.003129266664824923
HMS_12p490_code_defaults	C_HCANA_coordinate_step	8.0	0.2	0.0	6	4	-0.14830601200000001	1.8572084523731385	7.767416301741938	-0.4031641234577912	1.9472382757445312	0.032629480791782545	-0.011590704022288876	5.078588649561676	0.0	-0.001411350438323744	0.0	-0.01411350438323744	0.0	0.0	0.0	-0.001411350438323744	0.0	-0.01411350438323744	0.0	-0.0014113504383239661	2.220446049250313e-16	0.0	0.0	0.0	0.0
HMS_12p490_code_defaults	A_endpoint	8.0	0.2	0.0	4	2	-0.14830601200000001	1.8572084523731385	7.767416301741938	-0.15549527718356865	2.0949927732460703	0.0009255671260926707	-0.030613052221702797	2.7755575615628914e-17	-3.047999999999999	2.7755575615628914e-17	8.881784197001252e-16	2.7755575615628914e-16	8.881784197001252e-15	0.0	0.0	2.7755575615628914e-17	8.881784197001252e-16	2.7755575615628914e-16	8.881784197001252e-15	0.0	0.0	0.0	0.0	0.0	0.0
HMS_12p490_code_defaults	B_fit_target	8.0	0.2	0.0	4	2	-0.14830601200000001	1.8572084523731385	7.767416301741938	-0.14830601200000001	2.0950569790560625	0.0	-0.030621318266356282	-0.14830601200000001	-3.0493244896917933	-0.14830601200000001	-0.001324489691793218	-1.4830601200000002	-0.01324489691793218	-0.14830601200000001	0.0	0.0	-0.001324489691793218	0.0	-0.01324489691793218	0.007189265183568633	6.42058099922238e-05	-0.0009255671260926707	-8.266044653485599e-06	-0.9255668617895534	-0.0082583032206332
HMS_12p490_code_defaults	C_HCANA_coordinate_step	8.0	0.2	0.0	4	2	-0.14830601200000001	1.8572084523731385	7.767416301741938	-0.15553531151869784	2.0949927732460703	0.0009255671260926707	-0.030613052221702797	-4.003433512916876e-05	-3.047999999999999	-4.003433512916876e-05	8.881784197001252e-16	-0.00040034335129168763	8.881784197001252e-15	0.0	0.0	-4.003433512916876e-05	8.881784197001252e-16	-0.00040034335129168763	8.881784197001252e-15	-4.003433512919652e-05	0.0	0.0	0.0	0.0	0.0
HMS_12p490_code_defaults	A_endpoint	8.0	0.2	0.0	4	6	-0.14830601200000001	1.8572084523731385	7.767416301741938	-0.15549527718356865	1.7994837782429918	0.0009255671260926707	0.007431644177125049	2.7755575615628914e-17	3.048	2.7755575615628914e-17	0.0	2.7755575615628914e-16	0.0	0.0	0.0	2.7755575615628914e-17	0.0	2.7755575615628914e-16	0.0	0.0	0.0	0.0	0.0	0.0	0.0
HMS_12p490_code_defaults	B_fit_target	8.0	0.2	0.0	4	6	-0.14830601200000001	1.8572084523731385	7.767416301741938	-0.14830601200000001	1.7994681915994089	0.0	0.007433650847422805	-0.14830601200000001	3.04832153396644	-0.14830601200000001	0.00032153396643996857	-1.4830601200000002	0.0032153396643996857	-0.14830601200000001	0.0	0.0	0.00032153396643996857	0.0	0.0032153396643996857	0.007189265183568633	-1.5586643582921056e-05	-0.0009255671260926707	2.006670297755378e-06	-0.9255668617895534	0.0020065594468852282
HMS_12p490_code_defaults	C_HCANA_coordinate_step	8.0	0.2	0.0	4	6	-0.14830601200000001	1.8572084523731385	7.767416301741938	-0.15553531151869784	1.799483778242992	0.0009255671260926707	0.007431644177125049	-4.003433512916876e-05	3.048	-4.003433512916876e-05	0.0	-0.00040034335129168763	0.0	0.0	0.0	-4.003433512916876e-05	0.0	-0.00040034335129168763	0.0	-4.003433512919652e-05	2.220446049250313e-16	0.0	0.0	0.0	0.0
HMS_12p490_code_defaults	A_endpoint	8.0	0.2	0.0	0	0	-0.14830601200000001	1.8572084523731385	7.767416301741938	0.3370197144882283	2.2427472707476093	-0.06248226020528707	-0.04963540042111672	-10.16	-6.096	0.0	0.0	0.0	0.0	0.0	0.0	0.0	0.0	0.0	0.0	0.0	0.0	0.0	0.0	0.0	0.0
HMS_12p490_code_defaults	B_fit_target	8.0	0.2	0.0	0	0	-0.14830601200000001	1.8572084523731385	7.767416301741938	0.3470853398581446	2.2428513727843895	-0.06342494852296515	-0.049648802823245825	-10.308306012000001	-6.098147501520909	-0.14830601200000082	-0.0021475015209091453	-1.4830601200000082	-0.021475015209091453	-0.14830601200000001	0.0	-8.049116928532385e-16	-0.0021475015209091453	-8.049116928532385e-15	-0.021475015209091453	0.010065625369916287	0.00010410203678024033	-0.0009426883176780823	-1.3402402129103486e-05	-0.9389669763506594	-0.013369455268863462
HMS_12p490_code_defaults	C_HCANA_coordinate_step	8.0	0.2	0.0	0	0	-0.14830601200000001	1.8572084523731385	7.767416301741938	0.3397223123594888	2.2427472707476093	-0.06248226020528707	-0.04963540042111672	-10.157297402128739	-6.096	0.0027025978712611476	0.0	0.027025978712611476	0.0	0.0	0.0	0.0027025978712611476	0.0	0.027025978712611476	0.0	0.0027025978712604815	0.0	0.0	0.0	0.0	0.0
HMS_12p490_code_defaults	A_endpoint	8.0	0.2	0.0	8	8	-0.14830601200000001	1.8572084523731385	7.767416301741938	-0.6480102688553657	1.6517292807414528	0.06433339445747242	0.026453992376538976	10.160000000000002	6.096000000000001	1.7763568394002505e-15	8.881784197001252e-16	1.7763568394002505e-14	8.881784197001252e-15	0.0	0.0	1.7763568394002505e-15	8.881784197001252e-16	1.7763568394002505e-14	8.881784197001252e-15	0.0	0.0	0.0	0.0	0.0	0.0
HMS_12p490_code_defaults	B_fit_target	8.0	0.2	0.0	8	8	-0.14830601200000001	1.8572084523731385	7.767416301741938	-0.6436973638581447	1.651673797871082	0.06342494852296515	0.02646113540431235	10.011693988000001	6.097144545795556	-0.14830601199999904	0.0011445457955563398	-1.4830601199999904	0.011445457955563398	-0.14830601200000001	0.0	9.71445146547012e-16	0.0011445457955563398	9.71445146547012e-15	0.011445457955563398	0.004312904997221034	-5.548287037071553e-05	-0.000908445934507271	7.143027773374999e-06	-0.904753980751738	0.007138031132374739
HMS_12p490_code_defaults	C_HCANA_coordinate_step	8.0	0.2	0.0	8	8	-0.14830601200000001	1.8572084523731385	7.767416301741938	-0.6507929353968845	1.6517292807414528	0.06433339445747242	0.026453992376538976	10.157217333458483	6.096000000000001	-0.0027826665415169316	8.881784197001252e-16	-0.027826665415169316	8.881784197001252e-15	0.0	0.0	-0.0027826665415169316	8.881784197001252e-16	-0.027826665415169316	8.881784197001252e-15	-0.002782666541518819	0.0	0.0	0.0	0.0	0.0
HMS_12p490_code_defaults	A_endpoint	8.0	-0.2	-0.2	4	4	0.051693987999999996	1.4666749451375973	7.853923987679707	0.05422917751248479	1.5386039853025204	-0.00032279272328859993	-0.009158357055372145	0.0	0.0	0.0	0.0	0.0	0.0	0.0	0.0	0.0	0.0	0.0	0.0	0.0	0.0	0.0	0.0	0.0	0.0
HMS_12p490_code_defaults	B_fit_target	8.0	-0.2	-0.2	4	4	0.051693987999999996	1.4666749451375973	7.853923987679707	0.051693987999999996	1.5385845632385726	0.0	-0.009155884143235713	0.051693987999999996	0.0003960271749727795	0.051693987999999996	0.0003960271749727795	0.51693988	0.003960271749727795	-0.14830601200000001	0.0	0.2	0.0003960271749727795	2.0	0.003960271749727795	-0.002535189512484791	-1.9422063947782675e-05	0.00032279272328859993	2.472912136432248e-06	0.322792712077456	0.0024727047930675483
HMS_12p490_code_defaults	C_HCANA_coordinate_step	8.0	-0.2	-0.2	4	4	0.051693987999999996	1.4666749451375973	7.853923987679707	0.05421521548672017	1.5386039853025204	-0.00032279272328859993	-0.009158357055372145	-1.3962025764618913e-05	0.0	-1.3962025764618913e-05	0.0	-0.00013962025764618913	0.0	0.0	0.0	-1.3962025764618913e-05	0.0	-0.00013962025764618913	0.0	-1.3962025764618913e-05	0.0	0.0	0.0	0.0	0.0
HMS_12p490_code_defaults	A_endpoint	8.0	-0.2	-0.2	2	4	0.051693987999999996	1.4666749451375973	7.853923987679707	0.3033638104106614	1.5386039853025204	-0.032043832204825366	-0.009158357055372145	-5.08	0.0	0.0	0.0	0.0	0.0	0.0	0.0	0.0	0.0	0.0	0.0	0.0	0.0	0.0	0.0	0.0	0.0
HMS_12p490_code_defaults	B_fit_target	8.0	-0.2	-0.2	2	4	0.051693987999999996	1.4666749451375973	7.853923987679707	0.2993896639290723	1.5385845632385726	-0.031712474261482576	-0.009155884143235713	-5.028306012000001	0.0003960271749727795	0.05169398799999936	0.0003960271749727795	0.5169398799999936	0.003960271749727795	-0.14830601200000001	0.0	0.19999999999999937	0.0003960271749727795	1.9999999999999938	0.003960271749727795	-0.003974146481589114	-1.9422063947782675e-05	0.0003313579433427902	2.472912136432248e-06	0.331021550713774	0.0024727047930675483
HMS_12p490_code_defaults	C_HCANA_coordinate_step	8.0	-0.2	-0.2	2	4	0.051693987999999996	1.4666749451375973	7.853923987679707	0.30197779152435267	1.5386039853025204	-0.032043832204825366	-0.009158357055372145	-5.081386018886309	0.0	-0.0013860188863086265	0.0	-0.013860188863086265	0.0	0.0	0.0	-0.0013860188863086265	0.0	-0.013860188863086265	0.0	-0.0013860188863087375	0.0	0.0	0.0	0.0	0.0
HMS_12p490_code_defaults	A_endpoint	8.0	-0.2	-0.2	6	4	0.051693987999999996	1.4666749451375973	7.853923987679707	-0.19490545538569184	1.5386039853025204	0.03139824675824816	-0.009158357055372145	5.079999999999999	0.0	-8.881784197001252e-16	0.0	-8.881784197001252e-15	0.0	0.0	0.0	-8.881784197001252e-16	0.0	-8.881784197001252e-15	0.0	0.0	0.0	0.0	0.0	0.0	0.0
HMS_12p490_code_defaults	B_fit_target	8.0	-0.2	-0.2	6	4	0.051693987999999996	1.4666749451375973	7.853923987679707	-0.19600168792907233	1.5385845632385726	0.031712474261482576	-0.009155884143235713	5.131693988	0.0003960271749727795	0.051693988000000246	0.0003960271749727795	0.5169398800000025	0.003960271749727795	-0.14830601200000001	0.0	0.20000000000000026	0.0003960271749727795	2.0000000000000027	0.003960271749727795	-0.001096232543380482	-1.9422063947782675e-05	0.00031422750323441273	2.472912136432248e-06	0.31391492277263455	0.0024727047930675483
HMS_12p490_code_defaults	C_HCANA_coordinate_step	8.0	-0.2	-0.2	6	4	0.051693987999999996	1.4666749451375973	7.853923987679707	-0.1935473605509123	1.5386039853025204	0.03139824675824816	-0.009158357055372145	5.081358094834779	0.0	0.001358094834778889	0.0	0.01358094834778889	0.0	0.0	0.0	0.001358094834778889	0.0	0.01358094834778889	0.0	0.0013580948347795552	0.0	0.0	0.0	0.0	0.0
HMS_12p490_code_defaults	A_endpoint	8.0	-0.2	-0.2	4	2	0.051693987999999996	1.4666749451375973	7.853923987679707	0.05422917751248479	1.6880847650414263	-0.00032279272328859993	-0.028190980744294207	0.0	-3.048	0.0	0.0	0.0	0.0	0.0	0.0	0.0	0.0	0.0	0.0	0.0	0.0	0.0	0.0	0.0	0.0
HMS_12p490_code_defaults	B_fit_target	8.0	-0.2	-0.2	4	2	0.051693987999999996	1.4666749451375973	7.853923987679707	0.051693987999999996	1.6880249806251326	0.0	-0.02818336870012526	0.051693987999999996	-3.0467809609959113	0.051693987999999996	0.0012190390040887067	0.51693988	0.012190390040887067	-0.14830601200000001	0.0	0.2	0.0012190390040887067	2.0	0.012190390040887067	-0.002535189512484791	-5.978441629372888e-05	0.00032279272328859993	7.612044168946869e-06	0.322792712077456	0.007606001073134916
HMS_12p490_code_defaults	C_HCANA_coordinate_step	8.0	-0.2	-0.2	4	2	0.051693987999999996	1.4666749451375973	7.853923987679707	0.05421521548672017	1.6880847650414266	-0.00032279272328859993	-0.028190980744294207	-1.3962025764618913e-05	-3.048	-1.3962025764618913e-05	0.0	-0.00013962025764618913	0.0	0.0	0.0	-1.3962025764618913e-05	0.0	-0.00013962025764618913	0.0	-1.3962025764618913e-05	2.220446049250313e-16	0.0	0.0	0.0	0.0
HMS_12p490_code_defaults	A_endpoint	8.0	-0.2	-0.2	4	6	0.051693987999999996	1.4666749451375973	7.853923987679707	0.05422917751248479	1.3891232055636142	-0.00032279272328859993	0.009874266633549915	0.0	3.048	0.0	0.0	0.0	0.0	0.0	0.0	0.0	0.0	0.0	0.0	0.0	0.0	0.0	0.0	0.0	0.0
HMS_12p490_code_defaults	B_fit_target	8.0	-0.2	-0.2	4	6	0.051693987999999996	1.4666749451375973	7.853923987679707	0.051693987999999996	1.3891441458520126	0.0	0.009871600413653831	0.051693987999999996	3.047573015345856	0.051693987999999996	-0.00042698465414403586	0.51693988	-0.004269846541440359	-0.14830601200000001	0.0	0.2	-0.00042698465414403586	2.0	-0.004269846541440359	-0.002535189512484791	2.0940288398385576e-05	0.00032279272328859993	-2.666219896084107e-06	0.322792712077456	-0.0026659600321186916
HMS_12p490_code_defaults	C_HCANA_coordinate_step	8.0	-0.2	-0.2	4	6	0.051693987999999996	1.4666749451375973	7.853923987679707	0.05421521548672017	1.3891232055636142	-0.00032279272328859993	0.009874266633549915	-1.3962025764618913e-05	3.048	-1.3962025764618913e-05	0.0	-0.00013962025764618913	0.0	0.0	0.0	-1.3962025764618913e-05	0.0	-0.00013962025764618913	0.0	-1.3962025764618913e-05	0.0	0.0	0.0	0.0	0.0
HMS_12p490_code_defaults	A_endpoint	8.0	-0.2	-0.2	0	0	0.051693987999999996	1.4666749451375973	7.853923987679707	0.5524984433088381	1.8375655447803323	-0.06376487168636213	-0.047223604433216264	-10.16	-6.096	0.0	0.0	0.0	0.0	0.0	0.0	0.0	0.0	0.0	0.0	0.0	0.0	0.0	0.0	0.0	0.0
HMS_12p490_code_defaults	B_fit_target	8.0	-0.2	-0.2	0	0	0.051693987999999996	1.4666749451375973	7.853923987679707	0.5470853398581447	1.8374653980116926	-0.06342494852296515	-0.0472108532570148	-10.108306012000002	-6.093957949166794	0.05169398799999847	0.0020420508332064102	0.5169398799999847	0.020420508332064102	-0.14830601200000001	0.0	0.19999999999999848	0.0020420508332064102	1.999999999999985	0.020420508332064102	-0.005413103450693457	-0.00010014676863967509	0.00033992316339698236	1.275117620146149e-05	0.3385539422182532	0.012722811117575616
HMS_12p490_code_defaults	C_HCANA_coordinate_step	8.0	-0.2	-0.2	0	0	0.051693987999999996	1.4666749451375973	7.853923987679707	0.5497403675619851	1.8375655447803323	-0.06376487168636213	-0.047223604433216264	-10.162758075746854	-6.096	-0.0027580757468541606	0.0	-0.027580757468541606	0.0	0.0	0.0	-0.0027580757468541606	0.0	-0.027580757468541606	0.0	-0.0027580757468530503	0.0	0.0	0.0	0.0	0.0
HMS_12p490_code_defaults	A_endpoint	8.0	-0.2	-0.2	8	8	0.051693987999999996	1.4666749451375973	7.853923987679707	-0.44404008828386843	1.2396424258247083	0.06311928623978492	0.028906890322471974	10.159999999999998	6.096	-1.7763568394002505e-15	0.0	-1.7763568394002505e-14	0.0	0.0	0.0	-1.7763568394002505e-15	0.0	-1.7763568394002505e-14	0.0	0.0	0.0	0.0	0.0	0.0	0.0
HMS_12p490_code_defaults	B_fit_target	8.0	-0.2	-0.2	8	8	0.051693987999999996	1.4666749451375973	7.853923987679707	-0.4436973638581446	1.2397037284654526	0.06342494852296515	0.028899084970543373	10.211693988000002	6.094750003516739	0.05169398800000202	-0.0012499964832608512	0.5169398800000202	-0.012499964832608512	-0.14830601200000001	0.0	0.20000000000000204	-0.0012499964832608512	2.0000000000000204	-0.012499964832608512	0.000342724425723806	6.130264074433178e-05	0.0003056622831802275	-7.805351928600462e-06	0.3044434837275872	-0.007798836915162005
HMS_12p490_code_defaults	C_HCANA_coordinate_step	8.0	-0.2	-0.2	8	8	0.051693987999999996	1.4666749451375973	7.853923987679707	-0.44130993658854467	1.2396424258247083	0.06311928623978492	0.028906890322471974	10.162730151695323	6.096	0.002730151695322647	0.0	0.027301516953226468	0.0	0.0	0.0	0.002730151695322647	0.0	0.027301516953226468	0.0	0.002730151695323757	0.0	0.0	0.0	0.0	0.0
HMS_15p195_code_defaults	A_endpoint	-8.0	0.0	0.0	4	4	-0.13402956300000002	-2.1767833175344498	-7.720314968959392	-0.12814094140439924	-2.081145810661605	0.0007627436988357096	0.012387772682509552	-2.7755575615628914e-17	-4.440892098500626e-16	-2.7755575615628914e-17	-4.440892098500626e-16	-2.7755575615628914e-16	-4.440892098500626e-15	0.0	0.0	-2.7755575615628914e-17	-4.440892098500626e-16	-2.7755575615628914e-16	-4.440892098500626e-15	0.0	0.0	0.0	0.0	0.0	0.0
HMS_15p195_code_defaults	B_fit_target	-8.0	0.0	0.0	4	4	-0.13402956300000002	-2.1767833175344498	-7.720314968959392	-0.13402956300000002	-2.081145810661605	0.0	0.012387772682509552	-0.13402956300000002	-4.440892098500626e-16	-0.13402956300000002	-4.440892098500626e-16	-1.3402956300000002	-4.440892098500626e-15	-0.13402956300000002	0.0	0.0	-4.440892098500626e-16	0.0	-4.440892098500626e-15	-0.005888621595600774	0.0	-0.0007627436988357096	0.0	-0.7627435509199394	0.0
HMS_15p195_code_defaults	C_HCANA_coordinate_step	-8.0	0.0	0.0	4	4	-0.13402956300000002	-2.1767833175344498	-7.720314968959392	-0.12814094140439924	-2.081145810661605	0.0007627436988357096	0.012387772682509552	-2.7755575615628914e-17	-4.440892098500626e-16	-2.7755575615628914e-17	-4.440892098500626e-16	-2.7755575615628914e-16	-4.440892098500626e-15	0.0	0.0	-2.7755575615628914e-17	-4.440892098500626e-16	-2.7755575615628914e-16	-4.440892098500626e-15	0.0	0.0	0.0	0.0	0.0	0.0
HMS_15p195_code_defaults	A_endpoint	-8.0	0.0	0.0	2	4	-0.13402956300000002	-2.1767833175344498	-7.720314968959392	-0.35133198251562014	-2.081145810661605	-0.02814683343740702	0.012387772682509552	-5.079999999999999	-4.440892098500626e-16	8.881784197001252e-16	-4.440892098500626e-16	8.881784197001252e-15	-4.440892098500626e-15	0.0	0.0	8.881784197001252e-16	-4.440892098500626e-16	8.881784197001252e-15	-4.440892098500626e-15	0.0	0.0	0.0	0.0	0.0	0.0
HMS_15p195_code_defaults	B_fit_target	-8.0	0.0	0.0	2	4	-0.13402956300000002	-2.1767833175344498	-7.720314968959392	-0.3572206041112209	-2.081145810661605	-0.02890957713624273	0.012387772682509552	-5.214029563	-4.440892098500626e-16	-0.13402956300000035	-4.440892098500626e-16	-1.3402956300000035	-4.440892098500626e-15	-0.13402956300000002	0.0	-3.3306690738754696e-16	-4.440892098500626e-16	-3.3306690738754696e-15	-4.440892098500626e-15	-0.005888621595600774	0.0	-0.0007627436988357113	0.0	-0.7621234014011102	0.0
HMS_15p195_code_defaults	C_HCANA_coordinate_step	-8.0	0.0	0.0	2	4	-0.13402956300000002	-2.1767833175344498	-7.720314968959392	-0.35133198251562014	-2.081145810661605	-0.02814683343740702	0.012387772682509552	-5.079999999999999	-4.440892098500626e-16	8.881784197001252e-16	-4.440892098500626e-16	8.881784197001252e-15	-4.440892098500626e-15	0.0	0.0	8.881784197001252e-16	-4.440892098500626e-16	8.881784197001252e-15	-4.440892098500626e-15	0.0	0.0	0.0	0.0	0.0	0.0
HMS_15p195_code_defaults	A_endpoint	-8.0	0.0	0.0	6	4	-0.13402956300000002	-2.1767833175344498	-7.720314968959392	0.09505009970682174	-2.081145810661605	0.029672320835078442	0.012387772682509552	5.08	-4.440892098500626e-16	0.0	-4.440892098500626e-16	0.0	-4.440892098500626e-15	0.0	0.0	0.0	-4.440892098500626e-16	0.0	-4.440892098500626e-15	0.0	0.0	0.0	0.0	0.0	0.0
HMS_15p195_code_defaults	B_fit_target	-8.0	0.0	0.0	6	4	-0.13402956300000002	-2.1767833175344498	-7.720314968959392	0.08916147811122091	-2.081145810661605	0.02890957713624273	0.012387772682509552	4.945970437	-4.440892098500626e-16	-0.13402956300000035	-4.440892098500626e-16	-1.3402956300000035	-4.440892098500626e-15	-0.13402956300000002	0.0	-3.3306690738754696e-16	-4.440892098500626e-16	-3.3306690738754696e-15	-4.440892098500626e-15	-0.005888621595600829	0.0	-0.0007627436988357113	0.0	-0.7620898196678203	0.0
HMS_15p195_code_defaults	C_HCANA_coordinate_step	-8.0	0.0	0.0	6	4	-0.13402956300000002	-2.1767833175344498	-7.720314968959392	0.09505009970682171	-2.081145810661605	0.029672320835078442	0.012387772682509552	5.08	-4.440892098500626e-16	0.0	-4.440892098500626e-16	0.0	-4.440892098500626e-15	0.0	0.0	0.0	-4.440892098500626e-16	0.0	-4.440892098500626e-15	-2.7755575615628914e-17	0.0	0.0	0.0	0.0	0.0
HMS_15p195_code_defaults	A_endpoint	-8.0	0.0	0.0	4	2	-0.13402956300000002	-2.1767833175344498	-7.720314968959392	-0.12814094140439924	-2.2150604353283376	0.0007627436988357096	-0.004957973599236086	-2.7755575615628914e-17	-3.048	-2.7755575615628914e-17	0.0	-2.7755575615628914e-16	0.0	0.0	0.0	-2.7755575615628914e-17	0.0	-2.7755575615628914e-16	0.0	0.0	0.0	0.0	0.0	0.0	0.0
HMS_15p195_code_defaults	B_fit_target	-8.0	0.0	0.0	4	2	-0.13402956300000002	-2.1767833175344498	-7.720314968959392	-0.13402956300000002	-2.2150604353283376	0.0	-0.004957973599236086	-0.13402956300000002	-3.048	-0.13402956300000002	0.0	-1.3402956300000002	0.0	-0.13402956300000002	0.0	0.0	0.0	0.0	0.0	-0.005888621595600774	0.0	-0.0007627436988357096	0.0	-0.7627435509199394	0.0
HMS_15p195_code_defaults	C_HCANA_coordinate_step	-8.0	0.0	0.0	4	2	-0.13402956300000002	-2.1767833175344498	-7.720314968959392	-0.12814094140439924	-2.2150604353283376	0.0007627436988357096	-0.004957973599236086	-2.7755575615628914e-17	-3.048	-2.7755575615628914e-17	0.0	-2.7755575615628914e-16	0.0	0.0	0.0	-2.7755575615628914e-17	0.0	-2.7755575615628914e-16	0.0	0.0	0.0	0.0	0.0	0.0	0.0
HMS_15p195_code_defaults	A_endpoint	-8.0	0.0	0.0	4	6	-0.13402956300000002	-2.1767833175344498	-7.720314968959392	-0.12814094140439924	-1.9472311859948723	0.0007627436988357096	0.029733518964255194	-2.7755575615628914e-17	3.048	-2.7755575615628914e-17	0.0	-2.7755575615628914e-16	0.0	0.0	0.0	-2.7755575615628914e-17	0.0	-2.7755575615628914e-16	0.0	0.0	0.0	0.0	0.0	0.0	0.0
HMS_15p195_code_defaults	B_fit_target	-8.0	0.0	0.0	4	6	-0.13402956300000002	-2.1767833175344498	-7.720314968959392	-0.13402956300000002	-1.9472311859948725	0.0	0.029733518964255194	-0.13402956300000002	3.048	-0.13402956300000002	0.0	-1.3402956300000002	0.0	-0.13402956300000002	0.0	0.0	0.0	0.0	0.0	-0.005888621595600774	-2.220446049250313e-16	-0.0007627436988357096	0.0	-0.7627435509199394	0.0
HMS_15p195_code_defaults	C_HCANA_coordinate_step	-8.0	0.0	0.0	4	6	-0.13402956300000002	-2.1767833175344498	-7.720314968959392	-0.12814094140439924	-1.9472311859948723	0.0007627436988357096	0.029733518964255194	-2.7755575615628914e-17	3.048	-2.7755575615628914e-17	0.0	-2.7755575615628914e-16	0.0	0.0	0.0	-2.7755575615628914e-17	0.0	-2.7755575615628914e-16	0.0	0.0	0.0	0.0	0.0	0.0	0.0
HMS_15p195_code_defaults	A_endpoint	-8.0	0.0	0.0	0	0	-0.13402956300000002	-2.1767833175344498	-7.720314968959392	-0.5745230236268412	-2.34897505999507	-0.057056410573649755	-0.022303719880981725	-10.16	-6.096	0.0	0.0	0.0	0.0	0.0	0.0	0.0	0.0	0.0	0.0	0.0	0.0	0.0	0.0	0.0	0.0
HMS_15p195_code_defaults	B_fit_target	-8.0	0.0	0.0	0	0	-0.13402956300000002	-2.1767833175344498	-7.720314968959392	-0.5804116452224419	-2.34897505999507	-0.05781915427248546	-0.022303719880981725	-10.294029563	-6.096	-0.13402956300000035	0.0	-1.3402956300000035	0.0	-0.13402956300000002	0.0	-3.3306690738754696e-16	0.0	-3.3306690738754696e-15	0.0	-0.005888621595600774	0.0	-0.0007627436988357078	0.0	-0.7602355701681052	0.0
HMS_15p195_code_defaults	C_HCANA_coordinate_step	-8.0	0.0	0.0	0	0	-0.13402956300000002	-2.1767833175344498	-7.720314968959392	-0.574523023626841	-2.34897505999507	-0.057056410573649755	-0.022303719880981725	-10.16	-6.096	0.0	0.0	0.0	0.0	0.0	0.0	0.0	0.0	0.0	0.0	1.1102230246251565e-16	0.0	0.0	0.0	0.0	0.0
HMS_15p195_code_defaults	A_endpoint	-8.0	0.0	0.0	8	8	-0.13402956300000002	-2.1767833175344498	-7.720314968959392	0.3182411408180427	-1.81331656132814	0.05858189797132118	0.04707926524600083	10.16	6.096	0.0	0.0	0.0	0.0	0.0	0.0	0.0	0.0	0.0	0.0	0.0	0.0	0.0	0.0	0.0	0.0
HMS_15p195_code_defaults	B_fit_target	-8.0	0.0	0.0	8	8	-0.13402956300000002	-2.1767833175344498	-7.720314968959392	0.31235251922244184	-1.81331656132814	0.05781915427248546	0.04707926524600083	10.025970437	6.096	-0.13402956300000035	0.0	-1.3402956300000035	0.0	-0.13402956300000002	0.0	-3.3306690738754696e-16	0.0	-3.3306690738754696e-15	0.0	-0.005888621595600885	0.0	-0.0007627436988357147	0.0	-0.760168741956363	0.0
HMS_15p195_code_defaults	C_HCANA_coordinate_step	-8.0	0.0	0.0	8	8	-0.13402956300000002	-2.1767833175344498	-7.720314968959392	0.31824114081804267	-1.8133165613281397	0.05858189797132118	0.04707926524600083	10.16	6.096	0.0	0.0	0.0	0.0	0.0	0.0	0.0	0.0	0.0	0.0	-5.551115123125783e-17	2.220446049250313e-16	0.0	0.0	0.0	0.0
HMS_15p195_code_defaults	A_endpoint	-8.0	0.0	0.2	4	4	-0.33402956300000003	-2.1767833175344498	-7.720314968959392	-0.3193538925417527	-2.081145810661605	0.0019009160270342426	0.012387772682509552	0.0	-4.440892098500626e-16	0.0	-4.440892098500626e-16	0.0	-4.440892098500626e-15	0.0	0.0	0.0	-4.440892098500626e-16	0.0	-4.440892098500626e-15	0.0	0.0	0.0	0.0	0.0	0.0
HMS_15p195_code_defaults	B_fit_target	-8.0	0.0	0.2	4	4	-0.33402956300000003	-2.1767833175344498	-7.720314968959392	-0.33402956300000003	-2.081145810661605	0.0	0.012387772682509552	-0.33402956300000003	-4.440892098500626e-16	-0.33402956300000003	-4.440892098500626e-16	-3.3402956300000004	-4.440892098500626e-15	-0.13402956300000002	0.0	-0.2	-4.440892098500626e-16	-2.0	-4.440892098500626e-15	-0.014675670458247303	0.0	-0.0019009160270342426	0.0	-1.9009137373974212	0.0
HMS_15p195_code_defaults	C_HCANA_coordinate_step	-8.0	0.0	0.2	4	4	-0.33402956300000003	-2.1767833175344498	-7.720314968959392	-0.3193538925417527	-2.081145810661605	0.0019009160270342426	0.012387772682509552	0.0	-4.440892098500626e-16	0.0	-4.440892098500626e-16	0.0	-4.440892098500626e-15	0.0	0.0	0.0	-4.440892098500626e-16	0.0	-4.440892098500626e-15	0.0	0.0	0.0	0.0	0.0	0.0
HMS_15p195_code_defaults	A_endpoint	-8.0	0.0	0.2	2	4	-0.33402956300000003	-2.1767833175344498	-7.720314968959392	-0.5425449336529737	-2.081145810661605	-0.027008661109208493	0.012387772682509552	-5.080000000000001	-4.440892098500626e-16	-8.881784197001252e-16	-4.440892098500626e-16	-8.881784197001252e-15	-4.440892098500626e-15	0.0	0.0	-8.881784197001252e-16	-4.440892098500626e-16	-8.881784197001252e-15	-4.440892098500626e-15	0.0	0.0	0.0	0.0	0.0	0.0
HMS_15p195_code_defaults	B_fit_target	-8.0	0.0	0.2	2	4	-0.33402956300000003	-2.1767833175344498	-7.720314968959392	-0.557220604111221	-2.081145810661605	-0.02890957713624273	0.012387772682509552	-5.414029563	-4.440892098500626e-16	-0.33402956299999964	-4.440892098500626e-16	-3.3402956299999964	-4.440892098500626e-15	-0.13402956300000002	0.0	-0.19999999999999962	-4.440892098500626e-16	-1.9999999999999962	-4.440892098500626e-15	-0.014675670458247247	0.0	-0.0019009160270342385	0.0	-1.8994306484773418	0.0
HMS_15p195_code_defaults	C_HCANA_coordinate_step	-8.0	0.0	0.2	2	4	-0.33402956300000003	-2.1767833175344498	-7.720314968959392	-0.5425449336529737	-2.081145810661605	-0.027008661109208493	0.012387772682509552	-5.080000000000001	-4.440892098500626e-16	-8.881784197001252e-16	-4.440892098500626e-16	-8.881784197001252e-15	-4.440892098500626e-15	0.0	0.0	-8.881784197001252e-16	-4.440892098500626e-16	-8.881784197001252e-15	-4.440892098500626e-15	0.0	0.0	0.0	0.0	0.0	0.0
HMS_15p195_code_defaults	A_endpoint	-8.0	0.0	0.2	6	4	-0.33402956300000003	-2.1767833175344498	-7.720314968959392	-0.0961628514305318	-2.081145810661605	0.030810493163276973	0.012387772682509552	5.079999999999999	-4.440892098500626e-16	-8.881784197001252e-16	-4.440892098500626e-16	-8.881784197001252e-15	-4.440892098500626e-15	0.0	0.0	-8.881784197001252e-16	-4.440892098500626e-16	-8.881784197001252e-15	-4.440892098500626e-15	0.0	0.0	0.0	0.0	0.0	0.0
HMS_15p195_code_defaults	B_fit_target	-8.0	0.0	0.2	6	4	-0.33402956300000003	-2.1767833175344498	-7.720314968959392	-0.1108385218887791	-2.081145810661605	0.02890957713624273	0.012387772682509552	4.7459704369999995	-4.440892098500626e-16	-0.33402956300000053	-4.440892098500626e-16	-3.3402956300000053	-4.440892098500626e-15	-0.13402956300000002	0.0	-0.2000000000000005	-4.440892098500626e-16	-2.0000000000000053	-4.440892098500626e-15	-0.014675670458247303	0.0	-0.001900916027034242	0.0	-1.8992220695631632	0.0
HMS_15p195_code_defaults	C_HCANA_coordinate_step	-8.0	0.0	0.2	6	4	-0.33402956300000003	-2.1767833175344498	-7.720314968959392	-0.09616285143053183	-2.081145810661605	0.030810493163276973	0.012387772682509552	5.079999999999999	-4.440892098500626e-16	-8.881784197001252e-16	-4.440892098500626e-16	-8.881784197001252e-15	-4.440892098500626e-15	0.0	0.0	-8.881784197001252e-16	-4.440892098500626e-16	-8.881784197001252e-15	-4.440892098500626e-15	-2.7755575615628914e-17	0.0	0.0	0.0	0.0	0.0
HMS_15p195_code_defaults	A_endpoint	-8.0	0.0	0.2	4	2	-0.33402956300000003	-2.1767833175344498	-7.720314968959392	-0.3193538925417527	-2.2150604353283376	0.0019009160270342426	-0.004957973599236086	0.0	-3.048	0.0	0.0	0.0	0.0	0.0	0.0	0.0	0.0	0.0	0.0	0.0	0.0	0.0	0.0	0.0	0.0
HMS_15p195_code_defaults	B_fit_target	-8.0	0.0	0.2	4	2	-0.33402956300000003	-2.1767833175344498	-7.720314968959392	-0.33402956300000003	-2.2150604353283376	0.0	-0.004957973599236086	-0.33402956300000003	-3.048	-0.33402956300000003	0.0	-3.3402956300000004	0.0	-0.13402956300000002	0.0	-0.2	0.0	-2.0	0.0	-0.014675670458247303	0.0	-0.0019009160270342426	0.0	-1.9009137373974212	0.0
HMS_15p195_code_defaults	C_HCANA_coordinate_step	-8.0	0.0	0.2	4	2	-0.33402956300000003	-2.1767833175344498	-7.720314968959392	-0.3193538925417527	-2.2150604353283376	0.0019009160270342426	-0.004957973599236086	0.0	-3.048	0.0	0.0	0.0	0.0	0.0	0.0	0.0	0.0	0.0	0.0	0.0	0.0	0.0	0.0	0.0	0.0
HMS_15p195_code_defaults	A_endpoint	-8.0	0.0	0.2	4	6	-0.33402956300000003	-2.1767833175344498	-7.720314968959392	-0.3193538925417527	-1.9472311859948723	0.0019009160270342426	0.029733518964255194	0.0	3.048	0.0	0.0	0.0	0.0	0.0	0.0	0.0	0.0	0.0	0.0	0.0	0.0	0.0	0.0	0.0	0.0
HMS_15p195_code_defaults	B_fit_target	-8.0	0.0	0.2	4	6	-0.33402956300000003	-2.1767833175344498	-7.720314968959392	-0.33402956300000003	-1.9472311859948725	0.0	0.029733518964255194	-0.33402956300000003	3.048	-0.33402956300000003	0.0	-3.3402956300000004	0.0	-0.13402956300000002	0.0	-0.2	0.0	-2.0	0.0	-0.014675670458247303	-2.220446049250313e-16	-0.0019009160270342426	0.0	-1.9009137373974212	0.0
HMS_15p195_code_defaults	C_HCANA_coordinate_step	-8.0	0.0	0.2	4	6	-0.33402956300000003	-2.1767833175344498	-7.720314968959392	-0.3193538925417527	-1.9472311859948723	0.0019009160270342426	0.029733518964255194	0.0	3.048	0.0	0.0	0.0	0.0	0.0	0.0	0.0	0.0	0.0	0.0	0.0	0.0	0.0	0.0	0.0	0.0
HMS_15p195_code_defaults	A_endpoint	-8.0	0.0	0.2	0	0	-0.33402956300000003	-2.1767833175344498	-7.720314968959392	-0.7657359747641947	-2.34897505999507	-0.055918238245451224	-0.022303719880981725	-10.16	-6.096	0.0	0.0	0.0	0.0	0.0	0.0	0.0	0.0	0.0	0.0	0.0	0.0	0.0	0.0	0.0	0.0
HMS_15p195_code_defaults	B_fit_target	-8.0	0.0	0.2	0	0	-0.33402956300000003	-2.1767833175344498	-7.720314968959392	-0.7804116452224419	-2.34897505999507	-0.05781915427248546	-0.022303719880981725	-10.494029563	-6.096	-0.33402956299999964	0.0	-3.3402956299999964	0.0	-0.13402956300000002	0.0	-0.19999999999999962	0.0	-1.9999999999999962	0.0	-0.014675670458247136	0.0	-0.0019009160270342385	0.0	-1.894787628522257	0.0
HMS_15p195_code_defaults	C_HCANA_coordinate_step	-8.0	0.0	0.2	0	0	-0.33402956300000003	-2.1767833175344498	-7.720314968959392	-0.7657359747641946	-2.34897505999507	-0.055918238245451224	-0.022303719880981725	-10.16	-6.096	0.0	0.0	0.0	0.0	0.0	0.0	0.0	0.0	0.0	0.0	1.1102230246251565e-16	0.0	0.0	0.0	0.0	0.0
HMS_15p195_code_defaults	A_endpoint	-8.0	0.0	0.2	8	8	-0.33402956300000003	-2.1767833175344498	-7.720314968959392	0.12702818968068913	-1.81331656132814	0.0597200702995197	0.04707926524600083	10.16	6.096	0.0	0.0	0.0	0.0	0.0	0.0	0.0	0.0	0.0	0.0	0.0	0.0	0.0	0.0	0.0	0.0
HMS_15p195_code_defaults	B_fit_target	-8.0	0.0	0.2	8	8	-0.33402956300000003	-2.1767833175344498	-7.720314968959392	0.11235251922244183	-1.81331656132814	0.05781915427248546	0.04707926524600083	9.825970437	6.096	-0.33402956299999964	0.0	-3.3402956299999964	0.0	-0.13402956300000002	0.0	-0.19999999999999962	0.0	-1.9999999999999962	0.0	-0.014675670458247303	0.0	-0.0019009160270342385	0.0	-1.894372552979827	0.0
HMS_15p195_code_defaults	C_HCANA_coordinate_step	-8.0	0.0	0.2	8	8	-0.33402956300000003	-2.1767833175344498	-7.720314968959392	0.12702818968068907	-1.8133165613281397	0.0597200702995197	0.04707926524600083	10.16	6.096	0.0	0.0	0.0	0.0	0.0	0.0	0.0	0.0	0.0	0.0	-5.551115123125783e-17	2.220446049250313e-16	0.0	0.0	0.0	0.0
HMS_15p195_code_defaults	A_endpoint	-8.0	0.2	0.0	4	4	-0.13402956300000002	-1.983775443310465	-7.772735961772753	-0.1281027257201994	-1.896052153097503	0.0007625162245249963	0.011286024720818471	-2.7755575615628914e-17	2.220446049250313e-16	-2.7755575615628914e-17	2.220446049250313e-16	-2.7755575615628914e-16	2.220446049250313e-15	0.0	0.0	-2.7755575615628914e-17	2.220446049250313e-16	-2.7755575615628914e-16	2.220446049250313e-15	0.0	0.0	0.0	0.0	0.0	0.0
HMS_15p195_code_defaults	B_fit_target	-8.0	0.2	0.0	4	4	-0.13402956300000002	-1.983775443310465	-7.772735961772753	-0.13402956300000002	-1.8960259834314253	0.0	0.011289391574678741	-0.13402956300000002	0.0005918011146033297	-0.13402956300000002	0.0005918011146033297	-1.3402956300000002	0.005918011146033297	-0.13402956300000002	0.0	0.0	0.0005918011146033297	0.0	0.005918011146033297	-0.0059268372798006175	2.6169666077713316e-05	-0.0007625162245249963	3.366853860270122e-06	-0.7625160767415261	0.003366424936137799
HMS_15p195_code_defaults	C_HCANA_coordinate_step	-8.0	0.2	0.0	4	4	-0.13402956300000002	-1.983775443310465	-7.772735961772753	-0.12814269757772528	-1.896052153097503	0.0007625162245249963	0.011286024720818471	-3.997185752591115e-05	2.220446049250313e-16	-3.997185752591115e-05	2.220446049250313e-16	-0.0003997185752591115	2.220446049250313e-15	0.0	0.0	-3.997185752591115e-05	2.220446049250313e-16	-0.0003997185752591115	2.220446049250313e-15	-3.997185752588339e-05	0.0	0.0	0.0	0.0	0.0
HMS_15p195_code_defaults	A_endpoint	-8.0	0.2	0.0	2	4	-0.13402956300000002	-1.983775443310465	-7.772735961772753	-0.35274222097384855	-1.896052153097503	-0.028138439160869947	0.011286024720818471	-5.079999999999999	2.220446049250313e-16	8.881784197001252e-16	2.220446049250313e-16	8.881784197001252e-15	2.220446049250313e-15	0.0	0.0	8.881784197001252e-16	2.220446049250313e-16	8.881784197001252e-15	2.220446049250313e-15	0.0	0.0	0.0	0.0	0.0	0.0
HMS_15p195_code_defaults	B_fit_target	-8.0	0.2	0.0	2	4	-0.13402956300000002	-1.983775443310465	-7.772735961772753	-0.3572206041112209	-1.8960259834314253	-0.02890957713624273	0.011289391574678741	-5.214029563	0.0005918011146033297	-0.13402956300000035	0.0005918011146033297	-1.3402956300000035	0.005918011146033297	-0.13402956300000002	0.0	-3.3306690738754696e-16	0.0005918011146033297	-3.3306690738754696e-15	0.005918011146033297	-0.004478383137372366	2.6169666077713316e-05	-0.0007711379753727841	3.366853860270122e-06	-0.7705110348655148	0.003366424936137799
HMS_15p195_code_defaults	C_HCANA_coordinate_step	-8.0	0.2	0.0	2	4	-0.13402956300000002	-1.983775443310465	-7.772735961772753	-0.3512671760568174	-1.896052153097503	-0.028138439160869947	0.011286024720818471	-5.078524955082968	2.220446049250313e-16	0.0014750449170319868	2.220446049250313e-16	0.014750449170319868	2.220446049250313e-15	0.0	0.0	0.0014750449170319868	2.220446049250313e-16	0.014750449170319868	2.220446049250313e-15	0.0014750449170311541	0.0	0.0	0.0	0.0	0.0
HMS_15p195_code_defaults	A_endpoint	-8.0	0.2	0.0	6	4	-0.13402956300000002	-1.983775443310465	-7.772735961772753	0.09653676953344983	-1.896052153097503	0.029663471609919945	0.011286024720818471	5.080000000000001	2.220446049250313e-16	8.881784197001252e-16	2.220446049250313e-16	8.881784197001252e-15	2.220446049250313e-15	0.0	0.0	8.881784197001252e-16	2.220446049250313e-16	8.881784197001252e-15	2.220446049250313e-15	0.0	0.0	0.0	0.0	0.0	0.0
HMS_15p195_code_defaults	B_fit_target	-8.0	0.2	0.0	6	4	-0.13402956300000002	-1.983775443310465	-7.772735961772753	0.08916147811122091	-1.8960259834314253	0.02890957713624273	0.011289391574678741	4.945970437	0.0005918011146033297	-0.13402956300000035	0.0005918011146033297	-1.3402956300000035	0.005918011146033297	-0.13402956300000002	0.0	-3.3306690738754696e-16	0.0005918011146033297	-3.3306690738754696e-15	0.005918011146033297	-0.0073752914222289245	2.6169666077713316e-05	-0.0007538944736772135	3.366853860270122e-06	-0.7532483766066849	0.003366424936137799
HMS_15p195_code_defaults	C_HCANA_coordinate_step	-8.0	0.2	0.0	6	4	-0.13402956300000002	-1.983775443310465	-7.772735961772753	0.09498178090136686	-1.896052153097503	0.029663471609919945	0.011286024720818471	5.078445011367918	2.220446049250313e-16	-0.0015549886320824768	2.220446049250313e-16	-0.015549886320824768	2.220446049250313e-15	0.0	0.0	-0.0015549886320824768	2.220446049250313e-16	-0.015549886320824768	2.220446049250313e-15	-0.0015549886320829764	0.0	0.0	0.0	0.0	0.0
HMS_15p195_code_defaults	A_endpoint	-8.0	0.2	0.0	4	2	-0.13402956300000002	-1.983775443310465	-7.772735961772753	-0.1281027257201994	-2.0308358502496926	0.0007625162245249963	-0.006054548510418497	-2.7755575615628914e-17	-3.048	-2.7755575615628914e-17	0.0	-2.7755575615628914e-16	0.0	0.0	0.0	-2.7755575615628914e-17	0.0	-2.7755575615628914e-16	0.0	0.0	0.0	0.0	0.0	0.0	0.0
HMS_15p195_code_defaults	B_fit_target	-8.0	0.2	0.0	4	2	-0.13402956300000002	-1.983775443310465	-7.772735961772753	-0.13402956300000002	-2.0308498893393354	0.0	-0.006056354707066898	-0.13402956300000002	-3.048317480126574	-0.13402956300000002	-0.00031748012657395464	-1.3402956300000002	-0.0031748012657395464	-0.13402956300000002	0.0	0.0	-0.00031748012657395464	0.0	-0.0031748012657395464	-0.0059268372798006175	-1.4039089642814417e-05	-0.0007625162245249963	-1.806196648400718e-06	-0.7625160767415261	-0.001806130420316937
HMS_15p195_code_defaults	C_HCANA_coordinate_step	-8.0	0.2	0.0	4	2	-0.13402956300000002	-1.983775443310465	-7.772735961772753	-0.12814269757772528	-2.0308358502496926	0.0007625162245249963	-0.006054548510418497	-3.997185752591115e-05	-3.048	-3.997185752591115e-05	0.0	-0.0003997185752591115	0.0	0.0	0.0	-3.997185752591115e-05	0.0	-0.0003997185752591115	0.0	-3.997185752588339e-05	0.0	0.0	0.0	0.0	0.0
HMS_15p195_code_defaults	A_endpoint	-8.0	0.2	0.0	4	6	-0.13402956300000002	-1.983775443310465	-7.772735961772753	-0.1281027257201994	-1.7612684559453136	0.0007625162245249963	0.028626597952055438	-2.7755575615628914e-17	3.048	-2.7755575615628914e-17	0.0	-2.7755575615628914e-16	0.0	0.0	0.0	-2.7755575615628914e-17	0.0	-2.7755575615628914e-16	0.0	0.0	0.0	0.0	0.0	0.0	0.0
HMS_15p195_code_defaults	B_fit_target	-8.0	0.2	0.0	4	6	-0.13402956300000002	-1.983775443310465	-7.772735961772753	-0.13402956300000002	-1.7612020775235149	0.0	0.02863513785642438	-0.13402956300000002	3.049501082355781	-0.13402956300000002	0.0015010823557810582	-1.3402956300000002	0.015010823557810582	-0.13402956300000002	0.0	0.0	0.0015010823557810582	0.0	0.015010823557810582	-0.0059268372798006175	6.637842179868514e-05	-0.0007625162245249963	8.539904368942697e-06	-0.7625160767415261	0.008532909715846387
HMS_15p195_code_defaults	C_HCANA_coordinate_step	-8.0	0.2	0.0	4	6	-0.13402956300000002	-1.983775443310465	-7.772735961772753	-0.12814269757772528	-1.7612684559453136	0.0007625162245249963	0.028626597952055438	-3.997185752591115e-05	3.048	-3.997185752591115e-05	0.0	-0.0003997185752591115	0.0	0.0	0.0	-3.997185752591115e-05	0.0	-0.0003997185752591115	0.0	-3.997185752588339e-05	0.0	0.0	0.0	0.0	0.0
HMS_15p195_code_defaults	A_endpoint	-8.0	0.2	0.0	0	0	-0.13402956300000002	-1.983775443310465	-7.772735961772753	-0.5773817162274978	-2.165619547401882	-0.057039394546264895	-0.023395121741655464	-10.16	-6.096	0.0	0.0	0.0	0.0	0.0	0.0	0.0	0.0	0.0	0.0	0.0	0.0	0.0	0.0	0.0	0.0
HMS_15p195_code_defaults	B_fit_target	-8.0	0.2	0.0	0	0	-0.13402956300000002	-1.983775443310465	-7.772735961772753	-0.5804116452224419	-2.165673795247246	-0.05781915427248546	-0.023402100988812534	-10.294029563	-6.097226761367752	-0.13402956300000035	-0.0012267613677519051	-1.3402956300000035	-0.012267613677519051	-0.13402956300000002	0.0	-3.3306690738754696e-16	-0.0012267613677519051	-3.3306690738754696e-15	-0.012267613677519051	-0.003029928994944142	-5.424784536378624e-05	-0.0007797597262205677	-6.979247157069823e-06	-0.7771963991589983	-0.006975428144914697
HMS_15p195_code_defaults	C_HCANA_coordinate_step	-8.0	0.2	0.0	0	0	-0.13402956300000002	-1.983775443310465	-7.772735961772753	-0.5743916545359096	-2.165619547401882	-0.057039394546264895	-0.023395121741655464	-10.157009938308413	-6.096	0.0029900616915874423	0.0	0.029900616915874423	0.0	0.0	0.0	0.0029900616915874423	0.0	0.029900616915874423	0.0	0.0029900616915882194	0.0	0.0	0.0	0.0	0.0
HMS_15p195_code_defaults	A_endpoint	-8.0	0.2	0.0	8	8	-0.13402956300000002	-1.983775443310465	-7.772735961772753	0.32117626478709904	-1.626484758793124	0.05856442699531489	0.0459671711832924	10.16	6.096	0.0	0.0	0.0	0.0	0.0	0.0	0.0	0.0	0.0	0.0	0.0	0.0	0.0	0.0	0.0	0.0
HMS_15p195_code_defaults	B_fit_target	-8.0	0.2	0.0	8	8	-0.13402956300000002	-1.983775443310465	-7.772735961772753	0.31235251922244184	-1.6263781716156043	0.05781915427248546	0.045980884138170024	10.025970437	6.09841036359696	-0.13402956300000035	0.002410363596959897	-1.3402956300000035	0.02410363596959897	-0.13402956300000002	0.0	-3.3306690738754696e-16	0.002410363596959897	-3.3306690738754696e-15	0.02410363596959897	-0.008823745564657204	0.00010658717751965696	-0.0007452727228294265	1.3712954877620476e-05	-0.7427575007044953	0.013684032153522818
HMS_15p195_code_defaults	C_HCANA_coordinate_step	-8.0	0.2	0.0	8	8	-0.13402956300000002	-1.983775443310465	-7.772735961772753	0.31810625938045894	-1.6264847587931242	0.05856442699531489	0.0459671711832924	10.15692999459336	6.096	-0.0030700054066397087	0.0	-0.030700054066397087	0.0	0.0	0.0	-0.0030700054066397087	0.0	-0.030700054066397087	0.0	-0.0030700054066400972	-2.220446049250313e-16	0.0	0.0	0.0	0.0
HMS_15p195_code_defaults	A_endpoint	-8.0	-0.2	-0.2	4	4	0.06597043699999999	-2.3697911917584347	-7.667893976146031	0.06309083102860541	-2.2663499356887518	-0.000375540660884556	0.013490178188623523	0.0	0.0	0.0	0.0	0.0	0.0	0.0	0.0	0.0	0.0	0.0	0.0	0.0	0.0	0.0	0.0	0.0	0.0
HMS_15p195_code_defaults	B_fit_target	-8.0	-0.2	-0.2	4	4	0.06597043699999999	-2.3697911917584347	-7.667893976146031	0.06597043699999999	-2.266380794348105	0.0	0.013486153790340365	0.06597043699999999	-0.0007069575709235387	0.06597043699999999	-0.0007069575709235387	0.6597043699999999	-0.007069575709235387	-0.13402956300000002	0.0	0.2	-0.0007069575709235387	2.0	-0.007069575709235387	0.002879605971394583	-3.085865935315013e-05	0.000375540660884556	-4.0243982831582314e-06	0.3755406432302924	-0.0040236662550499624
HMS_15p195_code_defaults	C_HCANA_coordinate_step	-8.0	-0.2	-0.2	4	4	0.06597043699999999	-2.3697911917584347	-7.667893976146031	0.06307114481432005	-2.2663499356887518	-0.000375540660884556	0.013490178188623523	-1.9686214285358217e-05	0.0	-1.9686214285358217e-05	0.0	-0.00019686214285358217	0.0	0.0	0.0	-1.9686214285358217e-05	0.0	-0.00019686214285358217	0.0	-1.9686214285358217e-05	0.0	0.0	0.0	0.0	0.0
HMS_15p195_code_defaults	A_endpoint	-8.0	-0.2	-0.2	2	4	0.06597043699999999	-2.3697911917584347	-7.667893976146031	-0.15865089147483202	-2.2663499356887518	-0.029293744693602193	0.013490178188623523	-5.080000000000001	0.0	-8.881784197001252e-16	0.0	-8.881784197001252e-15	0.0	0.0	0.0	-8.881784197001252e-16	0.0	-8.881784197001252e-15	0.0	0.0	0.0	0.0	0.0	0.0	0.0
HMS_15p195_code_defaults	B_fit_target	-8.0	-0.2	-0.2	2	4	0.06597043699999999	-2.3697911917584347	-7.667893976146031	-0.15722060411122094	-2.266380794348105	-0.02890957713624273	0.013486153790340365	-5.014029563	-0.0007069575709235387	0.06597043699999983	-0.0007069575709235387	0.6597043699999983	-0.007069575709235387	-0.13402956300000002	0.0	0.19999999999999984	-0.0007069575709235387	1.9999999999999984	-0.007069575709235387	0.001430287363611088	-3.085865935315013e-05	0.0003841675573594619	-4.0243982831582314e-06	0.3838424739040537	-0.0040236662550499624
HMS_15p195_code_defaults	C_HCANA_coordinate_step	-8.0	-0.2	-0.2	2	4	0.06597043699999999	-2.3697911917584347	-7.667893976146031	-0.16018649865489176	-2.2663499356887518	-0.029293744693602193	0.013490178188623523	-5.081535607180061	0.0	-0.0015356071800605164	0.0	-0.015356071800605164	0.0	0.0	0.0	-0.0015356071800605164	0.0	-0.015356071800605164	0.0	-0.0015356071800597393	0.0	0.0	0.0	0.0	0.0
HMS_15p195_code_defaults	A_endpoint	-8.0	-0.2	-0.2	6	4	0.06597043699999999	-2.3697911917584347	-7.667893976146031	0.28483255353204284	-2.2663499356887518	0.02854266337183308	0.013490178188623523	5.080000000000001	0.0	8.881784197001252e-16	0.0	8.881784197001252e-15	0.0	0.0	0.0	8.881784197001252e-16	0.0	8.881784197001252e-15	0.0	0.0	0.0	0.0	0.0	0.0	0.0
HMS_15p195_code_defaults	B_fit_target	-8.0	-0.2	-0.2	6	4	0.06597043699999999	-2.3697911917584347	-7.667893976146031	0.28916147811122095	-2.266380794348105	0.02890957713624273	0.013486153790340365	5.145970437	-0.0007069575709235387	0.06597043699999983	-0.0007069575709235387	0.6597043699999983	-0.007069575709235387	-0.13402956300000002	0.0	0.19999999999999984	-0.0007069575709235387	1.9999999999999984	-0.007069575709235387	0.004328924579178106	-3.085865935315013e-05	0.0003669137644096501	-4.0243982831582314e-06	0.3666112363896711	-0.0040236662550499624
HMS_15p195_code_defaults	C_HCANA_coordinate_step	-8.0	-0.2	-0.2	6	4	0.06597043699999999	-2.3697911917584347	-7.667893976146031	0.28632878828353187	-2.2663499356887518	0.02854266337183308	0.013490178188623523	5.08149623475149	0.0	0.0014962347514897445	0.0	0.014962347514897445	0.0	0.0	0.0	0.0014962347514897445	0.0	0.014962347514897445	0.0	0.0014962347514890229	0.0	0.0	0.0	0.0	0.0
HMS_15p195_code_defaults	A_endpoint	-8.0	-0.2	-0.2	4	2	0.06597043699999999	-2.3697911917584347	-7.667893976146031	0.06309083102860541	-2.3993949691908143	-0.000375540660884556	-0.0038607442310070587	0.0	-3.048	0.0	0.0	0.0	0.0	0.0	0.0	0.0	0.0	0.0	0.0	0.0	0.0	0.0	0.0	0.0	0.0
HMS_15p195_code_defaults	B_fit_target	-8.0	-0.2	-0.2	4	2	0.06597043699999999	-2.3697911917584347	-7.667893976146031	0.06597043699999999	-2.39938613777366	0.0	-0.0038595924914052735	0.06597043699999999	-3.0477976763297456	0.06597043699999999	0.00020232367025441178	0.6597043699999999	0.002023236702544118	-0.13402956300000002	0.0	0.2	0.00020232367025441178	2.0	0.002023236702544118	0.002879605971394583	8.83141715446456e-06	0.000375540660884556	1.1517396017852143e-06	0.3755406432302924	0.0011517224400843344
HMS_15p195_code_defaults	C_HCANA_coordinate_step	-8.0	-0.2	-0.2	4	2	0.06597043699999999	-2.3697911917584347	-7.667893976146031	0.06307114481432005	-2.3993949691908143	-0.000375540660884556	-0.0038607442310070587	-1.9686214285358217e-05	-3.048	-1.9686214285358217e-05	0.0	-0.00019686214285358217	0.0	0.0	0.0	-1.9686214285358217e-05	0.0	-0.00019686214285358217	0.0	-1.9686214285358217e-05	0.0	0.0	0.0	0.0	0.0
HMS_15p195_code_defaults	A_endpoint	-8.0	-0.2	-0.2	4	6	0.06597043699999999	-2.3697911917584347	-7.667893976146031	0.06309083102860541	-2.1333049021866892	-0.000375540660884556	0.030841100608254103	0.0	3.0480000000000005	0.0	4.440892098500626e-16	0.0	4.440892098500626e-15	0.0	0.0	0.0	4.440892098500626e-16	0.0	4.440892098500626e-15	0.0	0.0	0.0	0.0	0.0	0.0
HMS_15p195_code_defaults	B_fit_target	-8.0	-0.2	-0.2	4	6	0.06597043699999999	-2.3697911917584347	-7.667893976146031	0.06597043699999999	-2.13337545092255	0.0	0.030831900072086003	0.06597043699999999	3.046383761187898	0.06597043699999999	-0.0016162388121019333	0.6597043699999999	-0.016162388121019333	-0.13402956300000002	0.0	0.2	-0.0016162388121019333	2.0	-0.016162388121019333	0.002879605971394583	-7.054873586076482e-05	0.000375540660884556	-9.200536168100376e-06	0.3755406432302924	-0.00919179578361129
HMS_15p195_code_defaults	C_HCANA_coordinate_step	-8.0	-0.2	-0.2	4	6	0.06597043699999999	-2.3697911917584347	-7.667893976146031	0.06307114481432005	-2.1333049021866892	-0.000375540660884556	0.030841100608254103	-1.9686214285358217e-05	3.0480000000000005	-1.9686214285358217e-05	4.440892098500626e-16	-0.00019686214285358217	4.440892098500626e-15	0.0	0.0	-1.9686214285358217e-05	4.440892098500626e-16	-0.00019686214285358217	4.440892098500626e-15	-1.9686214285358217e-05	0.0	0.0	0.0	0.0	0.0
HMS_15p195_code_defaults	A_endpoint	-8.0	-0.2	-0.2	0	0	0.06597043699999999	-2.3697911917584347	-7.667893976146031	-0.3803926139782695	-2.532440002692877	-0.05821194872631984	-0.02121166665063764	-10.160000000000002	-6.096	-1.7763568394002505e-15	0.0	-1.7763568394002505e-14	0.0	0.0	0.0	-1.7763568394002505e-15	0.0	-1.7763568394002505e-14	0.0	0.0	0.0	0.0	0.0	0.0	0.0
HMS_15p195_code_defaults	B_fit_target	-8.0	-0.2	-0.2	0	0	0.06597043699999999	-2.3697911917584347	-7.667893976146031	-0.38041164522244186	-2.5323914811992143	-0.05781915427248546	-0.021205338773150912	-10.094029563	-6.094888395088567	0.06597043700000071	0.0011116049114328064	0.6597043700000071	0.011116049114328064	-0.13402956300000002	0.0	0.20000000000000073	0.0011116049114328064	2.000000000000007	0.011116049114328064	-1.903124417235169e-05	4.852149366252334e-05	0.0003927944538343747	6.327877486729527e-06	0.39147681455577177	0.006325032483382037
HMS_15p195_code_defaults	C_HCANA_coordinate_step	-8.0	-0.2	-0.2	0	0	0.06597043699999999	-2.3697911917584347	-7.667893976146031	-0.3834441421241036	-2.532440002692877	-0.05821194872631984	-0.02121166665063764	-10.163051528145836	-6.096	-0.003051528145835647	0.0	-0.03051528145835647	0.0	0.0	0.0	-0.003051528145835647	0.0	-0.03051528145835647	0.0	-0.0030515281458340926	0.0	0.0	0.0	0.0	0.0
HMS_15p195_code_defaults	A_endpoint	-8.0	-0.2	-0.2	8	8	0.06597043699999999	-2.3697911917584347	-7.667893976146031	0.5065742760354802	-2.0002598686846267	0.05746086740455071	0.04819202302788469	10.159999999999998	6.096000000000002	-1.7763568394002505e-15	1.7763568394002505e-15	-1.7763568394002505e-14	1.7763568394002505e-14	0.0	0.0	-1.7763568394002505e-15	1.7763568394002505e-15	-1.7763568394002505e-14	1.7763568394002505e-14	0.0	0.0	0.0	0.0	0.0	0.0
HMS_15p195_code_defaults	B_fit_target	-8.0	-0.2	-0.2	8	8	0.06597043699999999	-2.3697911917584347	-7.667893976146031	0.5123525192224418	-2.0003701074969955	0.05781915427248546	0.04817764635383164	10.225970437	6.09347447994672	0.06597043700000071	-0.002525520053279884	0.6597043700000071	-0.025255200532798838	-0.13402956300000002	0.0	0.20000000000000073	-0.002525520053279884	2.000000000000007	-0.025255200532798838	0.005778243186961629	-0.0001102388123688236	0.0003582868679347512	-1.437667405304599e-05	0.3571004440596076	-0.014343371923200565
HMS_15p195_code_defaults	C_HCANA_coordinate_step	-8.0	-0.2	-0.2	8	8	0.06597043699999999	-2.3697911917584347	-7.667893976146031	0.5095864317527437	-2.0002598686846267	0.05746086740455071	0.04819202302788469	10.163012155717263	6.096000000000002	0.0030121557172630986	1.7763568394002505e-15	0.030121557172630986	1.7763568394002505e-14	0.0	0.0	0.0030121557172630986	1.7763568394002505e-15	0.030121557172630986	1.7763568394002505e-14	0.0030121557172634317	0.0	0.0	0.0	0.0	0.0
HMS_15p195_code_defaults	A_endpoint	0.0	0.0	0.0	4	4	-0.13402956300000002	-0.079943605	-3.469446951953614e-18	-0.13402956300000002	-0.079943605	0.000797795017857143	0.0004758547916666667	0.0	0.0	0.0	0.0	0.0	0.0	0.0	0.0	0.0	0.0	0.0	0.0	0.0	0.0	0.0	0.0	0.0	0.0
HMS_15p195_code_defaults	B_fit_target	0.0	0.0	0.0	4	4	-0.13402956300000002	-0.079943605	-3.469446951953614e-18	-0.13402956300000002	-0.079943605	0.0	0.0004758547916666667	-0.13402956300000002	0.0	-0.13402956300000002	0.0	-1.3402956300000002	0.0	-0.13402956300000002	0.0	0.0	0.0	0.0	0.0	0.0	0.0	-0.000797795017857143	0.0	-0.7977948485978436	0.0
HMS_15p195_code_defaults	C_HCANA_coordinate_step	0.0	0.0	0.0	4	4	-0.13402956300000002	-0.079943605	-3.469446951953614e-18	-0.13402956300000002	-0.079943605	0.000797795017857143	0.0004758547916666667	0.0	0.0	0.0	0.0	0.0	0.0	0.0	0.0	0.0	0.0	0.0	0.0	0.0	0.0	0.0	0.0	0.0	0.0
HMS_15p195_code_defaults	A_endpoint	0.0	0.0	0.0	2	4	-0.13402956300000002	-0.079943605	-3.469446951953614e-18	-0.13402956300000002	-0.079943605	-0.029440300220238094	0.0004758547916666667	-5.08	0.0	0.0	0.0	0.0	0.0	0.0	0.0	0.0	0.0	0.0	0.0	0.0	0.0	0.0	0.0	0.0	0.0
HMS_15p195_code_defaults	B_fit_target	0.0	0.0	0.0	2	4	-0.13402956300000002	-0.079943605	-3.469446951953614e-18	-0.13402956300000002	-0.079943605	-0.030238095238095238	0.0004758547916666667	-5.214029563	0.0	-0.13402956300000035	0.0	-1.3402956300000035	0.0	-0.13402956300000002	0.0	-3.3306690738754696e-16	0.0	-3.3306690738754696e-15	0.0	0.0	0.0	-0.0007977950178571433	0.0	-0.7970852687652457	0.0
HMS_15p195_code_defaults	C_HCANA_coordinate_step	0.0	0.0	0.0	2	4	-0.13402956300000002	-0.079943605	-3.469446951953614e-18	-0.13402956300000002	-0.079943605	-0.029440300220238094	0.0004758547916666667	-5.08	0.0	0.0	0.0	0.0	0.0	0.0	0.0	0.0	0.0	0.0	0.0	0.0	0.0	0.0	0.0	0.0	0.0
HMS_15p195_code_defaults	A_endpoint	0.0	0.0	0.0	6	4	-0.13402956300000002	-0.079943605	-3.469446951953614e-18	-0.13402956300000002	-0.079943605	0.031035890255952384	0.0004758547916666667	5.08	0.0	0.0	0.0	0.0	0.0	0.0	0.0	0.0	0.0	0.0	0.0	0.0	0.0	0.0	0.0	0.0	0.0
HMS_15p195_code_defaults	B_fit_target	0.0	0.0	0.0	6	4	-0.13402956300000002	-0.079943605	-3.469446951953614e-18	-0.13402956300000002	-0.079943605	0.030238095238095238	0.0004758547916666667	4.945970437	0.0	-0.13402956300000035	0.0	-1.3402956300000035	0.0	-0.13402956300000002	0.0	-3.3306690738754696e-16	0.0	-3.3306690738754696e-15	0.0	0.0	0.0	-0.0007977950178571468	0.0	-0.797046847384731	0.0
HMS_15p195_code_defaults	C_HCANA_coordinate_step	0.0	0.0	0.0	6	4	-0.13402956300000002	-0.079943605	-3.469446951953614e-18	-0.13402956300000002	-0.079943605	0.031035890255952384	0.0004758547916666667	5.08	0.0	0.0	0.0	0.0	0.0	0.0	0.0	0.0	0.0	0.0	0.0	0.0	0.0	0.0	0.0	0.0	0.0
HMS_15p195_code_defaults	A_endpoint	0.0	0.0	0.0	4	2	-0.13402956300000002	-0.079943605	-3.469446951953614e-18	-0.13402956300000002	-0.079943605	0.000797795017857143	-0.017667002351190477	0.0	-3.048	0.0	0.0	0.0	0.0	0.0	0.0	0.0	0.0	0.0	0.0	0.0	0.0	0.0	0.0	0.0	0.0
HMS_15p195_code_defaults	B_fit_target	0.0	0.0	0.0	4	2	-0.13402956300000002	-0.079943605	-3.469446951953614e-18	-0.13402956300000002	-0.079943605	0.0	-0.017667002351190477	-0.13402956300000002	-3.048	-0.13402956300000002	0.0	-1.3402956300000002	0.0	-0.13402956300000002	0.0	0.0	0.0	0.0	0.0	0.0	0.0	-0.000797795017857143	0.0	-0.7977948485978436	0.0
HMS_15p195_code_defaults	C_HCANA_coordinate_step	0.0	0.0	0.0	4	2	-0.13402956300000002	-0.079943605	-3.469446951953614e-18	-0.13402956300000002	-0.079943605	0.000797795017857143	-0.017667002351190477	0.0	-3.048	0.0	0.0	0.0	0.0	0.0	0.0	0.0	0.0	0.0	0.0	0.0	0.0	0.0	0.0	0.0	0.0
HMS_15p195_code_defaults	A_endpoint	0.0	0.0	0.0	4	6	-0.13402956300000002	-0.079943605	-3.469446951953614e-18	-0.13402956300000002	-0.079943605	0.000797795017857143	0.01861871193452381	0.0	3.048	0.0	0.0	0.0	0.0	0.0	0.0	0.0	0.0	0.0	0.0	0.0	0.0	0.0	0.0	0.0	0.0
HMS_15p195_code_defaults	B_fit_target	0.0	0.0	0.0	4	6	-0.13402956300000002	-0.079943605	-3.469446951953614e-18	-0.13402956300000002	-0.079943605	0.0	0.01861871193452381	-0.13402956300000002	3.048	-0.13402956300000002	0.0	-1.3402956300000002	0.0	-0.13402956300000002	0.0	0.0	0.0	0.0	0.0	0.0	0.0	-0.000797795017857143	0.0	-0.7977948485978436	0.0
HMS_15p195_code_defaults	C_HCANA_coordinate_step	0.0	0.0	0.0	4	6	-0.13402956300000002	-0.079943605	-3.469446951953614e-18	-0.13402956300000002	-0.079943605	0.000797795017857143	0.01861871193452381	0.0	3.048	0.0	0.0	0.0	0.0	0.0	0.0	0.0	0.0	0.0	0.0	0.0	0.0	0.0	0.0	0.0	0.0
HMS_15p195_code_defaults	A_endpoint	0.0	0.0	0.0	0	0	-0.13402956300000002	-0.079943605	-3.469446951953614e-18	-0.13402956300000002	-0.079943605	-0.05967839545833333	-0.035809859494047615	-10.16	-6.096	0.0	0.0	0.0	0.0	0.0	0.0	0.0	0.0	0.0	0.0	0.0	0.0	0.0	0.0	0.0	0.0
HMS_15p195_code_defaults	B_fit_target	0.0	0.0	0.0	0	0	-0.13402956300000002	-0.079943605	-3.469446951953614e-18	-0.13402956300000002	-0.079943605	-0.060476190476190475	-0.035809859494047615	-10.294029563	-6.096	-0.13402956300000035	0.0	-1.3402956300000035	0.0	-0.13402956300000002	0.0	-3.3306690738754696e-16	0.0	-3.3306690738754696e-15	0.0	0.0	0.0	-0.0007977950178571433	0.0	-0.7949258653751345	0.0
HMS_15p195_code_defaults	C_HCANA_coordinate_step	0.0	0.0	0.0	0	0	-0.13402956300000002	-0.079943605	-3.469446951953614e-18	-0.13402956300000002	-0.079943605	-0.05967839545833333	-0.035809859494047615	-10.16	-6.096	0.0	0.0	0.0	0.0	0.0	0.0	0.0	0.0	0.0	0.0	0.0	0.0	0.0	0.0	0.0	0.0
HMS_15p195_code_defaults	A_endpoint	0.0	0.0	0.0	8	8	-0.13402956300000002	-0.079943605	-3.469446951953614e-18	-0.13402956300000002	-0.079943605	0.061273985494047625	0.03676156907738096	10.16	6.096	0.0	0.0	0.0	0.0	0.0	0.0	0.0	0.0	0.0	0.0	0.0	0.0	0.0	0.0	0.0	0.0
HMS_15p195_code_defaults	B_fit_target	0.0	0.0	0.0	8	8	-0.13402956300000002	-0.079943605	-3.469446951953614e-18	-0.13402956300000002	-0.079943605	0.060476190476190475	0.03676156907738096	10.025970437	6.096	-0.13402956300000035	0.0	-1.3402956300000035	0.0	-0.13402956300000002	0.0	-3.3306690738754696e-16	0.0	-3.3306690738754696e-15	0.0	0.0	0.0	-0.0007977950178571502	0.0	-0.7948494420671124	0.0
HMS_15p195_code_defaults	C_HCANA_coordinate_step	0.0	0.0	0.0	8	8	-0.13402956300000002	-0.079943605	-3.469446951953614e-18	-0.13402956300000002	-0.079943605	0.061273985494047625	0.03676156907738096	10.16	6.096	0.0	0.0	0.0	0.0	0.0	0.0	0.0	0.0	0.0	0.0	0.0	0.0	0.0	0.0	0.0	0.0
HMS_15p195_code_defaults	A_endpoint	0.0	0.0	0.2	4	4	-0.33402956300000003	-0.079943605	-3.469446951953614e-18	-0.33402956300000003	-0.079943605	0.0019882712083333334	0.0004758547916666667	0.0	0.0	0.0	0.0	0.0	0.0	0.0	0.0	0.0	0.0	0.0	0.0	0.0	0.0	0.0	0.0	0.0	0.0
HMS_15p195_code_defaults	B_fit_target	0.0	0.0	0.2	4	4	-0.33402956300000003	-0.079943605	-3.469446951953614e-18	-0.33402956300000003	-0.079943605	0.0	0.0004758547916666667	-0.33402956300000003	0.0	-0.33402956300000003	0.0	-3.3402956300000004	0.0	-0.13402956300000002	0.0	-0.2	0.0	-2.0	0.0	0.0	0.0	-0.0019882712083333334	0.0	-1.9882685883134565	0.0
HMS_15p195_code_defaults	C_HCANA_coordinate_step	0.0	0.0	0.2	4	4	-0.33402956300000003	-0.079943605	-3.469446951953614e-18	-0.33402956300000003	-0.079943605	0.0019882712083333334	0.0004758547916666667	0.0	0.0	0.0	0.0	0.0	0.0	0.0	0.0	0.0	0.0	0.0	0.0	0.0	0.0	0.0	0.0	0.0	0.0
HMS_15p195_code_defaults	A_endpoint	0.0	0.0	0.2	2	4	-0.33402956300000003	-0.079943605	-3.469446951953614e-18	-0.33402956300000003	-0.079943605	-0.028249824029761908	0.0004758547916666667	-5.08	0.0	0.0	0.0	0.0	0.0	0.0	0.0	0.0	0.0	0.0	0.0	0.0	0.0	0.0	0.0	0.0	0.0
HMS_15p195_code_defaults	B_fit_target	0.0	0.0	0.2	2	4	-0.33402956300000003	-0.079943605	-3.469446951953614e-18	-0.33402956300000003	-0.079943605	-0.030238095238095238	0.0004758547916666667	-5.414029563	0.0	-0.33402956299999964	0.0	-3.3402956299999964	0.0	-0.13402956300000002	0.0	-0.19999999999999962	0.0	-1.9999999999999962	0.0	0.0	0.0	-0.0019882712083333295	0.0	-1.986571621845786	0.0
HMS_15p195_code_defaults	C_HCANA_coordinate_step	0.0	0.0	0.2	2	4	-0.33402956300000003	-0.079943605	-3.469446951953614e-18	-0.33402956300000003	-0.079943605	-0.028249824029761908	0.0004758547916666667	-5.08	0.0	0.0	0.0	0.0	0.0	0.0	0.0	0.0	0.0	0.0	0.0	0.0	0.0	0.0	0.0	0.0	0.0
HMS_15p195_code_defaults	A_endpoint	0.0	0.0	0.2	6	4	-0.33402956300000003	-0.079943605	-3.469446951953614e-18	-0.33402956300000003	-0.079943605	0.03222636644642857	0.0004758547916666667	5.08	0.0	0.0	0.0	0.0	0.0	0.0	0.0	0.0	0.0	0.0	0.0	0.0	0.0	0.0	0.0	0.0	0.0
HMS_15p195_code_defaults	B_fit_target	0.0	0.0	0.2	6	4	-0.33402956300000003	-0.079943605	-3.469446951953614e-18	-0.33402956300000003	-0.079943605	0.030238095238095238	0.0004758547916666667	4.745970437	0.0	-0.33402956299999964	0.0	-3.3402956299999964	0.0	-0.13402956300000002	0.0	-0.19999999999999962	0.0	-1.9999999999999962	0.0	0.0	0.0	-0.0019882712083333295	0.0	-1.9863329835513137	0.0
HMS_15p195_code_defaults	C_HCANA_coordinate_step	0.0	0.0	0.2	6	4	-0.33402956300000003	-0.079943605	-3.469446951953614e-18	-0.33402956300000003	-0.079943605	0.03222636644642857	0.0004758547916666667	5.08	0.0	0.0	0.0	0.0	0.0	0.0	0.0	0.0	0.0	0.0	0.0	0.0	0.0	0.0	0.0	0.0	0.0
HMS_15p195_code_defaults	A_endpoint	0.0	0.0	0.2	4	2	-0.33402956300000003	-0.079943605	-3.469446951953614e-18	-0.33402956300000003	-0.079943605	0.0019882712083333334	-0.017667002351190477	0.0	-3.048	0.0	0.0	0.0	0.0	0.0	0.0	0.0	0.0	0.0	0.0	0.0	0.0	0.0	0.0	0.0	0.0
HMS_15p195_code_defaults	B_fit_target	0.0	0.0	0.2	4	2	-0.33402956300000003	-0.079943605	-3.469446951953614e-18	-0.33402956300000003	-0.079943605	0.0	-0.017667002351190477	-0.33402956300000003	-3.048	-0.33402956300000003	0.0	-3.3402956300000004	0.0	-0.13402956300000002	0.0	-0.2	0.0	-2.0	0.0	0.0	0.0	-0.0019882712083333334	0.0	-1.9882685883134565	0.0
HMS_15p195_code_defaults	C_HCANA_coordinate_step	0.0	0.0	0.2	4	2	-0.33402956300000003	-0.079943605	-3.469446951953614e-18	-0.33402956300000003	-0.079943605	0.0019882712083333334	-0.017667002351190477	0.0	-3.048	0.0	0.0	0.0	0.0	0.0	0.0	0.0	0.0	0.0	0.0	0.0	0.0	0.0	0.0	0.0	0.0
HMS_15p195_code_defaults	A_endpoint	0.0	0.0	0.2	4	6	-0.33402956300000003	-0.079943605	-3.469446951953614e-18	-0.33402956300000003	-0.079943605	0.0019882712083333334	0.01861871193452381	0.0	3.048	0.0	0.0	0.0	0.0	0.0	0.0	0.0	0.0	0.0	0.0	0.0	0.0	0.0	0.0	0.0	0.0
HMS_15p195_code_defaults	B_fit_target	0.0	0.0	0.2	4	6	-0.33402956300000003	-0.079943605	-3.469446951953614e-18	-0.33402956300000003	-0.079943605	0.0	0.01861871193452381	-0.33402956300000003	3.048	-0.33402956300000003	0.0	-3.3402956300000004	0.0	-0.13402956300000002	0.0	-0.2	0.0	-2.0	0.0	0.0	0.0	-0.0019882712083333334	0.0	-1.9882685883134565	0.0
HMS_15p195_code_defaults	C_HCANA_coordinate_step	0.0	0.0	0.2	4	6	-0.33402956300000003	-0.079943605	-3.469446951953614e-18	-0.33402956300000003	-0.079943605	0.0019882712083333334	0.01861871193452381	0.0	3.048	0.0	0.0	0.0	0.0	0.0	0.0	0.0	0.0	0.0	0.0	0.0	0.0	0.0	0.0	0.0	0.0
HMS_15p195_code_defaults	A_endpoint	0.0	0.0	0.2	0	0	-0.33402956300000003	-0.079943605	-3.469446951953614e-18	-0.33402956300000003	-0.079943605	-0.058487919267857146	-0.035809859494047615	-10.16	-6.096	0.0	0.0	0.0	0.0	0.0	0.0	0.0	0.0	0.0	0.0	0.0	0.0	0.0	0.0	0.0	0.0
HMS_15p195_code_defaults	B_fit_target	0.0	0.0	0.2	0	0	-0.33402956300000003	-0.079943605	-3.469446951953614e-18	-0.33402956300000003	-0.079943605	-0.060476190476190475	-0.035809859494047615	-10.494029563	-6.096	-0.33402956299999964	0.0	-3.3402956299999964	0.0	-0.13402956300000002	0.0	-0.19999999999999962	0.0	-1.9999999999999962	0.0	0.0	0.0	-0.0019882712083333295	0.0	-1.9812606371555908	0.0
HMS_15p195_code_defaults	C_HCANA_coordinate_step	0.0	0.0	0.2	0	0	-0.33402956300000003	-0.079943605	-3.469446951953614e-18	-0.33402956300000003	-0.079943605	-0.058487919267857146	-0.035809859494047615	-10.16	-6.096	0.0	0.0	0.0	0.0	0.0	0.0	0.0	0.0	0.0	0.0	0.0	0.0	0.0	0.0	0.0	0.0
HMS_15p195_code_defaults	A_endpoint	0.0	0.0	0.2	8	8	-0.33402956300000003	-0.079943605	-3.469446951953614e-18	-0.33402956300000003	-0.079943605	0.06246446168452381	0.03676156907738096	10.16	6.096	0.0	0.0	0.0	0.0	0.0	0.0	0.0	0.0	0.0	0.0	0.0	0.0	0.0	0.0	0.0	0.0
HMS_15p195_code_defaults	B_fit_target	0.0	0.0	0.2	8	8	-0.33402956300000003	-0.079943605	-3.469446951953614e-18	-0.33402956300000003	-0.079943605	0.060476190476190475	0.03676156907738096	9.825970437	6.096	-0.33402956299999964	0.0	-3.3402956299999964	0.0	-0.13402956300000002	0.0	-0.19999999999999962	0.0	-1.9999999999999962	0.0	0.0	0.0	-0.0019882712083333365	0.0	-1.9807859658102431	0.0
HMS_15p195_code_defaults	C_HCANA_coordinate_step	0.0	0.0	0.2	8	8	-0.33402956300000003	-0.079943605	-3.469446951953614e-18	-0.33402956300000003	-0.079943605	0.06246446168452381	0.03676156907738096	10.16	6.096	0.0	0.0	0.0	0.0	0.0	0.0	0.0	0.0	0.0	0.0	0.0	0.0	0.0	0.0	0.0	0.0
HMS_15p195_code_defaults	A_endpoint	0.0	0.2	0.0	4	4	-0.13402956300000002	0.11306426922398478	-0.05242099281336125	-0.1339877548384913	0.11302900081660676	0.0007975461597529243	-0.0006727916715274212	0.0	0.0	0.0	0.0	0.0	0.0	0.0	0.0	0.0	0.0	0.0	0.0	0.0	0.0	0.0	0.0	0.0	0.0
HMS_15p195_code_defaults	B_fit_target	0.0	0.2	0.0	4	4	-0.13402956300000002	0.11306426922398478	-0.05242099281336125	-0.13402956300000002	0.1130289898118155	0.0	-0.0006730016025237191	-0.13402956300000002	-3.5279412169297863e-05	-0.13402956300000002	-3.5279412169297863e-05	-1.3402956300000002	-0.00035279412169297863	-0.13402956300000002	0.0	0.0	-3.5279412169297863e-05	0.0	-0.00035279412169297863	-4.180816150872735e-05	-1.100479125881737e-08	-0.0007975461597529243	-2.099309962978876e-07	-0.7975459906519677	-0.00020993090124328106
HMS_15p195_code_defaults	C_HCANA_coordinate_step	0.0	0.2	0.0	4	4	-0.13402956300000002	0.11306426922398478	-0.05242099281336125	-0.13402956300000002	0.11302900081660676	0.0007975461597529243	-0.0006727916715274212	-4.180816150872735e-05	0.0	-4.180816150872735e-05	0.0	-0.0004180816150872735	0.0	0.0	0.0	-4.180816150872735e-05	0.0	-0.0004180816150872735	0.0	-4.180816150872735e-05	0.0	0.0	0.0	0.0	0.0
HMS_15p195_code_defaults	A_endpoint	0.0	0.2	0.0	2	4	-0.13402956300000002	0.11306426922398478	-0.05242099281336125	-0.13557237136420777	0.11302900081660676	-0.02943111683711781	-0.0006727916715274212	-5.079999999999999	0.0	8.881784197001252e-16	0.0	8.881784197001252e-15	0.0	0.0	0.0	8.881784197001252e-16	0.0	8.881784197001252e-15	0.0	0.0	0.0	0.0	0.0	0.0	0.0
HMS_15p195_code_defaults	B_fit_target	0.0	0.2	0.0	2	4	-0.13402956300000002	0.11306426922398478	-0.05242099281336125	-0.13402956300000002	0.1130289898118155	-0.030238095238095238	-0.0006730016025237191	-5.214029563	-3.5279412169297863e-05	-0.13402956300000035	-3.5279412169297863e-05	-1.3402956300000035	-0.00035279412169297863	-0.13402956300000002	0.0	-3.3306690738754696e-16	-3.5279412169297863e-05	-3.3306690738754696e-15	-0.00035279412169297863	0.001542808364207754	-1.100479125881737e-08	-0.0008069784009774282	-2.099309962978876e-07	-0.8062607017312249	-0.00020993090124328106
HMS_15p195_code_defaults	C_HCANA_coordinate_step	0.0	0.2	0.0	2	4	-0.13402956300000002	0.11306426922398478	-0.05242099281336125	-0.13402956300000002	0.11302900081660676	-0.02943111683711781	-0.0006727916715274212	-5.078457191635792	0.0	0.0015428083642081702	0.0	0.015428083642081702	0.0	0.0	0.0	0.0015428083642081702	0.0	0.015428083642081702	0.0	0.001542808364207754	0.0	0.0	0.0	0.0	0.0
HMS_15p195_code_defaults	A_endpoint	0.0	0.2	0.0	6	4	-0.13402956300000002	0.11306426922398478	-0.05242099281336125	-0.1324031383127748	0.11302900081660676	0.031026209156623664	-0.0006727916715274212	5.080000000000001	0.0	8.881784197001252e-16	0.0	8.881784197001252e-15	0.0	0.0	0.0	8.881784197001252e-16	0.0	8.881784197001252e-15	0.0	0.0	0.0	0.0	0.0	0.0	0.0
HMS_15p195_code_defaults	B_fit_target	0.0	0.2	0.0	6	4	-0.13402956300000002	0.11306426922398478	-0.05242099281336125	-0.13402956300000002	0.1130289898118155	0.030238095238095238	-0.0006730016025237191	4.945970437	-3.5279412169297863e-05	-0.13402956300000035	-3.5279412169297863e-05	-1.3402956300000035	-0.00035279412169297863	-0.13402956300000002	0.0	-3.3306690738754696e-16	-3.5279412169297863e-05	-3.3306690738754696e-15	-0.00035279412169297863	-0.0016264246872252086	-1.100479125881737e-08	-0.0007881139185284269	-2.099309962978876e-07	-0.7873750612708459	-0.00020993090124328106
HMS_15p195_code_defaults	C_HCANA_coordinate_step	0.0	0.2	0.0	6	4	-0.13402956300000002	0.11306426922398478	-0.05242099281336125	-0.13402956300000002	0.11302900081660676	0.031026209156623664	-0.0006727916715274212	5.078373575312775	0.0	-0.0016264246872248478	0.0	-0.016264246872248478	0.0	0.0	0.0	-0.0016264246872248478	0.0	-0.016264246872248478	0.0	-0.0016264246872252086	0.0	0.0	0.0	0.0	0.0
HMS_15p195_code_defaults	A_endpoint	0.0	0.2	0.0	4	2	-0.13402956300000002	0.11306426922398478	-0.05242099281336125	-0.1339877548384913	0.11207823090117687	0.0007975461597529243	-0.018809989469649863	0.0	-3.0480000000000005	0.0	-4.440892098500626e-16	0.0	-4.440892098500626e-15	0.0	0.0	0.0	-4.440892098500626e-16	0.0	-4.440892098500626e-15	0.0	0.0	0.0	0.0	0.0	0.0
HMS_15p195_code_defaults	B_fit_target	0.0	0.2	0.0	4	2	-0.13402956300000002	0.11306426922398478	-0.05242099281336125	-0.13402956300000002	0.11207792322791596	0.0	-0.018815858745380862	-0.13402956300000002	-3.048986345996069	-0.13402956300000002	-0.000986345996068838	-1.3402956300000002	-0.009863459960688381	-0.13402956300000002	0.0	0.0	-0.000986345996068838	0.0	-0.009863459960688381	-4.180816150872735e-05	-3.0767326091030167e-07	-0.0007975461597529243	-5.869275730999157e-06	-0.7975459906519677	-0.005867199175980942
HMS_15p195_code_defaults	C_HCANA_coordinate_step	0.0	0.2	0.0	4	2	-0.13402956300000002	0.11306426922398478	-0.05242099281336125	-0.13402956300000002	0.11207823090117687	0.0007975461597529243	-0.018809989469649863	-4.180816150872735e-05	-3.0480000000000005	-4.180816150872735e-05	-4.440892098500626e-16	-0.0004180816150872735	-4.440892098500626e-15	0.0	0.0	-4.180816150872735e-05	-4.440892098500626e-16	-0.0004180816150872735	-4.440892098500626e-15	-4.180816150872735e-05	0.0	0.0	0.0	0.0	0.0
HMS_15p195_code_defaults	A_endpoint	0.0	0.2	0.0	4	6	-0.13402956300000002	0.11306426922398478	-0.05242099281336125	-0.1339877548384913	0.11397977073203665	0.0007975461597529243	0.01746440612659502	0.0	3.048	0.0	0.0	0.0	0.0	0.0	0.0	0.0	0.0	0.0	0.0	0.0	0.0	0.0	0.0	0.0	0.0
HMS_15p195_code_defaults	B_fit_target	0.0	0.2	0.0	4	6	-0.13402956300000002	0.11306426922398478	-0.05242099281336125	-0.13402956300000002	0.11398005639571507	0.0	0.017469855540333423	-0.13402956300000002	3.04891578717173	-0.13402956300000002	0.0009157871717300203	-1.3402956300000002	0.009157871717300203	-0.13402956300000002	0.0	0.0	0.0009157871717300203	0.0	0.009157871717300203	-4.180816150872735e-05	2.856636784204225e-07	-0.0007975461597529243	5.449413738402298e-06	-0.7975459906519677	0.005447751625774211
HMS_15p195_code_defaults	C_HCANA_coordinate_step	0.0	0.2	0.0	4	6	-0.13402956300000002	0.11306426922398478	-0.05242099281336125	-0.13402956300000002	0.11397977073203665	0.0007975461597529243	0.01746440612659502	-4.180816150872735e-05	3.048	-4.180816150872735e-05	0.0	-0.0004180816150872735	0.0	0.0	0.0	-4.180816150872735e-05	0.0	-0.0004180816150872735	0.0	-4.180816150872735e-05	0.0	0.0	0.0	0.0	0.0
HMS_15p195_code_defaults	A_endpoint	0.0	0.2	0.0	0	0	-0.13402956300000002	0.11306426922398478	-0.05242099281336125	-0.13715698788992425	0.11112746098574698	-0.05965977983398855	-0.036947187267772304	-10.16	-6.096	0.0	0.0	0.0	0.0	0.0	0.0	0.0	0.0	0.0	0.0	0.0	0.0	0.0	0.0	0.0	0.0
HMS_15p195_code_defaults	B_fit_target	0.0	0.2	0.0	0	0	-0.13402956300000002	0.11306426922398478	-0.05242099281336125	-0.13402956300000002	0.11112685664401642	-0.060476190476190475	-0.03695871588823801	-10.294029563	-6.097937412579968	-0.13402956300000035	-0.0019374125799682673	-1.3402956300000035	-0.019374125799682673	-0.13402956300000002	0.0	-3.3306690738754696e-16	-0.0019374125799682673	-3.3306690738754696e-15	-0.019374125799682673	0.003127424889924235	-6.04341730561786e-07	-0.0008164106422019271	-1.1528620465703354e-05	-0.8134754457928897	-0.011512899363984308
HMS_15p195_code_defaults	C_HCANA_coordinate_step	0.0	0.2	0.0	0	0	-0.13402956300000002	0.11306426922398478	-0.05242099281336125	-0.13402956300000002	0.11112746098574698	-0.05965977983398855	-0.036947187267772304	-10.156872575110077	-6.096	0.003127424889923347	0.0	0.03127424889923347	0.0	0.0	0.0	0.003127424889923347	0.0	0.03127424889923347	0.0	0.003127424889924235	0.0	0.0	0.0	0.0	0.0
HMS_15p195_code_defaults	A_endpoint	0.0	0.2	0.0	8	8	-0.13402956300000002	0.11306426922398478	-0.05242099281336125	-0.13081852178705833	0.11493054064746654	0.0612548721534944	0.035601603924717465	10.160000000000002	6.096000000000001	1.7763568394002505e-15	8.881784197001252e-16	1.7763568394002505e-14	8.881784197001252e-15	0.0	0.0	1.7763568394002505e-15	8.881784197001252e-16	1.7763568394002505e-14	8.881784197001252e-15	0.0	0.0	0.0	0.0	0.0	0.0
HMS_15p195_code_defaults	B_fit_target	0.0	0.2	0.0	8	8	-0.13402956300000002	0.11306426922398478	-0.05242099281336125	-0.13402956300000002	0.11493112297961461	0.060476190476190475	0.035612712683190564	10.025970437	6.0978668537556295	-0.13402956300000035	0.0018668537556294496	-1.3402956300000035	0.018668537556294496	-0.13402956300000002	0.0	-3.3306690738754696e-16	0.0018668537556294496	-3.3306690738754696e-15	0.018668537556294496	-0.00321104121294169	5.823321480719068e-07	-0.0007786816773039246	1.1108758473099556e-05	-0.7758075719414143	0.011094691849115879
HMS_15p195_code_defaults	C_HCANA_coordinate_step	0.0	0.2	0.0	8	8	-0.13402956300000002	0.11306426922398478	-0.05242099281336125	-0.13402956300000002	0.11493054064746654	0.0612548721534944	0.035601603924717465	10.15678895878706	6.096000000000001	-0.0032110412129409127	8.881784197001252e-16	-0.03211041212940913	8.881784197001252e-15	0.0	0.0	-0.0032110412129409127	8.881784197001252e-16	-0.03211041212940913	8.881784197001252e-15	-0.00321104121294169	0.0	0.0	0.0	0.0	0.0
HMS_15p195_code_defaults	A_endpoint	0.0	-0.2	-0.2	4	4	0.06597043699999999	-0.27295147922398477	0.05242099281336124	0.06599102816198228	-0.2730366747809281	-0.0003928037390594184	0.0016252183022674289	0.0	-5.551115123125783e-17	0.0	-5.551115123125783e-17	0.0	-5.551115123125783e-16	0.0	0.0	0.0	-5.551115123125783e-17	0.0	-5.551115123125783e-16	0.0	0.0	0.0	0.0	0.0	0.0
HMS_15p195_code_defaults	B_fit_target	0.0	-0.2	-0.2	4	4	0.06597043699999999	-0.27295147922398477	0.05242099281336124	0.06597043699999999	-0.2730366481973824	0.0	0.0016247111858570522	0.06597043699999999	-8.51689733976091e-05	0.06597043699999999	-8.51689733976091e-05	0.6597043699999999	-0.0008516897339760909	-0.13402956300000002	0.0	0.2	-8.51689733976091e-05	2.0	-0.0008516897339760909	-2.0591161982289052e-05	2.6583545698066757e-08	0.0003928037390594184	-5.071164103766321e-07	0.3928037188568984	-0.0005071150713340401
HMS_15p195_code_defaults	C_HCANA_coordinate_step	0.0	-0.2	-0.2	4	4	0.06597043699999999	-0.27295147922398477	0.05242099281336124	0.06597043699999999	-0.2730366747809281	-0.0003928037390594184	0.0016252183022674289	-2.0591161982289052e-05	-5.551115123125783e-17	-2.0591161982289052e-05	-5.551115123125783e-17	-0.00020591161982289052	-5.551115123125783e-16	0.0	0.0	-2.0591161982289052e-05	-5.551115123125783e-17	-0.00020591161982289052	-5.551115123125783e-16	-2.0591161982289052e-05	0.0	0.0	0.0	0.0	0.0
HMS_15p195_code_defaults	A_endpoint	0.0	-0.2	-0.2	2	4	0.06597043699999999	-0.27295147922398477	0.05242099281336124	0.06757663389125856	-0.2730366747809281	-0.030640337106495583	0.0016252183022674289	-5.079999999999999	-5.551115123125783e-17	8.881784197001252e-16	-5.551115123125783e-17	8.881784197001252e-15	-5.551115123125783e-16	0.0	0.0	8.881784197001252e-16	-5.551115123125783e-17	8.881784197001252e-15	-5.551115123125783e-16	0.0	0.0	0.0	0.0	0.0	0.0
HMS_15p195_code_defaults	B_fit_target	0.0	-0.2	-0.2	2	4	0.06597043699999999	-0.27295147922398477	0.05242099281336124	0.06597043699999999	-0.2730366481973824	-0.030238095238095238	0.0016247111858570522	-5.014029563	-8.51689733976091e-05	0.06597043699999983	-8.51689733976091e-05	0.6597043699999983	-0.0008516897339760909	-0.13402956300000002	0.0	0.19999999999999984	-8.51689733976091e-05	1.9999999999999984	-0.0008516897339760909	-0.0016061968912585711	2.6583545698066757e-08	0.0004022418684003458	-5.071164103766321e-07	0.4018695124603719	-0.0005071150713340401
HMS_15p195_code_defaults	C_HCANA_coordinate_step	0.0	-0.2	-0.2	2	4	0.06597043699999999	-0.27295147922398477	0.05242099281336124	0.06597043699999999	-0.2730366747809281	-0.030640337106495583	0.0016252183022674289	-5.081606196891258	-5.551115123125783e-17	-0.0016061968912577385	-5.551115123125783e-17	-0.016061968912577385	-5.551115123125783e-16	0.0	0.0	-0.0016061968912577385	-5.551115123125783e-17	-0.016061968912577385	-5.551115123125783e-16	-0.0016061968912585711	0.0	0.0	0.0	0.0	0.0
HMS_15p195_code_defaults	A_endpoint	0.0	-0.2	-0.2	6	4	0.06597043699999999	-0.27295147922398477	0.05242099281336124	0.06440542243270601	-0.2730366747809281	0.02985472962837675	0.0016252183022674289	5.08	-5.551115123125783e-17	0.0	-5.551115123125783e-17	0.0	-5.551115123125783e-16	0.0	0.0	0.0	-5.551115123125783e-17	0.0	-5.551115123125783e-16	0.0	0.0	0.0	0.0	0.0	0.0
HMS_15p195_code_defaults	B_fit_target	0.0	-0.2	-0.2	6	4	0.06597043699999999	-0.27295147922398477	0.05242099281336124	0.06597043699999999	-0.2730366481973824	0.030238095238095238	0.0016247111858570522	5.145970437	-8.51689733976091e-05	0.06597043699999983	-8.51689733976091e-05	0.6597043699999983	-0.0008516897339760909	-0.13402956300000002	0.0	0.19999999999999984	-8.51689733976091e-05	1.9999999999999984	-0.0008516897339760909	0.0015650145672939791	2.6583545698066757e-08	0.0003833656097184876	-5.071164103766321e-07	0.38301981976863675	-0.0005071150713340401
HMS_15p195_code_defaults	C_HCANA_coordinate_step	0.0	-0.2	-0.2	6	4	0.06597043699999999	-0.27295147922398477	0.05242099281336124	0.06597043699999999	-0.2730366747809281	0.02985472962837675	0.0016252183022674289	5.0815650145672935	-5.551115123125783e-17	0.0015650145672934102	-5.551115123125783e-17	0.0156501456729341	-5.551115123125783e-16	0.0	0.0	0.0015650145672934102	-5.551115123125783e-17	0.0156501456729341	-5.551115123125783e-16	0.0015650145672939791	0.0	0.0	0.0	0.0	0.0
HMS_15p195_code_defaults	A_endpoint	0.0	-0.2	-0.2	4	2	0.06597043699999999	-0.27295147922398477	0.05242099281336124	0.06599102816198228	-0.27208531134336233	-0.0003928037390594184	-0.016523301718194272	0.0	-3.048	0.0	0.0	0.0	0.0	0.0	0.0	0.0	0.0	0.0	0.0	0.0	0.0	0.0	0.0	0.0	0.0
HMS_15p195_code_defaults	B_fit_target	0.0	-0.2	-0.2	4	2	0.06597043699999999	-0.27295147922398477	0.05242099281336124	0.06597043699999999	-0.27208558161348284	0.0	-0.01651814595700009	0.06597043699999999	-3.0471341023894984	0.06597043699999999	0.0008658976105015981	0.6597043699999999	0.00865897610501598	-0.13402956300000002	0.0	0.2	0.0008658976105015981	2.0	0.00865897610501598	-2.0591161982289052e-05	-2.7027012050595545e-07	0.0003928037390594184	5.155761194180347e-06	0.3928037188568984	0.00515435439397624
HMS_15p195_code_defaults	C_HCANA_coordinate_step	0.0	-0.2	-0.2	4	2	0.06597043699999999	-0.27295147922398477	0.05242099281336124	0.06597043699999999	-0.27208531134336233	-0.0003928037390594184	-0.016523301718194272	-2.0591161982289052e-05	-3.048	-2.0591161982289052e-05	0.0	-0.00020591161982289052	0.0	0.0	0.0	-2.0591161982289052e-05	0.0	-0.00020591161982289052	0.0	-2.0591161982289052e-05	0.0	0.0	0.0	0.0	0.0
HMS_15p195_code_defaults	A_endpoint	0.0	-0.2	-0.2	4	6	0.06597043699999999	-0.27295147922398477	0.05242099281336124	0.06599102816198228	-0.2739880382184938	-0.0003928037390594184	0.01977373832272913	0.0	3.048	0.0	0.0	0.0	0.0	0.0	0.0	0.0	0.0	0.0	0.0	0.0	0.0	0.0	0.0	0.0	0.0
HMS_15p195_code_defaults	B_fit_target	0.0	-0.2	-0.2	4	6	0.06597043699999999	-0.27295147922398477	0.05242099281336124	0.06597043699999999	-0.2739877147812819	0.0	0.019767568328714197	0.06597043699999999	3.0469637644427037	0.06597043699999999	-0.0010362355572963722	0.6597043699999999	-0.010362355572963722	-0.13402956300000002	0.0	0.2	-0.0010362355572963722	2.0	-0.010362355572963722	-2.0591161982289052e-05	3.2343721190208896e-07	0.0003928037390594184	-6.169994014933178e-06	0.3928037188568984	-0.006167583237792762
HMS_15p195_code_defaults	C_HCANA_coordinate_step	0.0	-0.2	-0.2	4	6	0.06597043699999999	-0.27295147922398477	0.05242099281336124	0.06597043699999999	-0.2739880382184938	-0.0003928037390594184	0.01977373832272913	-2.0591161982289052e-05	3.048	-2.0591161982289052e-05	0.0	-0.00020591161982289052	0.0	0.0	0.0	-2.0591161982289052e-05	0.0	-0.00020591161982289052	0.0	-2.0591161982289052e-05	0.0	0.0	0.0	0.0	0.0
HMS_15p195_code_defaults	A_endpoint	0.0	-0.2	-0.2	0	0	0.06597043699999999	-0.27295147922398477	0.05242099281336124	0.06916223962053485	-0.27113394790579654	-0.06088787047393176	-0.03467182173865597	-10.16	-6.095999999999999	0.0	8.881784197001252e-16	0.0	8.881784197001252e-15	0.0	0.0	0.0	8.881784197001252e-16	0.0	8.881784197001252e-15	0.0	0.0	0.0	0.0	0.0	0.0
HMS_15p195_code_defaults	B_fit_target	0.0	-0.2	-0.2	0	0	0.06597043699999999	-0.27295147922398477	0.05242099281336124	0.06597043699999999	-0.2711345150295833	-0.060476190476190475	-0.034661003099857236	-10.094029563	-6.0941830358055995	0.06597043700000071	0.0018169641944005832	0.6597043700000071	0.018169641944005832	-0.13402956300000002	0.0	0.20000000000000073	0.0018169641944005832	2.000000000000007	0.018169641944005832	-0.003191802620534853	-5.671237867654888e-07	0.00041167999774128355	1.0818638798731905e-05	0.41016962081982106	0.010805652995465875
HMS_15p195_code_defaults	C_HCANA_coordinate_step	0.0	-0.2	-0.2	0	0	0.06597043699999999	-0.27295147922398477	0.05242099281336124	0.06597043699999999	-0.27113394790579654	-0.06088787047393176	-0.03467182173865597	-10.163191802620535	-6.095999999999999	-0.003191802620534645	8.881784197001252e-16	-0.03191802620534645	8.881784197001252e-15	0.0	0.0	-0.003191802620534645	8.881784197001252e-16	-0.03191802620534645	8.881784197001252e-15	-0.003191802620534853	0.0	0.0	0.0	0.0	0.0
HMS_15p195_code_defaults	A_endpoint	0.0	-0.2	-0.2	8	8	0.06597043699999999	-0.27295147922398477	0.05242099281336124	0.06281981670342973	-0.2749394016560596	0.060102262995812915	0.03792225834319083	10.159999999999998	6.096	-1.7763568394002505e-15	0.0	-1.7763568394002505e-14	0.0	0.0	0.0	-1.7763568394002505e-15	0.0	-1.7763568394002505e-14	0.0	0.0	0.0	0.0	0.0	0.0	0.0
HMS_15p195_code_defaults	B_fit_target	0.0	-0.2	-0.2	8	8	0.06597043699999999	-0.27295147922398477	0.05242099281336124	0.06597043699999999	-0.27493878136518146	0.060476190476190475	0.03791042547157134	10.225970437	6.094012697858805	0.06597043700000071	-0.0019873021411953573	0.6597043700000071	-0.019873021411953573	-0.13402956300000002	0.0	0.20000000000000073	-0.0019873021411953573	2.000000000000007	-0.019873021411953573	0.003150620296570261	6.202908781616223e-07	0.00037392748037756024	-1.1832871619488206e-05	0.37257325025442933	-0.011815884524972453
HMS_15p195_code_defaults	C_HCANA_coordinate_step	0.0	-0.2	-0.2	8	8	0.06597043699999999	-0.27295147922398477	0.05242099281336124	0.06597043699999999	-0.2749394016560596	0.060102262995812915	0.03792225834319083	10.16315062029657	6.096	0.0031506202965694285	0.0	0.031506202965694285	0.0	0.0	0.0	0.0031506202965694285	0.0	0.031506202965694285	0.0	0.003150620296570261	0.0	0.0	0.0	0.0	0.0
HMS_15p195_code_defaults	A_endpoint	8.0	0.0	0.0	4	4	-0.13402956300000002	2.0168961075344503	7.720314968959391	-0.1404854681342757	2.1140454949120118	0.0008362230246087841	-0.012583604136381024	2.7755575615628914e-17	-4.440892098500626e-16	2.7755575615628914e-17	-4.440892098500626e-16	2.7755575615628914e-16	-4.440892098500626e-15	0.0	0.0	2.7755575615628914e-17	-4.440892098500626e-16	2.7755575615628914e-16	-4.440892098500626e-15	0.0	0.0	0.0	0.0	0.0	0.0
HMS_15p195_code_defaults	B_fit_target	8.0	0.0	0.0	4	4	-0.13402956300000002	2.0168961075344503	7.720314968959391	-0.13402956300000002	2.1140454949120113	0.0	-0.012583604136381021	-0.13402956300000002	0.0	-0.13402956300000002	0.0	-1.3402956300000002	0.0	-0.13402956300000002	0.0	0.0	0.0	0.0	0.0	0.006455905134275686	-4.440892098500626e-16	-0.0008362230246087841	3.469446951953614e-18	-0.8362228296939346	3.469446951953614e-15
HMS_15p195_code_defaults	C_HCANA_coordinate_step	8.0	0.0	0.0	4	4	-0.13402956300000002	2.0168961075344503	7.720314968959391	-0.1404854681342757	2.1140454949120118	0.0008362230246087841	-0.012583604136381024	2.7755575615628914e-17	-4.440892098500626e-16	2.7755575615628914e-17	-4.440892098500626e-16	2.7755575615628914e-16	-4.440892098500626e-15	0.0	0.0	2.7755575615628914e-17	-4.440892098500626e-16	2.7755575615628914e-16	-4.440892098500626e-15	0.0	0.0	0.0	0.0	0.0	0.0
HMS_15p195_code_defaults	A_endpoint	8.0	0.0	0.0	2	4	-0.13402956300000002	2.0168961075344503	7.720314968959391	0.10420680234727853	2.1140454949120118	-0.030858373823495707	-0.012583604136381024	-5.08	-4.440892098500626e-16	0.0	-4.440892098500626e-16	0.0	-4.440892098500626e-15	0.0	0.0	0.0	-4.440892098500626e-16	0.0	-4.440892098500626e-15	0.0	0.0	0.0	0.0	0.0	0.0
HMS_15p195_code_defaults	B_fit_target	8.0	0.0	0.0	2	4	-0.13402956300000002	2.0168961075344503	7.720314968959391	0.11066270748155424	2.1140454949120113	-0.031694596848104495	-0.012583604136381021	-5.214029563000001	0.0	-0.13402956300000124	0.0	-1.3402956300000124	0.0	-0.13402956300000002	0.0	-1.2212453270876722e-15	0.0	-1.2212453270876722e-14	0.0	0.0064559051342757134	-4.440892098500626e-16	-0.0008362230246087878	3.469446951953614e-18	-0.8354057667127636	3.469446951953614e-15
HMS_15p195_code_defaults	C_HCANA_coordinate_step	8.0	0.0	0.0	2	4	-0.13402956300000002	2.0168961075344503	7.720314968959391	0.10420680234727853	2.1140454949120118	-0.030858373823495707	-0.012583604136381024	-5.08	-4.440892098500626e-16	0.0	-4.440892098500626e-16	0.0	-4.440892098500626e-15	0.0	0.0	0.0	-4.440892098500626e-16	0.0	-4.440892098500626e-15	0.0	0.0	0.0	0.0	0.0	0.0
HMS_15p195_code_defaults	A_endpoint	8.0	0.0	0.0	6	4	-0.13402956300000002	2.0168961075344503	7.720314968959391	-0.38517773861583	2.1140454949120118	0.03253081987271328	-0.012583604136381024	5.08	-4.440892098500626e-16	0.0	-4.440892098500626e-16	0.0	-4.440892098500626e-15	0.0	0.0	0.0	-4.440892098500626e-16	0.0	-4.440892098500626e-15	0.0	0.0	0.0	0.0	0.0	0.0
HMS_15p195_code_defaults	B_fit_target	8.0	0.0	0.0	6	4	-0.13402956300000002	2.0168961075344503	7.720314968959391	-0.3787218334815543	2.1140454949120113	0.031694596848104495	-0.012583604136381021	4.945970437000001	0.0	-0.13402956299999946	0.0	-1.3402956299999946	0.0	-0.13402956300000002	0.0	5.551115123125783e-16	0.0	5.551115123125783e-15	0.0	0.006455905134275686	-4.440892098500626e-16	-0.0008362230246087843	3.469446951953614e-18	-0.8353615295702068	3.469446951953614e-15
HMS_15p195_code_defaults	C_HCANA_coordinate_step	8.0	0.0	0.0	6	4	-0.13402956300000002	2.0168961075344503	7.720314968959391	-0.38517773861583	2.1140454949120118	0.03253081987271328	-0.012583604136381024	5.08	-4.440892098500626e-16	0.0	-4.440892098500626e-16	0.0	-4.440892098500626e-15	0.0	0.0	0.0	-4.440892098500626e-16	0.0	-4.440892098500626e-15	0.0	0.0	0.0	0.0	0.0	0.0
HMS_15p195_code_defaults	A_endpoint	8.0	0.0	0.0	4	2	-0.13402956300000002	2.0168961075344503	7.720314968959391	-0.1404854681342757	2.2608608572009445	0.0008362230246087841	-0.031600362245243714	2.7755575615628914e-17	-3.0479999999999996	2.7755575615628914e-17	4.440892098500626e-16	2.7755575615628914e-16	4.440892098500626e-15	0.0	0.0	2.7755575615628914e-17	4.440892098500626e-16	2.7755575615628914e-16	4.440892098500626e-15	0.0	0.0	0.0	0.0	0.0	0.0
HMS_15p195_code_defaults	B_fit_target	8.0	0.0	0.0	4	2	-0.13402956300000002	2.0168961075344503	7.720314968959391	-0.13402956300000002	2.260860857200944	0.0	-0.031600362245243714	-0.13402956300000002	-3.048	-0.13402956300000002	0.0	-1.3402956300000002	0.0	-0.13402956300000002	0.0	0.0	0.0	0.0	0.0	0.006455905134275686	-4.440892098500626e-16	-0.0008362230246087841	0.0	-0.8362228296939346	0.0
HMS_15p195_code_defaults	C_HCANA_coordinate_step	8.0	0.0	0.0	4	2	-0.13402956300000002	2.0168961075344503	7.720314968959391	-0.1404854681342757	2.2608608572009445	0.0008362230246087841	-0.031600362245243714	2.7755575615628914e-17	-3.0479999999999996	2.7755575615628914e-17	4.440892098500626e-16	2.7755575615628914e-16	4.440892098500626e-15	0.0	0.0	2.7755575615628914e-17	4.440892098500626e-16	2.7755575615628914e-16	4.440892098500626e-15	0.0	0.0	0.0	0.0	0.0	0.0
HMS_15p195_code_defaults	A_endpoint	8.0	0.0	0.0	4	6	-0.13402956300000002	2.0168961075344503	7.720314968959391	-0.1404854681342757	1.9672301326230794	0.0008362230246087841	0.00643315397248167	2.7755575615628914e-17	3.048	2.7755575615628914e-17	0.0	2.7755575615628914e-16	0.0	0.0	0.0	2.7755575615628914e-17	0.0	2.7755575615628914e-16	0.0	0.0	0.0	0.0	0.0	0.0	0.0
HMS_15p195_code_defaults	B_fit_target	8.0	0.0	0.0	4	6	-0.13402956300000002	2.0168961075344503	7.720314968959391	-0.13402956300000002	1.967230132623079	0.0	0.006433153972481673	-0.13402956300000002	3.048	-0.13402956300000002	0.0	-1.3402956300000002	0.0	-0.13402956300000002	0.0	0.0	0.0	0.0	0.0	0.006455905134275686	-4.440892098500626e-16	-0.0008362230246087841	2.6020852139652106e-18	-0.8362228296939346	2.6020852139652106e-15
HMS_15p195_code_defaults	C_HCANA_coordinate_step	8.0	0.0	0.0	4	6	-0.13402956300000002	2.0168961075344503	7.720314968959391	-0.1404854681342757	1.9672301326230794	0.0008362230246087841	0.00643315397248167	2.7755575615628914e-17	3.048	2.7755575615628914e-17	0.0	2.7755575615628914e-16	0.0	0.0	0.0	2.7755575615628914e-17	0.0	2.7755575615628914e-16	0.0	0.0	0.0	0.0	0.0	0.0	0.0
HMS_15p195_code_defaults	A_endpoint	8.0	0.0	0.0	0	0	-0.13402956300000002	2.0168961075344503	7.720314968959391	0.3488990728288327	2.4076762194898773	-0.06255297067160019	-0.05061712035410641	-10.16	-6.096	0.0	0.0	0.0	0.0	0.0	0.0	0.0	0.0	0.0	0.0	0.0	0.0	0.0	0.0	0.0	0.0
HMS_15p195_code_defaults	B_fit_target	8.0	0.0	0.0	0	0	-0.13402956300000002	2.0168961075344503	7.720314968959391	0.3553549779631085	2.407676219489877	-0.06338919369620899	-0.05061712035410641	-10.294029563000002	-6.096	-0.13402956300000213	0.0	-1.3402956300000213	0.0	-0.13402956300000002	0.0	-2.1094237467877974e-15	0.0	-2.1094237467877974e-14	0.0	0.006455905134275797	-4.440892098500626e-16	-0.0008362230246087982	0.0	-0.8329201509289924	0.0
HMS_15p195_code_defaults	C_HCANA_coordinate_step	8.0	0.0	0.0	0	0	-0.13402956300000002	2.0168961075344503	7.720314968959391	0.3488990728288327	2.4076762194898773	-0.06255297067160019	-0.05061712035410641	-10.16	-6.096	0.0	0.0	0.0	0.0	0.0	0.0	0.0	0.0	0.0	0.0	0.0	0.0	0.0	0.0	0.0	0.0
HMS_15p195_code_defaults	A_endpoint	8.0	0.0	0.0	8	8	-0.13402956300000002	2.0168961075344503	7.720314968959391	-0.6298700090973842	1.820414770334147	0.06422541672081777	0.025449912081344367	10.160000000000002	6.096000000000001	1.7763568394002505e-15	8.881784197001252e-16	1.7763568394002505e-14	8.881784197001252e-15	0.0	0.0	1.7763568394002505e-15	8.881784197001252e-16	1.7763568394002505e-14	8.881784197001252e-15	0.0	0.0	0.0	0.0	0.0	0.0
HMS_15p195_code_defaults	B_fit_target	8.0	0.0	0.0	8	8	-0.13402956300000002	2.0168961075344503	7.720314968959391	-0.6234141039631085	1.8204147703341464	0.06338919369620899	0.025449912081344367	10.025970437000002	6.096	-0.13402956299999857	0.0	-1.3402956299999857	0.0	-0.13402956300000002	0.0	1.4432899320127035e-15	0.0	1.4432899320127035e-14	0.0	0.006455905134275741	-4.440892098500626e-16	-0.0008362230246087843	0.0	-0.8328322069717509	0.0
HMS_15p195_code_defaults	C_HCANA_coordinate_step	8.0	0.0	0.0	8	8	-0.13402956300000002	2.0168961075344503	7.720314968959391	-0.6298700090973842	1.820414770334147	0.06422541672081777	0.025449912081344367	10.160000000000002	6.096000000000001	1.7763568394002505e-15	8.881784197001252e-16	1.7763568394002505e-14	8.881784197001252e-15	0.0	0.0	1.7763568394002505e-15	8.881784197001252e-16	1.7763568394002505e-14	8.881784197001252e-15	0.0	0.0	0.0	0.0	0.0	0.0
HMS_15p195_code_defaults	A_endpoint	8.0	0.0	0.2	4	4	-0.33402956300000003	2.0168961075344503	7.720314968959391	-0.3501190220902424	2.1140454949120118	0.002084041798156205	-0.012583604136381024	5.551115123125783e-17	-4.440892098500626e-16	5.551115123125783e-17	-4.440892098500626e-16	5.551115123125783e-16	-4.440892098500626e-15	0.0	0.0	5.551115123125783e-17	-4.440892098500626e-16	5.551115123125783e-16	-4.440892098500626e-15	0.0	0.0	0.0	0.0	0.0	0.0
HMS_15p195_code_defaults	B_fit_target	8.0	0.0	0.2	4	4	-0.33402956300000003	2.0168961075344503	7.720314968959391	-0.33402956300000003	2.1140454949120113	0.0	-0.012583604136381021	-0.33402956300000003	0.0	-0.33402956300000003	0.0	-3.3402956300000004	0.0	-0.13402956300000002	0.0	-0.2	0.0	-2.0	0.0	0.016089459090242397	-4.440892098500626e-16	-0.002084041798156205	3.469446951953614e-18	-2.0840387810062975	3.469446951953614e-15
HMS_15p195_code_defaults	C_HCANA_coordinate_step	8.0	0.0	0.2	4	4	-0.33402956300000003	2.0168961075344503	7.720314968959391	-0.3501190220902424	2.1140454949120118	0.002084041798156205	-0.012583604136381024	5.551115123125783e-17	-4.440892098500626e-16	5.551115123125783e-17	-4.440892098500626e-16	5.551115123125783e-16	-4.440892098500626e-15	0.0	0.0	5.551115123125783e-17	-4.440892098500626e-16	5.551115123125783e-16	-4.440892098500626e-15	0.0	0.0	0.0	0.0	0.0	0.0
HMS_15p195_code_defaults	A_endpoint	8.0	0.0	0.2	2	4	-0.33402956300000003	2.0168961075344503	7.720314968959391	-0.10542675160868817	2.1140454949120118	-0.02961055504994829	-0.012583604136381024	-5.08	-4.440892098500626e-16	0.0	-4.440892098500626e-16	0.0	-4.440892098500626e-15	0.0	0.0	0.0	-4.440892098500626e-16	0.0	-4.440892098500626e-15	0.0	0.0	0.0	0.0	0.0	0.0
HMS_15p195_code_defaults	B_fit_target	8.0	0.0	0.2	2	4	-0.33402956300000003	2.0168961075344503	7.720314968959391	-0.08933729251844577	2.1140454949120113	-0.031694596848104495	-0.012583604136381021	-5.414029563000001	0.0	-0.33402956300000053	0.0	-3.3402956300000053	0.0	-0.13402956300000002	0.0	-0.2000000000000005	0.0	-2.0000000000000053	0.0	0.016089459090242397	-4.440892098500626e-16	-0.002084041798156206	3.469446951953614e-18	-2.082084761346307	3.469446951953614e-15
HMS_15p195_code_defaults	C_HCANA_coordinate_step	8.0	0.0	0.2	2	4	-0.33402956300000003	2.0168961075344503	7.720314968959391	-0.10542675160868817	2.1140454949120118	-0.02961055504994829	-0.012583604136381024	-5.08	-4.440892098500626e-16	0.0	-4.440892098500626e-16	0.0	-4.440892098500626e-15	0.0	0.0	0.0	-4.440892098500626e-16	0.0	-4.440892098500626e-15	0.0	0.0	0.0	0.0	0.0	0.0
HMS_15p195_code_defaults	A_endpoint	8.0	0.0	0.2	6	4	-0.33402956300000003	2.0168961075344503	7.720314968959391	-0.5948112925717967	2.1140454949120118	0.0337786386462607	-0.012583604136381024	5.08	-4.440892098500626e-16	0.0	-4.440892098500626e-16	0.0	-4.440892098500626e-15	0.0	0.0	0.0	-4.440892098500626e-16	0.0	-4.440892098500626e-15	0.0	0.0	0.0	0.0	0.0	0.0
HMS_15p195_code_defaults	B_fit_target	8.0	0.0	0.2	6	4	-0.33402956300000003	2.0168961075344503	7.720314968959391	-0.5787218334815543	2.1140454949120113	0.031694596848104495	-0.012583604136381021	4.745970437	0.0	-0.33402956299999964	0.0	-3.3402956299999964	0.0	-0.13402956300000002	0.0	-0.19999999999999962	0.0	-1.9999999999999962	0.0	0.016089459090242397	-4.440892098500626e-16	-0.0020840417981562026	3.469446951953614e-18	-2.0818100009739395	3.469446951953614e-15
HMS_15p195_code_defaults	C_HCANA_coordinate_step	8.0	0.0	0.2	6	4	-0.33402956300000003	2.0168961075344503	7.720314968959391	-0.5948112925717967	2.1140454949120118	0.0337786386462607	-0.012583604136381024	5.08	-4.440892098500626e-16	0.0	-4.440892098500626e-16	0.0	-4.440892098500626e-15	0.0	0.0	0.0	-4.440892098500626e-16	0.0	-4.440892098500626e-15	0.0	0.0	0.0	0.0	0.0	0.0
HMS_15p195_code_defaults	A_endpoint	8.0	0.0	0.2	4	2	-0.33402956300000003	2.0168961075344503	7.720314968959391	-0.3501190220902424	2.2608608572009445	0.002084041798156205	-0.031600362245243714	5.551115123125783e-17	-3.0479999999999996	5.551115123125783e-17	4.440892098500626e-16	5.551115123125783e-16	4.440892098500626e-15	0.0	0.0	5.551115123125783e-17	4.440892098500626e-16	5.551115123125783e-16	4.440892098500626e-15	0.0	0.0	0.0	0.0	0.0	0.0
HMS_15p195_code_defaults	B_fit_target	8.0	0.0	0.2	4	2	-0.33402956300000003	2.0168961075344503	7.720314968959391	-0.33402956300000003	2.260860857200944	0.0	-0.031600362245243714	-0.33402956300000003	-3.048	-0.33402956300000003	0.0	-3.3402956300000004	0.0	-0.13402956300000002	0.0	-0.2	0.0	-2.0	0.0	0.016089459090242397	-4.440892098500626e-16	-0.002084041798156205	0.0	-2.0840387810062975	0.0
HMS_15p195_code_defaults	C_HCANA_coordinate_step	8.0	0.0	0.2	4	2	-0.33402956300000003	2.0168961075344503	7.720314968959391	-0.3501190220902424	2.2608608572009445	0.002084041798156205	-0.031600362245243714	5.551115123125783e-17	-3.0479999999999996	5.551115123125783e-17	4.440892098500626e-16	5.551115123125783e-16	4.440892098500626e-15	0.0	0.0	5.551115123125783e-17	4.440892098500626e-16	5.551115123125783e-16	4.440892098500626e-15	0.0	0.0	0.0	0.0	0.0	0.0
HMS_15p195_code_defaults	A_endpoint	8.0	0.0	0.2	4	6	-0.33402956300000003	2.0168961075344503	7.720314968959391	-0.3501190220902424	1.9672301326230794	0.002084041798156205	0.00643315397248167	5.551115123125783e-17	3.048	5.551115123125783e-17	0.0	5.551115123125783e-16	0.0	0.0	0.0	5.551115123125783e-17	0.0	5.551115123125783e-16	0.0	0.0	0.0	0.0	0.0	0.0	0.0
HMS_15p195_code_defaults	B_fit_target	8.0	0.0	0.2	4	6	-0.33402956300000003	2.0168961075344503	7.720314968959391	-0.33402956300000003	1.967230132623079	0.0	0.006433153972481673	-0.33402956300000003	3.048	-0.33402956300000003	0.0	-3.3402956300000004	0.0	-0.13402956300000002	0.0	-0.2	0.0	-2.0	0.0	0.016089459090242397	-4.440892098500626e-16	-0.002084041798156205	2.6020852139652106e-18	-2.0840387810062975	2.6020852139652106e-15
HMS_15p195_code_defaults	C_HCANA_coordinate_step	8.0	0.0	0.2	4	6	-0.33402956300000003	2.0168961075344503	7.720314968959391	-0.3501190220902424	1.9672301326230794	0.002084041798156205	0.00643315397248167	5.551115123125783e-17	3.048	5.551115123125783e-17	0.0	5.551115123125783e-16	0.0	0.0	0.0	5.551115123125783e-17	0.0	5.551115123125783e-16	0.0	0.0	0.0	0.0	0.0	0.0	0.0
HMS_15p195_code_defaults	A_endpoint	8.0	0.0	0.2	0	0	-0.33402956300000003	2.0168961075344503	7.720314968959391	0.1392655188728661	2.4076762194898773	-0.06130515189805278	-0.05061712035410641	-10.16	-6.096	0.0	0.0	0.0	0.0	0.0	0.0	0.0	0.0	0.0	0.0	0.0	0.0	0.0	0.0	0.0	0.0
HMS_15p195_code_defaults	B_fit_target	8.0	0.0	0.2	0	0	-0.33402956300000003	2.0168961075344503	7.720314968959391	0.1553549779631085	2.407676219489877	-0.06338919369620899	-0.05061712035410641	-10.494029563000002	-6.096	-0.3340295630000014	0.0	-3.340295630000014	0.0	-0.13402956300000002	0.0	-0.2000000000000014	0.0	-2.000000000000014	0.0	0.016089459090242397	-4.440892098500626e-16	-0.0020840417981562095	0.0	-2.075971404751846	0.0
HMS_15p195_code_defaults	C_HCANA_coordinate_step	8.0	0.0	0.2	0	0	-0.33402956300000003	2.0168961075344503	7.720314968959391	0.1392655188728661	2.4076762194898773	-0.06130515189805278	-0.05061712035410641	-10.16	-6.096	0.0	0.0	0.0	0.0	0.0	0.0	0.0	0.0	0.0	0.0	0.0	0.0	0.0	0.0	0.0	0.0
HMS_15p195_code_defaults	A_endpoint	8.0	0.0	0.2	8	8	-0.33402956300000003	2.0168961075344503	7.720314968959391	-0.8395035630533509	1.820414770334147	0.06547323549436519	0.025449912081344367	10.160000000000002	6.096000000000001	1.7763568394002505e-15	8.881784197001252e-16	1.7763568394002505e-14	8.881784197001252e-15	0.0	0.0	1.7763568394002505e-15	8.881784197001252e-16	1.7763568394002505e-14	8.881784197001252e-15	0.0	0.0	0.0	0.0	0.0	0.0
HMS_15p195_code_defaults	B_fit_target	8.0	0.0	0.2	8	8	-0.33402956300000003	2.0168961075344503	7.720314968959391	-0.8234141039631085	1.8204147703341464	0.06338919369620899	0.025449912081344367	9.825970437000002	6.096	-0.33402956299999786	0.0	-3.3402956299999786	0.0	-0.13402956300000002	0.0	-0.19999999999999785	0.0	-1.9999999999999785	0.0	0.016089459090242397	-4.440892098500626e-16	-0.0020840417981562026	0.0	-2.075425177897494	0.0
HMS_15p195_code_defaults	C_HCANA_coordinate_step	8.0	0.0	0.2	8	8	-0.33402956300000003	2.0168961075344503	7.720314968959391	-0.8395035630533509	1.820414770334147	0.06547323549436519	0.025449912081344367	10.160000000000002	6.096000000000001	1.7763568394002505e-15	8.881784197001252e-16	1.7763568394002505e-14	8.881784197001252e-15	0.0	0.0	1.7763568394002505e-15	8.881784197001252e-16	1.7763568394002505e-14	8.881784197001252e-15	0.0	0.0	0.0	0.0	0.0	0.0
HMS_15p195_code_defaults	A_endpoint	8.0	0.2	0.0	4	4	-0.13402956300000002	2.2099039817584347	7.66789397614603	-0.14043953605056472	2.3155927913787955	0.0008359496193485994	-0.013783290424873782	-2.7755575615628914e-17	0.0	-2.7755575615628914e-17	0.0	-2.7755575615628914e-16	0.0	0.0	0.0	-2.7755575615628914e-17	0.0	-2.7755575615628914e-16	0.0	0.0	0.0	0.0	0.0	0.0	0.0
HMS_15p195_code_defaults	B_fit_target	8.0	0.2	0.0	4	4	-0.13402956300000002	2.2099039817584347	7.66789397614603	-0.13402956300000002	2.315627357907476	0.0	-0.01378779838087686	-0.13402956300000002	-0.0007227700798364545	-0.13402956300000002	-0.0007227700798364545	-1.3402956300000002	-0.007227700798364545	-0.13402956300000002	0.0	0.0	-0.0007227700798364545	0.0	-0.007227700798364545	0.006409973050564705	3.456652868072396e-05	-0.0008359496193485994	-4.507956003077865e-06	-0.8359494246248711	-0.0045070994683232835
HMS_15p195_code_defaults	C_HCANA_coordinate_step	8.0	0.2	0.0	4	4	-0.13402956300000002	2.2099039817584347	7.66789397614603	-0.14048335735955292	2.3155927913787955	0.0008359496193485994	-0.013783290424873782	-4.382130898822334e-05	0.0	-4.382130898822334e-05	0.0	-0.0004382130898822334	0.0	0.0	0.0	-4.382130898822334e-05	0.0	-0.0004382130898822334	0.0	-4.3821308988195584e-05	0.0	0.0	0.0	0.0	0.0
HMS_15p195_code_defaults	A_endpoint	8.0	0.2	0.0	2	4	-0.13402956300000002	2.2099039817584347	7.66789397614603	0.10251181265202436	2.3155927913787955	-0.03084828459911919	-0.013783290424873782	-5.079999999999999	0.0	8.881784197001252e-16	0.0	8.881784197001252e-15	0.0	0.0	0.0	8.881784197001252e-16	0.0	8.881784197001252e-15	0.0	0.0	0.0	0.0	0.0	0.0	0.0
HMS_15p195_code_defaults	B_fit_target	8.0	0.2	0.0	2	4	-0.13402956300000002	2.2099039817584347	7.66789397614603	0.11066270748155424	2.315627357907476	-0.031694596848104495	-0.01378779838087686	-5.214029563000001	-0.0007227700798364545	-0.13402956300000124	-0.0007227700798364545	-1.3402956300000124	-0.007227700798364545	-0.13402956300000002	0.0	-1.2212453270876722e-15	-0.0007227700798364545	-1.2212453270876722e-14	-0.007227700798364545	0.008150894829529881	3.456652868072396e-05	-0.0008463122489853064	-4.507956003077865e-06	-0.8454853960086113	-0.0045070994683232835
HMS_15p195_code_defaults	C_HCANA_coordinate_step	8.0	0.2	0.0	2	4	-0.13402956300000002	2.2099039817584347	7.66789397614603	0.10412891035729929	2.3155927913787955	-0.03084828459911919	-0.013783290424873782	-5.078382902294725	0.0	0.0016170977052754054	0.0	0.016170977052754054	0.0	0.0	0.0	0.0016170977052754054	0.0	0.016170977052754054	0.0	0.0016170977052749336	0.0	0.0	0.0	0.0	0.0
HMS_15p195_code_defaults	A_endpoint	8.0	0.2	0.0	6	4	-0.13402956300000002	2.2099039817584347	7.66789397614603	-0.38339088475315386	2.3155927913787955	0.032520183837816394	-0.013783290424873782	5.08	0.0	0.0	0.0	0.0	0.0	0.0	0.0	0.0	0.0	0.0	0.0	0.0	0.0	0.0	0.0	0.0	0.0
HMS_15p195_code_defaults	B_fit_target	8.0	0.2	0.0	6	4	-0.13402956300000002	2.2099039817584347	7.66789397614603	-0.3787218334815543	2.315627357907476	0.031694596848104495	-0.01378779838087686	4.945970437000001	-0.0007227700798364545	-0.13402956299999946	-0.0007227700798364545	-1.3402956299999946	-0.007227700798364545	-0.13402956300000002	0.0	5.551115123125783e-16	-0.0007227700798364545	5.551115123125783e-15	-0.007227700798364545	0.004669051271599556	3.456652868072396e-05	-0.0008255869897118989	-4.507956003077865e-06	-0.8247367347317611	-0.0045070994683232835
HMS_15p195_code_defaults	C_HCANA_coordinate_step	8.0	0.2	0.0	6	4	-0.13402956300000002	2.2099039817584347	7.66789397614603	-0.38509562507640516	2.3155927913787955	0.032520183837816394	-0.013783290424873782	5.078295259676748	0.0	-0.001704740323251741	0.0	-0.01704740323251741	0.0	0.0	0.0	-0.001704740323251741	0.0	-0.01704740323251741	0.0	-0.001704740323251297	0.0	0.0	0.0	0.0	0.0
HMS_15p195_code_defaults	A_endpoint	8.0	0.2	0.0	4	2	-0.13402956300000002	2.2099039817584347	7.66789397614603	-0.14043953605056472	2.461363600600349	0.0008359496193485994	-0.03279383095595446	-2.7755575615628914e-17	-3.0479999999999996	-2.7755575615628914e-17	4.440892098500626e-16	-2.7755575615628914e-16	4.440892098500626e-15	0.0	0.0	-2.7755575615628914e-17	4.440892098500626e-16	-2.7755575615628914e-16	4.440892098500626e-15	0.0	0.0	0.0	0.0	0.0	0.0
HMS_15p195_code_defaults	B_fit_target	8.0	0.2	0.0	4	2	-0.13402956300000002	2.2099039817584347	7.66789397614603	-0.13402956300000002	2.461445842856251	0.0	-0.03280455648973956	-0.13402956300000002	-3.0497196474199955	-0.13402956300000002	-0.0017196474199954181	-1.3402956300000002	-0.01719647419995418	-0.13402956300000002	0.0	0.0	-0.0017196474199954181	0.0	-0.01719647419995418	0.006409973050564705	8.224225590192091e-05	-0.0008359496193485994	-1.0725533785102548e-05	-0.8359494246248711	-0.010714007793531655
HMS_15p195_code_defaults	C_HCANA_coordinate_step	8.0	0.2	0.0	4	2	-0.13402956300000002	2.2099039817584347	7.66789397614603	-0.14048335735955292	2.461363600600349	0.0008359496193485994	-0.03279383095595446	-4.382130898822334e-05	-3.0479999999999996	-4.382130898822334e-05	4.440892098500626e-16	-0.0004382130898822334	4.440892098500626e-15	0.0	0.0	-4.382130898822334e-05	4.440892098500626e-16	-0.0004382130898822334	4.440892098500626e-15	-4.3821308988195584e-05	0.0	0.0	0.0	0.0	0.0
HMS_15p195_code_defaults	A_endpoint	8.0	0.2	0.0	4	6	-0.13402956300000002	2.2099039817584347	7.66789397614603	-0.14043953605056472	2.1698219821572424	0.0008359496193485994	0.0052272501062068915	-2.7755575615628914e-17	3.048	-2.7755575615628914e-17	0.0	-2.7755575615628914e-16	0.0	0.0	0.0	-2.7755575615628914e-17	0.0	-2.7755575615628914e-16	0.0	0.0	0.0	0.0	0.0	0.0	0.0
HMS_15p195_code_defaults	B_fit_target	8.0	0.2	0.0	4	6	-0.13402956300000002	2.2099039817584347	7.66789397614603	-0.13402956300000002	2.169808872958702	0.0	0.005228959727985835	-0.13402956300000002	3.048274107260322	-0.13402956300000002	0.0002741072603220651	-1.3402956300000002	0.002741072603220651	-0.13402956300000002	0.0	0.0	0.0002741072603220651	0.0	0.002741072603220651	0.006409973050564705	-1.3109198540472988e-05	-0.0008359496193485994	1.7096217789433488e-06	-0.8359494246248711	0.0017095750509902446
HMS_15p195_code_defaults	C_HCANA_coordinate_step	8.0	0.2	0.0	4	6	-0.13402956300000002	2.2099039817584347	7.66789397614603	-0.14048335735955292	2.1698219821572424	0.0008359496193485994	0.0052272501062068915	-4.382130898822334e-05	3.048	-4.382130898822334e-05	0.0	-0.0004382130898822334	0.0	0.0	0.0	-4.382130898822334e-05	0.0	-0.0004382130898822334	0.0	-4.3821308988195584e-05	0.0	0.0	0.0	0.0	0.0
HMS_15p195_code_defaults	A_endpoint	8.0	0.2	0.0	0	0	-0.13402956300000002	2.2099039817584347	7.66789397614603	0.34546316135461347	2.6071344098219025	-0.06253251881758698	-0.051804371487035136	-10.159999999999998	-6.096	1.7763568394002505e-15	0.0	1.7763568394002505e-14	0.0	0.0	0.0	1.7763568394002505e-15	0.0	1.7763568394002505e-14	0.0	0.0	0.0	0.0	0.0	0.0	0.0
HMS_15p195_code_defaults	B_fit_target	8.0	0.2	0.0	0	0	-0.13402956300000002	2.2099039817584347	7.66789397614603	0.3553549779631085	2.607264327805025	-0.06338919369620899	-0.05182131459860225	-10.294029563000002	-6.098716524760153	-0.13402956300000213	-0.0027165247601530496	-1.3402956300000213	-0.027165247601530496	-0.13402956300000002	0.0	-2.1094237467877974e-15	-0.0027165247601530496	-2.1094237467877974e-14	-0.027165247601530496	0.00989181660849503	0.00012991798312267377	-0.0008566748786220102	-1.6943111567115088e-05	-0.8532923172790974	-0.016897748366481724
HMS_15p195_code_defaults	C_HCANA_coordinate_step	8.0	0.2	0.0	0	0	-0.13402956300000002	2.2099039817584347	7.66789397614603	0.34874117807415156	2.6071344098219025	-0.06253251881758698	-0.051804371487035136	-10.15672198328046	-6.096	0.0032780167195394228	0.0	0.03278016719539423	0.0	0.0	0.0	0.0032780167195394228	0.0	0.03278016719539423	0.0	0.0032780167195380905	0.0	0.0	0.0	0.0	0.0
HMS_15p195_code_defaults	A_endpoint	8.0	0.2	0.0	8	8	-0.13402956300000002	2.2099039817584347	7.66789397614603	-0.6263422334557429	2.024051172935689	0.06420441805628418	0.024237790637287565	10.16	6.096	0.0	0.0	0.0	0.0	0.0	0.0	0.0	0.0	0.0	0.0	0.0	0.0	0.0	0.0	0.0	0.0
HMS_15p195_code_defaults	B_fit_target	8.0	0.2	0.0	8	8	-0.13402956300000002	2.2099039817584347	7.66789397614603	-0.6234141039631085	2.0239903880099273	0.06338919369620899	0.02424571783684853	10.025970437000002	6.097270984600481	-0.13402956299999857	0.0012709846004810288	-1.3402956299999857	0.012709846004810288	-0.13402956300000002	0.0	1.4432899320127035e-15	0.0012709846004810288	1.4432899320127035e-14	0.012709846004810288	0.0029281294926344348	-6.078492576166994e-05	-0.0008152243600751952	7.927199560966297e-06	-0.8119197760110275	0.0079225437778635
HMS_15p195_code_defaults	C_HCANA_coordinate_step	8.0	0.2	0.0	8	8	-0.13402956300000002	2.2099039817584347	7.66789397614603	-0.6297078927932573	2.024051172935689	0.06420441805628418	0.024237790637287565	10.156634340662485	6.096	-0.0033656593375148702	0.0	-0.0336565933751487	0.0	0.0	0.0	-0.0033656593375148702	0.0	-0.0336565933751487	0.0	-0.003365659337514426	0.0	0.0	0.0	0.0	0.0
HMS_15p195_code_defaults	A_endpoint	8.0	-0.2	-0.2	4	4	0.06597043699999999	1.8238882333104653	7.772735961772752	0.06917070875875278	1.912366319399011	-0.0004117304092782903	-0.011383132853565542	1.3877787807814457e-17	0.0	1.3877787807814457e-17	0.0	1.3877787807814457e-16	0.0	0.0	0.0	1.3877787807814457e-17	0.0	1.3877787807814457e-16	0.0	0.0	0.0	0.0	0.0	0.0	0.0
HMS_15p195_code_defaults	B_fit_target	8.0	-0.2	-0.2	4	4	0.06597043699999999	1.8238882333104653	7.772735961772752	0.06597043699999999	1.9123373818008733	0.0	-0.011379409891885184	0.06597043699999999	0.0005965199641624341	0.06597043699999999	0.0005965199641624341	0.6597043699999999	0.005965199641624341	-0.13402956300000002	0.0	0.2	0.0005965199641624341	2.0	0.005965199641624341	-0.0032002717587527874	-2.8937598137712683e-05	0.0004117304092782903	3.7229616803580168e-06	0.4117303860125148	0.0037224794951582624
HMS_15p195_code_defaults	C_HCANA_coordinate_step	8.0	-0.2	-0.2	4	4	0.06597043699999999	1.8238882333104653	7.772735961772752	0.06914912544192696	1.912366319399011	-0.0004117304092782903	-0.011383132853565542	-2.1583316825807275e-05	0.0	-2.1583316825807275e-05	0.0	-0.00021583316825807275	0.0	0.0	0.0	-2.1583316825807275e-05	0.0	-0.00021583316825807275	0.0	-2.1583316825821153e-05	0.0	0.0	0.0	0.0	0.0
HMS_15p195_code_defaults	A_endpoint	8.0	-0.2	-0.2	2	4	0.06597043699999999	1.8238882333104653	7.772735961772752	0.31560504016183455	1.912366319399011	-0.032116696667629965	-0.011383132853565542	-5.08	0.0	0.0	0.0	0.0	0.0	0.0	0.0	0.0	0.0	0.0	0.0	0.0	0.0	0.0	0.0	0.0	0.0
HMS_15p195_code_defaults	B_fit_target	8.0	-0.2	-0.2	2	4	0.06597043699999999	1.8238882333104653	7.772735961772752	0.3106627074815542	1.9123373818008733	-0.031694596848104495	-0.011379409891885184	-5.014029563000001	0.0005965199641624341	0.06597043699999894	0.0005965199641624341	0.6597043699999894	0.005965199641624341	-0.13402956300000002	0.0	0.19999999999999896	0.0005965199641624341	1.9999999999999896	0.005965199641624341	-0.004942332680280326	-2.8937598137712683e-05	0.0004220998195254705	3.7229616803580168e-06	0.4216705651806027	0.0037224794951582624
HMS_15p195_code_defaults	C_HCANA_coordinate_step	8.0	-0.2	-0.2	2	4	0.06597043699999999	1.8238882333104653	7.772735961772752	0.3139214510366318	1.912366319399011	-0.032116696667629965	-0.011383132853565542	-5.081683589125203	0.0	-0.0016835891252027224	0.0	-0.016835891252027224	0.0	0.0	0.0	-0.0016835891252027224	0.0	-0.016835891252027224	0.0	-0.0016835891252027224	0.0	0.0	0.0	0.0	0.0
HMS_15p195_code_defaults	A_endpoint	8.0	-0.2	-0.2	6	4	0.06597043699999999	1.8238882333104653	7.772735961772752	-0.17726362264432904	1.912366319399011	0.03129323584907339	-0.011383132853565542	5.080000000000001	0.0	8.881784197001252e-16	0.0	8.881784197001252e-15	0.0	0.0	0.0	8.881784197001252e-16	0.0	8.881784197001252e-15	0.0	0.0	0.0	0.0	0.0	0.0	0.0
HMS_15p195_code_defaults	B_fit_target	8.0	-0.2	-0.2	6	4	0.06597043699999999	1.8238882333104653	7.772735961772752	-0.17872183348155427	1.9123373818008733	0.031694596848104495	-0.011379409891885184	5.145970437000001	0.0005965199641624341	0.06597043700000071	0.0005965199641624341	0.6597043700000071	0.005965199641624341	-0.13402956300000002	0.0	0.20000000000000073	0.0005965199641624341	2.000000000000007	0.005965199641624341	-0.0014582108372252212	-2.8937598137712683e-05	0.0004013609990311043	3.7229616803580168e-06	0.40096329150619836	0.0037224794951582624
HMS_15p195_code_defaults	C_HCANA_coordinate_step	8.0	-0.2	-0.2	6	4	0.06597043699999999	1.8238882333104653	7.772735961772752	-0.17562320015277794	1.912366319399011	0.03129323584907339	-0.011383132853565542	5.081640422491552	0.0	0.0016404224915520516	0.0	0.016404224915520516	0.0	0.0	0.0	0.0016404224915520516	0.0	0.016404224915520516	0.0	0.0016404224915511079	0.0	0.0	0.0	0.0	0.0
HMS_15p195_code_defaults	A_endpoint	8.0	-0.2	-0.2	4	2	0.06597043699999999	1.8238882333104653	7.772735961772752	0.06917070875875278	2.0602269182408603	-0.0004117304092782903	-0.03040611260857655	1.3877787807814457e-17	-3.048	1.3877787807814457e-17	0.0	1.3877787807814457e-16	0.0	0.0	0.0	1.3877787807814457e-17	0.0	1.3877787807814457e-16	0.0	0.0	0.0	0.0	0.0	0.0	0.0
HMS_15p195_code_defaults	B_fit_target	8.0	-0.2	-0.2	4	2	0.06597043699999999	1.8238882333104653	7.772735961772752	0.06597043699999999	2.0601496214299644	0.0	-0.030396168000747875	0.06597043699999999	-3.0464066026956784	0.06597043699999999	0.0015933973043216199	0.6597043699999999	0.0159339730432162	-0.13402956300000002	0.0	0.2	0.0015933973043216199	2.0	0.0159339730432162	-0.0032002717587527874	-7.729681089596596e-05	0.0004117304092782903	9.944607828674124e-06	0.4117303860125148	0.009935425217183491
HMS_15p195_code_defaults	C_HCANA_coordinate_step	8.0	-0.2	-0.2	4	2	0.06597043699999999	1.8238882333104653	7.772735961772752	0.06914912544192696	2.0602269182408603	-0.0004117304092782903	-0.03040611260857655	-2.1583316825807275e-05	-3.048	-2.1583316825807275e-05	0.0	-0.00021583316825807275	0.0	0.0	0.0	-2.1583316825807275e-05	0.0	-0.00021583316825807275	0.0	-2.1583316825821153e-05	0.0	0.0	0.0	0.0	0.0
HMS_15p195_code_defaults	A_endpoint	8.0	-0.2	-0.2	4	6	0.06597043699999999	1.8238882333104653	7.772735961772752	0.06917070875875278	1.7645057205571621	-0.0004117304092782903	0.007639846901445464	1.3877787807814457e-17	3.048	1.3877787807814457e-17	0.0	1.3877787807814457e-16	0.0	0.0	0.0	1.3877787807814457e-17	0.0	1.3877787807814457e-16	0.0	0.0	0.0	0.0	0.0	0.0	0.0
HMS_15p195_code_defaults	B_fit_target	8.0	-0.2	-0.2	4	6	0.06597043699999999	1.8238882333104653	7.772735961772752	0.06597043699999999	1.764525142171783	0.0	0.007637348216977512	0.06597043699999999	3.0475996426240046	0.06597043699999999	-0.0004003573759954193	0.6597043699999999	-0.004003573759954193	-0.13402956300000002	0.0	0.2	-0.0004003573759954193	2.0	-0.004003573759954193	-0.0032002717587527874	1.942161462076264e-05	0.0004117304092782903	-2.4986844679520184e-06	0.4117303860125148	-0.0024985386827842265
HMS_15p195_code_defaults	C_HCANA_coordinate_step	8.0	-0.2	-0.2	4	6	0.06597043699999999	1.8238882333104653	7.772735961772752	0.06914912544192696	1.7645057205571621	-0.0004117304092782903	0.007639846901445464	-2.1583316825807275e-05	3.048	-2.1583316825807275e-05	0.0	-0.00021583316825807275	0.0	0.0	0.0	-2.1583316825807275e-05	0.0	-0.00021583316825807275	0.0	-2.1583316825821153e-05	0.0	0.0	0.0	0.0	0.0
HMS_15p195_code_defaults	A_endpoint	8.0	-0.2	-0.2	0	0	0.06597043699999999	1.8238882333104653	7.772735961772752	0.5620393715649163	2.2080875170827095	-0.06382166292598165	-0.04942909236358756	-10.160000000000002	-6.096	-1.7763568394002505e-15	0.0	-1.7763568394002505e-14	0.0	0.0	0.0	-1.7763568394002505e-15	0.0	-1.7763568394002505e-14	0.0	0.0	0.0	0.0	0.0	0.0	0.0
HMS_15p195_code_defaults	B_fit_target	8.0	-0.2	-0.2	0	0	0.06597043699999999	1.8238882333104653	7.772735961772752	0.5553549779631085	2.2079618610590552	-0.06338919369620899	-0.04941292610961057	-10.094029563000001	-6.093409725355522	0.06597043699999894	0.002590274644478363	0.6597043699999894	0.02590274644478363	-0.13402956300000002	0.0	0.19999999999999896	0.002590274644478363	1.9999999999999896	0.02590274644478363	-0.0066843936018078365	-0.00012565602365421924	0.000432469229772664	1.616625397698329e-05	0.4307266536613119	0.01612686513816769
HMS_15p195_code_defaults	C_HCANA_coordinate_step	8.0	-0.2	-0.2	0	0	0.06597043699999999	1.8238882333104653	7.772735961772752	0.5586937766313367	2.2080875170827095	-0.06382166292598165	-0.04942909236358756	-10.163345594933581	-6.096	-0.0033455949335809976	0.0	-0.033455949335809976	0.0	0.0	0.0	-0.0033455949335809976	0.0	-0.033455949335809976	0.0	-0.0033455949335796653	0.0	0.0	0.0	0.0	0.0
HMS_15p195_code_defaults	A_endpoint	8.0	-0.2	-0.2	8	8	0.06597043699999999	1.8238882333104653	7.772735961772752	-0.42369795404741073	1.616645121715313	0.06299820210742506	0.02666282665645647	10.159999999999998	6.096	-1.7763568394002505e-15	0.0	-1.7763568394002505e-14	0.0	0.0	0.0	-1.7763568394002505e-15	0.0	-1.7763568394002505e-14	0.0	0.0	0.0	0.0	0.0	0.0	0.0
HMS_15p195_code_defaults	B_fit_target	8.0	-0.2	-0.2	8	8	0.06597043699999999	1.8238882333104653	7.772735961772752	-0.4234141039631085	1.6167129025426923	0.06338919369620899	0.02665410632584021	10.225970437	6.094602765283847	0.06597043700000071	-0.0013972347161530507	0.6597043700000071	-0.013972347161530507	-0.13402956300000002	0.0	0.20000000000000073	-0.0013972347161530507	2.000000000000007	-0.013972347161530507	0.00028385008430220626	6.778082737923796e-05	0.0003909915887839316	-8.720330616260319e-06	0.3894363916922827	-0.00871413770653709
HMS_15p195_code_defaults	C_HCANA_coordinate_step	8.0	-0.2	-0.2	8	8	0.06597043699999999	1.8238882333104653	7.772735961772752	-0.42039552574748273	1.616645121715313	0.06299820210742506	0.02666282665645647	10.163302428299927	6.096	0.003302428299926774	0.0	0.03302428299926774	0.0	0.0	0.0	0.003302428299926774	0.0	0.03302428299926774	0.0	0.0033024282999279952	0.0	0.0	0.0	0.0	0.0
