rungroup	zfoil_cm	population	low_cm	high_cm	count
rg01_theta12p490_foil0	0.0	dense_half	-0.5757001859388322	-0.5678896789765365	0
rg01_theta12p490_foil0	0.0	dense_half	-0.5678896789765365	-0.560079172014241	0
rg01_theta12p490_foil0	0.0	dense_half	-0.560079172014241	-0.5522686650519453	14
rg01_theta12p490_foil0	0.0	dense_half	-0.5522686650519453	-0.5444581580896496	14
rg01_theta12p490_foil0	0.0	dense_half	-0.5444581580896496	-0.536647651127354	27
rg01_theta12p490_foil0	0.0	dense_half	-0.536647651127354	-0.5288371441650583	34
rg01_theta12p490_foil0	0.0	dense_half	-0.5288371441650583	-0.5210266372027627	37
rg01_theta12p490_foil0	0.0	dense_half	-0.5210266372027627	-0.5132161302404671	58
rg01_theta12p490_foil0	0.0	dense_half	-0.5132161302404671	-0.5054056232781714	55
rg01_theta12p490_foil0	0.0	dense_half	-0.5054056232781714	-0.4975951163158758	72
rg01_theta12p490_foil0	0.0	dense_half	-0.4975951163158758	-0.48978460935358015	95
rg01_theta12p490_foil0	0.0	dense_half	-0.48978460935358015	-0.48197410239128446	108
rg01_theta12p490_foil0	0.0	dense_half	-0.48197410239128446	-0.47416359542898884	157
rg01_theta12p490_foil0	0.0	dense_half	-0.47416359542898884	-0.4663530884666932	192
rg01_theta12p490_foil0	0.0	dense_half	-0.4663530884666932	-0.45854258150439753	179
rg01_theta12p490_foil0	0.0	dense_half	-0.45854258150439753	-0.4507320745421019	178
rg01_theta12p490_foil0	0.0	dense_half	-0.4507320745421019	-0.4429215675798063	234
rg01_theta12p490_foil0	0.0	dense_half	-0.4429215675798063	-0.4351110606175106	238
rg01_theta12p490_foil0	0.0	dense_half	-0.4351110606175106	-0.42730055365521497	263
rg01_theta12p490_foil0	0.0	dense_half	-0.42730055365521497	-0.41949004669291934	269
rg01_theta12p490_foil0	0.0	dense_half	-0.41949004669291934	-0.41167953973062366	298
rg01_theta12p490_foil0	0.0	dense_half	-0.41167953973062366	-0.40386903276832803	333
rg01_theta12p490_foil0	0.0	dense_half	-0.40386903276832803	-0.3960585258060324	437
rg01_theta12p490_foil0	0.0	dense_half	-0.3960585258060324	-0.3882480188437367	514
rg01_theta12p490_foil0	0.0	dense_half	-0.3882480188437367	-0.3804375118814411	563
rg01_theta12p490_foil0	0.0	dense_half	-0.3804375118814411	-0.37262700491914547	641
rg01_theta12p490_foil0	0.0	dense_half	-0.37262700491914547	-0.3648164979568498	642
rg01_theta12p490_foil0	0.0	dense_half	-0.3648164979568498	-0.35700599099455416	767
rg01_theta12p490_foil0	0.0	dense_half	-0.35700599099455416	-0.34919548403225853	786
rg01_theta12p490_foil0	0.0	dense_half	-0.34919548403225853	-0.34138497706996285	843
rg01_theta12p490_foil0	0.0	dense_half	-0.34138497706996285	-0.3335744701076673	968
rg01_theta12p490_foil0	0.0	dense_half	-0.3335744701076673	-0.3257639631453716	1028
rg01_theta12p490_foil0	0.0	dense_half	-0.3257639631453716	-0.31795345618307597	1068
rg01_theta12p490_foil0	0.0	dense_half	-0.31795345618307597	-0.3101429492207803	1213
rg01_theta12p490_foil0	0.0	dense_half	-0.3101429492207803	-0.30233244225848466	1322
rg01_theta12p490_foil0	0.0	dense_half	-0.30233244225848466	-0.29452193529618903	1379
rg01_theta12p490_foil0	0.0	dense_half	-0.29452193529618903	-0.28671142833389335	1490
rg01_theta12p490_foil0	0.0	dense_half	-0.28671142833389335	-0.2789009213715977	1541
rg01_theta12p490_foil0	0.0	dense_half	-0.2789009213715977	-0.2710904144093021	1658
rg01_theta12p490_foil0	0.0	dense_half	-0.2710904144093021	-0.26327990744700647	1742
rg01_theta12p490_foil0	0.0	dense_half	-0.26327990744700647	-0.2554694004847108	1858
rg01_theta12p490_foil0	0.0	dense_half	-0.2554694004847108	-0.24765889352241516	1935
rg01_theta12p490_foil0	0.0	dense_half	-0.24765889352241516	-0.23984838656011953	1934
rg01_theta12p490_foil0	0.0	dense_half	-0.23984838656011953	-0.23203787959782385	2057
rg01_theta12p490_foil0	0.0	dense_half	-0.23203787959782385	-0.22422737263552822	2101
rg01_theta12p490_foil0	0.0	dense_half	-0.22422737263552822	-0.2164168656732326	2090
rg01_theta12p490_foil0	0.0	dense_half	-0.2164168656732326	-0.2086063587109369	2227
rg01_theta12p490_foil0	0.0	dense_half	-0.2086063587109369	-0.20079585174864129	2157
rg01_theta12p490_foil0	0.0	dense_half	-0.20079585174864129	-0.19298534478634566	2067
rg01_theta12p490_foil0	0.0	dense_half	-0.19298534478634566	-0.18517483782404998	2279
rg01_theta12p490_foil0	0.0	dense_half	-0.18517483782404998	-0.17736433086175435	2276
rg01_theta12p490_foil0	0.0	dense_half	-0.17736433086175435	-0.16955382389945872	2231
rg01_theta12p490_foil0	0.0	dense_half	-0.16955382389945872	-0.16174331693716304	2248
rg01_theta12p490_foil0	0.0	dense_half	-0.16174331693716304	-0.1539328099748674	2298
rg01_theta12p490_foil0	0.0	dense_half	-0.1539328099748674	-0.14612230301257179	2166
rg01_theta12p490_foil0	0.0	dense_half	-0.14612230301257179	-0.1383117960502761	2169
rg01_theta12p490_foil0	0.0	dense_half	-0.1383117960502761	-0.13050128908798048	2152
rg01_theta12p490_foil0	0.0	dense_half	-0.13050128908798048	-0.12269078212568485	2111
rg01_theta12p490_foil0	0.0	dense_half	-0.12269078212568485	-0.11488027516338922	2140
rg01_theta12p490_foil0	0.0	dense_half	-0.11488027516338922	-0.10706976820109354	2010
rg01_theta12p490_foil0	0.0	dense_half	-0.10706976820109354	-0.09925926123879791	2035
rg01_theta12p490_foil0	0.0	dense_half	-0.09925926123879791	-0.09144875427650229	1904
rg01_theta12p490_foil0	0.0	dense_half	-0.09144875427650229	-0.0836382473142066	1847
rg01_theta12p490_foil0	0.0	dense_half	-0.0836382473142066	-0.07582774035191098	1773
rg01_theta12p490_foil0	0.0	dense_half	-0.07582774035191098	-0.0680172333896153	1655
rg01_theta12p490_foil0	0.0	dense_half	-0.0680172333896153	-0.06020672642731972	1642
rg01_theta12p490_foil0	0.0	dense_half	-0.06020672642731972	-0.05239621946502404	1434
rg01_theta12p490_foil0	0.0	dense_half	-0.05239621946502404	-0.04458571250272836	1377
rg01_theta12p490_foil0	0.0	dense_half	-0.04458571250272836	-0.03677520554043279	1394
rg01_theta12p490_foil0	0.0	dense_half	-0.03677520554043279	-0.028964698578137105	1236
rg01_theta12p490_foil0	0.0	dense_half	-0.028964698578137105	-0.021154191615841422	1183
rg01_theta12p490_foil0	0.0	dense_half	-0.021154191615841422	-0.013343684653545851	1071
rg01_theta12p490_foil0	0.0	dense_half	-0.013343684653545851	-0.0055331776912501685	938
rg01_theta12p490_foil0	0.0	dense_half	-0.0055331776912501685	0.002277329271045514	888
rg01_theta12p490_foil0	0.0	dense_half	0.002277329271045514	0.010087836233341085	837
rg01_theta12p490_foil0	0.0	dense_half	0.010087836233341085	0.017898343195636768	731
rg01_theta12p490_foil0	0.0	dense_half	0.017898343195636768	0.02570885015793245	666
rg01_theta12p490_foil0	0.0	dense_half	0.02570885015793245	0.03351935712022802	624
rg01_theta12p490_foil0	0.0	dense_half	0.03351935712022802	0.041329864082523704	490
rg01_theta12p490_foil0	0.0	dense_half	0.041329864082523704	0.049140371044819275	428
rg01_theta12p490_foil0	0.0	dense_half	0.049140371044819275	0.05695087800711496	394
rg01_theta12p490_foil0	0.0	dense_half	0.05695087800711496	0.06476138496941064	352
rg01_theta12p490_foil0	0.0	dense_half	0.06476138496941064	0.07257189193170621	318
rg01_theta12p490_foil0	0.0	dense_half	0.07257189193170621	0.0803823988940019	306
rg01_theta12p490_foil0	0.0	dense_half	0.0803823988940019	0.08819290585629758	292
rg01_theta12p490_foil0	0.0	dense_half	0.08819290585629758	0.09600341281859315	208
rg01_theta12p490_foil0	0.0	dense_half	0.09600341281859315	0.10381391978088883	190
rg01_theta12p490_foil0	0.0	dense_half	0.10381391978088883	0.11162442674318451	162
rg01_theta12p490_foil0	0.0	dense_half	0.11162442674318451	0.11943493370548008	123
rg01_theta12p490_foil0	0.0	dense_half	0.11943493370548008	0.12724544066777577	94
rg01_theta12p490_foil0	0.0	dense_half	0.12724544066777577	0.13505594763007145	115
rg01_theta12p490_foil0	0.0	dense_half	0.13505594763007145	0.14286645459236702	91
rg01_theta12p490_foil0	0.0	dense_half	0.14286645459236702	0.1506769615546627	77
rg01_theta12p490_foil0	0.0	dense_half	0.1506769615546627	0.15848746851695839	64
rg01_theta12p490_foil0	0.0	dense_half	0.15848746851695839	0.16629797547925396	51
rg01_theta12p490_foil0	0.0	dense_half	0.16629797547925396	0.17410848244154964	39
rg01_theta12p490_foil0	0.0	dense_half	0.17410848244154964	0.18191898940384532	44
rg01_theta12p490_foil0	0.0	dense_half	0.18191898940384532	0.1897294963661409	32
rg01_theta12p490_foil0	0.0	dense_half	0.1897294963661409	0.19754000332843658	1
rg01_theta12p490_foil0	0.0	dense_half	0.19754000332843658	0.2053505102907323	0
rg01_theta12p490_foil0	0.0	outer_core	-0.5757001859388322	-0.5678896789765365	0
rg01_theta12p490_foil0	0.0	outer_core	-0.5678896789765365	-0.560079172014241	1
rg01_theta12p490_foil0	0.0	outer_core	-0.560079172014241	-0.5522686650519453	15
rg01_theta12p490_foil0	0.0	outer_core	-0.5522686650519453	-0.5444581580896496	17
rg01_theta12p490_foil0	0.0	outer_core	-0.5444581580896496	-0.536647651127354	32
rg01_theta12p490_foil0	0.0	outer_core	-0.536647651127354	-0.5288371441650583	39
rg01_theta12p490_foil0	0.0	outer_core	-0.5288371441650583	-0.5210266372027627	52
rg01_theta12p490_foil0	0.0	outer_core	-0.5210266372027627	-0.5132161302404671	68
rg01_theta12p490_foil0	0.0	outer_core	-0.5132161302404671	-0.5054056232781714	58
rg01_theta12p490_foil0	0.0	outer_core	-0.5054056232781714	-0.4975951163158758	84
rg01_theta12p490_foil0	0.0	outer_core	-0.4975951163158758	-0.48978460935358015	111
rg01_theta12p490_foil0	0.0	outer_core	-0.48978460935358015	-0.48197410239128446	139
rg01_theta12p490_foil0	0.0	outer_core	-0.48197410239128446	-0.47416359542898884	188
rg01_theta12p490_foil0	0.0	outer_core	-0.47416359542898884	-0.4663530884666932	235
rg01_theta12p490_foil0	0.0	outer_core	-0.4663530884666932	-0.45854258150439753	242
rg01_theta12p490_foil0	0.0	outer_core	-0.45854258150439753	-0.4507320745421019	278
rg01_theta12p490_foil0	0.0	outer_core	-0.4507320745421019	-0.4429215675798063	288
rg01_theta12p490_foil0	0.0	outer_core	-0.4429215675798063	-0.4351110606175106	306
rg01_theta12p490_foil0	0.0	outer_core	-0.4351110606175106	-0.42730055365521497	338
rg01_theta12p490_foil0	0.0	outer_core	-0.42730055365521497	-0.41949004669291934	362
rg01_theta12p490_foil0	0.0	outer_core	-0.41949004669291934	-0.41167953973062366	393
rg01_theta12p490_foil0	0.0	outer_core	-0.41167953973062366	-0.40386903276832803	462
rg01_theta12p490_foil0	0.0	outer_core	-0.40386903276832803	-0.3960585258060324	520
rg01_theta12p490_foil0	0.0	outer_core	-0.3960585258060324	-0.3882480188437367	592
rg01_theta12p490_foil0	0.0	outer_core	-0.3882480188437367	-0.3804375118814411	690
rg01_theta12p490_foil0	0.0	outer_core	-0.3804375118814411	-0.37262700491914547	733
rg01_theta12p490_foil0	0.0	outer_core	-0.37262700491914547	-0.3648164979568498	800
rg01_theta12p490_foil0	0.0	outer_core	-0.3648164979568498	-0.35700599099455416	869
rg01_theta12p490_foil0	0.0	outer_core	-0.35700599099455416	-0.34919548403225853	895
rg01_theta12p490_foil0	0.0	outer_core	-0.34919548403225853	-0.34138497706996285	949
rg01_theta12p490_foil0	0.0	outer_core	-0.34138497706996285	-0.3335744701076673	1040
rg01_theta12p490_foil0	0.0	outer_core	-0.3335744701076673	-0.3257639631453716	1082
rg01_theta12p490_foil0	0.0	outer_core	-0.3257639631453716	-0.31795345618307597	1181
rg01_theta12p490_foil0	0.0	outer_core	-0.31795345618307597	-0.3101429492207803	1211
rg01_theta12p490_foil0	0.0	outer_core	-0.3101429492207803	-0.30233244225848466	1310
rg01_theta12p490_foil0	0.0	outer_core	-0.30233244225848466	-0.29452193529618903	1389
rg01_theta12p490_foil0	0.0	outer_core	-0.29452193529618903	-0.28671142833389335	1446
rg01_theta12p490_foil0	0.0	outer_core	-0.28671142833389335	-0.2789009213715977	1444
rg01_theta12p490_foil0	0.0	outer_core	-0.2789009213715977	-0.2710904144093021	1593
rg01_theta12p490_foil0	0.0	outer_core	-0.2710904144093021	-0.26327990744700647	1674
rg01_theta12p490_foil0	0.0	outer_core	-0.26327990744700647	-0.2554694004847108	1704
rg01_theta12p490_foil0	0.0	outer_core	-0.2554694004847108	-0.24765889352241516	1802
rg01_theta12p490_foil0	0.0	outer_core	-0.24765889352241516	-0.23984838656011953	1866
rg01_theta12p490_foil0	0.0	outer_core	-0.23984838656011953	-0.23203787959782385	1959
rg01_theta12p490_foil0	0.0	outer_core	-0.23203787959782385	-0.22422737263552822	1966
rg01_theta12p490_foil0	0.0	outer_core	-0.22422737263552822	-0.2164168656732326	1990
rg01_theta12p490_foil0	0.0	outer_core	-0.2164168656732326	-0.2086063587109369	2082
rg01_theta12p490_foil0	0.0	outer_core	-0.2086063587109369	-0.20079585174864129	2040
rg01_theta12p490_foil0	0.0	outer_core	-0.20079585174864129	-0.19298534478634566	2048
rg01_theta12p490_foil0	0.0	outer_core	-0.19298534478634566	-0.18517483782404998	2093
rg01_theta12p490_foil0	0.0	outer_core	-0.18517483782404998	-0.17736433086175435	2179
rg01_theta12p490_foil0	0.0	outer_core	-0.17736433086175435	-0.16955382389945872	2127
rg01_theta12p490_foil0	0.0	outer_core	-0.16955382389945872	-0.16174331693716304	2169
rg01_theta12p490_foil0	0.0	outer_core	-0.16174331693716304	-0.1539328099748674	2084
rg01_theta12p490_foil0	0.0	outer_core	-0.1539328099748674	-0.14612230301257179	2068
rg01_theta12p490_foil0	0.0	outer_core	-0.14612230301257179	-0.1383117960502761	2026
rg01_theta12p490_foil0	0.0	outer_core	-0.1383117960502761	-0.13050128908798048	1967
rg01_theta12p490_foil0	0.0	outer_core	-0.13050128908798048	-0.12269078212568485	2013
rg01_theta12p490_foil0	0.0	outer_core	-0.12269078212568485	-0.11488027516338922	1909
rg01_theta12p490_foil0	0.0	outer_core	-0.11488027516338922	-0.10706976820109354	1987
rg01_theta12p490_foil0	0.0	outer_core	-0.10706976820109354	-0.09925926123879791	1917
rg01_theta12p490_foil0	0.0	outer_core	-0.09925926123879791	-0.09144875427650229	1848
rg01_theta12p490_foil0	0.0	outer_core	-0.09144875427650229	-0.0836382473142066	1752
rg01_theta12p490_foil0	0.0	outer_core	-0.0836382473142066	-0.07582774035191098	1757
rg01_theta12p490_foil0	0.0	outer_core	-0.07582774035191098	-0.0680172333896153	1603
rg01_theta12p490_foil0	0.0	outer_core	-0.0680172333896153	-0.06020672642731972	1469
rg01_theta12p490_foil0	0.0	outer_core	-0.06020672642731972	-0.05239621946502404	1520
rg01_theta12p490_foil0	0.0	outer_core	-0.05239621946502404	-0.04458571250272836	1429
rg01_theta12p490_foil0	0.0	outer_core	-0.04458571250272836	-0.03677520554043279	1363
rg01_theta12p490_foil0	0.0	outer_core	-0.03677520554043279	-0.028964698578137105	1286
rg01_theta12p490_foil0	0.0	outer_core	-0.028964698578137105	-0.021154191615841422	1129
rg01_theta12p490_foil0	0.0	outer_core	-0.021154191615841422	-0.013343684653545851	1055
rg01_theta12p490_foil0	0.0	outer_core	-0.013343684653545851	-0.0055331776912501685	1018
rg01_theta12p490_foil0	0.0	outer_core	-0.0055331776912501685	0.002277329271045514	951
rg01_theta12p490_foil0	0.0	outer_core	0.002277329271045514	0.010087836233341085	938
rg01_theta12p490_foil0	0.0	outer_core	0.010087836233341085	0.017898343195636768	827
rg01_theta12p490_foil0	0.0	outer_core	0.017898343195636768	0.02570885015793245	740
rg01_theta12p490_foil0	0.0	outer_core	0.02570885015793245	0.03351935712022802	658
rg01_theta12p490_foil0	0.0	outer_core	0.03351935712022802	0.041329864082523704	520
rg01_theta12p490_foil0	0.0	outer_core	0.041329864082523704	0.049140371044819275	526
rg01_theta12p490_foil0	0.0	outer_core	0.049140371044819275	0.05695087800711496	419
rg01_theta12p490_foil0	0.0	outer_core	0.05695087800711496	0.06476138496941064	439
rg01_theta12p490_foil0	0.0	outer_core	0.06476138496941064	0.07257189193170621	371
rg01_theta12p490_foil0	0.0	outer_core	0.07257189193170621	0.0803823988940019	327
rg01_theta12p490_foil0	0.0	outer_core	0.0803823988940019	0.08819290585629758	311
rg01_theta12p490_foil0	0.0	outer_core	0.08819290585629758	0.09600341281859315	300
rg01_theta12p490_foil0	0.0	outer_core	0.09600341281859315	0.10381391978088883	194
rg01_theta12p490_foil0	0.0	outer_core	0.10381391978088883	0.11162442674318451	156
rg01_theta12p490_foil0	0.0	outer_core	0.11162442674318451	0.11943493370548008	164
rg01_theta12p490_foil0	0.0	outer_core	0.11943493370548008	0.12724544066777577	142
rg01_theta12p490_foil0	0.0	outer_core	0.12724544066777577	0.13505594763007145	126
rg01_theta12p490_foil0	0.0	outer_core	0.13505594763007145	0.14286645459236702	103
rg01_theta12p490_foil0	0.0	outer_core	0.14286645459236702	0.1506769615546627	89
rg01_theta12p490_foil0	0.0	outer_core	0.1506769615546627	0.15848746851695839	79
rg01_theta12p490_foil0	0.0	outer_core	0.15848746851695839	0.16629797547925396	61
rg01_theta12p490_foil0	0.0	outer_core	0.16629797547925396	0.17410848244154964	68
rg01_theta12p490_foil0	0.0	outer_core	0.17410848244154964	0.18191898940384532	45
rg01_theta12p490_foil0	0.0	outer_core	0.18191898940384532	0.1897294963661409	37
rg01_theta12p490_foil0	0.0	outer_core	0.1897294963661409	0.19754000332843658	0
rg01_theta12p490_foil0	0.0	outer_core	0.19754000332843658	0.2053505102907323	0
rg01_theta12p490_foil0	0.0	shoulders	-0.5757001859388322	-0.5678896789765365	0
rg01_theta12p490_foil0	0.0	shoulders	-0.5678896789765365	-0.560079172014241	0
rg01_theta12p490_foil0	0.0	shoulders	-0.560079172014241	-0.5522686650519453	4
rg01_theta12p490_foil0	0.0	shoulders	-0.5522686650519453	-0.5444581580896496	13
rg01_theta12p490_foil0	0.0	shoulders	-0.5444581580896496	-0.536647651127354	29
rg01_theta12p490_foil0	0.0	shoulders	-0.536647651127354	-0.5288371441650583	21
rg01_theta12p490_foil0	0.0	shoulders	-0.5288371441650583	-0.5210266372027627	49
rg01_theta12p490_foil0	0.0	shoulders	-0.5210266372027627	-0.5132161302404671	55
rg01_theta12p490_foil0	0.0	shoulders	-0.5132161302404671	-0.5054056232781714	73
rg01_theta12p490_foil0	0.0	shoulders	-0.5054056232781714	-0.4975951163158758	90
rg01_theta12p490_foil0	0.0	shoulders	-0.4975951163158758	-0.48978460935358015	126
rg01_theta12p490_foil0	0.0	shoulders	-0.48978460935358015	-0.48197410239128446	142
rg01_theta12p490_foil0	0.0	shoulders	-0.48197410239128446	-0.47416359542898884	187
rg01_theta12p490_foil0	0.0	shoulders	-0.47416359542898884	-0.4663530884666932	177
rg01_theta12p490_foil0	0.0	shoulders	-0.4663530884666932	-0.45854258150439753	205
rg01_theta12p490_foil0	0.0	shoulders	-0.45854258150439753	-0.4507320745421019	209
rg01_theta12p490_foil0	0.0	shoulders	-0.4507320745421019	-0.4429215675798063	247
rg01_theta12p490_foil0	0.0	shoulders	-0.4429215675798063	-0.4351110606175106	282
rg01_theta12p490_foil0	0.0	shoulders	-0.4351110606175106	-0.42730055365521497	345
rg01_theta12p490_foil0	0.0	shoulders	-0.42730055365521497	-0.41949004669291934	290
rg01_theta12p490_foil0	0.0	shoulders	-0.41949004669291934	-0.41167953973062366	328
rg01_theta12p490_foil0	0.0	shoulders	-0.41167953973062366	-0.40386903276832803	414
rg01_theta12p490_foil0	0.0	shoulders	-0.40386903276832803	-0.3960585258060324	390
rg01_theta12p490_foil0	0.0	shoulders	-0.3960585258060324	-0.3882480188437367	489
rg01_theta12p490_foil0	0.0	shoulders	-0.3882480188437367	-0.3804375118814411	562
rg01_theta12p490_foil0	0.0	shoulders	-0.3804375118814411	-0.37262700491914547	559
rg01_theta12p490_foil0	0.0	shoulders	-0.37262700491914547	-0.3648164979568498	573
rg01_theta12p490_foil0	0.0	shoulders	-0.3648164979568498	-0.35700599099455416	585
rg01_theta12p490_foil0	0.0	shoulders	-0.35700599099455416	-0.34919548403225853	655
rg01_theta12p490_foil0	0.0	shoulders	-0.34919548403225853	-0.34138497706996285	622
rg01_theta12p490_foil0	0.0	shoulders	-0.34138497706996285	-0.3335744701076673	674
rg01_theta12p490_foil0	0.0	shoulders	-0.3335744701076673	-0.3257639631453716	681
rg01_theta12p490_foil0	0.0	shoulders	-0.3257639631453716	-0.31795345618307597	727
rg01_theta12p490_foil0	0.0	shoulders	-0.31795345618307597	-0.3101429492207803	749
rg01_theta12p490_foil0	0.0	shoulders	-0.3101429492207803	-0.30233244225848466	685
rg01_theta12p490_foil0	0.0	shoulders	-0.30233244225848466	-0.29452193529618903	748
rg01_theta12p490_foil0	0.0	shoulders	-0.29452193529618903	-0.28671142833389335	791
rg01_theta12p490_foil0	0.0	shoulders	-0.28671142833389335	-0.2789009213715977	816
rg01_theta12p490_foil0	0.0	shoulders	-0.2789009213715977	-0.2710904144093021	815
rg01_theta12p490_foil0	0.0	shoulders	-0.2710904144093021	-0.26327990744700647	821
rg01_theta12p490_foil0	0.0	shoulders	-0.26327990744700647	-0.2554694004847108	809
rg01_theta12p490_foil0	0.0	shoulders	-0.2554694004847108	-0.24765889352241516	869
rg01_theta12p490_foil0	0.0	shoulders	-0.24765889352241516	-0.23984838656011953	945
rg01_theta12p490_foil0	0.0	shoulders	-0.23984838656011953	-0.23203787959782385	913
rg01_theta12p490_foil0	0.0	shoulders	-0.23203787959782385	-0.22422737263552822	944
rg01_theta12p490_foil0	0.0	shoulders	-0.22422737263552822	-0.2164168656732326	889
rg01_theta12p490_foil0	0.0	shoulders	-0.2164168656732326	-0.2086063587109369	885
rg01_theta12p490_foil0	0.0	shoulders	-0.2086063587109369	-0.20079585174864129	965
rg01_theta12p490_foil0	0.0	shoulders	-0.20079585174864129	-0.19298534478634566	857
rg01_theta12p490_foil0	0.0	shoulders	-0.19298534478634566	-0.18517483782404998	976
rg01_theta12p490_foil0	0.0	shoulders	-0.18517483782404998	-0.17736433086175435	955
rg01_theta12p490_foil0	0.0	shoulders	-0.17736433086175435	-0.16955382389945872	911
rg01_theta12p490_foil0	0.0	shoulders	-0.16955382389945872	-0.16174331693716304	791
rg01_theta12p490_foil0	0.0	shoulders	-0.16174331693716304	-0.1539328099748674	939
rg01_theta12p490_foil0	0.0	shoulders	-0.1539328099748674	-0.14612230301257179	946
rg01_theta12p490_foil0	0.0	shoulders	-0.14612230301257179	-0.1383117960502761	898
rg01_theta12p490_foil0	0.0	shoulders	-0.1383117960502761	-0.13050128908798048	914
rg01_theta12p490_foil0	0.0	shoulders	-0.13050128908798048	-0.12269078212568485	939
rg01_theta12p490_foil0	0.0	shoulders	-0.12269078212568485	-0.11488027516338922	882
rg01_theta12p490_foil0	0.0	shoulders	-0.11488027516338922	-0.10706976820109354	816
rg01_theta12p490_foil0	0.0	shoulders	-0.10706976820109354	-0.09925926123879791	852
rg01_theta12p490_foil0	0.0	shoulders	-0.09925926123879791	-0.09144875427650229	868
rg01_theta12p490_foil0	0.0	shoulders	-0.09144875427650229	-0.0836382473142066	864
rg01_theta12p490_foil0	0.0	shoulders	-0.0836382473142066	-0.07582774035191098	809
rg01_theta12p490_foil0	0.0	shoulders	-0.07582774035191098	-0.0680172333896153	840
rg01_theta12p490_foil0	0.0	shoulders	-0.0680172333896153	-0.06020672642731972	798
rg01_theta12p490_foil0	0.0	shoulders	-0.06020672642731972	-0.05239621946502404	787
rg01_theta12p490_foil0	0.0	shoulders	-0.05239621946502404	-0.04458571250272836	752
rg01_theta12p490_foil0	0.0	shoulders	-0.04458571250272836	-0.03677520554043279	769
rg01_theta12p490_foil0	0.0	shoulders	-0.03677520554043279	-0.028964698578137105	683
rg01_theta12p490_foil0	0.0	shoulders	-0.028964698578137105	-0.021154191615841422	664
rg01_theta12p490_foil0	0.0	shoulders	-0.021154191615841422	-0.013343684653545851	670
rg01_theta12p490_foil0	0.0	shoulders	-0.013343684653545851	-0.0055331776912501685	665
rg01_theta12p490_foil0	0.0	shoulders	-0.0055331776912501685	0.002277329271045514	628
rg01_theta12p490_foil0	0.0	shoulders	0.002277329271045514	0.010087836233341085	605
rg01_theta12p490_foil0	0.0	shoulders	0.010087836233341085	0.017898343195636768	584
rg01_theta12p490_foil0	0.0	shoulders	0.017898343195636768	0.02570885015793245	573
rg01_theta12p490_foil0	0.0	shoulders	0.02570885015793245	0.03351935712022802	479
rg01_theta12p490_foil0	0.0	shoulders	0.03351935712022802	0.041329864082523704	436
rg01_theta12p490_foil0	0.0	shoulders	0.041329864082523704	0.049140371044819275	402
rg01_theta12p490_foil0	0.0	shoulders	0.049140371044819275	0.05695087800711496	326
rg01_theta12p490_foil0	0.0	shoulders	0.05695087800711496	0.06476138496941064	332
rg01_theta12p490_foil0	0.0	shoulders	0.06476138496941064	0.07257189193170621	307
rg01_theta12p490_foil0	0.0	shoulders	0.07257189193170621	0.0803823988940019	308
rg01_theta12p490_foil0	0.0	shoulders	0.0803823988940019	0.08819290585629758	306
rg01_theta12p490_foil0	0.0	shoulders	0.08819290585629758	0.09600341281859315	240
rg01_theta12p490_foil0	0.0	shoulders	0.09600341281859315	0.10381391978088883	194
rg01_theta12p490_foil0	0.0	shoulders	0.10381391978088883	0.11162442674318451	153
rg01_theta12p490_foil0	0.0	shoulders	0.11162442674318451	0.11943493370548008	174
rg01_theta12p490_foil0	0.0	shoulders	0.11943493370548008	0.12724544066777577	139
rg01_theta12p490_foil0	0.0	shoulders	0.12724544066777577	0.13505594763007145	116
rg01_theta12p490_foil0	0.0	shoulders	0.13505594763007145	0.14286645459236702	91
rg01_theta12p490_foil0	0.0	shoulders	0.14286645459236702	0.1506769615546627	100
rg01_theta12p490_foil0	0.0	shoulders	0.1506769615546627	0.15848746851695839	66
rg01_theta12p490_foil0	0.0	shoulders	0.15848746851695839	0.16629797547925396	61
rg01_theta12p490_foil0	0.0	shoulders	0.16629797547925396	0.17410848244154964	45
rg01_theta12p490_foil0	0.0	shoulders	0.17410848244154964	0.18191898940384532	39
rg01_theta12p490_foil0	0.0	shoulders	0.18191898940384532	0.1897294963661409	26
rg01_theta12p490_foil0	0.0	shoulders	0.1897294963661409	0.19754000332843658	1
rg01_theta12p490_foil0	0.0	shoulders	0.19754000332843658	0.2053505102907323	0
rg01_theta12p490_foil0	0.0	unsupported	-0.5757001859388322	-0.5678896789765365	0
rg01_theta12p490_foil0	0.0	unsupported	-0.5678896789765365	-0.560079172014241	0
rg01_theta12p490_foil0	0.0	unsupported	-0.560079172014241	-0.5522686650519453	0
rg01_theta12p490_foil0	0.0	unsupported	-0.5522686650519453	-0.5444581580896496	0
rg01_theta12p490_foil0	0.0	unsupported	-0.5444581580896496	-0.536647651127354	2
rg01_theta12p490_foil0	0.0	unsupported	-0.536647651127354	-0.5288371441650583	1
rg01_theta12p490_foil0	0.0	unsupported	-0.5288371441650583	-0.5210266372027627	1
rg01_theta12p490_foil0	0.0	unsupported	-0.5210266372027627	-0.5132161302404671	1
rg01_theta12p490_foil0	0.0	unsupported	-0.5132161302404671	-0.5054056232781714	1
rg01_theta12p490_foil0	0.0	unsupported	-0.5054056232781714	-0.4975951163158758	2
rg01_theta12p490_foil0	0.0	unsupported	-0.4975951163158758	-0.48978460935358015	1
rg01_theta12p490_foil0	0.0	unsupported	-0.48978460935358015	-0.48197410239128446	2
rg01_theta12p490_foil0	0.0	unsupported	-0.48197410239128446	-0.47416359542898884	2
rg01_theta12p490_foil0	0.0	unsupported	-0.47416359542898884	-0.4663530884666932	4
rg01_theta12p490_foil0	0.0	unsupported	-0.4663530884666932	-0.45854258150439753	2
rg01_theta12p490_foil0	0.0	unsupported	-0.45854258150439753	-0.4507320745421019	3
rg01_theta12p490_foil0	0.0	unsupported	-0.4507320745421019	-0.4429215675798063	3
rg01_theta12p490_foil0	0.0	unsupported	-0.4429215675798063	-0.4351110606175106	1
rg01_theta12p490_foil0	0.0	unsupported	-0.4351110606175106	-0.42730055365521497	2
rg01_theta12p490_foil0	0.0	unsupported	-0.42730055365521497	-0.41949004669291934	2
rg01_theta12p490_foil0	0.0	unsupported	-0.41949004669291934	-0.41167953973062366	5
rg01_theta12p490_foil0	0.0	unsupported	-0.41167953973062366	-0.40386903276832803	7
rg01_theta12p490_foil0	0.0	unsupported	-0.40386903276832803	-0.3960585258060324	5
rg01_theta12p490_foil0	0.0	unsupported	-0.3960585258060324	-0.3882480188437367	8
rg01_theta12p490_foil0	0.0	unsupported	-0.3882480188437367	-0.3804375118814411	6
rg01_theta12p490_foil0	0.0	unsupported	-0.3804375118814411	-0.37262700491914547	2
rg01_theta12p490_foil0	0.0	unsupported	-0.37262700491914547	-0.3648164979568498	2
rg01_theta12p490_foil0	0.0	unsupported	-0.3648164979568498	-0.35700599099455416	6
rg01_theta12p490_foil0	0.0	unsupported	-0.35700599099455416	-0.34919548403225853	5
rg01_theta12p490_foil0	0.0	unsupported	-0.34919548403225853	-0.34138497706996285	7
rg01_theta12p490_foil0	0.0	unsupported	-0.34138497706996285	-0.3335744701076673	7
rg01_theta12p490_foil0	0.0	unsupported	-0.3335744701076673	-0.3257639631453716	2
rg01_theta12p490_foil0	0.0	unsupported	-0.3257639631453716	-0.31795345618307597	9
rg01_theta12p490_foil0	0.0	unsupported	-0.31795345618307597	-0.3101429492207803	5
rg01_theta12p490_foil0	0.0	unsupported	-0.3101429492207803	-0.30233244225848466	5
rg01_theta12p490_foil0	0.0	unsupported	-0.30233244225848466	-0.29452193529618903	7
rg01_theta12p490_foil0	0.0	unsupported	-0.29452193529618903	-0.28671142833389335	3
rg01_theta12p490_foil0	0.0	unsupported	-0.28671142833389335	-0.2789009213715977	5
rg01_theta12p490_foil0	0.0	unsupported	-0.2789009213715977	-0.2710904144093021	10
rg01_theta12p490_foil0	0.0	unsupported	-0.2710904144093021	-0.26327990744700647	6
rg01_theta12p490_foil0	0.0	unsupported	-0.26327990744700647	-0.2554694004847108	3
rg01_theta12p490_foil0	0.0	unsupported	-0.2554694004847108	-0.24765889352241516	6
rg01_theta12p490_foil0	0.0	unsupported	-0.24765889352241516	-0.23984838656011953	6
rg01_theta12p490_foil0	0.0	unsupported	-0.23984838656011953	-0.23203787959782385	12
rg01_theta12p490_foil0	0.0	unsupported	-0.23203787959782385	-0.22422737263552822	13
rg01_theta12p490_foil0	0.0	unsupported	-0.22422737263552822	-0.2164168656732326	9
rg01_theta12p490_foil0	0.0	unsupported	-0.2164168656732326	-0.2086063587109369	8
rg01_theta12p490_foil0	0.0	unsupported	-0.2086063587109369	-0.20079585174864129	12
rg01_theta12p490_foil0	0.0	unsupported	-0.20079585174864129	-0.19298534478634566	7
rg01_theta12p490_foil0	0.0	unsupported	-0.19298534478634566	-0.18517483782404998	6
rg01_theta12p490_foil0	0.0	unsupported	-0.18517483782404998	-0.17736433086175435	10
rg01_theta12p490_foil0	0.0	unsupported	-0.17736433086175435	-0.16955382389945872	8
rg01_theta12p490_foil0	0.0	unsupported	-0.16955382389945872	-0.16174331693716304	10
rg01_theta12p490_foil0	0.0	unsupported	-0.16174331693716304	-0.1539328099748674	5
rg01_theta12p490_foil0	0.0	unsupported	-0.1539328099748674	-0.14612230301257179	7
rg01_theta12p490_foil0	0.0	unsupported	-0.14612230301257179	-0.1383117960502761	11
rg01_theta12p490_foil0	0.0	unsupported	-0.1383117960502761	-0.13050128908798048	10
rg01_theta12p490_foil0	0.0	unsupported	-0.13050128908798048	-0.12269078212568485	10
rg01_theta12p490_foil0	0.0	unsupported	-0.12269078212568485	-0.11488027516338922	13
rg01_theta12p490_foil0	0.0	unsupported	-0.11488027516338922	-0.10706976820109354	7
rg01_theta12p490_foil0	0.0	unsupported	-0.10706976820109354	-0.09925926123879791	6
rg01_theta12p490_foil0	0.0	unsupported	-0.09925926123879791	-0.09144875427650229	11
rg01_theta12p490_foil0	0.0	unsupported	-0.09144875427650229	-0.0836382473142066	7
rg01_theta12p490_foil0	0.0	unsupported	-0.0836382473142066	-0.07582774035191098	7
rg01_theta12p490_foil0	0.0	unsupported	-0.07582774035191098	-0.0680172333896153	8
rg01_theta12p490_foil0	0.0	unsupported	-0.0680172333896153	-0.06020672642731972	4
rg01_theta12p490_foil0	0.0	unsupported	-0.06020672642731972	-0.05239621946502404	5
rg01_theta12p490_foil0	0.0	unsupported	-0.05239621946502404	-0.04458571250272836	10
rg01_theta12p490_foil0	0.0	unsupported	-0.04458571250272836	-0.03677520554043279	10
rg01_theta12p490_foil0	0.0	unsupported	-0.03677520554043279	-0.028964698578137105	5
rg01_theta12p490_foil0	0.0	unsupported	-0.028964698578137105	-0.021154191615841422	6
rg01_theta12p490_foil0	0.0	unsupported	-0.021154191615841422	-0.013343684653545851	5
rg01_theta12p490_foil0	0.0	unsupported	-0.013343684653545851	-0.0055331776912501685	10
rg01_theta12p490_foil0	0.0	unsupported	-0.0055331776912501685	0.002277329271045514	7
rg01_theta12p490_foil0	0.0	unsupported	0.002277329271045514	0.010087836233341085	7
rg01_theta12p490_foil0	0.0	unsupported	0.010087836233341085	0.017898343195636768	11
rg01_theta12p490_foil0	0.0	unsupported	0.017898343195636768	0.02570885015793245	7
rg01_theta12p490_foil0	0.0	unsupported	0.02570885015793245	0.03351935712022802	3
rg01_theta12p490_foil0	0.0	unsupported	0.03351935712022802	0.041329864082523704	3
rg01_theta12p490_foil0	0.0	unsupported	0.041329864082523704	0.049140371044819275	2
rg01_theta12p490_foil0	0.0	unsupported	0.049140371044819275	0.05695087800711496	2
rg01_theta12p490_foil0	0.0	unsupported	0.05695087800711496	0.06476138496941064	3
rg01_theta12p490_foil0	0.0	unsupported	0.06476138496941064	0.07257189193170621	4
rg01_theta12p490_foil0	0.0	unsupported	0.07257189193170621	0.0803823988940019	5
rg01_theta12p490_foil0	0.0	unsupported	0.0803823988940019	0.08819290585629758	1
rg01_theta12p490_foil0	0.0	unsupported	0.08819290585629758	0.09600341281859315	8
rg01_theta12p490_foil0	0.0	unsupported	0.09600341281859315	0.10381391978088883	2
rg01_theta12p490_foil0	0.0	unsupported	0.10381391978088883	0.11162442674318451	3
rg01_theta12p490_foil0	0.0	unsupported	0.11162442674318451	0.11943493370548008	4
rg01_theta12p490_foil0	0.0	unsupported	0.11943493370548008	0.12724544066777577	4
rg01_theta12p490_foil0	0.0	unsupported	0.12724544066777577	0.13505594763007145	5
rg01_theta12p490_foil0	0.0	unsupported	0.13505594763007145	0.14286645459236702	1
rg01_theta12p490_foil0	0.0	unsupported	0.14286645459236702	0.1506769615546627	0
rg01_theta12p490_foil0	0.0	unsupported	0.1506769615546627	0.15848746851695839	0
rg01_theta12p490_foil0	0.0	unsupported	0.15848746851695839	0.16629797547925396	1
rg01_theta12p490_foil0	0.0	unsupported	0.16629797547925396	0.17410848244154964	0
rg01_theta12p490_foil0	0.0	unsupported	0.17410848244154964	0.18191898940384532	0
rg01_theta12p490_foil0	0.0	unsupported	0.18191898940384532	0.1897294963661409	2
rg01_theta12p490_foil0	0.0	unsupported	0.1897294963661409	0.19754000332843658	0
rg01_theta12p490_foil0	0.0	unsupported	0.19754000332843658	0.2053505102907323	0
rg01_theta12p490_foil0	0.0	out_of_core	-0.5757001859388322	-0.5678896789765365	0
rg01_theta12p490_foil0	0.0	out_of_core	-0.5678896789765365	-0.560079172014241	0
rg01_theta12p490_foil0	0.0	out_of_core	-0.560079172014241	-0.5522686650519453	4
rg01_theta12p490_foil0	0.0	out_of_core	-0.5522686650519453	-0.5444581580896496	13
rg01_theta12p490_foil0	0.0	out_of_core	-0.5444581580896496	-0.536647651127354	31
rg01_theta12p490_foil0	0.0	out_of_core	-0.536647651127354	-0.5288371441650583	22
rg01_theta12p490_foil0	0.0	out_of_core	-0.5288371441650583	-0.5210266372027627	50
rg01_theta12p490_foil0	0.0	out_of_core	-0.5210266372027627	-0.5132161302404671	56
rg01_theta12p490_foil0	0.0	out_of_core	-0.5132161302404671	-0.5054056232781714	74
rg01_theta12p490_foil0	0.0	out_of_core	-0.5054056232781714	-0.4975951163158758	92
rg01_theta12p490_foil0	0.0	out_of_core	-0.4975951163158758	-0.48978460935358015	127
rg01_theta12p490_foil0	0.0	out_of_core	-0.48978460935358015	-0.48197410239128446	144
rg01_theta12p490_foil0	0.0	out_of_core	-0.48197410239128446	-0.47416359542898884	189
rg01_theta12p490_foil0	0.0	out_of_core	-0.47416359542898884	-0.4663530884666932	181
rg01_theta12p490_foil0	0.0	out_of_core	-0.4663530884666932	-0.45854258150439753	207
rg01_theta12p490_foil0	0.0	out_of_core	-0.45854258150439753	-0.4507320745421019	212
rg01_theta12p490_foil0	0.0	out_of_core	-0.4507320745421019	-0.4429215675798063	250
rg01_theta12p490_foil0	0.0	out_of_core	-0.4429215675798063	-0.4351110606175106	283
rg01_theta12p490_foil0	0.0	out_of_core	-0.4351110606175106	-0.42730055365521497	347
rg01_theta12p490_foil0	0.0	out_of_core	-0.42730055365521497	-0.41949004669291934	292
rg01_theta12p490_foil0	0.0	out_of_core	-0.41949004669291934	-0.41167953973062366	333
rg01_theta12p490_foil0	0.0	out_of_core	-0.41167953973062366	-0.40386903276832803	421
rg01_theta12p490_foil0	0.0	out_of_core	-0.40386903276832803	-0.3960585258060324	395
rg01_theta12p490_foil0	0.0	out_of_core	-0.3960585258060324	-0.3882480188437367	497
rg01_theta12p490_foil0	0.0	out_of_core	-0.3882480188437367	-0.3804375118814411	568
rg01_theta12p490_foil0	0.0	out_of_core	-0.3804375118814411	-0.37262700491914547	561
rg01_theta12p490_foil0	0.0	out_of_core	-0.37262700491914547	-0.3648164979568498	575
rg01_theta12p490_foil0	0.0	out_of_core	-0.3648164979568498	-0.35700599099455416	591
rg01_theta12p490_foil0	0.0	out_of_core	-0.35700599099455416	-0.34919548403225853	660
rg01_theta12p490_foil0	0.0	out_of_core	-0.34919548403225853	-0.34138497706996285	629
rg01_theta12p490_foil0	0.0	out_of_core	-0.34138497706996285	-0.3335744701076673	681
rg01_theta12p490_foil0	0.0	out_of_core	-0.3335744701076673	-0.3257639631453716	683
rg01_theta12p490_foil0	0.0	out_of_core	-0.3257639631453716	-0.31795345618307597	736
rg01_theta12p490_foil0	0.0	out_of_core	-0.31795345618307597	-0.3101429492207803	754
rg01_theta12p490_foil0	0.0	out_of_core	-0.3101429492207803	-0.30233244225848466	690
rg01_theta12p490_foil0	0.0	out_of_core	-0.30233244225848466	-0.29452193529618903	755
rg01_theta12p490_foil0	0.0	out_of_core	-0.29452193529618903	-0.28671142833389335	794
rg01_theta12p490_foil0	0.0	out_of_core	-0.28671142833389335	-0.2789009213715977	821
rg01_theta12p490_foil0	0.0	out_of_core	-0.2789009213715977	-0.2710904144093021	825
rg01_theta12p490_foil0	0.0	out_of_core	-0.2710904144093021	-0.26327990744700647	827
rg01_theta12p490_foil0	0.0	out_of_core	-0.26327990744700647	-0.2554694004847108	812
rg01_theta12p490_foil0	0.0	out_of_core	-0.2554694004847108	-0.24765889352241516	875
rg01_theta12p490_foil0	0.0	out_of_core	-0.24765889352241516	-0.23984838656011953	951
rg01_theta12p490_foil0	0.0	out_of_core	-0.23984838656011953	-0.23203787959782385	925
rg01_theta12p490_foil0	0.0	out_of_core	-0.23203787959782385	-0.22422737263552822	957
rg01_theta12p490_foil0	0.0	out_of_core	-0.22422737263552822	-0.2164168656732326	898
rg01_theta12p490_foil0	0.0	out_of_core	-0.2164168656732326	-0.2086063587109369	893
rg01_theta12p490_foil0	0.0	out_of_core	-0.2086063587109369	-0.20079585174864129	977
rg01_theta12p490_foil0	0.0	out_of_core	-0.20079585174864129	-0.19298534478634566	864
rg01_theta12p490_foil0	0.0	out_of_core	-0.19298534478634566	-0.18517483782404998	982
rg01_theta12p490_foil0	0.0	out_of_core	-0.18517483782404998	-0.17736433086175435	965
rg01_theta12p490_foil0	0.0	out_of_core	-0.17736433086175435	-0.16955382389945872	919
rg01_theta12p490_foil0	0.0	out_of_core	-0.16955382389945872	-0.16174331693716304	801
rg01_theta12p490_foil0	0.0	out_of_core	-0.16174331693716304	-0.1539328099748674	944
rg01_theta12p490_foil0	0.0	out_of_core	-0.1539328099748674	-0.14612230301257179	953
rg01_theta12p490_foil0	0.0	out_of_core	-0.14612230301257179	-0.1383117960502761	909
rg01_theta12p490_foil0	0.0	out_of_core	-0.1383117960502761	-0.13050128908798048	924
rg01_theta12p490_foil0	0.0	out_of_core	-0.13050128908798048	-0.12269078212568485	949
rg01_theta12p490_foil0	0.0	out_of_core	-0.12269078212568485	-0.11488027516338922	895
rg01_theta12p490_foil0	0.0	out_of_core	-0.11488027516338922	-0.10706976820109354	823
rg01_theta12p490_foil0	0.0	out_of_core	-0.10706976820109354	-0.09925926123879791	858
rg01_theta12p490_foil0	0.0	out_of_core	-0.09925926123879791	-0.09144875427650229	879
rg01_theta12p490_foil0	0.0	out_of_core	-0.09144875427650229	-0.0836382473142066	871
rg01_theta12p490_foil0	0.0	out_of_core	-0.0836382473142066	-0.07582774035191098	816
rg01_theta12p490_foil0	0.0	out_of_core	-0.07582774035191098	-0.0680172333896153	848
rg01_theta12p490_foil0	0.0	out_of_core	-0.0680172333896153	-0.06020672642731972	802
rg01_theta12p490_foil0	0.0	out_of_core	-0.06020672642731972	-0.05239621946502404	792
rg01_theta12p490_foil0	0.0	out_of_core	-0.05239621946502404	-0.04458571250272836	762
rg01_theta12p490_foil0	0.0	out_of_core	-0.04458571250272836	-0.03677520554043279	779
rg01_theta12p490_foil0	0.0	out_of_core	-0.03677520554043279	-0.028964698578137105	688
rg01_theta12p490_foil0	0.0	out_of_core	-0.028964698578137105	-0.021154191615841422	670
rg01_theta12p490_foil0	0.0	out_of_core	-0.021154191615841422	-0.013343684653545851	675
rg01_theta12p490_foil0	0.0	out_of_core	-0.013343684653545851	-0.0055331776912501685	675
rg01_theta12p490_foil0	0.0	out_of_core	-0.0055331776912501685	0.002277329271045514	635
rg01_theta12p490_foil0	0.0	out_of_core	0.002277329271045514	0.010087836233341085	612
rg01_theta12p490_foil0	0.0	out_of_core	0.010087836233341085	0.017898343195636768	595
rg01_theta12p490_foil0	0.0	out_of_core	0.017898343195636768	0.02570885015793245	580
rg01_theta12p490_foil0	0.0	out_of_core	0.02570885015793245	0.03351935712022802	482
rg01_theta12p490_foil0	0.0	out_of_core	0.03351935712022802	0.041329864082523704	439
rg01_theta12p490_foil0	0.0	out_of_core	0.041329864082523704	0.049140371044819275	404
rg01_theta12p490_foil0	0.0	out_of_core	0.049140371044819275	0.05695087800711496	328
rg01_theta12p490_foil0	0.0	out_of_core	0.05695087800711496	0.06476138496941064	335
rg01_theta12p490_foil0	0.0	out_of_core	0.06476138496941064	0.07257189193170621	311
rg01_theta12p490_foil0	0.0	out_of_core	0.07257189193170621	0.0803823988940019	313
rg01_theta12p490_foil0	0.0	out_of_core	0.0803823988940019	0.08819290585629758	307
rg01_theta12p490_foil0	0.0	out_of_core	0.08819290585629758	0.09600341281859315	248
rg01_theta12p490_foil0	0.0	out_of_core	0.09600341281859315	0.10381391978088883	196
rg01_theta12p490_foil0	0.0	out_of_core	0.10381391978088883	0.11162442674318451	156
rg01_theta12p490_foil0	0.0	out_of_core	0.11162442674318451	0.11943493370548008	178
rg01_theta12p490_foil0	0.0	out_of_core	0.11943493370548008	0.12724544066777577	143
rg01_theta12p490_foil0	0.0	out_of_core	0.12724544066777577	0.13505594763007145	121
rg01_theta12p490_foil0	0.0	out_of_core	0.13505594763007145	0.14286645459236702	92
rg01_theta12p490_foil0	0.0	out_of_core	0.14286645459236702	0.1506769615546627	100
rg01_theta12p490_foil0	0.0	out_of_core	0.1506769615546627	0.15848746851695839	66
rg01_theta12p490_foil0	0.0	out_of_core	0.15848746851695839	0.16629797547925396	62
rg01_theta12p490_foil0	0.0	out_of_core	0.16629797547925396	0.17410848244154964	45
rg01_theta12p490_foil0	0.0	out_of_core	0.17410848244154964	0.18191898940384532	39
rg01_theta12p490_foil0	0.0	out_of_core	0.18191898940384532	0.1897294963661409	28
rg01_theta12p490_foil0	0.0	out_of_core	0.1897294963661409	0.19754000332843658	1
rg01_theta12p490_foil0	0.0	out_of_core	0.19754000332843658	0.2053505102907323	0
rg02_theta15p195_foil0	0.0	dense_half	-0.5490072884579512	-0.5409093405710547	0
rg02_theta15p195_foil0	0.0	dense_half	-0.5409093405710547	-0.5328113926841581	1
rg02_theta15p195_foil0	0.0	dense_half	-0.5328113926841581	-0.5247134447972616	0
rg02_theta15p195_foil0	0.0	dense_half	-0.5247134447972616	-0.5166154969103651	0
rg02_theta15p195_foil0	0.0	dense_half	-0.5166154969103651	-0.5085175490234686	3
rg02_theta15p195_foil0	0.0	dense_half	-0.5085175490234686	-0.500419601136572	11
rg02_theta15p195_foil0	0.0	dense_half	-0.500419601136572	-0.4923216532496755	12
rg02_theta15p195_foil0	0.0	dense_half	-0.4923216532496755	-0.4842237053627789	8
rg02_theta15p195_foil0	0.0	dense_half	-0.4842237053627789	-0.4761257574758824	15
rg02_theta15p195_foil0	0.0	dense_half	-0.4761257574758824	-0.4680278095889859	16
rg02_theta15p195_foil0	0.0	dense_half	-0.4680278095889859	-0.4599298617020894	11
rg02_theta15p195_foil0	0.0	dense_half	-0.4599298617020894	-0.45183191381519283	23
rg02_theta15p195_foil0	0.0	dense_half	-0.45183191381519283	-0.4437339659282963	35
rg02_theta15p195_foil0	0.0	dense_half	-0.4437339659282963	-0.43563601804139973	29
rg02_theta15p195_foil0	0.0	dense_half	-0.43563601804139973	-0.42753807015450324	42
rg02_theta15p195_foil0	0.0	dense_half	-0.42753807015450324	-0.4194401222676067	53
rg02_theta15p195_foil0	0.0	dense_half	-0.4194401222676067	-0.4113421743807102	55
rg02_theta15p195_foil0	0.0	dense_half	-0.4113421743807102	-0.40324422649381364	65
rg02_theta15p195_foil0	0.0	dense_half	-0.40324422649381364	-0.3951462786069171	71
rg02_theta15p195_foil0	0.0	dense_half	-0.3951462786069171	-0.38704833072002054	78
rg02_theta15p195_foil0	0.0	dense_half	-0.38704833072002054	-0.378950382833124	96
rg02_theta15p195_foil0	0.0	dense_half	-0.378950382833124	-0.3708524349462275	102
rg02_theta15p195_foil0	0.0	dense_half	-0.3708524349462275	-0.36275448705933094	99
rg02_theta15p195_foil0	0.0	dense_half	-0.36275448705933094	-0.35465653917243445	131
rg02_theta15p195_foil0	0.0	dense_half	-0.35465653917243445	-0.3465585912855379	139
rg02_theta15p195_foil0	0.0	dense_half	-0.3465585912855379	-0.33846064339864135	153
rg02_theta15p195_foil0	0.0	dense_half	-0.33846064339864135	-0.3303626955117448	178
rg02_theta15p195_foil0	0.0	dense_half	-0.3303626955117448	-0.3222647476248483	164
rg02_theta15p195_foil0	0.0	dense_half	-0.3222647476248483	-0.31416679973795175	174
rg02_theta15p195_foil0	0.0	dense_half	-0.31416679973795175	-0.30606885185105526	199
rg02_theta15p195_foil0	0.0	dense_half	-0.30606885185105526	-0.2979709039641587	203
rg02_theta15p195_foil0	0.0	dense_half	-0.2979709039641587	-0.28987295607726216	183
rg02_theta15p195_foil0	0.0	dense_half	-0.28987295607726216	-0.2817750081903656	212
rg02_theta15p195_foil0	0.0	dense_half	-0.2817750081903656	-0.2736770603034691	222
rg02_theta15p195_foil0	0.0	dense_half	-0.2736770603034691	-0.26557911241657256	205
rg02_theta15p195_foil0	0.0	dense_half	-0.26557911241657256	-0.257481164529676	224
rg02_theta15p195_foil0	0.0	dense_half	-0.257481164529676	-0.24938321664277951	230
rg02_theta15p195_foil0	0.0	dense_half	-0.24938321664277951	-0.24128526875588296	236
rg02_theta15p195_foil0	0.0	dense_half	-0.24128526875588296	-0.23318732086898641	225
rg02_theta15p195_foil0	0.0	dense_half	-0.23318732086898641	-0.22508937298208986	236
rg02_theta15p195_foil0	0.0	dense_half	-0.22508937298208986	-0.21699142509519337	220
rg02_theta15p195_foil0	0.0	dense_half	-0.21699142509519337	-0.20889347720829682	254
rg02_theta15p195_foil0	0.0	dense_half	-0.20889347720829682	-0.20079552932140027	227
rg02_theta15p195_foil0	0.0	dense_half	-0.20079552932140027	-0.19269758143450377	218
rg02_theta15p195_foil0	0.0	dense_half	-0.19269758143450377	-0.18459963354760722	243
rg02_theta15p195_foil0	0.0	dense_half	-0.18459963354760722	-0.17650168566071067	228
rg02_theta15p195_foil0	0.0	dense_half	-0.17650168566071067	-0.16840373777381418	184
rg02_theta15p195_foil0	0.0	dense_half	-0.16840373777381418	-0.16030578988691763	244
rg02_theta15p195_foil0	0.0	dense_half	-0.16030578988691763	-0.15220784200002108	233
rg02_theta15p195_foil0	0.0	dense_half	-0.15220784200002108	-0.14410989411312458	238
rg02_theta15p195_foil0	0.0	dense_half	-0.14410989411312458	-0.13601194622622803	218
rg02_theta15p195_foil0	0.0	dense_half	-0.13601194622622803	-0.12791399833933148	186
rg02_theta15p195_foil0	0.0	dense_half	-0.12791399833933148	-0.11981605045243499	207
rg02_theta15p195_foil0	0.0	dense_half	-0.11981605045243499	-0.11171810256553844	203
rg02_theta15p195_foil0	0.0	dense_half	-0.11171810256553844	-0.10362015467864188	192
rg02_theta15p195_foil0	0.0	dense_half	-0.10362015467864188	-0.09552220679174539	169
rg02_theta15p195_foil0	0.0	dense_half	-0.09552220679174539	-0.08742425890484884	162
rg02_theta15p195_foil0	0.0	dense_half	-0.08742425890484884	-0.07932631101795229	158
rg02_theta15p195_foil0	0.0	dense_half	-0.07932631101795229	-0.07122836313105574	175
rg02_theta15p195_foil0	0.0	dense_half	-0.07122836313105574	-0.06313041524415924	127
rg02_theta15p195_foil0	0.0	dense_half	-0.06313041524415924	-0.05503246735726269	141
rg02_theta15p195_foil0	0.0	dense_half	-0.05503246735726269	-0.0469345194703662	123
rg02_theta15p195_foil0	0.0	dense_half	-0.0469345194703662	-0.03883657158346965	92
rg02_theta15p195_foil0	0.0	dense_half	-0.03883657158346965	-0.030738623696573097	73
rg02_theta15p195_foil0	0.0	dense_half	-0.030738623696573097	-0.022640675809676547	97
rg02_theta15p195_foil0	0.0	dense_half	-0.022640675809676547	-0.014542727922779997	80
rg02_theta15p195_foil0	0.0	dense_half	-0.014542727922779997	-0.006444780035883446	76
rg02_theta15p195_foil0	0.0	dense_half	-0.006444780035883446	0.0016531678510129932	80
rg02_theta15p195_foil0	0.0	dense_half	0.0016531678510129932	0.009751115737909544	61
rg02_theta15p195_foil0	0.0	dense_half	0.009751115737909544	0.017849063624806094	54
rg02_theta15p195_foil0	0.0	dense_half	0.017849063624806094	0.025947011511702645	49
rg02_theta15p195_foil0	0.0	dense_half	0.025947011511702645	0.034044959398599195	47
rg02_theta15p195_foil0	0.0	dense_half	0.034044959398599195	0.042142907285495745	41
rg02_theta15p195_foil0	0.0	dense_half	0.042142907285495745	0.050240855172392185	37
rg02_theta15p195_foil0	0.0	dense_half	0.050240855172392185	0.058338803059288735	44
rg02_theta15p195_foil0	0.0	dense_half	0.058338803059288735	0.06643675094618529	36
rg02_theta15p195_foil0	0.0	dense_half	0.06643675094618529	0.07453469883308184	40
rg02_theta15p195_foil0	0.0	dense_half	0.07453469883308184	0.08263264671997839	27
rg02_theta15p195_foil0	0.0	dense_half	0.08263264671997839	0.09073059460687494	32
rg02_theta15p195_foil0	0.0	dense_half	0.09073059460687494	0.09882854249377149	46
rg02_theta15p195_foil0	0.0	dense_half	0.09882854249377149	0.10692649038066793	30
rg02_theta15p195_foil0	0.0	dense_half	0.10692649038066793	0.11502443826756448	24
rg02_theta15p195_foil0	0.0	dense_half	0.11502443826756448	0.12312238615446103	30
rg02_theta15p195_foil0	0.0	dense_half	0.12312238615446103	0.13122033404135758	17
rg02_theta15p195_foil0	0.0	dense_half	0.13122033404135758	0.13931828192825413	15
rg02_theta15p195_foil0	0.0	dense_half	0.13931828192825413	0.14741622981515068	18
rg02_theta15p195_foil0	0.0	dense_half	0.14741622981515068	0.15551417770204712	11
rg02_theta15p195_foil0	0.0	dense_half	0.15551417770204712	0.16361212558894367	9
rg02_theta15p195_foil0	0.0	dense_half	0.16361212558894367	0.17171007347584022	13
rg02_theta15p195_foil0	0.0	dense_half	0.17171007347584022	0.17980802136273677	11
rg02_theta15p195_foil0	0.0	dense_half	0.17980802136273677	0.18790596924963332	9
rg02_theta15p195_foil0	0.0	dense_half	0.18790596924963332	0.19600391713652987	10
rg02_theta15p195_foil0	0.0	dense_half	0.19600391713652987	0.2041018650234263	8
rg02_theta15p195_foil0	0.0	dense_half	0.2041018650234263	0.21219981291032286	5
rg02_theta15p195_foil0	0.0	dense_half	0.21219981291032286	0.2202977607972194	6
rg02_theta15p195_foil0	0.0	dense_half	0.2202977607972194	0.22839570868411596	7
rg02_theta15p195_foil0	0.0	dense_half	0.22839570868411596	0.2364936565710125	7
rg02_theta15p195_foil0	0.0	dense_half	0.2364936565710125	0.24459160445790906	0
rg02_theta15p195_foil0	0.0	dense_half	0.24459160445790906	0.2526895523448056	0
rg02_theta15p195_foil0	0.0	dense_half	0.2526895523448056	0.26078750023170216	0
rg02_theta15p195_foil0	0.0	outer_core	-0.5490072884579512	-0.5409093405710547	0
rg02_theta15p195_foil0	0.0	outer_core	-0.5409093405710547	-0.5328113926841581	0
rg02_theta15p195_foil0	0.0	outer_core	-0.5328113926841581	-0.5247134447972616	0
rg02_theta15p195_foil0	0.0	outer_core	-0.5247134447972616	-0.5166154969103651	1
rg02_theta15p195_foil0	0.0	outer_core	-0.5166154969103651	-0.5085175490234686	3
rg02_theta15p195_foil0	0.0	outer_core	-0.5085175490234686	-0.500419601136572	10
rg02_theta15p195_foil0	0.0	outer_core	-0.500419601136572	-0.4923216532496755	22
rg02_theta15p195_foil0	0.0	outer_core	-0.4923216532496755	-0.4842237053627789	12
rg02_theta15p195_foil0	0.0	outer_core	-0.4842237053627789	-0.4761257574758824	18
rg02_theta15p195_foil0	0.0	outer_core	-0.4761257574758824	-0.4680278095889859	21
rg02_theta15p195_foil0	0.0	outer_core	-0.4680278095889859	-0.4599298617020894	19
rg02_theta15p195_foil0	0.0	outer_core	-0.4599298617020894	-0.45183191381519283	33
rg02_theta15p195_foil0	0.0	outer_core	-0.45183191381519283	-0.4437339659282963	29
rg02_theta15p195_foil0	0.0	outer_core	-0.4437339659282963	-0.43563601804139973	36
rg02_theta15p195_foil0	0.0	outer_core	-0.43563601804139973	-0.42753807015450324	40
rg02_theta15p195_foil0	0.0	outer_core	-0.42753807015450324	-0.4194401222676067	44
rg02_theta15p195_foil0	0.0	outer_core	-0.4194401222676067	-0.4113421743807102	50
rg02_theta15p195_foil0	0.0	outer_core	-0.4113421743807102	-0.40324422649381364	72
rg02_theta15p195_foil0	0.0	outer_core	-0.40324422649381364	-0.3951462786069171	76
rg02_theta15p195_foil0	0.0	outer_core	-0.3951462786069171	-0.38704833072002054	88
rg02_theta15p195_foil0	0.0	outer_core	-0.38704833072002054	-0.378950382833124	118
rg02_theta15p195_foil0	0.0	outer_core	-0.378950382833124	-0.3708524349462275	87
rg02_theta15p195_foil0	0.0	outer_core	-0.3708524349462275	-0.36275448705933094	145
rg02_theta15p195_foil0	0.0	outer_core	-0.36275448705933094	-0.35465653917243445	128
rg02_theta15p195_foil0	0.0	outer_core	-0.35465653917243445	-0.3465585912855379	128
rg02_theta15p195_foil0	0.0	outer_core	-0.3465585912855379	-0.33846064339864135	149
rg02_theta15p195_foil0	0.0	outer_core	-0.33846064339864135	-0.3303626955117448	161
rg02_theta15p195_foil0	0.0	outer_core	-0.3303626955117448	-0.3222647476248483	161
rg02_theta15p195_foil0	0.0	outer_core	-0.3222647476248483	-0.31416679973795175	193
rg02_theta15p195_foil0	0.0	outer_core	-0.31416679973795175	-0.30606885185105526	181
rg02_theta15p195_foil0	0.0	outer_core	-0.30606885185105526	-0.2979709039641587	217
rg02_theta15p195_foil0	0.0	outer_core	-0.2979709039641587	-0.28987295607726216	165
rg02_theta15p195_foil0	0.0	outer_core	-0.28987295607726216	-0.2817750081903656	183
rg02_theta15p195_foil0	0.0	outer_core	-0.2817750081903656	-0.2736770603034691	192
rg02_theta15p195_foil0	0.0	outer_core	-0.2736770603034691	-0.26557911241657256	216
rg02_theta15p195_foil0	0.0	outer_core	-0.26557911241657256	-0.257481164529676	186
rg02_theta15p195_foil0	0.0	outer_core	-0.257481164529676	-0.24938321664277951	223
rg02_theta15p195_foil0	0.0	outer_core	-0.24938321664277951	-0.24128526875588296	231
rg02_theta15p195_foil0	0.0	outer_core	-0.24128526875588296	-0.23318732086898641	228
rg02_theta15p195_foil0	0.0	outer_core	-0.23318732086898641	-0.22508937298208986	235
rg02_theta15p195_foil0	0.0	outer_core	-0.22508937298208986	-0.21699142509519337	209
rg02_theta15p195_foil0	0.0	outer_core	-0.21699142509519337	-0.20889347720829682	235
rg02_theta15p195_foil0	0.0	outer_core	-0.20889347720829682	-0.20079552932140027	249
rg02_theta15p195_foil0	0.0	outer_core	-0.20079552932140027	-0.19269758143450377	223
rg02_theta15p195_foil0	0.0	outer_core	-0.19269758143450377	-0.18459963354760722	208
rg02_theta15p195_foil0	0.0	outer_core	-0.18459963354760722	-0.17650168566071067	212
rg02_theta15p195_foil0	0.0	outer_core	-0.17650168566071067	-0.16840373777381418	207
rg02_theta15p195_foil0	0.0	outer_core	-0.16840373777381418	-0.16030578988691763	231
rg02_theta15p195_foil0	0.0	outer_core	-0.16030578988691763	-0.15220784200002108	225
rg02_theta15p195_foil0	0.0	outer_core	-0.15220784200002108	-0.14410989411312458	207
rg02_theta15p195_foil0	0.0	outer_core	-0.14410989411312458	-0.13601194622622803	220
rg02_theta15p195_foil0	0.0	outer_core	-0.13601194622622803	-0.12791399833933148	184
rg02_theta15p195_foil0	0.0	outer_core	-0.12791399833933148	-0.11981605045243499	199
rg02_theta15p195_foil0	0.0	outer_core	-0.11981605045243499	-0.11171810256553844	189
rg02_theta15p195_foil0	0.0	outer_core	-0.11171810256553844	-0.10362015467864188	185
rg02_theta15p195_foil0	0.0	outer_core	-0.10362015467864188	-0.09552220679174539	169
rg02_theta15p195_foil0	0.0	outer_core	-0.09552220679174539	-0.08742425890484884	170
rg02_theta15p195_foil0	0.0	outer_core	-0.08742425890484884	-0.07932631101795229	157
rg02_theta15p195_foil0	0.0	outer_core	-0.07932631101795229	-0.07122836313105574	156
rg02_theta15p195_foil0	0.0	outer_core	-0.07122836313105574	-0.06313041524415924	157
rg02_theta15p195_foil0	0.0	outer_core	-0.06313041524415924	-0.05503246735726269	129
rg02_theta15p195_foil0	0.0	outer_core	-0.05503246735726269	-0.0469345194703662	101
rg02_theta15p195_foil0	0.0	outer_core	-0.0469345194703662	-0.03883657158346965	106
rg02_theta15p195_foil0	0.0	outer_core	-0.03883657158346965	-0.030738623696573097	108
rg02_theta15p195_foil0	0.0	outer_core	-0.030738623696573097	-0.022640675809676547	77
rg02_theta15p195_foil0	0.0	outer_core	-0.022640675809676547	-0.014542727922779997	74
rg02_theta15p195_foil0	0.0	outer_core	-0.014542727922779997	-0.006444780035883446	66
rg02_theta15p195_foil0	0.0	outer_core	-0.006444780035883446	0.0016531678510129932	62
rg02_theta15p195_foil0	0.0	outer_core	0.0016531678510129932	0.009751115737909544	62
rg02_theta15p195_foil0	0.0	outer_core	0.009751115737909544	0.017849063624806094	62
rg02_theta15p195_foil0	0.0	outer_core	0.017849063624806094	0.025947011511702645	62
rg02_theta15p195_foil0	0.0	outer_core	0.025947011511702645	0.034044959398599195	48
rg02_theta15p195_foil0	0.0	outer_core	0.034044959398599195	0.042142907285495745	46
rg02_theta15p195_foil0	0.0	outer_core	0.042142907285495745	0.050240855172392185	51
rg02_theta15p195_foil0	0.0	outer_core	0.050240855172392185	0.058338803059288735	46
rg02_theta15p195_foil0	0.0	outer_core	0.058338803059288735	0.06643675094618529	49
rg02_theta15p195_foil0	0.0	outer_core	0.06643675094618529	0.07453469883308184	31
rg02_theta15p195_foil0	0.0	outer_core	0.07453469883308184	0.08263264671997839	41
rg02_theta15p195_foil0	0.0	outer_core	0.08263264671997839	0.09073059460687494	35
rg02_theta15p195_foil0	0.0	outer_core	0.09073059460687494	0.09882854249377149	29
rg02_theta15p195_foil0	0.0	outer_core	0.09882854249377149	0.10692649038066793	35
rg02_theta15p195_foil0	0.0	outer_core	0.10692649038066793	0.11502443826756448	27
rg02_theta15p195_foil0	0.0	outer_core	0.11502443826756448	0.12312238615446103	16
rg02_theta15p195_foil0	0.0	outer_core	0.12312238615446103	0.13122033404135758	22
rg02_theta15p195_foil0	0.0	outer_core	0.13122033404135758	0.13931828192825413	12
rg02_theta15p195_foil0	0.0	outer_core	0.13931828192825413	0.14741622981515068	17
rg02_theta15p195_foil0	0.0	outer_core	0.14741622981515068	0.15551417770204712	16
rg02_theta15p195_foil0	0.0	outer_core	0.15551417770204712	0.16361212558894367	9
rg02_theta15p195_foil0	0.0	outer_core	0.16361212558894367	0.17171007347584022	8
rg02_theta15p195_foil0	0.0	outer_core	0.17171007347584022	0.17980802136273677	14
rg02_theta15p195_foil0	0.0	outer_core	0.17980802136273677	0.18790596924963332	12
rg02_theta15p195_foil0	0.0	outer_core	0.18790596924963332	0.19600391713652987	7
rg02_theta15p195_foil0	0.0	outer_core	0.19600391713652987	0.2041018650234263	10
rg02_theta15p195_foil0	0.0	outer_core	0.2041018650234263	0.21219981291032286	6
rg02_theta15p195_foil0	0.0	outer_core	0.21219981291032286	0.2202977607972194	11
rg02_theta15p195_foil0	0.0	outer_core	0.2202977607972194	0.22839570868411596	6
rg02_theta15p195_foil0	0.0	outer_core	0.22839570868411596	0.2364936565710125	5
rg02_theta15p195_foil0	0.0	outer_core	0.2364936565710125	0.24459160445790906	1
rg02_theta15p195_foil0	0.0	outer_core	0.24459160445790906	0.2526895523448056	1
rg02_theta15p195_foil0	0.0	outer_core	0.2526895523448056	0.26078750023170216	0
rg02_theta15p195_foil0	0.0	shoulders	-0.5490072884579512	-0.5409093405710547	0
rg02_theta15p195_foil0	0.0	shoulders	-0.5409093405710547	-0.5328113926841581	0
rg02_theta15p195_foil0	0.0	shoulders	-0.5328113926841581	-0.5247134447972616	1
rg02_theta15p195_foil0	0.0	shoulders	-0.5247134447972616	-0.5166154969103651	1
rg02_theta15p195_foil0	0.0	shoulders	-0.5166154969103651	-0.5085175490234686	4
rg02_theta15p195_foil0	0.0	shoulders	-0.5085175490234686	-0.500419601136572	7
rg02_theta15p195_foil0	0.0	shoulders	-0.500419601136572	-0.4923216532496755	10
rg02_theta15p195_foil0	0.0	shoulders	-0.4923216532496755	-0.4842237053627789	8
rg02_theta15p195_foil0	0.0	shoulders	-0.4842237053627789	-0.4761257574758824	14
rg02_theta15p195_foil0	0.0	shoulders	-0.4761257574758824	-0.4680278095889859	17
rg02_theta15p195_foil0	0.0	shoulders	-0.4680278095889859	-0.4599298617020894	16
rg02_theta15p195_foil0	0.0	shoulders	-0.4599298617020894	-0.45183191381519283	22
rg02_theta15p195_foil0	0.0	shoulders	-0.45183191381519283	-0.4437339659282963	19
rg02_theta15p195_foil0	0.0	shoulders	-0.4437339659282963	-0.43563601804139973	21
rg02_theta15p195_foil0	0.0	shoulders	-0.43563601804139973	-0.42753807015450324	38
rg02_theta15p195_foil0	0.0	shoulders	-0.42753807015450324	-0.4194401222676067	43
rg02_theta15p195_foil0	0.0	shoulders	-0.4194401222676067	-0.4113421743807102	50
rg02_theta15p195_foil0	0.0	shoulders	-0.4113421743807102	-0.40324422649381364	37
rg02_theta15p195_foil0	0.0	shoulders	-0.40324422649381364	-0.3951462786069171	56
rg02_theta15p195_foil0	0.0	shoulders	-0.3951462786069171	-0.38704833072002054	74
rg02_theta15p195_foil0	0.0	shoulders	-0.38704833072002054	-0.378950382833124	56
rg02_theta15p195_foil0	0.0	shoulders	-0.378950382833124	-0.3708524349462275	75
rg02_theta15p195_foil0	0.0	shoulders	-0.3708524349462275	-0.36275448705933094	67
rg02_theta15p195_foil0	0.0	shoulders	-0.36275448705933094	-0.35465653917243445	74
rg02_theta15p195_foil0	0.0	shoulders	-0.35465653917243445	-0.3465585912855379	72
rg02_theta15p195_foil0	0.0	shoulders	-0.3465585912855379	-0.33846064339864135	69
rg02_theta15p195_foil0	0.0	shoulders	-0.33846064339864135	-0.3303626955117448	88
rg02_theta15p195_foil0	0.0	shoulders	-0.3303626955117448	-0.3222647476248483	89
rg02_theta15p195_foil0	0.0	shoulders	-0.3222647476248483	-0.31416679973795175	78
rg02_theta15p195_foil0	0.0	shoulders	-0.31416679973795175	-0.30606885185105526	76
rg02_theta15p195_foil0	0.0	shoulders	-0.30606885185105526	-0.2979709039641587	83
rg02_theta15p195_foil0	0.0	shoulders	-0.2979709039641587	-0.28987295607726216	90
rg02_theta15p195_foil0	0.0	shoulders	-0.28987295607726216	-0.2817750081903656	84
rg02_theta15p195_foil0	0.0	shoulders	-0.2817750081903656	-0.2736770603034691	101
rg02_theta15p195_foil0	0.0	shoulders	-0.2736770603034691	-0.26557911241657256	115
rg02_theta15p195_foil0	0.0	shoulders	-0.26557911241657256	-0.257481164529676	118
rg02_theta15p195_foil0	0.0	shoulders	-0.257481164529676	-0.24938321664277951	96
rg02_theta15p195_foil0	0.0	shoulders	-0.24938321664277951	-0.24128526875588296	90
rg02_theta15p195_foil0	0.0	shoulders	-0.24128526875588296	-0.23318732086898641	91
rg02_theta15p195_foil0	0.0	shoulders	-0.23318732086898641	-0.22508937298208986	93
rg02_theta15p195_foil0	0.0	shoulders	-0.22508937298208986	-0.21699142509519337	85
rg02_theta15p195_foil0	0.0	shoulders	-0.21699142509519337	-0.20889347720829682	92
rg02_theta15p195_foil0	0.0	shoulders	-0.20889347720829682	-0.20079552932140027	100
rg02_theta15p195_foil0	0.0	shoulders	-0.20079552932140027	-0.19269758143450377	90
rg02_theta15p195_foil0	0.0	shoulders	-0.19269758143450377	-0.18459963354760722	95
rg02_theta15p195_foil0	0.0	shoulders	-0.18459963354760722	-0.17650168566071067	96
rg02_theta15p195_foil0	0.0	shoulders	-0.17650168566071067	-0.16840373777381418	81
rg02_theta15p195_foil0	0.0	shoulders	-0.16840373777381418	-0.16030578988691763	89
rg02_theta15p195_foil0	0.0	shoulders	-0.16030578988691763	-0.15220784200002108	99
rg02_theta15p195_foil0	0.0	shoulders	-0.15220784200002108	-0.14410989411312458	87
rg02_theta15p195_foil0	0.0	shoulders	-0.14410989411312458	-0.13601194622622803	91
rg02_theta15p195_foil0	0.0	shoulders	-0.13601194622622803	-0.12791399833933148	71
rg02_theta15p195_foil0	0.0	shoulders	-0.12791399833933148	-0.11981605045243499	69
rg02_theta15p195_foil0	0.0	shoulders	-0.11981605045243499	-0.11171810256553844	72
rg02_theta15p195_foil0	0.0	shoulders	-0.11171810256553844	-0.10362015467864188	82
rg02_theta15p195_foil0	0.0	shoulders	-0.10362015467864188	-0.09552220679174539	90
rg02_theta15p195_foil0	0.0	shoulders	-0.09552220679174539	-0.08742425890484884	87
rg02_theta15p195_foil0	0.0	shoulders	-0.08742425890484884	-0.07932631101795229	77
rg02_theta15p195_foil0	0.0	shoulders	-0.07932631101795229	-0.07122836313105574	80
rg02_theta15p195_foil0	0.0	shoulders	-0.07122836313105574	-0.06313041524415924	86
rg02_theta15p195_foil0	0.0	shoulders	-0.06313041524415924	-0.05503246735726269	57
rg02_theta15p195_foil0	0.0	shoulders	-0.05503246735726269	-0.0469345194703662	76
rg02_theta15p195_foil0	0.0	shoulders	-0.0469345194703662	-0.03883657158346965	80
rg02_theta15p195_foil0	0.0	shoulders	-0.03883657158346965	-0.030738623696573097	62
rg02_theta15p195_foil0	0.0	shoulders	-0.030738623696573097	-0.022640675809676547	65
rg02_theta15p195_foil0	0.0	shoulders	-0.022640675809676547	-0.014542727922779997	60
rg02_theta15p195_foil0	0.0	shoulders	-0.014542727922779997	-0.006444780035883446	45
rg02_theta15p195_foil0	0.0	shoulders	-0.006444780035883446	0.0016531678510129932	63
rg02_theta15p195_foil0	0.0	shoulders	0.0016531678510129932	0.009751115737909544	35
rg02_theta15p195_foil0	0.0	shoulders	0.009751115737909544	0.017849063624806094	38
rg02_theta15p195_foil0	0.0	shoulders	0.017849063624806094	0.025947011511702645	28
rg02_theta15p195_foil0	0.0	shoulders	0.025947011511702645	0.034044959398599195	27
rg02_theta15p195_foil0	0.0	shoulders	0.034044959398599195	0.042142907285495745	34
rg02_theta15p195_foil0	0.0	shoulders	0.042142907285495745	0.050240855172392185	22
rg02_theta15p195_foil0	0.0	shoulders	0.050240855172392185	0.058338803059288735	30
rg02_theta15p195_foil0	0.0	shoulders	0.058338803059288735	0.06643675094618529	25
rg02_theta15p195_foil0	0.0	shoulders	0.06643675094618529	0.07453469883308184	22
rg02_theta15p195_foil0	0.0	shoulders	0.07453469883308184	0.08263264671997839	19
rg02_theta15p195_foil0	0.0	shoulders	0.08263264671997839	0.09073059460687494	17
rg02_theta15p195_foil0	0.0	shoulders	0.09073059460687494	0.09882854249377149	22
rg02_theta15p195_foil0	0.0	shoulders	0.09882854249377149	0.10692649038066793	25
rg02_theta15p195_foil0	0.0	shoulders	0.10692649038066793	0.11502443826756448	21
rg02_theta15p195_foil0	0.0	shoulders	0.11502443826756448	0.12312238615446103	22
rg02_theta15p195_foil0	0.0	shoulders	0.12312238615446103	0.13122033404135758	11
rg02_theta15p195_foil0	0.0	shoulders	0.13122033404135758	0.13931828192825413	18
rg02_theta15p195_foil0	0.0	shoulders	0.13931828192825413	0.14741622981515068	11
rg02_theta15p195_foil0	0.0	shoulders	0.14741622981515068	0.15551417770204712	10
rg02_theta15p195_foil0	0.0	shoulders	0.15551417770204712	0.16361212558894367	15
rg02_theta15p195_foil0	0.0	shoulders	0.16361212558894367	0.17171007347584022	7
rg02_theta15p195_foil0	0.0	shoulders	0.17171007347584022	0.17980802136273677	10
rg02_theta15p195_foil0	0.0	shoulders	0.17980802136273677	0.18790596924963332	16
rg02_theta15p195_foil0	0.0	shoulders	0.18790596924963332	0.19600391713652987	10
rg02_theta15p195_foil0	0.0	shoulders	0.19600391713652987	0.2041018650234263	5
rg02_theta15p195_foil0	0.0	shoulders	0.2041018650234263	0.21219981291032286	6
rg02_theta15p195_foil0	0.0	shoulders	0.21219981291032286	0.2202977607972194	2
rg02_theta15p195_foil0	0.0	shoulders	0.2202977607972194	0.22839570868411596	5
rg02_theta15p195_foil0	0.0	shoulders	0.22839570868411596	0.2364936565710125	1
rg02_theta15p195_foil0	0.0	shoulders	0.2364936565710125	0.24459160445790906	1
rg02_theta15p195_foil0	0.0	shoulders	0.24459160445790906	0.2526895523448056	0
rg02_theta15p195_foil0	0.0	shoulders	0.2526895523448056	0.26078750023170216	0
rg02_theta15p195_foil0	0.0	unsupported	-0.5490072884579512	-0.5409093405710547	0
rg02_theta15p195_foil0	0.0	unsupported	-0.5409093405710547	-0.5328113926841581	0
rg02_theta15p195_foil0	0.0	unsupported	-0.5328113926841581	-0.5247134447972616	0
rg02_theta15p195_foil0	0.0	unsupported	-0.5247134447972616	-0.5166154969103651	0
rg02_theta15p195_foil0	0.0	unsupported	-0.5166154969103651	-0.5085175490234686	1
rg02_theta15p195_foil0	0.0	unsupported	-0.5085175490234686	-0.500419601136572	0
rg02_theta15p195_foil0	0.0	unsupported	-0.500419601136572	-0.4923216532496755	3
rg02_theta15p195_foil0	0.0	unsupported	-0.4923216532496755	-0.4842237053627789	0
rg02_theta15p195_foil0	0.0	unsupported	-0.4842237053627789	-0.4761257574758824	1
rg02_theta15p195_foil0	0.0	unsupported	-0.4761257574758824	-0.4680278095889859	2
rg02_theta15p195_foil0	0.0	unsupported	-0.4680278095889859	-0.4599298617020894	2
rg02_theta15p195_foil0	0.0	unsupported	-0.4599298617020894	-0.45183191381519283	1
rg02_theta15p195_foil0	0.0	unsupported	-0.45183191381519283	-0.4437339659282963	1
rg02_theta15p195_foil0	0.0	unsupported	-0.4437339659282963	-0.43563601804139973	2
rg02_theta15p195_foil0	0.0	unsupported	-0.43563601804139973	-0.42753807015450324	1
rg02_theta15p195_foil0	0.0	unsupported	-0.42753807015450324	-0.4194401222676067	4
rg02_theta15p195_foil0	0.0	unsupported	-0.4194401222676067	-0.4113421743807102	1
rg02_theta15p195_foil0	0.0	unsupported	-0.4113421743807102	-0.40324422649381364	3
rg02_theta15p195_foil0	0.0	unsupported	-0.40324422649381364	-0.3951462786069171	6
rg02_theta15p195_foil0	0.0	unsupported	-0.3951462786069171	-0.38704833072002054	0
rg02_theta15p195_foil0	0.0	unsupported	-0.38704833072002054	-0.378950382833124	3
rg02_theta15p195_foil0	0.0	unsupported	-0.378950382833124	-0.3708524349462275	5
rg02_theta15p195_foil0	0.0	unsupported	-0.3708524349462275	-0.36275448705933094	8
rg02_theta15p195_foil0	0.0	unsupported	-0.36275448705933094	-0.35465653917243445	1
rg02_theta15p195_foil0	0.0	unsupported	-0.35465653917243445	-0.3465585912855379	4
rg02_theta15p195_foil0	0.0	unsupported	-0.3465585912855379	-0.33846064339864135	0
rg02_theta15p195_foil0	0.0	unsupported	-0.33846064339864135	-0.3303626955117448	4
rg02_theta15p195_foil0	0.0	unsupported	-0.3303626955117448	-0.3222647476248483	9
rg02_theta15p195_foil0	0.0	unsupported	-0.3222647476248483	-0.31416679973795175	9
rg02_theta15p195_foil0	0.0	unsupported	-0.31416679973795175	-0.30606885185105526	5
rg02_theta15p195_foil0	0.0	unsupported	-0.30606885185105526	-0.2979709039641587	5
rg02_theta15p195_foil0	0.0	unsupported	-0.2979709039641587	-0.28987295607726216	3
rg02_theta15p195_foil0	0.0	unsupported	-0.28987295607726216	-0.2817750081903656	6
rg02_theta15p195_foil0	0.0	unsupported	-0.2817750081903656	-0.2736770603034691	8
rg02_theta15p195_foil0	0.0	unsupported	-0.2736770603034691	-0.26557911241657256	6
rg02_theta15p195_foil0	0.0	unsupported	-0.26557911241657256	-0.257481164529676	4
rg02_theta15p195_foil0	0.0	unsupported	-0.257481164529676	-0.24938321664277951	4
rg02_theta15p195_foil0	0.0	unsupported	-0.24938321664277951	-0.24128526875588296	6
rg02_theta15p195_foil0	0.0	unsupported	-0.24128526875588296	-0.23318732086898641	3
rg02_theta15p195_foil0	0.0	unsupported	-0.23318732086898641	-0.22508937298208986	6
rg02_theta15p195_foil0	0.0	unsupported	-0.22508937298208986	-0.21699142509519337	5
rg02_theta15p195_foil0	0.0	unsupported	-0.21699142509519337	-0.20889347720829682	6
rg02_theta15p195_foil0	0.0	unsupported	-0.20889347720829682	-0.20079552932140027	7
rg02_theta15p195_foil0	0.0	unsupported	-0.20079552932140027	-0.19269758143450377	6
rg02_theta15p195_foil0	0.0	unsupported	-0.19269758143450377	-0.18459963354760722	3
rg02_theta15p195_foil0	0.0	unsupported	-0.18459963354760722	-0.17650168566071067	7
rg02_theta15p195_foil0	0.0	unsupported	-0.17650168566071067	-0.16840373777381418	5
rg02_theta15p195_foil0	0.0	unsupported	-0.16840373777381418	-0.16030578988691763	8
rg02_theta15p195_foil0	0.0	unsupported	-0.16030578988691763	-0.15220784200002108	2
rg02_theta15p195_foil0	0.0	unsupported	-0.15220784200002108	-0.14410989411312458	3
rg02_theta15p195_foil0	0.0	unsupported	-0.14410989411312458	-0.13601194622622803	5
rg02_theta15p195_foil0	0.0	unsupported	-0.13601194622622803	-0.12791399833933148	2
rg02_theta15p195_foil0	0.0	unsupported	-0.12791399833933148	-0.11981605045243499	0
rg02_theta15p195_foil0	0.0	unsupported	-0.11981605045243499	-0.11171810256553844	1
rg02_theta15p195_foil0	0.0	unsupported	-0.11171810256553844	-0.10362015467864188	6
rg02_theta15p195_foil0	0.0	unsupported	-0.10362015467864188	-0.09552220679174539	2
rg02_theta15p195_foil0	0.0	unsupported	-0.09552220679174539	-0.08742425890484884	3
rg02_theta15p195_foil0	0.0	unsupported	-0.08742425890484884	-0.07932631101795229	3
rg02_theta15p195_foil0	0.0	unsupported	-0.07932631101795229	-0.07122836313105574	3
rg02_theta15p195_foil0	0.0	unsupported	-0.07122836313105574	-0.06313041524415924	3
rg02_theta15p195_foil0	0.0	unsupported	-0.06313041524415924	-0.05503246735726269	5
rg02_theta15p195_foil0	0.0	unsupported	-0.05503246735726269	-0.0469345194703662	7
rg02_theta15p195_foil0	0.0	unsupported	-0.0469345194703662	-0.03883657158346965	6
rg02_theta15p195_foil0	0.0	unsupported	-0.03883657158346965	-0.030738623696573097	9
rg02_theta15p195_foil0	0.0	unsupported	-0.030738623696573097	-0.022640675809676547	4
rg02_theta15p195_foil0	0.0	unsupported	-0.022640675809676547	-0.014542727922779997	2
rg02_theta15p195_foil0	0.0	unsupported	-0.014542727922779997	-0.006444780035883446	2
rg02_theta15p195_foil0	0.0	unsupported	-0.006444780035883446	0.0016531678510129932	3
rg02_theta15p195_foil0	0.0	unsupported	0.0016531678510129932	0.009751115737909544	3
rg02_theta15p195_foil0	0.0	unsupported	0.009751115737909544	0.017849063624806094	1
rg02_theta15p195_foil0	0.0	unsupported	0.017849063624806094	0.025947011511702645	1
rg02_theta15p195_foil0	0.0	unsupported	0.025947011511702645	0.034044959398599195	2
rg02_theta15p195_foil0	0.0	unsupported	0.034044959398599195	0.042142907285495745	0
rg02_theta15p195_foil0	0.0	unsupported	0.042142907285495745	0.050240855172392185	1
rg02_theta15p195_foil0	0.0	unsupported	0.050240855172392185	0.058338803059288735	1
rg02_theta15p195_foil0	0.0	unsupported	0.058338803059288735	0.06643675094618529	2
rg02_theta15p195_foil0	0.0	unsupported	0.06643675094618529	0.07453469883308184	3
rg02_theta15p195_foil0	0.0	unsupported	0.07453469883308184	0.08263264671997839	1
rg02_theta15p195_foil0	0.0	unsupported	0.08263264671997839	0.09073059460687494	2
rg02_theta15p195_foil0	0.0	unsupported	0.09073059460687494	0.09882854249377149	3
rg02_theta15p195_foil0	0.0	unsupported	0.09882854249377149	0.10692649038066793	1
rg02_theta15p195_foil0	0.0	unsupported	0.10692649038066793	0.11502443826756448	0
rg02_theta15p195_foil0	0.0	unsupported	0.11502443826756448	0.12312238615446103	2
rg02_theta15p195_foil0	0.0	unsupported	0.12312238615446103	0.13122033404135758	0
rg02_theta15p195_foil0	0.0	unsupported	0.13122033404135758	0.13931828192825413	1
rg02_theta15p195_foil0	0.0	unsupported	0.13931828192825413	0.14741622981515068	0
rg02_theta15p195_foil0	0.0	unsupported	0.14741622981515068	0.15551417770204712	1
rg02_theta15p195_foil0	0.0	unsupported	0.15551417770204712	0.16361212558894367	0
rg02_theta15p195_foil0	0.0	unsupported	0.16361212558894367	0.17171007347584022	0
rg02_theta15p195_foil0	0.0	unsupported	0.17171007347584022	0.17980802136273677	0
rg02_theta15p195_foil0	0.0	unsupported	0.17980802136273677	0.18790596924963332	0
rg02_theta15p195_foil0	0.0	unsupported	0.18790596924963332	0.19600391713652987	0
rg02_theta15p195_foil0	0.0	unsupported	0.19600391713652987	0.2041018650234263	1
rg02_theta15p195_foil0	0.0	unsupported	0.2041018650234263	0.21219981291032286	0
rg02_theta15p195_foil0	0.0	unsupported	0.21219981291032286	0.2202977607972194	0
rg02_theta15p195_foil0	0.0	unsupported	0.2202977607972194	0.22839570868411596	0
rg02_theta15p195_foil0	0.0	unsupported	0.22839570868411596	0.2364936565710125	0
rg02_theta15p195_foil0	0.0	unsupported	0.2364936565710125	0.24459160445790906	0
rg02_theta15p195_foil0	0.0	unsupported	0.24459160445790906	0.2526895523448056	0
rg02_theta15p195_foil0	0.0	unsupported	0.2526895523448056	0.26078750023170216	0
rg02_theta15p195_foil0	0.0	out_of_core	-0.5490072884579512	-0.5409093405710547	0
rg02_theta15p195_foil0	0.0	out_of_core	-0.5409093405710547	-0.5328113926841581	0
rg02_theta15p195_foil0	0.0	out_of_core	-0.5328113926841581	-0.5247134447972616	1
rg02_theta15p195_foil0	0.0	out_of_core	-0.5247134447972616	-0.5166154969103651	1
rg02_theta15p195_foil0	0.0	out_of_core	-0.5166154969103651	-0.5085175490234686	5
rg02_theta15p195_foil0	0.0	out_of_core	-0.5085175490234686	-0.500419601136572	7
rg02_theta15p195_foil0	0.0	out_of_core	-0.500419601136572	-0.4923216532496755	13
rg02_theta15p195_foil0	0.0	out_of_core	-0.4923216532496755	-0.4842237053627789	8
rg02_theta15p195_foil0	0.0	out_of_core	-0.4842237053627789	-0.4761257574758824	15
rg02_theta15p195_foil0	0.0	out_of_core	-0.4761257574758824	-0.4680278095889859	19
rg02_theta15p195_foil0	0.0	out_of_core	-0.4680278095889859	-0.4599298617020894	18
rg02_theta15p195_foil0	0.0	out_of_core	-0.4599298617020894	-0.45183191381519283	23
rg02_theta15p195_foil0	0.0	out_of_core	-0.45183191381519283	-0.4437339659282963	20
rg02_theta15p195_foil0	0.0	out_of_core	-0.4437339659282963	-0.43563601804139973	23
rg02_theta15p195_foil0	0.0	out_of_core	-0.43563601804139973	-0.42753807015450324	39
rg02_theta15p195_foil0	0.0	out_of_core	-0.42753807015450324	-0.4194401222676067	47
rg02_theta15p195_foil0	0.0	out_of_core	-0.4194401222676067	-0.4113421743807102	51
rg02_theta15p195_foil0	0.0	out_of_core	-0.4113421743807102	-0.40324422649381364	40
rg02_theta15p195_foil0	0.0	out_of_core	-0.40324422649381364	-0.3951462786069171	62
rg02_theta15p195_foil0	0.0	out_of_core	-0.3951462786069171	-0.38704833072002054	74
rg02_theta15p195_foil0	0.0	out_of_core	-0.38704833072002054	-0.378950382833124	59
rg02_theta15p195_foil0	0.0	out_of_core	-0.378950382833124	-0.3708524349462275	80
rg02_theta15p195_foil0	0.0	out_of_core	-0.3708524349462275	-0.36275448705933094	75
rg02_theta15p195_foil0	0.0	out_of_core	-0.36275448705933094	-0.35465653917243445	75
rg02_theta15p195_foil0	0.0	out_of_core	-0.35465653917243445	-0.3465585912855379	76
rg02_theta15p195_foil0	0.0	out_of_core	-0.3465585912855379	-0.33846064339864135	69
rg02_theta15p195_foil0	0.0	out_of_core	-0.33846064339864135	-0.3303626955117448	92
rg02_theta15p195_foil0	0.0	out_of_core	-0.3303626955117448	-0.3222647476248483	98
rg02_theta15p195_foil0	0.0	out_of_core	-0.3222647476248483	-0.31416679973795175	87
rg02_theta15p195_foil0	0.0	out_of_core	-0.31416679973795175	-0.30606885185105526	81
rg02_theta15p195_foil0	0.0	out_of_core	-0.30606885185105526	-0.2979709039641587	88
rg02_theta15p195_foil0	0.0	out_of_core	-0.2979709039641587	-0.28987295607726216	93
rg02_theta15p195_foil0	0.0	out_of_core	-0.28987295607726216	-0.2817750081903656	90
rg02_theta15p195_foil0	0.0	out_of_core	-0.2817750081903656	-0.2736770603034691	109
rg02_theta15p195_foil0	0.0	out_of_core	-0.2736770603034691	-0.26557911241657256	121
rg02_theta15p195_foil0	0.0	out_of_core	-0.26557911241657256	-0.257481164529676	122
rg02_theta15p195_foil0	0.0	out_of_core	-0.257481164529676	-0.24938321664277951	100
rg02_theta15p195_foil0	0.0	out_of_core	-0.24938321664277951	-0.24128526875588296	96
rg02_theta15p195_foil0	0.0	out_of_core	-0.24128526875588296	-0.23318732086898641	94
rg02_theta15p195_foil0	0.0	out_of_core	-0.23318732086898641	-0.22508937298208986	99
rg02_theta15p195_foil0	0.0	out_of_core	-0.22508937298208986	-0.21699142509519337	90
rg02_theta15p195_foil0	0.0	out_of_core	-0.21699142509519337	-0.20889347720829682	98
rg02_theta15p195_foil0	0.0	out_of_core	-0.20889347720829682	-0.20079552932140027	107
rg02_theta15p195_foil0	0.0	out_of_core	-0.20079552932140027	-0.19269758143450377	96
rg02_theta15p195_foil0	0.0	out_of_core	-0.19269758143450377	-0.18459963354760722	98
rg02_theta15p195_foil0	0.0	out_of_core	-0.18459963354760722	-0.17650168566071067	103
rg02_theta15p195_foil0	0.0	out_of_core	-0.17650168566071067	-0.16840373777381418	86
rg02_theta15p195_foil0	0.0	out_of_core	-0.16840373777381418	-0.16030578988691763	97
rg02_theta15p195_foil0	0.0	out_of_core	-0.16030578988691763	-0.15220784200002108	101
rg02_theta15p195_foil0	0.0	out_of_core	-0.15220784200002108	-0.14410989411312458	90
rg02_theta15p195_foil0	0.0	out_of_core	-0.14410989411312458	-0.13601194622622803	96
rg02_theta15p195_foil0	0.0	out_of_core	-0.13601194622622803	-0.12791399833933148	73
rg02_theta15p195_foil0	0.0	out_of_core	-0.12791399833933148	-0.11981605045243499	69
rg02_theta15p195_foil0	0.0	out_of_core	-0.11981605045243499	-0.11171810256553844	73
rg02_theta15p195_foil0	0.0	out_of_core	-0.11171810256553844	-0.10362015467864188	88
rg02_theta15p195_foil0	0.0	out_of_core	-0.10362015467864188	-0.09552220679174539	92
rg02_theta15p195_foil0	0.0	out_of_core	-0.09552220679174539	-0.08742425890484884	90
rg02_theta15p195_foil0	0.0	out_of_core	-0.08742425890484884	-0.07932631101795229	80
rg02_theta15p195_foil0	0.0	out_of_core	-0.07932631101795229	-0.07122836313105574	83
rg02_theta15p195_foil0	0.0	out_of_core	-0.07122836313105574	-0.06313041524415924	89
rg02_theta15p195_foil0	0.0	out_of_core	-0.06313041524415924	-0.05503246735726269	62
rg02_theta15p195_foil0	0.0	out_of_core	-0.05503246735726269	-0.0469345194703662	83
rg02_theta15p195_foil0	0.0	out_of_core	-0.0469345194703662	-0.03883657158346965	86
rg02_theta15p195_foil0	0.0	out_of_core	-0.03883657158346965	-0.030738623696573097	71
rg02_theta15p195_foil0	0.0	out_of_core	-0.030738623696573097	-0.022640675809676547	69
rg02_theta15p195_foil0	0.0	out_of_core	-0.022640675809676547	-0.014542727922779997	62
rg02_theta15p195_foil0	0.0	out_of_core	-0.014542727922779997	-0.006444780035883446	47
rg02_theta15p195_foil0	0.0	out_of_core	-0.006444780035883446	0.0016531678510129932	66
rg02_theta15p195_foil0	0.0	out_of_core	0.0016531678510129932	0.009751115737909544	38
rg02_theta15p195_foil0	0.0	out_of_core	0.009751115737909544	0.017849063624806094	39
rg02_theta15p195_foil0	0.0	out_of_core	0.017849063624806094	0.025947011511702645	29
rg02_theta15p195_foil0	0.0	out_of_core	0.025947011511702645	0.034044959398599195	29
rg02_theta15p195_foil0	0.0	out_of_core	0.034044959398599195	0.042142907285495745	34
rg02_theta15p195_foil0	0.0	out_of_core	0.042142907285495745	0.050240855172392185	23
rg02_theta15p195_foil0	0.0	out_of_core	0.050240855172392185	0.058338803059288735	31
rg02_theta15p195_foil0	0.0	out_of_core	0.058338803059288735	0.06643675094618529	27
rg02_theta15p195_foil0	0.0	out_of_core	0.06643675094618529	0.07453469883308184	25
rg02_theta15p195_foil0	0.0	out_of_core	0.07453469883308184	0.08263264671997839	20
rg02_theta15p195_foil0	0.0	out_of_core	0.08263264671997839	0.09073059460687494	19
rg02_theta15p195_foil0	0.0	out_of_core	0.09073059460687494	0.09882854249377149	25
rg02_theta15p195_foil0	0.0	out_of_core	0.09882854249377149	0.10692649038066793	26
rg02_theta15p195_foil0	0.0	out_of_core	0.10692649038066793	0.11502443826756448	21
rg02_theta15p195_foil0	0.0	out_of_core	0.11502443826756448	0.12312238615446103	24
rg02_theta15p195_foil0	0.0	out_of_core	0.12312238615446103	0.13122033404135758	11
rg02_theta15p195_foil0	0.0	out_of_core	0.13122033404135758	0.13931828192825413	19
rg02_theta15p195_foil0	0.0	out_of_core	0.13931828192825413	0.14741622981515068	11
rg02_theta15p195_foil0	0.0	out_of_core	0.14741622981515068	0.15551417770204712	11
rg02_theta15p195_foil0	0.0	out_of_core	0.15551417770204712	0.16361212558894367	15
rg02_theta15p195_foil0	0.0	out_of_core	0.16361212558894367	0.17171007347584022	7
rg02_theta15p195_foil0	0.0	out_of_core	0.17171007347584022	0.17980802136273677	10
rg02_theta15p195_foil0	0.0	out_of_core	0.17980802136273677	0.18790596924963332	16
rg02_theta15p195_foil0	0.0	out_of_core	0.18790596924963332	0.19600391713652987	10
rg02_theta15p195_foil0	0.0	out_of_core	0.19600391713652987	0.2041018650234263	6
rg02_theta15p195_foil0	0.0	out_of_core	0.2041018650234263	0.21219981291032286	6
rg02_theta15p195_foil0	0.0	out_of_core	0.21219981291032286	0.2202977607972194	2
rg02_theta15p195_foil0	0.0	out_of_core	0.2202977607972194	0.22839570868411596	5
rg02_theta15p195_foil0	0.0	out_of_core	0.22839570868411596	0.2364936565710125	1
rg02_theta15p195_foil0	0.0	out_of_core	0.2364936565710125	0.24459160445790906	1
rg02_theta15p195_foil0	0.0	out_of_core	0.24459160445790906	0.2526895523448056	0
rg02_theta15p195_foil0	0.0	out_of_core	0.2526895523448056	0.26078750023170216	0
rg03_theta12p490_foilpm8	-8.0	dense_half	-2.221595587829993	-2.2100882130381976	0
rg03_theta12p490_foilpm8	-8.0	dense_half	-2.2100882130381976	-2.1985808382464023	1
rg03_theta12p490_foilpm8	-8.0	dense_half	-2.1985808382464023	-2.1870734634546074	4
rg03_theta12p490_foilpm8	-8.0	dense_half	-2.1870734634546074	-2.175566088662812	6
rg03_theta12p490_foilpm8	-8.0	dense_half	-2.175566088662812	-2.164058713871017	6
rg03_theta12p490_foilpm8	-8.0	dense_half	-2.164058713871017	-2.1525513390792215	10
rg03_theta12p490_foilpm8	-8.0	dense_half	-2.1525513390792215	-2.141043964287426	14
rg03_theta12p490_foilpm8	-8.0	dense_half	-2.141043964287426	-2.1295365894956313	16
rg03_theta12p490_foilpm8	-8.0	dense_half	-2.1295365894956313	-2.118029214703836	20
rg03_theta12p490_foilpm8	-8.0	dense_half	-2.118029214703836	-2.1065218399120407	20
rg03_theta12p490_foilpm8	-8.0	dense_half	-2.1065218399120407	-2.0950144651202454	24
rg03_theta12p490_foilpm8	-8.0	dense_half	-2.0950144651202454	-2.0835070903284505	41
rg03_theta12p490_foilpm8	-8.0	dense_half	-2.0835070903284505	-2.071999715536655	46
rg03_theta12p490_foilpm8	-8.0	dense_half	-2.071999715536655	-2.06049234074486	40
rg03_theta12p490_foilpm8	-8.0	dense_half	-2.06049234074486	-2.0489849659530646	51
rg03_theta12p490_foilpm8	-8.0	dense_half	-2.0489849659530646	-2.0374775911612693	68
rg03_theta12p490_foilpm8	-8.0	dense_half	-2.0374775911612693	-2.0259702163694744	106
rg03_theta12p490_foilpm8	-8.0	dense_half	-2.0259702163694744	-2.014462841577679	104
rg03_theta12p490_foilpm8	-8.0	dense_half	-2.014462841577679	-2.0029554667858838	143
rg03_theta12p490_foilpm8	-8.0	dense_half	-2.0029554667858838	-1.9914480919940885	161
rg03_theta12p490_foilpm8	-8.0	dense_half	-1.9914480919940885	-1.9799407172022934	155
rg03_theta12p490_foilpm8	-8.0	dense_half	-1.9799407172022934	-1.968433342410498	197
rg03_theta12p490_foilpm8	-8.0	dense_half	-1.968433342410498	-1.956925967618703	215
rg03_theta12p490_foilpm8	-8.0	dense_half	-1.956925967618703	-1.9454185928269077	231
rg03_theta12p490_foilpm8	-8.0	dense_half	-1.9454185928269077	-1.9339112180351123	232
rg03_theta12p490_foilpm8	-8.0	dense_half	-1.9339112180351123	-1.9224038432433173	252
rg03_theta12p490_foilpm8	-8.0	dense_half	-1.9224038432433173	-1.9108964684515222	289
rg03_theta12p490_foilpm8	-8.0	dense_half	-1.9108964684515222	-1.8993890936597269	281
rg03_theta12p490_foilpm8	-8.0	dense_half	-1.8993890936597269	-1.8878817188679315	316
rg03_theta12p490_foilpm8	-8.0	dense_half	-1.8878817188679315	-1.8763743440761365	365
rg03_theta12p490_foilpm8	-8.0	dense_half	-1.8763743440761365	-1.8648669692843411	348
rg03_theta12p490_foilpm8	-8.0	dense_half	-1.8648669692843411	-1.853359594492546	387
rg03_theta12p490_foilpm8	-8.0	dense_half	-1.853359594492546	-1.8418522197007507	405
rg03_theta12p490_foilpm8	-8.0	dense_half	-1.8418522197007507	-1.8303448449089554	416
rg03_theta12p490_foilpm8	-8.0	dense_half	-1.8303448449089554	-1.8188374701171603	435
rg03_theta12p490_foilpm8	-8.0	dense_half	-1.8188374701171603	-1.807330095325365	471
rg03_theta12p490_foilpm8	-8.0	dense_half	-1.807330095325365	-1.79582272053357	470
rg03_theta12p490_foilpm8	-8.0	dense_half	-1.79582272053357	-1.7843153457417746	492
rg03_theta12p490_foilpm8	-8.0	dense_half	-1.7843153457417746	-1.7728079709499793	529
rg03_theta12p490_foilpm8	-8.0	dense_half	-1.7728079709499793	-1.7613005961581842	516
rg03_theta12p490_foilpm8	-8.0	dense_half	-1.7613005961581842	-1.749793221366389	493
rg03_theta12p490_foilpm8	-8.0	dense_half	-1.749793221366389	-1.7382858465745938	490
rg03_theta12p490_foilpm8	-8.0	dense_half	-1.7382858465745938	-1.7267784717827985	563
rg03_theta12p490_foilpm8	-8.0	dense_half	-1.7267784717827985	-1.7152710969910032	491
rg03_theta12p490_foilpm8	-8.0	dense_half	-1.7152710969910032	-1.7037637221992081	516
rg03_theta12p490_foilpm8	-8.0	dense_half	-1.7037637221992081	-1.692256347407413	483
rg03_theta12p490_foilpm8	-8.0	dense_half	-1.692256347407413	-1.6807489726156177	502
rg03_theta12p490_foilpm8	-8.0	dense_half	-1.6807489726156177	-1.6692415978238224	486
rg03_theta12p490_foilpm8	-8.0	dense_half	-1.6692415978238224	-1.657734223032027	471
rg03_theta12p490_foilpm8	-8.0	dense_half	-1.657734223032027	-1.646226848240232	421
rg03_theta12p490_foilpm8	-8.0	dense_half	-1.646226848240232	-1.634719473448437	403
rg03_theta12p490_foilpm8	-8.0	dense_half	-1.634719473448437	-1.6232120986566416	374
rg03_theta12p490_foilpm8	-8.0	dense_half	-1.6232120986566416	-1.6117047238648463	392
rg03_theta12p490_foilpm8	-8.0	dense_half	-1.6117047238648463	-1.6001973490730512	382
rg03_theta12p490_foilpm8	-8.0	dense_half	-1.6001973490730512	-1.588689974281256	318
rg03_theta12p490_foilpm8	-8.0	dense_half	-1.588689974281256	-1.5771825994894608	346
rg03_theta12p490_foilpm8	-8.0	dense_half	-1.5771825994894608	-1.5656752246976655	325
rg03_theta12p490_foilpm8	-8.0	dense_half	-1.5656752246976655	-1.5541678499058702	265
rg03_theta12p490_foilpm8	-8.0	dense_half	-1.5541678499058702	-1.5426604751140751	265
rg03_theta12p490_foilpm8	-8.0	dense_half	-1.5426604751140751	-1.53115310032228	232
rg03_theta12p490_foilpm8	-8.0	dense_half	-1.53115310032228	-1.5196457255304847	225
rg03_theta12p490_foilpm8	-8.0	dense_half	-1.5196457255304847	-1.5081383507386894	200
rg03_theta12p490_foilpm8	-8.0	dense_half	-1.5081383507386894	-1.496630975946894	174
rg03_theta12p490_foilpm8	-8.0	dense_half	-1.496630975946894	-1.485123601155099	154
rg03_theta12p490_foilpm8	-8.0	dense_half	-1.485123601155099	-1.473616226363304	151
rg03_theta12p490_foilpm8	-8.0	dense_half	-1.473616226363304	-1.4621088515715086	118
rg03_theta12p490_foilpm8	-8.0	dense_half	-1.4621088515715086	-1.4506014767797133	96
rg03_theta12p490_foilpm8	-8.0	dense_half	-1.4506014767797133	-1.439094101987918	92
rg03_theta12p490_foilpm8	-8.0	dense_half	-1.439094101987918	-1.427586727196123	51
rg03_theta12p490_foilpm8	-8.0	dense_half	-1.427586727196123	-1.4160793524043278	67
rg03_theta12p490_foilpm8	-8.0	dense_half	-1.4160793524043278	-1.4045719776125325	55
rg03_theta12p490_foilpm8	-8.0	dense_half	-1.4045719776125325	-1.3930646028207372	50
rg03_theta12p490_foilpm8	-8.0	dense_half	-1.3930646028207372	-1.381557228028942	36
rg03_theta12p490_foilpm8	-8.0	dense_half	-1.381557228028942	-1.3700498532371468	46
rg03_theta12p490_foilpm8	-8.0	dense_half	-1.3700498532371468	-1.3585424784453517	32
rg03_theta12p490_foilpm8	-8.0	dense_half	-1.3585424784453517	-1.3470351036535564	41
rg03_theta12p490_foilpm8	-8.0	dense_half	-1.3470351036535564	-1.335527728861761	32
rg03_theta12p490_foilpm8	-8.0	dense_half	-1.335527728861761	-1.324020354069966	30
rg03_theta12p490_foilpm8	-8.0	dense_half	-1.324020354069966	-1.312512979278171	37
rg03_theta12p490_foilpm8	-8.0	dense_half	-1.312512979278171	-1.3010056044863756	36
rg03_theta12p490_foilpm8	-8.0	dense_half	-1.3010056044863756	-1.2894982296945803	34
rg03_theta12p490_foilpm8	-8.0	dense_half	-1.2894982296945803	-1.277990854902785	18
rg03_theta12p490_foilpm8	-8.0	dense_half	-1.277990854902785	-1.2664834801109899	25
rg03_theta12p490_foilpm8	-8.0	dense_half	-1.2664834801109899	-1.2549761053191948	28
rg03_theta12p490_foilpm8	-8.0	dense_half	-1.2549761053191948	-1.2434687305273995	17
rg03_theta12p490_foilpm8	-8.0	dense_half	-1.2434687305273995	-1.2319613557356042	19
rg03_theta12p490_foilpm8	-8.0	dense_half	-1.2319613557356042	-1.220453980943809	16
rg03_theta12p490_foilpm8	-8.0	dense_half	-1.220453980943809	-1.2089466061520138	23
rg03_theta12p490_foilpm8	-8.0	dense_half	-1.2089466061520138	-1.1974392313602187	14
rg03_theta12p490_foilpm8	-8.0	dense_half	-1.1974392313602187	-1.1859318565684234	13
rg03_theta12p490_foilpm8	-8.0	dense_half	-1.1859318565684234	-1.174424481776628	14
rg03_theta12p490_foilpm8	-8.0	dense_half	-1.174424481776628	-1.162917106984833	13
rg03_theta12p490_foilpm8	-8.0	dense_half	-1.162917106984833	-1.1514097321930377	7
rg03_theta12p490_foilpm8	-8.0	dense_half	-1.1514097321930377	-1.1399023574012426	6
rg03_theta12p490_foilpm8	-8.0	dense_half	-1.1399023574012426	-1.1283949826094473	12
rg03_theta12p490_foilpm8	-8.0	dense_half	-1.1283949826094473	-1.116887607817652	5
rg03_theta12p490_foilpm8	-8.0	dense_half	-1.116887607817652	-1.1053802330258569	2
rg03_theta12p490_foilpm8	-8.0	dense_half	-1.1053802330258569	-1.0938728582340616	4
rg03_theta12p490_foilpm8	-8.0	dense_half	-1.0938728582340616	-1.0823654834422665	0
rg03_theta12p490_foilpm8	-8.0	dense_half	-1.0823654834422665	-1.0708581086504712	0
rg03_theta12p490_foilpm8	-8.0	outer_core	-2.221595587829993	-2.2100882130381976	0
rg03_theta12p490_foilpm8	-8.0	outer_core	-2.2100882130381976	-2.1985808382464023	0
rg03_theta12p490_foilpm8	-8.0	outer_core	-2.1985808382464023	-2.1870734634546074	1
rg03_theta12p490_foilpm8	-8.0	outer_core	-2.1870734634546074	-2.175566088662812	5
rg03_theta12p490_foilpm8	-8.0	outer_core	-2.175566088662812	-2.164058713871017	6
rg03_theta12p490_foilpm8	-8.0	outer_core	-2.164058713871017	-2.1525513390792215	7
rg03_theta12p490_foilpm8	-8.0	outer_core	-2.1525513390792215	-2.141043964287426	13
rg03_theta12p490_foilpm8	-8.0	outer_core	-2.141043964287426	-2.1295365894956313	15
rg03_theta12p490_foilpm8	-8.0	outer_core	-2.1295365894956313	-2.118029214703836	19
rg03_theta12p490_foilpm8	-8.0	outer_core	-2.118029214703836	-2.1065218399120407	18
rg03_theta12p490_foilpm8	-8.0	outer_core	-2.1065218399120407	-2.0950144651202454	31
rg03_theta12p490_foilpm8	-8.0	outer_core	-2.0950144651202454	-2.0835070903284505	28
rg03_theta12p490_foilpm8	-8.0	outer_core	-2.0835070903284505	-2.071999715536655	39
rg03_theta12p490_foilpm8	-8.0	outer_core	-2.071999715536655	-2.06049234074486	47
rg03_theta12p490_foilpm8	-8.0	outer_core	-2.06049234074486	-2.0489849659530646	67
rg03_theta12p490_foilpm8	-8.0	outer_core	-2.0489849659530646	-2.0374775911612693	69
rg03_theta12p490_foilpm8	-8.0	outer_core	-2.0374775911612693	-2.0259702163694744	123
rg03_theta12p490_foilpm8	-8.0	outer_core	-2.0259702163694744	-2.014462841577679	131
rg03_theta12p490_foilpm8	-8.0	outer_core	-2.014462841577679	-2.0029554667858838	145
rg03_theta12p490_foilpm8	-8.0	outer_core	-2.0029554667858838	-1.9914480919940885	164
rg03_theta12p490_foilpm8	-8.0	outer_core	-1.9914480919940885	-1.9799407172022934	174
rg03_theta12p490_foilpm8	-8.0	outer_core	-1.9799407172022934	-1.968433342410498	195
rg03_theta12p490_foilpm8	-8.0	outer_core	-1.968433342410498	-1.956925967618703	216
rg03_theta12p490_foilpm8	-8.0	outer_core	-1.956925967618703	-1.9454185928269077	208
rg03_theta12p490_foilpm8	-8.0	outer_core	-1.9454185928269077	-1.9339112180351123	231
rg03_theta12p490_foilpm8	-8.0	outer_core	-1.9339112180351123	-1.9224038432433173	256
rg03_theta12p490_foilpm8	-8.0	outer_core	-1.9224038432433173	-1.9108964684515222	312
rg03_theta12p490_foilpm8	-8.0	outer_core	-1.9108964684515222	-1.8993890936597269	339
rg03_theta12p490_foilpm8	-8.0	outer_core	-1.8993890936597269	-1.8878817188679315	347
rg03_theta12p490_foilpm8	-8.0	outer_core	-1.8878817188679315	-1.8763743440761365	395
rg03_theta12p490_foilpm8	-8.0	outer_core	-1.8763743440761365	-1.8648669692843411	380
rg03_theta12p490_foilpm8	-8.0	outer_core	-1.8648669692843411	-1.853359594492546	384
rg03_theta12p490_foilpm8	-8.0	outer_core	-1.853359594492546	-1.8418522197007507	429
rg03_theta12p490_foilpm8	-8.0	outer_core	-1.8418522197007507	-1.8303448449089554	428
rg03_theta12p490_foilpm8	-8.0	outer_core	-1.8303448449089554	-1.8188374701171603	446
rg03_theta12p490_foilpm8	-8.0	outer_core	-1.8188374701171603	-1.807330095325365	459
rg03_theta12p490_foilpm8	-8.0	outer_core	-1.807330095325365	-1.79582272053357	467
rg03_theta12p490_foilpm8	-8.0	outer_core	-1.79582272053357	-1.7843153457417746	446
rg03_theta12p490_foilpm8	-8.0	outer_core	-1.7843153457417746	-1.7728079709499793	453
rg03_theta12p490_foilpm8	-8.0	outer_core	-1.7728079709499793	-1.7613005961581842	531
rg03_theta12p490_foilpm8	-8.0	outer_core	-1.7613005961581842	-1.749793221366389	497
rg03_theta12p490_foilpm8	-8.0	outer_core	-1.749793221366389	-1.7382858465745938	469
rg03_theta12p490_foilpm8	-8.0	outer_core	-1.7382858465745938	-1.7267784717827985	468
rg03_theta12p490_foilpm8	-8.0	outer_core	-1.7267784717827985	-1.7152710969910032	497
rg03_theta12p490_foilpm8	-8.0	outer_core	-1.7152710969910032	-1.7037637221992081	478
rg03_theta12p490_foilpm8	-8.0	outer_core	-1.7037637221992081	-1.692256347407413	464
rg03_theta12p490_foilpm8	-8.0	outer_core	-1.692256347407413	-1.6807489726156177	440
rg03_theta12p490_foilpm8	-8.0	outer_core	-1.6807489726156177	-1.6692415978238224	421
rg03_theta12p490_foilpm8	-8.0	outer_core	-1.6692415978238224	-1.657734223032027	467
rg03_theta12p490_foilpm8	-8.0	outer_core	-1.657734223032027	-1.646226848240232	415
rg03_theta12p490_foilpm8	-8.0	outer_core	-1.646226848240232	-1.634719473448437	417
rg03_theta12p490_foilpm8	-8.0	outer_core	-1.634719473448437	-1.6232120986566416	390
rg03_theta12p490_foilpm8	-8.0	outer_core	-1.6232120986566416	-1.6117047238648463	351
rg03_theta12p490_foilpm8	-8.0	outer_core	-1.6117047238648463	-1.6001973490730512	355
rg03_theta12p490_foilpm8	-8.0	outer_core	-1.6001973490730512	-1.588689974281256	331
rg03_theta12p490_foilpm8	-8.0	outer_core	-1.588689974281256	-1.5771825994894608	325
rg03_theta12p490_foilpm8	-8.0	outer_core	-1.5771825994894608	-1.5656752246976655	302
rg03_theta12p490_foilpm8	-8.0	outer_core	-1.5656752246976655	-1.5541678499058702	260
rg03_theta12p490_foilpm8	-8.0	outer_core	-1.5541678499058702	-1.5426604751140751	253
rg03_theta12p490_foilpm8	-8.0	outer_core	-1.5426604751140751	-1.53115310032228	235
rg03_theta12p490_foilpm8	-8.0	outer_core	-1.53115310032228	-1.5196457255304847	222
rg03_theta12p490_foilpm8	-8.0	outer_core	-1.5196457255304847	-1.5081383507386894	230
rg03_theta12p490_foilpm8	-8.0	outer_core	-1.5081383507386894	-1.496630975946894	187
rg03_theta12p490_foilpm8	-8.0	outer_core	-1.496630975946894	-1.485123601155099	156
rg03_theta12p490_foilpm8	-8.0	outer_core	-1.485123601155099	-1.473616226363304	121
rg03_theta12p490_foilpm8	-8.0	outer_core	-1.473616226363304	-1.4621088515715086	135
rg03_theta12p490_foilpm8	-8.0	outer_core	-1.4621088515715086	-1.4506014767797133	122
rg03_theta12p490_foilpm8	-8.0	outer_core	-1.4506014767797133	-1.439094101987918	107
rg03_theta12p490_foilpm8	-8.0	outer_core	-1.439094101987918	-1.427586727196123	103
rg03_theta12p490_foilpm8	-8.0	outer_core	-1.427586727196123	-1.4160793524043278	66
rg03_theta12p490_foilpm8	-8.0	outer_core	-1.4160793524043278	-1.4045719776125325	68
rg03_theta12p490_foilpm8	-8.0	outer_core	-1.4045719776125325	-1.3930646028207372	63
rg03_theta12p490_foilpm8	-8.0	outer_core	-1.3930646028207372	-1.381557228028942	46
rg03_theta12p490_foilpm8	-8.0	outer_core	-1.381557228028942	-1.3700498532371468	40
rg03_theta12p490_foilpm8	-8.0	outer_core	-1.3700498532371468	-1.3585424784453517	39
rg03_theta12p490_foilpm8	-8.0	outer_core	-1.3585424784453517	-1.3470351036535564	33
rg03_theta12p490_foilpm8	-8.0	outer_core	-1.3470351036535564	-1.335527728861761	38
rg03_theta12p490_foilpm8	-8.0	outer_core	-1.335527728861761	-1.324020354069966	29
rg03_theta12p490_foilpm8	-8.0	outer_core	-1.324020354069966	-1.312512979278171	24
rg03_theta12p490_foilpm8	-8.0	outer_core	-1.312512979278171	-1.3010056044863756	31
rg03_theta12p490_foilpm8	-8.0	outer_core	-1.3010056044863756	-1.2894982296945803	25
rg03_theta12p490_foilpm8	-8.0	outer_core	-1.2894982296945803	-1.277990854902785	24
rg03_theta12p490_foilpm8	-8.0	outer_core	-1.277990854902785	-1.2664834801109899	16
rg03_theta12p490_foilpm8	-8.0	outer_core	-1.2664834801109899	-1.2549761053191948	20
rg03_theta12p490_foilpm8	-8.0	outer_core	-1.2549761053191948	-1.2434687305273995	14
rg03_theta12p490_foilpm8	-8.0	outer_core	-1.2434687305273995	-1.2319613557356042	15
rg03_theta12p490_foilpm8	-8.0	outer_core	-1.2319613557356042	-1.220453980943809	20
rg03_theta12p490_foilpm8	-8.0	outer_core	-1.220453980943809	-1.2089466061520138	17
rg03_theta12p490_foilpm8	-8.0	outer_core	-1.2089466061520138	-1.1974392313602187	22
rg03_theta12p490_foilpm8	-8.0	outer_core	-1.1974392313602187	-1.1859318565684234	15
rg03_theta12p490_foilpm8	-8.0	outer_core	-1.1859318565684234	-1.174424481776628	9
rg03_theta12p490_foilpm8	-8.0	outer_core	-1.174424481776628	-1.162917106984833	9
rg03_theta12p490_foilpm8	-8.0	outer_core	-1.162917106984833	-1.1514097321930377	6
rg03_theta12p490_foilpm8	-8.0	outer_core	-1.1514097321930377	-1.1399023574012426	8
rg03_theta12p490_foilpm8	-8.0	outer_core	-1.1399023574012426	-1.1283949826094473	8
rg03_theta12p490_foilpm8	-8.0	outer_core	-1.1283949826094473	-1.116887607817652	10
rg03_theta12p490_foilpm8	-8.0	outer_core	-1.116887607817652	-1.1053802330258569	4
rg03_theta12p490_foilpm8	-8.0	outer_core	-1.1053802330258569	-1.0938728582340616	3
rg03_theta12p490_foilpm8	-8.0	outer_core	-1.0938728582340616	-1.0823654834422665	0
rg03_theta12p490_foilpm8	-8.0	outer_core	-1.0823654834422665	-1.0708581086504712	0
rg03_theta12p490_foilpm8	-8.0	shoulders	-2.221595587829993	-2.2100882130381976	0
rg03_theta12p490_foilpm8	-8.0	shoulders	-2.2100882130381976	-2.1985808382464023	0
rg03_theta12p490_foilpm8	-8.0	shoulders	-2.1985808382464023	-2.1870734634546074	2
rg03_theta12p490_foilpm8	-8.0	shoulders	-2.1870734634546074	-2.175566088662812	9
rg03_theta12p490_foilpm8	-8.0	shoulders	-2.175566088662812	-2.164058713871017	5
rg03_theta12p490_foilpm8	-8.0	shoulders	-2.164058713871017	-2.1525513390792215	11
rg03_theta12p490_foilpm8	-8.0	shoulders	-2.1525513390792215	-2.141043964287426	10
rg03_theta12p490_foilpm8	-8.0	shoulders	-2.141043964287426	-2.1295365894956313	11
rg03_theta12p490_foilpm8	-8.0	shoulders	-2.1295365894956313	-2.118029214703836	16
rg03_theta12p490_foilpm8	-8.0	shoulders	-2.118029214703836	-2.1065218399120407	24
rg03_theta12p490_foilpm8	-8.0	shoulders	-2.1065218399120407	-2.0950144651202454	28
rg03_theta12p490_foilpm8	-8.0	shoulders	-2.0950144651202454	-2.0835070903284505	30
rg03_theta12p490_foilpm8	-8.0	shoulders	-2.0835070903284505	-2.071999715536655	49
rg03_theta12p490_foilpm8	-8.0	shoulders	-2.071999715536655	-2.06049234074486	38
rg03_theta12p490_foilpm8	-8.0	shoulders	-2.06049234074486	-2.0489849659530646	68
rg03_theta12p490_foilpm8	-8.0	shoulders	-2.0489849659530646	-2.0374775911612693	74
rg03_theta12p490_foilpm8	-8.0	shoulders	-2.0374775911612693	-2.0259702163694744	96
rg03_theta12p490_foilpm8	-8.0	shoulders	-2.0259702163694744	-2.014462841577679	108
rg03_theta12p490_foilpm8	-8.0	shoulders	-2.014462841577679	-2.0029554667858838	131
rg03_theta12p490_foilpm8	-8.0	shoulders	-2.0029554667858838	-1.9914480919940885	138
rg03_theta12p490_foilpm8	-8.0	shoulders	-1.9914480919940885	-1.9799407172022934	135
rg03_theta12p490_foilpm8	-8.0	shoulders	-1.9799407172022934	-1.968433342410498	173
rg03_theta12p490_foilpm8	-8.0	shoulders	-1.968433342410498	-1.956925967618703	162
rg03_theta12p490_foilpm8	-8.0	shoulders	-1.956925967618703	-1.9454185928269077	190
rg03_theta12p490_foilpm8	-8.0	shoulders	-1.9454185928269077	-1.9339112180351123	173
rg03_theta12p490_foilpm8	-8.0	shoulders	-1.9339112180351123	-1.9224038432433173	208
rg03_theta12p490_foilpm8	-8.0	shoulders	-1.9224038432433173	-1.9108964684515222	191
rg03_theta12p490_foilpm8	-8.0	shoulders	-1.9108964684515222	-1.8993890936597269	217
rg03_theta12p490_foilpm8	-8.0	shoulders	-1.8993890936597269	-1.8878817188679315	235
rg03_theta12p490_foilpm8	-8.0	shoulders	-1.8878817188679315	-1.8763743440761365	197
rg03_theta12p490_foilpm8	-8.0	shoulders	-1.8763743440761365	-1.8648669692843411	275
rg03_theta12p490_foilpm8	-8.0	shoulders	-1.8648669692843411	-1.853359594492546	236
rg03_theta12p490_foilpm8	-8.0	shoulders	-1.853359594492546	-1.8418522197007507	216
rg03_theta12p490_foilpm8	-8.0	shoulders	-1.8418522197007507	-1.8303448449089554	246
rg03_theta12p490_foilpm8	-8.0	shoulders	-1.8303448449089554	-1.8188374701171603	250
rg03_theta12p490_foilpm8	-8.0	shoulders	-1.8188374701171603	-1.807330095325365	269
rg03_theta12p490_foilpm8	-8.0	shoulders	-1.807330095325365	-1.79582272053357	252
rg03_theta12p490_foilpm8	-8.0	shoulders	-1.79582272053357	-1.7843153457417746	294
rg03_theta12p490_foilpm8	-8.0	shoulders	-1.7843153457417746	-1.7728079709499793	287
rg03_theta12p490_foilpm8	-8.0	shoulders	-1.7728079709499793	-1.7613005961581842	252
rg03_theta12p490_foilpm8	-8.0	shoulders	-1.7613005961581842	-1.749793221366389	252
rg03_theta12p490_foilpm8	-8.0	shoulders	-1.749793221366389	-1.7382858465745938	254
rg03_theta12p490_foilpm8	-8.0	shoulders	-1.7382858465745938	-1.7267784717827985	266
rg03_theta12p490_foilpm8	-8.0	shoulders	-1.7267784717827985	-1.7152710969910032	260
rg03_theta12p490_foilpm8	-8.0	shoulders	-1.7152710969910032	-1.7037637221992081	280
rg03_theta12p490_foilpm8	-8.0	shoulders	-1.7037637221992081	-1.692256347407413	248
rg03_theta12p490_foilpm8	-8.0	shoulders	-1.692256347407413	-1.6807489726156177	246
rg03_theta12p490_foilpm8	-8.0	shoulders	-1.6807489726156177	-1.6692415978238224	229
rg03_theta12p490_foilpm8	-8.0	shoulders	-1.6692415978238224	-1.657734223032027	206
rg03_theta12p490_foilpm8	-8.0	shoulders	-1.657734223032027	-1.646226848240232	223
rg03_theta12p490_foilpm8	-8.0	shoulders	-1.646226848240232	-1.634719473448437	216
rg03_theta12p490_foilpm8	-8.0	shoulders	-1.634719473448437	-1.6232120986566416	232
rg03_theta12p490_foilpm8	-8.0	shoulders	-1.6232120986566416	-1.6117047238648463	201
rg03_theta12p490_foilpm8	-8.0	shoulders	-1.6117047238648463	-1.6001973490730512	191
rg03_theta12p490_foilpm8	-8.0	shoulders	-1.6001973490730512	-1.588689974281256	178
rg03_theta12p490_foilpm8	-8.0	shoulders	-1.588689974281256	-1.5771825994894608	213
rg03_theta12p490_foilpm8	-8.0	shoulders	-1.5771825994894608	-1.5656752246976655	163
rg03_theta12p490_foilpm8	-8.0	shoulders	-1.5656752246976655	-1.5541678499058702	158
rg03_theta12p490_foilpm8	-8.0	shoulders	-1.5541678499058702	-1.5426604751140751	171
rg03_theta12p490_foilpm8	-8.0	shoulders	-1.5426604751140751	-1.53115310032228	172
rg03_theta12p490_foilpm8	-8.0	shoulders	-1.53115310032228	-1.5196457255304847	171
rg03_theta12p490_foilpm8	-8.0	shoulders	-1.5196457255304847	-1.5081383507386894	159
rg03_theta12p490_foilpm8	-8.0	shoulders	-1.5081383507386894	-1.496630975946894	155
rg03_theta12p490_foilpm8	-8.0	shoulders	-1.496630975946894	-1.485123601155099	136
rg03_theta12p490_foilpm8	-8.0	shoulders	-1.485123601155099	-1.473616226363304	129
rg03_theta12p490_foilpm8	-8.0	shoulders	-1.473616226363304	-1.4621088515715086	129
rg03_theta12p490_foilpm8	-8.0	shoulders	-1.4621088515715086	-1.4506014767797133	90
rg03_theta12p490_foilpm8	-8.0	shoulders	-1.4506014767797133	-1.439094101987918	82
rg03_theta12p490_foilpm8	-8.0	shoulders	-1.439094101987918	-1.427586727196123	74
rg03_theta12p490_foilpm8	-8.0	shoulders	-1.427586727196123	-1.4160793524043278	48
rg03_theta12p490_foilpm8	-8.0	shoulders	-1.4160793524043278	-1.4045719776125325	67
rg03_theta12p490_foilpm8	-8.0	shoulders	-1.4045719776125325	-1.3930646028207372	58
rg03_theta12p490_foilpm8	-8.0	shoulders	-1.3930646028207372	-1.381557228028942	41
rg03_theta12p490_foilpm8	-8.0	shoulders	-1.381557228028942	-1.3700498532371468	28
rg03_theta12p490_foilpm8	-8.0	shoulders	-1.3700498532371468	-1.3585424784453517	36
rg03_theta12p490_foilpm8	-8.0	shoulders	-1.3585424784453517	-1.3470351036535564	33
rg03_theta12p490_foilpm8	-8.0	shoulders	-1.3470351036535564	-1.335527728861761	34
rg03_theta12p490_foilpm8	-8.0	shoulders	-1.335527728861761	-1.324020354069966	26
rg03_theta12p490_foilpm8	-8.0	shoulders	-1.324020354069966	-1.312512979278171	30
rg03_theta12p490_foilpm8	-8.0	shoulders	-1.312512979278171	-1.3010056044863756	43
rg03_theta12p490_foilpm8	-8.0	shoulders	-1.3010056044863756	-1.2894982296945803	26
rg03_theta12p490_foilpm8	-8.0	shoulders	-1.2894982296945803	-1.277990854902785	17
rg03_theta12p490_foilpm8	-8.0	shoulders	-1.277990854902785	-1.2664834801109899	29
rg03_theta12p490_foilpm8	-8.0	shoulders	-1.2664834801109899	-1.2549761053191948	24
rg03_theta12p490_foilpm8	-8.0	shoulders	-1.2549761053191948	-1.2434687305273995	29
rg03_theta12p490_foilpm8	-8.0	shoulders	-1.2434687305273995	-1.2319613557356042	22
rg03_theta12p490_foilpm8	-8.0	shoulders	-1.2319613557356042	-1.220453980943809	19
rg03_theta12p490_foilpm8	-8.0	shoulders	-1.220453980943809	-1.2089466061520138	23
rg03_theta12p490_foilpm8	-8.0	shoulders	-1.2089466061520138	-1.1974392313602187	29
rg03_theta12p490_foilpm8	-8.0	shoulders	-1.1974392313602187	-1.1859318565684234	16
rg03_theta12p490_foilpm8	-8.0	shoulders	-1.1859318565684234	-1.174424481776628	16
rg03_theta12p490_foilpm8	-8.0	shoulders	-1.174424481776628	-1.162917106984833	15
rg03_theta12p490_foilpm8	-8.0	shoulders	-1.162917106984833	-1.1514097321930377	11
rg03_theta12p490_foilpm8	-8.0	shoulders	-1.1514097321930377	-1.1399023574012426	10
rg03_theta12p490_foilpm8	-8.0	shoulders	-1.1399023574012426	-1.1283949826094473	7
rg03_theta12p490_foilpm8	-8.0	shoulders	-1.1283949826094473	-1.116887607817652	12
rg03_theta12p490_foilpm8	-8.0	shoulders	-1.116887607817652	-1.1053802330258569	8
rg03_theta12p490_foilpm8	-8.0	shoulders	-1.1053802330258569	-1.0938728582340616	2
rg03_theta12p490_foilpm8	-8.0	shoulders	-1.0938728582340616	-1.0823654834422665	1
rg03_theta12p490_foilpm8	-8.0	shoulders	-1.0823654834422665	-1.0708581086504712	0
rg03_theta12p490_foilpm8	-8.0	unsupported	-2.221595587829993	-2.2100882130381976	0
rg03_theta12p490_foilpm8	-8.0	unsupported	-2.2100882130381976	-2.1985808382464023	0
rg03_theta12p490_foilpm8	-8.0	unsupported	-2.1985808382464023	-2.1870734634546074	0
rg03_theta12p490_foilpm8	-8.0	unsupported	-2.1870734634546074	-2.175566088662812	0
rg03_theta12p490_foilpm8	-8.0	unsupported	-2.175566088662812	-2.164058713871017	1
rg03_theta12p490_foilpm8	-8.0	unsupported	-2.164058713871017	-2.1525513390792215	0
rg03_theta12p490_foilpm8	-8.0	unsupported	-2.1525513390792215	-2.141043964287426	2
rg03_theta12p490_foilpm8	-8.0	unsupported	-2.141043964287426	-2.1295365894956313	1
rg03_theta12p490_foilpm8	-8.0	unsupported	-2.1295365894956313	-2.118029214703836	1
rg03_theta12p490_foilpm8	-8.0	unsupported	-2.118029214703836	-2.1065218399120407	1
rg03_theta12p490_foilpm8	-8.0	unsupported	-2.1065218399120407	-2.0950144651202454	0
rg03_theta12p490_foilpm8	-8.0	unsupported	-2.0950144651202454	-2.0835070903284505	0
rg03_theta12p490_foilpm8	-8.0	unsupported	-2.0835070903284505	-2.071999715536655	1
rg03_theta12p490_foilpm8	-8.0	unsupported	-2.071999715536655	-2.06049234074486	2
rg03_theta12p490_foilpm8	-8.0	unsupported	-2.06049234074486	-2.0489849659530646	3
rg03_theta12p490_foilpm8	-8.0	unsupported	-2.0489849659530646	-2.0374775911612693	1
rg03_theta12p490_foilpm8	-8.0	unsupported	-2.0374775911612693	-2.0259702163694744	6
rg03_theta12p490_foilpm8	-8.0	unsupported	-2.0259702163694744	-2.014462841577679	6
rg03_theta12p490_foilpm8	-8.0	unsupported	-2.014462841577679	-2.0029554667858838	7
rg03_theta12p490_foilpm8	-8.0	unsupported	-2.0029554667858838	-1.9914480919940885	5
rg03_theta12p490_foilpm8	-8.0	unsupported	-1.9914480919940885	-1.9799407172022934	3
rg03_theta12p490_foilpm8	-8.0	unsupported	-1.9799407172022934	-1.968433342410498	10
rg03_theta12p490_foilpm8	-8.0	unsupported	-1.968433342410498	-1.956925967618703	2
rg03_theta12p490_foilpm8	-8.0	unsupported	-1.956925967618703	-1.9454185928269077	8
rg03_theta12p490_foilpm8	-8.0	unsupported	-1.9454185928269077	-1.9339112180351123	8
rg03_theta12p490_foilpm8	-8.0	unsupported	-1.9339112180351123	-1.9224038432433173	6
rg03_theta12p490_foilpm8	-8.0	unsupported	-1.9224038432433173	-1.9108964684515222	6
rg03_theta12p490_foilpm8	-8.0	unsupported	-1.9108964684515222	-1.8993890936597269	5
rg03_theta12p490_foilpm8	-8.0	unsupported	-1.8993890936597269	-1.8878817188679315	4
rg03_theta12p490_foilpm8	-8.0	unsupported	-1.8878817188679315	-1.8763743440761365	5
rg03_theta12p490_foilpm8	-8.0	unsupported	-1.8763743440761365	-1.8648669692843411	2
rg03_theta12p490_foilpm8	-8.0	unsupported	-1.8648669692843411	-1.853359594492546	7
rg03_theta12p490_foilpm8	-8.0	unsupported	-1.853359594492546	-1.8418522197007507	8
rg03_theta12p490_foilpm8	-8.0	unsupported	-1.8418522197007507	-1.8303448449089554	6
rg03_theta12p490_foilpm8	-8.0	unsupported	-1.8303448449089554	-1.8188374701171603	4
rg03_theta12p490_foilpm8	-8.0	unsupported	-1.8188374701171603	-1.807330095325365	8
rg03_theta12p490_foilpm8	-8.0	unsupported	-1.807330095325365	-1.79582272053357	5
rg03_theta12p490_foilpm8	-8.0	unsupported	-1.79582272053357	-1.7843153457417746	9
rg03_theta12p490_foilpm8	-8.0	unsupported	-1.7843153457417746	-1.7728079709499793	3
rg03_theta12p490_foilpm8	-8.0	unsupported	-1.7728079709499793	-1.7613005961581842	11
rg03_theta12p490_foilpm8	-8.0	unsupported	-1.7613005961581842	-1.749793221366389	3
rg03_theta12p490_foilpm8	-8.0	unsupported	-1.749793221366389	-1.7382858465745938	8
rg03_theta12p490_foilpm8	-8.0	unsupported	-1.7382858465745938	-1.7267784717827985	5
rg03_theta12p490_foilpm8	-8.0	unsupported	-1.7267784717827985	-1.7152710969910032	8
rg03_theta12p490_foilpm8	-8.0	unsupported	-1.7152710969910032	-1.7037637221992081	6
rg03_theta12p490_foilpm8	-8.0	unsupported	-1.7037637221992081	-1.692256347407413	5
rg03_theta12p490_foilpm8	-8.0	unsupported	-1.692256347407413	-1.6807489726156177	3
rg03_theta12p490_foilpm8	-8.0	unsupported	-1.6807489726156177	-1.6692415978238224	3
rg03_theta12p490_foilpm8	-8.0	unsupported	-1.6692415978238224	-1.657734223032027	3
rg03_theta12p490_foilpm8	-8.0	unsupported	-1.657734223032027	-1.646226848240232	4
rg03_theta12p490_foilpm8	-8.0	unsupported	-1.646226848240232	-1.634719473448437	3
rg03_theta12p490_foilpm8	-8.0	unsupported	-1.634719473448437	-1.6232120986566416	10
rg03_theta12p490_foilpm8	-8.0	unsupported	-1.6232120986566416	-1.6117047238648463	3
rg03_theta12p490_foilpm8	-8.0	unsupported	-1.6117047238648463	-1.6001973490730512	4
rg03_theta12p490_foilpm8	-8.0	unsupported	-1.6001973490730512	-1.588689974281256	7
rg03_theta12p490_foilpm8	-8.0	unsupported	-1.588689974281256	-1.5771825994894608	3
rg03_theta12p490_foilpm8	-8.0	unsupported	-1.5771825994894608	-1.5656752246976655	4
rg03_theta12p490_foilpm8	-8.0	unsupported	-1.5656752246976655	-1.5541678499058702	6
rg03_theta12p490_foilpm8	-8.0	unsupported	-1.5541678499058702	-1.5426604751140751	7
rg03_theta12p490_foilpm8	-8.0	unsupported	-1.5426604751140751	-1.53115310032228	2
rg03_theta12p490_foilpm8	-8.0	unsupported	-1.53115310032228	-1.5196457255304847	3
rg03_theta12p490_foilpm8	-8.0	unsupported	-1.5196457255304847	-1.5081383507386894	4
rg03_theta12p490_foilpm8	-8.0	unsupported	-1.5081383507386894	-1.496630975946894	5
rg03_theta12p490_foilpm8	-8.0	unsupported	-1.496630975946894	-1.485123601155099	5
rg03_theta12p490_foilpm8	-8.0	unsupported	-1.485123601155099	-1.473616226363304	3
rg03_theta12p490_foilpm8	-8.0	unsupported	-1.473616226363304	-1.4621088515715086	5
rg03_theta12p490_foilpm8	-8.0	unsupported	-1.4621088515715086	-1.4506014767797133	1
rg03_theta12p490_foilpm8	-8.0	unsupported	-1.4506014767797133	-1.439094101987918	1
rg03_theta12p490_foilpm8	-8.0	unsupported	-1.439094101987918	-1.427586727196123	2
rg03_theta12p490_foilpm8	-8.0	unsupported	-1.427586727196123	-1.4160793524043278	3
rg03_theta12p490_foilpm8	-8.0	unsupported	-1.4160793524043278	-1.4045719776125325	2
rg03_theta12p490_foilpm8	-8.0	unsupported	-1.4045719776125325	-1.3930646028207372	3
rg03_theta12p490_foilpm8	-8.0	unsupported	-1.3930646028207372	-1.381557228028942	1
rg03_theta12p490_foilpm8	-8.0	unsupported	-1.381557228028942	-1.3700498532371468	0
rg03_theta12p490_foilpm8	-8.0	unsupported	-1.3700498532371468	-1.3585424784453517	0
rg03_theta12p490_foilpm8	-8.0	unsupported	-1.3585424784453517	-1.3470351036535564	0
rg03_theta12p490_foilpm8	-8.0	unsupported	-1.3470351036535564	-1.335527728861761	3
rg03_theta12p490_foilpm8	-8.0	unsupported	-1.335527728861761	-1.324020354069966	5
rg03_theta12p490_foilpm8	-8.0	unsupported	-1.324020354069966	-1.312512979278171	2
rg03_theta12p490_foilpm8	-8.0	unsupported	-1.312512979278171	-1.3010056044863756	3
rg03_theta12p490_foilpm8	-8.0	unsupported	-1.3010056044863756	-1.2894982296945803	1
rg03_theta12p490_foilpm8	-8.0	unsupported	-1.2894982296945803	-1.277990854902785	2
rg03_theta12p490_foilpm8	-8.0	unsupported	-1.277990854902785	-1.2664834801109899	0
rg03_theta12p490_foilpm8	-8.0	unsupported	-1.2664834801109899	-1.2549761053191948	3
rg03_theta12p490_foilpm8	-8.0	unsupported	-1.2549761053191948	-1.2434687305273995	2
rg03_theta12p490_foilpm8	-8.0	unsupported	-1.2434687305273995	-1.2319613557356042	4
rg03_theta12p490_foilpm8	-8.0	unsupported	-1.2319613557356042	-1.220453980943809	2
rg03_theta12p490_foilpm8	-8.0	unsupported	-1.220453980943809	-1.2089466061520138	1
rg03_theta12p490_foilpm8	-8.0	unsupported	-1.2089466061520138	-1.1974392313602187	0
rg03_theta12p490_foilpm8	-8.0	unsupported	-1.1974392313602187	-1.1859318565684234	2
rg03_theta12p490_foilpm8	-8.0	unsupported	-1.1859318565684234	-1.174424481776628	0
rg03_theta12p490_foilpm8	-8.0	unsupported	-1.174424481776628	-1.162917106984833	3
rg03_theta12p490_foilpm8	-8.0	unsupported	-1.162917106984833	-1.1514097321930377	1
rg03_theta12p490_foilpm8	-8.0	unsupported	-1.1514097321930377	-1.1399023574012426	1
rg03_theta12p490_foilpm8	-8.0	unsupported	-1.1399023574012426	-1.1283949826094473	0
rg03_theta12p490_foilpm8	-8.0	unsupported	-1.1283949826094473	-1.116887607817652	1
rg03_theta12p490_foilpm8	-8.0	unsupported	-1.116887607817652	-1.1053802330258569	0
rg03_theta12p490_foilpm8	-8.0	unsupported	-1.1053802330258569	-1.0938728582340616	0
rg03_theta12p490_foilpm8	-8.0	unsupported	-1.0938728582340616	-1.0823654834422665	0
rg03_theta12p490_foilpm8	-8.0	unsupported	-1.0823654834422665	-1.0708581086504712	0
rg03_theta12p490_foilpm8	-8.0	out_of_core	-2.221595587829993	-2.2100882130381976	0
rg03_theta12p490_foilpm8	-8.0	out_of_core	-2.2100882130381976	-2.1985808382464023	0
rg03_theta12p490_foilpm8	-8.0	out_of_core	-2.1985808382464023	-2.1870734634546074	2
rg03_theta12p490_foilpm8	-8.0	out_of_core	-2.1870734634546074	-2.175566088662812	9
rg03_theta12p490_foilpm8	-8.0	out_of_core	-2.175566088662812	-2.164058713871017	6
rg03_theta12p490_foilpm8	-8.0	out_of_core	-2.164058713871017	-2.1525513390792215	11
rg03_theta12p490_foilpm8	-8.0	out_of_core	-2.1525513390792215	-2.141043964287426	12
rg03_theta12p490_foilpm8	-8.0	out_of_core	-2.141043964287426	-2.1295365894956313	12
rg03_theta12p490_foilpm8	-8.0	out_of_core	-2.1295365894956313	-2.118029214703836	17
rg03_theta12p490_foilpm8	-8.0	out_of_core	-2.118029214703836	-2.1065218399120407	25
rg03_theta12p490_foilpm8	-8.0	out_of_core	-2.1065218399120407	-2.0950144651202454	28
rg03_theta12p490_foilpm8	-8.0	out_of_core	-2.0950144651202454	-2.0835070903284505	30
rg03_theta12p490_foilpm8	-8.0	out_of_core	-2.0835070903284505	-2.071999715536655	50
rg03_theta12p490_foilpm8	-8.0	out_of_core	-2.071999715536655	-2.06049234074486	40
rg03_theta12p490_foilpm8	-8.0	out_of_core	-2.06049234074486	-2.0489849659530646	71
rg03_theta12p490_foilpm8	-8.0	out_of_core	-2.0489849659530646	-2.0374775911612693	75
rg03_theta12p490_foilpm8	-8.0	out_of_core	-2.0374775911612693	-2.0259702163694744	102
rg03_theta12p490_foilpm8	-8.0	out_of_core	-2.0259702163694744	-2.014462841577679	114
rg03_theta12p490_foilpm8	-8.0	out_of_core	-2.014462841577679	-2.0029554667858838	138
rg03_theta12p490_foilpm8	-8.0	out_of_core	-2.0029554667858838	-1.9914480919940885	143
rg03_theta12p490_foilpm8	-8.0	out_of_core	-1.9914480919940885	-1.9799407172022934	138
rg03_theta12p490_foilpm8	-8.0	out_of_core	-1.9799407172022934	-1.968433342410498	183
rg03_theta12p490_foilpm8	-8.0	out_of_core	-1.968433342410498	-1.956925967618703	164
rg03_theta12p490_foilpm8	-8.0	out_of_core	-1.956925967618703	-1.9454185928269077	198
rg03_theta12p490_foilpm8	-8.0	out_of_core	-1.9454185928269077	-1.9339112180351123	181
rg03_theta12p490_foilpm8	-8.0	out_of_core	-1.9339112180351123	-1.9224038432433173	214
rg03_theta12p490_foilpm8	-8.0	out_of_core	-1.9224038432433173	-1.9108964684515222	197
rg03_theta12p490_foilpm8	-8.0	out_of_core	-1.9108964684515222	-1.8993890936597269	222
rg03_theta12p490_foilpm8	-8.0	out_of_core	-1.8993890936597269	-1.8878817188679315	239
rg03_theta12p490_foilpm8	-8.0	out_of_core	-1.8878817188679315	-1.8763743440761365	202
rg03_theta12p490_foilpm8	-8.0	out_of_core	-1.8763743440761365	-1.8648669692843411	277
rg03_theta12p490_foilpm8	-8.0	out_of_core	-1.8648669692843411	-1.853359594492546	243
rg03_theta12p490_foilpm8	-8.0	out_of_core	-1.853359594492546	-1.8418522197007507	224
rg03_theta12p490_foilpm8	-8.0	out_of_core	-1.8418522197007507	-1.8303448449089554	252
rg03_theta12p490_foilpm8	-8.0	out_of_core	-1.8303448449089554	-1.8188374701171603	254
rg03_theta12p490_foilpm8	-8.0	out_of_core	-1.8188374701171603	-1.807330095325365	277
rg03_theta12p490_foilpm8	-8.0	out_of_core	-1.807330095325365	-1.79582272053357	257
rg03_theta12p490_foilpm8	-8.0	out_of_core	-1.79582272053357	-1.7843153457417746	303
rg03_theta12p490_foilpm8	-8.0	out_of_core	-1.7843153457417746	-1.7728079709499793	290
rg03_theta12p490_foilpm8	-8.0	out_of_core	-1.7728079709499793	-1.7613005961581842	263
rg03_theta12p490_foilpm8	-8.0	out_of_core	-1.7613005961581842	-1.749793221366389	255
rg03_theta12p490_foilpm8	-8.0	out_of_core	-1.749793221366389	-1.7382858465745938	262
rg03_theta12p490_foilpm8	-8.0	out_of_core	-1.7382858465745938	-1.7267784717827985	271
rg03_theta12p490_foilpm8	-8.0	out_of_core	-1.7267784717827985	-1.7152710969910032	268
rg03_theta12p490_foilpm8	-8.0	out_of_core	-1.7152710969910032	-1.7037637221992081	286
rg03_theta12p490_foilpm8	-8.0	out_of_core	-1.7037637221992081	-1.692256347407413	253
rg03_theta12p490_foilpm8	-8.0	out_of_core	-1.692256347407413	-1.6807489726156177	249
rg03_theta12p490_foilpm8	-8.0	out_of_core	-1.6807489726156177	-1.6692415978238224	232
rg03_theta12p490_foilpm8	-8.0	out_of_core	-1.6692415978238224	-1.657734223032027	209
rg03_theta12p490_foilpm8	-8.0	out_of_core	-1.657734223032027	-1.646226848240232	227
rg03_theta12p490_foilpm8	-8.0	out_of_core	-1.646226848240232	-1.634719473448437	219
rg03_theta12p490_foilpm8	-8.0	out_of_core	-1.634719473448437	-1.6232120986566416	242
rg03_theta12p490_foilpm8	-8.0	out_of_core	-1.6232120986566416	-1.6117047238648463	204
rg03_theta12p490_foilpm8	-8.0	out_of_core	-1.6117047238648463	-1.6001973490730512	195
rg03_theta12p490_foilpm8	-8.0	out_of_core	-1.6001973490730512	-1.588689974281256	185
rg03_theta12p490_foilpm8	-8.0	out_of_core	-1.588689974281256	-1.5771825994894608	216
rg03_theta12p490_foilpm8	-8.0	out_of_core	-1.5771825994894608	-1.5656752246976655	167
rg03_theta12p490_foilpm8	-8.0	out_of_core	-1.5656752246976655	-1.5541678499058702	164
rg03_theta12p490_foilpm8	-8.0	out_of_core	-1.5541678499058702	-1.5426604751140751	178
rg03_theta12p490_foilpm8	-8.0	out_of_core	-1.5426604751140751	-1.53115310032228	174
rg03_theta12p490_foilpm8	-8.0	out_of_core	-1.53115310032228	-1.5196457255304847	174
rg03_theta12p490_foilpm8	-8.0	out_of_core	-1.5196457255304847	-1.5081383507386894	163
rg03_theta12p490_foilpm8	-8.0	out_of_core	-1.5081383507386894	-1.496630975946894	160
rg03_theta12p490_foilpm8	-8.0	out_of_core	-1.496630975946894	-1.485123601155099	141
rg03_theta12p490_foilpm8	-8.0	out_of_core	-1.485123601155099	-1.473616226363304	132
rg03_theta12p490_foilpm8	-8.0	out_of_core	-1.473616226363304	-1.4621088515715086	134
rg03_theta12p490_foilpm8	-8.0	out_of_core	-1.4621088515715086	-1.4506014767797133	91
rg03_theta12p490_foilpm8	-8.0	out_of_core	-1.4506014767797133	-1.439094101987918	83
rg03_theta12p490_foilpm8	-8.0	out_of_core	-1.439094101987918	-1.427586727196123	76
rg03_theta12p490_foilpm8	-8.0	out_of_core	-1.427586727196123	-1.4160793524043278	51
rg03_theta12p490_foilpm8	-8.0	out_of_core	-1.4160793524043278	-1.4045719776125325	69
rg03_theta12p490_foilpm8	-8.0	out_of_core	-1.4045719776125325	-1.3930646028207372	61
rg03_theta12p490_foilpm8	-8.0	out_of_core	-1.3930646028207372	-1.381557228028942	42
rg03_theta12p490_foilpm8	-8.0	out_of_core	-1.381557228028942	-1.3700498532371468	28
rg03_theta12p490_foilpm8	-8.0	out_of_core	-1.3700498532371468	-1.3585424784453517	36
rg03_theta12p490_foilpm8	-8.0	out_of_core	-1.3585424784453517	-1.3470351036535564	33
rg03_theta12p490_foilpm8	-8.0	out_of_core	-1.3470351036535564	-1.335527728861761	37
rg03_theta12p490_foilpm8	-8.0	out_of_core	-1.335527728861761	-1.324020354069966	31
rg03_theta12p490_foilpm8	-8.0	out_of_core	-1.324020354069966	-1.312512979278171	32
rg03_theta12p490_foilpm8	-8.0	out_of_core	-1.312512979278171	-1.3010056044863756	46
rg03_theta12p490_foilpm8	-8.0	out_of_core	-1.3010056044863756	-1.2894982296945803	27
rg03_theta12p490_foilpm8	-8.0	out_of_core	-1.2894982296945803	-1.277990854902785	19
rg03_theta12p490_foilpm8	-8.0	out_of_core	-1.277990854902785	-1.2664834801109899	29
rg03_theta12p490_foilpm8	-8.0	out_of_core	-1.2664834801109899	-1.2549761053191948	27
rg03_theta12p490_foilpm8	-8.0	out_of_core	-1.2549761053191948	-1.2434687305273995	31
rg03_theta12p490_foilpm8	-8.0	out_of_core	-1.2434687305273995	-1.2319613557356042	26
rg03_theta12p490_foilpm8	-8.0	out_of_core	-1.2319613557356042	-1.220453980943809	21
rg03_theta12p490_foilpm8	-8.0	out_of_core	-1.220453980943809	-1.2089466061520138	24
rg03_theta12p490_foilpm8	-8.0	out_of_core	-1.2089466061520138	-1.1974392313602187	29
rg03_theta12p490_foilpm8	-8.0	out_of_core	-1.1974392313602187	-1.1859318565684234	18
rg03_theta12p490_foilpm8	-8.0	out_of_core	-1.1859318565684234	-1.174424481776628	16
rg03_theta12p490_foilpm8	-8.0	out_of_core	-1.174424481776628	-1.162917106984833	18
rg03_theta12p490_foilpm8	-8.0	out_of_core	-1.162917106984833	-1.1514097321930377	12
rg03_theta12p490_foilpm8	-8.0	out_of_core	-1.1514097321930377	-1.1399023574012426	11
rg03_theta12p490_foilpm8	-8.0	out_of_core	-1.1399023574012426	-1.1283949826094473	7
rg03_theta12p490_foilpm8	-8.0	out_of_core	-1.1283949826094473	-1.116887607817652	13
rg03_theta12p490_foilpm8	-8.0	out_of_core	-1.116887607817652	-1.1053802330258569	8
rg03_theta12p490_foilpm8	-8.0	out_of_core	-1.1053802330258569	-1.0938728582340616	2
rg03_theta12p490_foilpm8	-8.0	out_of_core	-1.0938728582340616	-1.0823654834422665	1
rg03_theta12p490_foilpm8	-8.0	out_of_core	-1.0823654834422665	-1.0708581086504712	0
rg03_theta12p490_foilpm8	8.0	dense_half	0.9596230269167847	0.9694295075478041	0
rg03_theta12p490_foilpm8	8.0	dense_half	0.9694295075478041	0.9792359881788235	1
rg03_theta12p490_foilpm8	8.0	dense_half	0.9792359881788235	0.989042468809843	3
rg03_theta12p490_foilpm8	8.0	dense_half	0.989042468809843	0.9988489494408624	5
rg03_theta12p490_foilpm8	8.0	dense_half	0.9988489494408624	1.0086554300718817	5
rg03_theta12p490_foilpm8	8.0	dense_half	1.0086554300718817	1.0184619107029014	4
rg03_theta12p490_foilpm8	8.0	dense_half	1.0184619107029014	1.0282683913339208	8
rg03_theta12p490_foilpm8	8.0	dense_half	1.0282683913339208	1.0380748719649402	11
rg03_theta12p490_foilpm8	8.0	dense_half	1.0380748719649402	1.0478813525959596	7
rg03_theta12p490_foilpm8	8.0	dense_half	1.0478813525959596	1.057687833226979	9
rg03_theta12p490_foilpm8	8.0	dense_half	1.057687833226979	1.0674943138579984	12
rg03_theta12p490_foilpm8	8.0	dense_half	1.0674943138579984	1.0773007944890178	20
rg03_theta12p490_foilpm8	8.0	dense_half	1.0773007944890178	1.0871072751200372	20
rg03_theta12p490_foilpm8	8.0	dense_half	1.0871072751200372	1.0969137557510567	31
rg03_theta12p490_foilpm8	8.0	dense_half	1.0969137557510567	1.1067202363820763	27
rg03_theta12p490_foilpm8	8.0	dense_half	1.1067202363820763	1.1165267170130957	35
rg03_theta12p490_foilpm8	8.0	dense_half	1.1165267170130957	1.126333197644115	20
rg03_theta12p490_foilpm8	8.0	dense_half	1.126333197644115	1.1361396782751345	29
rg03_theta12p490_foilpm8	8.0	dense_half	1.1361396782751345	1.145946158906154	38
rg03_theta12p490_foilpm8	8.0	dense_half	1.145946158906154	1.1557526395371733	39
rg03_theta12p490_foilpm8	8.0	dense_half	1.1557526395371733	1.1655591201681927	40
rg03_theta12p490_foilpm8	8.0	dense_half	1.1655591201681927	1.1753656007992122	52
rg03_theta12p490_foilpm8	8.0	dense_half	1.1753656007992122	1.1851720814302316	65
rg03_theta12p490_foilpm8	8.0	dense_half	1.1851720814302316	1.1949785620612512	66
rg03_theta12p490_foilpm8	8.0	dense_half	1.1949785620612512	1.2047850426922704	71
rg03_theta12p490_foilpm8	8.0	dense_half	1.2047850426922704	1.21459152332329	86
rg03_theta12p490_foilpm8	8.0	dense_half	1.21459152332329	1.2243980039543094	106
rg03_theta12p490_foilpm8	8.0	dense_half	1.2243980039543094	1.2342044845853288	121
rg03_theta12p490_foilpm8	8.0	dense_half	1.2342044845853288	1.2440109652163482	144
rg03_theta12p490_foilpm8	8.0	dense_half	1.2440109652163482	1.2538174458473677	130
rg03_theta12p490_foilpm8	8.0	dense_half	1.2538174458473677	1.263623926478387	146
rg03_theta12p490_foilpm8	8.0	dense_half	1.263623926478387	1.2734304071094065	173
rg03_theta12p490_foilpm8	8.0	dense_half	1.2734304071094065	1.2832368877404259	178
rg03_theta12p490_foilpm8	8.0	dense_half	1.2832368877404259	1.2930433683714453	159
rg03_theta12p490_foilpm8	8.0	dense_half	1.2930433683714453	1.302849849002465	226
rg03_theta12p490_foilpm8	8.0	dense_half	1.302849849002465	1.3126563296334843	228
rg03_theta12p490_foilpm8	8.0	dense_half	1.3126563296334843	1.3224628102645037	237
rg03_theta12p490_foilpm8	8.0	dense_half	1.3224628102645037	1.3322692908955232	270
rg03_theta12p490_foilpm8	8.0	dense_half	1.3322692908955232	1.3420757715265426	271
rg03_theta12p490_foilpm8	8.0	dense_half	1.3420757715265426	1.351882252157562	278
rg03_theta12p490_foilpm8	8.0	dense_half	1.351882252157562	1.3616887327885814	300
rg03_theta12p490_foilpm8	8.0	dense_half	1.3616887327885814	1.3714952134196008	301
rg03_theta12p490_foilpm8	8.0	dense_half	1.3714952134196008	1.3813016940506202	309
rg03_theta12p490_foilpm8	8.0	dense_half	1.3813016940506202	1.3911081746816398	329
rg03_theta12p490_foilpm8	8.0	dense_half	1.3911081746816398	1.400914655312659	337
rg03_theta12p490_foilpm8	8.0	dense_half	1.400914655312659	1.4107211359436787	348
rg03_theta12p490_foilpm8	8.0	dense_half	1.4107211359436787	1.420527616574698	334
rg03_theta12p490_foilpm8	8.0	dense_half	1.420527616574698	1.4303340972057175	386
rg03_theta12p490_foilpm8	8.0	dense_half	1.4303340972057175	1.4401405778367369	372
rg03_theta12p490_foilpm8	8.0	dense_half	1.4401405778367369	1.4499470584677563	388
rg03_theta12p490_foilpm8	8.0	dense_half	1.4499470584677563	1.4597535390987757	347
rg03_theta12p490_foilpm8	8.0	dense_half	1.4597535390987757	1.469560019729795	368
rg03_theta12p490_foilpm8	8.0	dense_half	1.469560019729795	1.4793665003608147	353
rg03_theta12p490_foilpm8	8.0	dense_half	1.4793665003608147	1.489172980991834	378
rg03_theta12p490_foilpm8	8.0	dense_half	1.489172980991834	1.4989794616228536	344
rg03_theta12p490_foilpm8	8.0	dense_half	1.4989794616228536	1.5087859422538727	370
rg03_theta12p490_foilpm8	8.0	dense_half	1.5087859422538727	1.5185924228848924	427
rg03_theta12p490_foilpm8	8.0	dense_half	1.5185924228848924	1.5283989035159118	398
rg03_theta12p490_foilpm8	8.0	dense_half	1.5283989035159118	1.5382053841469312	386
rg03_theta12p490_foilpm8	8.0	dense_half	1.5382053841469312	1.5480118647779506	354
rg03_theta12p490_foilpm8	8.0	dense_half	1.5480118647779506	1.55781834540897	321
rg03_theta12p490_foilpm8	8.0	dense_half	1.55781834540897	1.5676248260399896	341
rg03_theta12p490_foilpm8	8.0	dense_half	1.5676248260399896	1.5774313066710088	328
rg03_theta12p490_foilpm8	8.0	dense_half	1.5774313066710088	1.5872377873020285	311
rg03_theta12p490_foilpm8	8.0	dense_half	1.5872377873020285	1.5970442679330477	323
rg03_theta12p490_foilpm8	8.0	dense_half	1.5970442679330477	1.6068507485640673	293
rg03_theta12p490_foilpm8	8.0	dense_half	1.6068507485640673	1.6166572291950867	288
rg03_theta12p490_foilpm8	8.0	dense_half	1.6166572291950867	1.626463709826106	299
rg03_theta12p490_foilpm8	8.0	dense_half	1.626463709826106	1.6362701904571255	300
rg03_theta12p490_foilpm8	8.0	dense_half	1.6362701904571255	1.646076671088145	247
rg03_theta12p490_foilpm8	8.0	dense_half	1.646076671088145	1.6558831517191643	230
rg03_theta12p490_foilpm8	8.0	dense_half	1.6558831517191643	1.6656896323501837	207
rg03_theta12p490_foilpm8	8.0	dense_half	1.6656896323501837	1.6754961129812034	210
rg03_theta12p490_foilpm8	8.0	dense_half	1.6754961129812034	1.6853025936122226	225
rg03_theta12p490_foilpm8	8.0	dense_half	1.6853025936122226	1.6951090742432422	224
rg03_theta12p490_foilpm8	8.0	dense_half	1.6951090742432422	1.7049155548742614	201
rg03_theta12p490_foilpm8	8.0	dense_half	1.7049155548742614	1.714722035505281	183
rg03_theta12p490_foilpm8	8.0	dense_half	1.714722035505281	1.7245285161363004	163
rg03_theta12p490_foilpm8	8.0	dense_half	1.7245285161363004	1.7343349967673198	138
rg03_theta12p490_foilpm8	8.0	dense_half	1.7343349967673198	1.7441414773983392	145
rg03_theta12p490_foilpm8	8.0	dense_half	1.7441414773983392	1.7539479580293587	150
rg03_theta12p490_foilpm8	8.0	dense_half	1.7539479580293587	1.7637544386603783	123
rg03_theta12p490_foilpm8	8.0	dense_half	1.7637544386603783	1.7735609192913975	121
rg03_theta12p490_foilpm8	8.0	dense_half	1.7735609192913975	1.783367399922417	106
rg03_theta12p490_foilpm8	8.0	dense_half	1.783367399922417	1.7931738805534363	91
rg03_theta12p490_foilpm8	8.0	dense_half	1.7931738805534363	1.802980361184456	79
rg03_theta12p490_foilpm8	8.0	dense_half	1.802980361184456	1.8127868418154753	67
rg03_theta12p490_foilpm8	8.0	dense_half	1.8127868418154753	1.8225933224464947	43
rg03_theta12p490_foilpm8	8.0	dense_half	1.8225933224464947	1.8323998030775142	57
rg03_theta12p490_foilpm8	8.0	dense_half	1.8323998030775142	1.8422062837085336	21
rg03_theta12p490_foilpm8	8.0	dense_half	1.8422062837085336	1.852012764339553	27
rg03_theta12p490_foilpm8	8.0	dense_half	1.852012764339553	1.8618192449705724	19
rg03_theta12p490_foilpm8	8.0	dense_half	1.8618192449705724	1.871625725601592	31
rg03_theta12p490_foilpm8	8.0	dense_half	1.871625725601592	1.8814322062326112	23
rg03_theta12p490_foilpm8	8.0	dense_half	1.8814322062326112	1.8912386868636308	19
rg03_theta12p490_foilpm8	8.0	dense_half	1.8912386868636308	1.9010451674946502	9
rg03_theta12p490_foilpm8	8.0	dense_half	1.9010451674946502	1.9108516481256697	6
rg03_theta12p490_foilpm8	8.0	dense_half	1.9108516481256697	1.920658128756689	0
rg03_theta12p490_foilpm8	8.0	dense_half	1.920658128756689	1.9304646093877085	1
rg03_theta12p490_foilpm8	8.0	dense_half	1.9304646093877085	1.9402710900187279	0
rg03_theta12p490_foilpm8	8.0	outer_core	0.9596230269167847	0.9694295075478041	0
rg03_theta12p490_foilpm8	8.0	outer_core	0.9694295075478041	0.9792359881788235	0
rg03_theta12p490_foilpm8	8.0	outer_core	0.9792359881788235	0.989042468809843	3
rg03_theta12p490_foilpm8	8.0	outer_core	0.989042468809843	0.9988489494408624	5
rg03_theta12p490_foilpm8	8.0	outer_core	0.9988489494408624	1.0086554300718817	7
rg03_theta12p490_foilpm8	8.0	outer_core	1.0086554300718817	1.0184619107029014	7
rg03_theta12p490_foilpm8	8.0	outer_core	1.0184619107029014	1.0282683913339208	10
rg03_theta12p490_foilpm8	8.0	outer_core	1.0282683913339208	1.0380748719649402	9
rg03_theta12p490_foilpm8	8.0	outer_core	1.0380748719649402	1.0478813525959596	10
rg03_theta12p490_foilpm8	8.0	outer_core	1.0478813525959596	1.057687833226979	17
rg03_theta12p490_foilpm8	8.0	outer_core	1.057687833226979	1.0674943138579984	17
rg03_theta12p490_foilpm8	8.0	outer_core	1.0674943138579984	1.0773007944890178	30
rg03_theta12p490_foilpm8	8.0	outer_core	1.0773007944890178	1.0871072751200372	17
rg03_theta12p490_foilpm8	8.0	outer_core	1.0871072751200372	1.0969137557510567	20
rg03_theta12p490_foilpm8	8.0	outer_core	1.0969137557510567	1.1067202363820763	23
rg03_theta12p490_foilpm8	8.0	outer_core	1.1067202363820763	1.1165267170130957	28
rg03_theta12p490_foilpm8	8.0	outer_core	1.1165267170130957	1.126333197644115	35
rg03_theta12p490_foilpm8	8.0	outer_core	1.126333197644115	1.1361396782751345	47
rg03_theta12p490_foilpm8	8.0	outer_core	1.1361396782751345	1.145946158906154	41
rg03_theta12p490_foilpm8	8.0	outer_core	1.145946158906154	1.1557526395371733	54
rg03_theta12p490_foilpm8	8.0	outer_core	1.1557526395371733	1.1655591201681927	59
rg03_theta12p490_foilpm8	8.0	outer_core	1.1655591201681927	1.1753656007992122	54
rg03_theta12p490_foilpm8	8.0	outer_core	1.1753656007992122	1.1851720814302316	59
rg03_theta12p490_foilpm8	8.0	outer_core	1.1851720814302316	1.1949785620612512	89
rg03_theta12p490_foilpm8	8.0	outer_core	1.1949785620612512	1.2047850426922704	71
rg03_theta12p490_foilpm8	8.0	outer_core	1.2047850426922704	1.21459152332329	82
rg03_theta12p490_foilpm8	8.0	outer_core	1.21459152332329	1.2243980039543094	100
rg03_theta12p490_foilpm8	8.0	outer_core	1.2243980039543094	1.2342044845853288	130
rg03_theta12p490_foilpm8	8.0	outer_core	1.2342044845853288	1.2440109652163482	149
rg03_theta12p490_foilpm8	8.0	outer_core	1.2440109652163482	1.2538174458473677	152
rg03_theta12p490_foilpm8	8.0	outer_core	1.2538174458473677	1.263623926478387	182
rg03_theta12p490_foilpm8	8.0	outer_core	1.263623926478387	1.2734304071094065	162
rg03_theta12p490_foilpm8	8.0	outer_core	1.2734304071094065	1.2832368877404259	171
rg03_theta12p490_foilpm8	8.0	outer_core	1.2832368877404259	1.2930433683714453	199
rg03_theta12p490_foilpm8	8.0	outer_core	1.2930433683714453	1.302849849002465	220
rg03_theta12p490_foilpm8	8.0	outer_core	1.302849849002465	1.3126563296334843	207
rg03_theta12p490_foilpm8	8.0	outer_core	1.3126563296334843	1.3224628102645037	197
rg03_theta12p490_foilpm8	8.0	outer_core	1.3224628102645037	1.3322692908955232	237
rg03_theta12p490_foilpm8	8.0	outer_core	1.3322692908955232	1.3420757715265426	258
rg03_theta12p490_foilpm8	8.0	outer_core	1.3420757715265426	1.351882252157562	264
rg03_theta12p490_foilpm8	8.0	outer_core	1.351882252157562	1.3616887327885814	287
rg03_theta12p490_foilpm8	8.0	outer_core	1.3616887327885814	1.3714952134196008	288
rg03_theta12p490_foilpm8	8.0	outer_core	1.3714952134196008	1.3813016940506202	328
rg03_theta12p490_foilpm8	8.0	outer_core	1.3813016940506202	1.3911081746816398	327
rg03_theta12p490_foilpm8	8.0	outer_core	1.3911081746816398	1.400914655312659	360
rg03_theta12p490_foilpm8	8.0	outer_core	1.400914655312659	1.4107211359436787	370
rg03_theta12p490_foilpm8	8.0	outer_core	1.4107211359436787	1.420527616574698	326
rg03_theta12p490_foilpm8	8.0	outer_core	1.420527616574698	1.4303340972057175	351
rg03_theta12p490_foilpm8	8.0	outer_core	1.4303340972057175	1.4401405778367369	337
rg03_theta12p490_foilpm8	8.0	outer_core	1.4401405778367369	1.4499470584677563	348
rg03_theta12p490_foilpm8	8.0	outer_core	1.4499470584677563	1.4597535390987757	343
rg03_theta12p490_foilpm8	8.0	outer_core	1.4597535390987757	1.469560019729795	370
rg03_theta12p490_foilpm8	8.0	outer_core	1.469560019729795	1.4793665003608147	349
rg03_theta12p490_foilpm8	8.0	outer_core	1.4793665003608147	1.489172980991834	382
rg03_theta12p490_foilpm8	8.0	outer_core	1.489172980991834	1.4989794616228536	375
rg03_theta12p490_foilpm8	8.0	outer_core	1.4989794616228536	1.5087859422538727	380
rg03_theta12p490_foilpm8	8.0	outer_core	1.5087859422538727	1.5185924228848924	347
rg03_theta12p490_foilpm8	8.0	outer_core	1.5185924228848924	1.5283989035159118	369
rg03_theta12p490_foilpm8	8.0	outer_core	1.5283989035159118	1.5382053841469312	324
rg03_theta12p490_foilpm8	8.0	outer_core	1.5382053841469312	1.5480118647779506	326
rg03_theta12p490_foilpm8	8.0	outer_core	1.5480118647779506	1.55781834540897	309
rg03_theta12p490_foilpm8	8.0	outer_core	1.55781834540897	1.5676248260399896	302
rg03_theta12p490_foilpm8	8.0	outer_core	1.5676248260399896	1.5774313066710088	350
rg03_theta12p490_foilpm8	8.0	outer_core	1.5774313066710088	1.5872377873020285	319
rg03_theta12p490_foilpm8	8.0	outer_core	1.5872377873020285	1.5970442679330477	307
rg03_theta12p490_foilpm8	8.0	outer_core	1.5970442679330477	1.6068507485640673	303
rg03_theta12p490_foilpm8	8.0	outer_core	1.6068507485640673	1.6166572291950867	335
rg03_theta12p490_foilpm8	8.0	outer_core	1.6166572291950867	1.626463709826106	275
rg03_theta12p490_foilpm8	8.0	outer_core	1.626463709826106	1.6362701904571255	259
rg03_theta12p490_foilpm8	8.0	outer_core	1.6362701904571255	1.646076671088145	245
rg03_theta12p490_foilpm8	8.0	outer_core	1.646076671088145	1.6558831517191643	232
rg03_theta12p490_foilpm8	8.0	outer_core	1.6558831517191643	1.6656896323501837	242
rg03_theta12p490_foilpm8	8.0	outer_core	1.6656896323501837	1.6754961129812034	206
rg03_theta12p490_foilpm8	8.0	outer_core	1.6754961129812034	1.6853025936122226	205
rg03_theta12p490_foilpm8	8.0	outer_core	1.6853025936122226	1.6951090742432422	186
rg03_theta12p490_foilpm8	8.0	outer_core	1.6951090742432422	1.7049155548742614	217
rg03_theta12p490_foilpm8	8.0	outer_core	1.7049155548742614	1.714722035505281	179
rg03_theta12p490_foilpm8	8.0	outer_core	1.714722035505281	1.7245285161363004	180
rg03_theta12p490_foilpm8	8.0	outer_core	1.7245285161363004	1.7343349967673198	155
rg03_theta12p490_foilpm8	8.0	outer_core	1.7343349967673198	1.7441414773983392	165
rg03_theta12p490_foilpm8	8.0	outer_core	1.7441414773983392	1.7539479580293587	137
rg03_theta12p490_foilpm8	8.0	outer_core	1.7539479580293587	1.7637544386603783	150
rg03_theta12p490_foilpm8	8.0	outer_core	1.7637544386603783	1.7735609192913975	106
rg03_theta12p490_foilpm8	8.0	outer_core	1.7735609192913975	1.783367399922417	131
rg03_theta12p490_foilpm8	8.0	outer_core	1.783367399922417	1.7931738805534363	109
rg03_theta12p490_foilpm8	8.0	outer_core	1.7931738805534363	1.802980361184456	82
rg03_theta12p490_foilpm8	8.0	outer_core	1.802980361184456	1.8127868418154753	76
rg03_theta12p490_foilpm8	8.0	outer_core	1.8127868418154753	1.8225933224464947	53
rg03_theta12p490_foilpm8	8.0	outer_core	1.8225933224464947	1.8323998030775142	48
rg03_theta12p490_foilpm8	8.0	outer_core	1.8323998030775142	1.8422062837085336	49
rg03_theta12p490_foilpm8	8.0	outer_core	1.8422062837085336	1.852012764339553	37
rg03_theta12p490_foilpm8	8.0	outer_core	1.852012764339553	1.8618192449705724	20
rg03_theta12p490_foilpm8	8.0	outer_core	1.8618192449705724	1.871625725601592	31
rg03_theta12p490_foilpm8	8.0	outer_core	1.871625725601592	1.8814322062326112	19
rg03_theta12p490_foilpm8	8.0	outer_core	1.8814322062326112	1.8912386868636308	18
rg03_theta12p490_foilpm8	8.0	outer_core	1.8912386868636308	1.9010451674946502	12
rg03_theta12p490_foilpm8	8.0	outer_core	1.9010451674946502	1.9108516481256697	3
rg03_theta12p490_foilpm8	8.0	outer_core	1.9108516481256697	1.920658128756689	0
rg03_theta12p490_foilpm8	8.0	outer_core	1.920658128756689	1.9304646093877085	0
rg03_theta12p490_foilpm8	8.0	outer_core	1.9304646093877085	1.9402710900187279	0
rg03_theta12p490_foilpm8	8.0	shoulders	0.9596230269167847	0.9694295075478041	0
rg03_theta12p490_foilpm8	8.0	shoulders	0.9694295075478041	0.9792359881788235	0
rg03_theta12p490_foilpm8	8.0	shoulders	0.9792359881788235	0.989042468809843	3
rg03_theta12p490_foilpm8	8.0	shoulders	0.989042468809843	0.9988489494408624	5
rg03_theta12p490_foilpm8	8.0	shoulders	0.9988489494408624	1.0086554300718817	2
rg03_theta12p490_foilpm8	8.0	shoulders	1.0086554300718817	1.0184619107029014	9
rg03_theta12p490_foilpm8	8.0	shoulders	1.0184619107029014	1.0282683913339208	10
rg03_theta12p490_foilpm8	8.0	shoulders	1.0282683913339208	1.0380748719649402	17
rg03_theta12p490_foilpm8	8.0	shoulders	1.0380748719649402	1.0478813525959596	14
rg03_theta12p490_foilpm8	8.0	shoulders	1.0478813525959596	1.057687833226979	9
rg03_theta12p490_foilpm8	8.0	shoulders	1.057687833226979	1.0674943138579984	20
rg03_theta12p490_foilpm8	8.0	shoulders	1.0674943138579984	1.0773007944890178	26
rg03_theta12p490_foilpm8	8.0	shoulders	1.0773007944890178	1.0871072751200372	18
rg03_theta12p490_foilpm8	8.0	shoulders	1.0871072751200372	1.0969137557510567	17
rg03_theta12p490_foilpm8	8.0	shoulders	1.0969137557510567	1.1067202363820763	28
rg03_theta12p490_foilpm8	8.0	shoulders	1.1067202363820763	1.1165267170130957	23
rg03_theta12p490_foilpm8	8.0	shoulders	1.1165267170130957	1.126333197644115	30
rg03_theta12p490_foilpm8	8.0	shoulders	1.126333197644115	1.1361396782751345	28
rg03_theta12p490_foilpm8	8.0	shoulders	1.1361396782751345	1.145946158906154	29
rg03_theta12p490_foilpm8	8.0	shoulders	1.145946158906154	1.1557526395371733	40
rg03_theta12p490_foilpm8	8.0	shoulders	1.1557526395371733	1.1655591201681927	40
rg03_theta12p490_foilpm8	8.0	shoulders	1.1655591201681927	1.1753656007992122	61
rg03_theta12p490_foilpm8	8.0	shoulders	1.1753656007992122	1.1851720814302316	41
rg03_theta12p490_foilpm8	8.0	shoulders	1.1851720814302316	1.1949785620612512	54
rg03_theta12p490_foilpm8	8.0	shoulders	1.1949785620612512	1.2047850426922704	80
rg03_theta12p490_foilpm8	8.0	shoulders	1.2047850426922704	1.21459152332329	71
rg03_theta12p490_foilpm8	8.0	shoulders	1.21459152332329	1.2243980039543094	85
rg03_theta12p490_foilpm8	8.0	shoulders	1.2243980039543094	1.2342044845853288	79
rg03_theta12p490_foilpm8	8.0	shoulders	1.2342044845853288	1.2440109652163482	78
rg03_theta12p490_foilpm8	8.0	shoulders	1.2440109652163482	1.2538174458473677	87
rg03_theta12p490_foilpm8	8.0	shoulders	1.2538174458473677	1.263623926478387	104
rg03_theta12p490_foilpm8	8.0	shoulders	1.263623926478387	1.2734304071094065	100
rg03_theta12p490_foilpm8	8.0	shoulders	1.2734304071094065	1.2832368877404259	105
rg03_theta12p490_foilpm8	8.0	shoulders	1.2832368877404259	1.2930433683714453	117
rg03_theta12p490_foilpm8	8.0	shoulders	1.2930433683714453	1.302849849002465	112
rg03_theta12p490_foilpm8	8.0	shoulders	1.302849849002465	1.3126563296334843	116
rg03_theta12p490_foilpm8	8.0	shoulders	1.3126563296334843	1.3224628102645037	131
rg03_theta12p490_foilpm8	8.0	shoulders	1.3224628102645037	1.3322692908955232	124
rg03_theta12p490_foilpm8	8.0	shoulders	1.3322692908955232	1.3420757715265426	106
rg03_theta12p490_foilpm8	8.0	shoulders	1.3420757715265426	1.351882252157562	117
rg03_theta12p490_foilpm8	8.0	shoulders	1.351882252157562	1.3616887327885814	161
rg03_theta12p490_foilpm8	8.0	shoulders	1.3616887327885814	1.3714952134196008	144
rg03_theta12p490_foilpm8	8.0	shoulders	1.3714952134196008	1.3813016940506202	121
rg03_theta12p490_foilpm8	8.0	shoulders	1.3813016940506202	1.3911081746816398	140
rg03_theta12p490_foilpm8	8.0	shoulders	1.3911081746816398	1.400914655312659	151
rg03_theta12p490_foilpm8	8.0	shoulders	1.400914655312659	1.4107211359436787	160
rg03_theta12p490_foilpm8	8.0	shoulders	1.4107211359436787	1.420527616574698	156
rg03_theta12p490_foilpm8	8.0	shoulders	1.420527616574698	1.4303340972057175	132
rg03_theta12p490_foilpm8	8.0	shoulders	1.4303340972057175	1.4401405778367369	128
rg03_theta12p490_foilpm8	8.0	shoulders	1.4401405778367369	1.4499470584677563	163
rg03_theta12p490_foilpm8	8.0	shoulders	1.4499470584677563	1.4597535390987757	155
rg03_theta12p490_foilpm8	8.0	shoulders	1.4597535390987757	1.469560019729795	151
rg03_theta12p490_foilpm8	8.0	shoulders	1.469560019729795	1.4793665003608147	163
rg03_theta12p490_foilpm8	8.0	shoulders	1.4793665003608147	1.489172980991834	161
rg03_theta12p490_foilpm8	8.0	shoulders	1.489172980991834	1.4989794616228536	144
rg03_theta12p490_foilpm8	8.0	shoulders	1.4989794616228536	1.5087859422538727	155
rg03_theta12p490_foilpm8	8.0	shoulders	1.5087859422538727	1.5185924228848924	160
rg03_theta12p490_foilpm8	8.0	shoulders	1.5185924228848924	1.5283989035159118	172
rg03_theta12p490_foilpm8	8.0	shoulders	1.5283989035159118	1.5382053841469312	139
rg03_theta12p490_foilpm8	8.0	shoulders	1.5382053841469312	1.5480118647779506	177
rg03_theta12p490_foilpm8	8.0	shoulders	1.5480118647779506	1.55781834540897	140
rg03_theta12p490_foilpm8	8.0	shoulders	1.55781834540897	1.5676248260399896	170
rg03_theta12p490_foilpm8	8.0	shoulders	1.5676248260399896	1.5774313066710088	143
rg03_theta12p490_foilpm8	8.0	shoulders	1.5774313066710088	1.5872377873020285	139
rg03_theta12p490_foilpm8	8.0	shoulders	1.5872377873020285	1.5970442679330477	146
rg03_theta12p490_foilpm8	8.0	shoulders	1.5970442679330477	1.6068507485640673	139
rg03_theta12p490_foilpm8	8.0	shoulders	1.6068507485640673	1.6166572291950867	148
rg03_theta12p490_foilpm8	8.0	shoulders	1.6166572291950867	1.626463709826106	128
rg03_theta12p490_foilpm8	8.0	shoulders	1.626463709826106	1.6362701904571255	119
rg03_theta12p490_foilpm8	8.0	shoulders	1.6362701904571255	1.646076671088145	168
rg03_theta12p490_foilpm8	8.0	shoulders	1.646076671088145	1.6558831517191643	129
rg03_theta12p490_foilpm8	8.0	shoulders	1.6558831517191643	1.6656896323501837	132
rg03_theta12p490_foilpm8	8.0	shoulders	1.6656896323501837	1.6754961129812034	107
rg03_theta12p490_foilpm8	8.0	shoulders	1.6754961129812034	1.6853025936122226	128
rg03_theta12p490_foilpm8	8.0	shoulders	1.6853025936122226	1.6951090742432422	127
rg03_theta12p490_foilpm8	8.0	shoulders	1.6951090742432422	1.7049155548742614	111
rg03_theta12p490_foilpm8	8.0	shoulders	1.7049155548742614	1.714722035505281	112
rg03_theta12p490_foilpm8	8.0	shoulders	1.714722035505281	1.7245285161363004	101
rg03_theta12p490_foilpm8	8.0	shoulders	1.7245285161363004	1.7343349967673198	89
rg03_theta12p490_foilpm8	8.0	shoulders	1.7343349967673198	1.7441414773983392	106
rg03_theta12p490_foilpm8	8.0	shoulders	1.7441414773983392	1.7539479580293587	101
rg03_theta12p490_foilpm8	8.0	shoulders	1.7539479580293587	1.7637544386603783	94
rg03_theta12p490_foilpm8	8.0	shoulders	1.7637544386603783	1.7735609192913975	84
rg03_theta12p490_foilpm8	8.0	shoulders	1.7735609192913975	1.783367399922417	92
rg03_theta12p490_foilpm8	8.0	shoulders	1.783367399922417	1.7931738805534363	88
rg03_theta12p490_foilpm8	8.0	shoulders	1.7931738805534363	1.802980361184456	57
rg03_theta12p490_foilpm8	8.0	shoulders	1.802980361184456	1.8127868418154753	51
rg03_theta12p490_foilpm8	8.0	shoulders	1.8127868418154753	1.8225933224464947	43
rg03_theta12p490_foilpm8	8.0	shoulders	1.8225933224464947	1.8323998030775142	45
rg03_theta12p490_foilpm8	8.0	shoulders	1.8323998030775142	1.8422062837085336	30
rg03_theta12p490_foilpm8	8.0	shoulders	1.8422062837085336	1.852012764339553	27
rg03_theta12p490_foilpm8	8.0	shoulders	1.852012764339553	1.8618192449705724	14
rg03_theta12p490_foilpm8	8.0	shoulders	1.8618192449705724	1.871625725601592	38
rg03_theta12p490_foilpm8	8.0	shoulders	1.871625725601592	1.8814322062326112	18
rg03_theta12p490_foilpm8	8.0	shoulders	1.8814322062326112	1.8912386868636308	17
rg03_theta12p490_foilpm8	8.0	shoulders	1.8912386868636308	1.9010451674946502	7
rg03_theta12p490_foilpm8	8.0	shoulders	1.9010451674946502	1.9108516481256697	4
rg03_theta12p490_foilpm8	8.0	shoulders	1.9108516481256697	1.920658128756689	1
rg03_theta12p490_foilpm8	8.0	shoulders	1.920658128756689	1.9304646093877085	0
rg03_theta12p490_foilpm8	8.0	shoulders	1.9304646093877085	1.9402710900187279	0
rg03_theta12p490_foilpm8	8.0	unsupported	0.9596230269167847	0.9694295075478041	0
rg03_theta12p490_foilpm8	8.0	unsupported	0.9694295075478041	0.9792359881788235	0
rg03_theta12p490_foilpm8	8.0	unsupported	0.9792359881788235	0.989042468809843	0
rg03_theta12p490_foilpm8	8.0	unsupported	0.989042468809843	0.9988489494408624	0
rg03_theta12p490_foilpm8	8.0	unsupported	0.9988489494408624	1.0086554300718817	0
rg03_theta12p490_foilpm8	8.0	unsupported	1.0086554300718817	1.0184619107029014	0
rg03_theta12p490_foilpm8	8.0	unsupported	1.0184619107029014	1.0282683913339208	0
rg03_theta12p490_foilpm8	8.0	unsupported	1.0282683913339208	1.0380748719649402	1
rg03_theta12p490_foilpm8	8.0	unsupported	1.0380748719649402	1.0478813525959596	1
rg03_theta12p490_foilpm8	8.0	unsupported	1.0478813525959596	1.057687833226979	0
rg03_theta12p490_foilpm8	8.0	unsupported	1.057687833226979	1.0674943138579984	1
rg03_theta12p490_foilpm8	8.0	unsupported	1.0674943138579984	1.0773007944890178	0
rg03_theta12p490_foilpm8	8.0	unsupported	1.0773007944890178	1.0871072751200372	0
rg03_theta12p490_foilpm8	8.0	unsupported	1.0871072751200372	1.0969137557510567	1
rg03_theta12p490_foilpm8	8.0	unsupported	1.0969137557510567	1.1067202363820763	1
rg03_theta12p490_foilpm8	8.0	unsupported	1.1067202363820763	1.1165267170130957	1
rg03_theta12p490_foilpm8	8.0	unsupported	1.1165267170130957	1.126333197644115	1
rg03_theta12p490_foilpm8	8.0	unsupported	1.126333197644115	1.1361396782751345	2
rg03_theta12p490_foilpm8	8.0	unsupported	1.1361396782751345	1.145946158906154	0
rg03_theta12p490_foilpm8	8.0	unsupported	1.145946158906154	1.1557526395371733	1
rg03_theta12p490_foilpm8	8.0	unsupported	1.1557526395371733	1.1655591201681927	0
rg03_theta12p490_foilpm8	8.0	unsupported	1.1655591201681927	1.1753656007992122	0
rg03_theta12p490_foilpm8	8.0	unsupported	1.1753656007992122	1.1851720814302316	0
rg03_theta12p490_foilpm8	8.0	unsupported	1.1851720814302316	1.1949785620612512	1
rg03_theta12p490_foilpm8	8.0	unsupported	1.1949785620612512	1.2047850426922704	0
rg03_theta12p490_foilpm8	8.0	unsupported	1.2047850426922704	1.21459152332329	1
rg03_theta12p490_foilpm8	8.0	unsupported	1.21459152332329	1.2243980039543094	0
rg03_theta12p490_foilpm8	8.0	unsupported	1.2243980039543094	1.2342044845853288	0
rg03_theta12p490_foilpm8	8.0	unsupported	1.2342044845853288	1.2440109652163482	0
rg03_theta12p490_foilpm8	8.0	unsupported	1.2440109652163482	1.2538174458473677	4
rg03_theta12p490_foilpm8	8.0	unsupported	1.2538174458473677	1.263623926478387	0
rg03_theta12p490_foilpm8	8.0	unsupported	1.263623926478387	1.2734304071094065	3
rg03_theta12p490_foilpm8	8.0	unsupported	1.2734304071094065	1.2832368877404259	2
rg03_theta12p490_foilpm8	8.0	unsupported	1.2832368877404259	1.2930433683714453	0
rg03_theta12p490_foilpm8	8.0	unsupported	1.2930433683714453	1.302849849002465	1
rg03_theta12p490_foilpm8	8.0	unsupported	1.302849849002465	1.3126563296334843	1
rg03_theta12p490_foilpm8	8.0	unsupported	1.3126563296334843	1.3224628102645037	1
rg03_theta12p490_foilpm8	8.0	unsupported	1.3224628102645037	1.3322692908955232	2
rg03_theta12p490_foilpm8	8.0	unsupported	1.3322692908955232	1.3420757715265426	2
rg03_theta12p490_foilpm8	8.0	unsupported	1.3420757715265426	1.351882252157562	2
rg03_theta12p490_foilpm8	8.0	unsupported	1.351882252157562	1.3616887327885814	2
rg03_theta12p490_foilpm8	8.0	unsupported	1.3616887327885814	1.3714952134196008	2
rg03_theta12p490_foilpm8	8.0	unsupported	1.3714952134196008	1.3813016940506202	1
rg03_theta12p490_foilpm8	8.0	unsupported	1.3813016940506202	1.3911081746816398	2
rg03_theta12p490_foilpm8	8.0	unsupported	1.3911081746816398	1.400914655312659	3
rg03_theta12p490_foilpm8	8.0	unsupported	1.400914655312659	1.4107211359436787	1
rg03_theta12p490_foilpm8	8.0	unsupported	1.4107211359436787	1.420527616574698	5
rg03_theta12p490_foilpm8	8.0	unsupported	1.420527616574698	1.4303340972057175	5
rg03_theta12p490_foilpm8	8.0	unsupported	1.4303340972057175	1.4401405778367369	3
rg03_theta12p490_foilpm8	8.0	unsupported	1.4401405778367369	1.4499470584677563	4
rg03_theta12p490_foilpm8	8.0	unsupported	1.4499470584677563	1.4597535390987757	1
rg03_theta12p490_foilpm8	8.0	unsupported	1.4597535390987757	1.469560019729795	3
rg03_theta12p490_foilpm8	8.0	unsupported	1.469560019729795	1.4793665003608147	2
rg03_theta12p490_foilpm8	8.0	unsupported	1.4793665003608147	1.489172980991834	5
rg03_theta12p490_foilpm8	8.0	unsupported	1.489172980991834	1.4989794616228536	4
rg03_theta12p490_foilpm8	8.0	unsupported	1.4989794616228536	1.5087859422538727	1
rg03_theta12p490_foilpm8	8.0	unsupported	1.5087859422538727	1.5185924228848924	0
rg03_theta12p490_foilpm8	8.0	unsupported	1.5185924228848924	1.5283989035159118	4
rg03_theta12p490_foilpm8	8.0	unsupported	1.5283989035159118	1.5382053841469312	5
rg03_theta12p490_foilpm8	8.0	unsupported	1.5382053841469312	1.5480118647779506	2
rg03_theta12p490_foilpm8	8.0	unsupported	1.5480118647779506	1.55781834540897	2
rg03_theta12p490_foilpm8	8.0	unsupported	1.55781834540897	1.5676248260399896	2
rg03_theta12p490_foilpm8	8.0	unsupported	1.5676248260399896	1.5774313066710088	1
rg03_theta12p490_foilpm8	8.0	unsupported	1.5774313066710088	1.5872377873020285	1
rg03_theta12p490_foilpm8	8.0	unsupported	1.5872377873020285	1.5970442679330477	2
rg03_theta12p490_foilpm8	8.0	unsupported	1.5970442679330477	1.6068507485640673	2
rg03_theta12p490_foilpm8	8.0	unsupported	1.6068507485640673	1.6166572291950867	1
rg03_theta12p490_foilpm8	8.0	unsupported	1.6166572291950867	1.626463709826106	0
rg03_theta12p490_foilpm8	8.0	unsupported	1.626463709826106	1.6362701904571255	4
rg03_theta12p490_foilpm8	8.0	unsupported	1.6362701904571255	1.646076671088145	1
rg03_theta12p490_foilpm8	8.0	unsupported	1.646076671088145	1.6558831517191643	2
rg03_theta12p490_foilpm8	8.0	unsupported	1.6558831517191643	1.6656896323501837	2
rg03_theta12p490_foilpm8	8.0	unsupported	1.6656896323501837	1.6754961129812034	3
rg03_theta12p490_foilpm8	8.0	unsupported	1.6754961129812034	1.6853025936122226	1
rg03_theta12p490_foilpm8	8.0	unsupported	1.6853025936122226	1.6951090742432422	4
rg03_theta12p490_foilpm8	8.0	unsupported	1.6951090742432422	1.7049155548742614	3
rg03_theta12p490_foilpm8	8.0	unsupported	1.7049155548742614	1.714722035505281	4
rg03_theta12p490_foilpm8	8.0	unsupported	1.714722035505281	1.7245285161363004	2
rg03_theta12p490_foilpm8	8.0	unsupported	1.7245285161363004	1.7343349967673198	2
rg03_theta12p490_foilpm8	8.0	unsupported	1.7343349967673198	1.7441414773983392	5
rg03_theta12p490_foilpm8	8.0	unsupported	1.7441414773983392	1.7539479580293587	4
rg03_theta12p490_foilpm8	8.0	unsupported	1.7539479580293587	1.7637544386603783	4
rg03_theta12p490_foilpm8	8.0	unsupported	1.7637544386603783	1.7735609192913975	3
rg03_theta12p490_foilpm8	8.0	unsupported	1.7735609192913975	1.783367399922417	0
rg03_theta12p490_foilpm8	8.0	unsupported	1.783367399922417	1.7931738805534363	1
rg03_theta12p490_foilpm8	8.0	unsupported	1.7931738805534363	1.802980361184456	3
rg03_theta12p490_foilpm8	8.0	unsupported	1.802980361184456	1.8127868418154753	1
rg03_theta12p490_foilpm8	8.0	unsupported	1.8127868418154753	1.8225933224464947	0
rg03_theta12p490_foilpm8	8.0	unsupported	1.8225933224464947	1.8323998030775142	1
rg03_theta12p490_foilpm8	8.0	unsupported	1.8323998030775142	1.8422062837085336	1
rg03_theta12p490_foilpm8	8.0	unsupported	1.8422062837085336	1.852012764339553	2
rg03_theta12p490_foilpm8	8.0	unsupported	1.852012764339553	1.8618192449705724	0
rg03_theta12p490_foilpm8	8.0	unsupported	1.8618192449705724	1.871625725601592	3
rg03_theta12p490_foilpm8	8.0	unsupported	1.871625725601592	1.8814322062326112	1
rg03_theta12p490_foilpm8	8.0	unsupported	1.8814322062326112	1.8912386868636308	0
rg03_theta12p490_foilpm8	8.0	unsupported	1.8912386868636308	1.9010451674946502	1
rg03_theta12p490_foilpm8	8.0	unsupported	1.9010451674946502	1.9108516481256697	0
rg03_theta12p490_foilpm8	8.0	unsupported	1.9108516481256697	1.920658128756689	0
rg03_theta12p490_foilpm8	8.0	unsupported	1.920658128756689	1.9304646093877085	0
rg03_theta12p490_foilpm8	8.0	unsupported	1.9304646093877085	1.9402710900187279	0
rg03_theta12p490_foilpm8	8.0	out_of_core	0.9596230269167847	0.9694295075478041	0
rg03_theta12p490_foilpm8	8.0	out_of_core	0.9694295075478041	0.9792359881788235	0
rg03_theta12p490_foilpm8	8.0	out_of_core	0.9792359881788235	0.989042468809843	3
rg03_theta12p490_foilpm8	8.0	out_of_core	0.989042468809843	0.9988489494408624	5
rg03_theta12p490_foilpm8	8.0	out_of_core	0.9988489494408624	1.0086554300718817	2
rg03_theta12p490_foilpm8	8.0	out_of_core	1.0086554300718817	1.0184619107029014	9
rg03_theta12p490_foilpm8	8.0	out_of_core	1.0184619107029014	1.0282683913339208	10
rg03_theta12p490_foilpm8	8.0	out_of_core	1.0282683913339208	1.0380748719649402	18
rg03_theta12p490_foilpm8	8.0	out_of_core	1.0380748719649402	1.0478813525959596	15
rg03_theta12p490_foilpm8	8.0	out_of_core	1.0478813525959596	1.057687833226979	9
rg03_theta12p490_foilpm8	8.0	out_of_core	1.057687833226979	1.0674943138579984	21
rg03_theta12p490_foilpm8	8.0	out_of_core	1.0674943138579984	1.0773007944890178	26
rg03_theta12p490_foilpm8	8.0	out_of_core	1.0773007944890178	1.0871072751200372	18
rg03_theta12p490_foilpm8	8.0	out_of_core	1.0871072751200372	1.0969137557510567	18
rg03_theta12p490_foilpm8	8.0	out_of_core	1.0969137557510567	1.1067202363820763	29
rg03_theta12p490_foilpm8	8.0	out_of_core	1.1067202363820763	1.1165267170130957	24
rg03_theta12p490_foilpm8	8.0	out_of_core	1.1165267170130957	1.126333197644115	31
rg03_theta12p490_foilpm8	8.0	out_of_core	1.126333197644115	1.1361396782751345	30
rg03_theta12p490_foilpm8	8.0	out_of_core	1.1361396782751345	1.145946158906154	29
rg03_theta12p490_foilpm8	8.0	out_of_core	1.145946158906154	1.1557526395371733	41
rg03_theta12p490_foilpm8	8.0	out_of_core	1.1557526395371733	1.1655591201681927	40
rg03_theta12p490_foilpm8	8.0	out_of_core	1.1655591201681927	1.1753656007992122	61
rg03_theta12p490_foilpm8	8.0	out_of_core	1.1753656007992122	1.1851720814302316	41
rg03_theta12p490_foilpm8	8.0	out_of_core	1.1851720814302316	1.1949785620612512	55
rg03_theta12p490_foilpm8	8.0	out_of_core	1.1949785620612512	1.2047850426922704	80
rg03_theta12p490_foilpm8	8.0	out_of_core	1.2047850426922704	1.21459152332329	72
rg03_theta12p490_foilpm8	8.0	out_of_core	1.21459152332329	1.2243980039543094	85
rg03_theta12p490_foilpm8	8.0	out_of_core	1.2243980039543094	1.2342044845853288	79
rg03_theta12p490_foilpm8	8.0	out_of_core	1.2342044845853288	1.2440109652163482	78
rg03_theta12p490_foilpm8	8.0	out_of_core	1.2440109652163482	1.2538174458473677	91
rg03_theta12p490_foilpm8	8.0	out_of_core	1.2538174458473677	1.263623926478387	104
rg03_theta12p490_foilpm8	8.0	out_of_core	1.263623926478387	1.2734304071094065	103
rg03_theta12p490_foilpm8	8.0	out_of_core	1.2734304071094065	1.2832368877404259	107
rg03_theta12p490_foilpm8	8.0	out_of_core	1.2832368877404259	1.2930433683714453	117
rg03_theta12p490_foilpm8	8.0	out_of_core	1.2930433683714453	1.302849849002465	113
rg03_theta12p490_foilpm8	8.0	out_of_core	1.302849849002465	1.3126563296334843	117
rg03_theta12p490_foilpm8	8.0	out_of_core	1.3126563296334843	1.3224628102645037	132
rg03_theta12p490_foilpm8	8.0	out_of_core	1.3224628102645037	1.3322692908955232	126
rg03_theta12p490_foilpm8	8.0	out_of_core	1.3322692908955232	1.3420757715265426	108
rg03_theta12p490_foilpm8	8.0	out_of_core	1.3420757715265426	1.351882252157562	119
rg03_theta12p490_foilpm8	8.0	out_of_core	1.351882252157562	1.3616887327885814	163
rg03_theta12p490_foilpm8	8.0	out_of_core	1.3616887327885814	1.3714952134196008	146
rg03_theta12p490_foilpm8	8.0	out_of_core	1.3714952134196008	1.3813016940506202	122
rg03_theta12p490_foilpm8	8.0	out_of_core	1.3813016940506202	1.3911081746816398	142
rg03_theta12p490_foilpm8	8.0	out_of_core	1.3911081746816398	1.400914655312659	154
rg03_theta12p490_foilpm8	8.0	out_of_core	1.400914655312659	1.4107211359436787	161
rg03_theta12p490_foilpm8	8.0	out_of_core	1.4107211359436787	1.420527616574698	161
rg03_theta12p490_foilpm8	8.0	out_of_core	1.420527616574698	1.4303340972057175	137
rg03_theta12p490_foilpm8	8.0	out_of_core	1.4303340972057175	1.4401405778367369	131
rg03_theta12p490_foilpm8	8.0	out_of_core	1.4401405778367369	1.4499470584677563	167
rg03_theta12p490_foilpm8	8.0	out_of_core	1.4499470584677563	1.4597535390987757	156
rg03_theta12p490_foilpm8	8.0	out_of_core	1.4597535390987757	1.469560019729795	154
rg03_theta12p490_foilpm8	8.0	out_of_core	1.469560019729795	1.4793665003608147	165
rg03_theta12p490_foilpm8	8.0	out_of_core	1.4793665003608147	1.489172980991834	166
rg03_theta12p490_foilpm8	8.0	out_of_core	1.489172980991834	1.4989794616228536	148
rg03_theta12p490_foilpm8	8.0	out_of_core	1.4989794616228536	1.5087859422538727	156
rg03_theta12p490_foilpm8	8.0	out_of_core	1.5087859422538727	1.5185924228848924	160
rg03_theta12p490_foilpm8	8.0	out_of_core	1.5185924228848924	1.5283989035159118	176
rg03_theta12p490_foilpm8	8.0	out_of_core	1.5283989035159118	1.5382053841469312	144
rg03_theta12p490_foilpm8	8.0	out_of_core	1.5382053841469312	1.5480118647779506	179
rg03_theta12p490_foilpm8	8.0	out_of_core	1.5480118647779506	1.55781834540897	142
rg03_theta12p490_foilpm8	8.0	out_of_core	1.55781834540897	1.5676248260399896	172
rg03_theta12p490_foilpm8	8.0	out_of_core	1.5676248260399896	1.5774313066710088	144
rg03_theta12p490_foilpm8	8.0	out_of_core	1.5774313066710088	1.5872377873020285	140
rg03_theta12p490_foilpm8	8.0	out_of_core	1.5872377873020285	1.5970442679330477	148
rg03_theta12p490_foilpm8	8.0	out_of_core	1.5970442679330477	1.6068507485640673	141
rg03_theta12p490_foilpm8	8.0	out_of_core	1.6068507485640673	1.6166572291950867	149
rg03_theta12p490_foilpm8	8.0	out_of_core	1.6166572291950867	1.626463709826106	128
rg03_theta12p490_foilpm8	8.0	out_of_core	1.626463709826106	1.6362701904571255	123
rg03_theta12p490_foilpm8	8.0	out_of_core	1.6362701904571255	1.646076671088145	169
rg03_theta12p490_foilpm8	8.0	out_of_core	1.646076671088145	1.6558831517191643	131
rg03_theta12p490_foilpm8	8.0	out_of_core	1.6558831517191643	1.6656896323501837	134
rg03_theta12p490_foilpm8	8.0	out_of_core	1.6656896323501837	1.6754961129812034	110
rg03_theta12p490_foilpm8	8.0	out_of_core	1.6754961129812034	1.6853025936122226	129
rg03_theta12p490_foilpm8	8.0	out_of_core	1.6853025936122226	1.6951090742432422	131
rg03_theta12p490_foilpm8	8.0	out_of_core	1.6951090742432422	1.7049155548742614	114
rg03_theta12p490_foilpm8	8.0	out_of_core	1.7049155548742614	1.714722035505281	116
rg03_theta12p490_foilpm8	8.0	out_of_core	1.714722035505281	1.7245285161363004	103
rg03_theta12p490_foilpm8	8.0	out_of_core	1.7245285161363004	1.7343349967673198	91
rg03_theta12p490_foilpm8	8.0	out_of_core	1.7343349967673198	1.7441414773983392	111
rg03_theta12p490_foilpm8	8.0	out_of_core	1.7441414773983392	1.7539479580293587	105
rg03_theta12p490_foilpm8	8.0	out_of_core	1.7539479580293587	1.7637544386603783	98
rg03_theta12p490_foilpm8	8.0	out_of_core	1.7637544386603783	1.7735609192913975	87
rg03_theta12p490_foilpm8	8.0	out_of_core	1.7735609192913975	1.783367399922417	92
rg03_theta12p490_foilpm8	8.0	out_of_core	1.783367399922417	1.7931738805534363	89
rg03_theta12p490_foilpm8	8.0	out_of_core	1.7931738805534363	1.802980361184456	60
rg03_theta12p490_foilpm8	8.0	out_of_core	1.802980361184456	1.8127868418154753	52
rg03_theta12p490_foilpm8	8.0	out_of_core	1.8127868418154753	1.8225933224464947	43
rg03_theta12p490_foilpm8	8.0	out_of_core	1.8225933224464947	1.8323998030775142	46
rg03_theta12p490_foilpm8	8.0	out_of_core	1.8323998030775142	1.8422062837085336	31
rg03_theta12p490_foilpm8	8.0	out_of_core	1.8422062837085336	1.852012764339553	29
rg03_theta12p490_foilpm8	8.0	out_of_core	1.852012764339553	1.8618192449705724	14
rg03_theta12p490_foilpm8	8.0	out_of_core	1.8618192449705724	1.871625725601592	41
rg03_theta12p490_foilpm8	8.0	out_of_core	1.871625725601592	1.8814322062326112	19
rg03_theta12p490_foilpm8	8.0	out_of_core	1.8814322062326112	1.8912386868636308	17
rg03_theta12p490_foilpm8	8.0	out_of_core	1.8912386868636308	1.9010451674946502	8
rg03_theta12p490_foilpm8	8.0	out_of_core	1.9010451674946502	1.9108516481256697	4
rg03_theta12p490_foilpm8	8.0	out_of_core	1.9108516481256697	1.920658128756689	1
rg03_theta12p490_foilpm8	8.0	out_of_core	1.920658128756689	1.9304646093877085	0
rg03_theta12p490_foilpm8	8.0	out_of_core	1.9304646093877085	1.9402710900187279	0
rg04_theta15p195_foilpm3	-3.0	dense_half	-1.327694544775234	-1.3191302773121225	0
rg04_theta15p195_foilpm3	-3.0	dense_half	-1.3191302773121225	-1.310566009849011	1
rg04_theta15p195_foilpm3	-3.0	dense_half	-1.310566009849011	-1.3020017423858998	2
rg04_theta15p195_foilpm3	-3.0	dense_half	-1.3020017423858998	-1.2934374749227884	5
rg04_theta15p195_foilpm3	-3.0	dense_half	-1.2934374749227884	-1.284873207459677	3
rg04_theta15p195_foilpm3	-3.0	dense_half	-1.284873207459677	-1.2763089399965655	7
rg04_theta15p195_foilpm3	-3.0	dense_half	-1.2763089399965655	-1.267744672533454	13
rg04_theta15p195_foilpm3	-3.0	dense_half	-1.267744672533454	-1.2591804050703428	10
rg04_theta15p195_foilpm3	-3.0	dense_half	-1.2591804050703428	-1.2506161376072313	9
rg04_theta15p195_foilpm3	-3.0	dense_half	-1.2506161376072313	-1.2420518701441199	16
rg04_theta15p195_foilpm3	-3.0	dense_half	-1.2420518701441199	-1.2334876026810084	13
rg04_theta15p195_foilpm3	-3.0	dense_half	-1.2334876026810084	-1.224923335217897	17
rg04_theta15p195_foilpm3	-3.0	dense_half	-1.224923335217897	-1.2163590677547857	19
rg04_theta15p195_foilpm3	-3.0	dense_half	-1.2163590677547857	-1.2077948002916743	29
rg04_theta15p195_foilpm3	-3.0	dense_half	-1.2077948002916743	-1.1992305328285628	29
rg04_theta15p195_foilpm3	-3.0	dense_half	-1.1992305328285628	-1.1906662653654514	31
rg04_theta15p195_foilpm3	-3.0	dense_half	-1.1906662653654514	-1.1821019979023402	40
rg04_theta15p195_foilpm3	-3.0	dense_half	-1.1821019979023402	-1.1735377304392287	32
rg04_theta15p195_foilpm3	-3.0	dense_half	-1.1735377304392287	-1.1649734629761173	58
rg04_theta15p195_foilpm3	-3.0	dense_half	-1.1649734629761173	-1.1564091955130058	51
rg04_theta15p195_foilpm3	-3.0	dense_half	-1.1564091955130058	-1.1478449280498944	64
rg04_theta15p195_foilpm3	-3.0	dense_half	-1.1478449280498944	-1.139280660586783	81
rg04_theta15p195_foilpm3	-3.0	dense_half	-1.139280660586783	-1.1307163931236717	51
rg04_theta15p195_foilpm3	-3.0	dense_half	-1.1307163931236717	-1.1221521256605602	80
rg04_theta15p195_foilpm3	-3.0	dense_half	-1.1221521256605602	-1.1135878581974488	71
rg04_theta15p195_foilpm3	-3.0	dense_half	-1.1135878581974488	-1.1050235907343373	95
rg04_theta15p195_foilpm3	-3.0	dense_half	-1.1050235907343373	-1.096459323271226	84
rg04_theta15p195_foilpm3	-3.0	dense_half	-1.096459323271226	-1.0878950558081146	77
rg04_theta15p195_foilpm3	-3.0	dense_half	-1.0878950558081146	-1.0793307883450032	96
rg04_theta15p195_foilpm3	-3.0	dense_half	-1.0793307883450032	-1.0707665208818917	87
rg04_theta15p195_foilpm3	-3.0	dense_half	-1.0707665208818917	-1.0622022534187803	111
rg04_theta15p195_foilpm3	-3.0	dense_half	-1.0622022534187803	-1.0536379859556688	97
rg04_theta15p195_foilpm3	-3.0	dense_half	-1.0536379859556688	-1.0450737184925576	125
rg04_theta15p195_foilpm3	-3.0	dense_half	-1.0450737184925576	-1.0365094510294461	117
rg04_theta15p195_foilpm3	-3.0	dense_half	-1.0365094510294461	-1.0279451835663347	104
rg04_theta15p195_foilpm3	-3.0	dense_half	-1.0279451835663347	-1.0193809161032232	106
rg04_theta15p195_foilpm3	-3.0	dense_half	-1.0193809161032232	-1.010816648640112	112
rg04_theta15p195_foilpm3	-3.0	dense_half	-1.010816648640112	-1.0022523811770006	106
rg04_theta15p195_foilpm3	-3.0	dense_half	-1.0022523811770006	-0.9936881137138891	112
rg04_theta15p195_foilpm3	-3.0	dense_half	-0.9936881137138891	-0.9851238462507776	114
rg04_theta15p195_foilpm3	-3.0	dense_half	-0.9851238462507776	-0.9765595787876662	125
rg04_theta15p195_foilpm3	-3.0	dense_half	-0.9765595787876662	-0.9679953113245549	113
rg04_theta15p195_foilpm3	-3.0	dense_half	-0.9679953113245549	-0.9594310438614435	92
rg04_theta15p195_foilpm3	-3.0	dense_half	-0.9594310438614435	-0.9508667763983321	105
rg04_theta15p195_foilpm3	-3.0	dense_half	-0.9508667763983321	-0.9423025089352206	125
rg04_theta15p195_foilpm3	-3.0	dense_half	-0.9423025089352206	-0.9337382414721092	113
rg04_theta15p195_foilpm3	-3.0	dense_half	-0.9337382414721092	-0.9251739740089978	100
rg04_theta15p195_foilpm3	-3.0	dense_half	-0.9251739740089978	-0.9166097065458865	100
rg04_theta15p195_foilpm3	-3.0	dense_half	-0.9166097065458865	-0.908045439082775	107
rg04_theta15p195_foilpm3	-3.0	dense_half	-0.908045439082775	-0.8994811716196636	82
rg04_theta15p195_foilpm3	-3.0	dense_half	-0.8994811716196636	-0.8909169041565521	90
rg04_theta15p195_foilpm3	-3.0	dense_half	-0.8909169041565521	-0.8823526366934408	96
rg04_theta15p195_foilpm3	-3.0	dense_half	-0.8823526366934408	-0.8737883692303294	71
rg04_theta15p195_foilpm3	-3.0	dense_half	-0.8737883692303294	-0.865224101767218	90
rg04_theta15p195_foilpm3	-3.0	dense_half	-0.865224101767218	-0.8566598343041065	80
rg04_theta15p195_foilpm3	-3.0	dense_half	-0.8566598343041065	-0.8480955668409952	80
rg04_theta15p195_foilpm3	-3.0	dense_half	-0.8480955668409952	-0.8395312993778837	76
rg04_theta15p195_foilpm3	-3.0	dense_half	-0.8395312993778837	-0.8309670319147724	66
rg04_theta15p195_foilpm3	-3.0	dense_half	-0.8309670319147724	-0.8224027644516609	62
rg04_theta15p195_foilpm3	-3.0	dense_half	-0.8224027644516609	-0.8138384969885495	52
rg04_theta15p195_foilpm3	-3.0	dense_half	-0.8138384969885495	-0.8052742295254381	47
rg04_theta15p195_foilpm3	-3.0	dense_half	-0.8052742295254381	-0.7967099620623267	44
rg04_theta15p195_foilpm3	-3.0	dense_half	-0.7967099620623267	-0.7881456945992154	36
rg04_theta15p195_foilpm3	-3.0	dense_half	-0.7881456945992154	-0.7795814271361039	40
rg04_theta15p195_foilpm3	-3.0	dense_half	-0.7795814271361039	-0.7710171596729924	33
rg04_theta15p195_foilpm3	-3.0	dense_half	-0.7710171596729924	-0.7624528922098811	31
rg04_theta15p195_foilpm3	-3.0	dense_half	-0.7624528922098811	-0.7538886247467697	36
rg04_theta15p195_foilpm3	-3.0	dense_half	-0.7538886247467697	-0.7453243572836583	39
rg04_theta15p195_foilpm3	-3.0	dense_half	-0.7453243572836583	-0.7367600898205469	25
rg04_theta15p195_foilpm3	-3.0	dense_half	-0.7367600898205469	-0.7281958223574354	21
rg04_theta15p195_foilpm3	-3.0	dense_half	-0.7281958223574354	-0.7196315548943241	28
rg04_theta15p195_foilpm3	-3.0	dense_half	-0.7196315548943241	-0.7110672874312126	17
rg04_theta15p195_foilpm3	-3.0	dense_half	-0.7110672874312126	-0.7025030199681013	21
rg04_theta15p195_foilpm3	-3.0	dense_half	-0.7025030199681013	-0.6939387525049898	23
rg04_theta15p195_foilpm3	-3.0	dense_half	-0.6939387525049898	-0.6853744850418784	24
rg04_theta15p195_foilpm3	-3.0	dense_half	-0.6853744850418784	-0.676810217578767	19
rg04_theta15p195_foilpm3	-3.0	dense_half	-0.676810217578767	-0.6682459501156556	9
rg04_theta15p195_foilpm3	-3.0	dense_half	-0.6682459501156556	-0.6596816826525442	10
rg04_theta15p195_foilpm3	-3.0	dense_half	-0.6596816826525442	-0.6511174151894328	10
rg04_theta15p195_foilpm3	-3.0	dense_half	-0.6511174151894328	-0.6425531477263213	13
rg04_theta15p195_foilpm3	-3.0	dense_half	-0.6425531477263213	-0.63398888026321	9
rg04_theta15p195_foilpm3	-3.0	dense_half	-0.63398888026321	-0.6254246128000985	7
rg04_theta15p195_foilpm3	-3.0	dense_half	-0.6254246128000985	-0.6168603453369872	6
rg04_theta15p195_foilpm3	-3.0	dense_half	-0.6168603453369872	-0.6082960778738757	13
rg04_theta15p195_foilpm3	-3.0	dense_half	-0.6082960778738757	-0.5997318104107644	4
rg04_theta15p195_foilpm3	-3.0	dense_half	-0.5997318104107644	-0.591167542947653	6
rg04_theta15p195_foilpm3	-3.0	dense_half	-0.591167542947653	-0.5826032754845415	1
rg04_theta15p195_foilpm3	-3.0	dense_half	-0.5826032754845415	-0.5740390080214302	6
rg04_theta15p195_foilpm3	-3.0	dense_half	-0.5740390080214302	-0.5654747405583187	5
rg04_theta15p195_foilpm3	-3.0	dense_half	-0.5654747405583187	-0.5569104730952074	4
rg04_theta15p195_foilpm3	-3.0	dense_half	-0.5569104730952074	-0.5483462056320959	4
rg04_theta15p195_foilpm3	-3.0	dense_half	-0.5483462056320959	-0.5397819381689845	5
rg04_theta15p195_foilpm3	-3.0	dense_half	-0.5397819381689845	-0.5312176707058731	3
rg04_theta15p195_foilpm3	-3.0	dense_half	-0.5312176707058731	-0.5226534032427617	2
rg04_theta15p195_foilpm3	-3.0	dense_half	-0.5226534032427617	-0.5140891357796503	4
rg04_theta15p195_foilpm3	-3.0	dense_half	-0.5140891357796503	-0.5055248683165389	1
rg04_theta15p195_foilpm3	-3.0	dense_half	-0.5055248683165389	-0.4969606008534274	3
rg04_theta15p195_foilpm3	-3.0	dense_half	-0.4969606008534274	-0.4883963333903161	2
rg04_theta15p195_foilpm3	-3.0	dense_half	-0.4883963333903161	-0.4798320659272046	0
rg04_theta15p195_foilpm3	-3.0	dense_half	-0.4798320659272046	-0.4712677984640933	0
rg04_theta15p195_foilpm3	-3.0	outer_core	-1.327694544775234	-1.3191302773121225	0
rg04_theta15p195_foilpm3	-3.0	outer_core	-1.3191302773121225	-1.310566009849011	0
rg04_theta15p195_foilpm3	-3.0	outer_core	-1.310566009849011	-1.3020017423858998	2
rg04_theta15p195_foilpm3	-3.0	outer_core	-1.3020017423858998	-1.2934374749227884	2
rg04_theta15p195_foilpm3	-3.0	outer_core	-1.2934374749227884	-1.284873207459677	4
rg04_theta15p195_foilpm3	-3.0	outer_core	-1.284873207459677	-1.2763089399965655	3
rg04_theta15p195_foilpm3	-3.0	outer_core	-1.2763089399965655	-1.267744672533454	7
rg04_theta15p195_foilpm3	-3.0	outer_core	-1.267744672533454	-1.2591804050703428	4
rg04_theta15p195_foilpm3	-3.0	outer_core	-1.2591804050703428	-1.2506161376072313	18
rg04_theta15p195_foilpm3	-3.0	outer_core	-1.2506161376072313	-1.2420518701441199	12
rg04_theta15p195_foilpm3	-3.0	outer_core	-1.2420518701441199	-1.2334876026810084	16
rg04_theta15p195_foilpm3	-3.0	outer_core	-1.2334876026810084	-1.224923335217897	14
rg04_theta15p195_foilpm3	-3.0	outer_core	-1.224923335217897	-1.2163590677547857	29
rg04_theta15p195_foilpm3	-3.0	outer_core	-1.2163590677547857	-1.2077948002916743	35
rg04_theta15p195_foilpm3	-3.0	outer_core	-1.2077948002916743	-1.1992305328285628	25
rg04_theta15p195_foilpm3	-3.0	outer_core	-1.1992305328285628	-1.1906662653654514	33
rg04_theta15p195_foilpm3	-3.0	outer_core	-1.1906662653654514	-1.1821019979023402	40
rg04_theta15p195_foilpm3	-3.0	outer_core	-1.1821019979023402	-1.1735377304392287	39
rg04_theta15p195_foilpm3	-3.0	outer_core	-1.1735377304392287	-1.1649734629761173	56
rg04_theta15p195_foilpm3	-3.0	outer_core	-1.1649734629761173	-1.1564091955130058	59
rg04_theta15p195_foilpm3	-3.0	outer_core	-1.1564091955130058	-1.1478449280498944	60
rg04_theta15p195_foilpm3	-3.0	outer_core	-1.1478449280498944	-1.139280660586783	69
rg04_theta15p195_foilpm3	-3.0	outer_core	-1.139280660586783	-1.1307163931236717	74
rg04_theta15p195_foilpm3	-3.0	outer_core	-1.1307163931236717	-1.1221521256605602	72
rg04_theta15p195_foilpm3	-3.0	outer_core	-1.1221521256605602	-1.1135878581974488	87
rg04_theta15p195_foilpm3	-3.0	outer_core	-1.1135878581974488	-1.1050235907343373	72
rg04_theta15p195_foilpm3	-3.0	outer_core	-1.1050235907343373	-1.096459323271226	78
rg04_theta15p195_foilpm3	-3.0	outer_core	-1.096459323271226	-1.0878950558081146	83
rg04_theta15p195_foilpm3	-3.0	outer_core	-1.0878950558081146	-1.0793307883450032	86
rg04_theta15p195_foilpm3	-3.0	outer_core	-1.0793307883450032	-1.0707665208818917	97
rg04_theta15p195_foilpm3	-3.0	outer_core	-1.0707665208818917	-1.0622022534187803	108
rg04_theta15p195_foilpm3	-3.0	outer_core	-1.0622022534187803	-1.0536379859556688	112
rg04_theta15p195_foilpm3	-3.0	outer_core	-1.0536379859556688	-1.0450737184925576	107
rg04_theta15p195_foilpm3	-3.0	outer_core	-1.0450737184925576	-1.0365094510294461	84
rg04_theta15p195_foilpm3	-3.0	outer_core	-1.0365094510294461	-1.0279451835663347	102
rg04_theta15p195_foilpm3	-3.0	outer_core	-1.0279451835663347	-1.0193809161032232	103
rg04_theta15p195_foilpm3	-3.0	outer_core	-1.0193809161032232	-1.010816648640112	111
rg04_theta15p195_foilpm3	-3.0	outer_core	-1.010816648640112	-1.0022523811770006	104
rg04_theta15p195_foilpm3	-3.0	outer_core	-1.0022523811770006	-0.9936881137138891	111
rg04_theta15p195_foilpm3	-3.0	outer_core	-0.9936881137138891	-0.9851238462507776	121
rg04_theta15p195_foilpm3	-3.0	outer_core	-0.9851238462507776	-0.9765595787876662	125
rg04_theta15p195_foilpm3	-3.0	outer_core	-0.9765595787876662	-0.9679953113245549	115
rg04_theta15p195_foilpm3	-3.0	outer_core	-0.9679953113245549	-0.9594310438614435	100
rg04_theta15p195_foilpm3	-3.0	outer_core	-0.9594310438614435	-0.9508667763983321	103
rg04_theta15p195_foilpm3	-3.0	outer_core	-0.9508667763983321	-0.9423025089352206	96
rg04_theta15p195_foilpm3	-3.0	outer_core	-0.9423025089352206	-0.9337382414721092	93
rg04_theta15p195_foilpm3	-3.0	outer_core	-0.9337382414721092	-0.9251739740089978	94
rg04_theta15p195_foilpm3	-3.0	outer_core	-0.9251739740089978	-0.9166097065458865	102
rg04_theta15p195_foilpm3	-3.0	outer_core	-0.9166097065458865	-0.908045439082775	89
rg04_theta15p195_foilpm3	-3.0	outer_core	-0.908045439082775	-0.8994811716196636	91
rg04_theta15p195_foilpm3	-3.0	outer_core	-0.8994811716196636	-0.8909169041565521	96
rg04_theta15p195_foilpm3	-3.0	outer_core	-0.8909169041565521	-0.8823526366934408	100
rg04_theta15p195_foilpm3	-3.0	outer_core	-0.8823526366934408	-0.8737883692303294	80
rg04_theta15p195_foilpm3	-3.0	outer_core	-0.8737883692303294	-0.865224101767218	76
rg04_theta15p195_foilpm3	-3.0	outer_core	-0.865224101767218	-0.8566598343041065	79
rg04_theta15p195_foilpm3	-3.0	outer_core	-0.8566598343041065	-0.8480955668409952	87
rg04_theta15p195_foilpm3	-3.0	outer_core	-0.8480955668409952	-0.8395312993778837	69
rg04_theta15p195_foilpm3	-3.0	outer_core	-0.8395312993778837	-0.8309670319147724	51
rg04_theta15p195_foilpm3	-3.0	outer_core	-0.8309670319147724	-0.8224027644516609	47
rg04_theta15p195_foilpm3	-3.0	outer_core	-0.8224027644516609	-0.8138384969885495	59
rg04_theta15p195_foilpm3	-3.0	outer_core	-0.8138384969885495	-0.8052742295254381	66
rg04_theta15p195_foilpm3	-3.0	outer_core	-0.8052742295254381	-0.7967099620623267	44
rg04_theta15p195_foilpm3	-3.0	outer_core	-0.7967099620623267	-0.7881456945992154	38
rg04_theta15p195_foilpm3	-3.0	outer_core	-0.7881456945992154	-0.7795814271361039	44
rg04_theta15p195_foilpm3	-3.0	outer_core	-0.7795814271361039	-0.7710171596729924	38
rg04_theta15p195_foilpm3	-3.0	outer_core	-0.7710171596729924	-0.7624528922098811	32
rg04_theta15p195_foilpm3	-3.0	outer_core	-0.7624528922098811	-0.7538886247467697	28
rg04_theta15p195_foilpm3	-3.0	outer_core	-0.7538886247467697	-0.7453243572836583	28
rg04_theta15p195_foilpm3	-3.0	outer_core	-0.7453243572836583	-0.7367600898205469	29
rg04_theta15p195_foilpm3	-3.0	outer_core	-0.7367600898205469	-0.7281958223574354	26
rg04_theta15p195_foilpm3	-3.0	outer_core	-0.7281958223574354	-0.7196315548943241	15
rg04_theta15p195_foilpm3	-3.0	outer_core	-0.7196315548943241	-0.7110672874312126	23
rg04_theta15p195_foilpm3	-3.0	outer_core	-0.7110672874312126	-0.7025030199681013	17
rg04_theta15p195_foilpm3	-3.0	outer_core	-0.7025030199681013	-0.6939387525049898	15
rg04_theta15p195_foilpm3	-3.0	outer_core	-0.6939387525049898	-0.6853744850418784	13
rg04_theta15p195_foilpm3	-3.0	outer_core	-0.6853744850418784	-0.676810217578767	17
rg04_theta15p195_foilpm3	-3.0	outer_core	-0.676810217578767	-0.6682459501156556	12
rg04_theta15p195_foilpm3	-3.0	outer_core	-0.6682459501156556	-0.6596816826525442	9
rg04_theta15p195_foilpm3	-3.0	outer_core	-0.6596816826525442	-0.6511174151894328	9
rg04_theta15p195_foilpm3	-3.0	outer_core	-0.6511174151894328	-0.6425531477263213	6
rg04_theta15p195_foilpm3	-3.0	outer_core	-0.6425531477263213	-0.63398888026321	9
rg04_theta15p195_foilpm3	-3.0	outer_core	-0.63398888026321	-0.6254246128000985	16
rg04_theta15p195_foilpm3	-3.0	outer_core	-0.6254246128000985	-0.6168603453369872	6
rg04_theta15p195_foilpm3	-3.0	outer_core	-0.6168603453369872	-0.6082960778738757	8
rg04_theta15p195_foilpm3	-3.0	outer_core	-0.6082960778738757	-0.5997318104107644	7
rg04_theta15p195_foilpm3	-3.0	outer_core	-0.5997318104107644	-0.591167542947653	11
rg04_theta15p195_foilpm3	-3.0	outer_core	-0.591167542947653	-0.5826032754845415	9
rg04_theta15p195_foilpm3	-3.0	outer_core	-0.5826032754845415	-0.5740390080214302	7
rg04_theta15p195_foilpm3	-3.0	outer_core	-0.5740390080214302	-0.5654747405583187	6
rg04_theta15p195_foilpm3	-3.0	outer_core	-0.5654747405583187	-0.5569104730952074	8
rg04_theta15p195_foilpm3	-3.0	outer_core	-0.5569104730952074	-0.5483462056320959	5
rg04_theta15p195_foilpm3	-3.0	outer_core	-0.5483462056320959	-0.5397819381689845	2
rg04_theta15p195_foilpm3	-3.0	outer_core	-0.5397819381689845	-0.5312176707058731	1
rg04_theta15p195_foilpm3	-3.0	outer_core	-0.5312176707058731	-0.5226534032427617	2
rg04_theta15p195_foilpm3	-3.0	outer_core	-0.5226534032427617	-0.5140891357796503	3
rg04_theta15p195_foilpm3	-3.0	outer_core	-0.5140891357796503	-0.5055248683165389	4
rg04_theta15p195_foilpm3	-3.0	outer_core	-0.5055248683165389	-0.4969606008534274	2
rg04_theta15p195_foilpm3	-3.0	outer_core	-0.4969606008534274	-0.4883963333903161	2
rg04_theta15p195_foilpm3	-3.0	outer_core	-0.4883963333903161	-0.4798320659272046	1
rg04_theta15p195_foilpm3	-3.0	outer_core	-0.4798320659272046	-0.4712677984640933	0
rg04_theta15p195_foilpm3	-3.0	shoulders	-1.327694544775234	-1.3191302773121225	0
rg04_theta15p195_foilpm3	-3.0	shoulders	-1.3191302773121225	-1.310566009849011	0
rg04_theta15p195_foilpm3	-3.0	shoulders	-1.310566009849011	-1.3020017423858998	2
rg04_theta15p195_foilpm3	-3.0	shoulders	-1.3020017423858998	-1.2934374749227884	0
rg04_theta15p195_foilpm3	-3.0	shoulders	-1.2934374749227884	-1.284873207459677	4
rg04_theta15p195_foilpm3	-3.0	shoulders	-1.284873207459677	-1.2763089399965655	3
rg04_theta15p195_foilpm3	-3.0	shoulders	-1.2763089399965655	-1.267744672533454	6
rg04_theta15p195_foilpm3	-3.0	shoulders	-1.267744672533454	-1.2591804050703428	6
rg04_theta15p195_foilpm3	-3.0	shoulders	-1.2591804050703428	-1.2506161376072313	5
rg04_theta15p195_foilpm3	-3.0	shoulders	-1.2506161376072313	-1.2420518701441199	8
rg04_theta15p195_foilpm3	-3.0	shoulders	-1.2420518701441199	-1.2334876026810084	7
rg04_theta15p195_foilpm3	-3.0	shoulders	-1.2334876026810084	-1.224923335217897	18
rg04_theta15p195_foilpm3	-3.0	shoulders	-1.224923335217897	-1.2163590677547857	11
rg04_theta15p195_foilpm3	-3.0	shoulders	-1.2163590677547857	-1.2077948002916743	19
rg04_theta15p195_foilpm3	-3.0	shoulders	-1.2077948002916743	-1.1992305328285628	18
rg04_theta15p195_foilpm3	-3.0	shoulders	-1.1992305328285628	-1.1906662653654514	34
rg04_theta15p195_foilpm3	-3.0	shoulders	-1.1906662653654514	-1.1821019979023402	25
rg04_theta15p195_foilpm3	-3.0	shoulders	-1.1821019979023402	-1.1735377304392287	19
rg04_theta15p195_foilpm3	-3.0	shoulders	-1.1735377304392287	-1.1649734629761173	22
rg04_theta15p195_foilpm3	-3.0	shoulders	-1.1649734629761173	-1.1564091955130058	30
rg04_theta15p195_foilpm3	-3.0	shoulders	-1.1564091955130058	-1.1478449280498944	30
rg04_theta15p195_foilpm3	-3.0	shoulders	-1.1478449280498944	-1.139280660586783	45
rg04_theta15p195_foilpm3	-3.0	shoulders	-1.139280660586783	-1.1307163931236717	33
rg04_theta15p195_foilpm3	-3.0	shoulders	-1.1307163931236717	-1.1221521256605602	52
rg04_theta15p195_foilpm3	-3.0	shoulders	-1.1221521256605602	-1.1135878581974488	58
rg04_theta15p195_foilpm3	-3.0	shoulders	-1.1135878581974488	-1.1050235907343373	50
rg04_theta15p195_foilpm3	-3.0	shoulders	-1.1050235907343373	-1.096459323271226	44
rg04_theta15p195_foilpm3	-3.0	shoulders	-1.096459323271226	-1.0878950558081146	42
rg04_theta15p195_foilpm3	-3.0	shoulders	-1.0878950558081146	-1.0793307883450032	43
rg04_theta15p195_foilpm3	-3.0	shoulders	-1.0793307883450032	-1.0707665208818917	48
rg04_theta15p195_foilpm3	-3.0	shoulders	-1.0707665208818917	-1.0622022534187803	52
rg04_theta15p195_foilpm3	-3.0	shoulders	-1.0622022534187803	-1.0536379859556688	46
rg04_theta15p195_foilpm3	-3.0	shoulders	-1.0536379859556688	-1.0450737184925576	50
rg04_theta15p195_foilpm3	-3.0	shoulders	-1.0450737184925576	-1.0365094510294461	37
rg04_theta15p195_foilpm3	-3.0	shoulders	-1.0365094510294461	-1.0279451835663347	46
rg04_theta15p195_foilpm3	-3.0	shoulders	-1.0279451835663347	-1.0193809161032232	49
rg04_theta15p195_foilpm3	-3.0	shoulders	-1.0193809161032232	-1.010816648640112	45
rg04_theta15p195_foilpm3	-3.0	shoulders	-1.010816648640112	-1.0022523811770006	45
rg04_theta15p195_foilpm3	-3.0	shoulders	-1.0022523811770006	-0.9936881137138891	35
rg04_theta15p195_foilpm3	-3.0	shoulders	-0.9936881137138891	-0.9851238462507776	56
rg04_theta15p195_foilpm3	-3.0	shoulders	-0.9851238462507776	-0.9765595787876662	42
rg04_theta15p195_foilpm3	-3.0	shoulders	-0.9765595787876662	-0.9679953113245549	54
rg04_theta15p195_foilpm3	-3.0	shoulders	-0.9679953113245549	-0.9594310438614435	46
rg04_theta15p195_foilpm3	-3.0	shoulders	-0.9594310438614435	-0.9508667763983321	54
rg04_theta15p195_foilpm3	-3.0	shoulders	-0.9508667763983321	-0.9423025089352206	44
rg04_theta15p195_foilpm3	-3.0	shoulders	-0.9423025089352206	-0.9337382414721092	52
rg04_theta15p195_foilpm3	-3.0	shoulders	-0.9337382414721092	-0.9251739740089978	57
rg04_theta15p195_foilpm3	-3.0	shoulders	-0.9251739740089978	-0.9166097065458865	43
rg04_theta15p195_foilpm3	-3.0	shoulders	-0.9166097065458865	-0.908045439082775	42
rg04_theta15p195_foilpm3	-3.0	shoulders	-0.908045439082775	-0.8994811716196636	56
rg04_theta15p195_foilpm3	-3.0	shoulders	-0.8994811716196636	-0.8909169041565521	38
rg04_theta15p195_foilpm3	-3.0	shoulders	-0.8909169041565521	-0.8823526366934408	34
rg04_theta15p195_foilpm3	-3.0	shoulders	-0.8823526366934408	-0.8737883692303294	34
rg04_theta15p195_foilpm3	-3.0	shoulders	-0.8737883692303294	-0.865224101767218	51
rg04_theta15p195_foilpm3	-3.0	shoulders	-0.865224101767218	-0.8566598343041065	33
rg04_theta15p195_foilpm3	-3.0	shoulders	-0.8566598343041065	-0.8480955668409952	30
rg04_theta15p195_foilpm3	-3.0	shoulders	-0.8480955668409952	-0.8395312993778837	36
rg04_theta15p195_foilpm3	-3.0	shoulders	-0.8395312993778837	-0.8309670319147724	39
rg04_theta15p195_foilpm3	-3.0	shoulders	-0.8309670319147724	-0.8224027644516609	40
rg04_theta15p195_foilpm3	-3.0	shoulders	-0.8224027644516609	-0.8138384969885495	33
rg04_theta15p195_foilpm3	-3.0	shoulders	-0.8138384969885495	-0.8052742295254381	38
rg04_theta15p195_foilpm3	-3.0	shoulders	-0.8052742295254381	-0.7967099620623267	34
rg04_theta15p195_foilpm3	-3.0	shoulders	-0.7967099620623267	-0.7881456945992154	32
rg04_theta15p195_foilpm3	-3.0	shoulders	-0.7881456945992154	-0.7795814271361039	33
rg04_theta15p195_foilpm3	-3.0	shoulders	-0.7795814271361039	-0.7710171596729924	27
rg04_theta15p195_foilpm3	-3.0	shoulders	-0.7710171596729924	-0.7624528922098811	25
rg04_theta15p195_foilpm3	-3.0	shoulders	-0.7624528922098811	-0.7538886247467697	12
rg04_theta15p195_foilpm3	-3.0	shoulders	-0.7538886247467697	-0.7453243572836583	15
rg04_theta15p195_foilpm3	-3.0	shoulders	-0.7453243572836583	-0.7367600898205469	21
rg04_theta15p195_foilpm3	-3.0	shoulders	-0.7367600898205469	-0.7281958223574354	19
rg04_theta15p195_foilpm3	-3.0	shoulders	-0.7281958223574354	-0.7196315548943241	19
rg04_theta15p195_foilpm3	-3.0	shoulders	-0.7196315548943241	-0.7110672874312126	26
rg04_theta15p195_foilpm3	-3.0	shoulders	-0.7110672874312126	-0.7025030199681013	14
rg04_theta15p195_foilpm3	-3.0	shoulders	-0.7025030199681013	-0.6939387525049898	8
rg04_theta15p195_foilpm3	-3.0	shoulders	-0.6939387525049898	-0.6853744850418784	11
rg04_theta15p195_foilpm3	-3.0	shoulders	-0.6853744850418784	-0.676810217578767	20
rg04_theta15p195_foilpm3	-3.0	shoulders	-0.676810217578767	-0.6682459501156556	9
rg04_theta15p195_foilpm3	-3.0	shoulders	-0.6682459501156556	-0.6596816826525442	6
rg04_theta15p195_foilpm3	-3.0	shoulders	-0.6596816826525442	-0.6511174151894328	6
rg04_theta15p195_foilpm3	-3.0	shoulders	-0.6511174151894328	-0.6425531477263213	8
rg04_theta15p195_foilpm3	-3.0	shoulders	-0.6425531477263213	-0.63398888026321	10
rg04_theta15p195_foilpm3	-3.0	shoulders	-0.63398888026321	-0.6254246128000985	5
rg04_theta15p195_foilpm3	-3.0	shoulders	-0.6254246128000985	-0.6168603453369872	5
rg04_theta15p195_foilpm3	-3.0	shoulders	-0.6168603453369872	-0.6082960778738757	9
rg04_theta15p195_foilpm3	-3.0	shoulders	-0.6082960778738757	-0.5997318104107644	3
rg04_theta15p195_foilpm3	-3.0	shoulders	-0.5997318104107644	-0.591167542947653	9
rg04_theta15p195_foilpm3	-3.0	shoulders	-0.591167542947653	-0.5826032754845415	3
rg04_theta15p195_foilpm3	-3.0	shoulders	-0.5826032754845415	-0.5740390080214302	6
rg04_theta15p195_foilpm3	-3.0	shoulders	-0.5740390080214302	-0.5654747405583187	2
rg04_theta15p195_foilpm3	-3.0	shoulders	-0.5654747405583187	-0.5569104730952074	4
rg04_theta15p195_foilpm3	-3.0	shoulders	-0.5569104730952074	-0.5483462056320959	4
rg04_theta15p195_foilpm3	-3.0	shoulders	-0.5483462056320959	-0.5397819381689845	0
rg04_theta15p195_foilpm3	-3.0	shoulders	-0.5397819381689845	-0.5312176707058731	4
rg04_theta15p195_foilpm3	-3.0	shoulders	-0.5312176707058731	-0.5226534032427617	2
rg04_theta15p195_foilpm3	-3.0	shoulders	-0.5226534032427617	-0.5140891357796503	3
rg04_theta15p195_foilpm3	-3.0	shoulders	-0.5140891357796503	-0.5055248683165389	2
rg04_theta15p195_foilpm3	-3.0	shoulders	-0.5055248683165389	-0.4969606008534274	2
rg04_theta15p195_foilpm3	-3.0	shoulders	-0.4969606008534274	-0.4883963333903161	0
rg04_theta15p195_foilpm3	-3.0	shoulders	-0.4883963333903161	-0.4798320659272046	0
rg04_theta15p195_foilpm3	-3.0	shoulders	-0.4798320659272046	-0.4712677984640933	0
rg04_theta15p195_foilpm3	-3.0	unsupported	-1.327694544775234	-1.3191302773121225	0
rg04_theta15p195_foilpm3	-3.0	unsupported	-1.3191302773121225	-1.310566009849011	0
rg04_theta15p195_foilpm3	-3.0	unsupported	-1.310566009849011	-1.3020017423858998	0
rg04_theta15p195_foilpm3	-3.0	unsupported	-1.3020017423858998	-1.2934374749227884	0
rg04_theta15p195_foilpm3	-3.0	unsupported	-1.2934374749227884	-1.284873207459677	0
rg04_theta15p195_foilpm3	-3.0	unsupported	-1.284873207459677	-1.2763089399965655	0
rg04_theta15p195_foilpm3	-3.0	unsupported	-1.2763089399965655	-1.267744672533454	0
rg04_theta15p195_foilpm3	-3.0	unsupported	-1.267744672533454	-1.2591804050703428	0
rg04_theta15p195_foilpm3	-3.0	unsupported	-1.2591804050703428	-1.2506161376072313	1
rg04_theta15p195_foilpm3	-3.0	unsupported	-1.2506161376072313	-1.2420518701441199	3
rg04_theta15p195_foilpm3	-3.0	unsupported	-1.2420518701441199	-1.2334876026810084	4
rg04_theta15p195_foilpm3	-3.0	unsupported	-1.2334876026810084	-1.224923335217897	2
rg04_theta15p195_foilpm3	-3.0	unsupported	-1.224923335217897	-1.2163590677547857	5
rg04_theta15p195_foilpm3	-3.0	unsupported	-1.2163590677547857	-1.2077948002916743	3
rg04_theta15p195_foilpm3	-3.0	unsupported	-1.2077948002916743	-1.1992305328285628	8
rg04_theta15p195_foilpm3	-3.0	unsupported	-1.1992305328285628	-1.1906662653654514	3
rg04_theta15p195_foilpm3	-3.0	unsupported	-1.1906662653654514	-1.1821019979023402	4
rg04_theta15p195_foilpm3	-3.0	unsupported	-1.1821019979023402	-1.1735377304392287	2
rg04_theta15p195_foilpm3	-3.0	unsupported	-1.1735377304392287	-1.1649734629761173	6
rg04_theta15p195_foilpm3	-3.0	unsupported	-1.1649734629761173	-1.1564091955130058	6
rg04_theta15p195_foilpm3	-3.0	unsupported	-1.1564091955130058	-1.1478449280498944	6
rg04_theta15p195_foilpm3	-3.0	unsupported	-1.1478449280498944	-1.139280660586783	5
rg04_theta15p195_foilpm3	-3.0	unsupported	-1.139280660586783	-1.1307163931236717	8
rg04_theta15p195_foilpm3	-3.0	unsupported	-1.1307163931236717	-1.1221521256605602	5
rg04_theta15p195_foilpm3	-3.0	unsupported	-1.1221521256605602	-1.1135878581974488	2
rg04_theta15p195_foilpm3	-3.0	unsupported	-1.1135878581974488	-1.1050235907343373	8
rg04_theta15p195_foilpm3	-3.0	unsupported	-1.1050235907343373	-1.096459323271226	5
rg04_theta15p195_foilpm3	-3.0	unsupported	-1.096459323271226	-1.0878950558081146	3
rg04_theta15p195_foilpm3	-3.0	unsupported	-1.0878950558081146	-1.0793307883450032	5
rg04_theta15p195_foilpm3	-3.0	unsupported	-1.0793307883450032	-1.0707665208818917	6
rg04_theta15p195_foilpm3	-3.0	unsupported	-1.0707665208818917	-1.0622022534187803	10
rg04_theta15p195_foilpm3	-3.0	unsupported	-1.0622022534187803	-1.0536379859556688	5
rg04_theta15p195_foilpm3	-3.0	unsupported	-1.0536379859556688	-1.0450737184925576	5
rg04_theta15p195_foilpm3	-3.0	unsupported	-1.0450737184925576	-1.0365094510294461	9
rg04_theta15p195_foilpm3	-3.0	unsupported	-1.0365094510294461	-1.0279451835663347	2
rg04_theta15p195_foilpm3	-3.0	unsupported	-1.0279451835663347	-1.0193809161032232	7
rg04_theta15p195_foilpm3	-3.0	unsupported	-1.0193809161032232	-1.010816648640112	4
rg04_theta15p195_foilpm3	-3.0	unsupported	-1.010816648640112	-1.0022523811770006	4
rg04_theta15p195_foilpm3	-3.0	unsupported	-1.0022523811770006	-0.9936881137138891	6
rg04_theta15p195_foilpm3	-3.0	unsupported	-0.9936881137138891	-0.9851238462507776	2
rg04_theta15p195_foilpm3	-3.0	unsupported	-0.9851238462507776	-0.9765595787876662	6
rg04_theta15p195_foilpm3	-3.0	unsupported	-0.9765595787876662	-0.9679953113245549	2
rg04_theta15p195_foilpm3	-3.0	unsupported	-0.9679953113245549	-0.9594310438614435	2
rg04_theta15p195_foilpm3	-3.0	unsupported	-0.9594310438614435	-0.9508667763983321	0
rg04_theta15p195_foilpm3	-3.0	unsupported	-0.9508667763983321	-0.9423025089352206	5
rg04_theta15p195_foilpm3	-3.0	unsupported	-0.9423025089352206	-0.9337382414721092	2
rg04_theta15p195_foilpm3	-3.0	unsupported	-0.9337382414721092	-0.9251739740089978	6
rg04_theta15p195_foilpm3	-3.0	unsupported	-0.9251739740089978	-0.9166097065458865	1
rg04_theta15p195_foilpm3	-3.0	unsupported	-0.9166097065458865	-0.908045439082775	2
rg04_theta15p195_foilpm3	-3.0	unsupported	-0.908045439082775	-0.8994811716196636	1
rg04_theta15p195_foilpm3	-3.0	unsupported	-0.8994811716196636	-0.8909169041565521	5
rg04_theta15p195_foilpm3	-3.0	unsupported	-0.8909169041565521	-0.8823526366934408	3
rg04_theta15p195_foilpm3	-3.0	unsupported	-0.8823526366934408	-0.8737883692303294	1
rg04_theta15p195_foilpm3	-3.0	unsupported	-0.8737883692303294	-0.865224101767218	3
rg04_theta15p195_foilpm3	-3.0	unsupported	-0.865224101767218	-0.8566598343041065	3
rg04_theta15p195_foilpm3	-3.0	unsupported	-0.8566598343041065	-0.8480955668409952	3
rg04_theta15p195_foilpm3	-3.0	unsupported	-0.8480955668409952	-0.8395312993778837	3
rg04_theta15p195_foilpm3	-3.0	unsupported	-0.8395312993778837	-0.8309670319147724	4
rg04_theta15p195_foilpm3	-3.0	unsupported	-0.8309670319147724	-0.8224027644516609	1
rg04_theta15p195_foilpm3	-3.0	unsupported	-0.8224027644516609	-0.8138384969885495	2
rg04_theta15p195_foilpm3	-3.0	unsupported	-0.8138384969885495	-0.8052742295254381	1
rg04_theta15p195_foilpm3	-3.0	unsupported	-0.8052742295254381	-0.7967099620623267	3
rg04_theta15p195_foilpm3	-3.0	unsupported	-0.7967099620623267	-0.7881456945992154	0
rg04_theta15p195_foilpm3	-3.0	unsupported	-0.7881456945992154	-0.7795814271361039	1
rg04_theta15p195_foilpm3	-3.0	unsupported	-0.7795814271361039	-0.7710171596729924	1
rg04_theta15p195_foilpm3	-3.0	unsupported	-0.7710171596729924	-0.7624528922098811	2
rg04_theta15p195_foilpm3	-3.0	unsupported	-0.7624528922098811	-0.7538886247467697	4
rg04_theta15p195_foilpm3	-3.0	unsupported	-0.7538886247467697	-0.7453243572836583	0
rg04_theta15p195_foilpm3	-3.0	unsupported	-0.7453243572836583	-0.7367600898205469	0
rg04_theta15p195_foilpm3	-3.0	unsupported	-0.7367600898205469	-0.7281958223574354	0
rg04_theta15p195_foilpm3	-3.0	unsupported	-0.7281958223574354	-0.7196315548943241	2
rg04_theta15p195_foilpm3	-3.0	unsupported	-0.7196315548943241	-0.7110672874312126	1
rg04_theta15p195_foilpm3	-3.0	unsupported	-0.7110672874312126	-0.7025030199681013	0
rg04_theta15p195_foilpm3	-3.0	unsupported	-0.7025030199681013	-0.6939387525049898	0
rg04_theta15p195_foilpm3	-3.0	unsupported	-0.6939387525049898	-0.6853744850418784	1
rg04_theta15p195_foilpm3	-3.0	unsupported	-0.6853744850418784	-0.676810217578767	2
rg04_theta15p195_foilpm3	-3.0	unsupported	-0.676810217578767	-0.6682459501156556	1
rg04_theta15p195_foilpm3	-3.0	unsupported	-0.6682459501156556	-0.6596816826525442	2
rg04_theta15p195_foilpm3	-3.0	unsupported	-0.6596816826525442	-0.6511174151894328	1
rg04_theta15p195_foilpm3	-3.0	unsupported	-0.6511174151894328	-0.6425531477263213	0
rg04_theta15p195_foilpm3	-3.0	unsupported	-0.6425531477263213	-0.63398888026321	0
rg04_theta15p195_foilpm3	-3.0	unsupported	-0.63398888026321	-0.6254246128000985	1
rg04_theta15p195_foilpm3	-3.0	unsupported	-0.6254246128000985	-0.6168603453369872	0
rg04_theta15p195_foilpm3	-3.0	unsupported	-0.6168603453369872	-0.6082960778738757	0
rg04_theta15p195_foilpm3	-3.0	unsupported	-0.6082960778738757	-0.5997318104107644	1
rg04_theta15p195_foilpm3	-3.0	unsupported	-0.5997318104107644	-0.591167542947653	0
rg04_theta15p195_foilpm3	-3.0	unsupported	-0.591167542947653	-0.5826032754845415	0
rg04_theta15p195_foilpm3	-3.0	unsupported	-0.5826032754845415	-0.5740390080214302	0
rg04_theta15p195_foilpm3	-3.0	unsupported	-0.5740390080214302	-0.5654747405583187	0
rg04_theta15p195_foilpm3	-3.0	unsupported	-0.5654747405583187	-0.5569104730952074	0
rg04_theta15p195_foilpm3	-3.0	unsupported	-0.5569104730952074	-0.5483462056320959	1
rg04_theta15p195_foilpm3	-3.0	unsupported	-0.5483462056320959	-0.5397819381689845	0
rg04_theta15p195_foilpm3	-3.0	unsupported	-0.5397819381689845	-0.5312176707058731	1
rg04_theta15p195_foilpm3	-3.0	unsupported	-0.5312176707058731	-0.5226534032427617	2
rg04_theta15p195_foilpm3	-3.0	unsupported	-0.5226534032427617	-0.5140891357796503	1
rg04_theta15p195_foilpm3	-3.0	unsupported	-0.5140891357796503	-0.5055248683165389	1
rg04_theta15p195_foilpm3	-3.0	unsupported	-0.5055248683165389	-0.4969606008534274	0
rg04_theta15p195_foilpm3	-3.0	unsupported	-0.4969606008534274	-0.4883963333903161	0
rg04_theta15p195_foilpm3	-3.0	unsupported	-0.4883963333903161	-0.4798320659272046	0
rg04_theta15p195_foilpm3	-3.0	unsupported	-0.4798320659272046	-0.4712677984640933	0
rg04_theta15p195_foilpm3	-3.0	out_of_core	-1.327694544775234	-1.3191302773121225	0
rg04_theta15p195_foilpm3	-3.0	out_of_core	-1.3191302773121225	-1.310566009849011	0
rg04_theta15p195_foilpm3	-3.0	out_of_core	-1.310566009849011	-1.3020017423858998	2
rg04_theta15p195_foilpm3	-3.0	out_of_core	-1.3020017423858998	-1.2934374749227884	0
rg04_theta15p195_foilpm3	-3.0	out_of_core	-1.2934374749227884	-1.284873207459677	4
rg04_theta15p195_foilpm3	-3.0	out_of_core	-1.284873207459677	-1.2763089399965655	3
rg04_theta15p195_foilpm3	-3.0	out_of_core	-1.2763089399965655	-1.267744672533454	6
rg04_theta15p195_foilpm3	-3.0	out_of_core	-1.267744672533454	-1.2591804050703428	6
rg04_theta15p195_foilpm3	-3.0	out_of_core	-1.2591804050703428	-1.2506161376072313	6
rg04_theta15p195_foilpm3	-3.0	out_of_core	-1.2506161376072313	-1.2420518701441199	11
rg04_theta15p195_foilpm3	-3.0	out_of_core	-1.2420518701441199	-1.2334876026810084	11
rg04_theta15p195_foilpm3	-3.0	out_of_core	-1.2334876026810084	-1.224923335217897	20
rg04_theta15p195_foilpm3	-3.0	out_of_core	-1.224923335217897	-1.2163590677547857	16
rg04_theta15p195_foilpm3	-3.0	out_of_core	-1.2163590677547857	-1.2077948002916743	22
rg04_theta15p195_foilpm3	-3.0	out_of_core	-1.2077948002916743	-1.1992305328285628	26
rg04_theta15p195_foilpm3	-3.0	out_of_core	-1.1992305328285628	-1.1906662653654514	37
rg04_theta15p195_foilpm3	-3.0	out_of_core	-1.1906662653654514	-1.1821019979023402	29
rg04_theta15p195_foilpm3	-3.0	out_of_core	-1.1821019979023402	-1.1735377304392287	21
rg04_theta15p195_foilpm3	-3.0	out_of_core	-1.1735377304392287	-1.1649734629761173	28
rg04_theta15p195_foilpm3	-3.0	out_of_core	-1.1649734629761173	-1.1564091955130058	36
rg04_theta15p195_foilpm3	-3.0	out_of_core	-1.1564091955130058	-1.1478449280498944	36
rg04_theta15p195_foilpm3	-3.0	out_of_core	-1.1478449280498944	-1.139280660586783	50
rg04_theta15p195_foilpm3	-3.0	out_of_core	-1.139280660586783	-1.1307163931236717	41
rg04_theta15p195_foilpm3	-3.0	out_of_core	-1.1307163931236717	-1.1221521256605602	57
rg04_theta15p195_foilpm3	-3.0	out_of_core	-1.1221521256605602	-1.1135878581974488	60
rg04_theta15p195_foilpm3	-3.0	out_of_core	-1.1135878581974488	-1.1050235907343373	58
rg04_theta15p195_foilpm3	-3.0	out_of_core	-1.1050235907343373	-1.096459323271226	49
rg04_theta15p195_foilpm3	-3.0	out_of_core	-1.096459323271226	-1.0878950558081146	45
rg04_theta15p195_foilpm3	-3.0	out_of_core	-1.0878950558081146	-1.0793307883450032	48
rg04_theta15p195_foilpm3	-3.0	out_of_core	-1.0793307883450032	-1.0707665208818917	54
rg04_theta15p195_foilpm3	-3.0	out_of_core	-1.0707665208818917	-1.0622022534187803	62
rg04_theta15p195_foilpm3	-3.0	out_of_core	-1.0622022534187803	-1.0536379859556688	51
rg04_theta15p195_foilpm3	-3.0	out_of_core	-1.0536379859556688	-1.0450737184925576	55
rg04_theta15p195_foilpm3	-3.0	out_of_core	-1.0450737184925576	-1.0365094510294461	46
rg04_theta15p195_foilpm3	-3.0	out_of_core	-1.0365094510294461	-1.0279451835663347	48
rg04_theta15p195_foilpm3	-3.0	out_of_core	-1.0279451835663347	-1.0193809161032232	56
rg04_theta15p195_foilpm3	-3.0	out_of_core	-1.0193809161032232	-1.010816648640112	49
rg04_theta15p195_foilpm3	-3.0	out_of_core	-1.010816648640112	-1.0022523811770006	49
rg04_theta15p195_foilpm3	-3.0	out_of_core	-1.0022523811770006	-0.9936881137138891	41
rg04_theta15p195_foilpm3	-3.0	out_of_core	-0.9936881137138891	-0.9851238462507776	58
rg04_theta15p195_foilpm3	-3.0	out_of_core	-0.9851238462507776	-0.9765595787876662	48
rg04_theta15p195_foilpm3	-3.0	out_of_core	-0.9765595787876662	-0.9679953113245549	56
rg04_theta15p195_foilpm3	-3.0	out_of_core	-0.9679953113245549	-0.9594310438614435	48
rg04_theta15p195_foilpm3	-3.0	out_of_core	-0.9594310438614435	-0.9508667763983321	54
rg04_theta15p195_foilpm3	-3.0	out_of_core	-0.9508667763983321	-0.9423025089352206	49
rg04_theta15p195_foilpm3	-3.0	out_of_core	-0.9423025089352206	-0.9337382414721092	54
rg04_theta15p195_foilpm3	-3.0	out_of_core	-0.9337382414721092	-0.9251739740089978	63
rg04_theta15p195_foilpm3	-3.0	out_of_core	-0.9251739740089978	-0.9166097065458865	44
rg04_theta15p195_foilpm3	-3.0	out_of_core	-0.9166097065458865	-0.908045439082775	44
rg04_theta15p195_foilpm3	-3.0	out_of_core	-0.908045439082775	-0.8994811716196636	57
rg04_theta15p195_foilpm3	-3.0	out_of_core	-0.8994811716196636	-0.8909169041565521	43
rg04_theta15p195_foilpm3	-3.0	out_of_core	-0.8909169041565521	-0.8823526366934408	37
rg04_theta15p195_foilpm3	-3.0	out_of_core	-0.8823526366934408	-0.8737883692303294	35
rg04_theta15p195_foilpm3	-3.0	out_of_core	-0.8737883692303294	-0.865224101767218	54
rg04_theta15p195_foilpm3	-3.0	out_of_core	-0.865224101767218	-0.8566598343041065	36
rg04_theta15p195_foilpm3	-3.0	out_of_core	-0.8566598343041065	-0.8480955668409952	33
rg04_theta15p195_foilpm3	-3.0	out_of_core	-0.8480955668409952	-0.8395312993778837	39
rg04_theta15p195_foilpm3	-3.0	out_of_core	-0.8395312993778837	-0.8309670319147724	43
rg04_theta15p195_foilpm3	-3.0	out_of_core	-0.8309670319147724	-0.8224027644516609	41
rg04_theta15p195_foilpm3	-3.0	out_of_core	-0.8224027644516609	-0.8138384969885495	35
rg04_theta15p195_foilpm3	-3.0	out_of_core	-0.8138384969885495	-0.8052742295254381	39
rg04_theta15p195_foilpm3	-3.0	out_of_core	-0.8052742295254381	-0.7967099620623267	37
rg04_theta15p195_foilpm3	-3.0	out_of_core	-0.7967099620623267	-0.7881456945992154	32
rg04_theta15p195_foilpm3	-3.0	out_of_core	-0.7881456945992154	-0.7795814271361039	34
rg04_theta15p195_foilpm3	-3.0	out_of_core	-0.7795814271361039	-0.7710171596729924	28
rg04_theta15p195_foilpm3	-3.0	out_of_core	-0.7710171596729924	-0.7624528922098811	27
rg04_theta15p195_foilpm3	-3.0	out_of_core	-0.7624528922098811	-0.7538886247467697	16
rg04_theta15p195_foilpm3	-3.0	out_of_core	-0.7538886247467697	-0.7453243572836583	15
rg04_theta15p195_foilpm3	-3.0	out_of_core	-0.7453243572836583	-0.7367600898205469	21
rg04_theta15p195_foilpm3	-3.0	out_of_core	-0.7367600898205469	-0.7281958223574354	19
rg04_theta15p195_foilpm3	-3.0	out_of_core	-0.7281958223574354	-0.7196315548943241	21
rg04_theta15p195_foilpm3	-3.0	out_of_core	-0.7196315548943241	-0.7110672874312126	27
rg04_theta15p195_foilpm3	-3.0	out_of_core	-0.7110672874312126	-0.7025030199681013	14
rg04_theta15p195_foilpm3	-3.0	out_of_core	-0.7025030199681013	-0.6939387525049898	8
rg04_theta15p195_foilpm3	-3.0	out_of_core	-0.6939387525049898	-0.6853744850418784	12
rg04_theta15p195_foilpm3	-3.0	out_of_core	-0.6853744850418784	-0.676810217578767	22
rg04_theta15p195_foilpm3	-3.0	out_of_core	-0.676810217578767	-0.6682459501156556	10
rg04_theta15p195_foilpm3	-3.0	out_of_core	-0.6682459501156556	-0.6596816826525442	8
rg04_theta15p195_foilpm3	-3.0	out_of_core	-0.6596816826525442	-0.6511174151894328	7
rg04_theta15p195_foilpm3	-3.0	out_of_core	-0.6511174151894328	-0.6425531477263213	8
rg04_theta15p195_foilpm3	-3.0	out_of_core	-0.6425531477263213	-0.63398888026321	10
rg04_theta15p195_foilpm3	-3.0	out_of_core	-0.63398888026321	-0.6254246128000985	6
rg04_theta15p195_foilpm3	-3.0	out_of_core	-0.6254246128000985	-0.6168603453369872	5
rg04_theta15p195_foilpm3	-3.0	out_of_core	-0.6168603453369872	-0.6082960778738757	9
rg04_theta15p195_foilpm3	-3.0	out_of_core	-0.6082960778738757	-0.5997318104107644	4
rg04_theta15p195_foilpm3	-3.0	out_of_core	-0.5997318104107644	-0.591167542947653	9
rg04_theta15p195_foilpm3	-3.0	out_of_core	-0.591167542947653	-0.5826032754845415	3
rg04_theta15p195_foilpm3	-3.0	out_of_core	-0.5826032754845415	-0.5740390080214302	6
rg04_theta15p195_foilpm3	-3.0	out_of_core	-0.5740390080214302	-0.5654747405583187	2
rg04_theta15p195_foilpm3	-3.0	out_of_core	-0.5654747405583187	-0.5569104730952074	4
rg04_theta15p195_foilpm3	-3.0	out_of_core	-0.5569104730952074	-0.5483462056320959	5
rg04_theta15p195_foilpm3	-3.0	out_of_core	-0.5483462056320959	-0.5397819381689845	0
rg04_theta15p195_foilpm3	-3.0	out_of_core	-0.5397819381689845	-0.5312176707058731	5
rg04_theta15p195_foilpm3	-3.0	out_of_core	-0.5312176707058731	-0.5226534032427617	4
rg04_theta15p195_foilpm3	-3.0	out_of_core	-0.5226534032427617	-0.5140891357796503	4
rg04_theta15p195_foilpm3	-3.0	out_of_core	-0.5140891357796503	-0.5055248683165389	3
rg04_theta15p195_foilpm3	-3.0	out_of_core	-0.5055248683165389	-0.4969606008534274	2
rg04_theta15p195_foilpm3	-3.0	out_of_core	-0.4969606008534274	-0.4883963333903161	0
rg04_theta15p195_foilpm3	-3.0	out_of_core	-0.4883963333903161	-0.4798320659272046	0
rg04_theta15p195_foilpm3	-3.0	out_of_core	-0.4798320659272046	-0.4712677984640933	0
rg04_theta15p195_foilpm3	3.0	dense_half	0.23200659505548848	0.2393816130114648	0
rg04_theta15p195_foilpm3	3.0	dense_half	0.2393816130114648	0.24675663096744113	0
rg04_theta15p195_foilpm3	3.0	dense_half	0.24675663096744113	0.25413164892341744	3
rg04_theta15p195_foilpm3	3.0	dense_half	0.25413164892341744	0.2615066668793938	5
rg04_theta15p195_foilpm3	3.0	dense_half	0.2615066668793938	0.26888168483537006	1
rg04_theta15p195_foilpm3	3.0	dense_half	0.26888168483537006	0.2762567027913464	5
rg04_theta15p195_foilpm3	3.0	dense_half	0.2762567027913464	0.2836317207473227	10
rg04_theta15p195_foilpm3	3.0	dense_half	0.2836317207473227	0.291006738703299	7
rg04_theta15p195_foilpm3	3.0	dense_half	0.291006738703299	0.29838175665927535	6
rg04_theta15p195_foilpm3	3.0	dense_half	0.29838175665927535	0.30575677461525164	9
rg04_theta15p195_foilpm3	3.0	dense_half	0.30575677461525164	0.313131792571228	12
rg04_theta15p195_foilpm3	3.0	dense_half	0.313131792571228	0.3205068105272043	14
rg04_theta15p195_foilpm3	3.0	dense_half	0.3205068105272043	0.3278818284831806	15
rg04_theta15p195_foilpm3	3.0	dense_half	0.3278818284831806	0.33525684643915693	15
rg04_theta15p195_foilpm3	3.0	dense_half	0.33525684643915693	0.34263186439513327	19
rg04_theta15p195_foilpm3	3.0	dense_half	0.34263186439513327	0.35000688235110955	21
rg04_theta15p195_foilpm3	3.0	dense_half	0.35000688235110955	0.3573819003070859	17
rg04_theta15p195_foilpm3	3.0	dense_half	0.3573819003070859	0.3647569182630622	21
rg04_theta15p195_foilpm3	3.0	dense_half	0.3647569182630622	0.3721319362190385	25
rg04_theta15p195_foilpm3	3.0	dense_half	0.3721319362190385	0.37950695417501484	31
rg04_theta15p195_foilpm3	3.0	dense_half	0.37950695417501484	0.3868819721309912	34
rg04_theta15p195_foilpm3	3.0	dense_half	0.3868819721309912	0.39425699008696746	40
rg04_theta15p195_foilpm3	3.0	dense_half	0.39425699008696746	0.40163200804294374	40
rg04_theta15p195_foilpm3	3.0	dense_half	0.40163200804294374	0.40900702599892014	53
rg04_theta15p195_foilpm3	3.0	dense_half	0.40900702599892014	0.4163820439548964	55
rg04_theta15p195_foilpm3	3.0	dense_half	0.4163820439548964	0.4237570619108727	45
rg04_theta15p195_foilpm3	3.0	dense_half	0.4237570619108727	0.4311320798668491	55
rg04_theta15p195_foilpm3	3.0	dense_half	0.4311320798668491	0.4385070978228254	48
rg04_theta15p195_foilpm3	3.0	dense_half	0.4385070978228254	0.44588211577880166	62
rg04_theta15p195_foilpm3	3.0	dense_half	0.44588211577880166	0.453257133734778	54
rg04_theta15p195_foilpm3	3.0	dense_half	0.453257133734778	0.46063215169075433	64
rg04_theta15p195_foilpm3	3.0	dense_half	0.46063215169075433	0.4680071696467306	59
rg04_theta15p195_foilpm3	3.0	dense_half	0.4680071696467306	0.47538218760270695	79
rg04_theta15p195_foilpm3	3.0	dense_half	0.47538218760270695	0.4827572055586833	83
rg04_theta15p195_foilpm3	3.0	dense_half	0.4827572055586833	0.49013222351465957	73
rg04_theta15p195_foilpm3	3.0	dense_half	0.49013222351465957	0.4975072414706359	78
rg04_theta15p195_foilpm3	3.0	dense_half	0.4975072414706359	0.5048822594266122	82
rg04_theta15p195_foilpm3	3.0	dense_half	0.5048822594266122	0.5122572773825885	81
rg04_theta15p195_foilpm3	3.0	dense_half	0.5122572773825885	0.5196322953385648	88
rg04_theta15p195_foilpm3	3.0	dense_half	0.5196322953385648	0.5270073132945412	78
rg04_theta15p195_foilpm3	3.0	dense_half	0.5270073132945412	0.5343823312505175	105
rg04_theta15p195_foilpm3	3.0	dense_half	0.5343823312505175	0.5417573492064938	82
rg04_theta15p195_foilpm3	3.0	dense_half	0.5417573492064938	0.5491323671624702	90
rg04_theta15p195_foilpm3	3.0	dense_half	0.5491323671624702	0.5565073851184464	111
rg04_theta15p195_foilpm3	3.0	dense_half	0.5565073851184464	0.5638824030744227	101
rg04_theta15p195_foilpm3	3.0	dense_half	0.5638824030744227	0.5712574210303991	103
rg04_theta15p195_foilpm3	3.0	dense_half	0.5712574210303991	0.5786324389863754	100
rg04_theta15p195_foilpm3	3.0	dense_half	0.5786324389863754	0.5860074569423517	106
rg04_theta15p195_foilpm3	3.0	dense_half	0.5860074569423517	0.5933824748983281	102
rg04_theta15p195_foilpm3	3.0	dense_half	0.5933824748983281	0.6007574928543044	104
rg04_theta15p195_foilpm3	3.0	dense_half	0.6007574928543044	0.6081325108102806	121
rg04_theta15p195_foilpm3	3.0	dense_half	0.6081325108102806	0.615507528766257	91
rg04_theta15p195_foilpm3	3.0	dense_half	0.615507528766257	0.6228825467222333	104
rg04_theta15p195_foilpm3	3.0	dense_half	0.6228825467222333	0.6302575646782096	119
rg04_theta15p195_foilpm3	3.0	dense_half	0.6302575646782096	0.637632582634186	83
rg04_theta15p195_foilpm3	3.0	dense_half	0.637632582634186	0.6450076005901623	101
rg04_theta15p195_foilpm3	3.0	dense_half	0.6450076005901623	0.6523826185461385	106
rg04_theta15p195_foilpm3	3.0	dense_half	0.6523826185461385	0.6597576365021149	95
rg04_theta15p195_foilpm3	3.0	dense_half	0.6597576365021149	0.6671326544580912	108
rg04_theta15p195_foilpm3	3.0	dense_half	0.6671326544580912	0.6745076724140675	75
rg04_theta15p195_foilpm3	3.0	dense_half	0.6745076724140675	0.6818826903700439	74
rg04_theta15p195_foilpm3	3.0	dense_half	0.6818826903700439	0.6892577083260202	76
rg04_theta15p195_foilpm3	3.0	dense_half	0.6892577083260202	0.6966327262819965	68
rg04_theta15p195_foilpm3	3.0	dense_half	0.6966327262819965	0.7040077442379729	85
rg04_theta15p195_foilpm3	3.0	dense_half	0.7040077442379729	0.7113827621939491	80
rg04_theta15p195_foilpm3	3.0	dense_half	0.7113827621939491	0.7187577801499254	79
rg04_theta15p195_foilpm3	3.0	dense_half	0.7187577801499254	0.7261327981059018	79
rg04_theta15p195_foilpm3	3.0	dense_half	0.7261327981059018	0.7335078160618781	53
rg04_theta15p195_foilpm3	3.0	dense_half	0.7335078160618781	0.7408828340178544	65
rg04_theta15p195_foilpm3	3.0	dense_half	0.7408828340178544	0.7482578519738307	62
rg04_theta15p195_foilpm3	3.0	dense_half	0.7482578519738307	0.755632869929807	53
rg04_theta15p195_foilpm3	3.0	dense_half	0.755632869929807	0.7630078878857833	47
rg04_theta15p195_foilpm3	3.0	dense_half	0.7630078878857833	0.7703829058417596	51
rg04_theta15p195_foilpm3	3.0	dense_half	0.7703829058417596	0.777757923797736	43
rg04_theta15p195_foilpm3	3.0	dense_half	0.777757923797736	0.7851329417537123	42
rg04_theta15p195_foilpm3	3.0	dense_half	0.7851329417537123	0.7925079597096886	35
rg04_theta15p195_foilpm3	3.0	dense_half	0.7925079597096886	0.799882977665665	31
rg04_theta15p195_foilpm3	3.0	dense_half	0.799882977665665	0.8072579956216412	36
rg04_theta15p195_foilpm3	3.0	dense_half	0.8072579956216412	0.8146330135776175	26
rg04_theta15p195_foilpm3	3.0	dense_half	0.8146330135776175	0.8220080315335939	22
rg04_theta15p195_foilpm3	3.0	dense_half	0.8220080315335939	0.8293830494895702	15
rg04_theta15p195_foilpm3	3.0	dense_half	0.8293830494895702	0.8367580674455465	20
rg04_theta15p195_foilpm3	3.0	dense_half	0.8367580674455465	0.8441330854015229	18
rg04_theta15p195_foilpm3	3.0	dense_half	0.8441330854015229	0.8515081033574992	23
rg04_theta15p195_foilpm3	3.0	dense_half	0.8515081033574992	0.8588831213134754	23
rg04_theta15p195_foilpm3	3.0	dense_half	0.8588831213134754	0.8662581392694518	24
rg04_theta15p195_foilpm3	3.0	dense_half	0.8662581392694518	0.8736331572254281	15
rg04_theta15p195_foilpm3	3.0	dense_half	0.8736331572254281	0.8810081751814044	19
rg04_theta15p195_foilpm3	3.0	dense_half	0.8810081751814044	0.8883831931373808	20
rg04_theta15p195_foilpm3	3.0	dense_half	0.8883831931373808	0.8957582110933571	15
rg04_theta15p195_foilpm3	3.0	dense_half	0.8957582110933571	0.9031332290493334	2
rg04_theta15p195_foilpm3	3.0	dense_half	0.9031332290493334	0.9105082470053096	7
rg04_theta15p195_foilpm3	3.0	dense_half	0.9105082470053096	0.917883264961286	1
rg04_theta15p195_foilpm3	3.0	dense_half	0.917883264961286	0.9252582829172623	3
rg04_theta15p195_foilpm3	3.0	dense_half	0.9252582829172623	0.9326333008732386	3
rg04_theta15p195_foilpm3	3.0	dense_half	0.9326333008732386	0.940008318829215	7
rg04_theta15p195_foilpm3	3.0	dense_half	0.940008318829215	0.9473833367851913	3
rg04_theta15p195_foilpm3	3.0	dense_half	0.9473833367851913	0.9547583547411675	2
rg04_theta15p195_foilpm3	3.0	dense_half	0.9547583547411675	0.9621333726971439	2
rg04_theta15p195_foilpm3	3.0	dense_half	0.9621333726971439	0.9695083906531202	0
rg04_theta15p195_foilpm3	3.0	outer_core	0.23200659505548848	0.2393816130114648	0
rg04_theta15p195_foilpm3	3.0	outer_core	0.2393816130114648	0.24675663096744113	1
rg04_theta15p195_foilpm3	3.0	outer_core	0.24675663096744113	0.25413164892341744	6
rg04_theta15p195_foilpm3	3.0	outer_core	0.25413164892341744	0.2615066668793938	8
rg04_theta15p195_foilpm3	3.0	outer_core	0.2615066668793938	0.26888168483537006	5
rg04_theta15p195_foilpm3	3.0	outer_core	0.26888168483537006	0.2762567027913464	2
rg04_theta15p195_foilpm3	3.0	outer_core	0.2762567027913464	0.2836317207473227	7
rg04_theta15p195_foilpm3	3.0	outer_core	0.2836317207473227	0.291006738703299	8
rg04_theta15p195_foilpm3	3.0	outer_core	0.291006738703299	0.29838175665927535	7
rg04_theta15p195_foilpm3	3.0	outer_core	0.29838175665927535	0.30575677461525164	10
rg04_theta15p195_foilpm3	3.0	outer_core	0.30575677461525164	0.313131792571228	8
rg04_theta15p195_foilpm3	3.0	outer_core	0.313131792571228	0.3205068105272043	17
rg04_theta15p195_foilpm3	3.0	outer_core	0.3205068105272043	0.3278818284831806	17
rg04_theta15p195_foilpm3	3.0	outer_core	0.3278818284831806	0.33525684643915693	12
rg04_theta15p195_foilpm3	3.0	outer_core	0.33525684643915693	0.34263186439513327	26
rg04_theta15p195_foilpm3	3.0	outer_core	0.34263186439513327	0.35000688235110955	19
rg04_theta15p195_foilpm3	3.0	outer_core	0.35000688235110955	0.3573819003070859	25
rg04_theta15p195_foilpm3	3.0	outer_core	0.3573819003070859	0.3647569182630622	23
rg04_theta15p195_foilpm3	3.0	outer_core	0.3647569182630622	0.3721319362190385	25
rg04_theta15p195_foilpm3	3.0	outer_core	0.3721319362190385	0.37950695417501484	33
rg04_theta15p195_foilpm3	3.0	outer_core	0.37950695417501484	0.3868819721309912	24
rg04_theta15p195_foilpm3	3.0	outer_core	0.3868819721309912	0.39425699008696746	43
rg04_theta15p195_foilpm3	3.0	outer_core	0.39425699008696746	0.40163200804294374	36
rg04_theta15p195_foilpm3	3.0	outer_core	0.40163200804294374	0.40900702599892014	35
rg04_theta15p195_foilpm3	3.0	outer_core	0.40900702599892014	0.4163820439548964	45
rg04_theta15p195_foilpm3	3.0	outer_core	0.4163820439548964	0.4237570619108727	55
rg04_theta15p195_foilpm3	3.0	outer_core	0.4237570619108727	0.4311320798668491	50
rg04_theta15p195_foilpm3	3.0	outer_core	0.4311320798668491	0.4385070978228254	54
rg04_theta15p195_foilpm3	3.0	outer_core	0.4385070978228254	0.44588211577880166	59
rg04_theta15p195_foilpm3	3.0	outer_core	0.44588211577880166	0.453257133734778	62
rg04_theta15p195_foilpm3	3.0	outer_core	0.453257133734778	0.46063215169075433	61
rg04_theta15p195_foilpm3	3.0	outer_core	0.46063215169075433	0.4680071696467306	71
rg04_theta15p195_foilpm3	3.0	outer_core	0.4680071696467306	0.47538218760270695	82
rg04_theta15p195_foilpm3	3.0	outer_core	0.47538218760270695	0.4827572055586833	75
rg04_theta15p195_foilpm3	3.0	outer_core	0.4827572055586833	0.49013222351465957	76
rg04_theta15p195_foilpm3	3.0	outer_core	0.49013222351465957	0.4975072414706359	74
rg04_theta15p195_foilpm3	3.0	outer_core	0.4975072414706359	0.5048822594266122	78
rg04_theta15p195_foilpm3	3.0	outer_core	0.5048822594266122	0.5122572773825885	88
rg04_theta15p195_foilpm3	3.0	outer_core	0.5122572773825885	0.5196322953385648	112
rg04_theta15p195_foilpm3	3.0	outer_core	0.5196322953385648	0.5270073132945412	87
rg04_theta15p195_foilpm3	3.0	outer_core	0.5270073132945412	0.5343823312505175	88
rg04_theta15p195_foilpm3	3.0	outer_core	0.5343823312505175	0.5417573492064938	102
rg04_theta15p195_foilpm3	3.0	outer_core	0.5417573492064938	0.5491323671624702	94
rg04_theta15p195_foilpm3	3.0	outer_core	0.5491323671624702	0.5565073851184464	79
rg04_theta15p195_foilpm3	3.0	outer_core	0.5565073851184464	0.5638824030744227	88
rg04_theta15p195_foilpm3	3.0	outer_core	0.5638824030744227	0.5712574210303991	104
rg04_theta15p195_foilpm3	3.0	outer_core	0.5712574210303991	0.5786324389863754	98
rg04_theta15p195_foilpm3	3.0	outer_core	0.5786324389863754	0.5860074569423517	109
rg04_theta15p195_foilpm3	3.0	outer_core	0.5860074569423517	0.5933824748983281	102
rg04_theta15p195_foilpm3	3.0	outer_core	0.5933824748983281	0.6007574928543044	103
rg04_theta15p195_foilpm3	3.0	outer_core	0.6007574928543044	0.6081325108102806	93
rg04_theta15p195_foilpm3	3.0	outer_core	0.6081325108102806	0.615507528766257	102
rg04_theta15p195_foilpm3	3.0	outer_core	0.615507528766257	0.6228825467222333	103
rg04_theta15p195_foilpm3	3.0	outer_core	0.6228825467222333	0.6302575646782096	88
rg04_theta15p195_foilpm3	3.0	outer_core	0.6302575646782096	0.637632582634186	96
rg04_theta15p195_foilpm3	3.0	outer_core	0.637632582634186	0.6450076005901623	74
rg04_theta15p195_foilpm3	3.0	outer_core	0.6450076005901623	0.6523826185461385	78
rg04_theta15p195_foilpm3	3.0	outer_core	0.6523826185461385	0.6597576365021149	86
rg04_theta15p195_foilpm3	3.0	outer_core	0.6597576365021149	0.6671326544580912	92
rg04_theta15p195_foilpm3	3.0	outer_core	0.6671326544580912	0.6745076724140675	80
rg04_theta15p195_foilpm3	3.0	outer_core	0.6745076724140675	0.6818826903700439	80
rg04_theta15p195_foilpm3	3.0	outer_core	0.6818826903700439	0.6892577083260202	80
rg04_theta15p195_foilpm3	3.0	outer_core	0.6892577083260202	0.6966327262819965	69
rg04_theta15p195_foilpm3	3.0	outer_core	0.6966327262819965	0.7040077442379729	71
rg04_theta15p195_foilpm3	3.0	outer_core	0.7040077442379729	0.7113827621939491	82
rg04_theta15p195_foilpm3	3.0	outer_core	0.7113827621939491	0.7187577801499254	77
rg04_theta15p195_foilpm3	3.0	outer_core	0.7187577801499254	0.7261327981059018	64
rg04_theta15p195_foilpm3	3.0	outer_core	0.7261327981059018	0.7335078160618781	54
rg04_theta15p195_foilpm3	3.0	outer_core	0.7335078160618781	0.7408828340178544	57
rg04_theta15p195_foilpm3	3.0	outer_core	0.7408828340178544	0.7482578519738307	64
rg04_theta15p195_foilpm3	3.0	outer_core	0.7482578519738307	0.755632869929807	50
rg04_theta15p195_foilpm3	3.0	outer_core	0.755632869929807	0.7630078878857833	54
rg04_theta15p195_foilpm3	3.0	outer_core	0.7630078878857833	0.7703829058417596	54
rg04_theta15p195_foilpm3	3.0	outer_core	0.7703829058417596	0.777757923797736	42
rg04_theta15p195_foilpm3	3.0	outer_core	0.777757923797736	0.7851329417537123	51
rg04_theta15p195_foilpm3	3.0	outer_core	0.7851329417537123	0.7925079597096886	47
rg04_theta15p195_foilpm3	3.0	outer_core	0.7925079597096886	0.799882977665665	28
rg04_theta15p195_foilpm3	3.0	outer_core	0.799882977665665	0.8072579956216412	36
rg04_theta15p195_foilpm3	3.0	outer_core	0.8072579956216412	0.8146330135776175	21
rg04_theta15p195_foilpm3	3.0	outer_core	0.8146330135776175	0.8220080315335939	28
rg04_theta15p195_foilpm3	3.0	outer_core	0.8220080315335939	0.8293830494895702	29
rg04_theta15p195_foilpm3	3.0	outer_core	0.8293830494895702	0.8367580674455465	30
rg04_theta15p195_foilpm3	3.0	outer_core	0.8367580674455465	0.8441330854015229	24
rg04_theta15p195_foilpm3	3.0	outer_core	0.8441330854015229	0.8515081033574992	24
rg04_theta15p195_foilpm3	3.0	outer_core	0.8515081033574992	0.8588831213134754	18
rg04_theta15p195_foilpm3	3.0	outer_core	0.8588831213134754	0.8662581392694518	26
rg04_theta15p195_foilpm3	3.0	outer_core	0.8662581392694518	0.8736331572254281	14
rg04_theta15p195_foilpm3	3.0	outer_core	0.8736331572254281	0.8810081751814044	25
rg04_theta15p195_foilpm3	3.0	outer_core	0.8810081751814044	0.8883831931373808	19
rg04_theta15p195_foilpm3	3.0	outer_core	0.8883831931373808	0.8957582110933571	10
rg04_theta15p195_foilpm3	3.0	outer_core	0.8957582110933571	0.9031332290493334	3
rg04_theta15p195_foilpm3	3.0	outer_core	0.9031332290493334	0.9105082470053096	7
rg04_theta15p195_foilpm3	3.0	outer_core	0.9105082470053096	0.917883264961286	5
rg04_theta15p195_foilpm3	3.0	outer_core	0.917883264961286	0.9252582829172623	2
rg04_theta15p195_foilpm3	3.0	outer_core	0.9252582829172623	0.9326333008732386	2
rg04_theta15p195_foilpm3	3.0	outer_core	0.9326333008732386	0.940008318829215	2
rg04_theta15p195_foilpm3	3.0	outer_core	0.940008318829215	0.9473833367851913	2
rg04_theta15p195_foilpm3	3.0	outer_core	0.9473833367851913	0.9547583547411675	3
rg04_theta15p195_foilpm3	3.0	outer_core	0.9547583547411675	0.9621333726971439	0
rg04_theta15p195_foilpm3	3.0	outer_core	0.9621333726971439	0.9695083906531202	0
rg04_theta15p195_foilpm3	3.0	shoulders	0.23200659505548848	0.2393816130114648	0
rg04_theta15p195_foilpm3	3.0	shoulders	0.2393816130114648	0.24675663096744113	0
rg04_theta15p195_foilpm3	3.0	shoulders	0.24675663096744113	0.25413164892341744	1
rg04_theta15p195_foilpm3	3.0	shoulders	0.25413164892341744	0.2615066668793938	4
rg04_theta15p195_foilpm3	3.0	shoulders	0.2615066668793938	0.26888168483537006	3
rg04_theta15p195_foilpm3	3.0	shoulders	0.26888168483537006	0.2762567027913464	4
rg04_theta15p195_foilpm3	3.0	shoulders	0.2762567027913464	0.2836317207473227	7
rg04_theta15p195_foilpm3	3.0	shoulders	0.2836317207473227	0.291006738703299	4
rg04_theta15p195_foilpm3	3.0	shoulders	0.291006738703299	0.29838175665927535	9
rg04_theta15p195_foilpm3	3.0	shoulders	0.29838175665927535	0.30575677461525164	6
rg04_theta15p195_foilpm3	3.0	shoulders	0.30575677461525164	0.313131792571228	1
rg04_theta15p195_foilpm3	3.0	shoulders	0.313131792571228	0.3205068105272043	7
rg04_theta15p195_foilpm3	3.0	shoulders	0.3205068105272043	0.3278818284831806	15
rg04_theta15p195_foilpm3	3.0	shoulders	0.3278818284831806	0.33525684643915693	9
rg04_theta15p195_foilpm3	3.0	shoulders	0.33525684643915693	0.34263186439513327	9
rg04_theta15p195_foilpm3	3.0	shoulders	0.34263186439513327	0.35000688235110955	17
rg04_theta15p195_foilpm3	3.0	shoulders	0.35000688235110955	0.3573819003070859	23
rg04_theta15p195_foilpm3	3.0	shoulders	0.3573819003070859	0.3647569182630622	7
rg04_theta15p195_foilpm3	3.0	shoulders	0.3647569182630622	0.3721319362190385	26
rg04_theta15p195_foilpm3	3.0	shoulders	0.3721319362190385	0.37950695417501484	19
rg04_theta15p195_foilpm3	3.0	shoulders	0.37950695417501484	0.3868819721309912	21
rg04_theta15p195_foilpm3	3.0	shoulders	0.3868819721309912	0.39425699008696746	37
rg04_theta15p195_foilpm3	3.0	shoulders	0.39425699008696746	0.40163200804294374	20
rg04_theta15p195_foilpm3	3.0	shoulders	0.40163200804294374	0.40900702599892014	32
rg04_theta15p195_foilpm3	3.0	shoulders	0.40900702599892014	0.4163820439548964	32
rg04_theta15p195_foilpm3	3.0	shoulders	0.4163820439548964	0.4237570619108727	29
rg04_theta15p195_foilpm3	3.0	shoulders	0.4237570619108727	0.4311320798668491	27
rg04_theta15p195_foilpm3	3.0	shoulders	0.4311320798668491	0.4385070978228254	34
rg04_theta15p195_foilpm3	3.0	shoulders	0.4385070978228254	0.44588211577880166	31
rg04_theta15p195_foilpm3	3.0	shoulders	0.44588211577880166	0.453257133734778	34
rg04_theta15p195_foilpm3	3.0	shoulders	0.453257133734778	0.46063215169075433	33
rg04_theta15p195_foilpm3	3.0	shoulders	0.46063215169075433	0.4680071696467306	30
rg04_theta15p195_foilpm3	3.0	shoulders	0.4680071696467306	0.47538218760270695	37
rg04_theta15p195_foilpm3	3.0	shoulders	0.47538218760270695	0.4827572055586833	30
rg04_theta15p195_foilpm3	3.0	shoulders	0.4827572055586833	0.49013222351465957	28
rg04_theta15p195_foilpm3	3.0	shoulders	0.49013222351465957	0.4975072414706359	36
rg04_theta15p195_foilpm3	3.0	shoulders	0.4975072414706359	0.5048822594266122	33
rg04_theta15p195_foilpm3	3.0	shoulders	0.5048822594266122	0.5122572773825885	37
rg04_theta15p195_foilpm3	3.0	shoulders	0.5122572773825885	0.5196322953385648	53
rg04_theta15p195_foilpm3	3.0	shoulders	0.5196322953385648	0.5270073132945412	40
rg04_theta15p195_foilpm3	3.0	shoulders	0.5270073132945412	0.5343823312505175	40
rg04_theta15p195_foilpm3	3.0	shoulders	0.5343823312505175	0.5417573492064938	39
rg04_theta15p195_foilpm3	3.0	shoulders	0.5417573492064938	0.5491323671624702	46
rg04_theta15p195_foilpm3	3.0	shoulders	0.5491323671624702	0.5565073851184464	32
rg04_theta15p195_foilpm3	3.0	shoulders	0.5565073851184464	0.5638824030744227	34
rg04_theta15p195_foilpm3	3.0	shoulders	0.5638824030744227	0.5712574210303991	45
rg04_theta15p195_foilpm3	3.0	shoulders	0.5712574210303991	0.5786324389863754	38
rg04_theta15p195_foilpm3	3.0	shoulders	0.5786324389863754	0.5860074569423517	45
rg04_theta15p195_foilpm3	3.0	shoulders	0.5860074569423517	0.5933824748983281	53
rg04_theta15p195_foilpm3	3.0	shoulders	0.5933824748983281	0.6007574928543044	45
rg04_theta15p195_foilpm3	3.0	shoulders	0.6007574928543044	0.6081325108102806	31
rg04_theta15p195_foilpm3	3.0	shoulders	0.6081325108102806	0.615507528766257	39
rg04_theta15p195_foilpm3	3.0	shoulders	0.615507528766257	0.6228825467222333	49
rg04_theta15p195_foilpm3	3.0	shoulders	0.6228825467222333	0.6302575646782096	37
rg04_theta15p195_foilpm3	3.0	shoulders	0.6302575646782096	0.637632582634186	40
rg04_theta15p195_foilpm3	3.0	shoulders	0.637632582634186	0.6450076005901623	37
rg04_theta15p195_foilpm3	3.0	shoulders	0.6450076005901623	0.6523826185461385	26
rg04_theta15p195_foilpm3	3.0	shoulders	0.6523826185461385	0.6597576365021149	36
rg04_theta15p195_foilpm3	3.0	shoulders	0.6597576365021149	0.6671326544580912	41
rg04_theta15p195_foilpm3	3.0	shoulders	0.6671326544580912	0.6745076724140675	38
rg04_theta15p195_foilpm3	3.0	shoulders	0.6745076724140675	0.6818826903700439	30
rg04_theta15p195_foilpm3	3.0	shoulders	0.6818826903700439	0.6892577083260202	36
rg04_theta15p195_foilpm3	3.0	shoulders	0.6892577083260202	0.6966327262819965	41
rg04_theta15p195_foilpm3	3.0	shoulders	0.6966327262819965	0.7040077442379729	28
rg04_theta15p195_foilpm3	3.0	shoulders	0.7040077442379729	0.7113827621939491	38
rg04_theta15p195_foilpm3	3.0	shoulders	0.7113827621939491	0.7187577801499254	31
rg04_theta15p195_foilpm3	3.0	shoulders	0.7187577801499254	0.7261327981059018	40
rg04_theta15p195_foilpm3	3.0	shoulders	0.7261327981059018	0.7335078160618781	30
rg04_theta15p195_foilpm3	3.0	shoulders	0.7335078160618781	0.7408828340178544	31
rg04_theta15p195_foilpm3	3.0	shoulders	0.7408828340178544	0.7482578519738307	25
rg04_theta15p195_foilpm3	3.0	shoulders	0.7482578519738307	0.755632869929807	34
rg04_theta15p195_foilpm3	3.0	shoulders	0.755632869929807	0.7630078878857833	26
rg04_theta15p195_foilpm3	3.0	shoulders	0.7630078878857833	0.7703829058417596	22
rg04_theta15p195_foilpm3	3.0	shoulders	0.7703829058417596	0.777757923797736	25
rg04_theta15p195_foilpm3	3.0	shoulders	0.777757923797736	0.7851329417537123	18
rg04_theta15p195_foilpm3	3.0	shoulders	0.7851329417537123	0.7925079597096886	21
rg04_theta15p195_foilpm3	3.0	shoulders	0.7925079597096886	0.799882977665665	15
rg04_theta15p195_foilpm3	3.0	shoulders	0.799882977665665	0.8072579956216412	21
rg04_theta15p195_foilpm3	3.0	shoulders	0.8072579956216412	0.8146330135776175	13
rg04_theta15p195_foilpm3	3.0	shoulders	0.8146330135776175	0.8220080315335939	9
rg04_theta15p195_foilpm3	3.0	shoulders	0.8220080315335939	0.8293830494895702	9
rg04_theta15p195_foilpm3	3.0	shoulders	0.8293830494895702	0.8367580674455465	15
rg04_theta15p195_foilpm3	3.0	shoulders	0.8367580674455465	0.8441330854015229	17
rg04_theta15p195_foilpm3	3.0	shoulders	0.8441330854015229	0.8515081033574992	12
rg04_theta15p195_foilpm3	3.0	shoulders	0.8515081033574992	0.8588831213134754	10
rg04_theta15p195_foilpm3	3.0	shoulders	0.8588831213134754	0.8662581392694518	11
rg04_theta15p195_foilpm3	3.0	shoulders	0.8662581392694518	0.8736331572254281	11
rg04_theta15p195_foilpm3	3.0	shoulders	0.8736331572254281	0.8810081751814044	11
rg04_theta15p195_foilpm3	3.0	shoulders	0.8810081751814044	0.8883831931373808	11
rg04_theta15p195_foilpm3	3.0	shoulders	0.8883831931373808	0.8957582110933571	5
rg04_theta15p195_foilpm3	3.0	shoulders	0.8957582110933571	0.9031332290493334	5
rg04_theta15p195_foilpm3	3.0	shoulders	0.9031332290493334	0.9105082470053096	5
rg04_theta15p195_foilpm3	3.0	shoulders	0.9105082470053096	0.917883264961286	6
rg04_theta15p195_foilpm3	3.0	shoulders	0.917883264961286	0.9252582829172623	4
rg04_theta15p195_foilpm3	3.0	shoulders	0.9252582829172623	0.9326333008732386	1
rg04_theta15p195_foilpm3	3.0	shoulders	0.9326333008732386	0.940008318829215	1
rg04_theta15p195_foilpm3	3.0	shoulders	0.940008318829215	0.9473833367851913	4
rg04_theta15p195_foilpm3	3.0	shoulders	0.9473833367851913	0.9547583547411675	5
rg04_theta15p195_foilpm3	3.0	shoulders	0.9547583547411675	0.9621333726971439	0
rg04_theta15p195_foilpm3	3.0	shoulders	0.9621333726971439	0.9695083906531202	0
rg04_theta15p195_foilpm3	3.0	unsupported	0.23200659505548848	0.2393816130114648	0
rg04_theta15p195_foilpm3	3.0	unsupported	0.2393816130114648	0.24675663096744113	0
rg04_theta15p195_foilpm3	3.0	unsupported	0.24675663096744113	0.25413164892341744	0
rg04_theta15p195_foilpm3	3.0	unsupported	0.25413164892341744	0.2615066668793938	0
rg04_theta15p195_foilpm3	3.0	unsupported	0.2615066668793938	0.26888168483537006	0
rg04_theta15p195_foilpm3	3.0	unsupported	0.26888168483537006	0.2762567027913464	2
rg04_theta15p195_foilpm3	3.0	unsupported	0.2762567027913464	0.2836317207473227	0
rg04_theta15p195_foilpm3	3.0	unsupported	0.2836317207473227	0.291006738703299	2
rg04_theta15p195_foilpm3	3.0	unsupported	0.291006738703299	0.29838175665927535	2
rg04_theta15p195_foilpm3	3.0	unsupported	0.29838175665927535	0.30575677461525164	0
rg04_theta15p195_foilpm3	3.0	unsupported	0.30575677461525164	0.313131792571228	1
rg04_theta15p195_foilpm3	3.0	unsupported	0.313131792571228	0.3205068105272043	0
rg04_theta15p195_foilpm3	3.0	unsupported	0.3205068105272043	0.3278818284831806	3
rg04_theta15p195_foilpm3	3.0	unsupported	0.3278818284831806	0.33525684643915693	1
rg04_theta15p195_foilpm3	3.0	unsupported	0.33525684643915693	0.34263186439513327	3
rg04_theta15p195_foilpm3	3.0	unsupported	0.34263186439513327	0.35000688235110955	2
rg04_theta15p195_foilpm3	3.0	unsupported	0.35000688235110955	0.3573819003070859	1
rg04_theta15p195_foilpm3	3.0	unsupported	0.3573819003070859	0.3647569182630622	3
rg04_theta15p195_foilpm3	3.0	unsupported	0.3647569182630622	0.3721319362190385	3
rg04_theta15p195_foilpm3	3.0	unsupported	0.3721319362190385	0.37950695417501484	4
rg04_theta15p195_foilpm3	3.0	unsupported	0.37950695417501484	0.3868819721309912	1
rg04_theta15p195_foilpm3	3.0	unsupported	0.3868819721309912	0.39425699008696746	4
rg04_theta15p195_foilpm3	3.0	unsupported	0.39425699008696746	0.40163200804294374	2
rg04_theta15p195_foilpm3	3.0	unsupported	0.40163200804294374	0.40900702599892014	1
rg04_theta15p195_foilpm3	3.0	unsupported	0.40900702599892014	0.4163820439548964	3
rg04_theta15p195_foilpm3	3.0	unsupported	0.4163820439548964	0.4237570619108727	4
rg04_theta15p195_foilpm3	3.0	unsupported	0.4237570619108727	0.4311320798668491	2
rg04_theta15p195_foilpm3	3.0	unsupported	0.4311320798668491	0.4385070978228254	3
rg04_theta15p195_foilpm3	3.0	unsupported	0.4385070978228254	0.44588211577880166	3
rg04_theta15p195_foilpm3	3.0	unsupported	0.44588211577880166	0.453257133734778	7
rg04_theta15p195_foilpm3	3.0	unsupported	0.453257133734778	0.46063215169075433	4
rg04_theta15p195_foilpm3	3.0	unsupported	0.46063215169075433	0.4680071696467306	4
rg04_theta15p195_foilpm3	3.0	unsupported	0.4680071696467306	0.47538218760270695	3
rg04_theta15p195_foilpm3	3.0	unsupported	0.47538218760270695	0.4827572055586833	4
rg04_theta15p195_foilpm3	3.0	unsupported	0.4827572055586833	0.49013222351465957	4
rg04_theta15p195_foilpm3	3.0	unsupported	0.49013222351465957	0.4975072414706359	2
rg04_theta15p195_foilpm3	3.0	unsupported	0.4975072414706359	0.5048822594266122	2
rg04_theta15p195_foilpm3	3.0	unsupported	0.5048822594266122	0.5122572773825885	5
rg04_theta15p195_foilpm3	3.0	unsupported	0.5122572773825885	0.5196322953385648	8
rg04_theta15p195_foilpm3	3.0	unsupported	0.5196322953385648	0.5270073132945412	4
rg04_theta15p195_foilpm3	3.0	unsupported	0.5270073132945412	0.5343823312505175	2
rg04_theta15p195_foilpm3	3.0	unsupported	0.5343823312505175	0.5417573492064938	4
rg04_theta15p195_foilpm3	3.0	unsupported	0.5417573492064938	0.5491323671624702	3
rg04_theta15p195_foilpm3	3.0	unsupported	0.5491323671624702	0.5565073851184464	4
rg04_theta15p195_foilpm3	3.0	unsupported	0.5565073851184464	0.5638824030744227	7
rg04_theta15p195_foilpm3	3.0	unsupported	0.5638824030744227	0.5712574210303991	9
rg04_theta15p195_foilpm3	3.0	unsupported	0.5712574210303991	0.5786324389863754	10
rg04_theta15p195_foilpm3	3.0	unsupported	0.5786324389863754	0.5860074569423517	6
rg04_theta15p195_foilpm3	3.0	unsupported	0.5860074569423517	0.5933824748983281	4
rg04_theta15p195_foilpm3	3.0	unsupported	0.5933824748983281	0.6007574928543044	4
rg04_theta15p195_foilpm3	3.0	unsupported	0.6007574928543044	0.6081325108102806	5
rg04_theta15p195_foilpm3	3.0	unsupported	0.6081325108102806	0.615507528766257	6
rg04_theta15p195_foilpm3	3.0	unsupported	0.615507528766257	0.6228825467222333	9
rg04_theta15p195_foilpm3	3.0	unsupported	0.6228825467222333	0.6302575646782096	10
rg04_theta15p195_foilpm3	3.0	unsupported	0.6302575646782096	0.637632582634186	8
rg04_theta15p195_foilpm3	3.0	unsupported	0.637632582634186	0.6450076005901623	10
rg04_theta15p195_foilpm3	3.0	unsupported	0.6450076005901623	0.6523826185461385	4
rg04_theta15p195_foilpm3	3.0	unsupported	0.6523826185461385	0.6597576365021149	9
rg04_theta15p195_foilpm3	3.0	unsupported	0.6597576365021149	0.6671326544580912	5
rg04_theta15p195_foilpm3	3.0	unsupported	0.6671326544580912	0.6745076724140675	2
rg04_theta15p195_foilpm3	3.0	unsupported	0.6745076724140675	0.6818826903700439	4
rg04_theta15p195_foilpm3	3.0	unsupported	0.6818826903700439	0.6892577083260202	4
rg04_theta15p195_foilpm3	3.0	unsupported	0.6892577083260202	0.6966327262819965	4
rg04_theta15p195_foilpm3	3.0	unsupported	0.6966327262819965	0.7040077442379729	9
rg04_theta15p195_foilpm3	3.0	unsupported	0.7040077442379729	0.7113827621939491	2
rg04_theta15p195_foilpm3	3.0	unsupported	0.7113827621939491	0.7187577801499254	4
rg04_theta15p195_foilpm3	3.0	unsupported	0.7187577801499254	0.7261327981059018	10
rg04_theta15p195_foilpm3	3.0	unsupported	0.7261327981059018	0.7335078160618781	11
rg04_theta15p195_foilpm3	3.0	unsupported	0.7335078160618781	0.7408828340178544	8
rg04_theta15p195_foilpm3	3.0	unsupported	0.7408828340178544	0.7482578519738307	3
rg04_theta15p195_foilpm3	3.0	unsupported	0.7482578519738307	0.755632869929807	5
rg04_theta15p195_foilpm3	3.0	unsupported	0.755632869929807	0.7630078878857833	5
rg04_theta15p195_foilpm3	3.0	unsupported	0.7630078878857833	0.7703829058417596	2
rg04_theta15p195_foilpm3	3.0	unsupported	0.7703829058417596	0.777757923797736	4
rg04_theta15p195_foilpm3	3.0	unsupported	0.777757923797736	0.7851329417537123	3
rg04_theta15p195_foilpm3	3.0	unsupported	0.7851329417537123	0.7925079597096886	5
rg04_theta15p195_foilpm3	3.0	unsupported	0.7925079597096886	0.799882977665665	2
rg04_theta15p195_foilpm3	3.0	unsupported	0.799882977665665	0.8072579956216412	1
rg04_theta15p195_foilpm3	3.0	unsupported	0.8072579956216412	0.8146330135776175	1
rg04_theta15p195_foilpm3	3.0	unsupported	0.8146330135776175	0.8220080315335939	3
rg04_theta15p195_foilpm3	3.0	unsupported	0.8220080315335939	0.8293830494895702	0
rg04_theta15p195_foilpm3	3.0	unsupported	0.8293830494895702	0.8367580674455465	0
rg04_theta15p195_foilpm3	3.0	unsupported	0.8367580674455465	0.8441330854015229	4
rg04_theta15p195_foilpm3	3.0	unsupported	0.8441330854015229	0.8515081033574992	0
rg04_theta15p195_foilpm3	3.0	unsupported	0.8515081033574992	0.8588831213134754	2
rg04_theta15p195_foilpm3	3.0	unsupported	0.8588831213134754	0.8662581392694518	0
rg04_theta15p195_foilpm3	3.0	unsupported	0.8662581392694518	0.8736331572254281	1
rg04_theta15p195_foilpm3	3.0	unsupported	0.8736331572254281	0.8810081751814044	1
rg04_theta15p195_foilpm3	3.0	unsupported	0.8810081751814044	0.8883831931373808	3
rg04_theta15p195_foilpm3	3.0	unsupported	0.8883831931373808	0.8957582110933571	0
rg04_theta15p195_foilpm3	3.0	unsupported	0.8957582110933571	0.9031332290493334	0
rg04_theta15p195_foilpm3	3.0	unsupported	0.9031332290493334	0.9105082470053096	1
rg04_theta15p195_foilpm3	3.0	unsupported	0.9105082470053096	0.917883264961286	0
rg04_theta15p195_foilpm3	3.0	unsupported	0.917883264961286	0.9252582829172623	0
rg04_theta15p195_foilpm3	3.0	unsupported	0.9252582829172623	0.9326333008732386	0
rg04_theta15p195_foilpm3	3.0	unsupported	0.9326333008732386	0.940008318829215	1
rg04_theta15p195_foilpm3	3.0	unsupported	0.940008318829215	0.9473833367851913	0
rg04_theta15p195_foilpm3	3.0	unsupported	0.9473833367851913	0.9547583547411675	0
rg04_theta15p195_foilpm3	3.0	unsupported	0.9547583547411675	0.9621333726971439	0
rg04_theta15p195_foilpm3	3.0	unsupported	0.9621333726971439	0.9695083906531202	0
rg04_theta15p195_foilpm3	3.0	out_of_core	0.23200659505548848	0.2393816130114648	0
rg04_theta15p195_foilpm3	3.0	out_of_core	0.2393816130114648	0.24675663096744113	0
rg04_theta15p195_foilpm3	3.0	out_of_core	0.24675663096744113	0.25413164892341744	1
rg04_theta15p195_foilpm3	3.0	out_of_core	0.25413164892341744	0.2615066668793938	4
rg04_theta15p195_foilpm3	3.0	out_of_core	0.2615066668793938	0.26888168483537006	3
rg04_theta15p195_foilpm3	3.0	out_of_core	0.26888168483537006	0.2762567027913464	6
rg04_theta15p195_foilpm3	3.0	out_of_core	0.2762567027913464	0.2836317207473227	7
rg04_theta15p195_foilpm3	3.0	out_of_core	0.2836317207473227	0.291006738703299	6
rg04_theta15p195_foilpm3	3.0	out_of_core	0.291006738703299	0.29838175665927535	11
rg04_theta15p195_foilpm3	3.0	out_of_core	0.29838175665927535	0.30575677461525164	6
rg04_theta15p195_foilpm3	3.0	out_of_core	0.30575677461525164	0.313131792571228	2
rg04_theta15p195_foilpm3	3.0	out_of_core	0.313131792571228	0.3205068105272043	7
rg04_theta15p195_foilpm3	3.0	out_of_core	0.3205068105272043	0.3278818284831806	18
rg04_theta15p195_foilpm3	3.0	out_of_core	0.3278818284831806	0.33525684643915693	10
rg04_theta15p195_foilpm3	3.0	out_of_core	0.33525684643915693	0.34263186439513327	12
rg04_theta15p195_foilpm3	3.0	out_of_core	0.34263186439513327	0.35000688235110955	19
rg04_theta15p195_foilpm3	3.0	out_of_core	0.35000688235110955	0.3573819003070859	24
rg04_theta15p195_foilpm3	3.0	out_of_core	0.3573819003070859	0.3647569182630622	10
rg04_theta15p195_foilpm3	3.0	out_of_core	0.3647569182630622	0.3721319362190385	29
rg04_theta15p195_foilpm3	3.0	out_of_core	0.3721319362190385	0.37950695417501484	23
rg04_theta15p195_foilpm3	3.0	out_of_core	0.37950695417501484	0.3868819721309912	22
rg04_theta15p195_foilpm3	3.0	out_of_core	0.3868819721309912	0.39425699008696746	41
rg04_theta15p195_foilpm3	3.0	out_of_core	0.39425699008696746	0.40163200804294374	22
rg04_theta15p195_foilpm3	3.0	out_of_core	0.40163200804294374	0.40900702599892014	33
rg04_theta15p195_foilpm3	3.0	out_of_core	0.40900702599892014	0.4163820439548964	35
rg04_theta15p195_foilpm3	3.0	out_of_core	0.4163820439548964	0.4237570619108727	33
rg04_theta15p195_foilpm3	3.0	out_of_core	0.4237570619108727	0.4311320798668491	29
rg04_theta15p195_foilpm3	3.0	out_of_core	0.4311320798668491	0.4385070978228254	37
rg04_theta15p195_foilpm3	3.0	out_of_core	0.4385070978228254	0.44588211577880166	34
rg04_theta15p195_foilpm3	3.0	out_of_core	0.44588211577880166	0.453257133734778	41
rg04_theta15p195_foilpm3	3.0	out_of_core	0.453257133734778	0.46063215169075433	37
rg04_theta15p195_foilpm3	3.0	out_of_core	0.46063215169075433	0.4680071696467306	34
rg04_theta15p195_foilpm3	3.0	out_of_core	0.4680071696467306	0.47538218760270695	40
rg04_theta15p195_foilpm3	3.0	out_of_core	0.47538218760270695	0.4827572055586833	34
rg04_theta15p195_foilpm3	3.0	out_of_core	0.4827572055586833	0.49013222351465957	32
rg04_theta15p195_foilpm3	3.0	out_of_core	0.49013222351465957	0.4975072414706359	38
rg04_theta15p195_foilpm3	3.0	out_of_core	0.4975072414706359	0.5048822594266122	35
rg04_theta15p195_foilpm3	3.0	out_of_core	0.5048822594266122	0.5122572773825885	42
rg04_theta15p195_foilpm3	3.0	out_of_core	0.5122572773825885	0.5196322953385648	61
rg04_theta15p195_foilpm3	3.0	out_of_core	0.5196322953385648	0.5270073132945412	44
rg04_theta15p195_foilpm3	3.0	out_of_core	0.5270073132945412	0.5343823312505175	42
rg04_theta15p195_foilpm3	3.0	out_of_core	0.5343823312505175	0.5417573492064938	43
rg04_theta15p195_foilpm3	3.0	out_of_core	0.5417573492064938	0.5491323671624702	49
rg04_theta15p195_foilpm3	3.0	out_of_core	0.5491323671624702	0.5565073851184464	36
rg04_theta15p195_foilpm3	3.0	out_of_core	0.5565073851184464	0.5638824030744227	41
rg04_theta15p195_foilpm3	3.0	out_of_core	0.5638824030744227	0.5712574210303991	54
rg04_theta15p195_foilpm3	3.0	out_of_core	0.5712574210303991	0.5786324389863754	48
rg04_theta15p195_foilpm3	3.0	out_of_core	0.5786324389863754	0.5860074569423517	51
rg04_theta15p195_foilpm3	3.0	out_of_core	0.5860074569423517	0.5933824748983281	57
rg04_theta15p195_foilpm3	3.0	out_of_core	0.5933824748983281	0.6007574928543044	49
rg04_theta15p195_foilpm3	3.0	out_of_core	0.6007574928543044	0.6081325108102806	36
rg04_theta15p195_foilpm3	3.0	out_of_core	0.6081325108102806	0.615507528766257	45
rg04_theta15p195_foilpm3	3.0	out_of_core	0.615507528766257	0.6228825467222333	58
rg04_theta15p195_foilpm3	3.0	out_of_core	0.6228825467222333	0.6302575646782096	47
rg04_theta15p195_foilpm3	3.0	out_of_core	0.6302575646782096	0.637632582634186	48
rg04_theta15p195_foilpm3	3.0	out_of_core	0.637632582634186	0.6450076005901623	47
rg04_theta15p195_foilpm3	3.0	out_of_core	0.6450076005901623	0.6523826185461385	30
rg04_theta15p195_foilpm3	3.0	out_of_core	0.6523826185461385	0.6597576365021149	45
rg04_theta15p195_foilpm3	3.0	out_of_core	0.6597576365021149	0.6671326544580912	46
rg04_theta15p195_foilpm3	3.0	out_of_core	0.6671326544580912	0.6745076724140675	40
rg04_theta15p195_foilpm3	3.0	out_of_core	0.6745076724140675	0.6818826903700439	34
rg04_theta15p195_foilpm3	3.0	out_of_core	0.6818826903700439	0.6892577083260202	40
rg04_theta15p195_foilpm3	3.0	out_of_core	0.6892577083260202	0.6966327262819965	45
rg04_theta15p195_foilpm3	3.0	out_of_core	0.6966327262819965	0.7040077442379729	37
rg04_theta15p195_foilpm3	3.0	out_of_core	0.7040077442379729	0.7113827621939491	40
rg04_theta15p195_foilpm3	3.0	out_of_core	0.7113827621939491	0.7187577801499254	35
rg04_theta15p195_foilpm3	3.0	out_of_core	0.7187577801499254	0.7261327981059018	50
rg04_theta15p195_foilpm3	3.0	out_of_core	0.7261327981059018	0.7335078160618781	41
rg04_theta15p195_foilpm3	3.0	out_of_core	0.7335078160618781	0.7408828340178544	39
rg04_theta15p195_foilpm3	3.0	out_of_core	0.7408828340178544	0.7482578519738307	28
rg04_theta15p195_foilpm3	3.0	out_of_core	0.7482578519738307	0.755632869929807	39
rg04_theta15p195_foilpm3	3.0	out_of_core	0.755632869929807	0.7630078878857833	31
rg04_theta15p195_foilpm3	3.0	out_of_core	0.7630078878857833	0.7703829058417596	24
rg04_theta15p195_foilpm3	3.0	out_of_core	0.7703829058417596	0.777757923797736	29
rg04_theta15p195_foilpm3	3.0	out_of_core	0.777757923797736	0.7851329417537123	21
rg04_theta15p195_foilpm3	3.0	out_of_core	0.7851329417537123	0.7925079597096886	26
rg04_theta15p195_foilpm3	3.0	out_of_core	0.7925079597096886	0.799882977665665	17
rg04_theta15p195_foilpm3	3.0	out_of_core	0.799882977665665	0.8072579956216412	22
rg04_theta15p195_foilpm3	3.0	out_of_core	0.8072579956216412	0.8146330135776175	14
rg04_theta15p195_foilpm3	3.0	out_of_core	0.8146330135776175	0.8220080315335939	12
rg04_theta15p195_foilpm3	3.0	out_of_core	0.8220080315335939	0.8293830494895702	9
rg04_theta15p195_foilpm3	3.0	out_of_core	0.8293830494895702	0.8367580674455465	15
rg04_theta15p195_foilpm3	3.0	out_of_core	0.8367580674455465	0.8441330854015229	21
rg04_theta15p195_foilpm3	3.0	out_of_core	0.8441330854015229	0.8515081033574992	12
rg04_theta15p195_foilpm3	3.0	out_of_core	0.8515081033574992	0.8588831213134754	12
rg04_theta15p195_foilpm3	3.0	out_of_core	0.8588831213134754	0.8662581392694518	11
rg04_theta15p195_foilpm3	3.0	out_of_core	0.8662581392694518	0.8736331572254281	12
rg04_theta15p195_foilpm3	3.0	out_of_core	0.8736331572254281	0.8810081751814044	12
rg04_theta15p195_foilpm3	3.0	out_of_core	0.8810081751814044	0.8883831931373808	14
rg04_theta15p195_foilpm3	3.0	out_of_core	0.8883831931373808	0.8957582110933571	5
rg04_theta15p195_foilpm3	3.0	out_of_core	0.8957582110933571	0.9031332290493334	5
rg04_theta15p195_foilpm3	3.0	out_of_core	0.9031332290493334	0.9105082470053096	6
rg04_theta15p195_foilpm3	3.0	out_of_core	0.9105082470053096	0.917883264961286	6
rg04_theta15p195_foilpm3	3.0	out_of_core	0.917883264961286	0.9252582829172623	4
rg04_theta15p195_foilpm3	3.0	out_of_core	0.9252582829172623	0.9326333008732386	1
rg04_theta15p195_foilpm3	3.0	out_of_core	0.9326333008732386	0.940008318829215	2
rg04_theta15p195_foilpm3	3.0	out_of_core	0.940008318829215	0.9473833367851913	4
rg04_theta15p195_foilpm3	3.0	out_of_core	0.9473833367851913	0.9547583547411675	5
rg04_theta15p195_foilpm3	3.0	out_of_core	0.9547583547411675	0.9621333726971439	0
rg04_theta15p195_foilpm3	3.0	out_of_core	0.9621333726971439	0.9695083906531202	0
rg05_theta12p495_foilpm3	-3.0	dense_half	-1.214271346518507	-1.207001725237185	0
rg05_theta12p495_foilpm3	-3.0	dense_half	-1.207001725237185	-1.1997321039558628	0
rg05_theta12p495_foilpm3	-3.0	dense_half	-1.1997321039558628	-1.1924624826745407	2
rg05_theta12p495_foilpm3	-3.0	dense_half	-1.1924624826745407	-1.1851928613932188	6
rg05_theta12p495_foilpm3	-3.0	dense_half	-1.1851928613932188	-1.1779232401118966	8
rg05_theta12p495_foilpm3	-3.0	dense_half	-1.1779232401118966	-1.1706536188305745	10
rg05_theta12p495_foilpm3	-3.0	dense_half	-1.1706536188305745	-1.1633839975492524	9
rg05_theta12p495_foilpm3	-3.0	dense_half	-1.1633839975492524	-1.1561143762679302	14
rg05_theta12p495_foilpm3	-3.0	dense_half	-1.1561143762679302	-1.148844754986608	12
rg05_theta12p495_foilpm3	-3.0	dense_half	-1.148844754986608	-1.141575133705286	13
rg05_theta12p495_foilpm3	-3.0	dense_half	-1.141575133705286	-1.134305512423964	17
rg05_theta12p495_foilpm3	-3.0	dense_half	-1.134305512423964	-1.127035891142642	19
rg05_theta12p495_foilpm3	-3.0	dense_half	-1.127035891142642	-1.1197662698613198	23
rg05_theta12p495_foilpm3	-3.0	dense_half	-1.1197662698613198	-1.1124966485799976	36
rg05_theta12p495_foilpm3	-3.0	dense_half	-1.1124966485799976	-1.1052270272986755	30
rg05_theta12p495_foilpm3	-3.0	dense_half	-1.1052270272986755	-1.0979574060173534	36
rg05_theta12p495_foilpm3	-3.0	dense_half	-1.0979574060173534	-1.0906877847360312	34
rg05_theta12p495_foilpm3	-3.0	dense_half	-1.0906877847360312	-1.0834181634547093	44
rg05_theta12p495_foilpm3	-3.0	dense_half	-1.0834181634547093	-1.0761485421733872	44
rg05_theta12p495_foilpm3	-3.0	dense_half	-1.0761485421733872	-1.068878920892065	60
rg05_theta12p495_foilpm3	-3.0	dense_half	-1.068878920892065	-1.061609299610743	44
rg05_theta12p495_foilpm3	-3.0	dense_half	-1.061609299610743	-1.0543396783294208	71
rg05_theta12p495_foilpm3	-3.0	dense_half	-1.0543396783294208	-1.0470700570480986	60
rg05_theta12p495_foilpm3	-3.0	dense_half	-1.0470700570480986	-1.0398004357667765	94
rg05_theta12p495_foilpm3	-3.0	dense_half	-1.0398004357667765	-1.0325308144854546	89
rg05_theta12p495_foilpm3	-3.0	dense_half	-1.0325308144854546	-1.0252611932041324	102
rg05_theta12p495_foilpm3	-3.0	dense_half	-1.0252611932041324	-1.0179915719228103	111
rg05_theta12p495_foilpm3	-3.0	dense_half	-1.0179915719228103	-1.0107219506414882	105
rg05_theta12p495_foilpm3	-3.0	dense_half	-1.0107219506414882	-1.003452329360166	123
rg05_theta12p495_foilpm3	-3.0	dense_half	-1.003452329360166	-0.9961827080788439	124
rg05_theta12p495_foilpm3	-3.0	dense_half	-0.9961827080788439	-0.9889130867975219	159
rg05_theta12p495_foilpm3	-3.0	dense_half	-0.9889130867975219	-0.9816434655161997	155
rg05_theta12p495_foilpm3	-3.0	dense_half	-0.9816434655161997	-0.9743738442348776	158
rg05_theta12p495_foilpm3	-3.0	dense_half	-0.9743738442348776	-0.9671042229535556	200
rg05_theta12p495_foilpm3	-3.0	dense_half	-0.9671042229535556	-0.9598346016722334	169
rg05_theta12p495_foilpm3	-3.0	dense_half	-0.9598346016722334	-0.9525649803909113	174
rg05_theta12p495_foilpm3	-3.0	dense_half	-0.9525649803909113	-0.9452953591095892	197
rg05_theta12p495_foilpm3	-3.0	dense_half	-0.9452953591095892	-0.938025737828267	198
rg05_theta12p495_foilpm3	-3.0	dense_half	-0.938025737828267	-0.930756116546945	191
rg05_theta12p495_foilpm3	-3.0	dense_half	-0.930756116546945	-0.9234864952656229	193
rg05_theta12p495_foilpm3	-3.0	dense_half	-0.9234864952656229	-0.9162168739843009	224
rg05_theta12p495_foilpm3	-3.0	dense_half	-0.9162168739843009	-0.9089472527029787	207
rg05_theta12p495_foilpm3	-3.0	dense_half	-0.9089472527029787	-0.9016776314216566	210
rg05_theta12p495_foilpm3	-3.0	dense_half	-0.9016776314216566	-0.8944080101403344	214
rg05_theta12p495_foilpm3	-3.0	dense_half	-0.8944080101403344	-0.8871383888590123	210
rg05_theta12p495_foilpm3	-3.0	dense_half	-0.8871383888590123	-0.8798687675776903	239
rg05_theta12p495_foilpm3	-3.0	dense_half	-0.8798687675776903	-0.8725991462963681	254
rg05_theta12p495_foilpm3	-3.0	dense_half	-0.8725991462963681	-0.8653295250150461	249
rg05_theta12p495_foilpm3	-3.0	dense_half	-0.8653295250150461	-0.858059903733724	215
rg05_theta12p495_foilpm3	-3.0	dense_half	-0.858059903733724	-0.8507902824524018	250
rg05_theta12p495_foilpm3	-3.0	dense_half	-0.8507902824524018	-0.8435206611710797	185
rg05_theta12p495_foilpm3	-3.0	dense_half	-0.8435206611710797	-0.8362510398897576	221
rg05_theta12p495_foilpm3	-3.0	dense_half	-0.8362510398897576	-0.8289814186084355	195
rg05_theta12p495_foilpm3	-3.0	dense_half	-0.8289814186084355	-0.8217117973271134	220
rg05_theta12p495_foilpm3	-3.0	dense_half	-0.8217117973271134	-0.8144421760457914	215
rg05_theta12p495_foilpm3	-3.0	dense_half	-0.8144421760457914	-0.8071725547644693	223
rg05_theta12p495_foilpm3	-3.0	dense_half	-0.8071725547644693	-0.7999029334831471	186
rg05_theta12p495_foilpm3	-3.0	dense_half	-0.7999029334831471	-0.792633312201825	210
rg05_theta12p495_foilpm3	-3.0	dense_half	-0.792633312201825	-0.7853636909205028	213
rg05_theta12p495_foilpm3	-3.0	dense_half	-0.7853636909205028	-0.7780940696391808	190
rg05_theta12p495_foilpm3	-3.0	dense_half	-0.7780940696391808	-0.7708244483578587	168
rg05_theta12p495_foilpm3	-3.0	dense_half	-0.7708244483578587	-0.7635548270765367	192
rg05_theta12p495_foilpm3	-3.0	dense_half	-0.7635548270765367	-0.7562852057952145	170
rg05_theta12p495_foilpm3	-3.0	dense_half	-0.7562852057952145	-0.7490155845138924	158
rg05_theta12p495_foilpm3	-3.0	dense_half	-0.7490155845138924	-0.7417459632325702	163
rg05_theta12p495_foilpm3	-3.0	dense_half	-0.7417459632325702	-0.7344763419512481	144
rg05_theta12p495_foilpm3	-3.0	dense_half	-0.7344763419512481	-0.7272067206699261	127
rg05_theta12p495_foilpm3	-3.0	dense_half	-0.7272067206699261	-0.719937099388604	149
rg05_theta12p495_foilpm3	-3.0	dense_half	-0.719937099388604	-0.7126674781072818	133
rg05_theta12p495_foilpm3	-3.0	dense_half	-0.7126674781072818	-0.7053978568259598	111
rg05_theta12p495_foilpm3	-3.0	dense_half	-0.7053978568259598	-0.6981282355446377	118
rg05_theta12p495_foilpm3	-3.0	dense_half	-0.6981282355446377	-0.6908586142633155	99
rg05_theta12p495_foilpm3	-3.0	dense_half	-0.6908586142633155	-0.6835889929819935	104
rg05_theta12p495_foilpm3	-3.0	dense_half	-0.6835889929819935	-0.6763193717006714	86
rg05_theta12p495_foilpm3	-3.0	dense_half	-0.6763193717006714	-0.6690497504193492	87
rg05_theta12p495_foilpm3	-3.0	dense_half	-0.6690497504193492	-0.6617801291380271	71
rg05_theta12p495_foilpm3	-3.0	dense_half	-0.6617801291380271	-0.6545105078567051	71
rg05_theta12p495_foilpm3	-3.0	dense_half	-0.6545105078567051	-0.6472408865753829	60
rg05_theta12p495_foilpm3	-3.0	dense_half	-0.6472408865753829	-0.6399712652940608	38
rg05_theta12p495_foilpm3	-3.0	dense_half	-0.6399712652940608	-0.6327016440127387	47
rg05_theta12p495_foilpm3	-3.0	dense_half	-0.6327016440127387	-0.6254320227314166	38
rg05_theta12p495_foilpm3	-3.0	dense_half	-0.6254320227314166	-0.6181624014500945	32
rg05_theta12p495_foilpm3	-3.0	dense_half	-0.6181624014500945	-0.6108927801687724	23
rg05_theta12p495_foilpm3	-3.0	dense_half	-0.6108927801687724	-0.6036231588874503	33
rg05_theta12p495_foilpm3	-3.0	dense_half	-0.6036231588874503	-0.5963535376061282	24
rg05_theta12p495_foilpm3	-3.0	dense_half	-0.5963535376061282	-0.5890839163248061	30
rg05_theta12p495_foilpm3	-3.0	dense_half	-0.5890839163248061	-0.5818142950434839	13
rg05_theta12p495_foilpm3	-3.0	dense_half	-0.5818142950434839	-0.5745446737621619	17
rg05_theta12p495_foilpm3	-3.0	dense_half	-0.5745446737621619	-0.5672750524808398	7
rg05_theta12p495_foilpm3	-3.0	dense_half	-0.5672750524808398	-0.5600054311995176	7
rg05_theta12p495_foilpm3	-3.0	dense_half	-0.5600054311995176	-0.5527358099181956	8
rg05_theta12p495_foilpm3	-3.0	dense_half	-0.5527358099181956	-0.5454661886368735	8
rg05_theta12p495_foilpm3	-3.0	dense_half	-0.5454661886368735	-0.5381965673555513	4
rg05_theta12p495_foilpm3	-3.0	dense_half	-0.5381965673555513	-0.5309269460742292	1
rg05_theta12p495_foilpm3	-3.0	dense_half	-0.5309269460742292	-0.5236573247929072	2
rg05_theta12p495_foilpm3	-3.0	dense_half	-0.5236573247929072	-0.516387703511585	1
rg05_theta12p495_foilpm3	-3.0	dense_half	-0.516387703511585	-0.5091180822302629	0
rg05_theta12p495_foilpm3	-3.0	dense_half	-0.5091180822302629	-0.5018484609489409	0
rg05_theta12p495_foilpm3	-3.0	dense_half	-0.5018484609489409	-0.49457883966761873	0
rg05_theta12p495_foilpm3	-3.0	dense_half	-0.49457883966761873	-0.4873092183862966	0
rg05_theta12p495_foilpm3	-3.0	outer_core	-1.214271346518507	-1.207001725237185	0
rg05_theta12p495_foilpm3	-3.0	outer_core	-1.207001725237185	-1.1997321039558628	1
rg05_theta12p495_foilpm3	-3.0	outer_core	-1.1997321039558628	-1.1924624826745407	2
rg05_theta12p495_foilpm3	-3.0	outer_core	-1.1924624826745407	-1.1851928613932188	6
rg05_theta12p495_foilpm3	-3.0	outer_core	-1.1851928613932188	-1.1779232401118966	8
rg05_theta12p495_foilpm3	-3.0	outer_core	-1.1779232401118966	-1.1706536188305745	17
rg05_theta12p495_foilpm3	-3.0	outer_core	-1.1706536188305745	-1.1633839975492524	23
rg05_theta12p495_foilpm3	-3.0	outer_core	-1.1633839975492524	-1.1561143762679302	15
rg05_theta12p495_foilpm3	-3.0	outer_core	-1.1561143762679302	-1.148844754986608	24
rg05_theta12p495_foilpm3	-3.0	outer_core	-1.148844754986608	-1.141575133705286	16
rg05_theta12p495_foilpm3	-3.0	outer_core	-1.141575133705286	-1.134305512423964	31
rg05_theta12p495_foilpm3	-3.0	outer_core	-1.134305512423964	-1.127035891142642	27
rg05_theta12p495_foilpm3	-3.0	outer_core	-1.127035891142642	-1.1197662698613198	41
rg05_theta12p495_foilpm3	-3.0	outer_core	-1.1197662698613198	-1.1124966485799976	37
rg05_theta12p495_foilpm3	-3.0	outer_core	-1.1124966485799976	-1.1052270272986755	34
rg05_theta12p495_foilpm3	-3.0	outer_core	-1.1052270272986755	-1.0979574060173534	47
rg05_theta12p495_foilpm3	-3.0	outer_core	-1.0979574060173534	-1.0906877847360312	57
rg05_theta12p495_foilpm3	-3.0	outer_core	-1.0906877847360312	-1.0834181634547093	47
rg05_theta12p495_foilpm3	-3.0	outer_core	-1.0834181634547093	-1.0761485421733872	61
rg05_theta12p495_foilpm3	-3.0	outer_core	-1.0761485421733872	-1.068878920892065	50
rg05_theta12p495_foilpm3	-3.0	outer_core	-1.068878920892065	-1.061609299610743	82
rg05_theta12p495_foilpm3	-3.0	outer_core	-1.061609299610743	-1.0543396783294208	79
rg05_theta12p495_foilpm3	-3.0	outer_core	-1.0543396783294208	-1.0470700570480986	86
rg05_theta12p495_foilpm3	-3.0	outer_core	-1.0470700570480986	-1.0398004357667765	102
rg05_theta12p495_foilpm3	-3.0	outer_core	-1.0398004357667765	-1.0325308144854546	82
rg05_theta12p495_foilpm3	-3.0	outer_core	-1.0325308144854546	-1.0252611932041324	87
rg05_theta12p495_foilpm3	-3.0	outer_core	-1.0252611932041324	-1.0179915719228103	112
rg05_theta12p495_foilpm3	-3.0	outer_core	-1.0179915719228103	-1.0107219506414882	131
rg05_theta12p495_foilpm3	-3.0	outer_core	-1.0107219506414882	-1.003452329360166	134
rg05_theta12p495_foilpm3	-3.0	outer_core	-1.003452329360166	-0.9961827080788439	127
rg05_theta12p495_foilpm3	-3.0	outer_core	-0.9961827080788439	-0.9889130867975219	158
rg05_theta12p495_foilpm3	-3.0	outer_core	-0.9889130867975219	-0.9816434655161997	152
rg05_theta12p495_foilpm3	-3.0	outer_core	-0.9816434655161997	-0.9743738442348776	153
rg05_theta12p495_foilpm3	-3.0	outer_core	-0.9743738442348776	-0.9671042229535556	157
rg05_theta12p495_foilpm3	-3.0	outer_core	-0.9671042229535556	-0.9598346016722334	162
rg05_theta12p495_foilpm3	-3.0	outer_core	-0.9598346016722334	-0.9525649803909113	171
rg05_theta12p495_foilpm3	-3.0	outer_core	-0.9525649803909113	-0.9452953591095892	154
rg05_theta12p495_foilpm3	-3.0	outer_core	-0.9452953591095892	-0.938025737828267	169
rg05_theta12p495_foilpm3	-3.0	outer_core	-0.938025737828267	-0.930756116546945	202
rg05_theta12p495_foilpm3	-3.0	outer_core	-0.930756116546945	-0.9234864952656229	187
rg05_theta12p495_foilpm3	-3.0	outer_core	-0.9234864952656229	-0.9162168739843009	189
rg05_theta12p495_foilpm3	-3.0	outer_core	-0.9162168739843009	-0.9089472527029787	215
rg05_theta12p495_foilpm3	-3.0	outer_core	-0.9089472527029787	-0.9016776314216566	193
rg05_theta12p495_foilpm3	-3.0	outer_core	-0.9016776314216566	-0.8944080101403344	226
rg05_theta12p495_foilpm3	-3.0	outer_core	-0.8944080101403344	-0.8871383888590123	211
rg05_theta12p495_foilpm3	-3.0	outer_core	-0.8871383888590123	-0.8798687675776903	200
rg05_theta12p495_foilpm3	-3.0	outer_core	-0.8798687675776903	-0.8725991462963681	225
rg05_theta12p495_foilpm3	-3.0	outer_core	-0.8725991462963681	-0.8653295250150461	217
rg05_theta12p495_foilpm3	-3.0	outer_core	-0.8653295250150461	-0.858059903733724	211
rg05_theta12p495_foilpm3	-3.0	outer_core	-0.858059903733724	-0.8507902824524018	218
rg05_theta12p495_foilpm3	-3.0	outer_core	-0.8507902824524018	-0.8435206611710797	223
rg05_theta12p495_foilpm3	-3.0	outer_core	-0.8435206611710797	-0.8362510398897576	213
rg05_theta12p495_foilpm3	-3.0	outer_core	-0.8362510398897576	-0.8289814186084355	221
rg05_theta12p495_foilpm3	-3.0	outer_core	-0.8289814186084355	-0.8217117973271134	186
rg05_theta12p495_foilpm3	-3.0	outer_core	-0.8217117973271134	-0.8144421760457914	184
rg05_theta12p495_foilpm3	-3.0	outer_core	-0.8144421760457914	-0.8071725547644693	218
rg05_theta12p495_foilpm3	-3.0	outer_core	-0.8071725547644693	-0.7999029334831471	206
rg05_theta12p495_foilpm3	-3.0	outer_core	-0.7999029334831471	-0.792633312201825	198
rg05_theta12p495_foilpm3	-3.0	outer_core	-0.792633312201825	-0.7853636909205028	189
rg05_theta12p495_foilpm3	-3.0	outer_core	-0.7853636909205028	-0.7780940696391808	188
rg05_theta12p495_foilpm3	-3.0	outer_core	-0.7780940696391808	-0.7708244483578587	186
rg05_theta12p495_foilpm3	-3.0	outer_core	-0.7708244483578587	-0.7635548270765367	176
rg05_theta12p495_foilpm3	-3.0	outer_core	-0.7635548270765367	-0.7562852057952145	156
rg05_theta12p495_foilpm3	-3.0	outer_core	-0.7562852057952145	-0.7490155845138924	137
rg05_theta12p495_foilpm3	-3.0	outer_core	-0.7490155845138924	-0.7417459632325702	149
rg05_theta12p495_foilpm3	-3.0	outer_core	-0.7417459632325702	-0.7344763419512481	149
rg05_theta12p495_foilpm3	-3.0	outer_core	-0.7344763419512481	-0.7272067206699261	127
rg05_theta12p495_foilpm3	-3.0	outer_core	-0.7272067206699261	-0.719937099388604	133
rg05_theta12p495_foilpm3	-3.0	outer_core	-0.719937099388604	-0.7126674781072818	118
rg05_theta12p495_foilpm3	-3.0	outer_core	-0.7126674781072818	-0.7053978568259598	108
rg05_theta12p495_foilpm3	-3.0	outer_core	-0.7053978568259598	-0.6981282355446377	106
rg05_theta12p495_foilpm3	-3.0	outer_core	-0.6981282355446377	-0.6908586142633155	106
rg05_theta12p495_foilpm3	-3.0	outer_core	-0.6908586142633155	-0.6835889929819935	103
rg05_theta12p495_foilpm3	-3.0	outer_core	-0.6835889929819935	-0.6763193717006714	98
rg05_theta12p495_foilpm3	-3.0	outer_core	-0.6763193717006714	-0.6690497504193492	108
rg05_theta12p495_foilpm3	-3.0	outer_core	-0.6690497504193492	-0.6617801291380271	74
rg05_theta12p495_foilpm3	-3.0	outer_core	-0.6617801291380271	-0.6545105078567051	68
rg05_theta12p495_foilpm3	-3.0	outer_core	-0.6545105078567051	-0.6472408865753829	46
rg05_theta12p495_foilpm3	-3.0	outer_core	-0.6472408865753829	-0.6399712652940608	57
rg05_theta12p495_foilpm3	-3.0	outer_core	-0.6399712652940608	-0.6327016440127387	56
rg05_theta12p495_foilpm3	-3.0	outer_core	-0.6327016440127387	-0.6254320227314166	44
rg05_theta12p495_foilpm3	-3.0	outer_core	-0.6254320227314166	-0.6181624014500945	38
rg05_theta12p495_foilpm3	-3.0	outer_core	-0.6181624014500945	-0.6108927801687724	40
rg05_theta12p495_foilpm3	-3.0	outer_core	-0.6108927801687724	-0.6036231588874503	28
rg05_theta12p495_foilpm3	-3.0	outer_core	-0.6036231588874503	-0.5963535376061282	23
rg05_theta12p495_foilpm3	-3.0	outer_core	-0.5963535376061282	-0.5890839163248061	23
rg05_theta12p495_foilpm3	-3.0	outer_core	-0.5890839163248061	-0.5818142950434839	18
rg05_theta12p495_foilpm3	-3.0	outer_core	-0.5818142950434839	-0.5745446737621619	14
rg05_theta12p495_foilpm3	-3.0	outer_core	-0.5745446737621619	-0.5672750524808398	14
rg05_theta12p495_foilpm3	-3.0	outer_core	-0.5672750524808398	-0.5600054311995176	11
rg05_theta12p495_foilpm3	-3.0	outer_core	-0.5600054311995176	-0.5527358099181956	8
rg05_theta12p495_foilpm3	-3.0	outer_core	-0.5527358099181956	-0.5454661886368735	9
rg05_theta12p495_foilpm3	-3.0	outer_core	-0.5454661886368735	-0.5381965673555513	3
rg05_theta12p495_foilpm3	-3.0	outer_core	-0.5381965673555513	-0.5309269460742292	1
rg05_theta12p495_foilpm3	-3.0	outer_core	-0.5309269460742292	-0.5236573247929072	1
rg05_theta12p495_foilpm3	-3.0	outer_core	-0.5236573247929072	-0.516387703511585	1
rg05_theta12p495_foilpm3	-3.0	outer_core	-0.516387703511585	-0.5091180822302629	2
rg05_theta12p495_foilpm3	-3.0	outer_core	-0.5091180822302629	-0.5018484609489409	0
rg05_theta12p495_foilpm3	-3.0	outer_core	-0.5018484609489409	-0.49457883966761873	0
rg05_theta12p495_foilpm3	-3.0	outer_core	-0.49457883966761873	-0.4873092183862966	0
rg05_theta12p495_foilpm3	-3.0	shoulders	-1.214271346518507	-1.207001725237185	0
rg05_theta12p495_foilpm3	-3.0	shoulders	-1.207001725237185	-1.1997321039558628	0
rg05_theta12p495_foilpm3	-3.0	shoulders	-1.1997321039558628	-1.1924624826745407	4
rg05_theta12p495_foilpm3	-3.0	shoulders	-1.1924624826745407	-1.1851928613932188	10
rg05_theta12p495_foilpm3	-3.0	shoulders	-1.1851928613932188	-1.1779232401118966	17
rg05_theta12p495_foilpm3	-3.0	shoulders	-1.1779232401118966	-1.1706536188305745	18
rg05_theta12p495_foilpm3	-3.0	shoulders	-1.1706536188305745	-1.1633839975492524	19
rg05_theta12p495_foilpm3	-3.0	shoulders	-1.1633839975492524	-1.1561143762679302	15
rg05_theta12p495_foilpm3	-3.0	shoulders	-1.1561143762679302	-1.148844754986608	20
rg05_theta12p495_foilpm3	-3.0	shoulders	-1.148844754986608	-1.141575133705286	19
rg05_theta12p495_foilpm3	-3.0	shoulders	-1.141575133705286	-1.134305512423964	14
rg05_theta12p495_foilpm3	-3.0	shoulders	-1.134305512423964	-1.127035891142642	21
rg05_theta12p495_foilpm3	-3.0	shoulders	-1.127035891142642	-1.1197662698613198	28
rg05_theta12p495_foilpm3	-3.0	shoulders	-1.1197662698613198	-1.1124966485799976	34
rg05_theta12p495_foilpm3	-3.0	shoulders	-1.1124966485799976	-1.1052270272986755	26
rg05_theta12p495_foilpm3	-3.0	shoulders	-1.1052270272986755	-1.0979574060173534	39
rg05_theta12p495_foilpm3	-3.0	shoulders	-1.0979574060173534	-1.0906877847360312	40
rg05_theta12p495_foilpm3	-3.0	shoulders	-1.0906877847360312	-1.0834181634547093	32
rg05_theta12p495_foilpm3	-3.0	shoulders	-1.0834181634547093	-1.0761485421733872	57
rg05_theta12p495_foilpm3	-3.0	shoulders	-1.0761485421733872	-1.068878920892065	54
rg05_theta12p495_foilpm3	-3.0	shoulders	-1.068878920892065	-1.061609299610743	60
rg05_theta12p495_foilpm3	-3.0	shoulders	-1.061609299610743	-1.0543396783294208	83
rg05_theta12p495_foilpm3	-3.0	shoulders	-1.0543396783294208	-1.0470700570480986	72
rg05_theta12p495_foilpm3	-3.0	shoulders	-1.0470700570480986	-1.0398004357667765	71
rg05_theta12p495_foilpm3	-3.0	shoulders	-1.0398004357667765	-1.0325308144854546	88
rg05_theta12p495_foilpm3	-3.0	shoulders	-1.0325308144854546	-1.0252611932041324	80
rg05_theta12p495_foilpm3	-3.0	shoulders	-1.0252611932041324	-1.0179915719228103	78
rg05_theta12p495_foilpm3	-3.0	shoulders	-1.0179915719228103	-1.0107219506414882	79
rg05_theta12p495_foilpm3	-3.0	shoulders	-1.0107219506414882	-1.003452329360166	62
rg05_theta12p495_foilpm3	-3.0	shoulders	-1.003452329360166	-0.9961827080788439	81
rg05_theta12p495_foilpm3	-3.0	shoulders	-0.9961827080788439	-0.9889130867975219	86
rg05_theta12p495_foilpm3	-3.0	shoulders	-0.9889130867975219	-0.9816434655161997	83
rg05_theta12p495_foilpm3	-3.0	shoulders	-0.9816434655161997	-0.9743738442348776	68
rg05_theta12p495_foilpm3	-3.0	shoulders	-0.9743738442348776	-0.9671042229535556	99
rg05_theta12p495_foilpm3	-3.0	shoulders	-0.9671042229535556	-0.9598346016722334	85
rg05_theta12p495_foilpm3	-3.0	shoulders	-0.9598346016722334	-0.9525649803909113	75
rg05_theta12p495_foilpm3	-3.0	shoulders	-0.9525649803909113	-0.9452953591095892	104
rg05_theta12p495_foilpm3	-3.0	shoulders	-0.9452953591095892	-0.938025737828267	87
rg05_theta12p495_foilpm3	-3.0	shoulders	-0.938025737828267	-0.930756116546945	81
rg05_theta12p495_foilpm3	-3.0	shoulders	-0.930756116546945	-0.9234864952656229	109
rg05_theta12p495_foilpm3	-3.0	shoulders	-0.9234864952656229	-0.9162168739843009	107
rg05_theta12p495_foilpm3	-3.0	shoulders	-0.9162168739843009	-0.9089472527029787	116
rg05_theta12p495_foilpm3	-3.0	shoulders	-0.9089472527029787	-0.9016776314216566	91
rg05_theta12p495_foilpm3	-3.0	shoulders	-0.9016776314216566	-0.8944080101403344	103
rg05_theta12p495_foilpm3	-3.0	shoulders	-0.8944080101403344	-0.8871383888590123	95
rg05_theta12p495_foilpm3	-3.0	shoulders	-0.8871383888590123	-0.8798687675776903	101
rg05_theta12p495_foilpm3	-3.0	shoulders	-0.8798687675776903	-0.8725991462963681	89
rg05_theta12p495_foilpm3	-3.0	shoulders	-0.8725991462963681	-0.8653295250150461	110
rg05_theta12p495_foilpm3	-3.0	shoulders	-0.8653295250150461	-0.858059903733724	100
rg05_theta12p495_foilpm3	-3.0	shoulders	-0.858059903733724	-0.8507902824524018	120
rg05_theta12p495_foilpm3	-3.0	shoulders	-0.8507902824524018	-0.8435206611710797	109
rg05_theta12p495_foilpm3	-3.0	shoulders	-0.8435206611710797	-0.8362510398897576	106
rg05_theta12p495_foilpm3	-3.0	shoulders	-0.8362510398897576	-0.8289814186084355	103
rg05_theta12p495_foilpm3	-3.0	shoulders	-0.8289814186084355	-0.8217117973271134	95
rg05_theta12p495_foilpm3	-3.0	shoulders	-0.8217117973271134	-0.8144421760457914	122
rg05_theta12p495_foilpm3	-3.0	shoulders	-0.8144421760457914	-0.8071725547644693	84
rg05_theta12p495_foilpm3	-3.0	shoulders	-0.8071725547644693	-0.7999029334831471	89
rg05_theta12p495_foilpm3	-3.0	shoulders	-0.7999029334831471	-0.792633312201825	94
rg05_theta12p495_foilpm3	-3.0	shoulders	-0.792633312201825	-0.7853636909205028	100
rg05_theta12p495_foilpm3	-3.0	shoulders	-0.7853636909205028	-0.7780940696391808	96
rg05_theta12p495_foilpm3	-3.0	shoulders	-0.7780940696391808	-0.7708244483578587	86
rg05_theta12p495_foilpm3	-3.0	shoulders	-0.7708244483578587	-0.7635548270765367	70
rg05_theta12p495_foilpm3	-3.0	shoulders	-0.7635548270765367	-0.7562852057952145	98
rg05_theta12p495_foilpm3	-3.0	shoulders	-0.7562852057952145	-0.7490155845138924	89
rg05_theta12p495_foilpm3	-3.0	shoulders	-0.7490155845138924	-0.7417459632325702	87
rg05_theta12p495_foilpm3	-3.0	shoulders	-0.7417459632325702	-0.7344763419512481	67
rg05_theta12p495_foilpm3	-3.0	shoulders	-0.7344763419512481	-0.7272067206699261	93
rg05_theta12p495_foilpm3	-3.0	shoulders	-0.7272067206699261	-0.719937099388604	73
rg05_theta12p495_foilpm3	-3.0	shoulders	-0.719937099388604	-0.7126674781072818	67
rg05_theta12p495_foilpm3	-3.0	shoulders	-0.7126674781072818	-0.7053978568259598	81
rg05_theta12p495_foilpm3	-3.0	shoulders	-0.7053978568259598	-0.6981282355446377	79
rg05_theta12p495_foilpm3	-3.0	shoulders	-0.6981282355446377	-0.6908586142633155	70
rg05_theta12p495_foilpm3	-3.0	shoulders	-0.6908586142633155	-0.6835889929819935	64
rg05_theta12p495_foilpm3	-3.0	shoulders	-0.6835889929819935	-0.6763193717006714	72
rg05_theta12p495_foilpm3	-3.0	shoulders	-0.6763193717006714	-0.6690497504193492	77
rg05_theta12p495_foilpm3	-3.0	shoulders	-0.6690497504193492	-0.6617801291380271	61
rg05_theta12p495_foilpm3	-3.0	shoulders	-0.6617801291380271	-0.6545105078567051	60
rg05_theta12p495_foilpm3	-3.0	shoulders	-0.6545105078567051	-0.6472408865753829	49
rg05_theta12p495_foilpm3	-3.0	shoulders	-0.6472408865753829	-0.6399712652940608	55
rg05_theta12p495_foilpm3	-3.0	shoulders	-0.6399712652940608	-0.6327016440127387	50
rg05_theta12p495_foilpm3	-3.0	shoulders	-0.6327016440127387	-0.6254320227314166	32
rg05_theta12p495_foilpm3	-3.0	shoulders	-0.6254320227314166	-0.6181624014500945	38
rg05_theta12p495_foilpm3	-3.0	shoulders	-0.6181624014500945	-0.6108927801687724	38
rg05_theta12p495_foilpm3	-3.0	shoulders	-0.6108927801687724	-0.6036231588874503	34
rg05_theta12p495_foilpm3	-3.0	shoulders	-0.6036231588874503	-0.5963535376061282	35
rg05_theta12p495_foilpm3	-3.0	shoulders	-0.5963535376061282	-0.5890839163248061	27
rg05_theta12p495_foilpm3	-3.0	shoulders	-0.5890839163248061	-0.5818142950434839	21
rg05_theta12p495_foilpm3	-3.0	shoulders	-0.5818142950434839	-0.5745446737621619	12
rg05_theta12p495_foilpm3	-3.0	shoulders	-0.5745446737621619	-0.5672750524808398	8
rg05_theta12p495_foilpm3	-3.0	shoulders	-0.5672750524808398	-0.5600054311995176	12
rg05_theta12p495_foilpm3	-3.0	shoulders	-0.5600054311995176	-0.5527358099181956	10
rg05_theta12p495_foilpm3	-3.0	shoulders	-0.5527358099181956	-0.5454661886368735	4
rg05_theta12p495_foilpm3	-3.0	shoulders	-0.5454661886368735	-0.5381965673555513	3
rg05_theta12p495_foilpm3	-3.0	shoulders	-0.5381965673555513	-0.5309269460742292	1
rg05_theta12p495_foilpm3	-3.0	shoulders	-0.5309269460742292	-0.5236573247929072	0
rg05_theta12p495_foilpm3	-3.0	shoulders	-0.5236573247929072	-0.516387703511585	0
rg05_theta12p495_foilpm3	-3.0	shoulders	-0.516387703511585	-0.5091180822302629	1
rg05_theta12p495_foilpm3	-3.0	shoulders	-0.5091180822302629	-0.5018484609489409	2
rg05_theta12p495_foilpm3	-3.0	shoulders	-0.5018484609489409	-0.49457883966761873	1
rg05_theta12p495_foilpm3	-3.0	shoulders	-0.49457883966761873	-0.4873092183862966	0
rg05_theta12p495_foilpm3	-3.0	unsupported	-1.214271346518507	-1.207001725237185	0
rg05_theta12p495_foilpm3	-3.0	unsupported	-1.207001725237185	-1.1997321039558628	0
rg05_theta12p495_foilpm3	-3.0	unsupported	-1.1997321039558628	-1.1924624826745407	0
rg05_theta12p495_foilpm3	-3.0	unsupported	-1.1924624826745407	-1.1851928613932188	0
rg05_theta12p495_foilpm3	-3.0	unsupported	-1.1851928613932188	-1.1779232401118966	0
rg05_theta12p495_foilpm3	-3.0	unsupported	-1.1779232401118966	-1.1706536188305745	1
rg05_theta12p495_foilpm3	-3.0	unsupported	-1.1706536188305745	-1.1633839975492524	1
rg05_theta12p495_foilpm3	-3.0	unsupported	-1.1633839975492524	-1.1561143762679302	1
rg05_theta12p495_foilpm3	-3.0	unsupported	-1.1561143762679302	-1.148844754986608	1
rg05_theta12p495_foilpm3	-3.0	unsupported	-1.148844754986608	-1.141575133705286	0
rg05_theta12p495_foilpm3	-3.0	unsupported	-1.141575133705286	-1.134305512423964	0
rg05_theta12p495_foilpm3	-3.0	unsupported	-1.134305512423964	-1.127035891142642	1
rg05_theta12p495_foilpm3	-3.0	unsupported	-1.127035891142642	-1.1197662698613198	2
rg05_theta12p495_foilpm3	-3.0	unsupported	-1.1197662698613198	-1.1124966485799976	1
rg05_theta12p495_foilpm3	-3.0	unsupported	-1.1124966485799976	-1.1052270272986755	0
rg05_theta12p495_foilpm3	-3.0	unsupported	-1.1052270272986755	-1.0979574060173534	3
rg05_theta12p495_foilpm3	-3.0	unsupported	-1.0979574060173534	-1.0906877847360312	1
rg05_theta12p495_foilpm3	-3.0	unsupported	-1.0906877847360312	-1.0834181634547093	3
rg05_theta12p495_foilpm3	-3.0	unsupported	-1.0834181634547093	-1.0761485421733872	2
rg05_theta12p495_foilpm3	-3.0	unsupported	-1.0761485421733872	-1.068878920892065	1
rg05_theta12p495_foilpm3	-3.0	unsupported	-1.068878920892065	-1.061609299610743	2
rg05_theta12p495_foilpm3	-3.0	unsupported	-1.061609299610743	-1.0543396783294208	3
rg05_theta12p495_foilpm3	-3.0	unsupported	-1.0543396783294208	-1.0470700570480986	0
rg05_theta12p495_foilpm3	-3.0	unsupported	-1.0470700570480986	-1.0398004357667765	3
rg05_theta12p495_foilpm3	-3.0	unsupported	-1.0398004357667765	-1.0325308144854546	0
rg05_theta12p495_foilpm3	-3.0	unsupported	-1.0325308144854546	-1.0252611932041324	5
rg05_theta12p495_foilpm3	-3.0	unsupported	-1.0252611932041324	-1.0179915719228103	0
rg05_theta12p495_foilpm3	-3.0	unsupported	-1.0179915719228103	-1.0107219506414882	2
rg05_theta12p495_foilpm3	-3.0	unsupported	-1.0107219506414882	-1.003452329360166	3
rg05_theta12p495_foilpm3	-3.0	unsupported	-1.003452329360166	-0.9961827080788439	1
rg05_theta12p495_foilpm3	-3.0	unsupported	-0.9961827080788439	-0.9889130867975219	6
rg05_theta12p495_foilpm3	-3.0	unsupported	-0.9889130867975219	-0.9816434655161997	0
rg05_theta12p495_foilpm3	-3.0	unsupported	-0.9816434655161997	-0.9743738442348776	1
rg05_theta12p495_foilpm3	-3.0	unsupported	-0.9743738442348776	-0.9671042229535556	3
rg05_theta12p495_foilpm3	-3.0	unsupported	-0.9671042229535556	-0.9598346016722334	1
rg05_theta12p495_foilpm3	-3.0	unsupported	-0.9598346016722334	-0.9525649803909113	3
rg05_theta12p495_foilpm3	-3.0	unsupported	-0.9525649803909113	-0.9452953591095892	2
rg05_theta12p495_foilpm3	-3.0	unsupported	-0.9452953591095892	-0.938025737828267	1
rg05_theta12p495_foilpm3	-3.0	unsupported	-0.938025737828267	-0.930756116546945	2
rg05_theta12p495_foilpm3	-3.0	unsupported	-0.930756116546945	-0.9234864952656229	1
rg05_theta12p495_foilpm3	-3.0	unsupported	-0.9234864952656229	-0.9162168739843009	0
rg05_theta12p495_foilpm3	-3.0	unsupported	-0.9162168739843009	-0.9089472527029787	2
rg05_theta12p495_foilpm3	-3.0	unsupported	-0.9089472527029787	-0.9016776314216566	3
rg05_theta12p495_foilpm3	-3.0	unsupported	-0.9016776314216566	-0.8944080101403344	2
rg05_theta12p495_foilpm3	-3.0	unsupported	-0.8944080101403344	-0.8871383888590123	1
rg05_theta12p495_foilpm3	-3.0	unsupported	-0.8871383888590123	-0.8798687675776903	4
rg05_theta12p495_foilpm3	-3.0	unsupported	-0.8798687675776903	-0.8725991462963681	3
rg05_theta12p495_foilpm3	-3.0	unsupported	-0.8725991462963681	-0.8653295250150461	0
rg05_theta12p495_foilpm3	-3.0	unsupported	-0.8653295250150461	-0.858059903733724	2
rg05_theta12p495_foilpm3	-3.0	unsupported	-0.858059903733724	-0.8507902824524018	2
rg05_theta12p495_foilpm3	-3.0	unsupported	-0.8507902824524018	-0.8435206611710797	3
rg05_theta12p495_foilpm3	-3.0	unsupported	-0.8435206611710797	-0.8362510398897576	4
rg05_theta12p495_foilpm3	-3.0	unsupported	-0.8362510398897576	-0.8289814186084355	3
rg05_theta12p495_foilpm3	-3.0	unsupported	-0.8289814186084355	-0.8217117973271134	3
rg05_theta12p495_foilpm3	-3.0	unsupported	-0.8217117973271134	-0.8144421760457914	2
rg05_theta12p495_foilpm3	-3.0	unsupported	-0.8144421760457914	-0.8071725547644693	1
rg05_theta12p495_foilpm3	-3.0	unsupported	-0.8071725547644693	-0.7999029334831471	2
rg05_theta12p495_foilpm3	-3.0	unsupported	-0.7999029334831471	-0.792633312201825	1
rg05_theta12p495_foilpm3	-3.0	unsupported	-0.792633312201825	-0.7853636909205028	5
rg05_theta12p495_foilpm3	-3.0	unsupported	-0.7853636909205028	-0.7780940696391808	1
rg05_theta12p495_foilpm3	-3.0	unsupported	-0.7780940696391808	-0.7708244483578587	2
rg05_theta12p495_foilpm3	-3.0	unsupported	-0.7708244483578587	-0.7635548270765367	1
rg05_theta12p495_foilpm3	-3.0	unsupported	-0.7635548270765367	-0.7562852057952145	3
rg05_theta12p495_foilpm3	-3.0	unsupported	-0.7562852057952145	-0.7490155845138924	2
rg05_theta12p495_foilpm3	-3.0	unsupported	-0.7490155845138924	-0.7417459632325702	2
rg05_theta12p495_foilpm3	-3.0	unsupported	-0.7417459632325702	-0.7344763419512481	2
rg05_theta12p495_foilpm3	-3.0	unsupported	-0.7344763419512481	-0.7272067206699261	3
rg05_theta12p495_foilpm3	-3.0	unsupported	-0.7272067206699261	-0.719937099388604	2
rg05_theta12p495_foilpm3	-3.0	unsupported	-0.719937099388604	-0.7126674781072818	2
rg05_theta12p495_foilpm3	-3.0	unsupported	-0.7126674781072818	-0.7053978568259598	0
rg05_theta12p495_foilpm3	-3.0	unsupported	-0.7053978568259598	-0.6981282355446377	1
rg05_theta12p495_foilpm3	-3.0	unsupported	-0.6981282355446377	-0.6908586142633155	4
rg05_theta12p495_foilpm3	-3.0	unsupported	-0.6908586142633155	-0.6835889929819935	3
rg05_theta12p495_foilpm3	-3.0	unsupported	-0.6835889929819935	-0.6763193717006714	1
rg05_theta12p495_foilpm3	-3.0	unsupported	-0.6763193717006714	-0.6690497504193492	0
rg05_theta12p495_foilpm3	-3.0	unsupported	-0.6690497504193492	-0.6617801291380271	0
rg05_theta12p495_foilpm3	-3.0	unsupported	-0.6617801291380271	-0.6545105078567051	1
rg05_theta12p495_foilpm3	-3.0	unsupported	-0.6545105078567051	-0.6472408865753829	0
rg05_theta12p495_foilpm3	-3.0	unsupported	-0.6472408865753829	-0.6399712652940608	2
rg05_theta12p495_foilpm3	-3.0	unsupported	-0.6399712652940608	-0.6327016440127387	2
rg05_theta12p495_foilpm3	-3.0	unsupported	-0.6327016440127387	-0.6254320227314166	0
rg05_theta12p495_foilpm3	-3.0	unsupported	-0.6254320227314166	-0.6181624014500945	1
rg05_theta12p495_foilpm3	-3.0	unsupported	-0.6181624014500945	-0.6108927801687724	0
rg05_theta12p495_foilpm3	-3.0	unsupported	-0.6108927801687724	-0.6036231588874503	1
rg05_theta12p495_foilpm3	-3.0	unsupported	-0.6036231588874503	-0.5963535376061282	0
rg05_theta12p495_foilpm3	-3.0	unsupported	-0.5963535376061282	-0.5890839163248061	2
rg05_theta12p495_foilpm3	-3.0	unsupported	-0.5890839163248061	-0.5818142950434839	1
rg05_theta12p495_foilpm3	-3.0	unsupported	-0.5818142950434839	-0.5745446737621619	2
rg05_theta12p495_foilpm3	-3.0	unsupported	-0.5745446737621619	-0.5672750524808398	1
rg05_theta12p495_foilpm3	-3.0	unsupported	-0.5672750524808398	-0.5600054311995176	0
rg05_theta12p495_foilpm3	-3.0	unsupported	-0.5600054311995176	-0.5527358099181956	0
rg05_theta12p495_foilpm3	-3.0	unsupported	-0.5527358099181956	-0.5454661886368735	0
rg05_theta12p495_foilpm3	-3.0	unsupported	-0.5454661886368735	-0.5381965673555513	0
rg05_theta12p495_foilpm3	-3.0	unsupported	-0.5381965673555513	-0.5309269460742292	1
rg05_theta12p495_foilpm3	-3.0	unsupported	-0.5309269460742292	-0.5236573247929072	0
rg05_theta12p495_foilpm3	-3.0	unsupported	-0.5236573247929072	-0.516387703511585	0
rg05_theta12p495_foilpm3	-3.0	unsupported	-0.516387703511585	-0.5091180822302629	0
rg05_theta12p495_foilpm3	-3.0	unsupported	-0.5091180822302629	-0.5018484609489409	0
rg05_theta12p495_foilpm3	-3.0	unsupported	-0.5018484609489409	-0.49457883966761873	0
rg05_theta12p495_foilpm3	-3.0	unsupported	-0.49457883966761873	-0.4873092183862966	0
rg05_theta12p495_foilpm3	-3.0	out_of_core	-1.214271346518507	-1.207001725237185	0
rg05_theta12p495_foilpm3	-3.0	out_of_core	-1.207001725237185	-1.1997321039558628	0
rg05_theta12p495_foilpm3	-3.0	out_of_core	-1.1997321039558628	-1.1924624826745407	4
rg05_theta12p495_foilpm3	-3.0	out_of_core	-1.1924624826745407	-1.1851928613932188	10
rg05_theta12p495_foilpm3	-3.0	out_of_core	-1.1851928613932188	-1.1779232401118966	17
rg05_theta12p495_foilpm3	-3.0	out_of_core	-1.1779232401118966	-1.1706536188305745	19
rg05_theta12p495_foilpm3	-3.0	out_of_core	-1.1706536188305745	-1.1633839975492524	20
rg05_theta12p495_foilpm3	-3.0	out_of_core	-1.1633839975492524	-1.1561143762679302	16
rg05_theta12p495_foilpm3	-3.0	out_of_core	-1.1561143762679302	-1.148844754986608	21
rg05_theta12p495_foilpm3	-3.0	out_of_core	-1.148844754986608	-1.141575133705286	19
rg05_theta12p495_foilpm3	-3.0	out_of_core	-1.141575133705286	-1.134305512423964	14
rg05_theta12p495_foilpm3	-3.0	out_of_core	-1.134305512423964	-1.127035891142642	22
rg05_theta12p495_foilpm3	-3.0	out_of_core	-1.127035891142642	-1.1197662698613198	30
rg05_theta12p495_foilpm3	-3.0	out_of_core	-1.1197662698613198	-1.1124966485799976	35
rg05_theta12p495_foilpm3	-3.0	out_of_core	-1.1124966485799976	-1.1052270272986755	26
rg05_theta12p495_foilpm3	-3.0	out_of_core	-1.1052270272986755	-1.0979574060173534	42
rg05_theta12p495_foilpm3	-3.0	out_of_core	-1.0979574060173534	-1.0906877847360312	41
rg05_theta12p495_foilpm3	-3.0	out_of_core	-1.0906877847360312	-1.0834181634547093	35
rg05_theta12p495_foilpm3	-3.0	out_of_core	-1.0834181634547093	-1.0761485421733872	59
rg05_theta12p495_foilpm3	-3.0	out_of_core	-1.0761485421733872	-1.068878920892065	55
rg05_theta12p495_foilpm3	-3.0	out_of_core	-1.068878920892065	-1.061609299610743	62
rg05_theta12p495_foilpm3	-3.0	out_of_core	-1.061609299610743	-1.0543396783294208	86
rg05_theta12p495_foilpm3	-3.0	out_of_core	-1.0543396783294208	-1.0470700570480986	72
rg05_theta12p495_foilpm3	-3.0	out_of_core	-1.0470700570480986	-1.0398004357667765	74
rg05_theta12p495_foilpm3	-3.0	out_of_core	-1.0398004357667765	-1.0325308144854546	88
rg05_theta12p495_foilpm3	-3.0	out_of_core	-1.0325308144854546	-1.0252611932041324	85
rg05_theta12p495_foilpm3	-3.0	out_of_core	-1.0252611932041324	-1.0179915719228103	78
rg05_theta12p495_foilpm3	-3.0	out_of_core	-1.0179915719228103	-1.0107219506414882	81
rg05_theta12p495_foilpm3	-3.0	out_of_core	-1.0107219506414882	-1.003452329360166	65
rg05_theta12p495_foilpm3	-3.0	out_of_core	-1.003452329360166	-0.9961827080788439	82
rg05_theta12p495_foilpm3	-3.0	out_of_core	-0.9961827080788439	-0.9889130867975219	92
rg05_theta12p495_foilpm3	-3.0	out_of_core	-0.9889130867975219	-0.9816434655161997	83
rg05_theta12p495_foilpm3	-3.0	out_of_core	-0.9816434655161997	-0.9743738442348776	69
rg05_theta12p495_foilpm3	-3.0	out_of_core	-0.9743738442348776	-0.9671042229535556	102
rg05_theta12p495_foilpm3	-3.0	out_of_core	-0.9671042229535556	-0.9598346016722334	86
rg05_theta12p495_foilpm3	-3.0	out_of_core	-0.9598346016722334	-0.9525649803909113	78
rg05_theta12p495_foilpm3	-3.0	out_of_core	-0.9525649803909113	-0.9452953591095892	106
rg05_theta12p495_foilpm3	-3.0	out_of_core	-0.9452953591095892	-0.938025737828267	88
rg05_theta12p495_foilpm3	-3.0	out_of_core	-0.938025737828267	-0.930756116546945	83
rg05_theta12p495_foilpm3	-3.0	out_of_core	-0.930756116546945	-0.9234864952656229	110
rg05_theta12p495_foilpm3	-3.0	out_of_core	-0.9234864952656229	-0.9162168739843009	107
rg05_theta12p495_foilpm3	-3.0	out_of_core	-0.9162168739843009	-0.9089472527029787	118
rg05_theta12p495_foilpm3	-3.0	out_of_core	-0.9089472527029787	-0.9016776314216566	94
rg05_theta12p495_foilpm3	-3.0	out_of_core	-0.9016776314216566	-0.8944080101403344	105
rg05_theta12p495_foilpm3	-3.0	out_of_core	-0.8944080101403344	-0.8871383888590123	96
rg05_theta12p495_foilpm3	-3.0	out_of_core	-0.8871383888590123	-0.8798687675776903	105
rg05_theta12p495_foilpm3	-3.0	out_of_core	-0.8798687675776903	-0.8725991462963681	92
rg05_theta12p495_foilpm3	-3.0	out_of_core	-0.8725991462963681	-0.8653295250150461	110
rg05_theta12p495_foilpm3	-3.0	out_of_core	-0.8653295250150461	-0.858059903733724	102
rg05_theta12p495_foilpm3	-3.0	out_of_core	-0.858059903733724	-0.8507902824524018	122
rg05_theta12p495_foilpm3	-3.0	out_of_core	-0.8507902824524018	-0.8435206611710797	112
rg05_theta12p495_foilpm3	-3.0	out_of_core	-0.8435206611710797	-0.8362510398897576	110
rg05_theta12p495_foilpm3	-3.0	out_of_core	-0.8362510398897576	-0.8289814186084355	106
rg05_theta12p495_foilpm3	-3.0	out_of_core	-0.8289814186084355	-0.8217117973271134	98
rg05_theta12p495_foilpm3	-3.0	out_of_core	-0.8217117973271134	-0.8144421760457914	124
rg05_theta12p495_foilpm3	-3.0	out_of_core	-0.8144421760457914	-0.8071725547644693	85
rg05_theta12p495_foilpm3	-3.0	out_of_core	-0.8071725547644693	-0.7999029334831471	91
rg05_theta12p495_foilpm3	-3.0	out_of_core	-0.7999029334831471	-0.792633312201825	95
rg05_theta12p495_foilpm3	-3.0	out_of_core	-0.792633312201825	-0.7853636909205028	105
rg05_theta12p495_foilpm3	-3.0	out_of_core	-0.7853636909205028	-0.7780940696391808	97
rg05_theta12p495_foilpm3	-3.0	out_of_core	-0.7780940696391808	-0.7708244483578587	88
rg05_theta12p495_foilpm3	-3.0	out_of_core	-0.7708244483578587	-0.7635548270765367	71
rg05_theta12p495_foilpm3	-3.0	out_of_core	-0.7635548270765367	-0.7562852057952145	101
rg05_theta12p495_foilpm3	-3.0	out_of_core	-0.7562852057952145	-0.7490155845138924	91
rg05_theta12p495_foilpm3	-3.0	out_of_core	-0.7490155845138924	-0.7417459632325702	89
rg05_theta12p495_foilpm3	-3.0	out_of_core	-0.7417459632325702	-0.7344763419512481	69
rg05_theta12p495_foilpm3	-3.0	out_of_core	-0.7344763419512481	-0.7272067206699261	96
rg05_theta12p495_foilpm3	-3.0	out_of_core	-0.7272067206699261	-0.719937099388604	75
rg05_theta12p495_foilpm3	-3.0	out_of_core	-0.719937099388604	-0.7126674781072818	69
rg05_theta12p495_foilpm3	-3.0	out_of_core	-0.7126674781072818	-0.7053978568259598	81
rg05_theta12p495_foilpm3	-3.0	out_of_core	-0.7053978568259598	-0.6981282355446377	80
rg05_theta12p495_foilpm3	-3.0	out_of_core	-0.6981282355446377	-0.6908586142633155	74
rg05_theta12p495_foilpm3	-3.0	out_of_core	-0.6908586142633155	-0.6835889929819935	67
rg05_theta12p495_foilpm3	-3.0	out_of_core	-0.6835889929819935	-0.6763193717006714	73
rg05_theta12p495_foilpm3	-3.0	out_of_core	-0.6763193717006714	-0.6690497504193492	77
rg05_theta12p495_foilpm3	-3.0	out_of_core	-0.6690497504193492	-0.6617801291380271	61
rg05_theta12p495_foilpm3	-3.0	out_of_core	-0.6617801291380271	-0.6545105078567051	61
rg05_theta12p495_foilpm3	-3.0	out_of_core	-0.6545105078567051	-0.6472408865753829	49
rg05_theta12p495_foilpm3	-3.0	out_of_core	-0.6472408865753829	-0.6399712652940608	57
rg05_theta12p495_foilpm3	-3.0	out_of_core	-0.6399712652940608	-0.6327016440127387	52
rg05_theta12p495_foilpm3	-3.0	out_of_core	-0.6327016440127387	-0.6254320227314166	32
rg05_theta12p495_foilpm3	-3.0	out_of_core	-0.6254320227314166	-0.6181624014500945	39
rg05_theta12p495_foilpm3	-3.0	out_of_core	-0.6181624014500945	-0.6108927801687724	38
rg05_theta12p495_foilpm3	-3.0	out_of_core	-0.6108927801687724	-0.6036231588874503	35
rg05_theta12p495_foilpm3	-3.0	out_of_core	-0.6036231588874503	-0.5963535376061282	35
rg05_theta12p495_foilpm3	-3.0	out_of_core	-0.5963535376061282	-0.5890839163248061	29
rg05_theta12p495_foilpm3	-3.0	out_of_core	-0.5890839163248061	-0.5818142950434839	22
rg05_theta12p495_foilpm3	-3.0	out_of_core	-0.5818142950434839	-0.5745446737621619	14
rg05_theta12p495_foilpm3	-3.0	out_of_core	-0.5745446737621619	-0.5672750524808398	9
rg05_theta12p495_foilpm3	-3.0	out_of_core	-0.5672750524808398	-0.5600054311995176	12
rg05_theta12p495_foilpm3	-3.0	out_of_core	-0.5600054311995176	-0.5527358099181956	10
rg05_theta12p495_foilpm3	-3.0	out_of_core	-0.5527358099181956	-0.5454661886368735	4
rg05_theta12p495_foilpm3	-3.0	out_of_core	-0.5454661886368735	-0.5381965673555513	3
rg05_theta12p495_foilpm3	-3.0	out_of_core	-0.5381965673555513	-0.5309269460742292	2
rg05_theta12p495_foilpm3	-3.0	out_of_core	-0.5309269460742292	-0.5236573247929072	0
rg05_theta12p495_foilpm3	-3.0	out_of_core	-0.5236573247929072	-0.516387703511585	0
rg05_theta12p495_foilpm3	-3.0	out_of_core	-0.516387703511585	-0.5091180822302629	1
rg05_theta12p495_foilpm3	-3.0	out_of_core	-0.5091180822302629	-0.5018484609489409	2
rg05_theta12p495_foilpm3	-3.0	out_of_core	-0.5018484609489409	-0.49457883966761873	1
rg05_theta12p495_foilpm3	-3.0	out_of_core	-0.49457883966761873	-0.4873092183862966	0
rg05_theta12p495_foilpm3	3.0	dense_half	0.029017460619410705	0.03706695887266988	0
rg05_theta12p495_foilpm3	3.0	dense_half	0.03706695887266988	0.04511645712592906	0
rg05_theta12p495_foilpm3	3.0	dense_half	0.04511645712592906	0.05316595537918823	0
rg05_theta12p495_foilpm3	3.0	dense_half	0.05316595537918823	0.0612154536324474	1
rg05_theta12p495_foilpm3	3.0	dense_half	0.0612154536324474	0.06926495188570658	6
rg05_theta12p495_foilpm3	3.0	dense_half	0.06926495188570658	0.07731445013896576	2
rg05_theta12p495_foilpm3	3.0	dense_half	0.07731445013896576	0.08536394839222493	8
rg05_theta12p495_foilpm3	3.0	dense_half	0.08536394839222493	0.0934134466454841	5
rg05_theta12p495_foilpm3	3.0	dense_half	0.0934134466454841	0.10146294489874327	9
rg05_theta12p495_foilpm3	3.0	dense_half	0.10146294489874327	0.10951244315200245	7
rg05_theta12p495_foilpm3	3.0	dense_half	0.10951244315200245	0.11756194140526163	12
rg05_theta12p495_foilpm3	3.0	dense_half	0.11756194140526163	0.1256114396585208	12
rg05_theta12p495_foilpm3	3.0	dense_half	0.1256114396585208	0.13366093791177996	23
rg05_theta12p495_foilpm3	3.0	dense_half	0.13366093791177996	0.14171043616503914	21
rg05_theta12p495_foilpm3	3.0	dense_half	0.14171043616503914	0.14975993441829832	22
rg05_theta12p495_foilpm3	3.0	dense_half	0.14975993441829832	0.1578094326715575	28
rg05_theta12p495_foilpm3	3.0	dense_half	0.1578094326715575	0.16585893092481668	35
rg05_theta12p495_foilpm3	3.0	dense_half	0.16585893092481668	0.17390842917807586	38
rg05_theta12p495_foilpm3	3.0	dense_half	0.17390842917807586	0.18195792743133501	32
rg05_theta12p495_foilpm3	3.0	dense_half	0.18195792743133501	0.1900074256845942	53
rg05_theta12p495_foilpm3	3.0	dense_half	0.1900074256845942	0.19805692393785337	52
rg05_theta12p495_foilpm3	3.0	dense_half	0.19805692393785337	0.20610642219111255	61
rg05_theta12p495_foilpm3	3.0	dense_half	0.20610642219111255	0.21415592044437173	68
rg05_theta12p495_foilpm3	3.0	dense_half	0.21415592044437173	0.2222054186976309	76
rg05_theta12p495_foilpm3	3.0	dense_half	0.2222054186976309	0.23025491695089007	76
rg05_theta12p495_foilpm3	3.0	dense_half	0.23025491695089007	0.23830441520414924	99
rg05_theta12p495_foilpm3	3.0	dense_half	0.23830441520414924	0.24635391345740842	85
rg05_theta12p495_foilpm3	3.0	dense_half	0.24635391345740842	0.2544034117106676	99
rg05_theta12p495_foilpm3	3.0	dense_half	0.2544034117106676	0.2624529099639268	108
rg05_theta12p495_foilpm3	3.0	dense_half	0.2624529099639268	0.2705024082171859	114
rg05_theta12p495_foilpm3	3.0	dense_half	0.2705024082171859	0.2785519064704451	105
rg05_theta12p495_foilpm3	3.0	dense_half	0.2785519064704451	0.28660140472370427	115
rg05_theta12p495_foilpm3	3.0	dense_half	0.28660140472370427	0.29465090297696345	135
rg05_theta12p495_foilpm3	3.0	dense_half	0.29465090297696345	0.3027004012302226	154
rg05_theta12p495_foilpm3	3.0	dense_half	0.3027004012302226	0.3107498994834818	169
rg05_theta12p495_foilpm3	3.0	dense_half	0.3107498994834818	0.318799397736741	170
rg05_theta12p495_foilpm3	3.0	dense_half	0.318799397736741	0.32684889599000017	151
rg05_theta12p495_foilpm3	3.0	dense_half	0.32684889599000017	0.3348983942432593	168
rg05_theta12p495_foilpm3	3.0	dense_half	0.3348983942432593	0.34294789249651847	174
rg05_theta12p495_foilpm3	3.0	dense_half	0.34294789249651847	0.35099739074977765	217
rg05_theta12p495_foilpm3	3.0	dense_half	0.35099739074977765	0.35904688900303683	216
rg05_theta12p495_foilpm3	3.0	dense_half	0.35904688900303683	0.367096387256296	198
rg05_theta12p495_foilpm3	3.0	dense_half	0.367096387256296	0.3751458855095552	228
rg05_theta12p495_foilpm3	3.0	dense_half	0.3751458855095552	0.38319538376281437	207
rg05_theta12p495_foilpm3	3.0	dense_half	0.38319538376281437	0.39124488201607355	190
rg05_theta12p495_foilpm3	3.0	dense_half	0.39124488201607355	0.3992943802693327	254
rg05_theta12p495_foilpm3	3.0	dense_half	0.3992943802693327	0.4073438785225919	267
rg05_theta12p495_foilpm3	3.0	dense_half	0.4073438785225919	0.4153933767758511	257
rg05_theta12p495_foilpm3	3.0	dense_half	0.4153933767758511	0.4234428750291102	263
rg05_theta12p495_foilpm3	3.0	dense_half	0.4234428750291102	0.4314923732823694	270
rg05_theta12p495_foilpm3	3.0	dense_half	0.4314923732823694	0.43954187153562857	244
rg05_theta12p495_foilpm3	3.0	dense_half	0.43954187153562857	0.44759136978888775	257
rg05_theta12p495_foilpm3	3.0	dense_half	0.44759136978888775	0.45564086804214693	256
rg05_theta12p495_foilpm3	3.0	dense_half	0.45564086804214693	0.4636903662954061	252
rg05_theta12p495_foilpm3	3.0	dense_half	0.4636903662954061	0.4717398645486653	256
rg05_theta12p495_foilpm3	3.0	dense_half	0.4717398645486653	0.47978936280192447	232
rg05_theta12p495_foilpm3	3.0	dense_half	0.47978936280192447	0.48783886105518365	249
rg05_theta12p495_foilpm3	3.0	dense_half	0.48783886105518365	0.4958883593084428	241
rg05_theta12p495_foilpm3	3.0	dense_half	0.4958883593084428	0.503937857561702	247
rg05_theta12p495_foilpm3	3.0	dense_half	0.503937857561702	0.5119873558149611	225
rg05_theta12p495_foilpm3	3.0	dense_half	0.5119873558149611	0.5200368540682203	211
rg05_theta12p495_foilpm3	3.0	dense_half	0.5200368540682203	0.5280863523214795	240
rg05_theta12p495_foilpm3	3.0	dense_half	0.5280863523214795	0.5361358505747387	198
rg05_theta12p495_foilpm3	3.0	dense_half	0.5361358505747387	0.5441853488279979	202
rg05_theta12p495_foilpm3	3.0	dense_half	0.5441853488279979	0.552234847081257	198
rg05_theta12p495_foilpm3	3.0	dense_half	0.552234847081257	0.5602843453345162	227
rg05_theta12p495_foilpm3	3.0	dense_half	0.5602843453345162	0.5683338435877754	190
rg05_theta12p495_foilpm3	3.0	dense_half	0.5683338435877754	0.5763833418410346	193
rg05_theta12p495_foilpm3	3.0	dense_half	0.5763833418410346	0.5844328400942937	158
rg05_theta12p495_foilpm3	3.0	dense_half	0.5844328400942937	0.5924823383475529	147
rg05_theta12p495_foilpm3	3.0	dense_half	0.5924823383475529	0.6005318366008121	140
rg05_theta12p495_foilpm3	3.0	dense_half	0.6005318366008121	0.6085813348540713	148
rg05_theta12p495_foilpm3	3.0	dense_half	0.6085813348540713	0.6166308331073305	137
rg05_theta12p495_foilpm3	3.0	dense_half	0.6166308331073305	0.6246803313605896	119
rg05_theta12p495_foilpm3	3.0	dense_half	0.6246803313605896	0.6327298296138487	124
rg05_theta12p495_foilpm3	3.0	dense_half	0.6327298296138487	0.6407793278671079	100
rg05_theta12p495_foilpm3	3.0	dense_half	0.6407793278671079	0.6488288261203671	83
rg05_theta12p495_foilpm3	3.0	dense_half	0.6488288261203671	0.6568783243736263	79
rg05_theta12p495_foilpm3	3.0	dense_half	0.6568783243736263	0.6649278226268854	82
rg05_theta12p495_foilpm3	3.0	dense_half	0.6649278226268854	0.6729773208801446	59
rg05_theta12p495_foilpm3	3.0	dense_half	0.6729773208801446	0.6810268191334038	53
rg05_theta12p495_foilpm3	3.0	dense_half	0.6810268191334038	0.689076317386663	47
rg05_theta12p495_foilpm3	3.0	dense_half	0.689076317386663	0.6971258156399222	49
rg05_theta12p495_foilpm3	3.0	dense_half	0.6971258156399222	0.7051753138931813	35
rg05_theta12p495_foilpm3	3.0	dense_half	0.7051753138931813	0.7132248121464405	38
rg05_theta12p495_foilpm3	3.0	dense_half	0.7132248121464405	0.7212743103996997	27
rg05_theta12p495_foilpm3	3.0	dense_half	0.7212743103996997	0.7293238086529589	25
rg05_theta12p495_foilpm3	3.0	dense_half	0.7293238086529589	0.737373306906218	24
rg05_theta12p495_foilpm3	3.0	dense_half	0.737373306906218	0.7454228051594772	25
rg05_theta12p495_foilpm3	3.0	dense_half	0.7454228051594772	0.7534723034127364	22
rg05_theta12p495_foilpm3	3.0	dense_half	0.7534723034127364	0.7615218016659956	19
rg05_theta12p495_foilpm3	3.0	dense_half	0.7615218016659956	0.7695712999192548	15
rg05_theta12p495_foilpm3	3.0	dense_half	0.7695712999192548	0.777620798172514	7
rg05_theta12p495_foilpm3	3.0	dense_half	0.777620798172514	0.7856702964257731	7
rg05_theta12p495_foilpm3	3.0	dense_half	0.7856702964257731	0.7937197946790323	9
rg05_theta12p495_foilpm3	3.0	dense_half	0.7937197946790323	0.8017692929322915	9
rg05_theta12p495_foilpm3	3.0	dense_half	0.8017692929322915	0.8098187911855506	2
rg05_theta12p495_foilpm3	3.0	dense_half	0.8098187911855506	0.8178682894388097	2
rg05_theta12p495_foilpm3	3.0	dense_half	0.8178682894388097	0.8259177876920689	0
rg05_theta12p495_foilpm3	3.0	dense_half	0.8259177876920689	0.8339672859453281	0
rg05_theta12p495_foilpm3	3.0	outer_core	0.029017460619410705	0.03706695887266988	0
rg05_theta12p495_foilpm3	3.0	outer_core	0.03706695887266988	0.04511645712592906	1
rg05_theta12p495_foilpm3	3.0	outer_core	0.04511645712592906	0.05316595537918823	1
rg05_theta12p495_foilpm3	3.0	outer_core	0.05316595537918823	0.0612154536324474	2
rg05_theta12p495_foilpm3	3.0	outer_core	0.0612154536324474	0.06926495188570658	1
rg05_theta12p495_foilpm3	3.0	outer_core	0.06926495188570658	0.07731445013896576	3
rg05_theta12p495_foilpm3	3.0	outer_core	0.07731445013896576	0.08536394839222493	5
rg05_theta12p495_foilpm3	3.0	outer_core	0.08536394839222493	0.0934134466454841	8
rg05_theta12p495_foilpm3	3.0	outer_core	0.0934134466454841	0.10146294489874327	8
rg05_theta12p495_foilpm3	3.0	outer_core	0.10146294489874327	0.10951244315200245	10
rg05_theta12p495_foilpm3	3.0	outer_core	0.10951244315200245	0.11756194140526163	14
rg05_theta12p495_foilpm3	3.0	outer_core	0.11756194140526163	0.1256114396585208	16
rg05_theta12p495_foilpm3	3.0	outer_core	0.1256114396585208	0.13366093791177996	25
rg05_theta12p495_foilpm3	3.0	outer_core	0.13366093791177996	0.14171043616503914	32
rg05_theta12p495_foilpm3	3.0	outer_core	0.14171043616503914	0.14975993441829832	25
rg05_theta12p495_foilpm3	3.0	outer_core	0.14975993441829832	0.1578094326715575	24
rg05_theta12p495_foilpm3	3.0	outer_core	0.1578094326715575	0.16585893092481668	40
rg05_theta12p495_foilpm3	3.0	outer_core	0.16585893092481668	0.17390842917807586	38
rg05_theta12p495_foilpm3	3.0	outer_core	0.17390842917807586	0.18195792743133501	61
rg05_theta12p495_foilpm3	3.0	outer_core	0.18195792743133501	0.1900074256845942	52
rg05_theta12p495_foilpm3	3.0	outer_core	0.1900074256845942	0.19805692393785337	60
rg05_theta12p495_foilpm3	3.0	outer_core	0.19805692393785337	0.20610642219111255	67
rg05_theta12p495_foilpm3	3.0	outer_core	0.20610642219111255	0.21415592044437173	75
rg05_theta12p495_foilpm3	3.0	outer_core	0.21415592044437173	0.2222054186976309	88
rg05_theta12p495_foilpm3	3.0	outer_core	0.2222054186976309	0.23025491695089007	88
rg05_theta12p495_foilpm3	3.0	outer_core	0.23025491695089007	0.23830441520414924	101
rg05_theta12p495_foilpm3	3.0	outer_core	0.23830441520414924	0.24635391345740842	91
rg05_theta12p495_foilpm3	3.0	outer_core	0.24635391345740842	0.2544034117106676	98
rg05_theta12p495_foilpm3	3.0	outer_core	0.2544034117106676	0.2624529099639268	117
rg05_theta12p495_foilpm3	3.0	outer_core	0.2624529099639268	0.2705024082171859	127
rg05_theta12p495_foilpm3	3.0	outer_core	0.2705024082171859	0.2785519064704451	127
rg05_theta12p495_foilpm3	3.0	outer_core	0.2785519064704451	0.28660140472370427	131
rg05_theta12p495_foilpm3	3.0	outer_core	0.28660140472370427	0.29465090297696345	142
rg05_theta12p495_foilpm3	3.0	outer_core	0.29465090297696345	0.3027004012302226	147
rg05_theta12p495_foilpm3	3.0	outer_core	0.3027004012302226	0.3107498994834818	170
rg05_theta12p495_foilpm3	3.0	outer_core	0.3107498994834818	0.318799397736741	156
rg05_theta12p495_foilpm3	3.0	outer_core	0.318799397736741	0.32684889599000017	176
rg05_theta12p495_foilpm3	3.0	outer_core	0.32684889599000017	0.3348983942432593	155
rg05_theta12p495_foilpm3	3.0	outer_core	0.3348983942432593	0.34294789249651847	203
rg05_theta12p495_foilpm3	3.0	outer_core	0.34294789249651847	0.35099739074977765	213
rg05_theta12p495_foilpm3	3.0	outer_core	0.35099739074977765	0.35904688900303683	206
rg05_theta12p495_foilpm3	3.0	outer_core	0.35904688900303683	0.367096387256296	209
rg05_theta12p495_foilpm3	3.0	outer_core	0.367096387256296	0.3751458855095552	205
rg05_theta12p495_foilpm3	3.0	outer_core	0.3751458855095552	0.38319538376281437	230
rg05_theta12p495_foilpm3	3.0	outer_core	0.38319538376281437	0.39124488201607355	195
rg05_theta12p495_foilpm3	3.0	outer_core	0.39124488201607355	0.3992943802693327	239
rg05_theta12p495_foilpm3	3.0	outer_core	0.3992943802693327	0.4073438785225919	256
rg05_theta12p495_foilpm3	3.0	outer_core	0.4073438785225919	0.4153933767758511	226
rg05_theta12p495_foilpm3	3.0	outer_core	0.4153933767758511	0.4234428750291102	234
rg05_theta12p495_foilpm3	3.0	outer_core	0.4234428750291102	0.4314923732823694	218
rg05_theta12p495_foilpm3	3.0	outer_core	0.4314923732823694	0.43954187153562857	256
rg05_theta12p495_foilpm3	3.0	outer_core	0.43954187153562857	0.44759136978888775	218
rg05_theta12p495_foilpm3	3.0	outer_core	0.44759136978888775	0.45564086804214693	236
rg05_theta12p495_foilpm3	3.0	outer_core	0.45564086804214693	0.4636903662954061	242
rg05_theta12p495_foilpm3	3.0	outer_core	0.4636903662954061	0.4717398645486653	243
rg05_theta12p495_foilpm3	3.0	outer_core	0.4717398645486653	0.47978936280192447	233
rg05_theta12p495_foilpm3	3.0	outer_core	0.47978936280192447	0.48783886105518365	229
rg05_theta12p495_foilpm3	3.0	outer_core	0.48783886105518365	0.4958883593084428	235
rg05_theta12p495_foilpm3	3.0	outer_core	0.4958883593084428	0.503937857561702	244
rg05_theta12p495_foilpm3	3.0	outer_core	0.503937857561702	0.5119873558149611	201
rg05_theta12p495_foilpm3	3.0	outer_core	0.5119873558149611	0.5200368540682203	200
rg05_theta12p495_foilpm3	3.0	outer_core	0.5200368540682203	0.5280863523214795	197
rg05_theta12p495_foilpm3	3.0	outer_core	0.5280863523214795	0.5361358505747387	205
rg05_theta12p495_foilpm3	3.0	outer_core	0.5361358505747387	0.5441853488279979	186
rg05_theta12p495_foilpm3	3.0	outer_core	0.5441853488279979	0.552234847081257	187
rg05_theta12p495_foilpm3	3.0	outer_core	0.552234847081257	0.5602843453345162	158
rg05_theta12p495_foilpm3	3.0	outer_core	0.5602843453345162	0.5683338435877754	171
rg05_theta12p495_foilpm3	3.0	outer_core	0.5683338435877754	0.5763833418410346	172
rg05_theta12p495_foilpm3	3.0	outer_core	0.5763833418410346	0.5844328400942937	159
rg05_theta12p495_foilpm3	3.0	outer_core	0.5844328400942937	0.5924823383475529	165
rg05_theta12p495_foilpm3	3.0	outer_core	0.5924823383475529	0.6005318366008121	172
rg05_theta12p495_foilpm3	3.0	outer_core	0.6005318366008121	0.6085813348540713	139
rg05_theta12p495_foilpm3	3.0	outer_core	0.6085813348540713	0.6166308331073305	132
rg05_theta12p495_foilpm3	3.0	outer_core	0.6166308331073305	0.6246803313605896	120
rg05_theta12p495_foilpm3	3.0	outer_core	0.6246803313605896	0.6327298296138487	109
rg05_theta12p495_foilpm3	3.0	outer_core	0.6327298296138487	0.6407793278671079	103
rg05_theta12p495_foilpm3	3.0	outer_core	0.6407793278671079	0.6488288261203671	99
rg05_theta12p495_foilpm3	3.0	outer_core	0.6488288261203671	0.6568783243736263	97
rg05_theta12p495_foilpm3	3.0	outer_core	0.6568783243736263	0.6649278226268854	90
rg05_theta12p495_foilpm3	3.0	outer_core	0.6649278226268854	0.6729773208801446	58
rg05_theta12p495_foilpm3	3.0	outer_core	0.6729773208801446	0.6810268191334038	68
rg05_theta12p495_foilpm3	3.0	outer_core	0.6810268191334038	0.689076317386663	52
rg05_theta12p495_foilpm3	3.0	outer_core	0.689076317386663	0.6971258156399222	48
rg05_theta12p495_foilpm3	3.0	outer_core	0.6971258156399222	0.7051753138931813	45
rg05_theta12p495_foilpm3	3.0	outer_core	0.7051753138931813	0.7132248121464405	46
rg05_theta12p495_foilpm3	3.0	outer_core	0.7132248121464405	0.7212743103996997	36
rg05_theta12p495_foilpm3	3.0	outer_core	0.7212743103996997	0.7293238086529589	33
rg05_theta12p495_foilpm3	3.0	outer_core	0.7293238086529589	0.737373306906218	44
rg05_theta12p495_foilpm3	3.0	outer_core	0.737373306906218	0.7454228051594772	28
rg05_theta12p495_foilpm3	3.0	outer_core	0.7454228051594772	0.7534723034127364	16
rg05_theta12p495_foilpm3	3.0	outer_core	0.7534723034127364	0.7615218016659956	12
rg05_theta12p495_foilpm3	3.0	outer_core	0.7615218016659956	0.7695712999192548	16
rg05_theta12p495_foilpm3	3.0	outer_core	0.7695712999192548	0.777620798172514	12
rg05_theta12p495_foilpm3	3.0	outer_core	0.777620798172514	0.7856702964257731	9
rg05_theta12p495_foilpm3	3.0	outer_core	0.7856702964257731	0.7937197946790323	4
rg05_theta12p495_foilpm3	3.0	outer_core	0.7937197946790323	0.8017692929322915	6
rg05_theta12p495_foilpm3	3.0	outer_core	0.8017692929322915	0.8098187911855506	4
rg05_theta12p495_foilpm3	3.0	outer_core	0.8098187911855506	0.8178682894388097	0
rg05_theta12p495_foilpm3	3.0	outer_core	0.8178682894388097	0.8259177876920689	1
rg05_theta12p495_foilpm3	3.0	outer_core	0.8259177876920689	0.8339672859453281	0
rg05_theta12p495_foilpm3	3.0	shoulders	0.029017460619410705	0.03706695887266988	0
rg05_theta12p495_foilpm3	3.0	shoulders	0.03706695887266988	0.04511645712592906	0
rg05_theta12p495_foilpm3	3.0	shoulders	0.04511645712592906	0.05316595537918823	5
rg05_theta12p495_foilpm3	3.0	shoulders	0.05316595537918823	0.0612154536324474	7
rg05_theta12p495_foilpm3	3.0	shoulders	0.0612154536324474	0.06926495188570658	4
rg05_theta12p495_foilpm3	3.0	shoulders	0.06926495188570658	0.07731445013896576	7
rg05_theta12p495_foilpm3	3.0	shoulders	0.07731445013896576	0.08536394839222493	12
rg05_theta12p495_foilpm3	3.0	shoulders	0.08536394839222493	0.0934134466454841	16
rg05_theta12p495_foilpm3	3.0	shoulders	0.0934134466454841	0.10146294489874327	16
rg05_theta12p495_foilpm3	3.0	shoulders	0.10146294489874327	0.10951244315200245	13
rg05_theta12p495_foilpm3	3.0	shoulders	0.10951244315200245	0.11756194140526163	21
rg05_theta12p495_foilpm3	3.0	shoulders	0.11756194140526163	0.1256114396585208	28
rg05_theta12p495_foilpm3	3.0	shoulders	0.1256114396585208	0.13366093791177996	31
rg05_theta12p495_foilpm3	3.0	shoulders	0.13366093791177996	0.14171043616503914	20
rg05_theta12p495_foilpm3	3.0	shoulders	0.14171043616503914	0.14975993441829832	28
rg05_theta12p495_foilpm3	3.0	shoulders	0.14975993441829832	0.1578094326715575	33
rg05_theta12p495_foilpm3	3.0	shoulders	0.1578094326715575	0.16585893092481668	35
rg05_theta12p495_foilpm3	3.0	shoulders	0.16585893092481668	0.17390842917807586	36
rg05_theta12p495_foilpm3	3.0	shoulders	0.17390842917807586	0.18195792743133501	59
rg05_theta12p495_foilpm3	3.0	shoulders	0.18195792743133501	0.1900074256845942	53
rg05_theta12p495_foilpm3	3.0	shoulders	0.1900074256845942	0.19805692393785337	50
rg05_theta12p495_foilpm3	3.0	shoulders	0.19805692393785337	0.20610642219111255	56
rg05_theta12p495_foilpm3	3.0	shoulders	0.20610642219111255	0.21415592044437173	59
rg05_theta12p495_foilpm3	3.0	shoulders	0.21415592044437173	0.2222054186976309	80
rg05_theta12p495_foilpm3	3.0	shoulders	0.2222054186976309	0.23025491695089007	75
rg05_theta12p495_foilpm3	3.0	shoulders	0.23025491695089007	0.23830441520414924	73
rg05_theta12p495_foilpm3	3.0	shoulders	0.23830441520414924	0.24635391345740842	81
rg05_theta12p495_foilpm3	3.0	shoulders	0.24635391345740842	0.2544034117106676	81
rg05_theta12p495_foilpm3	3.0	shoulders	0.2544034117106676	0.2624529099639268	61
rg05_theta12p495_foilpm3	3.0	shoulders	0.2624529099639268	0.2705024082171859	84
rg05_theta12p495_foilpm3	3.0	shoulders	0.2705024082171859	0.2785519064704451	83
rg05_theta12p495_foilpm3	3.0	shoulders	0.2785519064704451	0.28660140472370427	80
rg05_theta12p495_foilpm3	3.0	shoulders	0.28660140472370427	0.29465090297696345	98
rg05_theta12p495_foilpm3	3.0	shoulders	0.29465090297696345	0.3027004012302226	86
rg05_theta12p495_foilpm3	3.0	shoulders	0.3027004012302226	0.3107498994834818	92
rg05_theta12p495_foilpm3	3.0	shoulders	0.3107498994834818	0.318799397736741	71
rg05_theta12p495_foilpm3	3.0	shoulders	0.318799397736741	0.32684889599000017	88
rg05_theta12p495_foilpm3	3.0	shoulders	0.32684889599000017	0.3348983942432593	89
rg05_theta12p495_foilpm3	3.0	shoulders	0.3348983942432593	0.34294789249651847	94
rg05_theta12p495_foilpm3	3.0	shoulders	0.34294789249651847	0.35099739074977765	103
rg05_theta12p495_foilpm3	3.0	shoulders	0.35099739074977765	0.35904688900303683	83
rg05_theta12p495_foilpm3	3.0	shoulders	0.35904688900303683	0.367096387256296	90
rg05_theta12p495_foilpm3	3.0	shoulders	0.367096387256296	0.3751458855095552	81
rg05_theta12p495_foilpm3	3.0	shoulders	0.3751458855095552	0.38319538376281437	94
rg05_theta12p495_foilpm3	3.0	shoulders	0.38319538376281437	0.39124488201607355	91
rg05_theta12p495_foilpm3	3.0	shoulders	0.39124488201607355	0.3992943802693327	104
rg05_theta12p495_foilpm3	3.0	shoulders	0.3992943802693327	0.4073438785225919	104
rg05_theta12p495_foilpm3	3.0	shoulders	0.4073438785225919	0.4153933767758511	112
rg05_theta12p495_foilpm3	3.0	shoulders	0.4153933767758511	0.4234428750291102	100
rg05_theta12p495_foilpm3	3.0	shoulders	0.4234428750291102	0.4314923732823694	109
rg05_theta12p495_foilpm3	3.0	shoulders	0.4314923732823694	0.43954187153562857	108
rg05_theta12p495_foilpm3	3.0	shoulders	0.43954187153562857	0.44759136978888775	121
rg05_theta12p495_foilpm3	3.0	shoulders	0.44759136978888775	0.45564086804214693	86
rg05_theta12p495_foilpm3	3.0	shoulders	0.45564086804214693	0.4636903662954061	90
rg05_theta12p495_foilpm3	3.0	shoulders	0.4636903662954061	0.4717398645486653	77
rg05_theta12p495_foilpm3	3.0	shoulders	0.4717398645486653	0.47978936280192447	111
rg05_theta12p495_foilpm3	3.0	shoulders	0.47978936280192447	0.48783886105518365	90
rg05_theta12p495_foilpm3	3.0	shoulders	0.48783886105518365	0.4958883593084428	89
rg05_theta12p495_foilpm3	3.0	shoulders	0.4958883593084428	0.503937857561702	111
rg05_theta12p495_foilpm3	3.0	shoulders	0.503937857561702	0.5119873558149611	85
rg05_theta12p495_foilpm3	3.0	shoulders	0.5119873558149611	0.5200368540682203	81
rg05_theta12p495_foilpm3	3.0	shoulders	0.5200368540682203	0.5280863523214795	92
rg05_theta12p495_foilpm3	3.0	shoulders	0.5280863523214795	0.5361358505747387	85
rg05_theta12p495_foilpm3	3.0	shoulders	0.5361358505747387	0.5441853488279979	88
rg05_theta12p495_foilpm3	3.0	shoulders	0.5441853488279979	0.552234847081257	85
rg05_theta12p495_foilpm3	3.0	shoulders	0.552234847081257	0.5602843453345162	104
rg05_theta12p495_foilpm3	3.0	shoulders	0.5602843453345162	0.5683338435877754	101
rg05_theta12p495_foilpm3	3.0	shoulders	0.5683338435877754	0.5763833418410346	86
rg05_theta12p495_foilpm3	3.0	shoulders	0.5763833418410346	0.5844328400942937	92
rg05_theta12p495_foilpm3	3.0	shoulders	0.5844328400942937	0.5924823383475529	91
rg05_theta12p495_foilpm3	3.0	shoulders	0.5924823383475529	0.6005318366008121	96
rg05_theta12p495_foilpm3	3.0	shoulders	0.6005318366008121	0.6085813348540713	86
rg05_theta12p495_foilpm3	3.0	shoulders	0.6085813348540713	0.6166308331073305	82
rg05_theta12p495_foilpm3	3.0	shoulders	0.6166308331073305	0.6246803313605896	75
rg05_theta12p495_foilpm3	3.0	shoulders	0.6246803313605896	0.6327298296138487	74
rg05_theta12p495_foilpm3	3.0	shoulders	0.6327298296138487	0.6407793278671079	70
rg05_theta12p495_foilpm3	3.0	shoulders	0.6407793278671079	0.6488288261203671	63
rg05_theta12p495_foilpm3	3.0	shoulders	0.6488288261203671	0.6568783243736263	60
rg05_theta12p495_foilpm3	3.0	shoulders	0.6568783243736263	0.6649278226268854	67
rg05_theta12p495_foilpm3	3.0	shoulders	0.6649278226268854	0.6729773208801446	65
rg05_theta12p495_foilpm3	3.0	shoulders	0.6729773208801446	0.6810268191334038	43
rg05_theta12p495_foilpm3	3.0	shoulders	0.6810268191334038	0.689076317386663	43
rg05_theta12p495_foilpm3	3.0	shoulders	0.689076317386663	0.6971258156399222	41
rg05_theta12p495_foilpm3	3.0	shoulders	0.6971258156399222	0.7051753138931813	29
rg05_theta12p495_foilpm3	3.0	shoulders	0.7051753138931813	0.7132248121464405	20
rg05_theta12p495_foilpm3	3.0	shoulders	0.7132248121464405	0.7212743103996997	22
rg05_theta12p495_foilpm3	3.0	shoulders	0.7212743103996997	0.7293238086529589	21
rg05_theta12p495_foilpm3	3.0	shoulders	0.7293238086529589	0.737373306906218	22
rg05_theta12p495_foilpm3	3.0	shoulders	0.737373306906218	0.7454228051594772	23
rg05_theta12p495_foilpm3	3.0	shoulders	0.7454228051594772	0.7534723034127364	18
rg05_theta12p495_foilpm3	3.0	shoulders	0.7534723034127364	0.7615218016659956	16
rg05_theta12p495_foilpm3	3.0	shoulders	0.7615218016659956	0.7695712999192548	10
rg05_theta12p495_foilpm3	3.0	shoulders	0.7695712999192548	0.777620798172514	6
rg05_theta12p495_foilpm3	3.0	shoulders	0.777620798172514	0.7856702964257731	4
rg05_theta12p495_foilpm3	3.0	shoulders	0.7856702964257731	0.7937197946790323	7
rg05_theta12p495_foilpm3	3.0	shoulders	0.7937197946790323	0.8017692929322915	9
rg05_theta12p495_foilpm3	3.0	shoulders	0.8017692929322915	0.8098187911855506	1
rg05_theta12p495_foilpm3	3.0	shoulders	0.8098187911855506	0.8178682894388097	1
rg05_theta12p495_foilpm3	3.0	shoulders	0.8178682894388097	0.8259177876920689	0
rg05_theta12p495_foilpm3	3.0	shoulders	0.8259177876920689	0.8339672859453281	0
rg05_theta12p495_foilpm3	3.0	unsupported	0.029017460619410705	0.03706695887266988	0
rg05_theta12p495_foilpm3	3.0	unsupported	0.03706695887266988	0.04511645712592906	0
rg05_theta12p495_foilpm3	3.0	unsupported	0.04511645712592906	0.05316595537918823	0
rg05_theta12p495_foilpm3	3.0	unsupported	0.05316595537918823	0.0612154536324474	0
rg05_theta12p495_foilpm3	3.0	unsupported	0.0612154536324474	0.06926495188570658	0
rg05_theta12p495_foilpm3	3.0	unsupported	0.06926495188570658	0.07731445013896576	0
rg05_theta12p495_foilpm3	3.0	unsupported	0.07731445013896576	0.08536394839222493	0
rg05_theta12p495_foilpm3	3.0	unsupported	0.08536394839222493	0.0934134466454841	0
rg05_theta12p495_foilpm3	3.0	unsupported	0.0934134466454841	0.10146294489874327	0
rg05_theta12p495_foilpm3	3.0	unsupported	0.10146294489874327	0.10951244315200245	0
rg05_theta12p495_foilpm3	3.0	unsupported	0.10951244315200245	0.11756194140526163	2
rg05_theta12p495_foilpm3	3.0	unsupported	0.11756194140526163	0.1256114396585208	3
rg05_theta12p495_foilpm3	3.0	unsupported	0.1256114396585208	0.13366093791177996	1
rg05_theta12p495_foilpm3	3.0	unsupported	0.13366093791177996	0.14171043616503914	0
rg05_theta12p495_foilpm3	3.0	unsupported	0.14171043616503914	0.14975993441829832	2
rg05_theta12p495_foilpm3	3.0	unsupported	0.14975993441829832	0.1578094326715575	1
rg05_theta12p495_foilpm3	3.0	unsupported	0.1578094326715575	0.16585893092481668	2
rg05_theta12p495_foilpm3	3.0	unsupported	0.16585893092481668	0.17390842917807586	1
rg05_theta12p495_foilpm3	3.0	unsupported	0.17390842917807586	0.18195792743133501	0
rg05_theta12p495_foilpm3	3.0	unsupported	0.18195792743133501	0.1900074256845942	1
rg05_theta12p495_foilpm3	3.0	unsupported	0.1900074256845942	0.19805692393785337	1
rg05_theta12p495_foilpm3	3.0	unsupported	0.19805692393785337	0.20610642219111255	2
rg05_theta12p495_foilpm3	3.0	unsupported	0.20610642219111255	0.21415592044437173	5
rg05_theta12p495_foilpm3	3.0	unsupported	0.21415592044437173	0.2222054186976309	3
rg05_theta12p495_foilpm3	3.0	unsupported	0.2222054186976309	0.23025491695089007	3
rg05_theta12p495_foilpm3	3.0	unsupported	0.23025491695089007	0.23830441520414924	3
rg05_theta12p495_foilpm3	3.0	unsupported	0.23830441520414924	0.24635391345740842	0
rg05_theta12p495_foilpm3	3.0	unsupported	0.24635391345740842	0.2544034117106676	1
rg05_theta12p495_foilpm3	3.0	unsupported	0.2544034117106676	0.2624529099639268	3
rg05_theta12p495_foilpm3	3.0	unsupported	0.2624529099639268	0.2705024082171859	1
rg05_theta12p495_foilpm3	3.0	unsupported	0.2705024082171859	0.2785519064704451	1
rg05_theta12p495_foilpm3	3.0	unsupported	0.2785519064704451	0.28660140472370427	3
rg05_theta12p495_foilpm3	3.0	unsupported	0.28660140472370427	0.29465090297696345	2
rg05_theta12p495_foilpm3	3.0	unsupported	0.29465090297696345	0.3027004012302226	3
rg05_theta12p495_foilpm3	3.0	unsupported	0.3027004012302226	0.3107498994834818	4
rg05_theta12p495_foilpm3	3.0	unsupported	0.3107498994834818	0.318799397736741	3
rg05_theta12p495_foilpm3	3.0	unsupported	0.318799397736741	0.32684889599000017	1
rg05_theta12p495_foilpm3	3.0	unsupported	0.32684889599000017	0.3348983942432593	0
rg05_theta12p495_foilpm3	3.0	unsupported	0.3348983942432593	0.34294789249651847	1
rg05_theta12p495_foilpm3	3.0	unsupported	0.34294789249651847	0.35099739074977765	2
rg05_theta12p495_foilpm3	3.0	unsupported	0.35099739074977765	0.35904688900303683	1
rg05_theta12p495_foilpm3	3.0	unsupported	0.35904688900303683	0.367096387256296	2
rg05_theta12p495_foilpm3	3.0	unsupported	0.367096387256296	0.3751458855095552	0
rg05_theta12p495_foilpm3	3.0	unsupported	0.3751458855095552	0.38319538376281437	1
rg05_theta12p495_foilpm3	3.0	unsupported	0.38319538376281437	0.39124488201607355	2
rg05_theta12p495_foilpm3	3.0	unsupported	0.39124488201607355	0.3992943802693327	2
rg05_theta12p495_foilpm3	3.0	unsupported	0.3992943802693327	0.4073438785225919	0
rg05_theta12p495_foilpm3	3.0	unsupported	0.4073438785225919	0.4153933767758511	1
rg05_theta12p495_foilpm3	3.0	unsupported	0.4153933767758511	0.4234428750291102	4
rg05_theta12p495_foilpm3	3.0	unsupported	0.4234428750291102	0.4314923732823694	1
rg05_theta12p495_foilpm3	3.0	unsupported	0.4314923732823694	0.43954187153562857	3
rg05_theta12p495_foilpm3	3.0	unsupported	0.43954187153562857	0.44759136978888775	1
rg05_theta12p495_foilpm3	3.0	unsupported	0.44759136978888775	0.45564086804214693	0
rg05_theta12p495_foilpm3	3.0	unsupported	0.45564086804214693	0.4636903662954061	2
rg05_theta12p495_foilpm3	3.0	unsupported	0.4636903662954061	0.4717398645486653	4
rg05_theta12p495_foilpm3	3.0	unsupported	0.4717398645486653	0.47978936280192447	4
rg05_theta12p495_foilpm3	3.0	unsupported	0.47978936280192447	0.48783886105518365	4
rg05_theta12p495_foilpm3	3.0	unsupported	0.48783886105518365	0.4958883593084428	2
rg05_theta12p495_foilpm3	3.0	unsupported	0.4958883593084428	0.503937857561702	0
rg05_theta12p495_foilpm3	3.0	unsupported	0.503937857561702	0.5119873558149611	0
rg05_theta12p495_foilpm3	3.0	unsupported	0.5119873558149611	0.5200368540682203	1
rg05_theta12p495_foilpm3	3.0	unsupported	0.5200368540682203	0.5280863523214795	2
rg05_theta12p495_foilpm3	3.0	unsupported	0.5280863523214795	0.5361358505747387	3
rg05_theta12p495_foilpm3	3.0	unsupported	0.5361358505747387	0.5441853488279979	1
rg05_theta12p495_foilpm3	3.0	unsupported	0.5441853488279979	0.552234847081257	2
rg05_theta12p495_foilpm3	3.0	unsupported	0.552234847081257	0.5602843453345162	2
rg05_theta12p495_foilpm3	3.0	unsupported	0.5602843453345162	0.5683338435877754	2
rg05_theta12p495_foilpm3	3.0	unsupported	0.5683338435877754	0.5763833418410346	3
rg05_theta12p495_foilpm3	3.0	unsupported	0.5763833418410346	0.5844328400942937	3
rg05_theta12p495_foilpm3	3.0	unsupported	0.5844328400942937	0.5924823383475529	3
rg05_theta12p495_foilpm3	3.0	unsupported	0.5924823383475529	0.6005318366008121	0
rg05_theta12p495_foilpm3	3.0	unsupported	0.6005318366008121	0.6085813348540713	2
rg05_theta12p495_foilpm3	3.0	unsupported	0.6085813348540713	0.6166308331073305	3
rg05_theta12p495_foilpm3	3.0	unsupported	0.6166308331073305	0.6246803313605896	3
rg05_theta12p495_foilpm3	3.0	unsupported	0.6246803313605896	0.6327298296138487	6
rg05_theta12p495_foilpm3	3.0	unsupported	0.6327298296138487	0.6407793278671079	1
rg05_theta12p495_foilpm3	3.0	unsupported	0.6407793278671079	0.6488288261203671	2
rg05_theta12p495_foilpm3	3.0	unsupported	0.6488288261203671	0.6568783243736263	0
rg05_theta12p495_foilpm3	3.0	unsupported	0.6568783243736263	0.6649278226268854	1
rg05_theta12p495_foilpm3	3.0	unsupported	0.6649278226268854	0.6729773208801446	0
rg05_theta12p495_foilpm3	3.0	unsupported	0.6729773208801446	0.6810268191334038	1
rg05_theta12p495_foilpm3	3.0	unsupported	0.6810268191334038	0.689076317386663	1
rg05_theta12p495_foilpm3	3.0	unsupported	0.689076317386663	0.6971258156399222	5
rg05_theta12p495_foilpm3	3.0	unsupported	0.6971258156399222	0.7051753138931813	0
rg05_theta12p495_foilpm3	3.0	unsupported	0.7051753138931813	0.7132248121464405	0
rg05_theta12p495_foilpm3	3.0	unsupported	0.7132248121464405	0.7212743103996997	0
rg05_theta12p495_foilpm3	3.0	unsupported	0.7212743103996997	0.7293238086529589	0
rg05_theta12p495_foilpm3	3.0	unsupported	0.7293238086529589	0.737373306906218	0
rg05_theta12p495_foilpm3	3.0	unsupported	0.737373306906218	0.7454228051594772	0
rg05_theta12p495_foilpm3	3.0	unsupported	0.7454228051594772	0.7534723034127364	0
rg05_theta12p495_foilpm3	3.0	unsupported	0.7534723034127364	0.7615218016659956	0
rg05_theta12p495_foilpm3	3.0	unsupported	0.7615218016659956	0.7695712999192548	0
rg05_theta12p495_foilpm3	3.0	unsupported	0.7695712999192548	0.777620798172514	0
rg05_theta12p495_foilpm3	3.0	unsupported	0.777620798172514	0.7856702964257731	0
rg05_theta12p495_foilpm3	3.0	unsupported	0.7856702964257731	0.7937197946790323	0
rg05_theta12p495_foilpm3	3.0	unsupported	0.7937197946790323	0.8017692929322915	0
rg05_theta12p495_foilpm3	3.0	unsupported	0.8017692929322915	0.8098187911855506	0
rg05_theta12p495_foilpm3	3.0	unsupported	0.8098187911855506	0.8178682894388097	0
rg05_theta12p495_foilpm3	3.0	unsupported	0.8178682894388097	0.8259177876920689	0
rg05_theta12p495_foilpm3	3.0	unsupported	0.8259177876920689	0.8339672859453281	0
rg05_theta12p495_foilpm3	3.0	out_of_core	0.029017460619410705	0.03706695887266988	0
rg05_theta12p495_foilpm3	3.0	out_of_core	0.03706695887266988	0.04511645712592906	0
rg05_theta12p495_foilpm3	3.0	out_of_core	0.04511645712592906	0.05316595537918823	5
rg05_theta12p495_foilpm3	3.0	out_of_core	0.05316595537918823	0.0612154536324474	7
rg05_theta12p495_foilpm3	3.0	out_of_core	0.0612154536324474	0.06926495188570658	4
rg05_theta12p495_foilpm3	3.0	out_of_core	0.06926495188570658	0.07731445013896576	7
rg05_theta12p495_foilpm3	3.0	out_of_core	0.07731445013896576	0.08536394839222493	12
rg05_theta12p495_foilpm3	3.0	out_of_core	0.08536394839222493	0.0934134466454841	16
rg05_theta12p495_foilpm3	3.0	out_of_core	0.0934134466454841	0.10146294489874327	16
rg05_theta12p495_foilpm3	3.0	out_of_core	0.10146294489874327	0.10951244315200245	13
rg05_theta12p495_foilpm3	3.0	out_of_core	0.10951244315200245	0.11756194140526163	23
rg05_theta12p495_foilpm3	3.0	out_of_core	0.11756194140526163	0.1256114396585208	31
rg05_theta12p495_foilpm3	3.0	out_of_core	0.1256114396585208	0.13366093791177996	32
rg05_theta12p495_foilpm3	3.0	out_of_core	0.13366093791177996	0.14171043616503914	20
rg05_theta12p495_foilpm3	3.0	out_of_core	0.14171043616503914	0.14975993441829832	30
rg05_theta12p495_foilpm3	3.0	out_of_core	0.14975993441829832	0.1578094326715575	34
rg05_theta12p495_foilpm3	3.0	out_of_core	0.1578094326715575	0.16585893092481668	37
rg05_theta12p495_foilpm3	3.0	out_of_core	0.16585893092481668	0.17390842917807586	37
rg05_theta12p495_foilpm3	3.0	out_of_core	0.17390842917807586	0.18195792743133501	59
rg05_theta12p495_foilpm3	3.0	out_of_core	0.18195792743133501	0.1900074256845942	54
rg05_theta12p495_foilpm3	3.0	out_of_core	0.1900074256845942	0.19805692393785337	51
rg05_theta12p495_foilpm3	3.0	out_of_core	0.19805692393785337	0.20610642219111255	58
rg05_theta12p495_foilpm3	3.0	out_of_core	0.20610642219111255	0.21415592044437173	64
rg05_theta12p495_foilpm3	3.0	out_of_core	0.21415592044437173	0.2222054186976309	83
rg05_theta12p495_foilpm3	3.0	out_of_core	0.2222054186976309	0.23025491695089007	78
rg05_theta12p495_foilpm3	3.0	out_of_core	0.23025491695089007	0.23830441520414924	76
rg05_theta12p495_foilpm3	3.0	out_of_core	0.23830441520414924	0.24635391345740842	81
rg05_theta12p495_foilpm3	3.0	out_of_core	0.24635391345740842	0.2544034117106676	82
rg05_theta12p495_foilpm3	3.0	out_of_core	0.2544034117106676	0.2624529099639268	64
rg05_theta12p495_foilpm3	3.0	out_of_core	0.2624529099639268	0.2705024082171859	85
rg05_theta12p495_foilpm3	3.0	out_of_core	0.2705024082171859	0.2785519064704451	84
rg05_theta12p495_foilpm3	3.0	out_of_core	0.2785519064704451	0.28660140472370427	83
rg05_theta12p495_foilpm3	3.0	out_of_core	0.28660140472370427	0.29465090297696345	100
rg05_theta12p495_foilpm3	3.0	out_of_core	0.29465090297696345	0.3027004012302226	89
rg05_theta12p495_foilpm3	3.0	out_of_core	0.3027004012302226	0.3107498994834818	96
rg05_theta12p495_foilpm3	3.0	out_of_core	0.3107498994834818	0.318799397736741	74
rg05_theta12p495_foilpm3	3.0	out_of_core	0.318799397736741	0.32684889599000017	89
rg05_theta12p495_foilpm3	3.0	out_of_core	0.32684889599000017	0.3348983942432593	89
rg05_theta12p495_foilpm3	3.0	out_of_core	0.3348983942432593	0.34294789249651847	95
rg05_theta12p495_foilpm3	3.0	out_of_core	0.34294789249651847	0.35099739074977765	105
rg05_theta12p495_foilpm3	3.0	out_of_core	0.35099739074977765	0.35904688900303683	84
rg05_theta12p495_foilpm3	3.0	out_of_core	0.35904688900303683	0.367096387256296	92
rg05_theta12p495_foilpm3	3.0	out_of_core	0.367096387256296	0.3751458855095552	81
rg05_theta12p495_foilpm3	3.0	out_of_core	0.3751458855095552	0.38319538376281437	95
rg05_theta12p495_foilpm3	3.0	out_of_core	0.38319538376281437	0.39124488201607355	93
rg05_theta12p495_foilpm3	3.0	out_of_core	0.39124488201607355	0.3992943802693327	106
rg05_theta12p495_foilpm3	3.0	out_of_core	0.3992943802693327	0.4073438785225919	104
rg05_theta12p495_foilpm3	3.0	out_of_core	0.4073438785225919	0.4153933767758511	113
rg05_theta12p495_foilpm3	3.0	out_of_core	0.4153933767758511	0.4234428750291102	104
rg05_theta12p495_foilpm3	3.0	out_of_core	0.4234428750291102	0.4314923732823694	110
rg05_theta12p495_foilpm3	3.0	out_of_core	0.4314923732823694	0.43954187153562857	111
rg05_theta12p495_foilpm3	3.0	out_of_core	0.43954187153562857	0.44759136978888775	122
rg05_theta12p495_foilpm3	3.0	out_of_core	0.44759136978888775	0.45564086804214693	86
rg05_theta12p495_foilpm3	3.0	out_of_core	0.45564086804214693	0.4636903662954061	92
rg05_theta12p495_foilpm3	3.0	out_of_core	0.4636903662954061	0.4717398645486653	81
rg05_theta12p495_foilpm3	3.0	out_of_core	0.4717398645486653	0.47978936280192447	115
rg05_theta12p495_foilpm3	3.0	out_of_core	0.47978936280192447	0.48783886105518365	94
rg05_theta12p495_foilpm3	3.0	out_of_core	0.48783886105518365	0.4958883593084428	91
rg05_theta12p495_foilpm3	3.0	out_of_core	0.4958883593084428	0.503937857561702	111
rg05_theta12p495_foilpm3	3.0	out_of_core	0.503937857561702	0.5119873558149611	85
rg05_theta12p495_foilpm3	3.0	out_of_core	0.5119873558149611	0.5200368540682203	82
rg05_theta12p495_foilpm3	3.0	out_of_core	0.5200368540682203	0.5280863523214795	94
rg05_theta12p495_foilpm3	3.0	out_of_core	0.5280863523214795	0.5361358505747387	88
rg05_theta12p495_foilpm3	3.0	out_of_core	0.5361358505747387	0.5441853488279979	89
rg05_theta12p495_foilpm3	3.0	out_of_core	0.5441853488279979	0.552234847081257	87
rg05_theta12p495_foilpm3	3.0	out_of_core	0.552234847081257	0.5602843453345162	106
rg05_theta12p495_foilpm3	3.0	out_of_core	0.5602843453345162	0.5683338435877754	103
rg05_theta12p495_foilpm3	3.0	out_of_core	0.5683338435877754	0.5763833418410346	89
rg05_theta12p495_foilpm3	3.0	out_of_core	0.5763833418410346	0.5844328400942937	95
rg05_theta12p495_foilpm3	3.0	out_of_core	0.5844328400942937	0.5924823383475529	94
rg05_theta12p495_foilpm3	3.0	out_of_core	0.5924823383475529	0.6005318366008121	96
rg05_theta12p495_foilpm3	3.0	out_of_core	0.6005318366008121	0.6085813348540713	88
rg05_theta12p495_foilpm3	3.0	out_of_core	0.6085813348540713	0.6166308331073305	85
rg05_theta12p495_foilpm3	3.0	out_of_core	0.6166308331073305	0.6246803313605896	78
rg05_theta12p495_foilpm3	3.0	out_of_core	0.6246803313605896	0.6327298296138487	80
rg05_theta12p495_foilpm3	3.0	out_of_core	0.6327298296138487	0.6407793278671079	71
rg05_theta12p495_foilpm3	3.0	out_of_core	0.6407793278671079	0.6488288261203671	65
rg05_theta12p495_foilpm3	3.0	out_of_core	0.6488288261203671	0.6568783243736263	60
rg05_theta12p495_foilpm3	3.0	out_of_core	0.6568783243736263	0.6649278226268854	68
rg05_theta12p495_foilpm3	3.0	out_of_core	0.6649278226268854	0.6729773208801446	65
rg05_theta12p495_foilpm3	3.0	out_of_core	0.6729773208801446	0.6810268191334038	44
rg05_theta12p495_foilpm3	3.0	out_of_core	0.6810268191334038	0.689076317386663	44
rg05_theta12p495_foilpm3	3.0	out_of_core	0.689076317386663	0.6971258156399222	46
rg05_theta12p495_foilpm3	3.0	out_of_core	0.6971258156399222	0.7051753138931813	29
rg05_theta12p495_foilpm3	3.0	out_of_core	0.7051753138931813	0.7132248121464405	20
rg05_theta12p495_foilpm3	3.0	out_of_core	0.7132248121464405	0.7212743103996997	22
rg05_theta12p495_foilpm3	3.0	out_of_core	0.7212743103996997	0.7293238086529589	21
rg05_theta12p495_foilpm3	3.0	out_of_core	0.7293238086529589	0.737373306906218	22
rg05_theta12p495_foilpm3	3.0	out_of_core	0.737373306906218	0.7454228051594772	23
rg05_theta12p495_foilpm3	3.0	out_of_core	0.7454228051594772	0.7534723034127364	18
rg05_theta12p495_foilpm3	3.0	out_of_core	0.7534723034127364	0.7615218016659956	16
rg05_theta12p495_foilpm3	3.0	out_of_core	0.7615218016659956	0.7695712999192548	10
rg05_theta12p495_foilpm3	3.0	out_of_core	0.7695712999192548	0.777620798172514	6
rg05_theta12p495_foilpm3	3.0	out_of_core	0.777620798172514	0.7856702964257731	4
rg05_theta12p495_foilpm3	3.0	out_of_core	0.7856702964257731	0.7937197946790323	7
rg05_theta12p495_foilpm3	3.0	out_of_core	0.7937197946790323	0.8017692929322915	9
rg05_theta12p495_foilpm3	3.0	out_of_core	0.8017692929322915	0.8098187911855506	1
rg05_theta12p495_foilpm3	3.0	out_of_core	0.8098187911855506	0.8178682894388097	1
rg05_theta12p495_foilpm3	3.0	out_of_core	0.8178682894388097	0.8259177876920689	0
rg05_theta12p495_foilpm3	3.0	out_of_core	0.8259177876920689	0.8339672859453281	0
rg06_theta15p195_foilpm8	-8.0	dense_half	-2.4763327386129816	-2.465877748650536	0
rg06_theta15p195_foilpm8	-8.0	dense_half	-2.465877748650536	-2.455422758688091	0
rg06_theta15p195_foilpm8	-8.0	dense_half	-2.455422758688091	-2.4449677687256455	5
rg06_theta15p195_foilpm8	-8.0	dense_half	-2.4449677687256455	-2.4345127787632004	5
rg06_theta15p195_foilpm8	-8.0	dense_half	-2.4345127787632004	-2.424057788800755	16
rg06_theta15p195_foilpm8	-8.0	dense_half	-2.424057788800755	-2.4136027988383097	13
rg06_theta15p195_foilpm8	-8.0	dense_half	-2.4136027988383097	-2.403147808875864	19
rg06_theta15p195_foilpm8	-8.0	dense_half	-2.403147808875864	-2.392692818913419	17
rg06_theta15p195_foilpm8	-8.0	dense_half	-2.392692818913419	-2.3822378289509736	38
rg06_theta15p195_foilpm8	-8.0	dense_half	-2.3822378289509736	-2.3717828389885285	32
rg06_theta15p195_foilpm8	-8.0	dense_half	-2.3717828389885285	-2.361327849026083	43
rg06_theta15p195_foilpm8	-8.0	dense_half	-2.361327849026083	-2.3508728590636374	54
rg06_theta15p195_foilpm8	-8.0	dense_half	-2.3508728590636374	-2.3404178691011923	60
rg06_theta15p195_foilpm8	-8.0	dense_half	-2.3404178691011923	-2.329962879138747	64
rg06_theta15p195_foilpm8	-8.0	dense_half	-2.329962879138747	-2.3195078891763017	63
rg06_theta15p195_foilpm8	-8.0	dense_half	-2.3195078891763017	-2.309052899213856	87
rg06_theta15p195_foilpm8	-8.0	dense_half	-2.309052899213856	-2.298597909251411	90
rg06_theta15p195_foilpm8	-8.0	dense_half	-2.298597909251411	-2.2881429192889655	71
rg06_theta15p195_foilpm8	-8.0	dense_half	-2.2881429192889655	-2.2776879293265204	94
rg06_theta15p195_foilpm8	-8.0	dense_half	-2.2776879293265204	-2.267232939364075	99
rg06_theta15p195_foilpm8	-8.0	dense_half	-2.267232939364075	-2.25677794940163	95
rg06_theta15p195_foilpm8	-8.0	dense_half	-2.25677794940163	-2.2463229594391843	116
rg06_theta15p195_foilpm8	-8.0	dense_half	-2.2463229594391843	-2.2358679694767387	159
rg06_theta15p195_foilpm8	-8.0	dense_half	-2.2358679694767387	-2.2254129795142936	118
rg06_theta15p195_foilpm8	-8.0	dense_half	-2.2254129795142936	-2.214957989551848	121
rg06_theta15p195_foilpm8	-8.0	dense_half	-2.214957989551848	-2.204502999589403	146
rg06_theta15p195_foilpm8	-8.0	dense_half	-2.204502999589403	-2.1940480096269575	131
rg06_theta15p195_foilpm8	-8.0	dense_half	-2.1940480096269575	-2.1835930196645124	151
rg06_theta15p195_foilpm8	-8.0	dense_half	-2.1835930196645124	-2.173138029702067	158
rg06_theta15p195_foilpm8	-8.0	dense_half	-2.173138029702067	-2.1626830397396217	160
rg06_theta15p195_foilpm8	-8.0	dense_half	-2.1626830397396217	-2.152228049777176	147
rg06_theta15p195_foilpm8	-8.0	dense_half	-2.152228049777176	-2.1417730598147307	138
rg06_theta15p195_foilpm8	-8.0	dense_half	-2.1417730598147307	-2.1313180698522856	156
rg06_theta15p195_foilpm8	-8.0	dense_half	-2.1313180698522856	-2.12086307988984	177
rg06_theta15p195_foilpm8	-8.0	dense_half	-2.12086307988984	-2.110408089927395	176
rg06_theta15p195_foilpm8	-8.0	dense_half	-2.110408089927395	-2.0999530999649494	166
rg06_theta15p195_foilpm8	-8.0	dense_half	-2.0999530999649494	-2.0894981100025043	132
rg06_theta15p195_foilpm8	-8.0	dense_half	-2.0894981100025043	-2.0790431200400588	146
rg06_theta15p195_foilpm8	-8.0	dense_half	-2.0790431200400588	-2.0685881300776137	151
rg06_theta15p195_foilpm8	-8.0	dense_half	-2.0685881300776137	-2.058133140115168	159
rg06_theta15p195_foilpm8	-8.0	dense_half	-2.058133140115168	-2.047678150152723	170
rg06_theta15p195_foilpm8	-8.0	dense_half	-2.047678150152723	-2.0372231601902775	131
rg06_theta15p195_foilpm8	-8.0	dense_half	-2.0372231601902775	-2.0267681702278324	155
rg06_theta15p195_foilpm8	-8.0	dense_half	-2.0267681702278324	-2.016313180265387	137
rg06_theta15p195_foilpm8	-8.0	dense_half	-2.016313180265387	-2.0058581903029413	154
rg06_theta15p195_foilpm8	-8.0	dense_half	-2.0058581903029413	-1.9954032003404962	128
rg06_theta15p195_foilpm8	-8.0	dense_half	-1.9954032003404962	-1.9849482103780507	115
rg06_theta15p195_foilpm8	-8.0	dense_half	-1.9849482103780507	-1.9744932204156056	117
rg06_theta15p195_foilpm8	-8.0	dense_half	-1.9744932204156056	-1.96403823045316	129
rg06_theta15p195_foilpm8	-8.0	dense_half	-1.96403823045316	-1.953583240490715	102
rg06_theta15p195_foilpm8	-8.0	dense_half	-1.953583240490715	-1.9431282505282694	98
rg06_theta15p195_foilpm8	-8.0	dense_half	-1.9431282505282694	-1.9326732605658241	93
rg06_theta15p195_foilpm8	-8.0	dense_half	-1.9326732605658241	-1.9222182706033788	82
rg06_theta15p195_foilpm8	-8.0	dense_half	-1.9222182706033788	-1.9117632806409335	82
rg06_theta15p195_foilpm8	-8.0	dense_half	-1.9117632806409335	-1.9013082906784882	83
rg06_theta15p195_foilpm8	-8.0	dense_half	-1.9013082906784882	-1.8908533007160429	68
rg06_theta15p195_foilpm8	-8.0	dense_half	-1.8908533007160429	-1.8803983107535975	57
rg06_theta15p195_foilpm8	-8.0	dense_half	-1.8803983107535975	-1.869943320791152	63
rg06_theta15p195_foilpm8	-8.0	dense_half	-1.869943320791152	-1.859488330828707	54
rg06_theta15p195_foilpm8	-8.0	dense_half	-1.859488330828707	-1.8490333408662614	46
rg06_theta15p195_foilpm8	-8.0	dense_half	-1.8490333408662614	-1.8385783509038163	49
rg06_theta15p195_foilpm8	-8.0	dense_half	-1.8385783509038163	-1.8281233609413707	49
rg06_theta15p195_foilpm8	-8.0	dense_half	-1.8281233609413707	-1.8176683709789254	35
rg06_theta15p195_foilpm8	-8.0	dense_half	-1.8176683709789254	-1.80721338101648	46
rg06_theta15p195_foilpm8	-8.0	dense_half	-1.80721338101648	-1.7967583910540348	28
rg06_theta15p195_foilpm8	-8.0	dense_half	-1.7967583910540348	-1.7863034010915895	28
rg06_theta15p195_foilpm8	-8.0	dense_half	-1.7863034010915895	-1.775848411129144	27
rg06_theta15p195_foilpm8	-8.0	dense_half	-1.775848411129144	-1.7653934211666988	34
rg06_theta15p195_foilpm8	-8.0	dense_half	-1.7653934211666988	-1.7549384312042533	27
rg06_theta15p195_foilpm8	-8.0	dense_half	-1.7549384312042533	-1.7444834412418082	24
rg06_theta15p195_foilpm8	-8.0	dense_half	-1.7444834412418082	-1.7340284512793627	22
rg06_theta15p195_foilpm8	-8.0	dense_half	-1.7340284512793627	-1.7235734613169174	16
rg06_theta15p195_foilpm8	-8.0	dense_half	-1.7235734613169174	-1.713118471354472	16
rg06_theta15p195_foilpm8	-8.0	dense_half	-1.713118471354472	-1.7026634813920267	24
rg06_theta15p195_foilpm8	-8.0	dense_half	-1.7026634813920267	-1.6922084914295814	20
rg06_theta15p195_foilpm8	-8.0	dense_half	-1.6922084914295814	-1.681753501467136	9
rg06_theta15p195_foilpm8	-8.0	dense_half	-1.681753501467136	-1.6712985115046908	22
rg06_theta15p195_foilpm8	-8.0	dense_half	-1.6712985115046908	-1.6608435215422452	19
rg06_theta15p195_foilpm8	-8.0	dense_half	-1.6608435215422452	-1.6503885315798001	21
rg06_theta15p195_foilpm8	-8.0	dense_half	-1.6503885315798001	-1.6399335416173546	11
rg06_theta15p195_foilpm8	-8.0	dense_half	-1.6399335416173546	-1.6294785516549095	12
rg06_theta15p195_foilpm8	-8.0	dense_half	-1.6294785516549095	-1.619023561692464	13
rg06_theta15p195_foilpm8	-8.0	dense_half	-1.619023561692464	-1.6085685717300187	6
rg06_theta15p195_foilpm8	-8.0	dense_half	-1.6085685717300187	-1.5981135817675733	11
rg06_theta15p195_foilpm8	-8.0	dense_half	-1.5981135817675733	-1.587658591805128	9
rg06_theta15p195_foilpm8	-8.0	dense_half	-1.587658591805128	-1.5772036018426827	8
rg06_theta15p195_foilpm8	-8.0	dense_half	-1.5772036018426827	-1.5667486118802374	8
rg06_theta15p195_foilpm8	-8.0	dense_half	-1.5667486118802374	-1.556293621917792	7
rg06_theta15p195_foilpm8	-8.0	dense_half	-1.556293621917792	-1.5458386319553465	5
rg06_theta15p195_foilpm8	-8.0	dense_half	-1.5458386319553465	-1.5353836419929014	3
rg06_theta15p195_foilpm8	-8.0	dense_half	-1.5353836419929014	-1.524928652030456	2
rg06_theta15p195_foilpm8	-8.0	dense_half	-1.524928652030456	-1.5144736620680108	4
rg06_theta15p195_foilpm8	-8.0	dense_half	-1.5144736620680108	-1.5040186721055653	6
rg06_theta15p195_foilpm8	-8.0	dense_half	-1.5040186721055653	-1.49356368214312	5
rg06_theta15p195_foilpm8	-8.0	dense_half	-1.49356368214312	-1.4831086921806746	2
rg06_theta15p195_foilpm8	-8.0	dense_half	-1.4831086921806746	-1.4726537022182293	3
rg06_theta15p195_foilpm8	-8.0	dense_half	-1.4726537022182293	-1.462198712255784	1
rg06_theta15p195_foilpm8	-8.0	dense_half	-1.462198712255784	-1.4517437222933387	1
rg06_theta15p195_foilpm8	-8.0	dense_half	-1.4517437222933387	-1.4412887323308934	1
rg06_theta15p195_foilpm8	-8.0	dense_half	-1.4412887323308934	-1.430833742368448	0
rg06_theta15p195_foilpm8	-8.0	outer_core	-2.4763327386129816	-2.465877748650536	0
rg06_theta15p195_foilpm8	-8.0	outer_core	-2.465877748650536	-2.455422758688091	0
rg06_theta15p195_foilpm8	-8.0	outer_core	-2.455422758688091	-2.4449677687256455	8
rg06_theta15p195_foilpm8	-8.0	outer_core	-2.4449677687256455	-2.4345127787632004	6
rg06_theta15p195_foilpm8	-8.0	outer_core	-2.4345127787632004	-2.424057788800755	8
rg06_theta15p195_foilpm8	-8.0	outer_core	-2.424057788800755	-2.4136027988383097	16
rg06_theta15p195_foilpm8	-8.0	outer_core	-2.4136027988383097	-2.403147808875864	22
rg06_theta15p195_foilpm8	-8.0	outer_core	-2.403147808875864	-2.392692818913419	34
rg06_theta15p195_foilpm8	-8.0	outer_core	-2.392692818913419	-2.3822378289509736	24
rg06_theta15p195_foilpm8	-8.0	outer_core	-2.3822378289509736	-2.3717828389885285	20
rg06_theta15p195_foilpm8	-8.0	outer_core	-2.3717828389885285	-2.361327849026083	40
rg06_theta15p195_foilpm8	-8.0	outer_core	-2.361327849026083	-2.3508728590636374	57
rg06_theta15p195_foilpm8	-8.0	outer_core	-2.3508728590636374	-2.3404178691011923	53
rg06_theta15p195_foilpm8	-8.0	outer_core	-2.3404178691011923	-2.329962879138747	52
rg06_theta15p195_foilpm8	-8.0	outer_core	-2.329962879138747	-2.3195078891763017	79
rg06_theta15p195_foilpm8	-8.0	outer_core	-2.3195078891763017	-2.309052899213856	73
rg06_theta15p195_foilpm8	-8.0	outer_core	-2.309052899213856	-2.298597909251411	90
rg06_theta15p195_foilpm8	-8.0	outer_core	-2.298597909251411	-2.2881429192889655	85
rg06_theta15p195_foilpm8	-8.0	outer_core	-2.2881429192889655	-2.2776879293265204	78
rg06_theta15p195_foilpm8	-8.0	outer_core	-2.2776879293265204	-2.267232939364075	103
rg06_theta15p195_foilpm8	-8.0	outer_core	-2.267232939364075	-2.25677794940163	101
rg06_theta15p195_foilpm8	-8.0	outer_core	-2.25677794940163	-2.2463229594391843	116
rg06_theta15p195_foilpm8	-8.0	outer_core	-2.2463229594391843	-2.2358679694767387	123
rg06_theta15p195_foilpm8	-8.0	outer_core	-2.2358679694767387	-2.2254129795142936	143
rg06_theta15p195_foilpm8	-8.0	outer_core	-2.2254129795142936	-2.214957989551848	156
rg06_theta15p195_foilpm8	-8.0	outer_core	-2.214957989551848	-2.204502999589403	148
rg06_theta15p195_foilpm8	-8.0	outer_core	-2.204502999589403	-2.1940480096269575	148
rg06_theta15p195_foilpm8	-8.0	outer_core	-2.1940480096269575	-2.1835930196645124	137
rg06_theta15p195_foilpm8	-8.0	outer_core	-2.1835930196645124	-2.173138029702067	157
rg06_theta15p195_foilpm8	-8.0	outer_core	-2.173138029702067	-2.1626830397396217	155
rg06_theta15p195_foilpm8	-8.0	outer_core	-2.1626830397396217	-2.152228049777176	158
rg06_theta15p195_foilpm8	-8.0	outer_core	-2.152228049777176	-2.1417730598147307	150
rg06_theta15p195_foilpm8	-8.0	outer_core	-2.1417730598147307	-2.1313180698522856	136
rg06_theta15p195_foilpm8	-8.0	outer_core	-2.1313180698522856	-2.12086307988984	152
rg06_theta15p195_foilpm8	-8.0	outer_core	-2.12086307988984	-2.110408089927395	168
rg06_theta15p195_foilpm8	-8.0	outer_core	-2.110408089927395	-2.0999530999649494	143
rg06_theta15p195_foilpm8	-8.0	outer_core	-2.0999530999649494	-2.0894981100025043	155
rg06_theta15p195_foilpm8	-8.0	outer_core	-2.0894981100025043	-2.0790431200400588	152
rg06_theta15p195_foilpm8	-8.0	outer_core	-2.0790431200400588	-2.0685881300776137	148
rg06_theta15p195_foilpm8	-8.0	outer_core	-2.0685881300776137	-2.058133140115168	121
rg06_theta15p195_foilpm8	-8.0	outer_core	-2.058133140115168	-2.047678150152723	135
rg06_theta15p195_foilpm8	-8.0	outer_core	-2.047678150152723	-2.0372231601902775	111
rg06_theta15p195_foilpm8	-8.0	outer_core	-2.0372231601902775	-2.0267681702278324	134
rg06_theta15p195_foilpm8	-8.0	outer_core	-2.0267681702278324	-2.016313180265387	140
rg06_theta15p195_foilpm8	-8.0	outer_core	-2.016313180265387	-2.0058581903029413	127
rg06_theta15p195_foilpm8	-8.0	outer_core	-2.0058581903029413	-1.9954032003404962	125
rg06_theta15p195_foilpm8	-8.0	outer_core	-1.9954032003404962	-1.9849482103780507	124
rg06_theta15p195_foilpm8	-8.0	outer_core	-1.9849482103780507	-1.9744932204156056	111
rg06_theta15p195_foilpm8	-8.0	outer_core	-1.9744932204156056	-1.96403823045316	111
rg06_theta15p195_foilpm8	-8.0	outer_core	-1.96403823045316	-1.953583240490715	103
rg06_theta15p195_foilpm8	-8.0	outer_core	-1.953583240490715	-1.9431282505282694	88
rg06_theta15p195_foilpm8	-8.0	outer_core	-1.9431282505282694	-1.9326732605658241	100
rg06_theta15p195_foilpm8	-8.0	outer_core	-1.9326732605658241	-1.9222182706033788	87
rg06_theta15p195_foilpm8	-8.0	outer_core	-1.9222182706033788	-1.9117632806409335	81
rg06_theta15p195_foilpm8	-8.0	outer_core	-1.9117632806409335	-1.9013082906784882	85
rg06_theta15p195_foilpm8	-8.0	outer_core	-1.9013082906784882	-1.8908533007160429	90
rg06_theta15p195_foilpm8	-8.0	outer_core	-1.8908533007160429	-1.8803983107535975	63
rg06_theta15p195_foilpm8	-8.0	outer_core	-1.8803983107535975	-1.869943320791152	55
rg06_theta15p195_foilpm8	-8.0	outer_core	-1.869943320791152	-1.859488330828707	57
rg06_theta15p195_foilpm8	-8.0	outer_core	-1.859488330828707	-1.8490333408662614	48
rg06_theta15p195_foilpm8	-8.0	outer_core	-1.8490333408662614	-1.8385783509038163	56
rg06_theta15p195_foilpm8	-8.0	outer_core	-1.8385783509038163	-1.8281233609413707	41
rg06_theta15p195_foilpm8	-8.0	outer_core	-1.8281233609413707	-1.8176683709789254	49
rg06_theta15p195_foilpm8	-8.0	outer_core	-1.8176683709789254	-1.80721338101648	39
rg06_theta15p195_foilpm8	-8.0	outer_core	-1.80721338101648	-1.7967583910540348	32
rg06_theta15p195_foilpm8	-8.0	outer_core	-1.7967583910540348	-1.7863034010915895	33
rg06_theta15p195_foilpm8	-8.0	outer_core	-1.7863034010915895	-1.775848411129144	30
rg06_theta15p195_foilpm8	-8.0	outer_core	-1.775848411129144	-1.7653934211666988	30
rg06_theta15p195_foilpm8	-8.0	outer_core	-1.7653934211666988	-1.7549384312042533	22
rg06_theta15p195_foilpm8	-8.0	outer_core	-1.7549384312042533	-1.7444834412418082	27
rg06_theta15p195_foilpm8	-8.0	outer_core	-1.7444834412418082	-1.7340284512793627	26
rg06_theta15p195_foilpm8	-8.0	outer_core	-1.7340284512793627	-1.7235734613169174	26
rg06_theta15p195_foilpm8	-8.0	outer_core	-1.7235734613169174	-1.713118471354472	21
rg06_theta15p195_foilpm8	-8.0	outer_core	-1.713118471354472	-1.7026634813920267	24
rg06_theta15p195_foilpm8	-8.0	outer_core	-1.7026634813920267	-1.6922084914295814	22
rg06_theta15p195_foilpm8	-8.0	outer_core	-1.6922084914295814	-1.681753501467136	17
rg06_theta15p195_foilpm8	-8.0	outer_core	-1.681753501467136	-1.6712985115046908	16
rg06_theta15p195_foilpm8	-8.0	outer_core	-1.6712985115046908	-1.6608435215422452	20
rg06_theta15p195_foilpm8	-8.0	outer_core	-1.6608435215422452	-1.6503885315798001	8
rg06_theta15p195_foilpm8	-8.0	outer_core	-1.6503885315798001	-1.6399335416173546	13
rg06_theta15p195_foilpm8	-8.0	outer_core	-1.6399335416173546	-1.6294785516549095	7
rg06_theta15p195_foilpm8	-8.0	outer_core	-1.6294785516549095	-1.619023561692464	17
rg06_theta15p195_foilpm8	-8.0	outer_core	-1.619023561692464	-1.6085685717300187	9
rg06_theta15p195_foilpm8	-8.0	outer_core	-1.6085685717300187	-1.5981135817675733	9
rg06_theta15p195_foilpm8	-8.0	outer_core	-1.5981135817675733	-1.587658591805128	13
rg06_theta15p195_foilpm8	-8.0	outer_core	-1.587658591805128	-1.5772036018426827	11
rg06_theta15p195_foilpm8	-8.0	outer_core	-1.5772036018426827	-1.5667486118802374	11
rg06_theta15p195_foilpm8	-8.0	outer_core	-1.5667486118802374	-1.556293621917792	3
rg06_theta15p195_foilpm8	-8.0	outer_core	-1.556293621917792	-1.5458386319553465	8
rg06_theta15p195_foilpm8	-8.0	outer_core	-1.5458386319553465	-1.5353836419929014	9
rg06_theta15p195_foilpm8	-8.0	outer_core	-1.5353836419929014	-1.524928652030456	3
rg06_theta15p195_foilpm8	-8.0	outer_core	-1.524928652030456	-1.5144736620680108	5
rg06_theta15p195_foilpm8	-8.0	outer_core	-1.5144736620680108	-1.5040186721055653	5
rg06_theta15p195_foilpm8	-8.0	outer_core	-1.5040186721055653	-1.49356368214312	1
rg06_theta15p195_foilpm8	-8.0	outer_core	-1.49356368214312	-1.4831086921806746	3
rg06_theta15p195_foilpm8	-8.0	outer_core	-1.4831086921806746	-1.4726537022182293	2
rg06_theta15p195_foilpm8	-8.0	outer_core	-1.4726537022182293	-1.462198712255784	3
rg06_theta15p195_foilpm8	-8.0	outer_core	-1.462198712255784	-1.4517437222933387	1
rg06_theta15p195_foilpm8	-8.0	outer_core	-1.4517437222933387	-1.4412887323308934	0
rg06_theta15p195_foilpm8	-8.0	outer_core	-1.4412887323308934	-1.430833742368448	0
rg06_theta15p195_foilpm8	-8.0	shoulders	-2.4763327386129816	-2.465877748650536	0
rg06_theta15p195_foilpm8	-8.0	shoulders	-2.465877748650536	-2.455422758688091	1
rg06_theta15p195_foilpm8	-8.0	shoulders	-2.455422758688091	-2.4449677687256455	1
rg06_theta15p195_foilpm8	-8.0	shoulders	-2.4449677687256455	-2.4345127787632004	3
rg06_theta15p195_foilpm8	-8.0	shoulders	-2.4345127787632004	-2.424057788800755	9
rg06_theta15p195_foilpm8	-8.0	shoulders	-2.424057788800755	-2.4136027988383097	5
rg06_theta15p195_foilpm8	-8.0	shoulders	-2.4136027988383097	-2.403147808875864	12
rg06_theta15p195_foilpm8	-8.0	shoulders	-2.403147808875864	-2.392692818913419	19
rg06_theta15p195_foilpm8	-8.0	shoulders	-2.392692818913419	-2.3822378289509736	28
rg06_theta15p195_foilpm8	-8.0	shoulders	-2.3822378289509736	-2.3717828389885285	24
rg06_theta15p195_foilpm8	-8.0	shoulders	-2.3717828389885285	-2.361327849026083	29
rg06_theta15p195_foilpm8	-8.0	shoulders	-2.361327849026083	-2.3508728590636374	32
rg06_theta15p195_foilpm8	-8.0	shoulders	-2.3508728590636374	-2.3404178691011923	41
rg06_theta15p195_foilpm8	-8.0	shoulders	-2.3404178691011923	-2.329962879138747	50
rg06_theta15p195_foilpm8	-8.0	shoulders	-2.329962879138747	-2.3195078891763017	38
rg06_theta15p195_foilpm8	-8.0	shoulders	-2.3195078891763017	-2.309052899213856	51
rg06_theta15p195_foilpm8	-8.0	shoulders	-2.309052899213856	-2.298597909251411	63
rg06_theta15p195_foilpm8	-8.0	shoulders	-2.298597909251411	-2.2881429192889655	70
rg06_theta15p195_foilpm8	-8.0	shoulders	-2.2881429192889655	-2.2776879293265204	61
rg06_theta15p195_foilpm8	-8.0	shoulders	-2.2776879293265204	-2.267232939364075	62
rg06_theta15p195_foilpm8	-8.0	shoulders	-2.267232939364075	-2.25677794940163	73
rg06_theta15p195_foilpm8	-8.0	shoulders	-2.25677794940163	-2.2463229594391843	62
rg06_theta15p195_foilpm8	-8.0	shoulders	-2.2463229594391843	-2.2358679694767387	76
rg06_theta15p195_foilpm8	-8.0	shoulders	-2.2358679694767387	-2.2254129795142936	72
rg06_theta15p195_foilpm8	-8.0	shoulders	-2.2254129795142936	-2.214957989551848	90
rg06_theta15p195_foilpm8	-8.0	shoulders	-2.214957989551848	-2.204502999589403	69
rg06_theta15p195_foilpm8	-8.0	shoulders	-2.204502999589403	-2.1940480096269575	78
rg06_theta15p195_foilpm8	-8.0	shoulders	-2.1940480096269575	-2.1835930196645124	79
rg06_theta15p195_foilpm8	-8.0	shoulders	-2.1835930196645124	-2.173138029702067	93
rg06_theta15p195_foilpm8	-8.0	shoulders	-2.173138029702067	-2.1626830397396217	79
rg06_theta15p195_foilpm8	-8.0	shoulders	-2.1626830397396217	-2.152228049777176	92
rg06_theta15p195_foilpm8	-8.0	shoulders	-2.152228049777176	-2.1417730598147307	92
rg06_theta15p195_foilpm8	-8.0	shoulders	-2.1417730598147307	-2.1313180698522856	75
rg06_theta15p195_foilpm8	-8.0	shoulders	-2.1313180698522856	-2.12086307988984	92
rg06_theta15p195_foilpm8	-8.0	shoulders	-2.12086307988984	-2.110408089927395	89
rg06_theta15p195_foilpm8	-8.0	shoulders	-2.110408089927395	-2.0999530999649494	83
rg06_theta15p195_foilpm8	-8.0	shoulders	-2.0999530999649494	-2.0894981100025043	55
rg06_theta15p195_foilpm8	-8.0	shoulders	-2.0894981100025043	-2.0790431200400588	85
rg06_theta15p195_foilpm8	-8.0	shoulders	-2.0790431200400588	-2.0685881300776137	77
rg06_theta15p195_foilpm8	-8.0	shoulders	-2.0685881300776137	-2.058133140115168	79
rg06_theta15p195_foilpm8	-8.0	shoulders	-2.058133140115168	-2.047678150152723	70
rg06_theta15p195_foilpm8	-8.0	shoulders	-2.047678150152723	-2.0372231601902775	87
rg06_theta15p195_foilpm8	-8.0	shoulders	-2.0372231601902775	-2.0267681702278324	68
rg06_theta15p195_foilpm8	-8.0	shoulders	-2.0267681702278324	-2.016313180265387	68
rg06_theta15p195_foilpm8	-8.0	shoulders	-2.016313180265387	-2.0058581903029413	68
rg06_theta15p195_foilpm8	-8.0	shoulders	-2.0058581903029413	-1.9954032003404962	67
rg06_theta15p195_foilpm8	-8.0	shoulders	-1.9954032003404962	-1.9849482103780507	75
rg06_theta15p195_foilpm8	-8.0	shoulders	-1.9849482103780507	-1.9744932204156056	59
rg06_theta15p195_foilpm8	-8.0	shoulders	-1.9744932204156056	-1.96403823045316	54
rg06_theta15p195_foilpm8	-8.0	shoulders	-1.96403823045316	-1.953583240490715	57
rg06_theta15p195_foilpm8	-8.0	shoulders	-1.953583240490715	-1.9431282505282694	61
rg06_theta15p195_foilpm8	-8.0	shoulders	-1.9431282505282694	-1.9326732605658241	51
rg06_theta15p195_foilpm8	-8.0	shoulders	-1.9326732605658241	-1.9222182706033788	60
rg06_theta15p195_foilpm8	-8.0	shoulders	-1.9222182706033788	-1.9117632806409335	61
rg06_theta15p195_foilpm8	-8.0	shoulders	-1.9117632806409335	-1.9013082906784882	67
rg06_theta15p195_foilpm8	-8.0	shoulders	-1.9013082906784882	-1.8908533007160429	53
rg06_theta15p195_foilpm8	-8.0	shoulders	-1.8908533007160429	-1.8803983107535975	51
rg06_theta15p195_foilpm8	-8.0	shoulders	-1.8803983107535975	-1.869943320791152	41
rg06_theta15p195_foilpm8	-8.0	shoulders	-1.869943320791152	-1.859488330828707	40
rg06_theta15p195_foilpm8	-8.0	shoulders	-1.859488330828707	-1.8490333408662614	37
rg06_theta15p195_foilpm8	-8.0	shoulders	-1.8490333408662614	-1.8385783509038163	31
rg06_theta15p195_foilpm8	-8.0	shoulders	-1.8385783509038163	-1.8281233609413707	41
rg06_theta15p195_foilpm8	-8.0	shoulders	-1.8281233609413707	-1.8176683709789254	41
rg06_theta15p195_foilpm8	-8.0	shoulders	-1.8176683709789254	-1.80721338101648	26
rg06_theta15p195_foilpm8	-8.0	shoulders	-1.80721338101648	-1.7967583910540348	34
rg06_theta15p195_foilpm8	-8.0	shoulders	-1.7967583910540348	-1.7863034010915895	27
rg06_theta15p195_foilpm8	-8.0	shoulders	-1.7863034010915895	-1.775848411129144	26
rg06_theta15p195_foilpm8	-8.0	shoulders	-1.775848411129144	-1.7653934211666988	23
rg06_theta15p195_foilpm8	-8.0	shoulders	-1.7653934211666988	-1.7549384312042533	27
rg06_theta15p195_foilpm8	-8.0	shoulders	-1.7549384312042533	-1.7444834412418082	27
rg06_theta15p195_foilpm8	-8.0	shoulders	-1.7444834412418082	-1.7340284512793627	23
rg06_theta15p195_foilpm8	-8.0	shoulders	-1.7340284512793627	-1.7235734613169174	21
rg06_theta15p195_foilpm8	-8.0	shoulders	-1.7235734613169174	-1.713118471354472	27
rg06_theta15p195_foilpm8	-8.0	shoulders	-1.713118471354472	-1.7026634813920267	18
rg06_theta15p195_foilpm8	-8.0	shoulders	-1.7026634813920267	-1.6922084914295814	24
rg06_theta15p195_foilpm8	-8.0	shoulders	-1.6922084914295814	-1.681753501467136	10
rg06_theta15p195_foilpm8	-8.0	shoulders	-1.681753501467136	-1.6712985115046908	18
rg06_theta15p195_foilpm8	-8.0	shoulders	-1.6712985115046908	-1.6608435215422452	18
rg06_theta15p195_foilpm8	-8.0	shoulders	-1.6608435215422452	-1.6503885315798001	13
rg06_theta15p195_foilpm8	-8.0	shoulders	-1.6503885315798001	-1.6399335416173546	14
rg06_theta15p195_foilpm8	-8.0	shoulders	-1.6399335416173546	-1.6294785516549095	12
rg06_theta15p195_foilpm8	-8.0	shoulders	-1.6294785516549095	-1.619023561692464	11
rg06_theta15p195_foilpm8	-8.0	shoulders	-1.619023561692464	-1.6085685717300187	13
rg06_theta15p195_foilpm8	-8.0	shoulders	-1.6085685717300187	-1.5981135817675733	9
rg06_theta15p195_foilpm8	-8.0	shoulders	-1.5981135817675733	-1.587658591805128	10
rg06_theta15p195_foilpm8	-8.0	shoulders	-1.587658591805128	-1.5772036018426827	9
rg06_theta15p195_foilpm8	-8.0	shoulders	-1.5772036018426827	-1.5667486118802374	11
rg06_theta15p195_foilpm8	-8.0	shoulders	-1.5667486118802374	-1.556293621917792	6
rg06_theta15p195_foilpm8	-8.0	shoulders	-1.556293621917792	-1.5458386319553465	10
rg06_theta15p195_foilpm8	-8.0	shoulders	-1.5458386319553465	-1.5353836419929014	5
rg06_theta15p195_foilpm8	-8.0	shoulders	-1.5353836419929014	-1.524928652030456	2
rg06_theta15p195_foilpm8	-8.0	shoulders	-1.524928652030456	-1.5144736620680108	4
rg06_theta15p195_foilpm8	-8.0	shoulders	-1.5144736620680108	-1.5040186721055653	7
rg06_theta15p195_foilpm8	-8.0	shoulders	-1.5040186721055653	-1.49356368214312	1
rg06_theta15p195_foilpm8	-8.0	shoulders	-1.49356368214312	-1.4831086921806746	3
rg06_theta15p195_foilpm8	-8.0	shoulders	-1.4831086921806746	-1.4726537022182293	3
rg06_theta15p195_foilpm8	-8.0	shoulders	-1.4726537022182293	-1.462198712255784	3
rg06_theta15p195_foilpm8	-8.0	shoulders	-1.462198712255784	-1.4517437222933387	3
rg06_theta15p195_foilpm8	-8.0	shoulders	-1.4517437222933387	-1.4412887323308934	0
rg06_theta15p195_foilpm8	-8.0	shoulders	-1.4412887323308934	-1.430833742368448	0
rg06_theta15p195_foilpm8	-8.0	unsupported	-2.4763327386129816	-2.465877748650536	0
rg06_theta15p195_foilpm8	-8.0	unsupported	-2.465877748650536	-2.455422758688091	0
rg06_theta15p195_foilpm8	-8.0	unsupported	-2.455422758688091	-2.4449677687256455	0
rg06_theta15p195_foilpm8	-8.0	unsupported	-2.4449677687256455	-2.4345127787632004	0
rg06_theta15p195_foilpm8	-8.0	unsupported	-2.4345127787632004	-2.424057788800755	0
rg06_theta15p195_foilpm8	-8.0	unsupported	-2.424057788800755	-2.4136027988383097	1
rg06_theta15p195_foilpm8	-8.0	unsupported	-2.4136027988383097	-2.403147808875864	1
rg06_theta15p195_foilpm8	-8.0	unsupported	-2.403147808875864	-2.392692818913419	1
rg06_theta15p195_foilpm8	-8.0	unsupported	-2.392692818913419	-2.3822378289509736	2
rg06_theta15p195_foilpm8	-8.0	unsupported	-2.3822378289509736	-2.3717828389885285	3
rg06_theta15p195_foilpm8	-8.0	unsupported	-2.3717828389885285	-2.361327849026083	3
rg06_theta15p195_foilpm8	-8.0	unsupported	-2.361327849026083	-2.3508728590636374	3
rg06_theta15p195_foilpm8	-8.0	unsupported	-2.3508728590636374	-2.3404178691011923	3
rg06_theta15p195_foilpm8	-8.0	unsupported	-2.3404178691011923	-2.329962879138747	6
rg06_theta15p195_foilpm8	-8.0	unsupported	-2.329962879138747	-2.3195078891763017	8
rg06_theta15p195_foilpm8	-8.0	unsupported	-2.3195078891763017	-2.309052899213856	5
rg06_theta15p195_foilpm8	-8.0	unsupported	-2.309052899213856	-2.298597909251411	6
rg06_theta15p195_foilpm8	-8.0	unsupported	-2.298597909251411	-2.2881429192889655	9
rg06_theta15p195_foilpm8	-8.0	unsupported	-2.2881429192889655	-2.2776879293265204	10
rg06_theta15p195_foilpm8	-8.0	unsupported	-2.2776879293265204	-2.267232939364075	9
rg06_theta15p195_foilpm8	-8.0	unsupported	-2.267232939364075	-2.25677794940163	9
rg06_theta15p195_foilpm8	-8.0	unsupported	-2.25677794940163	-2.2463229594391843	5
rg06_theta15p195_foilpm8	-8.0	unsupported	-2.2463229594391843	-2.2358679694767387	6
rg06_theta15p195_foilpm8	-8.0	unsupported	-2.2358679694767387	-2.2254129795142936	7
rg06_theta15p195_foilpm8	-8.0	unsupported	-2.2254129795142936	-2.214957989551848	8
rg06_theta15p195_foilpm8	-8.0	unsupported	-2.214957989551848	-2.204502999589403	6
rg06_theta15p195_foilpm8	-8.0	unsupported	-2.204502999589403	-2.1940480096269575	10
rg06_theta15p195_foilpm8	-8.0	unsupported	-2.1940480096269575	-2.1835930196645124	5
rg06_theta15p195_foilpm8	-8.0	unsupported	-2.1835930196645124	-2.173138029702067	4
rg06_theta15p195_foilpm8	-8.0	unsupported	-2.173138029702067	-2.1626830397396217	4
rg06_theta15p195_foilpm8	-8.0	unsupported	-2.1626830397396217	-2.152228049777176	5
rg06_theta15p195_foilpm8	-8.0	unsupported	-2.152228049777176	-2.1417730598147307	8
rg06_theta15p195_foilpm8	-8.0	unsupported	-2.1417730598147307	-2.1313180698522856	5
rg06_theta15p195_foilpm8	-8.0	unsupported	-2.1313180698522856	-2.12086307988984	4
rg06_theta15p195_foilpm8	-8.0	unsupported	-2.12086307988984	-2.110408089927395	5
rg06_theta15p195_foilpm8	-8.0	unsupported	-2.110408089927395	-2.0999530999649494	8
rg06_theta15p195_foilpm8	-8.0	unsupported	-2.0999530999649494	-2.0894981100025043	4
rg06_theta15p195_foilpm8	-8.0	unsupported	-2.0894981100025043	-2.0790431200400588	8
rg06_theta15p195_foilpm8	-8.0	unsupported	-2.0790431200400588	-2.0685881300776137	8
rg06_theta15p195_foilpm8	-8.0	unsupported	-2.0685881300776137	-2.058133140115168	3
rg06_theta15p195_foilpm8	-8.0	unsupported	-2.058133140115168	-2.047678150152723	3
rg06_theta15p195_foilpm8	-8.0	unsupported	-2.047678150152723	-2.0372231601902775	3
rg06_theta15p195_foilpm8	-8.0	unsupported	-2.0372231601902775	-2.0267681702278324	6
rg06_theta15p195_foilpm8	-8.0	unsupported	-2.0267681702278324	-2.016313180265387	7
rg06_theta15p195_foilpm8	-8.0	unsupported	-2.016313180265387	-2.0058581903029413	4
rg06_theta15p195_foilpm8	-8.0	unsupported	-2.0058581903029413	-1.9954032003404962	5
rg06_theta15p195_foilpm8	-8.0	unsupported	-1.9954032003404962	-1.9849482103780507	4
rg06_theta15p195_foilpm8	-8.0	unsupported	-1.9849482103780507	-1.9744932204156056	4
rg06_theta15p195_foilpm8	-8.0	unsupported	-1.9744932204156056	-1.96403823045316	5
rg06_theta15p195_foilpm8	-8.0	unsupported	-1.96403823045316	-1.953583240490715	7
rg06_theta15p195_foilpm8	-8.0	unsupported	-1.953583240490715	-1.9431282505282694	3
rg06_theta15p195_foilpm8	-8.0	unsupported	-1.9431282505282694	-1.9326732605658241	5
rg06_theta15p195_foilpm8	-8.0	unsupported	-1.9326732605658241	-1.9222182706033788	7
rg06_theta15p195_foilpm8	-8.0	unsupported	-1.9222182706033788	-1.9117632806409335	5
rg06_theta15p195_foilpm8	-8.0	unsupported	-1.9117632806409335	-1.9013082906784882	5
rg06_theta15p195_foilpm8	-8.0	unsupported	-1.9013082906784882	-1.8908533007160429	6
rg06_theta15p195_foilpm8	-8.0	unsupported	-1.8908533007160429	-1.8803983107535975	4
rg06_theta15p195_foilpm8	-8.0	unsupported	-1.8803983107535975	-1.869943320791152	4
rg06_theta15p195_foilpm8	-8.0	unsupported	-1.869943320791152	-1.859488330828707	3
rg06_theta15p195_foilpm8	-8.0	unsupported	-1.859488330828707	-1.8490333408662614	5
rg06_theta15p195_foilpm8	-8.0	unsupported	-1.8490333408662614	-1.8385783509038163	4
rg06_theta15p195_foilpm8	-8.0	unsupported	-1.8385783509038163	-1.8281233609413707	3
rg06_theta15p195_foilpm8	-8.0	unsupported	-1.8281233609413707	-1.8176683709789254	1
rg06_theta15p195_foilpm8	-8.0	unsupported	-1.8176683709789254	-1.80721338101648	0
rg06_theta15p195_foilpm8	-8.0	unsupported	-1.80721338101648	-1.7967583910540348	3
rg06_theta15p195_foilpm8	-8.0	unsupported	-1.7967583910540348	-1.7863034010915895	0
rg06_theta15p195_foilpm8	-8.0	unsupported	-1.7863034010915895	-1.775848411129144	4
rg06_theta15p195_foilpm8	-8.0	unsupported	-1.775848411129144	-1.7653934211666988	3
rg06_theta15p195_foilpm8	-8.0	unsupported	-1.7653934211666988	-1.7549384312042533	1
rg06_theta15p195_foilpm8	-8.0	unsupported	-1.7549384312042533	-1.7444834412418082	2
rg06_theta15p195_foilpm8	-8.0	unsupported	-1.7444834412418082	-1.7340284512793627	5
rg06_theta15p195_foilpm8	-8.0	unsupported	-1.7340284512793627	-1.7235734613169174	2
rg06_theta15p195_foilpm8	-8.0	unsupported	-1.7235734613169174	-1.713118471354472	4
rg06_theta15p195_foilpm8	-8.0	unsupported	-1.713118471354472	-1.7026634813920267	3
rg06_theta15p195_foilpm8	-8.0	unsupported	-1.7026634813920267	-1.6922084914295814	2
rg06_theta15p195_foilpm8	-8.0	unsupported	-1.6922084914295814	-1.681753501467136	3
rg06_theta15p195_foilpm8	-8.0	unsupported	-1.681753501467136	-1.6712985115046908	3
rg06_theta15p195_foilpm8	-8.0	unsupported	-1.6712985115046908	-1.6608435215422452	3
rg06_theta15p195_foilpm8	-8.0	unsupported	-1.6608435215422452	-1.6503885315798001	2
rg06_theta15p195_foilpm8	-8.0	unsupported	-1.6503885315798001	-1.6399335416173546	2
rg06_theta15p195_foilpm8	-8.0	unsupported	-1.6399335416173546	-1.6294785516549095	4
rg06_theta15p195_foilpm8	-8.0	unsupported	-1.6294785516549095	-1.619023561692464	0
rg06_theta15p195_foilpm8	-8.0	unsupported	-1.619023561692464	-1.6085685717300187	0
rg06_theta15p195_foilpm8	-8.0	unsupported	-1.6085685717300187	-1.5981135817675733	3
rg06_theta15p195_foilpm8	-8.0	unsupported	-1.5981135817675733	-1.587658591805128	2
rg06_theta15p195_foilpm8	-8.0	unsupported	-1.587658591805128	-1.5772036018426827	2
rg06_theta15p195_foilpm8	-8.0	unsupported	-1.5772036018426827	-1.5667486118802374	2
rg06_theta15p195_foilpm8	-8.0	unsupported	-1.5667486118802374	-1.556293621917792	4
rg06_theta15p195_foilpm8	-8.0	unsupported	-1.556293621917792	-1.5458386319553465	1
rg06_theta15p195_foilpm8	-8.0	unsupported	-1.5458386319553465	-1.5353836419929014	2
rg06_theta15p195_foilpm8	-8.0	unsupported	-1.5353836419929014	-1.524928652030456	2
rg06_theta15p195_foilpm8	-8.0	unsupported	-1.524928652030456	-1.5144736620680108	0
rg06_theta15p195_foilpm8	-8.0	unsupported	-1.5144736620680108	-1.5040186721055653	2
rg06_theta15p195_foilpm8	-8.0	unsupported	-1.5040186721055653	-1.49356368214312	2
rg06_theta15p195_foilpm8	-8.0	unsupported	-1.49356368214312	-1.4831086921806746	2
rg06_theta15p195_foilpm8	-8.0	unsupported	-1.4831086921806746	-1.4726537022182293	0
rg06_theta15p195_foilpm8	-8.0	unsupported	-1.4726537022182293	-1.462198712255784	0
rg06_theta15p195_foilpm8	-8.0	unsupported	-1.462198712255784	-1.4517437222933387	1
rg06_theta15p195_foilpm8	-8.0	unsupported	-1.4517437222933387	-1.4412887323308934	0
rg06_theta15p195_foilpm8	-8.0	unsupported	-1.4412887323308934	-1.430833742368448	0
rg06_theta15p195_foilpm8	-8.0	out_of_core	-2.4763327386129816	-2.465877748650536	0
rg06_theta15p195_foilpm8	-8.0	out_of_core	-2.465877748650536	-2.455422758688091	1
rg06_theta15p195_foilpm8	-8.0	out_of_core	-2.455422758688091	-2.4449677687256455	1
rg06_theta15p195_foilpm8	-8.0	out_of_core	-2.4449677687256455	-2.4345127787632004	3
rg06_theta15p195_foilpm8	-8.0	out_of_core	-2.4345127787632004	-2.424057788800755	9
rg06_theta15p195_foilpm8	-8.0	out_of_core	-2.424057788800755	-2.4136027988383097	6
rg06_theta15p195_foilpm8	-8.0	out_of_core	-2.4136027988383097	-2.403147808875864	13
rg06_theta15p195_foilpm8	-8.0	out_of_core	-2.403147808875864	-2.392692818913419	20
rg06_theta15p195_foilpm8	-8.0	out_of_core	-2.392692818913419	-2.3822378289509736	30
rg06_theta15p195_foilpm8	-8.0	out_of_core	-2.3822378289509736	-2.3717828389885285	27
rg06_theta15p195_foilpm8	-8.0	out_of_core	-2.3717828389885285	-2.361327849026083	32
rg06_theta15p195_foilpm8	-8.0	out_of_core	-2.361327849026083	-2.3508728590636374	35
rg06_theta15p195_foilpm8	-8.0	out_of_core	-2.3508728590636374	-2.3404178691011923	44
rg06_theta15p195_foilpm8	-8.0	out_of_core	-2.3404178691011923	-2.329962879138747	56
rg06_theta15p195_foilpm8	-8.0	out_of_core	-2.329962879138747	-2.3195078891763017	46
rg06_theta15p195_foilpm8	-8.0	out_of_core	-2.3195078891763017	-2.309052899213856	56
rg06_theta15p195_foilpm8	-8.0	out_of_core	-2.309052899213856	-2.298597909251411	69
rg06_theta15p195_foilpm8	-8.0	out_of_core	-2.298597909251411	-2.2881429192889655	79
rg06_theta15p195_foilpm8	-8.0	out_of_core	-2.2881429192889655	-2.2776879293265204	71
rg06_theta15p195_foilpm8	-8.0	out_of_core	-2.2776879293265204	-2.267232939364075	71
rg06_theta15p195_foilpm8	-8.0	out_of_core	-2.267232939364075	-2.25677794940163	82
rg06_theta15p195_foilpm8	-8.0	out_of_core	-2.25677794940163	-2.2463229594391843	67
rg06_theta15p195_foilpm8	-8.0	out_of_core	-2.2463229594391843	-2.2358679694767387	82
rg06_theta15p195_foilpm8	-8.0	out_of_core	-2.2358679694767387	-2.2254129795142936	79
rg06_theta15p195_foilpm8	-8.0	out_of_core	-2.2254129795142936	-2.214957989551848	98
rg06_theta15p195_foilpm8	-8.0	out_of_core	-2.214957989551848	-2.204502999589403	75
rg06_theta15p195_foilpm8	-8.0	out_of_core	-2.204502999589403	-2.1940480096269575	88
rg06_theta15p195_foilpm8	-8.0	out_of_core	-2.1940480096269575	-2.1835930196645124	84
rg06_theta15p195_foilpm8	-8.0	out_of_core	-2.1835930196645124	-2.173138029702067	97
rg06_theta15p195_foilpm8	-8.0	out_of_core	-2.173138029702067	-2.1626830397396217	83
rg06_theta15p195_foilpm8	-8.0	out_of_core	-2.1626830397396217	-2.152228049777176	97
rg06_theta15p195_foilpm8	-8.0	out_of_core	-2.152228049777176	-2.1417730598147307	100
rg06_theta15p195_foilpm8	-8.0	out_of_core	-2.1417730598147307	-2.1313180698522856	80
rg06_theta15p195_foilpm8	-8.0	out_of_core	-2.1313180698522856	-2.12086307988984	96
rg06_theta15p195_foilpm8	-8.0	out_of_core	-2.12086307988984	-2.110408089927395	94
rg06_theta15p195_foilpm8	-8.0	out_of_core	-2.110408089927395	-2.0999530999649494	91
rg06_theta15p195_foilpm8	-8.0	out_of_core	-2.0999530999649494	-2.0894981100025043	59
rg06_theta15p195_foilpm8	-8.0	out_of_core	-2.0894981100025043	-2.0790431200400588	93
rg06_theta15p195_foilpm8	-8.0	out_of_core	-2.0790431200400588	-2.0685881300776137	85
rg06_theta15p195_foilpm8	-8.0	out_of_core	-2.0685881300776137	-2.058133140115168	82
rg06_theta15p195_foilpm8	-8.0	out_of_core	-2.058133140115168	-2.047678150152723	73
rg06_theta15p195_foilpm8	-8.0	out_of_core	-2.047678150152723	-2.0372231601902775	90
rg06_theta15p195_foilpm8	-8.0	out_of_core	-2.0372231601902775	-2.0267681702278324	74
rg06_theta15p195_foilpm8	-8.0	out_of_core	-2.0267681702278324	-2.016313180265387	75
rg06_theta15p195_foilpm8	-8.0	out_of_core	-2.016313180265387	-2.0058581903029413	72
rg06_theta15p195_foilpm8	-8.0	out_of_core	-2.0058581903029413	-1.9954032003404962	72
rg06_theta15p195_foilpm8	-8.0	out_of_core	-1.9954032003404962	-1.9849482103780507	79
rg06_theta15p195_foilpm8	-8.0	out_of_core	-1.9849482103780507	-1.9744932204156056	63
rg06_theta15p195_foilpm8	-8.0	out_of_core	-1.9744932204156056	-1.96403823045316	59
rg06_theta15p195_foilpm8	-8.0	out_of_core	-1.96403823045316	-1.953583240490715	64
rg06_theta15p195_foilpm8	-8.0	out_of_core	-1.953583240490715	-1.9431282505282694	64
rg06_theta15p195_foilpm8	-8.0	out_of_core	-1.9431282505282694	-1.9326732605658241	56
rg06_theta15p195_foilpm8	-8.0	out_of_core	-1.9326732605658241	-1.9222182706033788	67
rg06_theta15p195_foilpm8	-8.0	out_of_core	-1.9222182706033788	-1.9117632806409335	66
rg06_theta15p195_foilpm8	-8.0	out_of_core	-1.9117632806409335	-1.9013082906784882	72
rg06_theta15p195_foilpm8	-8.0	out_of_core	-1.9013082906784882	-1.8908533007160429	59
rg06_theta15p195_foilpm8	-8.0	out_of_core	-1.8908533007160429	-1.8803983107535975	55
rg06_theta15p195_foilpm8	-8.0	out_of_core	-1.8803983107535975	-1.869943320791152	45
rg06_theta15p195_foilpm8	-8.0	out_of_core	-1.869943320791152	-1.859488330828707	43
rg06_theta15p195_foilpm8	-8.0	out_of_core	-1.859488330828707	-1.8490333408662614	42
rg06_theta15p195_foilpm8	-8.0	out_of_core	-1.8490333408662614	-1.8385783509038163	35
rg06_theta15p195_foilpm8	-8.0	out_of_core	-1.8385783509038163	-1.8281233609413707	44
rg06_theta15p195_foilpm8	-8.0	out_of_core	-1.8281233609413707	-1.8176683709789254	42
rg06_theta15p195_foilpm8	-8.0	out_of_core	-1.8176683709789254	-1.80721338101648	26
rg06_theta15p195_foilpm8	-8.0	out_of_core	-1.80721338101648	-1.7967583910540348	37
rg06_theta15p195_foilpm8	-8.0	out_of_core	-1.7967583910540348	-1.7863034010915895	27
rg06_theta15p195_foilpm8	-8.0	out_of_core	-1.7863034010915895	-1.775848411129144	30
rg06_theta15p195_foilpm8	-8.0	out_of_core	-1.775848411129144	-1.7653934211666988	26
rg06_theta15p195_foilpm8	-8.0	out_of_core	-1.7653934211666988	-1.7549384312042533	28
rg06_theta15p195_foilpm8	-8.0	out_of_core	-1.7549384312042533	-1.7444834412418082	29
rg06_theta15p195_foilpm8	-8.0	out_of_core	-1.7444834412418082	-1.7340284512793627	28
rg06_theta15p195_foilpm8	-8.0	out_of_core	-1.7340284512793627	-1.7235734613169174	23
rg06_theta15p195_foilpm8	-8.0	out_of_core	-1.7235734613169174	-1.713118471354472	31
rg06_theta15p195_foilpm8	-8.0	out_of_core	-1.713118471354472	-1.7026634813920267	21
rg06_theta15p195_foilpm8	-8.0	out_of_core	-1.7026634813920267	-1.6922084914295814	26
rg06_theta15p195_foilpm8	-8.0	out_of_core	-1.6922084914295814	-1.681753501467136	13
rg06_theta15p195_foilpm8	-8.0	out_of_core	-1.681753501467136	-1.6712985115046908	21
rg06_theta15p195_foilpm8	-8.0	out_of_core	-1.6712985115046908	-1.6608435215422452	21
rg06_theta15p195_foilpm8	-8.0	out_of_core	-1.6608435215422452	-1.6503885315798001	15
rg06_theta15p195_foilpm8	-8.0	out_of_core	-1.6503885315798001	-1.6399335416173546	16
rg06_theta15p195_foilpm8	-8.0	out_of_core	-1.6399335416173546	-1.6294785516549095	16
rg06_theta15p195_foilpm8	-8.0	out_of_core	-1.6294785516549095	-1.619023561692464	11
rg06_theta15p195_foilpm8	-8.0	out_of_core	-1.619023561692464	-1.6085685717300187	13
rg06_theta15p195_foilpm8	-8.0	out_of_core	-1.6085685717300187	-1.5981135817675733	12
rg06_theta15p195_foilpm8	-8.0	out_of_core	-1.5981135817675733	-1.587658591805128	12
rg06_theta15p195_foilpm8	-8.0	out_of_core	-1.587658591805128	-1.5772036018426827	11
rg06_theta15p195_foilpm8	-8.0	out_of_core	-1.5772036018426827	-1.5667486118802374	13
rg06_theta15p195_foilpm8	-8.0	out_of_core	-1.5667486118802374	-1.556293621917792	10
rg06_theta15p195_foilpm8	-8.0	out_of_core	-1.556293621917792	-1.5458386319553465	11
rg06_theta15p195_foilpm8	-8.0	out_of_core	-1.5458386319553465	-1.5353836419929014	7
rg06_theta15p195_foilpm8	-8.0	out_of_core	-1.5353836419929014	-1.524928652030456	4
rg06_theta15p195_foilpm8	-8.0	out_of_core	-1.524928652030456	-1.5144736620680108	4
rg06_theta15p195_foilpm8	-8.0	out_of_core	-1.5144736620680108	-1.5040186721055653	9
rg06_theta15p195_foilpm8	-8.0	out_of_core	-1.5040186721055653	-1.49356368214312	3
rg06_theta15p195_foilpm8	-8.0	out_of_core	-1.49356368214312	-1.4831086921806746	5
rg06_theta15p195_foilpm8	-8.0	out_of_core	-1.4831086921806746	-1.4726537022182293	3
rg06_theta15p195_foilpm8	-8.0	out_of_core	-1.4726537022182293	-1.462198712255784	3
rg06_theta15p195_foilpm8	-8.0	out_of_core	-1.462198712255784	-1.4517437222933387	4
rg06_theta15p195_foilpm8	-8.0	out_of_core	-1.4517437222933387	-1.4412887323308934	0
rg06_theta15p195_foilpm8	-8.0	out_of_core	-1.4412887323308934	-1.430833742368448	0
rg06_theta15p195_foilpm8	8.0	dense_half	1.2592723184529553	1.26908386549745	0
rg06_theta15p195_foilpm8	8.0	dense_half	1.26908386549745	1.2788954125419445	0
rg06_theta15p195_foilpm8	8.0	dense_half	1.2788954125419445	1.288706959586439	2
rg06_theta15p195_foilpm8	8.0	dense_half	1.288706959586439	1.298518506630934	1
rg06_theta15p195_foilpm8	8.0	dense_half	1.298518506630934	1.3083300536754285	3
rg06_theta15p195_foilpm8	8.0	dense_half	1.3083300536754285	1.3181416007199231	3
rg06_theta15p195_foilpm8	8.0	dense_half	1.3181416007199231	1.3279531477644178	2
rg06_theta15p195_foilpm8	8.0	dense_half	1.3279531477644178	1.3377646948089124	4
rg06_theta15p195_foilpm8	8.0	dense_half	1.3377646948089124	1.347576241853407	3
rg06_theta15p195_foilpm8	8.0	dense_half	1.347576241853407	1.3573877888979016	3
rg06_theta15p195_foilpm8	8.0	dense_half	1.3573877888979016	1.3671993359423964	9
rg06_theta15p195_foilpm8	8.0	dense_half	1.3671993359423964	1.377010882986891	4
rg06_theta15p195_foilpm8	8.0	dense_half	1.377010882986891	1.3868224300313856	13
rg06_theta15p195_foilpm8	8.0	dense_half	1.3868224300313856	1.3966339770758802	5
rg06_theta15p195_foilpm8	8.0	dense_half	1.3966339770758802	1.4064455241203748	10
rg06_theta15p195_foilpm8	8.0	dense_half	1.4064455241203748	1.4162570711648694	12
rg06_theta15p195_foilpm8	8.0	dense_half	1.4162570711648694	1.426068618209364	15
rg06_theta15p195_foilpm8	8.0	dense_half	1.426068618209364	1.4358801652538586	12
rg06_theta15p195_foilpm8	8.0	dense_half	1.4358801652538586	1.4456917122983535	18
rg06_theta15p195_foilpm8	8.0	dense_half	1.4456917122983535	1.455503259342848	16
rg06_theta15p195_foilpm8	8.0	dense_half	1.455503259342848	1.4653148063873427	18
rg06_theta15p195_foilpm8	8.0	dense_half	1.4653148063873427	1.4751263534318373	9
rg06_theta15p195_foilpm8	8.0	dense_half	1.4751263534318373	1.484937900476332	22
rg06_theta15p195_foilpm8	8.0	dense_half	1.484937900476332	1.4947494475208265	21
rg06_theta15p195_foilpm8	8.0	dense_half	1.4947494475208265	1.5045609945653213	23
rg06_theta15p195_foilpm8	8.0	dense_half	1.5045609945653213	1.514372541609816	27
rg06_theta15p195_foilpm8	8.0	dense_half	1.514372541609816	1.5241840886543105	34
rg06_theta15p195_foilpm8	8.0	dense_half	1.5241840886543105	1.5339956356988051	24
rg06_theta15p195_foilpm8	8.0	dense_half	1.5339956356988051	1.5438071827432998	30
rg06_theta15p195_foilpm8	8.0	dense_half	1.5438071827432998	1.5536187297877944	41
rg06_theta15p195_foilpm8	8.0	dense_half	1.5536187297877944	1.563430276832289	36
rg06_theta15p195_foilpm8	8.0	dense_half	1.563430276832289	1.5732418238767836	41
rg06_theta15p195_foilpm8	8.0	dense_half	1.5732418238767836	1.5830533709212784	35
rg06_theta15p195_foilpm8	8.0	dense_half	1.5830533709212784	1.592864917965773	46
rg06_theta15p195_foilpm8	8.0	dense_half	1.592864917965773	1.6026764650102676	57
rg06_theta15p195_foilpm8	8.0	dense_half	1.6026764650102676	1.6124880120547622	75
rg06_theta15p195_foilpm8	8.0	dense_half	1.6124880120547622	1.6222995590992568	62
rg06_theta15p195_foilpm8	8.0	dense_half	1.6222995590992568	1.6321111061437514	57
rg06_theta15p195_foilpm8	8.0	dense_half	1.6321111061437514	1.6419226531882463	87
rg06_theta15p195_foilpm8	8.0	dense_half	1.6419226531882463	1.6517342002327409	65
rg06_theta15p195_foilpm8	8.0	dense_half	1.6517342002327409	1.6615457472772355	73
rg06_theta15p195_foilpm8	8.0	dense_half	1.6615457472772355	1.67135729432173	101
rg06_theta15p195_foilpm8	8.0	dense_half	1.67135729432173	1.6811688413662247	96
rg06_theta15p195_foilpm8	8.0	dense_half	1.6811688413662247	1.6909803884107193	105
rg06_theta15p195_foilpm8	8.0	dense_half	1.6909803884107193	1.700791935455214	99
rg06_theta15p195_foilpm8	8.0	dense_half	1.700791935455214	1.7106034824997085	105
rg06_theta15p195_foilpm8	8.0	dense_half	1.7106034824997085	1.7204150295442031	115
rg06_theta15p195_foilpm8	8.0	dense_half	1.7204150295442031	1.730226576588698	93
rg06_theta15p195_foilpm8	8.0	dense_half	1.730226576588698	1.7400381236331925	117
rg06_theta15p195_foilpm8	8.0	dense_half	1.7400381236331925	1.7498496706776872	106
rg06_theta15p195_foilpm8	8.0	dense_half	1.7498496706776872	1.7596612177221818	105
rg06_theta15p195_foilpm8	8.0	dense_half	1.7596612177221818	1.7694727647666766	102
rg06_theta15p195_foilpm8	8.0	dense_half	1.7694727647666766	1.7792843118111712	118
rg06_theta15p195_foilpm8	8.0	dense_half	1.7792843118111712	1.7890958588556658	101
rg06_theta15p195_foilpm8	8.0	dense_half	1.7890958588556658	1.7989074059001604	104
rg06_theta15p195_foilpm8	8.0	dense_half	1.7989074059001604	1.808718952944655	116
rg06_theta15p195_foilpm8	8.0	dense_half	1.808718952944655	1.8185304999891496	135
rg06_theta15p195_foilpm8	8.0	dense_half	1.8185304999891496	1.8283420470336442	112
rg06_theta15p195_foilpm8	8.0	dense_half	1.8283420470336442	1.8381535940781388	103
rg06_theta15p195_foilpm8	8.0	dense_half	1.8381535940781388	1.8479651411226334	86
rg06_theta15p195_foilpm8	8.0	dense_half	1.8479651411226334	1.857776688167128	105
rg06_theta15p195_foilpm8	8.0	dense_half	1.857776688167128	1.8675882352116226	100
rg06_theta15p195_foilpm8	8.0	dense_half	1.8675882352116226	1.8773997822561175	97
rg06_theta15p195_foilpm8	8.0	dense_half	1.8773997822561175	1.887211329300612	93
rg06_theta15p195_foilpm8	8.0	dense_half	1.887211329300612	1.8970228763451067	100
rg06_theta15p195_foilpm8	8.0	dense_half	1.8970228763451067	1.9068344233896015	76
rg06_theta15p195_foilpm8	8.0	dense_half	1.9068344233896015	1.9166459704340961	79
rg06_theta15p195_foilpm8	8.0	dense_half	1.9166459704340961	1.9264575174785907	78
rg06_theta15p195_foilpm8	8.0	dense_half	1.9264575174785907	1.9362690645230853	80
rg06_theta15p195_foilpm8	8.0	dense_half	1.9362690645230853	1.94608061156758	86
rg06_theta15p195_foilpm8	8.0	dense_half	1.94608061156758	1.9558921586120745	83
rg06_theta15p195_foilpm8	8.0	dense_half	1.9558921586120745	1.9657037056565692	70
rg06_theta15p195_foilpm8	8.0	dense_half	1.9657037056565692	1.9755152527010638	58
rg06_theta15p195_foilpm8	8.0	dense_half	1.9755152527010638	1.9853267997455584	55
rg06_theta15p195_foilpm8	8.0	dense_half	1.9853267997455584	1.995138346790053	74
rg06_theta15p195_foilpm8	8.0	dense_half	1.995138346790053	2.0049498938345476	69
rg06_theta15p195_foilpm8	8.0	dense_half	2.0049498938345476	2.0147614408790426	61
rg06_theta15p195_foilpm8	8.0	dense_half	2.0147614408790426	2.024572987923537	39
rg06_theta15p195_foilpm8	8.0	dense_half	2.024572987923537	2.034384534968032	43
rg06_theta15p195_foilpm8	8.0	dense_half	2.034384534968032	2.044196082012526	47
rg06_theta15p195_foilpm8	8.0	dense_half	2.044196082012526	2.054007629057021	48
rg06_theta15p195_foilpm8	8.0	dense_half	2.054007629057021	2.0638191761015157	37
rg06_theta15p195_foilpm8	8.0	dense_half	2.0638191761015157	2.0736307231460103	38
rg06_theta15p195_foilpm8	8.0	dense_half	2.0736307231460103	2.083442270190505	36
rg06_theta15p195_foilpm8	8.0	dense_half	2.083442270190505	2.0932538172349995	36
rg06_theta15p195_foilpm8	8.0	dense_half	2.0932538172349995	2.103065364279494	30
rg06_theta15p195_foilpm8	8.0	dense_half	2.103065364279494	2.1128769113239887	35
rg06_theta15p195_foilpm8	8.0	dense_half	2.1128769113239887	2.1226884583684833	24
rg06_theta15p195_foilpm8	8.0	dense_half	2.1226884583684833	2.132500005412978	17
rg06_theta15p195_foilpm8	8.0	dense_half	2.132500005412978	2.1423115524574725	24
rg06_theta15p195_foilpm8	8.0	dense_half	2.1423115524574725	2.152123099501967	15
rg06_theta15p195_foilpm8	8.0	dense_half	2.152123099501967	2.161934646546462	14
rg06_theta15p195_foilpm8	8.0	dense_half	2.161934646546462	2.1717461935909563	15
rg06_theta15p195_foilpm8	8.0	dense_half	2.1717461935909563	2.1815577406354514	11
rg06_theta15p195_foilpm8	8.0	dense_half	2.1815577406354514	2.191369287679946	7
rg06_theta15p195_foilpm8	8.0	dense_half	2.191369287679946	2.2011808347244406	2
rg06_theta15p195_foilpm8	8.0	dense_half	2.2011808347244406	2.210992381768935	2
rg06_theta15p195_foilpm8	8.0	dense_half	2.210992381768935	2.22080392881343	0
rg06_theta15p195_foilpm8	8.0	dense_half	2.22080392881343	2.2306154758579244	1
rg06_theta15p195_foilpm8	8.0	dense_half	2.2306154758579244	2.240427022902419	0
rg06_theta15p195_foilpm8	8.0	outer_core	1.2592723184529553	1.26908386549745	0
rg06_theta15p195_foilpm8	8.0	outer_core	1.26908386549745	1.2788954125419445	1
rg06_theta15p195_foilpm8	8.0	outer_core	1.2788954125419445	1.288706959586439	2
rg06_theta15p195_foilpm8	8.0	outer_core	1.288706959586439	1.298518506630934	2
rg06_theta15p195_foilpm8	8.0	outer_core	1.298518506630934	1.3083300536754285	3
rg06_theta15p195_foilpm8	8.0	outer_core	1.3083300536754285	1.3181416007199231	5
rg06_theta15p195_foilpm8	8.0	outer_core	1.3181416007199231	1.3279531477644178	4
rg06_theta15p195_foilpm8	8.0	outer_core	1.3279531477644178	1.3377646948089124	4
rg06_theta15p195_foilpm8	8.0	outer_core	1.3377646948089124	1.347576241853407	4
rg06_theta15p195_foilpm8	8.0	outer_core	1.347576241853407	1.3573877888979016	7
rg06_theta15p195_foilpm8	8.0	outer_core	1.3573877888979016	1.3671993359423964	8
rg06_theta15p195_foilpm8	8.0	outer_core	1.3671993359423964	1.377010882986891	5
rg06_theta15p195_foilpm8	8.0	outer_core	1.377010882986891	1.3868224300313856	3
rg06_theta15p195_foilpm8	8.0	outer_core	1.3868224300313856	1.3966339770758802	12
rg06_theta15p195_foilpm8	8.0	outer_core	1.3966339770758802	1.4064455241203748	9
rg06_theta15p195_foilpm8	8.0	outer_core	1.4064455241203748	1.4162570711648694	12
rg06_theta15p195_foilpm8	8.0	outer_core	1.4162570711648694	1.426068618209364	13
rg06_theta15p195_foilpm8	8.0	outer_core	1.426068618209364	1.4358801652538586	14
rg06_theta15p195_foilpm8	8.0	outer_core	1.4358801652538586	1.4456917122983535	14
rg06_theta15p195_foilpm8	8.0	outer_core	1.4456917122983535	1.455503259342848	20
rg06_theta15p195_foilpm8	8.0	outer_core	1.455503259342848	1.4653148063873427	20
rg06_theta15p195_foilpm8	8.0	outer_core	1.4653148063873427	1.4751263534318373	19
rg06_theta15p195_foilpm8	8.0	outer_core	1.4751263534318373	1.484937900476332	25
rg06_theta15p195_foilpm8	8.0	outer_core	1.484937900476332	1.4947494475208265	29
rg06_theta15p195_foilpm8	8.0	outer_core	1.4947494475208265	1.5045609945653213	25
rg06_theta15p195_foilpm8	8.0	outer_core	1.5045609945653213	1.514372541609816	16
rg06_theta15p195_foilpm8	8.0	outer_core	1.514372541609816	1.5241840886543105	19
rg06_theta15p195_foilpm8	8.0	outer_core	1.5241840886543105	1.5339956356988051	31
rg06_theta15p195_foilpm8	8.0	outer_core	1.5339956356988051	1.5438071827432998	29
rg06_theta15p195_foilpm8	8.0	outer_core	1.5438071827432998	1.5536187297877944	31
rg06_theta15p195_foilpm8	8.0	outer_core	1.5536187297877944	1.563430276832289	37
rg06_theta15p195_foilpm8	8.0	outer_core	1.563430276832289	1.5732418238767836	36
rg06_theta15p195_foilpm8	8.0	outer_core	1.5732418238767836	1.5830533709212784	42
rg06_theta15p195_foilpm8	8.0	outer_core	1.5830533709212784	1.592864917965773	48
rg06_theta15p195_foilpm8	8.0	outer_core	1.592864917965773	1.6026764650102676	63
rg06_theta15p195_foilpm8	8.0	outer_core	1.6026764650102676	1.6124880120547622	88
rg06_theta15p195_foilpm8	8.0	outer_core	1.6124880120547622	1.6222995590992568	66
rg06_theta15p195_foilpm8	8.0	outer_core	1.6222995590992568	1.6321111061437514	60
rg06_theta15p195_foilpm8	8.0	outer_core	1.6321111061437514	1.6419226531882463	76
rg06_theta15p195_foilpm8	8.0	outer_core	1.6419226531882463	1.6517342002327409	89
rg06_theta15p195_foilpm8	8.0	outer_core	1.6517342002327409	1.6615457472772355	75
rg06_theta15p195_foilpm8	8.0	outer_core	1.6615457472772355	1.67135729432173	86
rg06_theta15p195_foilpm8	8.0	outer_core	1.67135729432173	1.6811688413662247	83
rg06_theta15p195_foilpm8	8.0	outer_core	1.6811688413662247	1.6909803884107193	93
rg06_theta15p195_foilpm8	8.0	outer_core	1.6909803884107193	1.700791935455214	84
rg06_theta15p195_foilpm8	8.0	outer_core	1.700791935455214	1.7106034824997085	81
rg06_theta15p195_foilpm8	8.0	outer_core	1.7106034824997085	1.7204150295442031	95
rg06_theta15p195_foilpm8	8.0	outer_core	1.7204150295442031	1.730226576588698	77
rg06_theta15p195_foilpm8	8.0	outer_core	1.730226576588698	1.7400381236331925	108
rg06_theta15p195_foilpm8	8.0	outer_core	1.7400381236331925	1.7498496706776872	98
rg06_theta15p195_foilpm8	8.0	outer_core	1.7498496706776872	1.7596612177221818	110
rg06_theta15p195_foilpm8	8.0	outer_core	1.7596612177221818	1.7694727647666766	100
rg06_theta15p195_foilpm8	8.0	outer_core	1.7694727647666766	1.7792843118111712	102
rg06_theta15p195_foilpm8	8.0	outer_core	1.7792843118111712	1.7890958588556658	110
rg06_theta15p195_foilpm8	8.0	outer_core	1.7890958588556658	1.7989074059001604	110
rg06_theta15p195_foilpm8	8.0	outer_core	1.7989074059001604	1.808718952944655	108
rg06_theta15p195_foilpm8	8.0	outer_core	1.808718952944655	1.8185304999891496	127
rg06_theta15p195_foilpm8	8.0	outer_core	1.8185304999891496	1.8283420470336442	118
rg06_theta15p195_foilpm8	8.0	outer_core	1.8283420470336442	1.8381535940781388	109
rg06_theta15p195_foilpm8	8.0	outer_core	1.8381535940781388	1.8479651411226334	110
rg06_theta15p195_foilpm8	8.0	outer_core	1.8479651411226334	1.857776688167128	107
rg06_theta15p195_foilpm8	8.0	outer_core	1.857776688167128	1.8675882352116226	103
rg06_theta15p195_foilpm8	8.0	outer_core	1.8675882352116226	1.8773997822561175	80
rg06_theta15p195_foilpm8	8.0	outer_core	1.8773997822561175	1.887211329300612	90
rg06_theta15p195_foilpm8	8.0	outer_core	1.887211329300612	1.8970228763451067	79
rg06_theta15p195_foilpm8	8.0	outer_core	1.8970228763451067	1.9068344233896015	82
rg06_theta15p195_foilpm8	8.0	outer_core	1.9068344233896015	1.9166459704340961	77
rg06_theta15p195_foilpm8	8.0	outer_core	1.9166459704340961	1.9264575174785907	70
rg06_theta15p195_foilpm8	8.0	outer_core	1.9264575174785907	1.9362690645230853	85
rg06_theta15p195_foilpm8	8.0	outer_core	1.9362690645230853	1.94608061156758	77
rg06_theta15p195_foilpm8	8.0	outer_core	1.94608061156758	1.9558921586120745	63
rg06_theta15p195_foilpm8	8.0	outer_core	1.9558921586120745	1.9657037056565692	60
rg06_theta15p195_foilpm8	8.0	outer_core	1.9657037056565692	1.9755152527010638	48
rg06_theta15p195_foilpm8	8.0	outer_core	1.9755152527010638	1.9853267997455584	70
rg06_theta15p195_foilpm8	8.0	outer_core	1.9853267997455584	1.995138346790053	76
rg06_theta15p195_foilpm8	8.0	outer_core	1.995138346790053	2.0049498938345476	69
rg06_theta15p195_foilpm8	8.0	outer_core	2.0049498938345476	2.0147614408790426	58
rg06_theta15p195_foilpm8	8.0	outer_core	2.0147614408790426	2.024572987923537	56
rg06_theta15p195_foilpm8	8.0	outer_core	2.024572987923537	2.034384534968032	48
rg06_theta15p195_foilpm8	8.0	outer_core	2.034384534968032	2.044196082012526	36
rg06_theta15p195_foilpm8	8.0	outer_core	2.044196082012526	2.054007629057021	44
rg06_theta15p195_foilpm8	8.0	outer_core	2.054007629057021	2.0638191761015157	45
rg06_theta15p195_foilpm8	8.0	outer_core	2.0638191761015157	2.0736307231460103	37
rg06_theta15p195_foilpm8	8.0	outer_core	2.0736307231460103	2.083442270190505	31
rg06_theta15p195_foilpm8	8.0	outer_core	2.083442270190505	2.0932538172349995	37
rg06_theta15p195_foilpm8	8.0	outer_core	2.0932538172349995	2.103065364279494	36
rg06_theta15p195_foilpm8	8.0	outer_core	2.103065364279494	2.1128769113239887	26
rg06_theta15p195_foilpm8	8.0	outer_core	2.1128769113239887	2.1226884583684833	27
rg06_theta15p195_foilpm8	8.0	outer_core	2.1226884583684833	2.132500005412978	26
rg06_theta15p195_foilpm8	8.0	outer_core	2.132500005412978	2.1423115524574725	24
rg06_theta15p195_foilpm8	8.0	outer_core	2.1423115524574725	2.152123099501967	22
rg06_theta15p195_foilpm8	8.0	outer_core	2.152123099501967	2.161934646546462	21
rg06_theta15p195_foilpm8	8.0	outer_core	2.161934646546462	2.1717461935909563	22
rg06_theta15p195_foilpm8	8.0	outer_core	2.1717461935909563	2.1815577406354514	15
rg06_theta15p195_foilpm8	8.0	outer_core	2.1815577406354514	2.191369287679946	5
rg06_theta15p195_foilpm8	8.0	outer_core	2.191369287679946	2.2011808347244406	5
rg06_theta15p195_foilpm8	8.0	outer_core	2.2011808347244406	2.210992381768935	3
rg06_theta15p195_foilpm8	8.0	outer_core	2.210992381768935	2.22080392881343	0
rg06_theta15p195_foilpm8	8.0	outer_core	2.22080392881343	2.2306154758579244	0
rg06_theta15p195_foilpm8	8.0	outer_core	2.2306154758579244	2.240427022902419	0
rg06_theta15p195_foilpm8	8.0	shoulders	1.2592723184529553	1.26908386549745	0
rg06_theta15p195_foilpm8	8.0	shoulders	1.26908386549745	1.2788954125419445	0
rg06_theta15p195_foilpm8	8.0	shoulders	1.2788954125419445	1.288706959586439	2
rg06_theta15p195_foilpm8	8.0	shoulders	1.288706959586439	1.298518506630934	3
rg06_theta15p195_foilpm8	8.0	shoulders	1.298518506630934	1.3083300536754285	3
rg06_theta15p195_foilpm8	8.0	shoulders	1.3083300536754285	1.3181416007199231	3
rg06_theta15p195_foilpm8	8.0	shoulders	1.3181416007199231	1.3279531477644178	5
rg06_theta15p195_foilpm8	8.0	shoulders	1.3279531477644178	1.3377646948089124	3
rg06_theta15p195_foilpm8	8.0	shoulders	1.3377646948089124	1.347576241853407	3
rg06_theta15p195_foilpm8	8.0	shoulders	1.347576241853407	1.3573877888979016	2
rg06_theta15p195_foilpm8	8.0	shoulders	1.3573877888979016	1.3671993359423964	1
rg06_theta15p195_foilpm8	8.0	shoulders	1.3671993359423964	1.377010882986891	2
rg06_theta15p195_foilpm8	8.0	shoulders	1.377010882986891	1.3868224300313856	7
rg06_theta15p195_foilpm8	8.0	shoulders	1.3868224300313856	1.3966339770758802	4
rg06_theta15p195_foilpm8	8.0	shoulders	1.3966339770758802	1.4064455241203748	5
rg06_theta15p195_foilpm8	8.0	shoulders	1.4064455241203748	1.4162570711648694	17
rg06_theta15p195_foilpm8	8.0	shoulders	1.4162570711648694	1.426068618209364	11
rg06_theta15p195_foilpm8	8.0	shoulders	1.426068618209364	1.4358801652538586	17
rg06_theta15p195_foilpm8	8.0	shoulders	1.4358801652538586	1.4456917122983535	12
rg06_theta15p195_foilpm8	8.0	shoulders	1.4456917122983535	1.455503259342848	15
rg06_theta15p195_foilpm8	8.0	shoulders	1.455503259342848	1.4653148063873427	11
rg06_theta15p195_foilpm8	8.0	shoulders	1.4653148063873427	1.4751263534318373	5
rg06_theta15p195_foilpm8	8.0	shoulders	1.4751263534318373	1.484937900476332	14
rg06_theta15p195_foilpm8	8.0	shoulders	1.484937900476332	1.4947494475208265	10
rg06_theta15p195_foilpm8	8.0	shoulders	1.4947494475208265	1.5045609945653213	12
rg06_theta15p195_foilpm8	8.0	shoulders	1.5045609945653213	1.514372541609816	16
rg06_theta15p195_foilpm8	8.0	shoulders	1.514372541609816	1.5241840886543105	14
rg06_theta15p195_foilpm8	8.0	shoulders	1.5241840886543105	1.5339956356988051	16
rg06_theta15p195_foilpm8	8.0	shoulders	1.5339956356988051	1.5438071827432998	17
rg06_theta15p195_foilpm8	8.0	shoulders	1.5438071827432998	1.5536187297877944	15
rg06_theta15p195_foilpm8	8.0	shoulders	1.5536187297877944	1.563430276832289	18
rg06_theta15p195_foilpm8	8.0	shoulders	1.563430276832289	1.5732418238767836	29
rg06_theta15p195_foilpm8	8.0	shoulders	1.5732418238767836	1.5830533709212784	25
rg06_theta15p195_foilpm8	8.0	shoulders	1.5830533709212784	1.592864917965773	22
rg06_theta15p195_foilpm8	8.0	shoulders	1.592864917965773	1.6026764650102676	32
rg06_theta15p195_foilpm8	8.0	shoulders	1.6026764650102676	1.6124880120547622	28
rg06_theta15p195_foilpm8	8.0	shoulders	1.6124880120547622	1.6222995590992568	33
rg06_theta15p195_foilpm8	8.0	shoulders	1.6222995590992568	1.6321111061437514	31
rg06_theta15p195_foilpm8	8.0	shoulders	1.6321111061437514	1.6419226531882463	38
rg06_theta15p195_foilpm8	8.0	shoulders	1.6419226531882463	1.6517342002327409	30
rg06_theta15p195_foilpm8	8.0	shoulders	1.6517342002327409	1.6615457472772355	43
rg06_theta15p195_foilpm8	8.0	shoulders	1.6615457472772355	1.67135729432173	44
rg06_theta15p195_foilpm8	8.0	shoulders	1.67135729432173	1.6811688413662247	41
rg06_theta15p195_foilpm8	8.0	shoulders	1.6811688413662247	1.6909803884107193	45
rg06_theta15p195_foilpm8	8.0	shoulders	1.6909803884107193	1.700791935455214	34
rg06_theta15p195_foilpm8	8.0	shoulders	1.700791935455214	1.7106034824997085	39
rg06_theta15p195_foilpm8	8.0	shoulders	1.7106034824997085	1.7204150295442031	24
rg06_theta15p195_foilpm8	8.0	shoulders	1.7204150295442031	1.730226576588698	37
rg06_theta15p195_foilpm8	8.0	shoulders	1.730226576588698	1.7400381236331925	39
rg06_theta15p195_foilpm8	8.0	shoulders	1.7400381236331925	1.7498496706776872	43
rg06_theta15p195_foilpm8	8.0	shoulders	1.7498496706776872	1.7596612177221818	45
rg06_theta15p195_foilpm8	8.0	shoulders	1.7596612177221818	1.7694727647666766	51
rg06_theta15p195_foilpm8	8.0	shoulders	1.7694727647666766	1.7792843118111712	51
rg06_theta15p195_foilpm8	8.0	shoulders	1.7792843118111712	1.7890958588556658	39
rg06_theta15p195_foilpm8	8.0	shoulders	1.7890958588556658	1.7989074059001604	39
rg06_theta15p195_foilpm8	8.0	shoulders	1.7989074059001604	1.808718952944655	37
rg06_theta15p195_foilpm8	8.0	shoulders	1.808718952944655	1.8185304999891496	37
rg06_theta15p195_foilpm8	8.0	shoulders	1.8185304999891496	1.8283420470336442	33
rg06_theta15p195_foilpm8	8.0	shoulders	1.8283420470336442	1.8381535940781388	40
rg06_theta15p195_foilpm8	8.0	shoulders	1.8381535940781388	1.8479651411226334	41
rg06_theta15p195_foilpm8	8.0	shoulders	1.8479651411226334	1.857776688167128	54
rg06_theta15p195_foilpm8	8.0	shoulders	1.857776688167128	1.8675882352116226	38
rg06_theta15p195_foilpm8	8.0	shoulders	1.8675882352116226	1.8773997822561175	49
rg06_theta15p195_foilpm8	8.0	shoulders	1.8773997822561175	1.887211329300612	46
rg06_theta15p195_foilpm8	8.0	shoulders	1.887211329300612	1.8970228763451067	37
rg06_theta15p195_foilpm8	8.0	shoulders	1.8970228763451067	1.9068344233896015	32
rg06_theta15p195_foilpm8	8.0	shoulders	1.9068344233896015	1.9166459704340961	24
rg06_theta15p195_foilpm8	8.0	shoulders	1.9166459704340961	1.9264575174785907	39
rg06_theta15p195_foilpm8	8.0	shoulders	1.9264575174785907	1.9362690645230853	41
rg06_theta15p195_foilpm8	8.0	shoulders	1.9362690645230853	1.94608061156758	33
rg06_theta15p195_foilpm8	8.0	shoulders	1.94608061156758	1.9558921586120745	40
rg06_theta15p195_foilpm8	8.0	shoulders	1.9558921586120745	1.9657037056565692	36
rg06_theta15p195_foilpm8	8.0	shoulders	1.9657037056565692	1.9755152527010638	30
rg06_theta15p195_foilpm8	8.0	shoulders	1.9755152527010638	1.9853267997455584	26
rg06_theta15p195_foilpm8	8.0	shoulders	1.9853267997455584	1.995138346790053	40
rg06_theta15p195_foilpm8	8.0	shoulders	1.995138346790053	2.0049498938345476	36
rg06_theta15p195_foilpm8	8.0	shoulders	2.0049498938345476	2.0147614408790426	26
rg06_theta15p195_foilpm8	8.0	shoulders	2.0147614408790426	2.024572987923537	37
rg06_theta15p195_foilpm8	8.0	shoulders	2.024572987923537	2.034384534968032	35
rg06_theta15p195_foilpm8	8.0	shoulders	2.034384534968032	2.044196082012526	26
rg06_theta15p195_foilpm8	8.0	shoulders	2.044196082012526	2.054007629057021	31
rg06_theta15p195_foilpm8	8.0	shoulders	2.054007629057021	2.0638191761015157	21
rg06_theta15p195_foilpm8	8.0	shoulders	2.0638191761015157	2.0736307231460103	29
rg06_theta15p195_foilpm8	8.0	shoulders	2.0736307231460103	2.083442270190505	20
rg06_theta15p195_foilpm8	8.0	shoulders	2.083442270190505	2.0932538172349995	11
rg06_theta15p195_foilpm8	8.0	shoulders	2.0932538172349995	2.103065364279494	20
rg06_theta15p195_foilpm8	8.0	shoulders	2.103065364279494	2.1128769113239887	22
rg06_theta15p195_foilpm8	8.0	shoulders	2.1128769113239887	2.1226884583684833	16
rg06_theta15p195_foilpm8	8.0	shoulders	2.1226884583684833	2.132500005412978	14
rg06_theta15p195_foilpm8	8.0	shoulders	2.132500005412978	2.1423115524574725	27
rg06_theta15p195_foilpm8	8.0	shoulders	2.1423115524574725	2.152123099501967	15
rg06_theta15p195_foilpm8	8.0	shoulders	2.152123099501967	2.161934646546462	16
rg06_theta15p195_foilpm8	8.0	shoulders	2.161934646546462	2.1717461935909563	9
rg06_theta15p195_foilpm8	8.0	shoulders	2.1717461935909563	2.1815577406354514	8
rg06_theta15p195_foilpm8	8.0	shoulders	2.1815577406354514	2.191369287679946	4
rg06_theta15p195_foilpm8	8.0	shoulders	2.191369287679946	2.2011808347244406	1
rg06_theta15p195_foilpm8	8.0	shoulders	2.2011808347244406	2.210992381768935	0
rg06_theta15p195_foilpm8	8.0	shoulders	2.210992381768935	2.22080392881343	0
rg06_theta15p195_foilpm8	8.0	shoulders	2.22080392881343	2.2306154758579244	0
rg06_theta15p195_foilpm8	8.0	shoulders	2.2306154758579244	2.240427022902419	0
rg06_theta15p195_foilpm8	8.0	unsupported	1.2592723184529553	1.26908386549745	0
rg06_theta15p195_foilpm8	8.0	unsupported	1.26908386549745	1.2788954125419445	0
rg06_theta15p195_foilpm8	8.0	unsupported	1.2788954125419445	1.288706959586439	0
rg06_theta15p195_foilpm8	8.0	unsupported	1.288706959586439	1.298518506630934	0
rg06_theta15p195_foilpm8	8.0	unsupported	1.298518506630934	1.3083300536754285	0
rg06_theta15p195_foilpm8	8.0	unsupported	1.3083300536754285	1.3181416007199231	0
rg06_theta15p195_foilpm8	8.0	unsupported	1.3181416007199231	1.3279531477644178	0
rg06_theta15p195_foilpm8	8.0	unsupported	1.3279531477644178	1.3377646948089124	1
rg06_theta15p195_foilpm8	8.0	unsupported	1.3377646948089124	1.347576241853407	1
rg06_theta15p195_foilpm8	8.0	unsupported	1.347576241853407	1.3573877888979016	0
rg06_theta15p195_foilpm8	8.0	unsupported	1.3573877888979016	1.3671993359423964	0
rg06_theta15p195_foilpm8	8.0	unsupported	1.3671993359423964	1.377010882986891	2
rg06_theta15p195_foilpm8	8.0	unsupported	1.377010882986891	1.3868224300313856	0
rg06_theta15p195_foilpm8	8.0	unsupported	1.3868224300313856	1.3966339770758802	1
rg06_theta15p195_foilpm8	8.0	unsupported	1.3966339770758802	1.4064455241203748	0
rg06_theta15p195_foilpm8	8.0	unsupported	1.4064455241203748	1.4162570711648694	2
rg06_theta15p195_foilpm8	8.0	unsupported	1.4162570711648694	1.426068618209364	0
rg06_theta15p195_foilpm8	8.0	unsupported	1.426068618209364	1.4358801652538586	1
rg06_theta15p195_foilpm8	8.0	unsupported	1.4358801652538586	1.4456917122983535	3
rg06_theta15p195_foilpm8	8.0	unsupported	1.4456917122983535	1.455503259342848	1
rg06_theta15p195_foilpm8	8.0	unsupported	1.455503259342848	1.4653148063873427	0
rg06_theta15p195_foilpm8	8.0	unsupported	1.4653148063873427	1.4751263534318373	0
rg06_theta15p195_foilpm8	8.0	unsupported	1.4751263534318373	1.484937900476332	3
rg06_theta15p195_foilpm8	8.0	unsupported	1.484937900476332	1.4947494475208265	1
rg06_theta15p195_foilpm8	8.0	unsupported	1.4947494475208265	1.5045609945653213	0
rg06_theta15p195_foilpm8	8.0	unsupported	1.5045609945653213	1.514372541609816	1
rg06_theta15p195_foilpm8	8.0	unsupported	1.514372541609816	1.5241840886543105	0
rg06_theta15p195_foilpm8	8.0	unsupported	1.5241840886543105	1.5339956356988051	2
rg06_theta15p195_foilpm8	8.0	unsupported	1.5339956356988051	1.5438071827432998	5
rg06_theta15p195_foilpm8	8.0	unsupported	1.5438071827432998	1.5536187297877944	1
rg06_theta15p195_foilpm8	8.0	unsupported	1.5536187297877944	1.563430276832289	2
rg06_theta15p195_foilpm8	8.0	unsupported	1.563430276832289	1.5732418238767836	4
rg06_theta15p195_foilpm8	8.0	unsupported	1.5732418238767836	1.5830533709212784	1
rg06_theta15p195_foilpm8	8.0	unsupported	1.5830533709212784	1.592864917965773	3
rg06_theta15p195_foilpm8	8.0	unsupported	1.592864917965773	1.6026764650102676	0
rg06_theta15p195_foilpm8	8.0	unsupported	1.6026764650102676	1.6124880120547622	2
rg06_theta15p195_foilpm8	8.0	unsupported	1.6124880120547622	1.6222995590992568	2
rg06_theta15p195_foilpm8	8.0	unsupported	1.6222995590992568	1.6321111061437514	2
rg06_theta15p195_foilpm8	8.0	unsupported	1.6321111061437514	1.6419226531882463	0
rg06_theta15p195_foilpm8	8.0	unsupported	1.6419226531882463	1.6517342002327409	2
rg06_theta15p195_foilpm8	8.0	unsupported	1.6517342002327409	1.6615457472772355	4
rg06_theta15p195_foilpm8	8.0	unsupported	1.6615457472772355	1.67135729432173	6
rg06_theta15p195_foilpm8	8.0	unsupported	1.67135729432173	1.6811688413662247	0
rg06_theta15p195_foilpm8	8.0	unsupported	1.6811688413662247	1.6909803884107193	0
rg06_theta15p195_foilpm8	8.0	unsupported	1.6909803884107193	1.700791935455214	3
rg06_theta15p195_foilpm8	8.0	unsupported	1.700791935455214	1.7106034824997085	2
rg06_theta15p195_foilpm8	8.0	unsupported	1.7106034824997085	1.7204150295442031	5
rg06_theta15p195_foilpm8	8.0	unsupported	1.7204150295442031	1.730226576588698	1
rg06_theta15p195_foilpm8	8.0	unsupported	1.730226576588698	1.7400381236331925	3
rg06_theta15p195_foilpm8	8.0	unsupported	1.7400381236331925	1.7498496706776872	2
rg06_theta15p195_foilpm8	8.0	unsupported	1.7498496706776872	1.7596612177221818	4
rg06_theta15p195_foilpm8	8.0	unsupported	1.7596612177221818	1.7694727647666766	0
rg06_theta15p195_foilpm8	8.0	unsupported	1.7694727647666766	1.7792843118111712	3
rg06_theta15p195_foilpm8	8.0	unsupported	1.7792843118111712	1.7890958588556658	4
rg06_theta15p195_foilpm8	8.0	unsupported	1.7890958588556658	1.7989074059001604	3
rg06_theta15p195_foilpm8	8.0	unsupported	1.7989074059001604	1.808718952944655	6
rg06_theta15p195_foilpm8	8.0	unsupported	1.808718952944655	1.8185304999891496	4
rg06_theta15p195_foilpm8	8.0	unsupported	1.8185304999891496	1.8283420470336442	1
rg06_theta15p195_foilpm8	8.0	unsupported	1.8283420470336442	1.8381535940781388	4
rg06_theta15p195_foilpm8	8.0	unsupported	1.8381535940781388	1.8479651411226334	4
rg06_theta15p195_foilpm8	8.0	unsupported	1.8479651411226334	1.857776688167128	3
rg06_theta15p195_foilpm8	8.0	unsupported	1.857776688167128	1.8675882352116226	3
rg06_theta15p195_foilpm8	8.0	unsupported	1.8675882352116226	1.8773997822561175	5
rg06_theta15p195_foilpm8	8.0	unsupported	1.8773997822561175	1.887211329300612	1
rg06_theta15p195_foilpm8	8.0	unsupported	1.887211329300612	1.8970228763451067	5
rg06_theta15p195_foilpm8	8.0	unsupported	1.8970228763451067	1.9068344233896015	6
rg06_theta15p195_foilpm8	8.0	unsupported	1.9068344233896015	1.9166459704340961	6
rg06_theta15p195_foilpm8	8.0	unsupported	1.9166459704340961	1.9264575174785907	6
rg06_theta15p195_foilpm8	8.0	unsupported	1.9264575174785907	1.9362690645230853	9
rg06_theta15p195_foilpm8	8.0	unsupported	1.9362690645230853	1.94608061156758	4
rg06_theta15p195_foilpm8	8.0	unsupported	1.94608061156758	1.9558921586120745	1
rg06_theta15p195_foilpm8	8.0	unsupported	1.9558921586120745	1.9657037056565692	9
rg06_theta15p195_foilpm8	8.0	unsupported	1.9657037056565692	1.9755152527010638	4
rg06_theta15p195_foilpm8	8.0	unsupported	1.9755152527010638	1.9853267997455584	4
rg06_theta15p195_foilpm8	8.0	unsupported	1.9853267997455584	1.995138346790053	9
rg06_theta15p195_foilpm8	8.0	unsupported	1.995138346790053	2.0049498938345476	2
rg06_theta15p195_foilpm8	8.0	unsupported	2.0049498938345476	2.0147614408790426	4
rg06_theta15p195_foilpm8	8.0	unsupported	2.0147614408790426	2.024572987923537	6
rg06_theta15p195_foilpm8	8.0	unsupported	2.024572987923537	2.034384534968032	5
rg06_theta15p195_foilpm8	8.0	unsupported	2.034384534968032	2.044196082012526	7
rg06_theta15p195_foilpm8	8.0	unsupported	2.044196082012526	2.054007629057021	5
rg06_theta15p195_foilpm8	8.0	unsupported	2.054007629057021	2.0638191761015157	13
rg06_theta15p195_foilpm8	8.0	unsupported	2.0638191761015157	2.0736307231460103	6
rg06_theta15p195_foilpm8	8.0	unsupported	2.0736307231460103	2.083442270190505	4
rg06_theta15p195_foilpm8	8.0	unsupported	2.083442270190505	2.0932538172349995	6
rg06_theta15p195_foilpm8	8.0	unsupported	2.0932538172349995	2.103065364279494	6
rg06_theta15p195_foilpm8	8.0	unsupported	2.103065364279494	2.1128769113239887	8
rg06_theta15p195_foilpm8	8.0	unsupported	2.1128769113239887	2.1226884583684833	3
rg06_theta15p195_foilpm8	8.0	unsupported	2.1226884583684833	2.132500005412978	6
rg06_theta15p195_foilpm8	8.0	unsupported	2.132500005412978	2.1423115524574725	6
rg06_theta15p195_foilpm8	8.0	unsupported	2.1423115524574725	2.152123099501967	6
rg06_theta15p195_foilpm8	8.0	unsupported	2.152123099501967	2.161934646546462	4
rg06_theta15p195_foilpm8	8.0	unsupported	2.161934646546462	2.1717461935909563	1
rg06_theta15p195_foilpm8	8.0	unsupported	2.1717461935909563	2.1815577406354514	4
rg06_theta15p195_foilpm8	8.0	unsupported	2.1815577406354514	2.191369287679946	0
rg06_theta15p195_foilpm8	8.0	unsupported	2.191369287679946	2.2011808347244406	5
rg06_theta15p195_foilpm8	8.0	unsupported	2.2011808347244406	2.210992381768935	1
rg06_theta15p195_foilpm8	8.0	unsupported	2.210992381768935	2.22080392881343	0
rg06_theta15p195_foilpm8	8.0	unsupported	2.22080392881343	2.2306154758579244	0
rg06_theta15p195_foilpm8	8.0	unsupported	2.2306154758579244	2.240427022902419	0
rg06_theta15p195_foilpm8	8.0	out_of_core	1.2592723184529553	1.26908386549745	0
rg06_theta15p195_foilpm8	8.0	out_of_core	1.26908386549745	1.2788954125419445	0
rg06_theta15p195_foilpm8	8.0	out_of_core	1.2788954125419445	1.288706959586439	2
rg06_theta15p195_foilpm8	8.0	out_of_core	1.288706959586439	1.298518506630934	3
rg06_theta15p195_foilpm8	8.0	out_of_core	1.298518506630934	1.3083300536754285	3
rg06_theta15p195_foilpm8	8.0	out_of_core	1.3083300536754285	1.3181416007199231	3
rg06_theta15p195_foilpm8	8.0	out_of_core	1.3181416007199231	1.3279531477644178	5
rg06_theta15p195_foilpm8	8.0	out_of_core	1.3279531477644178	1.3377646948089124	4
rg06_theta15p195_foilpm8	8.0	out_of_core	1.3377646948089124	1.347576241853407	4
rg06_theta15p195_foilpm8	8.0	out_of_core	1.347576241853407	1.3573877888979016	2
rg06_theta15p195_foilpm8	8.0	out_of_core	1.3573877888979016	1.3671993359423964	1
rg06_theta15p195_foilpm8	8.0	out_of_core	1.3671993359423964	1.377010882986891	4
rg06_theta15p195_foilpm8	8.0	out_of_core	1.377010882986891	1.3868224300313856	7
rg06_theta15p195_foilpm8	8.0	out_of_core	1.3868224300313856	1.3966339770758802	5
rg06_theta15p195_foilpm8	8.0	out_of_core	1.3966339770758802	1.4064455241203748	5
rg06_theta15p195_foilpm8	8.0	out_of_core	1.4064455241203748	1.4162570711648694	19
rg06_theta15p195_foilpm8	8.0	out_of_core	1.4162570711648694	1.426068618209364	11
rg06_theta15p195_foilpm8	8.0	out_of_core	1.426068618209364	1.4358801652538586	18
rg06_theta15p195_foilpm8	8.0	out_of_core	1.4358801652538586	1.4456917122983535	15
rg06_theta15p195_foilpm8	8.0	out_of_core	1.4456917122983535	1.455503259342848	16
rg06_theta15p195_foilpm8	8.0	out_of_core	1.455503259342848	1.4653148063873427	11
rg06_theta15p195_foilpm8	8.0	out_of_core	1.4653148063873427	1.4751263534318373	5
rg06_theta15p195_foilpm8	8.0	out_of_core	1.4751263534318373	1.484937900476332	17
rg06_theta15p195_foilpm8	8.0	out_of_core	1.484937900476332	1.4947494475208265	11
rg06_theta15p195_foilpm8	8.0	out_of_core	1.4947494475208265	1.5045609945653213	12
rg06_theta15p195_foilpm8	8.0	out_of_core	1.5045609945653213	1.514372541609816	17
rg06_theta15p195_foilpm8	8.0	out_of_core	1.514372541609816	1.5241840886543105	14
rg06_theta15p195_foilpm8	8.0	out_of_core	1.5241840886543105	1.5339956356988051	18
rg06_theta15p195_foilpm8	8.0	out_of_core	1.5339956356988051	1.5438071827432998	22
rg06_theta15p195_foilpm8	8.0	out_of_core	1.5438071827432998	1.5536187297877944	16
rg06_theta15p195_foilpm8	8.0	out_of_core	1.5536187297877944	1.563430276832289	20
rg06_theta15p195_foilpm8	8.0	out_of_core	1.563430276832289	1.5732418238767836	33
rg06_theta15p195_foilpm8	8.0	out_of_core	1.5732418238767836	1.5830533709212784	26
rg06_theta15p195_foilpm8	8.0	out_of_core	1.5830533709212784	1.592864917965773	25
rg06_theta15p195_foilpm8	8.0	out_of_core	1.592864917965773	1.6026764650102676	32
rg06_theta15p195_foilpm8	8.0	out_of_core	1.6026764650102676	1.6124880120547622	30
rg06_theta15p195_foilpm8	8.0	out_of_core	1.6124880120547622	1.6222995590992568	35
rg06_theta15p195_foilpm8	8.0	out_of_core	1.6222995590992568	1.6321111061437514	33
rg06_theta15p195_foilpm8	8.0	out_of_core	1.6321111061437514	1.6419226531882463	38
rg06_theta15p195_foilpm8	8.0	out_of_core	1.6419226531882463	1.6517342002327409	32
rg06_theta15p195_foilpm8	8.0	out_of_core	1.6517342002327409	1.6615457472772355	47
rg06_theta15p195_foilpm8	8.0	out_of_core	1.6615457472772355	1.67135729432173	50
rg06_theta15p195_foilpm8	8.0	out_of_core	1.67135729432173	1.6811688413662247	41
rg06_theta15p195_foilpm8	8.0	out_of_core	1.6811688413662247	1.6909803884107193	45
rg06_theta15p195_foilpm8	8.0	out_of_core	1.6909803884107193	1.700791935455214	37
rg06_theta15p195_foilpm8	8.0	out_of_core	1.700791935455214	1.7106034824997085	41
rg06_theta15p195_foilpm8	8.0	out_of_core	1.7106034824997085	1.7204150295442031	29
rg06_theta15p195_foilpm8	8.0	out_of_core	1.7204150295442031	1.730226576588698	38
rg06_theta15p195_foilpm8	8.0	out_of_core	1.730226576588698	1.7400381236331925	42
rg06_theta15p195_foilpm8	8.0	out_of_core	1.7400381236331925	1.7498496706776872	45
rg06_theta15p195_foilpm8	8.0	out_of_core	1.7498496706776872	1.7596612177221818	49
rg06_theta15p195_foilpm8	8.0	out_of_core	1.7596612177221818	1.7694727647666766	51
rg06_theta15p195_foilpm8	8.0	out_of_core	1.7694727647666766	1.7792843118111712	54
rg06_theta15p195_foilpm8	8.0	out_of_core	1.7792843118111712	1.7890958588556658	43
rg06_theta15p195_foilpm8	8.0	out_of_core	1.7890958588556658	1.7989074059001604	42
rg06_theta15p195_foilpm8	8.0	out_of_core	1.7989074059001604	1.808718952944655	43
rg06_theta15p195_foilpm8	8.0	out_of_core	1.808718952944655	1.8185304999891496	41
rg06_theta15p195_foilpm8	8.0	out_of_core	1.8185304999891496	1.8283420470336442	34
rg06_theta15p195_foilpm8	8.0	out_of_core	1.8283420470336442	1.8381535940781388	44
rg06_theta15p195_foilpm8	8.0	out_of_core	1.8381535940781388	1.8479651411226334	45
rg06_theta15p195_foilpm8	8.0	out_of_core	1.8479651411226334	1.857776688167128	57
rg06_theta15p195_foilpm8	8.0	out_of_core	1.857776688167128	1.8675882352116226	41
rg06_theta15p195_foilpm8	8.0	out_of_core	1.8675882352116226	1.8773997822561175	54
rg06_theta15p195_foilpm8	8.0	out_of_core	1.8773997822561175	1.887211329300612	47
rg06_theta15p195_foilpm8	8.0	out_of_core	1.887211329300612	1.8970228763451067	42
rg06_theta15p195_foilpm8	8.0	out_of_core	1.8970228763451067	1.9068344233896015	38
rg06_theta15p195_foilpm8	8.0	out_of_core	1.9068344233896015	1.9166459704340961	30
rg06_theta15p195_foilpm8	8.0	out_of_core	1.9166459704340961	1.9264575174785907	45
rg06_theta15p195_foilpm8	8.0	out_of_core	1.9264575174785907	1.9362690645230853	50
rg06_theta15p195_foilpm8	8.0	out_of_core	1.9362690645230853	1.94608061156758	37
rg06_theta15p195_foilpm8	8.0	out_of_core	1.94608061156758	1.9558921586120745	41
rg06_theta15p195_foilpm8	8.0	out_of_core	1.9558921586120745	1.9657037056565692	45
rg06_theta15p195_foilpm8	8.0	out_of_core	1.9657037056565692	1.9755152527010638	34
rg06_theta15p195_foilpm8	8.0	out_of_core	1.9755152527010638	1.9853267997455584	30
rg06_theta15p195_foilpm8	8.0	out_of_core	1.9853267997455584	1.995138346790053	49
rg06_theta15p195_foilpm8	8.0	out_of_core	1.995138346790053	2.0049498938345476	38
rg06_theta15p195_foilpm8	8.0	out_of_core	2.0049498938345476	2.0147614408790426	30
rg06_theta15p195_foilpm8	8.0	out_of_core	2.0147614408790426	2.024572987923537	43
rg06_theta15p195_foilpm8	8.0	out_of_core	2.024572987923537	2.034384534968032	40
rg06_theta15p195_foilpm8	8.0	out_of_core	2.034384534968032	2.044196082012526	33
rg06_theta15p195_foilpm8	8.0	out_of_core	2.044196082012526	2.054007629057021	36
rg06_theta15p195_foilpm8	8.0	out_of_core	2.054007629057021	2.0638191761015157	34
rg06_theta15p195_foilpm8	8.0	out_of_core	2.0638191761015157	2.0736307231460103	35
rg06_theta15p195_foilpm8	8.0	out_of_core	2.0736307231460103	2.083442270190505	24
rg06_theta15p195_foilpm8	8.0	out_of_core	2.083442270190505	2.0932538172349995	17
rg06_theta15p195_foilpm8	8.0	out_of_core	2.0932538172349995	2.103065364279494	26
rg06_theta15p195_foilpm8	8.0	out_of_core	2.103065364279494	2.1128769113239887	30
rg06_theta15p195_foilpm8	8.0	out_of_core	2.1128769113239887	2.1226884583684833	19
rg06_theta15p195_foilpm8	8.0	out_of_core	2.1226884583684833	2.132500005412978	20
rg06_theta15p195_foilpm8	8.0	out_of_core	2.132500005412978	2.1423115524574725	33
rg06_theta15p195_foilpm8	8.0	out_of_core	2.1423115524574725	2.152123099501967	21
rg06_theta15p195_foilpm8	8.0	out_of_core	2.152123099501967	2.161934646546462	20
rg06_theta15p195_foilpm8	8.0	out_of_core	2.161934646546462	2.1717461935909563	10
rg06_theta15p195_foilpm8	8.0	out_of_core	2.1717461935909563	2.1815577406354514	12
rg06_theta15p195_foilpm8	8.0	out_of_core	2.1815577406354514	2.191369287679946	4
rg06_theta15p195_foilpm8	8.0	out_of_core	2.191369287679946	2.2011808347244406	6
rg06_theta15p195_foilpm8	8.0	out_of_core	2.2011808347244406	2.210992381768935	1
rg06_theta15p195_foilpm8	8.0	out_of_core	2.210992381768935	2.22080392881343	0
rg06_theta15p195_foilpm8	8.0	out_of_core	2.22080392881343	2.2306154758579244	0
rg06_theta15p195_foilpm8	8.0	out_of_core	2.2306154758579244	2.240427022902419	0
rg07_theta12p495_foilpm8	-8.0	dense_half	-2.220364277544487	-2.207910257859198	0
rg07_theta12p495_foilpm8	-8.0	dense_half	-2.207910257859198	-2.1954562381739096	0
rg07_theta12p495_foilpm8	-8.0	dense_half	-2.1954562381739096	-2.1830022184886206	5
rg07_theta12p495_foilpm8	-8.0	dense_half	-2.1830022184886206	-2.1705481988033317	7
rg07_theta12p495_foilpm8	-8.0	dense_half	-2.1705481988033317	-2.158094179118043	11
rg07_theta12p495_foilpm8	-8.0	dense_half	-2.158094179118043	-2.1456401594327543	13
rg07_theta12p495_foilpm8	-8.0	dense_half	-2.1456401594327543	-2.1331861397474654	13
rg07_theta12p495_foilpm8	-8.0	dense_half	-2.1331861397474654	-2.1207321200621765	15
rg07_theta12p495_foilpm8	-8.0	dense_half	-2.1207321200621765	-2.108278100376888	31
rg07_theta12p495_foilpm8	-8.0	dense_half	-2.108278100376888	-2.095824080691599	41
rg07_theta12p495_foilpm8	-8.0	dense_half	-2.095824080691599	-2.08337006100631	32
rg07_theta12p495_foilpm8	-8.0	dense_half	-2.08337006100631	-2.0709160413210217	54
rg07_theta12p495_foilpm8	-8.0	dense_half	-2.0709160413210217	-2.0584620216357328	69
rg07_theta12p495_foilpm8	-8.0	dense_half	-2.0584620216357328	-2.046008001950444	65
rg07_theta12p495_foilpm8	-8.0	dense_half	-2.046008001950444	-2.033553982265155	98
rg07_theta12p495_foilpm8	-8.0	dense_half	-2.033553982265155	-2.0210999625798665	104
rg07_theta12p495_foilpm8	-8.0	dense_half	-2.0210999625798665	-2.0086459428945775	109
rg07_theta12p495_foilpm8	-8.0	dense_half	-2.0086459428945775	-1.9961919232092886	131
rg07_theta12p495_foilpm8	-8.0	dense_half	-1.9961919232092886	-1.983737903524	115
rg07_theta12p495_foilpm8	-8.0	dense_half	-1.983737903524	-1.9712838838387112	148
rg07_theta12p495_foilpm8	-8.0	dense_half	-1.9712838838387112	-1.9588298641534223	158
rg07_theta12p495_foilpm8	-8.0	dense_half	-1.9588298641534223	-1.9463758444681336	156
rg07_theta12p495_foilpm8	-8.0	dense_half	-1.9463758444681336	-1.9339218247828447	180
rg07_theta12p495_foilpm8	-8.0	dense_half	-1.9339218247828447	-1.921467805097556	188
rg07_theta12p495_foilpm8	-8.0	dense_half	-1.921467805097556	-1.909013785412267	198
rg07_theta12p495_foilpm8	-8.0	dense_half	-1.909013785412267	-1.8965597657269784	228
rg07_theta12p495_foilpm8	-8.0	dense_half	-1.8965597657269784	-1.8841057460416897	253
rg07_theta12p495_foilpm8	-8.0	dense_half	-1.8841057460416897	-1.8716517263564008	260
rg07_theta12p495_foilpm8	-8.0	dense_half	-1.8716517263564008	-1.859197706671112	288
rg07_theta12p495_foilpm8	-8.0	dense_half	-1.859197706671112	-1.8467436869858231	272
rg07_theta12p495_foilpm8	-8.0	dense_half	-1.8467436869858231	-1.8342896673005344	272
rg07_theta12p495_foilpm8	-8.0	dense_half	-1.8342896673005344	-1.8218356476152455	303
rg07_theta12p495_foilpm8	-8.0	dense_half	-1.8218356476152455	-1.8093816279299568	254
rg07_theta12p495_foilpm8	-8.0	dense_half	-1.8093816279299568	-1.7969276082446681	287
rg07_theta12p495_foilpm8	-8.0	dense_half	-1.7969276082446681	-1.7844735885593792	292
rg07_theta12p495_foilpm8	-8.0	dense_half	-1.7844735885593792	-1.7720195688740905	273
rg07_theta12p495_foilpm8	-8.0	dense_half	-1.7720195688740905	-1.7595655491888018	299
rg07_theta12p495_foilpm8	-8.0	dense_half	-1.7595655491888018	-1.747111529503513	291
rg07_theta12p495_foilpm8	-8.0	dense_half	-1.747111529503513	-1.734657509818224	302
rg07_theta12p495_foilpm8	-8.0	dense_half	-1.734657509818224	-1.7222034901329353	275
rg07_theta12p495_foilpm8	-8.0	dense_half	-1.7222034901329353	-1.7097494704476466	282
rg07_theta12p495_foilpm8	-8.0	dense_half	-1.7097494704476466	-1.6972954507623577	224
rg07_theta12p495_foilpm8	-8.0	dense_half	-1.6972954507623577	-1.684841431077069	236
rg07_theta12p495_foilpm8	-8.0	dense_half	-1.684841431077069	-1.6723874113917803	216
rg07_theta12p495_foilpm8	-8.0	dense_half	-1.6723874113917803	-1.6599333917064913	212
rg07_theta12p495_foilpm8	-8.0	dense_half	-1.6599333917064913	-1.6474793720212024	206
rg07_theta12p495_foilpm8	-8.0	dense_half	-1.6474793720212024	-1.6350253523359137	176
rg07_theta12p495_foilpm8	-8.0	dense_half	-1.6350253523359137	-1.622571332650625	190
rg07_theta12p495_foilpm8	-8.0	dense_half	-1.622571332650625	-1.6101173129653361	158
rg07_theta12p495_foilpm8	-8.0	dense_half	-1.6101173129653361	-1.5976632932800474	133
rg07_theta12p495_foilpm8	-8.0	dense_half	-1.5976632932800474	-1.5852092735947587	150
rg07_theta12p495_foilpm8	-8.0	dense_half	-1.5852092735947587	-1.5727552539094698	112
rg07_theta12p495_foilpm8	-8.0	dense_half	-1.5727552539094698	-1.5603012342241809	108
rg07_theta12p495_foilpm8	-8.0	dense_half	-1.5603012342241809	-1.5478472145388922	98
rg07_theta12p495_foilpm8	-8.0	dense_half	-1.5478472145388922	-1.5353931948536035	99
rg07_theta12p495_foilpm8	-8.0	dense_half	-1.5353931948536035	-1.5229391751683146	97
rg07_theta12p495_foilpm8	-8.0	dense_half	-1.5229391751683146	-1.5104851554830259	60
rg07_theta12p495_foilpm8	-8.0	dense_half	-1.5104851554830259	-1.4980311357977372	62
rg07_theta12p495_foilpm8	-8.0	dense_half	-1.4980311357977372	-1.4855771161124482	51
rg07_theta12p495_foilpm8	-8.0	dense_half	-1.4855771161124482	-1.4731230964271593	40
rg07_theta12p495_foilpm8	-8.0	dense_half	-1.4731230964271593	-1.4606690767418709	26
rg07_theta12p495_foilpm8	-8.0	dense_half	-1.4606690767418709	-1.448215057056582	30
rg07_theta12p495_foilpm8	-8.0	dense_half	-1.448215057056582	-1.435761037371293	33
rg07_theta12p495_foilpm8	-8.0	dense_half	-1.435761037371293	-1.4233070176860043	41
rg07_theta12p495_foilpm8	-8.0	dense_half	-1.4233070176860043	-1.4108529980007156	39
rg07_theta12p495_foilpm8	-8.0	dense_half	-1.4108529980007156	-1.3983989783154267	32
rg07_theta12p495_foilpm8	-8.0	dense_half	-1.3983989783154267	-1.3859449586301378	27
rg07_theta12p495_foilpm8	-8.0	dense_half	-1.3859449586301378	-1.3734909389448493	17
rg07_theta12p495_foilpm8	-8.0	dense_half	-1.3734909389448493	-1.3610369192595604	21
rg07_theta12p495_foilpm8	-8.0	dense_half	-1.3610369192595604	-1.3485828995742715	20
rg07_theta12p495_foilpm8	-8.0	dense_half	-1.3485828995742715	-1.3361288798889828	27
rg07_theta12p495_foilpm8	-8.0	dense_half	-1.3361288798889828	-1.323674860203694	17
rg07_theta12p495_foilpm8	-8.0	dense_half	-1.323674860203694	-1.3112208405184052	16
rg07_theta12p495_foilpm8	-8.0	dense_half	-1.3112208405184052	-1.2987668208331165	23
rg07_theta12p495_foilpm8	-8.0	dense_half	-1.2987668208331165	-1.2863128011478278	16
rg07_theta12p495_foilpm8	-8.0	dense_half	-1.2863128011478278	-1.2738587814625388	15
rg07_theta12p495_foilpm8	-8.0	dense_half	-1.2738587814625388	-1.26140476177725	13
rg07_theta12p495_foilpm8	-8.0	dense_half	-1.26140476177725	-1.2489507420919612	16
rg07_theta12p495_foilpm8	-8.0	dense_half	-1.2489507420919612	-1.2364967224066725	11
rg07_theta12p495_foilpm8	-8.0	dense_half	-1.2364967224066725	-1.2240427027213836	12
rg07_theta12p495_foilpm8	-8.0	dense_half	-1.2240427027213836	-1.211588683036095	11
rg07_theta12p495_foilpm8	-8.0	dense_half	-1.211588683036095	-1.199134663350806	10
rg07_theta12p495_foilpm8	-8.0	dense_half	-1.199134663350806	-1.1866806436655173	10
rg07_theta12p495_foilpm8	-8.0	dense_half	-1.1866806436655173	-1.1742266239802286	6
rg07_theta12p495_foilpm8	-8.0	dense_half	-1.1742266239802286	-1.1617726042949397	5
rg07_theta12p495_foilpm8	-8.0	dense_half	-1.1617726042949397	-1.149318584609651	10
rg07_theta12p495_foilpm8	-8.0	dense_half	-1.149318584609651	-1.136864564924362	8
rg07_theta12p495_foilpm8	-8.0	dense_half	-1.136864564924362	-1.1244105452390734	5
rg07_theta12p495_foilpm8	-8.0	dense_half	-1.1244105452390734	-1.1119565255537844	5
rg07_theta12p495_foilpm8	-8.0	dense_half	-1.1119565255537844	-1.0995025058684957	2
rg07_theta12p495_foilpm8	-8.0	dense_half	-1.0995025058684957	-1.087048486183207	0
rg07_theta12p495_foilpm8	-8.0	dense_half	-1.087048486183207	-1.0745944664979181	2
rg07_theta12p495_foilpm8	-8.0	dense_half	-1.0745944664979181	-1.0621404468126294	4
rg07_theta12p495_foilpm8	-8.0	dense_half	-1.0621404468126294	-1.0496864271273405	0
rg07_theta12p495_foilpm8	-8.0	dense_half	-1.0496864271273405	-1.0372324074420518	2
rg07_theta12p495_foilpm8	-8.0	dense_half	-1.0372324074420518	-1.024778387756763	0
rg07_theta12p495_foilpm8	-8.0	dense_half	-1.024778387756763	-1.0123243680714742	0
rg07_theta12p495_foilpm8	-8.0	dense_half	-1.0123243680714742	-0.9998703483861855	0
rg07_theta12p495_foilpm8	-8.0	dense_half	-0.9998703483861855	-0.9874163287008966	1
rg07_theta12p495_foilpm8	-8.0	dense_half	-0.9874163287008966	-0.9749623090156078	0
rg07_theta12p495_foilpm8	-8.0	outer_core	-2.220364277544487	-2.207910257859198	0
rg07_theta12p495_foilpm8	-8.0	outer_core	-2.207910257859198	-2.1954562381739096	1
rg07_theta12p495_foilpm8	-8.0	outer_core	-2.1954562381739096	-2.1830022184886206	12
rg07_theta12p495_foilpm8	-8.0	outer_core	-2.1830022184886206	-2.1705481988033317	9
rg07_theta12p495_foilpm8	-8.0	outer_core	-2.1705481988033317	-2.158094179118043	15
rg07_theta12p495_foilpm8	-8.0	outer_core	-2.158094179118043	-2.1456401594327543	16
rg07_theta12p495_foilpm8	-8.0	outer_core	-2.1456401594327543	-2.1331861397474654	21
rg07_theta12p495_foilpm8	-8.0	outer_core	-2.1331861397474654	-2.1207321200621765	26
rg07_theta12p495_foilpm8	-8.0	outer_core	-2.1207321200621765	-2.108278100376888	25
rg07_theta12p495_foilpm8	-8.0	outer_core	-2.108278100376888	-2.095824080691599	38
rg07_theta12p495_foilpm8	-8.0	outer_core	-2.095824080691599	-2.08337006100631	60
rg07_theta12p495_foilpm8	-8.0	outer_core	-2.08337006100631	-2.0709160413210217	49
rg07_theta12p495_foilpm8	-8.0	outer_core	-2.0709160413210217	-2.0584620216357328	70
rg07_theta12p495_foilpm8	-8.0	outer_core	-2.0584620216357328	-2.046008001950444	75
rg07_theta12p495_foilpm8	-8.0	outer_core	-2.046008001950444	-2.033553982265155	91
rg07_theta12p495_foilpm8	-8.0	outer_core	-2.033553982265155	-2.0210999625798665	102
rg07_theta12p495_foilpm8	-8.0	outer_core	-2.0210999625798665	-2.0086459428945775	104
rg07_theta12p495_foilpm8	-8.0	outer_core	-2.0086459428945775	-1.9961919232092886	123
rg07_theta12p495_foilpm8	-8.0	outer_core	-1.9961919232092886	-1.983737903524	137
rg07_theta12p495_foilpm8	-8.0	outer_core	-1.983737903524	-1.9712838838387112	149
rg07_theta12p495_foilpm8	-8.0	outer_core	-1.9712838838387112	-1.9588298641534223	153
rg07_theta12p495_foilpm8	-8.0	outer_core	-1.9588298641534223	-1.9463758444681336	173
rg07_theta12p495_foilpm8	-8.0	outer_core	-1.9463758444681336	-1.9339218247828447	163
rg07_theta12p495_foilpm8	-8.0	outer_core	-1.9339218247828447	-1.921467805097556	213
rg07_theta12p495_foilpm8	-8.0	outer_core	-1.921467805097556	-1.909013785412267	208
rg07_theta12p495_foilpm8	-8.0	outer_core	-1.909013785412267	-1.8965597657269784	244
rg07_theta12p495_foilpm8	-8.0	outer_core	-1.8965597657269784	-1.8841057460416897	228
rg07_theta12p495_foilpm8	-8.0	outer_core	-1.8841057460416897	-1.8716517263564008	255
rg07_theta12p495_foilpm8	-8.0	outer_core	-1.8716517263564008	-1.859197706671112	270
rg07_theta12p495_foilpm8	-8.0	outer_core	-1.859197706671112	-1.8467436869858231	279
rg07_theta12p495_foilpm8	-8.0	outer_core	-1.8467436869858231	-1.8342896673005344	263
rg07_theta12p495_foilpm8	-8.0	outer_core	-1.8342896673005344	-1.8218356476152455	282
rg07_theta12p495_foilpm8	-8.0	outer_core	-1.8218356476152455	-1.8093816279299568	285
rg07_theta12p495_foilpm8	-8.0	outer_core	-1.8093816279299568	-1.7969276082446681	245
rg07_theta12p495_foilpm8	-8.0	outer_core	-1.7969276082446681	-1.7844735885593792	298
rg07_theta12p495_foilpm8	-8.0	outer_core	-1.7844735885593792	-1.7720195688740905	287
rg07_theta12p495_foilpm8	-8.0	outer_core	-1.7720195688740905	-1.7595655491888018	310
rg07_theta12p495_foilpm8	-8.0	outer_core	-1.7595655491888018	-1.747111529503513	249
rg07_theta12p495_foilpm8	-8.0	outer_core	-1.747111529503513	-1.734657509818224	274
rg07_theta12p495_foilpm8	-8.0	outer_core	-1.734657509818224	-1.7222034901329353	237
rg07_theta12p495_foilpm8	-8.0	outer_core	-1.7222034901329353	-1.7097494704476466	236
rg07_theta12p495_foilpm8	-8.0	outer_core	-1.7097494704476466	-1.6972954507623577	235
rg07_theta12p495_foilpm8	-8.0	outer_core	-1.6972954507623577	-1.684841431077069	210
rg07_theta12p495_foilpm8	-8.0	outer_core	-1.684841431077069	-1.6723874113917803	217
rg07_theta12p495_foilpm8	-8.0	outer_core	-1.6723874113917803	-1.6599333917064913	215
rg07_theta12p495_foilpm8	-8.0	outer_core	-1.6599333917064913	-1.6474793720212024	176
rg07_theta12p495_foilpm8	-8.0	outer_core	-1.6474793720212024	-1.6350253523359137	181
rg07_theta12p495_foilpm8	-8.0	outer_core	-1.6350253523359137	-1.622571332650625	171
rg07_theta12p495_foilpm8	-8.0	outer_core	-1.622571332650625	-1.6101173129653361	153
rg07_theta12p495_foilpm8	-8.0	outer_core	-1.6101173129653361	-1.5976632932800474	127
rg07_theta12p495_foilpm8	-8.0	outer_core	-1.5976632932800474	-1.5852092735947587	145
rg07_theta12p495_foilpm8	-8.0	outer_core	-1.5852092735947587	-1.5727552539094698	138
rg07_theta12p495_foilpm8	-8.0	outer_core	-1.5727552539094698	-1.5603012342241809	114
rg07_theta12p495_foilpm8	-8.0	outer_core	-1.5603012342241809	-1.5478472145388922	98
rg07_theta12p495_foilpm8	-8.0	outer_core	-1.5478472145388922	-1.5353931948536035	98
rg07_theta12p495_foilpm8	-8.0	outer_core	-1.5353931948536035	-1.5229391751683146	87
rg07_theta12p495_foilpm8	-8.0	outer_core	-1.5229391751683146	-1.5104851554830259	83
rg07_theta12p495_foilpm8	-8.0	outer_core	-1.5104851554830259	-1.4980311357977372	56
rg07_theta12p495_foilpm8	-8.0	outer_core	-1.4980311357977372	-1.4855771161124482	47
rg07_theta12p495_foilpm8	-8.0	outer_core	-1.4855771161124482	-1.4731230964271593	48
rg07_theta12p495_foilpm8	-8.0	outer_core	-1.4731230964271593	-1.4606690767418709	46
rg07_theta12p495_foilpm8	-8.0	outer_core	-1.4606690767418709	-1.448215057056582	37
rg07_theta12p495_foilpm8	-8.0	outer_core	-1.448215057056582	-1.435761037371293	39
rg07_theta12p495_foilpm8	-8.0	outer_core	-1.435761037371293	-1.4233070176860043	25
rg07_theta12p495_foilpm8	-8.0	outer_core	-1.4233070176860043	-1.4108529980007156	28
rg07_theta12p495_foilpm8	-8.0	outer_core	-1.4108529980007156	-1.3983989783154267	36
rg07_theta12p495_foilpm8	-8.0	outer_core	-1.3983989783154267	-1.3859449586301378	30
rg07_theta12p495_foilpm8	-8.0	outer_core	-1.3859449586301378	-1.3734909389448493	21
rg07_theta12p495_foilpm8	-8.0	outer_core	-1.3734909389448493	-1.3610369192595604	17
rg07_theta12p495_foilpm8	-8.0	outer_core	-1.3610369192595604	-1.3485828995742715	15
rg07_theta12p495_foilpm8	-8.0	outer_core	-1.3485828995742715	-1.3361288798889828	22
rg07_theta12p495_foilpm8	-8.0	outer_core	-1.3361288798889828	-1.323674860203694	17
rg07_theta12p495_foilpm8	-8.0	outer_core	-1.323674860203694	-1.3112208405184052	20
rg07_theta12p495_foilpm8	-8.0	outer_core	-1.3112208405184052	-1.2987668208331165	19
rg07_theta12p495_foilpm8	-8.0	outer_core	-1.2987668208331165	-1.2863128011478278	16
rg07_theta12p495_foilpm8	-8.0	outer_core	-1.2863128011478278	-1.2738587814625388	9
rg07_theta12p495_foilpm8	-8.0	outer_core	-1.2738587814625388	-1.26140476177725	12
rg07_theta12p495_foilpm8	-8.0	outer_core	-1.26140476177725	-1.2489507420919612	13
rg07_theta12p495_foilpm8	-8.0	outer_core	-1.2489507420919612	-1.2364967224066725	14
rg07_theta12p495_foilpm8	-8.0	outer_core	-1.2364967224066725	-1.2240427027213836	10
rg07_theta12p495_foilpm8	-8.0	outer_core	-1.2240427027213836	-1.211588683036095	5
rg07_theta12p495_foilpm8	-8.0	outer_core	-1.211588683036095	-1.199134663350806	10
rg07_theta12p495_foilpm8	-8.0	outer_core	-1.199134663350806	-1.1866806436655173	12
rg07_theta12p495_foilpm8	-8.0	outer_core	-1.1866806436655173	-1.1742266239802286	4
rg07_theta12p495_foilpm8	-8.0	outer_core	-1.1742266239802286	-1.1617726042949397	10
rg07_theta12p495_foilpm8	-8.0	outer_core	-1.1617726042949397	-1.149318584609651	9
rg07_theta12p495_foilpm8	-8.0	outer_core	-1.149318584609651	-1.136864564924362	2
rg07_theta12p495_foilpm8	-8.0	outer_core	-1.136864564924362	-1.1244105452390734	10
rg07_theta12p495_foilpm8	-8.0	outer_core	-1.1244105452390734	-1.1119565255537844	6
rg07_theta12p495_foilpm8	-8.0	outer_core	-1.1119565255537844	-1.0995025058684957	6
rg07_theta12p495_foilpm8	-8.0	outer_core	-1.0995025058684957	-1.087048486183207	4
rg07_theta12p495_foilpm8	-8.0	outer_core	-1.087048486183207	-1.0745944664979181	3
rg07_theta12p495_foilpm8	-8.0	outer_core	-1.0745944664979181	-1.0621404468126294	4
rg07_theta12p495_foilpm8	-8.0	outer_core	-1.0621404468126294	-1.0496864271273405	4
rg07_theta12p495_foilpm8	-8.0	outer_core	-1.0496864271273405	-1.0372324074420518	3
rg07_theta12p495_foilpm8	-8.0	outer_core	-1.0372324074420518	-1.024778387756763	1
rg07_theta12p495_foilpm8	-8.0	outer_core	-1.024778387756763	-1.0123243680714742	1
rg07_theta12p495_foilpm8	-8.0	outer_core	-1.0123243680714742	-0.9998703483861855	2
rg07_theta12p495_foilpm8	-8.0	outer_core	-0.9998703483861855	-0.9874163287008966	0
rg07_theta12p495_foilpm8	-8.0	outer_core	-0.9874163287008966	-0.9749623090156078	0
rg07_theta12p495_foilpm8	-8.0	shoulders	-2.220364277544487	-2.207910257859198	0
rg07_theta12p495_foilpm8	-8.0	shoulders	-2.207910257859198	-2.1954562381739096	1
rg07_theta12p495_foilpm8	-8.0	shoulders	-2.1954562381739096	-2.1830022184886206	8
rg07_theta12p495_foilpm8	-8.0	shoulders	-2.1830022184886206	-2.1705481988033317	12
rg07_theta12p495_foilpm8	-8.0	shoulders	-2.1705481988033317	-2.158094179118043	15
rg07_theta12p495_foilpm8	-8.0	shoulders	-2.158094179118043	-2.1456401594327543	24
rg07_theta12p495_foilpm8	-8.0	shoulders	-2.1456401594327543	-2.1331861397474654	20
rg07_theta12p495_foilpm8	-8.0	shoulders	-2.1331861397474654	-2.1207321200621765	32
rg07_theta12p495_foilpm8	-8.0	shoulders	-2.1207321200621765	-2.108278100376888	35
rg07_theta12p495_foilpm8	-8.0	shoulders	-2.108278100376888	-2.095824080691599	44
rg07_theta12p495_foilpm8	-8.0	shoulders	-2.095824080691599	-2.08337006100631	56
rg07_theta12p495_foilpm8	-8.0	shoulders	-2.08337006100631	-2.0709160413210217	61
rg07_theta12p495_foilpm8	-8.0	shoulders	-2.0709160413210217	-2.0584620216357328	59
rg07_theta12p495_foilpm8	-8.0	shoulders	-2.0584620216357328	-2.046008001950444	87
rg07_theta12p495_foilpm8	-8.0	shoulders	-2.046008001950444	-2.033553982265155	91
rg07_theta12p495_foilpm8	-8.0	shoulders	-2.033553982265155	-2.0210999625798665	100
rg07_theta12p495_foilpm8	-8.0	shoulders	-2.0210999625798665	-2.0086459428945775	96
rg07_theta12p495_foilpm8	-8.0	shoulders	-2.0086459428945775	-1.9961919232092886	99
rg07_theta12p495_foilpm8	-8.0	shoulders	-1.9961919232092886	-1.983737903524	101
rg07_theta12p495_foilpm8	-8.0	shoulders	-1.983737903524	-1.9712838838387112	110
rg07_theta12p495_foilpm8	-8.0	shoulders	-1.9712838838387112	-1.9588298641534223	102
rg07_theta12p495_foilpm8	-8.0	shoulders	-1.9588298641534223	-1.9463758444681336	121
rg07_theta12p495_foilpm8	-8.0	shoulders	-1.9463758444681336	-1.9339218247828447	117
rg07_theta12p495_foilpm8	-8.0	shoulders	-1.9339218247828447	-1.921467805097556	118
rg07_theta12p495_foilpm8	-8.0	shoulders	-1.921467805097556	-1.909013785412267	148
rg07_theta12p495_foilpm8	-8.0	shoulders	-1.909013785412267	-1.8965597657269784	140
rg07_theta12p495_foilpm8	-8.0	shoulders	-1.8965597657269784	-1.8841057460416897	139
rg07_theta12p495_foilpm8	-8.0	shoulders	-1.8841057460416897	-1.8716517263564008	141
rg07_theta12p495_foilpm8	-8.0	shoulders	-1.8716517263564008	-1.859197706671112	122
rg07_theta12p495_foilpm8	-8.0	shoulders	-1.859197706671112	-1.8467436869858231	129
rg07_theta12p495_foilpm8	-8.0	shoulders	-1.8467436869858231	-1.8342896673005344	161
rg07_theta12p495_foilpm8	-8.0	shoulders	-1.8342896673005344	-1.8218356476152455	149
rg07_theta12p495_foilpm8	-8.0	shoulders	-1.8218356476152455	-1.8093816279299568	130
rg07_theta12p495_foilpm8	-8.0	shoulders	-1.8093816279299568	-1.7969276082446681	145
rg07_theta12p495_foilpm8	-8.0	shoulders	-1.7969276082446681	-1.7844735885593792	161
rg07_theta12p495_foilpm8	-8.0	shoulders	-1.7844735885593792	-1.7720195688740905	144
rg07_theta12p495_foilpm8	-8.0	shoulders	-1.7720195688740905	-1.7595655491888018	146
rg07_theta12p495_foilpm8	-8.0	shoulders	-1.7595655491888018	-1.747111529503513	148
rg07_theta12p495_foilpm8	-8.0	shoulders	-1.747111529503513	-1.734657509818224	167
rg07_theta12p495_foilpm8	-8.0	shoulders	-1.734657509818224	-1.7222034901329353	166
rg07_theta12p495_foilpm8	-8.0	shoulders	-1.7222034901329353	-1.7097494704476466	129
rg07_theta12p495_foilpm8	-8.0	shoulders	-1.7097494704476466	-1.6972954507623577	144
rg07_theta12p495_foilpm8	-8.0	shoulders	-1.6972954507623577	-1.684841431077069	141
rg07_theta12p495_foilpm8	-8.0	shoulders	-1.684841431077069	-1.6723874113917803	113
rg07_theta12p495_foilpm8	-8.0	shoulders	-1.6723874113917803	-1.6599333917064913	128
rg07_theta12p495_foilpm8	-8.0	shoulders	-1.6599333917064913	-1.6474793720212024	138
rg07_theta12p495_foilpm8	-8.0	shoulders	-1.6474793720212024	-1.6350253523359137	119
rg07_theta12p495_foilpm8	-8.0	shoulders	-1.6350253523359137	-1.622571332650625	110
rg07_theta12p495_foilpm8	-8.0	shoulders	-1.622571332650625	-1.6101173129653361	106
rg07_theta12p495_foilpm8	-8.0	shoulders	-1.6101173129653361	-1.5976632932800474	115
rg07_theta12p495_foilpm8	-8.0	shoulders	-1.5976632932800474	-1.5852092735947587	112
rg07_theta12p495_foilpm8	-8.0	shoulders	-1.5852092735947587	-1.5727552539094698	80
rg07_theta12p495_foilpm8	-8.0	shoulders	-1.5727552539094698	-1.5603012342241809	100
rg07_theta12p495_foilpm8	-8.0	shoulders	-1.5603012342241809	-1.5478472145388922	94
rg07_theta12p495_foilpm8	-8.0	shoulders	-1.5478472145388922	-1.5353931948536035	92
rg07_theta12p495_foilpm8	-8.0	shoulders	-1.5353931948536035	-1.5229391751683146	75
rg07_theta12p495_foilpm8	-8.0	shoulders	-1.5229391751683146	-1.5104851554830259	81
rg07_theta12p495_foilpm8	-8.0	shoulders	-1.5104851554830259	-1.4980311357977372	56
rg07_theta12p495_foilpm8	-8.0	shoulders	-1.4980311357977372	-1.4855771161124482	59
rg07_theta12p495_foilpm8	-8.0	shoulders	-1.4855771161124482	-1.4731230964271593	44
rg07_theta12p495_foilpm8	-8.0	shoulders	-1.4731230964271593	-1.4606690767418709	35
rg07_theta12p495_foilpm8	-8.0	shoulders	-1.4606690767418709	-1.448215057056582	42
rg07_theta12p495_foilpm8	-8.0	shoulders	-1.448215057056582	-1.435761037371293	40
rg07_theta12p495_foilpm8	-8.0	shoulders	-1.435761037371293	-1.4233070176860043	23
rg07_theta12p495_foilpm8	-8.0	shoulders	-1.4233070176860043	-1.4108529980007156	37
rg07_theta12p495_foilpm8	-8.0	shoulders	-1.4108529980007156	-1.3983989783154267	23
rg07_theta12p495_foilpm8	-8.0	shoulders	-1.3983989783154267	-1.3859449586301378	25
rg07_theta12p495_foilpm8	-8.0	shoulders	-1.3859449586301378	-1.3734909389448493	25
rg07_theta12p495_foilpm8	-8.0	shoulders	-1.3734909389448493	-1.3610369192595604	24
rg07_theta12p495_foilpm8	-8.0	shoulders	-1.3610369192595604	-1.3485828995742715	18
rg07_theta12p495_foilpm8	-8.0	shoulders	-1.3485828995742715	-1.3361288798889828	13
rg07_theta12p495_foilpm8	-8.0	shoulders	-1.3361288798889828	-1.323674860203694	20
rg07_theta12p495_foilpm8	-8.0	shoulders	-1.323674860203694	-1.3112208405184052	19
rg07_theta12p495_foilpm8	-8.0	shoulders	-1.3112208405184052	-1.2987668208331165	10
rg07_theta12p495_foilpm8	-8.0	shoulders	-1.2987668208331165	-1.2863128011478278	12
rg07_theta12p495_foilpm8	-8.0	shoulders	-1.2863128011478278	-1.2738587814625388	17
rg07_theta12p495_foilpm8	-8.0	shoulders	-1.2738587814625388	-1.26140476177725	9
rg07_theta12p495_foilpm8	-8.0	shoulders	-1.26140476177725	-1.2489507420919612	6
rg07_theta12p495_foilpm8	-8.0	shoulders	-1.2489507420919612	-1.2364967224066725	14
rg07_theta12p495_foilpm8	-8.0	shoulders	-1.2364967224066725	-1.2240427027213836	8
rg07_theta12p495_foilpm8	-8.0	shoulders	-1.2240427027213836	-1.211588683036095	11
rg07_theta12p495_foilpm8	-8.0	shoulders	-1.211588683036095	-1.199134663350806	8
rg07_theta12p495_foilpm8	-8.0	shoulders	-1.199134663350806	-1.1866806436655173	10
rg07_theta12p495_foilpm8	-8.0	shoulders	-1.1866806436655173	-1.1742266239802286	7
rg07_theta12p495_foilpm8	-8.0	shoulders	-1.1742266239802286	-1.1617726042949397	7
rg07_theta12p495_foilpm8	-8.0	shoulders	-1.1617726042949397	-1.149318584609651	6
rg07_theta12p495_foilpm8	-8.0	shoulders	-1.149318584609651	-1.136864564924362	10
rg07_theta12p495_foilpm8	-8.0	shoulders	-1.136864564924362	-1.1244105452390734	16
rg07_theta12p495_foilpm8	-8.0	shoulders	-1.1244105452390734	-1.1119565255537844	12
rg07_theta12p495_foilpm8	-8.0	shoulders	-1.1119565255537844	-1.0995025058684957	5
rg07_theta12p495_foilpm8	-8.0	shoulders	-1.0995025058684957	-1.087048486183207	5
rg07_theta12p495_foilpm8	-8.0	shoulders	-1.087048486183207	-1.0745944664979181	1
rg07_theta12p495_foilpm8	-8.0	shoulders	-1.0745944664979181	-1.0621404468126294	9
rg07_theta12p495_foilpm8	-8.0	shoulders	-1.0621404468126294	-1.0496864271273405	3
rg07_theta12p495_foilpm8	-8.0	shoulders	-1.0496864271273405	-1.0372324074420518	7
rg07_theta12p495_foilpm8	-8.0	shoulders	-1.0372324074420518	-1.024778387756763	6
rg07_theta12p495_foilpm8	-8.0	shoulders	-1.024778387756763	-1.0123243680714742	2
rg07_theta12p495_foilpm8	-8.0	shoulders	-1.0123243680714742	-0.9998703483861855	0
rg07_theta12p495_foilpm8	-8.0	shoulders	-0.9998703483861855	-0.9874163287008966	0
rg07_theta12p495_foilpm8	-8.0	shoulders	-0.9874163287008966	-0.9749623090156078	0
rg07_theta12p495_foilpm8	-8.0	unsupported	-2.220364277544487	-2.207910257859198	0
rg07_theta12p495_foilpm8	-8.0	unsupported	-2.207910257859198	-2.1954562381739096	0
rg07_theta12p495_foilpm8	-8.0	unsupported	-2.1954562381739096	-2.1830022184886206	1
rg07_theta12p495_foilpm8	-8.0	unsupported	-2.1830022184886206	-2.1705481988033317	1
rg07_theta12p495_foilpm8	-8.0	unsupported	-2.1705481988033317	-2.158094179118043	0
rg07_theta12p495_foilpm8	-8.0	unsupported	-2.158094179118043	-2.1456401594327543	2
rg07_theta12p495_foilpm8	-8.0	unsupported	-2.1456401594327543	-2.1331861397474654	2
rg07_theta12p495_foilpm8	-8.0	unsupported	-2.1331861397474654	-2.1207321200621765	2
rg07_theta12p495_foilpm8	-8.0	unsupported	-2.1207321200621765	-2.108278100376888	0
rg07_theta12p495_foilpm8	-8.0	unsupported	-2.108278100376888	-2.095824080691599	1
rg07_theta12p495_foilpm8	-8.0	unsupported	-2.095824080691599	-2.08337006100631	0
rg07_theta12p495_foilpm8	-8.0	unsupported	-2.08337006100631	-2.0709160413210217	1
rg07_theta12p495_foilpm8	-8.0	unsupported	-2.0709160413210217	-2.0584620216357328	2
rg07_theta12p495_foilpm8	-8.0	unsupported	-2.0584620216357328	-2.046008001950444	2
rg07_theta12p495_foilpm8	-8.0	unsupported	-2.046008001950444	-2.033553982265155	11
rg07_theta12p495_foilpm8	-8.0	unsupported	-2.033553982265155	-2.0210999625798665	4
rg07_theta12p495_foilpm8	-8.0	unsupported	-2.0210999625798665	-2.0086459428945775	5
rg07_theta12p495_foilpm8	-8.0	unsupported	-2.0086459428945775	-1.9961919232092886	2
rg07_theta12p495_foilpm8	-8.0	unsupported	-1.9961919232092886	-1.983737903524	3
rg07_theta12p495_foilpm8	-8.0	unsupported	-1.983737903524	-1.9712838838387112	6
rg07_theta12p495_foilpm8	-8.0	unsupported	-1.9712838838387112	-1.9588298641534223	0
rg07_theta12p495_foilpm8	-8.0	unsupported	-1.9588298641534223	-1.9463758444681336	3
rg07_theta12p495_foilpm8	-8.0	unsupported	-1.9463758444681336	-1.9339218247828447	1
rg07_theta12p495_foilpm8	-8.0	unsupported	-1.9339218247828447	-1.921467805097556	1
rg07_theta12p495_foilpm8	-8.0	unsupported	-1.921467805097556	-1.909013785412267	5
rg07_theta12p495_foilpm8	-8.0	unsupported	-1.909013785412267	-1.8965597657269784	5
rg07_theta12p495_foilpm8	-8.0	unsupported	-1.8965597657269784	-1.8841057460416897	4
rg07_theta12p495_foilpm8	-8.0	unsupported	-1.8841057460416897	-1.8716517263564008	4
rg07_theta12p495_foilpm8	-8.0	unsupported	-1.8716517263564008	-1.859197706671112	2
rg07_theta12p495_foilpm8	-8.0	unsupported	-1.859197706671112	-1.8467436869858231	4
rg07_theta12p495_foilpm8	-8.0	unsupported	-1.8467436869858231	-1.8342896673005344	4
rg07_theta12p495_foilpm8	-8.0	unsupported	-1.8342896673005344	-1.8218356476152455	4
rg07_theta12p495_foilpm8	-8.0	unsupported	-1.8218356476152455	-1.8093816279299568	4
rg07_theta12p495_foilpm8	-8.0	unsupported	-1.8093816279299568	-1.7969276082446681	4
rg07_theta12p495_foilpm8	-8.0	unsupported	-1.7969276082446681	-1.7844735885593792	4
rg07_theta12p495_foilpm8	-8.0	unsupported	-1.7844735885593792	-1.7720195688740905	2
rg07_theta12p495_foilpm8	-8.0	unsupported	-1.7720195688740905	-1.7595655491888018	4
rg07_theta12p495_foilpm8	-8.0	unsupported	-1.7595655491888018	-1.747111529503513	3
rg07_theta12p495_foilpm8	-8.0	unsupported	-1.747111529503513	-1.734657509818224	0
rg07_theta12p495_foilpm8	-8.0	unsupported	-1.734657509818224	-1.7222034901329353	4
rg07_theta12p495_foilpm8	-8.0	unsupported	-1.7222034901329353	-1.7097494704476466	2
rg07_theta12p495_foilpm8	-8.0	unsupported	-1.7097494704476466	-1.6972954507623577	0
rg07_theta12p495_foilpm8	-8.0	unsupported	-1.6972954507623577	-1.684841431077069	2
rg07_theta12p495_foilpm8	-8.0	unsupported	-1.684841431077069	-1.6723874113917803	4
rg07_theta12p495_foilpm8	-8.0	unsupported	-1.6723874113917803	-1.6599333917064913	5
rg07_theta12p495_foilpm8	-8.0	unsupported	-1.6599333917064913	-1.6474793720212024	1
rg07_theta12p495_foilpm8	-8.0	unsupported	-1.6474793720212024	-1.6350253523359137	4
rg07_theta12p495_foilpm8	-8.0	unsupported	-1.6350253523359137	-1.622571332650625	1
rg07_theta12p495_foilpm8	-8.0	unsupported	-1.622571332650625	-1.6101173129653361	5
rg07_theta12p495_foilpm8	-8.0	unsupported	-1.6101173129653361	-1.5976632932800474	5
rg07_theta12p495_foilpm8	-8.0	unsupported	-1.5976632932800474	-1.5852092735947587	5
rg07_theta12p495_foilpm8	-8.0	unsupported	-1.5852092735947587	-1.5727552539094698	4
rg07_theta12p495_foilpm8	-8.0	unsupported	-1.5727552539094698	-1.5603012342241809	2
rg07_theta12p495_foilpm8	-8.0	unsupported	-1.5603012342241809	-1.5478472145388922	5
rg07_theta12p495_foilpm8	-8.0	unsupported	-1.5478472145388922	-1.5353931948536035	1
rg07_theta12p495_foilpm8	-8.0	unsupported	-1.5353931948536035	-1.5229391751683146	4
rg07_theta12p495_foilpm8	-8.0	unsupported	-1.5229391751683146	-1.5104851554830259	1
rg07_theta12p495_foilpm8	-8.0	unsupported	-1.5104851554830259	-1.4980311357977372	1
rg07_theta12p495_foilpm8	-8.0	unsupported	-1.4980311357977372	-1.4855771161124482	2
rg07_theta12p495_foilpm8	-8.0	unsupported	-1.4855771161124482	-1.4731230964271593	0
rg07_theta12p495_foilpm8	-8.0	unsupported	-1.4731230964271593	-1.4606690767418709	2
rg07_theta12p495_foilpm8	-8.0	unsupported	-1.4606690767418709	-1.448215057056582	0
rg07_theta12p495_foilpm8	-8.0	unsupported	-1.448215057056582	-1.435761037371293	3
rg07_theta12p495_foilpm8	-8.0	unsupported	-1.435761037371293	-1.4233070176860043	6
rg07_theta12p495_foilpm8	-8.0	unsupported	-1.4233070176860043	-1.4108529980007156	5
rg07_theta12p495_foilpm8	-8.0	unsupported	-1.4108529980007156	-1.3983989783154267	4
rg07_theta12p495_foilpm8	-8.0	unsupported	-1.3983989783154267	-1.3859449586301378	0
rg07_theta12p495_foilpm8	-8.0	unsupported	-1.3859449586301378	-1.3734909389448493	8
rg07_theta12p495_foilpm8	-8.0	unsupported	-1.3734909389448493	-1.3610369192595604	2
rg07_theta12p495_foilpm8	-8.0	unsupported	-1.3610369192595604	-1.3485828995742715	2
rg07_theta12p495_foilpm8	-8.0	unsupported	-1.3485828995742715	-1.3361288798889828	1
rg07_theta12p495_foilpm8	-8.0	unsupported	-1.3361288798889828	-1.323674860203694	1
rg07_theta12p495_foilpm8	-8.0	unsupported	-1.323674860203694	-1.3112208405184052	2
rg07_theta12p495_foilpm8	-8.0	unsupported	-1.3112208405184052	-1.2987668208331165	0
rg07_theta12p495_foilpm8	-8.0	unsupported	-1.2987668208331165	-1.2863128011478278	1
rg07_theta12p495_foilpm8	-8.0	unsupported	-1.2863128011478278	-1.2738587814625388	1
rg07_theta12p495_foilpm8	-8.0	unsupported	-1.2738587814625388	-1.26140476177725	2
rg07_theta12p495_foilpm8	-8.0	unsupported	-1.26140476177725	-1.2489507420919612	2
rg07_theta12p495_foilpm8	-8.0	unsupported	-1.2489507420919612	-1.2364967224066725	3
rg07_theta12p495_foilpm8	-8.0	unsupported	-1.2364967224066725	-1.2240427027213836	1
rg07_theta12p495_foilpm8	-8.0	unsupported	-1.2240427027213836	-1.211588683036095	1
rg07_theta12p495_foilpm8	-8.0	unsupported	-1.211588683036095	-1.199134663350806	2
rg07_theta12p495_foilpm8	-8.0	unsupported	-1.199134663350806	-1.1866806436655173	1
rg07_theta12p495_foilpm8	-8.0	unsupported	-1.1866806436655173	-1.1742266239802286	1
rg07_theta12p495_foilpm8	-8.0	unsupported	-1.1742266239802286	-1.1617726042949397	1
rg07_theta12p495_foilpm8	-8.0	unsupported	-1.1617726042949397	-1.149318584609651	2
rg07_theta12p495_foilpm8	-8.0	unsupported	-1.149318584609651	-1.136864564924362	1
rg07_theta12p495_foilpm8	-8.0	unsupported	-1.136864564924362	-1.1244105452390734	0
rg07_theta12p495_foilpm8	-8.0	unsupported	-1.1244105452390734	-1.1119565255537844	0
rg07_theta12p495_foilpm8	-8.0	unsupported	-1.1119565255537844	-1.0995025058684957	0
rg07_theta12p495_foilpm8	-8.0	unsupported	-1.0995025058684957	-1.087048486183207	1
rg07_theta12p495_foilpm8	-8.0	unsupported	-1.087048486183207	-1.0745944664979181	0
rg07_theta12p495_foilpm8	-8.0	unsupported	-1.0745944664979181	-1.0621404468126294	0
rg07_theta12p495_foilpm8	-8.0	unsupported	-1.0621404468126294	-1.0496864271273405	0
rg07_theta12p495_foilpm8	-8.0	unsupported	-1.0496864271273405	-1.0372324074420518	1
rg07_theta12p495_foilpm8	-8.0	unsupported	-1.0372324074420518	-1.024778387756763	0
rg07_theta12p495_foilpm8	-8.0	unsupported	-1.024778387756763	-1.0123243680714742	0
rg07_theta12p495_foilpm8	-8.0	unsupported	-1.0123243680714742	-0.9998703483861855	0
rg07_theta12p495_foilpm8	-8.0	unsupported	-0.9998703483861855	-0.9874163287008966	0
rg07_theta12p495_foilpm8	-8.0	unsupported	-0.9874163287008966	-0.9749623090156078	0
rg07_theta12p495_foilpm8	-8.0	out_of_core	-2.220364277544487	-2.207910257859198	0
rg07_theta12p495_foilpm8	-8.0	out_of_core	-2.207910257859198	-2.1954562381739096	1
rg07_theta12p495_foilpm8	-8.0	out_of_core	-2.1954562381739096	-2.1830022184886206	9
rg07_theta12p495_foilpm8	-8.0	out_of_core	-2.1830022184886206	-2.1705481988033317	13
rg07_theta12p495_foilpm8	-8.0	out_of_core	-2.1705481988033317	-2.158094179118043	15
rg07_theta12p495_foilpm8	-8.0	out_of_core	-2.158094179118043	-2.1456401594327543	26
rg07_theta12p495_foilpm8	-8.0	out_of_core	-2.1456401594327543	-2.1331861397474654	22
rg07_theta12p495_foilpm8	-8.0	out_of_core	-2.1331861397474654	-2.1207321200621765	34
rg07_theta12p495_foilpm8	-8.0	out_of_core	-2.1207321200621765	-2.108278100376888	35
rg07_theta12p495_foilpm8	-8.0	out_of_core	-2.108278100376888	-2.095824080691599	45
rg07_theta12p495_foilpm8	-8.0	out_of_core	-2.095824080691599	-2.08337006100631	56
rg07_theta12p495_foilpm8	-8.0	out_of_core	-2.08337006100631	-2.0709160413210217	62
rg07_theta12p495_foilpm8	-8.0	out_of_core	-2.0709160413210217	-2.0584620216357328	61
rg07_theta12p495_foilpm8	-8.0	out_of_core	-2.0584620216357328	-2.046008001950444	89
rg07_theta12p495_foilpm8	-8.0	out_of_core	-2.046008001950444	-2.033553982265155	102
rg07_theta12p495_foilpm8	-8.0	out_of_core	-2.033553982265155	-2.0210999625798665	104
rg07_theta12p495_foilpm8	-8.0	out_of_core	-2.0210999625798665	-2.0086459428945775	101
rg07_theta12p495_foilpm8	-8.0	out_of_core	-2.0086459428945775	-1.9961919232092886	101
rg07_theta12p495_foilpm8	-8.0	out_of_core	-1.9961919232092886	-1.983737903524	104
rg07_theta12p495_foilpm8	-8.0	out_of_core	-1.983737903524	-1.9712838838387112	116
rg07_theta12p495_foilpm8	-8.0	out_of_core	-1.9712838838387112	-1.9588298641534223	102
rg07_theta12p495_foilpm8	-8.0	out_of_core	-1.9588298641534223	-1.9463758444681336	124
rg07_theta12p495_foilpm8	-8.0	out_of_core	-1.9463758444681336	-1.9339218247828447	118
rg07_theta12p495_foilpm8	-8.0	out_of_core	-1.9339218247828447	-1.921467805097556	119
rg07_theta12p495_foilpm8	-8.0	out_of_core	-1.921467805097556	-1.909013785412267	153
rg07_theta12p495_foilpm8	-8.0	out_of_core	-1.909013785412267	-1.8965597657269784	145
rg07_theta12p495_foilpm8	-8.0	out_of_core	-1.8965597657269784	-1.8841057460416897	143
rg07_theta12p495_foilpm8	-8.0	out_of_core	-1.8841057460416897	-1.8716517263564008	145
rg07_theta12p495_foilpm8	-8.0	out_of_core	-1.8716517263564008	-1.859197706671112	124
rg07_theta12p495_foilpm8	-8.0	out_of_core	-1.859197706671112	-1.8467436869858231	133
rg07_theta12p495_foilpm8	-8.0	out_of_core	-1.8467436869858231	-1.8342896673005344	165
rg07_theta12p495_foilpm8	-8.0	out_of_core	-1.8342896673005344	-1.8218356476152455	153
rg07_theta12p495_foilpm8	-8.0	out_of_core	-1.8218356476152455	-1.8093816279299568	134
rg07_theta12p495_foilpm8	-8.0	out_of_core	-1.8093816279299568	-1.7969276082446681	149
rg07_theta12p495_foilpm8	-8.0	out_of_core	-1.7969276082446681	-1.7844735885593792	165
rg07_theta12p495_foilpm8	-8.0	out_of_core	-1.7844735885593792	-1.7720195688740905	146
rg07_theta12p495_foilpm8	-8.0	out_of_core	-1.7720195688740905	-1.7595655491888018	150
rg07_theta12p495_foilpm8	-8.0	out_of_core	-1.7595655491888018	-1.747111529503513	151
rg07_theta12p495_foilpm8	-8.0	out_of_core	-1.747111529503513	-1.734657509818224	167
rg07_theta12p495_foilpm8	-8.0	out_of_core	-1.734657509818224	-1.7222034901329353	170
rg07_theta12p495_foilpm8	-8.0	out_of_core	-1.7222034901329353	-1.7097494704476466	131
rg07_theta12p495_foilpm8	-8.0	out_of_core	-1.7097494704476466	-1.6972954507623577	144
rg07_theta12p495_foilpm8	-8.0	out_of_core	-1.6972954507623577	-1.684841431077069	143
rg07_theta12p495_foilpm8	-8.0	out_of_core	-1.684841431077069	-1.6723874113917803	117
rg07_theta12p495_foilpm8	-8.0	out_of_core	-1.6723874113917803	-1.6599333917064913	133
rg07_theta12p495_foilpm8	-8.0	out_of_core	-1.6599333917064913	-1.6474793720212024	139
rg07_theta12p495_foilpm8	-8.0	out_of_core	-1.6474793720212024	-1.6350253523359137	123
rg07_theta12p495_foilpm8	-8.0	out_of_core	-1.6350253523359137	-1.622571332650625	111
rg07_theta12p495_foilpm8	-8.0	out_of_core	-1.622571332650625	-1.6101173129653361	111
rg07_theta12p495_foilpm8	-8.0	out_of_core	-1.6101173129653361	-1.5976632932800474	120
rg07_theta12p495_foilpm8	-8.0	out_of_core	-1.5976632932800474	-1.5852092735947587	117
rg07_theta12p495_foilpm8	-8.0	out_of_core	-1.5852092735947587	-1.5727552539094698	84
rg07_theta12p495_foilpm8	-8.0	out_of_core	-1.5727552539094698	-1.5603012342241809	102
rg07_theta12p495_foilpm8	-8.0	out_of_core	-1.5603012342241809	-1.5478472145388922	99
rg07_theta12p495_foilpm8	-8.0	out_of_core	-1.5478472145388922	-1.5353931948536035	93
rg07_theta12p495_foilpm8	-8.0	out_of_core	-1.5353931948536035	-1.5229391751683146	79
rg07_theta12p495_foilpm8	-8.0	out_of_core	-1.5229391751683146	-1.5104851554830259	82
rg07_theta12p495_foilpm8	-8.0	out_of_core	-1.5104851554830259	-1.4980311357977372	57
rg07_theta12p495_foilpm8	-8.0	out_of_core	-1.4980311357977372	-1.4855771161124482	61
rg07_theta12p495_foilpm8	-8.0	out_of_core	-1.4855771161124482	-1.4731230964271593	44
rg07_theta12p495_foilpm8	-8.0	out_of_core	-1.4731230964271593	-1.4606690767418709	37
rg07_theta12p495_foilpm8	-8.0	out_of_core	-1.4606690767418709	-1.448215057056582	42
rg07_theta12p495_foilpm8	-8.0	out_of_core	-1.448215057056582	-1.435761037371293	43
rg07_theta12p495_foilpm8	-8.0	out_of_core	-1.435761037371293	-1.4233070176860043	29
rg07_theta12p495_foilpm8	-8.0	out_of_core	-1.4233070176860043	-1.4108529980007156	42
rg07_theta12p495_foilpm8	-8.0	out_of_core	-1.4108529980007156	-1.3983989783154267	27
rg07_theta12p495_foilpm8	-8.0	out_of_core	-1.3983989783154267	-1.3859449586301378	25
rg07_theta12p495_foilpm8	-8.0	out_of_core	-1.3859449586301378	-1.3734909389448493	33
rg07_theta12p495_foilpm8	-8.0	out_of_core	-1.3734909389448493	-1.3610369192595604	26
rg07_theta12p495_foilpm8	-8.0	out_of_core	-1.3610369192595604	-1.3485828995742715	20
rg07_theta12p495_foilpm8	-8.0	out_of_core	-1.3485828995742715	-1.3361288798889828	14
rg07_theta12p495_foilpm8	-8.0	out_of_core	-1.3361288798889828	-1.323674860203694	21
rg07_theta12p495_foilpm8	-8.0	out_of_core	-1.323674860203694	-1.3112208405184052	21
rg07_theta12p495_foilpm8	-8.0	out_of_core	-1.3112208405184052	-1.2987668208331165	10
rg07_theta12p495_foilpm8	-8.0	out_of_core	-1.2987668208331165	-1.2863128011478278	13
rg07_theta12p495_foilpm8	-8.0	out_of_core	-1.2863128011478278	-1.2738587814625388	18
rg07_theta12p495_foilpm8	-8.0	out_of_core	-1.2738587814625388	-1.26140476177725	11
rg07_theta12p495_foilpm8	-8.0	out_of_core	-1.26140476177725	-1.2489507420919612	8
rg07_theta12p495_foilpm8	-8.0	out_of_core	-1.2489507420919612	-1.2364967224066725	17
rg07_theta12p495_foilpm8	-8.0	out_of_core	-1.2364967224066725	-1.2240427027213836	9
rg07_theta12p495_foilpm8	-8.0	out_of_core	-1.2240427027213836	-1.211588683036095	12
rg07_theta12p495_foilpm8	-8.0	out_of_core	-1.211588683036095	-1.199134663350806	10
rg07_theta12p495_foilpm8	-8.0	out_of_core	-1.199134663350806	-1.1866806436655173	11
rg07_theta12p495_foilpm8	-8.0	out_of_core	-1.1866806436655173	-1.1742266239802286	8
rg07_theta12p495_foilpm8	-8.0	out_of_core	-1.1742266239802286	-1.1617726042949397	8
rg07_theta12p495_foilpm8	-8.0	out_of_core	-1.1617726042949397	-1.149318584609651	8
rg07_theta12p495_foilpm8	-8.0	out_of_core	-1.149318584609651	-1.136864564924362	11
rg07_theta12p495_foilpm8	-8.0	out_of_core	-1.136864564924362	-1.1244105452390734	16
rg07_theta12p495_foilpm8	-8.0	out_of_core	-1.1244105452390734	-1.1119565255537844	12
rg07_theta12p495_foilpm8	-8.0	out_of_core	-1.1119565255537844	-1.0995025058684957	5
rg07_theta12p495_foilpm8	-8.0	out_of_core	-1.0995025058684957	-1.087048486183207	6
rg07_theta12p495_foilpm8	-8.0	out_of_core	-1.087048486183207	-1.0745944664979181	1
rg07_theta12p495_foilpm8	-8.0	out_of_core	-1.0745944664979181	-1.0621404468126294	9
rg07_theta12p495_foilpm8	-8.0	out_of_core	-1.0621404468126294	-1.0496864271273405	3
rg07_theta12p495_foilpm8	-8.0	out_of_core	-1.0496864271273405	-1.0372324074420518	8
rg07_theta12p495_foilpm8	-8.0	out_of_core	-1.0372324074420518	-1.024778387756763	6
rg07_theta12p495_foilpm8	-8.0	out_of_core	-1.024778387756763	-1.0123243680714742	2
rg07_theta12p495_foilpm8	-8.0	out_of_core	-1.0123243680714742	-0.9998703483861855	0
rg07_theta12p495_foilpm8	-8.0	out_of_core	-0.9998703483861855	-0.9874163287008966	0
rg07_theta12p495_foilpm8	-8.0	out_of_core	-0.9874163287008966	-0.9749623090156078	0
rg07_theta12p495_foilpm8	8.0	dense_half	1.0043712103912739	1.0144305547226231	0
rg07_theta12p495_foilpm8	8.0	dense_half	1.0144305547226231	1.0244898990539724	0
rg07_theta12p495_foilpm8	8.0	dense_half	1.0244898990539724	1.0345492433853216	3
rg07_theta12p495_foilpm8	8.0	dense_half	1.0345492433853216	1.0446085877166709	6
rg07_theta12p495_foilpm8	8.0	dense_half	1.0446085877166709	1.0546679320480201	8
rg07_theta12p495_foilpm8	8.0	dense_half	1.0546679320480201	1.0647272763793694	4
rg07_theta12p495_foilpm8	8.0	dense_half	1.0647272763793694	1.0747866207107186	7
rg07_theta12p495_foilpm8	8.0	dense_half	1.0747866207107186	1.0848459650420679	7
rg07_theta12p495_foilpm8	8.0	dense_half	1.0848459650420679	1.0949053093734171	14
rg07_theta12p495_foilpm8	8.0	dense_half	1.0949053093734171	1.1049646537047666	13
rg07_theta12p495_foilpm8	8.0	dense_half	1.1049646537047666	1.1150239980361158	11
rg07_theta12p495_foilpm8	8.0	dense_half	1.1150239980361158	1.125083342367465	12
rg07_theta12p495_foilpm8	8.0	dense_half	1.125083342367465	1.1351426866988144	22
rg07_theta12p495_foilpm8	8.0	dense_half	1.1351426866988144	1.1452020310301636	23
rg07_theta12p495_foilpm8	8.0	dense_half	1.1452020310301636	1.1552613753615129	24
rg07_theta12p495_foilpm8	8.0	dense_half	1.1552613753615129	1.165320719692862	34
rg07_theta12p495_foilpm8	8.0	dense_half	1.165320719692862	1.1753800640242114	32
rg07_theta12p495_foilpm8	8.0	dense_half	1.1753800640242114	1.1854394083555606	44
rg07_theta12p495_foilpm8	8.0	dense_half	1.1854394083555606	1.1954987526869099	47
rg07_theta12p495_foilpm8	8.0	dense_half	1.1954987526869099	1.2055580970182591	67
rg07_theta12p495_foilpm8	8.0	dense_half	1.2055580970182591	1.2156174413496084	69
rg07_theta12p495_foilpm8	8.0	dense_half	1.2156174413496084	1.2256767856809576	75
rg07_theta12p495_foilpm8	8.0	dense_half	1.2256767856809576	1.2357361300123069	83
rg07_theta12p495_foilpm8	8.0	dense_half	1.2357361300123069	1.2457954743436561	93
rg07_theta12p495_foilpm8	8.0	dense_half	1.2457954743436561	1.2558548186750054	97
rg07_theta12p495_foilpm8	8.0	dense_half	1.2558548186750054	1.2659141630063546	107
rg07_theta12p495_foilpm8	8.0	dense_half	1.2659141630063546	1.2759735073377039	114
rg07_theta12p495_foilpm8	8.0	dense_half	1.2759735073377039	1.2860328516690531	98
rg07_theta12p495_foilpm8	8.0	dense_half	1.2860328516690531	1.2960921960004024	136
rg07_theta12p495_foilpm8	8.0	dense_half	1.2960921960004024	1.3061515403317516	135
rg07_theta12p495_foilpm8	8.0	dense_half	1.3061515403317516	1.3162108846631009	146
rg07_theta12p495_foilpm8	8.0	dense_half	1.3162108846631009	1.3262702289944501	152
rg07_theta12p495_foilpm8	8.0	dense_half	1.3262702289944501	1.3363295733257994	186
rg07_theta12p495_foilpm8	8.0	dense_half	1.3363295733257994	1.3463889176571486	172
rg07_theta12p495_foilpm8	8.0	dense_half	1.3463889176571486	1.356448261988498	148
rg07_theta12p495_foilpm8	8.0	dense_half	1.356448261988498	1.3665076063198474	168
rg07_theta12p495_foilpm8	8.0	dense_half	1.3665076063198474	1.3765669506511966	186
rg07_theta12p495_foilpm8	8.0	dense_half	1.3765669506511966	1.3866262949825459	189
rg07_theta12p495_foilpm8	8.0	dense_half	1.3866262949825459	1.396685639313895	182
rg07_theta12p495_foilpm8	8.0	dense_half	1.396685639313895	1.4067449836452444	215
rg07_theta12p495_foilpm8	8.0	dense_half	1.4067449836452444	1.4168043279765936	165
rg07_theta12p495_foilpm8	8.0	dense_half	1.4168043279765936	1.4268636723079429	193
rg07_theta12p495_foilpm8	8.0	dense_half	1.4268636723079429	1.4369230166392921	170
rg07_theta12p495_foilpm8	8.0	dense_half	1.4369230166392921	1.4469823609706414	198
rg07_theta12p495_foilpm8	8.0	dense_half	1.4469823609706414	1.4570417053019906	199
rg07_theta12p495_foilpm8	8.0	dense_half	1.4570417053019906	1.4671010496333399	167
rg07_theta12p495_foilpm8	8.0	dense_half	1.4671010496333399	1.4771603939646891	174
rg07_theta12p495_foilpm8	8.0	dense_half	1.4771603939646891	1.4872197382960384	160
rg07_theta12p495_foilpm8	8.0	dense_half	1.4872197382960384	1.4972790826273876	175
rg07_theta12p495_foilpm8	8.0	dense_half	1.4972790826273876	1.507338426958737	188
rg07_theta12p495_foilpm8	8.0	dense_half	1.507338426958737	1.5173977712900864	151
rg07_theta12p495_foilpm8	8.0	dense_half	1.5173977712900864	1.5274571156214356	163
rg07_theta12p495_foilpm8	8.0	dense_half	1.5274571156214356	1.5375164599527849	166
rg07_theta12p495_foilpm8	8.0	dense_half	1.5375164599527849	1.547575804284134	174
rg07_theta12p495_foilpm8	8.0	dense_half	1.547575804284134	1.5576351486154834	157
rg07_theta12p495_foilpm8	8.0	dense_half	1.5576351486154834	1.5676944929468326	148
rg07_theta12p495_foilpm8	8.0	dense_half	1.5676944929468326	1.5777538372781819	141
rg07_theta12p495_foilpm8	8.0	dense_half	1.5777538372781819	1.587813181609531	145
rg07_theta12p495_foilpm8	8.0	dense_half	1.587813181609531	1.5978725259408804	123
rg07_theta12p495_foilpm8	8.0	dense_half	1.5978725259408804	1.6079318702722296	129
rg07_theta12p495_foilpm8	8.0	dense_half	1.6079318702722296	1.6179912146035789	118
rg07_theta12p495_foilpm8	8.0	dense_half	1.6179912146035789	1.6280505589349281	106
rg07_theta12p495_foilpm8	8.0	dense_half	1.6280505589349281	1.6381099032662774	94
rg07_theta12p495_foilpm8	8.0	dense_half	1.6381099032662774	1.6481692475976266	82
rg07_theta12p495_foilpm8	8.0	dense_half	1.6481692475976266	1.6582285919289759	115
rg07_theta12p495_foilpm8	8.0	dense_half	1.6582285919289759	1.6682879362603251	85
rg07_theta12p495_foilpm8	8.0	dense_half	1.6682879362603251	1.6783472805916744	81
rg07_theta12p495_foilpm8	8.0	dense_half	1.6783472805916744	1.6884066249230236	94
rg07_theta12p495_foilpm8	8.0	dense_half	1.6884066249230236	1.6984659692543729	83
rg07_theta12p495_foilpm8	8.0	dense_half	1.6984659692543729	1.7085253135857221	71
rg07_theta12p495_foilpm8	8.0	dense_half	1.7085253135857221	1.7185846579170714	80
rg07_theta12p495_foilpm8	8.0	dense_half	1.7185846579170714	1.7286440022484206	59
rg07_theta12p495_foilpm8	8.0	dense_half	1.7286440022484206	1.7387033465797699	62
rg07_theta12p495_foilpm8	8.0	dense_half	1.7387033465797699	1.7487626909111191	52
rg07_theta12p495_foilpm8	8.0	dense_half	1.7487626909111191	1.7588220352424684	56
rg07_theta12p495_foilpm8	8.0	dense_half	1.7588220352424684	1.7688813795738176	49
rg07_theta12p495_foilpm8	8.0	dense_half	1.7688813795738176	1.7789407239051669	38
rg07_theta12p495_foilpm8	8.0	dense_half	1.7789407239051669	1.7890000682365161	39
rg07_theta12p495_foilpm8	8.0	dense_half	1.7890000682365161	1.7990594125678654	41
rg07_theta12p495_foilpm8	8.0	dense_half	1.7990594125678654	1.8091187568992149	28
rg07_theta12p495_foilpm8	8.0	dense_half	1.8091187568992149	1.8191781012305641	27
rg07_theta12p495_foilpm8	8.0	dense_half	1.8191781012305641	1.8292374455619134	39
rg07_theta12p495_foilpm8	8.0	dense_half	1.8292374455619134	1.8392967898932626	11
rg07_theta12p495_foilpm8	8.0	dense_half	1.8392967898932626	1.8493561342246119	23
rg07_theta12p495_foilpm8	8.0	dense_half	1.8493561342246119	1.8594154785559611	22
rg07_theta12p495_foilpm8	8.0	dense_half	1.8594154785559611	1.8694748228873104	13
rg07_theta12p495_foilpm8	8.0	dense_half	1.8694748228873104	1.8795341672186596	14
rg07_theta12p495_foilpm8	8.0	dense_half	1.8795341672186596	1.8895935115500089	11
rg07_theta12p495_foilpm8	8.0	dense_half	1.8895935115500089	1.8996528558813581	8
rg07_theta12p495_foilpm8	8.0	dense_half	1.8996528558813581	1.9097122002127074	7
rg07_theta12p495_foilpm8	8.0	dense_half	1.9097122002127074	1.9197715445440569	5
rg07_theta12p495_foilpm8	8.0	dense_half	1.9197715445440569	1.929830888875406	4
rg07_theta12p495_foilpm8	8.0	dense_half	1.929830888875406	1.9398902332067554	3
rg07_theta12p495_foilpm8	8.0	dense_half	1.9398902332067554	1.9499495775381046	1
rg07_theta12p495_foilpm8	8.0	dense_half	1.9499495775381046	1.9600089218694539	5
rg07_theta12p495_foilpm8	8.0	dense_half	1.9600089218694539	1.970068266200803	2
rg07_theta12p495_foilpm8	8.0	dense_half	1.970068266200803	1.9801276105321524	0
rg07_theta12p495_foilpm8	8.0	dense_half	1.9801276105321524	1.9901869548635016	0
rg07_theta12p495_foilpm8	8.0	dense_half	1.9901869548635016	2.000246299194851	0
rg07_theta12p495_foilpm8	8.0	dense_half	2.000246299194851	2.0103056435262	0
rg07_theta12p495_foilpm8	8.0	outer_core	1.0043712103912739	1.0144305547226231	0
rg07_theta12p495_foilpm8	8.0	outer_core	1.0144305547226231	1.0244898990539724	1
rg07_theta12p495_foilpm8	8.0	outer_core	1.0244898990539724	1.0345492433853216	2
rg07_theta12p495_foilpm8	8.0	outer_core	1.0345492433853216	1.0446085877166709	0
rg07_theta12p495_foilpm8	8.0	outer_core	1.0446085877166709	1.0546679320480201	7
rg07_theta12p495_foilpm8	8.0	outer_core	1.0546679320480201	1.0647272763793694	7
rg07_theta12p495_foilpm8	8.0	outer_core	1.0647272763793694	1.0747866207107186	5
rg07_theta12p495_foilpm8	8.0	outer_core	1.0747866207107186	1.0848459650420679	7
rg07_theta12p495_foilpm8	8.0	outer_core	1.0848459650420679	1.0949053093734171	15
rg07_theta12p495_foilpm8	8.0	outer_core	1.0949053093734171	1.1049646537047666	14
rg07_theta12p495_foilpm8	8.0	outer_core	1.1049646537047666	1.1150239980361158	18
rg07_theta12p495_foilpm8	8.0	outer_core	1.1150239980361158	1.125083342367465	13
rg07_theta12p495_foilpm8	8.0	outer_core	1.125083342367465	1.1351426866988144	24
rg07_theta12p495_foilpm8	8.0	outer_core	1.1351426866988144	1.1452020310301636	19
rg07_theta12p495_foilpm8	8.0	outer_core	1.1452020310301636	1.1552613753615129	22
rg07_theta12p495_foilpm8	8.0	outer_core	1.1552613753615129	1.165320719692862	31
rg07_theta12p495_foilpm8	8.0	outer_core	1.165320719692862	1.1753800640242114	41
rg07_theta12p495_foilpm8	8.0	outer_core	1.1753800640242114	1.1854394083555606	49
rg07_theta12p495_foilpm8	8.0	outer_core	1.1854394083555606	1.1954987526869099	52
rg07_theta12p495_foilpm8	8.0	outer_core	1.1954987526869099	1.2055580970182591	68
rg07_theta12p495_foilpm8	8.0	outer_core	1.2055580970182591	1.2156174413496084	75
rg07_theta12p495_foilpm8	8.0	outer_core	1.2156174413496084	1.2256767856809576	76
rg07_theta12p495_foilpm8	8.0	outer_core	1.2256767856809576	1.2357361300123069	81
rg07_theta12p495_foilpm8	8.0	outer_core	1.2357361300123069	1.2457954743436561	80
rg07_theta12p495_foilpm8	8.0	outer_core	1.2457954743436561	1.2558548186750054	103
rg07_theta12p495_foilpm8	8.0	outer_core	1.2558548186750054	1.2659141630063546	94
rg07_theta12p495_foilpm8	8.0	outer_core	1.2659141630063546	1.2759735073377039	119
rg07_theta12p495_foilpm8	8.0	outer_core	1.2759735073377039	1.2860328516690531	155
rg07_theta12p495_foilpm8	8.0	outer_core	1.2860328516690531	1.2960921960004024	137
rg07_theta12p495_foilpm8	8.0	outer_core	1.2960921960004024	1.3061515403317516	133
rg07_theta12p495_foilpm8	8.0	outer_core	1.3061515403317516	1.3162108846631009	156
rg07_theta12p495_foilpm8	8.0	outer_core	1.3162108846631009	1.3262702289944501	183
rg07_theta12p495_foilpm8	8.0	outer_core	1.3262702289944501	1.3363295733257994	140
rg07_theta12p495_foilpm8	8.0	outer_core	1.3363295733257994	1.3463889176571486	163
rg07_theta12p495_foilpm8	8.0	outer_core	1.3463889176571486	1.356448261988498	183
rg07_theta12p495_foilpm8	8.0	outer_core	1.356448261988498	1.3665076063198474	158
rg07_theta12p495_foilpm8	8.0	outer_core	1.3665076063198474	1.3765669506511966	161
rg07_theta12p495_foilpm8	8.0	outer_core	1.3765669506511966	1.3866262949825459	155
rg07_theta12p495_foilpm8	8.0	outer_core	1.3866262949825459	1.396685639313895	170
rg07_theta12p495_foilpm8	8.0	outer_core	1.396685639313895	1.4067449836452444	151
rg07_theta12p495_foilpm8	8.0	outer_core	1.4067449836452444	1.4168043279765936	170
rg07_theta12p495_foilpm8	8.0	outer_core	1.4168043279765936	1.4268636723079429	177
rg07_theta12p495_foilpm8	8.0	outer_core	1.4268636723079429	1.4369230166392921	166
rg07_theta12p495_foilpm8	8.0	outer_core	1.4369230166392921	1.4469823609706414	194
rg07_theta12p495_foilpm8	8.0	outer_core	1.4469823609706414	1.4570417053019906	184
rg07_theta12p495_foilpm8	8.0	outer_core	1.4570417053019906	1.4671010496333399	172
rg07_theta12p495_foilpm8	8.0	outer_core	1.4671010496333399	1.4771603939646891	165
rg07_theta12p495_foilpm8	8.0	outer_core	1.4771603939646891	1.4872197382960384	181
rg07_theta12p495_foilpm8	8.0	outer_core	1.4872197382960384	1.4972790826273876	157
rg07_theta12p495_foilpm8	8.0	outer_core	1.4972790826273876	1.507338426958737	172
rg07_theta12p495_foilpm8	8.0	outer_core	1.507338426958737	1.5173977712900864	172
rg07_theta12p495_foilpm8	8.0	outer_core	1.5173977712900864	1.5274571156214356	154
rg07_theta12p495_foilpm8	8.0	outer_core	1.5274571156214356	1.5375164599527849	161
rg07_theta12p495_foilpm8	8.0	outer_core	1.5375164599527849	1.547575804284134	154
rg07_theta12p495_foilpm8	8.0	outer_core	1.547575804284134	1.5576351486154834	148
rg07_theta12p495_foilpm8	8.0	outer_core	1.5576351486154834	1.5676944929468326	128
rg07_theta12p495_foilpm8	8.0	outer_core	1.5676944929468326	1.5777538372781819	142
rg07_theta12p495_foilpm8	8.0	outer_core	1.5777538372781819	1.587813181609531	126
rg07_theta12p495_foilpm8	8.0	outer_core	1.587813181609531	1.5978725259408804	129
rg07_theta12p495_foilpm8	8.0	outer_core	1.5978725259408804	1.6079318702722296	126
rg07_theta12p495_foilpm8	8.0	outer_core	1.6079318702722296	1.6179912146035789	93
rg07_theta12p495_foilpm8	8.0	outer_core	1.6179912146035789	1.6280505589349281	98
rg07_theta12p495_foilpm8	8.0	outer_core	1.6280505589349281	1.6381099032662774	104
rg07_theta12p495_foilpm8	8.0	outer_core	1.6381099032662774	1.6481692475976266	111
rg07_theta12p495_foilpm8	8.0	outer_core	1.6481692475976266	1.6582285919289759	106
rg07_theta12p495_foilpm8	8.0	outer_core	1.6582285919289759	1.6682879362603251	96
rg07_theta12p495_foilpm8	8.0	outer_core	1.6682879362603251	1.6783472805916744	103
rg07_theta12p495_foilpm8	8.0	outer_core	1.6783472805916744	1.6884066249230236	82
rg07_theta12p495_foilpm8	8.0	outer_core	1.6884066249230236	1.6984659692543729	90
rg07_theta12p495_foilpm8	8.0	outer_core	1.6984659692543729	1.7085253135857221	83
rg07_theta12p495_foilpm8	8.0	outer_core	1.7085253135857221	1.7185846579170714	85
rg07_theta12p495_foilpm8	8.0	outer_core	1.7185846579170714	1.7286440022484206	81
rg07_theta12p495_foilpm8	8.0	outer_core	1.7286440022484206	1.7387033465797699	58
rg07_theta12p495_foilpm8	8.0	outer_core	1.7387033465797699	1.7487626909111191	57
rg07_theta12p495_foilpm8	8.0	outer_core	1.7487626909111191	1.7588220352424684	40
rg07_theta12p495_foilpm8	8.0	outer_core	1.7588220352424684	1.7688813795738176	52
rg07_theta12p495_foilpm8	8.0	outer_core	1.7688813795738176	1.7789407239051669	43
rg07_theta12p495_foilpm8	8.0	outer_core	1.7789407239051669	1.7890000682365161	41
rg07_theta12p495_foilpm8	8.0	outer_core	1.7890000682365161	1.7990594125678654	26
rg07_theta12p495_foilpm8	8.0	outer_core	1.7990594125678654	1.8091187568992149	28
rg07_theta12p495_foilpm8	8.0	outer_core	1.8091187568992149	1.8191781012305641	27
rg07_theta12p495_foilpm8	8.0	outer_core	1.8191781012305641	1.8292374455619134	18
rg07_theta12p495_foilpm8	8.0	outer_core	1.8292374455619134	1.8392967898932626	28
rg07_theta12p495_foilpm8	8.0	outer_core	1.8392967898932626	1.8493561342246119	24
rg07_theta12p495_foilpm8	8.0	outer_core	1.8493561342246119	1.8594154785559611	24
rg07_theta12p495_foilpm8	8.0	outer_core	1.8594154785559611	1.8694748228873104	18
rg07_theta12p495_foilpm8	8.0	outer_core	1.8694748228873104	1.8795341672186596	15
rg07_theta12p495_foilpm8	8.0	outer_core	1.8795341672186596	1.8895935115500089	13
rg07_theta12p495_foilpm8	8.0	outer_core	1.8895935115500089	1.8996528558813581	14
rg07_theta12p495_foilpm8	8.0	outer_core	1.8996528558813581	1.9097122002127074	7
rg07_theta12p495_foilpm8	8.0	outer_core	1.9097122002127074	1.9197715445440569	6
rg07_theta12p495_foilpm8	8.0	outer_core	1.9197715445440569	1.929830888875406	4
rg07_theta12p495_foilpm8	8.0	outer_core	1.929830888875406	1.9398902332067554	6
rg07_theta12p495_foilpm8	8.0	outer_core	1.9398902332067554	1.9499495775381046	2
rg07_theta12p495_foilpm8	8.0	outer_core	1.9499495775381046	1.9600089218694539	5
rg07_theta12p495_foilpm8	8.0	outer_core	1.9600089218694539	1.970068266200803	4
rg07_theta12p495_foilpm8	8.0	outer_core	1.970068266200803	1.9801276105321524	0
rg07_theta12p495_foilpm8	8.0	outer_core	1.9801276105321524	1.9901869548635016	0
rg07_theta12p495_foilpm8	8.0	outer_core	1.9901869548635016	2.000246299194851	1
rg07_theta12p495_foilpm8	8.0	outer_core	2.000246299194851	2.0103056435262	0
rg07_theta12p495_foilpm8	8.0	shoulders	1.0043712103912739	1.0144305547226231	0
rg07_theta12p495_foilpm8	8.0	shoulders	1.0144305547226231	1.0244898990539724	0
rg07_theta12p495_foilpm8	8.0	shoulders	1.0244898990539724	1.0345492433853216	0
rg07_theta12p495_foilpm8	8.0	shoulders	1.0345492433853216	1.0446085877166709	1
rg07_theta12p495_foilpm8	8.0	shoulders	1.0446085877166709	1.0546679320480201	8
rg07_theta12p495_foilpm8	8.0	shoulders	1.0546679320480201	1.0647272763793694	6
rg07_theta12p495_foilpm8	8.0	shoulders	1.0647272763793694	1.0747866207107186	16
rg07_theta12p495_foilpm8	8.0	shoulders	1.0747866207107186	1.0848459650420679	12
rg07_theta12p495_foilpm8	8.0	shoulders	1.0848459650420679	1.0949053093734171	11
rg07_theta12p495_foilpm8	8.0	shoulders	1.0949053093734171	1.1049646537047666	13
rg07_theta12p495_foilpm8	8.0	shoulders	1.1049646537047666	1.1150239980361158	9
rg07_theta12p495_foilpm8	8.0	shoulders	1.1150239980361158	1.125083342367465	17
rg07_theta12p495_foilpm8	8.0	shoulders	1.125083342367465	1.1351426866988144	22
rg07_theta12p495_foilpm8	8.0	shoulders	1.1351426866988144	1.1452020310301636	14
rg07_theta12p495_foilpm8	8.0	shoulders	1.1452020310301636	1.1552613753615129	22
rg07_theta12p495_foilpm8	8.0	shoulders	1.1552613753615129	1.165320719692862	20
rg07_theta12p495_foilpm8	8.0	shoulders	1.165320719692862	1.1753800640242114	38
rg07_theta12p495_foilpm8	8.0	shoulders	1.1753800640242114	1.1854394083555606	52
rg07_theta12p495_foilpm8	8.0	shoulders	1.1854394083555606	1.1954987526869099	37
rg07_theta12p495_foilpm8	8.0	shoulders	1.1954987526869099	1.2055580970182591	40
rg07_theta12p495_foilpm8	8.0	shoulders	1.2055580970182591	1.2156174413496084	56
rg07_theta12p495_foilpm8	8.0	shoulders	1.2156174413496084	1.2256767856809576	53
rg07_theta12p495_foilpm8	8.0	shoulders	1.2256767856809576	1.2357361300123069	56
rg07_theta12p495_foilpm8	8.0	shoulders	1.2357361300123069	1.2457954743436561	50
rg07_theta12p495_foilpm8	8.0	shoulders	1.2457954743436561	1.2558548186750054	44
rg07_theta12p495_foilpm8	8.0	shoulders	1.2558548186750054	1.2659141630063546	52
rg07_theta12p495_foilpm8	8.0	shoulders	1.2659141630063546	1.2759735073377039	55
rg07_theta12p495_foilpm8	8.0	shoulders	1.2759735073377039	1.2860328516690531	51
rg07_theta12p495_foilpm8	8.0	shoulders	1.2860328516690531	1.2960921960004024	56
rg07_theta12p495_foilpm8	8.0	shoulders	1.2960921960004024	1.3061515403317516	64
rg07_theta12p495_foilpm8	8.0	shoulders	1.3061515403317516	1.3162108846631009	65
rg07_theta12p495_foilpm8	8.0	shoulders	1.3162108846631009	1.3262702289944501	68
rg07_theta12p495_foilpm8	8.0	shoulders	1.3262702289944501	1.3363295733257994	59
rg07_theta12p495_foilpm8	8.0	shoulders	1.3363295733257994	1.3463889176571486	78
rg07_theta12p495_foilpm8	8.0	shoulders	1.3463889176571486	1.356448261988498	64
rg07_theta12p495_foilpm8	8.0	shoulders	1.356448261988498	1.3665076063198474	57
rg07_theta12p495_foilpm8	8.0	shoulders	1.3665076063198474	1.3765669506511966	62
rg07_theta12p495_foilpm8	8.0	shoulders	1.3765669506511966	1.3866262949825459	69
rg07_theta12p495_foilpm8	8.0	shoulders	1.3866262949825459	1.396685639313895	78
rg07_theta12p495_foilpm8	8.0	shoulders	1.396685639313895	1.4067449836452444	78
rg07_theta12p495_foilpm8	8.0	shoulders	1.4067449836452444	1.4168043279765936	70
rg07_theta12p495_foilpm8	8.0	shoulders	1.4168043279765936	1.4268636723079429	82
rg07_theta12p495_foilpm8	8.0	shoulders	1.4268636723079429	1.4369230166392921	86
rg07_theta12p495_foilpm8	8.0	shoulders	1.4369230166392921	1.4469823609706414	87
rg07_theta12p495_foilpm8	8.0	shoulders	1.4469823609706414	1.4570417053019906	85
rg07_theta12p495_foilpm8	8.0	shoulders	1.4570417053019906	1.4671010496333399	63
rg07_theta12p495_foilpm8	8.0	shoulders	1.4671010496333399	1.4771603939646891	70
rg07_theta12p495_foilpm8	8.0	shoulders	1.4771603939646891	1.4872197382960384	64
rg07_theta12p495_foilpm8	8.0	shoulders	1.4872197382960384	1.4972790826273876	73
rg07_theta12p495_foilpm8	8.0	shoulders	1.4972790826273876	1.507338426958737	66
rg07_theta12p495_foilpm8	8.0	shoulders	1.507338426958737	1.5173977712900864	76
rg07_theta12p495_foilpm8	8.0	shoulders	1.5173977712900864	1.5274571156214356	71
rg07_theta12p495_foilpm8	8.0	shoulders	1.5274571156214356	1.5375164599527849	71
rg07_theta12p495_foilpm8	8.0	shoulders	1.5375164599527849	1.547575804284134	59
rg07_theta12p495_foilpm8	8.0	shoulders	1.547575804284134	1.5576351486154834	74
rg07_theta12p495_foilpm8	8.0	shoulders	1.5576351486154834	1.5676944929468326	65
rg07_theta12p495_foilpm8	8.0	shoulders	1.5676944929468326	1.5777538372781819	59
rg07_theta12p495_foilpm8	8.0	shoulders	1.5777538372781819	1.587813181609531	69
rg07_theta12p495_foilpm8	8.0	shoulders	1.587813181609531	1.5978725259408804	58
rg07_theta12p495_foilpm8	8.0	shoulders	1.5978725259408804	1.6079318702722296	66
rg07_theta12p495_foilpm8	8.0	shoulders	1.6079318702722296	1.6179912146035789	53
rg07_theta12p495_foilpm8	8.0	shoulders	1.6179912146035789	1.6280505589349281	40
rg07_theta12p495_foilpm8	8.0	shoulders	1.6280505589349281	1.6381099032662774	59
rg07_theta12p495_foilpm8	8.0	shoulders	1.6381099032662774	1.6481692475976266	62
rg07_theta12p495_foilpm8	8.0	shoulders	1.6481692475976266	1.6582285919289759	66
rg07_theta12p495_foilpm8	8.0	shoulders	1.6582285919289759	1.6682879362603251	53
rg07_theta12p495_foilpm8	8.0	shoulders	1.6682879362603251	1.6783472805916744	64
rg07_theta12p495_foilpm8	8.0	shoulders	1.6783472805916744	1.6884066249230236	52
rg07_theta12p495_foilpm8	8.0	shoulders	1.6884066249230236	1.6984659692543729	62
rg07_theta12p495_foilpm8	8.0	shoulders	1.6984659692543729	1.7085253135857221	61
rg07_theta12p495_foilpm8	8.0	shoulders	1.7085253135857221	1.7185846579170714	56
rg07_theta12p495_foilpm8	8.0	shoulders	1.7185846579170714	1.7286440022484206	47
rg07_theta12p495_foilpm8	8.0	shoulders	1.7286440022484206	1.7387033465797699	46
rg07_theta12p495_foilpm8	8.0	shoulders	1.7387033465797699	1.7487626909111191	32
rg07_theta12p495_foilpm8	8.0	shoulders	1.7487626909111191	1.7588220352424684	47
rg07_theta12p495_foilpm8	8.0	shoulders	1.7588220352424684	1.7688813795738176	30
rg07_theta12p495_foilpm8	8.0	shoulders	1.7688813795738176	1.7789407239051669	30
rg07_theta12p495_foilpm8	8.0	shoulders	1.7789407239051669	1.7890000682365161	24
rg07_theta12p495_foilpm8	8.0	shoulders	1.7890000682365161	1.7990594125678654	20
rg07_theta12p495_foilpm8	8.0	shoulders	1.7990594125678654	1.8091187568992149	17
rg07_theta12p495_foilpm8	8.0	shoulders	1.8091187568992149	1.8191781012305641	23
rg07_theta12p495_foilpm8	8.0	shoulders	1.8191781012305641	1.8292374455619134	21
rg07_theta12p495_foilpm8	8.0	shoulders	1.8292374455619134	1.8392967898932626	12
rg07_theta12p495_foilpm8	8.0	shoulders	1.8392967898932626	1.8493561342246119	15
rg07_theta12p495_foilpm8	8.0	shoulders	1.8493561342246119	1.8594154785559611	11
rg07_theta12p495_foilpm8	8.0	shoulders	1.8594154785559611	1.8694748228873104	7
rg07_theta12p495_foilpm8	8.0	shoulders	1.8694748228873104	1.8795341672186596	11
rg07_theta12p495_foilpm8	8.0	shoulders	1.8795341672186596	1.8895935115500089	13
rg07_theta12p495_foilpm8	8.0	shoulders	1.8895935115500089	1.8996528558813581	7
rg07_theta12p495_foilpm8	8.0	shoulders	1.8996528558813581	1.9097122002127074	9
rg07_theta12p495_foilpm8	8.0	shoulders	1.9097122002127074	1.9197715445440569	5
rg07_theta12p495_foilpm8	8.0	shoulders	1.9197715445440569	1.929830888875406	4
rg07_theta12p495_foilpm8	8.0	shoulders	1.929830888875406	1.9398902332067554	6
rg07_theta12p495_foilpm8	8.0	shoulders	1.9398902332067554	1.9499495775381046	5
rg07_theta12p495_foilpm8	8.0	shoulders	1.9499495775381046	1.9600089218694539	6
rg07_theta12p495_foilpm8	8.0	shoulders	1.9600089218694539	1.970068266200803	2
rg07_theta12p495_foilpm8	8.0	shoulders	1.970068266200803	1.9801276105321524	2
rg07_theta12p495_foilpm8	8.0	shoulders	1.9801276105321524	1.9901869548635016	1
rg07_theta12p495_foilpm8	8.0	shoulders	1.9901869548635016	2.000246299194851	0
rg07_theta12p495_foilpm8	8.0	shoulders	2.000246299194851	2.0103056435262	0
rg07_theta12p495_foilpm8	8.0	unsupported	1.0043712103912739	1.0144305547226231	0
rg07_theta12p495_foilpm8	8.0	unsupported	1.0144305547226231	1.0244898990539724	0
rg07_theta12p495_foilpm8	8.0	unsupported	1.0244898990539724	1.0345492433853216	0
rg07_theta12p495_foilpm8	8.0	unsupported	1.0345492433853216	1.0446085877166709	0
rg07_theta12p495_foilpm8	8.0	unsupported	1.0446085877166709	1.0546679320480201	0
rg07_theta12p495_foilpm8	8.0	unsupported	1.0546679320480201	1.0647272763793694	0
rg07_theta12p495_foilpm8	8.0	unsupported	1.0647272763793694	1.0747866207107186	1
rg07_theta12p495_foilpm8	8.0	unsupported	1.0747866207107186	1.0848459650420679	0
rg07_theta12p495_foilpm8	8.0	unsupported	1.0848459650420679	1.0949053093734171	0
rg07_theta12p495_foilpm8	8.0	unsupported	1.0949053093734171	1.1049646537047666	0
rg07_theta12p495_foilpm8	8.0	unsupported	1.1049646537047666	1.1150239980361158	1
rg07_theta12p495_foilpm8	8.0	unsupported	1.1150239980361158	1.125083342367465	1
rg07_theta12p495_foilpm8	8.0	unsupported	1.125083342367465	1.1351426866988144	0
rg07_theta12p495_foilpm8	8.0	unsupported	1.1351426866988144	1.1452020310301636	0
rg07_theta12p495_foilpm8	8.0	unsupported	1.1452020310301636	1.1552613753615129	0
rg07_theta12p495_foilpm8	8.0	unsupported	1.1552613753615129	1.165320719692862	0
rg07_theta12p495_foilpm8	8.0	unsupported	1.165320719692862	1.1753800640242114	0
rg07_theta12p495_foilpm8	8.0	unsupported	1.1753800640242114	1.1854394083555606	0
rg07_theta12p495_foilpm8	8.0	unsupported	1.1854394083555606	1.1954987526869099	1
rg07_theta12p495_foilpm8	8.0	unsupported	1.1954987526869099	1.2055580970182591	1
rg07_theta12p495_foilpm8	8.0	unsupported	1.2055580970182591	1.2156174413496084	0
rg07_theta12p495_foilpm8	8.0	unsupported	1.2156174413496084	1.2256767856809576	1
rg07_theta12p495_foilpm8	8.0	unsupported	1.2256767856809576	1.2357361300123069	1
rg07_theta12p495_foilpm8	8.0	unsupported	1.2357361300123069	1.2457954743436561	2
rg07_theta12p495_foilpm8	8.0	unsupported	1.2457954743436561	1.2558548186750054	2
rg07_theta12p495_foilpm8	8.0	unsupported	1.2558548186750054	1.2659141630063546	1
rg07_theta12p495_foilpm8	8.0	unsupported	1.2659141630063546	1.2759735073377039	1
rg07_theta12p495_foilpm8	8.0	unsupported	1.2759735073377039	1.2860328516690531	2
rg07_theta12p495_foilpm8	8.0	unsupported	1.2860328516690531	1.2960921960004024	0
rg07_theta12p495_foilpm8	8.0	unsupported	1.2960921960004024	1.3061515403317516	1
rg07_theta12p495_foilpm8	8.0	unsupported	1.3061515403317516	1.3162108846631009	0
rg07_theta12p495_foilpm8	8.0	unsupported	1.3162108846631009	1.3262702289944501	0
rg07_theta12p495_foilpm8	8.0	unsupported	1.3262702289944501	1.3363295733257994	1
rg07_theta12p495_foilpm8	8.0	unsupported	1.3363295733257994	1.3463889176571486	0
rg07_theta12p495_foilpm8	8.0	unsupported	1.3463889176571486	1.356448261988498	0
rg07_theta12p495_foilpm8	8.0	unsupported	1.356448261988498	1.3665076063198474	1
rg07_theta12p495_foilpm8	8.0	unsupported	1.3665076063198474	1.3765669506511966	1
rg07_theta12p495_foilpm8	8.0	unsupported	1.3765669506511966	1.3866262949825459	2
rg07_theta12p495_foilpm8	8.0	unsupported	1.3866262949825459	1.396685639313895	1
rg07_theta12p495_foilpm8	8.0	unsupported	1.396685639313895	1.4067449836452444	0
rg07_theta12p495_foilpm8	8.0	unsupported	1.4067449836452444	1.4168043279765936	1
rg07_theta12p495_foilpm8	8.0	unsupported	1.4168043279765936	1.4268636723079429	1
rg07_theta12p495_foilpm8	8.0	unsupported	1.4268636723079429	1.4369230166392921	2
rg07_theta12p495_foilpm8	8.0	unsupported	1.4369230166392921	1.4469823609706414	1
rg07_theta12p495_foilpm8	8.0	unsupported	1.4469823609706414	1.4570417053019906	2
rg07_theta12p495_foilpm8	8.0	unsupported	1.4570417053019906	1.4671010496333399	4
rg07_theta12p495_foilpm8	8.0	unsupported	1.4671010496333399	1.4771603939646891	3
rg07_theta12p495_foilpm8	8.0	unsupported	1.4771603939646891	1.4872197382960384	1
rg07_theta12p495_foilpm8	8.0	unsupported	1.4872197382960384	1.4972790826273876	2
rg07_theta12p495_foilpm8	8.0	unsupported	1.4972790826273876	1.507338426958737	1
rg07_theta12p495_foilpm8	8.0	unsupported	1.507338426958737	1.5173977712900864	5
rg07_theta12p495_foilpm8	8.0	unsupported	1.5173977712900864	1.5274571156214356	3
rg07_theta12p495_foilpm8	8.0	unsupported	1.5274571156214356	1.5375164599527849	0
rg07_theta12p495_foilpm8	8.0	unsupported	1.5375164599527849	1.547575804284134	6
rg07_theta12p495_foilpm8	8.0	unsupported	1.547575804284134	1.5576351486154834	3
rg07_theta12p495_foilpm8	8.0	unsupported	1.5576351486154834	1.5676944929468326	4
rg07_theta12p495_foilpm8	8.0	unsupported	1.5676944929468326	1.5777538372781819	3
rg07_theta12p495_foilpm8	8.0	unsupported	1.5777538372781819	1.587813181609531	3
rg07_theta12p495_foilpm8	8.0	unsupported	1.587813181609531	1.5978725259408804	0
rg07_theta12p495_foilpm8	8.0	unsupported	1.5978725259408804	1.6079318702722296	4
rg07_theta12p495_foilpm8	8.0	unsupported	1.6079318702722296	1.6179912146035789	8
rg07_theta12p495_foilpm8	8.0	unsupported	1.6179912146035789	1.6280505589349281	3
rg07_theta12p495_foilpm8	8.0	unsupported	1.6280505589349281	1.6381099032662774	4
rg07_theta12p495_foilpm8	8.0	unsupported	1.6381099032662774	1.6481692475976266	4
rg07_theta12p495_foilpm8	8.0	unsupported	1.6481692475976266	1.6582285919289759	4
rg07_theta12p495_foilpm8	8.0	unsupported	1.6582285919289759	1.6682879362603251	4
rg07_theta12p495_foilpm8	8.0	unsupported	1.6682879362603251	1.6783472805916744	11
rg07_theta12p495_foilpm8	8.0	unsupported	1.6783472805916744	1.6884066249230236	6
rg07_theta12p495_foilpm8	8.0	unsupported	1.6884066249230236	1.6984659692543729	7
rg07_theta12p495_foilpm8	8.0	unsupported	1.6984659692543729	1.7085253135857221	3
rg07_theta12p495_foilpm8	8.0	unsupported	1.7085253135857221	1.7185846579170714	12
rg07_theta12p495_foilpm8	8.0	unsupported	1.7185846579170714	1.7286440022484206	3
rg07_theta12p495_foilpm8	8.0	unsupported	1.7286440022484206	1.7387033465797699	8
rg07_theta12p495_foilpm8	8.0	unsupported	1.7387033465797699	1.7487626909111191	5
rg07_theta12p495_foilpm8	8.0	unsupported	1.7487626909111191	1.7588220352424684	3
rg07_theta12p495_foilpm8	8.0	unsupported	1.7588220352424684	1.7688813795738176	6
rg07_theta12p495_foilpm8	8.0	unsupported	1.7688813795738176	1.7789407239051669	3
rg07_theta12p495_foilpm8	8.0	unsupported	1.7789407239051669	1.7890000682365161	0
rg07_theta12p495_foilpm8	8.0	unsupported	1.7890000682365161	1.7990594125678654	2
rg07_theta12p495_foilpm8	8.0	unsupported	1.7990594125678654	1.8091187568992149	1
rg07_theta12p495_foilpm8	8.0	unsupported	1.8091187568992149	1.8191781012305641	2
rg07_theta12p495_foilpm8	8.0	unsupported	1.8191781012305641	1.8292374455619134	4
rg07_theta12p495_foilpm8	8.0	unsupported	1.8292374455619134	1.8392967898932626	3
rg07_theta12p495_foilpm8	8.0	unsupported	1.8392967898932626	1.8493561342246119	2
rg07_theta12p495_foilpm8	8.0	unsupported	1.8493561342246119	1.8594154785559611	1
rg07_theta12p495_foilpm8	8.0	unsupported	1.8594154785559611	1.8694748228873104	1
rg07_theta12p495_foilpm8	8.0	unsupported	1.8694748228873104	1.8795341672186596	1
rg07_theta12p495_foilpm8	8.0	unsupported	1.8795341672186596	1.8895935115500089	3
rg07_theta12p495_foilpm8	8.0	unsupported	1.8895935115500089	1.8996528558813581	4
rg07_theta12p495_foilpm8	8.0	unsupported	1.8996528558813581	1.9097122002127074	3
rg07_theta12p495_foilpm8	8.0	unsupported	1.9097122002127074	1.9197715445440569	2
rg07_theta12p495_foilpm8	8.0	unsupported	1.9197715445440569	1.929830888875406	0
rg07_theta12p495_foilpm8	8.0	unsupported	1.929830888875406	1.9398902332067554	0
rg07_theta12p495_foilpm8	8.0	unsupported	1.9398902332067554	1.9499495775381046	1
rg07_theta12p495_foilpm8	8.0	unsupported	1.9499495775381046	1.9600089218694539	1
rg07_theta12p495_foilpm8	8.0	unsupported	1.9600089218694539	1.970068266200803	1
rg07_theta12p495_foilpm8	8.0	unsupported	1.970068266200803	1.9801276105321524	0
rg07_theta12p495_foilpm8	8.0	unsupported	1.9801276105321524	1.9901869548635016	0
rg07_theta12p495_foilpm8	8.0	unsupported	1.9901869548635016	2.000246299194851	0
rg07_theta12p495_foilpm8	8.0	unsupported	2.000246299194851	2.0103056435262	0
rg07_theta12p495_foilpm8	8.0	out_of_core	1.0043712103912739	1.0144305547226231	0
rg07_theta12p495_foilpm8	8.0	out_of_core	1.0144305547226231	1.0244898990539724	0
rg07_theta12p495_foilpm8	8.0	out_of_core	1.0244898990539724	1.0345492433853216	0
rg07_theta12p495_foilpm8	8.0	out_of_core	1.0345492433853216	1.0446085877166709	1
rg07_theta12p495_foilpm8	8.0	out_of_core	1.0446085877166709	1.0546679320480201	8
rg07_theta12p495_foilpm8	8.0	out_of_core	1.0546679320480201	1.0647272763793694	6
rg07_theta12p495_foilpm8	8.0	out_of_core	1.0647272763793694	1.0747866207107186	17
rg07_theta12p495_foilpm8	8.0	out_of_core	1.0747866207107186	1.0848459650420679	12
rg07_theta12p495_foilpm8	8.0	out_of_core	1.0848459650420679	1.0949053093734171	11
rg07_theta12p495_foilpm8	8.0	out_of_core	1.0949053093734171	1.1049646537047666	13
rg07_theta12p495_foilpm8	8.0	out_of_core	1.1049646537047666	1.1150239980361158	10
rg07_theta12p495_foilpm8	8.0	out_of_core	1.1150239980361158	1.125083342367465	18
rg07_theta12p495_foilpm8	8.0	out_of_core	1.125083342367465	1.1351426866988144	22
rg07_theta12p495_foilpm8	8.0	out_of_core	1.1351426866988144	1.1452020310301636	14
rg07_theta12p495_foilpm8	8.0	out_of_core	1.1452020310301636	1.1552613753615129	22
rg07_theta12p495_foilpm8	8.0	out_of_core	1.1552613753615129	1.165320719692862	20
rg07_theta12p495_foilpm8	8.0	out_of_core	1.165320719692862	1.1753800640242114	38
rg07_theta12p495_foilpm8	8.0	out_of_core	1.1753800640242114	1.1854394083555606	52
rg07_theta12p495_foilpm8	8.0	out_of_core	1.1854394083555606	1.1954987526869099	38
rg07_theta12p495_foilpm8	8.0	out_of_core	1.1954987526869099	1.2055580970182591	41
rg07_theta12p495_foilpm8	8.0	out_of_core	1.2055580970182591	1.2156174413496084	56
rg07_theta12p495_foilpm8	8.0	out_of_core	1.2156174413496084	1.2256767856809576	54
rg07_theta12p495_foilpm8	8.0	out_of_core	1.2256767856809576	1.2357361300123069	57
rg07_theta12p495_foilpm8	8.0	out_of_core	1.2357361300123069	1.2457954743436561	52
rg07_theta12p495_foilpm8	8.0	out_of_core	1.2457954743436561	1.2558548186750054	46
rg07_theta12p495_foilpm8	8.0	out_of_core	1.2558548186750054	1.2659141630063546	53
rg07_theta12p495_foilpm8	8.0	out_of_core	1.2659141630063546	1.2759735073377039	56
rg07_theta12p495_foilpm8	8.0	out_of_core	1.2759735073377039	1.2860328516690531	53
rg07_theta12p495_foilpm8	8.0	out_of_core	1.2860328516690531	1.2960921960004024	56
rg07_theta12p495_foilpm8	8.0	out_of_core	1.2960921960004024	1.3061515403317516	65
rg07_theta12p495_foilpm8	8.0	out_of_core	1.3061515403317516	1.3162108846631009	65
rg07_theta12p495_foilpm8	8.0	out_of_core	1.3162108846631009	1.3262702289944501	68
rg07_theta12p495_foilpm8	8.0	out_of_core	1.3262702289944501	1.3363295733257994	60
rg07_theta12p495_foilpm8	8.0	out_of_core	1.3363295733257994	1.3463889176571486	78
rg07_theta12p495_foilpm8	8.0	out_of_core	1.3463889176571486	1.356448261988498	64
rg07_theta12p495_foilpm8	8.0	out_of_core	1.356448261988498	1.3665076063198474	58
rg07_theta12p495_foilpm8	8.0	out_of_core	1.3665076063198474	1.3765669506511966	63
rg07_theta12p495_foilpm8	8.0	out_of_core	1.3765669506511966	1.3866262949825459	71
rg07_theta12p495_foilpm8	8.0	out_of_core	1.3866262949825459	1.396685639313895	79
rg07_theta12p495_foilpm8	8.0	out_of_core	1.396685639313895	1.4067449836452444	78
rg07_theta12p495_foilpm8	8.0	out_of_core	1.4067449836452444	1.4168043279765936	71
rg07_theta12p495_foilpm8	8.0	out_of_core	1.4168043279765936	1.4268636723079429	83
rg07_theta12p495_foilpm8	8.0	out_of_core	1.4268636723079429	1.4369230166392921	88
rg07_theta12p495_foilpm8	8.0	out_of_core	1.4369230166392921	1.4469823609706414	88
rg07_theta12p495_foilpm8	8.0	out_of_core	1.4469823609706414	1.4570417053019906	87
rg07_theta12p495_foilpm8	8.0	out_of_core	1.4570417053019906	1.4671010496333399	67
rg07_theta12p495_foilpm8	8.0	out_of_core	1.4671010496333399	1.4771603939646891	73
rg07_theta12p495_foilpm8	8.0	out_of_core	1.4771603939646891	1.4872197382960384	65
rg07_theta12p495_foilpm8	8.0	out_of_core	1.4872197382960384	1.4972790826273876	75
rg07_theta12p495_foilpm8	8.0	out_of_core	1.4972790826273876	1.507338426958737	67
rg07_theta12p495_foilpm8	8.0	out_of_core	1.507338426958737	1.5173977712900864	81
rg07_theta12p495_foilpm8	8.0	out_of_core	1.5173977712900864	1.5274571156214356	74
rg07_theta12p495_foilpm8	8.0	out_of_core	1.5274571156214356	1.5375164599527849	71
rg07_theta12p495_foilpm8	8.0	out_of_core	1.5375164599527849	1.547575804284134	65
rg07_theta12p495_foilpm8	8.0	out_of_core	1.547575804284134	1.5576351486154834	77
rg07_theta12p495_foilpm8	8.0	out_of_core	1.5576351486154834	1.5676944929468326	69
rg07_theta12p495_foilpm8	8.0	out_of_core	1.5676944929468326	1.5777538372781819	62
rg07_theta12p495_foilpm8	8.0	out_of_core	1.5777538372781819	1.587813181609531	72
rg07_theta12p495_foilpm8	8.0	out_of_core	1.587813181609531	1.5978725259408804	58
rg07_theta12p495_foilpm8	8.0	out_of_core	1.5978725259408804	1.6079318702722296	70
rg07_theta12p495_foilpm8	8.0	out_of_core	1.6079318702722296	1.6179912146035789	61
rg07_theta12p495_foilpm8	8.0	out_of_core	1.6179912146035789	1.6280505589349281	43
rg07_theta12p495_foilpm8	8.0	out_of_core	1.6280505589349281	1.6381099032662774	63
rg07_theta12p495_foilpm8	8.0	out_of_core	1.6381099032662774	1.6481692475976266	66
rg07_theta12p495_foilpm8	8.0	out_of_core	1.6481692475976266	1.6582285919289759	70
rg07_theta12p495_foilpm8	8.0	out_of_core	1.6582285919289759	1.6682879362603251	57
rg07_theta12p495_foilpm8	8.0	out_of_core	1.6682879362603251	1.6783472805916744	75
rg07_theta12p495_foilpm8	8.0	out_of_core	1.6783472805916744	1.6884066249230236	58
rg07_theta12p495_foilpm8	8.0	out_of_core	1.6884066249230236	1.6984659692543729	69
rg07_theta12p495_foilpm8	8.0	out_of_core	1.6984659692543729	1.7085253135857221	64
rg07_theta12p495_foilpm8	8.0	out_of_core	1.7085253135857221	1.7185846579170714	68
rg07_theta12p495_foilpm8	8.0	out_of_core	1.7185846579170714	1.7286440022484206	50
rg07_theta12p495_foilpm8	8.0	out_of_core	1.7286440022484206	1.7387033465797699	54
rg07_theta12p495_foilpm8	8.0	out_of_core	1.7387033465797699	1.7487626909111191	37
rg07_theta12p495_foilpm8	8.0	out_of_core	1.7487626909111191	1.7588220352424684	50
rg07_theta12p495_foilpm8	8.0	out_of_core	1.7588220352424684	1.7688813795738176	36
rg07_theta12p495_foilpm8	8.0	out_of_core	1.7688813795738176	1.7789407239051669	33
rg07_theta12p495_foilpm8	8.0	out_of_core	1.7789407239051669	1.7890000682365161	24
rg07_theta12p495_foilpm8	8.0	out_of_core	1.7890000682365161	1.7990594125678654	22
rg07_theta12p495_foilpm8	8.0	out_of_core	1.7990594125678654	1.8091187568992149	18
rg07_theta12p495_foilpm8	8.0	out_of_core	1.8091187568992149	1.8191781012305641	25
rg07_theta12p495_foilpm8	8.0	out_of_core	1.8191781012305641	1.8292374455619134	25
rg07_theta12p495_foilpm8	8.0	out_of_core	1.8292374455619134	1.8392967898932626	15
rg07_theta12p495_foilpm8	8.0	out_of_core	1.8392967898932626	1.8493561342246119	17
rg07_theta12p495_foilpm8	8.0	out_of_core	1.8493561342246119	1.8594154785559611	12
rg07_theta12p495_foilpm8	8.0	out_of_core	1.8594154785559611	1.8694748228873104	8
rg07_theta12p495_foilpm8	8.0	out_of_core	1.8694748228873104	1.8795341672186596	12
rg07_theta12p495_foilpm8	8.0	out_of_core	1.8795341672186596	1.8895935115500089	16
rg07_theta12p495_foilpm8	8.0	out_of_core	1.8895935115500089	1.8996528558813581	11
rg07_theta12p495_foilpm8	8.0	out_of_core	1.8996528558813581	1.9097122002127074	12
rg07_theta12p495_foilpm8	8.0	out_of_core	1.9097122002127074	1.9197715445440569	7
rg07_theta12p495_foilpm8	8.0	out_of_core	1.9197715445440569	1.929830888875406	4
rg07_theta12p495_foilpm8	8.0	out_of_core	1.929830888875406	1.9398902332067554	6
rg07_theta12p495_foilpm8	8.0	out_of_core	1.9398902332067554	1.9499495775381046	6
rg07_theta12p495_foilpm8	8.0	out_of_core	1.9499495775381046	1.9600089218694539	7
rg07_theta12p495_foilpm8	8.0	out_of_core	1.9600089218694539	1.970068266200803	3
rg07_theta12p495_foilpm8	8.0	out_of_core	1.970068266200803	1.9801276105321524	2
rg07_theta12p495_foilpm8	8.0	out_of_core	1.9801276105321524	1.9901869548635016	1
rg07_theta12p495_foilpm8	8.0	out_of_core	1.9901869548635016	2.000246299194851	0
rg07_theta12p495_foilpm8	8.0	out_of_core	2.000246299194851	2.0103056435262	0
