rungroup	foil	ndel	xscol	yscol	total	fit	holdout	holdout_core	surplus	unsupported
rg01_theta12p490_foil0	0	0	0	2	233	83	47	29	21	0
rg01_theta12p490_foil0	0	0	0	3	375	163	75	50	41	0
rg01_theta12p490_foil0	0	0	0	4	449	195	90	69	49	0
rg01_theta12p490_foil0	0	0	0	5	450	217	90	62	55	0
rg01_theta12p490_foil0	0	0	0	6	113	44	23	14	11	0
rg01_theta12p490_foil0	0	0	1	2	324	101	65	31	26	0
rg01_theta12p490_foil0	0	0	1	3	371	184	75	58	47	0
rg01_theta12p490_foil0	0	0	1	4	541	271	109	83	68	0
rg01_theta12p490_foil0	0	0	1	5	581	273	117	85	69	0
rg01_theta12p490_foil0	0	0	1	6	305	147	61	48	37	0
rg01_theta12p490_foil0	0	0	2	2	342	133	69	42	34	0
rg01_theta12p490_foil0	0	0	2	3	90	0	18	0	0	90
rg01_theta12p490_foil0	0	0	2	4	711	312	143	93	78	0
rg01_theta12p490_foil0	0	0	2	5	767	338	154	118	85	0
rg01_theta12p490_foil0	0	0	2	6	695	304	139	99	77	0
rg01_theta12p490_foil0	0	0	3	2	403	169	81	51	43	0
rg01_theta12p490_foil0	0	0	3	3	551	256	111	83	65	0
rg01_theta12p490_foil0	0	0	3	4	659	327	132	107	82	0
rg01_theta12p490_foil0	0	0	3	5	864	379	173	128	148	0
rg01_theta12p490_foil0	0	0	3	6	1038	379	208	154	212	0
rg01_theta12p490_foil0	0	0	4	2	399	165	80	55	42	0
rg01_theta12p490_foil0	0	0	4	3	628	322	126	99	81	0
rg01_theta12p490_foil0	0	0	4	4	229	115	46	39	29	0
rg01_theta12p490_foil0	0	0	4	5	929	379	186	150	191	0
rg01_theta12p490_foil0	0	0	4	6	1123	379	225	149	268	0
rg01_theta12p490_foil0	0	0	5	2	334	156	67	50	40	0
rg01_theta12p490_foil0	0	0	5	3	625	288	125	91	72	0
rg01_theta12p490_foil0	0	0	5	4	737	352	148	111	89	0
rg01_theta12p490_foil0	0	0	5	5	61	0	13	0	0	61
rg01_theta12p490_foil0	0	0	5	6	1182	379	237	175	335	0
rg01_theta12p490_foil0	0	0	6	2	236	107	48	34	27	0
rg01_theta12p490_foil0	0	0	6	3	434	211	87	55	53	0
rg01_theta12p490_foil0	0	0	6	4	598	280	120	90	71	0
rg01_theta12p490_foil0	0	0	6	5	753	379	151	111	97	0
rg01_theta12p490_foil0	0	0	6	6	1010	379	202	143	205	0
rg01_theta12p490_foil0	0	0	7	2	126	58	26	19	15	0
rg01_theta12p490_foil0	0	0	7	3	253	128	51	36	32	0
rg01_theta12p490_foil0	0	0	7	4	418	213	84	66	54	0
rg01_theta12p490_foil0	0	0	7	5	475	231	95	79	58	0
rg01_theta12p490_foil0	0	0	7	6	621	300	125	100	76	0
rg01_theta12p490_foil0	0	0	8	2	63	31	13	10	8	0
rg01_theta12p490_foil0	0	0	8	3	130	70	26	24	18	0
rg01_theta12p490_foil0	0	0	8	4	207	102	42	30	26	0
rg01_theta12p490_foil0	0	0	8	5	319	148	64	39	38	0
rg01_theta12p490_foil0	0	0	8	6	348	157	70	44	40	0
rg01_theta12p490_foil0	0	1	0	2	254	127	51	36	32	0
rg01_theta12p490_foil0	0	1	0	3	422	204	85	66	51	0
rg01_theta12p490_foil0	0	1	0	4	649	313	130	102	79	0
rg01_theta12p490_foil0	0	1	0	5	751	358	151	114	90	0
rg01_theta12p490_foil0	0	1	0	6	257	112	52	37	28	0
rg01_theta12p490_foil0	0	1	0	7	2	0	1	0	0	2
rg01_theta12p490_foil0	0	1	1	1	1	0	1	0	0	1
rg01_theta12p490_foil0	0	1	1	2	406	192	82	52	48	0
rg01_theta12p490_foil0	0	1	1	3	643	308	129	100	77	0
rg01_theta12p490_foil0	0	1	1	4	908	379	182	134	155	0
rg01_theta12p490_foil0	0	1	1	5	1093	379	219	175	259	0
rg01_theta12p490_foil0	0	1	1	6	824	379	165	115	105	0
rg01_theta12p490_foil0	0	1	1	7	3	0	1	0	0	3
rg01_theta12p490_foil0	0	1	2	1	33	12	7	5	4	0
rg01_theta12p490_foil0	0	1	2	2	509	250	102	73	63	0
rg01_theta12p490_foil0	0	1	2	3	34	0	7	0	0	34
rg01_theta12p490_foil0	0	1	2	4	1091	379	219	161	308	0
rg01_theta12p490_foil0	0	1	2	5	1267	379	254	201	399	0
rg01_theta12p490_foil0	0	1	2	6	1358	379	272	206	460	0
rg01_theta12p490_foil0	0	1	2	7	10	0	2	0	0	10
rg01_theta12p490_foil0	0	1	3	1	81	36	17	13	9	0
rg01_theta12p490_foil0	0	1	3	2	612	300	123	92	76	0
rg01_theta12p490_foil0	0	1	3	3	882	379	177	142	174	0
rg01_theta12p490_foil0	0	1	3	4	1204	379	241	190	390	0
rg01_theta12p490_foil0	0	1	3	5	1524	379	305	243	585	0
rg01_theta12p490_foil0	0	1	3	6	1710	379	342	267	722	0
rg01_theta12p490_foil0	0	1	3	7	96	48	20	14	12	0
rg01_theta12p490_foil0	0	1	4	1	114	54	23	19	14	0
rg01_theta12p490_foil0	0	1	4	2	578	288	116	86	73	0
rg01_theta12p490_foil0	0	1	4	3	960	379	192	158	238	0
rg01_theta12p490_foil0	0	1	4	4	379	203	76	60	51	0
rg01_theta12p490_foil0	0	1	4	5	1622	379	325	257	661	0
rg01_theta12p490_foil0	0	1	4	6	1857	379	372	297	809	0
rg01_theta12p490_foil0	0	1	4	7	106	52	22	15	13	0
rg01_theta12p490_foil0	0	1	5	1	74	33	15	11	9	0
rg01_theta12p490_foil0	0	1	5	2	557	286	112	91	72	0
rg01_theta12p490_foil0	0	1	5	3	929	379	186	145	226	0
rg01_theta12p490_foil0	0	1	5	4	1230	379	246	211	428	0
rg01_theta12p490_foil0	0	1	5	5	66	0	14	0	0	66
rg01_theta12p490_foil0	0	1	5	6	1844	379	369	300	802	0
rg01_theta12p490_foil0	0	1	5	7	84	43	17	14	11	0
rg01_theta12p490_foil0	0	1	6	1	28	12	6	4	4	0
rg01_theta12p490_foil0	0	1	6	2	487	251	98	75	63	0
rg01_theta12p490_foil0	0	1	6	3	749	378	150	114	95	0
rg01_theta12p490_foil0	0	1	6	4	1047	379	210	172	290	0
rg01_theta12p490_foil0	0	1	6	5	1316	379	264	221	491	0
rg01_theta12p490_foil0	0	1	6	6	1526	379	306	244	580	0
rg01_theta12p490_foil0	0	1	6	7	12	0	3	0	0	12
rg01_theta12p490_foil0	0	1	7	2	358	180	72	51	46	0
rg01_theta12p490_foil0	0	1	7	3	620	317	124	110	80	0
rg01_theta12p490_foil0	0	1	7	4	856	379	172	136	163	0
rg01_theta12p490_foil0	0	1	7	5	1069	379	214	165	306	0
rg01_theta12p490_foil0	0	1	7	6	1186	379	238	193	382	0
rg01_theta12p490_foil0	0	1	7	7	1	0	1	0	0	1
rg01_theta12p490_foil0	0	1	8	2	282	152	57	47	39	0
rg01_theta12p490_foil0	0	1	8	3	402	208	81	61	52	0
rg01_theta12p490_foil0	0	1	8	4	580	293	116	87	74	0
rg01_theta12p490_foil0	0	1	8	5	720	372	144	113	93	0
rg01_theta12p490_foil0	0	1	8	6	637	329	128	104	83	0
rg01_theta12p490_foil0	0	1	8	7	1	0	1	0	0	1
rg01_theta12p490_foil0	0	2	0	1	1	0	1	0	0	1
rg01_theta12p490_foil0	0	2	0	2	374	192	75	54	48	0
rg01_theta12p490_foil0	0	2	0	3	629	329	126	99	83	0
rg01_theta12p490_foil0	0	2	0	4	895	379	179	128	178	0
rg01_theta12p490_foil0	0	2	0	5	1126	379	226	171	322	0
rg01_theta12p490_foil0	0	2	0	6	521	259	105	79	65	0
rg01_theta12p490_foil0	0	2	1	1	2	0	1	0	0	2
rg01_theta12p490_foil0	0	2	1	2	579	284	116	96	72	0
rg01_theta12p490_foil0	0	2	1	3	982	379	197	151	224	0
rg01_theta12p490_foil0	0	2	1	4	1361	379	273	195	448	0
rg01_theta12p490_foil0	0	2	1	5	1689	379	338	262	651	0
rg01_theta12p490_foil0	0	2	1	6	1890	379	378	289	813	0
rg01_theta12p490_foil0	0	2	1	7	1	0	1	0	0	1
rg01_theta12p490_foil0	0	2	2	1	101	56	21	16	14	0
rg01_theta12p490_foil0	0	2	2	2	839	379	168	142	156	0
rg01_theta12p490_foil0	0	2	2	3	23	0	5	0	0	23
rg01_theta12p490_foil0	0	2	2	4	1637	379	328	256	659	0
rg01_theta12p490_foil0	0	2	2	5	1970	379	394	320	869	0
rg01_theta12p490_foil0	0	2	2	6	2531	379	507	403	1218	0
rg01_theta12p490_foil0	0	2	2	7	226	120	46	42	31	0
rg01_theta12p490_foil0	0	2	3	1	238	127	48	39	32	0
rg01_theta12p490_foil0	0	2	3	2	885	379	177	142	194	0
rg01_theta12p490_foil0	0	2	3	3	1439	379	288	231	540	0
rg01_theta12p490_foil0	0	2	3	4	2005	379	401	330	897	0
rg01_theta12p490_foil0	0	2	3	5	2478	379	496	396	1249	0
rg01_theta12p490_foil0	0	2	3	6	3022	379	605	494	1566	0
rg01_theta12p490_foil0	0	2	3	7	772	379	155	132	148	0
rg01_theta12p490_foil0	0	2	4	1	290	157	58	45	40	0
rg01_theta12p490_foil0	0	2	4	2	991	379	199	168	282	0
rg01_theta12p490_foil0	0	2	4	3	1553	379	311	239	625	0
rg01_theta12p490_foil0	0	2	4	4	597	314	120	89	79	0
rg01_theta12p490_foil0	0	2	4	5	2808	379	562	469	1397	0
rg01_theta12p490_foil0	0	2	4	6	3449	379	690	561	1849	0
rg01_theta12p490_foil0	0	2	4	7	1044	379	209	182	342	0
rg01_theta12p490_foil0	0	2	5	1	278	159	56	49	40	0
rg01_theta12p490_foil0	0	2	5	2	946	379	190	160	238	0
rg01_theta12p490_foil0	0	2	5	3	1411	379	283	231	515	0
rg01_theta12p490_foil0	0	2	5	4	2072	379	415	338	945	0
rg01_theta12p490_foil0	0	2	5	5	47	0	10	0	0	47
rg01_theta12p490_foil0	0	2	5	6	3181	379	637	536	1691	0
rg01_theta12p490_foil0	0	2	5	7	733	379	147	130	126	0
rg01_theta12p490_foil0	0	2	6	1	147	82	30	29	21	0
rg01_theta12p490_foil0	0	2	6	2	793	379	159	131	145	0
rg01_theta12p490_foil0	0	2	6	3	1208	379	242	198	406	0
rg01_theta12p490_foil0	0	2	6	4	1719	379	344	255	726	0
rg01_theta12p490_foil0	0	2	6	5	2180	379	436	341	1047	0
rg01_theta12p490_foil0	0	2	6	6	2736	379	548	441	1436	0
rg01_theta12p490_foil0	0	2	6	7	222	116	45	34	29	0
rg01_theta12p490_foil0	0	2	7	1	1	0	1	0	0	1
rg01_theta12p490_foil0	0	2	7	2	566	306	114	98	77	0
rg01_theta12p490_foil0	0	2	7	3	915	379	183	152	209	0
rg01_theta12p490_foil0	0	2	7	4	1357	379	272	223	505	0
rg01_theta12p490_foil0	0	2	7	5	1809	379	362	278	814	0
rg01_theta12p490_foil0	0	2	7	6	2131	379	427	338	980	0
rg01_theta12p490_foil0	0	2	7	7	4	0	1	0	0	4
rg01_theta12p490_foil0	0	2	8	2	358	192	72	57	48	0
rg01_theta12p490_foil0	0	2	8	3	606	320	122	106	81	0
rg01_theta12p490_foil0	0	2	8	4	958	379	192	157	212	0
rg01_theta12p490_foil0	0	2	8	5	1346	379	270	220	490	0
rg01_theta12p490_foil0	0	2	8	6	756	378	152	120	112	0
rg01_theta12p490_foil0	0	3	0	2	181	85	37	31	22	0
rg01_theta12p490_foil0	0	3	0	3	540	270	108	86	68	0
rg01_theta12p490_foil0	0	3	0	4	691	352	139	101	88	0
rg01_theta12p490_foil0	0	3	0	5	1023	378	205	148	252	0
rg01_theta12p490_foil0	0	3	0	6	208	99	42	28	25	0
rg01_theta12p490_foil0	0	3	0	7	1	0	1	0	0	1
rg01_theta12p490_foil0	0	3	1	1	3	0	1	0	0	3
rg01_theta12p490_foil0	0	3	1	2	394	193	79	67	49	0
rg01_theta12p490_foil0	0	3	1	3	718	352	144	118	89	0
rg01_theta12p490_foil0	0	3	1	4	1043	378	209	172	268	0
rg01_theta12p490_foil0	0	3	1	5	1464	378	293	228	499	0
rg01_theta12p490_foil0	0	3	1	6	1905	378	381	282	788	0
rg01_theta12p490_foil0	0	3	1	7	15	0	3	0	0	15
rg01_theta12p490_foil0	0	3	2	1	137	68	28	20	18	0
rg01_theta12p490_foil0	0	3	2	2	555	268	111	89	68	0
rg01_theta12p490_foil0	0	3	2	3	19	0	4	0	0	19
rg01_theta12p490_foil0	0	3	2	4	1346	378	270	213	463	0
rg01_theta12p490_foil0	0	3	2	5	1799	378	360	287	744	0
rg01_theta12p490_foil0	0	3	2	6	2397	378	480	370	1129	0
rg01_theta12p490_foil0	0	3	2	7	790	378	158	127	130	0
rg01_theta12p490_foil0	0	3	3	1	326	156	66	53	40	0
rg01_theta12p490_foil0	0	3	3	2	689	348	138	116	87	0
rg01_theta12p490_foil0	0	3	3	3	1081	378	217	178	288	0
rg01_theta12p490_foil0	0	3	3	4	1577	378	316	247	597	0
rg01_theta12p490_foil0	0	3	3	5	2181	378	437	342	974	0
rg01_theta12p490_foil0	0	3	3	6	2965	378	593	455	1477	0
rg01_theta12p490_foil0	0	3	3	7	1843	378	369	273	785	0
rg01_theta12p490_foil0	0	3	4	1	325	160	65	47	41	0
rg01_theta12p490_foil0	0	3	4	2	737	376	148	114	95	0
rg01_theta12p490_foil0	0	3	4	3	1209	378	242	182	373	0
rg01_theta12p490_foil0	0	3	4	4	483	236	97	77	59	0
rg01_theta12p490_foil0	0	3	4	5	2385	378	477	381	1114	0
rg01_theta12p490_foil0	0	3	4	6	3172	378	635	485	1557	0
rg01_theta12p490_foil0	0	3	4	7	2180	378	436	350	1019	0
rg01_theta12p490_foil0	0	3	5	1	234	108	47	36	27	0
rg01_theta12p490_foil0	0	3	5	2	659	320	132	94	80	0
rg01_theta12p490_foil0	0	3	5	3	1007	378	202	159	226	0
rg01_theta12p490_foil0	0	3	5	4	1541	378	309	241	587	0
rg01_theta12p490_foil0	0	3	5	5	37	0	8	0	0	37
rg01_theta12p490_foil0	0	3	5	6	3040	378	608	478	1511	0
rg01_theta12p490_foil0	0	3	5	7	1594	378	319	259	628	0
rg01_theta12p490_foil0	0	3	6	1	117	60	24	20	16	0
rg01_theta12p490_foil0	0	3	6	2	617	313	124	108	79	0
rg01_theta12p490_foil0	0	3	6	3	887	378	178	144	178	0
rg01_theta12p490_foil0	0	3	6	4	1315	378	263	211	440	0
rg01_theta12p490_foil0	0	3	6	5	1814	378	363	289	742	0
rg01_theta12p490_foil0	0	3	6	6	2502	378	501	393	1153	0
rg01_theta12p490_foil0	0	3	6	7	680	357	136	111	90	0
rg01_theta12p490_foil0	0	3	7	1	3	0	1	0	0	3
rg01_theta12p490_foil0	0	3	7	2	425	211	85	64	53	0
rg01_theta12p490_foil0	0	3	7	3	684	349	137	111	88	0
rg01_theta12p490_foil0	0	3	7	4	1030	378	206	165	235	0
rg01_theta12p490_foil0	0	3	7	5	1452	378	291	226	513	0
rg01_theta12p490_foil0	0	3	7	6	1926	378	386	305	861	0
rg01_theta12p490_foil0	0	3	7	7	15	0	3	0	0	15
rg01_theta12p490_foil0	0	3	8	1	1	0	1	0	0	1
rg01_theta12p490_foil0	0	3	8	2	166	86	34	26	22	0
rg01_theta12p490_foil0	0	3	8	3	481	246	97	73	62	0
rg01_theta12p490_foil0	0	3	8	4	674	340	135	111	85	0
rg01_theta12p490_foil0	0	3	8	5	1047	378	210	177	272	0
rg01_theta12p490_foil0	0	3	8	6	364	174	73	58	44	0
rg01_theta12p490_foil0	0	3	8	7	2	0	1	0	0	2
rg01_theta12p490_foil0	0	4	0	2	54	28	11	9	7	0
rg01_theta12p490_foil0	0	4	0	3	284	145	57	43	37	0
rg01_theta12p490_foil0	0	4	0	4	447	223	90	67	56	0
rg01_theta12p490_foil0	0	4	0	5	701	355	141	109	89	0
rg01_theta12p490_foil0	0	4	0	6	23	0	5	0	0	23
rg01_theta12p490_foil0	0	4	1	1	1	0	1	0	0	1
rg01_theta12p490_foil0	0	4	1	2	268	135	54	43	34	0
rg01_theta12p490_foil0	0	4	1	3	436	217	88	70	55	0
rg01_theta12p490_foil0	0	4	1	4	651	331	131	98	83	0
rg01_theta12p490_foil0	0	4	1	5	1004	378	201	158	253	0
rg01_theta12p490_foil0	0	4	1	6	1384	378	277	223	492	0
rg01_theta12p490_foil0	0	4	1	7	3	0	1	0	0	3
rg01_theta12p490_foil0	0	4	2	1	105	50	21	16	13	0
rg01_theta12p490_foil0	0	4	2	2	313	156	63	45	40	0
rg01_theta12p490_foil0	0	4	2	3	7	0	2	0	0	7
rg01_theta12p490_foil0	0	4	2	4	866	378	174	142	158	0
rg01_theta12p490_foil0	0	4	2	5	1195	378	239	190	376	0
rg01_theta12p490_foil0	0	4	2	6	1837	378	368	280	772	0
rg01_theta12p490_foil0	0	4	2	7	1013	378	203	160	281	0
rg01_theta12p490_foil0	0	4	3	1	192	93	39	34	24	0
rg01_theta12p490_foil0	0	4	3	2	380	183	76	63	46	0
rg01_theta12p490_foil0	0	4	3	3	652	321	131	91	81	0
rg01_theta12p490_foil0	0	4	3	4	1014	378	203	167	251	0
rg01_theta12p490_foil0	0	4	3	5	1481	378	297	233	545	0
rg01_theta12p490_foil0	0	4	3	6	2131	378	427	324	968	0
rg01_theta12p490_foil0	0	4	3	7	2213	378	443	348	1052	0
rg01_theta12p490_foil0	0	4	4	1	187	80	38	32	21	0
rg01_theta12p490_foil0	0	4	4	2	419	206	84	68	52	0
rg01_theta12p490_foil0	0	4	4	3	677	334	136	97	84	0
rg01_theta12p490_foil0	0	4	4	4	284	149	57	46	38	0
rg01_theta12p490_foil0	0	4	4	5	1629	378	326	257	639	0
rg01_theta12p490_foil0	0	4	4	6	2364	378	473	366	1102	0
rg01_theta12p490_foil0	0	4	4	7	2482	378	497	378	1205	0
rg01_theta12p490_foil0	0	4	5	1	185	94	37	26	24	0
rg01_theta12p490_foil0	0	4	5	2	343	176	69	51	45	0
rg01_theta12p490_foil0	0	4	5	3	611	309	123	97	78	0
rg01_theta12p490_foil0	0	4	5	4	1009	378	202	159	227	0
rg01_theta12p490_foil0	0	4	5	5	13	0	3	0	0	13
rg01_theta12p490_foil0	0	4	5	6	2060	378	412	331	914	0
rg01_theta12p490_foil0	0	4	5	7	1982	378	397	336	889	0
rg01_theta12p490_foil0	0	4	6	1	103	51	21	17	13	0
rg01_theta12p490_foil0	0	4	6	2	301	152	61	48	38	0
rg01_theta12p490_foil0	0	4	6	3	490	255	98	75	64	0
rg01_theta12p490_foil0	0	4	6	4	793	378	159	125	119	0
rg01_theta12p490_foil0	0	4	6	5	1213	378	243	185	366	0
rg01_theta12p490_foil0	0	4	6	6	1784	378	357	286	725	0
rg01_theta12p490_foil0	0	4	6	7	882	378	177	141	172	0
rg01_theta12p490_foil0	0	4	7	2	151	77	31	22	20	0
rg01_theta12p490_foil0	0	4	7	3	362	182	73	55	46	0
rg01_theta12p490_foil0	0	4	7	4	561	284	113	93	72	0
rg01_theta12p490_foil0	0	4	7	5	982	378	197	153	238	0
rg01_theta12p490_foil0	0	4	7	6	1491	378	299	256	574	0
rg01_theta12p490_foil0	0	4	7	7	4	0	1	0	0	4
rg01_theta12p490_foil0	0	4	8	1	1	0	1	0	0	1
rg01_theta12p490_foil0	0	4	8	2	9	0	2	0	0	9
rg01_theta12p490_foil0	0	4	8	3	230	104	46	32	27	0
rg01_theta12p490_foil0	0	4	8	4	396	186	80	62	47	0
rg01_theta12p490_foil0	0	4	8	5	686	319	138	102	80	0
rg01_theta12p490_foil0	0	4	8	6	64	30	13	8	8	0
rg02_theta15p195_foil0	0	0	0	2	29	15	6	3	4	0
rg02_theta15p195_foil0	0	0	0	3	41	19	9	5	5	0
rg02_theta15p195_foil0	0	0	0	4	53	25	11	8	7	0
rg02_theta15p195_foil0	0	0	0	5	44	19	9	7	5	0
rg02_theta15p195_foil0	0	0	0	6	21	0	5	0	0	21
rg02_theta15p195_foil0	0	0	1	2	44	14	9	5	4	0
rg02_theta15p195_foil0	0	0	1	3	64	23	13	12	6	0
rg02_theta15p195_foil0	0	0	1	4	88	42	18	11	11	0
rg02_theta15p195_foil0	0	0	1	5	86	42	18	13	11	0
rg02_theta15p195_foil0	0	0	1	6	65	26	13	10	7	0
rg02_theta15p195_foil0	0	0	2	2	42	16	9	3	5	0
rg02_theta15p195_foil0	0	0	2	3	7	0	2	0	0	7
rg02_theta15p195_foil0	0	0	2	4	98	44	20	11	12	0
rg02_theta15p195_foil0	0	0	2	5	113	51	23	12	13	0
rg02_theta15p195_foil0	0	0	2	6	124	56	25	20	15	0
rg02_theta15p195_foil0	0	0	3	2	45	16	9	6	5	0
rg02_theta15p195_foil0	0	0	3	3	81	42	17	16	11	0
rg02_theta15p195_foil0	0	0	3	4	103	50	21	14	13	0
rg02_theta15p195_foil0	0	0	3	5	157	77	32	25	20	0
rg02_theta15p195_foil0	0	0	3	6	161	73	33	22	19	0
rg02_theta15p195_foil0	0	0	4	2	48	20	10	8	5	0
rg02_theta15p195_foil0	0	0	4	3	79	39	16	9	10	0
rg02_theta15p195_foil0	0	0	4	4	36	19	8	6	5	0
rg02_theta15p195_foil0	0	0	4	5	158	77	32	24	20	0
rg02_theta15p195_foil0	0	0	4	6	179	76	36	29	19	0
rg02_theta15p195_foil0	0	0	5	2	27	12	6	6	4	0
rg02_theta15p195_foil0	0	0	5	3	75	36	15	11	10	0
rg02_theta15p195_foil0	0	0	5	4	110	56	22	18	14	0
rg02_theta15p195_foil0	0	0	5	5	7	0	2	0	0	7
rg02_theta15p195_foil0	0	0	5	6	159	76	32	27	19	0
rg02_theta15p195_foil0	0	0	6	2	14	0	3	0	0	14
rg02_theta15p195_foil0	0	0	6	3	49	24	10	7	6	0
rg02_theta15p195_foil0	0	0	6	4	77	37	16	11	10	0
rg02_theta15p195_foil0	0	0	6	5	96	46	20	17	12	0
rg02_theta15p195_foil0	0	0	6	6	170	80	34	24	20	0
rg02_theta15p195_foil0	0	0	7	2	12	0	3	0	0	12
rg02_theta15p195_foil0	0	0	7	3	33	19	7	7	5	0
rg02_theta15p195_foil0	0	0	7	4	56	28	12	9	8	0
rg02_theta15p195_foil0	0	0	7	5	67	32	14	13	8	0
rg02_theta15p195_foil0	0	0	7	6	103	48	21	15	12	0
rg02_theta15p195_foil0	0	0	8	2	12	0	3	0	0	12
rg02_theta15p195_foil0	0	0	8	3	20	0	4	0	0	20
rg02_theta15p195_foil0	0	0	8	4	24	0	5	0	0	24
rg02_theta15p195_foil0	0	0	8	5	44	23	9	6	6	0
rg02_theta15p195_foil0	0	0	8	6	63	30	13	11	8	0
rg02_theta15p195_foil0	0	1	0	2	34	18	7	6	5	0
rg02_theta15p195_foil0	0	1	0	3	55	24	11	8	6	0
rg02_theta15p195_foil0	0	1	0	4	72	36	15	14	10	0
rg02_theta15p195_foil0	0	1	0	5	100	49	20	14	13	0
rg02_theta15p195_foil0	0	1	0	6	49	23	10	8	6	0
rg02_theta15p195_foil0	0	1	1	2	47	24	10	7	7	0
rg02_theta15p195_foil0	0	1	1	3	87	44	18	12	11	0
rg02_theta15p195_foil0	0	1	1	4	105	52	21	16	14	0
rg02_theta15p195_foil0	0	1	1	5	152	79	31	24	20	0
rg02_theta15p195_foil0	0	1	1	6	148	74	30	24	19	0
rg02_theta15p195_foil0	0	1	1	7	1	0	1	0	0	1
rg02_theta15p195_foil0	0	1	2	1	9	0	2	0	0	9
rg02_theta15p195_foil0	0	1	2	2	73	37	15	13	10	0
rg02_theta15p195_foil0	0	1	2	3	2	0	1	0	0	2
rg02_theta15p195_foil0	0	1	2	4	145	76	29	22	19	0
rg02_theta15p195_foil0	0	1	2	5	182	96	37	30	25	0
rg02_theta15p195_foil0	0	1	2	6	261	131	53	35	33	0
rg02_theta15p195_foil0	0	1	2	7	2	0	1	0	0	2
rg02_theta15p195_foil0	0	1	3	1	7	0	2	0	0	7
rg02_theta15p195_foil0	0	1	3	2	67	33	14	11	9	0
rg02_theta15p195_foil0	0	1	3	3	116	60	24	20	15	0
rg02_theta15p195_foil0	0	1	3	4	148	73	30	25	19	0
rg02_theta15p195_foil0	0	1	3	5	204	105	41	35	27	0
rg02_theta15p195_foil0	0	1	3	6	240	128	48	43	32	0
rg02_theta15p195_foil0	0	1	3	7	12	0	3	0	0	12
rg02_theta15p195_foil0	0	1	4	1	10	0	2	0	0	10
rg02_theta15p195_foil0	0	1	4	2	69	32	14	12	8	0
rg02_theta15p195_foil0	0	1	4	3	136	72	28	22	19	0
rg02_theta15p195_foil0	0	1	4	4	46	23	10	7	6	0
rg02_theta15p195_foil0	0	1	4	5	217	111	44	35	28	0
rg02_theta15p195_foil0	0	1	4	6	300	151	60	45	38	0
rg02_theta15p195_foil0	0	1	4	7	12	0	3	0	0	12
rg02_theta15p195_foil0	0	1	5	1	6	0	2	0	0	6
rg02_theta15p195_foil0	0	1	5	2	57	28	12	11	8	0
rg02_theta15p195_foil0	0	1	5	3	104	55	21	19	14	0
rg02_theta15p195_foil0	0	1	5	4	139	74	28	22	19	0
rg02_theta15p195_foil0	0	1	5	5	3	0	1	0	0	3
rg02_theta15p195_foil0	0	1	5	6	290	144	58	48	37	0
rg02_theta15p195_foil0	0	1	5	7	9	0	2	0	0	9
rg02_theta15p195_foil0	0	1	6	1	1	0	1	0	0	1
rg02_theta15p195_foil0	0	1	6	2	39	21	8	6	6	0
rg02_theta15p195_foil0	0	1	6	3	113	59	23	20	15	0
rg02_theta15p195_foil0	0	1	6	4	147	78	30	22	20	0
rg02_theta15p195_foil0	0	1	6	5	166	89	34	28	23	0
rg02_theta15p195_foil0	0	1	6	6	276	146	56	48	37	0
rg02_theta15p195_foil0	0	1	6	7	2	0	1	0	0	2
rg02_theta15p195_foil0	0	1	7	2	40	19	8	6	5	0
rg02_theta15p195_foil0	0	1	7	3	68	34	14	11	9	0
rg02_theta15p195_foil0	0	1	7	4	112	56	23	17	14	0
rg02_theta15p195_foil0	0	1	7	5	161	80	33	24	21	0
rg02_theta15p195_foil0	0	1	7	6	187	97	38	34	25	0
rg02_theta15p195_foil0	0	1	8	2	18	0	4	0	0	18
rg02_theta15p195_foil0	0	1	8	3	42	19	9	8	5	0
rg02_theta15p195_foil0	0	1	8	4	68	35	14	11	9	0
rg02_theta15p195_foil0	0	1	8	5	101	52	21	20	13	0
rg02_theta15p195_foil0	0	1	8	6	84	44	17	13	12	0
rg02_theta15p195_foil0	0	2	0	2	28	12	6	5	4	0
rg02_theta15p195_foil0	0	2	0	3	69	33	14	10	9	0
rg02_theta15p195_foil0	0	2	0	4	105	56	21	18	15	0
rg02_theta15p195_foil0	0	2	0	5	156	81	32	25	21	0
rg02_theta15p195_foil0	0	2	0	6	72	38	15	13	10	0
rg02_theta15p195_foil0	0	2	1	2	50	27	10	6	7	0
rg02_theta15p195_foil0	0	2	1	3	94	47	19	14	12	0
rg02_theta15p195_foil0	0	2	1	4	156	78	32	24	20	0
rg02_theta15p195_foil0	0	2	1	5	225	115	45	38	29	0
rg02_theta15p195_foil0	0	2	1	6	254	122	51	34	31	0
rg02_theta15p195_foil0	0	2	2	1	12	0	3	0	0	12
rg02_theta15p195_foil0	0	2	2	2	70	39	14	12	10	0
rg02_theta15p195_foil0	0	2	2	3	5	0	1	0	0	5
rg02_theta15p195_foil0	0	2	2	4	207	104	42	30	26	0
rg02_theta15p195_foil0	0	2	2	5	288	149	58	49	38	0
rg02_theta15p195_foil0	0	2	2	6	351	180	71	55	46	0
rg02_theta15p195_foil0	0	2	2	7	24	0	5	0	0	24
rg02_theta15p195_foil0	0	2	3	1	16	0	4	0	0	16
rg02_theta15p195_foil0	0	2	3	2	77	37	16	14	10	0
rg02_theta15p195_foil0	0	2	3	3	156	80	32	21	21	0
rg02_theta15p195_foil0	0	2	3	4	230	119	46	36	30	0
rg02_theta15p195_foil0	0	2	3	5	320	171	64	47	43	0
rg02_theta15p195_foil0	0	2	3	6	447	236	90	75	59	0
rg02_theta15p195_foil0	0	2	3	7	99	57	20	18	15	0
rg02_theta15p195_foil0	0	2	4	1	21	0	5	0	0	21
rg02_theta15p195_foil0	0	2	4	2	79	36	16	15	10	0
rg02_theta15p195_foil0	0	2	4	3	155	78	31	24	20	0
rg02_theta15p195_foil0	0	2	4	4	75	37	15	11	10	0
rg02_theta15p195_foil0	0	2	4	5	383	196	77	59	50	0
rg02_theta15p195_foil0	0	2	4	6	464	246	93	78	62	0
rg02_theta15p195_foil0	0	2	4	7	109	63	22	21	16	0
rg02_theta15p195_foil0	0	2	5	1	22	0	5	0	0	22
rg02_theta15p195_foil0	0	2	5	2	92	48	19	16	12	0
rg02_theta15p195_foil0	0	2	5	3	133	69	27	23	18	0
rg02_theta15p195_foil0	0	2	5	4	236	120	48	37	31	0
rg02_theta15p195_foil0	0	2	5	5	5	0	1	0	0	5
rg02_theta15p195_foil0	0	2	5	6	445	238	89	82	60	0
rg02_theta15p195_foil0	0	2	5	7	72	40	15	14	11	0
rg02_theta15p195_foil0	0	2	6	1	20	0	4	0	0	20
rg02_theta15p195_foil0	0	2	6	2	76	40	16	13	10	0
rg02_theta15p195_foil0	0	2	6	3	118	58	24	17	15	0
rg02_theta15p195_foil0	0	2	6	4	194	96	39	27	25	0
rg02_theta15p195_foil0	0	2	6	5	260	136	52	42	35	0
rg02_theta15p195_foil0	0	2	6	6	397	211	80	68	53	0
rg02_theta15p195_foil0	0	2	6	7	13	0	3	0	0	13
rg02_theta15p195_foil0	0	2	7	2	41	24	9	9	6	0
rg02_theta15p195_foil0	0	2	7	3	89	48	18	13	12	0
rg02_theta15p195_foil0	0	2	7	4	133	68	27	22	17	0
rg02_theta15p195_foil0	0	2	7	5	223	112	45	37	28	0
rg02_theta15p195_foil0	0	2	7	6	276	148	56	47	38	0
rg02_theta15p195_foil0	0	2	8	2	33	18	7	7	5	0
rg02_theta15p195_foil0	0	2	8	3	76	39	16	14	10	0
rg02_theta15p195_foil0	0	2	8	4	101	52	21	14	14	0
rg02_theta15p195_foil0	0	2	8	5	156	87	32	25	22	0
rg02_theta15p195_foil0	0	2	8	6	90	47	18	17	12	0
rg02_theta15p195_foil0	0	3	0	2	12	0	3	0	0	12
rg02_theta15p195_foil0	0	3	0	3	33	16	7	5	5	0
rg02_theta15p195_foil0	0	3	0	4	59	26	12	10	7	0
rg02_theta15p195_foil0	0	3	0	5	102	48	21	19	13	0
rg02_theta15p195_foil0	0	3	0	6	14	0	3	0	0	14
rg02_theta15p195_foil0	0	3	0	7	1	0	1	0	0	1
rg02_theta15p195_foil0	0	3	1	2	20	0	4	0	0	20
rg02_theta15p195_foil0	0	3	1	3	38	22	8	7	6	0
rg02_theta15p195_foil0	0	3	1	4	90	43	18	17	11	0
rg02_theta15p195_foil0	0	3	1	5	106	56	22	15	14	0
rg02_theta15p195_foil0	0	3	1	6	203	103	41	37	26	0
rg02_theta15p195_foil0	0	3	1	7	1	0	1	0	0	1
rg02_theta15p195_foil0	0	3	2	1	7	0	2	0	0	7
rg02_theta15p195_foil0	0	3	2	2	35	18	7	4	5	0
rg02_theta15p195_foil0	0	3	2	3	1	0	1	0	0	1
rg02_theta15p195_foil0	0	3	2	4	104	51	21	17	13	0
rg02_theta15p195_foil0	0	3	2	5	172	84	35	27	22	0
rg02_theta15p195_foil0	0	3	2	6	280	137	56	45	35	0
rg02_theta15p195_foil0	0	3	2	7	81	42	17	12	11	0
rg02_theta15p195_foil0	0	3	3	1	18	0	4	0	0	18
rg02_theta15p195_foil0	0	3	3	2	50	26	10	7	7	0
rg02_theta15p195_foil0	0	3	3	3	102	47	21	13	12	0
rg02_theta15p195_foil0	0	3	3	4	126	60	26	21	16	0
rg02_theta15p195_foil0	0	3	3	5	202	98	41	34	25	0
rg02_theta15p195_foil0	0	3	3	6	291	146	59	42	37	0
rg02_theta15p195_foil0	0	3	3	7	183	95	37	32	24	0
rg02_theta15p195_foil0	0	3	4	1	23	0	5	0	0	23
rg02_theta15p195_foil0	0	3	4	2	41	21	9	7	6	0
rg02_theta15p195_foil0	0	3	4	3	94	49	19	14	13	0
rg02_theta15p195_foil0	0	3	4	4	39	21	8	5	6	0
rg02_theta15p195_foil0	0	3	4	5	218	112	44	35	29	0
rg02_theta15p195_foil0	0	3	4	6	346	169	70	54	43	0
rg02_theta15p195_foil0	0	3	4	7	223	115	45	39	29	0
rg02_theta15p195_foil0	0	3	5	1	12	0	3	0	0	12
rg02_theta15p195_foil0	0	3	5	2	45	22	9	6	6	0
rg02_theta15p195_foil0	0	3	5	3	72	40	15	10	11	0
rg02_theta15p195_foil0	0	3	5	4	121	64	25	23	17	0
rg02_theta15p195_foil0	0	3	5	5	5	0	1	0	0	5
rg02_theta15p195_foil0	0	3	5	6	281	137	57	45	35	0
rg02_theta15p195_foil0	0	3	5	7	157	80	32	25	21	0
rg02_theta15p195_foil0	0	3	6	1	6	0	2	0	0	6
rg02_theta15p195_foil0	0	3	6	2	24	0	5	0	0	24
rg02_theta15p195_foil0	0	3	6	3	60	29	12	9	8	0
rg02_theta15p195_foil0	0	3	6	4	98	48	20	17	12	0
rg02_theta15p195_foil0	0	3	6	5	171	88	35	30	22	0
rg02_theta15p195_foil0	0	3	6	6	296	143	60	50	36	0
rg02_theta15p195_foil0	0	3	6	7	54	28	11	5	8	0
rg02_theta15p195_foil0	0	3	7	2	35	16	7	5	5	0
rg02_theta15p195_foil0	0	3	7	3	41	18	9	8	5	0
rg02_theta15p195_foil0	0	3	7	4	76	38	16	13	10	0
rg02_theta15p195_foil0	0	3	7	5	126	64	26	20	16	0
rg02_theta15p195_foil0	0	3	7	6	180	95	36	27	24	0
rg02_theta15p195_foil0	0	3	7	7	3	0	1	0	0	3
rg02_theta15p195_foil0	0	3	8	2	8	0	2	0	0	8
rg02_theta15p195_foil0	0	3	8	3	30	14	6	5	4	0
rg02_theta15p195_foil0	0	3	8	4	53	25	11	8	7	0
rg02_theta15p195_foil0	0	3	8	5	114	56	23	20	15	0
rg02_theta15p195_foil0	0	3	8	6	19	0	4	0	0	19
rg02_theta15p195_foil0	0	4	0	2	1	0	1	0	0	1
rg02_theta15p195_foil0	0	4	0	3	5	0	1	0	0	5
rg02_theta15p195_foil0	0	4	0	4	28	16	6	5	5	0
rg02_theta15p195_foil0	0	4	0	5	33	18	7	6	5	0
rg02_theta15p195_foil0	0	4	0	6	2	0	1	0	0	2
rg02_theta15p195_foil0	0	4	1	2	6	0	2	0	0	6
rg02_theta15p195_foil0	0	4	1	3	16	0	4	0	0	16
rg02_theta15p195_foil0	0	4	1	4	31	17	7	4	5	0
rg02_theta15p195_foil0	0	4	1	5	50	29	10	7	8	0
rg02_theta15p195_foil0	0	4	1	6	84	46	17	12	12	0
rg02_theta15p195_foil0	0	4	2	2	9	0	2	0	0	9
rg02_theta15p195_foil0	0	4	2	4	37	17	8	5	5	0
rg02_theta15p195_foil0	0	4	2	5	69	36	14	9	10	0
rg02_theta15p195_foil0	0	4	2	6	110	56	22	17	14	0
rg02_theta15p195_foil0	0	4	2	7	59	30	12	11	8	0
rg02_theta15p195_foil0	0	4	3	2	12	0	3	0	0	12
rg02_theta15p195_foil0	0	4	3	3	20	0	4	0	0	20
rg02_theta15p195_foil0	0	4	3	4	40	20	8	6	5	0
rg02_theta15p195_foil0	0	4	3	5	73	39	15	12	10	0
rg02_theta15p195_foil0	0	4	3	6	160	81	32	27	21	0
rg02_theta15p195_foil0	0	4	3	7	145	78	29	26	20	0
rg02_theta15p195_foil0	0	4	4	2	17	0	4	0	0	17
rg02_theta15p195_foil0	0	4	4	3	22	0	5	0	0	22
rg02_theta15p195_foil0	0	4	4	4	9	0	2	0	0	9
rg02_theta15p195_foil0	0	4	4	5	92	46	19	17	12	0
rg02_theta15p195_foil0	0	4	4	6	158	86	32	28	22	0
rg02_theta15p195_foil0	0	4	4	7	182	94	37	28	24	0
rg02_theta15p195_foil0	0	4	5	2	14	0	3	0	0	14
rg02_theta15p195_foil0	0	4	5	3	24	0	5	0	0	24
rg02_theta15p195_foil0	0	4	5	4	45	22	9	6	6	0
rg02_theta15p195_foil0	0	4	5	6	181	97	37	28	25	0
rg02_theta15p195_foil0	0	4	5	7	144	71	29	25	18	0
rg02_theta15p195_foil0	0	4	6	2	8	0	2	0	0	8
rg02_theta15p195_foil0	0	4	6	3	17	0	4	0	0	17
rg02_theta15p195_foil0	0	4	6	4	35	20	7	5	5	0
rg02_theta15p195_foil0	0	4	6	5	51	25	11	10	7	0
rg02_theta15p195_foil0	0	4	6	6	138	74	28	24	19	0
rg02_theta15p195_foil0	0	4	6	7	53	27	11	9	7	0
rg02_theta15p195_foil0	0	4	7	3	17	0	4	0	0	17
rg02_theta15p195_foil0	0	4	7	4	27	12	6	6	3	0
rg02_theta15p195_foil0	0	4	7	5	66	30	14	12	8	0
rg02_theta15p195_foil0	0	4	7	6	113	56	23	19	15	0
rg02_theta15p195_foil0	0	4	8	3	10	0	2	0	0	10
rg02_theta15p195_foil0	0	4	8	4	12	0	3	0	0	12
rg02_theta15p195_foil0	0	4	8	5	45	23	9	7	6	0
rg02_theta15p195_foil0	0	4	8	6	5	0	1	0	0	5
rg03_theta12p490_foilpm8	0	0	0	1	3	0	1	0	0	3
rg03_theta12p490_foilpm8	0	0	0	2	52	0	11	0	0	52
rg03_theta12p490_foilpm8	0	0	0	3	78	16	16	6	5	0
rg03_theta12p490_foilpm8	0	0	0	4	98	44	20	13	12	0
rg03_theta12p490_foilpm8	0	0	0	5	41	10	9	5	3	0
rg03_theta12p490_foilpm8	0	0	0	6	3	0	1	0	0	3
rg03_theta12p490_foilpm8	0	0	1	1	19	0	4	0	0	19
rg03_theta12p490_foilpm8	0	0	1	2	48	0	10	0	0	48
rg03_theta12p490_foilpm8	0	0	1	3	101	48	21	14	13	0
rg03_theta12p490_foilpm8	0	0	1	4	144	72	29	21	18	0
rg03_theta12p490_foilpm8	0	0	1	5	89	40	18	12	10	0
rg03_theta12p490_foilpm8	0	0	1	6	2	0	1	0	0	2
rg03_theta12p490_foilpm8	0	0	2	1	38	12	8	5	4	0
rg03_theta12p490_foilpm8	0	0	2	2	77	25	16	10	7	0
rg03_theta12p490_foilpm8	0	0	2	3	18	0	4	0	0	18
rg03_theta12p490_foilpm8	0	0	2	4	160	65	32	19	17	0
rg03_theta12p490_foilpm8	0	0	2	5	140	55	28	14	14	0
rg03_theta12p490_foilpm8	0	0	2	6	21	0	5	0	0	21
rg03_theta12p490_foilpm8	0	0	3	1	37	13	8	2	4	0
rg03_theta12p490_foilpm8	0	0	3	2	95	44	19	12	11	0
rg03_theta12p490_foilpm8	0	0	3	3	141	65	29	22	17	0
rg03_theta12p490_foilpm8	0	0	3	4	167	76	34	20	20	0
rg03_theta12p490_foilpm8	0	0	3	5	187	92	38	25	24	0
rg03_theta12p490_foilpm8	0	0	3	6	54	20	11	4	6	0
rg03_theta12p490_foilpm8	0	0	4	1	44	18	9	6	5	0
rg03_theta12p490_foilpm8	0	0	4	2	151	64	31	18	17	0
rg03_theta12p490_foilpm8	0	0	4	3	176	80	36	27	21	0
rg03_theta12p490_foilpm8	0	0	4	4	66	21	14	6	6	0
rg03_theta12p490_foilpm8	0	0	4	5	208	86	42	27	22	0
rg03_theta12p490_foilpm8	0	0	4	6	179	64	36	21	16	0
rg03_theta12p490_foilpm8	0	0	5	1	31	11	7	2	3	0
rg03_theta12p490_foilpm8	0	0	5	2	90	44	18	9	12	0
rg03_theta12p490_foilpm8	0	0	5	3	158	77	32	13	20	0
rg03_theta12p490_foilpm8	0	0	5	4	153	76	31	22	19	0
rg03_theta12p490_foilpm8	0	0	5	5	32	0	7	0	0	32
rg03_theta12p490_foilpm8	0	0	5	6	156	72	32	27	18	0
rg03_theta12p490_foilpm8	0	0	6	1	14	0	3	0	0	14
rg03_theta12p490_foilpm8	0	0	6	2	72	28	15	5	8	0
rg03_theta12p490_foilpm8	0	0	6	3	148	58	30	16	15	0
rg03_theta12p490_foilpm8	0	0	6	4	157	70	32	23	18	0
rg03_theta12p490_foilpm8	0	0	6	5	162	76	33	23	20	0
rg03_theta12p490_foilpm8	0	0	6	6	168	78	34	26	20	0
rg03_theta12p490_foilpm8	0	0	7	1	1	0	1	0	0	1
rg03_theta12p490_foilpm8	0	0	7	2	38	17	8	6	5	0
rg03_theta12p490_foilpm8	0	0	7	3	64	28	13	8	8	0
rg03_theta12p490_foilpm8	0	0	7	4	106	55	22	17	14	0
rg03_theta12p490_foilpm8	0	0	7	5	145	72	29	23	19	0
rg03_theta12p490_foilpm8	0	0	7	6	103	52	21	18	14	0
rg03_theta12p490_foilpm8	0	0	8	2	12	0	3	0	0	12
rg03_theta12p490_foilpm8	0	0	8	3	17	0	4	0	0	17
rg03_theta12p490_foilpm8	0	0	8	4	57	29	12	10	8	0
rg03_theta12p490_foilpm8	0	0	8	5	70	34	14	13	9	0
rg03_theta12p490_foilpm8	0	0	8	6	6	0	2	0	0	6
rg03_theta12p490_foilpm8	0	1	0	1	2	0	1	0	0	2
rg03_theta12p490_foilpm8	0	1	0	2	70	28	14	9	7	0
rg03_theta12p490_foilpm8	0	1	0	3	106	51	22	13	13	0
rg03_theta12p490_foilpm8	0	1	0	4	133	55	27	21	14	0
rg03_theta12p490_foilpm8	0	1	0	5	98	40	20	13	10	0
rg03_theta12p490_foilpm8	0	1	0	6	4	0	1	0	0	4
rg03_theta12p490_foilpm8	0	1	1	1	64	27	13	7	7	0
rg03_theta12p490_foilpm8	0	1	1	2	99	39	20	10	10	0
rg03_theta12p490_foilpm8	0	1	1	3	193	87	39	28	22	0
rg03_theta12p490_foilpm8	0	1	1	4	235	99	47	30	25	0
rg03_theta12p490_foilpm8	0	1	1	5	185	77	37	30	20	0
rg03_theta12p490_foilpm8	0	1	1	6	27	9	6	3	3	0
rg03_theta12p490_foilpm8	0	1	2	1	83	37	17	6	10	0
rg03_theta12p490_foilpm8	0	1	2	2	146	67	30	21	17	0
rg03_theta12p490_foilpm8	0	1	2	3	22	0	5	0	0	22
rg03_theta12p490_foilpm8	0	1	2	4	235	107	47	29	27	0
rg03_theta12p490_foilpm8	0	1	2	5	267	120	54	39	31	0
rg03_theta12p490_foilpm8	0	1	2	6	92	36	19	10	9	0
rg03_theta12p490_foilpm8	0	1	3	1	98	38	20	14	10	0
rg03_theta12p490_foilpm8	0	1	3	2	171	82	35	27	21	0
rg03_theta12p490_foilpm8	0	1	3	3	223	96	45	31	25	0
rg03_theta12p490_foilpm8	0	1	3	4	293	140	59	50	36	0
rg03_theta12p490_foilpm8	0	1	3	5	323	155	65	44	39	0
rg03_theta12p490_foilpm8	0	1	3	6	232	108	47	28	27	0
rg03_theta12p490_foilpm8	0	1	4	1	87	39	18	9	10	0
rg03_theta12p490_foilpm8	0	1	4	2	191	92	39	28	23	0
rg03_theta12p490_foilpm8	0	1	4	3	230	116	46	37	30	0
rg03_theta12p490_foilpm8	0	1	4	4	73	36	15	12	10	0
rg03_theta12p490_foilpm8	0	1	4	5	351	183	71	59	46	0
rg03_theta12p490_foilpm8	0	1	4	6	325	156	65	53	39	0
rg03_theta12p490_foilpm8	0	1	5	1	89	36	18	11	9	0
rg03_theta12p490_foilpm8	0	1	5	2	172	81	35	26	21	0
rg03_theta12p490_foilpm8	0	1	5	3	224	112	45	32	29	0
rg03_theta12p490_foilpm8	0	1	5	4	257	128	52	39	32	0
rg03_theta12p490_foilpm8	0	1	5	5	18	0	4	0	0	18
rg03_theta12p490_foilpm8	0	1	5	6	363	161	73	52	41	0
rg03_theta12p490_foilpm8	0	1	6	1	66	24	14	3	7	0
rg03_theta12p490_foilpm8	0	1	6	2	129	62	26	17	16	0
rg03_theta12p490_foilpm8	0	1	6	3	197	95	40	32	24	0
rg03_theta12p490_foilpm8	0	1	6	4	230	115	46	27	29	0
rg03_theta12p490_foilpm8	0	1	6	5	282	145	57	49	37	0
rg03_theta12p490_foilpm8	0	1	6	6	326	162	66	49	41	0
rg03_theta12p490_foilpm8	0	1	7	1	24	0	5	0	0	24
rg03_theta12p490_foilpm8	0	1	7	2	97	51	20	12	13	0
rg03_theta12p490_foilpm8	0	1	7	3	161	81	33	28	21	0
rg03_theta12p490_foilpm8	0	1	7	4	206	100	42	32	26	0
rg03_theta12p490_foilpm8	0	1	7	5	234	118	47	34	30	0
rg03_theta12p490_foilpm8	0	1	7	6	251	127	51	44	32	0
rg03_theta12p490_foilpm8	0	1	8	1	1	0	1	0	0	1
rg03_theta12p490_foilpm8	0	1	8	2	93	50	19	13	13	0
rg03_theta12p490_foilpm8	0	1	8	3	104	48	21	14	13	0
rg03_theta12p490_foilpm8	0	1	8	4	135	60	27	19	16	0
rg03_theta12p490_foilpm8	0	1	8	5	161	78	33	27	20	0
rg03_theta12p490_foilpm8	0	1	8	6	8	0	2	0	0	8
rg03_theta12p490_foilpm8	0	2	0	1	3	0	1	0	0	3
rg03_theta12p490_foilpm8	0	2	0	2	112	53	23	16	14	0
rg03_theta12p490_foilpm8	0	2	0	3	184	84	37	21	22	0
rg03_theta12p490_foilpm8	0	2	0	4	235	118	47	35	30	0
rg03_theta12p490_foilpm8	0	2	0	5	222	110	45	39	28	0
rg03_theta12p490_foilpm8	0	2	0	6	4	0	1	0	0	4
rg03_theta12p490_foilpm8	0	2	1	1	58	28	12	10	8	0
rg03_theta12p490_foilpm8	0	2	1	2	141	66	29	26	17	0
rg03_theta12p490_foilpm8	0	2	1	3	240	104	48	38	26	0
rg03_theta12p490_foilpm8	0	2	1	4	345	164	69	48	42	0
rg03_theta12p490_foilpm8	0	2	1	5	332	160	67	53	41	0
rg03_theta12p490_foilpm8	0	2	1	6	110	50	22	19	13	0
rg03_theta12p490_foilpm8	0	2	2	1	74	36	15	12	9	0
rg03_theta12p490_foilpm8	0	2	2	2	211	96	43	30	24	0
rg03_theta12p490_foilpm8	0	2	2	3	9	0	2	0	0	9
rg03_theta12p490_foilpm8	0	2	2	4	361	178	73	64	45	0
rg03_theta12p490_foilpm8	0	2	2	5	433	207	87	66	52	0
rg03_theta12p490_foilpm8	0	2	2	6	296	148	60	47	37	0
rg03_theta12p490_foilpm8	0	2	3	1	139	72	28	24	18	0
rg03_theta12p490_foilpm8	0	2	3	2	237	117	48	34	30	0
rg03_theta12p490_foilpm8	0	2	3	3	318	166	64	52	42	0
rg03_theta12p490_foilpm8	0	2	3	4	407	200	82	63	50	0
rg03_theta12p490_foilpm8	0	2	3	5	531	259	107	85	65	0
rg03_theta12p490_foilpm8	0	2	3	6	482	254	97	72	64	0
rg03_theta12p490_foilpm8	0	2	4	1	142	74	29	18	19	0
rg03_theta12p490_foilpm8	0	2	4	2	256	132	52	41	34	0
rg03_theta12p490_foilpm8	0	2	4	3	369	190	74	62	48	0
rg03_theta12p490_foilpm8	0	2	4	4	125	66	25	22	17	0
rg03_theta12p490_foilpm8	0	2	4	5	522	261	105	80	66	0
rg03_theta12p490_foilpm8	0	2	4	6	621	320	125	100	80	0
rg03_theta12p490_foilpm8	0	2	5	1	120	64	24	16	16	0
rg03_theta12p490_foilpm8	0	2	5	2	244	133	49	35	34	0
rg03_theta12p490_foilpm8	0	2	5	3	346	168	70	55	42	0
rg03_theta12p490_foilpm8	0	2	5	4	450	239	90	79	60	0
rg03_theta12p490_foilpm8	0	2	5	5	19	0	4	0	0	19
rg03_theta12p490_foilpm8	0	2	5	6	628	324	126	104	81	0
rg03_theta12p490_foilpm8	0	2	6	1	78	40	16	14	11	0
rg03_theta12p490_foilpm8	0	2	6	2	185	92	37	31	24	0
rg03_theta12p490_foilpm8	0	2	6	3	302	152	61	49	38	0
rg03_theta12p490_foilpm8	0	2	6	4	372	190	75	61	48	0
rg03_theta12p490_foilpm8	0	2	6	5	495	262	99	83	66	0
rg03_theta12p490_foilpm8	0	2	6	6	535	289	107	89	73	0
rg03_theta12p490_foilpm8	0	2	7	1	41	23	9	6	6	0
rg03_theta12p490_foilpm8	0	2	7	2	148	67	30	25	17	0
rg03_theta12p490_foilpm8	0	2	7	3	240	128	48	34	32	0
rg03_theta12p490_foilpm8	0	2	7	4	304	160	61	44	41	0
rg03_theta12p490_foilpm8	0	2	7	5	374	188	75	63	48	0
rg03_theta12p490_foilpm8	0	2	7	6	451	237	91	77	60	0
rg03_theta12p490_foilpm8	0	2	8	1	2	0	1	0	0	2
rg03_theta12p490_foilpm8	0	2	8	2	113	59	23	19	15	0
rg03_theta12p490_foilpm8	0	2	8	3	169	86	34	30	22	0
rg03_theta12p490_foilpm8	0	2	8	4	264	136	53	44	34	0
rg03_theta12p490_foilpm8	0	2	8	5	294	148	59	47	38	0
rg03_theta12p490_foilpm8	0	2	8	6	5	0	1	0	0	5
rg03_theta12p490_foilpm8	0	3	0	1	2	0	1	0	0	2
rg03_theta12p490_foilpm8	0	3	0	2	79	37	16	11	10	0
rg03_theta12p490_foilpm8	0	3	0	3	133	63	27	25	16	0
rg03_theta12p490_foilpm8	0	3	0	4	171	80	35	27	21	0
rg03_theta12p490_foilpm8	0	3	0	5	247	116	50	37	30	0
rg03_theta12p490_foilpm8	0	3	1	1	6	0	2	0	0	6
rg03_theta12p490_foilpm8	0	3	1	2	113	59	23	18	15	0
rg03_theta12p490_foilpm8	0	3	1	3	204	98	41	30	25	0
rg03_theta12p490_foilpm8	0	3	1	4	256	122	52	33	31	0
rg03_theta12p490_foilpm8	0	3	1	5	353	164	71	55	42	0
rg03_theta12p490_foilpm8	0	3	1	6	345	167	69	49	42	0
rg03_theta12p490_foilpm8	0	3	2	1	47	24	10	9	6	0
rg03_theta12p490_foilpm8	0	3	2	2	138	66	28	20	17	0
rg03_theta12p490_foilpm8	0	3	2	3	7	0	2	0	0	7
rg03_theta12p490_foilpm8	0	3	2	4	312	152	63	45	39	0
rg03_theta12p490_foilpm8	0	3	2	5	435	208	87	69	53	0
rg03_theta12p490_foilpm8	0	3	2	6	502	227	101	75	57	0
rg03_theta12p490_foilpm8	0	3	3	1	84	40	17	15	10	0
rg03_theta12p490_foilpm8	0	3	3	2	195	96	39	25	25	0
rg03_theta12p490_foilpm8	0	3	3	3	294	141	59	44	36	0
rg03_theta12p490_foilpm8	0	3	3	4	364	176	73	51	45	0
rg03_theta12p490_foilpm8	0	3	3	5	480	228	96	71	57	0
rg03_theta12p490_foilpm8	0	3	3	6	641	310	129	95	78	0
rg03_theta12p490_foilpm8	0	3	4	1	112	55	23	18	14	0
rg03_theta12p490_foilpm8	0	3	4	2	195	93	39	31	24	0
rg03_theta12p490_foilpm8	0	3	4	3	315	148	63	45	37	0
rg03_theta12p490_foilpm8	0	3	4	4	119	57	24	19	15	0
rg03_theta12p490_foilpm8	0	3	4	5	511	244	103	78	62	0
rg03_theta12p490_foilpm8	0	3	4	6	681	336	137	107	84	0
rg03_theta12p490_foilpm8	0	3	5	1	110	52	22	20	13	0
rg03_theta12p490_foilpm8	0	3	5	2	186	95	38	31	24	0
rg03_theta12p490_foilpm8	0	3	5	3	249	125	50	40	32	0
rg03_theta12p490_foilpm8	0	3	5	4	330	154	66	50	39	0
rg03_theta12p490_foilpm8	0	3	5	5	20	0	4	0	0	20
rg03_theta12p490_foilpm8	0	3	5	6	647	315	130	101	79	0
rg03_theta12p490_foilpm8	0	3	6	1	83	41	17	9	11	0
rg03_theta12p490_foilpm8	0	3	6	2	149	68	30	23	18	0
rg03_theta12p490_foilpm8	0	3	6	3	199	92	40	27	23	0
rg03_theta12p490_foilpm8	0	3	6	4	294	134	59	45	34	0
rg03_theta12p490_foilpm8	0	3	6	5	383	179	77	53	45	0
rg03_theta12p490_foilpm8	0	3	6	6	534	251	107	80	63	0
rg03_theta12p490_foilpm8	0	3	7	1	46	21	10	8	6	0
rg03_theta12p490_foilpm8	0	3	7	2	96	44	20	12	12	0
rg03_theta12p490_foilpm8	0	3	7	3	186	84	38	29	22	0
rg03_theta12p490_foilpm8	0	3	7	4	247	124	50	41	31	0
rg03_theta12p490_foilpm8	0	3	7	5	316	151	64	50	38	0
rg03_theta12p490_foilpm8	0	3	7	6	470	228	94	70	57	0
rg03_theta12p490_foilpm8	0	3	8	2	76	37	16	10	10	0
rg03_theta12p490_foilpm8	0	3	8	3	139	66	28	21	17	0
rg03_theta12p490_foilpm8	0	3	8	4	174	81	35	24	21	0
rg03_theta12p490_foilpm8	0	3	8	5	275	128	55	42	32	0
rg03_theta12p490_foilpm8	0	3	8	6	5	0	1	0	0	5
rg03_theta12p490_foilpm8	0	4	0	2	43	22	9	9	6	0
rg03_theta12p490_foilpm8	0	4	0	3	77	40	16	15	11	0
rg03_theta12p490_foilpm8	0	4	0	4	128	64	26	18	16	0
rg03_theta12p490_foilpm8	0	4	0	5	197	96	40	29	24	0
rg03_theta12p490_foilpm8	0	4	1	1	8	0	2	0	0	8
rg03_theta12p490_foilpm8	0	4	1	2	54	28	11	7	7	0
rg03_theta12p490_foilpm8	0	4	1	3	104	52	21	18	13	0
rg03_theta12p490_foilpm8	0	4	1	4	182	85	37	28	22	0
rg03_theta12p490_foilpm8	0	4	1	5	234	115	47	36	29	0
rg03_theta12p490_foilpm8	0	4	1	6	312	152	63	44	39	0
rg03_theta12p490_foilpm8	0	4	2	1	30	14	6	5	4	0
rg03_theta12p490_foilpm8	0	4	2	2	81	37	17	12	10	0
rg03_theta12p490_foilpm8	0	4	2	3	1	0	1	0	0	1
rg03_theta12p490_foilpm8	0	4	2	4	237	117	48	41	30	0
rg03_theta12p490_foilpm8	0	4	2	5	312	153	63	51	39	0
rg03_theta12p490_foilpm8	0	4	2	6	369	189	74	60	48	0
rg03_theta12p490_foilpm8	0	4	3	1	72	36	15	13	9	0
rg03_theta12p490_foilpm8	0	4	3	2	72	36	15	6	9	0
rg03_theta12p490_foilpm8	0	4	3	3	179	90	36	28	23	0
rg03_theta12p490_foilpm8	0	4	3	4	259	128	52	41	33	0
rg03_theta12p490_foilpm8	0	4	3	5	356	172	72	57	44	0
rg03_theta12p490_foilpm8	0	4	3	6	484	231	97	76	58	0
rg03_theta12p490_foilpm8	0	4	4	1	78	40	16	13	11	0
rg03_theta12p490_foilpm8	0	4	4	2	100	48	20	15	13	0
rg03_theta12p490_foilpm8	0	4	4	3	171	88	35	27	22	0
rg03_theta12p490_foilpm8	0	4	4	4	56	30	12	8	8	0
rg03_theta12p490_foilpm8	0	4	4	5	366	182	74	55	46	0
rg03_theta12p490_foilpm8	0	4	4	6	480	240	96	79	60	0
rg03_theta12p490_foilpm8	0	4	5	1	43	23	9	7	6	0
rg03_theta12p490_foilpm8	0	4	5	2	89	45	18	12	12	0
rg03_theta12p490_foilpm8	0	4	5	3	160	81	32	23	21	0
rg03_theta12p490_foilpm8	0	4	5	4	247	118	50	37	30	0
rg03_theta12p490_foilpm8	0	4	5	5	4	0	1	0	0	4
rg03_theta12p490_foilpm8	0	4	5	6	477	227	96	80	57	0
rg03_theta12p490_foilpm8	0	4	6	1	37	17	8	7	5	0
rg03_theta12p490_foilpm8	0	4	6	2	95	47	19	14	12	0
rg03_theta12p490_foilpm8	0	4	6	3	148	69	30	25	18	0
rg03_theta12p490_foilpm8	0	4	6	4	237	116	48	37	29	0
rg03_theta12p490_foilpm8	0	4	6	5	295	146	59	50	37	0
rg03_theta12p490_foilpm8	0	4	6	6	455	216	91	77	54	0
rg03_theta12p490_foilpm8	0	4	7	1	14	0	3	0	0	14
rg03_theta12p490_foilpm8	0	4	7	2	53	26	11	7	7	0
rg03_theta12p490_foilpm8	0	4	7	3	104	51	21	19	13	0
rg03_theta12p490_foilpm8	0	4	7	4	163	77	33	24	20	0
rg03_theta12p490_foilpm8	0	4	7	5	263	127	53	43	32	0
rg03_theta12p490_foilpm8	0	4	7	6	288	136	58	46	35	0
rg03_theta12p490_foilpm8	0	4	8	2	20	0	4	0	0	20
rg03_theta12p490_foilpm8	0	4	8	3	67	34	14	13	9	0
rg03_theta12p490_foilpm8	0	4	8	4	122	56	25	20	15	0
rg03_theta12p490_foilpm8	0	4	8	5	176	92	36	27	24	0
rg03_theta12p490_foilpm8	0	4	8	6	1	0	1	0	0	1
rg03_theta12p490_foilpm8	1	0	0	3	37	22	8	7	6	0
rg03_theta12p490_foilpm8	1	0	0	4	51	23	11	8	6	0
rg03_theta12p490_foilpm8	1	0	0	5	82	38	17	13	10	0
rg03_theta12p490_foilpm8	1	0	0	6	97	52	20	15	14	0
rg03_theta12p490_foilpm8	1	0	0	7	2	0	1	0	0	2
rg03_theta12p490_foilpm8	1	0	1	2	27	8	6	4	2	0
rg03_theta12p490_foilpm8	1	0	1	3	66	30	14	7	8	0
rg03_theta12p490_foilpm8	1	0	1	4	93	41	19	12	11	0
rg03_theta12p490_foilpm8	1	0	1	5	111	48	23	17	12	0
rg03_theta12p490_foilpm8	1	0	1	6	138	61	28	22	16	0
rg03_theta12p490_foilpm8	1	0	1	7	84	38	17	10	10	0
rg03_theta12p490_foilpm8	1	0	2	2	58	25	12	4	7	0
rg03_theta12p490_foilpm8	1	0	2	3	9	0	2	0	0	9
rg03_theta12p490_foilpm8	1	0	2	4	104	48	21	17	13	0
rg03_theta12p490_foilpm8	1	0	2	5	151	73	31	23	19	0
rg03_theta12p490_foilpm8	1	0	2	6	163	79	33	26	20	0
rg03_theta12p490_foilpm8	1	0	2	7	116	61	24	18	16	0
rg03_theta12p490_foilpm8	1	0	3	2	75	31	15	10	8	0
rg03_theta12p490_foilpm8	1	0	3	3	99	46	20	16	12	0
rg03_theta12p490_foilpm8	1	0	3	4	138	69	28	17	18	0
rg03_theta12p490_foilpm8	1	0	3	5	179	90	36	26	23	0
rg03_theta12p490_foilpm8	1	0	3	6	203	96	41	34	24	0
rg03_theta12p490_foilpm8	1	0	3	7	244	119	49	37	30	0
rg03_theta12p490_foilpm8	1	0	4	2	52	22	11	6	6	0
rg03_theta12p490_foilpm8	1	0	4	3	92	45	19	12	12	0
rg03_theta12p490_foilpm8	1	0	4	4	35	17	7	4	5	0
rg03_theta12p490_foilpm8	1	0	4	5	172	88	35	25	23	0
rg03_theta12p490_foilpm8	1	0	4	6	197	96	40	34	24	0
rg03_theta12p490_foilpm8	1	0	4	7	246	120	50	38	30	0
rg03_theta12p490_foilpm8	1	0	5	2	61	25	13	6	7	0
rg03_theta12p490_foilpm8	1	0	5	3	87	42	18	12	11	0
rg03_theta12p490_foilpm8	1	0	5	4	143	72	29	22	19	0
rg03_theta12p490_foilpm8	1	0	5	5	7	0	2	0	0	7
rg03_theta12p490_foilpm8	1	0	5	6	215	107	43	32	27	0
rg03_theta12p490_foilpm8	1	0	5	7	224	110	45	35	28	0
rg03_theta12p490_foilpm8	1	0	6	2	34	12	7	4	4	0
rg03_theta12p490_foilpm8	1	0	6	3	71	34	15	14	9	0
rg03_theta12p490_foilpm8	1	0	6	4	128	56	26	15	14	0
rg03_theta12p490_foilpm8	1	0	6	5	128	62	26	23	16	0
rg03_theta12p490_foilpm8	1	0	6	6	184	84	37	26	22	0
rg03_theta12p490_foilpm8	1	0	6	7	182	88	37	28	22	0
rg03_theta12p490_foilpm8	1	0	7	2	12	0	3	0	0	12
rg03_theta12p490_foilpm8	1	0	7	3	31	16	7	5	5	0
rg03_theta12p490_foilpm8	1	0	7	4	74	37	15	12	10	0
rg03_theta12p490_foilpm8	1	0	7	5	94	50	19	15	13	0
rg03_theta12p490_foilpm8	1	0	7	6	148	71	30	21	18	0
rg03_theta12p490_foilpm8	1	0	7	7	132	60	27	18	15	0
rg03_theta12p490_foilpm8	1	0	8	3	11	0	3	0	0	11
rg03_theta12p490_foilpm8	1	0	8	4	24	0	5	0	0	24
rg03_theta12p490_foilpm8	1	0	8	5	59	30	12	6	8	0
rg03_theta12p490_foilpm8	1	0	8	6	73	37	15	12	10	0
rg03_theta12p490_foilpm8	1	0	8	7	9	0	2	0	0	9
rg03_theta12p490_foilpm8	1	1	0	3	48	24	10	9	7	0
rg03_theta12p490_foilpm8	1	1	0	4	65	31	13	8	8	0
rg03_theta12p490_foilpm8	1	1	0	5	114	57	23	15	15	0
rg03_theta12p490_foilpm8	1	1	0	6	123	57	25	16	15	0
rg03_theta12p490_foilpm8	1	1	0	7	1	0	1	0	0	1
rg03_theta12p490_foilpm8	1	1	1	2	25	12	5	3	4	0
rg03_theta12p490_foilpm8	1	1	1	3	69	36	14	13	10	0
rg03_theta12p490_foilpm8	1	1	1	4	102	55	21	13	14	0
rg03_theta12p490_foilpm8	1	1	1	5	155	78	31	24	20	0
rg03_theta12p490_foilpm8	1	1	1	6	185	96	37	28	24	0
rg03_theta12p490_foilpm8	1	1	1	7	205	103	41	35	26	0
rg03_theta12p490_foilpm8	1	1	2	2	66	32	14	13	9	0
rg03_theta12p490_foilpm8	1	1	2	3	1	0	1	0	0	1
rg03_theta12p490_foilpm8	1	1	2	4	127	66	26	20	17	0
rg03_theta12p490_foilpm8	1	1	2	5	207	111	42	35	28	0
rg03_theta12p490_foilpm8	1	1	2	6	269	135	54	38	34	0
rg03_theta12p490_foilpm8	1	1	2	7	302	151	61	49	38	0
rg03_theta12p490_foilpm8	1	1	3	2	62	32	13	12	9	0
rg03_theta12p490_foilpm8	1	1	3	3	111	59	23	15	15	0
rg03_theta12p490_foilpm8	1	1	3	4	144	74	29	23	19	0
rg03_theta12p490_foilpm8	1	1	3	5	231	123	47	36	31	0
rg03_theta12p490_foilpm8	1	1	3	6	299	149	60	47	38	0
rg03_theta12p490_foilpm8	1	1	3	7	371	184	75	57	47	0
rg03_theta12p490_foilpm8	1	1	4	2	82	39	17	11	10	0
rg03_theta12p490_foilpm8	1	1	4	3	126	63	26	22	16	0
rg03_theta12p490_foilpm8	1	1	4	4	43	24	9	8	6	0
rg03_theta12p490_foilpm8	1	1	4	5	273	147	55	46	37	0
rg03_theta12p490_foilpm8	1	1	4	6	340	180	68	58	45	0
rg03_theta12p490_foilpm8	1	1	4	7	342	184	69	59	47	0
rg03_theta12p490_foilpm8	1	1	5	2	78	40	16	12	10	0
rg03_theta12p490_foilpm8	1	1	5	3	103	53	21	19	14	0
rg03_theta12p490_foilpm8	1	1	5	4	169	89	34	33	23	0
rg03_theta12p490_foilpm8	1	1	5	5	7	0	2	0	0	7
rg03_theta12p490_foilpm8	1	1	5	6	304	163	61	47	41	0
rg03_theta12p490_foilpm8	1	1	5	7	362	184	73	60	47	0
rg03_theta12p490_foilpm8	1	1	6	2	48	24	10	8	7	0
rg03_theta12p490_foilpm8	1	1	6	3	103	47	21	15	12	0
rg03_theta12p490_foilpm8	1	1	6	4	159	85	32	22	22	0
rg03_theta12p490_foilpm8	1	1	6	5	202	104	41	32	27	0
rg03_theta12p490_foilpm8	1	1	6	6	282	145	57	44	37	0
rg03_theta12p490_foilpm8	1	1	6	7	343	184	69	51	46	0
rg03_theta12p490_foilpm8	1	1	7	2	34	20	7	6	5	0
rg03_theta12p490_foilpm8	1	1	7	3	85	43	17	12	11	0
rg03_theta12p490_foilpm8	1	1	7	4	108	59	22	18	15	0
rg03_theta12p490_foilpm8	1	1	7	5	175	88	35	23	22	0
rg03_theta12p490_foilpm8	1	1	7	6	192	93	39	31	24	0
rg03_theta12p490_foilpm8	1	1	7	7	210	108	42	34	28	0
rg03_theta12p490_foilpm8	1	1	8	3	53	25	11	8	7	0
rg03_theta12p490_foilpm8	1	1	8	4	77	39	16	14	10	0
rg03_theta12p490_foilpm8	1	1	8	5	106	51	22	15	13	0
rg03_theta12p490_foilpm8	1	1	8	6	151	70	31	23	18	0
rg03_theta12p490_foilpm8	1	1	8	7	5	0	1	0	0	5
rg03_theta12p490_foilpm8	1	2	0	3	38	18	8	7	5	0
rg03_theta12p490_foilpm8	1	2	0	4	63	32	13	10	9	0
rg03_theta12p490_foilpm8	1	2	0	5	146	73	30	22	19	0
rg03_theta12p490_foilpm8	1	2	0	6	165	90	33	25	23	0
rg03_theta12p490_foilpm8	1	2	0	7	1	0	1	0	0	1
rg03_theta12p490_foilpm8	1	2	1	2	35	17	7	6	5	0
rg03_theta12p490_foilpm8	1	2	1	3	83	34	17	12	9	0
rg03_theta12p490_foilpm8	1	2	1	4	163	82	33	22	21	0
rg03_theta12p490_foilpm8	1	2	1	5	243	120	49	42	30	0
rg03_theta12p490_foilpm8	1	2	1	6	298	140	60	37	35	0
rg03_theta12p490_foilpm8	1	2	1	7	328	182	66	50	46	0
rg03_theta12p490_foilpm8	1	2	2	2	65	34	13	7	9	0
rg03_theta12p490_foilpm8	1	2	2	3	1	0	1	0	0	1
rg03_theta12p490_foilpm8	1	2	2	4	171	88	35	29	22	0
rg03_theta12p490_foilpm8	1	2	2	5	311	161	63	52	41	0
rg03_theta12p490_foilpm8	1	2	2	6	425	217	85	66	55	0
rg03_theta12p490_foilpm8	1	2	2	7	486	263	98	84	66	0
rg03_theta12p490_foilpm8	1	2	3	2	97	52	20	15	14	0
rg03_theta12p490_foilpm8	1	2	3	3	123	56	25	21	15	0
rg03_theta12p490_foilpm8	1	2	3	4	247	124	50	37	32	0
rg03_theta12p490_foilpm8	1	2	3	5	357	184	72	54	47	0
rg03_theta12p490_foilpm8	1	2	3	6	505	259	101	84	65	0
rg03_theta12p490_foilpm8	1	2	3	7	537	287	108	95	72	0
rg03_theta12p490_foilpm8	1	2	4	2	87	45	18	14	12	0
rg03_theta12p490_foilpm8	1	2	4	3	151	72	31	25	19	0
rg03_theta12p490_foilpm8	1	2	4	4	69	37	14	11	10	0
rg03_theta12p490_foilpm8	1	2	4	5	404	204	81	70	51	0
rg03_theta12p490_foilpm8	1	2	4	6	593	308	119	97	78	0
rg03_theta12p490_foilpm8	1	2	4	7	650	351	130	107	88	0
rg03_theta12p490_foilpm8	1	2	5	2	76	39	16	11	10	0
rg03_theta12p490_foilpm8	1	2	5	3	144	76	29	19	19	0
rg03_theta12p490_foilpm8	1	2	5	4	251	133	51	37	34	0
rg03_theta12p490_foilpm8	1	2	5	5	5	0	1	0	0	5
rg03_theta12p490_foilpm8	1	2	5	6	510	265	102	79	67	0
rg03_theta12p490_foilpm8	1	2	5	7	573	312	115	101	78	0
rg03_theta12p490_foilpm8	1	2	6	2	59	33	12	10	9	0
rg03_theta12p490_foilpm8	1	2	6	3	121	63	25	22	16	0
rg03_theta12p490_foilpm8	1	2	6	4	218	119	44	33	30	0
rg03_theta12p490_foilpm8	1	2	6	5	299	159	60	51	40	0
rg03_theta12p490_foilpm8	1	2	6	6	447	243	90	66	61	0
rg03_theta12p490_foilpm8	1	2	6	7	554	301	111	100	76	0
rg03_theta12p490_foilpm8	1	2	7	2	34	16	7	5	5	0
rg03_theta12p490_foilpm8	1	2	7	3	98	55	20	17	14	0
rg03_theta12p490_foilpm8	1	2	7	4	197	107	40	34	27	0
rg03_theta12p490_foilpm8	1	2	7	5	237	123	48	36	31	0
rg03_theta12p490_foilpm8	1	2	7	6	336	170	68	51	43	0
rg03_theta12p490_foilpm8	1	2	7	7	367	183	74	66	46	0
rg03_theta12p490_foilpm8	1	2	8	2	1	0	1	0	0	1
rg03_theta12p490_foilpm8	1	2	8	3	69	35	14	13	9	0
rg03_theta12p490_foilpm8	1	2	8	4	128	68	26	18	18	0
rg03_theta12p490_foilpm8	1	2	8	5	154	81	31	25	21	0
rg03_theta12p490_foilpm8	1	2	8	6	248	125	50	42	32	0
rg03_theta12p490_foilpm8	1	2	8	7	6	0	2	0	0	6
rg03_theta12p490_foilpm8	1	3	0	2	1	0	1	0	0	1
rg03_theta12p490_foilpm8	1	3	0	3	27	12	6	3	3	0
rg03_theta12p490_foilpm8	1	3	0	4	43	20	9	5	6	0
rg03_theta12p490_foilpm8	1	3	0	5	118	58	24	19	15	0
rg03_theta12p490_foilpm8	1	3	0	6	165	82	33	24	21	0
rg03_theta12p490_foilpm8	1	3	0	7	1	0	1	0	0	1
rg03_theta12p490_foilpm8	1	3	1	2	33	17	7	5	5	0
rg03_theta12p490_foilpm8	1	3	1	3	52	24	11	7	6	0
rg03_theta12p490_foilpm8	1	3	1	4	97	47	20	16	12	0
rg03_theta12p490_foilpm8	1	3	1	5	165	80	33	24	21	0
rg03_theta12p490_foilpm8	1	3	1	6	260	133	52	40	34	0
rg03_theta12p490_foilpm8	1	3	1	7	288	144	58	44	36	0
rg03_theta12p490_foilpm8	1	3	2	2	51	20	11	9	6	0
rg03_theta12p490_foilpm8	1	3	2	3	1	0	1	0	0	1
rg03_theta12p490_foilpm8	1	3	2	4	159	77	32	20	20	0
rg03_theta12p490_foilpm8	1	3	2	5	232	114	47	35	29	0
rg03_theta12p490_foilpm8	1	3	2	6	346	170	70	59	43	0
rg03_theta12p490_foilpm8	1	3	2	7	414	204	83	73	51	0
rg03_theta12p490_foilpm8	1	3	3	2	59	32	12	10	9	0
rg03_theta12p490_foilpm8	1	3	3	3	116	50	24	17	13	0
rg03_theta12p490_foilpm8	1	3	3	4	200	100	40	33	25	0
rg03_theta12p490_foilpm8	1	3	3	5	304	143	61	46	36	0
rg03_theta12p490_foilpm8	1	3	3	6	460	228	92	75	58	0
rg03_theta12p490_foilpm8	1	3	3	7	572	294	115	95	74	0
rg03_theta12p490_foilpm8	1	3	4	2	53	24	11	8	6	0
rg03_theta12p490_foilpm8	1	3	4	3	100	45	20	16	12	0
rg03_theta12p490_foilpm8	1	3	4	4	46	20	10	7	6	0
rg03_theta12p490_foilpm8	1	3	4	5	330	172	66	58	44	0
rg03_theta12p490_foilpm8	1	3	4	6	463	227	93	72	57	0
rg03_theta12p490_foilpm8	1	3	4	7	621	305	125	96	77	0
rg03_theta12p490_foilpm8	1	3	5	2	17	0	4	0	0	17
rg03_theta12p490_foilpm8	1	3	5	3	98	48	20	18	12	0
rg03_theta12p490_foilpm8	1	3	5	4	207	104	42	30	27	0
rg03_theta12p490_foilpm8	1	3	5	5	3	0	1	0	0	3
rg03_theta12p490_foilpm8	1	3	5	6	468	239	94	75	60	0
rg03_theta12p490_foilpm8	1	3	5	7	556	280	112	88	71	0
rg03_theta12p490_foilpm8	1	3	6	2	13	0	3	0	0	13
rg03_theta12p490_foilpm8	1	3	6	3	84	40	17	9	10	0
rg03_theta12p490_foilpm8	1	3	6	4	157	76	32	22	20	0
rg03_theta12p490_foilpm8	1	3	6	5	260	129	52	39	33	0
rg03_theta12p490_foilpm8	1	3	6	6	351	172	71	55	44	0
rg03_theta12p490_foilpm8	1	3	6	7	464	236	93	80	60	0
rg03_theta12p490_foilpm8	1	3	7	2	22	0	5	0	0	22
rg03_theta12p490_foilpm8	1	3	7	3	66	34	14	12	9	0
rg03_theta12p490_foilpm8	1	3	7	4	108	52	22	17	14	0
rg03_theta12p490_foilpm8	1	3	7	5	184	89	37	28	23	0
rg03_theta12p490_foilpm8	1	3	7	6	273	137	55	44	35	0
rg03_theta12p490_foilpm8	1	3	7	7	345	177	69	55	45	0
rg03_theta12p490_foilpm8	1	3	8	2	1	0	1	0	0	1
rg03_theta12p490_foilpm8	1	3	8	3	60	28	12	11	8	0
rg03_theta12p490_foilpm8	1	3	8	4	82	43	17	14	11	0
rg03_theta12p490_foilpm8	1	3	8	5	119	58	24	19	15	0
rg03_theta12p490_foilpm8	1	3	8	6	182	94	37	31	24	0
rg03_theta12p490_foilpm8	1	3	8	7	3	0	1	0	0	3
rg03_theta12p490_foilpm8	1	4	0	3	11	0	3	0	0	11
rg03_theta12p490_foilpm8	1	4	0	4	36	19	8	6	5	0
rg03_theta12p490_foilpm8	1	4	0	5	72	36	15	15	10	0
rg03_theta12p490_foilpm8	1	4	0	6	97	50	20	17	13	0
rg03_theta12p490_foilpm8	1	4	0	7	2	0	1	0	0	2
rg03_theta12p490_foilpm8	1	4	1	2	12	0	3	0	0	12
rg03_theta12p490_foilpm8	1	4	1	3	31	14	7	6	4	0
rg03_theta12p490_foilpm8	1	4	1	4	47	23	10	7	6	0
rg03_theta12p490_foilpm8	1	4	1	5	131	66	27	22	17	0
rg03_theta12p490_foilpm8	1	4	1	6	204	102	41	29	26	0
rg03_theta12p490_foilpm8	1	4	1	7	213	102	43	33	26	0
rg03_theta12p490_foilpm8	1	4	2	2	38	14	8	7	4	0
rg03_theta12p490_foilpm8	1	4	2	4	91	48	19	12	12	0
rg03_theta12p490_foilpm8	1	4	2	5	150	76	30	24	20	0
rg03_theta12p490_foilpm8	1	4	2	6	220	110	44	33	28	0
rg03_theta12p490_foilpm8	1	4	2	7	327	165	66	50	42	0
rg03_theta12p490_foilpm8	1	4	3	2	31	12	7	6	3	0
rg03_theta12p490_foilpm8	1	4	3	3	63	33	13	10	9	0
rg03_theta12p490_foilpm8	1	4	3	4	122	62	25	19	16	0
rg03_theta12p490_foilpm8	1	4	3	5	213	108	43	32	28	0
rg03_theta12p490_foilpm8	1	4	3	6	295	153	59	47	39	0
rg03_theta12p490_foilpm8	1	4	3	7	403	212	81	69	53	0
rg03_theta12p490_foilpm8	1	4	4	2	28	13	6	4	4	0
rg03_theta12p490_foilpm8	1	4	4	3	42	23	9	5	6	0
rg03_theta12p490_foilpm8	1	4	4	4	33	18	7	7	5	0
rg03_theta12p490_foilpm8	1	4	4	5	198	100	40	30	26	0
rg03_theta12p490_foilpm8	1	4	4	6	343	169	69	54	43	0
rg03_theta12p490_foilpm8	1	4	4	7	435	222	87	66	56	0
rg03_theta12p490_foilpm8	1	4	5	2	16	0	4	0	0	16
rg03_theta12p490_foilpm8	1	4	5	3	58	31	12	9	8	0
rg03_theta12p490_foilpm8	1	4	5	4	106	60	22	15	16	0
rg03_theta12p490_foilpm8	1	4	5	5	2	0	1	0	0	2
rg03_theta12p490_foilpm8	1	4	5	6	297	148	60	47	38	0
rg03_theta12p490_foilpm8	1	4	5	7	435	216	87	67	54	0
rg03_theta12p490_foilpm8	1	4	6	2	16	0	4	0	0	16
rg03_theta12p490_foilpm8	1	4	6	3	41	20	9	7	5	0
rg03_theta12p490_foilpm8	1	4	6	4	80	40	16	11	11	0
rg03_theta12p490_foilpm8	1	4	6	5	164	80	33	19	21	0
rg03_theta12p490_foilpm8	1	4	6	6	263	136	53	37	35	0
rg03_theta12p490_foilpm8	1	4	6	7	372	193	75	56	49	0
rg03_theta12p490_foilpm8	1	4	7	2	13	0	3	0	0	13
rg03_theta12p490_foilpm8	1	4	7	3	50	24	10	9	7	0
rg03_theta12p490_foilpm8	1	4	7	4	50	24	10	7	6	0
rg03_theta12p490_foilpm8	1	4	7	5	96	50	20	16	13	0
rg03_theta12p490_foilpm8	1	4	7	6	190	90	38	31	23	0
rg03_theta12p490_foilpm8	1	4	7	7	242	127	49	43	32	0
rg03_theta12p490_foilpm8	1	4	8	3	12	0	3	0	0	12
rg03_theta12p490_foilpm8	1	4	8	4	39	18	8	4	5	0
rg03_theta12p490_foilpm8	1	4	8	5	55	31	11	7	8	0
rg03_theta12p490_foilpm8	1	4	8	6	89	49	18	13	13	0
rg03_theta12p490_foilpm8	1	4	8	7	3	0	1	0	0	3
rg04_theta15p195_foilpm3	0	0	0	2	14	0	3	0	0	14
rg04_theta15p195_foilpm3	0	0	0	3	24	0	5	0	0	24
rg04_theta15p195_foilpm3	0	0	0	4	29	14	6	4	4	0
rg04_theta15p195_foilpm3	0	0	0	5	19	0	4	0	0	19
rg04_theta15p195_foilpm3	0	0	0	6	1	0	1	0	0	1
rg04_theta15p195_foilpm3	0	0	1	2	9	0	2	0	0	9
rg04_theta15p195_foilpm3	0	0	1	3	31	15	7	3	4	0
rg04_theta15p195_foilpm3	0	0	1	4	41	19	9	7	5	0
rg04_theta15p195_foilpm3	0	0	1	5	35	18	7	7	5	0
rg04_theta15p195_foilpm3	0	0	1	6	4	0	1	0	0	4
rg04_theta15p195_foilpm3	0	0	2	2	25	12	5	2	3	0
rg04_theta15p195_foilpm3	0	0	2	3	3	0	1	0	0	3
rg04_theta15p195_foilpm3	0	0	2	4	38	16	8	5	4	0
rg04_theta15p195_foilpm3	0	0	2	5	38	14	8	4	4	0
rg04_theta15p195_foilpm3	0	0	2	6	33	13	7	5	4	0
rg04_theta15p195_foilpm3	0	0	3	2	39	12	8	2	3	0
rg04_theta15p195_foilpm3	0	0	3	3	53	27	11	9	7	0
rg04_theta15p195_foilpm3	0	0	3	4	69	27	14	11	7	0
rg04_theta15p195_foilpm3	0	0	3	5	60	24	12	6	7	0
rg04_theta15p195_foilpm3	0	0	3	6	70	28	14	5	8	0
rg04_theta15p195_foilpm3	0	0	4	2	27	12	6	5	3	0
rg04_theta15p195_foilpm3	0	0	4	3	35	17	7	5	5	0
rg04_theta15p195_foilpm3	0	0	4	4	16	0	4	0	0	16
rg04_theta15p195_foilpm3	0	0	4	5	55	30	11	8	8	0
rg04_theta15p195_foilpm3	0	0	4	6	72	36	15	10	9	0
rg04_theta15p195_foilpm3	0	0	5	2	34	18	7	3	5	0
rg04_theta15p195_foilpm3	0	0	5	3	40	17	8	7	5	0
rg04_theta15p195_foilpm3	0	0	5	4	60	28	12	10	8	0
rg04_theta15p195_foilpm3	0	0	5	5	3	0	1	0	0	3
rg04_theta15p195_foilpm3	0	0	5	6	63	28	13	12	7	0
rg04_theta15p195_foilpm3	0	0	6	2	13	0	3	0	0	13
rg04_theta15p195_foilpm3	0	0	6	3	28	12	6	5	4	0
rg04_theta15p195_foilpm3	0	0	6	4	42	18	9	5	5	0
rg04_theta15p195_foilpm3	0	0	6	5	62	32	13	5	9	0
rg04_theta15p195_foilpm3	0	0	6	6	66	32	14	9	9	0
rg04_theta15p195_foilpm3	0	0	7	2	7	0	2	0	0	7
rg04_theta15p195_foilpm3	0	0	7	3	28	10	6	4	3	0
rg04_theta15p195_foilpm3	0	0	7	4	37	11	8	4	3	0
rg04_theta15p195_foilpm3	0	0	7	5	57	24	12	8	7	0
rg04_theta15p195_foilpm3	0	0	7	6	48	24	10	9	7	0
rg04_theta15p195_foilpm3	0	0	8	2	1	0	1	0	0	1
rg04_theta15p195_foilpm3	0	0	8	3	2	0	1	0	0	2
rg04_theta15p195_foilpm3	0	0	8	4	10	0	2	0	0	10
rg04_theta15p195_foilpm3	0	0	8	5	16	0	4	0	0	16
rg04_theta15p195_foilpm3	0	1	0	2	18	0	4	0	0	18
rg04_theta15p195_foilpm3	0	1	0	3	34	16	7	6	5	0
rg04_theta15p195_foilpm3	0	1	0	4	56	24	12	6	7	0
rg04_theta15p195_foilpm3	0	1	0	5	58	29	12	9	8	0
rg04_theta15p195_foilpm3	0	1	0	6	1	0	1	0	0	1
rg04_theta15p195_foilpm3	0	1	1	1	11	0	3	0	0	11
rg04_theta15p195_foilpm3	0	1	1	2	30	15	6	6	4	0
rg04_theta15p195_foilpm3	0	1	1	3	49	25	10	8	7	0
rg04_theta15p195_foilpm3	0	1	1	4	62	32	13	11	8	0
rg04_theta15p195_foilpm3	0	1	1	5	86	42	18	13	11	0
rg04_theta15p195_foilpm3	0	1	1	6	30	15	6	6	4	0
rg04_theta15p195_foilpm3	0	1	2	1	13	0	3	0	0	13
rg04_theta15p195_foilpm3	0	1	2	2	30	14	6	6	4	0
rg04_theta15p195_foilpm3	0	1	2	3	4	0	1	0	0	4
rg04_theta15p195_foilpm3	0	1	2	4	78	38	16	13	10	0
rg04_theta15p195_foilpm3	0	1	2	5	85	43	17	13	11	0
rg04_theta15p195_foilpm3	0	1	2	6	94	44	19	17	12	0
rg04_theta15p195_foilpm3	0	1	3	1	11	0	3	0	0	11
rg04_theta15p195_foilpm3	0	1	3	2	46	21	10	8	6	0
rg04_theta15p195_foilpm3	0	1	3	3	54	25	11	11	7	0
rg04_theta15p195_foilpm3	0	1	3	4	88	48	18	14	13	0
rg04_theta15p195_foilpm3	0	1	3	5	119	67	24	17	17	0
rg04_theta15p195_foilpm3	0	1	3	6	129	60	26	22	16	0
rg04_theta15p195_foilpm3	0	1	4	1	16	0	4	0	0	16
rg04_theta15p195_foilpm3	0	1	4	2	40	24	8	5	6	0
rg04_theta15p195_foilpm3	0	1	4	3	60	31	12	11	8	0
rg04_theta15p195_foilpm3	0	1	4	4	24	0	5	0	0	24
rg04_theta15p195_foilpm3	0	1	4	5	110	56	22	21	14	0
rg04_theta15p195_foilpm3	0	1	4	6	143	72	29	26	18	0
rg04_theta15p195_foilpm3	0	1	5	1	19	0	4	0	0	19
rg04_theta15p195_foilpm3	0	1	5	2	36	18	8	7	5	0
rg04_theta15p195_foilpm3	0	1	5	3	58	29	12	10	8	0
rg04_theta15p195_foilpm3	0	1	5	4	100	51	20	17	13	0
rg04_theta15p195_foilpm3	0	1	5	5	4	0	1	0	0	4
rg04_theta15p195_foilpm3	0	1	5	6	142	70	29	19	18	0
rg04_theta15p195_foilpm3	0	1	6	1	6	0	2	0	0	6
rg04_theta15p195_foilpm3	0	1	6	2	38	21	8	8	6	0
rg04_theta15p195_foilpm3	0	1	6	3	35	17	7	5	5	0
rg04_theta15p195_foilpm3	0	1	6	4	102	54	21	16	14	0
rg04_theta15p195_foilpm3	0	1	6	5	96	50	20	15	13	0
rg04_theta15p195_foilpm3	0	1	6	6	127	60	26	21	16	0
rg04_theta15p195_foilpm3	0	1	7	1	2	0	1	0	0	2
rg04_theta15p195_foilpm3	0	1	7	2	19	0	4	0	0	19
rg04_theta15p195_foilpm3	0	1	7	3	46	22	10	8	6	0
rg04_theta15p195_foilpm3	0	1	7	4	55	30	11	8	8	0
rg04_theta15p195_foilpm3	0	1	7	5	77	39	16	11	10	0
rg04_theta15p195_foilpm3	0	1	7	6	84	48	17	12	12	0
rg04_theta15p195_foilpm3	0	1	8	2	22	0	5	0	0	22
rg04_theta15p195_foilpm3	0	1	8	3	35	18	7	7	5	0
rg04_theta15p195_foilpm3	0	1	8	4	43	21	9	5	6	0
rg04_theta15p195_foilpm3	0	1	8	5	66	28	14	11	8	0
rg04_theta15p195_foilpm3	0	1	8	6	4	0	1	0	0	4
rg04_theta15p195_foilpm3	0	2	0	1	1	0	1	0	0	1
rg04_theta15p195_foilpm3	0	2	0	2	25	12	5	4	3	0
rg04_theta15p195_foilpm3	0	2	0	3	47	26	10	7	7	0
rg04_theta15p195_foilpm3	0	2	0	4	44	20	9	6	6	0
rg04_theta15p195_foilpm3	0	2	0	5	77	37	16	10	10	0
rg04_theta15p195_foilpm3	0	2	0	6	1	0	1	0	0	1
rg04_theta15p195_foilpm3	0	2	1	1	6	0	2	0	0	6
rg04_theta15p195_foilpm3	0	2	1	2	34	17	7	5	5	0
rg04_theta15p195_foilpm3	0	2	1	3	46	20	10	7	5	0
rg04_theta15p195_foilpm3	0	2	1	4	85	38	17	13	10	0
rg04_theta15p195_foilpm3	0	2	1	5	117	63	24	16	16	0
rg04_theta15p195_foilpm3	0	2	1	6	84	41	17	12	11	0
rg04_theta15p195_foilpm3	0	2	2	1	23	0	5	0	0	23
rg04_theta15p195_foilpm3	0	2	2	2	37	20	8	7	6	0
rg04_theta15p195_foilpm3	0	2	2	3	2	0	1	0	0	2
rg04_theta15p195_foilpm3	0	2	2	4	98	48	20	18	12	0
rg04_theta15p195_foilpm3	0	2	2	5	118	60	24	19	15	0
rg04_theta15p195_foilpm3	0	2	2	6	142	74	29	20	19	0
rg04_theta15p195_foilpm3	0	2	3	1	25	13	5	5	4	0
rg04_theta15p195_foilpm3	0	2	3	2	49	25	10	7	7	0
rg04_theta15p195_foilpm3	0	2	3	3	81	42	17	10	11	0
rg04_theta15p195_foilpm3	0	2	3	4	117	62	24	18	16	0
rg04_theta15p195_foilpm3	0	2	3	5	153	76	31	26	19	0
rg04_theta15p195_foilpm3	0	2	3	6	235	122	47	37	31	0
rg04_theta15p195_foilpm3	0	2	4	1	30	15	6	5	4	0
rg04_theta15p195_foilpm3	0	2	4	2	63	31	13	10	8	0
rg04_theta15p195_foilpm3	0	2	4	3	94	48	19	17	13	0
rg04_theta15p195_foilpm3	0	2	4	4	29	14	6	4	4	0
rg04_theta15p195_foilpm3	0	2	4	5	206	101	42	37	26	0
rg04_theta15p195_foilpm3	0	2	4	6	205	108	41	32	28	0
rg04_theta15p195_foilpm3	0	2	5	1	21	0	5	0	0	21
rg04_theta15p195_foilpm3	0	2	5	2	50	26	10	9	7	0
rg04_theta15p195_foilpm3	0	2	5	3	75	38	15	11	10	0
rg04_theta15p195_foilpm3	0	2	5	4	126	68	26	24	17	0
rg04_theta15p195_foilpm3	0	2	5	5	5	0	1	0	0	5
rg04_theta15p195_foilpm3	0	2	5	6	215	119	43	32	30	0
rg04_theta15p195_foilpm3	0	2	6	1	20	0	4	0	0	20
rg04_theta15p195_foilpm3	0	2	6	2	35	18	7	6	5	0
rg04_theta15p195_foilpm3	0	2	6	3	84	44	17	15	12	0
rg04_theta15p195_foilpm3	0	2	6	4	119	63	24	18	16	0
rg04_theta15p195_foilpm3	0	2	6	5	129	66	26	22	17	0
rg04_theta15p195_foilpm3	0	2	6	6	195	106	39	30	27	0
rg04_theta15p195_foilpm3	0	2	7	1	6	0	2	0	0	6
rg04_theta15p195_foilpm3	0	2	7	2	36	20	8	7	5	0
rg04_theta15p195_foilpm3	0	2	7	3	59	29	12	10	8	0
rg04_theta15p195_foilpm3	0	2	7	4	94	48	19	17	13	0
rg04_theta15p195_foilpm3	0	2	7	5	128	63	26	23	16	0
rg04_theta15p195_foilpm3	0	2	7	6	149	76	30	23	19	0
rg04_theta15p195_foilpm3	0	2	8	2	17	0	4	0	0	17
rg04_theta15p195_foilpm3	0	2	8	3	42	22	9	7	6	0
rg04_theta15p195_foilpm3	0	2	8	4	50	26	10	8	7	0
rg04_theta15p195_foilpm3	0	2	8	5	90	49	18	13	13	0
rg04_theta15p195_foilpm3	0	2	8	6	2	0	1	0	0	2
rg04_theta15p195_foilpm3	0	3	0	2	9	0	2	0	0	9
rg04_theta15p195_foilpm3	0	3	0	3	18	0	4	0	0	18
rg04_theta15p195_foilpm3	0	3	0	4	38	20	8	7	6	0
rg04_theta15p195_foilpm3	0	3	0	5	63	29	13	10	8	0
rg04_theta15p195_foilpm3	0	3	0	6	1	0	1	0	0	1
rg04_theta15p195_foilpm3	0	3	1	1	2	0	1	0	0	2
rg04_theta15p195_foilpm3	0	3	1	2	10	0	2	0	0	10
rg04_theta15p195_foilpm3	0	3	1	3	22	0	5	0	0	22
rg04_theta15p195_foilpm3	0	3	1	4	46	19	10	8	5	0
rg04_theta15p195_foilpm3	0	3	1	5	70	34	14	8	9	0
rg04_theta15p195_foilpm3	0	3	1	6	105	48	21	14	13	0
rg04_theta15p195_foilpm3	0	3	2	1	4	0	1	0	0	4
rg04_theta15p195_foilpm3	0	3	2	2	24	0	5	0	0	24
rg04_theta15p195_foilpm3	0	3	2	3	2	0	1	0	0	2
rg04_theta15p195_foilpm3	0	3	2	4	66	29	14	10	8	0
rg04_theta15p195_foilpm3	0	3	2	5	99	52	20	15	13	0
rg04_theta15p195_foilpm3	0	3	2	6	133	68	27	19	18	0
rg04_theta15p195_foilpm3	0	3	3	1	14	0	3	0	0	14
rg04_theta15p195_foilpm3	0	3	3	2	26	12	6	3	4	0
rg04_theta15p195_foilpm3	0	3	3	3	47	24	10	9	7	0
rg04_theta15p195_foilpm3	0	3	3	4	78	37	16	13	10	0
rg04_theta15p195_foilpm3	0	3	3	5	131	72	27	18	18	0
rg04_theta15p195_foilpm3	0	3	3	6	181	96	37	28	24	0
rg04_theta15p195_foilpm3	0	3	4	1	19	0	4	0	0	19
rg04_theta15p195_foilpm3	0	3	4	2	31	16	7	5	5	0
rg04_theta15p195_foilpm3	0	3	4	3	43	20	9	7	6	0
rg04_theta15p195_foilpm3	0	3	4	4	19	0	4	0	0	19
rg04_theta15p195_foilpm3	0	3	4	5	96	48	20	17	12	0
rg04_theta15p195_foilpm3	0	3	4	6	172	87	35	24	22	0
rg04_theta15p195_foilpm3	0	3	5	1	15	0	3	0	0	15
rg04_theta15p195_foilpm3	0	3	5	2	29	15	6	4	4	0
rg04_theta15p195_foilpm3	0	3	5	3	43	21	9	9	6	0
rg04_theta15p195_foilpm3	0	3	5	4	68	33	14	11	9	0
rg04_theta15p195_foilpm3	0	3	5	5	1	0	1	0	0	1
rg04_theta15p195_foilpm3	0	3	5	6	156	79	32	26	20	0
rg04_theta15p195_foilpm3	0	3	6	1	9	0	2	0	0	9
rg04_theta15p195_foilpm3	0	3	6	2	16	0	4	0	0	16
rg04_theta15p195_foilpm3	0	3	6	3	38	20	8	8	6	0
rg04_theta15p195_foilpm3	0	3	6	4	66	31	14	9	8	0
rg04_theta15p195_foilpm3	0	3	6	5	97	48	20	14	13	0
rg04_theta15p195_foilpm3	0	3	6	6	151	72	31	25	19	0
rg04_theta15p195_foilpm3	0	3	7	1	3	0	1	0	0	3
rg04_theta15p195_foilpm3	0	3	7	2	16	0	4	0	0	16
rg04_theta15p195_foilpm3	0	3	7	3	18	0	4	0	0	18
rg04_theta15p195_foilpm3	0	3	7	4	51	27	11	8	7	0
rg04_theta15p195_foilpm3	0	3	7	5	72	34	15	14	9	0
rg04_theta15p195_foilpm3	0	3	7	6	92	50	19	15	13	0
rg04_theta15p195_foilpm3	0	3	8	2	6	0	2	0	0	6
rg04_theta15p195_foilpm3	0	3	8	3	20	0	4	0	0	20
rg04_theta15p195_foilpm3	0	3	8	4	34	16	7	5	5	0
rg04_theta15p195_foilpm3	0	3	8	5	52	28	11	5	8	0
rg04_theta15p195_foilpm3	0	4	0	2	1	0	1	0	0	1
rg04_theta15p195_foilpm3	0	4	0	3	1	0	1	0	0	1
rg04_theta15p195_foilpm3	0	4	0	4	12	0	3	0	0	12
rg04_theta15p195_foilpm3	0	4	0	5	14	0	3	0	0	14
rg04_theta15p195_foilpm3	0	4	1	2	3	0	1	0	0	3
rg04_theta15p195_foilpm3	0	4	1	3	12	0	3	0	0	12
rg04_theta15p195_foilpm3	0	4	1	4	24	0	5	0	0	24
rg04_theta15p195_foilpm3	0	4	1	5	37	20	8	5	6	0
rg04_theta15p195_foilpm3	0	4	1	6	58	30	12	11	8	0
rg04_theta15p195_foilpm3	0	4	2	2	10	0	2	0	0	10
rg04_theta15p195_foilpm3	0	4	2	4	25	13	5	5	4	0
rg04_theta15p195_foilpm3	0	4	2	5	45	24	9	6	7	0
rg04_theta15p195_foilpm3	0	4	2	6	71	38	15	12	10	0
rg04_theta15p195_foilpm3	0	4	3	2	7	0	2	0	0	7
rg04_theta15p195_foilpm3	0	4	3	3	5	0	1	0	0	5
rg04_theta15p195_foilpm3	0	4	3	4	23	0	5	0	0	23
rg04_theta15p195_foilpm3	0	4	3	5	56	29	12	8	8	0
rg04_theta15p195_foilpm3	0	4	3	6	88	43	18	17	11	0
rg04_theta15p195_foilpm3	0	4	4	2	13	0	3	0	0	13
rg04_theta15p195_foilpm3	0	4	4	3	19	0	4	0	0	19
rg04_theta15p195_foilpm3	0	4	4	4	15	0	3	0	0	15
rg04_theta15p195_foilpm3	0	4	4	5	49	27	10	6	7	0
rg04_theta15p195_foilpm3	0	4	4	6	87	44	18	13	12	0
rg04_theta15p195_foilpm3	0	4	5	2	11	0	3	0	0	11
rg04_theta15p195_foilpm3	0	4	5	3	23	0	5	0	0	23
rg04_theta15p195_foilpm3	0	4	5	4	32	16	7	5	4	0
rg04_theta15p195_foilpm3	0	4	5	5	2	0	1	0	0	2
rg04_theta15p195_foilpm3	0	4	5	6	92	47	19	17	12	0
rg04_theta15p195_foilpm3	0	4	6	2	8	0	2	0	0	8
rg04_theta15p195_foilpm3	0	4	6	3	14	0	3	0	0	14
rg04_theta15p195_foilpm3	0	4	6	4	21	0	5	0	0	21
rg04_theta15p195_foilpm3	0	4	6	5	48	24	10	7	7	0
rg04_theta15p195_foilpm3	0	4	6	6	52	27	11	10	7	0
rg04_theta15p195_foilpm3	0	4	7	2	5	0	1	0	0	5
rg04_theta15p195_foilpm3	0	4	7	3	3	0	1	0	0	3
rg04_theta15p195_foilpm3	0	4	7	4	17	0	4	0	0	17
rg04_theta15p195_foilpm3	0	4	7	5	30	13	6	3	4	0
rg04_theta15p195_foilpm3	0	4	7	6	50	26	10	9	7	0
rg04_theta15p195_foilpm3	0	4	8	3	6	0	2	0	0	6
rg04_theta15p195_foilpm3	0	4	8	4	13	0	3	0	0	13
rg04_theta15p195_foilpm3	0	4	8	5	19	0	4	0	0	19
rg04_theta15p195_foilpm3	1	0	0	2	1	0	1	0	0	1
rg04_theta15p195_foilpm3	1	0	0	3	15	0	3	0	0	15
rg04_theta15p195_foilpm3	1	0	0	4	16	0	4	0	0	16
rg04_theta15p195_foilpm3	1	0	0	5	35	17	7	4	5	0
rg04_theta15p195_foilpm3	1	0	0	6	32	15	7	5	4	0
rg04_theta15p195_foilpm3	1	0	0	7	1	0	1	0	0	1
rg04_theta15p195_foilpm3	1	0	1	2	18	0	4	0	0	18
rg04_theta15p195_foilpm3	1	0	1	3	14	0	3	0	0	14
rg04_theta15p195_foilpm3	1	0	1	4	39	20	8	5	5	0
rg04_theta15p195_foilpm3	1	0	1	5	52	22	11	7	6	0
rg04_theta15p195_foilpm3	1	0	1	6	50	25	10	6	7	0
rg04_theta15p195_foilpm3	1	0	2	2	20	0	4	0	0	20
rg04_theta15p195_foilpm3	1	0	2	3	5	0	1	0	0	5
rg04_theta15p195_foilpm3	1	0	2	4	40	20	8	6	5	0
rg04_theta15p195_foilpm3	1	0	2	5	54	24	11	6	6	0
rg04_theta15p195_foilpm3	1	0	2	6	86	36	18	14	10	0
rg04_theta15p195_foilpm3	1	0	2	7	12	0	3	0	0	12
rg04_theta15p195_foilpm3	1	0	3	2	20	0	4	0	0	20
rg04_theta15p195_foilpm3	1	0	3	3	35	18	7	7	5	0
rg04_theta15p195_foilpm3	1	0	3	4	36	16	8	6	5	0
rg04_theta15p195_foilpm3	1	0	3	5	63	32	13	8	8	0
rg04_theta15p195_foilpm3	1	0	3	6	93	48	19	14	12	0
rg04_theta15p195_foilpm3	1	0	3	7	19	0	4	0	0	19
rg04_theta15p195_foilpm3	1	0	4	2	21	0	5	0	0	21
rg04_theta15p195_foilpm3	1	0	4	3	40	16	8	4	4	0
rg04_theta15p195_foilpm3	1	0	4	4	9	0	2	0	0	9
rg04_theta15p195_foilpm3	1	0	4	5	71	35	15	10	9	0
rg04_theta15p195_foilpm3	1	0	4	6	86	42	18	10	11	0
rg04_theta15p195_foilpm3	1	0	4	7	24	0	5	0	0	24
rg04_theta15p195_foilpm3	1	0	5	2	11	0	3	0	0	11
rg04_theta15p195_foilpm3	1	0	5	3	24	0	5	0	0	24
rg04_theta15p195_foilpm3	1	0	5	4	45	22	9	8	6	0
rg04_theta15p195_foilpm3	1	0	5	6	64	29	13	11	8	0
rg04_theta15p195_foilpm3	1	0	5	7	16	0	4	0	0	16
rg04_theta15p195_foilpm3	1	0	6	2	9	0	2	0	0	9
rg04_theta15p195_foilpm3	1	0	6	3	20	0	4	0	0	20
rg04_theta15p195_foilpm3	1	0	6	4	41	20	9	6	5	0
rg04_theta15p195_foilpm3	1	0	6	5	45	20	9	7	5	0
rg04_theta15p195_foilpm3	1	0	6	6	74	35	15	11	9	0
rg04_theta15p195_foilpm3	1	0	6	7	11	0	3	0	0	11
rg04_theta15p195_foilpm3	1	0	7	2	5	0	1	0	0	5
rg04_theta15p195_foilpm3	1	0	7	3	17	0	4	0	0	17
rg04_theta15p195_foilpm3	1	0	7	4	26	13	6	4	4	0
rg04_theta15p195_foilpm3	1	0	7	5	26	12	6	1	4	0
rg04_theta15p195_foilpm3	1	0	7	6	44	20	9	6	5	0
rg04_theta15p195_foilpm3	1	0	7	7	1	0	1	0	0	1
rg04_theta15p195_foilpm3	1	0	8	3	4	0	1	0	0	4
rg04_theta15p195_foilpm3	1	0	8	4	6	0	2	0	0	6
rg04_theta15p195_foilpm3	1	0	8	5	13	0	3	0	0	13
rg04_theta15p195_foilpm3	1	0	8	6	20	0	4	0	0	20
rg04_theta15p195_foilpm3	1	1	0	2	1	0	1	0	0	1
rg04_theta15p195_foilpm3	1	1	0	3	20	0	4	0	0	20
rg04_theta15p195_foilpm3	1	1	0	4	34	19	7	4	5	0
rg04_theta15p195_foilpm3	1	1	0	5	44	23	9	7	6	0
rg04_theta15p195_foilpm3	1	1	0	6	44	20	9	7	5	0
rg04_theta15p195_foilpm3	1	1	1	2	21	0	5	0	0	21
rg04_theta15p195_foilpm3	1	1	1	3	31	16	7	5	5	0
rg04_theta15p195_foilpm3	1	1	1	4	40	22	8	7	6	0
rg04_theta15p195_foilpm3	1	1	1	5	70	39	14	12	10	0
rg04_theta15p195_foilpm3	1	1	1	6	86	44	18	13	11	0
rg04_theta15p195_foilpm3	1	1	1	7	4	0	1	0	0	4
rg04_theta15p195_foilpm3	1	1	2	2	12	0	3	0	0	12
rg04_theta15p195_foilpm3	1	1	2	3	1	0	1	0	0	1
rg04_theta15p195_foilpm3	1	1	2	4	67	33	14	10	9	0
rg04_theta15p195_foilpm3	1	1	2	5	81	43	17	16	11	0
rg04_theta15p195_foilpm3	1	1	2	6	95	43	19	15	11	0
rg04_theta15p195_foilpm3	1	1	2	7	58	32	12	9	9	0
rg04_theta15p195_foilpm3	1	1	3	2	33	14	7	7	4	0
rg04_theta15p195_foilpm3	1	1	3	3	38	17	8	7	5	0
rg04_theta15p195_foilpm3	1	1	3	4	70	36	14	13	9	0
rg04_theta15p195_foilpm3	1	1	3	5	94	50	19	12	13	0
rg04_theta15p195_foilpm3	1	1	3	6	115	59	23	18	15	0
rg04_theta15p195_foilpm3	1	1	3	7	103	56	21	19	15	0
rg04_theta15p195_foilpm3	1	1	4	2	42	21	9	8	6	0
rg04_theta15p195_foilpm3	1	1	4	3	47	24	10	8	6	0
rg04_theta15p195_foilpm3	1	1	4	4	18	0	4	0	0	18
rg04_theta15p195_foilpm3	1	1	4	5	84	44	17	16	12	0
rg04_theta15p195_foilpm3	1	1	4	6	136	68	28	19	18	0
rg04_theta15p195_foilpm3	1	1	4	7	146	75	30	20	19	0
rg04_theta15p195_foilpm3	1	1	5	2	13	0	3	0	0	13
rg04_theta15p195_foilpm3	1	1	5	3	50	24	10	8	7	0
rg04_theta15p195_foilpm3	1	1	5	4	64	33	13	12	9	0
rg04_theta15p195_foilpm3	1	1	5	5	4	0	1	0	0	4
rg04_theta15p195_foilpm3	1	1	5	6	116	56	24	20	15	0
rg04_theta15p195_foilpm3	1	1	5	7	107	59	22	20	15	0
rg04_theta15p195_foilpm3	1	1	6	2	17	0	4	0	0	17
rg04_theta15p195_foilpm3	1	1	6	3	34	20	7	6	5	0
rg04_theta15p195_foilpm3	1	1	6	4	41	21	9	5	6	0
rg04_theta15p195_foilpm3	1	1	6	5	75	41	15	11	11	0
rg04_theta15p195_foilpm3	1	1	6	6	98	48	20	16	13	0
rg04_theta15p195_foilpm3	1	1	6	7	81	44	17	13	12	0
rg04_theta15p195_foilpm3	1	1	7	2	13	0	3	0	0	13
rg04_theta15p195_foilpm3	1	1	7	3	26	14	6	5	4	0
rg04_theta15p195_foilpm3	1	1	7	4	45	24	9	8	7	0
rg04_theta15p195_foilpm3	1	1	7	5	62	32	13	9	9	0
rg04_theta15p195_foilpm3	1	1	7	6	83	42	17	12	11	0
rg04_theta15p195_foilpm3	1	1	7	7	2	0	1	0	0	2
rg04_theta15p195_foilpm3	1	1	8	3	28	12	6	5	4	0
rg04_theta15p195_foilpm3	1	1	8	4	20	0	4	0	0	20
rg04_theta15p195_foilpm3	1	1	8	5	50	25	10	6	7	0
rg04_theta15p195_foilpm3	1	1	8	6	52	25	11	11	7	0
rg04_theta15p195_foilpm3	1	2	0	3	20	0	4	0	0	20
rg04_theta15p195_foilpm3	1	2	0	4	28	16	6	5	5	0
rg04_theta15p195_foilpm3	1	2	0	5	59	28	12	10	7	0
rg04_theta15p195_foilpm3	1	2	0	6	93	50	19	10	13	0
rg04_theta15p195_foilpm3	1	2	1	2	22	0	5	0	0	22
rg04_theta15p195_foilpm3	1	2	1	3	36	18	8	8	5	0
rg04_theta15p195_foilpm3	1	2	1	4	53	28	11	9	7	0
rg04_theta15p195_foilpm3	1	2	1	5	77	39	16	15	10	0
rg04_theta15p195_foilpm3	1	2	1	6	125	62	25	18	16	0
rg04_theta15p195_foilpm3	1	2	1	7	2	0	1	0	0	2
rg04_theta15p195_foilpm3	1	2	2	2	10	0	2	0	0	10
rg04_theta15p195_foilpm3	1	2	2	3	3	0	1	0	0	3
rg04_theta15p195_foilpm3	1	2	2	4	70	36	14	14	10	0
rg04_theta15p195_foilpm3	1	2	2	5	102	50	21	17	13	0
rg04_theta15p195_foilpm3	1	2	2	6	132	68	27	21	17	0
rg04_theta15p195_foilpm3	1	2	2	7	195	109	39	33	28	0
rg04_theta15p195_foilpm3	1	2	3	2	30	15	6	6	4	0
rg04_theta15p195_foilpm3	1	2	3	3	50	28	10	8	7	0
rg04_theta15p195_foilpm3	1	2	3	4	90	48	18	14	13	0
rg04_theta15p195_foilpm3	1	2	3	5	129	70	26	22	18	0
rg04_theta15p195_foilpm3	1	2	3	6	187	100	38	32	25	0
rg04_theta15p195_foilpm3	1	2	3	7	214	120	43	39	30	0
rg04_theta15p195_foilpm3	1	2	4	2	23	0	5	0	0	23
rg04_theta15p195_foilpm3	1	2	4	3	56	32	12	10	9	0
rg04_theta15p195_foilpm3	1	2	4	4	27	14	6	5	4	0
rg04_theta15p195_foilpm3	1	2	4	5	140	75	28	24	19	0
rg04_theta15p195_foilpm3	1	2	4	6	188	96	38	30	25	0
rg04_theta15p195_foilpm3	1	2	4	7	240	128	48	42	33	0
rg04_theta15p195_foilpm3	1	2	5	2	35	16	7	3	5	0
rg04_theta15p195_foilpm3	1	2	5	3	61	36	13	9	9	0
rg04_theta15p195_foilpm3	1	2	5	4	105	55	21	14	14	0
rg04_theta15p195_foilpm3	1	2	5	6	172	94	35	32	24	0
rg04_theta15p195_foilpm3	1	2	5	7	228	116	46	40	30	0
rg04_theta15p195_foilpm3	1	2	6	2	25	12	5	3	4	0
rg04_theta15p195_foilpm3	1	2	6	3	45	25	9	9	7	0
rg04_theta15p195_foilpm3	1	2	6	4	66	33	14	11	9	0
rg04_theta15p195_foilpm3	1	2	6	5	109	56	22	21	15	0
rg04_theta15p195_foilpm3	1	2	6	6	152	78	31	22	20	0
rg04_theta15p195_foilpm3	1	2	6	7	199	106	40	37	27	0
rg04_theta15p195_foilpm3	1	2	7	2	19	0	4	0	0	19
rg04_theta15p195_foilpm3	1	2	7	3	25	13	5	3	4	0
rg04_theta15p195_foilpm3	1	2	7	4	54	29	11	9	8	0
rg04_theta15p195_foilpm3	1	2	7	5	81	42	17	16	11	0
rg04_theta15p195_foilpm3	1	2	7	6	108	55	22	17	14	0
rg04_theta15p195_foilpm3	1	2	7	7	1	0	1	0	0	1
rg04_theta15p195_foilpm3	1	2	8	3	18	0	4	0	0	18
rg04_theta15p195_foilpm3	1	2	8	4	40	22	8	7	6	0
rg04_theta15p195_foilpm3	1	2	8	5	62	32	13	12	9	0
rg04_theta15p195_foilpm3	1	2	8	6	82	42	17	12	11	0
rg04_theta15p195_foilpm3	1	3	0	3	10	0	2	0	0	10
rg04_theta15p195_foilpm3	1	3	0	4	8	0	2	0	0	8
rg04_theta15p195_foilpm3	1	3	0	5	41	20	9	7	5	0
rg04_theta15p195_foilpm3	1	3	0	6	51	24	11	9	7	0
rg04_theta15p195_foilpm3	1	3	1	2	17	0	4	0	0	17
rg04_theta15p195_foilpm3	1	3	1	3	12	0	3	0	0	12
rg04_theta15p195_foilpm3	1	3	1	4	28	12	6	6	4	0
rg04_theta15p195_foilpm3	1	3	1	5	47	24	10	4	6	0
rg04_theta15p195_foilpm3	1	3	1	6	87	41	18	13	11	0
rg04_theta15p195_foilpm3	1	3	1	7	1	0	1	0	0	1
rg04_theta15p195_foilpm3	1	3	2	2	10	0	2	0	0	10
rg04_theta15p195_foilpm3	1	3	2	3	1	0	1	0	0	1
rg04_theta15p195_foilpm3	1	3	2	4	57	28	12	10	8	0
rg04_theta15p195_foilpm3	1	3	2	5	63	29	13	11	8	0
rg04_theta15p195_foilpm3	1	3	2	6	119	60	24	16	15	0
rg04_theta15p195_foilpm3	1	3	2	7	148	77	30	24	20	0
rg04_theta15p195_foilpm3	1	3	3	2	20	0	4	0	0	20
rg04_theta15p195_foilpm3	1	3	3	3	24	0	5	0	0	24
rg04_theta15p195_foilpm3	1	3	3	4	56	29	12	9	8	0
rg04_theta15p195_foilpm3	1	3	3	5	97	48	20	16	13	0
rg04_theta15p195_foilpm3	1	3	3	6	111	56	23	17	14	0
rg04_theta15p195_foilpm3	1	3	3	7	193	95	39	30	24	0
rg04_theta15p195_foilpm3	1	3	4	2	16	0	4	0	0	16
rg04_theta15p195_foilpm3	1	3	4	3	20	0	4	0	0	20
rg04_theta15p195_foilpm3	1	3	4	4	16	0	4	0	0	16
rg04_theta15p195_foilpm3	1	3	4	5	70	34	14	12	9	0
rg04_theta15p195_foilpm3	1	3	4	6	148	74	30	27	19	0
rg04_theta15p195_foilpm3	1	3	4	7	192	97	39	34	25	0
rg04_theta15p195_foilpm3	1	3	5	2	8	0	2	0	0	8
rg04_theta15p195_foilpm3	1	3	5	3	28	14	6	6	4	0
rg04_theta15p195_foilpm3	1	3	5	4	46	24	10	8	6	0
rg04_theta15p195_foilpm3	1	3	5	6	133	62	27	21	16	0
rg04_theta15p195_foilpm3	1	3	5	7	180	90	36	24	23	0
rg04_theta15p195_foilpm3	1	3	6	2	10	0	2	0	0	10
rg04_theta15p195_foilpm3	1	3	6	3	21	0	5	0	0	21
rg04_theta15p195_foilpm3	1	3	6	4	27	12	6	5	3	0
rg04_theta15p195_foilpm3	1	3	6	5	54	26	11	11	7	0
rg04_theta15p195_foilpm3	1	3	6	6	103	51	21	18	13	0
rg04_theta15p195_foilpm3	1	3	6	7	148	73	30	25	19	0
rg04_theta15p195_foilpm3	1	3	7	2	4	0	1	0	0	4
rg04_theta15p195_foilpm3	1	3	7	3	20	0	4	0	0	20
rg04_theta15p195_foilpm3	1	3	7	4	34	18	7	6	5	0
rg04_theta15p195_foilpm3	1	3	7	5	64	33	13	9	9	0
rg04_theta15p195_foilpm3	1	3	7	6	93	48	19	15	13	0
rg04_theta15p195_foilpm3	1	3	7	7	10	0	2	0	0	10
rg04_theta15p195_foilpm3	1	3	8	3	12	0	3	0	0	12
rg04_theta15p195_foilpm3	1	3	8	4	18	0	4	0	0	18
rg04_theta15p195_foilpm3	1	3	8	5	37	15	8	6	4	0
rg04_theta15p195_foilpm3	1	3	8	6	61	28	13	9	8	0
rg04_theta15p195_foilpm3	1	4	0	3	3	0	1	0	0	3
rg04_theta15p195_foilpm3	1	4	0	4	7	0	2	0	0	7
rg04_theta15p195_foilpm3	1	4	0	5	14	0	3	0	0	14
rg04_theta15p195_foilpm3	1	4	0	6	12	0	3	0	0	12
rg04_theta15p195_foilpm3	1	4	1	3	2	0	1	0	0	2
rg04_theta15p195_foilpm3	1	4	1	4	13	0	3	0	0	13
rg04_theta15p195_foilpm3	1	4	1	5	12	0	3	0	0	12
rg04_theta15p195_foilpm3	1	4	1	6	33	18	7	5	5	0
rg04_theta15p195_foilpm3	1	4	2	4	13	0	3	0	0	13
rg04_theta15p195_foilpm3	1	4	2	5	21	0	5	0	0	21
rg04_theta15p195_foilpm3	1	4	2	6	51	25	11	9	7	0
rg04_theta15p195_foilpm3	1	4	2	7	72	40	15	12	11	0
rg04_theta15p195_foilpm3	1	4	3	3	10	0	2	0	0	10
rg04_theta15p195_foilpm3	1	4	3	4	12	0	3	0	0	12
rg04_theta15p195_foilpm3	1	4	3	5	18	0	4	0	0	18
rg04_theta15p195_foilpm3	1	4	3	6	57	31	12	9	8	0
rg04_theta15p195_foilpm3	1	4	3	7	107	59	22	18	15	0
rg04_theta15p195_foilpm3	1	4	4	3	12	0	3	0	0	12
rg04_theta15p195_foilpm3	1	4	4	4	3	0	1	0	0	3
rg04_theta15p195_foilpm3	1	4	4	5	26	15	6	2	4	0
rg04_theta15p195_foilpm3	1	4	4	6	64	31	13	11	8	0
rg04_theta15p195_foilpm3	1	4	4	7	78	39	16	15	10	0
rg04_theta15p195_foilpm3	1	4	5	3	8	0	2	0	0	8
rg04_theta15p195_foilpm3	1	4	5	4	21	0	5	0	0	21
rg04_theta15p195_foilpm3	1	4	5	5	1	0	1	0	0	1
rg04_theta15p195_foilpm3	1	4	5	6	59	32	12	9	8	0
rg04_theta15p195_foilpm3	1	4	5	7	95	52	19	13	13	0
rg04_theta15p195_foilpm3	1	4	6	3	1	0	1	0	0	1
rg04_theta15p195_foilpm3	1	4	6	4	14	0	3	0	0	14
rg04_theta15p195_foilpm3	1	4	6	5	31	14	7	7	4	0
rg04_theta15p195_foilpm3	1	4	6	6	49	24	10	8	6	0
rg04_theta15p195_foilpm3	1	4	6	7	58	29	12	10	8	0
rg04_theta15p195_foilpm3	1	4	7	3	3	0	1	0	0	3
rg04_theta15p195_foilpm3	1	4	7	4	5	0	1	0	0	5
rg04_theta15p195_foilpm3	1	4	7	5	15	0	3	0	0	15
rg04_theta15p195_foilpm3	1	4	7	6	40	23	8	4	6	0
rg04_theta15p195_foilpm3	1	4	7	7	2	0	1	0	0	2
rg04_theta15p195_foilpm3	1	4	8	3	2	0	1	0	0	2
rg04_theta15p195_foilpm3	1	4	8	4	7	0	2	0	0	7
rg04_theta15p195_foilpm3	1	4	8	5	7	0	2	0	0	7
rg04_theta15p195_foilpm3	1	4	8	6	11	0	3	0	0	11
rg05_theta12p495_foilpm3	0	0	0	2	31	13	7	2	4	0
rg05_theta12p495_foilpm3	0	0	0	3	27	12	6	4	4	0
rg05_theta12p495_foilpm3	0	0	0	4	44	21	9	5	6	0
rg05_theta12p495_foilpm3	0	0	0	5	30	13	6	2	4	0
rg05_theta12p495_foilpm3	0	0	0	6	3	0	1	0	0	3
rg05_theta12p495_foilpm3	0	0	1	2	23	0	5	0	0	23
rg05_theta12p495_foilpm3	0	0	1	3	50	24	10	9	6	0
rg05_theta12p495_foilpm3	0	0	1	4	62	30	13	11	8	0
rg05_theta12p495_foilpm3	0	0	1	5	32	16	7	5	4	0
rg05_theta12p495_foilpm3	0	0	1	6	7	0	2	0	0	7
rg05_theta12p495_foilpm3	0	0	2	2	46	20	10	5	6	0
rg05_theta12p495_foilpm3	0	0	2	3	9	0	2	0	0	9
rg05_theta12p495_foilpm3	0	0	2	4	73	34	15	7	9	0
rg05_theta12p495_foilpm3	0	0	2	5	62	24	13	5	6	0
rg05_theta12p495_foilpm3	0	0	2	6	45	15	9	6	4	0
rg05_theta12p495_foilpm3	0	0	3	2	30	13	6	1	4	0
rg05_theta12p495_foilpm3	0	0	3	3	50	25	10	7	7	0
rg05_theta12p495_foilpm3	0	0	3	4	64	33	13	9	9	0
rg05_theta12p495_foilpm3	0	0	3	5	100	51	20	11	13	0
rg05_theta12p495_foilpm3	0	0	3	6	88	33	18	8	9	0
rg05_theta12p495_foilpm3	0	0	4	2	51	21	11	9	6	0
rg05_theta12p495_foilpm3	0	0	4	3	59	25	12	9	7	0
rg05_theta12p495_foilpm3	0	0	4	4	24	0	5	0	0	24
rg05_theta12p495_foilpm3	0	0	4	5	85	36	17	11	9	0
rg05_theta12p495_foilpm3	0	0	4	6	123	44	25	15	11	0
rg05_theta12p495_foilpm3	0	0	5	2	32	14	7	6	4	0
rg05_theta12p495_foilpm3	0	0	5	3	53	24	11	8	7	0
rg05_theta12p495_foilpm3	0	0	5	4	70	31	14	11	8	0
rg05_theta12p495_foilpm3	0	0	5	5	2	0	1	0	0	2
rg05_theta12p495_foilpm3	0	0	5	6	96	51	20	13	13	0
rg05_theta12p495_foilpm3	0	0	6	2	19	0	4	0	0	19
rg05_theta12p495_foilpm3	0	0	6	3	52	26	11	8	7	0
rg05_theta12p495_foilpm3	0	0	6	4	67	31	14	7	8	0
rg05_theta12p495_foilpm3	0	0	6	5	73	36	15	10	10	0
rg05_theta12p495_foilpm3	0	0	6	6	91	40	19	16	10	0
rg05_theta12p495_foilpm3	0	0	7	2	18	0	4	0	0	18
rg05_theta12p495_foilpm3	0	0	7	3	33	16	7	6	4	0
rg05_theta12p495_foilpm3	0	0	7	4	38	18	8	5	5	0
rg05_theta12p495_foilpm3	0	0	7	5	44	20	9	8	5	0
rg05_theta12p495_foilpm3	0	0	7	6	60	26	12	11	7	0
rg05_theta12p495_foilpm3	0	0	8	2	6	0	2	0	0	6
rg05_theta12p495_foilpm3	0	0	8	3	15	0	3	0	0	15
rg05_theta12p495_foilpm3	0	0	8	4	21	0	5	0	0	21
rg05_theta12p495_foilpm3	0	0	8	5	29	16	6	5	4	0
rg05_theta12p495_foilpm3	0	0	8	6	7	0	2	0	0	7
rg05_theta12p495_foilpm3	0	1	0	2	36	18	8	7	5	0
rg05_theta12p495_foilpm3	0	1	0	3	45	24	9	7	7	0
rg05_theta12p495_foilpm3	0	1	0	4	69	31	14	12	8	0
rg05_theta12p495_foilpm3	0	1	0	5	88	40	18	13	11	0
rg05_theta12p495_foilpm3	0	1	0	6	4	0	1	0	0	4
rg05_theta12p495_foilpm3	0	1	1	1	11	0	3	0	0	11
rg05_theta12p495_foilpm3	0	1	1	2	46	19	10	8	5	0
rg05_theta12p495_foilpm3	0	1	1	3	76	33	16	12	9	0
rg05_theta12p495_foilpm3	0	1	1	4	113	48	23	14	13	0
rg05_theta12p495_foilpm3	0	1	1	5	107	44	22	12	12	0
rg05_theta12p495_foilpm3	0	1	1	6	61	29	13	9	8	0
rg05_theta12p495_foilpm3	0	1	2	1	39	18	8	3	5	0
rg05_theta12p495_foilpm3	0	1	2	2	69	33	14	8	9	0
rg05_theta12p495_foilpm3	0	1	2	3	3	0	1	0	0	3
rg05_theta12p495_foilpm3	0	1	2	4	124	59	25	16	15	0
rg05_theta12p495_foilpm3	0	1	2	5	149	74	30	23	19	0
rg05_theta12p495_foilpm3	0	1	2	6	126	61	26	21	16	0
rg05_theta12p495_foilpm3	0	1	3	1	39	16	8	7	4	0
rg05_theta12p495_foilpm3	0	1	3	2	71	33	15	12	9	0
rg05_theta12p495_foilpm3	0	1	3	3	95	48	19	13	12	0
rg05_theta12p495_foilpm3	0	1	3	4	133	61	27	18	16	0
rg05_theta12p495_foilpm3	0	1	3	5	134	70	27	22	18	0
rg05_theta12p495_foilpm3	0	1	3	6	164	81	33	27	21	0
rg05_theta12p495_foilpm3	0	1	4	1	50	25	10	8	7	0
rg05_theta12p495_foilpm3	0	1	4	2	86	42	18	11	11	0
rg05_theta12p495_foilpm3	0	1	4	3	101	45	21	19	12	0
rg05_theta12p495_foilpm3	0	1	4	4	38	19	8	8	5	0
rg05_theta12p495_foilpm3	0	1	4	5	188	86	38	34	22	0
rg05_theta12p495_foilpm3	0	1	4	6	205	98	41	35	25	0
rg05_theta12p495_foilpm3	0	1	5	1	48	20	10	10	6	0
rg05_theta12p495_foilpm3	0	1	5	2	67	35	14	12	9	0
rg05_theta12p495_foilpm3	0	1	5	3	121	62	25	23	16	0
rg05_theta12p495_foilpm3	0	1	5	4	142	71	29	25	18	0
rg05_theta12p495_foilpm3	0	1	5	5	13	0	3	0	0	13
rg05_theta12p495_foilpm3	0	1	5	6	231	110	47	36	28	0
rg05_theta12p495_foilpm3	0	1	6	1	40	16	8	5	5	0
rg05_theta12p495_foilpm3	0	1	6	2	70	38	14	8	10	0
rg05_theta12p495_foilpm3	0	1	6	3	84	44	17	15	12	0
rg05_theta12p495_foilpm3	0	1	6	4	88	47	18	16	12	0
rg05_theta12p495_foilpm3	0	1	6	5	132	65	27	19	17	0
rg05_theta12p495_foilpm3	0	1	6	6	166	83	34	33	21	0
rg05_theta12p495_foilpm3	0	1	7	1	14	0	3	0	0	14
rg05_theta12p495_foilpm3	0	1	7	2	46	20	10	6	6	0
rg05_theta12p495_foilpm3	0	1	7	3	67	34	14	10	9	0
rg05_theta12p495_foilpm3	0	1	7	4	101	49	21	16	13	0
rg05_theta12p495_foilpm3	0	1	7	5	111	57	23	15	15	0
rg05_theta12p495_foilpm3	0	1	7	6	124	60	25	22	16	0
rg05_theta12p495_foilpm3	0	1	8	2	26	12	6	3	3	0
rg05_theta12p495_foilpm3	0	1	8	3	52	26	11	9	7	0
rg05_theta12p495_foilpm3	0	1	8	4	72	40	15	14	11	0
rg05_theta12p495_foilpm3	0	1	8	5	97	48	20	15	13	0
rg05_theta12p495_foilpm3	0	1	8	6	15	0	3	0	0	15
rg05_theta12p495_foilpm3	0	2	0	2	66	33	14	9	9	0
rg05_theta12p495_foilpm3	0	2	0	3	88	42	18	15	11	0
rg05_theta12p495_foilpm3	0	2	0	4	108	56	22	18	15	0
rg05_theta12p495_foilpm3	0	2	0	5	161	85	33	26	22	0
rg05_theta12p495_foilpm3	0	2	0	6	3	0	1	0	0	3
rg05_theta12p495_foilpm3	0	2	1	1	20	0	4	0	0	20
rg05_theta12p495_foilpm3	0	2	1	2	90	42	18	16	11	0
rg05_theta12p495_foilpm3	0	2	1	3	123	52	25	21	13	0
rg05_theta12p495_foilpm3	0	2	1	4	157	78	32	24	20	0
rg05_theta12p495_foilpm3	0	2	1	5	208	96	42	35	24	0
rg05_theta12p495_foilpm3	0	2	1	6	188	94	38	27	24	0
rg05_theta12p495_foilpm3	0	2	2	1	55	27	11	9	7	0
rg05_theta12p495_foilpm3	0	2	2	2	98	52	20	16	14	0
rg05_theta12p495_foilpm3	0	2	2	3	1	0	1	0	0	1
rg05_theta12p495_foilpm3	0	2	2	4	177	84	36	28	22	0
rg05_theta12p495_foilpm3	0	2	2	5	273	133	55	45	34	0
rg05_theta12p495_foilpm3	0	2	2	6	289	149	58	46	38	0
rg05_theta12p495_foilpm3	0	2	3	1	80	42	16	11	11	0
rg05_theta12p495_foilpm3	0	2	3	2	137	67	28	20	17	0
rg05_theta12p495_foilpm3	0	2	3	3	197	102	40	29	26	0
rg05_theta12p495_foilpm3	0	2	3	4	278	142	56	43	36	0
rg05_theta12p495_foilpm3	0	2	3	5	322	156	65	50	40	0
rg05_theta12p495_foilpm3	0	2	3	6	377	191	76	61	48	0
rg05_theta12p495_foilpm3	0	2	4	1	68	36	14	10	10	0
rg05_theta12p495_foilpm3	0	2	4	2	144	69	29	23	18	0
rg05_theta12p495_foilpm3	0	2	4	3	187	88	38	34	23	0
rg05_theta12p495_foilpm3	0	2	4	4	76	39	16	11	10	0
rg05_theta12p495_foilpm3	0	2	4	5	332	162	67	54	41	0
rg05_theta12p495_foilpm3	0	2	4	6	383	188	77	66	48	0
rg05_theta12p495_foilpm3	0	2	5	1	73	38	15	14	10	0
rg05_theta12p495_foilpm3	0	2	5	2	117	59	24	19	15	0
rg05_theta12p495_foilpm3	0	2	5	3	180	89	36	29	23	0
rg05_theta12p495_foilpm3	0	2	5	4	236	112	48	41	29	0
rg05_theta12p495_foilpm3	0	2	5	5	10	0	2	0	0	10
rg05_theta12p495_foilpm3	0	2	5	6	407	212	82	64	54	0
rg05_theta12p495_foilpm3	0	2	6	1	66	32	14	10	9	0
rg05_theta12p495_foilpm3	0	2	6	2	98	49	20	17	13	0
rg05_theta12p495_foilpm3	0	2	6	3	167	83	34	30	21	0
rg05_theta12p495_foilpm3	0	2	6	4	237	120	48	39	31	0
rg05_theta12p495_foilpm3	0	2	6	5	283	151	57	44	38	0
rg05_theta12p495_foilpm3	0	2	6	6	328	165	66	50	42	0
rg05_theta12p495_foilpm3	0	2	7	1	23	0	5	0	0	23
rg05_theta12p495_foilpm3	0	2	7	2	78	42	16	14	11	0
rg05_theta12p495_foilpm3	0	2	7	3	134	68	27	22	17	0
rg05_theta12p495_foilpm3	0	2	7	4	154	77	31	28	20	0
rg05_theta12p495_foilpm3	0	2	7	5	222	116	45	35	29	0
rg05_theta12p495_foilpm3	0	2	7	6	230	117	46	38	30	0
rg05_theta12p495_foilpm3	0	2	8	2	54	28	11	8	8	0
rg05_theta12p495_foilpm3	0	2	8	3	93	52	19	16	13	0
rg05_theta12p495_foilpm3	0	2	8	4	118	64	24	19	16	0
rg05_theta12p495_foilpm3	0	2	8	5	149	81	30	22	21	0
rg05_theta12p495_foilpm3	0	2	8	6	4	0	1	0	0	4
rg05_theta12p495_foilpm3	0	3	0	2	30	15	6	4	4	0
rg05_theta12p495_foilpm3	0	3	0	3	81	40	17	14	10	0
rg05_theta12p495_foilpm3	0	3	0	4	102	44	21	18	12	0
rg05_theta12p495_foilpm3	0	3	0	5	127	61	26	20	16	0
rg05_theta12p495_foilpm3	0	3	0	6	3	0	1	0	0	3
rg05_theta12p495_foilpm3	0	3	1	1	4	0	1	0	0	4
rg05_theta12p495_foilpm3	0	3	1	2	42	22	9	7	6	0
rg05_theta12p495_foilpm3	0	3	1	3	92	46	19	15	12	0
rg05_theta12p495_foilpm3	0	3	1	4	134	67	27	25	17	0
rg05_theta12p495_foilpm3	0	3	1	5	196	89	40	26	23	0
rg05_theta12p495_foilpm3	0	3	1	6	228	104	46	29	26	0
rg05_theta12p495_foilpm3	0	3	2	1	35	17	7	6	5	0
rg05_theta12p495_foilpm3	0	3	2	2	69	36	14	13	10	0
rg05_theta12p495_foilpm3	0	3	2	3	1	0	1	0	0	1
rg05_theta12p495_foilpm3	0	3	2	4	189	95	38	30	24	0
rg05_theta12p495_foilpm3	0	3	2	5	232	112	47	36	28	0
rg05_theta12p495_foilpm3	0	3	2	6	318	159	64	49	40	0
rg05_theta12p495_foilpm3	0	3	3	1	58	27	12	10	7	0
rg05_theta12p495_foilpm3	0	3	3	2	99	42	20	15	11	0
rg05_theta12p495_foilpm3	0	3	3	3	124	59	25	19	15	0
rg05_theta12p495_foilpm3	0	3	3	4	192	93	39	31	24	0
rg05_theta12p495_foilpm3	0	3	3	5	257	127	52	44	32	0
rg05_theta12p495_foilpm3	0	3	3	6	323	153	65	51	39	0
rg05_theta12p495_foilpm3	0	3	4	1	51	26	11	9	7	0
rg05_theta12p495_foilpm3	0	3	4	2	115	52	23	18	14	0
rg05_theta12p495_foilpm3	0	3	4	3	156	76	32	23	19	0
rg05_theta12p495_foilpm3	0	3	4	4	53	23	11	9	6	0
rg05_theta12p495_foilpm3	0	3	4	5	298	149	60	43	38	0
rg05_theta12p495_foilpm3	0	3	4	6	401	199	81	63	50	0
rg05_theta12p495_foilpm3	0	3	5	1	60	29	12	10	8	0
rg05_theta12p495_foilpm3	0	3	5	2	106	48	22	14	13	0
rg05_theta12p495_foilpm3	0	3	5	3	127	60	26	20	16	0
rg05_theta12p495_foilpm3	0	3	5	4	218	112	44	32	29	0
rg05_theta12p495_foilpm3	0	3	5	5	3	0	1	0	0	3
rg05_theta12p495_foilpm3	0	3	5	6	356	172	72	52	43	0
rg05_theta12p495_foilpm3	0	3	6	1	42	20	9	7	5	0
rg05_theta12p495_foilpm3	0	3	6	2	85	44	17	11	11	0
rg05_theta12p495_foilpm3	0	3	6	3	115	56	23	20	14	0
rg05_theta12p495_foilpm3	0	3	6	4	156	68	32	23	18	0
rg05_theta12p495_foilpm3	0	3	6	5	250	121	50	39	31	0
rg05_theta12p495_foilpm3	0	3	6	6	318	154	64	44	39	0
rg05_theta12p495_foilpm3	0	3	7	1	23	0	5	0	0	23
rg05_theta12p495_foilpm3	0	3	7	2	71	36	15	8	10	0
rg05_theta12p495_foilpm3	0	3	7	3	71	33	15	7	9	0
rg05_theta12p495_foilpm3	0	3	7	4	150	73	30	26	19	0
rg05_theta12p495_foilpm3	0	3	7	5	196	87	40	29	22	0
rg05_theta12p495_foilpm3	0	3	7	6	238	121	48	34	31	0
rg05_theta12p495_foilpm3	0	3	8	2	31	16	7	4	5	0
rg05_theta12p495_foilpm3	0	3	8	3	80	36	16	12	10	0
rg05_theta12p495_foilpm3	0	3	8	4	102	44	21	15	11	0
rg05_theta12p495_foilpm3	0	3	8	5	128	60	26	16	16	0
rg05_theta12p495_foilpm3	0	3	8	6	2	0	1	0	0	2
rg05_theta12p495_foilpm3	0	4	0	2	12	0	3	0	0	12
rg05_theta12p495_foilpm3	0	4	0	3	37	20	8	6	5	0
rg05_theta12p495_foilpm3	0	4	0	4	53	28	11	10	8	0
rg05_theta12p495_foilpm3	0	4	0	5	79	43	16	11	11	0
rg05_theta12p495_foilpm3	0	4	0	6	2	0	1	0	0	2
rg05_theta12p495_foilpm3	0	4	1	1	5	0	1	0	0	5
rg05_theta12p495_foilpm3	0	4	1	2	30	15	6	4	4	0
rg05_theta12p495_foilpm3	0	4	1	3	39	19	8	6	5	0
rg05_theta12p495_foilpm3	0	4	1	4	84	44	17	14	11	0
rg05_theta12p495_foilpm3	0	4	1	5	128	64	26	23	16	0
rg05_theta12p495_foilpm3	0	4	1	6	179	95	36	29	24	0
rg05_theta12p495_foilpm3	0	4	2	1	21	0	5	0	0	21
rg05_theta12p495_foilpm3	0	4	2	2	42	21	9	8	6	0
rg05_theta12p495_foilpm3	0	4	2	4	104	58	21	19	15	0
rg05_theta12p495_foilpm3	0	4	2	5	156	76	32	25	20	0
rg05_theta12p495_foilpm3	0	4	2	6	222	111	45	36	28	0
rg05_theta12p495_foilpm3	0	4	3	1	32	16	7	5	5	0
rg05_theta12p495_foilpm3	0	4	3	2	50	29	10	6	8	0
rg05_theta12p495_foilpm3	0	4	3	3	75	40	15	12	11	0
rg05_theta12p495_foilpm3	0	4	3	4	129	63	26	19	16	0
rg05_theta12p495_foilpm3	0	4	3	5	193	95	39	29	24	0
rg05_theta12p495_foilpm3	0	4	3	6	284	144	57	43	36	0
rg05_theta12p495_foilpm3	0	4	4	1	36	19	8	4	5	0
rg05_theta12p495_foilpm3	0	4	4	2	45	24	9	7	6	0
rg05_theta12p495_foilpm3	0	4	4	3	75	35	15	12	9	0
rg05_theta12p495_foilpm3	0	4	4	4	40	20	8	7	6	0
rg05_theta12p495_foilpm3	0	4	4	5	206	101	42	34	26	0
rg05_theta12p495_foilpm3	0	4	4	6	283	140	57	45	35	0
rg05_theta12p495_foilpm3	0	4	5	1	27	13	6	5	4	0
rg05_theta12p495_foilpm3	0	4	5	2	52	26	11	9	7	0
rg05_theta12p495_foilpm3	0	4	5	3	83	47	17	15	12	0
rg05_theta12p495_foilpm3	0	4	5	4	128	66	26	22	17	0
rg05_theta12p495_foilpm3	0	4	5	5	5	0	1	0	0	5
rg05_theta12p495_foilpm3	0	4	5	6	251	121	51	41	31	0
rg05_theta12p495_foilpm3	0	4	6	1	15	0	3	0	0	15
rg05_theta12p495_foilpm3	0	4	6	2	34	16	7	5	4	0
rg05_theta12p495_foilpm3	0	4	6	3	63	32	13	11	8	0
rg05_theta12p495_foilpm3	0	4	6	4	87	44	18	16	11	0
rg05_theta12p495_foilpm3	0	4	6	5	155	76	31	23	20	0
rg05_theta12p495_foilpm3	0	4	6	6	233	110	47	33	28	0
rg05_theta12p495_foilpm3	0	4	7	1	3	0	1	0	0	3
rg05_theta12p495_foilpm3	0	4	7	2	20	0	4	0	0	20
rg05_theta12p495_foilpm3	0	4	7	3	57	32	12	8	8	0
rg05_theta12p495_foilpm3	0	4	7	4	66	35	14	13	9	0
rg05_theta12p495_foilpm3	0	4	7	5	109	56	22	19	14	0
rg05_theta12p495_foilpm3	0	4	7	6	166	83	34	22	21	0
rg05_theta12p495_foilpm3	0	4	8	2	3	0	1	0	0	3
rg05_theta12p495_foilpm3	0	4	8	3	31	14	7	5	4	0
rg05_theta12p495_foilpm3	0	4	8	4	64	32	13	11	8	0
rg05_theta12p495_foilpm3	0	4	8	5	86	40	18	12	10	0
rg05_theta12p495_foilpm3	0	4	8	6	2	0	1	0	0	2
rg05_theta12p495_foilpm3	1	0	0	2	3	0	1	0	0	3
rg05_theta12p495_foilpm3	1	0	0	3	22	0	5	0	0	22
rg05_theta12p495_foilpm3	1	0	0	4	44	20	9	3	5	0
rg05_theta12p495_foilpm3	1	0	0	5	52	24	11	5	6	0
rg05_theta12p495_foilpm3	1	0	0	6	47	19	10	5	5	0
rg05_theta12p495_foilpm3	1	0	1	2	31	12	7	2	3	0
rg05_theta12p495_foilpm3	1	0	1	3	29	14	6	5	4	0
rg05_theta12p495_foilpm3	1	0	1	4	53	24	11	9	6	0
rg05_theta12p495_foilpm3	1	0	1	5	57	25	12	9	7	0
rg05_theta12p495_foilpm3	1	0	1	6	64	26	13	7	7	0
rg05_theta12p495_foilpm3	1	0	1	7	2	0	1	0	0	2
rg05_theta12p495_foilpm3	1	0	2	2	31	13	7	5	4	0
rg05_theta12p495_foilpm3	1	0	2	3	4	0	1	0	0	4
rg05_theta12p495_foilpm3	1	0	2	4	62	25	13	13	7	0
rg05_theta12p495_foilpm3	1	0	2	5	62	25	13	10	7	0
rg05_theta12p495_foilpm3	1	0	2	6	120	39	24	15	10	0
rg05_theta12p495_foilpm3	1	0	2	7	11	0	3	0	0	11
rg05_theta12p495_foilpm3	1	0	3	2	40	15	8	7	4	0
rg05_theta12p495_foilpm3	1	0	3	3	54	22	11	9	6	0
rg05_theta12p495_foilpm3	1	0	3	4	64	28	13	8	8	0
rg05_theta12p495_foilpm3	1	0	3	5	79	33	16	9	9	0
rg05_theta12p495_foilpm3	1	0	3	6	109	44	22	9	11	0
rg05_theta12p495_foilpm3	1	0	3	7	24	0	5	0	0	24
rg05_theta12p495_foilpm3	1	0	4	2	36	12	8	2	3	0
rg05_theta12p495_foilpm3	1	0	4	3	54	31	11	11	8	0
rg05_theta12p495_foilpm3	1	0	4	4	25	13	5	4	4	0
rg05_theta12p495_foilpm3	1	0	4	5	83	39	17	13	10	0
rg05_theta12p495_foilpm3	1	0	4	6	127	58	26	17	15	0
rg05_theta12p495_foilpm3	1	0	4	7	25	12	5	2	3	0
rg05_theta12p495_foilpm3	1	0	5	2	32	15	7	5	4	0
rg05_theta12p495_foilpm3	1	0	5	3	53	23	11	7	6	0
rg05_theta12p495_foilpm3	1	0	5	4	67	36	14	11	9	0
rg05_theta12p495_foilpm3	1	0	5	5	3	0	1	0	0	3
rg05_theta12p495_foilpm3	1	0	5	6	105	45	21	16	12	0
rg05_theta12p495_foilpm3	1	0	5	7	15	0	3	0	0	15
rg05_theta12p495_foilpm3	1	0	6	2	17	0	4	0	0	17
rg05_theta12p495_foilpm3	1	0	6	3	41	18	9	3	5	0
rg05_theta12p495_foilpm3	1	0	6	4	55	26	11	7	7	0
rg05_theta12p495_foilpm3	1	0	6	5	78	38	16	12	10	0
rg05_theta12p495_foilpm3	1	0	6	6	87	38	18	11	10	0
rg05_theta12p495_foilpm3	1	0	6	7	11	0	3	0	0	11
rg05_theta12p495_foilpm3	1	0	7	2	12	0	3	0	0	12
rg05_theta12p495_foilpm3	1	0	7	3	25	12	5	2	4	0
rg05_theta12p495_foilpm3	1	0	7	4	44	24	9	8	7	0
rg05_theta12p495_foilpm3	1	0	7	5	50	24	10	3	6	0
rg05_theta12p495_foilpm3	1	0	7	6	89	40	18	14	10	0
rg05_theta12p495_foilpm3	1	0	7	7	1	0	1	0	0	1
rg05_theta12p495_foilpm3	1	0	8	2	1	0	1	0	0	1
rg05_theta12p495_foilpm3	1	0	8	3	11	0	3	0	0	11
rg05_theta12p495_foilpm3	1	0	8	4	15	0	3	0	0	15
rg05_theta12p495_foilpm3	1	0	8	5	31	15	7	5	4	0
rg05_theta12p495_foilpm3	1	0	8	6	40	18	8	5	5	0
rg05_theta12p495_foilpm3	1	0	8	7	1	0	1	0	0	1
rg05_theta12p495_foilpm3	1	1	0	2	1	0	1	0	0	1
rg05_theta12p495_foilpm3	1	1	0	3	48	22	10	8	6	0
rg05_theta12p495_foilpm3	1	1	0	4	59	28	12	10	8	0
rg05_theta12p495_foilpm3	1	1	0	5	76	37	16	10	10	0
rg05_theta12p495_foilpm3	1	1	0	6	85	40	17	8	11	0
rg05_theta12p495_foilpm3	1	1	1	2	32	17	7	4	5	0
rg05_theta12p495_foilpm3	1	1	1	3	52	24	11	10	7	0
rg05_theta12p495_foilpm3	1	1	1	4	76	32	16	13	9	0
rg05_theta12p495_foilpm3	1	1	1	5	120	59	24	16	15	0
rg05_theta12p495_foilpm3	1	1	1	6	142	72	29	23	18	0
rg05_theta12p495_foilpm3	1	1	1	7	2	0	1	0	0	2
rg05_theta12p495_foilpm3	1	1	2	2	46	22	10	8	6	0
rg05_theta12p495_foilpm3	1	1	2	3	4	0	1	0	0	4
rg05_theta12p495_foilpm3	1	1	2	4	135	69	27	18	18	0
rg05_theta12p495_foilpm3	1	1	2	5	116	58	24	15	15	0
rg05_theta12p495_foilpm3	1	1	2	6	167	77	34	25	20	0
rg05_theta12p495_foilpm3	1	1	2	7	101	50	21	19	13	0
rg05_theta12p495_foilpm3	1	1	3	2	32	16	7	5	5	0
rg05_theta12p495_foilpm3	1	1	3	3	68	36	14	13	9	0
rg05_theta12p495_foilpm3	1	1	3	4	138	73	28	23	19	0
rg05_theta12p495_foilpm3	1	1	3	5	163	84	33	24	21	0
rg05_theta12p495_foilpm3	1	1	3	6	188	97	38	26	25	0
rg05_theta12p495_foilpm3	1	1	3	7	198	100	40	37	25	0
rg05_theta12p495_foilpm3	1	1	4	2	47	24	10	8	7	0
rg05_theta12p495_foilpm3	1	1	4	3	102	53	21	16	14	0
rg05_theta12p495_foilpm3	1	1	4	4	45	24	9	7	6	0
rg05_theta12p495_foilpm3	1	1	4	5	177	86	36	31	22	0
rg05_theta12p495_foilpm3	1	1	4	6	202	101	41	36	26	0
rg05_theta12p495_foilpm3	1	1	4	7	213	111	43	38	28	0
rg05_theta12p495_foilpm3	1	1	5	2	48	27	10	8	7	0
rg05_theta12p495_foilpm3	1	1	5	3	66	32	14	10	9	0
rg05_theta12p495_foilpm3	1	1	5	4	132	68	27	20	17	0
rg05_theta12p495_foilpm3	1	1	5	5	3	0	1	0	0	3
rg05_theta12p495_foilpm3	1	1	5	6	246	115	50	41	29	0
rg05_theta12p495_foilpm3	1	1	5	7	190	100	38	29	26	0
rg05_theta12p495_foilpm3	1	1	6	2	31	15	7	6	4	0
rg05_theta12p495_foilpm3	1	1	6	3	69	36	14	10	9	0
rg05_theta12p495_foilpm3	1	1	6	4	100	48	20	16	13	0
rg05_theta12p495_foilpm3	1	1	6	5	156	85	32	28	22	0
rg05_theta12p495_foilpm3	1	1	6	6	169	87	34	29	22	0
rg05_theta12p495_foilpm3	1	1	6	7	135	72	27	23	18	0
rg05_theta12p495_foilpm3	1	1	7	2	31	14	7	4	4	0
rg05_theta12p495_foilpm3	1	1	7	3	51	28	11	5	7	0
rg05_theta12p495_foilpm3	1	1	7	4	84	39	17	15	10	0
rg05_theta12p495_foilpm3	1	1	7	5	101	48	21	17	12	0
rg05_theta12p495_foilpm3	1	1	7	6	125	64	25	20	17	0
rg05_theta12p495_foilpm3	1	1	7	7	3	0	1	0	0	3
rg05_theta12p495_foilpm3	1	1	8	2	3	0	1	0	0	3
rg05_theta12p495_foilpm3	1	1	8	3	34	18	7	6	5	0
rg05_theta12p495_foilpm3	1	1	8	4	54	27	11	9	7	0
rg05_theta12p495_foilpm3	1	1	8	5	74	36	15	13	9	0
rg05_theta12p495_foilpm3	1	1	8	6	115	59	23	21	15	0
rg05_theta12p495_foilpm3	1	1	8	7	1	0	1	0	0	1
rg05_theta12p495_foilpm3	1	2	0	2	1	0	1	0	0	1
rg05_theta12p495_foilpm3	1	2	0	3	41	22	9	8	6	0
rg05_theta12p495_foilpm3	1	2	0	4	73	40	15	12	10	0
rg05_theta12p495_foilpm3	1	2	0	5	108	54	22	15	14	0
rg05_theta12p495_foilpm3	1	2	0	6	123	62	25	18	16	0
rg05_theta12p495_foilpm3	1	2	0	7	1	0	1	0	0	1
rg05_theta12p495_foilpm3	1	2	1	2	53	26	11	9	7	0
rg05_theta12p495_foilpm3	1	2	1	3	80	36	16	13	9	0
rg05_theta12p495_foilpm3	1	2	1	4	147	68	30	23	18	0
rg05_theta12p495_foilpm3	1	2	1	5	182	89	37	24	23	0
rg05_theta12p495_foilpm3	1	2	1	6	217	100	44	33	25	0
rg05_theta12p495_foilpm3	1	2	2	2	61	30	13	11	8	0
rg05_theta12p495_foilpm3	1	2	2	3	3	0	1	0	0	3
rg05_theta12p495_foilpm3	1	2	2	4	174	87	35	23	22	0
rg05_theta12p495_foilpm3	1	2	2	5	217	110	44	36	28	0
rg05_theta12p495_foilpm3	1	2	2	6	279	140	56	37	36	0
rg05_theta12p495_foilpm3	1	2	2	7	291	156	59	46	39	0
rg05_theta12p495_foilpm3	1	2	3	2	85	45	17	11	12	0
rg05_theta12p495_foilpm3	1	2	3	3	123	66	25	22	17	0
rg05_theta12p495_foilpm3	1	2	3	4	239	126	48	40	32	0
rg05_theta12p495_foilpm3	1	2	3	5	303	153	61	48	39	0
rg05_theta12p495_foilpm3	1	2	3	6	359	188	72	56	48	0
rg05_theta12p495_foilpm3	1	2	3	7	379	204	76	63	52	0
rg05_theta12p495_foilpm3	1	2	4	2	82	40	17	15	10	0
rg05_theta12p495_foilpm3	1	2	4	3	142	68	29	23	18	0
rg05_theta12p495_foilpm3	1	2	4	4	70	36	14	12	10	0
rg05_theta12p495_foilpm3	1	2	4	5	313	156	63	52	39	0
rg05_theta12p495_foilpm3	1	2	4	6	370	191	74	65	48	0
rg05_theta12p495_foilpm3	1	2	4	7	437	237	88	77	60	0
rg05_theta12p495_foilpm3	1	2	5	2	93	47	19	17	12	0
rg05_theta12p495_foilpm3	1	2	5	3	133	71	27	23	18	0
rg05_theta12p495_foilpm3	1	2	5	4	225	113	45	38	29	0
rg05_theta12p495_foilpm3	1	2	5	5	4	0	1	0	0	4
rg05_theta12p495_foilpm3	1	2	5	6	381	193	77	62	49	0
rg05_theta12p495_foilpm3	1	2	5	7	382	201	77	66	51	0
rg05_theta12p495_foilpm3	1	2	6	2	68	37	14	12	10	0
rg05_theta12p495_foilpm3	1	2	6	3	108	59	22	18	15	0
rg05_theta12p495_foilpm3	1	2	6	4	165	87	33	24	22	0
rg05_theta12p495_foilpm3	1	2	6	5	238	129	48	38	33	0
rg05_theta12p495_foilpm3	1	2	6	6	336	176	68	56	45	0
rg05_theta12p495_foilpm3	1	2	6	7	298	163	60	53	41	0
rg05_theta12p495_foilpm3	1	2	7	2	62	34	13	10	9	0
rg05_theta12p495_foilpm3	1	2	7	3	79	40	16	14	11	0
rg05_theta12p495_foilpm3	1	2	7	4	143	79	29	23	20	0
rg05_theta12p495_foilpm3	1	2	7	5	190	104	38	30	27	0
rg05_theta12p495_foilpm3	1	2	7	6	249	133	50	40	34	0
rg05_theta12p495_foilpm3	1	2	7	7	4	0	1	0	0	4
rg05_theta12p495_foilpm3	1	2	8	2	3	0	1	0	0	3
rg05_theta12p495_foilpm3	1	2	8	3	49	25	10	7	7	0
rg05_theta12p495_foilpm3	1	2	8	4	84	43	17	14	11	0
rg05_theta12p495_foilpm3	1	2	8	5	125	62	25	20	16	0
rg05_theta12p495_foilpm3	1	2	8	6	177	91	36	28	23	0
rg05_theta12p495_foilpm3	1	2	8	7	1	0	1	0	0	1
rg05_theta12p495_foilpm3	1	3	0	3	29	12	6	3	4	0
rg05_theta12p495_foilpm3	1	3	0	4	54	25	11	9	7	0
rg05_theta12p495_foilpm3	1	3	0	5	123	58	25	20	15	0
rg05_theta12p495_foilpm3	1	3	0	6	97	48	20	14	12	0
rg05_theta12p495_foilpm3	1	3	0	7	3	0	1	0	0	3
rg05_theta12p495_foilpm3	1	3	1	2	41	20	9	5	5	0
rg05_theta12p495_foilpm3	1	3	1	3	55	28	11	10	8	0
rg05_theta12p495_foilpm3	1	3	1	4	103	52	21	16	13	0
rg05_theta12p495_foilpm3	1	3	1	5	176	85	36	23	22	0
rg05_theta12p495_foilpm3	1	3	1	6	186	96	38	30	24	0
rg05_theta12p495_foilpm3	1	3	1	7	1	0	1	0	0	1
rg05_theta12p495_foilpm3	1	3	2	2	49	25	10	7	7	0
rg05_theta12p495_foilpm3	1	3	2	3	3	0	1	0	0	3
rg05_theta12p495_foilpm3	1	3	2	4	141	72	29	25	18	0
rg05_theta12p495_foilpm3	1	3	2	5	225	109	45	31	28	0
rg05_theta12p495_foilpm3	1	3	2	6	248	123	50	41	31	0
rg05_theta12p495_foilpm3	1	3	2	7	304	154	61	47	39	0
rg05_theta12p495_foilpm3	1	3	3	2	63	28	13	8	7	0
rg05_theta12p495_foilpm3	1	3	3	3	94	46	19	14	12	0
rg05_theta12p495_foilpm3	1	3	3	4	165	75	33	27	19	0
rg05_theta12p495_foilpm3	1	3	3	5	218	104	44	35	26	0
rg05_theta12p495_foilpm3	1	3	3	6	320	161	64	48	41	0
rg05_theta12p495_foilpm3	1	3	3	7	446	228	90	65	57	0
rg05_theta12p495_foilpm3	1	3	4	2	59	30	12	10	8	0
rg05_theta12p495_foilpm3	1	3	4	3	103	50	21	15	13	0
rg05_theta12p495_foilpm3	1	3	4	4	59	31	12	9	8	0
rg05_theta12p495_foilpm3	1	3	4	5	255	120	51	34	30	0
rg05_theta12p495_foilpm3	1	3	4	6	356	180	72	60	45	0
rg05_theta12p495_foilpm3	1	3	4	7	450	230	90	73	58	0
rg05_theta12p495_foilpm3	1	3	5	2	37	15	8	8	4	0
rg05_theta12p495_foilpm3	1	3	5	3	106	56	22	16	14	0
rg05_theta12p495_foilpm3	1	3	5	4	164	88	33	25	22	0
rg05_theta12p495_foilpm3	1	3	5	5	6	0	2	0	0	6
rg05_theta12p495_foilpm3	1	3	5	6	336	168	68	55	43	0
rg05_theta12p495_foilpm3	1	3	5	7	442	219	89	65	55	0
rg05_theta12p495_foilpm3	1	3	6	2	38	17	8	7	5	0
rg05_theta12p495_foilpm3	1	3	6	3	91	40	19	11	11	0
rg05_theta12p495_foilpm3	1	3	6	4	135	69	27	24	18	0
rg05_theta12p495_foilpm3	1	3	6	5	201	104	41	24	27	0
rg05_theta12p495_foilpm3	1	3	6	6	257	125	52	42	32	0
rg05_theta12p495_foilpm3	1	3	6	7	368	183	74	60	46	0
rg05_theta12p495_foilpm3	1	3	7	2	32	16	7	5	4	0
rg05_theta12p495_foilpm3	1	3	7	3	49	25	10	9	7	0
rg05_theta12p495_foilpm3	1	3	7	4	85	44	17	13	11	0
rg05_theta12p495_foilpm3	1	3	7	5	125	63	25	15	16	0
rg05_theta12p495_foilpm3	1	3	7	6	206	98	42	32	25	0
rg05_theta12p495_foilpm3	1	3	7	7	4	0	1	0	0	4
rg05_theta12p495_foilpm3	1	3	8	3	47	23	10	8	6	0
rg05_theta12p495_foilpm3	1	3	8	4	56	27	12	6	7	0
rg05_theta12p495_foilpm3	1	3	8	5	93	45	19	11	12	0
rg05_theta12p495_foilpm3	1	3	8	6	125	61	25	22	16	0
rg05_theta12p495_foilpm3	1	3	8	7	2	0	1	0	0	2
rg05_theta12p495_foilpm3	1	4	0	3	20	0	4	0	0	20
rg05_theta12p495_foilpm3	1	4	0	4	47	27	10	6	7	0
rg05_theta12p495_foilpm3	1	4	0	5	59	29	12	10	8	0
rg05_theta12p495_foilpm3	1	4	0	6	27	12	6	5	3	0
rg05_theta12p495_foilpm3	1	4	1	2	17	0	4	0	0	17
rg05_theta12p495_foilpm3	1	4	1	3	33	19	7	4	5	0
rg05_theta12p495_foilpm3	1	4	1	4	58	24	12	10	7	0
rg05_theta12p495_foilpm3	1	4	1	5	84	44	17	16	11	0
rg05_theta12p495_foilpm3	1	4	1	6	114	56	23	16	14	0
rg05_theta12p495_foilpm3	1	4	1	7	3	0	1	0	0	3
rg05_theta12p495_foilpm3	1	4	2	2	24	0	5	0	0	24
rg05_theta12p495_foilpm3	1	4	2	3	1	0	1	0	0	1
rg05_theta12p495_foilpm3	1	4	2	4	101	47	21	13	12	0
rg05_theta12p495_foilpm3	1	4	2	5	110	62	22	17	16	0
rg05_theta12p495_foilpm3	1	4	2	6	195	97	39	30	25	0
rg05_theta12p495_foilpm3	1	4	2	7	243	121	49	41	31	0
rg05_theta12p495_foilpm3	1	4	3	2	32	16	7	5	4	0
rg05_theta12p495_foilpm3	1	4	3	3	46	24	10	8	6	0
rg05_theta12p495_foilpm3	1	4	3	4	113	61	23	23	16	0
rg05_theta12p495_foilpm3	1	4	3	5	153	74	31	22	19	0
rg05_theta12p495_foilpm3	1	4	3	6	223	118	45	39	30	0
rg05_theta12p495_foilpm3	1	4	3	7	274	138	55	49	35	0
rg05_theta12p495_foilpm3	1	4	4	2	28	14	6	4	4	0
rg05_theta12p495_foilpm3	1	4	4	3	53	26	11	8	7	0
rg05_theta12p495_foilpm3	1	4	4	4	28	13	6	4	4	0
rg05_theta12p495_foilpm3	1	4	4	5	154	75	31	21	19	0
rg05_theta12p495_foilpm3	1	4	4	6	236	114	48	38	29	0
rg05_theta12p495_foilpm3	1	4	4	7	301	142	61	51	36	0
rg05_theta12p495_foilpm3	1	4	5	2	29	14	6	5	4	0
rg05_theta12p495_foilpm3	1	4	5	3	47	25	10	9	7	0
rg05_theta12p495_foilpm3	1	4	5	4	85	46	17	15	12	0
rg05_theta12p495_foilpm3	1	4	5	5	1	0	1	0	0	1
rg05_theta12p495_foilpm3	1	4	5	6	203	101	41	36	26	0
rg05_theta12p495_foilpm3	1	4	5	7	339	168	68	52	43	0
rg05_theta12p495_foilpm3	1	4	6	2	35	17	7	5	5	0
rg05_theta12p495_foilpm3	1	4	6	3	42	21	9	6	6	0
rg05_theta12p495_foilpm3	1	4	6	4	76	39	16	14	10	0
rg05_theta12p495_foilpm3	1	4	6	5	124	65	25	20	17	0
rg05_theta12p495_foilpm3	1	4	6	6	204	107	41	35	27	0
rg05_theta12p495_foilpm3	1	4	6	7	252	127	51	36	32	0
rg05_theta12p495_foilpm3	1	4	7	2	10	0	2	0	0	10
rg05_theta12p495_foilpm3	1	4	7	3	38	21	8	5	6	0
rg05_theta12p495_foilpm3	1	4	7	4	55	28	11	9	7	0
rg05_theta12p495_foilpm3	1	4	7	5	82	37	17	15	10	0
rg05_theta12p495_foilpm3	1	4	7	6	160	76	32	25	19	0
rg05_theta12p495_foilpm3	1	4	7	7	8	0	2	0	0	8
rg05_theta12p495_foilpm3	1	4	8	3	22	0	5	0	0	22
rg05_theta12p495_foilpm3	1	4	8	4	34	17	7	5	5	0
rg05_theta12p495_foilpm3	1	4	8	5	56	29	12	10	8	0
rg05_theta12p495_foilpm3	1	4	8	6	66	34	14	8	9	0
rg06_theta15p195_foilpm8	0	0	0	1	1	0	1	0	0	1
rg06_theta15p195_foilpm8	0	0	0	2	17	0	4	0	0	17
rg06_theta15p195_foilpm8	0	0	0	3	43	16	9	4	4	0
rg06_theta15p195_foilpm8	0	0	0	4	50	11	10	3	3	0
rg06_theta15p195_foilpm8	0	0	0	5	22	0	5	0	0	22
rg06_theta15p195_foilpm8	0	0	0	6	2	0	1	0	0	2
rg06_theta15p195_foilpm8	0	0	1	1	8	0	2	0	0	8
rg06_theta15p195_foilpm8	0	0	1	2	17	0	4	0	0	17
rg06_theta15p195_foilpm8	0	0	1	3	35	15	7	5	4	0
rg06_theta15p195_foilpm8	0	0	1	4	50	26	10	7	7	0
rg06_theta15p195_foilpm8	0	0	1	5	38	17	8	4	5	0
rg06_theta15p195_foilpm8	0	0	1	6	1	0	1	0	0	1
rg06_theta15p195_foilpm8	0	0	2	1	18	0	4	0	0	18
rg06_theta15p195_foilpm8	0	0	2	2	35	14	7	4	4	0
rg06_theta15p195_foilpm8	0	0	2	3	6	0	2	0	0	6
rg06_theta15p195_foilpm8	0	0	2	4	55	24	11	8	7	0
rg06_theta15p195_foilpm8	0	0	2	5	63	24	13	8	6	0
rg06_theta15p195_foilpm8	0	0	2	6	11	0	3	0	0	11
rg06_theta15p195_foilpm8	0	0	3	1	17	0	4	0	0	17
rg06_theta15p195_foilpm8	0	0	3	2	51	16	11	7	4	0
rg06_theta15p195_foilpm8	0	0	3	3	59	28	12	9	8	0
rg06_theta15p195_foilpm8	0	0	3	4	73	33	15	7	9	0
rg06_theta15p195_foilpm8	0	0	3	5	99	36	20	11	9	0
rg06_theta15p195_foilpm8	0	0	3	6	24	0	5	0	0	24
rg06_theta15p195_foilpm8	0	0	4	1	19	0	4	0	0	19
rg06_theta15p195_foilpm8	0	0	4	2	40	23	8	6	6	0
rg06_theta15p195_foilpm8	0	0	4	3	55	27	11	7	7	0
rg06_theta15p195_foilpm8	0	0	4	4	26	8	6	4	2	0
rg06_theta15p195_foilpm8	0	0	4	5	110	41	22	11	11	0
rg06_theta15p195_foilpm8	0	0	4	6	72	26	15	12	7	0
rg06_theta15p195_foilpm8	0	0	5	1	11	0	3	0	0	11
rg06_theta15p195_foilpm8	0	0	5	2	36	14	8	3	4	0
rg06_theta15p195_foilpm8	0	0	5	3	58	26	12	8	7	0
rg06_theta15p195_foilpm8	0	0	5	4	83	40	17	11	10	0
rg06_theta15p195_foilpm8	0	0	5	5	9	0	2	0	0	9
rg06_theta15p195_foilpm8	0	0	5	6	64	30	13	9	8	0
rg06_theta15p195_foilpm8	0	0	6	1	4	0	1	0	0	4
rg06_theta15p195_foilpm8	0	0	6	2	25	11	5	3	3	0
rg06_theta15p195_foilpm8	0	0	6	3	49	21	10	7	6	0
rg06_theta15p195_foilpm8	0	0	6	4	63	29	13	9	8	0
rg06_theta15p195_foilpm8	0	0	6	5	69	34	14	11	9	0
rg06_theta15p195_foilpm8	0	0	6	6	55	28	11	8	7	0
rg06_theta15p195_foilpm8	0	0	7	1	3	0	1	0	0	3
rg06_theta15p195_foilpm8	0	0	7	2	20	0	4	0	0	20
rg06_theta15p195_foilpm8	0	0	7	3	38	0	8	0	0	38
rg06_theta15p195_foilpm8	0	0	7	4	54	18	11	3	5	0
rg06_theta15p195_foilpm8	0	0	7	5	73	24	15	6	7	0
rg06_theta15p195_foilpm8	0	0	7	6	38	20	8	6	6	0
rg06_theta15p195_foilpm8	0	1	0	1	12	0	3	0	0	12
rg06_theta15p195_foilpm8	0	1	0	2	42	19	9	4	5	0
rg06_theta15p195_foilpm8	0	1	0	3	61	26	13	10	7	0
rg06_theta15p195_foilpm8	0	1	0	4	69	32	14	12	9	0
rg06_theta15p195_foilpm8	0	1	0	5	67	30	14	11	8	0
rg06_theta15p195_foilpm8	0	1	0	6	2	0	1	0	0	2
rg06_theta15p195_foilpm8	0	1	1	1	33	12	7	1	3	0
rg06_theta15p195_foilpm8	0	1	1	2	41	15	9	6	4	0
rg06_theta15p195_foilpm8	0	1	1	3	76	36	16	8	10	0
rg06_theta15p195_foilpm8	0	1	1	4	98	44	20	15	12	0
rg06_theta15p195_foilpm8	0	1	1	5	114	54	23	17	14	0
rg06_theta15p195_foilpm8	0	1	1	6	7	0	2	0	0	7
rg06_theta15p195_foilpm8	0	1	2	1	37	15	8	6	4	0
rg06_theta15p195_foilpm8	0	1	2	2	52	24	11	10	7	0
rg06_theta15p195_foilpm8	0	1	2	3	4	0	1	0	0	4
rg06_theta15p195_foilpm8	0	1	2	4	132	63	27	20	16	0
rg06_theta15p195_foilpm8	0	1	2	5	135	63	27	19	16	0
rg06_theta15p195_foilpm8	0	1	2	6	59	27	12	11	7	0
rg06_theta15p195_foilpm8	0	1	3	1	37	16	8	6	4	0
rg06_theta15p195_foilpm8	0	1	3	2	66	25	14	11	7	0
rg06_theta15p195_foilpm8	0	1	3	3	109	54	22	14	14	0
rg06_theta15p195_foilpm8	0	1	3	4	139	63	28	21	16	0
rg06_theta15p195_foilpm8	0	1	3	5	176	84	36	28	22	0
rg06_theta15p195_foilpm8	0	1	3	6	145	70	29	22	18	0
rg06_theta15p195_foilpm8	0	1	4	1	30	12	6	3	3	0
rg06_theta15p195_foilpm8	0	1	4	2	70	32	14	9	8	0
rg06_theta15p195_foilpm8	0	1	4	3	105	52	21	18	14	0
rg06_theta15p195_foilpm8	0	1	4	4	42	22	9	7	6	0
rg06_theta15p195_foilpm8	0	1	4	5	152	73	31	22	19	0
rg06_theta15p195_foilpm8	0	1	4	6	185	90	37	25	23	0
rg06_theta15p195_foilpm8	0	1	5	1	24	0	5	0	0	24
rg06_theta15p195_foilpm8	0	1	5	2	60	32	12	10	9	0
rg06_theta15p195_foilpm8	0	1	5	3	95	48	19	16	13	0
rg06_theta15p195_foilpm8	0	1	5	4	106	53	22	13	14	0
rg06_theta15p195_foilpm8	0	1	5	5	2	0	1	0	0	2
rg06_theta15p195_foilpm8	0	1	5	6	176	95	36	33	24	0
rg06_theta15p195_foilpm8	0	1	6	1	19	0	4	0	0	19
rg06_theta15p195_foilpm8	0	1	6	2	46	22	10	8	6	0
rg06_theta15p195_foilpm8	0	1	6	3	81	36	17	13	10	0
rg06_theta15p195_foilpm8	0	1	6	4	105	49	21	16	13	0
rg06_theta15p195_foilpm8	0	1	6	5	123	59	25	18	15	0
rg06_theta15p195_foilpm8	0	1	6	6	167	80	34	18	21	0
rg06_theta15p195_foilpm8	0	1	7	1	7	0	2	0	0	7
rg06_theta15p195_foilpm8	0	1	7	2	29	16	6	5	4	0
rg06_theta15p195_foilpm8	0	1	7	3	67	34	14	12	9	0
rg06_theta15p195_foilpm8	0	1	7	4	86	42	18	12	11	0
rg06_theta15p195_foilpm8	0	1	7	5	112	58	23	19	15	0
rg06_theta15p195_foilpm8	0	1	7	6	72	39	15	15	10	0
rg06_theta15p195_foilpm8	0	1	8	1	2	0	1	0	0	2
rg06_theta15p195_foilpm8	0	1	8	2	24	0	5	0	0	24
rg06_theta15p195_foilpm8	0	1	8	3	49	25	10	8	7	0
rg06_theta15p195_foilpm8	0	1	8	4	63	31	13	10	8	0
rg06_theta15p195_foilpm8	0	1	8	5	92	48	19	14	12	0
rg06_theta15p195_foilpm8	0	1	8	6	1	0	1	0	0	1
rg06_theta15p195_foilpm8	0	2	0	1	8	0	2	0	0	8
rg06_theta15p195_foilpm8	0	2	0	2	51	25	11	5	7	0
rg06_theta15p195_foilpm8	0	2	0	3	50	24	10	7	6	0
rg06_theta15p195_foilpm8	0	2	0	4	74	36	15	13	9	0
rg06_theta15p195_foilpm8	0	2	0	5	101	48	21	15	12	0
rg06_theta15p195_foilpm8	0	2	0	6	1	0	1	0	0	1
rg06_theta15p195_foilpm8	0	2	1	1	24	0	5	0	0	24
rg06_theta15p195_foilpm8	0	2	1	2	75	29	15	9	8	0
rg06_theta15p195_foilpm8	0	2	1	3	91	44	19	11	12	0
rg06_theta15p195_foilpm8	0	2	1	4	146	69	30	22	18	0
rg06_theta15p195_foilpm8	0	2	1	5	175	78	35	25	20	0
rg06_theta15p195_foilpm8	0	2	1	6	26	10	6	5	3	0
rg06_theta15p195_foilpm8	0	2	2	1	20	0	4	0	0	20
rg06_theta15p195_foilpm8	0	2	2	2	60	29	12	8	8	0
rg06_theta15p195_foilpm8	0	2	2	3	2	0	1	0	0	2
rg06_theta15p195_foilpm8	0	2	2	4	147	76	30	27	20	0
rg06_theta15p195_foilpm8	0	2	2	5	206	103	42	32	26	0
rg06_theta15p195_foilpm8	0	2	2	6	177	94	36	28	24	0
rg06_theta15p195_foilpm8	0	2	3	1	40	19	8	8	5	0
rg06_theta15p195_foilpm8	0	2	3	2	89	44	18	14	12	0
rg06_theta15p195_foilpm8	0	2	3	3	122	60	25	21	16	0
rg06_theta15p195_foilpm8	0	2	3	4	180	92	36	27	23	0
rg06_theta15p195_foilpm8	0	2	3	5	245	117	49	41	30	0
rg06_theta15p195_foilpm8	0	2	3	6	244	130	49	36	33	0
rg06_theta15p195_foilpm8	0	2	4	1	47	24	10	8	6	0
rg06_theta15p195_foilpm8	0	2	4	2	89	48	18	16	12	0
rg06_theta15p195_foilpm8	0	2	4	3	141	65	29	25	17	0
rg06_theta15p195_foilpm8	0	2	4	4	50	28	10	5	8	0
rg06_theta15p195_foilpm8	0	2	4	5	277	140	56	46	35	0
rg06_theta15p195_foilpm8	0	2	4	6	331	163	67	50	41	0
rg06_theta15p195_foilpm8	0	2	5	1	46	22	10	9	6	0
rg06_theta15p195_foilpm8	0	2	5	2	73	39	15	9	10	0
rg06_theta15p195_foilpm8	0	2	5	3	113	60	23	17	16	0
rg06_theta15p195_foilpm8	0	2	5	4	176	89	36	27	23	0
rg06_theta15p195_foilpm8	0	2	5	5	5	0	1	0	0	5
rg06_theta15p195_foilpm8	0	2	5	6	248	135	50	40	34	0
rg06_theta15p195_foilpm8	0	2	6	1	15	0	3	0	0	15
rg06_theta15p195_foilpm8	0	2	6	2	62	32	13	6	9	0
rg06_theta15p195_foilpm8	0	2	6	3	110	53	22	16	14	0
rg06_theta15p195_foilpm8	0	2	6	4	150	80	30	21	21	0
rg06_theta15p195_foilpm8	0	2	6	5	201	99	41	33	25	0
rg06_theta15p195_foilpm8	0	2	6	6	247	126	50	40	32	0
rg06_theta15p195_foilpm8	0	2	7	1	4	0	1	0	0	4
rg06_theta15p195_foilpm8	0	2	7	2	51	24	11	8	7	0
rg06_theta15p195_foilpm8	0	2	7	3	86	41	18	16	11	0
rg06_theta15p195_foilpm8	0	2	7	4	131	67	27	24	17	0
rg06_theta15p195_foilpm8	0	2	7	5	155	84	31	27	21	0
rg06_theta15p195_foilpm8	0	2	7	6	117	62	24	22	16	0
rg06_theta15p195_foilpm8	0	2	8	2	42	20	9	9	5	0
rg06_theta15p195_foilpm8	0	2	8	3	78	38	16	11	10	0
rg06_theta15p195_foilpm8	0	2	8	4	83	39	17	15	10	0
rg06_theta15p195_foilpm8	0	2	8	5	142	69	29	19	18	0
rg06_theta15p195_foilpm8	0	2	8	6	3	0	1	0	0	3
rg06_theta15p195_foilpm8	0	3	0	2	19	0	4	0	0	19
rg06_theta15p195_foilpm8	0	3	0	3	42	20	9	6	5	0
rg06_theta15p195_foilpm8	0	3	0	4	39	18	8	6	5	0
rg06_theta15p195_foilpm8	0	3	0	5	98	48	20	15	12	0
rg06_theta15p195_foilpm8	0	3	1	1	7	0	2	0	0	7
rg06_theta15p195_foilpm8	0	3	1	2	32	16	7	6	5	0
rg06_theta15p195_foilpm8	0	3	1	3	64	33	13	9	9	0
rg06_theta15p195_foilpm8	0	3	1	4	73	34	15	13	9	0
rg06_theta15p195_foilpm8	0	3	1	5	129	67	26	17	17	0
rg06_theta15p195_foilpm8	0	3	1	6	95	44	19	14	12	0
rg06_theta15p195_foilpm8	0	3	2	1	10	0	2	0	0	10
rg06_theta15p195_foilpm8	0	3	2	2	34	16	7	6	4	0
rg06_theta15p195_foilpm8	0	3	2	3	3	0	1	0	0	3
rg06_theta15p195_foilpm8	0	3	2	4	97	44	20	17	11	0
rg06_theta15p195_foilpm8	0	3	2	5	174	79	35	24	20	0
rg06_theta15p195_foilpm8	0	3	2	6	166	79	34	25	20	0
rg06_theta15p195_foilpm8	0	3	3	1	21	0	5	0	0	21
rg06_theta15p195_foilpm8	0	3	3	2	41	17	9	8	5	0
rg06_theta15p195_foilpm8	0	3	3	3	83	42	17	13	11	0
rg06_theta15p195_foilpm8	0	3	3	4	117	62	24	19	16	0
rg06_theta15p195_foilpm8	0	3	3	5	183	92	37	31	24	0
rg06_theta15p195_foilpm8	0	3	3	6	265	134	53	41	34	0
rg06_theta15p195_foilpm8	0	3	4	1	19	0	4	0	0	19
rg06_theta15p195_foilpm8	0	3	4	2	50	26	10	8	7	0
rg06_theta15p195_foilpm8	0	3	4	3	74	37	15	10	10	0
rg06_theta15p195_foilpm8	0	3	4	4	33	16	7	6	5	0
rg06_theta15p195_foilpm8	0	3	4	5	189	88	38	29	22	0
rg06_theta15p195_foilpm8	0	3	4	6	268	136	54	34	34	0
rg06_theta15p195_foilpm8	0	3	5	1	30	16	6	5	4	0
rg06_theta15p195_foilpm8	0	3	5	2	46	22	10	7	6	0
rg06_theta15p195_foilpm8	0	3	5	3	65	32	13	7	8	0
rg06_theta15p195_foilpm8	0	3	5	4	96	44	20	12	12	0
rg06_theta15p195_foilpm8	0	3	5	5	7	0	2	0	0	7
rg06_theta15p195_foilpm8	0	3	5	6	245	124	49	36	32	0
rg06_theta15p195_foilpm8	0	3	6	1	10	0	2	0	0	10
rg06_theta15p195_foilpm8	0	3	6	2	34	13	7	6	4	0
rg06_theta15p195_foilpm8	0	3	6	3	64	27	13	10	7	0
rg06_theta15p195_foilpm8	0	3	6	4	87	42	18	13	11	0
rg06_theta15p195_foilpm8	0	3	6	5	151	76	31	25	19	0
rg06_theta15p195_foilpm8	0	3	6	6	206	97	42	29	25	0
rg06_theta15p195_foilpm8	0	3	7	1	5	0	1	0	0	5
rg06_theta15p195_foilpm8	0	3	7	2	23	0	5	0	0	23
rg06_theta15p195_foilpm8	0	3	7	3	51	24	11	7	6	0
rg06_theta15p195_foilpm8	0	3	7	4	65	32	13	11	9	0
rg06_theta15p195_foilpm8	0	3	7	5	127	64	26	23	16	0
rg06_theta15p195_foilpm8	0	3	7	6	91	41	19	15	11	0
rg06_theta15p195_foilpm8	0	3	8	1	1	0	1	0	0	1
rg06_theta15p195_foilpm8	0	3	8	2	19	0	4	0	0	19
rg06_theta15p195_foilpm8	0	3	8	3	28	12	6	4	4	0
rg06_theta15p195_foilpm8	0	3	8	4	52	24	11	9	7	0
rg06_theta15p195_foilpm8	0	3	8	5	98	50	20	15	13	0
rg06_theta15p195_foilpm8	0	3	8	6	2	0	1	0	0	2
rg06_theta15p195_foilpm8	0	4	0	2	2	0	1	0	0	2
rg06_theta15p195_foilpm8	0	4	0	3	10	0	2	0	0	10
rg06_theta15p195_foilpm8	0	4	0	4	29	14	6	4	4	0
rg06_theta15p195_foilpm8	0	4	0	5	38	17	8	5	5	0
rg06_theta15p195_foilpm8	0	4	0	6	2	0	1	0	0	2
rg06_theta15p195_foilpm8	0	4	1	1	2	0	1	0	0	2
rg06_theta15p195_foilpm8	0	4	1	2	4	0	1	0	0	4
rg06_theta15p195_foilpm8	0	4	1	3	11	0	3	0	0	11
rg06_theta15p195_foilpm8	0	4	1	4	47	22	10	7	6	0
rg06_theta15p195_foilpm8	0	4	1	5	53	28	11	11	8	0
rg06_theta15p195_foilpm8	0	4	1	6	57	29	12	11	8	0
rg06_theta15p195_foilpm8	0	4	2	1	4	0	1	0	0	4
rg06_theta15p195_foilpm8	0	4	2	2	13	0	3	0	0	13
rg06_theta15p195_foilpm8	0	4	2	4	43	23	9	7	6	0
rg06_theta15p195_foilpm8	0	4	2	5	62	28	13	10	8	0
rg06_theta15p195_foilpm8	0	4	2	6	123	63	25	22	16	0
rg06_theta15p195_foilpm8	0	4	3	1	5	0	1	0	0	5
rg06_theta15p195_foilpm8	0	4	3	2	8	0	2	0	0	8
rg06_theta15p195_foilpm8	0	4	3	3	26	10	6	4	3	0
rg06_theta15p195_foilpm8	0	4	3	4	53	25	11	9	7	0
rg06_theta15p195_foilpm8	0	4	3	5	74	40	15	14	10	0
rg06_theta15p195_foilpm8	0	4	3	6	147	74	30	25	19	0
rg06_theta15p195_foilpm8	0	4	4	1	15	0	3	0	0	15
rg06_theta15p195_foilpm8	0	4	4	2	21	0	5	0	0	21
rg06_theta15p195_foilpm8	0	4	4	3	27	15	6	6	4	0
rg06_theta15p195_foilpm8	0	4	4	4	10	0	2	0	0	10
rg06_theta15p195_foilpm8	0	4	4	5	80	43	16	13	11	0
rg06_theta15p195_foilpm8	0	4	4	6	133	61	27	20	16	0
rg06_theta15p195_foilpm8	0	4	5	1	7	0	2	0	0	7
rg06_theta15p195_foilpm8	0	4	5	2	12	0	3	0	0	12
rg06_theta15p195_foilpm8	0	4	5	3	25	15	5	3	4	0
rg06_theta15p195_foilpm8	0	4	5	4	40	21	8	4	6	0
rg06_theta15p195_foilpm8	0	4	5	5	2	0	1	0	0	2
rg06_theta15p195_foilpm8	0	4	5	6	112	56	23	14	15	0
rg06_theta15p195_foilpm8	0	4	6	1	5	0	1	0	0	5
rg06_theta15p195_foilpm8	0	4	6	2	14	0	3	0	0	14
rg06_theta15p195_foilpm8	0	4	6	3	23	0	5	0	0	23
rg06_theta15p195_foilpm8	0	4	6	4	26	14	6	6	4	0
rg06_theta15p195_foilpm8	0	4	6	5	62	31	13	11	8	0
rg06_theta15p195_foilpm8	0	4	6	6	115	57	23	21	15	0
rg06_theta15p195_foilpm8	0	4	7	2	1	0	1	0	0	1
rg06_theta15p195_foilpm8	0	4	7	3	18	0	4	0	0	18
rg06_theta15p195_foilpm8	0	4	7	4	41	22	9	7	6	0
rg06_theta15p195_foilpm8	0	4	7	5	43	20	9	9	6	0
rg06_theta15p195_foilpm8	0	4	7	6	59	33	12	10	9	0
rg06_theta15p195_foilpm8	0	4	8	2	2	0	1	0	0	2
rg06_theta15p195_foilpm8	0	4	8	3	10	0	2	0	0	10
rg06_theta15p195_foilpm8	0	4	8	4	17	0	4	0	0	17
rg06_theta15p195_foilpm8	0	4	8	5	32	15	7	2	4	0
rg06_theta15p195_foilpm8	1	0	0	3	7	0	2	0	0	7
rg06_theta15p195_foilpm8	1	0	0	4	21	0	5	0	0	21
rg06_theta15p195_foilpm8	1	0	0	5	30	16	6	4	4	0
rg06_theta15p195_foilpm8	1	0	0	6	38	17	8	6	5	0
rg06_theta15p195_foilpm8	1	0	0	7	1	0	1	0	0	1
rg06_theta15p195_foilpm8	1	0	1	2	1	0	1	0	0	1
rg06_theta15p195_foilpm8	1	0	1	3	23	0	5	0	0	23
rg06_theta15p195_foilpm8	1	0	1	4	28	14	6	3	4	0
rg06_theta15p195_foilpm8	1	0	1	5	29	14	6	5	4	0
rg06_theta15p195_foilpm8	1	0	1	6	52	24	11	9	6	0
rg06_theta15p195_foilpm8	1	0	1	7	48	24	10	8	6	0
rg06_theta15p195_foilpm8	1	0	2	2	12	0	3	0	0	12
rg06_theta15p195_foilpm8	1	0	2	3	1	0	1	0	0	1
rg06_theta15p195_foilpm8	1	0	2	4	35	16	7	4	4	0
rg06_theta15p195_foilpm8	1	0	2	5	58	25	12	8	7	0
rg06_theta15p195_foilpm8	1	0	2	6	75	36	15	12	10	0
rg06_theta15p195_foilpm8	1	0	2	7	78	40	16	14	11	0
rg06_theta15p195_foilpm8	1	0	3	2	18	0	4	0	0	18
rg06_theta15p195_foilpm8	1	0	3	3	33	17	7	6	5	0
rg06_theta15p195_foilpm8	1	0	3	4	42	20	9	7	6	0
rg06_theta15p195_foilpm8	1	0	3	5	55	26	11	9	7	0
rg06_theta15p195_foilpm8	1	0	3	6	81	36	17	15	10	0
rg06_theta15p195_foilpm8	1	0	3	7	89	39	18	14	10	0
rg06_theta15p195_foilpm8	1	0	4	2	12	0	3	0	0	12
rg06_theta15p195_foilpm8	1	0	4	3	30	17	6	3	5	0
rg06_theta15p195_foilpm8	1	0	4	4	11	0	3	0	0	11
rg06_theta15p195_foilpm8	1	0	4	5	66	36	14	13	10	0
rg06_theta15p195_foilpm8	1	0	4	6	103	52	21	18	14	0
rg06_theta15p195_foilpm8	1	0	4	7	111	52	23	14	13	0
rg06_theta15p195_foilpm8	1	0	5	2	13	0	3	0	0	13
rg06_theta15p195_foilpm8	1	0	5	3	31	17	7	5	5	0
rg06_theta15p195_foilpm8	1	0	5	4	56	28	12	8	8	0
rg06_theta15p195_foilpm8	1	0	5	5	3	0	1	0	0	3
rg06_theta15p195_foilpm8	1	0	5	6	82	40	17	15	11	0
rg06_theta15p195_foilpm8	1	0	5	7	95	48	19	14	13	0
rg06_theta15p195_foilpm8	1	0	6	2	8	0	2	0	0	8
rg06_theta15p195_foilpm8	1	0	6	3	31	16	7	6	5	0
rg06_theta15p195_foilpm8	1	0	6	4	39	20	8	5	5	0
rg06_theta15p195_foilpm8	1	0	6	5	58	26	12	10	7	0
rg06_theta15p195_foilpm8	1	0	6	6	87	39	18	16	10	0
rg06_theta15p195_foilpm8	1	0	6	7	101	50	21	15	13	0
rg06_theta15p195_foilpm8	1	0	7	2	1	0	1	0	0	1
rg06_theta15p195_foilpm8	1	0	7	3	20	0	4	0	0	20
rg06_theta15p195_foilpm8	1	0	7	4	21	0	5	0	0	21
rg06_theta15p195_foilpm8	1	0	7	5	37	16	8	6	4	0
rg06_theta15p195_foilpm8	1	0	7	6	63	31	13	7	8	0
rg06_theta15p195_foilpm8	1	0	7	7	82	39	17	13	10	0
rg06_theta15p195_foilpm8	1	0	8	3	2	0	1	0	0	2
rg06_theta15p195_foilpm8	1	0	8	4	9	0	2	0	0	9
rg06_theta15p195_foilpm8	1	0	8	5	23	0	5	0	0	23
rg06_theta15p195_foilpm8	1	0	8	6	35	16	7	4	4	0
rg06_theta15p195_foilpm8	1	0	8	7	6	0	2	0	0	6
rg06_theta15p195_foilpm8	1	1	0	3	10	0	2	0	0	10
rg06_theta15p195_foilpm8	1	1	0	4	21	0	5	0	0	21
rg06_theta15p195_foilpm8	1	1	0	5	39	20	8	6	6	0
rg06_theta15p195_foilpm8	1	1	0	6	44	20	9	8	6	0
rg06_theta15p195_foilpm8	1	1	1	2	2	0	1	0	0	2
rg06_theta15p195_foilpm8	1	1	1	3	19	0	4	0	0	19
rg06_theta15p195_foilpm8	1	1	1	4	35	16	7	5	5	0
rg06_theta15p195_foilpm8	1	1	1	5	52	22	11	7	6	0
rg06_theta15p195_foilpm8	1	1	1	6	65	32	13	7	8	0
rg06_theta15p195_foilpm8	1	1	1	7	110	52	22	17	13	0
rg06_theta15p195_foilpm8	1	1	2	2	4	0	1	0	0	4
rg06_theta15p195_foilpm8	1	1	2	3	1	0	1	0	0	1
rg06_theta15p195_foilpm8	1	1	2	4	42	24	9	8	7	0
rg06_theta15p195_foilpm8	1	1	2	5	78	44	16	11	11	0
rg06_theta15p195_foilpm8	1	1	2	6	84	43	17	12	11	0
rg06_theta15p195_foilpm8	1	1	2	7	111	53	23	19	14	0
rg06_theta15p195_foilpm8	1	1	3	2	22	0	5	0	0	22
rg06_theta15p195_foilpm8	1	1	3	3	31	16	7	5	5	0
rg06_theta15p195_foilpm8	1	1	3	4	58	31	12	10	8	0
rg06_theta15p195_foilpm8	1	1	3	5	89	46	18	16	12	0
rg06_theta15p195_foilpm8	1	1	3	6	119	56	24	18	15	0
rg06_theta15p195_foilpm8	1	1	3	7	157	74	32	27	19	0
rg06_theta15p195_foilpm8	1	1	4	2	17	0	4	0	0	17
rg06_theta15p195_foilpm8	1	1	4	3	28	14	6	4	4	0
rg06_theta15p195_foilpm8	1	1	4	4	8	0	2	0	0	8
rg06_theta15p195_foilpm8	1	1	4	5	95	48	19	15	13	0
rg06_theta15p195_foilpm8	1	1	4	6	147	82	30	29	21	0
rg06_theta15p195_foilpm8	1	1	4	7	150	76	30	25	19	0
rg06_theta15p195_foilpm8	1	1	5	2	26	14	6	4	4	0
rg06_theta15p195_foilpm8	1	1	5	3	35	16	7	5	5	0
rg06_theta15p195_foilpm8	1	1	5	4	59	32	12	11	9	0
rg06_theta15p195_foilpm8	1	1	5	5	4	0	1	0	0	4
rg06_theta15p195_foilpm8	1	1	5	6	125	66	25	18	17	0
rg06_theta15p195_foilpm8	1	1	5	7	157	84	32	27	21	0
rg06_theta15p195_foilpm8	1	1	6	2	19	0	4	0	0	19
rg06_theta15p195_foilpm8	1	1	6	3	26	12	6	2	4	0
rg06_theta15p195_foilpm8	1	1	6	4	42	23	9	5	6	0
rg06_theta15p195_foilpm8	1	1	6	5	74	40	15	14	10	0
rg06_theta15p195_foilpm8	1	1	6	6	103	53	21	15	14	0
rg06_theta15p195_foilpm8	1	1	6	7	143	79	29	24	20	0
rg06_theta15p195_foilpm8	1	1	7	2	3	0	1	0	0	3
rg06_theta15p195_foilpm8	1	1	7	3	16	0	4	0	0	16
rg06_theta15p195_foilpm8	1	1	7	4	34	20	7	6	5	0
rg06_theta15p195_foilpm8	1	1	7	5	49	28	10	9	7	0
rg06_theta15p195_foilpm8	1	1	7	6	65	33	13	8	9	0
rg06_theta15p195_foilpm8	1	1	7	7	119	64	24	24	16	0
rg06_theta15p195_foilpm8	1	1	8	3	7	0	2	0	0	7
rg06_theta15p195_foilpm8	1	1	8	4	22	0	5	0	0	22
rg06_theta15p195_foilpm8	1	1	8	5	47	24	10	10	6	0
rg06_theta15p195_foilpm8	1	1	8	6	68	35	14	11	9	0
rg06_theta15p195_foilpm8	1	2	0	3	13	0	3	0	0	13
rg06_theta15p195_foilpm8	1	2	0	4	22	0	5	0	0	22
rg06_theta15p195_foilpm8	1	2	0	5	50	25	10	10	7	0
rg06_theta15p195_foilpm8	1	2	0	6	51	25	11	10	7	0
rg06_theta15p195_foilpm8	1	2	0	7	2	0	1	0	0	2
rg06_theta15p195_foilpm8	1	2	1	2	1	0	1	0	0	1
rg06_theta15p195_foilpm8	1	2	1	3	17	0	4	0	0	17
rg06_theta15p195_foilpm8	1	2	1	4	42	23	9	8	6	0
rg06_theta15p195_foilpm8	1	2	1	5	71	40	15	13	10	0
rg06_theta15p195_foilpm8	1	2	1	6	97	52	20	17	13	0
rg06_theta15p195_foilpm8	1	2	1	7	148	78	30	26	20	0
rg06_theta15p195_foilpm8	1	2	2	2	20	0	4	0	0	20
rg06_theta15p195_foilpm8	1	2	2	4	54	29	11	8	8	0
rg06_theta15p195_foilpm8	1	2	2	5	84	45	17	14	12	0
rg06_theta15p195_foilpm8	1	2	2	6	150	82	30	28	21	0
rg06_theta15p195_foilpm8	1	2	2	7	195	108	39	29	27	0
rg06_theta15p195_foilpm8	1	2	3	2	12	0	3	0	0	12
rg06_theta15p195_foilpm8	1	2	3	3	47	25	10	7	7	0
rg06_theta15p195_foilpm8	1	2	3	4	75	37	15	12	10	0
rg06_theta15p195_foilpm8	1	2	3	5	127	63	26	22	16	0
rg06_theta15p195_foilpm8	1	2	3	6	158	88	32	25	22	0
rg06_theta15p195_foilpm8	1	2	3	7	230	124	46	38	31	0
rg06_theta15p195_foilpm8	1	2	4	2	13	0	3	0	0	13
rg06_theta15p195_foilpm8	1	2	4	3	47	25	10	8	7	0
rg06_theta15p195_foilpm8	1	2	4	4	16	0	4	0	0	16
rg06_theta15p195_foilpm8	1	2	4	5	141	77	29	23	20	0
rg06_theta15p195_foilpm8	1	2	4	6	200	104	40	33	27	0
rg06_theta15p195_foilpm8	1	2	4	7	255	140	51	42	35	0
rg06_theta15p195_foilpm8	1	2	5	2	16	0	4	0	0	16
rg06_theta15p195_foilpm8	1	2	5	3	29	16	6	5	5	0
rg06_theta15p195_foilpm8	1	2	5	4	76	38	16	12	10	0
rg06_theta15p195_foilpm8	1	2	5	5	1	0	1	0	0	1
rg06_theta15p195_foilpm8	1	2	5	6	197	101	40	34	26	0
rg06_theta15p195_foilpm8	1	2	5	7	216	118	44	36	30	0
rg06_theta15p195_foilpm8	1	2	6	2	8	0	2	0	0	8
rg06_theta15p195_foilpm8	1	2	6	3	37	20	8	8	6	0
rg06_theta15p195_foilpm8	1	2	6	4	50	28	10	7	7	0
rg06_theta15p195_foilpm8	1	2	6	5	87	44	18	10	12	0
rg06_theta15p195_foilpm8	1	2	6	6	161	83	33	26	21	0
rg06_theta15p195_foilpm8	1	2	6	7	210	108	42	37	28	0
rg06_theta15p195_foilpm8	1	2	7	2	1	0	1	0	0	1
rg06_theta15p195_foilpm8	1	2	7	3	28	16	6	5	4	0
rg06_theta15p195_foilpm8	1	2	7	4	45	24	9	8	7	0
rg06_theta15p195_foilpm8	1	2	7	5	71	36	15	12	10	0
rg06_theta15p195_foilpm8	1	2	7	6	123	63	25	23	16	0
rg06_theta15p195_foilpm8	1	2	7	7	162	88	33	27	22	0
rg06_theta15p195_foilpm8	1	2	8	3	14	0	3	0	0	14
rg06_theta15p195_foilpm8	1	2	8	4	25	13	5	5	4	0
rg06_theta15p195_foilpm8	1	2	8	5	53	26	11	8	7	0
rg06_theta15p195_foilpm8	1	2	8	6	64	35	13	9	9	0
rg06_theta15p195_foilpm8	1	2	8	7	2	0	1	0	0	2
rg06_theta15p195_foilpm8	1	3	0	3	3	0	1	0	0	3
rg06_theta15p195_foilpm8	1	3	0	4	12	0	3	0	0	12
rg06_theta15p195_foilpm8	1	3	0	5	26	14	6	4	4	0
rg06_theta15p195_foilpm8	1	3	0	6	47	27	10	7	7	0
rg06_theta15p195_foilpm8	1	3	0	7	2	0	1	0	0	2
rg06_theta15p195_foilpm8	1	3	1	3	8	0	2	0	0	8
rg06_theta15p195_foilpm8	1	3	1	4	15	0	3	0	0	15
rg06_theta15p195_foilpm8	1	3	1	5	49	25	10	8	7	0
rg06_theta15p195_foilpm8	1	3	1	6	61	28	13	11	8	0
rg06_theta15p195_foilpm8	1	3	1	7	105	56	21	16	15	0
rg06_theta15p195_foilpm8	1	3	2	2	10	0	2	0	0	10
rg06_theta15p195_foilpm8	1	3	2	4	31	12	7	6	3	0
rg06_theta15p195_foilpm8	1	3	2	5	61	28	13	10	8	0
rg06_theta15p195_foilpm8	1	3	2	6	99	52	20	15	14	0
rg06_theta15p195_foilpm8	1	3	2	7	132	65	27	23	17	0
rg06_theta15p195_foilpm8	1	3	3	2	10	0	2	0	0	10
rg06_theta15p195_foilpm8	1	3	3	3	14	0	3	0	0	14
rg06_theta15p195_foilpm8	1	3	3	4	36	16	8	8	4	0
rg06_theta15p195_foilpm8	1	3	3	5	59	29	12	7	8	0
rg06_theta15p195_foilpm8	1	3	3	6	94	48	19	12	12	0
rg06_theta15p195_foilpm8	1	3	3	7	160	77	32	25	20	0
rg06_theta15p195_foilpm8	1	3	4	2	5	0	1	0	0	5
rg06_theta15p195_foilpm8	1	3	4	3	19	0	4	0	0	19
rg06_theta15p195_foilpm8	1	3	4	4	16	0	4	0	0	16
rg06_theta15p195_foilpm8	1	3	4	5	92	41	19	14	11	0
rg06_theta15p195_foilpm8	1	3	4	6	83	39	17	11	10	0
rg06_theta15p195_foilpm8	1	3	4	7	182	92	37	28	24	0
rg06_theta15p195_foilpm8	1	3	5	2	4	0	1	0	0	4
rg06_theta15p195_foilpm8	1	3	5	3	25	12	5	4	4	0
rg06_theta15p195_foilpm8	1	3	5	4	51	24	11	9	6	0
rg06_theta15p195_foilpm8	1	3	5	6	129	62	26	21	16	0
rg06_theta15p195_foilpm8	1	3	5	7	172	86	35	28	22	0
rg06_theta15p195_foilpm8	1	3	6	2	1	0	1	0	0	1
rg06_theta15p195_foilpm8	1	3	6	3	14	0	3	0	0	14
rg06_theta15p195_foilpm8	1	3	6	4	19	0	4	0	0	19
rg06_theta15p195_foilpm8	1	3	6	5	49	26	10	7	7	0
rg06_theta15p195_foilpm8	1	3	6	6	91	48	19	13	12	0
rg06_theta15p195_foilpm8	1	3	6	7	111	52	23	16	14	0
rg06_theta15p195_foilpm8	1	3	7	3	10	0	2	0	0	10
rg06_theta15p195_foilpm8	1	3	7	4	19	0	4	0	0	19
rg06_theta15p195_foilpm8	1	3	7	5	36	17	8	6	5	0
rg06_theta15p195_foilpm8	1	3	7	6	60	30	12	7	8	0
rg06_theta15p195_foilpm8	1	3	7	7	113	60	23	19	15	0
rg06_theta15p195_foilpm8	1	3	8	3	4	0	1	0	0	4
rg06_theta15p195_foilpm8	1	3	8	4	12	0	3	0	0	12
rg06_theta15p195_foilpm8	1	3	8	5	31	15	7	3	4	0
rg06_theta15p195_foilpm8	1	3	8	6	54	26	11	10	7	0
rg06_theta15p195_foilpm8	1	3	8	7	6	0	2	0	0	6
rg06_theta15p195_foilpm8	1	4	0	4	2	0	1	0	0	2
rg06_theta15p195_foilpm8	1	4	0	5	10	0	2	0	0	10
rg06_theta15p195_foilpm8	1	4	0	6	18	0	4	0	0	18
rg06_theta15p195_foilpm8	1	4	1	4	4	0	1	0	0	4
rg06_theta15p195_foilpm8	1	4	1	5	17	0	4	0	0	17
rg06_theta15p195_foilpm8	1	4	1	6	27	15	6	6	4	0
rg06_theta15p195_foilpm8	1	4	1	7	43	22	9	8	6	0
rg06_theta15p195_foilpm8	1	4	2	4	14	0	3	0	0	14
rg06_theta15p195_foilpm8	1	4	2	5	21	0	5	0	0	21
rg06_theta15p195_foilpm8	1	4	2	6	42	24	9	6	6	0
rg06_theta15p195_foilpm8	1	4	2	7	71	36	15	9	10	0
rg06_theta15p195_foilpm8	1	4	3	4	9	0	2	0	0	9
rg06_theta15p195_foilpm8	1	4	3	5	26	13	6	6	4	0
rg06_theta15p195_foilpm8	1	4	3	6	51	27	11	7	7	0
rg06_theta15p195_foilpm8	1	4	3	7	90	48	18	17	12	0
rg06_theta15p195_foilpm8	1	4	4	4	4	0	1	0	0	4
rg06_theta15p195_foilpm8	1	4	4	5	22	0	5	0	0	22
rg06_theta15p195_foilpm8	1	4	4	6	54	29	11	7	8	0
rg06_theta15p195_foilpm8	1	4	4	7	80	46	16	11	12	0
rg06_theta15p195_foilpm8	1	4	5	4	5	0	1	0	0	5
rg06_theta15p195_foilpm8	1	4	5	6	47	25	10	7	7	0
rg06_theta15p195_foilpm8	1	4	5	7	82	43	17	15	11	0
rg06_theta15p195_foilpm8	1	4	6	4	9	0	2	0	0	9
rg06_theta15p195_foilpm8	1	4	6	5	15	0	3	0	0	15
rg06_theta15p195_foilpm8	1	4	6	6	27	13	6	4	4	0
rg06_theta15p195_foilpm8	1	4	6	7	36	16	8	6	5	0
rg06_theta15p195_foilpm8	1	4	7	4	5	0	1	0	0	5
rg06_theta15p195_foilpm8	1	4	7	5	16	0	4	0	0	16
rg06_theta15p195_foilpm8	1	4	7	6	25	12	5	4	4	0
rg06_theta15p195_foilpm8	1	4	7	7	35	18	7	6	5	0
rg06_theta15p195_foilpm8	1	4	8	4	4	0	1	0	0	4
rg06_theta15p195_foilpm8	1	4	8	5	5	0	1	0	0	5
rg06_theta15p195_foilpm8	1	4	8	6	19	0	4	0	0	19
rg06_theta15p195_foilpm8	1	4	8	7	1	0	1	0	0	1
rg07_theta12p495_foilpm8	0	0	0	1	7	0	2	0	0	7
rg07_theta12p495_foilpm8	0	0	0	2	34	11	7	1	3	0
rg07_theta12p495_foilpm8	0	0	0	3	76	24	16	9	7	0
rg07_theta12p495_foilpm8	0	0	0	4	104	40	21	7	10	0
rg07_theta12p495_foilpm8	0	0	0	5	72	16	15	6	4	0
rg07_theta12p495_foilpm8	0	0	0	6	10	0	2	0	0	10
rg07_theta12p495_foilpm8	0	0	1	1	6	0	2	0	0	6
rg07_theta12p495_foilpm8	0	0	1	2	18	0	4	0	0	18
rg07_theta12p495_foilpm8	0	0	1	3	15	0	3	0	0	15
rg07_theta12p495_foilpm8	0	0	1	4	25	5	5	0	2	0
rg07_theta12p495_foilpm8	0	0	1	5	24	0	5	0	0	24
rg07_theta12p495_foilpm8	0	0	1	6	4	0	1	0	0	4
rg07_theta12p495_foilpm8	0	0	2	1	16	0	4	0	0	16
rg07_theta12p495_foilpm8	0	0	2	2	40	14	8	3	4	0
rg07_theta12p495_foilpm8	0	0	2	3	16	0	4	0	0	16
rg07_theta12p495_foilpm8	0	0	2	4	74	27	15	10	7	0
rg07_theta12p495_foilpm8	0	0	2	5	81	28	17	6	7	0
rg07_theta12p495_foilpm8	0	0	2	6	37	16	8	4	5	0
rg07_theta12p495_foilpm8	0	0	3	1	19	0	4	0	0	19
rg07_theta12p495_foilpm8	0	0	3	2	58	20	12	2	5	0
rg07_theta12p495_foilpm8	0	0	3	3	82	27	17	10	7	0
rg07_theta12p495_foilpm8	0	0	3	4	78	35	16	10	9	0
rg07_theta12p495_foilpm8	0	0	3	5	86	37	18	14	10	0
rg07_theta12p495_foilpm8	0	0	3	6	58	28	12	7	7	0
rg07_theta12p495_foilpm8	0	0	4	1	21	0	5	0	0	21
rg07_theta12p495_foilpm8	0	0	4	2	64	30	13	10	8	0
rg07_theta12p495_foilpm8	0	0	4	3	77	35	16	12	9	0
rg07_theta12p495_foilpm8	0	0	4	4	27	8	6	3	3	0
rg07_theta12p495_foilpm8	0	0	4	5	94	44	19	13	11	0
rg07_theta12p495_foilpm8	0	0	4	6	111	42	23	19	11	0
rg07_theta12p495_foilpm8	0	0	5	1	11	0	3	0	0	11
rg07_theta12p495_foilpm8	0	0	5	2	53	28	11	6	7	0
rg07_theta12p495_foilpm8	0	0	5	3	62	31	13	10	8	0
rg07_theta12p495_foilpm8	0	0	5	4	83	40	17	13	11	0
rg07_theta12p495_foilpm8	0	0	5	5	9	0	2	0	0	9
rg07_theta12p495_foilpm8	0	0	5	6	111	56	23	18	15	0
rg07_theta12p495_foilpm8	0	0	6	1	4	0	1	0	0	4
rg07_theta12p495_foilpm8	0	0	6	2	31	13	7	2	4	0
rg07_theta12p495_foilpm8	0	0	6	3	67	29	14	9	8	0
rg07_theta12p495_foilpm8	0	0	6	4	63	29	13	7	8	0
rg07_theta12p495_foilpm8	0	0	6	5	74	38	15	10	10	0
rg07_theta12p495_foilpm8	0	0	6	6	94	47	19	12	12	0
rg07_theta12p495_foilpm8	0	0	7	1	2	0	1	0	0	2
rg07_theta12p495_foilpm8	0	0	7	2	32	12	7	3	4	0
rg07_theta12p495_foilpm8	0	0	7	3	55	18	11	6	5	0
rg07_theta12p495_foilpm8	0	0	7	4	73	25	15	8	7	0
rg07_theta12p495_foilpm8	0	0	7	5	73	27	15	11	7	0
rg07_theta12p495_foilpm8	0	0	7	6	68	28	14	9	8	0
rg07_theta12p495_foilpm8	0	0	8	2	3	0	1	0	0	3
rg07_theta12p495_foilpm8	0	0	8	3	2	0	1	0	0	2
rg07_theta12p495_foilpm8	0	0	8	4	9	0	2	0	0	9
rg07_theta12p495_foilpm8	0	0	8	5	28	15	6	6	4	0
rg07_theta12p495_foilpm8	0	0	8	6	2	0	1	0	0	2
rg07_theta12p495_foilpm8	0	1	0	1	6	0	2	0	0	6
rg07_theta12p495_foilpm8	0	1	0	2	40	16	8	7	5	0
rg07_theta12p495_foilpm8	0	1	0	3	69	28	14	11	8	0
rg07_theta12p495_foilpm8	0	1	0	4	80	40	16	13	11	0
rg07_theta12p495_foilpm8	0	1	0	5	59	24	12	8	6	0
rg07_theta12p495_foilpm8	0	1	0	6	3	0	1	0	0	3
rg07_theta12p495_foilpm8	0	1	1	1	36	12	8	4	3	0
rg07_theta12p495_foilpm8	0	1	1	2	59	25	12	7	7	0
rg07_theta12p495_foilpm8	0	1	1	3	91	42	19	16	11	0
rg07_theta12p495_foilpm8	0	1	1	4	118	51	24	19	13	0
rg07_theta12p495_foilpm8	0	1	1	5	108	48	22	16	12	0
rg07_theta12p495_foilpm8	0	1	1	6	25	6	5	2	2	0
rg07_theta12p495_foilpm8	0	1	2	1	60	20	12	7	6	0
rg07_theta12p495_foilpm8	0	1	2	2	65	28	13	10	7	0
rg07_theta12p495_foilpm8	0	1	2	3	9	0	2	0	0	9
rg07_theta12p495_foilpm8	0	1	2	4	135	70	27	21	18	0
rg07_theta12p495_foilpm8	0	1	2	5	137	59	28	25	15	0
rg07_theta12p495_foilpm8	0	1	2	6	98	41	20	15	11	0
rg07_theta12p495_foilpm8	0	1	3	1	59	24	12	6	7	0
rg07_theta12p495_foilpm8	0	1	3	2	102	43	21	13	11	0
rg07_theta12p495_foilpm8	0	1	3	3	143	71	29	20	18	0
rg07_theta12p495_foilpm8	0	1	3	4	143	66	29	17	17	0
rg07_theta12p495_foilpm8	0	1	3	5	186	86	38	26	22	0
rg07_theta12p495_foilpm8	0	1	3	6	180	80	36	24	21	0
rg07_theta12p495_foilpm8	0	1	4	1	42	17	9	8	5	0
rg07_theta12p495_foilpm8	0	1	4	2	66	30	14	7	8	0
rg07_theta12p495_foilpm8	0	1	4	3	118	58	24	20	15	0
rg07_theta12p495_foilpm8	0	1	4	4	53	28	11	9	8	0
rg07_theta12p495_foilpm8	0	1	4	5	198	107	40	34	27	0
rg07_theta12p495_foilpm8	0	1	4	6	203	107	41	34	27	0
rg07_theta12p495_foilpm8	0	1	5	1	48	24	10	7	7	0
rg07_theta12p495_foilpm8	0	1	5	2	105	52	21	21	13	0
rg07_theta12p495_foilpm8	0	1	5	3	107	52	22	17	13	0
rg07_theta12p495_foilpm8	0	1	5	4	127	61	26	20	16	0
rg07_theta12p495_foilpm8	0	1	5	5	14	0	3	0	0	14
rg07_theta12p495_foilpm8	0	1	5	6	170	74	34	28	19	0
rg07_theta12p495_foilpm8	0	1	6	1	42	15	9	6	4	0
rg07_theta12p495_foilpm8	0	1	6	2	56	30	12	6	8	0
rg07_theta12p495_foilpm8	0	1	6	3	88	43	18	14	11	0
rg07_theta12p495_foilpm8	0	1	6	4	138	71	28	20	18	0
rg07_theta12p495_foilpm8	0	1	6	5	157	80	32	20	20	0
rg07_theta12p495_foilpm8	0	1	6	6	167	82	34	25	21	0
rg07_theta12p495_foilpm8	0	1	7	1	18	0	4	0	0	18
rg07_theta12p495_foilpm8	0	1	7	2	67	35	14	12	9	0
rg07_theta12p495_foilpm8	0	1	7	3	94	48	19	14	13	0
rg07_theta12p495_foilpm8	0	1	7	4	85	40	17	11	11	0
rg07_theta12p495_foilpm8	0	1	7	5	114	52	23	14	14	0
rg07_theta12p495_foilpm8	0	1	7	6	141	75	29	23	19	0
rg07_theta12p495_foilpm8	0	1	8	1	1	0	1	0	0	1
rg07_theta12p495_foilpm8	0	1	8	2	38	20	8	5	5	0
rg07_theta12p495_foilpm8	0	1	8	3	63	35	13	11	9	0
rg07_theta12p495_foilpm8	0	1	8	4	68	32	14	11	9	0
rg07_theta12p495_foilpm8	0	1	8	5	87	42	18	14	11	0
rg07_theta12p495_foilpm8	0	1	8	6	6	0	2	0	0	6
rg07_theta12p495_foilpm8	0	2	0	1	2	0	1	0	0	2
rg07_theta12p495_foilpm8	0	2	0	2	66	28	14	11	8	0
rg07_theta12p495_foilpm8	0	2	0	3	79	40	16	14	10	0
rg07_theta12p495_foilpm8	0	2	0	4	111	49	23	18	13	0
rg07_theta12p495_foilpm8	0	2	0	5	149	69	30	20	18	0
rg07_theta12p495_foilpm8	0	2	0	6	3	0	1	0	0	3
rg07_theta12p495_foilpm8	0	2	1	1	43	21	9	4	6	0
rg07_theta12p495_foilpm8	0	2	1	2	92	43	19	7	11	0
rg07_theta12p495_foilpm8	0	2	1	3	129	63	26	18	16	0
rg07_theta12p495_foilpm8	0	2	1	4	155	68	31	23	17	0
rg07_theta12p495_foilpm8	0	2	1	5	165	78	33	24	20	0
rg07_theta12p495_foilpm8	0	2	1	6	70	30	14	8	8	0
rg07_theta12p495_foilpm8	0	2	2	1	56	29	12	9	8	0
rg07_theta12p495_foilpm8	0	2	2	2	108	51	22	15	13	0
rg07_theta12p495_foilpm8	0	2	2	3	8	0	2	0	0	8
rg07_theta12p495_foilpm8	0	2	2	4	193	93	39	29	24	0
rg07_theta12p495_foilpm8	0	2	2	5	242	116	49	40	30	0
rg07_theta12p495_foilpm8	0	2	2	6	177	90	36	28	23	0
rg07_theta12p495_foilpm8	0	2	3	1	74	35	15	14	9	0
rg07_theta12p495_foilpm8	0	2	3	2	122	56	25	21	14	0
rg07_theta12p495_foilpm8	0	2	3	3	160	74	32	28	19	0
rg07_theta12p495_foilpm8	0	2	3	4	263	135	53	42	34	0
rg07_theta12p495_foilpm8	0	2	3	5	290	148	58	44	37	0
rg07_theta12p495_foilpm8	0	2	3	6	326	163	66	52	41	0
rg07_theta12p495_foilpm8	0	2	4	1	83	40	17	15	11	0
rg07_theta12p495_foilpm8	0	2	4	2	112	52	23	15	14	0
rg07_theta12p495_foilpm8	0	2	4	3	183	92	37	33	23	0
rg07_theta12p495_foilpm8	0	2	4	4	72	36	15	10	10	0
rg07_theta12p495_foilpm8	0	2	4	5	318	152	64	50	39	0
rg07_theta12p495_foilpm8	0	2	4	6	337	171	68	56	43	0
rg07_theta12p495_foilpm8	0	2	5	1	52	26	11	8	7	0
rg07_theta12p495_foilpm8	0	2	5	2	104	52	21	18	13	0
rg07_theta12p495_foilpm8	0	2	5	3	176	88	36	28	23	0
rg07_theta12p495_foilpm8	0	2	5	4	242	119	49	36	30	0
rg07_theta12p495_foilpm8	0	2	5	5	5	0	1	0	0	5
rg07_theta12p495_foilpm8	0	2	5	6	310	165	62	50	42	0
rg07_theta12p495_foilpm8	0	2	6	1	47	20	10	4	6	0
rg07_theta12p495_foilpm8	0	2	6	2	105	55	21	16	14	0
rg07_theta12p495_foilpm8	0	2	6	3	170	84	34	28	22	0
rg07_theta12p495_foilpm8	0	2	6	4	192	91	39	33	23	0
rg07_theta12p495_foilpm8	0	2	6	5	283	145	57	45	37	0
rg07_theta12p495_foilpm8	0	2	6	6	315	160	63	54	40	0
rg07_theta12p495_foilpm8	0	2	7	1	32	17	7	4	5	0
rg07_theta12p495_foilpm8	0	2	7	2	76	38	16	11	10	0
rg07_theta12p495_foilpm8	0	2	7	3	131	68	27	20	18	0
rg07_theta12p495_foilpm8	0	2	7	4	152	75	31	22	19	0
rg07_theta12p495_foilpm8	0	2	7	5	224	110	45	29	28	0
rg07_theta12p495_foilpm8	0	2	7	6	206	106	42	35	27	0
rg07_theta12p495_foilpm8	0	2	8	1	2	0	1	0	0	2
rg07_theta12p495_foilpm8	0	2	8	2	69	34	14	12	9	0
rg07_theta12p495_foilpm8	0	2	8	3	111	54	23	20	14	0
rg07_theta12p495_foilpm8	0	2	8	4	130	72	26	19	19	0
rg07_theta12p495_foilpm8	0	2	8	5	161	80	33	25	20	0
rg07_theta12p495_foilpm8	0	2	8	6	4	0	1	0	0	4
rg07_theta12p495_foilpm8	0	3	0	2	46	19	10	9	5	0
rg07_theta12p495_foilpm8	0	3	0	3	79	36	16	11	10	0
rg07_theta12p495_foilpm8	0	3	0	4	112	51	23	14	13	0
rg07_theta12p495_foilpm8	0	3	0	5	135	65	27	17	17	0
rg07_theta12p495_foilpm8	0	3	0	6	3	0	1	0	0	3
rg07_theta12p495_foilpm8	0	3	1	1	6	0	2	0	0	6
rg07_theta12p495_foilpm8	0	3	1	2	53	25	11	11	7	0
rg07_theta12p495_foilpm8	0	3	1	3	80	41	16	11	11	0
rg07_theta12p495_foilpm8	0	3	1	4	132	62	27	21	16	0
rg07_theta12p495_foilpm8	0	3	1	5	184	86	37	28	22	0
rg07_theta12p495_foilpm8	0	3	1	6	203	100	41	25	25	0
rg07_theta12p495_foilpm8	0	3	2	1	10	0	2	0	0	10
rg07_theta12p495_foilpm8	0	3	2	2	66	32	14	7	8	0
rg07_theta12p495_foilpm8	0	3	2	3	4	0	1	0	0	4
rg07_theta12p495_foilpm8	0	3	2	4	180	86	36	26	22	0
rg07_theta12p495_foilpm8	0	3	2	5	223	104	45	34	26	0
rg07_theta12p495_foilpm8	0	3	2	6	249	118	50	34	30	0
rg07_theta12p495_foilpm8	0	3	3	1	38	17	8	4	5	0
rg07_theta12p495_foilpm8	0	3	3	2	89	38	18	11	10	0
rg07_theta12p495_foilpm8	0	3	3	3	145	68	29	26	18	0
rg07_theta12p495_foilpm8	0	3	3	4	226	109	46	29	28	0
rg07_theta12p495_foilpm8	0	3	3	5	301	151	61	45	38	0
rg07_theta12p495_foilpm8	0	3	3	6	345	170	69	53	43	0
rg07_theta12p495_foilpm8	0	3	4	1	54	24	11	7	6	0
rg07_theta12p495_foilpm8	0	3	4	2	101	48	21	15	13	0
rg07_theta12p495_foilpm8	0	3	4	3	165	80	33	26	21	0
rg07_theta12p495_foilpm8	0	3	4	4	52	26	11	7	7	0
rg07_theta12p495_foilpm8	0	3	4	5	263	124	53	39	31	0
rg07_theta12p495_foilpm8	0	3	4	6	343	154	69	52	39	0
rg07_theta12p495_foilpm8	0	3	5	1	61	31	13	7	8	0
rg07_theta12p495_foilpm8	0	3	5	2	85	43	17	8	11	0
rg07_theta12p495_foilpm8	0	3	5	3	133	68	27	16	18	0
rg07_theta12p495_foilpm8	0	3	5	4	213	102	43	31	26	0
rg07_theta12p495_foilpm8	0	3	5	5	11	0	3	0	0	11
rg07_theta12p495_foilpm8	0	3	5	6	344	169	69	51	43	0
rg07_theta12p495_foilpm8	0	3	6	1	59	29	12	6	8	0
rg07_theta12p495_foilpm8	0	3	6	2	79	36	16	11	9	0
rg07_theta12p495_foilpm8	0	3	6	3	102	46	21	19	12	0
rg07_theta12p495_foilpm8	0	3	6	4	158	70	32	26	18	0
rg07_theta12p495_foilpm8	0	3	6	5	217	100	44	33	25	0
rg07_theta12p495_foilpm8	0	3	6	6	267	127	54	37	32	0
rg07_theta12p495_foilpm8	0	3	7	1	21	0	5	0	0	21
rg07_theta12p495_foilpm8	0	3	7	2	59	29	12	7	8	0
rg07_theta12p495_foilpm8	0	3	7	3	92	40	19	13	10	0
rg07_theta12p495_foilpm8	0	3	7	4	141	67	29	19	17	0
rg07_theta12p495_foilpm8	0	3	7	5	170	83	34	23	21	0
rg07_theta12p495_foilpm8	0	3	7	6	219	106	44	34	27	0
rg07_theta12p495_foilpm8	0	3	8	2	34	15	7	6	4	0
rg07_theta12p495_foilpm8	0	3	8	3	63	27	13	12	7	0
rg07_theta12p495_foilpm8	0	3	8	4	91	42	19	12	11	0
rg07_theta12p495_foilpm8	0	3	8	5	126	63	26	16	16	0
rg07_theta12p495_foilpm8	0	4	0	2	17	0	4	0	0	17
rg07_theta12p495_foilpm8	0	4	0	3	42	20	9	7	6	0
rg07_theta12p495_foilpm8	0	4	0	4	51	27	11	8	7	0
rg07_theta12p495_foilpm8	0	4	0	5	96	47	20	14	12	0
rg07_theta12p495_foilpm8	0	4	0	6	1	0	1	0	0	1
rg07_theta12p495_foilpm8	0	4	1	1	6	0	2	0	0	6
rg07_theta12p495_foilpm8	0	4	1	2	24	0	5	0	0	24
rg07_theta12p495_foilpm8	0	4	1	3	51	24	11	8	7	0
rg07_theta12p495_foilpm8	0	4	1	4	85	44	17	9	11	0
rg07_theta12p495_foilpm8	0	4	1	5	127	61	26	20	16	0
rg07_theta12p495_foilpm8	0	4	1	6	195	97	39	32	25	0
rg07_theta12p495_foilpm8	0	4	2	1	19	0	4	0	0	19
rg07_theta12p495_foilpm8	0	4	2	2	37	18	8	6	5	0
rg07_theta12p495_foilpm8	0	4	2	4	113	56	23	15	14	0
rg07_theta12p495_foilpm8	0	4	2	5	144	67	29	25	17	0
rg07_theta12p495_foilpm8	0	4	2	6	206	108	42	34	27	0
rg07_theta12p495_foilpm8	0	4	3	1	29	16	6	4	4	0
rg07_theta12p495_foilpm8	0	4	3	2	60	29	12	9	8	0
rg07_theta12p495_foilpm8	0	4	3	3	77	37	16	13	10	0
rg07_theta12p495_foilpm8	0	4	3	4	117	56	24	21	14	0
rg07_theta12p495_foilpm8	0	4	3	5	185	95	37	28	24	0
rg07_theta12p495_foilpm8	0	4	3	6	266	133	54	40	34	0
rg07_theta12p495_foilpm8	0	4	4	1	33	16	7	5	5	0
rg07_theta12p495_foilpm8	0	4	4	2	63	32	13	11	9	0
rg07_theta12p495_foilpm8	0	4	4	3	101	48	21	13	13	0
rg07_theta12p495_foilpm8	0	4	4	4	48	20	10	7	6	0
rg07_theta12p495_foilpm8	0	4	4	5	177	84	36	21	21	0
rg07_theta12p495_foilpm8	0	4	4	6	234	112	47	35	29	0
rg07_theta12p495_foilpm8	0	4	5	1	27	14	6	4	4	0
rg07_theta12p495_foilpm8	0	4	5	2	69	32	14	12	9	0
rg07_theta12p495_foilpm8	0	4	5	3	67	32	14	11	8	0
rg07_theta12p495_foilpm8	0	4	5	4	117	59	24	18	15	0
rg07_theta12p495_foilpm8	0	4	5	5	2	0	1	0	0	2
rg07_theta12p495_foilpm8	0	4	5	6	237	118	48	37	30	0
rg07_theta12p495_foilpm8	0	4	6	1	25	13	5	1	4	0
rg07_theta12p495_foilpm8	0	4	6	2	44	21	9	8	6	0
rg07_theta12p495_foilpm8	0	4	6	3	61	29	13	11	8	0
rg07_theta12p495_foilpm8	0	4	6	4	88	42	18	10	11	0
rg07_theta12p495_foilpm8	0	4	6	5	139	69	28	18	18	0
rg07_theta12p495_foilpm8	0	4	6	6	226	108	46	31	27	0
rg07_theta12p495_foilpm8	0	4	7	1	5	0	1	0	0	5
rg07_theta12p495_foilpm8	0	4	7	2	17	0	4	0	0	17
rg07_theta12p495_foilpm8	0	4	7	3	45	19	9	6	5	0
rg07_theta12p495_foilpm8	0	4	7	4	92	46	19	13	12	0
rg07_theta12p495_foilpm8	0	4	7	5	126	63	26	22	16	0
rg07_theta12p495_foilpm8	0	4	7	6	173	87	35	30	22	0
rg07_theta12p495_foilpm8	0	4	8	2	5	0	1	0	0	5
rg07_theta12p495_foilpm8	0	4	8	3	25	12	5	3	4	0
rg07_theta12p495_foilpm8	0	4	8	4	57	24	12	9	6	0
rg07_theta12p495_foilpm8	0	4	8	5	86	42	18	13	11	0
rg07_theta12p495_foilpm8	0	4	8	6	2	0	1	0	0	2
rg07_theta12p495_foilpm8	1	0	0	2	1	0	1	0	0	1
rg07_theta12p495_foilpm8	1	0	0	3	14	0	3	0	0	14
rg07_theta12p495_foilpm8	1	0	0	4	36	14	8	3	4	0
rg07_theta12p495_foilpm8	1	0	0	5	31	12	7	5	4	0
rg07_theta12p495_foilpm8	1	0	0	6	29	12	6	5	3	0
rg07_theta12p495_foilpm8	1	0	0	7	1	0	1	0	0	1
rg07_theta12p495_foilpm8	1	0	1	2	18	0	4	0	0	18
rg07_theta12p495_foilpm8	1	0	1	3	24	0	5	0	0	24
rg07_theta12p495_foilpm8	1	0	1	4	42	17	9	6	5	0
rg07_theta12p495_foilpm8	1	0	1	5	53	24	11	9	6	0
rg07_theta12p495_foilpm8	1	0	1	6	48	20	10	10	5	0
rg07_theta12p495_foilpm8	1	0	1	7	23	0	5	0	0	23
rg07_theta12p495_foilpm8	1	0	2	2	29	12	6	5	3	0
rg07_theta12p495_foilpm8	1	0	2	3	7	0	2	0	0	7
rg07_theta12p495_foilpm8	1	0	2	4	64	26	13	10	7	0
rg07_theta12p495_foilpm8	1	0	2	5	71	29	15	12	8	0
rg07_theta12p495_foilpm8	1	0	2	6	62	31	13	9	8	0
rg07_theta12p495_foilpm8	1	0	2	7	52	23	11	6	6	0
rg07_theta12p495_foilpm8	1	0	3	2	26	12	6	4	3	0
rg07_theta12p495_foilpm8	1	0	3	3	35	13	7	5	4	0
rg07_theta12p495_foilpm8	1	0	3	4	45	23	9	8	6	0
rg07_theta12p495_foilpm8	1	0	3	5	67	33	14	11	9	0
rg07_theta12p495_foilpm8	1	0	3	6	82	37	17	12	10	0
rg07_theta12p495_foilpm8	1	0	3	7	108	50	22	20	13	0
rg07_theta12p495_foilpm8	1	0	4	2	34	12	7	2	3	0
rg07_theta12p495_foilpm8	1	0	4	3	50	20	10	5	6	0
rg07_theta12p495_foilpm8	1	0	4	4	20	0	4	0	0	20
rg07_theta12p495_foilpm8	1	0	4	5	70	36	14	13	9	0
rg07_theta12p495_foilpm8	1	0	4	6	97	48	20	16	12	0
rg07_theta12p495_foilpm8	1	0	4	7	118	61	24	19	16	0
rg07_theta12p495_foilpm8	1	0	5	2	19	0	4	0	0	19
rg07_theta12p495_foilpm8	1	0	5	3	35	18	7	6	5	0
rg07_theta12p495_foilpm8	1	0	5	4	43	22	9	8	6	0
rg07_theta12p495_foilpm8	1	0	5	5	3	0	1	0	0	3
rg07_theta12p495_foilpm8	1	0	5	6	76	40	16	11	10	0
rg07_theta12p495_foilpm8	1	0	5	7	96	52	20	12	13	0
rg07_theta12p495_foilpm8	1	0	6	2	8	0	2	0	0	8
rg07_theta12p495_foilpm8	1	0	6	3	31	12	7	4	4	0
rg07_theta12p495_foilpm8	1	0	6	4	51	22	11	10	6	0
rg07_theta12p495_foilpm8	1	0	6	5	64	30	13	8	8	0
rg07_theta12p495_foilpm8	1	0	6	6	86	42	18	12	11	0
rg07_theta12p495_foilpm8	1	0	6	7	98	53	20	18	14	0
rg07_theta12p495_foilpm8	1	0	7	2	8	0	2	0	0	8
rg07_theta12p495_foilpm8	1	0	7	3	18	0	4	0	0	18
rg07_theta12p495_foilpm8	1	0	7	4	25	13	5	2	4	0
rg07_theta12p495_foilpm8	1	0	7	5	50	24	10	9	7	0
rg07_theta12p495_foilpm8	1	0	7	6	62	29	13	10	8	0
rg07_theta12p495_foilpm8	1	0	7	7	91	44	19	16	12	0
rg07_theta12p495_foilpm8	1	0	8	3	7	0	2	0	0	7
rg07_theta12p495_foilpm8	1	0	8	4	25	11	5	4	3	0
rg07_theta12p495_foilpm8	1	0	8	5	24	0	5	0	0	24
rg07_theta12p495_foilpm8	1	0	8	6	49	21	10	9	6	0
rg07_theta12p495_foilpm8	1	0	8	7	5	0	1	0	0	5
rg07_theta12p495_foilpm8	1	1	0	3	11	0	3	0	0	11
rg07_theta12p495_foilpm8	1	1	0	4	42	22	9	6	6	0
rg07_theta12p495_foilpm8	1	1	0	5	50	27	10	9	7	0
rg07_theta12p495_foilpm8	1	1	0	6	58	24	12	10	7	0
rg07_theta12p495_foilpm8	1	1	0	7	1	0	1	0	0	1
rg07_theta12p495_foilpm8	1	1	1	2	12	0	3	0	0	12
rg07_theta12p495_foilpm8	1	1	1	3	28	14	6	4	4	0
rg07_theta12p495_foilpm8	1	1	1	4	50	24	10	9	6	0
rg07_theta12p495_foilpm8	1	1	1	5	66	32	14	11	8	0
rg07_theta12p495_foilpm8	1	1	1	6	97	49	20	17	13	0
rg07_theta12p495_foilpm8	1	1	1	7	99	50	20	13	13	0
rg07_theta12p495_foilpm8	1	1	2	2	22	0	5	0	0	22
rg07_theta12p495_foilpm8	1	1	2	3	1	0	1	0	0	1
rg07_theta12p495_foilpm8	1	1	2	4	65	35	13	9	9	0
rg07_theta12p495_foilpm8	1	1	2	5	104	51	21	18	13	0
rg07_theta12p495_foilpm8	1	1	2	6	123	60	25	17	15	0
rg07_theta12p495_foilpm8	1	1	2	7	139	72	28	23	18	0
rg07_theta12p495_foilpm8	1	1	3	2	23	0	5	0	0	23
rg07_theta12p495_foilpm8	1	1	3	3	55	30	11	8	8	0
rg07_theta12p495_foilpm8	1	1	3	4	89	44	18	14	11	0
rg07_theta12p495_foilpm8	1	1	3	5	116	60	24	22	16	0
rg07_theta12p495_foilpm8	1	1	3	6	137	71	28	21	18	0
rg07_theta12p495_foilpm8	1	1	3	7	175	93	35	28	24	0
rg07_theta12p495_foilpm8	1	1	4	2	21	0	5	0	0	21
rg07_theta12p495_foilpm8	1	1	4	3	57	32	12	7	9	0
rg07_theta12p495_foilpm8	1	1	4	4	23	0	5	0	0	23
rg07_theta12p495_foilpm8	1	1	4	5	137	76	28	23	19	0
rg07_theta12p495_foilpm8	1	1	4	6	181	92	37	34	24	0
rg07_theta12p495_foilpm8	1	1	4	7	158	91	32	28	23	0
rg07_theta12p495_foilpm8	1	1	5	2	28	13	6	4	4	0
rg07_theta12p495_foilpm8	1	1	5	3	48	24	10	7	7	0
rg07_theta12p495_foilpm8	1	1	5	4	85	44	17	10	12	0
rg07_theta12p495_foilpm8	1	1	5	5	5	0	1	0	0	5
rg07_theta12p495_foilpm8	1	1	5	6	152	79	31	25	20	0
rg07_theta12p495_foilpm8	1	1	5	7	184	95	37	30	24	0
rg07_theta12p495_foilpm8	1	1	6	2	22	0	5	0	0	22
rg07_theta12p495_foilpm8	1	1	6	3	46	23	10	8	6	0
rg07_theta12p495_foilpm8	1	1	6	4	68	39	14	10	10	0
rg07_theta12p495_foilpm8	1	1	6	5	109	60	22	17	15	0
rg07_theta12p495_foilpm8	1	1	6	6	121	59	25	16	15	0
rg07_theta12p495_foilpm8	1	1	6	7	161	84	33	29	21	0
rg07_theta12p495_foilpm8	1	1	7	2	18	0	4	0	0	18
rg07_theta12p495_foilpm8	1	1	7	3	34	18	7	6	5	0
rg07_theta12p495_foilpm8	1	1	7	4	49	26	10	10	7	0
rg07_theta12p495_foilpm8	1	1	7	5	90	47	18	13	12	0
rg07_theta12p495_foilpm8	1	1	7	6	126	64	26	18	17	0
rg07_theta12p495_foilpm8	1	1	7	7	136	74	28	22	19	0
rg07_theta12p495_foilpm8	1	1	8	3	24	0	5	0	0	24
rg07_theta12p495_foilpm8	1	1	8	4	30	15	6	6	4	0
rg07_theta12p495_foilpm8	1	1	8	5	64	32	13	10	9	0
rg07_theta12p495_foilpm8	1	1	8	6	93	47	19	15	12	0
rg07_theta12p495_foilpm8	1	1	8	7	2	0	1	0	0	2
rg07_theta12p495_foilpm8	1	2	0	3	6	0	2	0	0	6
rg07_theta12p495_foilpm8	1	2	0	4	27	14	6	5	4	0
rg07_theta12p495_foilpm8	1	2	0	5	87	46	18	13	12	0
rg07_theta12p495_foilpm8	1	2	0	6	96	51	20	17	13	0
rg07_theta12p495_foilpm8	1	2	1	2	7	0	2	0	0	7
rg07_theta12p495_foilpm8	1	2	1	3	17	0	4	0	0	17
rg07_theta12p495_foilpm8	1	2	1	4	64	34	13	8	9	0
rg07_theta12p495_foilpm8	1	2	1	5	128	63	26	20	16	0
rg07_theta12p495_foilpm8	1	2	1	6	146	72	30	24	19	0
rg07_theta12p495_foilpm8	1	2	1	7	156	80	32	25	21	0
rg07_theta12p495_foilpm8	1	2	2	2	32	14	7	5	4	0
rg07_theta12p495_foilpm8	1	2	2	3	1	0	1	0	0	1
rg07_theta12p495_foilpm8	1	2	2	4	91	43	19	14	11	0
rg07_theta12p495_foilpm8	1	2	2	5	157	83	32	27	21	0
rg07_theta12p495_foilpm8	1	2	2	6	187	99	38	30	25	0
rg07_theta12p495_foilpm8	1	2	2	7	226	119	46	35	30	0
rg07_theta12p495_foilpm8	1	2	3	2	20	0	4	0	0	20
rg07_theta12p495_foilpm8	1	2	3	3	70	36	14	12	9	0
rg07_theta12p495_foilpm8	1	2	3	4	133	64	27	23	17	0
rg07_theta12p495_foilpm8	1	2	3	5	190	93	38	31	24	0
rg07_theta12p495_foilpm8	1	2	3	6	277	140	56	48	36	0
rg07_theta12p495_foilpm8	1	2	3	7	260	140	52	44	36	0
rg07_theta12p495_foilpm8	1	2	4	2	21	0	5	0	0	21
rg07_theta12p495_foilpm8	1	2	4	3	72	39	15	14	10	0
rg07_theta12p495_foilpm8	1	2	4	4	40	22	8	7	6	0
rg07_theta12p495_foilpm8	1	2	4	5	230	116	46	35	29	0
rg07_theta12p495_foilpm8	1	2	4	6	288	145	58	51	37	0
rg07_theta12p495_foilpm8	1	2	4	7	329	176	66	57	45	0
rg07_theta12p495_foilpm8	1	2	5	2	24	0	5	0	0	24
rg07_theta12p495_foilpm8	1	2	5	3	82	45	17	13	12	0
rg07_theta12p495_foilpm8	1	2	5	4	151	75	31	22	19	0
rg07_theta12p495_foilpm8	1	2	5	5	3	0	1	0	0	3
rg07_theta12p495_foilpm8	1	2	5	6	275	140	55	45	35	0
rg07_theta12p495_foilpm8	1	2	5	7	286	155	58	45	39	0
rg07_theta12p495_foilpm8	1	2	6	2	30	16	6	6	5	0
rg07_theta12p495_foilpm8	1	2	6	3	59	31	12	9	8	0
rg07_theta12p495_foilpm8	1	2	6	4	124	64	25	21	16	0
rg07_theta12p495_foilpm8	1	2	6	5	163	89	33	29	23	0
rg07_theta12p495_foilpm8	1	2	6	6	203	106	41	32	27	0
rg07_theta12p495_foilpm8	1	2	6	7	267	144	54	46	36	0
rg07_theta12p495_foilpm8	1	2	7	2	16	0	4	0	0	16
rg07_theta12p495_foilpm8	1	2	7	3	42	24	9	8	6	0
rg07_theta12p495_foilpm8	1	2	7	4	85	45	17	15	12	0
rg07_theta12p495_foilpm8	1	2	7	5	139	73	28	23	19	0
rg07_theta12p495_foilpm8	1	2	7	6	184	97	37	31	25	0
rg07_theta12p495_foilpm8	1	2	7	7	181	93	37	32	24	0
rg07_theta12p495_foilpm8	1	2	8	3	37	18	8	5	5	0
rg07_theta12p495_foilpm8	1	2	8	4	56	29	12	10	8	0
rg07_theta12p495_foilpm8	1	2	8	5	74	37	15	13	10	0
rg07_theta12p495_foilpm8	1	2	8	6	123	65	25	19	17	0
rg07_theta12p495_foilpm8	1	2	8	7	2	0	1	0	0	2
rg07_theta12p495_foilpm8	1	3	0	2	1	0	1	0	0	1
rg07_theta12p495_foilpm8	1	3	0	3	4	0	1	0	0	4
rg07_theta12p495_foilpm8	1	3	0	4	13	0	3	0	0	13
rg07_theta12p495_foilpm8	1	3	0	5	61	28	13	7	7	0
rg07_theta12p495_foilpm8	1	3	0	6	90	42	18	12	11	0
rg07_theta12p495_foilpm8	1	3	0	7	2	0	1	0	0	2
rg07_theta12p495_foilpm8	1	3	1	2	6	0	2	0	0	6
rg07_theta12p495_foilpm8	1	3	1	3	17	0	4	0	0	17
rg07_theta12p495_foilpm8	1	3	1	4	31	15	7	6	4	0
rg07_theta12p495_foilpm8	1	3	1	5	72	37	15	14	10	0
rg07_theta12p495_foilpm8	1	3	1	6	128	72	26	21	19	0
rg07_theta12p495_foilpm8	1	3	1	7	125	64	25	24	17	0
rg07_theta12p495_foilpm8	1	3	2	2	10	0	2	0	0	10
rg07_theta12p495_foilpm8	1	3	2	3	3	0	1	0	0	3
rg07_theta12p495_foilpm8	1	3	2	4	83	36	17	16	9	0
rg07_theta12p495_foilpm8	1	3	2	5	121	62	25	22	16	0
rg07_theta12p495_foilpm8	1	3	2	6	216	104	44	41	26	0
rg07_theta12p495_foilpm8	1	3	2	7	189	96	38	29	24	0
rg07_theta12p495_foilpm8	1	3	3	2	14	0	3	0	0	14
rg07_theta12p495_foilpm8	1	3	3	3	54	28	11	9	8	0
rg07_theta12p495_foilpm8	1	3	3	4	93	46	19	15	12	0
rg07_theta12p495_foilpm8	1	3	3	5	170	79	34	27	20	0
rg07_theta12p495_foilpm8	1	3	3	6	221	110	45	37	28	0
rg07_theta12p495_foilpm8	1	3	3	7	306	149	62	47	38	0
rg07_theta12p495_foilpm8	1	3	4	2	4	0	1	0	0	4
rg07_theta12p495_foilpm8	1	3	4	3	47	24	10	7	7	0
rg07_theta12p495_foilpm8	1	3	4	4	21	0	5	0	0	21
rg07_theta12p495_foilpm8	1	3	4	5	181	91	37	31	23	0
rg07_theta12p495_foilpm8	1	3	4	6	249	123	50	37	31	0
rg07_theta12p495_foilpm8	1	3	4	7	314	161	63	51	41	0
rg07_theta12p495_foilpm8	1	3	5	2	3	0	1	0	0	3
rg07_theta12p495_foilpm8	1	3	5	3	48	27	10	6	7	0
rg07_theta12p495_foilpm8	1	3	5	4	110	53	22	15	14	0
rg07_theta12p495_foilpm8	1	3	5	5	2	0	1	0	0	2
rg07_theta12p495_foilpm8	1	3	5	6	230	116	46	39	29	0
rg07_theta12p495_foilpm8	1	3	5	7	271	140	55	45	35	0
rg07_theta12p495_foilpm8	1	3	6	2	5	0	1	0	0	5
rg07_theta12p495_foilpm8	1	3	6	3	38	19	8	7	5	0
rg07_theta12p495_foilpm8	1	3	6	4	87	45	18	12	12	0
rg07_theta12p495_foilpm8	1	3	6	5	126	56	26	15	15	0
rg07_theta12p495_foilpm8	1	3	6	6	178	90	36	26	23	0
rg07_theta12p495_foilpm8	1	3	6	7	266	133	54	47	34	0
rg07_theta12p495_foilpm8	1	3	7	2	5	0	1	0	0	5
rg07_theta12p495_foilpm8	1	3	7	3	26	12	6	5	4	0
rg07_theta12p495_foilpm8	1	3	7	4	55	28	11	7	8	0
rg07_theta12p495_foilpm8	1	3	7	5	101	48	21	17	13	0
rg07_theta12p495_foilpm8	1	3	7	6	119	58	24	15	15	0
rg07_theta12p495_foilpm8	1	3	7	7	163	83	33	28	21	0
rg07_theta12p495_foilpm8	1	3	8	3	27	12	6	5	3	0
rg07_theta12p495_foilpm8	1	3	8	4	36	19	8	7	5	0
rg07_theta12p495_foilpm8	1	3	8	5	58	28	12	9	7	0
rg07_theta12p495_foilpm8	1	3	8	6	104	53	21	18	14	0
rg07_theta12p495_foilpm8	1	3	8	7	1	0	1	0	0	1
rg07_theta12p495_foilpm8	1	4	0	3	1	0	1	0	0	1
rg07_theta12p495_foilpm8	1	4	0	4	12	0	3	0	0	12
rg07_theta12p495_foilpm8	1	4	0	5	20	0	4	0	0	20
rg07_theta12p495_foilpm8	1	4	0	6	45	24	9	8	6	0
rg07_theta12p495_foilpm8	1	4	0	7	1	0	1	0	0	1
rg07_theta12p495_foilpm8	1	4	1	3	10	0	2	0	0	10
rg07_theta12p495_foilpm8	1	4	1	4	29	15	6	6	4	0
rg07_theta12p495_foilpm8	1	4	1	5	58	30	12	11	8	0
rg07_theta12p495_foilpm8	1	4	1	6	93	48	19	17	12	0
rg07_theta12p495_foilpm8	1	4	1	7	103	52	21	15	13	0
rg07_theta12p495_foilpm8	1	4	2	4	56	28	12	6	8	0
rg07_theta12p495_foilpm8	1	4	2	5	72	40	15	13	10	0
rg07_theta12p495_foilpm8	1	4	2	6	125	65	25	20	17	0
rg07_theta12p495_foilpm8	1	4	2	7	175	87	35	28	22	0
rg07_theta12p495_foilpm8	1	4	3	3	26	16	6	6	4	0
rg07_theta12p495_foilpm8	1	4	3	4	45	20	9	6	6	0
rg07_theta12p495_foilpm8	1	4	3	5	96	46	20	15	12	0
rg07_theta12p495_foilpm8	1	4	3	6	144	74	29	23	19	0
rg07_theta12p495_foilpm8	1	4	3	7	226	106	46	39	27	0
rg07_theta12p495_foilpm8	1	4	4	3	35	20	7	5	5	0
rg07_theta12p495_foilpm8	1	4	4	4	12	0	3	0	0	12
rg07_theta12p495_foilpm8	1	4	4	5	111	48	23	14	13	0
rg07_theta12p495_foilpm8	1	4	4	6	175	89	35	26	23	0
rg07_theta12p495_foilpm8	1	4	4	7	232	118	47	36	30	0
rg07_theta12p495_foilpm8	1	4	5	3	23	0	5	0	0	23
rg07_theta12p495_foilpm8	1	4	5	4	47	24	10	9	7	0
rg07_theta12p495_foilpm8	1	4	5	6	169	88	34	29	23	0
rg07_theta12p495_foilpm8	1	4	5	7	211	101	43	35	26	0
rg07_theta12p495_foilpm8	1	4	6	3	16	0	4	0	0	16
rg07_theta12p495_foilpm8	1	4	6	4	34	16	7	6	4	0
rg07_theta12p495_foilpm8	1	4	6	5	66	35	14	10	9	0
rg07_theta12p495_foilpm8	1	4	6	6	131	64	27	18	17	0
rg07_theta12p495_foilpm8	1	4	6	7	188	91	38	26	23	0
rg07_theta12p495_foilpm8	1	4	7	3	16	0	4	0	0	16
rg07_theta12p495_foilpm8	1	4	7	4	25	16	5	4	4	0
rg07_theta12p495_foilpm8	1	4	7	5	48	24	10	9	6	0
rg07_theta12p495_foilpm8	1	4	7	6	111	51	23	15	13	0
rg07_theta12p495_foilpm8	1	4	7	7	109	54	22	17	14	0
rg07_theta12p495_foilpm8	1	4	8	3	8	0	2	0	0	8
rg07_theta12p495_foilpm8	1	4	8	4	16	0	4	0	0	16
rg07_theta12p495_foilpm8	1	4	8	5	27	12	6	4	3	0
rg07_theta12p495_foilpm8	1	4	8	6	43	22	9	6	6	0
rg07_theta12p495_foilpm8	1	4	8	7	2	0	1	0	0	2
