pool	level	zfoil	ndel	rungroup	xscol	yscol	n	qa_low	fold0	fold1	fold2
validation	overall						68535	False	22815	22863	22857
validation	foil_delta	-8.0	0				2741	False	911	918	912
validation	setting	-8.0	0	rg03_theta12p490_foilpm8			1233	False	407	415	411
validation	hole	-8.0	0	rg03_theta12p490_foilpm8	0	3	21	False	7	7	7
validation	hole	-8.0	0	rg03_theta12p490_foilpm8	0	4	34	False	11	11	12
validation	hole	-8.0	0	rg03_theta12p490_foilpm8	0	5	13	False	4	5	4
validation	hole	-8.0	0	rg03_theta12p490_foilpm8	1	1	6	True	2	2	2
validation	hole	-8.0	0	rg03_theta12p490_foilpm8	1	3	34	False	11	12	11
validation	hole	-8.0	0	rg03_theta12p490_foilpm8	1	4	34	False	11	12	11
validation	hole	-8.0	0	rg03_theta12p490_foilpm8	1	5	34	False	11	11	12
validation	hole	-8.0	0	rg03_theta12p490_foilpm8	2	1	15	False	5	5	5
validation	hole	-8.0	0	rg03_theta12p490_foilpm8	2	2	32	False	11	10	11
validation	hole	-8.0	0	rg03_theta12p490_foilpm8	2	4	34	False	11	11	12
validation	hole	-8.0	0	rg03_theta12p490_foilpm8	2	5	35	False	11	12	12
validation	hole	-8.0	0	rg03_theta12p490_foilpm8	2	6	7	True	2	2	3
validation	hole	-8.0	0	rg03_theta12p490_foilpm8	3	1	17	False	6	5	6
validation	hole	-8.0	0	rg03_theta12p490_foilpm8	3	2	34	False	11	11	12
validation	hole	-8.0	0	rg03_theta12p490_foilpm8	3	3	34	False	11	11	12
validation	hole	-8.0	0	rg03_theta12p490_foilpm8	3	4	34	False	11	12	11
validation	hole	-8.0	0	rg03_theta12p490_foilpm8	3	5	34	False	12	11	11
validation	hole	-8.0	0	rg03_theta12p490_foilpm8	3	6	26	False	8	9	9
validation	hole	-8.0	0	rg03_theta12p490_foilpm8	4	1	23	False	8	8	7
validation	hole	-8.0	0	rg03_theta12p490_foilpm8	4	2	35	False	12	12	11
validation	hole	-8.0	0	rg03_theta12p490_foilpm8	4	3	35	False	12	12	11
validation	hole	-8.0	0	rg03_theta12p490_foilpm8	4	4	27	False	9	9	9
validation	hole	-8.0	0	rg03_theta12p490_foilpm8	4	5	34	False	11	11	12
validation	hole	-8.0	0	rg03_theta12p490_foilpm8	4	6	34	False	11	11	12
validation	hole	-8.0	0	rg03_theta12p490_foilpm8	5	1	14	False	5	4	5
validation	hole	-8.0	0	rg03_theta12p490_foilpm8	5	2	35	False	11	12	12
validation	hole	-8.0	0	rg03_theta12p490_foilpm8	5	3	35	False	12	12	11
validation	hole	-8.0	0	rg03_theta12p490_foilpm8	5	4	34	False	11	12	11
validation	hole	-8.0	0	rg03_theta12p490_foilpm8	5	6	34	False	12	11	11
validation	hole	-8.0	0	rg03_theta12p490_foilpm8	6	1	7	True	2	3	2
validation	hole	-8.0	0	rg03_theta12p490_foilpm8	6	2	34	False	11	12	11
validation	hole	-8.0	0	rg03_theta12p490_foilpm8	6	3	34	False	11	12	11
validation	hole	-8.0	0	rg03_theta12p490_foilpm8	6	4	34	False	12	11	11
validation	hole	-8.0	0	rg03_theta12p490_foilpm8	6	5	34	False	12	11	11
validation	hole	-8.0	0	rg03_theta12p490_foilpm8	6	6	34	False	11	11	12
validation	hole	-8.0	0	rg03_theta12p490_foilpm8	7	2	22	False	8	7	7
validation	hole	-8.0	0	rg03_theta12p490_foilpm8	7	3	34	False	11	12	11
validation	hole	-8.0	0	rg03_theta12p490_foilpm8	7	4	34	False	11	12	11
validation	hole	-8.0	0	rg03_theta12p490_foilpm8	7	5	34	False	11	12	11
validation	hole	-8.0	0	rg03_theta12p490_foilpm8	7	6	34	False	11	12	11
validation	hole	-8.0	0	rg03_theta12p490_foilpm8	8	3	12	False	4	4	4
validation	hole	-8.0	0	rg03_theta12p490_foilpm8	8	4	34	False	11	11	12
validation	hole	-8.0	0	rg03_theta12p490_foilpm8	8	5	34	False	11	12	11
validation	setting	-8.0	0	rg06_theta15p195_foilpm8			737	False	245	246	246
validation	hole	-8.0	0	rg06_theta15p195_foilpm8	0	3	20	False	7	6	7
validation	hole	-8.0	0	rg06_theta15p195_foilpm8	0	4	14	False	4	5	5
validation	hole	-8.0	0	rg06_theta15p195_foilpm8	0	5	10	False	4	3	3
validation	hole	-8.0	0	rg06_theta15p195_foilpm8	1	3	19	False	7	6	6
validation	hole	-8.0	0	rg06_theta15p195_foilpm8	1	4	27	False	9	9	9
validation	hole	-8.0	0	rg06_theta15p195_foilpm8	1	5	22	False	7	8	7
validation	hole	-8.0	0	rg06_theta15p195_foilpm8	2	1	11	False	3	4	4
validation	hole	-8.0	0	rg06_theta15p195_foilpm8	2	2	17	False	6	6	5
validation	hole	-8.0	0	rg06_theta15p195_foilpm8	2	4	27	False	9	9	9
validation	hole	-8.0	0	rg06_theta15p195_foilpm8	2	5	27	False	9	9	9
validation	hole	-8.0	0	rg06_theta15p195_foilpm8	3	2	20	False	6	7	7
validation	hole	-8.0	0	rg06_theta15p195_foilpm8	3	3	27	False	9	9	9
validation	hole	-8.0	0	rg06_theta15p195_foilpm8	3	4	27	False	9	9	9
validation	hole	-8.0	0	rg06_theta15p195_foilpm8	3	5	27	False	9	9	9
validation	hole	-8.0	0	rg06_theta15p195_foilpm8	3	6	15	False	5	5	5
validation	hole	-8.0	0	rg06_theta15p195_foilpm8	4	2	27	False	9	9	9
validation	hole	-8.0	0	rg06_theta15p195_foilpm8	4	3	27	False	9	9	9
validation	hole	-8.0	0	rg06_theta15p195_foilpm8	4	4	10	False	3	3	4
validation	hole	-8.0	0	rg06_theta15p195_foilpm8	4	5	27	False	9	9	9
validation	hole	-8.0	0	rg06_theta15p195_foilpm8	4	6	27	False	9	9	9
validation	hole	-8.0	0	rg06_theta15p195_foilpm8	5	2	18	False	6	6	6
validation	hole	-8.0	0	rg06_theta15p195_foilpm8	5	3	27	False	9	9	9
validation	hole	-8.0	0	rg06_theta15p195_foilpm8	5	4	27	False	9	9	9
validation	hole	-8.0	0	rg06_theta15p195_foilpm8	5	6	27	False	9	9	9
validation	hole	-8.0	0	rg06_theta15p195_foilpm8	6	2	14	False	4	5	5
validation	hole	-8.0	0	rg06_theta15p195_foilpm8	6	3	27	False	9	9	9
validation	hole	-8.0	0	rg06_theta15p195_foilpm8	6	4	27	False	9	9	9
validation	hole	-8.0	0	rg06_theta15p195_foilpm8	6	5	27	False	9	9	9
validation	hole	-8.0	0	rg06_theta15p195_foilpm8	6	6	27	False	9	9	9
validation	hole	-8.0	0	rg06_theta15p195_foilpm8	7	2	12	False	4	4	4
validation	hole	-8.0	0	rg06_theta15p195_foilpm8	7	4	23	False	8	8	7
validation	hole	-8.0	0	rg06_theta15p195_foilpm8	7	5	27	False	9	9	9
validation	hole	-8.0	0	rg06_theta15p195_foilpm8	7	6	26	False	9	8	9
validation	setting	-8.0	0	rg07_theta12p495_foilpm8			771	False	259	257	255
validation	hole	-8.0	0	rg07_theta12p495_foilpm8	0	2	14	False	5	5	4
validation	hole	-8.0	0	rg07_theta12p495_foilpm8	0	3	24	False	8	8	8
validation	hole	-8.0	0	rg07_theta12p495_foilpm8	0	4	24	False	8	8	8
validation	hole	-8.0	0	rg07_theta12p495_foilpm8	0	5	20	False	7	6	7
validation	hole	-8.0	0	rg07_theta12p495_foilpm8	1	2	6	True	2	2	2
validation	hole	-8.0	0	rg07_theta12p495_foilpm8	1	4	7	True	2	2	3
validation	hole	-8.0	0	rg07_theta12p495_foilpm8	1	5	10	False	3	4	3
validation	hole	-8.0	0	rg07_theta12p495_foilpm8	2	1	6	True	2	2	2
validation	hole	-8.0	0	rg07_theta12p495_foilpm8	2	2	8	True	3	3	2
validation	hole	-8.0	0	rg07_theta12p495_foilpm8	2	4	24	False	8	8	8
validation	hole	-8.0	0	rg07_theta12p495_foilpm8	2	5	24	False	8	8	8
validation	hole	-8.0	0	rg07_theta12p495_foilpm8	2	6	21	False	7	7	7
validation	hole	-8.0	0	rg07_theta12p495_foilpm8	3	1	9	True	3	3	3
validation	hole	-8.0	0	rg07_theta12p495_foilpm8	3	2	24	False	8	8	8
validation	hole	-8.0	0	rg07_theta12p495_foilpm8	3	3	24	False	8	8	8
validation	hole	-8.0	0	rg07_theta12p495_foilpm8	3	4	24	False	8	8	8
validation	hole	-8.0	0	rg07_theta12p495_foilpm8	3	5	24	False	8	8	8
validation	hole	-8.0	0	rg07_theta12p495_foilpm8	3	6	24	False	8	8	8
validation	hole	-8.0	0	rg07_theta12p495_foilpm8	4	1	8	True	3	3	2
validation	hole	-8.0	0	rg07_theta12p495_foilpm8	4	2	24	False	8	8	8
validation	hole	-8.0	0	rg07_theta12p495_foilpm8	4	3	24	False	8	8	8
validation	hole	-8.0	0	rg07_theta12p495_foilpm8	4	4	11	False	3	4	4
validation	hole	-8.0	0	rg07_theta12p495_foilpm8	4	5	24	False	8	8	8
validation	hole	-8.0	0	rg07_theta12p495_foilpm8	4	6	24	False	8	8	8
validation	hole	-8.0	0	rg07_theta12p495_foilpm8	5	2	24	False	8	8	8
validation	hole	-8.0	0	rg07_theta12p495_foilpm8	5	3	24	False	8	8	8
validation	hole	-8.0	0	rg07_theta12p495_foilpm8	5	4	24	False	8	8	8
validation	hole	-8.0	0	rg07_theta12p495_foilpm8	5	6	24	False	8	8	8
validation	hole	-8.0	0	rg07_theta12p495_foilpm8	6	2	17	False	6	6	5
validation	hole	-8.0	0	rg07_theta12p495_foilpm8	6	3	24	False	8	8	8
validation	hole	-8.0	0	rg07_theta12p495_foilpm8	6	4	24	False	8	8	8
validation	hole	-8.0	0	rg07_theta12p495_foilpm8	6	5	24	False	8	8	8
validation	hole	-8.0	0	rg07_theta12p495_foilpm8	6	6	24	False	8	8	8
validation	hole	-8.0	0	rg07_theta12p495_foilpm8	7	2	16	False	6	5	5
validation	hole	-8.0	0	rg07_theta12p495_foilpm8	7	3	23	False	8	7	8
validation	hole	-8.0	0	rg07_theta12p495_foilpm8	7	4	24	False	8	8	8
validation	hole	-8.0	0	rg07_theta12p495_foilpm8	7	5	24	False	8	8	8
validation	hole	-8.0	0	rg07_theta12p495_foilpm8	7	6	24	False	8	8	8
validation	hole	-8.0	0	rg07_theta12p495_foilpm8	8	5	19	False	7	6	6
validation	foil_delta	-8.0	1				2742	False	910	914	918
validation	setting	-8.0	1	rg03_theta12p490_foilpm8			937	False	306	310	321
validation	hole	-8.0	1	rg03_theta12p490_foilpm8	0	2	20	False	7	7	6
validation	hole	-8.0	1	rg03_theta12p490_foilpm8	0	3	20	False	7	7	6
validation	hole	-8.0	1	rg03_theta12p490_foilpm8	0	4	20	False	7	6	7
validation	hole	-8.0	1	rg03_theta12p490_foilpm8	0	5	19	False	6	6	7
validation	hole	-8.0	1	rg03_theta12p490_foilpm8	1	1	19	False	6	7	6
validation	hole	-8.0	1	rg03_theta12p490_foilpm8	1	2	20	False	7	6	7
validation	hole	-8.0	1	rg03_theta12p490_foilpm8	1	3	20	False	6	7	7
validation	hole	-8.0	1	rg03_theta12p490_foilpm8	1	4	20	False	6	7	7
validation	hole	-8.0	1	rg03_theta12p490_foilpm8	1	5	20	False	7	6	7
validation	hole	-8.0	1	rg03_theta12p490_foilpm8	1	6	12	False	4	4	4
validation	hole	-8.0	1	rg03_theta12p490_foilpm8	2	1	19	False	7	6	6
validation	hole	-8.0	1	rg03_theta12p490_foilpm8	2	2	19	False	6	6	7
validation	hole	-8.0	1	rg03_theta12p490_foilpm8	2	4	20	False	7	7	6
validation	hole	-8.0	1	rg03_theta12p490_foilpm8	2	5	20	False	7	6	7
validation	hole	-8.0	1	rg03_theta12p490_foilpm8	2	6	20	False	6	7	7
validation	hole	-8.0	1	rg03_theta12p490_foilpm8	3	1	20	False	6	7	7
validation	hole	-8.0	1	rg03_theta12p490_foilpm8	3	2	20	False	6	7	7
validation	hole	-8.0	1	rg03_theta12p490_foilpm8	3	3	20	False	6	7	7
validation	hole	-8.0	1	rg03_theta12p490_foilpm8	3	4	19	False	6	6	7
validation	hole	-8.0	1	rg03_theta12p490_foilpm8	3	5	20	False	7	7	6
validation	hole	-8.0	1	rg03_theta12p490_foilpm8	3	6	20	False	6	7	7
validation	hole	-8.0	1	rg03_theta12p490_foilpm8	4	1	20	False	6	7	7
validation	hole	-8.0	1	rg03_theta12p490_foilpm8	4	2	19	False	6	7	6
validation	hole	-8.0	1	rg03_theta12p490_foilpm8	4	3	20	False	7	6	7
validation	hole	-8.0	1	rg03_theta12p490_foilpm8	4	4	20	False	7	6	7
validation	hole	-8.0	1	rg03_theta12p490_foilpm8	4	5	19	False	6	6	7
validation	hole	-8.0	1	rg03_theta12p490_foilpm8	4	6	20	False	7	7	6
validation	hole	-8.0	1	rg03_theta12p490_foilpm8	5	1	20	False	7	6	7
validation	hole	-8.0	1	rg03_theta12p490_foilpm8	5	2	20	False	7	6	7
validation	hole	-8.0	1	rg03_theta12p490_foilpm8	5	3	20	False	6	7	7
validation	hole	-8.0	1	rg03_theta12p490_foilpm8	5	4	20	False	6	7	7
validation	hole	-8.0	1	rg03_theta12p490_foilpm8	5	6	20	False	6	7	7
validation	hole	-8.0	1	rg03_theta12p490_foilpm8	6	1	20	False	6	7	7
validation	hole	-8.0	1	rg03_theta12p490_foilpm8	6	2	20	False	6	7	7
validation	hole	-8.0	1	rg03_theta12p490_foilpm8	6	3	20	False	7	6	7
validation	hole	-8.0	1	rg03_theta12p490_foilpm8	6	4	20	False	7	6	7
validation	hole	-8.0	1	rg03_theta12p490_foilpm8	6	5	20	False	6	7	7
validation	hole	-8.0	1	rg03_theta12p490_foilpm8	6	6	20	False	7	6	7
validation	hole	-8.0	1	rg03_theta12p490_foilpm8	7	1	13	False	5	4	4
validation	hole	-8.0	1	rg03_theta12p490_foilpm8	7	2	20	False	7	6	7
validation	hole	-8.0	1	rg03_theta12p490_foilpm8	7	3	20	False	6	7	7
validation	hole	-8.0	1	rg03_theta12p490_foilpm8	7	4	20	False	6	7	7
validation	hole	-8.0	1	rg03_theta12p490_foilpm8	7	5	20	False	6	7	7
validation	hole	-8.0	1	rg03_theta12p490_foilpm8	7	6	20	False	6	7	7
validation	hole	-8.0	1	rg03_theta12p490_foilpm8	8	2	20	False	7	6	7
validation	hole	-8.0	1	rg03_theta12p490_foilpm8	8	3	20	False	7	6	7
validation	hole	-8.0	1	rg03_theta12p490_foilpm8	8	4	19	False	6	6	7
validation	hole	-8.0	1	rg03_theta12p490_foilpm8	8	5	20	False	7	7	6
validation	setting	-8.0	1	rg06_theta15p195_foilpm8			880	False	295	292	293
validation	hole	-8.0	1	rg06_theta15p195_foilpm8	0	2	19	False	6	6	7
validation	hole	-8.0	1	rg06_theta15p195_foilpm8	0	3	20	False	7	7	6
validation	hole	-8.0	1	rg06_theta15p195_foilpm8	0	4	19	False	7	6	6
validation	hole	-8.0	1	rg06_theta15p195_foilpm8	0	5	20	False	7	7	6
validation	hole	-8.0	1	rg06_theta15p195_foilpm8	1	1	15	False	5	5	5
validation	hole	-8.0	1	rg06_theta15p195_foilpm8	1	2	19	False	6	6	7
validation	hole	-8.0	1	rg06_theta15p195_foilpm8	1	3	19	False	6	7	6
validation	hole	-8.0	1	rg06_theta15p195_foilpm8	1	4	20	False	7	6	7
validation	hole	-8.0	1	rg06_theta15p195_foilpm8	1	5	20	False	6	7	7
validation	hole	-8.0	1	rg06_theta15p195_foilpm8	2	1	19	False	6	7	6
validation	hole	-8.0	1	rg06_theta15p195_foilpm8	2	2	19	False	6	6	7
validation	hole	-8.0	1	rg06_theta15p195_foilpm8	2	4	20	False	7	6	7
validation	hole	-8.0	1	rg06_theta15p195_foilpm8	2	5	20	False	7	6	7
validation	hole	-8.0	1	rg06_theta15p195_foilpm8	2	6	20	False	6	7	7
validation	hole	-8.0	1	rg06_theta15p195_foilpm8	3	1	20	False	6	7	7
validation	hole	-8.0	1	rg06_theta15p195_foilpm8	3	2	20	False	7	6	7
validation	hole	-8.0	1	rg06_theta15p195_foilpm8	3	3	19	False	7	6	6
validation	hole	-8.0	1	rg06_theta15p195_foilpm8	3	4	20	False	7	7	6
validation	hole	-8.0	1	rg06_theta15p195_foilpm8	3	5	20	False	7	6	7
validation	hole	-8.0	1	rg06_theta15p195_foilpm8	3	6	20	False	6	7	7
validation	hole	-8.0	1	rg06_theta15p195_foilpm8	4	1	15	False	5	5	5
validation	hole	-8.0	1	rg06_theta15p195_foilpm8	4	2	19	False	6	7	6
validation	hole	-8.0	1	rg06_theta15p195_foilpm8	4	3	20	False	7	7	6
validation	hole	-8.0	1	rg06_theta15p195_foilpm8	4	4	20	False	7	7	6
validation	hole	-8.0	1	rg06_theta15p195_foilpm8	4	5	20	False	7	7	6
validation	hole	-8.0	1	rg06_theta15p195_foilpm8	4	6	20	False	6	7	7
validation	hole	-8.0	1	rg06_theta15p195_foilpm8	5	1	15	False	5	5	5
validation	hole	-8.0	1	rg06_theta15p195_foilpm8	5	2	19	False	7	6	6
validation	hole	-8.0	1	rg06_theta15p195_foilpm8	5	3	20	False	6	7	7
validation	hole	-8.0	1	rg06_theta15p195_foilpm8	5	4	20	False	6	7	7
validation	hole	-8.0	1	rg06_theta15p195_foilpm8	5	6	20	False	7	7	6
validation	hole	-8.0	1	rg06_theta15p195_foilpm8	6	1	11	False	4	3	4
validation	hole	-8.0	1	rg06_theta15p195_foilpm8	6	2	19	False	6	6	7
validation	hole	-8.0	1	rg06_theta15p195_foilpm8	6	3	20	False	7	6	7
validation	hole	-8.0	1	rg06_theta15p195_foilpm8	6	4	20	False	7	7	6
validation	hole	-8.0	1	rg06_theta15p195_foilpm8	6	5	20	False	7	6	7
validation	hole	-8.0	1	rg06_theta15p195_foilpm8	6	6	20	False	7	7	6
validation	hole	-8.0	1	rg06_theta15p195_foilpm8	7	2	20	False	7	7	6
validation	hole	-8.0	1	rg06_theta15p195_foilpm8	7	3	20	False	6	7	7
validation	hole	-8.0	1	rg06_theta15p195_foilpm8	7	4	20	False	7	7	6
validation	hole	-8.0	1	rg06_theta15p195_foilpm8	7	5	20	False	7	7	6
validation	hole	-8.0	1	rg06_theta15p195_foilpm8	7	6	20	False	7	6	7
validation	hole	-8.0	1	rg06_theta15p195_foilpm8	8	2	15	False	5	5	5
validation	hole	-8.0	1	rg06_theta15p195_foilpm8	8	3	20	False	7	6	7
validation	hole	-8.0	1	rg06_theta15p195_foilpm8	8	4	19	False	6	6	7
validation	hole	-8.0	1	rg06_theta15p195_foilpm8	8	5	20	False	7	6	7
validation	setting	-8.0	1	rg07_theta12p495_foilpm8			925	False	309	312	304
validation	hole	-8.0	1	rg07_theta12p495_foilpm8	0	2	20	False	6	7	7
validation	hole	-8.0	1	rg07_theta12p495_foilpm8	0	3	20	False	7	7	6
validation	hole	-8.0	1	rg07_theta12p495_foilpm8	0	4	20	False	7	6	7
validation	hole	-8.0	1	rg07_theta12p495_foilpm8	0	5	20	False	7	7	6
validation	hole	-8.0	1	rg07_theta12p495_foilpm8	1	1	15	False	5	5	5
validation	hole	-8.0	1	rg07_theta12p495_foilpm8	1	2	20	False	7	7	6
validation	hole	-8.0	1	rg07_theta12p495_foilpm8	1	3	19	False	7	6	6
validation	hole	-8.0	1	rg07_theta12p495_foilpm8	1	4	19	False	7	6	6
validation	hole	-8.0	1	rg07_theta12p495_foilpm8	1	5	20	False	7	7	6
validation	hole	-8.0	1	rg07_theta12p495_foilpm8	1	6	8	True	3	3	2
validation	hole	-8.0	1	rg07_theta12p495_foilpm8	2	1	20	False	7	6	7
validation	hole	-8.0	1	rg07_theta12p495_foilpm8	2	2	20	False	7	7	6
validation	hole	-8.0	1	rg07_theta12p495_foilpm8	2	4	20	False	7	7	6
validation	hole	-8.0	1	rg07_theta12p495_foilpm8	2	5	20	False	6	7	7
validation	hole	-8.0	1	rg07_theta12p495_foilpm8	2	6	20	False	7	7	6
validation	hole	-8.0	1	rg07_theta12p495_foilpm8	3	1	20	False	7	7	6
validation	hole	-8.0	1	rg07_theta12p495_foilpm8	3	2	20	False	7	6	7
validation	hole	-8.0	1	rg07_theta12p495_foilpm8	3	3	20	False	6	7	7
validation	hole	-8.0	1	rg07_theta12p495_foilpm8	3	4	20	False	7	7	6
validation	hole	-8.0	1	rg07_theta12p495_foilpm8	3	5	19	False	7	6	6
validation	hole	-8.0	1	rg07_theta12p495_foilpm8	3	6	20	False	7	7	6
validation	hole	-8.0	1	rg07_theta12p495_foilpm8	4	1	20	False	7	7	6
validation	hole	-8.0	1	rg07_theta12p495_foilpm8	4	2	20	False	6	7	7
validation	hole	-8.0	1	rg07_theta12p495_foilpm8	4	3	19	False	6	7	6
validation	hole	-8.0	1	rg07_theta12p495_foilpm8	4	4	19	False	6	6	7
validation	hole	-8.0	1	rg07_theta12p495_foilpm8	4	5	20	False	7	6	7
validation	hole	-8.0	1	rg07_theta12p495_foilpm8	4	6	20	False	6	7	7
validation	hole	-8.0	1	rg07_theta12p495_foilpm8	5	1	19	False	6	6	7
validation	hole	-8.0	1	rg07_theta12p495_foilpm8	5	2	20	False	7	6	7
validation	hole	-8.0	1	rg07_theta12p495_foilpm8	5	3	20	False	7	7	6
validation	hole	-8.0	1	rg07_theta12p495_foilpm8	5	4	20	False	6	7	7
validation	hole	-8.0	1	rg07_theta12p495_foilpm8	5	6	20	False	6	7	7
validation	hole	-8.0	1	rg07_theta12p495_foilpm8	6	1	19	False	6	6	7
validation	hole	-8.0	1	rg07_theta12p495_foilpm8	6	2	19	False	7	6	6
validation	hole	-8.0	1	rg07_theta12p495_foilpm8	6	3	20	False	7	7	6
validation	hole	-8.0	1	rg07_theta12p495_foilpm8	6	4	19	False	6	6	7
validation	hole	-8.0	1	rg07_theta12p495_foilpm8	6	5	20	False	6	7	7
validation	hole	-8.0	1	rg07_theta12p495_foilpm8	6	6	20	False	7	7	6
validation	hole	-8.0	1	rg07_theta12p495_foilpm8	7	1	12	False	4	4	4
validation	hole	-8.0	1	rg07_theta12p495_foilpm8	7	2	20	False	6	7	7
validation	hole	-8.0	1	rg07_theta12p495_foilpm8	7	3	19	False	6	6	7
validation	hole	-8.0	1	rg07_theta12p495_foilpm8	7	4	20	False	6	7	7
validation	hole	-8.0	1	rg07_theta12p495_foilpm8	7	5	20	False	7	7	6
validation	hole	-8.0	1	rg07_theta12p495_foilpm8	7	6	20	False	6	7	7
validation	hole	-8.0	1	rg07_theta12p495_foilpm8	8	2	20	False	7	6	7
validation	hole	-8.0	1	rg07_theta12p495_foilpm8	8	3	20	False	6	7	7
validation	hole	-8.0	1	rg07_theta12p495_foilpm8	8	4	20	False	7	7	6
validation	hole	-8.0	1	rg07_theta12p495_foilpm8	8	5	20	False	7	7	6
validation	foil_delta	-8.0	2				2742	False	907	923	912
validation	setting	-8.0	2	rg03_theta12p490_foilpm8			932	False	309	313	310
validation	hole	-8.0	2	rg03_theta12p490_foilpm8	0	2	20	False	7	7	6
validation	hole	-8.0	2	rg03_theta12p490_foilpm8	0	3	19	False	6	6	7
validation	hole	-8.0	2	rg03_theta12p490_foilpm8	0	4	19	False	6	7	6
validation	hole	-8.0	2	rg03_theta12p490_foilpm8	0	5	19	False	7	6	6
validation	hole	-8.0	2	rg03_theta12p490_foilpm8	1	1	19	False	6	7	6
validation	hole	-8.0	2	rg03_theta12p490_foilpm8	1	2	19	False	7	6	6
validation	hole	-8.0	2	rg03_theta12p490_foilpm8	1	3	20	False	7	6	7
validation	hole	-8.0	2	rg03_theta12p490_foilpm8	1	4	19	False	6	7	6
validation	hole	-8.0	2	rg03_theta12p490_foilpm8	1	5	19	False	6	7	6
validation	hole	-8.0	2	rg03_theta12p490_foilpm8	1	6	20	False	6	7	7
validation	hole	-8.0	2	rg03_theta12p490_foilpm8	2	1	19	False	7	6	6
validation	hole	-8.0	2	rg03_theta12p490_foilpm8	2	2	20	False	7	7	6
validation	hole	-8.0	2	rg03_theta12p490_foilpm8	2	4	20	False	7	7	6
validation	hole	-8.0	2	rg03_theta12p490_foilpm8	2	5	19	False	6	6	7
validation	hole	-8.0	2	rg03_theta12p490_foilpm8	2	6	19	False	7	6	6
validation	hole	-8.0	2	rg03_theta12p490_foilpm8	3	1	19	False	7	6	6
validation	hole	-8.0	2	rg03_theta12p490_foilpm8	3	2	20	False	6	7	7
validation	hole	-8.0	2	rg03_theta12p490_foilpm8	3	3	19	False	7	6	6
validation	hole	-8.0	2	rg03_theta12p490_foilpm8	3	4	20	False	7	6	7
validation	hole	-8.0	2	rg03_theta12p490_foilpm8	3	5	19	False	6	6	7
validation	hole	-8.0	2	rg03_theta12p490_foilpm8	3	6	19	False	6	6	7
validation	hole	-8.0	2	rg03_theta12p490_foilpm8	4	1	19	False	6	7	6
validation	hole	-8.0	2	rg03_theta12p490_foilpm8	4	2	20	False	6	7	7
validation	hole	-8.0	2	rg03_theta12p490_foilpm8	4	3	19	False	6	6	7
validation	hole	-8.0	2	rg03_theta12p490_foilpm8	4	4	19	False	6	7	6
validation	hole	-8.0	2	rg03_theta12p490_foilpm8	4	5	20	False	6	7	7
validation	hole	-8.0	2	rg03_theta12p490_foilpm8	4	6	19	False	7	6	6
validation	hole	-8.0	2	rg03_theta12p490_foilpm8	5	1	20	False	7	6	7
validation	hole	-8.0	2	rg03_theta12p490_foilpm8	5	2	19	False	6	7	6
validation	hole	-8.0	2	rg03_theta12p490_foilpm8	5	3	20	False	6	7	7
validation	hole	-8.0	2	rg03_theta12p490_foilpm8	5	4	19	False	6	7	6
validation	hole	-8.0	2	rg03_theta12p490_foilpm8	5	6	19	False	6	6	7
validation	hole	-8.0	2	rg03_theta12p490_foilpm8	6	1	20	False	7	6	7
validation	hole	-8.0	2	rg03_theta12p490_foilpm8	6	2	19	False	6	7	6
validation	hole	-8.0	2	rg03_theta12p490_foilpm8	6	3	19	False	7	6	6
validation	hole	-8.0	2	rg03_theta12p490_foilpm8	6	4	20	False	6	7	7
validation	hole	-8.0	2	rg03_theta12p490_foilpm8	6	5	19	False	6	6	7
validation	hole	-8.0	2	rg03_theta12p490_foilpm8	6	6	20	False	7	7	6
validation	hole	-8.0	2	rg03_theta12p490_foilpm8	7	1	20	False	6	7	7
validation	hole	-8.0	2	rg03_theta12p490_foilpm8	7	2	19	False	6	6	7
validation	hole	-8.0	2	rg03_theta12p490_foilpm8	7	3	20	False	6	7	7
validation	hole	-8.0	2	rg03_theta12p490_foilpm8	7	4	20	False	6	7	7
validation	hole	-8.0	2	rg03_theta12p490_foilpm8	7	5	19	False	7	6	6
validation	hole	-8.0	2	rg03_theta12p490_foilpm8	7	6	19	False	7	6	6
validation	hole	-8.0	2	rg03_theta12p490_foilpm8	8	2	20	False	6	7	7
validation	hole	-8.0	2	rg03_theta12p490_foilpm8	8	3	20	False	7	7	6
validation	hole	-8.0	2	rg03_theta12p490_foilpm8	8	4	19	False	7	6	6
validation	hole	-8.0	2	rg03_theta12p490_foilpm8	8	5	20	False	7	7	6
validation	setting	-8.0	2	rg06_theta15p195_foilpm8			876	False	289	296	291
validation	hole	-8.0	2	rg06_theta15p195_foilpm8	0	2	19	False	6	6	7
validation	hole	-8.0	2	rg06_theta15p195_foilpm8	0	3	19	False	6	7	6
validation	hole	-8.0	2	rg06_theta15p195_foilpm8	0	4	19	False	6	7	6
validation	hole	-8.0	2	rg06_theta15p195_foilpm8	0	5	19	False	6	6	7
validation	hole	-8.0	2	rg06_theta15p195_foilpm8	1	1	14	False	5	5	4
validation	hole	-8.0	2	rg06_theta15p195_foilpm8	1	2	19	False	6	7	6
validation	hole	-8.0	2	rg06_theta15p195_foilpm8	1	3	20	False	6	7	7
validation	hole	-8.0	2	rg06_theta15p195_foilpm8	1	4	19	False	6	6	7
validation	hole	-8.0	2	rg06_theta15p195_foilpm8	1	5	20	False	7	6	7
validation	hole	-8.0	2	rg06_theta15p195_foilpm8	1	6	13	False	5	4	4
validation	hole	-8.0	2	rg06_theta15p195_foilpm8	2	1	10	False	3	4	3
validation	hole	-8.0	2	rg06_theta15p195_foilpm8	2	2	19	False	6	7	6
validation	hole	-8.0	2	rg06_theta15p195_foilpm8	2	4	19	False	6	7	6
validation	hole	-8.0	2	rg06_theta15p195_foilpm8	2	5	19	False	7	6	6
validation	hole	-8.0	2	rg06_theta15p195_foilpm8	2	6	20	False	6	7	7
validation	hole	-8.0	2	rg06_theta15p195_foilpm8	3	1	19	False	6	6	7
validation	hole	-8.0	2	rg06_theta15p195_foilpm8	3	2	19	False	6	7	6
validation	hole	-8.0	2	rg06_theta15p195_foilpm8	3	3	19	False	7	6	6
validation	hole	-8.0	2	rg06_theta15p195_foilpm8	3	4	20	False	6	7	7
validation	hole	-8.0	2	rg06_theta15p195_foilpm8	3	5	19	False	6	6	7
validation	hole	-8.0	2	rg06_theta15p195_foilpm8	3	6	19	False	6	6	7
validation	hole	-8.0	2	rg06_theta15p195_foilpm8	4	1	19	False	6	7	6
validation	hole	-8.0	2	rg06_theta15p195_foilpm8	4	2	19	False	7	6	6
validation	hole	-8.0	2	rg06_theta15p195_foilpm8	4	3	20	False	6	7	7
validation	hole	-8.0	2	rg06_theta15p195_foilpm8	4	4	19	False	6	7	6
validation	hole	-8.0	2	rg06_theta15p195_foilpm8	4	5	19	False	7	6	6
validation	hole	-8.0	2	rg06_theta15p195_foilpm8	4	6	20	False	6	7	7
validation	hole	-8.0	2	rg06_theta15p195_foilpm8	5	1	19	False	6	6	7
validation	hole	-8.0	2	rg06_theta15p195_foilpm8	5	2	19	False	7	6	6
validation	hole	-8.0	2	rg06_theta15p195_foilpm8	5	3	19	False	6	6	7
validation	hole	-8.0	2	rg06_theta15p195_foilpm8	5	4	20	False	7	6	7
validation	hole	-8.0	2	rg06_theta15p195_foilpm8	5	6	20	False	7	7	6
validation	hole	-8.0	2	rg06_theta15p195_foilpm8	6	1	11	False	4	3	4
validation	hole	-8.0	2	rg06_theta15p195_foilpm8	6	2	20	False	7	7	6
validation	hole	-8.0	2	rg06_theta15p195_foilpm8	6	3	19	False	6	6	7
validation	hole	-8.0	2	rg06_theta15p195_foilpm8	6	4	19	False	7	6	6
validation	hole	-8.0	2	rg06_theta15p195_foilpm8	6	5	19	False	6	7	6
validation	hole	-8.0	2	rg06_theta15p195_foilpm8	6	6	19	False	7	6	6
validation	hole	-8.0	2	rg06_theta15p195_foilpm8	7	2	19	False	6	7	6
validation	hole	-8.0	2	rg06_theta15p195_foilpm8	7	3	19	False	6	6	7
validation	hole	-8.0	2	rg06_theta15p195_foilpm8	7	4	19	False	6	7	6
validation	hole	-8.0	2	rg06_theta15p195_foilpm8	7	5	19	False	6	6	7
validation	hole	-8.0	2	rg06_theta15p195_foilpm8	7	6	20	False	7	7	6
validation	hole	-8.0	2	rg06_theta15p195_foilpm8	8	2	20	False	7	7	6
validation	hole	-8.0	2	rg06_theta15p195_foilpm8	8	3	19	False	6	7	6
validation	hole	-8.0	2	rg06_theta15p195_foilpm8	8	4	19	False	6	7	6
validation	hole	-8.0	2	rg06_theta15p195_foilpm8	8	5	19	False	7	6	6
validation	setting	-8.0	2	rg07_theta12p495_foilpm8			934	False	309	314	311
validation	hole	-8.0	2	rg07_theta12p495_foilpm8	0	2	19	False	6	7	6
validation	hole	-8.0	2	rg07_theta12p495_foilpm8	0	3	20	False	7	6	7
validation	hole	-8.0	2	rg07_theta12p495_foilpm8	0	4	20	False	6	7	7
validation	hole	-8.0	2	rg07_theta12p495_foilpm8	0	5	20	False	7	7	6
validation	hole	-8.0	2	rg07_theta12p495_foilpm8	1	1	19	False	6	7	6
validation	hole	-8.0	2	rg07_theta12p495_foilpm8	1	2	19	False	6	7	6
validation	hole	-8.0	2	rg07_theta12p495_foilpm8	1	3	19	False	6	6	7
validation	hole	-8.0	2	rg07_theta12p495_foilpm8	1	4	20	False	7	7	6
validation	hole	-8.0	2	rg07_theta12p495_foilpm8	1	5	19	False	7	6	6
validation	hole	-8.0	2	rg07_theta12p495_foilpm8	1	6	20	False	6	7	7
validation	hole	-8.0	2	rg07_theta12p495_foilpm8	2	1	20	False	6	7	7
validation	hole	-8.0	2	rg07_theta12p495_foilpm8	2	2	20	False	7	7	6
validation	hole	-8.0	2	rg07_theta12p495_foilpm8	2	4	20	False	6	7	7
validation	hole	-8.0	2	rg07_theta12p495_foilpm8	2	5	20	False	7	6	7
validation	hole	-8.0	2	rg07_theta12p495_foilpm8	2	6	20	False	6	7	7
validation	hole	-8.0	2	rg07_theta12p495_foilpm8	3	1	20	False	6	7	7
validation	hole	-8.0	2	rg07_theta12p495_foilpm8	3	2	19	False	6	7	6
validation	hole	-8.0	2	rg07_theta12p495_foilpm8	3	3	19	False	6	6	7
validation	hole	-8.0	2	rg07_theta12p495_foilpm8	3	4	19	False	6	7	6
validation	hole	-8.0	2	rg07_theta12p495_foilpm8	3	5	19	False	7	6	6
validation	hole	-8.0	2	rg07_theta12p495_foilpm8	3	6	19	False	7	6	6
validation	hole	-8.0	2	rg07_theta12p495_foilpm8	4	1	19	False	7	6	6
validation	hole	-8.0	2	rg07_theta12p495_foilpm8	4	2	20	False	7	6	7
validation	hole	-8.0	2	rg07_theta12p495_foilpm8	4	3	20	False	6	7	7
validation	hole	-8.0	2	rg07_theta12p495_foilpm8	4	4	19	False	6	7	6
validation	hole	-8.0	2	rg07_theta12p495_foilpm8	4	5	19	False	6	6	7
validation	hole	-8.0	2	rg07_theta12p495_foilpm8	4	6	19	False	6	7	6
validation	hole	-8.0	2	rg07_theta12p495_foilpm8	5	1	19	False	6	6	7
validation	hole	-8.0	2	rg07_theta12p495_foilpm8	5	2	19	False	6	6	7
validation	hole	-8.0	2	rg07_theta12p495_foilpm8	5	3	19	False	6	6	7
validation	hole	-8.0	2	rg07_theta12p495_foilpm8	5	4	20	False	7	7	6
validation	hole	-8.0	2	rg07_theta12p495_foilpm8	5	6	20	False	7	6	7
validation	hole	-8.0	2	rg07_theta12p495_foilpm8	6	1	19	False	6	7	6
validation	hole	-8.0	2	rg07_theta12p495_foilpm8	6	2	19	False	7	6	6
validation	hole	-8.0	2	rg07_theta12p495_foilpm8	6	3	19	False	7	6	6
validation	hole	-8.0	2	rg07_theta12p495_foilpm8	6	4	19	False	7	6	6
validation	hole	-8.0	2	rg07_theta12p495_foilpm8	6	5	19	False	7	6	6
validation	hole	-8.0	2	rg07_theta12p495_foilpm8	6	6	19	False	7	6	6
validation	hole	-8.0	2	rg07_theta12p495_foilpm8	7	1	20	False	6	7	7
validation	hole	-8.0	2	rg07_theta12p495_foilpm8	7	2	20	False	7	7	6
validation	hole	-8.0	2	rg07_theta12p495_foilpm8	7	3	20	False	7	6	7
validation	hole	-8.0	2	rg07_theta12p495_foilpm8	7	4	19	False	6	7	6
validation	hole	-8.0	2	rg07_theta12p495_foilpm8	7	5	20	False	6	7	7
validation	hole	-8.0	2	rg07_theta12p495_foilpm8	7	6	20	False	7	6	7
validation	hole	-8.0	2	rg07_theta12p495_foilpm8	8	2	19	False	6	7	6
validation	hole	-8.0	2	rg07_theta12p495_foilpm8	8	3	20	False	6	7	7
validation	hole	-8.0	2	rg07_theta12p495_foilpm8	8	4	20	False	6	7	7
validation	hole	-8.0	2	rg07_theta12p495_foilpm8	8	5	19	False	7	6	6
validation	foil_delta	-8.0	3				2741	False	914	913	914
validation	setting	-8.0	3	rg03_theta12p490_foilpm8			957	False	316	321	320
validation	hole	-8.0	3	rg03_theta12p490_foilpm8	0	2	21	False	7	7	7
validation	hole	-8.0	3	rg03_theta12p490_foilpm8	0	3	20	False	6	7	7
validation	hole	-8.0	3	rg03_theta12p490_foilpm8	0	4	20	False	6	7	7
validation	hole	-8.0	3	rg03_theta12p490_foilpm8	0	5	21	False	7	7	7
validation	hole	-8.0	3	rg03_theta12p490_foilpm8	1	2	20	False	7	6	7
validation	hole	-8.0	3	rg03_theta12p490_foilpm8	1	3	20	False	7	6	7
validation	hole	-8.0	3	rg03_theta12p490_foilpm8	1	4	20	False	7	6	7
validation	hole	-8.0	3	rg03_theta12p490_foilpm8	1	5	21	False	7	7	7
validation	hole	-8.0	3	rg03_theta12p490_foilpm8	1	6	20	False	6	7	7
validation	hole	-8.0	3	rg03_theta12p490_foilpm8	2	1	20	False	7	7	6
validation	hole	-8.0	3	rg03_theta12p490_foilpm8	2	2	20	False	7	6	7
validation	hole	-8.0	3	rg03_theta12p490_foilpm8	2	4	21	False	7	7	7
validation	hole	-8.0	3	rg03_theta12p490_foilpm8	2	5	20	False	7	7	6
validation	hole	-8.0	3	rg03_theta12p490_foilpm8	2	6	20	False	6	7	7
validation	hole	-8.0	3	rg03_theta12p490_foilpm8	3	1	20	False	7	7	6
validation	hole	-8.0	3	rg03_theta12p490_foilpm8	3	2	20	False	7	7	6
validation	hole	-8.0	3	rg03_theta12p490_foilpm8	3	3	21	False	7	7	7
validation	hole	-8.0	3	rg03_theta12p490_foilpm8	3	4	20	False	6	7	7
validation	hole	-8.0	3	rg03_theta12p490_foilpm8	3	5	20	False	7	7	6
validation	hole	-8.0	3	rg03_theta12p490_foilpm8	3	6	20	False	7	6	7
validation	hole	-8.0	3	rg03_theta12p490_foilpm8	4	1	20	False	6	7	7
validation	hole	-8.0	3	rg03_theta12p490_foilpm8	4	2	21	False	7	7	7
validation	hole	-8.0	3	rg03_theta12p490_foilpm8	4	3	20	False	6	7	7
validation	hole	-8.0	3	rg03_theta12p490_foilpm8	4	4	20	False	7	7	6
validation	hole	-8.0	3	rg03_theta12p490_foilpm8	4	5	20	False	7	7	6
validation	hole	-8.0	3	rg03_theta12p490_foilpm8	4	6	21	False	7	7	7
validation	hole	-8.0	3	rg03_theta12p490_foilpm8	5	1	21	False	7	7	7
validation	hole	-8.0	3	rg03_theta12p490_foilpm8	5	2	20	False	6	7	7
validation	hole	-8.0	3	rg03_theta12p490_foilpm8	5	3	20	False	6	7	7
validation	hole	-8.0	3	rg03_theta12p490_foilpm8	5	4	21	False	7	7	7
validation	hole	-8.0	3	rg03_theta12p490_foilpm8	5	6	21	False	7	7	7
validation	hole	-8.0	3	rg03_theta12p490_foilpm8	6	1	20	False	6	7	7
validation	hole	-8.0	3	rg03_theta12p490_foilpm8	6	2	20	False	7	7	6
validation	hole	-8.0	3	rg03_theta12p490_foilpm8	6	3	21	False	7	7	7
validation	hole	-8.0	3	rg03_theta12p490_foilpm8	6	4	21	False	7	7	7
validation	hole	-8.0	3	rg03_theta12p490_foilpm8	6	5	21	False	7	7	7
validation	hole	-8.0	3	rg03_theta12p490_foilpm8	6	6	21	False	7	7	7
validation	hole	-8.0	3	rg03_theta12p490_foilpm8	7	1	21	False	7	7	7
validation	hole	-8.0	3	rg03_theta12p490_foilpm8	7	2	20	False	6	7	7
validation	hole	-8.0	3	rg03_theta12p490_foilpm8	7	3	21	False	7	7	7
validation	hole	-8.0	3	rg03_theta12p490_foilpm8	7	4	20	False	7	7	6
validation	hole	-8.0	3	rg03_theta12p490_foilpm8	7	5	20	False	7	6	7
validation	hole	-8.0	3	rg03_theta12p490_foilpm8	7	6	20	False	6	7	7
validation	hole	-8.0	3	rg03_theta12p490_foilpm8	8	2	20	False	6	7	7
validation	hole	-8.0	3	rg03_theta12p490_foilpm8	8	3	20	False	7	6	7
validation	hole	-8.0	3	rg03_theta12p490_foilpm8	8	4	21	False	7	7	7
validation	hole	-8.0	3	rg03_theta12p490_foilpm8	8	5	20	False	7	6	7
validation	setting	-8.0	3	rg06_theta15p195_foilpm8			856	False	287	284	285
validation	hole	-8.0	3	rg06_theta15p195_foilpm8	0	2	12	False	4	4	4
validation	hole	-8.0	3	rg06_theta15p195_foilpm8	0	3	21	False	7	7	7
validation	hole	-8.0	3	rg06_theta15p195_foilpm8	0	4	21	False	7	7	7
validation	hole	-8.0	3	rg06_theta15p195_foilpm8	0	5	20	False	7	6	7
validation	hole	-8.0	3	rg06_theta15p195_foilpm8	1	2	20	False	7	6	7
validation	hole	-8.0	3	rg06_theta15p195_foilpm8	1	3	20	False	6	7	7
validation	hole	-8.0	3	rg06_theta15p195_foilpm8	1	4	20	False	7	7	6
validation	hole	-8.0	3	rg06_theta15p195_foilpm8	1	5	21	False	7	7	7
validation	hole	-8.0	3	rg06_theta15p195_foilpm8	1	6	21	False	7	7	7
validation	hole	-8.0	3	rg06_theta15p195_foilpm8	2	2	20	False	7	6	7
validation	hole	-8.0	3	rg06_theta15p195_foilpm8	2	4	21	False	7	7	7
validation	hole	-8.0	3	rg06_theta15p195_foilpm8	2	5	21	False	7	7	7
validation	hole	-8.0	3	rg06_theta15p195_foilpm8	2	6	21	False	7	7	7
validation	hole	-8.0	3	rg06_theta15p195_foilpm8	3	1	14	False	5	4	5
validation	hole	-8.0	3	rg06_theta15p195_foilpm8	3	2	21	False	7	7	7
validation	hole	-8.0	3	rg06_theta15p195_foilpm8	3	3	20	False	7	7	6
validation	hole	-8.0	3	rg06_theta15p195_foilpm8	3	4	20	False	7	7	6
validation	hole	-8.0	3	rg06_theta15p195_foilpm8	3	5	20	False	7	7	6
validation	hole	-8.0	3	rg06_theta15p195_foilpm8	3	6	20	False	6	7	7
validation	hole	-8.0	3	rg06_theta15p195_foilpm8	4	1	12	False	4	4	4
validation	hole	-8.0	3	rg06_theta15p195_foilpm8	4	2	20	False	6	7	7
validation	hole	-8.0	3	rg06_theta15p195_foilpm8	4	3	21	False	7	7	7
validation	hole	-8.0	3	rg06_theta15p195_foilpm8	4	4	20	False	6	7	7
validation	hole	-8.0	3	rg06_theta15p195_foilpm8	4	5	21	False	7	7	7
validation	hole	-8.0	3	rg06_theta15p195_foilpm8	4	6	21	False	7	7	7
validation	hole	-8.0	3	rg06_theta15p195_foilpm8	5	1	20	False	7	7	6
validation	hole	-8.0	3	rg06_theta15p195_foilpm8	5	2	20	False	7	7	6
validation	hole	-8.0	3	rg06_theta15p195_foilpm8	5	3	21	False	7	7	7
validation	hole	-8.0	3	rg06_theta15p195_foilpm8	5	4	21	False	7	7	7
validation	hole	-8.0	3	rg06_theta15p195_foilpm8	5	6	20	False	7	6	7
validation	hole	-8.0	3	rg06_theta15p195_foilpm8	6	2	17	False	6	5	6
validation	hole	-8.0	3	rg06_theta15p195_foilpm8	6	3	21	False	7	7	7
validation	hole	-8.0	3	rg06_theta15p195_foilpm8	6	4	21	False	7	7	7
validation	hole	-8.0	3	rg06_theta15p195_foilpm8	6	5	21	False	7	7	7
validation	hole	-8.0	3	rg06_theta15p195_foilpm8	6	6	20	False	7	6	7
validation	hole	-8.0	3	rg06_theta15p195_foilpm8	7	2	16	False	6	5	5
validation	hole	-8.0	3	rg06_theta15p195_foilpm8	7	3	21	False	7	7	7
validation	hole	-8.0	3	rg06_theta15p195_foilpm8	7	4	21	False	7	7	7
validation	hole	-8.0	3	rg06_theta15p195_foilpm8	7	5	20	False	6	7	7
validation	hole	-8.0	3	rg06_theta15p195_foilpm8	7	6	21	False	7	7	7
validation	hole	-8.0	3	rg06_theta15p195_foilpm8	8	2	10	False	3	4	3
validation	hole	-8.0	3	rg06_theta15p195_foilpm8	8	3	16	False	6	5	5
validation	hole	-8.0	3	rg06_theta15p195_foilpm8	8	4	20	False	7	6	7
validation	hole	-8.0	3	rg06_theta15p195_foilpm8	8	5	20	False	6	7	7
validation	setting	-8.0	3	rg07_theta12p495_foilpm8			928	False	311	308	309
validation	hole	-8.0	3	rg07_theta12p495_foilpm8	0	2	20	False	6	7	7
validation	hole	-8.0	3	rg07_theta12p495_foilpm8	0	3	21	False	7	7	7
validation	hole	-8.0	3	rg07_theta12p495_foilpm8	0	4	21	False	7	7	7
validation	hole	-8.0	3	rg07_theta12p495_foilpm8	0	5	20	False	6	7	7
validation	hole	-8.0	3	rg07_theta12p495_foilpm8	1	2	21	False	7	7	7
validation	hole	-8.0	3	rg07_theta12p495_foilpm8	1	3	20	False	7	6	7
validation	hole	-8.0	3	rg07_theta12p495_foilpm8	1	4	21	False	7	7	7
validation	hole	-8.0	3	rg07_theta12p495_foilpm8	1	5	20	False	6	7	7
validation	hole	-8.0	3	rg07_theta12p495_foilpm8	1	6	20	False	7	6	7
validation	hole	-8.0	3	rg07_theta12p495_foilpm8	2	2	20	False	7	7	6
validation	hole	-8.0	3	rg07_theta12p495_foilpm8	2	4	20	False	6	7	7
validation	hole	-8.0	3	rg07_theta12p495_foilpm8	2	5	21	False	7	7	7
validation	hole	-8.0	3	rg07_theta12p495_foilpm8	2	6	21	False	7	7	7
validation	hole	-8.0	3	rg07_theta12p495_foilpm8	3	1	20	False	7	6	7
validation	hole	-8.0	3	rg07_theta12p495_foilpm8	3	2	21	False	7	7	7
validation	hole	-8.0	3	rg07_theta12p495_foilpm8	3	3	21	False	7	7	7
validation	hole	-8.0	3	rg07_theta12p495_foilpm8	3	4	21	False	7	7	7
validation	hole	-8.0	3	rg07_theta12p495_foilpm8	3	5	20	False	6	7	7
validation	hole	-8.0	3	rg07_theta12p495_foilpm8	3	6	21	False	7	7	7
validation	hole	-8.0	3	rg07_theta12p495_foilpm8	4	1	21	False	7	7	7
validation	hole	-8.0	3	rg07_theta12p495_foilpm8	4	2	20	False	7	7	6
validation	hole	-8.0	3	rg07_theta12p495_foilpm8	4	3	20	False	7	6	7
validation	hole	-8.0	3	rg07_theta12p495_foilpm8	4	4	20	False	7	6	7
validation	hole	-8.0	3	rg07_theta12p495_foilpm8	4	5	21	False	7	7	7
validation	hole	-8.0	3	rg07_theta12p495_foilpm8	4	6	20	False	6	7	7
validation	hole	-8.0	3	rg07_theta12p495_foilpm8	5	1	21	False	7	7	7
validation	hole	-8.0	3	rg07_theta12p495_foilpm8	5	2	20	False	7	7	6
validation	hole	-8.0	3	rg07_theta12p495_foilpm8	5	3	21	False	7	7	7
validation	hole	-8.0	3	rg07_theta12p495_foilpm8	5	4	20	False	7	7	6
validation	hole	-8.0	3	rg07_theta12p495_foilpm8	5	6	20	False	7	7	6
validation	hole	-8.0	3	rg07_theta12p495_foilpm8	6	1	20	False	7	6	7
validation	hole	-8.0	3	rg07_theta12p495_foilpm8	6	2	20	False	7	6	7
validation	hole	-8.0	3	rg07_theta12p495_foilpm8	6	3	21	False	7	7	7
validation	hole	-8.0	3	rg07_theta12p495_foilpm8	6	4	20	False	7	6	7
validation	hole	-8.0	3	rg07_theta12p495_foilpm8	6	5	20	False	7	7	6
validation	hole	-8.0	3	rg07_theta12p495_foilpm8	6	6	21	False	7	7	7
validation	hole	-8.0	3	rg07_theta12p495_foilpm8	7	1	11	False	3	4	4
validation	hole	-8.0	3	rg07_theta12p495_foilpm8	7	2	20	False	7	6	7
validation	hole	-8.0	3	rg07_theta12p495_foilpm8	7	3	20	False	7	7	6
validation	hole	-8.0	3	rg07_theta12p495_foilpm8	7	4	20	False	6	7	7
validation	hole	-8.0	3	rg07_theta12p495_foilpm8	7	5	20	False	7	7	6
validation	hole	-8.0	3	rg07_theta12p495_foilpm8	7	6	20	False	7	6	7
validation	hole	-8.0	3	rg07_theta12p495_foilpm8	8	2	19	False	7	6	6
validation	hole	-8.0	3	rg07_theta12p495_foilpm8	8	3	20	False	7	7	6
validation	hole	-8.0	3	rg07_theta12p495_foilpm8	8	4	21	False	7	7	7
validation	hole	-8.0	3	rg07_theta12p495_foilpm8	8	5	21	False	7	7	7
validation	foil_delta	-8.0	4				2741	False	912	916	913
validation	setting	-8.0	4	rg03_theta12p490_foilpm8			1096	False	366	366	364
validation	hole	-8.0	4	rg03_theta12p490_foilpm8	0	2	24	False	8	8	8
validation	hole	-8.0	4	rg03_theta12p490_foilpm8	0	3	24	False	8	8	8
validation	hole	-8.0	4	rg03_theta12p490_foilpm8	0	4	24	False	8	8	8
validation	hole	-8.0	4	rg03_theta12p490_foilpm8	0	5	24	False	8	8	8
validation	hole	-8.0	4	rg03_theta12p490_foilpm8	1	2	24	False	8	8	8
validation	hole	-8.0	4	rg03_theta12p490_foilpm8	1	3	24	False	8	8	8
validation	hole	-8.0	4	rg03_theta12p490_foilpm8	1	4	24	False	8	8	8
validation	hole	-8.0	4	rg03_theta12p490_foilpm8	1	5	24	False	8	8	8
validation	hole	-8.0	4	rg03_theta12p490_foilpm8	1	6	25	False	9	8	8
validation	hole	-8.0	4	rg03_theta12p490_foilpm8	2	1	18	False	6	6	6
validation	hole	-8.0	4	rg03_theta12p490_foilpm8	2	2	24	False	8	8	8
validation	hole	-8.0	4	rg03_theta12p490_foilpm8	2	4	24	False	8	8	8
validation	hole	-8.0	4	rg03_theta12p490_foilpm8	2	5	24	False	8	8	8
validation	hole	-8.0	4	rg03_theta12p490_foilpm8	2	6	24	False	8	8	8
validation	hole	-8.0	4	rg03_theta12p490_foilpm8	3	1	24	False	8	8	8
validation	hole	-8.0	4	rg03_theta12p490_foilpm8	3	2	24	False	8	8	8
validation	hole	-8.0	4	rg03_theta12p490_foilpm8	3	3	24	False	8	8	8
validation	hole	-8.0	4	rg03_theta12p490_foilpm8	3	4	24	False	8	8	8
validation	hole	-8.0	4	rg03_theta12p490_foilpm8	3	5	24	False	8	8	8
validation	hole	-8.0	4	rg03_theta12p490_foilpm8	3	6	24	False	8	8	8
validation	hole	-8.0	4	rg03_theta12p490_foilpm8	4	1	24	False	8	8	8
validation	hole	-8.0	4	rg03_theta12p490_foilpm8	4	2	24	False	8	8	8
validation	hole	-8.0	4	rg03_theta12p490_foilpm8	4	3	24	False	8	8	8
validation	hole	-8.0	4	rg03_theta12p490_foilpm8	4	4	24	False	8	8	8
validation	hole	-8.0	4	rg03_theta12p490_foilpm8	4	5	24	False	8	8	8
validation	hole	-8.0	4	rg03_theta12p490_foilpm8	4	6	24	False	8	8	8
validation	hole	-8.0	4	rg03_theta12p490_foilpm8	5	1	24	False	8	8	8
validation	hole	-8.0	4	rg03_theta12p490_foilpm8	5	2	24	False	8	8	8
validation	hole	-8.0	4	rg03_theta12p490_foilpm8	5	3	24	False	8	8	8
validation	hole	-8.0	4	rg03_theta12p490_foilpm8	5	4	24	False	8	8	8
validation	hole	-8.0	4	rg03_theta12p490_foilpm8	5	6	24	False	8	8	8
validation	hole	-8.0	4	rg03_theta12p490_foilpm8	6	1	22	False	7	8	7
validation	hole	-8.0	4	rg03_theta12p490_foilpm8	6	2	24	False	8	8	8
validation	hole	-8.0	4	rg03_theta12p490_foilpm8	6	3	24	False	8	8	8
validation	hole	-8.0	4	rg03_theta12p490_foilpm8	6	4	24	False	8	8	8
validation	hole	-8.0	4	rg03_theta12p490_foilpm8	6	5	25	False	8	9	8
validation	hole	-8.0	4	rg03_theta12p490_foilpm8	6	6	24	False	8	8	8
validation	hole	-8.0	4	rg03_theta12p490_foilpm8	7	1	9	True	3	3	3
validation	hole	-8.0	4	rg03_theta12p490_foilpm8	7	2	24	False	8	8	8
validation	hole	-8.0	4	rg03_theta12p490_foilpm8	7	3	24	False	8	8	8
validation	hole	-8.0	4	rg03_theta12p490_foilpm8	7	4	24	False	8	8	8
validation	hole	-8.0	4	rg03_theta12p490_foilpm8	7	5	24	False	8	8	8
validation	hole	-8.0	4	rg03_theta12p490_foilpm8	7	6	24	False	8	8	8
validation	hole	-8.0	4	rg03_theta12p490_foilpm8	8	2	13	False	5	4	4
validation	hole	-8.0	4	rg03_theta12p490_foilpm8	8	3	24	False	8	8	8
validation	hole	-8.0	4	rg03_theta12p490_foilpm8	8	4	24	False	8	8	8
validation	hole	-8.0	4	rg03_theta12p490_foilpm8	8	5	24	False	8	8	8
validation	setting	-8.0	4	rg06_theta15p195_foilpm8			633	False	210	209	214
validation	hole	-8.0	4	rg06_theta15p195_foilpm8	0	4	18	False	6	6	6
validation	hole	-8.0	4	rg06_theta15p195_foilpm8	0	5	22	False	7	7	8
validation	hole	-8.0	4	rg06_theta15p195_foilpm8	1	4	24	False	8	8	8
validation	hole	-8.0	4	rg06_theta15p195_foilpm8	1	5	24	False	8	8	8
validation	hole	-8.0	4	rg06_theta15p195_foilpm8	1	6	24	False	8	8	8
validation	hole	-8.0	4	rg06_theta15p195_foilpm8	2	2	7	True	2	2	3
validation	hole	-8.0	4	rg06_theta15p195_foilpm8	2	4	24	False	8	8	8
validation	hole	-8.0	4	rg06_theta15p195_foilpm8	2	5	24	False	8	8	8
validation	hole	-8.0	4	rg06_theta15p195_foilpm8	2	6	24	False	8	8	8
validation	hole	-8.0	4	rg06_theta15p195_foilpm8	3	3	13	False	4	4	5
validation	hole	-8.0	4	rg06_theta15p195_foilpm8	3	4	24	False	8	8	8
validation	hole	-8.0	4	rg06_theta15p195_foilpm8	3	5	24	False	8	8	8
validation	hole	-8.0	4	rg06_theta15p195_foilpm8	3	6	24	False	8	8	8
validation	hole	-8.0	4	rg06_theta15p195_foilpm8	4	1	8	True	2	3	3
validation	hole	-8.0	4	rg06_theta15p195_foilpm8	4	2	14	False	4	5	5
validation	hole	-8.0	4	rg06_theta15p195_foilpm8	4	3	19	False	7	6	6
validation	hole	-8.0	4	rg06_theta15p195_foilpm8	4	5	24	False	8	8	8
validation	hole	-8.0	4	rg06_theta15p195_foilpm8	4	6	24	False	8	8	8
validation	hole	-8.0	4	rg06_theta15p195_foilpm8	5	3	19	False	7	6	6
validation	hole	-8.0	4	rg06_theta15p195_foilpm8	5	4	24	False	8	8	8
validation	hole	-8.0	4	rg06_theta15p195_foilpm8	5	6	25	False	8	9	8
validation	hole	-8.0	4	rg06_theta15p195_foilpm8	6	2	9	True	3	3	3
validation	hole	-8.0	4	rg06_theta15p195_foilpm8	6	3	13	False	4	4	5
validation	hole	-8.0	4	rg06_theta15p195_foilpm8	6	4	18	False	6	6	6
validation	hole	-8.0	4	rg06_theta15p195_foilpm8	6	5	24	False	8	8	8
validation	hole	-8.0	4	rg06_theta15p195_foilpm8	6	6	24	False	8	8	8
validation	hole	-8.0	4	rg06_theta15p195_foilpm8	7	3	10	False	3	3	4
validation	hole	-8.0	4	rg06_theta15p195_foilpm8	7	4	24	False	8	8	8
validation	hole	-8.0	4	rg06_theta15p195_foilpm8	7	5	24	False	8	8	8
validation	hole	-8.0	4	rg06_theta15p195_foilpm8	7	6	24	False	8	8	8
validation	hole	-8.0	4	rg06_theta15p195_foilpm8	8	4	11	False	4	3	4
validation	hole	-8.0	4	rg06_theta15p195_foilpm8	8	5	19	False	7	6	6
validation	setting	-8.0	4	rg07_theta12p495_foilpm8			1012	False	336	341	335
validation	hole	-8.0	4	rg07_theta12p495_foilpm8	0	2	9	True	3	3	3
validation	hole	-8.0	4	rg07_theta12p495_foilpm8	0	3	24	False	8	8	8
validation	hole	-8.0	4	rg07_theta12p495_foilpm8	0	4	24	False	8	8	8
validation	hole	-8.0	4	rg07_theta12p495_foilpm8	0	5	24	False	8	8	8
validation	hole	-8.0	4	rg07_theta12p495_foilpm8	1	2	17	False	5	6	6
validation	hole	-8.0	4	rg07_theta12p495_foilpm8	1	3	25	False	9	8	8
validation	hole	-8.0	4	rg07_theta12p495_foilpm8	1	4	24	False	8	8	8
validation	hole	-8.0	4	rg07_theta12p495_foilpm8	1	5	24	False	8	8	8
validation	hole	-8.0	4	rg07_theta12p495_foilpm8	1	6	24	False	8	8	8
validation	hole	-8.0	4	rg07_theta12p495_foilpm8	2	1	12	False	4	4	4
validation	hole	-8.0	4	rg07_theta12p495_foilpm8	2	2	23	False	8	8	7
validation	hole	-8.0	4	rg07_theta12p495_foilpm8	2	4	24	False	8	8	8
validation	hole	-8.0	4	rg07_theta12p495_foilpm8	2	5	24	False	8	8	8
validation	hole	-8.0	4	rg07_theta12p495_foilpm8	2	6	25	False	8	9	8
validation	hole	-8.0	4	rg07_theta12p495_foilpm8	3	1	20	False	7	7	6
validation	hole	-8.0	4	rg07_theta12p495_foilpm8	3	2	24	False	8	8	8
validation	hole	-8.0	4	rg07_theta12p495_foilpm8	3	3	24	False	8	8	8
validation	hole	-8.0	4	rg07_theta12p495_foilpm8	3	4	24	False	8	8	8
validation	hole	-8.0	4	rg07_theta12p495_foilpm8	3	5	24	False	8	8	8
validation	hole	-8.0	4	rg07_theta12p495_foilpm8	3	6	24	False	8	8	8
validation	hole	-8.0	4	rg07_theta12p495_foilpm8	4	1	21	False	7	7	7
validation	hole	-8.0	4	rg07_theta12p495_foilpm8	4	2	24	False	8	8	8
validation	hole	-8.0	4	rg07_theta12p495_foilpm8	4	3	24	False	8	8	8
validation	hole	-8.0	4	rg07_theta12p495_foilpm8	4	4	25	False	8	9	8
validation	hole	-8.0	4	rg07_theta12p495_foilpm8	4	5	24	False	8	8	8
validation	hole	-8.0	4	rg07_theta12p495_foilpm8	4	6	24	False	8	8	8
validation	hole	-8.0	4	rg07_theta12p495_foilpm8	5	1	18	False	6	6	6
validation	hole	-8.0	4	rg07_theta12p495_foilpm8	5	2	24	False	8	8	8
validation	hole	-8.0	4	rg07_theta12p495_foilpm8	5	3	24	False	8	8	8
validation	hole	-8.0	4	rg07_theta12p495_foilpm8	5	4	24	False	8	8	8
validation	hole	-8.0	4	rg07_theta12p495_foilpm8	5	6	25	False	8	9	8
validation	hole	-8.0	4	rg07_theta12p495_foilpm8	6	1	17	False	6	6	5
validation	hole	-8.0	4	rg07_theta12p495_foilpm8	6	2	24	False	8	8	8
validation	hole	-8.0	4	rg07_theta12p495_foilpm8	6	3	24	False	8	8	8
validation	hole	-8.0	4	rg07_theta12p495_foilpm8	6	4	25	False	8	8	9
validation	hole	-8.0	4	rg07_theta12p495_foilpm8	6	5	25	False	8	9	8
validation	hole	-8.0	4	rg07_theta12p495_foilpm8	6	6	24	False	8	8	8
validation	hole	-8.0	4	rg07_theta12p495_foilpm8	7	2	9	True	3	3	3
validation	hole	-8.0	4	rg07_theta12p495_foilpm8	7	3	24	False	8	8	8
validation	hole	-8.0	4	rg07_theta12p495_foilpm8	7	4	25	False	8	8	9
validation	hole	-8.0	4	rg07_theta12p495_foilpm8	7	5	25	False	9	8	8
validation	hole	-8.0	4	rg07_theta12p495_foilpm8	7	6	25	False	8	9	8
validation	hole	-8.0	4	rg07_theta12p495_foilpm8	8	3	16	False	5	5	6
validation	hole	-8.0	4	rg07_theta12p495_foilpm8	8	4	25	False	8	9	8
validation	hole	-8.0	4	rg07_theta12p495_foilpm8	8	5	24	False	8	8	8
validation	foil_delta	-3.0	0				1495	False	493	500	502
validation	setting	-3.0	0	rg04_theta15p195_foilpm3			640	False	211	212	217
validation	hole	-3.0	0	rg04_theta15p195_foilpm3	0	2	8	True	2	3	3
validation	hole	-3.0	0	rg04_theta15p195_foilpm3	0	3	16	False	5	6	5
validation	hole	-3.0	0	rg04_theta15p195_foilpm3	0	4	18	False	6	6	6
validation	hole	-3.0	0	rg04_theta15p195_foilpm3	0	5	13	False	4	5	4
validation	hole	-3.0	0	rg04_theta15p195_foilpm3	1	3	19	False	7	6	6
validation	hole	-3.0	0	rg04_theta15p195_foilpm3	1	4	22	False	7	7	8
validation	hole	-3.0	0	rg04_theta15p195_foilpm3	1	5	22	False	7	8	7
validation	hole	-3.0	0	rg04_theta15p195_foilpm3	2	2	15	False	5	5	5
validation	hole	-3.0	0	rg04_theta15p195_foilpm3	2	4	20	False	7	6	7
validation	hole	-3.0	0	rg04_theta15p195_foilpm3	2	5	18	False	6	6	6
validation	hole	-3.0	0	rg04_theta15p195_foilpm3	2	6	17	False	6	5	6
validation	hole	-3.0	0	rg04_theta15p195_foilpm3	3	2	15	False	5	5	5
validation	hole	-3.0	0	rg04_theta15p195_foilpm3	3	3	22	False	7	7	8
validation	hole	-3.0	0	rg04_theta15p195_foilpm3	3	4	22	False	8	7	7
validation	hole	-3.0	0	rg04_theta15p195_foilpm3	3	5	22	False	7	7	8
validation	hole	-3.0	0	rg04_theta15p195_foilpm3	3	6	22	False	8	7	7
validation	hole	-3.0	0	rg04_theta15p195_foilpm3	4	2	15	False	5	5	5
validation	hole	-3.0	0	rg04_theta15p195_foilpm3	4	3	22	False	7	7	8
validation	hole	-3.0	0	rg04_theta15p195_foilpm3	4	4	9	True	3	3	3
validation	hole	-3.0	0	rg04_theta15p195_foilpm3	4	5	22	False	7	8	7
validation	hole	-3.0	0	rg04_theta15p195_foilpm3	4	6	22	False	7	7	8
validation	hole	-3.0	0	rg04_theta15p195_foilpm3	5	2	22	False	7	7	8
validation	hole	-3.0	0	rg04_theta15p195_foilpm3	5	3	22	False	7	8	7
validation	hole	-3.0	0	rg04_theta15p195_foilpm3	5	4	22	False	7	8	7
validation	hole	-3.0	0	rg04_theta15p195_foilpm3	5	6	22	False	8	7	7
validation	hole	-3.0	0	rg04_theta15p195_foilpm3	6	2	7	True	2	2	3
validation	hole	-3.0	0	rg04_theta15p195_foilpm3	6	3	16	False	6	5	5
validation	hole	-3.0	0	rg04_theta15p195_foilpm3	6	4	22	False	7	8	7
validation	hole	-3.0	0	rg04_theta15p195_foilpm3	6	5	22	False	8	7	7
validation	hole	-3.0	0	rg04_theta15p195_foilpm3	6	6	22	False	7	7	8
validation	hole	-3.0	0	rg04_theta15p195_foilpm3	7	3	13	False	5	4	4
validation	hole	-3.0	0	rg04_theta15p195_foilpm3	7	4	14	False	4	5	5
validation	hole	-3.0	0	rg04_theta15p195_foilpm3	7	5	22	False	7	7	8
validation	hole	-3.0	0	rg04_theta15p195_foilpm3	7	6	22	False	7	7	8
validation	hole	-3.0	0	rg04_theta15p195_foilpm3	8	5	11	False	3	4	4
validation	setting	-3.0	0	rg05_theta12p495_foilpm3			855	False	282	288	285
validation	hole	-3.0	0	rg05_theta12p495_foilpm3	0	2	17	False	6	6	5
validation	hole	-3.0	0	rg05_theta12p495_foilpm3	0	3	16	False	5	6	5
validation	hole	-3.0	0	rg05_theta12p495_foilpm3	0	4	26	False	8	9	9
validation	hole	-3.0	0	rg05_theta12p495_foilpm3	0	5	17	False	6	6	5
validation	hole	-3.0	0	rg05_theta12p495_foilpm3	1	2	14	False	5	5	4
validation	hole	-3.0	0	rg05_theta12p495_foilpm3	1	3	26	False	8	9	9
validation	hole	-3.0	0	rg05_theta12p495_foilpm3	1	4	26	False	9	9	8
validation	hole	-3.0	0	rg05_theta12p495_foilpm3	1	5	20	False	7	7	6
validation	hole	-3.0	0	rg05_theta12p495_foilpm3	2	2	26	False	9	8	9
validation	hole	-3.0	0	rg05_theta12p495_foilpm3	2	4	26	False	8	9	9
validation	hole	-3.0	0	rg05_theta12p495_foilpm3	2	5	26	False	8	9	9
validation	hole	-3.0	0	rg05_theta12p495_foilpm3	2	6	19	False	6	7	6
validation	hole	-3.0	0	rg05_theta12p495_foilpm3	3	2	17	False	5	6	6
validation	hole	-3.0	0	rg05_theta12p495_foilpm3	3	3	26	False	8	9	9
validation	hole	-3.0	0	rg05_theta12p495_foilpm3	3	4	26	False	8	9	9
validation	hole	-3.0	0	rg05_theta12p495_foilpm3	3	5	26	False	9	9	8
validation	hole	-3.0	0	rg05_theta12p495_foilpm3	3	6	26	False	9	9	8
validation	hole	-3.0	0	rg05_theta12p495_foilpm3	4	2	26	False	8	9	9
validation	hole	-3.0	0	rg05_theta12p495_foilpm3	4	3	26	False	8	9	9
validation	hole	-3.0	0	rg05_theta12p495_foilpm3	4	4	13	False	5	4	4
validation	hole	-3.0	0	rg05_theta12p495_foilpm3	4	5	26	False	9	8	9
validation	hole	-3.0	0	rg05_theta12p495_foilpm3	4	6	26	False	8	9	9
validation	hole	-3.0	0	rg05_theta12p495_foilpm3	5	2	18	False	6	6	6
validation	hole	-3.0	0	rg05_theta12p495_foilpm3	5	3	26	False	9	8	9
validation	hole	-3.0	0	rg05_theta12p495_foilpm3	5	4	26	False	8	9	9
validation	hole	-3.0	0	rg05_theta12p495_foilpm3	5	6	26	False	8	9	9
validation	hole	-3.0	0	rg05_theta12p495_foilpm3	6	2	11	False	3	4	4
validation	hole	-3.0	0	rg05_theta12p495_foilpm3	6	3	26	False	9	9	8
validation	hole	-3.0	0	rg05_theta12p495_foilpm3	6	4	26	False	9	8	9
validation	hole	-3.0	0	rg05_theta12p495_foilpm3	6	5	26	False	9	8	9
validation	hole	-3.0	0	rg05_theta12p495_foilpm3	6	6	26	False	9	9	8
validation	hole	-3.0	0	rg05_theta12p495_foilpm3	7	2	10	False	3	3	4
validation	hole	-3.0	0	rg05_theta12p495_foilpm3	7	3	20	False	7	7	6
validation	hole	-3.0	0	rg05_theta12p495_foilpm3	7	4	23	False	8	7	8
validation	hole	-3.0	0	rg05_theta12p495_foilpm3	7	5	25	False	8	8	9
validation	hole	-3.0	0	rg05_theta12p495_foilpm3	7	6	26	False	9	8	9
validation	hole	-3.0	0	rg05_theta12p495_foilpm3	8	3	10	False	4	3	3
validation	hole	-3.0	0	rg05_theta12p495_foilpm3	8	4	13	False	5	4	4
validation	hole	-3.0	0	rg05_theta12p495_foilpm3	8	5	20	False	6	7	7
validation	foil_delta	-3.0	1				3059	False	1015	1023	1021
validation	setting	-3.0	1	rg04_theta15p195_foilpm3			1165	False	383	391	391
validation	hole	-3.0	1	rg04_theta15p195_foilpm3	0	2	11	False	4	3	4
validation	hole	-3.0	1	rg04_theta15p195_foilpm3	0	3	21	False	7	7	7
validation	hole	-3.0	1	rg04_theta15p195_foilpm3	0	4	31	False	10	11	10
validation	hole	-3.0	1	rg04_theta15p195_foilpm3	0	5	32	False	10	11	11
validation	hole	-3.0	1	rg04_theta15p195_foilpm3	1	2	19	False	6	6	7
validation	hole	-3.0	1	rg04_theta15p195_foilpm3	1	3	32	False	11	10	11
validation	hole	-3.0	1	rg04_theta15p195_foilpm3	1	4	32	False	10	11	11
validation	hole	-3.0	1	rg04_theta15p195_foilpm3	1	5	32	False	10	11	11
validation	hole	-3.0	1	rg04_theta15p195_foilpm3	1	6	19	False	7	6	6
validation	hole	-3.0	1	rg04_theta15p195_foilpm3	2	1	9	True	3	3	3
validation	hole	-3.0	1	rg04_theta15p195_foilpm3	2	2	18	False	6	6	6
validation	hole	-3.0	1	rg04_theta15p195_foilpm3	2	4	32	False	10	11	11
validation	hole	-3.0	1	rg04_theta15p195_foilpm3	2	5	32	False	11	10	11
validation	hole	-3.0	1	rg04_theta15p195_foilpm3	2	6	32	False	10	11	11
validation	hole	-3.0	1	rg04_theta15p195_foilpm3	3	2	27	False	9	9	9
validation	hole	-3.0	1	rg04_theta15p195_foilpm3	3	3	32	False	10	11	11
validation	hole	-3.0	1	rg04_theta15p195_foilpm3	3	4	32	False	10	11	11
validation	hole	-3.0	1	rg04_theta15p195_foilpm3	3	5	32	False	11	11	10
validation	hole	-3.0	1	rg04_theta15p195_foilpm3	3	6	32	False	10	11	11
validation	hole	-3.0	1	rg04_theta15p195_foilpm3	4	1	9	True	3	3	3
validation	hole	-3.0	1	rg04_theta15p195_foilpm3	4	2	30	False	10	10	10
validation	hole	-3.0	1	rg04_theta15p195_foilpm3	4	3	32	False	10	11	11
validation	hole	-3.0	1	rg04_theta15p195_foilpm3	4	4	15	False	5	5	5
validation	hole	-3.0	1	rg04_theta15p195_foilpm3	4	5	32	False	11	10	11
validation	hole	-3.0	1	rg04_theta15p195_foilpm3	4	6	32	False	10	11	11
validation	hole	-3.0	1	rg04_theta15p195_foilpm3	5	1	10	False	4	3	3
validation	hole	-3.0	1	rg04_theta15p195_foilpm3	5	2	23	False	7	8	8
validation	hole	-3.0	1	rg04_theta15p195_foilpm3	5	3	32	False	11	11	10
validation	hole	-3.0	1	rg04_theta15p195_foilpm3	5	4	32	False	10	11	11
validation	hole	-3.0	1	rg04_theta15p195_foilpm3	5	6	32	False	11	10	11
validation	hole	-3.0	1	rg04_theta15p195_foilpm3	6	2	27	False	9	9	9
validation	hole	-3.0	1	rg04_theta15p195_foilpm3	6	3	22	False	8	7	7
validation	hole	-3.0	1	rg04_theta15p195_foilpm3	6	4	32	False	11	11	10
validation	hole	-3.0	1	rg04_theta15p195_foilpm3	6	5	32	False	10	11	11
validation	hole	-3.0	1	rg04_theta15p195_foilpm3	6	6	32	False	10	11	11
validation	hole	-3.0	1	rg04_theta15p195_foilpm3	7	2	12	False	4	4	4
validation	hole	-3.0	1	rg04_theta15p195_foilpm3	7	3	28	False	9	9	10
validation	hole	-3.0	1	rg04_theta15p195_foilpm3	7	4	32	False	10	11	11
validation	hole	-3.0	1	rg04_theta15p195_foilpm3	7	5	32	False	11	11	10
validation	hole	-3.0	1	rg04_theta15p195_foilpm3	7	6	32	False	11	11	10
validation	hole	-3.0	1	rg04_theta15p195_foilpm3	8	2	16	False	5	6	5
validation	hole	-3.0	1	rg04_theta15p195_foilpm3	8	3	23	False	8	8	7
validation	hole	-3.0	1	rg04_theta15p195_foilpm3	8	4	27	False	9	9	9
validation	hole	-3.0	1	rg04_theta15p195_foilpm3	8	5	32	False	11	10	11
validation	setting	-3.0	1	rg05_theta12p495_foilpm3			1894	False	632	632	630
validation	hole	-3.0	1	rg05_theta12p495_foilpm3	0	2	23	False	7	8	8
validation	hole	-3.0	1	rg05_theta12p495_foilpm3	0	3	31	False	11	10	10
validation	hole	-3.0	1	rg05_theta12p495_foilpm3	0	4	39	False	13	13	13
validation	hole	-3.0	1	rg05_theta12p495_foilpm3	0	5	48	False	16	16	16
validation	hole	-3.0	1	rg05_theta12p495_foilpm3	1	2	24	False	8	8	8
validation	hole	-3.0	1	rg05_theta12p495_foilpm3	1	3	42	False	14	14	14
validation	hole	-3.0	1	rg05_theta12p495_foilpm3	1	4	48	False	16	16	16
validation	hole	-3.0	1	rg05_theta12p495_foilpm3	1	5	48	False	16	16	16
validation	hole	-3.0	1	rg05_theta12p495_foilpm3	1	6	37	False	13	12	12
validation	hole	-3.0	1	rg05_theta12p495_foilpm3	2	1	23	False	8	8	7
validation	hole	-3.0	1	rg05_theta12p495_foilpm3	2	2	42	False	14	14	14
validation	hole	-3.0	1	rg05_theta12p495_foilpm3	2	4	48	False	16	16	16
validation	hole	-3.0	1	rg05_theta12p495_foilpm3	2	5	48	False	16	16	16
validation	hole	-3.0	1	rg05_theta12p495_foilpm3	2	6	48	False	16	16	16
validation	hole	-3.0	1	rg05_theta12p495_foilpm3	3	1	20	False	7	7	6
validation	hole	-3.0	1	rg05_theta12p495_foilpm3	3	2	42	False	14	14	14
validation	hole	-3.0	1	rg05_theta12p495_foilpm3	3	3	48	False	16	16	16
validation	hole	-3.0	1	rg05_theta12p495_foilpm3	3	4	48	False	16	16	16
validation	hole	-3.0	1	rg05_theta12p495_foilpm3	3	5	48	False	16	16	16
validation	hole	-3.0	1	rg05_theta12p495_foilpm3	3	6	48	False	16	16	16
validation	hole	-3.0	1	rg05_theta12p495_foilpm3	4	1	32	False	11	10	11
validation	hole	-3.0	1	rg05_theta12p495_foilpm3	4	2	48	False	16	16	16
validation	hole	-3.0	1	rg05_theta12p495_foilpm3	4	3	48	False	16	16	16
validation	hole	-3.0	1	rg05_theta12p495_foilpm3	4	4	24	False	8	8	8
validation	hole	-3.0	1	rg05_theta12p495_foilpm3	4	5	48	False	16	16	16
validation	hole	-3.0	1	rg05_theta12p495_foilpm3	4	6	48	False	16	16	16
validation	hole	-3.0	1	rg05_theta12p495_foilpm3	5	1	26	False	8	9	9
validation	hole	-3.0	1	rg05_theta12p495_foilpm3	5	2	44	False	15	15	14
validation	hole	-3.0	1	rg05_theta12p495_foilpm3	5	3	48	False	16	16	16
validation	hole	-3.0	1	rg05_theta12p495_foilpm3	5	4	48	False	16	16	16
validation	hole	-3.0	1	rg05_theta12p495_foilpm3	5	6	48	False	16	16	16
validation	hole	-3.0	1	rg05_theta12p495_foilpm3	6	1	21	False	7	7	7
validation	hole	-3.0	1	rg05_theta12p495_foilpm3	6	2	48	False	16	16	16
validation	hole	-3.0	1	rg05_theta12p495_foilpm3	6	3	48	False	16	16	16
validation	hole	-3.0	1	rg05_theta12p495_foilpm3	6	4	48	False	16	16	16
validation	hole	-3.0	1	rg05_theta12p495_foilpm3	6	5	48	False	16	16	16
validation	hole	-3.0	1	rg05_theta12p495_foilpm3	6	6	48	False	16	16	16
validation	hole	-3.0	1	rg05_theta12p495_foilpm3	7	1	11	False	4	3	4
validation	hole	-3.0	1	rg05_theta12p495_foilpm3	7	2	26	False	8	9	9
validation	hole	-3.0	1	rg05_theta12p495_foilpm3	7	3	43	False	14	15	14
validation	hole	-3.0	1	rg05_theta12p495_foilpm3	7	4	48	False	16	16	16
validation	hole	-3.0	1	rg05_theta12p495_foilpm3	7	5	48	False	16	16	16
validation	hole	-3.0	1	rg05_theta12p495_foilpm3	7	6	48	False	16	16	16
validation	hole	-3.0	1	rg05_theta12p495_foilpm3	8	2	15	False	5	5	5
validation	hole	-3.0	1	rg05_theta12p495_foilpm3	8	3	33	False	11	11	11
validation	hole	-3.0	1	rg05_theta12p495_foilpm3	8	4	48	False	16	16	16
validation	hole	-3.0	1	rg05_theta12p495_foilpm3	8	5	48	False	16	16	16
validation	foil_delta	-3.0	2				3891	False	1294	1303	1294
validation	setting	-3.0	2	rg04_theta15p195_foilpm3			1427	False	473	479	475
validation	hole	-3.0	2	rg04_theta15p195_foilpm3	0	2	15	False	5	5	5
validation	hole	-3.0	2	rg04_theta15p195_foilpm3	0	3	33	False	11	11	11
validation	hole	-3.0	2	rg04_theta15p195_foilpm3	0	4	26	False	8	9	9
validation	hole	-3.0	2	rg04_theta15p195_foilpm3	0	5	37	False	12	12	13
validation	hole	-3.0	2	rg04_theta15p195_foilpm3	1	2	22	False	7	8	7
validation	hole	-3.0	2	rg04_theta15p195_foilpm3	1	3	25	False	8	9	8
validation	hole	-3.0	2	rg04_theta15p195_foilpm3	1	4	37	False	13	12	12
validation	hole	-3.0	2	rg04_theta15p195_foilpm3	1	5	37	False	13	12	12
validation	hole	-3.0	2	rg04_theta15p195_foilpm3	1	6	37	False	12	12	13
validation	hole	-3.0	2	rg04_theta15p195_foilpm3	2	1	17	False	5	6	6
validation	hole	-3.0	2	rg04_theta15p195_foilpm3	2	2	26	False	8	9	9
validation	hole	-3.0	2	rg04_theta15p195_foilpm3	2	4	37	False	12	12	13
validation	hole	-3.0	2	rg04_theta15p195_foilpm3	2	5	37	False	12	13	12
validation	hole	-3.0	2	rg04_theta15p195_foilpm3	2	6	37	False	12	12	13
validation	hole	-3.0	2	rg04_theta15p195_foilpm3	3	1	17	False	6	5	6
validation	hole	-3.0	2	rg04_theta15p195_foilpm3	3	2	32	False	11	10	11
validation	hole	-3.0	2	rg04_theta15p195_foilpm3	3	3	37	False	13	12	12
validation	hole	-3.0	2	rg04_theta15p195_foilpm3	3	4	37	False	12	12	13
validation	hole	-3.0	2	rg04_theta15p195_foilpm3	3	5	37	False	12	13	12
validation	hole	-3.0	2	rg04_theta15p195_foilpm3	3	6	37	False	13	12	12
validation	hole	-3.0	2	rg04_theta15p195_foilpm3	4	1	19	False	7	6	6
validation	hole	-3.0	2	rg04_theta15p195_foilpm3	4	2	37	False	12	13	12
validation	hole	-3.0	2	rg04_theta15p195_foilpm3	4	3	37	False	13	12	12
validation	hole	-3.0	2	rg04_theta15p195_foilpm3	4	4	18	False	6	6	6
validation	hole	-3.0	2	rg04_theta15p195_foilpm3	4	5	37	False	12	12	13
validation	hole	-3.0	2	rg04_theta15p195_foilpm3	4	6	37	False	12	12	13
validation	hole	-3.0	2	rg04_theta15p195_foilpm3	5	1	12	False	4	4	4
validation	hole	-3.0	2	rg04_theta15p195_foilpm3	5	2	33	False	11	11	11
validation	hole	-3.0	2	rg04_theta15p195_foilpm3	5	3	37	False	12	13	12
validation	hole	-3.0	2	rg04_theta15p195_foilpm3	5	4	37	False	12	13	12
validation	hole	-3.0	2	rg04_theta15p195_foilpm3	5	6	37	False	12	12	13
validation	hole	-3.0	2	rg04_theta15p195_foilpm3	6	1	13	False	5	4	4
validation	hole	-3.0	2	rg04_theta15p195_foilpm3	6	2	23	False	7	8	8
validation	hole	-3.0	2	rg04_theta15p195_foilpm3	6	3	37	False	12	13	12
validation	hole	-3.0	2	rg04_theta15p195_foilpm3	6	4	37	False	13	12	12
validation	hole	-3.0	2	rg04_theta15p195_foilpm3	6	5	37	False	13	12	12
validation	hole	-3.0	2	rg04_theta15p195_foilpm3	6	6	37	False	12	13	12
validation	hole	-3.0	2	rg04_theta15p195_foilpm3	7	2	25	False	8	9	8
validation	hole	-3.0	2	rg04_theta15p195_foilpm3	7	3	37	False	12	13	12
validation	hole	-3.0	2	rg04_theta15p195_foilpm3	7	4	37	False	13	12	12
validation	hole	-3.0	2	rg04_theta15p195_foilpm3	7	5	37	False	12	12	13
validation	hole	-3.0	2	rg04_theta15p195_foilpm3	7	6	37	False	12	13	12
validation	hole	-3.0	2	rg04_theta15p195_foilpm3	8	2	11	False	4	4	3
validation	hole	-3.0	2	rg04_theta15p195_foilpm3	8	3	28	False	9	10	9
validation	hole	-3.0	2	rg04_theta15p195_foilpm3	8	4	33	False	11	11	11
validation	hole	-3.0	2	rg04_theta15p195_foilpm3	8	5	37	False	12	13	12
validation	setting	-3.0	2	rg05_theta12p495_foilpm3			2464	False	821	824	819
validation	hole	-3.0	2	rg05_theta12p495_foilpm3	0	2	42	False	14	14	14
validation	hole	-3.0	2	rg05_theta12p495_foilpm3	0	3	53	False	18	17	18
validation	hole	-3.0	2	rg05_theta12p495_foilpm3	0	4	55	False	19	18	18
validation	hole	-3.0	2	rg05_theta12p495_foilpm3	0	5	55	False	19	18	18
validation	hole	-3.0	2	rg05_theta12p495_foilpm3	1	1	13	False	4	4	5
validation	hole	-3.0	2	rg05_theta12p495_foilpm3	1	2	53	False	18	18	17
validation	hole	-3.0	2	rg05_theta12p495_foilpm3	1	3	55	False	18	19	18
validation	hole	-3.0	2	rg05_theta12p495_foilpm3	1	4	55	False	18	18	19
validation	hole	-3.0	2	rg05_theta12p495_foilpm3	1	5	55	False	18	19	18
validation	hole	-3.0	2	rg05_theta12p495_foilpm3	1	6	55	False	18	19	18
validation	hole	-3.0	2	rg05_theta12p495_foilpm3	2	1	34	False	11	11	12
validation	hole	-3.0	2	rg05_theta12p495_foilpm3	2	2	55	False	18	18	19
validation	hole	-3.0	2	rg05_theta12p495_foilpm3	2	4	55	False	19	18	18
validation	hole	-3.0	2	rg05_theta12p495_foilpm3	2	5	55	False	18	19	18
validation	hole	-3.0	2	rg05_theta12p495_foilpm3	2	6	55	False	18	18	19
validation	hole	-3.0	2	rg05_theta12p495_foilpm3	3	1	53	False	18	18	17
validation	hole	-3.0	2	rg05_theta12p495_foilpm3	3	2	55	False	18	19	18
validation	hole	-3.0	2	rg05_theta12p495_foilpm3	3	3	55	False	18	19	18
validation	hole	-3.0	2	rg05_theta12p495_foilpm3	3	4	55	False	18	19	18
validation	hole	-3.0	2	rg05_theta12p495_foilpm3	3	5	55	False	18	19	18
validation	hole	-3.0	2	rg05_theta12p495_foilpm3	3	6	55	False	18	19	18
validation	hole	-3.0	2	rg05_theta12p495_foilpm3	4	1	46	False	15	15	16
validation	hole	-3.0	2	rg05_theta12p495_foilpm3	4	2	55	False	19	18	18
validation	hole	-3.0	2	rg05_theta12p495_foilpm3	4	3	55	False	19	18	18
validation	hole	-3.0	2	rg05_theta12p495_foilpm3	4	4	49	False	17	16	16
validation	hole	-3.0	2	rg05_theta12p495_foilpm3	4	5	55	False	18	19	18
validation	hole	-3.0	2	rg05_theta12p495_foilpm3	4	6	55	False	19	18	18
validation	hole	-3.0	2	rg05_theta12p495_foilpm3	5	1	48	False	16	16	16
validation	hole	-3.0	2	rg05_theta12p495_foilpm3	5	2	55	False	18	18	19
validation	hole	-3.0	2	rg05_theta12p495_foilpm3	5	3	55	False	18	18	19
validation	hole	-3.0	2	rg05_theta12p495_foilpm3	5	4	55	False	19	18	18
validation	hole	-3.0	2	rg05_theta12p495_foilpm3	5	6	55	False	18	19	18
validation	hole	-3.0	2	rg05_theta12p495_foilpm3	6	1	41	False	14	14	13
validation	hole	-3.0	2	rg05_theta12p495_foilpm3	6	2	55	False	18	19	18
validation	hole	-3.0	2	rg05_theta12p495_foilpm3	6	3	55	False	18	18	19
validation	hole	-3.0	2	rg05_theta12p495_foilpm3	6	4	55	False	18	18	19
validation	hole	-3.0	2	rg05_theta12p495_foilpm3	6	5	55	False	18	18	19
validation	hole	-3.0	2	rg05_theta12p495_foilpm3	6	6	55	False	19	18	18
validation	hole	-3.0	2	rg05_theta12p495_foilpm3	7	1	17	False	6	6	5
validation	hole	-3.0	2	rg05_theta12p495_foilpm3	7	2	53	False	17	18	18
validation	hole	-3.0	2	rg05_theta12p495_foilpm3	7	3	55	False	18	19	18
validation	hole	-3.0	2	rg05_theta12p495_foilpm3	7	4	55	False	19	18	18
validation	hole	-3.0	2	rg05_theta12p495_foilpm3	7	5	55	False	18	18	19
validation	hole	-3.0	2	rg05_theta12p495_foilpm3	7	6	55	False	19	18	18
validation	hole	-3.0	2	rg05_theta12p495_foilpm3	8	2	36	False	12	12	12
validation	hole	-3.0	2	rg05_theta12p495_foilpm3	8	3	55	False	18	19	18
validation	hole	-3.0	2	rg05_theta12p495_foilpm3	8	4	56	False	19	18	19
validation	hole	-3.0	2	rg05_theta12p495_foilpm3	8	5	55	False	18	19	18
validation	foil_delta	-3.0	3				3446	False	1147	1149	1150
validation	setting	-3.0	3	rg04_theta15p195_foilpm3			823	False	275	273	275
validation	hole	-3.0	3	rg04_theta15p195_foilpm3	0	3	12	False	4	4	4
validation	hole	-3.0	3	rg04_theta15p195_foilpm3	0	4	24	False	8	8	8
validation	hole	-3.0	3	rg04_theta15p195_foilpm3	0	5	24	False	8	8	8
validation	hole	-3.0	3	rg04_theta15p195_foilpm3	1	3	12	False	4	4	4
validation	hole	-3.0	3	rg04_theta15p195_foilpm3	1	4	24	False	8	8	8
validation	hole	-3.0	3	rg04_theta15p195_foilpm3	1	5	24	False	8	8	8
validation	hole	-3.0	3	rg04_theta15p195_foilpm3	1	6	24	False	8	8	8
validation	hole	-3.0	3	rg04_theta15p195_foilpm3	2	2	16	False	5	5	6
validation	hole	-3.0	3	rg04_theta15p195_foilpm3	2	4	24	False	8	8	8
validation	hole	-3.0	3	rg04_theta15p195_foilpm3	2	5	24	False	8	8	8
validation	hole	-3.0	3	rg04_theta15p195_foilpm3	2	6	24	False	8	8	8
validation	hole	-3.0	3	rg04_theta15p195_foilpm3	3	1	9	True	3	3	3
validation	hole	-3.0	3	rg04_theta15p195_foilpm3	3	2	16	False	6	5	5
validation	hole	-3.0	3	rg04_theta15p195_foilpm3	3	3	24	False	8	8	8
validation	hole	-3.0	3	rg04_theta15p195_foilpm3	3	4	24	False	8	8	8
validation	hole	-3.0	3	rg04_theta15p195_foilpm3	3	5	24	False	8	8	8
validation	hole	-3.0	3	rg04_theta15p195_foilpm3	3	6	24	False	8	8	8
validation	hole	-3.0	3	rg04_theta15p195_foilpm3	4	1	12	False	4	4	4
validation	hole	-3.0	3	rg04_theta15p195_foilpm3	4	2	21	False	7	7	7
validation	hole	-3.0	3	rg04_theta15p195_foilpm3	4	3	24	False	8	8	8
validation	hole	-3.0	3	rg04_theta15p195_foilpm3	4	4	9	True	3	3	3
validation	hole	-3.0	3	rg04_theta15p195_foilpm3	4	5	24	False	8	8	8
validation	hole	-3.0	3	rg04_theta15p195_foilpm3	4	6	24	False	8	8	8
validation	hole	-3.0	3	rg04_theta15p195_foilpm3	5	1	10	False	4	3	3
validation	hole	-3.0	3	rg04_theta15p195_foilpm3	5	2	19	False	6	7	6
validation	hole	-3.0	3	rg04_theta15p195_foilpm3	5	3	24	False	8	8	8
validation	hole	-3.0	3	rg04_theta15p195_foilpm3	5	4	24	False	8	8	8
validation	hole	-3.0	3	rg04_theta15p195_foilpm3	5	6	24	False	8	8	8
validation	hole	-3.0	3	rg04_theta15p195_foilpm3	6	2	8	True	3	2	3
validation	hole	-3.0	3	rg04_theta15p195_foilpm3	6	3	24	False	8	8	8
validation	hole	-3.0	3	rg04_theta15p195_foilpm3	6	4	24	False	8	8	8
validation	hole	-3.0	3	rg04_theta15p195_foilpm3	6	5	24	False	8	8	8
validation	hole	-3.0	3	rg04_theta15p195_foilpm3	6	6	24	False	8	8	8
validation	hole	-3.0	3	rg04_theta15p195_foilpm3	7	2	8	True	3	2	3
validation	hole	-3.0	3	rg04_theta15p195_foilpm3	7	3	12	False	4	4	4
validation	hole	-3.0	3	rg04_theta15p195_foilpm3	7	4	24	False	8	8	8
validation	hole	-3.0	3	rg04_theta15p195_foilpm3	7	5	24	False	8	8	8
validation	hole	-3.0	3	rg04_theta15p195_foilpm3	7	6	24	False	8	8	8
validation	hole	-3.0	3	rg04_theta15p195_foilpm3	8	3	14	False	4	5	5
validation	hole	-3.0	3	rg04_theta15p195_foilpm3	8	4	21	False	7	7	7
validation	hole	-3.0	3	rg04_theta15p195_foilpm3	8	5	24	False	8	8	8
validation	setting	-3.0	3	rg05_theta12p495_foilpm3			2623	False	872	876	875
validation	hole	-3.0	3	rg05_theta12p495_foilpm3	0	2	19	False	6	6	7
validation	hole	-3.0	3	rg05_theta12p495_foilpm3	0	3	50	False	16	17	17
validation	hole	-3.0	3	rg05_theta12p495_foilpm3	0	4	56	False	18	19	19
validation	hole	-3.0	3	rg05_theta12p495_foilpm3	0	5	69	False	23	23	23
validation	hole	-3.0	3	rg05_theta12p495_foilpm3	1	2	28	False	9	10	9
validation	hole	-3.0	3	rg05_theta12p495_foilpm3	1	3	58	False	19	19	20
validation	hole	-3.0	3	rg05_theta12p495_foilpm3	1	4	69	False	23	23	23
validation	hole	-3.0	3	rg05_theta12p495_foilpm3	1	5	69	False	23	23	23
validation	hole	-3.0	3	rg05_theta12p495_foilpm3	1	6	69	False	23	23	23
validation	hole	-3.0	3	rg05_theta12p495_foilpm3	2	1	22	False	8	7	7
validation	hole	-3.0	3	rg05_theta12p495_foilpm3	2	2	46	False	15	16	15
validation	hole	-3.0	3	rg05_theta12p495_foilpm3	2	4	69	False	23	23	23
validation	hole	-3.0	3	rg05_theta12p495_foilpm3	2	5	69	False	23	23	23
validation	hole	-3.0	3	rg05_theta12p495_foilpm3	2	6	69	False	23	23	23
validation	hole	-3.0	3	rg05_theta12p495_foilpm3	3	1	34	False	11	11	12
validation	hole	-3.0	3	rg05_theta12p495_foilpm3	3	2	53	False	17	18	18
validation	hole	-3.0	3	rg05_theta12p495_foilpm3	3	3	69	False	23	23	23
validation	hole	-3.0	3	rg05_theta12p495_foilpm3	3	4	69	False	23	23	23
validation	hole	-3.0	3	rg05_theta12p495_foilpm3	3	5	69	False	23	23	23
validation	hole	-3.0	3	rg05_theta12p495_foilpm3	3	6	69	False	23	23	23
validation	hole	-3.0	3	rg05_theta12p495_foilpm3	4	1	33	False	11	11	11
validation	hole	-3.0	3	rg05_theta12p495_foilpm3	4	2	66	False	22	22	22
validation	hole	-3.0	3	rg05_theta12p495_foilpm3	4	3	69	False	23	23	23
validation	hole	-3.0	3	rg05_theta12p495_foilpm3	4	4	29	False	9	10	10
validation	hole	-3.0	3	rg05_theta12p495_foilpm3	4	5	69	False	23	23	23
validation	hole	-3.0	3	rg05_theta12p495_foilpm3	4	6	69	False	23	23	23
validation	hole	-3.0	3	rg05_theta12p495_foilpm3	5	1	37	False	12	13	12
validation	hole	-3.0	3	rg05_theta12p495_foilpm3	5	2	61	False	20	21	20
validation	hole	-3.0	3	rg05_theta12p495_foilpm3	5	3	69	False	23	23	23
validation	hole	-3.0	3	rg05_theta12p495_foilpm3	5	4	69	False	23	23	23
validation	hole	-3.0	3	rg05_theta12p495_foilpm3	5	6	69	False	23	23	23
validation	hole	-3.0	3	rg05_theta12p495_foilpm3	6	1	25	False	9	8	8
validation	hole	-3.0	3	rg05_theta12p495_foilpm3	6	2	55	False	19	18	18
validation	hole	-3.0	3	rg05_theta12p495_foilpm3	6	3	69	False	23	23	23
validation	hole	-3.0	3	rg05_theta12p495_foilpm3	6	4	69	False	23	23	23
validation	hole	-3.0	3	rg05_theta12p495_foilpm3	6	5	69	False	23	23	23
validation	hole	-3.0	3	rg05_theta12p495_foilpm3	6	6	69	False	23	23	23
validation	hole	-3.0	3	rg05_theta12p495_foilpm3	7	1	16	False	6	5	5
validation	hole	-3.0	3	rg05_theta12p495_foilpm3	7	2	46	False	16	15	15
validation	hole	-3.0	3	rg05_theta12p495_foilpm3	7	3	42	False	14	14	14
validation	hole	-3.0	3	rg05_theta12p495_foilpm3	7	4	69	False	23	23	23
validation	hole	-3.0	3	rg05_theta12p495_foilpm3	7	5	69	False	23	23	23
validation	hole	-3.0	3	rg05_theta12p495_foilpm3	7	6	69	False	23	23	23
validation	hole	-3.0	3	rg05_theta12p495_foilpm3	8	2	21	False	7	7	7
validation	hole	-3.0	3	rg05_theta12p495_foilpm3	8	3	46	False	15	16	15
validation	hole	-3.0	3	rg05_theta12p495_foilpm3	8	4	55	False	18	18	19
validation	hole	-3.0	3	rg05_theta12p495_foilpm3	8	5	69	False	23	23	23
validation	foil_delta	-3.0	4				1816	False	606	604	606
validation	setting	-3.0	4	rg04_theta15p195_foilpm3			397	False	133	129	135
validation	hole	-3.0	4	rg04_theta15p195_foilpm3	0	5	9	True	3	3	3
validation	hole	-3.0	4	rg04_theta15p195_foilpm3	1	4	17	False	5	6	6
validation	hole	-3.0	4	rg04_theta15p195_foilpm3	1	5	17	False	6	6	5
validation	hole	-3.0	4	rg04_theta15p195_foilpm3	1	6	17	False	6	6	5
validation	hole	-3.0	4	rg04_theta15p195_foilpm3	2	4	17	False	6	5	6
validation	hole	-3.0	4	rg04_theta15p195_foilpm3	2	5	17	False	6	5	6
validation	hole	-3.0	4	rg04_theta15p195_foilpm3	2	6	17	False	5	6	6
validation	hole	-3.0	4	rg04_theta15p195_foilpm3	3	4	16	False	5	5	6
validation	hole	-3.0	4	rg04_theta15p195_foilpm3	3	5	17	False	6	5	6
validation	hole	-3.0	4	rg04_theta15p195_foilpm3	3	6	17	False	6	5	6
validation	hole	-3.0	4	rg04_theta15p195_foilpm3	4	2	8	True	3	3	2
validation	hole	-3.0	4	rg04_theta15p195_foilpm3	4	3	12	False	4	4	4
validation	hole	-3.0	4	rg04_theta15p195_foilpm3	4	4	10	False	3	3	4
validation	hole	-3.0	4	rg04_theta15p195_foilpm3	4	5	17	False	6	6	5
validation	hole	-3.0	4	rg04_theta15p195_foilpm3	4	6	17	False	6	5	6
validation	hole	-3.0	4	rg04_theta15p195_foilpm3	5	3	15	False	5	5	5
validation	hole	-3.0	4	rg04_theta15p195_foilpm3	5	4	17	False	6	5	6
validation	hole	-3.0	4	rg04_theta15p195_foilpm3	5	6	17	False	6	6	5
validation	hole	-3.0	4	rg04_theta15p195_foilpm3	6	3	10	False	3	3	4
validation	hole	-3.0	4	rg04_theta15p195_foilpm3	6	4	11	False	4	3	4
validation	hole	-3.0	4	rg04_theta15p195_foilpm3	6	5	17	False	5	6	6
validation	hole	-3.0	4	rg04_theta15p195_foilpm3	6	6	17	False	6	5	6
validation	hole	-3.0	4	rg04_theta15p195_foilpm3	7	4	11	False	4	4	3
validation	hole	-3.0	4	rg04_theta15p195_foilpm3	7	5	17	False	5	6	6
validation	hole	-3.0	4	rg04_theta15p195_foilpm3	7	6	17	False	6	5	6
validation	hole	-3.0	4	rg04_theta15p195_foilpm3	8	4	9	True	3	3	3
validation	hole	-3.0	4	rg04_theta15p195_foilpm3	8	5	14	False	4	5	5
validation	setting	-3.0	4	rg05_theta12p495_foilpm3			1419	False	473	475	471
validation	hole	-3.0	4	rg05_theta12p495_foilpm3	0	3	25	False	8	9	8
validation	hole	-3.0	4	rg05_theta12p495_foilpm3	0	4	36	False	12	12	12
validation	hole	-3.0	4	rg05_theta12p495_foilpm3	0	5	38	False	13	13	12
validation	hole	-3.0	4	rg05_theta12p495_foilpm3	1	2	19	False	6	7	6
validation	hole	-3.0	4	rg05_theta12p495_foilpm3	1	3	24	False	8	8	8
validation	hole	-3.0	4	rg05_theta12p495_foilpm3	1	4	38	False	13	13	12
validation	hole	-3.0	4	rg05_theta12p495_foilpm3	1	5	38	False	12	13	13
validation	hole	-3.0	4	rg05_theta12p495_foilpm3	1	6	38	False	13	12	13
validation	hole	-3.0	4	rg05_theta12p495_foilpm3	2	1	13	False	5	4	4
validation	hole	-3.0	4	rg05_theta12p495_foilpm3	2	2	27	False	9	9	9
validation	hole	-3.0	4	rg05_theta12p495_foilpm3	2	4	38	False	13	12	13
validation	hole	-3.0	4	rg05_theta12p495_foilpm3	2	5	38	False	13	13	12
validation	hole	-3.0	4	rg05_theta12p495_foilpm3	2	6	38	False	13	12	13
validation	hole	-3.0	4	rg05_theta12p495_foilpm3	3	1	21	False	7	7	7
validation	hole	-3.0	4	rg05_theta12p495_foilpm3	3	2	37	False	12	12	13
validation	hole	-3.0	4	rg05_theta12p495_foilpm3	3	3	38	False	12	13	13
validation	hole	-3.0	4	rg05_theta12p495_foilpm3	3	4	38	False	13	13	12
validation	hole	-3.0	4	rg05_theta12p495_foilpm3	3	5	38	False	12	13	13
validation	hole	-3.0	4	rg05_theta12p495_foilpm3	3	6	38	False	12	13	13
validation	hole	-3.0	4	rg05_theta12p495_foilpm3	4	1	24	False	8	8	8
validation	hole	-3.0	4	rg05_theta12p495_foilpm3	4	2	30	False	10	10	10
validation	hole	-3.0	4	rg05_theta12p495_foilpm3	4	3	38	False	13	12	13
validation	hole	-3.0	4	rg05_theta12p495_foilpm3	4	4	26	False	9	8	9
validation	hole	-3.0	4	rg05_theta12p495_foilpm3	4	5	38	False	13	13	12
validation	hole	-3.0	4	rg05_theta12p495_foilpm3	4	6	38	False	13	13	12
validation	hole	-3.0	4	rg05_theta12p495_foilpm3	5	1	17	False	6	6	5
validation	hole	-3.0	4	rg05_theta12p495_foilpm3	5	2	33	False	11	11	11
validation	hole	-3.0	4	rg05_theta12p495_foilpm3	5	3	38	False	13	13	12
validation	hole	-3.0	4	rg05_theta12p495_foilpm3	5	4	38	False	12	13	13
validation	hole	-3.0	4	rg05_theta12p495_foilpm3	5	6	38	False	12	13	13
validation	hole	-3.0	4	rg05_theta12p495_foilpm3	6	1	10	False	3	4	3
validation	hole	-3.0	4	rg05_theta12p495_foilpm3	6	2	20	False	7	6	7
validation	hole	-3.0	4	rg05_theta12p495_foilpm3	6	3	38	False	12	13	13
validation	hole	-3.0	4	rg05_theta12p495_foilpm3	6	4	38	False	13	12	13
validation	hole	-3.0	4	rg05_theta12p495_foilpm3	6	5	38	False	13	13	12
validation	hole	-3.0	4	rg05_theta12p495_foilpm3	6	6	38	False	13	12	13
validation	hole	-3.0	4	rg05_theta12p495_foilpm3	7	2	13	False	5	4	4
validation	hole	-3.0	4	rg05_theta12p495_foilpm3	7	3	38	False	12	13	13
validation	hole	-3.0	4	rg05_theta12p495_foilpm3	7	4	38	False	13	13	12
validation	hole	-3.0	4	rg05_theta12p495_foilpm3	7	5	38	False	12	13	13
validation	hole	-3.0	4	rg05_theta12p495_foilpm3	7	6	38	False	13	13	12
validation	hole	-3.0	4	rg05_theta12p495_foilpm3	8	3	18	False	6	6	6
validation	hole	-3.0	4	rg05_theta12p495_foilpm3	8	4	38	False	12	13	13
validation	hole	-3.0	4	rg05_theta12p495_foilpm3	8	5	38	False	13	12	13
validation	foil_delta	0.0	0				2741	False	914	913	914
validation	setting	0.0	0	rg01_theta12p490_foil0			1536	False	513	512	511
validation	hole	0.0	0	rg01_theta12p490_foil0	0	2	36	False	12	12	12
validation	hole	0.0	0	rg01_theta12p490_foil0	0	3	36	False	12	12	12
validation	hole	0.0	0	rg01_theta12p490_foil0	0	4	35	False	12	11	12
validation	hole	0.0	0	rg01_theta12p490_foil0	0	5	36	False	12	12	12
validation	hole	0.0	0	rg01_theta12p490_foil0	0	6	36	False	12	12	12
validation	hole	0.0	0	rg01_theta12p490_foil0	1	2	35	False	12	12	11
validation	hole	0.0	0	rg01_theta12p490_foil0	1	3	36	False	12	12	12
validation	hole	0.0	0	rg01_theta12p490_foil0	1	4	36	False	12	12	12
validation	hole	0.0	0	rg01_theta12p490_foil0	1	5	36	False	12	12	12
validation	hole	0.0	0	rg01_theta12p490_foil0	1	6	36	False	12	12	12
validation	hole	0.0	0	rg01_theta12p490_foil0	2	2	36	False	12	12	12
validation	hole	0.0	0	rg01_theta12p490_foil0	2	4	35	False	12	12	11
validation	hole	0.0	0	rg01_theta12p490_foil0	2	5	36	False	12	12	12
validation	hole	0.0	0	rg01_theta12p490_foil0	2	6	36	False	12	12	12
validation	hole	0.0	0	rg01_theta12p490_foil0	3	2	36	False	12	12	12
validation	hole	0.0	0	rg01_theta12p490_foil0	3	3	36	False	12	12	12
validation	hole	0.0	0	rg01_theta12p490_foil0	3	4	36	False	12	12	12
validation	hole	0.0	0	rg01_theta12p490_foil0	3	5	35	False	12	12	11
validation	hole	0.0	0	rg01_theta12p490_foil0	3	6	35	False	11	12	12
validation	hole	0.0	0	rg01_theta12p490_foil0	4	2	36	False	12	12	12
validation	hole	0.0	0	rg01_theta12p490_foil0	4	3	36	False	12	12	12
validation	hole	0.0	0	rg01_theta12p490_foil0	4	4	36	False	12	12	12
validation	hole	0.0	0	rg01_theta12p490_foil0	4	5	36	False	12	12	12
validation	hole	0.0	0	rg01_theta12p490_foil0	4	6	36	False	12	12	12
validation	hole	0.0	0	rg01_theta12p490_foil0	5	2	35	False	12	12	11
validation	hole	0.0	0	rg01_theta12p490_foil0	5	3	35	False	12	11	12
validation	hole	0.0	0	rg01_theta12p490_foil0	5	4	36	False	12	12	12
validation	hole	0.0	0	rg01_theta12p490_foil0	5	6	36	False	12	12	12
validation	hole	0.0	0	rg01_theta12p490_foil0	6	2	36	False	12	12	12
validation	hole	0.0	0	rg01_theta12p490_foil0	6	3	35	False	11	12	12
validation	hole	0.0	0	rg01_theta12p490_foil0	6	4	36	False	12	12	12
validation	hole	0.0	0	rg01_theta12p490_foil0	6	5	36	False	12	12	12
validation	hole	0.0	0	rg01_theta12p490_foil0	6	6	35	False	12	11	12
validation	hole	0.0	0	rg01_theta12p490_foil0	7	2	36	False	12	12	12
validation	hole	0.0	0	rg01_theta12p490_foil0	7	3	36	False	12	12	12
validation	hole	0.0	0	rg01_theta12p490_foil0	7	4	35	False	12	12	11
validation	hole	0.0	0	rg01_theta12p490_foil0	7	5	36	False	12	12	12
validation	hole	0.0	0	rg01_theta12p490_foil0	7	6	36	False	12	12	12
validation	hole	0.0	0	rg01_theta12p490_foil0	8	2	35	False	12	11	12
validation	hole	0.0	0	rg01_theta12p490_foil0	8	3	36	False	12	12	12
validation	hole	0.0	0	rg01_theta12p490_foil0	8	4	35	False	11	12	12
validation	hole	0.0	0	rg01_theta12p490_foil0	8	5	36	False	12	12	12
validation	hole	0.0	0	rg01_theta12p490_foil0	8	6	36	False	12	12	12
validation	setting	0.0	0	rg02_theta15p195_foil0			1205	False	401	401	403
validation	hole	0.0	0	rg02_theta15p195_foil0	0	2	19	False	6	6	7
validation	hole	0.0	0	rg02_theta15p195_foil0	0	3	24	False	8	8	8
validation	hole	0.0	0	rg02_theta15p195_foil0	0	4	32	False	11	10	11
validation	hole	0.0	0	rg02_theta15p195_foil0	0	5	24	False	8	8	8
validation	hole	0.0	0	rg02_theta15p195_foil0	0	6	13	False	4	4	5
validation	hole	0.0	0	rg02_theta15p195_foil0	1	2	18	False	6	6	6
validation	hole	0.0	0	rg02_theta15p195_foil0	1	3	29	False	10	10	9
validation	hole	0.0	0	rg02_theta15p195_foil0	1	4	36	False	12	12	12
validation	hole	0.0	0	rg02_theta15p195_foil0	1	5	36	False	12	12	12
validation	hole	0.0	0	rg02_theta15p195_foil0	1	6	33	False	11	11	11
validation	hole	0.0	0	rg02_theta15p195_foil0	2	2	21	False	7	7	7
validation	hole	0.0	0	rg02_theta15p195_foil0	2	4	35	False	12	11	12
validation	hole	0.0	0	rg02_theta15p195_foil0	2	5	35	False	11	12	12
validation	hole	0.0	0	rg02_theta15p195_foil0	2	6	36	False	12	12	12
validation	hole	0.0	0	rg02_theta15p195_foil0	3	2	21	False	7	7	7
validation	hole	0.0	0	rg02_theta15p195_foil0	3	3	36	False	12	12	12
validation	hole	0.0	0	rg02_theta15p195_foil0	3	4	36	False	12	12	12
validation	hole	0.0	0	rg02_theta15p195_foil0	3	5	36	False	12	12	12
validation	hole	0.0	0	rg02_theta15p195_foil0	3	6	36	False	12	12	12
validation	hole	0.0	0	rg02_theta15p195_foil0	4	2	25	False	8	9	8
validation	hole	0.0	0	rg02_theta15p195_foil0	4	3	36	False	12	12	12
validation	hole	0.0	0	rg02_theta15p195_foil0	4	4	24	False	8	8	8
validation	hole	0.0	0	rg02_theta15p195_foil0	4	5	36	False	12	12	12
validation	hole	0.0	0	rg02_theta15p195_foil0	4	6	35	False	12	11	12
validation	hole	0.0	0	rg02_theta15p195_foil0	5	2	16	False	6	5	5
validation	hole	0.0	0	rg02_theta15p195_foil0	5	3	36	False	12	12	12
validation	hole	0.0	0	rg02_theta15p195_foil0	5	4	36	False	12	12	12
validation	hole	0.0	0	rg02_theta15p195_foil0	5	6	36	False	12	12	12
validation	hole	0.0	0	rg02_theta15p195_foil0	6	2	9	True	3	3	3
validation	hole	0.0	0	rg02_theta15p195_foil0	6	3	30	False	10	10	10
validation	hole	0.0	0	rg02_theta15p195_foil0	6	4	35	False	12	12	11
validation	hole	0.0	0	rg02_theta15p195_foil0	6	5	36	False	12	12	12
validation	hole	0.0	0	rg02_theta15p195_foil0	6	6	36	False	12	12	12
validation	hole	0.0	0	rg02_theta15p195_foil0	7	3	24	False	8	8	8
validation	hole	0.0	0	rg02_theta15p195_foil0	7	4	36	False	12	12	12
validation	hole	0.0	0	rg02_theta15p195_foil0	7	5	36	False	12	12	12
validation	hole	0.0	0	rg02_theta15p195_foil0	7	6	36	False	12	12	12
validation	hole	0.0	0	rg02_theta15p195_foil0	8	3	12	False	4	4	4
validation	hole	0.0	0	rg02_theta15p195_foil0	8	4	14	False	4	5	5
validation	hole	0.0	0	rg02_theta15p195_foil0	8	5	29	False	9	10	10
validation	hole	0.0	0	rg02_theta15p195_foil0	8	6	36	False	12	12	12
validation	foil_delta	0.0	1				2742	False	914	914	914
validation	setting	0.0	1	rg01_theta12p490_foil0			1497	False	499	498	500
validation	hole	0.0	1	rg01_theta12p490_foil0	0	2	30	False	10	10	10
validation	hole	0.0	1	rg01_theta12p490_foil0	0	3	30	False	10	10	10
validation	hole	0.0	1	rg01_theta12p490_foil0	0	4	30	False	10	10	10
validation	hole	0.0	1	rg01_theta12p490_foil0	0	5	30	False	10	10	10
validation	hole	0.0	1	rg01_theta12p490_foil0	0	6	30	False	10	10	10
validation	hole	0.0	1	rg01_theta12p490_foil0	1	2	29	False	10	10	9
validation	hole	0.0	1	rg01_theta12p490_foil0	1	3	29	False	9	10	10
validation	hole	0.0	1	rg01_theta12p490_foil0	1	4	30	False	10	10	10
validation	hole	0.0	1	rg01_theta12p490_foil0	1	5	30	False	10	10	10
validation	hole	0.0	1	rg01_theta12p490_foil0	1	6	30	False	10	10	10
validation	hole	0.0	1	rg01_theta12p490_foil0	2	1	16	False	5	5	6
validation	hole	0.0	1	rg01_theta12p490_foil0	2	2	30	False	10	10	10
validation	hole	0.0	1	rg01_theta12p490_foil0	2	4	30	False	10	10	10
validation	hole	0.0	1	rg01_theta12p490_foil0	2	5	30	False	10	10	10
validation	hole	0.0	1	rg01_theta12p490_foil0	2	6	30	False	10	10	10
validation	hole	0.0	1	rg01_theta12p490_foil0	3	1	30	False	10	10	10
validation	hole	0.0	1	rg01_theta12p490_foil0	3	2	30	False	10	10	10
validation	hole	0.0	1	rg01_theta12p490_foil0	3	3	30	False	10	10	10
validation	hole	0.0	1	rg01_theta12p490_foil0	3	4	30	False	10	10	10
validation	hole	0.0	1	rg01_theta12p490_foil0	3	5	30	False	10	10	10
validation	hole	0.0	1	rg01_theta12p490_foil0	3	6	30	False	10	10	10
validation	hole	0.0	1	rg01_theta12p490_foil0	3	7	30	False	10	10	10
validation	hole	0.0	1	rg01_theta12p490_foil0	4	1	30	False	10	10	10
validation	hole	0.0	1	rg01_theta12p490_foil0	4	2	30	False	10	10	10
validation	hole	0.0	1	rg01_theta12p490_foil0	4	3	30	False	10	10	10
validation	hole	0.0	1	rg01_theta12p490_foil0	4	4	30	False	10	10	10
validation	hole	0.0	1	rg01_theta12p490_foil0	4	5	30	False	10	10	10
validation	hole	0.0	1	rg01_theta12p490_foil0	4	6	29	False	10	9	10
validation	hole	0.0	1	rg01_theta12p490_foil0	4	7	30	False	10	10	10
validation	hole	0.0	1	rg01_theta12p490_foil0	5	1	30	False	10	10	10
validation	hole	0.0	1	rg01_theta12p490_foil0	5	2	30	False	10	10	10
validation	hole	0.0	1	rg01_theta12p490_foil0	5	3	30	False	10	10	10
validation	hole	0.0	1	rg01_theta12p490_foil0	5	4	29	False	10	9	10
validation	hole	0.0	1	rg01_theta12p490_foil0	5	6	30	False	10	10	10
validation	hole	0.0	1	rg01_theta12p490_foil0	5	7	30	False	10	10	10
validation	hole	0.0	1	rg01_theta12p490_foil0	6	1	16	False	5	5	6
validation	hole	0.0	1	rg01_theta12p490_foil0	6	2	30	False	10	10	10
validation	hole	0.0	1	rg01_theta12p490_foil0	6	3	30	False	10	10	10
validation	hole	0.0	1	rg01_theta12p490_foil0	6	4	30	False	10	10	10
validation	hole	0.0	1	rg01_theta12p490_foil0	6	5	30	False	10	10	10
validation	hole	0.0	1	rg01_theta12p490_foil0	6	6	29	False	10	10	9
validation	hole	0.0	1	rg01_theta12p490_foil0	7	2	30	False	10	10	10
validation	hole	0.0	1	rg01_theta12p490_foil0	7	3	30	False	10	10	10
validation	hole	0.0	1	rg01_theta12p490_foil0	7	4	30	False	10	10	10
validation	hole	0.0	1	rg01_theta12p490_foil0	7	5	30	False	10	10	10
validation	hole	0.0	1	rg01_theta12p490_foil0	7	6	30	False	10	10	10
validation	hole	0.0	1	rg01_theta12p490_foil0	8	2	30	False	10	10	10
validation	hole	0.0	1	rg01_theta12p490_foil0	8	3	30	False	10	10	10
validation	hole	0.0	1	rg01_theta12p490_foil0	8	4	30	False	10	10	10
validation	hole	0.0	1	rg01_theta12p490_foil0	8	5	30	False	10	10	10
validation	hole	0.0	1	rg01_theta12p490_foil0	8	6	30	False	10	10	10
validation	setting	0.0	1	rg02_theta15p195_foil0			1245	False	415	416	414
validation	hole	0.0	1	rg02_theta15p195_foil0	0	2	23	False	8	8	7
validation	hole	0.0	1	rg02_theta15p195_foil0	0	3	30	False	10	10	10
validation	hole	0.0	1	rg02_theta15p195_foil0	0	4	30	False	10	10	10
validation	hole	0.0	1	rg02_theta15p195_foil0	0	5	30	False	10	10	10
validation	hole	0.0	1	rg02_theta15p195_foil0	0	6	29	False	10	10	9
validation	hole	0.0	1	rg02_theta15p195_foil0	1	2	30	False	10	10	10
validation	hole	0.0	1	rg02_theta15p195_foil0	1	3	30	False	10	10	10
validation	hole	0.0	1	rg02_theta15p195_foil0	1	4	30	False	10	10	10
validation	hole	0.0	1	rg02_theta15p195_foil0	1	5	30	False	10	10	10
validation	hole	0.0	1	rg02_theta15p195_foil0	1	6	30	False	10	10	10
validation	hole	0.0	1	rg02_theta15p195_foil0	2	2	30	False	10	10	10
validation	hole	0.0	1	rg02_theta15p195_foil0	2	4	30	False	10	10	10
validation	hole	0.0	1	rg02_theta15p195_foil0	2	5	29	False	10	9	10
validation	hole	0.0	1	rg02_theta15p195_foil0	2	6	30	False	10	10	10
validation	hole	0.0	1	rg02_theta15p195_foil0	3	2	30	False	10	10	10
validation	hole	0.0	1	rg02_theta15p195_foil0	3	3	30	False	10	10	10
validation	hole	0.0	1	rg02_theta15p195_foil0	3	4	30	False	10	10	10
validation	hole	0.0	1	rg02_theta15p195_foil0	3	5	30	False	10	10	10
validation	hole	0.0	1	rg02_theta15p195_foil0	3	6	30	False	10	10	10
validation	hole	0.0	1	rg02_theta15p195_foil0	4	2	30	False	10	10	10
validation	hole	0.0	1	rg02_theta15p195_foil0	4	3	29	False	9	10	10
validation	hole	0.0	1	rg02_theta15p195_foil0	4	4	29	False	10	10	9
validation	hole	0.0	1	rg02_theta15p195_foil0	4	5	30	False	10	10	10
validation	hole	0.0	1	rg02_theta15p195_foil0	4	6	30	False	10	10	10
validation	hole	0.0	1	rg02_theta15p195_foil0	5	2	30	False	10	10	10
validation	hole	0.0	1	rg02_theta15p195_foil0	5	3	30	False	10	10	10
validation	hole	0.0	1	rg02_theta15p195_foil0	5	4	30	False	10	10	10
validation	hole	0.0	1	rg02_theta15p195_foil0	5	6	30	False	10	10	10
validation	hole	0.0	1	rg02_theta15p195_foil0	6	2	27	False	9	9	9
validation	hole	0.0	1	rg02_theta15p195_foil0	6	3	30	False	10	10	10
validation	hole	0.0	1	rg02_theta15p195_foil0	6	4	30	False	10	10	10
validation	hole	0.0	1	rg02_theta15p195_foil0	6	5	30	False	10	10	10
validation	hole	0.0	1	rg02_theta15p195_foil0	6	6	30	False	10	10	10
validation	hole	0.0	1	rg02_theta15p195_foil0	7	2	24	False	8	8	8
validation	hole	0.0	1	rg02_theta15p195_foil0	7	3	30	False	10	10	10
validation	hole	0.0	1	rg02_theta15p195_foil0	7	4	30	False	10	10	10
validation	hole	0.0	1	rg02_theta15p195_foil0	7	5	30	False	10	10	10
validation	hole	0.0	1	rg02_theta15p195_foil0	7	6	30	False	10	10	10
validation	hole	0.0	1	rg02_theta15p195_foil0	8	2	11	False	3	4	4
validation	hole	0.0	1	rg02_theta15p195_foil0	8	3	24	False	8	8	8
validation	hole	0.0	1	rg02_theta15p195_foil0	8	4	30	False	10	10	10
validation	hole	0.0	1	rg02_theta15p195_foil0	8	5	30	False	10	10	10
validation	hole	0.0	1	rg02_theta15p195_foil0	8	6	30	False	10	10	10
validation	foil_delta	0.0	2				2742	False	915	913	914
validation	setting	0.0	2	rg01_theta12p490_foil0			1432	False	477	477	478
validation	hole	0.0	2	rg01_theta12p490_foil0	0	2	27	False	9	9	9
validation	hole	0.0	2	rg01_theta12p490_foil0	0	3	27	False	9	9	9
validation	hole	0.0	2	rg01_theta12p490_foil0	0	4	27	False	9	9	9
validation	hole	0.0	2	rg01_theta12p490_foil0	0	5	27	False	9	9	9
validation	hole	0.0	2	rg01_theta12p490_foil0	0	6	27	False	9	9	9
validation	hole	0.0	2	rg01_theta12p490_foil0	1	2	27	False	9	9	9
validation	hole	0.0	2	rg01_theta12p490_foil0	1	3	27	False	9	9	9
validation	hole	0.0	2	rg01_theta12p490_foil0	1	4	27	False	9	9	9
validation	hole	0.0	2	rg01_theta12p490_foil0	1	5	27	False	9	9	9
validation	hole	0.0	2	rg01_theta12p490_foil0	1	6	27	False	9	9	9
validation	hole	0.0	2	rg01_theta12p490_foil0	2	1	27	False	9	9	9
validation	hole	0.0	2	rg01_theta12p490_foil0	2	2	27	False	9	9	9
validation	hole	0.0	2	rg01_theta12p490_foil0	2	4	27	False	9	9	9
validation	hole	0.0	2	rg01_theta12p490_foil0	2	5	27	False	9	9	9
validation	hole	0.0	2	rg01_theta12p490_foil0	2	6	27	False	9	9	9
validation	hole	0.0	2	rg01_theta12p490_foil0	2	7	27	False	9	9	9
validation	hole	0.0	2	rg01_theta12p490_foil0	3	1	27	False	9	9	9
validation	hole	0.0	2	rg01_theta12p490_foil0	3	2	27	False	9	9	9
validation	hole	0.0	2	rg01_theta12p490_foil0	3	3	27	False	9	9	9
validation	hole	0.0	2	rg01_theta12p490_foil0	3	4	27	False	9	9	9
validation	hole	0.0	2	rg01_theta12p490_foil0	3	5	27	False	9	9	9
validation	hole	0.0	2	rg01_theta12p490_foil0	3	6	27	False	9	9	9
validation	hole	0.0	2	rg01_theta12p490_foil0	3	7	27	False	9	9	9
validation	hole	0.0	2	rg01_theta12p490_foil0	4	1	27	False	9	9	9
validation	hole	0.0	2	rg01_theta12p490_foil0	4	2	27	False	9	9	9
validation	hole	0.0	2	rg01_theta12p490_foil0	4	3	27	False	9	9	9
validation	hole	0.0	2	rg01_theta12p490_foil0	4	4	27	False	9	9	9
validation	hole	0.0	2	rg01_theta12p490_foil0	4	5	27	False	9	9	9
validation	hole	0.0	2	rg01_theta12p490_foil0	4	6	27	False	9	9	9
validation	hole	0.0	2	rg01_theta12p490_foil0	4	7	27	False	9	9	9
validation	hole	0.0	2	rg01_theta12p490_foil0	5	1	27	False	9	9	9
validation	hole	0.0	2	rg01_theta12p490_foil0	5	2	27	False	9	9	9
validation	hole	0.0	2	rg01_theta12p490_foil0	5	3	27	False	9	9	9
validation	hole	0.0	2	rg01_theta12p490_foil0	5	4	27	False	9	9	9
validation	hole	0.0	2	rg01_theta12p490_foil0	5	6	27	False	9	9	9
validation	hole	0.0	2	rg01_theta12p490_foil0	5	7	27	False	9	9	9
validation	hole	0.0	2	rg01_theta12p490_foil0	6	1	27	False	9	9	9
validation	hole	0.0	2	rg01_theta12p490_foil0	6	2	27	False	9	9	9
validation	hole	0.0	2	rg01_theta12p490_foil0	6	3	28	False	9	9	10
validation	hole	0.0	2	rg01_theta12p490_foil0	6	4	27	False	9	9	9
validation	hole	0.0	2	rg01_theta12p490_foil0	6	5	27	False	9	9	9
validation	hole	0.0	2	rg01_theta12p490_foil0	6	6	27	False	9	9	9
validation	hole	0.0	2	rg01_theta12p490_foil0	6	7	27	False	9	9	9
validation	hole	0.0	2	rg01_theta12p490_foil0	7	2	27	False	9	9	9
validation	hole	0.0	2	rg01_theta12p490_foil0	7	3	27	False	9	9	9
validation	hole	0.0	2	rg01_theta12p490_foil0	7	4	27	False	9	9	9
validation	hole	0.0	2	rg01_theta12p490_foil0	7	5	27	False	9	9	9
validation	hole	0.0	2	rg01_theta12p490_foil0	7	6	27	False	9	9	9
validation	hole	0.0	2	rg01_theta12p490_foil0	8	2	27	False	9	9	9
validation	hole	0.0	2	rg01_theta12p490_foil0	8	3	27	False	9	9	9
validation	hole	0.0	2	rg01_theta12p490_foil0	8	4	27	False	9	9	9
validation	hole	0.0	2	rg01_theta12p490_foil0	8	5	27	False	9	9	9
validation	hole	0.0	2	rg01_theta12p490_foil0	8	6	27	False	9	9	9
validation	setting	0.0	2	rg02_theta15p195_foil0			1310	False	438	436	436
validation	hole	0.0	2	rg02_theta15p195_foil0	0	2	16	False	6	5	5
validation	hole	0.0	2	rg02_theta15p195_foil0	0	3	27	False	9	9	9
validation	hole	0.0	2	rg02_theta15p195_foil0	0	4	27	False	9	9	9
validation	hole	0.0	2	rg02_theta15p195_foil0	0	5	27	False	9	9	9
validation	hole	0.0	2	rg02_theta15p195_foil0	0	6	27	False	9	9	9
validation	hole	0.0	2	rg02_theta15p195_foil0	1	2	27	False	9	9	9
validation	hole	0.0	2	rg02_theta15p195_foil0	1	3	27	False	9	9	9
validation	hole	0.0	2	rg02_theta15p195_foil0	1	4	28	False	9	9	10
validation	hole	0.0	2	rg02_theta15p195_foil0	1	5	27	False	9	9	9
validation	hole	0.0	2	rg02_theta15p195_foil0	1	6	27	False	9	9	9
validation	hole	0.0	2	rg02_theta15p195_foil0	2	2	27	False	9	9	9
validation	hole	0.0	2	rg02_theta15p195_foil0	2	4	27	False	9	9	9
validation	hole	0.0	2	rg02_theta15p195_foil0	2	5	27	False	9	9	9
validation	hole	0.0	2	rg02_theta15p195_foil0	2	6	27	False	9	9	9
validation	hole	0.0	2	rg02_theta15p195_foil0	2	7	15	False	5	5	5
validation	hole	0.0	2	rg02_theta15p195_foil0	3	1	11	False	4	3	4
validation	hole	0.0	2	rg02_theta15p195_foil0	3	2	27	False	9	9	9
validation	hole	0.0	2	rg02_theta15p195_foil0	3	3	27	False	9	9	9
validation	hole	0.0	2	rg02_theta15p195_foil0	3	4	27	False	9	9	9
validation	hole	0.0	2	rg02_theta15p195_foil0	3	5	27	False	9	9	9
validation	hole	0.0	2	rg02_theta15p195_foil0	3	6	27	False	9	9	9
validation	hole	0.0	2	rg02_theta15p195_foil0	3	7	27	False	9	9	9
validation	hole	0.0	2	rg02_theta15p195_foil0	4	1	15	False	5	5	5
validation	hole	0.0	2	rg02_theta15p195_foil0	4	2	27	False	9	9	9
validation	hole	0.0	2	rg02_theta15p195_foil0	4	3	27	False	9	9	9
validation	hole	0.0	2	rg02_theta15p195_foil0	4	4	27	False	9	9	9
validation	hole	0.0	2	rg02_theta15p195_foil0	4	5	27	False	9	9	9
validation	hole	0.0	2	rg02_theta15p195_foil0	4	6	27	False	9	9	9
validation	hole	0.0	2	rg02_theta15p195_foil0	4	7	27	False	9	9	9
validation	hole	0.0	2	rg02_theta15p195_foil0	5	1	16	False	6	5	5
validation	hole	0.0	2	rg02_theta15p195_foil0	5	2	27	False	9	9	9
validation	hole	0.0	2	rg02_theta15p195_foil0	5	3	27	False	9	9	9
validation	hole	0.0	2	rg02_theta15p195_foil0	5	4	27	False	9	9	9
validation	hole	0.0	2	rg02_theta15p195_foil0	5	6	27	False	9	9	9
validation	hole	0.0	2	rg02_theta15p195_foil0	5	7	27	False	9	9	9
validation	hole	0.0	2	rg02_theta15p195_foil0	6	1	15	False	5	5	5
validation	hole	0.0	2	rg02_theta15p195_foil0	6	2	28	False	10	9	9
validation	hole	0.0	2	rg02_theta15p195_foil0	6	3	27	False	9	9	9
validation	hole	0.0	2	rg02_theta15p195_foil0	6	4	28	False	9	9	10
validation	hole	0.0	2	rg02_theta15p195_foil0	6	5	27	False	9	9	9
validation	hole	0.0	2	rg02_theta15p195_foil0	6	6	27	False	9	9	9
validation	hole	0.0	2	rg02_theta15p195_foil0	6	7	7	True	2	3	2
validation	hole	0.0	2	rg02_theta15p195_foil0	7	2	27	False	9	9	9
validation	hole	0.0	2	rg02_theta15p195_foil0	7	3	28	False	9	10	9
validation	hole	0.0	2	rg02_theta15p195_foil0	7	4	27	False	9	9	9
validation	hole	0.0	2	rg02_theta15p195_foil0	7	5	27	False	9	9	9
validation	hole	0.0	2	rg02_theta15p195_foil0	7	6	27	False	9	9	9
validation	hole	0.0	2	rg02_theta15p195_foil0	8	2	23	False	8	8	7
validation	hole	0.0	2	rg02_theta15p195_foil0	8	3	27	False	9	9	9
validation	hole	0.0	2	rg02_theta15p195_foil0	8	4	27	False	9	9	9
validation	hole	0.0	2	rg02_theta15p195_foil0	8	5	27	False	9	9	9
validation	hole	0.0	2	rg02_theta15p195_foil0	8	6	27	False	9	9	9
validation	foil_delta	0.0	3				2741	False	907	910	924
validation	setting	0.0	3	rg01_theta12p490_foil0			1512	False	498	503	511
validation	hole	0.0	3	rg01_theta12p490_foil0	0	2	28	False	9	9	10
validation	hole	0.0	3	rg01_theta12p490_foil0	0	3	28	False	9	10	9
validation	hole	0.0	3	rg01_theta12p490_foil0	0	4	29	False	9	10	10
validation	hole	0.0	3	rg01_theta12p490_foil0	0	5	29	False	10	10	9
validation	hole	0.0	3	rg01_theta12p490_foil0	0	6	29	False	10	9	10
validation	hole	0.0	3	rg01_theta12p490_foil0	1	2	29	False	10	9	10
validation	hole	0.0	3	rg01_theta12p490_foil0	1	3	29	False	9	10	10
validation	hole	0.0	3	rg01_theta12p490_foil0	1	4	28	False	9	9	10
validation	hole	0.0	3	rg01_theta12p490_foil0	1	5	28	False	9	9	10
validation	hole	0.0	3	rg01_theta12p490_foil0	1	6	29	False	10	9	10
validation	hole	0.0	3	rg01_theta12p490_foil0	2	1	28	False	9	9	10
validation	hole	0.0	3	rg01_theta12p490_foil0	2	2	28	False	10	9	9
validation	hole	0.0	3	rg01_theta12p490_foil0	2	4	29	False	9	10	10
validation	hole	0.0	3	rg01_theta12p490_foil0	2	5	29	False	9	10	10
validation	hole	0.0	3	rg01_theta12p490_foil0	2	6	29	False	10	10	9
validation	hole	0.0	3	rg01_theta12p490_foil0	2	7	28	False	10	9	9
validation	hole	0.0	3	rg01_theta12p490_foil0	3	1	29	False	10	9	10
validation	hole	0.0	3	rg01_theta12p490_foil0	3	2	28	False	9	9	10
validation	hole	0.0	3	rg01_theta12p490_foil0	3	3	29	False	9	10	10
validation	hole	0.0	3	rg01_theta12p490_foil0	3	4	29	False	10	10	9
validation	hole	0.0	3	rg01_theta12p490_foil0	3	5	28	False	9	10	9
validation	hole	0.0	3	rg01_theta12p490_foil0	3	6	28	False	9	9	10
validation	hole	0.0	3	rg01_theta12p490_foil0	3	7	28	False	9	9	10
validation	hole	0.0	3	rg01_theta12p490_foil0	4	1	29	False	10	10	9
validation	hole	0.0	3	rg01_theta12p490_foil0	4	2	29	False	10	9	10
validation	hole	0.0	3	rg01_theta12p490_foil0	4	3	29	False	9	10	10
validation	hole	0.0	3	rg01_theta12p490_foil0	4	4	28	False	9	9	10
validation	hole	0.0	3	rg01_theta12p490_foil0	4	5	28	False	10	9	9
validation	hole	0.0	3	rg01_theta12p490_foil0	4	6	29	False	10	10	9
validation	hole	0.0	3	rg01_theta12p490_foil0	4	7	29	False	10	10	9
validation	hole	0.0	3	rg01_theta12p490_foil0	5	1	28	False	9	10	9
validation	hole	0.0	3	rg01_theta12p490_foil0	5	2	29	False	10	10	9
validation	hole	0.0	3	rg01_theta12p490_foil0	5	3	29	False	9	10	10
validation	hole	0.0	3	rg01_theta12p490_foil0	5	4	29	False	10	9	10
validation	hole	0.0	3	rg01_theta12p490_foil0	5	6	29	False	10	10	9
validation	hole	0.0	3	rg01_theta12p490_foil0	5	7	29	False	10	9	10
validation	hole	0.0	3	rg01_theta12p490_foil0	6	1	28	False	9	9	10
validation	hole	0.0	3	rg01_theta12p490_foil0	6	2	28	False	9	9	10
validation	hole	0.0	3	rg01_theta12p490_foil0	6	3	29	False	9	10	10
validation	hole	0.0	3	rg01_theta12p490_foil0	6	4	28	False	10	9	9
validation	hole	0.0	3	rg01_theta12p490_foil0	6	5	28	False	9	10	9
validation	hole	0.0	3	rg01_theta12p490_foil0	6	6	28	False	9	9	10
validation	hole	0.0	3	rg01_theta12p490_foil0	6	7	28	False	9	9	10
validation	hole	0.0	3	rg01_theta12p490_foil0	7	2	28	False	9	10	9
validation	hole	0.0	3	rg01_theta12p490_foil0	7	3	29	False	9	10	10
validation	hole	0.0	3	rg01_theta12p490_foil0	7	4	29	False	9	10	10
validation	hole	0.0	3	rg01_theta12p490_foil0	7	5	28	False	10	9	9
validation	hole	0.0	3	rg01_theta12p490_foil0	7	6	29	False	9	10	10
validation	hole	0.0	3	rg01_theta12p490_foil0	8	2	29	False	9	10	10
validation	hole	0.0	3	rg01_theta12p490_foil0	8	3	28	False	9	9	10
validation	hole	0.0	3	rg01_theta12p490_foil0	8	4	28	False	10	9	9
validation	hole	0.0	3	rg01_theta12p490_foil0	8	5	28	False	9	9	10
validation	hole	0.0	3	rg01_theta12p490_foil0	8	6	29	False	9	10	10
validation	setting	0.0	3	rg02_theta15p195_foil0			1229	False	409	407	413
validation	hole	0.0	3	rg02_theta15p195_foil0	0	3	21	False	7	7	7
validation	hole	0.0	3	rg02_theta15p195_foil0	0	4	29	False	9	10	10
validation	hole	0.0	3	rg02_theta15p195_foil0	0	5	29	False	9	10	10
validation	hole	0.0	3	rg02_theta15p195_foil0	0	6	7	True	2	2	3
validation	hole	0.0	3	rg02_theta15p195_foil0	1	2	14	False	4	5	5
validation	hole	0.0	3	rg02_theta15p195_foil0	1	3	28	False	9	9	10
validation	hole	0.0	3	rg02_theta15p195_foil0	1	4	28	False	9	9	10
validation	hole	0.0	3	rg02_theta15p195_foil0	1	5	29	False	10	9	10
validation	hole	0.0	3	rg02_theta15p195_foil0	1	6	28	False	10	9	9
validation	hole	0.0	3	rg02_theta15p195_foil0	2	2	23	False	8	7	8
validation	hole	0.0	3	rg02_theta15p195_foil0	2	4	29	False	10	9	10
validation	hole	0.0	3	rg02_theta15p195_foil0	2	5	28	False	9	9	10
validation	hole	0.0	3	rg02_theta15p195_foil0	2	6	28	False	9	10	9
validation	hole	0.0	3	rg02_theta15p195_foil0	2	7	29	False	10	10	9
validation	hole	0.0	3	rg02_theta15p195_foil0	3	1	12	False	4	4	4
validation	hole	0.0	3	rg02_theta15p195_foil0	3	2	28	False	9	10	9
validation	hole	0.0	3	rg02_theta15p195_foil0	3	3	29	False	9	10	10
validation	hole	0.0	3	rg02_theta15p195_foil0	3	4	29	False	10	9	10
validation	hole	0.0	3	rg02_theta15p195_foil0	3	5	29	False	10	10	9
validation	hole	0.0	3	rg02_theta15p195_foil0	3	6	28	False	9	9	10
validation	hole	0.0	3	rg02_theta15p195_foil0	3	7	28	False	10	9	9
validation	hole	0.0	3	rg02_theta15p195_foil0	4	1	14	False	4	5	5
validation	hole	0.0	3	rg02_theta15p195_foil0	4	2	27	False	9	9	9
validation	hole	0.0	3	rg02_theta15p195_foil0	4	3	28	False	10	9	9
validation	hole	0.0	3	rg02_theta15p195_foil0	4	4	27	False	9	9	9
validation	hole	0.0	3	rg02_theta15p195_foil0	4	5	28	False	9	10	9
validation	hole	0.0	3	rg02_theta15p195_foil0	4	6	29	False	10	10	9
validation	hole	0.0	3	rg02_theta15p195_foil0	4	7	29	False	10	9	10
validation	hole	0.0	3	rg02_theta15p195_foil0	5	2	28	False	10	9	9
validation	hole	0.0	3	rg02_theta15p195_foil0	5	3	28	False	10	9	9
validation	hole	0.0	3	rg02_theta15p195_foil0	5	4	28	False	10	9	9
validation	hole	0.0	3	rg02_theta15p195_foil0	5	6	28	False	10	9	9
validation	hole	0.0	3	rg02_theta15p195_foil0	5	7	28	False	9	10	9
validation	hole	0.0	3	rg02_theta15p195_foil0	6	2	15	False	5	5	5
validation	hole	0.0	3	rg02_theta15p195_foil0	6	3	29	False	10	10	9
validation	hole	0.0	3	rg02_theta15p195_foil0	6	4	28	False	9	9	10
validation	hole	0.0	3	rg02_theta15p195_foil0	6	5	28	False	9	9	10
validation	hole	0.0	3	rg02_theta15p195_foil0	6	6	29	False	10	9	10
validation	hole	0.0	3	rg02_theta15p195_foil0	6	7	28	False	9	10	9
validation	hole	0.0	3	rg02_theta15p195_foil0	7	2	21	False	7	7	7
validation	hole	0.0	3	rg02_theta15p195_foil0	7	3	23	False	8	7	8
validation	hole	0.0	3	rg02_theta15p195_foil0	7	4	28	False	9	9	10
validation	hole	0.0	3	rg02_theta15p195_foil0	7	5	28	False	9	9	10
validation	hole	0.0	3	rg02_theta15p195_foil0	7	6	29	False	9	10	10
validation	hole	0.0	3	rg02_theta15p195_foil0	8	3	18	False	6	6	6
validation	hole	0.0	3	rg02_theta15p195_foil0	8	4	28	False	9	9	10
validation	hole	0.0	3	rg02_theta15p195_foil0	8	5	29	False	10	10	9
validation	hole	0.0	3	rg02_theta15p195_foil0	8	6	13	False	4	5	4
validation	foil_delta	0.0	4				2741	False	921	915	905
validation	setting	0.0	4	rg01_theta12p490_foil0			1955	False	659	653	643
validation	hole	0.0	4	rg01_theta12p490_foil0	0	2	35	False	12	11	12
validation	hole	0.0	4	rg01_theta12p490_foil0	0	3	38	False	13	13	12
validation	hole	0.0	4	rg01_theta12p490_foil0	0	4	38	False	13	13	12
validation	hole	0.0	4	rg01_theta12p490_foil0	0	5	38	False	13	13	12
validation	hole	0.0	4	rg01_theta12p490_foil0	0	6	13	False	5	4	4
validation	hole	0.0	4	rg01_theta12p490_foil0	1	2	38	False	13	13	12
validation	hole	0.0	4	rg01_theta12p490_foil0	1	3	38	False	13	13	12
validation	hole	0.0	4	rg01_theta12p490_foil0	1	4	38	False	13	12	13
validation	hole	0.0	4	rg01_theta12p490_foil0	1	5	38	False	13	12	13
validation	hole	0.0	4	rg01_theta12p490_foil0	1	6	38	False	13	13	12
validation	hole	0.0	4	rg01_theta12p490_foil0	2	1	38	False	13	13	12
validation	hole	0.0	4	rg01_theta12p490_foil0	2	2	39	False	13	13	13
validation	hole	0.0	4	rg01_theta12p490_foil0	2	4	39	False	13	13	13
validation	hole	0.0	4	rg01_theta12p490_foil0	2	5	38	False	13	12	13
validation	hole	0.0	4	rg01_theta12p490_foil0	2	6	38	False	13	13	12
validation	hole	0.0	4	rg01_theta12p490_foil0	2	7	38	False	12	13	13
validation	hole	0.0	4	rg01_theta12p490_foil0	3	1	38	False	13	12	13
validation	hole	0.0	4	rg01_theta12p490_foil0	3	2	38	False	13	12	13
validation	hole	0.0	4	rg01_theta12p490_foil0	3	3	38	False	13	13	12
validation	hole	0.0	4	rg01_theta12p490_foil0	3	4	38	False	13	12	13
validation	hole	0.0	4	rg01_theta12p490_foil0	3	5	38	False	12	13	13
validation	hole	0.0	4	rg01_theta12p490_foil0	3	6	39	False	13	13	13
validation	hole	0.0	4	rg01_theta12p490_foil0	3	7	38	False	13	13	12
validation	hole	0.0	4	rg01_theta12p490_foil0	4	1	38	False	13	12	13
validation	hole	0.0	4	rg01_theta12p490_foil0	4	2	38	False	13	13	12
validation	hole	0.0	4	rg01_theta12p490_foil0	4	3	39	False	13	13	13
validation	hole	0.0	4	rg01_theta12p490_foil0	4	4	38	False	12	13	13
validation	hole	0.0	4	rg01_theta12p490_foil0	4	5	38	False	12	13	13
validation	hole	0.0	4	rg01_theta12p490_foil0	4	6	39	False	13	13	13
validation	hole	0.0	4	rg01_theta12p490_foil0	4	7	39	False	13	13	13
validation	hole	0.0	4	rg01_theta12p490_foil0	5	1	38	False	13	13	12
validation	hole	0.0	4	rg01_theta12p490_foil0	5	2	38	False	13	13	12
validation	hole	0.0	4	rg01_theta12p490_foil0	5	3	38	False	13	13	12
validation	hole	0.0	4	rg01_theta12p490_foil0	5	4	38	False	13	13	12
validation	hole	0.0	4	rg01_theta12p490_foil0	5	6	38	False	13	13	12
validation	hole	0.0	4	rg01_theta12p490_foil0	5	7	38	False	13	12	13
validation	hole	0.0	4	rg01_theta12p490_foil0	6	1	38	False	13	13	12
validation	hole	0.0	4	rg01_theta12p490_foil0	6	2	38	False	12	13	13
validation	hole	0.0	4	rg01_theta12p490_foil0	6	3	39	False	13	13	13
validation	hole	0.0	4	rg01_theta12p490_foil0	6	4	38	False	13	13	12
validation	hole	0.0	4	rg01_theta12p490_foil0	6	5	38	False	13	13	12
validation	hole	0.0	4	rg01_theta12p490_foil0	6	6	38	False	13	12	13
validation	hole	0.0	4	rg01_theta12p490_foil0	6	7	38	False	13	13	12
validation	hole	0.0	4	rg01_theta12p490_foil0	7	2	38	False	13	13	12
validation	hole	0.0	4	rg01_theta12p490_foil0	7	3	38	False	12	13	13
validation	hole	0.0	4	rg01_theta12p490_foil0	7	4	38	False	13	12	13
validation	hole	0.0	4	rg01_theta12p490_foil0	7	5	38	False	13	13	12
validation	hole	0.0	4	rg01_theta12p490_foil0	7	6	38	False	12	13	13
validation	hole	0.0	4	rg01_theta12p490_foil0	8	3	38	False	12	13	13
validation	hole	0.0	4	rg01_theta12p490_foil0	8	4	38	False	13	12	13
validation	hole	0.0	4	rg01_theta12p490_foil0	8	5	38	False	13	12	13
validation	hole	0.0	4	rg01_theta12p490_foil0	8	6	38	False	13	13	12
validation	setting	0.0	4	rg02_theta15p195_foil0			786	False	262	262	262
validation	hole	0.0	4	rg02_theta15p195_foil0	0	4	21	False	7	7	7
validation	hole	0.0	4	rg02_theta15p195_foil0	0	5	23	False	7	8	8
validation	hole	0.0	4	rg02_theta15p195_foil0	1	3	11	False	4	3	4
validation	hole	0.0	4	rg02_theta15p195_foil0	1	4	22	False	7	8	7
validation	hole	0.0	4	rg02_theta15p195_foil0	1	5	27	False	9	9	9
validation	hole	0.0	4	rg02_theta15p195_foil0	1	6	27	False	9	9	9
validation	hole	0.0	4	rg02_theta15p195_foil0	2	4	22	False	7	7	8
validation	hole	0.0	4	rg02_theta15p195_foil0	2	5	27	False	9	9	9
validation	hole	0.0	4	rg02_theta15p195_foil0	2	6	27	False	9	9	9
validation	hole	0.0	4	rg02_theta15p195_foil0	2	7	27	False	9	9	9
validation	hole	0.0	4	rg02_theta15p195_foil0	3	3	15	False	5	5	5
validation	hole	0.0	4	rg02_theta15p195_foil0	3	4	25	False	9	8	8
validation	hole	0.0	4	rg02_theta15p195_foil0	3	5	27	False	9	9	9
validation	hole	0.0	4	rg02_theta15p195_foil0	3	6	27	False	9	9	9
validation	hole	0.0	4	rg02_theta15p195_foil0	3	7	27	False	9	9	9
validation	hole	0.0	4	rg02_theta15p195_foil0	4	2	10	False	3	4	3
validation	hole	0.0	4	rg02_theta15p195_foil0	4	3	16	False	5	6	5
validation	hole	0.0	4	rg02_theta15p195_foil0	4	5	27	False	9	9	9
validation	hole	0.0	4	rg02_theta15p195_foil0	4	6	27	False	9	9	9
validation	hole	0.0	4	rg02_theta15p195_foil0	4	7	27	False	9	9	9
validation	hole	0.0	4	rg02_theta15p195_foil0	5	2	7	True	3	2	2
validation	hole	0.0	4	rg02_theta15p195_foil0	5	3	15	False	5	5	5
validation	hole	0.0	4	rg02_theta15p195_foil0	5	4	27	False	9	9	9
validation	hole	0.0	4	rg02_theta15p195_foil0	5	6	27	False	9	9	9
validation	hole	0.0	4	rg02_theta15p195_foil0	5	7	27	False	9	9	9
validation	hole	0.0	4	rg02_theta15p195_foil0	6	3	9	True	3	3	3
validation	hole	0.0	4	rg02_theta15p195_foil0	6	4	25	False	8	8	9
validation	hole	0.0	4	rg02_theta15p195_foil0	6	5	27	False	9	9	9
validation	hole	0.0	4	rg02_theta15p195_foil0	6	6	27	False	9	9	9
validation	hole	0.0	4	rg02_theta15p195_foil0	6	7	27	False	9	9	9
validation	hole	0.0	4	rg02_theta15p195_foil0	7	3	10	False	4	3	3
validation	hole	0.0	4	rg02_theta15p195_foil0	7	4	15	False	5	5	5
validation	hole	0.0	4	rg02_theta15p195_foil0	7	5	27	False	9	9	9
validation	hole	0.0	4	rg02_theta15p195_foil0	7	6	27	False	9	9	9
validation	hole	0.0	4	rg02_theta15p195_foil0	8	5	27	False	9	9	9
validation	foil_delta	3.0	0				1430	False	479	477	474
validation	setting	3.0	0	rg04_theta15p195_foilpm3			534	False	180	178	176
validation	hole	3.0	0	rg04_theta15p195_foilpm3	0	3	11	False	4	4	3
validation	hole	3.0	0	rg04_theta15p195_foilpm3	0	4	11	False	4	3	4
validation	hole	3.0	0	rg04_theta15p195_foilpm3	0	5	16	False	5	6	5
validation	hole	3.0	0	rg04_theta15p195_foilpm3	0	6	16	False	5	6	5
validation	hole	3.0	0	rg04_theta15p195_foilpm3	1	2	12	False	4	4	4
validation	hole	3.0	0	rg04_theta15p195_foilpm3	1	3	8	True	3	2	3
validation	hole	3.0	0	rg04_theta15p195_foilpm3	1	4	16	False	6	5	5
validation	hole	3.0	0	rg04_theta15p195_foilpm3	1	5	16	False	5	5	6
validation	hole	3.0	0	rg04_theta15p195_foilpm3	1	6	16	False	5	5	6
validation	hole	3.0	0	rg04_theta15p195_foilpm3	2	2	10	False	3	4	3
validation	hole	3.0	0	rg04_theta15p195_foilpm3	2	4	16	False	6	5	5
validation	hole	3.0	0	rg04_theta15p195_foilpm3	2	5	16	False	5	6	5
validation	hole	3.0	0	rg04_theta15p195_foilpm3	2	6	16	False	5	5	6
validation	hole	3.0	0	rg04_theta15p195_foilpm3	3	2	11	False	3	4	4
validation	hole	3.0	0	rg04_theta15p195_foilpm3	3	3	16	False	5	6	5
validation	hole	3.0	0	rg04_theta15p195_foilpm3	3	4	16	False	6	5	5
validation	hole	3.0	0	rg04_theta15p195_foilpm3	3	5	16	False	6	5	5
validation	hole	3.0	0	rg04_theta15p195_foilpm3	3	6	16	False	6	5	5
validation	hole	3.0	0	rg04_theta15p195_foilpm3	3	7	11	False	4	3	4
validation	hole	3.0	0	rg04_theta15p195_foilpm3	4	2	11	False	3	4	4
validation	hole	3.0	0	rg04_theta15p195_foilpm3	4	3	16	False	5	6	5
validation	hole	3.0	0	rg04_theta15p195_foilpm3	4	5	16	False	6	5	5
validation	hole	3.0	0	rg04_theta15p195_foilpm3	4	6	16	False	5	5	6
validation	hole	3.0	0	rg04_theta15p195_foilpm3	4	7	13	False	4	5	4
validation	hole	3.0	0	rg04_theta15p195_foilpm3	5	3	15	False	5	5	5
validation	hole	3.0	0	rg04_theta15p195_foilpm3	5	4	16	False	5	5	6
validation	hole	3.0	0	rg04_theta15p195_foilpm3	5	6	16	False	6	5	5
validation	hole	3.0	0	rg04_theta15p195_foilpm3	5	7	10	False	4	3	3
validation	hole	3.0	0	rg04_theta15p195_foilpm3	6	3	10	False	3	4	3
validation	hole	3.0	0	rg04_theta15p195_foilpm3	6	4	16	False	6	5	5
validation	hole	3.0	0	rg04_theta15p195_foilpm3	6	5	16	False	5	6	5
validation	hole	3.0	0	rg04_theta15p195_foilpm3	6	6	16	False	5	6	5
validation	hole	3.0	0	rg04_theta15p195_foilpm3	7	3	11	False	3	4	4
validation	hole	3.0	0	rg04_theta15p195_foilpm3	7	4	16	False	6	5	5
validation	hole	3.0	0	rg04_theta15p195_foilpm3	7	5	16	False	5	5	6
validation	hole	3.0	0	rg04_theta15p195_foilpm3	7	6	16	False	6	5	5
validation	hole	3.0	0	rg04_theta15p195_foilpm3	8	5	10	False	4	3	3
validation	hole	3.0	0	rg04_theta15p195_foilpm3	8	6	12	False	4	4	4
validation	setting	3.0	0	rg05_theta12p495_foilpm3			896	False	299	299	298
validation	hole	3.0	0	rg05_theta12p495_foilpm3	0	3	9	True	3	3	3
validation	hole	3.0	0	rg05_theta12p495_foilpm3	0	4	25	False	9	8	8
validation	hole	3.0	0	rg05_theta12p495_foilpm3	0	5	25	False	8	8	9
validation	hole	3.0	0	rg05_theta12p495_foilpm3	0	6	24	False	8	8	8
validation	hole	3.0	0	rg05_theta12p495_foilpm3	1	2	15	False	5	5	5
validation	hole	3.0	0	rg05_theta12p495_foilpm3	1	3	18	False	6	6	6
validation	hole	3.0	0	rg05_theta12p495_foilpm3	1	4	25	False	8	8	9
validation	hole	3.0	0	rg05_theta12p495_foilpm3	1	5	25	False	8	8	9
validation	hole	3.0	0	rg05_theta12p495_foilpm3	1	6	25	False	9	8	8
validation	hole	3.0	0	rg05_theta12p495_foilpm3	2	2	17	False	6	6	5
validation	hole	3.0	0	rg05_theta12p495_foilpm3	2	4	25	False	8	8	9
validation	hole	3.0	0	rg05_theta12p495_foilpm3	2	5	25	False	8	9	8
validation	hole	3.0	0	rg05_theta12p495_foilpm3	2	6	25	False	8	9	8
validation	hole	3.0	0	rg05_theta12p495_foilpm3	3	2	19	False	7	6	6
validation	hole	3.0	0	rg05_theta12p495_foilpm3	3	3	25	False	8	9	8
validation	hole	3.0	0	rg05_theta12p495_foilpm3	3	4	25	False	9	8	8
validation	hole	3.0	0	rg05_theta12p495_foilpm3	3	5	25	False	8	8	9
validation	hole	3.0	0	rg05_theta12p495_foilpm3	3	6	25	False	8	9	8
validation	hole	3.0	0	rg05_theta12p495_foilpm3	3	7	17	False	5	6	6
validation	hole	3.0	0	rg05_theta12p495_foilpm3	4	2	15	False	5	5	5
validation	hole	3.0	0	rg05_theta12p495_foilpm3	4	3	25	False	8	8	9
validation	hole	3.0	0	rg05_theta12p495_foilpm3	4	4	17	False	6	5	6
validation	hole	3.0	0	rg05_theta12p495_foilpm3	4	5	25	False	8	8	9
validation	hole	3.0	0	rg05_theta12p495_foilpm3	4	6	25	False	8	9	8
validation	hole	3.0	0	rg05_theta12p495_foilpm3	4	7	15	False	5	5	5
validation	hole	3.0	0	rg05_theta12p495_foilpm3	5	2	19	False	7	6	6
validation	hole	3.0	0	rg05_theta12p495_foilpm3	5	3	25	False	8	9	8
validation	hole	3.0	0	rg05_theta12p495_foilpm3	5	4	25	False	8	8	9
validation	hole	3.0	0	rg05_theta12p495_foilpm3	5	6	25	False	9	8	8
validation	hole	3.0	0	rg05_theta12p495_foilpm3	5	7	11	False	4	4	3
validation	hole	3.0	0	rg05_theta12p495_foilpm3	6	2	9	True	3	3	3
validation	hole	3.0	0	rg05_theta12p495_foilpm3	6	3	23	False	7	8	8
validation	hole	3.0	0	rg05_theta12p495_foilpm3	6	4	25	False	8	9	8
validation	hole	3.0	0	rg05_theta12p495_foilpm3	6	5	25	False	8	8	9
validation	hole	3.0	0	rg05_theta12p495_foilpm3	6	6	25	False	9	8	8
validation	hole	3.0	0	rg05_theta12p495_foilpm3	7	3	16	False	6	5	5
validation	hole	3.0	0	rg05_theta12p495_foilpm3	7	4	25	False	8	8	9
validation	hole	3.0	0	rg05_theta12p495_foilpm3	7	5	25	False	9	8	8
validation	hole	3.0	0	rg05_theta12p495_foilpm3	7	6	25	False	9	8	8
validation	hole	3.0	0	rg05_theta12p495_foilpm3	8	4	10	False	3	4	3
validation	hole	3.0	0	rg05_theta12p495_foilpm3	8	5	19	False	6	7	6
validation	hole	3.0	0	rg05_theta12p495_foilpm3	8	6	23	False	8	8	7
validation	foil_delta	3.0	1				3189	False	1062	1061	1066
validation	setting	3.0	1	rg04_theta15p195_foilpm3			1211	False	403	401	407
validation	hole	3.0	1	rg04_theta15p195_foilpm3	0	3	15	False	5	5	5
validation	hole	3.0	1	rg04_theta15p195_foilpm3	0	4	24	False	8	8	8
validation	hole	3.0	1	rg04_theta15p195_foilpm3	0	5	29	False	10	9	10
validation	hole	3.0	1	rg04_theta15p195_foilpm3	0	6	25	False	9	8	8
validation	hole	3.0	1	rg04_theta15p195_foilpm3	1	2	14	False	4	5	5
validation	hole	3.0	1	rg04_theta15p195_foilpm3	1	3	21	False	7	7	7
validation	hole	3.0	1	rg04_theta15p195_foilpm3	1	4	28	False	9	9	10
validation	hole	3.0	1	rg04_theta15p195_foilpm3	1	5	33	False	11	11	11
validation	hole	3.0	1	rg04_theta15p195_foilpm3	1	6	33	False	11	11	11
validation	hole	3.0	1	rg04_theta15p195_foilpm3	2	4	33	False	11	11	11
validation	hole	3.0	1	rg04_theta15p195_foilpm3	2	5	33	False	11	11	11
validation	hole	3.0	1	rg04_theta15p195_foilpm3	2	6	33	False	11	11	11
validation	hole	3.0	1	rg04_theta15p195_foilpm3	2	7	33	False	11	11	11
validation	hole	3.0	1	rg04_theta15p195_foilpm3	3	2	18	False	6	6	6
validation	hole	3.0	1	rg04_theta15p195_foilpm3	3	3	22	False	8	7	7
validation	hole	3.0	1	rg04_theta15p195_foilpm3	3	4	33	False	11	11	11
validation	hole	3.0	1	rg04_theta15p195_foilpm3	3	5	33	False	11	11	11
validation	hole	3.0	1	rg04_theta15p195_foilpm3	3	6	33	False	11	11	11
validation	hole	3.0	1	rg04_theta15p195_foilpm3	3	7	33	False	11	11	11
validation	hole	3.0	1	rg04_theta15p195_foilpm3	4	2	27	False	9	9	9
validation	hole	3.0	1	rg04_theta15p195_foilpm3	4	3	30	False	10	10	10
validation	hole	3.0	1	rg04_theta15p195_foilpm3	4	4	13	False	5	4	4
validation	hole	3.0	1	rg04_theta15p195_foilpm3	4	5	33	False	11	11	11
validation	hole	3.0	1	rg04_theta15p195_foilpm3	4	6	33	False	11	11	11
validation	hole	3.0	1	rg04_theta15p195_foilpm3	4	7	33	False	11	11	11
validation	hole	3.0	1	rg04_theta15p195_foilpm3	5	2	9	True	3	3	3
validation	hole	3.0	1	rg04_theta15p195_foilpm3	5	3	31	False	10	10	11
validation	hole	3.0	1	rg04_theta15p195_foilpm3	5	4	33	False	11	11	11
validation	hole	3.0	1	rg04_theta15p195_foilpm3	5	6	33	False	11	11	11
validation	hole	3.0	1	rg04_theta15p195_foilpm3	5	7	33	False	11	11	11
validation	hole	3.0	1	rg04_theta15p195_foilpm3	6	2	10	False	3	3	4
validation	hole	3.0	1	rg04_theta15p195_foilpm3	6	3	25	False	8	8	9
validation	hole	3.0	1	rg04_theta15p195_foilpm3	6	4	27	False	9	9	9
validation	hole	3.0	1	rg04_theta15p195_foilpm3	6	5	33	False	11	11	11
validation	hole	3.0	1	rg04_theta15p195_foilpm3	6	6	33	False	11	11	11
validation	hole	3.0	1	rg04_theta15p195_foilpm3	6	7	33	False	11	11	11
validation	hole	3.0	1	rg04_theta15p195_foilpm3	7	2	9	True	3	3	3
validation	hole	3.0	1	rg04_theta15p195_foilpm3	7	3	18	False	6	6	6
validation	hole	3.0	1	rg04_theta15p195_foilpm3	7	4	31	False	10	10	11
validation	hole	3.0	1	rg04_theta15p195_foilpm3	7	5	33	False	11	11	11
validation	hole	3.0	1	rg04_theta15p195_foilpm3	7	6	33	False	11	11	11
validation	hole	3.0	1	rg04_theta15p195_foilpm3	8	3	16	False	5	6	5
validation	hole	3.0	1	rg04_theta15p195_foilpm3	8	4	12	False	4	4	4
validation	hole	3.0	1	rg04_theta15p195_foilpm3	8	5	32	False	10	11	11
validation	hole	3.0	1	rg04_theta15p195_foilpm3	8	6	32	False	11	10	11
validation	setting	3.0	1	rg05_theta12p495_foilpm3			1978	False	659	660	659
validation	hole	3.0	1	rg05_theta12p495_foilpm3	0	3	28	False	9	10	9
validation	hole	3.0	1	rg05_theta12p495_foilpm3	0	4	36	False	12	12	12
validation	hole	3.0	1	rg05_theta12p495_foilpm3	0	5	47	False	16	15	16
validation	hole	3.0	1	rg05_theta12p495_foilpm3	0	6	51	False	17	17	17
validation	hole	3.0	1	rg05_theta12p495_foilpm3	1	2	22	False	7	8	7
validation	hole	3.0	1	rg05_theta12p495_foilpm3	1	3	31	False	10	10	11
validation	hole	3.0	1	rg05_theta12p495_foilpm3	1	4	41	False	13	14	14
validation	hole	3.0	1	rg05_theta12p495_foilpm3	1	5	51	False	17	17	17
validation	hole	3.0	1	rg05_theta12p495_foilpm3	1	6	51	False	17	17	17
validation	hole	3.0	1	rg05_theta12p495_foilpm3	2	2	28	False	9	9	10
validation	hole	3.0	1	rg05_theta12p495_foilpm3	2	4	51	False	17	17	17
validation	hole	3.0	1	rg05_theta12p495_foilpm3	2	5	51	False	17	17	17
validation	hole	3.0	1	rg05_theta12p495_foilpm3	2	6	51	False	17	17	17
validation	hole	3.0	1	rg05_theta12p495_foilpm3	2	7	51	False	17	17	17
validation	hole	3.0	1	rg05_theta12p495_foilpm3	3	2	21	False	7	7	7
validation	hole	3.0	1	rg05_theta12p495_foilpm3	3	3	45	False	15	15	15
validation	hole	3.0	1	rg05_theta12p495_foilpm3	3	4	51	False	17	17	17
validation	hole	3.0	1	rg05_theta12p495_foilpm3	3	5	51	False	17	17	17
validation	hole	3.0	1	rg05_theta12p495_foilpm3	3	6	51	False	17	17	17
validation	hole	3.0	1	rg05_theta12p495_foilpm3	3	7	51	False	17	17	17
validation	hole	3.0	1	rg05_theta12p495_foilpm3	4	2	31	False	11	10	10
validation	hole	3.0	1	rg05_theta12p495_foilpm3	4	3	51	False	17	17	17
validation	hole	3.0	1	rg05_theta12p495_foilpm3	4	4	30	False	10	10	10
validation	hole	3.0	1	rg05_theta12p495_foilpm3	4	5	51	False	17	17	17
validation	hole	3.0	1	rg05_theta12p495_foilpm3	4	6	51	False	17	17	17
validation	hole	3.0	1	rg05_theta12p495_foilpm3	4	7	51	False	17	17	17
validation	hole	3.0	1	rg05_theta12p495_foilpm3	5	2	34	False	11	11	12
validation	hole	3.0	1	rg05_theta12p495_foilpm3	5	3	41	False	14	14	13
validation	hole	3.0	1	rg05_theta12p495_foilpm3	5	4	51	False	17	17	17
validation	hole	3.0	1	rg05_theta12p495_foilpm3	5	6	51	False	17	17	17
validation	hole	3.0	1	rg05_theta12p495_foilpm3	5	7	51	False	17	17	17
validation	hole	3.0	1	rg05_theta12p495_foilpm3	6	2	19	False	6	6	7
validation	hole	3.0	1	rg05_theta12p495_foilpm3	6	3	45	False	15	15	15
validation	hole	3.0	1	rg05_theta12p495_foilpm3	6	4	51	False	17	17	17
validation	hole	3.0	1	rg05_theta12p495_foilpm3	6	5	51	False	17	17	17
validation	hole	3.0	1	rg05_theta12p495_foilpm3	6	6	51	False	17	17	17
validation	hole	3.0	1	rg05_theta12p495_foilpm3	6	7	51	False	17	17	17
validation	hole	3.0	1	rg05_theta12p495_foilpm3	7	2	18	False	6	6	6
validation	hole	3.0	1	rg05_theta12p495_foilpm3	7	3	35	False	12	12	11
validation	hole	3.0	1	rg05_theta12p495_foilpm3	7	4	49	False	17	16	16
validation	hole	3.0	1	rg05_theta12p495_foilpm3	7	5	51	False	17	17	17
validation	hole	3.0	1	rg05_theta12p495_foilpm3	7	6	51	False	17	17	17
validation	hole	3.0	1	rg05_theta12p495_foilpm3	8	3	23	False	8	8	7
validation	hole	3.0	1	rg05_theta12p495_foilpm3	8	4	34	False	11	12	11
validation	hole	3.0	1	rg05_theta12p495_foilpm3	8	5	45	False	15	15	15
validation	hole	3.0	1	rg05_theta12p495_foilpm3	8	6	51	False	17	17	17
validation	foil_delta	3.0	2				4547	False	1514	1522	1511
validation	setting	3.0	2	rg04_theta15p195_foilpm3			1320	False	441	443	436
validation	hole	3.0	2	rg04_theta15p195_foilpm3	0	3	13	False	5	4	4
validation	hole	3.0	2	rg04_theta15p195_foilpm3	0	4	21	False	7	7	7
validation	hole	3.0	2	rg04_theta15p195_foilpm3	0	5	34	False	11	11	12
validation	hole	3.0	2	rg04_theta15p195_foilpm3	0	6	34	False	11	12	11
validation	hole	3.0	2	rg04_theta15p195_foilpm3	1	2	16	False	5	6	5
validation	hole	3.0	2	rg04_theta15p195_foilpm3	1	3	23	False	8	7	8
validation	hole	3.0	2	rg04_theta15p195_foilpm3	1	4	34	False	11	12	11
validation	hole	3.0	2	rg04_theta15p195_foilpm3	1	5	34	False	12	11	11
validation	hole	3.0	2	rg04_theta15p195_foilpm3	1	6	34	False	12	11	11
validation	hole	3.0	2	rg04_theta15p195_foilpm3	2	4	34	False	11	12	11
validation	hole	3.0	2	rg04_theta15p195_foilpm3	2	5	34	False	12	11	11
validation	hole	3.0	2	rg04_theta15p195_foilpm3	2	6	34	False	11	12	11
validation	hole	3.0	2	rg04_theta15p195_foilpm3	2	7	34	False	11	12	11
validation	hole	3.0	2	rg04_theta15p195_foilpm3	3	2	19	False	6	7	6
validation	hole	3.0	2	rg04_theta15p195_foilpm3	3	3	34	False	11	11	12
validation	hole	3.0	2	rg04_theta15p195_foilpm3	3	4	34	False	11	12	11
validation	hole	3.0	2	rg04_theta15p195_foilpm3	3	5	34	False	11	11	12
validation	hole	3.0	2	rg04_theta15p195_foilpm3	3	6	34	False	12	11	11
validation	hole	3.0	2	rg04_theta15p195_foilpm3	3	7	34	False	11	11	12
validation	hole	3.0	2	rg04_theta15p195_foilpm3	4	2	17	False	6	6	5
validation	hole	3.0	2	rg04_theta15p195_foilpm3	4	3	34	False	11	11	12
validation	hole	3.0	2	rg04_theta15p195_foilpm3	4	4	18	False	6	6	6
validation	hole	3.0	2	rg04_theta15p195_foilpm3	4	5	34	False	11	12	11
validation	hole	3.0	2	rg04_theta15p195_foilpm3	4	6	34	False	11	12	11
validation	hole	3.0	2	rg04_theta15p195_foilpm3	4	7	34	False	12	11	11
validation	hole	3.0	2	rg04_theta15p195_foilpm3	5	2	21	False	7	7	7
validation	hole	3.0	2	rg04_theta15p195_foilpm3	5	3	34	False	11	12	11
validation	hole	3.0	2	rg04_theta15p195_foilpm3	5	4	34	False	11	12	11
validation	hole	3.0	2	rg04_theta15p195_foilpm3	5	6	34	False	11	11	12
validation	hole	3.0	2	rg04_theta15p195_foilpm3	5	7	34	False	11	12	11
validation	hole	3.0	2	rg04_theta15p195_foilpm3	6	2	16	False	5	5	6
validation	hole	3.0	2	rg04_theta15p195_foilpm3	6	3	32	False	11	10	11
validation	hole	3.0	2	rg04_theta15p195_foilpm3	6	4	34	False	12	11	11
validation	hole	3.0	2	rg04_theta15p195_foilpm3	6	5	34	False	12	11	11
validation	hole	3.0	2	rg04_theta15p195_foilpm3	6	6	34	False	11	11	12
validation	hole	3.0	2	rg04_theta15p195_foilpm3	6	7	34	False	12	11	11
validation	hole	3.0	2	rg04_theta15p195_foilpm3	7	2	14	False	5	4	5
validation	hole	3.0	2	rg04_theta15p195_foilpm3	7	3	17	False	6	5	6
validation	hole	3.0	2	rg04_theta15p195_foilpm3	7	4	34	False	11	12	11
validation	hole	3.0	2	rg04_theta15p195_foilpm3	7	5	34	False	11	12	11
validation	hole	3.0	2	rg04_theta15p195_foilpm3	7	6	34	False	11	12	11
validation	hole	3.0	2	rg04_theta15p195_foilpm3	8	3	11	False	4	4	3
validation	hole	3.0	2	rg04_theta15p195_foilpm3	8	4	28	False	9	10	9
validation	hole	3.0	2	rg04_theta15p195_foilpm3	8	5	34	False	12	11	11
validation	hole	3.0	2	rg04_theta15p195_foilpm3	8	6	34	False	12	11	11
validation	setting	3.0	2	rg05_theta12p495_foilpm3			3227	False	1073	1079	1075
validation	hole	3.0	2	rg05_theta12p495_foilpm3	0	3	28	False	9	9	10
validation	hole	3.0	2	rg05_theta12p495_foilpm3	0	4	50	False	16	17	17
validation	hole	3.0	2	rg05_theta12p495_foilpm3	0	5	68	False	23	22	23
validation	hole	3.0	2	rg05_theta12p495_foilpm3	0	6	78	False	26	26	26
validation	hole	3.0	2	rg05_theta12p495_foilpm3	1	2	33	False	11	11	11
validation	hole	3.0	2	rg05_theta12p495_foilpm3	1	3	45	False	15	15	15
validation	hole	3.0	2	rg05_theta12p495_foilpm3	1	4	82	False	28	27	27
validation	hole	3.0	2	rg05_theta12p495_foilpm3	1	5	82	False	27	28	27
validation	hole	3.0	2	rg05_theta12p495_foilpm3	1	6	82	False	27	28	27
validation	hole	3.0	2	rg05_theta12p495_foilpm3	2	2	38	False	13	13	12
validation	hole	3.0	2	rg05_theta12p495_foilpm3	2	4	82	False	28	27	27
validation	hole	3.0	2	rg05_theta12p495_foilpm3	2	5	82	False	27	27	28
validation	hole	3.0	2	rg05_theta12p495_foilpm3	2	6	82	False	27	28	27
validation	hole	3.0	2	rg05_theta12p495_foilpm3	2	7	82	False	27	28	27
validation	hole	3.0	2	rg05_theta12p495_foilpm3	3	2	57	False	19	19	19
validation	hole	3.0	2	rg05_theta12p495_foilpm3	3	3	82	False	27	28	27
validation	hole	3.0	2	rg05_theta12p495_foilpm3	3	4	82	False	28	27	27
validation	hole	3.0	2	rg05_theta12p495_foilpm3	3	5	82	False	27	28	27
validation	hole	3.0	2	rg05_theta12p495_foilpm3	3	6	82	False	27	28	27
validation	hole	3.0	2	rg05_theta12p495_foilpm3	3	7	82	False	27	27	28
validation	hole	3.0	2	rg05_theta12p495_foilpm3	4	2	50	False	16	17	17
validation	hole	3.0	2	rg05_theta12p495_foilpm3	4	3	82	False	27	28	27
validation	hole	3.0	2	rg05_theta12p495_foilpm3	4	4	46	False	15	16	15
validation	hole	3.0	2	rg05_theta12p495_foilpm3	4	5	82	False	27	28	27
validation	hole	3.0	2	rg05_theta12p495_foilpm3	4	6	82	False	28	27	27
validation	hole	3.0	2	rg05_theta12p495_foilpm3	4	7	82	False	27	28	27
validation	hole	3.0	2	rg05_theta12p495_foilpm3	5	2	59	False	20	19	20
validation	hole	3.0	2	rg05_theta12p495_foilpm3	5	3	82	False	27	27	28
validation	hole	3.0	2	rg05_theta12p495_foilpm3	5	4	82	False	28	27	27
validation	hole	3.0	2	rg05_theta12p495_foilpm3	5	6	82	False	27	27	28
validation	hole	3.0	2	rg05_theta12p495_foilpm3	5	7	82	False	28	27	27
validation	hole	3.0	2	rg05_theta12p495_foilpm3	6	2	47	False	16	16	15
validation	hole	3.0	2	rg05_theta12p495_foilpm3	6	3	74	False	25	25	24
validation	hole	3.0	2	rg05_theta12p495_foilpm3	6	4	82	False	27	28	27
validation	hole	3.0	2	rg05_theta12p495_foilpm3	6	5	82	False	27	27	28
validation	hole	3.0	2	rg05_theta12p495_foilpm3	6	6	82	False	28	27	27
validation	hole	3.0	2	rg05_theta12p495_foilpm3	6	7	82	False	27	27	28
validation	hole	3.0	2	rg05_theta12p495_foilpm3	7	2	43	False	14	14	15
validation	hole	3.0	2	rg05_theta12p495_foilpm3	7	3	51	False	17	17	17
validation	hole	3.0	2	rg05_theta12p495_foilpm3	7	4	82	False	27	28	27
validation	hole	3.0	2	rg05_theta12p495_foilpm3	7	5	82	False	27	27	28
validation	hole	3.0	2	rg05_theta12p495_foilpm3	7	6	82	False	27	27	28
validation	hole	3.0	2	rg05_theta12p495_foilpm3	8	3	32	False	11	10	11
validation	hole	3.0	2	rg05_theta12p495_foilpm3	8	4	54	False	18	18	18
validation	hole	3.0	2	rg05_theta12p495_foilpm3	8	5	78	False	26	26	26
validation	hole	3.0	2	rg05_theta12p495_foilpm3	8	6	82	False	27	28	27
validation	foil_delta	3.0	3				2858	False	953	949	956
validation	setting	3.0	3	rg04_theta15p195_foilpm3			724	False	243	237	244
validation	hole	3.0	3	rg04_theta15p195_foilpm3	0	5	22	False	7	7	8
validation	hole	3.0	3	rg04_theta15p195_foilpm3	0	6	22	False	8	7	7
validation	hole	3.0	3	rg04_theta15p195_foilpm3	1	2	9	True	3	3	3
validation	hole	3.0	3	rg04_theta15p195_foilpm3	1	4	16	False	5	6	5
validation	hole	3.0	3	rg04_theta15p195_foilpm3	1	5	22	False	7	8	7
validation	hole	3.0	3	rg04_theta15p195_foilpm3	1	6	22	False	7	8	7
validation	hole	3.0	3	rg04_theta15p195_foilpm3	2	4	22	False	7	7	8
validation	hole	3.0	3	rg04_theta15p195_foilpm3	2	5	22	False	8	7	7
validation	hole	3.0	3	rg04_theta15p195_foilpm3	2	6	22	False	8	7	7
validation	hole	3.0	3	rg04_theta15p195_foilpm3	2	7	22	False	7	7	8
validation	hole	3.0	3	rg04_theta15p195_foilpm3	3	2	13	False	4	4	5
validation	hole	3.0	3	rg04_theta15p195_foilpm3	3	3	14	False	5	4	5
validation	hole	3.0	3	rg04_theta15p195_foilpm3	3	4	22	False	8	7	7
validation	hole	3.0	3	rg04_theta15p195_foilpm3	3	5	22	False	8	7	7
validation	hole	3.0	3	rg04_theta15p195_foilpm3	3	6	22	False	7	7	8
validation	hole	3.0	3	rg04_theta15p195_foilpm3	3	7	22	False	7	7	8
validation	hole	3.0	3	rg04_theta15p195_foilpm3	4	2	10	False	3	3	4
validation	hole	3.0	3	rg04_theta15p195_foilpm3	4	3	12	False	4	4	4
validation	hole	3.0	3	rg04_theta15p195_foilpm3	4	4	10	False	3	4	3
validation	hole	3.0	3	rg04_theta15p195_foilpm3	4	5	22	False	7	7	8
validation	hole	3.0	3	rg04_theta15p195_foilpm3	4	6	22	False	8	7	7
validation	hole	3.0	3	rg04_theta15p195_foilpm3	4	7	22	False	8	7	7
validation	hole	3.0	3	rg04_theta15p195_foilpm3	5	3	18	False	6	6	6
validation	hole	3.0	3	rg04_theta15p195_foilpm3	5	4	22	False	7	7	8
validation	hole	3.0	3	rg04_theta15p195_foilpm3	5	6	22	False	7	7	8
validation	hole	3.0	3	rg04_theta15p195_foilpm3	5	7	22	False	8	7	7
validation	hole	3.0	3	rg04_theta15p195_foilpm3	6	3	12	False	4	4	4
validation	hole	3.0	3	rg04_theta15p195_foilpm3	6	4	15	False	5	5	5
validation	hole	3.0	3	rg04_theta15p195_foilpm3	6	5	22	False	8	7	7
validation	hole	3.0	3	rg04_theta15p195_foilpm3	6	6	22	False	8	7	7
validation	hole	3.0	3	rg04_theta15p195_foilpm3	6	7	22	False	7	8	7
validation	hole	3.0	3	rg04_theta15p195_foilpm3	7	3	13	False	4	5	4
validation	hole	3.0	3	rg04_theta15p195_foilpm3	7	4	22	False	7	7	8
validation	hole	3.0	3	rg04_theta15p195_foilpm3	7	5	22	False	7	8	7
validation	hole	3.0	3	rg04_theta15p195_foilpm3	7	6	22	False	8	7	7
validation	hole	3.0	3	rg04_theta15p195_foilpm3	8	4	13	False	4	4	5
validation	hole	3.0	3	rg04_theta15p195_foilpm3	8	5	19	False	7	6	6
validation	hole	3.0	3	rg04_theta15p195_foilpm3	8	6	22	False	7	7	8
validation	setting	3.0	3	rg05_theta12p495_foilpm3			2134	False	710	712	712
validation	hole	3.0	3	rg05_theta12p495_foilpm3	0	3	16	False	5	5	6
validation	hole	3.0	3	rg05_theta12p495_foilpm3	0	4	32	False	10	11	11
validation	hole	3.0	3	rg05_theta12p495_foilpm3	0	5	54	False	18	18	18
validation	hole	3.0	3	rg05_theta12p495_foilpm3	0	6	54	False	18	18	18
validation	hole	3.0	3	rg05_theta12p495_foilpm3	1	2	25	False	8	8	9
validation	hole	3.0	3	rg05_theta12p495_foilpm3	1	3	36	False	12	12	12
validation	hole	3.0	3	rg05_theta12p495_foilpm3	1	4	54	False	18	18	18
validation	hole	3.0	3	rg05_theta12p495_foilpm3	1	5	54	False	18	18	18
validation	hole	3.0	3	rg05_theta12p495_foilpm3	1	6	54	False	18	18	18
validation	hole	3.0	3	rg05_theta12p495_foilpm3	2	2	32	False	11	11	10
validation	hole	3.0	3	rg05_theta12p495_foilpm3	2	4	54	False	18	18	18
validation	hole	3.0	3	rg05_theta12p495_foilpm3	2	5	54	False	18	18	18
validation	hole	3.0	3	rg05_theta12p495_foilpm3	2	6	54	False	18	18	18
validation	hole	3.0	3	rg05_theta12p495_foilpm3	2	7	54	False	18	18	18
validation	hole	3.0	3	rg05_theta12p495_foilpm3	3	2	35	False	12	12	11
validation	hole	3.0	3	rg05_theta12p495_foilpm3	3	3	54	False	18	18	18
validation	hole	3.0	3	rg05_theta12p495_foilpm3	3	4	54	False	18	18	18
validation	hole	3.0	3	rg05_theta12p495_foilpm3	3	5	54	False	18	18	18
validation	hole	3.0	3	rg05_theta12p495_foilpm3	3	6	54	False	18	18	18
validation	hole	3.0	3	rg05_theta12p495_foilpm3	3	7	54	False	18	18	18
validation	hole	3.0	3	rg05_theta12p495_foilpm3	4	2	38	False	13	13	12
validation	hole	3.0	3	rg05_theta12p495_foilpm3	4	3	54	False	18	18	18
validation	hole	3.0	3	rg05_theta12p495_foilpm3	4	4	39	False	13	13	13
validation	hole	3.0	3	rg05_theta12p495_foilpm3	4	5	54	False	18	18	18
validation	hole	3.0	3	rg05_theta12p495_foilpm3	4	6	54	False	18	18	18
validation	hole	3.0	3	rg05_theta12p495_foilpm3	4	7	54	False	18	18	18
validation	hole	3.0	3	rg05_theta12p495_foilpm3	5	2	19	False	7	6	6
validation	hole	3.0	3	rg05_theta12p495_foilpm3	5	3	54	False	18	18	18
validation	hole	3.0	3	rg05_theta12p495_foilpm3	5	4	54	False	18	18	18
validation	hole	3.0	3	rg05_theta12p495_foilpm3	5	6	54	False	18	18	18
validation	hole	3.0	3	rg05_theta12p495_foilpm3	5	7	54	False	18	18	18
validation	hole	3.0	3	rg05_theta12p495_foilpm3	6	2	22	False	7	7	8
validation	hole	3.0	3	rg05_theta12p495_foilpm3	6	3	51	False	17	17	17
validation	hole	3.0	3	rg05_theta12p495_foilpm3	6	4	54	False	18	18	18
validation	hole	3.0	3	rg05_theta12p495_foilpm3	6	5	54	False	18	18	18
validation	hole	3.0	3	rg05_theta12p495_foilpm3	6	6	54	False	18	18	18
validation	hole	3.0	3	rg05_theta12p495_foilpm3	6	7	54	False	18	18	18
validation	hole	3.0	3	rg05_theta12p495_foilpm3	7	2	20	False	6	7	7
validation	hole	3.0	3	rg05_theta12p495_foilpm3	7	3	32	False	10	11	11
validation	hole	3.0	3	rg05_theta12p495_foilpm3	7	4	54	False	18	18	18
validation	hole	3.0	3	rg05_theta12p495_foilpm3	7	5	54	False	18	18	18
validation	hole	3.0	3	rg05_theta12p495_foilpm3	7	6	54	False	18	18	18
validation	hole	3.0	3	rg05_theta12p495_foilpm3	8	3	29	False	10	10	9
validation	hole	3.0	3	rg05_theta12p495_foilpm3	8	4	34	False	11	11	12
validation	hole	3.0	3	rg05_theta12p495_foilpm3	8	5	54	False	18	18	18
validation	hole	3.0	3	rg05_theta12p495_foilpm3	8	6	54	False	18	18	18
validation	foil_delta	3.0	4				1683	False	564	560	559
validation	setting	3.0	4	rg04_theta15p195_foilpm3			325	False	109	109	107
validation	hole	3.0	4	rg04_theta15p195_foilpm3	0	5	11	False	3	4	4
validation	hole	3.0	4	rg04_theta15p195_foilpm3	1	4	10	False	3	4	3
validation	hole	3.0	4	rg04_theta15p195_foilpm3	1	6	17	False	5	6	6
validation	hole	3.0	4	rg04_theta15p195_foilpm3	2	4	10	False	4	3	3
validation	hole	3.0	4	rg04_theta15p195_foilpm3	2	5	13	False	4	5	4
validation	hole	3.0	4	rg04_theta15p195_foilpm3	2	6	17	False	5	6	6
validation	hole	3.0	4	rg04_theta15p195_foilpm3	2	7	17	False	6	6	5
validation	hole	3.0	4	rg04_theta15p195_foilpm3	3	5	11	False	4	3	4
validation	hole	3.0	4	rg04_theta15p195_foilpm3	3	6	17	False	6	6	5
validation	hole	3.0	4	rg04_theta15p195_foilpm3	3	7	17	False	6	6	5
validation	hole	3.0	4	rg04_theta15p195_foilpm3	4	5	17	False	6	6	5
validation	hole	3.0	4	rg04_theta15p195_foilpm3	4	6	17	False	6	5	6
validation	hole	3.0	4	rg04_theta15p195_foilpm3	4	7	17	False	6	6	5
validation	hole	3.0	4	rg04_theta15p195_foilpm3	5	4	13	False	4	4	5
validation	hole	3.0	4	rg04_theta15p195_foilpm3	5	6	17	False	6	5	6
validation	hole	3.0	4	rg04_theta15p195_foilpm3	5	7	17	False	6	5	6
validation	hole	3.0	4	rg04_theta15p195_foilpm3	6	4	10	False	4	3	3
validation	hole	3.0	4	rg04_theta15p195_foilpm3	6	5	17	False	5	6	6
validation	hole	3.0	4	rg04_theta15p195_foilpm3	6	6	17	False	6	5	6
validation	hole	3.0	4	rg04_theta15p195_foilpm3	6	7	17	False	6	6	5
validation	hole	3.0	4	rg04_theta15p195_foilpm3	7	5	9	True	3	3	3
validation	hole	3.0	4	rg04_theta15p195_foilpm3	7	6	17	False	5	6	6
validation	setting	3.0	4	rg05_theta12p495_foilpm3			1358	False	455	451	452
validation	hole	3.0	4	rg05_theta12p495_foilpm3	0	3	12	False	4	4	4
validation	hole	3.0	4	rg05_theta12p495_foilpm3	0	4	34	False	12	11	11
validation	hole	3.0	4	rg05_theta12p495_foilpm3	0	5	36	False	12	12	12
validation	hole	3.0	4	rg05_theta12p495_foilpm3	0	6	15	False	5	5	5
validation	hole	3.0	4	rg05_theta12p495_foilpm3	1	2	11	False	4	3	4
validation	hole	3.0	4	rg05_theta12p495_foilpm3	1	3	24	False	8	8	8
validation	hole	3.0	4	rg05_theta12p495_foilpm3	1	4	31	False	10	11	10
validation	hole	3.0	4	rg05_theta12p495_foilpm3	1	5	36	False	12	12	12
validation	hole	3.0	4	rg05_theta12p495_foilpm3	1	6	36	False	12	12	12
validation	hole	3.0	4	rg05_theta12p495_foilpm3	2	2	15	False	5	5	5
validation	hole	3.0	4	rg05_theta12p495_foilpm3	2	4	36	False	12	12	12
validation	hole	3.0	4	rg05_theta12p495_foilpm3	2	5	36	False	12	12	12
validation	hole	3.0	4	rg05_theta12p495_foilpm3	2	6	36	False	12	12	12
validation	hole	3.0	4	rg05_theta12p495_foilpm3	2	7	36	False	12	12	12
validation	hole	3.0	4	rg05_theta12p495_foilpm3	3	2	20	False	7	6	7
validation	hole	3.0	4	rg05_theta12p495_foilpm3	3	3	30	False	10	10	10
validation	hole	3.0	4	rg05_theta12p495_foilpm3	3	4	36	False	12	12	12
validation	hole	3.0	4	rg05_theta12p495_foilpm3	3	5	36	False	12	12	12
validation	hole	3.0	4	rg05_theta12p495_foilpm3	3	6	36	False	12	12	12
validation	hole	3.0	4	rg05_theta12p495_foilpm3	3	7	36	False	12	12	12
validation	hole	3.0	4	rg05_theta12p495_foilpm3	4	2	18	False	6	6	6
validation	hole	3.0	4	rg05_theta12p495_foilpm3	4	3	33	False	11	11	11
validation	hole	3.0	4	rg05_theta12p495_foilpm3	4	4	17	False	6	5	6
validation	hole	3.0	4	rg05_theta12p495_foilpm3	4	5	36	False	12	12	12
validation	hole	3.0	4	rg05_theta12p495_foilpm3	4	6	36	False	12	12	12
validation	hole	3.0	4	rg05_theta12p495_foilpm3	4	7	36	False	12	12	12
validation	hole	3.0	4	rg05_theta12p495_foilpm3	5	2	18	False	6	6	6
validation	hole	3.0	4	rg05_theta12p495_foilpm3	5	3	32	False	11	11	10
validation	hole	3.0	4	rg05_theta12p495_foilpm3	5	4	36	False	12	12	12
validation	hole	3.0	4	rg05_theta12p495_foilpm3	5	6	36	False	12	12	12
validation	hole	3.0	4	rg05_theta12p495_foilpm3	5	7	36	False	12	12	12
validation	hole	3.0	4	rg05_theta12p495_foilpm3	6	2	22	False	8	7	7
validation	hole	3.0	4	rg05_theta12p495_foilpm3	6	3	27	False	9	9	9
validation	hole	3.0	4	rg05_theta12p495_foilpm3	6	4	36	False	12	12	12
validation	hole	3.0	4	rg05_theta12p495_foilpm3	6	5	36	False	12	12	12
validation	hole	3.0	4	rg05_theta12p495_foilpm3	6	6	36	False	12	12	12
validation	hole	3.0	4	rg05_theta12p495_foilpm3	6	7	36	False	12	12	12
validation	hole	3.0	4	rg05_theta12p495_foilpm3	7	3	27	False	9	9	9
validation	hole	3.0	4	rg05_theta12p495_foilpm3	7	4	35	False	12	11	12
validation	hole	3.0	4	rg05_theta12p495_foilpm3	7	5	36	False	12	12	12
validation	hole	3.0	4	rg05_theta12p495_foilpm3	7	6	36	False	12	12	12
validation	hole	3.0	4	rg05_theta12p495_foilpm3	8	3	15	False	5	5	5
validation	hole	3.0	4	rg05_theta12p495_foilpm3	8	4	22	False	7	8	7
validation	hole	3.0	4	rg05_theta12p495_foilpm3	8	5	36	False	12	12	12
validation	hole	3.0	4	rg05_theta12p495_foilpm3	8	6	36	False	12	12	12
validation	foil_delta	8.0	0				2742	False	910	912	920
validation	setting	8.0	0	rg03_theta12p490_foilpm8			1043	False	349	345	349
validation	hole	8.0	0	rg03_theta12p490_foilpm8	0	3	24	False	8	8	8
validation	hole	8.0	0	rg03_theta12p490_foilpm8	0	4	24	False	8	8	8
validation	hole	8.0	0	rg03_theta12p490_foilpm8	0	5	24	False	8	8	8
validation	hole	8.0	0	rg03_theta12p490_foilpm8	0	6	24	False	8	8	8
validation	hole	8.0	0	rg03_theta12p490_foilpm8	1	2	10	False	3	3	4
validation	hole	8.0	0	rg03_theta12p490_foilpm8	1	3	24	False	8	8	8
validation	hole	8.0	0	rg03_theta12p490_foilpm8	1	4	23	False	8	7	8
validation	hole	8.0	0	rg03_theta12p490_foilpm8	1	5	24	False	8	8	8
validation	hole	8.0	0	rg03_theta12p490_foilpm8	1	6	23	False	8	8	7
validation	hole	8.0	0	rg03_theta12p490_foilpm8	1	7	24	False	8	8	8
validation	hole	8.0	0	rg03_theta12p490_foilpm8	2	2	24	False	8	8	8
validation	hole	8.0	0	rg03_theta12p490_foilpm8	2	4	24	False	8	8	8
validation	hole	8.0	0	rg03_theta12p490_foilpm8	2	5	24	False	8	8	8
validation	hole	8.0	0	rg03_theta12p490_foilpm8	2	6	24	False	8	8	8
validation	hole	8.0	0	rg03_theta12p490_foilpm8	2	7	24	False	8	8	8
validation	hole	8.0	0	rg03_theta12p490_foilpm8	3	2	24	False	8	8	8
validation	hole	8.0	0	rg03_theta12p490_foilpm8	3	3	24	False	8	8	8
validation	hole	8.0	0	rg03_theta12p490_foilpm8	3	4	24	False	8	8	8
validation	hole	8.0	0	rg03_theta12p490_foilpm8	3	5	24	False	8	8	8
validation	hole	8.0	0	rg03_theta12p490_foilpm8	3	6	24	False	8	8	8
validation	hole	8.0	0	rg03_theta12p490_foilpm8	3	7	24	False	8	8	8
validation	hole	8.0	0	rg03_theta12p490_foilpm8	4	2	24	False	8	8	8
validation	hole	8.0	0	rg03_theta12p490_foilpm8	4	3	23	False	8	7	8
validation	hole	8.0	0	rg03_theta12p490_foilpm8	4	4	22	False	8	7	7
validation	hole	8.0	0	rg03_theta12p490_foilpm8	4	5	24	False	8	8	8
validation	hole	8.0	0	rg03_theta12p490_foilpm8	4	6	24	False	8	8	8
validation	hole	8.0	0	rg03_theta12p490_foilpm8	4	7	24	False	8	8	8
validation	hole	8.0	0	rg03_theta12p490_foilpm8	5	2	24	False	8	8	8
validation	hole	8.0	0	rg03_theta12p490_foilpm8	5	3	23	False	7	8	8
validation	hole	8.0	0	rg03_theta12p490_foilpm8	5	4	24	False	8	8	8
validation	hole	8.0	0	rg03_theta12p490_foilpm8	5	6	24	False	8	8	8
validation	hole	8.0	0	rg03_theta12p490_foilpm8	5	7	24	False	8	8	8
validation	hole	8.0	0	rg03_theta12p490_foilpm8	6	2	16	False	6	5	5
validation	hole	8.0	0	rg03_theta12p490_foilpm8	6	3	23	False	8	7	8
validation	hole	8.0	0	rg03_theta12p490_foilpm8	6	4	24	False	8	8	8
validation	hole	8.0	0	rg03_theta12p490_foilpm8	6	5	23	False	7	8	8
validation	hole	8.0	0	rg03_theta12p490_foilpm8	6	6	24	False	8	8	8
validation	hole	8.0	0	rg03_theta12p490_foilpm8	6	7	23	False	8	7	8
validation	hole	8.0	0	rg03_theta12p490_foilpm8	7	3	21	False	7	7	7
validation	hole	8.0	0	rg03_theta12p490_foilpm8	7	4	24	False	8	8	8
validation	hole	8.0	0	rg03_theta12p490_foilpm8	7	5	23	False	7	8	8
validation	hole	8.0	0	rg03_theta12p490_foilpm8	7	6	24	False	8	8	8
validation	hole	8.0	0	rg03_theta12p490_foilpm8	7	7	23	False	8	7	8
validation	hole	8.0	0	rg03_theta12p490_foilpm8	8	5	23	False	8	8	7
validation	hole	8.0	0	rg03_theta12p490_foilpm8	8	6	24	False	8	8	8
validation	setting	8.0	0	rg06_theta15p195_foilpm8			807	False	264	271	272
validation	hole	8.0	0	rg06_theta15p195_foilpm8	0	4	13	False	5	4	4
validation	hole	8.0	0	rg06_theta15p195_foilpm8	0	5	20	False	6	7	7
validation	hole	8.0	0	rg06_theta15p195_foilpm8	0	6	22	False	8	7	7
validation	hole	8.0	0	rg06_theta15p195_foilpm8	1	3	12	False	4	4	4
validation	hole	8.0	0	rg06_theta15p195_foilpm8	1	4	18	False	6	6	6
validation	hole	8.0	0	rg06_theta15p195_foilpm8	1	5	18	False	6	6	6
validation	hole	8.0	0	rg06_theta15p195_foilpm8	1	6	24	False	8	8	8
validation	hole	8.0	0	rg06_theta15p195_foilpm8	1	7	24	False	8	8	8
validation	hole	8.0	0	rg06_theta15p195_foilpm8	2	4	20	False	7	6	7
validation	hole	8.0	0	rg06_theta15p195_foilpm8	2	5	24	False	8	8	8
validation	hole	8.0	0	rg06_theta15p195_foilpm8	2	6	23	False	7	8	8
validation	hole	8.0	0	rg06_theta15p195_foilpm8	2	7	24	False	8	8	8
validation	hole	8.0	0	rg06_theta15p195_foilpm8	3	2	11	False	3	4	4
validation	hole	8.0	0	rg06_theta15p195_foilpm8	3	3	22	False	7	7	8
validation	hole	8.0	0	rg06_theta15p195_foilpm8	3	4	24	False	8	8	8
validation	hole	8.0	0	rg06_theta15p195_foilpm8	3	5	23	False	7	8	8
validation	hole	8.0	0	rg06_theta15p195_foilpm8	3	6	24	False	8	8	8
validation	hole	8.0	0	rg06_theta15p195_foilpm8	3	7	24	False	8	8	8
validation	hole	8.0	0	rg06_theta15p195_foilpm8	4	3	22	False	7	7	8
validation	hole	8.0	0	rg06_theta15p195_foilpm8	4	5	24	False	8	8	8
validation	hole	8.0	0	rg06_theta15p195_foilpm8	4	6	24	False	8	8	8
validation	hole	8.0	0	rg06_theta15p195_foilpm8	4	7	24	False	8	8	8
validation	hole	8.0	0	rg06_theta15p195_foilpm8	5	2	6	True	2	2	2
validation	hole	8.0	0	rg06_theta15p195_foilpm8	5	3	22	False	7	7	8
validation	hole	8.0	0	rg06_theta15p195_foilpm8	5	4	24	False	8	8	8
validation	hole	8.0	0	rg06_theta15p195_foilpm8	5	6	24	False	8	8	8
validation	hole	8.0	0	rg06_theta15p195_foilpm8	5	7	24	False	8	8	8
validation	hole	8.0	0	rg06_theta15p195_foilpm8	6	3	21	False	7	7	7
validation	hole	8.0	0	rg06_theta15p195_foilpm8	6	4	24	False	8	8	8
validation	hole	8.0	0	rg06_theta15p195_foilpm8	6	5	23	False	7	8	8
validation	hole	8.0	0	rg06_theta15p195_foilpm8	6	6	24	False	8	8	8
validation	hole	8.0	0	rg06_theta15p195_foilpm8	6	7	24	False	8	8	8
validation	hole	8.0	0	rg06_theta15p195_foilpm8	7	3	13	False	4	5	4
validation	hole	8.0	0	rg06_theta15p195_foilpm8	7	4	13	False	4	5	4
validation	hole	8.0	0	rg06_theta15p195_foilpm8	7	5	20	False	6	7	7
validation	hole	8.0	0	rg06_theta15p195_foilpm8	7	6	24	False	8	8	8
validation	hole	8.0	0	rg06_theta15p195_foilpm8	7	7	24	False	8	8	8
validation	hole	8.0	0	rg06_theta15p195_foilpm8	8	5	13	False	4	5	4
validation	hole	8.0	0	rg06_theta15p195_foilpm8	8	6	20	False	6	7	7
validation	setting	8.0	0	rg07_theta12p495_foilpm8			892	False	297	296	299
validation	hole	8.0	0	rg07_theta12p495_foilpm8	0	4	18	False	6	6	6
validation	hole	8.0	0	rg07_theta12p495_foilpm8	0	5	16	False	5	5	6
validation	hole	8.0	0	rg07_theta12p495_foilpm8	0	6	15	False	5	5	5
validation	hole	8.0	0	rg07_theta12p495_foilpm8	1	2	10	False	3	4	3
validation	hole	8.0	0	rg07_theta12p495_foilpm8	1	3	15	False	5	5	5
validation	hole	8.0	0	rg07_theta12p495_foilpm8	1	4	22	False	7	7	8
validation	hole	8.0	0	rg07_theta12p495_foilpm8	1	5	24	False	8	8	8
validation	hole	8.0	0	rg07_theta12p495_foilpm8	1	6	24	False	8	8	8
validation	hole	8.0	0	rg07_theta12p495_foilpm8	1	7	17	False	6	6	5
validation	hole	8.0	0	rg07_theta12p495_foilpm8	2	2	15	False	5	5	5
validation	hole	8.0	0	rg07_theta12p495_foilpm8	2	4	24	False	8	8	8
validation	hole	8.0	0	rg07_theta12p495_foilpm8	2	5	24	False	8	8	8
validation	hole	8.0	0	rg07_theta12p495_foilpm8	2	6	24	False	8	8	8
validation	hole	8.0	0	rg07_theta12p495_foilpm8	2	7	24	False	8	8	8
validation	hole	8.0	0	rg07_theta12p495_foilpm8	3	2	15	False	5	5	5
validation	hole	8.0	0	rg07_theta12p495_foilpm8	3	3	17	False	6	5	6
validation	hole	8.0	0	rg07_theta12p495_foilpm8	3	4	24	False	8	8	8
validation	hole	8.0	0	rg07_theta12p495_foilpm8	3	5	24	False	8	8	8
validation	hole	8.0	0	rg07_theta12p495_foilpm8	3	6	24	False	8	8	8
validation	hole	8.0	0	rg07_theta12p495_foilpm8	3	7	24	False	8	8	8
validation	hole	8.0	0	rg07_theta12p495_foilpm8	4	2	15	False	5	5	5
validation	hole	8.0	0	rg07_theta12p495_foilpm8	4	3	24	False	8	8	8
validation	hole	8.0	0	rg07_theta12p495_foilpm8	4	4	11	False	3	4	4
validation	hole	8.0	0	rg07_theta12p495_foilpm8	4	5	23	False	8	7	8
validation	hole	8.0	0	rg07_theta12p495_foilpm8	4	6	23	False	7	8	8
validation	hole	8.0	0	rg07_theta12p495_foilpm8	4	7	24	False	8	8	8
validation	hole	8.0	0	rg07_theta12p495_foilpm8	5	2	12	False	4	4	4
validation	hole	8.0	0	rg07_theta12p495_foilpm8	5	3	23	False	8	8	7
validation	hole	8.0	0	rg07_theta12p495_foilpm8	5	4	24	False	8	8	8
validation	hole	8.0	0	rg07_theta12p495_foilpm8	5	6	24	False	8	8	8
validation	hole	8.0	0	rg07_theta12p495_foilpm8	5	7	24	False	8	8	8
validation	hole	8.0	0	rg07_theta12p495_foilpm8	6	3	16	False	5	5	6
validation	hole	8.0	0	rg07_theta12p495_foilpm8	6	4	24	False	8	8	8
validation	hole	8.0	0	rg07_theta12p495_foilpm8	6	5	24	False	8	8	8
validation	hole	8.0	0	rg07_theta12p495_foilpm8	6	6	24	False	8	8	8
validation	hole	8.0	0	rg07_theta12p495_foilpm8	6	7	24	False	8	8	8
validation	hole	8.0	0	rg07_theta12p495_foilpm8	7	3	11	False	3	4	4
validation	hole	8.0	0	rg07_theta12p495_foilpm8	7	4	17	False	6	5	6
validation	hole	8.0	0	rg07_theta12p495_foilpm8	7	5	23	False	8	8	7
validation	hole	8.0	0	rg07_theta12p495_foilpm8	7	6	23	False	8	8	7
validation	hole	8.0	0	rg07_theta12p495_foilpm8	7	7	24	False	8	8	8
validation	hole	8.0	0	rg07_theta12p495_foilpm8	8	4	14	False	5	4	5
validation	hole	8.0	0	rg07_theta12p495_foilpm8	8	5	17	False	6	5	6
validation	hole	8.0	0	rg07_theta12p495_foilpm8	8	6	24	False	8	8	8
validation	foil_delta	8.0	1				2741	False	919	912	910
validation	setting	8.0	1	rg03_theta12p490_foilpm8			1012	False	341	337	334
validation	hole	8.0	1	rg03_theta12p490_foilpm8	0	3	21	False	7	7	7
validation	hole	8.0	1	rg03_theta12p490_foilpm8	0	4	21	False	7	7	7
validation	hole	8.0	1	rg03_theta12p490_foilpm8	0	5	21	False	7	7	7
validation	hole	8.0	1	rg03_theta12p490_foilpm8	0	6	21	False	7	7	7
validation	hole	8.0	1	rg03_theta12p490_foilpm8	1	2	16	False	6	5	5
validation	hole	8.0	1	rg03_theta12p490_foilpm8	1	3	22	False	7	8	7
validation	hole	8.0	1	rg03_theta12p490_foilpm8	1	4	22	False	8	7	7
validation	hole	8.0	1	rg03_theta12p490_foilpm8	1	5	21	False	7	7	7
validation	hole	8.0	1	rg03_theta12p490_foilpm8	1	6	21	False	7	7	7
validation	hole	8.0	1	rg03_theta12p490_foilpm8	1	7	21	False	7	7	7
validation	hole	8.0	1	rg03_theta12p490_foilpm8	2	2	21	False	7	7	7
validation	hole	8.0	1	rg03_theta12p490_foilpm8	2	4	21	False	7	7	7
validation	hole	8.0	1	rg03_theta12p490_foilpm8	2	5	22	False	8	7	7
validation	hole	8.0	1	rg03_theta12p490_foilpm8	2	6	22	False	8	7	7
validation	hole	8.0	1	rg03_theta12p490_foilpm8	2	7	21	False	7	7	7
validation	hole	8.0	1	rg03_theta12p490_foilpm8	3	2	21	False	7	7	7
validation	hole	8.0	1	rg03_theta12p490_foilpm8	3	3	21	False	7	7	7
validation	hole	8.0	1	rg03_theta12p490_foilpm8	3	4	21	False	7	7	7
validation	hole	8.0	1	rg03_theta12p490_foilpm8	3	5	21	False	7	7	7
validation	hole	8.0	1	rg03_theta12p490_foilpm8	3	6	22	False	8	7	7
validation	hole	8.0	1	rg03_theta12p490_foilpm8	3	7	21	False	7	7	7
validation	hole	8.0	1	rg03_theta12p490_foilpm8	4	2	21	False	7	7	7
validation	hole	8.0	1	rg03_theta12p490_foilpm8	4	3	21	False	7	7	7
validation	hole	8.0	1	rg03_theta12p490_foilpm8	4	4	21	False	7	7	7
validation	hole	8.0	1	rg03_theta12p490_foilpm8	4	5	22	False	8	7	7
validation	hole	8.0	1	rg03_theta12p490_foilpm8	4	6	21	False	7	7	7
validation	hole	8.0	1	rg03_theta12p490_foilpm8	4	7	21	False	7	7	7
validation	hole	8.0	1	rg03_theta12p490_foilpm8	5	2	21	False	7	7	7
validation	hole	8.0	1	rg03_theta12p490_foilpm8	5	3	22	False	7	8	7
validation	hole	8.0	1	rg03_theta12p490_foilpm8	5	4	21	False	7	7	7
validation	hole	8.0	1	rg03_theta12p490_foilpm8	5	6	21	False	7	7	7
validation	hole	8.0	1	rg03_theta12p490_foilpm8	5	7	21	False	7	7	7
validation	hole	8.0	1	rg03_theta12p490_foilpm8	6	2	22	False	8	7	7
validation	hole	8.0	1	rg03_theta12p490_foilpm8	6	3	21	False	7	7	7
validation	hole	8.0	1	rg03_theta12p490_foilpm8	6	4	21	False	7	7	7
validation	hole	8.0	1	rg03_theta12p490_foilpm8	6	5	21	False	7	7	7
validation	hole	8.0	1	rg03_theta12p490_foilpm8	6	6	21	False	7	7	7
validation	hole	8.0	1	rg03_theta12p490_foilpm8	6	7	21	False	7	7	7
validation	hole	8.0	1	rg03_theta12p490_foilpm8	7	2	21	False	7	7	7
validation	hole	8.0	1	rg03_theta12p490_foilpm8	7	3	21	False	7	7	7
validation	hole	8.0	1	rg03_theta12p490_foilpm8	7	4	21	False	7	7	7
validation	hole	8.0	1	rg03_theta12p490_foilpm8	7	5	22	False	7	8	7
validation	hole	8.0	1	rg03_theta12p490_foilpm8	7	6	21	False	7	7	7
validation	hole	8.0	1	rg03_theta12p490_foilpm8	7	7	21	False	7	7	7
validation	hole	8.0	1	rg03_theta12p490_foilpm8	8	3	21	False	7	7	7
validation	hole	8.0	1	rg03_theta12p490_foilpm8	8	4	21	False	7	7	7
validation	hole	8.0	1	rg03_theta12p490_foilpm8	8	5	21	False	7	7	7
validation	hole	8.0	1	rg03_theta12p490_foilpm8	8	6	21	False	7	7	7
validation	setting	8.0	1	rg06_theta15p195_foilpm8			815	False	270	273	272
validation	hole	8.0	1	rg06_theta15p195_foilpm8	0	4	13	False	5	4	4
validation	hole	8.0	1	rg06_theta15p195_foilpm8	0	5	21	False	7	7	7
validation	hole	8.0	1	rg06_theta15p195_foilpm8	0	6	21	False	7	7	7
validation	hole	8.0	1	rg06_theta15p195_foilpm8	1	3	13	False	4	5	4
validation	hole	8.0	1	rg06_theta15p195_foilpm8	1	4	21	False	7	7	7
validation	hole	8.0	1	rg06_theta15p195_foilpm8	1	5	21	False	7	7	7
validation	hole	8.0	1	rg06_theta15p195_foilpm8	1	6	21	False	7	7	7
validation	hole	8.0	1	rg06_theta15p195_foilpm8	1	7	21	False	7	7	7
validation	hole	8.0	1	rg06_theta15p195_foilpm8	2	4	21	False	7	7	7
validation	hole	8.0	1	rg06_theta15p195_foilpm8	2	5	21	False	7	7	7
validation	hole	8.0	1	rg06_theta15p195_foilpm8	2	6	22	False	7	7	8
validation	hole	8.0	1	rg06_theta15p195_foilpm8	2	7	21	False	7	7	7
validation	hole	8.0	1	rg06_theta15p195_foilpm8	3	2	15	False	5	5	5
validation	hole	8.0	1	rg06_theta15p195_foilpm8	3	3	21	False	7	7	7
validation	hole	8.0	1	rg06_theta15p195_foilpm8	3	4	21	False	7	7	7
validation	hole	8.0	1	rg06_theta15p195_foilpm8	3	5	21	False	7	7	7
validation	hole	8.0	1	rg06_theta15p195_foilpm8	3	6	21	False	7	7	7
validation	hole	8.0	1	rg06_theta15p195_foilpm8	3	7	21	False	7	7	7
validation	hole	8.0	1	rg06_theta15p195_foilpm8	4	2	12	False	4	4	4
validation	hole	8.0	1	rg06_theta15p195_foilpm8	4	3	18	False	6	6	6
validation	hole	8.0	1	rg06_theta15p195_foilpm8	4	5	21	False	7	7	7
validation	hole	8.0	1	rg06_theta15p195_foilpm8	4	6	21	False	7	7	7
validation	hole	8.0	1	rg06_theta15p195_foilpm8	4	7	21	False	7	7	7
validation	hole	8.0	1	rg06_theta15p195_foilpm8	5	2	18	False	6	6	6
validation	hole	8.0	1	rg06_theta15p195_foilpm8	5	3	21	False	7	7	7
validation	hole	8.0	1	rg06_theta15p195_foilpm8	5	4	21	False	7	7	7
validation	hole	8.0	1	rg06_theta15p195_foilpm8	5	6	21	False	7	7	7
validation	hole	8.0	1	rg06_theta15p195_foilpm8	5	7	21	False	7	7	7
validation	hole	8.0	1	rg06_theta15p195_foilpm8	6	2	12	False	4	4	4
validation	hole	8.0	1	rg06_theta15p195_foilpm8	6	3	16	False	5	6	5
validation	hole	8.0	1	rg06_theta15p195_foilpm8	6	4	21	False	7	7	7
validation	hole	8.0	1	rg06_theta15p195_foilpm8	6	5	21	False	7	7	7
validation	hole	8.0	1	rg06_theta15p195_foilpm8	6	6	21	False	7	7	7
validation	hole	8.0	1	rg06_theta15p195_foilpm8	6	7	21	False	7	7	7
validation	hole	8.0	1	rg06_theta15p195_foilpm8	7	3	11	False	3	4	4
validation	hole	8.0	1	rg06_theta15p195_foilpm8	7	4	21	False	7	7	7
validation	hole	8.0	1	rg06_theta15p195_foilpm8	7	5	21	False	7	7	7
validation	hole	8.0	1	rg06_theta15p195_foilpm8	7	6	21	False	7	7	7
validation	hole	8.0	1	rg06_theta15p195_foilpm8	7	7	21	False	7	7	7
validation	hole	8.0	1	rg06_theta15p195_foilpm8	8	4	14	False	4	5	5
validation	hole	8.0	1	rg06_theta15p195_foilpm8	8	5	21	False	7	7	7
validation	hole	8.0	1	rg06_theta15p195_foilpm8	8	6	21	False	7	7	7
validation	setting	8.0	1	rg07_theta12p495_foilpm8			914	False	308	302	304
validation	hole	8.0	1	rg07_theta12p495_foilpm8	0	4	21	False	7	7	7
validation	hole	8.0	1	rg07_theta12p495_foilpm8	0	5	21	False	7	7	7
validation	hole	8.0	1	rg07_theta12p495_foilpm8	0	6	21	False	7	7	7
validation	hole	8.0	1	rg07_theta12p495_foilpm8	1	3	18	False	6	6	6
validation	hole	8.0	1	rg07_theta12p495_foilpm8	1	4	21	False	7	7	7
validation	hole	8.0	1	rg07_theta12p495_foilpm8	1	5	21	False	7	7	7
validation	hole	8.0	1	rg07_theta12p495_foilpm8	1	6	21	False	7	7	7
validation	hole	8.0	1	rg07_theta12p495_foilpm8	1	7	21	False	7	7	7
validation	hole	8.0	1	rg07_theta12p495_foilpm8	2	2	14	False	5	4	5
validation	hole	8.0	1	rg07_theta12p495_foilpm8	2	4	21	False	7	7	7
validation	hole	8.0	1	rg07_theta12p495_foilpm8	2	5	21	False	7	7	7
validation	hole	8.0	1	rg07_theta12p495_foilpm8	2	6	21	False	7	7	7
validation	hole	8.0	1	rg07_theta12p495_foilpm8	2	7	21	False	7	7	7
validation	hole	8.0	1	rg07_theta12p495_foilpm8	3	2	13	False	5	4	4
validation	hole	8.0	1	rg07_theta12p495_foilpm8	3	3	21	False	7	7	7
validation	hole	8.0	1	rg07_theta12p495_foilpm8	3	4	21	False	7	7	7
validation	hole	8.0	1	rg07_theta12p495_foilpm8	3	5	21	False	7	7	7
validation	hole	8.0	1	rg07_theta12p495_foilpm8	3	6	21	False	7	7	7
validation	hole	8.0	1	rg07_theta12p495_foilpm8	3	7	21	False	7	7	7
validation	hole	8.0	1	rg07_theta12p495_foilpm8	4	2	13	False	5	4	4
validation	hole	8.0	1	rg07_theta12p495_foilpm8	4	3	21	False	7	7	7
validation	hole	8.0	1	rg07_theta12p495_foilpm8	4	4	16	False	6	5	5
validation	hole	8.0	1	rg07_theta12p495_foilpm8	4	5	22	False	8	7	7
validation	hole	8.0	1	rg07_theta12p495_foilpm8	4	6	21	False	7	7	7
validation	hole	8.0	1	rg07_theta12p495_foilpm8	4	7	21	False	7	7	7
validation	hole	8.0	1	rg07_theta12p495_foilpm8	5	2	17	False	6	5	6
validation	hole	8.0	1	rg07_theta12p495_foilpm8	5	3	22	False	8	7	7
validation	hole	8.0	1	rg07_theta12p495_foilpm8	5	4	21	False	7	7	7
validation	hole	8.0	1	rg07_theta12p495_foilpm8	5	6	21	False	7	7	7
validation	hole	8.0	1	rg07_theta12p495_foilpm8	5	7	21	False	7	7	7
validation	hole	8.0	1	rg07_theta12p495_foilpm8	6	2	14	False	4	5	5
validation	hole	8.0	1	rg07_theta12p495_foilpm8	6	3	21	False	7	7	7
validation	hole	8.0	1	rg07_theta12p495_foilpm8	6	4	21	False	7	7	7
validation	hole	8.0	1	rg07_theta12p495_foilpm8	6	5	21	False	7	7	7
validation	hole	8.0	1	rg07_theta12p495_foilpm8	6	6	21	False	7	7	7
validation	hole	8.0	1	rg07_theta12p495_foilpm8	6	7	22	False	7	7	8
validation	hole	8.0	1	rg07_theta12p495_foilpm8	7	2	11	False	4	4	3
validation	hole	8.0	1	rg07_theta12p495_foilpm8	7	3	21	False	7	7	7
validation	hole	8.0	1	rg07_theta12p495_foilpm8	7	4	21	False	7	7	7
validation	hole	8.0	1	rg07_theta12p495_foilpm8	7	5	21	False	7	7	7
validation	hole	8.0	1	rg07_theta12p495_foilpm8	7	6	21	False	7	7	7
validation	hole	8.0	1	rg07_theta12p495_foilpm8	7	7	22	False	7	8	7
validation	hole	8.0	1	rg07_theta12p495_foilpm8	8	3	17	False	6	5	6
validation	hole	8.0	1	rg07_theta12p495_foilpm8	8	4	19	False	7	6	6
validation	hole	8.0	1	rg07_theta12p495_foilpm8	8	5	22	False	7	8	7
validation	hole	8.0	1	rg07_theta12p495_foilpm8	8	6	22	False	7	7	8
validation	foil_delta	8.0	2				2742	False	914	914	914
validation	setting	8.0	2	rg03_theta12p490_foilpm8			999	False	332	336	331
validation	hole	8.0	2	rg03_theta12p490_foilpm8	0	3	21	False	7	7	7
validation	hole	8.0	2	rg03_theta12p490_foilpm8	0	4	21	False	7	7	7
validation	hole	8.0	2	rg03_theta12p490_foilpm8	0	5	21	False	7	7	7
validation	hole	8.0	2	rg03_theta12p490_foilpm8	0	6	21	False	7	7	7
validation	hole	8.0	2	rg03_theta12p490_foilpm8	1	2	21	False	7	7	7
validation	hole	8.0	2	rg03_theta12p490_foilpm8	1	3	21	False	7	7	7
validation	hole	8.0	2	rg03_theta12p490_foilpm8	1	4	21	False	7	7	7
validation	hole	8.0	2	rg03_theta12p490_foilpm8	1	5	21	False	7	7	7
validation	hole	8.0	2	rg03_theta12p490_foilpm8	1	6	21	False	7	7	7
validation	hole	8.0	2	rg03_theta12p490_foilpm8	1	7	21	False	7	7	7
validation	hole	8.0	2	rg03_theta12p490_foilpm8	2	2	21	False	7	7	7
validation	hole	8.0	2	rg03_theta12p490_foilpm8	2	4	20	False	6	7	7
validation	hole	8.0	2	rg03_theta12p490_foilpm8	2	5	21	False	7	7	7
validation	hole	8.0	2	rg03_theta12p490_foilpm8	2	6	21	False	7	7	7
validation	hole	8.0	2	rg03_theta12p490_foilpm8	2	7	21	False	7	7	7
validation	hole	8.0	2	rg03_theta12p490_foilpm8	3	2	21	False	7	7	7
validation	hole	8.0	2	rg03_theta12p490_foilpm8	3	3	21	False	7	7	7
validation	hole	8.0	2	rg03_theta12p490_foilpm8	3	4	21	False	7	7	7
validation	hole	8.0	2	rg03_theta12p490_foilpm8	3	5	21	False	7	7	7
validation	hole	8.0	2	rg03_theta12p490_foilpm8	3	6	20	False	7	7	6
validation	hole	8.0	2	rg03_theta12p490_foilpm8	3	7	21	False	7	7	7
validation	hole	8.0	2	rg03_theta12p490_foilpm8	4	2	20	False	6	7	7
validation	hole	8.0	2	rg03_theta12p490_foilpm8	4	3	21	False	7	7	7
validation	hole	8.0	2	rg03_theta12p490_foilpm8	4	4	21	False	7	7	7
validation	hole	8.0	2	rg03_theta12p490_foilpm8	4	5	21	False	7	7	7
validation	hole	8.0	2	rg03_theta12p490_foilpm8	4	6	20	False	7	7	6
validation	hole	8.0	2	rg03_theta12p490_foilpm8	4	7	21	False	7	7	7
validation	hole	8.0	2	rg03_theta12p490_foilpm8	5	2	21	False	7	7	7
validation	hole	8.0	2	rg03_theta12p490_foilpm8	5	3	21	False	7	7	7
validation	hole	8.0	2	rg03_theta12p490_foilpm8	5	4	21	False	7	7	7
validation	hole	8.0	2	rg03_theta12p490_foilpm8	5	6	21	False	7	7	7
validation	hole	8.0	2	rg03_theta12p490_foilpm8	5	7	21	False	7	7	7
validation	hole	8.0	2	rg03_theta12p490_foilpm8	6	2	21	False	7	7	7
validation	hole	8.0	2	rg03_theta12p490_foilpm8	6	3	21	False	7	7	7
validation	hole	8.0	2	rg03_theta12p490_foilpm8	6	4	21	False	7	7	7
validation	hole	8.0	2	rg03_theta12p490_foilpm8	6	5	21	False	7	7	7
validation	hole	8.0	2	rg03_theta12p490_foilpm8	6	6	21	False	7	7	7
validation	hole	8.0	2	rg03_theta12p490_foilpm8	6	7	21	False	7	7	7
validation	hole	8.0	2	rg03_theta12p490_foilpm8	7	2	21	False	7	7	7
validation	hole	8.0	2	rg03_theta12p490_foilpm8	7	3	20	False	7	7	6
validation	hole	8.0	2	rg03_theta12p490_foilpm8	7	4	20	False	6	7	7
validation	hole	8.0	2	rg03_theta12p490_foilpm8	7	5	21	False	7	7	7
validation	hole	8.0	2	rg03_theta12p490_foilpm8	7	6	20	False	6	7	7
validation	hole	8.0	2	rg03_theta12p490_foilpm8	7	7	20	False	7	7	6
validation	hole	8.0	2	rg03_theta12p490_foilpm8	8	3	20	False	7	7	6
validation	hole	8.0	2	rg03_theta12p490_foilpm8	8	4	21	False	7	7	7
validation	hole	8.0	2	rg03_theta12p490_foilpm8	8	5	21	False	7	7	7
validation	hole	8.0	2	rg03_theta12p490_foilpm8	8	6	21	False	7	7	7
validation	setting	8.0	2	rg06_theta15p195_foilpm8			829	False	277	275	277
validation	hole	8.0	2	rg06_theta15p195_foilpm8	0	3	9	True	3	3	3
validation	hole	8.0	2	rg06_theta15p195_foilpm8	0	4	12	False	4	4	4
validation	hole	8.0	2	rg06_theta15p195_foilpm8	0	5	20	False	7	6	7
validation	hole	8.0	2	rg06_theta15p195_foilpm8	0	6	21	False	7	7	7
validation	hole	8.0	2	rg06_theta15p195_foilpm8	1	3	11	False	3	4	4
validation	hole	8.0	2	rg06_theta15p195_foilpm8	1	4	20	False	7	6	7
validation	hole	8.0	2	rg06_theta15p195_foilpm8	1	5	21	False	7	7	7
validation	hole	8.0	2	rg06_theta15p195_foilpm8	1	6	20	False	7	7	6
validation	hole	8.0	2	rg06_theta15p195_foilpm8	1	7	21	False	7	7	7
validation	hole	8.0	2	rg06_theta15p195_foilpm8	2	2	15	False	5	5	5
validation	hole	8.0	2	rg06_theta15p195_foilpm8	2	4	21	False	7	7	7
validation	hole	8.0	2	rg06_theta15p195_foilpm8	2	5	21	False	7	7	7
validation	hole	8.0	2	rg06_theta15p195_foilpm8	2	6	20	False	7	7	6
validation	hole	8.0	2	rg06_theta15p195_foilpm8	2	7	20	False	7	6	7
validation	hole	8.0	2	rg06_theta15p195_foilpm8	3	3	20	False	7	6	7
validation	hole	8.0	2	rg06_theta15p195_foilpm8	3	4	21	False	7	7	7
validation	hole	8.0	2	rg06_theta15p195_foilpm8	3	5	21	False	7	7	7
validation	hole	8.0	2	rg06_theta15p195_foilpm8	3	6	20	False	7	6	7
validation	hole	8.0	2	rg06_theta15p195_foilpm8	3	7	20	False	7	6	7
validation	hole	8.0	2	rg06_theta15p195_foilpm8	4	2	9	True	3	3	3
validation	hole	8.0	2	rg06_theta15p195_foilpm8	4	3	21	False	7	7	7
validation	hole	8.0	2	rg06_theta15p195_foilpm8	4	4	11	False	4	4	3
validation	hole	8.0	2	rg06_theta15p195_foilpm8	4	5	21	False	7	7	7
validation	hole	8.0	2	rg06_theta15p195_foilpm8	4	6	21	False	7	7	7
validation	hole	8.0	2	rg06_theta15p195_foilpm8	4	7	20	False	6	7	7
validation	hole	8.0	2	rg06_theta15p195_foilpm8	5	2	11	False	4	4	3
validation	hole	8.0	2	rg06_theta15p195_foilpm8	5	3	21	False	7	7	7
validation	hole	8.0	2	rg06_theta15p195_foilpm8	5	4	21	False	7	7	7
validation	hole	8.0	2	rg06_theta15p195_foilpm8	5	6	21	False	7	7	7
validation	hole	8.0	2	rg06_theta15p195_foilpm8	5	7	21	False	7	7	7
validation	hole	8.0	2	rg06_theta15p195_foilpm8	6	3	21	False	7	7	7
validation	hole	8.0	2	rg06_theta15p195_foilpm8	6	4	21	False	7	7	7
validation	hole	8.0	2	rg06_theta15p195_foilpm8	6	5	21	False	7	7	7
validation	hole	8.0	2	rg06_theta15p195_foilpm8	6	6	21	False	7	7	7
validation	hole	8.0	2	rg06_theta15p195_foilpm8	6	7	21	False	7	7	7
validation	hole	8.0	2	rg06_theta15p195_foilpm8	7	3	20	False	6	7	7
validation	hole	8.0	2	rg06_theta15p195_foilpm8	7	4	21	False	7	7	7
validation	hole	8.0	2	rg06_theta15p195_foilpm8	7	5	20	False	7	6	7
validation	hole	8.0	2	rg06_theta15p195_foilpm8	7	6	21	False	7	7	7
validation	hole	8.0	2	rg06_theta15p195_foilpm8	7	7	21	False	7	7	7
validation	hole	8.0	2	rg06_theta15p195_foilpm8	8	3	10	False	3	4	3
validation	hole	8.0	2	rg06_theta15p195_foilpm8	8	4	17	False	5	6	6
validation	hole	8.0	2	rg06_theta15p195_foilpm8	8	5	21	False	7	7	7
validation	hole	8.0	2	rg06_theta15p195_foilpm8	8	6	21	False	7	7	7
validation	setting	8.0	2	rg07_theta12p495_foilpm8			914	False	305	303	306
validation	hole	8.0	2	rg07_theta12p495_foilpm8	0	4	18	False	6	6	6
validation	hole	8.0	2	rg07_theta12p495_foilpm8	0	5	21	False	7	7	7
validation	hole	8.0	2	rg07_theta12p495_foilpm8	0	6	21	False	7	7	7
validation	hole	8.0	2	rg07_theta12p495_foilpm8	1	3	11	False	4	3	4
validation	hole	8.0	2	rg07_theta12p495_foilpm8	1	4	20	False	7	6	7
validation	hole	8.0	2	rg07_theta12p495_foilpm8	1	5	21	False	7	7	7
validation	hole	8.0	2	rg07_theta12p495_foilpm8	1	6	21	False	7	7	7
validation	hole	8.0	2	rg07_theta12p495_foilpm8	1	7	21	False	7	7	7
validation	hole	8.0	2	rg07_theta12p495_foilpm8	2	2	18	False	6	6	6
validation	hole	8.0	2	rg07_theta12p495_foilpm8	2	4	21	False	7	7	7
validation	hole	8.0	2	rg07_theta12p495_foilpm8	2	5	21	False	7	7	7
validation	hole	8.0	2	rg07_theta12p495_foilpm8	2	6	20	False	7	6	7
validation	hole	8.0	2	rg07_theta12p495_foilpm8	2	7	21	False	7	7	7
validation	hole	8.0	2	rg07_theta12p495_foilpm8	3	2	16	False	5	5	6
validation	hole	8.0	2	rg07_theta12p495_foilpm8	3	3	21	False	7	7	7
validation	hole	8.0	2	rg07_theta12p495_foilpm8	3	4	20	False	7	6	7
validation	hole	8.0	2	rg07_theta12p495_foilpm8	3	5	21	False	7	7	7
validation	hole	8.0	2	rg07_theta12p495_foilpm8	3	6	21	False	7	7	7
validation	hole	8.0	2	rg07_theta12p495_foilpm8	3	7	21	False	7	7	7
validation	hole	8.0	2	rg07_theta12p495_foilpm8	4	2	14	False	5	5	4
validation	hole	8.0	2	rg07_theta12p495_foilpm8	4	3	21	False	7	7	7
validation	hole	8.0	2	rg07_theta12p495_foilpm8	4	4	21	False	7	7	7
validation	hole	8.0	2	rg07_theta12p495_foilpm8	4	5	21	False	7	7	7
validation	hole	8.0	2	rg07_theta12p495_foilpm8	4	6	20	False	6	7	7
validation	hole	8.0	2	rg07_theta12p495_foilpm8	4	7	21	False	7	7	7
validation	hole	8.0	2	rg07_theta12p495_foilpm8	5	2	16	False	6	5	5
validation	hole	8.0	2	rg07_theta12p495_foilpm8	5	3	20	False	7	7	6
validation	hole	8.0	2	rg07_theta12p495_foilpm8	5	4	21	False	7	7	7
validation	hole	8.0	2	rg07_theta12p495_foilpm8	5	6	21	False	7	7	7
validation	hole	8.0	2	rg07_theta12p495_foilpm8	5	7	21	False	7	7	7
validation	hole	8.0	2	rg07_theta12p495_foilpm8	6	2	20	False	7	6	7
validation	hole	8.0	2	rg07_theta12p495_foilpm8	6	3	21	False	7	7	7
validation	hole	8.0	2	rg07_theta12p495_foilpm8	6	4	21	False	7	7	7
validation	hole	8.0	2	rg07_theta12p495_foilpm8	6	5	21	False	7	7	7
validation	hole	8.0	2	rg07_theta12p495_foilpm8	6	6	21	False	7	7	7
validation	hole	8.0	2	rg07_theta12p495_foilpm8	6	7	21	False	7	7	7
validation	hole	8.0	2	rg07_theta12p495_foilpm8	7	2	10	False	3	4	3
validation	hole	8.0	2	rg07_theta12p495_foilpm8	7	3	20	False	6	7	7
validation	hole	8.0	2	rg07_theta12p495_foilpm8	7	4	21	False	7	7	7
validation	hole	8.0	2	rg07_theta12p495_foilpm8	7	5	21	False	7	7	7
validation	hole	8.0	2	rg07_theta12p495_foilpm8	7	6	21	False	7	7	7
validation	hole	8.0	2	rg07_theta12p495_foilpm8	7	7	20	False	6	7	7
validation	hole	8.0	2	rg07_theta12p495_foilpm8	8	3	21	False	7	7	7
validation	hole	8.0	2	rg07_theta12p495_foilpm8	8	4	21	False	7	7	7
validation	hole	8.0	2	rg07_theta12p495_foilpm8	8	5	21	False	7	7	7
validation	hole	8.0	2	rg07_theta12p495_foilpm8	8	6	21	False	7	7	7
validation	foil_delta	8.0	3				2741	False	915	914	912
validation	setting	8.0	3	rg03_theta12p490_foilpm8			1109	False	370	369	370
validation	hole	8.0	3	rg03_theta12p490_foilpm8	0	3	15	False	5	5	5
validation	hole	8.0	3	rg03_theta12p490_foilpm8	0	4	24	False	8	8	8
validation	hole	8.0	3	rg03_theta12p490_foilpm8	0	5	24	False	8	8	8
validation	hole	8.0	3	rg03_theta12p490_foilpm8	0	6	25	False	8	8	9
validation	hole	8.0	3	rg03_theta12p490_foilpm8	1	2	22	False	8	7	7
validation	hole	8.0	3	rg03_theta12p490_foilpm8	1	3	25	False	8	9	8
validation	hole	8.0	3	rg03_theta12p490_foilpm8	1	4	24	False	8	8	8
validation	hole	8.0	3	rg03_theta12p490_foilpm8	1	5	25	False	8	8	9
validation	hole	8.0	3	rg03_theta12p490_foilpm8	1	6	24	False	8	8	8
validation	hole	8.0	3	rg03_theta12p490_foilpm8	1	7	24	False	8	8	8
validation	hole	8.0	3	rg03_theta12p490_foilpm8	2	2	24	False	8	8	8
validation	hole	8.0	3	rg03_theta12p490_foilpm8	2	4	24	False	8	8	8
validation	hole	8.0	3	rg03_theta12p490_foilpm8	2	5	24	False	8	8	8
validation	hole	8.0	3	rg03_theta12p490_foilpm8	2	6	24	False	8	8	8
validation	hole	8.0	3	rg03_theta12p490_foilpm8	2	7	24	False	8	8	8
validation	hole	8.0	3	rg03_theta12p490_foilpm8	3	2	25	False	9	8	8
validation	hole	8.0	3	rg03_theta12p490_foilpm8	3	3	24	False	8	8	8
validation	hole	8.0	3	rg03_theta12p490_foilpm8	3	4	24	False	8	8	8
validation	hole	8.0	3	rg03_theta12p490_foilpm8	3	5	24	False	8	8	8
validation	hole	8.0	3	rg03_theta12p490_foilpm8	3	6	24	False	8	8	8
validation	hole	8.0	3	rg03_theta12p490_foilpm8	3	7	24	False	8	8	8
validation	hole	8.0	3	rg03_theta12p490_foilpm8	4	2	24	False	8	8	8
validation	hole	8.0	3	rg03_theta12p490_foilpm8	4	3	25	False	8	8	9
validation	hole	8.0	3	rg03_theta12p490_foilpm8	4	4	25	False	9	8	8
validation	hole	8.0	3	rg03_theta12p490_foilpm8	4	5	24	False	8	8	8
validation	hole	8.0	3	rg03_theta12p490_foilpm8	4	6	24	False	8	8	8
validation	hole	8.0	3	rg03_theta12p490_foilpm8	4	7	24	False	8	8	8
validation	hole	8.0	3	rg03_theta12p490_foilpm8	5	2	9	True	3	3	3
validation	hole	8.0	3	rg03_theta12p490_foilpm8	5	3	24	False	8	8	8
validation	hole	8.0	3	rg03_theta12p490_foilpm8	5	4	24	False	8	8	8
validation	hole	8.0	3	rg03_theta12p490_foilpm8	5	6	24	False	8	8	8
validation	hole	8.0	3	rg03_theta12p490_foilpm8	5	7	24	False	8	8	8
validation	hole	8.0	3	rg03_theta12p490_foilpm8	6	2	9	True	3	3	3
validation	hole	8.0	3	rg03_theta12p490_foilpm8	6	3	25	False	8	9	8
validation	hole	8.0	3	rg03_theta12p490_foilpm8	6	4	24	False	8	8	8
validation	hole	8.0	3	rg03_theta12p490_foilpm8	6	5	24	False	8	8	8
validation	hole	8.0	3	rg03_theta12p490_foilpm8	6	6	24	False	8	8	8
validation	hole	8.0	3	rg03_theta12p490_foilpm8	6	7	24	False	8	8	8
validation	hole	8.0	3	rg03_theta12p490_foilpm8	7	2	13	False	4	4	5
validation	hole	8.0	3	rg03_theta12p490_foilpm8	7	3	24	False	8	8	8
validation	hole	8.0	3	rg03_theta12p490_foilpm8	7	4	24	False	8	8	8
validation	hole	8.0	3	rg03_theta12p490_foilpm8	7	5	25	False	8	9	8
validation	hole	8.0	3	rg03_theta12p490_foilpm8	7	6	24	False	8	8	8
validation	hole	8.0	3	rg03_theta12p490_foilpm8	7	7	24	False	8	8	8
validation	hole	8.0	3	rg03_theta12p490_foilpm8	8	3	25	False	9	8	8
validation	hole	8.0	3	rg03_theta12p490_foilpm8	8	4	24	False	8	8	8
validation	hole	8.0	3	rg03_theta12p490_foilpm8	8	5	24	False	8	8	8
validation	hole	8.0	3	rg03_theta12p490_foilpm8	8	6	24	False	8	8	8
validation	setting	8.0	3	rg06_theta15p195_foilpm8			716	False	241	238	237
validation	hole	8.0	3	rg06_theta15p195_foilpm8	0	5	18	False	6	6	6
validation	hole	8.0	3	rg06_theta15p195_foilpm8	0	6	24	False	8	8	8
validation	hole	8.0	3	rg06_theta15p195_foilpm8	1	4	11	False	3	4	4
validation	hole	8.0	3	rg06_theta15p195_foilpm8	1	5	24	False	8	8	8
validation	hole	8.0	3	rg06_theta15p195_foilpm8	1	6	24	False	8	8	8
validation	hole	8.0	3	rg06_theta15p195_foilpm8	1	7	24	False	8	8	8
validation	hole	8.0	3	rg06_theta15p195_foilpm8	2	4	15	False	5	5	5
validation	hole	8.0	3	rg06_theta15p195_foilpm8	2	5	25	False	8	8	9
validation	hole	8.0	3	rg06_theta15p195_foilpm8	2	6	25	False	8	8	9
validation	hole	8.0	3	rg06_theta15p195_foilpm8	2	7	24	False	8	8	8
validation	hole	8.0	3	rg06_theta15p195_foilpm8	3	3	8	True	3	2	3
validation	hole	8.0	3	rg06_theta15p195_foilpm8	3	4	20	False	7	7	6
validation	hole	8.0	3	rg06_theta15p195_foilpm8	3	5	25	False	8	8	9
validation	hole	8.0	3	rg06_theta15p195_foilpm8	3	6	25	False	9	8	8
validation	hole	8.0	3	rg06_theta15p195_foilpm8	3	7	25	False	8	9	8
validation	hole	8.0	3	rg06_theta15p195_foilpm8	4	3	11	False	4	4	3
validation	hole	8.0	3	rg06_theta15p195_foilpm8	4	4	9	True	3	3	3
validation	hole	8.0	3	rg06_theta15p195_foilpm8	4	5	24	False	8	8	8
validation	hole	8.0	3	rg06_theta15p195_foilpm8	4	6	25	False	8	9	8
validation	hole	8.0	3	rg06_theta15p195_foilpm8	4	7	25	False	9	8	8
validation	hole	8.0	3	rg06_theta15p195_foilpm8	5	3	16	False	6	5	5
validation	hole	8.0	3	rg06_theta15p195_foilpm8	5	4	24	False	8	8	8
validation	hole	8.0	3	rg06_theta15p195_foilpm8	5	6	24	False	8	8	8
validation	hole	8.0	3	rg06_theta15p195_foilpm8	5	7	24	False	8	8	8
validation	hole	8.0	3	rg06_theta15p195_foilpm8	6	3	8	True	3	3	2
validation	hole	8.0	3	rg06_theta15p195_foilpm8	6	4	12	False	4	4	4
validation	hole	8.0	3	rg06_theta15p195_foilpm8	6	5	24	False	8	8	8
validation	hole	8.0	3	rg06_theta15p195_foilpm8	6	6	24	False	8	8	8
validation	hole	8.0	3	rg06_theta15p195_foilpm8	6	7	24	False	8	8	8
validation	hole	8.0	3	rg06_theta15p195_foilpm8	7	4	12	False	4	4	4
validation	hole	8.0	3	rg06_theta15p195_foilpm8	7	5	22	False	8	7	7
validation	hole	8.0	3	rg06_theta15p195_foilpm8	7	6	24	False	8	8	8
validation	hole	8.0	3	rg06_theta15p195_foilpm8	7	7	24	False	8	8	8
validation	hole	8.0	3	rg06_theta15p195_foilpm8	8	5	19	False	7	6	6
validation	hole	8.0	3	rg06_theta15p195_foilpm8	8	6	24	False	8	8	8
validation	setting	8.0	3	rg07_theta12p495_foilpm8			916	False	304	307	305
validation	hole	8.0	3	rg07_theta12p495_foilpm8	0	4	8	True	2	3	3
validation	hole	8.0	3	rg07_theta12p495_foilpm8	0	5	24	False	8	8	8
validation	hole	8.0	3	rg07_theta12p495_foilpm8	0	6	25	False	8	8	9
validation	hole	8.0	3	rg07_theta12p495_foilpm8	1	3	10	False	4	3	3
validation	hole	8.0	3	rg07_theta12p495_foilpm8	1	4	19	False	6	6	7
validation	hole	8.0	3	rg07_theta12p495_foilpm8	1	5	24	False	8	8	8
validation	hole	8.0	3	rg07_theta12p495_foilpm8	1	6	25	False	8	9	8
validation	hole	8.0	3	rg07_theta12p495_foilpm8	1	7	24	False	8	8	8
validation	hole	8.0	3	rg07_theta12p495_foilpm8	2	4	24	False	8	8	8
validation	hole	8.0	3	rg07_theta12p495_foilpm8	2	5	25	False	9	8	8
validation	hole	8.0	3	rg07_theta12p495_foilpm8	2	6	24	False	8	8	8
validation	hole	8.0	3	rg07_theta12p495_foilpm8	2	7	25	False	8	8	9
validation	hole	8.0	3	rg07_theta12p495_foilpm8	3	2	9	True	3	3	3
validation	hole	8.0	3	rg07_theta12p495_foilpm8	3	3	24	False	8	8	8
validation	hole	8.0	3	rg07_theta12p495_foilpm8	3	4	24	False	8	8	8
validation	hole	8.0	3	rg07_theta12p495_foilpm8	3	5	24	False	8	8	8
validation	hole	8.0	3	rg07_theta12p495_foilpm8	3	6	24	False	8	8	8
validation	hole	8.0	3	rg07_theta12p495_foilpm8	3	7	24	False	8	8	8
validation	hole	8.0	3	rg07_theta12p495_foilpm8	4	3	24	False	8	8	8
validation	hole	8.0	3	rg07_theta12p495_foilpm8	4	4	13	False	4	5	4
validation	hole	8.0	3	rg07_theta12p495_foilpm8	4	5	24	False	8	8	8
validation	hole	8.0	3	rg07_theta12p495_foilpm8	4	6	24	False	8	8	8
validation	hole	8.0	3	rg07_theta12p495_foilpm8	4	7	25	False	9	8	8
validation	hole	8.0	3	rg07_theta12p495_foilpm8	5	3	25	False	8	9	8
validation	hole	8.0	3	rg07_theta12p495_foilpm8	5	4	24	False	8	8	8
validation	hole	8.0	3	rg07_theta12p495_foilpm8	5	6	24	False	8	8	8
validation	hole	8.0	3	rg07_theta12p495_foilpm8	5	7	25	False	8	9	8
validation	hole	8.0	3	rg07_theta12p495_foilpm8	6	3	24	False	8	8	8
validation	hole	8.0	3	rg07_theta12p495_foilpm8	6	4	24	False	8	8	8
validation	hole	8.0	3	rg07_theta12p495_foilpm8	6	5	24	False	8	8	8
validation	hole	8.0	3	rg07_theta12p495_foilpm8	6	6	24	False	8	8	8
validation	hole	8.0	3	rg07_theta12p495_foilpm8	6	7	24	False	8	8	8
validation	hole	8.0	3	rg07_theta12p495_foilpm8	7	3	16	False	6	5	5
validation	hole	8.0	3	rg07_theta12p495_foilpm8	7	4	24	False	8	8	8
validation	hole	8.0	3	rg07_theta12p495_foilpm8	7	5	24	False	8	8	8
validation	hole	8.0	3	rg07_theta12p495_foilpm8	7	6	24	False	8	8	8
validation	hole	8.0	3	rg07_theta12p495_foilpm8	7	7	25	False	8	9	8
validation	hole	8.0	3	rg07_theta12p495_foilpm8	8	3	15	False	5	5	5
validation	hole	8.0	3	rg07_theta12p495_foilpm8	8	4	24	False	8	8	8
validation	hole	8.0	3	rg07_theta12p495_foilpm8	8	5	25	False	8	8	9
validation	hole	8.0	3	rg07_theta12p495_foilpm8	8	6	25	False	8	9	8
validation	foil_delta	8.0	4				2741	False	905	914	922
validation	setting	8.0	4	rg03_theta12p490_foilpm8			1450	False	478	485	487
validation	hole	8.0	4	rg03_theta12p490_foilpm8	0	4	24	False	8	8	8
validation	hole	8.0	4	rg03_theta12p490_foilpm8	0	5	38	False	13	12	13
validation	hole	8.0	4	rg03_theta12p490_foilpm8	0	6	38	False	13	13	12
validation	hole	8.0	4	rg03_theta12p490_foilpm8	1	3	18	False	6	6	6
validation	hole	8.0	4	rg03_theta12p490_foilpm8	1	4	29	False	10	9	10
validation	hole	8.0	4	rg03_theta12p490_foilpm8	1	5	38	False	12	13	13
validation	hole	8.0	4	rg03_theta12p490_foilpm8	1	6	38	False	13	12	13
validation	hole	8.0	4	rg03_theta12p490_foilpm8	1	7	38	False	13	12	13
validation	hole	8.0	4	rg03_theta12p490_foilpm8	2	2	18	False	6	6	6
validation	hole	8.0	4	rg03_theta12p490_foilpm8	2	4	38	False	12	13	13
validation	hole	8.0	4	rg03_theta12p490_foilpm8	2	5	38	False	13	13	12
validation	hole	8.0	4	rg03_theta12p490_foilpm8	2	6	38	False	13	13	12
validation	hole	8.0	4	rg03_theta12p490_foilpm8	2	7	38	False	13	13	12
validation	hole	8.0	4	rg03_theta12p490_foilpm8	3	2	15	False	5	5	5
validation	hole	8.0	4	rg03_theta12p490_foilpm8	3	3	38	False	13	13	12
validation	hole	8.0	4	rg03_theta12p490_foilpm8	3	4	38	False	13	12	13
validation	hole	8.0	4	rg03_theta12p490_foilpm8	3	5	38	False	12	13	13
validation	hole	8.0	4	rg03_theta12p490_foilpm8	3	6	38	False	13	13	12
validation	hole	8.0	4	rg03_theta12p490_foilpm8	3	7	39	False	13	13	13
validation	hole	8.0	4	rg03_theta12p490_foilpm8	4	2	17	False	5	6	6
validation	hole	8.0	4	rg03_theta12p490_foilpm8	4	3	29	False	9	10	10
validation	hole	8.0	4	rg03_theta12p490_foilpm8	4	4	23	False	7	8	8
validation	hole	8.0	4	rg03_theta12p490_foilpm8	4	5	38	False	12	13	13
validation	hole	8.0	4	rg03_theta12p490_foilpm8	4	6	38	False	13	12	13
validation	hole	8.0	4	rg03_theta12p490_foilpm8	4	7	38	False	13	12	13
validation	hole	8.0	4	rg03_theta12p490_foilpm8	5	2	11	False	3	4	4
validation	hole	8.0	4	rg03_theta12p490_foilpm8	5	3	38	False	12	13	13
validation	hole	8.0	4	rg03_theta12p490_foilpm8	5	4	38	False	13	12	13
validation	hole	8.0	4	rg03_theta12p490_foilpm8	5	6	38	False	12	13	13
validation	hole	8.0	4	rg03_theta12p490_foilpm8	5	7	38	False	13	13	12
validation	hole	8.0	4	rg03_theta12p490_foilpm8	6	2	10	False	3	3	4
validation	hole	8.0	4	rg03_theta12p490_foilpm8	6	3	25	False	8	8	9
validation	hole	8.0	4	rg03_theta12p490_foilpm8	6	4	38	False	13	12	13
validation	hole	8.0	4	rg03_theta12p490_foilpm8	6	5	38	False	12	13	13
validation	hole	8.0	4	rg03_theta12p490_foilpm8	6	6	38	False	12	13	13
validation	hole	8.0	4	rg03_theta12p490_foilpm8	6	7	38	False	13	13	12
validation	hole	8.0	4	rg03_theta12p490_foilpm8	7	2	6	True	2	2	2
validation	hole	8.0	4	rg03_theta12p490_foilpm8	7	3	31	False	10	11	10
validation	hole	8.0	4	rg03_theta12p490_foilpm8	7	4	30	False	10	10	10
validation	hole	8.0	4	rg03_theta12p490_foilpm8	7	5	38	False	12	13	13
validation	hole	8.0	4	rg03_theta12p490_foilpm8	7	6	38	False	13	12	13
validation	hole	8.0	4	rg03_theta12p490_foilpm8	7	7	38	False	12	13	13
validation	hole	8.0	4	rg03_theta12p490_foilpm8	8	4	23	False	7	8	8
validation	hole	8.0	4	rg03_theta12p490_foilpm8	8	5	38	False	12	13	13
validation	hole	8.0	4	rg03_theta12p490_foilpm8	8	6	38	False	13	13	12
validation	setting	8.0	4	rg06_theta15p195_foilpm8			371	False	120	123	128
validation	hole	8.0	4	rg06_theta15p195_foilpm8	0	6	13	False	4	4	5
validation	hole	8.0	4	rg06_theta15p195_foilpm8	1	5	13	False	4	4	5
validation	hole	8.0	4	rg06_theta15p195_foilpm8	1	6	19	False	7	6	6
validation	hole	8.0	4	rg06_theta15p195_foilpm8	1	7	19	False	6	6	7
validation	hole	8.0	4	rg06_theta15p195_foilpm8	2	4	10	False	3	4	3
validation	hole	8.0	4	rg06_theta15p195_foilpm8	2	5	13	False	4	4	5
validation	hole	8.0	4	rg06_theta15p195_foilpm8	2	6	19	False	6	7	6
validation	hole	8.0	4	rg06_theta15p195_foilpm8	2	7	19	False	6	6	7
validation	hole	8.0	4	rg06_theta15p195_foilpm8	3	5	17	False	6	5	6
validation	hole	8.0	4	rg06_theta15p195_foilpm8	3	6	19	False	6	6	7
validation	hole	8.0	4	rg06_theta15p195_foilpm8	3	7	19	False	7	6	6
validation	hole	8.0	4	rg06_theta15p195_foilpm8	4	5	14	False	4	5	5
validation	hole	8.0	4	rg06_theta15p195_foilpm8	4	6	19	False	6	7	6
validation	hole	8.0	4	rg06_theta15p195_foilpm8	4	7	19	False	6	6	7
validation	hole	8.0	4	rg06_theta15p195_foilpm8	5	6	19	False	6	6	7
validation	hole	8.0	4	rg06_theta15p195_foilpm8	5	7	19	False	6	7	6
validation	hole	8.0	4	rg06_theta15p195_foilpm8	6	5	9	True	3	3	3
validation	hole	8.0	4	rg06_theta15p195_foilpm8	6	6	17	False	5	6	6
validation	hole	8.0	4	rg06_theta15p195_foilpm8	6	7	19	False	6	6	7
validation	hole	8.0	4	rg06_theta15p195_foilpm8	7	5	10	False	4	3	3
validation	hole	8.0	4	rg06_theta15p195_foilpm8	7	6	16	False	5	6	5
validation	hole	8.0	4	rg06_theta15p195_foilpm8	7	7	19	False	7	6	6
validation	hole	8.0	4	rg06_theta15p195_foilpm8	8	6	11	False	3	4	4
validation	setting	8.0	4	rg07_theta12p495_foilpm8			920	False	307	306	307
validation	hole	8.0	4	rg07_theta12p495_foilpm8	0	5	13	False	4	4	5
validation	hole	8.0	4	rg07_theta12p495_foilpm8	0	6	30	False	10	10	10
validation	hole	8.0	4	rg07_theta12p495_foilpm8	1	4	19	False	6	6	7
validation	hole	8.0	4	rg07_theta12p495_foilpm8	1	5	30	False	10	10	10
validation	hole	8.0	4	rg07_theta12p495_foilpm8	1	6	30	False	10	10	10
validation	hole	8.0	4	rg07_theta12p495_foilpm8	1	7	30	False	10	10	10
validation	hole	8.0	4	rg07_theta12p495_foilpm8	2	4	30	False	10	10	10
validation	hole	8.0	4	rg07_theta12p495_foilpm8	2	5	30	False	10	10	10
validation	hole	8.0	4	rg07_theta12p495_foilpm8	2	6	30	False	10	10	10
validation	hole	8.0	4	rg07_theta12p495_foilpm8	2	7	30	False	10	10	10
validation	hole	8.0	4	rg07_theta12p495_foilpm8	3	3	20	False	7	7	6
validation	hole	8.0	4	rg07_theta12p495_foilpm8	3	4	26	False	9	9	8
validation	hole	8.0	4	rg07_theta12p495_foilpm8	3	5	30	False	10	10	10
validation	hole	8.0	4	rg07_theta12p495_foilpm8	3	6	30	False	10	10	10
validation	hole	8.0	4	rg07_theta12p495_foilpm8	3	7	30	False	10	10	10
validation	hole	8.0	4	rg07_theta12p495_foilpm8	4	3	25	False	9	8	8
validation	hole	8.0	4	rg07_theta12p495_foilpm8	4	5	30	False	10	10	10
validation	hole	8.0	4	rg07_theta12p495_foilpm8	4	6	30	False	10	10	10
validation	hole	8.0	4	rg07_theta12p495_foilpm8	4	7	30	False	10	10	10
validation	hole	8.0	4	rg07_theta12p495_foilpm8	5	3	15	False	5	5	5
validation	hole	8.0	4	rg07_theta12p495_foilpm8	5	4	30	False	10	10	10
validation	hole	8.0	4	rg07_theta12p495_foilpm8	5	6	30	False	10	10	10
validation	hole	8.0	4	rg07_theta12p495_foilpm8	5	7	30	False	10	10	10
validation	hole	8.0	4	rg07_theta12p495_foilpm8	6	3	11	False	3	4	4
validation	hole	8.0	4	rg07_theta12p495_foilpm8	6	4	20	False	7	6	7
validation	hole	8.0	4	rg07_theta12p495_foilpm8	6	5	30	False	10	10	10
validation	hole	8.0	4	rg07_theta12p495_foilpm8	6	6	30	False	10	10	10
validation	hole	8.0	4	rg07_theta12p495_foilpm8	6	7	30	False	10	10	10
validation	hole	8.0	4	rg07_theta12p495_foilpm8	7	3	10	False	3	4	3
validation	hole	8.0	4	rg07_theta12p495_foilpm8	7	4	20	False	7	7	6
validation	hole	8.0	4	rg07_theta12p495_foilpm8	7	5	30	False	10	10	10
validation	hole	8.0	4	rg07_theta12p495_foilpm8	7	6	30	False	10	10	10
validation	hole	8.0	4	rg07_theta12p495_foilpm8	7	7	30	False	10	10	10
validation	hole	8.0	4	rg07_theta12p495_foilpm8	8	4	8	True	3	2	3
validation	hole	8.0	4	rg07_theta12p495_foilpm8	8	5	15	False	5	5	5
validation	hole	8.0	4	rg07_theta12p495_foilpm8	8	6	28	False	9	9	10
