target	alpha	l1	fold	term	selected
xptar	0.0001	0.1	0	00000	True
xptar	0.0001	0.1	0	10000	True
xptar	0.0001	0.1	0	01000	True
xptar	0.0001	0.1	0	00100	True
xptar	0.0001	0.1	0	00010	True
xptar	0.0001	0.1	0	20000	True
xptar	0.0001	0.1	0	11000	True
xptar	0.0001	0.1	0	02000	True
xptar	0.0001	0.1	0	10100	True
xptar	0.0001	0.1	0	01100	True
xptar	0.0001	0.1	0	00200	True
xptar	0.0001	0.1	0	10010	True
xptar	0.0001	0.1	0	01010	True
xptar	0.0001	0.1	0	00110	True
xptar	0.0001	0.1	0	00020	True
xptar	0.0001	0.1	0	30000	True
xptar	0.0001	0.1	0	21000	True
xptar	0.0001	0.1	0	12000	True
xptar	0.0001	0.1	0	03000	True
xptar	0.0001	0.1	0	20100	True
xptar	0.0001	0.1	0	11100	True
xptar	0.0001	0.1	0	02100	True
xptar	0.0001	0.1	0	10200	True
xptar	0.0001	0.1	0	01200	True
xptar	0.0001	0.1	0	00300	True
xptar	0.0001	0.1	0	20010	True
xptar	0.0001	0.1	0	11010	True
xptar	0.0001	0.1	0	02010	True
xptar	0.0001	0.1	0	10110	True
xptar	0.0001	0.1	0	01110	False
xptar	0.0001	0.1	0	00210	False
xptar	0.0001	0.1	0	10020	True
xptar	0.0001	0.1	0	01020	True
xptar	0.0001	0.1	0	00120	True
xptar	0.0001	0.1	0	00030	True
xptar	0.0001	0.1	0	40000	True
xptar	0.0001	0.1	0	31000	True
xptar	0.0001	0.1	0	22000	True
xptar	0.0001	0.1	0	13000	True
xptar	0.0001	0.1	0	04000	True
xptar	0.0001	0.1	0	30100	True
xptar	0.0001	0.1	0	21100	False
xptar	0.0001	0.1	0	12100	False
xptar	0.0001	0.1	0	03100	True
xptar	0.0001	0.1	0	20200	True
xptar	0.0001	0.1	0	11200	True
xptar	0.0001	0.1	0	02200	True
xptar	0.0001	0.1	0	10300	True
xptar	0.0001	0.1	0	01300	True
xptar	0.0001	0.1	0	00400	False
xptar	0.0001	0.1	0	30010	True
xptar	0.0001	0.1	0	21010	True
xptar	0.0001	0.1	0	12010	True
xptar	0.0001	0.1	0	03010	True
xptar	0.0001	0.1	0	20110	False
xptar	0.0001	0.1	0	11110	True
xptar	0.0001	0.1	0	02110	True
xptar	0.0001	0.1	0	10210	False
xptar	0.0001	0.1	0	01210	True
xptar	0.0001	0.1	0	00310	True
xptar	0.0001	0.1	0	20020	False
xptar	0.0001	0.1	0	11020	False
xptar	0.0001	0.1	0	02020	True
xptar	0.0001	0.1	0	10120	True
xptar	0.0001	0.1	0	01120	True
xptar	0.0001	0.1	0	00220	True
xptar	0.0001	0.1	0	10030	False
xptar	0.0001	0.1	0	01030	True
xptar	0.0001	0.1	0	00130	False
xptar	0.0001	0.1	0	00040	True
xptar	0.0001	0.1	0	50000	True
xptar	0.0001	0.1	0	41000	True
xptar	0.0001	0.1	0	32000	True
xptar	0.0001	0.1	0	23000	True
xptar	0.0001	0.1	0	14000	True
xptar	0.0001	0.1	0	05000	True
xptar	0.0001	0.1	0	40100	False
xptar	0.0001	0.1	0	31100	False
xptar	0.0001	0.1	0	22100	True
xptar	0.0001	0.1	0	13100	False
xptar	0.0001	0.1	0	04100	True
xptar	0.0001	0.1	0	30200	True
xptar	0.0001	0.1	0	21200	True
xptar	0.0001	0.1	0	12200	False
xptar	0.0001	0.1	0	03200	True
xptar	0.0001	0.1	0	20300	True
xptar	0.0001	0.1	0	11300	True
xptar	0.0001	0.1	0	02300	True
xptar	0.0001	0.1	0	10400	True
xptar	0.0001	0.1	0	01400	True
xptar	0.0001	0.1	0	00500	True
xptar	0.0001	0.1	0	40010	True
xptar	0.0001	0.1	0	31010	True
xptar	0.0001	0.1	0	22010	True
xptar	0.0001	0.1	0	13010	False
xptar	0.0001	0.1	0	04010	True
xptar	0.0001	0.1	0	30110	False
xptar	0.0001	0.1	0	21110	True
xptar	0.0001	0.1	0	12110	False
xptar	0.0001	0.1	0	03110	True
xptar	0.0001	0.1	0	20210	True
xptar	0.0001	0.1	0	11210	True
xptar	0.0001	0.1	0	02210	True
xptar	0.0001	0.1	0	10310	False
xptar	0.0001	0.1	0	01310	False
xptar	0.0001	0.1	0	00410	False
xptar	0.0001	0.1	0	30020	True
xptar	0.0001	0.1	0	21020	True
xptar	0.0001	0.1	0	12020	False
xptar	0.0001	0.1	0	03020	False
xptar	0.0001	0.1	0	20120	True
xptar	0.0001	0.1	0	11120	False
xptar	0.0001	0.1	0	02120	False
xptar	0.0001	0.1	0	10220	False
xptar	0.0001	0.1	0	01220	False
xptar	0.0001	0.1	0	00320	False
xptar	0.0001	0.1	0	20030	True
xptar	0.0001	0.1	0	11030	True
xptar	0.0001	0.1	0	02030	False
xptar	0.0001	0.1	0	10130	False
xptar	0.0001	0.1	0	01130	False
xptar	0.0001	0.1	0	00230	True
xptar	0.0001	0.1	0	10040	True
xptar	0.0001	0.1	0	01040	True
xptar	0.0001	0.1	0	00140	False
xptar	0.0001	0.1	0	00050	False
xptar	0.0001	0.1	0	60000	True
xptar	0.0001	0.1	0	51000	True
xptar	0.0001	0.1	0	42000	True
xptar	0.0001	0.1	0	33000	True
xptar	0.0001	0.1	0	24000	True
xptar	0.0001	0.1	0	15000	True
xptar	0.0001	0.1	0	06000	True
xptar	0.0001	0.1	0	50100	True
xptar	0.0001	0.1	0	41100	True
xptar	0.0001	0.1	0	32100	True
xptar	0.0001	0.1	0	23100	False
xptar	0.0001	0.1	0	14100	False
xptar	0.0001	0.1	0	05100	True
xptar	0.0001	0.1	0	40200	True
xptar	0.0001	0.1	0	31200	True
xptar	0.0001	0.1	0	22200	False
xptar	0.0001	0.1	0	13200	True
xptar	0.0001	0.1	0	04200	True
xptar	0.0001	0.1	0	30300	False
xptar	0.0001	0.1	0	21300	True
xptar	0.0001	0.1	0	12300	False
xptar	0.0001	0.1	0	03300	True
xptar	0.0001	0.1	0	20400	False
xptar	0.0001	0.1	0	11400	True
xptar	0.0001	0.1	0	02400	False
xptar	0.0001	0.1	0	10500	False
xptar	0.0001	0.1	0	01500	True
xptar	0.0001	0.1	0	00600	True
xptar	0.0001	0.1	0	50010	False
xptar	0.0001	0.1	0	41010	True
xptar	0.0001	0.1	0	32010	True
xptar	0.0001	0.1	0	23010	False
xptar	0.0001	0.1	0	14010	True
xptar	0.0001	0.1	0	05010	True
xptar	0.0001	0.1	0	40110	True
xptar	0.0001	0.1	0	31110	True
xptar	0.0001	0.1	0	22110	True
xptar	0.0001	0.1	0	13110	False
xptar	0.0001	0.1	0	04110	False
xptar	0.0001	0.1	0	30210	False
xptar	0.0001	0.1	0	21210	False
xptar	0.0001	0.1	0	12210	False
xptar	0.0001	0.1	0	03210	True
xptar	0.0001	0.1	0	20310	False
xptar	0.0001	0.1	0	11310	True
xptar	0.0001	0.1	0	02310	False
xptar	0.0001	0.1	0	10410	False
xptar	0.0001	0.1	0	01410	True
xptar	0.0001	0.1	0	00510	False
xptar	0.0001	0.1	0	40020	True
xptar	0.0001	0.1	0	31020	True
xptar	0.0001	0.1	0	22020	False
xptar	0.0001	0.1	0	13020	False
xptar	0.0001	0.1	0	04020	True
xptar	0.0001	0.1	0	30120	False
xptar	0.0001	0.1	0	21120	False
xptar	0.0001	0.1	0	12120	False
xptar	0.0001	0.1	0	03120	False
xptar	0.0001	0.1	0	20220	False
xptar	0.0001	0.1	0	11220	False
xptar	0.0001	0.1	0	02220	False
xptar	0.0001	0.1	0	10320	False
xptar	0.0001	0.1	0	01320	True
xptar	0.0001	0.1	0	00420	False
xptar	0.0001	0.1	0	30030	False
xptar	0.0001	0.1	0	21030	True
xptar	0.0001	0.1	0	12030	False
xptar	0.0001	0.1	0	03030	True
xptar	0.0001	0.1	0	20130	False
xptar	0.0001	0.1	0	11130	False
xptar	0.0001	0.1	0	02130	False
xptar	0.0001	0.1	0	10230	False
xptar	0.0001	0.1	0	01230	False
xptar	0.0001	0.1	0	00330	False
xptar	0.0001	0.1	0	20040	False
xptar	0.0001	0.1	0	11040	False
xptar	0.0001	0.1	0	02040	False
xptar	0.0001	0.1	0	10140	False
xptar	0.0001	0.1	0	01140	False
xptar	0.0001	0.1	0	00240	True
xptar	0.0001	0.1	0	10050	False
xptar	0.0001	0.1	0	01050	True
xptar	0.0001	0.1	0	00150	True
xptar	0.0001	0.1	0	00060	False
xptar	3e-05	0.1	0	00000	True
xptar	3e-05	0.1	0	10000	True
xptar	3e-05	0.1	0	01000	True
xptar	3e-05	0.1	0	00100	True
xptar	3e-05	0.1	0	00010	True
xptar	3e-05	0.1	0	20000	True
xptar	3e-05	0.1	0	11000	True
xptar	3e-05	0.1	0	02000	True
xptar	3e-05	0.1	0	10100	True
xptar	3e-05	0.1	0	01100	True
xptar	3e-05	0.1	0	00200	True
xptar	3e-05	0.1	0	10010	True
xptar	3e-05	0.1	0	01010	True
xptar	3e-05	0.1	0	00110	True
xptar	3e-05	0.1	0	00020	True
xptar	3e-05	0.1	0	30000	True
xptar	3e-05	0.1	0	21000	True
xptar	3e-05	0.1	0	12000	True
xptar	3e-05	0.1	0	03000	True
xptar	3e-05	0.1	0	20100	True
xptar	3e-05	0.1	0	11100	True
xptar	3e-05	0.1	0	02100	True
xptar	3e-05	0.1	0	10200	True
xptar	3e-05	0.1	0	01200	True
xptar	3e-05	0.1	0	00300	True
xptar	3e-05	0.1	0	20010	True
xptar	3e-05	0.1	0	11010	True
xptar	3e-05	0.1	0	02010	True
xptar	3e-05	0.1	0	10110	True
xptar	3e-05	0.1	0	01110	True
xptar	3e-05	0.1	0	00210	True
xptar	3e-05	0.1	0	10020	True
xptar	3e-05	0.1	0	01020	True
xptar	3e-05	0.1	0	00120	False
xptar	3e-05	0.1	0	00030	True
xptar	3e-05	0.1	0	40000	True
xptar	3e-05	0.1	0	31000	True
xptar	3e-05	0.1	0	22000	True
xptar	3e-05	0.1	0	13000	True
xptar	3e-05	0.1	0	04000	True
xptar	3e-05	0.1	0	30100	True
xptar	3e-05	0.1	0	21100	True
xptar	3e-05	0.1	0	12100	True
xptar	3e-05	0.1	0	03100	True
xptar	3e-05	0.1	0	20200	True
xptar	3e-05	0.1	0	11200	True
xptar	3e-05	0.1	0	02200	True
xptar	3e-05	0.1	0	10300	True
xptar	3e-05	0.1	0	01300	True
xptar	3e-05	0.1	0	00400	False
xptar	3e-05	0.1	0	30010	True
xptar	3e-05	0.1	0	21010	True
xptar	3e-05	0.1	0	12010	True
xptar	3e-05	0.1	0	03010	True
xptar	3e-05	0.1	0	20110	True
xptar	3e-05	0.1	0	11110	True
xptar	3e-05	0.1	0	02110	True
xptar	3e-05	0.1	0	10210	False
xptar	3e-05	0.1	0	01210	True
xptar	3e-05	0.1	0	00310	True
xptar	3e-05	0.1	0	20020	True
xptar	3e-05	0.1	0	11020	True
xptar	3e-05	0.1	0	02020	True
xptar	3e-05	0.1	0	10120	True
xptar	3e-05	0.1	0	01120	False
xptar	3e-05	0.1	0	00220	False
xptar	3e-05	0.1	0	10030	False
xptar	3e-05	0.1	0	01030	True
xptar	3e-05	0.1	0	00130	False
xptar	3e-05	0.1	0	00040	False
xptar	3e-05	0.1	0	50000	True
xptar	3e-05	0.1	0	41000	True
xptar	3e-05	0.1	0	32000	True
xptar	3e-05	0.1	0	23000	True
xptar	3e-05	0.1	0	14000	True
xptar	3e-05	0.1	0	05000	True
xptar	3e-05	0.1	0	40100	True
xptar	3e-05	0.1	0	31100	True
xptar	3e-05	0.1	0	22100	True
xptar	3e-05	0.1	0	13100	True
xptar	3e-05	0.1	0	04100	True
xptar	3e-05	0.1	0	30200	True
xptar	3e-05	0.1	0	21200	True
xptar	3e-05	0.1	0	12200	True
xptar	3e-05	0.1	0	03200	True
xptar	3e-05	0.1	0	20300	True
xptar	3e-05	0.1	0	11300	True
xptar	3e-05	0.1	0	02300	True
xptar	3e-05	0.1	0	10400	False
xptar	3e-05	0.1	0	01400	True
xptar	3e-05	0.1	0	00500	True
xptar	3e-05	0.1	0	40010	True
xptar	3e-05	0.1	0	31010	True
xptar	3e-05	0.1	0	22010	True
xptar	3e-05	0.1	0	13010	False
xptar	3e-05	0.1	0	04010	True
xptar	3e-05	0.1	0	30110	False
xptar	3e-05	0.1	0	21110	True
xptar	3e-05	0.1	0	12110	True
xptar	3e-05	0.1	0	03110	True
xptar	3e-05	0.1	0	20210	True
xptar	3e-05	0.1	0	11210	True
xptar	3e-05	0.1	0	02210	False
xptar	3e-05	0.1	0	10310	False
xptar	3e-05	0.1	0	01310	False
xptar	3e-05	0.1	0	00410	False
xptar	3e-05	0.1	0	30020	True
xptar	3e-05	0.1	0	21020	False
xptar	3e-05	0.1	0	12020	True
xptar	3e-05	0.1	0	03020	True
xptar	3e-05	0.1	0	20120	True
xptar	3e-05	0.1	0	11120	False
xptar	3e-05	0.1	0	02120	True
xptar	3e-05	0.1	0	10220	True
xptar	3e-05	0.1	0	01220	False
xptar	3e-05	0.1	0	00320	True
xptar	3e-05	0.1	0	20030	True
xptar	3e-05	0.1	0	11030	True
xptar	3e-05	0.1	0	02030	False
xptar	3e-05	0.1	0	10130	False
xptar	3e-05	0.1	0	01130	True
xptar	3e-05	0.1	0	00230	True
xptar	3e-05	0.1	0	10040	True
xptar	3e-05	0.1	0	01040	False
xptar	3e-05	0.1	0	00140	False
xptar	3e-05	0.1	0	00050	False
xptar	3e-05	0.1	0	60000	True
xptar	3e-05	0.1	0	51000	True
xptar	3e-05	0.1	0	42000	True
xptar	3e-05	0.1	0	33000	True
xptar	3e-05	0.1	0	24000	True
xptar	3e-05	0.1	0	15000	True
xptar	3e-05	0.1	0	06000	True
xptar	3e-05	0.1	0	50100	True
xptar	3e-05	0.1	0	41100	True
xptar	3e-05	0.1	0	32100	True
xptar	3e-05	0.1	0	23100	True
xptar	3e-05	0.1	0	14100	False
xptar	3e-05	0.1	0	05100	True
xptar	3e-05	0.1	0	40200	True
xptar	3e-05	0.1	0	31200	True
xptar	3e-05	0.1	0	22200	False
xptar	3e-05	0.1	0	13200	True
xptar	3e-05	0.1	0	04200	False
xptar	3e-05	0.1	0	30300	False
xptar	3e-05	0.1	0	21300	True
xptar	3e-05	0.1	0	12300	False
xptar	3e-05	0.1	0	03300	True
xptar	3e-05	0.1	0	20400	False
xptar	3e-05	0.1	0	11400	True
xptar	3e-05	0.1	0	02400	False
xptar	3e-05	0.1	0	10500	False
xptar	3e-05	0.1	0	01500	True
xptar	3e-05	0.1	0	00600	True
xptar	3e-05	0.1	0	50010	True
xptar	3e-05	0.1	0	41010	True
xptar	3e-05	0.1	0	32010	True
xptar	3e-05	0.1	0	23010	False
xptar	3e-05	0.1	0	14010	True
xptar	3e-05	0.1	0	05010	True
xptar	3e-05	0.1	0	40110	True
xptar	3e-05	0.1	0	31110	True
xptar	3e-05	0.1	0	22110	False
xptar	3e-05	0.1	0	13110	True
xptar	3e-05	0.1	0	04110	True
xptar	3e-05	0.1	0	30210	False
xptar	3e-05	0.1	0	21210	False
xptar	3e-05	0.1	0	12210	False
xptar	3e-05	0.1	0	03210	True
xptar	3e-05	0.1	0	20310	False
xptar	3e-05	0.1	0	11310	True
xptar	3e-05	0.1	0	02310	False
xptar	3e-05	0.1	0	10410	False
xptar	3e-05	0.1	0	01410	True
xptar	3e-05	0.1	0	00510	False
xptar	3e-05	0.1	0	40020	True
xptar	3e-05	0.1	0	31020	True
xptar	3e-05	0.1	0	22020	False
xptar	3e-05	0.1	0	13020	True
xptar	3e-05	0.1	0	04020	True
xptar	3e-05	0.1	0	30120	True
xptar	3e-05	0.1	0	21120	False
xptar	3e-05	0.1	0	12120	True
xptar	3e-05	0.1	0	03120	True
xptar	3e-05	0.1	0	20220	False
xptar	3e-05	0.1	0	11220	False
xptar	3e-05	0.1	0	02220	True
xptar	3e-05	0.1	0	10320	False
xptar	3e-05	0.1	0	01320	True
xptar	3e-05	0.1	0	00420	False
xptar	3e-05	0.1	0	30030	True
xptar	3e-05	0.1	0	21030	True
xptar	3e-05	0.1	0	12030	False
xptar	3e-05	0.1	0	03030	True
xptar	3e-05	0.1	0	20130	False
xptar	3e-05	0.1	0	11130	False
xptar	3e-05	0.1	0	02130	False
xptar	3e-05	0.1	0	10230	False
xptar	3e-05	0.1	0	01230	False
xptar	3e-05	0.1	0	00330	False
xptar	3e-05	0.1	0	20040	False
xptar	3e-05	0.1	0	11040	False
xptar	3e-05	0.1	0	02040	True
xptar	3e-05	0.1	0	10140	False
xptar	3e-05	0.1	0	01140	False
xptar	3e-05	0.1	0	00240	False
xptar	3e-05	0.1	0	10050	True
xptar	3e-05	0.1	0	01050	True
xptar	3e-05	0.1	0	00150	False
xptar	3e-05	0.1	0	00060	True
xptar	0.0001	0.5	0	00000	True
xptar	0.0001	0.5	0	10000	True
xptar	0.0001	0.5	0	01000	True
xptar	0.0001	0.5	0	00100	True
xptar	0.0001	0.5	0	00010	True
xptar	0.0001	0.5	0	20000	True
xptar	0.0001	0.5	0	11000	True
xptar	0.0001	0.5	0	02000	True
xptar	0.0001	0.5	0	10100	True
xptar	0.0001	0.5	0	01100	True
xptar	0.0001	0.5	0	00200	True
xptar	0.0001	0.5	0	10010	True
xptar	0.0001	0.5	0	01010	True
xptar	0.0001	0.5	0	00110	False
xptar	0.0001	0.5	0	00020	False
xptar	0.0001	0.5	0	30000	True
xptar	0.0001	0.5	0	21000	True
xptar	0.0001	0.5	0	12000	False
xptar	0.0001	0.5	0	03000	True
xptar	0.0001	0.5	0	20100	True
xptar	0.0001	0.5	0	11100	True
xptar	0.0001	0.5	0	02100	True
xptar	0.0001	0.5	0	10200	True
xptar	0.0001	0.5	0	01200	True
xptar	0.0001	0.5	0	00300	True
xptar	0.0001	0.5	0	20010	True
xptar	0.0001	0.5	0	11010	True
xptar	0.0001	0.5	0	02010	True
xptar	0.0001	0.5	0	10110	False
xptar	0.0001	0.5	0	01110	True
xptar	0.0001	0.5	0	00210	False
xptar	0.0001	0.5	0	10020	False
xptar	0.0001	0.5	0	01020	True
xptar	0.0001	0.5	0	00120	False
xptar	0.0001	0.5	0	00030	True
xptar	0.0001	0.5	0	40000	True
xptar	0.0001	0.5	0	31000	True
xptar	0.0001	0.5	0	22000	False
xptar	0.0001	0.5	0	13000	False
xptar	0.0001	0.5	0	04000	True
xptar	0.0001	0.5	0	30100	True
xptar	0.0001	0.5	0	21100	False
xptar	0.0001	0.5	0	12100	False
xptar	0.0001	0.5	0	03100	True
xptar	0.0001	0.5	0	20200	True
xptar	0.0001	0.5	0	11200	True
xptar	0.0001	0.5	0	02200	False
xptar	0.0001	0.5	0	10300	True
xptar	0.0001	0.5	0	01300	False
xptar	0.0001	0.5	0	00400	False
xptar	0.0001	0.5	0	30010	True
xptar	0.0001	0.5	0	21010	False
xptar	0.0001	0.5	0	12010	True
xptar	0.0001	0.5	0	03010	False
xptar	0.0001	0.5	0	20110	False
xptar	0.0001	0.5	0	11110	True
xptar	0.0001	0.5	0	02110	False
xptar	0.0001	0.5	0	10210	False
xptar	0.0001	0.5	0	01210	True
xptar	0.0001	0.5	0	00310	False
xptar	0.0001	0.5	0	20020	False
xptar	0.0001	0.5	0	11020	False
xptar	0.0001	0.5	0	02020	True
xptar	0.0001	0.5	0	10120	True
xptar	0.0001	0.5	0	01120	False
xptar	0.0001	0.5	0	00220	False
xptar	0.0001	0.5	0	10030	False
xptar	0.0001	0.5	0	01030	False
xptar	0.0001	0.5	0	00130	False
xptar	0.0001	0.5	0	00040	False
xptar	0.0001	0.5	0	50000	True
xptar	0.0001	0.5	0	41000	True
xptar	0.0001	0.5	0	32000	False
xptar	0.0001	0.5	0	23000	False
xptar	0.0001	0.5	0	14000	True
xptar	0.0001	0.5	0	05000	True
xptar	0.0001	0.5	0	40100	False
xptar	0.0001	0.5	0	31100	False
xptar	0.0001	0.5	0	22100	False
xptar	0.0001	0.5	0	13100	False
xptar	0.0001	0.5	0	04100	True
xptar	0.0001	0.5	0	30200	True
xptar	0.0001	0.5	0	21200	True
xptar	0.0001	0.5	0	12200	False
xptar	0.0001	0.5	0	03200	True
xptar	0.0001	0.5	0	20300	False
xptar	0.0001	0.5	0	11300	True
xptar	0.0001	0.5	0	02300	False
xptar	0.0001	0.5	0	10400	True
xptar	0.0001	0.5	0	01400	True
xptar	0.0001	0.5	0	00500	True
xptar	0.0001	0.5	0	40010	False
xptar	0.0001	0.5	0	31010	False
xptar	0.0001	0.5	0	22010	False
xptar	0.0001	0.5	0	13010	False
xptar	0.0001	0.5	0	04010	False
xptar	0.0001	0.5	0	30110	False
xptar	0.0001	0.5	0	21110	True
xptar	0.0001	0.5	0	12110	False
xptar	0.0001	0.5	0	03110	True
xptar	0.0001	0.5	0	20210	False
xptar	0.0001	0.5	0	11210	True
xptar	0.0001	0.5	0	02210	True
xptar	0.0001	0.5	0	10310	False
xptar	0.0001	0.5	0	01310	True
xptar	0.0001	0.5	0	00410	False
xptar	0.0001	0.5	0	30020	True
xptar	0.0001	0.5	0	21020	False
xptar	0.0001	0.5	0	12020	False
xptar	0.0001	0.5	0	03020	False
xptar	0.0001	0.5	0	20120	False
xptar	0.0001	0.5	0	11120	False
xptar	0.0001	0.5	0	02120	False
xptar	0.0001	0.5	0	10220	False
xptar	0.0001	0.5	0	01220	False
xptar	0.0001	0.5	0	00320	False
xptar	0.0001	0.5	0	20030	False
xptar	0.0001	0.5	0	11030	False
xptar	0.0001	0.5	0	02030	True
xptar	0.0001	0.5	0	10130	False
xptar	0.0001	0.5	0	01130	False
xptar	0.0001	0.5	0	00230	False
xptar	0.0001	0.5	0	10040	False
xptar	0.0001	0.5	0	01040	False
xptar	0.0001	0.5	0	00140	False
xptar	0.0001	0.5	0	00050	False
xptar	0.0001	0.5	0	60000	False
xptar	0.0001	0.5	0	51000	True
xptar	0.0001	0.5	0	42000	False
xptar	0.0001	0.5	0	33000	False
xptar	0.0001	0.5	0	24000	False
xptar	0.0001	0.5	0	15000	True
xptar	0.0001	0.5	0	06000	False
xptar	0.0001	0.5	0	50100	False
xptar	0.0001	0.5	0	41100	False
xptar	0.0001	0.5	0	32100	False
xptar	0.0001	0.5	0	23100	False
xptar	0.0001	0.5	0	14100	True
xptar	0.0001	0.5	0	05100	False
xptar	0.0001	0.5	0	40200	True
xptar	0.0001	0.5	0	31200	True
xptar	0.0001	0.5	0	22200	False
xptar	0.0001	0.5	0	13200	False
xptar	0.0001	0.5	0	04200	True
xptar	0.0001	0.5	0	30300	False
xptar	0.0001	0.5	0	21300	False
xptar	0.0001	0.5	0	12300	False
xptar	0.0001	0.5	0	03300	False
xptar	0.0001	0.5	0	20400	True
xptar	0.0001	0.5	0	11400	True
xptar	0.0001	0.5	0	02400	False
xptar	0.0001	0.5	0	10500	False
xptar	0.0001	0.5	0	01500	False
xptar	0.0001	0.5	0	00600	True
xptar	0.0001	0.5	0	50010	False
xptar	0.0001	0.5	0	41010	False
xptar	0.0001	0.5	0	32010	True
xptar	0.0001	0.5	0	23010	False
xptar	0.0001	0.5	0	14010	False
xptar	0.0001	0.5	0	05010	True
xptar	0.0001	0.5	0	40110	False
xptar	0.0001	0.5	0	31110	True
xptar	0.0001	0.5	0	22110	True
xptar	0.0001	0.5	0	13110	False
xptar	0.0001	0.5	0	04110	False
xptar	0.0001	0.5	0	30210	False
xptar	0.0001	0.5	0	21210	False
xptar	0.0001	0.5	0	12210	False
xptar	0.0001	0.5	0	03210	False
xptar	0.0001	0.5	0	20310	False
xptar	0.0001	0.5	0	11310	False
xptar	0.0001	0.5	0	02310	False
xptar	0.0001	0.5	0	10410	False
xptar	0.0001	0.5	0	01410	False
xptar	0.0001	0.5	0	00510	False
xptar	0.0001	0.5	0	40020	True
xptar	0.0001	0.5	0	31020	False
xptar	0.0001	0.5	0	22020	False
xptar	0.0001	0.5	0	13020	False
xptar	0.0001	0.5	0	04020	True
xptar	0.0001	0.5	0	30120	False
xptar	0.0001	0.5	0	21120	False
xptar	0.0001	0.5	0	12120	False
xptar	0.0001	0.5	0	03120	False
xptar	0.0001	0.5	0	20220	False
xptar	0.0001	0.5	0	11220	False
xptar	0.0001	0.5	0	02220	False
xptar	0.0001	0.5	0	10320	False
xptar	0.0001	0.5	0	01320	True
xptar	0.0001	0.5	0	00420	False
xptar	0.0001	0.5	0	30030	False
xptar	0.0001	0.5	0	21030	False
xptar	0.0001	0.5	0	12030	True
xptar	0.0001	0.5	0	03030	False
xptar	0.0001	0.5	0	20130	False
xptar	0.0001	0.5	0	11130	False
xptar	0.0001	0.5	0	02130	False
xptar	0.0001	0.5	0	10230	False
xptar	0.0001	0.5	0	01230	False
xptar	0.0001	0.5	0	00330	False
xptar	0.0001	0.5	0	20040	True
xptar	0.0001	0.5	0	11040	False
xptar	0.0001	0.5	0	02040	False
xptar	0.0001	0.5	0	10140	False
xptar	0.0001	0.5	0	01140	False
xptar	0.0001	0.5	0	00240	False
xptar	0.0001	0.5	0	10050	False
xptar	0.0001	0.5	0	01050	False
xptar	0.0001	0.5	0	00150	True
xptar	0.0001	0.5	0	00060	False
xptar	3e-05	0.5	0	00000	True
xptar	3e-05	0.5	0	10000	True
xptar	3e-05	0.5	0	01000	True
xptar	3e-05	0.5	0	00100	True
xptar	3e-05	0.5	0	00010	True
xptar	3e-05	0.5	0	20000	True
xptar	3e-05	0.5	0	11000	True
xptar	3e-05	0.5	0	02000	True
xptar	3e-05	0.5	0	10100	True
xptar	3e-05	0.5	0	01100	True
xptar	3e-05	0.5	0	00200	True
xptar	3e-05	0.5	0	10010	True
xptar	3e-05	0.5	0	01010	True
xptar	3e-05	0.5	0	00110	False
xptar	3e-05	0.5	0	00020	True
xptar	3e-05	0.5	0	30000	True
xptar	3e-05	0.5	0	21000	True
xptar	3e-05	0.5	0	12000	True
xptar	3e-05	0.5	0	03000	False
xptar	3e-05	0.5	0	20100	True
xptar	3e-05	0.5	0	11100	True
xptar	3e-05	0.5	0	02100	True
xptar	3e-05	0.5	0	10200	True
xptar	3e-05	0.5	0	01200	False
xptar	3e-05	0.5	0	00300	True
xptar	3e-05	0.5	0	20010	True
xptar	3e-05	0.5	0	11010	True
xptar	3e-05	0.5	0	02010	True
xptar	3e-05	0.5	0	10110	True
xptar	3e-05	0.5	0	01110	False
xptar	3e-05	0.5	0	00210	False
xptar	3e-05	0.5	0	10020	True
xptar	3e-05	0.5	0	01020	True
xptar	3e-05	0.5	0	00120	False
xptar	3e-05	0.5	0	00030	True
xptar	3e-05	0.5	0	40000	True
xptar	3e-05	0.5	0	31000	True
xptar	3e-05	0.5	0	22000	False
xptar	3e-05	0.5	0	13000	True
xptar	3e-05	0.5	0	04000	False
xptar	3e-05	0.5	0	30100	True
xptar	3e-05	0.5	0	21100	True
xptar	3e-05	0.5	0	12100	True
xptar	3e-05	0.5	0	03100	True
xptar	3e-05	0.5	0	20200	False
xptar	3e-05	0.5	0	11200	False
xptar	3e-05	0.5	0	02200	False
xptar	3e-05	0.5	0	10300	True
xptar	3e-05	0.5	0	01300	False
xptar	3e-05	0.5	0	00400	False
xptar	3e-05	0.5	0	30010	True
xptar	3e-05	0.5	0	21010	True
xptar	3e-05	0.5	0	12010	True
xptar	3e-05	0.5	0	03010	False
xptar	3e-05	0.5	0	20110	False
xptar	3e-05	0.5	0	11110	True
xptar	3e-05	0.5	0	02110	False
xptar	3e-05	0.5	0	10210	False
xptar	3e-05	0.5	0	01210	True
xptar	3e-05	0.5	0	00310	False
xptar	3e-05	0.5	0	20020	False
xptar	3e-05	0.5	0	11020	False
xptar	3e-05	0.5	0	02020	True
xptar	3e-05	0.5	0	10120	True
xptar	3e-05	0.5	0	01120	False
xptar	3e-05	0.5	0	00220	False
xptar	3e-05	0.5	0	10030	False
xptar	3e-05	0.5	0	01030	True
xptar	3e-05	0.5	0	00130	False
xptar	3e-05	0.5	0	00040	False
xptar	3e-05	0.5	0	50000	True
xptar	3e-05	0.5	0	41000	True
xptar	3e-05	0.5	0	32000	False
xptar	3e-05	0.5	0	23000	True
xptar	3e-05	0.5	0	14000	True
xptar	3e-05	0.5	0	05000	True
xptar	3e-05	0.5	0	40100	False
xptar	3e-05	0.5	0	31100	False
xptar	3e-05	0.5	0	22100	True
xptar	3e-05	0.5	0	13100	False
xptar	3e-05	0.5	0	04100	True
xptar	3e-05	0.5	0	30200	True
xptar	3e-05	0.5	0	21200	True
xptar	3e-05	0.5	0	12200	False
xptar	3e-05	0.5	0	03200	True
xptar	3e-05	0.5	0	20300	False
xptar	3e-05	0.5	0	11300	False
xptar	3e-05	0.5	0	02300	True
xptar	3e-05	0.5	0	10400	True
xptar	3e-05	0.5	0	01400	True
xptar	3e-05	0.5	0	00500	True
xptar	3e-05	0.5	0	40010	False
xptar	3e-05	0.5	0	31010	True
xptar	3e-05	0.5	0	22010	True
xptar	3e-05	0.5	0	13010	False
xptar	3e-05	0.5	0	04010	True
xptar	3e-05	0.5	0	30110	False
xptar	3e-05	0.5	0	21110	True
xptar	3e-05	0.5	0	12110	False
xptar	3e-05	0.5	0	03110	True
xptar	3e-05	0.5	0	20210	False
xptar	3e-05	0.5	0	11210	True
xptar	3e-05	0.5	0	02210	False
xptar	3e-05	0.5	0	10310	False
xptar	3e-05	0.5	0	01310	False
xptar	3e-05	0.5	0	00410	False
xptar	3e-05	0.5	0	30020	True
xptar	3e-05	0.5	0	21020	False
xptar	3e-05	0.5	0	12020	False
xptar	3e-05	0.5	0	03020	False
xptar	3e-05	0.5	0	20120	True
xptar	3e-05	0.5	0	11120	False
xptar	3e-05	0.5	0	02120	False
xptar	3e-05	0.5	0	10220	False
xptar	3e-05	0.5	0	01220	False
xptar	3e-05	0.5	0	00320	False
xptar	3e-05	0.5	0	20030	False
xptar	3e-05	0.5	0	11030	True
xptar	3e-05	0.5	0	02030	False
xptar	3e-05	0.5	0	10130	False
xptar	3e-05	0.5	0	01130	False
xptar	3e-05	0.5	0	00230	True
xptar	3e-05	0.5	0	10040	True
xptar	3e-05	0.5	0	01040	False
xptar	3e-05	0.5	0	00140	False
xptar	3e-05	0.5	0	00050	False
xptar	3e-05	0.5	0	60000	True
xptar	3e-05	0.5	0	51000	True
xptar	3e-05	0.5	0	42000	False
xptar	3e-05	0.5	0	33000	False
xptar	3e-05	0.5	0	24000	True
xptar	3e-05	0.5	0	15000	False
xptar	3e-05	0.5	0	06000	True
xptar	3e-05	0.5	0	50100	True
xptar	3e-05	0.5	0	41100	False
xptar	3e-05	0.5	0	32100	True
xptar	3e-05	0.5	0	23100	False
xptar	3e-05	0.5	0	14100	False
xptar	3e-05	0.5	0	05100	True
xptar	3e-05	0.5	0	40200	True
xptar	3e-05	0.5	0	31200	True
xptar	3e-05	0.5	0	22200	False
xptar	3e-05	0.5	0	13200	False
xptar	3e-05	0.5	0	04200	True
xptar	3e-05	0.5	0	30300	False
xptar	3e-05	0.5	0	21300	False
xptar	3e-05	0.5	0	12300	False
xptar	3e-05	0.5	0	03300	True
xptar	3e-05	0.5	0	20400	False
xptar	3e-05	0.5	0	11400	True
xptar	3e-05	0.5	0	02400	False
xptar	3e-05	0.5	0	10500	False
xptar	3e-05	0.5	0	01500	False
xptar	3e-05	0.5	0	00600	True
xptar	3e-05	0.5	0	50010	False
xptar	3e-05	0.5	0	41010	True
xptar	3e-05	0.5	0	32010	False
xptar	3e-05	0.5	0	23010	False
xptar	3e-05	0.5	0	14010	False
xptar	3e-05	0.5	0	05010	True
xptar	3e-05	0.5	0	40110	True
xptar	3e-05	0.5	0	31110	True
xptar	3e-05	0.5	0	22110	False
xptar	3e-05	0.5	0	13110	False
xptar	3e-05	0.5	0	04110	False
xptar	3e-05	0.5	0	30210	False
xptar	3e-05	0.5	0	21210	False
xptar	3e-05	0.5	0	12210	False
xptar	3e-05	0.5	0	03210	False
xptar	3e-05	0.5	0	20310	False
xptar	3e-05	0.5	0	11310	True
xptar	3e-05	0.5	0	02310	False
xptar	3e-05	0.5	0	10410	False
xptar	3e-05	0.5	0	01410	False
xptar	3e-05	0.5	0	00510	False
xptar	3e-05	0.5	0	40020	True
xptar	3e-05	0.5	0	31020	False
xptar	3e-05	0.5	0	22020	False
xptar	3e-05	0.5	0	13020	False
xptar	3e-05	0.5	0	04020	True
xptar	3e-05	0.5	0	30120	False
xptar	3e-05	0.5	0	21120	False
xptar	3e-05	0.5	0	12120	False
xptar	3e-05	0.5	0	03120	False
xptar	3e-05	0.5	0	20220	False
xptar	3e-05	0.5	0	11220	False
xptar	3e-05	0.5	0	02220	False
xptar	3e-05	0.5	0	10320	False
xptar	3e-05	0.5	0	01320	True
xptar	3e-05	0.5	0	00420	False
xptar	3e-05	0.5	0	30030	False
xptar	3e-05	0.5	0	21030	True
xptar	3e-05	0.5	0	12030	False
xptar	3e-05	0.5	0	03030	False
xptar	3e-05	0.5	0	20130	False
xptar	3e-05	0.5	0	11130	False
xptar	3e-05	0.5	0	02130	False
xptar	3e-05	0.5	0	10230	False
xptar	3e-05	0.5	0	01230	False
xptar	3e-05	0.5	0	00330	False
xptar	3e-05	0.5	0	20040	True
xptar	3e-05	0.5	0	11040	False
xptar	3e-05	0.5	0	02040	False
xptar	3e-05	0.5	0	10140	False
xptar	3e-05	0.5	0	01140	False
xptar	3e-05	0.5	0	00240	False
xptar	3e-05	0.5	0	10050	False
xptar	3e-05	0.5	0	01050	True
xptar	3e-05	0.5	0	00150	True
xptar	3e-05	0.5	0	00060	False
ytar	0.0001	0.1	0	00000	True
ytar	0.0001	0.1	0	10000	True
ytar	0.0001	0.1	0	01000	True
ytar	0.0001	0.1	0	00100	True
ytar	0.0001	0.1	0	00010	True
ytar	0.0001	0.1	0	20000	True
ytar	0.0001	0.1	0	11000	True
ytar	0.0001	0.1	0	02000	True
ytar	0.0001	0.1	0	10100	True
ytar	0.0001	0.1	0	01100	True
ytar	0.0001	0.1	0	00200	True
ytar	0.0001	0.1	0	10010	True
ytar	0.0001	0.1	0	01010	True
ytar	0.0001	0.1	0	00110	True
ytar	0.0001	0.1	0	00020	True
ytar	0.0001	0.1	0	30000	True
ytar	0.0001	0.1	0	21000	True
ytar	0.0001	0.1	0	12000	True
ytar	0.0001	0.1	0	03000	True
ytar	0.0001	0.1	0	20100	True
ytar	0.0001	0.1	0	11100	True
ytar	0.0001	0.1	0	02100	True
ytar	0.0001	0.1	0	10200	True
ytar	0.0001	0.1	0	01200	True
ytar	0.0001	0.1	0	00300	True
ytar	0.0001	0.1	0	20010	True
ytar	0.0001	0.1	0	11010	True
ytar	0.0001	0.1	0	02010	True
ytar	0.0001	0.1	0	10110	True
ytar	0.0001	0.1	0	01110	True
ytar	0.0001	0.1	0	00210	True
ytar	0.0001	0.1	0	10020	True
ytar	0.0001	0.1	0	01020	True
ytar	0.0001	0.1	0	00120	True
ytar	0.0001	0.1	0	00030	True
ytar	0.0001	0.1	0	40000	True
ytar	0.0001	0.1	0	31000	True
ytar	0.0001	0.1	0	22000	True
ytar	0.0001	0.1	0	13000	True
ytar	0.0001	0.1	0	04000	False
ytar	0.0001	0.1	0	30100	True
ytar	0.0001	0.1	0	21100	True
ytar	0.0001	0.1	0	12100	True
ytar	0.0001	0.1	0	03100	True
ytar	0.0001	0.1	0	20200	True
ytar	0.0001	0.1	0	11200	False
ytar	0.0001	0.1	0	02200	True
ytar	0.0001	0.1	0	10300	True
ytar	0.0001	0.1	0	01300	True
ytar	0.0001	0.1	0	00400	True
ytar	0.0001	0.1	0	30010	True
ytar	0.0001	0.1	0	21010	True
ytar	0.0001	0.1	0	12010	True
ytar	0.0001	0.1	0	03010	True
ytar	0.0001	0.1	0	20110	False
ytar	0.0001	0.1	0	11110	True
ytar	0.0001	0.1	0	02110	True
ytar	0.0001	0.1	0	10210	True
ytar	0.0001	0.1	0	01210	True
ytar	0.0001	0.1	0	00310	False
ytar	0.0001	0.1	0	20020	True
ytar	0.0001	0.1	0	11020	True
ytar	0.0001	0.1	0	02020	True
ytar	0.0001	0.1	0	10120	True
ytar	0.0001	0.1	0	01120	True
ytar	0.0001	0.1	0	00220	True
ytar	0.0001	0.1	0	10030	True
ytar	0.0001	0.1	0	01030	True
ytar	0.0001	0.1	0	00130	True
ytar	0.0001	0.1	0	00040	True
ytar	0.0001	0.1	0	50000	True
ytar	0.0001	0.1	0	41000	True
ytar	0.0001	0.1	0	32000	False
ytar	0.0001	0.1	0	23000	False
ytar	0.0001	0.1	0	14000	True
ytar	0.0001	0.1	0	05000	False
ytar	0.0001	0.1	0	40100	True
ytar	0.0001	0.1	0	31100	True
ytar	0.0001	0.1	0	22100	True
ytar	0.0001	0.1	0	13100	True
ytar	0.0001	0.1	0	04100	True
ytar	0.0001	0.1	0	30200	True
ytar	0.0001	0.1	0	21200	True
ytar	0.0001	0.1	0	12200	True
ytar	0.0001	0.1	0	03200	True
ytar	0.0001	0.1	0	20300	True
ytar	0.0001	0.1	0	11300	True
ytar	0.0001	0.1	0	02300	True
ytar	0.0001	0.1	0	10400	False
ytar	0.0001	0.1	0	01400	True
ytar	0.0001	0.1	0	00500	True
ytar	0.0001	0.1	0	40010	True
ytar	0.0001	0.1	0	31010	True
ytar	0.0001	0.1	0	22010	True
ytar	0.0001	0.1	0	13010	True
ytar	0.0001	0.1	0	04010	True
ytar	0.0001	0.1	0	30110	True
ytar	0.0001	0.1	0	21110	False
ytar	0.0001	0.1	0	12110	True
ytar	0.0001	0.1	0	03110	True
ytar	0.0001	0.1	0	20210	False
ytar	0.0001	0.1	0	11210	False
ytar	0.0001	0.1	0	02210	True
ytar	0.0001	0.1	0	10310	False
ytar	0.0001	0.1	0	01310	True
ytar	0.0001	0.1	0	00410	True
ytar	0.0001	0.1	0	30020	True
ytar	0.0001	0.1	0	21020	True
ytar	0.0001	0.1	0	12020	True
ytar	0.0001	0.1	0	03020	True
ytar	0.0001	0.1	0	20120	False
ytar	0.0001	0.1	0	11120	True
ytar	0.0001	0.1	0	02120	True
ytar	0.0001	0.1	0	10220	False
ytar	0.0001	0.1	0	01220	True
ytar	0.0001	0.1	0	00320	True
ytar	0.0001	0.1	0	20030	True
ytar	0.0001	0.1	0	11030	True
ytar	0.0001	0.1	0	02030	True
ytar	0.0001	0.1	0	10130	False
ytar	0.0001	0.1	0	01130	True
ytar	0.0001	0.1	0	00230	False
ytar	0.0001	0.1	0	10040	True
ytar	0.0001	0.1	0	01040	False
ytar	0.0001	0.1	0	00140	True
ytar	0.0001	0.1	0	00050	False
ytar	0.0001	0.1	0	60000	True
ytar	0.0001	0.1	0	51000	True
ytar	0.0001	0.1	0	42000	True
ytar	0.0001	0.1	0	33000	True
ytar	0.0001	0.1	0	24000	False
ytar	0.0001	0.1	0	15000	False
ytar	0.0001	0.1	0	06000	True
ytar	0.0001	0.1	0	50100	True
ytar	0.0001	0.1	0	41100	True
ytar	0.0001	0.1	0	32100	True
ytar	0.0001	0.1	0	23100	True
ytar	0.0001	0.1	0	14100	True
ytar	0.0001	0.1	0	05100	True
ytar	0.0001	0.1	0	40200	False
ytar	0.0001	0.1	0	31200	False
ytar	0.0001	0.1	0	22200	True
ytar	0.0001	0.1	0	13200	True
ytar	0.0001	0.1	0	04200	True
ytar	0.0001	0.1	0	30300	True
ytar	0.0001	0.1	0	21300	False
ytar	0.0001	0.1	0	12300	True
ytar	0.0001	0.1	0	03300	True
ytar	0.0001	0.1	0	20400	False
ytar	0.0001	0.1	0	11400	True
ytar	0.0001	0.1	0	02400	False
ytar	0.0001	0.1	0	10500	True
ytar	0.0001	0.1	0	01500	True
ytar	0.0001	0.1	0	00600	True
ytar	0.0001	0.1	0	50010	True
ytar	0.0001	0.1	0	41010	True
ytar	0.0001	0.1	0	32010	True
ytar	0.0001	0.1	0	23010	True
ytar	0.0001	0.1	0	14010	False
ytar	0.0001	0.1	0	05010	True
ytar	0.0001	0.1	0	40110	True
ytar	0.0001	0.1	0	31110	False
ytar	0.0001	0.1	0	22110	True
ytar	0.0001	0.1	0	13110	True
ytar	0.0001	0.1	0	04110	True
ytar	0.0001	0.1	0	30210	False
ytar	0.0001	0.1	0	21210	False
ytar	0.0001	0.1	0	12210	False
ytar	0.0001	0.1	0	03210	True
ytar	0.0001	0.1	0	20310	True
ytar	0.0001	0.1	0	11310	False
ytar	0.0001	0.1	0	02310	True
ytar	0.0001	0.1	0	10410	True
ytar	0.0001	0.1	0	01410	True
ytar	0.0001	0.1	0	00510	True
ytar	0.0001	0.1	0	40020	True
ytar	0.0001	0.1	0	31020	False
ytar	0.0001	0.1	0	22020	True
ytar	0.0001	0.1	0	13020	True
ytar	0.0001	0.1	0	04020	False
ytar	0.0001	0.1	0	30120	True
ytar	0.0001	0.1	0	21120	True
ytar	0.0001	0.1	0	12120	True
ytar	0.0001	0.1	0	03120	True
ytar	0.0001	0.1	0	20220	True
ytar	0.0001	0.1	0	11220	False
ytar	0.0001	0.1	0	02220	False
ytar	0.0001	0.1	0	10320	True
ytar	0.0001	0.1	0	01320	True
ytar	0.0001	0.1	0	00420	True
ytar	0.0001	0.1	0	30030	True
ytar	0.0001	0.1	0	21030	False
ytar	0.0001	0.1	0	12030	False
ytar	0.0001	0.1	0	03030	True
ytar	0.0001	0.1	0	20130	True
ytar	0.0001	0.1	0	11130	False
ytar	0.0001	0.1	0	02130	False
ytar	0.0001	0.1	0	10230	True
ytar	0.0001	0.1	0	01230	False
ytar	0.0001	0.1	0	00330	True
ytar	0.0001	0.1	0	20040	False
ytar	0.0001	0.1	0	11040	True
ytar	0.0001	0.1	0	02040	True
ytar	0.0001	0.1	0	10140	True
ytar	0.0001	0.1	0	01140	True
ytar	0.0001	0.1	0	00240	False
ytar	0.0001	0.1	0	10050	False
ytar	0.0001	0.1	0	01050	True
ytar	0.0001	0.1	0	00150	False
ytar	0.0001	0.1	0	00060	True
ytar	3e-05	0.1	0	00000	True
ytar	3e-05	0.1	0	10000	True
ytar	3e-05	0.1	0	01000	True
ytar	3e-05	0.1	0	00100	True
ytar	3e-05	0.1	0	00010	True
ytar	3e-05	0.1	0	20000	True
ytar	3e-05	0.1	0	11000	True
ytar	3e-05	0.1	0	02000	True
ytar	3e-05	0.1	0	10100	True
ytar	3e-05	0.1	0	01100	True
ytar	3e-05	0.1	0	00200	True
ytar	3e-05	0.1	0	10010	True
ytar	3e-05	0.1	0	01010	True
ytar	3e-05	0.1	0	00110	False
ytar	3e-05	0.1	0	00020	True
ytar	3e-05	0.1	0	30000	True
ytar	3e-05	0.1	0	21000	True
ytar	3e-05	0.1	0	12000	True
ytar	3e-05	0.1	0	03000	True
ytar	3e-05	0.1	0	20100	True
ytar	3e-05	0.1	0	11100	True
ytar	3e-05	0.1	0	02100	True
ytar	3e-05	0.1	0	10200	True
ytar	3e-05	0.1	0	01200	True
ytar	3e-05	0.1	0	00300	True
ytar	3e-05	0.1	0	20010	True
ytar	3e-05	0.1	0	11010	True
ytar	3e-05	0.1	0	02010	True
ytar	3e-05	0.1	0	10110	True
ytar	3e-05	0.1	0	01110	True
ytar	3e-05	0.1	0	00210	True
ytar	3e-05	0.1	0	10020	True
ytar	3e-05	0.1	0	01020	True
ytar	3e-05	0.1	0	00120	True
ytar	3e-05	0.1	0	00030	True
ytar	3e-05	0.1	0	40000	True
ytar	3e-05	0.1	0	31000	True
ytar	3e-05	0.1	0	22000	True
ytar	3e-05	0.1	0	13000	False
ytar	3e-05	0.1	0	04000	True
ytar	3e-05	0.1	0	30100	True
ytar	3e-05	0.1	0	21100	True
ytar	3e-05	0.1	0	12100	True
ytar	3e-05	0.1	0	03100	True
ytar	3e-05	0.1	0	20200	True
ytar	3e-05	0.1	0	11200	True
ytar	3e-05	0.1	0	02200	True
ytar	3e-05	0.1	0	10300	True
ytar	3e-05	0.1	0	01300	True
ytar	3e-05	0.1	0	00400	True
ytar	3e-05	0.1	0	30010	True
ytar	3e-05	0.1	0	21010	True
ytar	3e-05	0.1	0	12010	True
ytar	3e-05	0.1	0	03010	True
ytar	3e-05	0.1	0	20110	True
ytar	3e-05	0.1	0	11110	True
ytar	3e-05	0.1	0	02110	True
ytar	3e-05	0.1	0	10210	False
ytar	3e-05	0.1	0	01210	True
ytar	3e-05	0.1	0	00310	False
ytar	3e-05	0.1	0	20020	True
ytar	3e-05	0.1	0	11020	True
ytar	3e-05	0.1	0	02020	True
ytar	3e-05	0.1	0	10120	True
ytar	3e-05	0.1	0	01120	True
ytar	3e-05	0.1	0	00220	True
ytar	3e-05	0.1	0	10030	True
ytar	3e-05	0.1	0	01030	True
ytar	3e-05	0.1	0	00130	True
ytar	3e-05	0.1	0	00040	True
ytar	3e-05	0.1	0	50000	True
ytar	3e-05	0.1	0	41000	True
ytar	3e-05	0.1	0	32000	True
ytar	3e-05	0.1	0	23000	False
ytar	3e-05	0.1	0	14000	True
ytar	3e-05	0.1	0	05000	False
ytar	3e-05	0.1	0	40100	True
ytar	3e-05	0.1	0	31100	True
ytar	3e-05	0.1	0	22100	True
ytar	3e-05	0.1	0	13100	True
ytar	3e-05	0.1	0	04100	True
ytar	3e-05	0.1	0	30200	True
ytar	3e-05	0.1	0	21200	True
ytar	3e-05	0.1	0	12200	True
ytar	3e-05	0.1	0	03200	True
ytar	3e-05	0.1	0	20300	True
ytar	3e-05	0.1	0	11300	True
ytar	3e-05	0.1	0	02300	True
ytar	3e-05	0.1	0	10400	True
ytar	3e-05	0.1	0	01400	True
ytar	3e-05	0.1	0	00500	True
ytar	3e-05	0.1	0	40010	True
ytar	3e-05	0.1	0	31010	True
ytar	3e-05	0.1	0	22010	True
ytar	3e-05	0.1	0	13010	True
ytar	3e-05	0.1	0	04010	True
ytar	3e-05	0.1	0	30110	True
ytar	3e-05	0.1	0	21110	True
ytar	3e-05	0.1	0	12110	True
ytar	3e-05	0.1	0	03110	True
ytar	3e-05	0.1	0	20210	True
ytar	3e-05	0.1	0	11210	False
ytar	3e-05	0.1	0	02210	True
ytar	3e-05	0.1	0	10310	False
ytar	3e-05	0.1	0	01310	True
ytar	3e-05	0.1	0	00410	True
ytar	3e-05	0.1	0	30020	True
ytar	3e-05	0.1	0	21020	True
ytar	3e-05	0.1	0	12020	True
ytar	3e-05	0.1	0	03020	True
ytar	3e-05	0.1	0	20120	True
ytar	3e-05	0.1	0	11120	False
ytar	3e-05	0.1	0	02120	True
ytar	3e-05	0.1	0	10220	True
ytar	3e-05	0.1	0	01220	True
ytar	3e-05	0.1	0	00320	True
ytar	3e-05	0.1	0	20030	True
ytar	3e-05	0.1	0	11030	True
ytar	3e-05	0.1	0	02030	True
ytar	3e-05	0.1	0	10130	True
ytar	3e-05	0.1	0	01130	True
ytar	3e-05	0.1	0	00230	False
ytar	3e-05	0.1	0	10040	True
ytar	3e-05	0.1	0	01040	True
ytar	3e-05	0.1	0	00140	True
ytar	3e-05	0.1	0	00050	True
ytar	3e-05	0.1	0	60000	True
ytar	3e-05	0.1	0	51000	True
ytar	3e-05	0.1	0	42000	True
ytar	3e-05	0.1	0	33000	True
ytar	3e-05	0.1	0	24000	False
ytar	3e-05	0.1	0	15000	False
ytar	3e-05	0.1	0	06000	True
ytar	3e-05	0.1	0	50100	True
ytar	3e-05	0.1	0	41100	True
ytar	3e-05	0.1	0	32100	True
ytar	3e-05	0.1	0	23100	True
ytar	3e-05	0.1	0	14100	True
ytar	3e-05	0.1	0	05100	True
ytar	3e-05	0.1	0	40200	True
ytar	3e-05	0.1	0	31200	True
ytar	3e-05	0.1	0	22200	False
ytar	3e-05	0.1	0	13200	False
ytar	3e-05	0.1	0	04200	True
ytar	3e-05	0.1	0	30300	True
ytar	3e-05	0.1	0	21300	True
ytar	3e-05	0.1	0	12300	True
ytar	3e-05	0.1	0	03300	True
ytar	3e-05	0.1	0	20400	True
ytar	3e-05	0.1	0	11400	True
ytar	3e-05	0.1	0	02400	False
ytar	3e-05	0.1	0	10500	True
ytar	3e-05	0.1	0	01500	True
ytar	3e-05	0.1	0	00600	True
ytar	3e-05	0.1	0	50010	True
ytar	3e-05	0.1	0	41010	True
ytar	3e-05	0.1	0	32010	True
ytar	3e-05	0.1	0	23010	True
ytar	3e-05	0.1	0	14010	True
ytar	3e-05	0.1	0	05010	True
ytar	3e-05	0.1	0	40110	True
ytar	3e-05	0.1	0	31110	False
ytar	3e-05	0.1	0	22110	True
ytar	3e-05	0.1	0	13110	True
ytar	3e-05	0.1	0	04110	True
ytar	3e-05	0.1	0	30210	True
ytar	3e-05	0.1	0	21210	True
ytar	3e-05	0.1	0	12210	False
ytar	3e-05	0.1	0	03210	True
ytar	3e-05	0.1	0	20310	True
ytar	3e-05	0.1	0	11310	False
ytar	3e-05	0.1	0	02310	True
ytar	3e-05	0.1	0	10410	True
ytar	3e-05	0.1	0	01410	True
ytar	3e-05	0.1	0	00510	True
ytar	3e-05	0.1	0	40020	True
ytar	3e-05	0.1	0	31020	False
ytar	3e-05	0.1	0	22020	True
ytar	3e-05	0.1	0	13020	False
ytar	3e-05	0.1	0	04020	True
ytar	3e-05	0.1	0	30120	False
ytar	3e-05	0.1	0	21120	False
ytar	3e-05	0.1	0	12120	True
ytar	3e-05	0.1	0	03120	True
ytar	3e-05	0.1	0	20220	True
ytar	3e-05	0.1	0	11220	False
ytar	3e-05	0.1	0	02220	False
ytar	3e-05	0.1	0	10320	True
ytar	3e-05	0.1	0	01320	True
ytar	3e-05	0.1	0	00420	True
ytar	3e-05	0.1	0	30030	True
ytar	3e-05	0.1	0	21030	False
ytar	3e-05	0.1	0	12030	True
ytar	3e-05	0.1	0	03030	True
ytar	3e-05	0.1	0	20130	False
ytar	3e-05	0.1	0	11130	True
ytar	3e-05	0.1	0	02130	True
ytar	3e-05	0.1	0	10230	True
ytar	3e-05	0.1	0	01230	True
ytar	3e-05	0.1	0	00330	True
ytar	3e-05	0.1	0	20040	False
ytar	3e-05	0.1	0	11040	False
ytar	3e-05	0.1	0	02040	False
ytar	3e-05	0.1	0	10140	False
ytar	3e-05	0.1	0	01140	True
ytar	3e-05	0.1	0	00240	False
ytar	3e-05	0.1	0	10050	False
ytar	3e-05	0.1	0	01050	True
ytar	3e-05	0.1	0	00150	True
ytar	3e-05	0.1	0	00060	True
ytar	0.0001	0.5	0	00000	True
ytar	0.0001	0.5	0	10000	True
ytar	0.0001	0.5	0	01000	True
ytar	0.0001	0.5	0	00100	True
ytar	0.0001	0.5	0	00010	True
ytar	0.0001	0.5	0	20000	True
ytar	0.0001	0.5	0	11000	False
ytar	0.0001	0.5	0	02000	True
ytar	0.0001	0.5	0	10100	True
ytar	0.0001	0.5	0	01100	True
ytar	0.0001	0.5	0	00200	True
ytar	0.0001	0.5	0	10010	True
ytar	0.0001	0.5	0	01010	True
ytar	0.0001	0.5	0	00110	True
ytar	0.0001	0.5	0	00020	True
ytar	0.0001	0.5	0	30000	True
ytar	0.0001	0.5	0	21000	True
ytar	0.0001	0.5	0	12000	True
ytar	0.0001	0.5	0	03000	False
ytar	0.0001	0.5	0	20100	True
ytar	0.0001	0.5	0	11100	True
ytar	0.0001	0.5	0	02100	True
ytar	0.0001	0.5	0	10200	True
ytar	0.0001	0.5	0	01200	False
ytar	0.0001	0.5	0	00300	True
ytar	0.0001	0.5	0	20010	True
ytar	0.0001	0.5	0	11010	True
ytar	0.0001	0.5	0	02010	True
ytar	0.0001	0.5	0	10110	True
ytar	0.0001	0.5	0	01110	True
ytar	0.0001	0.5	0	00210	True
ytar	0.0001	0.5	0	10020	True
ytar	0.0001	0.5	0	01020	True
ytar	0.0001	0.5	0	00120	True
ytar	0.0001	0.5	0	00030	True
ytar	0.0001	0.5	0	40000	True
ytar	0.0001	0.5	0	31000	True
ytar	0.0001	0.5	0	22000	False
ytar	0.0001	0.5	0	13000	False
ytar	0.0001	0.5	0	04000	True
ytar	0.0001	0.5	0	30100	True
ytar	0.0001	0.5	0	21100	True
ytar	0.0001	0.5	0	12100	False
ytar	0.0001	0.5	0	03100	True
ytar	0.0001	0.5	0	20200	True
ytar	0.0001	0.5	0	11200	False
ytar	0.0001	0.5	0	02200	True
ytar	0.0001	0.5	0	10300	False
ytar	0.0001	0.5	0	01300	True
ytar	0.0001	0.5	0	00400	True
ytar	0.0001	0.5	0	30010	True
ytar	0.0001	0.5	0	21010	True
ytar	0.0001	0.5	0	12010	True
ytar	0.0001	0.5	0	03010	True
ytar	0.0001	0.5	0	20110	False
ytar	0.0001	0.5	0	11110	True
ytar	0.0001	0.5	0	02110	True
ytar	0.0001	0.5	0	10210	True
ytar	0.0001	0.5	0	01210	True
ytar	0.0001	0.5	0	00310	False
ytar	0.0001	0.5	0	20020	True
ytar	0.0001	0.5	0	11020	True
ytar	0.0001	0.5	0	02020	True
ytar	0.0001	0.5	0	10120	True
ytar	0.0001	0.5	0	01120	True
ytar	0.0001	0.5	0	00220	True
ytar	0.0001	0.5	0	10030	True
ytar	0.0001	0.5	0	01030	True
ytar	0.0001	0.5	0	00130	True
ytar	0.0001	0.5	0	00040	False
ytar	0.0001	0.5	0	50000	True
ytar	0.0001	0.5	0	41000	False
ytar	0.0001	0.5	0	32000	False
ytar	0.0001	0.5	0	23000	False
ytar	0.0001	0.5	0	14000	True
ytar	0.0001	0.5	0	05000	False
ytar	0.0001	0.5	0	40100	True
ytar	0.0001	0.5	0	31100	False
ytar	0.0001	0.5	0	22100	False
ytar	0.0001	0.5	0	13100	False
ytar	0.0001	0.5	0	04100	True
ytar	0.0001	0.5	0	30200	True
ytar	0.0001	0.5	0	21200	True
ytar	0.0001	0.5	0	12200	True
ytar	0.0001	0.5	0	03200	False
ytar	0.0001	0.5	0	20300	False
ytar	0.0001	0.5	0	11300	False
ytar	0.0001	0.5	0	02300	True
ytar	0.0001	0.5	0	10400	False
ytar	0.0001	0.5	0	01400	True
ytar	0.0001	0.5	0	00500	True
ytar	0.0001	0.5	0	40010	True
ytar	0.0001	0.5	0	31010	True
ytar	0.0001	0.5	0	22010	True
ytar	0.0001	0.5	0	13010	True
ytar	0.0001	0.5	0	04010	False
ytar	0.0001	0.5	0	30110	True
ytar	0.0001	0.5	0	21110	False
ytar	0.0001	0.5	0	12110	False
ytar	0.0001	0.5	0	03110	True
ytar	0.0001	0.5	0	20210	False
ytar	0.0001	0.5	0	11210	False
ytar	0.0001	0.5	0	02210	True
ytar	0.0001	0.5	0	10310	False
ytar	0.0001	0.5	0	01310	True
ytar	0.0001	0.5	0	00410	True
ytar	0.0001	0.5	0	30020	False
ytar	0.0001	0.5	0	21020	False
ytar	0.0001	0.5	0	12020	True
ytar	0.0001	0.5	0	03020	False
ytar	0.0001	0.5	0	20120	False
ytar	0.0001	0.5	0	11120	False
ytar	0.0001	0.5	0	02120	False
ytar	0.0001	0.5	0	10220	False
ytar	0.0001	0.5	0	01220	True
ytar	0.0001	0.5	0	00320	False
ytar	0.0001	0.5	0	20030	False
ytar	0.0001	0.5	0	11030	True
ytar	0.0001	0.5	0	02030	True
ytar	0.0001	0.5	0	10130	False
ytar	0.0001	0.5	0	01130	False
ytar	0.0001	0.5	0	00230	False
ytar	0.0001	0.5	0	10040	True
ytar	0.0001	0.5	0	01040	False
ytar	0.0001	0.5	0	00140	True
ytar	0.0001	0.5	0	00050	False
ytar	0.0001	0.5	0	60000	True
ytar	0.0001	0.5	0	51000	False
ytar	0.0001	0.5	0	42000	False
ytar	0.0001	0.5	0	33000	True
ytar	0.0001	0.5	0	24000	False
ytar	0.0001	0.5	0	15000	False
ytar	0.0001	0.5	0	06000	False
ytar	0.0001	0.5	0	50100	True
ytar	0.0001	0.5	0	41100	False
ytar	0.0001	0.5	0	32100	False
ytar	0.0001	0.5	0	23100	True
ytar	0.0001	0.5	0	14100	False
ytar	0.0001	0.5	0	05100	True
ytar	0.0001	0.5	0	40200	False
ytar	0.0001	0.5	0	31200	False
ytar	0.0001	0.5	0	22200	False
ytar	0.0001	0.5	0	13200	False
ytar	0.0001	0.5	0	04200	True
ytar	0.0001	0.5	0	30300	False
ytar	0.0001	0.5	0	21300	False
ytar	0.0001	0.5	0	12300	False
ytar	0.0001	0.5	0	03300	False
ytar	0.0001	0.5	0	20400	False
ytar	0.0001	0.5	0	11400	False
ytar	0.0001	0.5	0	02400	False
ytar	0.0001	0.5	0	10500	True
ytar	0.0001	0.5	0	01500	True
ytar	0.0001	0.5	0	00600	False
ytar	0.0001	0.5	0	50010	False
ytar	0.0001	0.5	0	41010	False
ytar	0.0001	0.5	0	32010	True
ytar	0.0001	0.5	0	23010	True
ytar	0.0001	0.5	0	14010	False
ytar	0.0001	0.5	0	05010	False
ytar	0.0001	0.5	0	40110	True
ytar	0.0001	0.5	0	31110	False
ytar	0.0001	0.5	0	22110	False
ytar	0.0001	0.5	0	13110	True
ytar	0.0001	0.5	0	04110	True
ytar	0.0001	0.5	0	30210	True
ytar	0.0001	0.5	0	21210	True
ytar	0.0001	0.5	0	12210	True
ytar	0.0001	0.5	0	03210	True
ytar	0.0001	0.5	0	20310	True
ytar	0.0001	0.5	0	11310	False
ytar	0.0001	0.5	0	02310	False
ytar	0.0001	0.5	0	10410	False
ytar	0.0001	0.5	0	01410	False
ytar	0.0001	0.5	0	00510	False
ytar	0.0001	0.5	0	40020	True
ytar	0.0001	0.5	0	31020	False
ytar	0.0001	0.5	0	22020	False
ytar	0.0001	0.5	0	13020	False
ytar	0.0001	0.5	0	04020	False
ytar	0.0001	0.5	0	30120	False
ytar	0.0001	0.5	0	21120	False
ytar	0.0001	0.5	0	12120	False
ytar	0.0001	0.5	0	03120	False
ytar	0.0001	0.5	0	20220	False
ytar	0.0001	0.5	0	11220	False
ytar	0.0001	0.5	0	02220	False
ytar	0.0001	0.5	0	10320	False
ytar	0.0001	0.5	0	01320	False
ytar	0.0001	0.5	0	00420	True
ytar	0.0001	0.5	0	30030	False
ytar	0.0001	0.5	0	21030	False
ytar	0.0001	0.5	0	12030	False
ytar	0.0001	0.5	0	03030	True
ytar	0.0001	0.5	0	20130	False
ytar	0.0001	0.5	0	11130	False
ytar	0.0001	0.5	0	02130	False
ytar	0.0001	0.5	0	10230	True
ytar	0.0001	0.5	0	01230	True
ytar	0.0001	0.5	0	00330	True
ytar	0.0001	0.5	0	20040	True
ytar	0.0001	0.5	0	11040	True
ytar	0.0001	0.5	0	02040	False
ytar	0.0001	0.5	0	10140	True
ytar	0.0001	0.5	0	01140	False
ytar	0.0001	0.5	0	00240	False
ytar	0.0001	0.5	0	10050	False
ytar	0.0001	0.5	0	01050	True
ytar	0.0001	0.5	0	00150	False
ytar	0.0001	0.5	0	00060	False
ytar	3e-05	0.5	0	00000	True
ytar	3e-05	0.5	0	10000	True
ytar	3e-05	0.5	0	01000	True
ytar	3e-05	0.5	0	00100	True
ytar	3e-05	0.5	0	00010	True
ytar	3e-05	0.5	0	20000	True
ytar	3e-05	0.5	0	11000	True
ytar	3e-05	0.5	0	02000	True
ytar	3e-05	0.5	0	10100	True
ytar	3e-05	0.5	0	01100	True
ytar	3e-05	0.5	0	00200	True
ytar	3e-05	0.5	0	10010	True
ytar	3e-05	0.5	0	01010	True
ytar	3e-05	0.5	0	00110	False
ytar	3e-05	0.5	0	00020	True
ytar	3e-05	0.5	0	30000	True
ytar	3e-05	0.5	0	21000	True
ytar	3e-05	0.5	0	12000	True
ytar	3e-05	0.5	0	03000	True
ytar	3e-05	0.5	0	20100	True
ytar	3e-05	0.5	0	11100	True
ytar	3e-05	0.5	0	02100	True
ytar	3e-05	0.5	0	10200	True
ytar	3e-05	0.5	0	01200	True
ytar	3e-05	0.5	0	00300	True
ytar	3e-05	0.5	0	20010	True
ytar	3e-05	0.5	0	11010	True
ytar	3e-05	0.5	0	02010	True
ytar	3e-05	0.5	0	10110	True
ytar	3e-05	0.5	0	01110	True
ytar	3e-05	0.5	0	00210	True
ytar	3e-05	0.5	0	10020	True
ytar	3e-05	0.5	0	01020	True
ytar	3e-05	0.5	0	00120	True
ytar	3e-05	0.5	0	00030	True
ytar	3e-05	0.5	0	40000	True
ytar	3e-05	0.5	0	31000	False
ytar	3e-05	0.5	0	22000	True
ytar	3e-05	0.5	0	13000	False
ytar	3e-05	0.5	0	04000	False
ytar	3e-05	0.5	0	30100	False
ytar	3e-05	0.5	0	21100	True
ytar	3e-05	0.5	0	12100	False
ytar	3e-05	0.5	0	03100	True
ytar	3e-05	0.5	0	20200	True
ytar	3e-05	0.5	0	11200	False
ytar	3e-05	0.5	0	02200	True
ytar	3e-05	0.5	0	10300	True
ytar	3e-05	0.5	0	01300	True
ytar	3e-05	0.5	0	00400	True
ytar	3e-05	0.5	0	30010	True
ytar	3e-05	0.5	0	21010	True
ytar	3e-05	0.5	0	12010	True
ytar	3e-05	0.5	0	03010	True
ytar	3e-05	0.5	0	20110	False
ytar	3e-05	0.5	0	11110	True
ytar	3e-05	0.5	0	02110	True
ytar	3e-05	0.5	0	10210	False
ytar	3e-05	0.5	0	01210	True
ytar	3e-05	0.5	0	00310	False
ytar	3e-05	0.5	0	20020	True
ytar	3e-05	0.5	0	11020	True
ytar	3e-05	0.5	0	02020	True
ytar	3e-05	0.5	0	10120	True
ytar	3e-05	0.5	0	01120	True
ytar	3e-05	0.5	0	00220	True
ytar	3e-05	0.5	0	10030	True
ytar	3e-05	0.5	0	01030	True
ytar	3e-05	0.5	0	00130	True
ytar	3e-05	0.5	0	00040	False
ytar	3e-05	0.5	0	50000	True
ytar	3e-05	0.5	0	41000	True
ytar	3e-05	0.5	0	32000	True
ytar	3e-05	0.5	0	23000	False
ytar	3e-05	0.5	0	14000	True
ytar	3e-05	0.5	0	05000	True
ytar	3e-05	0.5	0	40100	True
ytar	3e-05	0.5	0	31100	False
ytar	3e-05	0.5	0	22100	False
ytar	3e-05	0.5	0	13100	True
ytar	3e-05	0.5	0	04100	True
ytar	3e-05	0.5	0	30200	True
ytar	3e-05	0.5	0	21200	True
ytar	3e-05	0.5	0	12200	True
ytar	3e-05	0.5	0	03200	True
ytar	3e-05	0.5	0	20300	False
ytar	3e-05	0.5	0	11300	False
ytar	3e-05	0.5	0	02300	True
ytar	3e-05	0.5	0	10400	False
ytar	3e-05	0.5	0	01400	True
ytar	3e-05	0.5	0	00500	True
ytar	3e-05	0.5	0	40010	True
ytar	3e-05	0.5	0	31010	True
ytar	3e-05	0.5	0	22010	True
ytar	3e-05	0.5	0	13010	False
ytar	3e-05	0.5	0	04010	True
ytar	3e-05	0.5	0	30110	True
ytar	3e-05	0.5	0	21110	False
ytar	3e-05	0.5	0	12110	True
ytar	3e-05	0.5	0	03110	True
ytar	3e-05	0.5	0	20210	True
ytar	3e-05	0.5	0	11210	False
ytar	3e-05	0.5	0	02210	True
ytar	3e-05	0.5	0	10310	False
ytar	3e-05	0.5	0	01310	True
ytar	3e-05	0.5	0	00410	False
ytar	3e-05	0.5	0	30020	False
ytar	3e-05	0.5	0	21020	True
ytar	3e-05	0.5	0	12020	True
ytar	3e-05	0.5	0	03020	True
ytar	3e-05	0.5	0	20120	False
ytar	3e-05	0.5	0	11120	False
ytar	3e-05	0.5	0	02120	False
ytar	3e-05	0.5	0	10220	False
ytar	3e-05	0.5	0	01220	False
ytar	3e-05	0.5	0	00320	False
ytar	3e-05	0.5	0	20030	False
ytar	3e-05	0.5	0	11030	True
ytar	3e-05	0.5	0	02030	True
ytar	3e-05	0.5	0	10130	False
ytar	3e-05	0.5	0	01130	False
ytar	3e-05	0.5	0	00230	False
ytar	3e-05	0.5	0	10040	True
ytar	3e-05	0.5	0	01040	False
ytar	3e-05	0.5	0	00140	True
ytar	3e-05	0.5	0	00050	True
ytar	3e-05	0.5	0	60000	True
ytar	3e-05	0.5	0	51000	False
ytar	3e-05	0.5	0	42000	True
ytar	3e-05	0.5	0	33000	False
ytar	3e-05	0.5	0	24000	False
ytar	3e-05	0.5	0	15000	False
ytar	3e-05	0.5	0	06000	True
ytar	3e-05	0.5	0	50100	False
ytar	3e-05	0.5	0	41100	True
ytar	3e-05	0.5	0	32100	False
ytar	3e-05	0.5	0	23100	True
ytar	3e-05	0.5	0	14100	True
ytar	3e-05	0.5	0	05100	True
ytar	3e-05	0.5	0	40200	True
ytar	3e-05	0.5	0	31200	True
ytar	3e-05	0.5	0	22200	False
ytar	3e-05	0.5	0	13200	False
ytar	3e-05	0.5	0	04200	True
ytar	3e-05	0.5	0	30300	True
ytar	3e-05	0.5	0	21300	False
ytar	3e-05	0.5	0	12300	True
ytar	3e-05	0.5	0	03300	False
ytar	3e-05	0.5	0	20400	True
ytar	3e-05	0.5	0	11400	True
ytar	3e-05	0.5	0	02400	False
ytar	3e-05	0.5	0	10500	True
ytar	3e-05	0.5	0	01500	True
ytar	3e-05	0.5	0	00600	True
ytar	3e-05	0.5	0	50010	True
ytar	3e-05	0.5	0	41010	False
ytar	3e-05	0.5	0	32010	True
ytar	3e-05	0.5	0	23010	False
ytar	3e-05	0.5	0	14010	False
ytar	3e-05	0.5	0	05010	True
ytar	3e-05	0.5	0	40110	True
ytar	3e-05	0.5	0	31110	False
ytar	3e-05	0.5	0	22110	False
ytar	3e-05	0.5	0	13110	True
ytar	3e-05	0.5	0	04110	True
ytar	3e-05	0.5	0	30210	False
ytar	3e-05	0.5	0	21210	False
ytar	3e-05	0.5	0	12210	False
ytar	3e-05	0.5	0	03210	True
ytar	3e-05	0.5	0	20310	True
ytar	3e-05	0.5	0	11310	False
ytar	3e-05	0.5	0	02310	True
ytar	3e-05	0.5	0	10410	False
ytar	3e-05	0.5	0	01410	True
ytar	3e-05	0.5	0	00510	False
ytar	3e-05	0.5	0	40020	True
ytar	3e-05	0.5	0	31020	False
ytar	3e-05	0.5	0	22020	False
ytar	3e-05	0.5	0	13020	False
ytar	3e-05	0.5	0	04020	True
ytar	3e-05	0.5	0	30120	False
ytar	3e-05	0.5	0	21120	False
ytar	3e-05	0.5	0	12120	True
ytar	3e-05	0.5	0	03120	True
ytar	3e-05	0.5	0	20220	True
ytar	3e-05	0.5	0	11220	False
ytar	3e-05	0.5	0	02220	False
ytar	3e-05	0.5	0	10320	True
ytar	3e-05	0.5	0	01320	False
ytar	3e-05	0.5	0	00420	True
ytar	3e-05	0.5	0	30030	True
ytar	3e-05	0.5	0	21030	False
ytar	3e-05	0.5	0	12030	False
ytar	3e-05	0.5	0	03030	True
ytar	3e-05	0.5	0	20130	True
ytar	3e-05	0.5	0	11130	False
ytar	3e-05	0.5	0	02130	False
ytar	3e-05	0.5	0	10230	True
ytar	3e-05	0.5	0	01230	False
ytar	3e-05	0.5	0	00330	True
ytar	3e-05	0.5	0	20040	True
ytar	3e-05	0.5	0	11040	False
ytar	3e-05	0.5	0	02040	False
ytar	3e-05	0.5	0	10140	False
ytar	3e-05	0.5	0	01140	False
ytar	3e-05	0.5	0	00240	False
ytar	3e-05	0.5	0	10050	False
ytar	3e-05	0.5	0	01050	True
ytar	3e-05	0.5	0	00150	False
ytar	3e-05	0.5	0	00060	True
yptar	0.0001	0.1	0	00000	True
yptar	0.0001	0.1	0	10000	True
yptar	0.0001	0.1	0	01000	True
yptar	0.0001	0.1	0	00100	True
yptar	0.0001	0.1	0	00010	True
yptar	0.0001	0.1	0	20000	True
yptar	0.0001	0.1	0	11000	True
yptar	0.0001	0.1	0	02000	True
yptar	0.0001	0.1	0	10100	True
yptar	0.0001	0.1	0	01100	True
yptar	0.0001	0.1	0	00200	True
yptar	0.0001	0.1	0	10010	True
yptar	0.0001	0.1	0	01010	True
yptar	0.0001	0.1	0	00110	True
yptar	0.0001	0.1	0	00020	True
yptar	0.0001	0.1	0	30000	True
yptar	0.0001	0.1	0	21000	True
yptar	0.0001	0.1	0	12000	True
yptar	0.0001	0.1	0	03000	False
yptar	0.0001	0.1	0	20100	True
yptar	0.0001	0.1	0	11100	True
yptar	0.0001	0.1	0	02100	True
yptar	0.0001	0.1	0	10200	True
yptar	0.0001	0.1	0	01200	True
yptar	0.0001	0.1	0	00300	True
yptar	0.0001	0.1	0	20010	True
yptar	0.0001	0.1	0	11010	True
yptar	0.0001	0.1	0	02010	True
yptar	0.0001	0.1	0	10110	False
yptar	0.0001	0.1	0	01110	True
yptar	0.0001	0.1	0	00210	True
yptar	0.0001	0.1	0	10020	True
yptar	0.0001	0.1	0	01020	True
yptar	0.0001	0.1	0	00120	True
yptar	0.0001	0.1	0	00030	True
yptar	0.0001	0.1	0	40000	True
yptar	0.0001	0.1	0	31000	True
yptar	0.0001	0.1	0	22000	False
yptar	0.0001	0.1	0	13000	True
yptar	0.0001	0.1	0	04000	True
yptar	0.0001	0.1	0	30100	False
yptar	0.0001	0.1	0	21100	True
yptar	0.0001	0.1	0	12100	True
yptar	0.0001	0.1	0	03100	True
yptar	0.0001	0.1	0	20200	True
yptar	0.0001	0.1	0	11200	False
yptar	0.0001	0.1	0	02200	False
yptar	0.0001	0.1	0	10300	False
yptar	0.0001	0.1	0	01300	True
yptar	0.0001	0.1	0	00400	True
yptar	0.0001	0.1	0	30010	True
yptar	0.0001	0.1	0	21010	False
yptar	0.0001	0.1	0	12010	True
yptar	0.0001	0.1	0	03010	True
yptar	0.0001	0.1	0	20110	False
yptar	0.0001	0.1	0	11110	True
yptar	0.0001	0.1	0	02110	True
yptar	0.0001	0.1	0	10210	True
yptar	0.0001	0.1	0	01210	True
yptar	0.0001	0.1	0	00310	False
yptar	0.0001	0.1	0	20020	False
yptar	0.0001	0.1	0	11020	True
yptar	0.0001	0.1	0	02020	True
yptar	0.0001	0.1	0	10120	True
yptar	0.0001	0.1	0	01120	True
yptar	0.0001	0.1	0	00220	True
yptar	0.0001	0.1	0	10030	True
yptar	0.0001	0.1	0	01030	True
yptar	0.0001	0.1	0	00130	False
yptar	0.0001	0.1	0	00040	True
yptar	0.0001	0.1	0	50000	True
yptar	0.0001	0.1	0	41000	True
yptar	0.0001	0.1	0	32000	True
yptar	0.0001	0.1	0	23000	False
yptar	0.0001	0.1	0	14000	True
yptar	0.0001	0.1	0	05000	True
yptar	0.0001	0.1	0	40100	True
yptar	0.0001	0.1	0	31100	False
yptar	0.0001	0.1	0	22100	False
yptar	0.0001	0.1	0	13100	True
yptar	0.0001	0.1	0	04100	True
yptar	0.0001	0.1	0	30200	True
yptar	0.0001	0.1	0	21200	False
yptar	0.0001	0.1	0	12200	False
yptar	0.0001	0.1	0	03200	False
yptar	0.0001	0.1	0	20300	True
yptar	0.0001	0.1	0	11300	False
yptar	0.0001	0.1	0	02300	True
yptar	0.0001	0.1	0	10400	False
yptar	0.0001	0.1	0	01400	True
yptar	0.0001	0.1	0	00500	True
yptar	0.0001	0.1	0	40010	True
yptar	0.0001	0.1	0	31010	True
yptar	0.0001	0.1	0	22010	True
yptar	0.0001	0.1	0	13010	True
yptar	0.0001	0.1	0	04010	False
yptar	0.0001	0.1	0	30110	True
yptar	0.0001	0.1	0	21110	False
yptar	0.0001	0.1	0	12110	False
yptar	0.0001	0.1	0	03110	True
yptar	0.0001	0.1	0	20210	False
yptar	0.0001	0.1	0	11210	False
yptar	0.0001	0.1	0	02210	False
yptar	0.0001	0.1	0	10310	False
yptar	0.0001	0.1	0	01310	True
yptar	0.0001	0.1	0	00410	False
yptar	0.0001	0.1	0	30020	True
yptar	0.0001	0.1	0	21020	False
yptar	0.0001	0.1	0	12020	False
yptar	0.0001	0.1	0	03020	False
yptar	0.0001	0.1	0	20120	False
yptar	0.0001	0.1	0	11120	False
yptar	0.0001	0.1	0	02120	False
yptar	0.0001	0.1	0	10220	False
yptar	0.0001	0.1	0	01220	True
yptar	0.0001	0.1	0	00320	True
yptar	0.0001	0.1	0	20030	False
yptar	0.0001	0.1	0	11030	True
yptar	0.0001	0.1	0	02030	False
yptar	0.0001	0.1	0	10130	False
yptar	0.0001	0.1	0	01130	True
yptar	0.0001	0.1	0	00230	False
yptar	0.0001	0.1	0	10040	True
yptar	0.0001	0.1	0	01040	False
yptar	0.0001	0.1	0	00140	True
yptar	0.0001	0.1	0	00050	False
yptar	0.0001	0.1	0	60000	True
yptar	0.0001	0.1	0	51000	False
yptar	0.0001	0.1	0	42000	True
yptar	0.0001	0.1	0	33000	True
yptar	0.0001	0.1	0	24000	False
yptar	0.0001	0.1	0	15000	False
yptar	0.0001	0.1	0	06000	False
yptar	0.0001	0.1	0	50100	True
yptar	0.0001	0.1	0	41100	False
yptar	0.0001	0.1	0	32100	True
yptar	0.0001	0.1	0	23100	True
yptar	0.0001	0.1	0	14100	True
yptar	0.0001	0.1	0	05100	True
yptar	0.0001	0.1	0	40200	True
yptar	0.0001	0.1	0	31200	False
yptar	0.0001	0.1	0	22200	False
yptar	0.0001	0.1	0	13200	False
yptar	0.0001	0.1	0	04200	True
yptar	0.0001	0.1	0	30300	False
yptar	0.0001	0.1	0	21300	False
yptar	0.0001	0.1	0	12300	False
yptar	0.0001	0.1	0	03300	False
yptar	0.0001	0.1	0	20400	False
yptar	0.0001	0.1	0	11400	True
yptar	0.0001	0.1	0	02400	True
yptar	0.0001	0.1	0	10500	True
yptar	0.0001	0.1	0	01500	True
yptar	0.0001	0.1	0	00600	True
yptar	0.0001	0.1	0	50010	True
yptar	0.0001	0.1	0	41010	False
yptar	0.0001	0.1	0	32010	True
yptar	0.0001	0.1	0	23010	True
yptar	0.0001	0.1	0	14010	True
yptar	0.0001	0.1	0	05010	False
yptar	0.0001	0.1	0	40110	False
yptar	0.0001	0.1	0	31110	False
yptar	0.0001	0.1	0	22110	True
yptar	0.0001	0.1	0	13110	True
yptar	0.0001	0.1	0	04110	True
yptar	0.0001	0.1	0	30210	True
yptar	0.0001	0.1	0	21210	False
yptar	0.0001	0.1	0	12210	False
yptar	0.0001	0.1	0	03210	True
yptar	0.0001	0.1	0	20310	True
yptar	0.0001	0.1	0	11310	False
yptar	0.0001	0.1	0	02310	False
yptar	0.0001	0.1	0	10410	False
yptar	0.0001	0.1	0	01410	True
yptar	0.0001	0.1	0	00510	False
yptar	0.0001	0.1	0	40020	True
yptar	0.0001	0.1	0	31020	True
yptar	0.0001	0.1	0	22020	False
yptar	0.0001	0.1	0	13020	False
yptar	0.0001	0.1	0	04020	True
yptar	0.0001	0.1	0	30120	False
yptar	0.0001	0.1	0	21120	False
yptar	0.0001	0.1	0	12120	False
yptar	0.0001	0.1	0	03120	True
yptar	0.0001	0.1	0	20220	False
yptar	0.0001	0.1	0	11220	False
yptar	0.0001	0.1	0	02220	False
yptar	0.0001	0.1	0	10320	True
yptar	0.0001	0.1	0	01320	True
yptar	0.0001	0.1	0	00420	True
yptar	0.0001	0.1	0	30030	True
yptar	0.0001	0.1	0	21030	True
yptar	0.0001	0.1	0	12030	True
yptar	0.0001	0.1	0	03030	True
yptar	0.0001	0.1	0	20130	True
yptar	0.0001	0.1	0	11130	False
yptar	0.0001	0.1	0	02130	False
yptar	0.0001	0.1	0	10230	True
yptar	0.0001	0.1	0	01230	True
yptar	0.0001	0.1	0	00330	True
yptar	0.0001	0.1	0	20040	True
yptar	0.0001	0.1	0	11040	False
yptar	0.0001	0.1	0	02040	True
yptar	0.0001	0.1	0	10140	False
yptar	0.0001	0.1	0	01140	False
yptar	0.0001	0.1	0	00240	False
yptar	0.0001	0.1	0	10050	False
yptar	0.0001	0.1	0	01050	True
yptar	0.0001	0.1	0	00150	False
yptar	0.0001	0.1	0	00060	False
yptar	3e-05	0.1	0	00000	True
yptar	3e-05	0.1	0	10000	True
yptar	3e-05	0.1	0	01000	True
yptar	3e-05	0.1	0	00100	True
yptar	3e-05	0.1	0	00010	True
yptar	3e-05	0.1	0	20000	True
yptar	3e-05	0.1	0	11000	True
yptar	3e-05	0.1	0	02000	True
yptar	3e-05	0.1	0	10100	True
yptar	3e-05	0.1	0	01100	True
yptar	3e-05	0.1	0	00200	True
yptar	3e-05	0.1	0	10010	True
yptar	3e-05	0.1	0	01010	True
yptar	3e-05	0.1	0	00110	True
yptar	3e-05	0.1	0	00020	True
yptar	3e-05	0.1	0	30000	True
yptar	3e-05	0.1	0	21000	True
yptar	3e-05	0.1	0	12000	True
yptar	3e-05	0.1	0	03000	True
yptar	3e-05	0.1	0	20100	True
yptar	3e-05	0.1	0	11100	True
yptar	3e-05	0.1	0	02100	True
yptar	3e-05	0.1	0	10200	True
yptar	3e-05	0.1	0	01200	True
yptar	3e-05	0.1	0	00300	True
yptar	3e-05	0.1	0	20010	True
yptar	3e-05	0.1	0	11010	True
yptar	3e-05	0.1	0	02010	True
yptar	3e-05	0.1	0	10110	True
yptar	3e-05	0.1	0	01110	True
yptar	3e-05	0.1	0	00210	True
yptar	3e-05	0.1	0	10020	True
yptar	3e-05	0.1	0	01020	False
yptar	3e-05	0.1	0	00120	True
yptar	3e-05	0.1	0	00030	True
yptar	3e-05	0.1	0	40000	True
yptar	3e-05	0.1	0	31000	True
yptar	3e-05	0.1	0	22000	True
yptar	3e-05	0.1	0	13000	True
yptar	3e-05	0.1	0	04000	True
yptar	3e-05	0.1	0	30100	True
yptar	3e-05	0.1	0	21100	True
yptar	3e-05	0.1	0	12100	False
yptar	3e-05	0.1	0	03100	True
yptar	3e-05	0.1	0	20200	True
yptar	3e-05	0.1	0	11200	False
yptar	3e-05	0.1	0	02200	False
yptar	3e-05	0.1	0	10300	True
yptar	3e-05	0.1	0	01300	True
yptar	3e-05	0.1	0	00400	True
yptar	3e-05	0.1	0	30010	True
yptar	3e-05	0.1	0	21010	True
yptar	3e-05	0.1	0	12010	True
yptar	3e-05	0.1	0	03010	True
yptar	3e-05	0.1	0	20110	False
yptar	3e-05	0.1	0	11110	True
yptar	3e-05	0.1	0	02110	True
yptar	3e-05	0.1	0	10210	False
yptar	3e-05	0.1	0	01210	True
yptar	3e-05	0.1	0	00310	False
yptar	3e-05	0.1	0	20020	False
yptar	3e-05	0.1	0	11020	True
yptar	3e-05	0.1	0	02020	True
yptar	3e-05	0.1	0	10120	True
yptar	3e-05	0.1	0	01120	True
yptar	3e-05	0.1	0	00220	True
yptar	3e-05	0.1	0	10030	True
yptar	3e-05	0.1	0	01030	True
yptar	3e-05	0.1	0	00130	True
yptar	3e-05	0.1	0	00040	True
yptar	3e-05	0.1	0	50000	True
yptar	3e-05	0.1	0	41000	True
yptar	3e-05	0.1	0	32000	True
yptar	3e-05	0.1	0	23000	False
yptar	3e-05	0.1	0	14000	True
yptar	3e-05	0.1	0	05000	True
yptar	3e-05	0.1	0	40100	True
yptar	3e-05	0.1	0	31100	False
yptar	3e-05	0.1	0	22100	False
yptar	3e-05	0.1	0	13100	True
yptar	3e-05	0.1	0	04100	True
yptar	3e-05	0.1	0	30200	True
yptar	3e-05	0.1	0	21200	False
yptar	3e-05	0.1	0	12200	True
yptar	3e-05	0.1	0	03200	False
yptar	3e-05	0.1	0	20300	True
yptar	3e-05	0.1	0	11300	True
yptar	3e-05	0.1	0	02300	False
yptar	3e-05	0.1	0	10400	True
yptar	3e-05	0.1	0	01400	True
yptar	3e-05	0.1	0	00500	True
yptar	3e-05	0.1	0	40010	True
yptar	3e-05	0.1	0	31010	True
yptar	3e-05	0.1	0	22010	True
yptar	3e-05	0.1	0	13010	False
yptar	3e-05	0.1	0	04010	True
yptar	3e-05	0.1	0	30110	True
yptar	3e-05	0.1	0	21110	False
yptar	3e-05	0.1	0	12110	True
yptar	3e-05	0.1	0	03110	True
yptar	3e-05	0.1	0	20210	True
yptar	3e-05	0.1	0	11210	False
yptar	3e-05	0.1	0	02210	True
yptar	3e-05	0.1	0	10310	False
yptar	3e-05	0.1	0	01310	False
yptar	3e-05	0.1	0	00410	False
yptar	3e-05	0.1	0	30020	True
yptar	3e-05	0.1	0	21020	False
yptar	3e-05	0.1	0	12020	True
yptar	3e-05	0.1	0	03020	True
yptar	3e-05	0.1	0	20120	False
yptar	3e-05	0.1	0	11120	False
yptar	3e-05	0.1	0	02120	True
yptar	3e-05	0.1	0	10220	True
yptar	3e-05	0.1	0	01220	False
yptar	3e-05	0.1	0	00320	True
yptar	3e-05	0.1	0	20030	True
yptar	3e-05	0.1	0	11030	True
yptar	3e-05	0.1	0	02030	True
yptar	3e-05	0.1	0	10130	False
yptar	3e-05	0.1	0	01130	True
yptar	3e-05	0.1	0	00230	False
yptar	3e-05	0.1	0	10040	True
yptar	3e-05	0.1	0	01040	False
yptar	3e-05	0.1	0	00140	True
yptar	3e-05	0.1	0	00050	False
yptar	3e-05	0.1	0	60000	True
yptar	3e-05	0.1	0	51000	False
yptar	3e-05	0.1	0	42000	True
yptar	3e-05	0.1	0	33000	True
yptar	3e-05	0.1	0	24000	False
yptar	3e-05	0.1	0	15000	False
yptar	3e-05	0.1	0	06000	True
yptar	3e-05	0.1	0	50100	True
yptar	3e-05	0.1	0	41100	False
yptar	3e-05	0.1	0	32100	True
yptar	3e-05	0.1	0	23100	True
yptar	3e-05	0.1	0	14100	False
yptar	3e-05	0.1	0	05100	True
yptar	3e-05	0.1	0	40200	True
yptar	3e-05	0.1	0	31200	True
yptar	3e-05	0.1	0	22200	False
yptar	3e-05	0.1	0	13200	False
yptar	3e-05	0.1	0	04200	True
yptar	3e-05	0.1	0	30300	True
yptar	3e-05	0.1	0	21300	False
yptar	3e-05	0.1	0	12300	True
yptar	3e-05	0.1	0	03300	False
yptar	3e-05	0.1	0	20400	False
yptar	3e-05	0.1	0	11400	True
yptar	3e-05	0.1	0	02400	False
yptar	3e-05	0.1	0	10500	True
yptar	3e-05	0.1	0	01500	True
yptar	3e-05	0.1	0	00600	True
yptar	3e-05	0.1	0	50010	True
yptar	3e-05	0.1	0	41010	False
yptar	3e-05	0.1	0	32010	True
yptar	3e-05	0.1	0	23010	True
yptar	3e-05	0.1	0	14010	True
yptar	3e-05	0.1	0	05010	True
yptar	3e-05	0.1	0	40110	False
yptar	3e-05	0.1	0	31110	False
yptar	3e-05	0.1	0	22110	False
yptar	3e-05	0.1	0	13110	False
yptar	3e-05	0.1	0	04110	True
yptar	3e-05	0.1	0	30210	False
yptar	3e-05	0.1	0	21210	False
yptar	3e-05	0.1	0	12210	False
yptar	3e-05	0.1	0	03210	True
yptar	3e-05	0.1	0	20310	True
yptar	3e-05	0.1	0	11310	False
yptar	3e-05	0.1	0	02310	False
yptar	3e-05	0.1	0	10410	True
yptar	3e-05	0.1	0	01410	True
yptar	3e-05	0.1	0	00510	False
yptar	3e-05	0.1	0	40020	True
yptar	3e-05	0.1	0	31020	True
yptar	3e-05	0.1	0	22020	False
yptar	3e-05	0.1	0	13020	True
yptar	3e-05	0.1	0	04020	True
yptar	3e-05	0.1	0	30120	False
yptar	3e-05	0.1	0	21120	False
yptar	3e-05	0.1	0	12120	True
yptar	3e-05	0.1	0	03120	True
yptar	3e-05	0.1	0	20220	True
yptar	3e-05	0.1	0	11220	False
yptar	3e-05	0.1	0	02220	False
yptar	3e-05	0.1	0	10320	True
yptar	3e-05	0.1	0	01320	True
yptar	3e-05	0.1	0	00420	True
yptar	3e-05	0.1	0	30030	True
yptar	3e-05	0.1	0	21030	True
yptar	3e-05	0.1	0	12030	True
yptar	3e-05	0.1	0	03030	False
yptar	3e-05	0.1	0	20130	False
yptar	3e-05	0.1	0	11130	False
yptar	3e-05	0.1	0	02130	False
yptar	3e-05	0.1	0	10230	True
yptar	3e-05	0.1	0	01230	True
yptar	3e-05	0.1	0	00330	True
yptar	3e-05	0.1	0	20040	True
yptar	3e-05	0.1	0	11040	False
yptar	3e-05	0.1	0	02040	True
yptar	3e-05	0.1	0	10140	False
yptar	3e-05	0.1	0	01140	False
yptar	3e-05	0.1	0	00240	False
yptar	3e-05	0.1	0	10050	False
yptar	3e-05	0.1	0	01050	True
yptar	3e-05	0.1	0	00150	False
yptar	3e-05	0.1	0	00060	True
yptar	0.0001	0.5	0	00000	True
yptar	0.0001	0.5	0	10000	True
yptar	0.0001	0.5	0	01000	True
yptar	0.0001	0.5	0	00100	True
yptar	0.0001	0.5	0	00010	True
yptar	0.0001	0.5	0	20000	True
yptar	0.0001	0.5	0	11000	True
yptar	0.0001	0.5	0	02000	True
yptar	0.0001	0.5	0	10100	True
yptar	0.0001	0.5	0	01100	True
yptar	0.0001	0.5	0	00200	True
yptar	0.0001	0.5	0	10010	True
yptar	0.0001	0.5	0	01010	True
yptar	0.0001	0.5	0	00110	True
yptar	0.0001	0.5	0	00020	True
yptar	0.0001	0.5	0	30000	False
yptar	0.0001	0.5	0	21000	True
yptar	0.0001	0.5	0	12000	False
yptar	0.0001	0.5	0	03000	True
yptar	0.0001	0.5	0	20100	True
yptar	0.0001	0.5	0	11100	True
yptar	0.0001	0.5	0	02100	True
yptar	0.0001	0.5	0	10200	True
yptar	0.0001	0.5	0	01200	False
yptar	0.0001	0.5	0	00300	True
yptar	0.0001	0.5	0	20010	True
yptar	0.0001	0.5	0	11010	True
yptar	0.0001	0.5	0	02010	True
yptar	0.0001	0.5	0	10110	False
yptar	0.0001	0.5	0	01110	True
yptar	0.0001	0.5	0	00210	True
yptar	0.0001	0.5	0	10020	True
yptar	0.0001	0.5	0	01020	True
yptar	0.0001	0.5	0	00120	True
yptar	0.0001	0.5	0	00030	True
yptar	0.0001	0.5	0	40000	False
yptar	0.0001	0.5	0	31000	True
yptar	0.0001	0.5	0	22000	False
yptar	0.0001	0.5	0	13000	False
yptar	0.0001	0.5	0	04000	True
yptar	0.0001	0.5	0	30100	False
yptar	0.0001	0.5	0	21100	True
yptar	0.0001	0.5	0	12100	False
yptar	0.0001	0.5	0	03100	True
yptar	0.0001	0.5	0	20200	True
yptar	0.0001	0.5	0	11200	False
yptar	0.0001	0.5	0	02200	True
yptar	0.0001	0.5	0	10300	False
yptar	0.0001	0.5	0	01300	False
yptar	0.0001	0.5	0	00400	False
yptar	0.0001	0.5	0	30010	True
yptar	0.0001	0.5	0	21010	False
yptar	0.0001	0.5	0	12010	False
yptar	0.0001	0.5	0	03010	False
yptar	0.0001	0.5	0	20110	False
yptar	0.0001	0.5	0	11110	False
yptar	0.0001	0.5	0	02110	True
yptar	0.0001	0.5	0	10210	False
yptar	0.0001	0.5	0	01210	True
yptar	0.0001	0.5	0	00310	False
yptar	0.0001	0.5	0	20020	False
yptar	0.0001	0.5	0	11020	False
yptar	0.0001	0.5	0	02020	True
yptar	0.0001	0.5	0	10120	True
yptar	0.0001	0.5	0	01120	False
yptar	0.0001	0.5	0	00220	True
yptar	0.0001	0.5	0	10030	True
yptar	0.0001	0.5	0	01030	False
yptar	0.0001	0.5	0	00130	False
yptar	0.0001	0.5	0	00040	False
yptar	0.0001	0.5	0	50000	False
yptar	0.0001	0.5	0	41000	False
yptar	0.0001	0.5	0	32000	False
yptar	0.0001	0.5	0	23000	False
yptar	0.0001	0.5	0	14000	False
yptar	0.0001	0.5	0	05000	False
yptar	0.0001	0.5	0	40100	True
yptar	0.0001	0.5	0	31100	False
yptar	0.0001	0.5	0	22100	False
yptar	0.0001	0.5	0	13100	False
yptar	0.0001	0.5	0	04100	True
yptar	0.0001	0.5	0	30200	True
yptar	0.0001	0.5	0	21200	False
yptar	0.0001	0.5	0	12200	False
yptar	0.0001	0.5	0	03200	False
yptar	0.0001	0.5	0	20300	False
yptar	0.0001	0.5	0	11300	False
yptar	0.0001	0.5	0	02300	True
yptar	0.0001	0.5	0	10400	False
yptar	0.0001	0.5	0	01400	False
yptar	0.0001	0.5	0	00500	True
yptar	0.0001	0.5	0	40010	True
yptar	0.0001	0.5	0	31010	False
yptar	0.0001	0.5	0	22010	False
yptar	0.0001	0.5	0	13010	False
yptar	0.0001	0.5	0	04010	False
yptar	0.0001	0.5	0	30110	False
yptar	0.0001	0.5	0	21110	False
yptar	0.0001	0.5	0	12110	False
yptar	0.0001	0.5	0	03110	False
yptar	0.0001	0.5	0	20210	False
yptar	0.0001	0.5	0	11210	False
yptar	0.0001	0.5	0	02210	False
yptar	0.0001	0.5	0	10310	False
yptar	0.0001	0.5	0	01310	True
yptar	0.0001	0.5	0	00410	False
yptar	0.0001	0.5	0	30020	False
yptar	0.0001	0.5	0	21020	False
yptar	0.0001	0.5	0	12020	False
yptar	0.0001	0.5	0	03020	False
yptar	0.0001	0.5	0	20120	False
yptar	0.0001	0.5	0	11120	False
yptar	0.0001	0.5	0	02120	False
yptar	0.0001	0.5	0	10220	False
yptar	0.0001	0.5	0	01220	False
yptar	0.0001	0.5	0	00320	False
yptar	0.0001	0.5	0	20030	False
yptar	0.0001	0.5	0	11030	False
yptar	0.0001	0.5	0	02030	False
yptar	0.0001	0.5	0	10130	False
yptar	0.0001	0.5	0	01130	False
yptar	0.0001	0.5	0	00230	False
yptar	0.0001	0.5	0	10040	False
yptar	0.0001	0.5	0	01040	False
yptar	0.0001	0.5	0	00140	True
yptar	0.0001	0.5	0	00050	False
yptar	0.0001	0.5	0	60000	True
yptar	0.0001	0.5	0	51000	False
yptar	0.0001	0.5	0	42000	False
yptar	0.0001	0.5	0	33000	False
yptar	0.0001	0.5	0	24000	True
yptar	0.0001	0.5	0	15000	False
yptar	0.0001	0.5	0	06000	False
yptar	0.0001	0.5	0	50100	True
yptar	0.0001	0.5	0	41100	False
yptar	0.0001	0.5	0	32100	False
yptar	0.0001	0.5	0	23100	False
yptar	0.0001	0.5	0	14100	False
yptar	0.0001	0.5	0	05100	True
yptar	0.0001	0.5	0	40200	True
yptar	0.0001	0.5	0	31200	False
yptar	0.0001	0.5	0	22200	False
yptar	0.0001	0.5	0	13200	False
yptar	0.0001	0.5	0	04200	False
yptar	0.0001	0.5	0	30300	False
yptar	0.0001	0.5	0	21300	False
yptar	0.0001	0.5	0	12300	False
yptar	0.0001	0.5	0	03300	True
yptar	0.0001	0.5	0	20400	False
yptar	0.0001	0.5	0	11400	False
yptar	0.0001	0.5	0	02400	True
yptar	0.0001	0.5	0	10500	True
yptar	0.0001	0.5	0	01500	False
yptar	0.0001	0.5	0	00600	False
yptar	0.0001	0.5	0	50010	False
yptar	0.0001	0.5	0	41010	False
yptar	0.0001	0.5	0	32010	False
yptar	0.0001	0.5	0	23010	True
yptar	0.0001	0.5	0	14010	False
yptar	0.0001	0.5	0	05010	False
yptar	0.0001	0.5	0	40110	False
yptar	0.0001	0.5	0	31110	False
yptar	0.0001	0.5	0	22110	False
yptar	0.0001	0.5	0	13110	False
yptar	0.0001	0.5	0	04110	False
yptar	0.0001	0.5	0	30210	True
yptar	0.0001	0.5	0	21210	True
yptar	0.0001	0.5	0	12210	False
yptar	0.0001	0.5	0	03210	False
yptar	0.0001	0.5	0	20310	False
yptar	0.0001	0.5	0	11310	False
yptar	0.0001	0.5	0	02310	False
yptar	0.0001	0.5	0	10410	False
yptar	0.0001	0.5	0	01410	False
yptar	0.0001	0.5	0	00510	True
yptar	0.0001	0.5	0	40020	True
yptar	0.0001	0.5	0	31020	True
yptar	0.0001	0.5	0	22020	False
yptar	0.0001	0.5	0	13020	False
yptar	0.0001	0.5	0	04020	True
yptar	0.0001	0.5	0	30120	False
yptar	0.0001	0.5	0	21120	False
yptar	0.0001	0.5	0	12120	False
yptar	0.0001	0.5	0	03120	False
yptar	0.0001	0.5	0	20220	False
yptar	0.0001	0.5	0	11220	False
yptar	0.0001	0.5	0	02220	False
yptar	0.0001	0.5	0	10320	False
yptar	0.0001	0.5	0	01320	False
yptar	0.0001	0.5	0	00420	True
yptar	0.0001	0.5	0	30030	False
yptar	0.0001	0.5	0	21030	False
yptar	0.0001	0.5	0	12030	False
yptar	0.0001	0.5	0	03030	True
yptar	0.0001	0.5	0	20130	False
yptar	0.0001	0.5	0	11130	False
yptar	0.0001	0.5	0	02130	False
yptar	0.0001	0.5	0	10230	True
yptar	0.0001	0.5	0	01230	True
yptar	0.0001	0.5	0	00330	False
yptar	0.0001	0.5	0	20040	True
yptar	0.0001	0.5	0	11040	False
yptar	0.0001	0.5	0	02040	True
yptar	0.0001	0.5	0	10140	True
yptar	0.0001	0.5	0	01140	False
yptar	0.0001	0.5	0	00240	False
yptar	0.0001	0.5	0	10050	False
yptar	0.0001	0.5	0	01050	False
yptar	0.0001	0.5	0	00150	False
yptar	0.0001	0.5	0	00060	True
yptar	3e-05	0.5	0	00000	True
yptar	3e-05	0.5	0	10000	True
yptar	3e-05	0.5	0	01000	True
yptar	3e-05	0.5	0	00100	True
yptar	3e-05	0.5	0	00010	True
yptar	3e-05	0.5	0	20000	True
yptar	3e-05	0.5	0	11000	True
yptar	3e-05	0.5	0	02000	True
yptar	3e-05	0.5	0	10100	True
yptar	3e-05	0.5	0	01100	True
yptar	3e-05	0.5	0	00200	True
yptar	3e-05	0.5	0	10010	True
yptar	3e-05	0.5	0	01010	True
yptar	3e-05	0.5	0	00110	True
yptar	3e-05	0.5	0	00020	True
yptar	3e-05	0.5	0	30000	True
yptar	3e-05	0.5	0	21000	False
yptar	3e-05	0.5	0	12000	True
yptar	3e-05	0.5	0	03000	True
yptar	3e-05	0.5	0	20100	True
yptar	3e-05	0.5	0	11100	True
yptar	3e-05	0.5	0	02100	False
yptar	3e-05	0.5	0	10200	True
yptar	3e-05	0.5	0	01200	True
yptar	3e-05	0.5	0	00300	True
yptar	3e-05	0.5	0	20010	True
yptar	3e-05	0.5	0	11010	True
yptar	3e-05	0.5	0	02010	True
yptar	3e-05	0.5	0	10110	False
yptar	3e-05	0.5	0	01110	True
yptar	3e-05	0.5	0	00210	True
yptar	3e-05	0.5	0	10020	True
yptar	3e-05	0.5	0	01020	True
yptar	3e-05	0.5	0	00120	True
yptar	3e-05	0.5	0	00030	True
yptar	3e-05	0.5	0	40000	True
yptar	3e-05	0.5	0	31000	True
yptar	3e-05	0.5	0	22000	False
yptar	3e-05	0.5	0	13000	False
yptar	3e-05	0.5	0	04000	True
yptar	3e-05	0.5	0	30100	False
yptar	3e-05	0.5	0	21100	True
yptar	3e-05	0.5	0	12100	False
yptar	3e-05	0.5	0	03100	True
yptar	3e-05	0.5	0	20200	True
yptar	3e-05	0.5	0	11200	False
yptar	3e-05	0.5	0	02200	False
yptar	3e-05	0.5	0	10300	False
yptar	3e-05	0.5	0	01300	False
yptar	3e-05	0.5	0	00400	True
yptar	3e-05	0.5	0	30010	True
yptar	3e-05	0.5	0	21010	True
yptar	3e-05	0.5	0	12010	True
yptar	3e-05	0.5	0	03010	True
yptar	3e-05	0.5	0	20110	False
yptar	3e-05	0.5	0	11110	True
yptar	3e-05	0.5	0	02110	True
yptar	3e-05	0.5	0	10210	False
yptar	3e-05	0.5	0	01210	True
yptar	3e-05	0.5	0	00310	False
yptar	3e-05	0.5	0	20020	False
yptar	3e-05	0.5	0	11020	False
yptar	3e-05	0.5	0	02020	True
yptar	3e-05	0.5	0	10120	True
yptar	3e-05	0.5	0	01120	False
yptar	3e-05	0.5	0	00220	True
yptar	3e-05	0.5	0	10030	True
yptar	3e-05	0.5	0	01030	False
yptar	3e-05	0.5	0	00130	False
yptar	3e-05	0.5	0	00040	False
yptar	3e-05	0.5	0	50000	True
yptar	3e-05	0.5	0	41000	True
yptar	3e-05	0.5	0	32000	True
yptar	3e-05	0.5	0	23000	False
yptar	3e-05	0.5	0	14000	False
yptar	3e-05	0.5	0	05000	True
yptar	3e-05	0.5	0	40100	True
yptar	3e-05	0.5	0	31100	False
yptar	3e-05	0.5	0	22100	False
yptar	3e-05	0.5	0	13100	False
yptar	3e-05	0.5	0	04100	True
yptar	3e-05	0.5	0	30200	True
yptar	3e-05	0.5	0	21200	False
yptar	3e-05	0.5	0	12200	False
yptar	3e-05	0.5	0	03200	False
yptar	3e-05	0.5	0	20300	True
yptar	3e-05	0.5	0	11300	False
yptar	3e-05	0.5	0	02300	True
yptar	3e-05	0.5	0	10400	False
yptar	3e-05	0.5	0	01400	True
yptar	3e-05	0.5	0	00500	True
yptar	3e-05	0.5	0	40010	True
yptar	3e-05	0.5	0	31010	False
yptar	3e-05	0.5	0	22010	True
yptar	3e-05	0.5	0	13010	True
yptar	3e-05	0.5	0	04010	False
yptar	3e-05	0.5	0	30110	False
yptar	3e-05	0.5	0	21110	False
yptar	3e-05	0.5	0	12110	False
yptar	3e-05	0.5	0	03110	True
yptar	3e-05	0.5	0	20210	False
yptar	3e-05	0.5	0	11210	False
yptar	3e-05	0.5	0	02210	False
yptar	3e-05	0.5	0	10310	False
yptar	3e-05	0.5	0	01310	True
yptar	3e-05	0.5	0	00410	False
yptar	3e-05	0.5	0	30020	True
yptar	3e-05	0.5	0	21020	False
yptar	3e-05	0.5	0	12020	False
yptar	3e-05	0.5	0	03020	False
yptar	3e-05	0.5	0	20120	False
yptar	3e-05	0.5	0	11120	False
yptar	3e-05	0.5	0	02120	False
yptar	3e-05	0.5	0	10220	False
yptar	3e-05	0.5	0	01220	False
yptar	3e-05	0.5	0	00320	True
yptar	3e-05	0.5	0	20030	False
yptar	3e-05	0.5	0	11030	False
yptar	3e-05	0.5	0	02030	False
yptar	3e-05	0.5	0	10130	False
yptar	3e-05	0.5	0	01130	True
yptar	3e-05	0.5	0	00230	False
yptar	3e-05	0.5	0	10040	True
yptar	3e-05	0.5	0	01040	False
yptar	3e-05	0.5	0	00140	False
yptar	3e-05	0.5	0	00050	False
yptar	3e-05	0.5	0	60000	True
yptar	3e-05	0.5	0	51000	False
yptar	3e-05	0.5	0	42000	False
yptar	3e-05	0.5	0	33000	True
yptar	3e-05	0.5	0	24000	False
yptar	3e-05	0.5	0	15000	False
yptar	3e-05	0.5	0	06000	False
yptar	3e-05	0.5	0	50100	True
yptar	3e-05	0.5	0	41100	False
yptar	3e-05	0.5	0	32100	False
yptar	3e-05	0.5	0	23100	False
yptar	3e-05	0.5	0	14100	True
yptar	3e-05	0.5	0	05100	True
yptar	3e-05	0.5	0	40200	True
yptar	3e-05	0.5	0	31200	False
yptar	3e-05	0.5	0	22200	False
yptar	3e-05	0.5	0	13200	False
yptar	3e-05	0.5	0	04200	True
yptar	3e-05	0.5	0	30300	True
yptar	3e-05	0.5	0	21300	False
yptar	3e-05	0.5	0	12300	False
yptar	3e-05	0.5	0	03300	False
yptar	3e-05	0.5	0	20400	False
yptar	3e-05	0.5	0	11400	False
yptar	3e-05	0.5	0	02400	True
yptar	3e-05	0.5	0	10500	True
yptar	3e-05	0.5	0	01500	True
yptar	3e-05	0.5	0	00600	False
yptar	3e-05	0.5	0	50010	True
yptar	3e-05	0.5	0	41010	False
yptar	3e-05	0.5	0	32010	False
yptar	3e-05	0.5	0	23010	True
yptar	3e-05	0.5	0	14010	False
yptar	3e-05	0.5	0	05010	False
yptar	3e-05	0.5	0	40110	False
yptar	3e-05	0.5	0	31110	False
yptar	3e-05	0.5	0	22110	False
yptar	3e-05	0.5	0	13110	False
yptar	3e-05	0.5	0	04110	True
yptar	3e-05	0.5	0	30210	True
yptar	3e-05	0.5	0	21210	False
yptar	3e-05	0.5	0	12210	False
yptar	3e-05	0.5	0	03210	True
yptar	3e-05	0.5	0	20310	True
yptar	3e-05	0.5	0	11310	False
yptar	3e-05	0.5	0	02310	False
yptar	3e-05	0.5	0	10410	False
yptar	3e-05	0.5	0	01410	False
yptar	3e-05	0.5	0	00510	False
yptar	3e-05	0.5	0	40020	True
yptar	3e-05	0.5	0	31020	True
yptar	3e-05	0.5	0	22020	False
yptar	3e-05	0.5	0	13020	False
yptar	3e-05	0.5	0	04020	True
yptar	3e-05	0.5	0	30120	False
yptar	3e-05	0.5	0	21120	False
yptar	3e-05	0.5	0	12120	False
yptar	3e-05	0.5	0	03120	False
yptar	3e-05	0.5	0	20220	False
yptar	3e-05	0.5	0	11220	False
yptar	3e-05	0.5	0	02220	False
yptar	3e-05	0.5	0	10320	False
yptar	3e-05	0.5	0	01320	False
yptar	3e-05	0.5	0	00420	True
yptar	3e-05	0.5	0	30030	True
yptar	3e-05	0.5	0	21030	False
yptar	3e-05	0.5	0	12030	False
yptar	3e-05	0.5	0	03030	True
yptar	3e-05	0.5	0	20130	False
yptar	3e-05	0.5	0	11130	False
yptar	3e-05	0.5	0	02130	False
yptar	3e-05	0.5	0	10230	True
yptar	3e-05	0.5	0	01230	False
yptar	3e-05	0.5	0	00330	True
yptar	3e-05	0.5	0	20040	True
yptar	3e-05	0.5	0	11040	False
yptar	3e-05	0.5	0	02040	True
yptar	3e-05	0.5	0	10140	False
yptar	3e-05	0.5	0	01140	False
yptar	3e-05	0.5	0	00240	False
yptar	3e-05	0.5	0	10050	False
yptar	3e-05	0.5	0	01050	True
yptar	3e-05	0.5	0	00150	False
yptar	3e-05	0.5	0	00060	False
xptar	0.0001	0.1	1	00000	True
xptar	0.0001	0.1	1	10000	True
xptar	0.0001	0.1	1	01000	True
xptar	0.0001	0.1	1	00100	True
xptar	0.0001	0.1	1	00010	True
xptar	0.0001	0.1	1	20000	True
xptar	0.0001	0.1	1	11000	True
xptar	0.0001	0.1	1	02000	True
xptar	0.0001	0.1	1	10100	True
xptar	0.0001	0.1	1	01100	True
xptar	0.0001	0.1	1	00200	True
xptar	0.0001	0.1	1	10010	True
xptar	0.0001	0.1	1	01010	True
xptar	0.0001	0.1	1	00110	True
xptar	0.0001	0.1	1	00020	True
xptar	0.0001	0.1	1	30000	True
xptar	0.0001	0.1	1	21000	True
xptar	0.0001	0.1	1	12000	True
xptar	0.0001	0.1	1	03000	True
xptar	0.0001	0.1	1	20100	True
xptar	0.0001	0.1	1	11100	True
xptar	0.0001	0.1	1	02100	True
xptar	0.0001	0.1	1	10200	True
xptar	0.0001	0.1	1	01200	True
xptar	0.0001	0.1	1	00300	True
xptar	0.0001	0.1	1	20010	True
xptar	0.0001	0.1	1	11010	True
xptar	0.0001	0.1	1	02010	True
xptar	0.0001	0.1	1	10110	True
xptar	0.0001	0.1	1	01110	False
xptar	0.0001	0.1	1	00210	False
xptar	0.0001	0.1	1	10020	True
xptar	0.0001	0.1	1	01020	True
xptar	0.0001	0.1	1	00120	True
xptar	0.0001	0.1	1	00030	True
xptar	0.0001	0.1	1	40000	True
xptar	0.0001	0.1	1	31000	True
xptar	0.0001	0.1	1	22000	True
xptar	0.0001	0.1	1	13000	True
xptar	0.0001	0.1	1	04000	True
xptar	0.0001	0.1	1	30100	True
xptar	0.0001	0.1	1	21100	False
xptar	0.0001	0.1	1	12100	False
xptar	0.0001	0.1	1	03100	True
xptar	0.0001	0.1	1	20200	True
xptar	0.0001	0.1	1	11200	True
xptar	0.0001	0.1	1	02200	True
xptar	0.0001	0.1	1	10300	True
xptar	0.0001	0.1	1	01300	True
xptar	0.0001	0.1	1	00400	False
xptar	0.0001	0.1	1	30010	True
xptar	0.0001	0.1	1	21010	True
xptar	0.0001	0.1	1	12010	True
xptar	0.0001	0.1	1	03010	True
xptar	0.0001	0.1	1	20110	False
xptar	0.0001	0.1	1	11110	True
xptar	0.0001	0.1	1	02110	True
xptar	0.0001	0.1	1	10210	False
xptar	0.0001	0.1	1	01210	True
xptar	0.0001	0.1	1	00310	False
xptar	0.0001	0.1	1	20020	False
xptar	0.0001	0.1	1	11020	False
xptar	0.0001	0.1	1	02020	True
xptar	0.0001	0.1	1	10120	True
xptar	0.0001	0.1	1	01120	False
xptar	0.0001	0.1	1	00220	True
xptar	0.0001	0.1	1	10030	False
xptar	0.0001	0.1	1	01030	True
xptar	0.0001	0.1	1	00130	False
xptar	0.0001	0.1	1	00040	True
xptar	0.0001	0.1	1	50000	True
xptar	0.0001	0.1	1	41000	True
xptar	0.0001	0.1	1	32000	True
xptar	0.0001	0.1	1	23000	True
xptar	0.0001	0.1	1	14000	True
xptar	0.0001	0.1	1	05000	True
xptar	0.0001	0.1	1	40100	True
xptar	0.0001	0.1	1	31100	False
xptar	0.0001	0.1	1	22100	True
xptar	0.0001	0.1	1	13100	False
xptar	0.0001	0.1	1	04100	True
xptar	0.0001	0.1	1	30200	True
xptar	0.0001	0.1	1	21200	True
xptar	0.0001	0.1	1	12200	False
xptar	0.0001	0.1	1	03200	True
xptar	0.0001	0.1	1	20300	True
xptar	0.0001	0.1	1	11300	True
xptar	0.0001	0.1	1	02300	True
xptar	0.0001	0.1	1	10400	True
xptar	0.0001	0.1	1	01400	True
xptar	0.0001	0.1	1	00500	True
xptar	0.0001	0.1	1	40010	True
xptar	0.0001	0.1	1	31010	True
xptar	0.0001	0.1	1	22010	True
xptar	0.0001	0.1	1	13010	False
xptar	0.0001	0.1	1	04010	True
xptar	0.0001	0.1	1	30110	False
xptar	0.0001	0.1	1	21110	True
xptar	0.0001	0.1	1	12110	False
xptar	0.0001	0.1	1	03110	True
xptar	0.0001	0.1	1	20210	True
xptar	0.0001	0.1	1	11210	True
xptar	0.0001	0.1	1	02210	False
xptar	0.0001	0.1	1	10310	False
xptar	0.0001	0.1	1	01310	False
xptar	0.0001	0.1	1	00410	False
xptar	0.0001	0.1	1	30020	True
xptar	0.0001	0.1	1	21020	False
xptar	0.0001	0.1	1	12020	False
xptar	0.0001	0.1	1	03020	False
xptar	0.0001	0.1	1	20120	True
xptar	0.0001	0.1	1	11120	False
xptar	0.0001	0.1	1	02120	False
xptar	0.0001	0.1	1	10220	False
xptar	0.0001	0.1	1	01220	False
xptar	0.0001	0.1	1	00320	False
xptar	0.0001	0.1	1	20030	True
xptar	0.0001	0.1	1	11030	True
xptar	0.0001	0.1	1	02030	False
xptar	0.0001	0.1	1	10130	False
xptar	0.0001	0.1	1	01130	False
xptar	0.0001	0.1	1	00230	True
xptar	0.0001	0.1	1	10040	False
xptar	0.0001	0.1	1	01040	True
xptar	0.0001	0.1	1	00140	False
xptar	0.0001	0.1	1	00050	True
xptar	0.0001	0.1	1	60000	True
xptar	0.0001	0.1	1	51000	True
xptar	0.0001	0.1	1	42000	True
xptar	0.0001	0.1	1	33000	True
xptar	0.0001	0.1	1	24000	True
xptar	0.0001	0.1	1	15000	True
xptar	0.0001	0.1	1	06000	True
xptar	0.0001	0.1	1	50100	True
xptar	0.0001	0.1	1	41100	True
xptar	0.0001	0.1	1	32100	True
xptar	0.0001	0.1	1	23100	False
xptar	0.0001	0.1	1	14100	False
xptar	0.0001	0.1	1	05100	True
xptar	0.0001	0.1	1	40200	True
xptar	0.0001	0.1	1	31200	True
xptar	0.0001	0.1	1	22200	False
xptar	0.0001	0.1	1	13200	True
xptar	0.0001	0.1	1	04200	True
xptar	0.0001	0.1	1	30300	False
xptar	0.0001	0.1	1	21300	True
xptar	0.0001	0.1	1	12300	False
xptar	0.0001	0.1	1	03300	True
xptar	0.0001	0.1	1	20400	True
xptar	0.0001	0.1	1	11400	False
xptar	0.0001	0.1	1	02400	False
xptar	0.0001	0.1	1	10500	False
xptar	0.0001	0.1	1	01500	False
xptar	0.0001	0.1	1	00600	True
xptar	0.0001	0.1	1	50010	False
xptar	0.0001	0.1	1	41010	True
xptar	0.0001	0.1	1	32010	True
xptar	0.0001	0.1	1	23010	False
xptar	0.0001	0.1	1	14010	True
xptar	0.0001	0.1	1	05010	True
xptar	0.0001	0.1	1	40110	True
xptar	0.0001	0.1	1	31110	True
xptar	0.0001	0.1	1	22110	True
xptar	0.0001	0.1	1	13110	False
xptar	0.0001	0.1	1	04110	False
xptar	0.0001	0.1	1	30210	False
xptar	0.0001	0.1	1	21210	False
xptar	0.0001	0.1	1	12210	False
xptar	0.0001	0.1	1	03210	True
xptar	0.0001	0.1	1	20310	False
xptar	0.0001	0.1	1	11310	True
xptar	0.0001	0.1	1	02310	False
xptar	0.0001	0.1	1	10410	False
xptar	0.0001	0.1	1	01410	False
xptar	0.0001	0.1	1	00510	False
xptar	0.0001	0.1	1	40020	True
xptar	0.0001	0.1	1	31020	False
xptar	0.0001	0.1	1	22020	False
xptar	0.0001	0.1	1	13020	False
xptar	0.0001	0.1	1	04020	True
xptar	0.0001	0.1	1	30120	False
xptar	0.0001	0.1	1	21120	False
xptar	0.0001	0.1	1	12120	False
xptar	0.0001	0.1	1	03120	False
xptar	0.0001	0.1	1	20220	False
xptar	0.0001	0.1	1	11220	False
xptar	0.0001	0.1	1	02220	False
xptar	0.0001	0.1	1	10320	False
xptar	0.0001	0.1	1	01320	False
xptar	0.0001	0.1	1	00420	False
xptar	0.0001	0.1	1	30030	False
xptar	0.0001	0.1	1	21030	True
xptar	0.0001	0.1	1	12030	False
xptar	0.0001	0.1	1	03030	True
xptar	0.0001	0.1	1	20130	False
xptar	0.0001	0.1	1	11130	False
xptar	0.0001	0.1	1	02130	False
xptar	0.0001	0.1	1	10230	True
xptar	0.0001	0.1	1	01230	False
xptar	0.0001	0.1	1	00330	False
xptar	0.0001	0.1	1	20040	False
xptar	0.0001	0.1	1	11040	False
xptar	0.0001	0.1	1	02040	False
xptar	0.0001	0.1	1	10140	False
xptar	0.0001	0.1	1	01140	False
xptar	0.0001	0.1	1	00240	False
xptar	0.0001	0.1	1	10050	False
xptar	0.0001	0.1	1	01050	True
xptar	0.0001	0.1	1	00150	True
xptar	0.0001	0.1	1	00060	False
xptar	3e-05	0.1	1	00000	True
xptar	3e-05	0.1	1	10000	True
xptar	3e-05	0.1	1	01000	True
xptar	3e-05	0.1	1	00100	True
xptar	3e-05	0.1	1	00010	True
xptar	3e-05	0.1	1	20000	True
xptar	3e-05	0.1	1	11000	True
xptar	3e-05	0.1	1	02000	True
xptar	3e-05	0.1	1	10100	True
xptar	3e-05	0.1	1	01100	True
xptar	3e-05	0.1	1	00200	True
xptar	3e-05	0.1	1	10010	True
xptar	3e-05	0.1	1	01010	True
xptar	3e-05	0.1	1	00110	True
xptar	3e-05	0.1	1	00020	True
xptar	3e-05	0.1	1	30000	True
xptar	3e-05	0.1	1	21000	True
xptar	3e-05	0.1	1	12000	True
xptar	3e-05	0.1	1	03000	True
xptar	3e-05	0.1	1	20100	True
xptar	3e-05	0.1	1	11100	True
xptar	3e-05	0.1	1	02100	True
xptar	3e-05	0.1	1	10200	True
xptar	3e-05	0.1	1	01200	True
xptar	3e-05	0.1	1	00300	True
xptar	3e-05	0.1	1	20010	True
xptar	3e-05	0.1	1	11010	True
xptar	3e-05	0.1	1	02010	True
xptar	3e-05	0.1	1	10110	True
xptar	3e-05	0.1	1	01110	True
xptar	3e-05	0.1	1	00210	False
xptar	3e-05	0.1	1	10020	True
xptar	3e-05	0.1	1	01020	True
xptar	3e-05	0.1	1	00120	True
xptar	3e-05	0.1	1	00030	True
xptar	3e-05	0.1	1	40000	True
xptar	3e-05	0.1	1	31000	True
xptar	3e-05	0.1	1	22000	True
xptar	3e-05	0.1	1	13000	True
xptar	3e-05	0.1	1	04000	True
xptar	3e-05	0.1	1	30100	True
xptar	3e-05	0.1	1	21100	True
xptar	3e-05	0.1	1	12100	True
xptar	3e-05	0.1	1	03100	True
xptar	3e-05	0.1	1	20200	True
xptar	3e-05	0.1	1	11200	True
xptar	3e-05	0.1	1	02200	True
xptar	3e-05	0.1	1	10300	True
xptar	3e-05	0.1	1	01300	True
xptar	3e-05	0.1	1	00400	False
xptar	3e-05	0.1	1	30010	True
xptar	3e-05	0.1	1	21010	True
xptar	3e-05	0.1	1	12010	True
xptar	3e-05	0.1	1	03010	True
xptar	3e-05	0.1	1	20110	True
xptar	3e-05	0.1	1	11110	True
xptar	3e-05	0.1	1	02110	True
xptar	3e-05	0.1	1	10210	False
xptar	3e-05	0.1	1	01210	True
xptar	3e-05	0.1	1	00310	True
xptar	3e-05	0.1	1	20020	False
xptar	3e-05	0.1	1	11020	True
xptar	3e-05	0.1	1	02020	True
xptar	3e-05	0.1	1	10120	True
xptar	3e-05	0.1	1	01120	False
xptar	3e-05	0.1	1	00220	False
xptar	3e-05	0.1	1	10030	False
xptar	3e-05	0.1	1	01030	True
xptar	3e-05	0.1	1	00130	False
xptar	3e-05	0.1	1	00040	False
xptar	3e-05	0.1	1	50000	True
xptar	3e-05	0.1	1	41000	True
xptar	3e-05	0.1	1	32000	True
xptar	3e-05	0.1	1	23000	True
xptar	3e-05	0.1	1	14000	True
xptar	3e-05	0.1	1	05000	True
xptar	3e-05	0.1	1	40100	True
xptar	3e-05	0.1	1	31100	True
xptar	3e-05	0.1	1	22100	True
xptar	3e-05	0.1	1	13100	True
xptar	3e-05	0.1	1	04100	True
xptar	3e-05	0.1	1	30200	True
xptar	3e-05	0.1	1	21200	True
xptar	3e-05	0.1	1	12200	True
xptar	3e-05	0.1	1	03200	True
xptar	3e-05	0.1	1	20300	True
xptar	3e-05	0.1	1	11300	True
xptar	3e-05	0.1	1	02300	True
xptar	3e-05	0.1	1	10400	True
xptar	3e-05	0.1	1	01400	True
xptar	3e-05	0.1	1	00500	True
xptar	3e-05	0.1	1	40010	True
xptar	3e-05	0.1	1	31010	True
xptar	3e-05	0.1	1	22010	True
xptar	3e-05	0.1	1	13010	False
xptar	3e-05	0.1	1	04010	True
xptar	3e-05	0.1	1	30110	False
xptar	3e-05	0.1	1	21110	True
xptar	3e-05	0.1	1	12110	True
xptar	3e-05	0.1	1	03110	True
xptar	3e-05	0.1	1	20210	True
xptar	3e-05	0.1	1	11210	False
xptar	3e-05	0.1	1	02210	False
xptar	3e-05	0.1	1	10310	False
xptar	3e-05	0.1	1	01310	False
xptar	3e-05	0.1	1	00410	False
xptar	3e-05	0.1	1	30020	True
xptar	3e-05	0.1	1	21020	False
xptar	3e-05	0.1	1	12020	True
xptar	3e-05	0.1	1	03020	True
xptar	3e-05	0.1	1	20120	True
xptar	3e-05	0.1	1	11120	False
xptar	3e-05	0.1	1	02120	True
xptar	3e-05	0.1	1	10220	True
xptar	3e-05	0.1	1	01220	False
xptar	3e-05	0.1	1	00320	True
xptar	3e-05	0.1	1	20030	True
xptar	3e-05	0.1	1	11030	True
xptar	3e-05	0.1	1	02030	False
xptar	3e-05	0.1	1	10130	False
xptar	3e-05	0.1	1	01130	True
xptar	3e-05	0.1	1	00230	True
xptar	3e-05	0.1	1	10040	True
xptar	3e-05	0.1	1	01040	False
xptar	3e-05	0.1	1	00140	False
xptar	3e-05	0.1	1	00050	True
xptar	3e-05	0.1	1	60000	True
xptar	3e-05	0.1	1	51000	True
xptar	3e-05	0.1	1	42000	True
xptar	3e-05	0.1	1	33000	True
xptar	3e-05	0.1	1	24000	True
xptar	3e-05	0.1	1	15000	True
xptar	3e-05	0.1	1	06000	True
xptar	3e-05	0.1	1	50100	True
xptar	3e-05	0.1	1	41100	True
xptar	3e-05	0.1	1	32100	True
xptar	3e-05	0.1	1	23100	True
xptar	3e-05	0.1	1	14100	False
xptar	3e-05	0.1	1	05100	True
xptar	3e-05	0.1	1	40200	True
xptar	3e-05	0.1	1	31200	True
xptar	3e-05	0.1	1	22200	False
xptar	3e-05	0.1	1	13200	True
xptar	3e-05	0.1	1	04200	False
xptar	3e-05	0.1	1	30300	True
xptar	3e-05	0.1	1	21300	True
xptar	3e-05	0.1	1	12300	True
xptar	3e-05	0.1	1	03300	False
xptar	3e-05	0.1	1	20400	False
xptar	3e-05	0.1	1	11400	True
xptar	3e-05	0.1	1	02400	True
xptar	3e-05	0.1	1	10500	False
xptar	3e-05	0.1	1	01500	True
xptar	3e-05	0.1	1	00600	True
xptar	3e-05	0.1	1	50010	True
xptar	3e-05	0.1	1	41010	True
xptar	3e-05	0.1	1	32010	True
xptar	3e-05	0.1	1	23010	False
xptar	3e-05	0.1	1	14010	True
xptar	3e-05	0.1	1	05010	True
xptar	3e-05	0.1	1	40110	True
xptar	3e-05	0.1	1	31110	True
xptar	3e-05	0.1	1	22110	False
xptar	3e-05	0.1	1	13110	True
xptar	3e-05	0.1	1	04110	True
xptar	3e-05	0.1	1	30210	False
xptar	3e-05	0.1	1	21210	False
xptar	3e-05	0.1	1	12210	False
xptar	3e-05	0.1	1	03210	True
xptar	3e-05	0.1	1	20310	False
xptar	3e-05	0.1	1	11310	True
xptar	3e-05	0.1	1	02310	False
xptar	3e-05	0.1	1	10410	False
xptar	3e-05	0.1	1	01410	False
xptar	3e-05	0.1	1	00510	False
xptar	3e-05	0.1	1	40020	True
xptar	3e-05	0.1	1	31020	False
xptar	3e-05	0.1	1	22020	False
xptar	3e-05	0.1	1	13020	True
xptar	3e-05	0.1	1	04020	True
xptar	3e-05	0.1	1	30120	True
xptar	3e-05	0.1	1	21120	True
xptar	3e-05	0.1	1	12120	True
xptar	3e-05	0.1	1	03120	True
xptar	3e-05	0.1	1	20220	False
xptar	3e-05	0.1	1	11220	False
xptar	3e-05	0.1	1	02220	True
xptar	3e-05	0.1	1	10320	False
xptar	3e-05	0.1	1	01320	False
xptar	3e-05	0.1	1	00420	False
xptar	3e-05	0.1	1	30030	True
xptar	3e-05	0.1	1	21030	True
xptar	3e-05	0.1	1	12030	False
xptar	3e-05	0.1	1	03030	True
xptar	3e-05	0.1	1	20130	False
xptar	3e-05	0.1	1	11130	False
xptar	3e-05	0.1	1	02130	False
xptar	3e-05	0.1	1	10230	True
xptar	3e-05	0.1	1	01230	False
xptar	3e-05	0.1	1	00330	False
xptar	3e-05	0.1	1	20040	True
xptar	3e-05	0.1	1	11040	True
xptar	3e-05	0.1	1	02040	True
xptar	3e-05	0.1	1	10140	False
xptar	3e-05	0.1	1	01140	False
xptar	3e-05	0.1	1	00240	False
xptar	3e-05	0.1	1	10050	True
xptar	3e-05	0.1	1	01050	True
xptar	3e-05	0.1	1	00150	True
xptar	3e-05	0.1	1	00060	True
xptar	0.0001	0.5	1	00000	True
xptar	0.0001	0.5	1	10000	True
xptar	0.0001	0.5	1	01000	True
xptar	0.0001	0.5	1	00100	True
xptar	0.0001	0.5	1	00010	True
xptar	0.0001	0.5	1	20000	True
xptar	0.0001	0.5	1	11000	True
xptar	0.0001	0.5	1	02000	True
xptar	0.0001	0.5	1	10100	True
xptar	0.0001	0.5	1	01100	True
xptar	0.0001	0.5	1	00200	True
xptar	0.0001	0.5	1	10010	True
xptar	0.0001	0.5	1	01010	True
xptar	0.0001	0.5	1	00110	False
xptar	0.0001	0.5	1	00020	False
xptar	0.0001	0.5	1	30000	True
xptar	0.0001	0.5	1	21000	True
xptar	0.0001	0.5	1	12000	False
xptar	0.0001	0.5	1	03000	True
xptar	0.0001	0.5	1	20100	True
xptar	0.0001	0.5	1	11100	True
xptar	0.0001	0.5	1	02100	True
xptar	0.0001	0.5	1	10200	True
xptar	0.0001	0.5	1	01200	True
xptar	0.0001	0.5	1	00300	True
xptar	0.0001	0.5	1	20010	True
xptar	0.0001	0.5	1	11010	True
xptar	0.0001	0.5	1	02010	True
xptar	0.0001	0.5	1	10110	False
xptar	0.0001	0.5	1	01110	True
xptar	0.0001	0.5	1	00210	False
xptar	0.0001	0.5	1	10020	False
xptar	0.0001	0.5	1	01020	True
xptar	0.0001	0.5	1	00120	False
xptar	0.0001	0.5	1	00030	False
xptar	0.0001	0.5	1	40000	True
xptar	0.0001	0.5	1	31000	True
xptar	0.0001	0.5	1	22000	False
xptar	0.0001	0.5	1	13000	False
xptar	0.0001	0.5	1	04000	True
xptar	0.0001	0.5	1	30100	True
xptar	0.0001	0.5	1	21100	False
xptar	0.0001	0.5	1	12100	False
xptar	0.0001	0.5	1	03100	True
xptar	0.0001	0.5	1	20200	True
xptar	0.0001	0.5	1	11200	True
xptar	0.0001	0.5	1	02200	False
xptar	0.0001	0.5	1	10300	True
xptar	0.0001	0.5	1	01300	False
xptar	0.0001	0.5	1	00400	False
xptar	0.0001	0.5	1	30010	True
xptar	0.0001	0.5	1	21010	False
xptar	0.0001	0.5	1	12010	True
xptar	0.0001	0.5	1	03010	False
xptar	0.0001	0.5	1	20110	False
xptar	0.0001	0.5	1	11110	True
xptar	0.0001	0.5	1	02110	False
xptar	0.0001	0.5	1	10210	False
xptar	0.0001	0.5	1	01210	True
xptar	0.0001	0.5	1	00310	False
xptar	0.0001	0.5	1	20020	False
xptar	0.0001	0.5	1	11020	False
xptar	0.0001	0.5	1	02020	True
xptar	0.0001	0.5	1	10120	True
xptar	0.0001	0.5	1	01120	False
xptar	0.0001	0.5	1	00220	False
xptar	0.0001	0.5	1	10030	False
xptar	0.0001	0.5	1	01030	True
xptar	0.0001	0.5	1	00130	False
xptar	0.0001	0.5	1	00040	False
xptar	0.0001	0.5	1	50000	True
xptar	0.0001	0.5	1	41000	True
xptar	0.0001	0.5	1	32000	False
xptar	0.0001	0.5	1	23000	False
xptar	0.0001	0.5	1	14000	True
xptar	0.0001	0.5	1	05000	True
xptar	0.0001	0.5	1	40100	False
xptar	0.0001	0.5	1	31100	False
xptar	0.0001	0.5	1	22100	False
xptar	0.0001	0.5	1	13100	False
xptar	0.0001	0.5	1	04100	False
xptar	0.0001	0.5	1	30200	True
xptar	0.0001	0.5	1	21200	True
xptar	0.0001	0.5	1	12200	False
xptar	0.0001	0.5	1	03200	True
xptar	0.0001	0.5	1	20300	False
xptar	0.0001	0.5	1	11300	True
xptar	0.0001	0.5	1	02300	False
xptar	0.0001	0.5	1	10400	True
xptar	0.0001	0.5	1	01400	True
xptar	0.0001	0.5	1	00500	True
xptar	0.0001	0.5	1	40010	False
xptar	0.0001	0.5	1	31010	False
xptar	0.0001	0.5	1	22010	True
xptar	0.0001	0.5	1	13010	False
xptar	0.0001	0.5	1	04010	False
xptar	0.0001	0.5	1	30110	False
xptar	0.0001	0.5	1	21110	True
xptar	0.0001	0.5	1	12110	False
xptar	0.0001	0.5	1	03110	True
xptar	0.0001	0.5	1	20210	False
xptar	0.0001	0.5	1	11210	True
xptar	0.0001	0.5	1	02210	False
xptar	0.0001	0.5	1	10310	False
xptar	0.0001	0.5	1	01310	True
xptar	0.0001	0.5	1	00410	False
xptar	0.0001	0.5	1	30020	False
xptar	0.0001	0.5	1	21020	False
xptar	0.0001	0.5	1	12020	False
xptar	0.0001	0.5	1	03020	False
xptar	0.0001	0.5	1	20120	False
xptar	0.0001	0.5	1	11120	False
xptar	0.0001	0.5	1	02120	False
xptar	0.0001	0.5	1	10220	False
xptar	0.0001	0.5	1	01220	False
xptar	0.0001	0.5	1	00320	False
xptar	0.0001	0.5	1	20030	False
xptar	0.0001	0.5	1	11030	False
xptar	0.0001	0.5	1	02030	True
xptar	0.0001	0.5	1	10130	False
xptar	0.0001	0.5	1	01130	False
xptar	0.0001	0.5	1	00230	False
xptar	0.0001	0.5	1	10040	False
xptar	0.0001	0.5	1	01040	False
xptar	0.0001	0.5	1	00140	False
xptar	0.0001	0.5	1	00050	False
xptar	0.0001	0.5	1	60000	True
xptar	0.0001	0.5	1	51000	True
xptar	0.0001	0.5	1	42000	False
xptar	0.0001	0.5	1	33000	False
xptar	0.0001	0.5	1	24000	False
xptar	0.0001	0.5	1	15000	True
xptar	0.0001	0.5	1	06000	False
xptar	0.0001	0.5	1	50100	False
xptar	0.0001	0.5	1	41100	False
xptar	0.0001	0.5	1	32100	False
xptar	0.0001	0.5	1	23100	False
xptar	0.0001	0.5	1	14100	True
xptar	0.0001	0.5	1	05100	False
xptar	0.0001	0.5	1	40200	True
xptar	0.0001	0.5	1	31200	True
xptar	0.0001	0.5	1	22200	False
xptar	0.0001	0.5	1	13200	False
xptar	0.0001	0.5	1	04200	True
xptar	0.0001	0.5	1	30300	False
xptar	0.0001	0.5	1	21300	False
xptar	0.0001	0.5	1	12300	False
xptar	0.0001	0.5	1	03300	False
xptar	0.0001	0.5	1	20400	True
xptar	0.0001	0.5	1	11400	True
xptar	0.0001	0.5	1	02400	False
xptar	0.0001	0.5	1	10500	False
xptar	0.0001	0.5	1	01500	False
xptar	0.0001	0.5	1	00600	False
xptar	0.0001	0.5	1	50010	False
xptar	0.0001	0.5	1	41010	False
xptar	0.0001	0.5	1	32010	True
xptar	0.0001	0.5	1	23010	False
xptar	0.0001	0.5	1	14010	False
xptar	0.0001	0.5	1	05010	True
xptar	0.0001	0.5	1	40110	False
xptar	0.0001	0.5	1	31110	True
xptar	0.0001	0.5	1	22110	True
xptar	0.0001	0.5	1	13110	False
xptar	0.0001	0.5	1	04110	False
xptar	0.0001	0.5	1	30210	False
xptar	0.0001	0.5	1	21210	False
xptar	0.0001	0.5	1	12210	False
xptar	0.0001	0.5	1	03210	False
xptar	0.0001	0.5	1	20310	True
xptar	0.0001	0.5	1	11310	False
xptar	0.0001	0.5	1	02310	False
xptar	0.0001	0.5	1	10410	False
xptar	0.0001	0.5	1	01410	False
xptar	0.0001	0.5	1	00510	False
xptar	0.0001	0.5	1	40020	True
xptar	0.0001	0.5	1	31020	False
xptar	0.0001	0.5	1	22020	False
xptar	0.0001	0.5	1	13020	False
xptar	0.0001	0.5	1	04020	False
xptar	0.0001	0.5	1	30120	False
xptar	0.0001	0.5	1	21120	False
xptar	0.0001	0.5	1	12120	False
xptar	0.0001	0.5	1	03120	False
xptar	0.0001	0.5	1	20220	False
xptar	0.0001	0.5	1	11220	False
xptar	0.0001	0.5	1	02220	False
xptar	0.0001	0.5	1	10320	False
xptar	0.0001	0.5	1	01320	True
xptar	0.0001	0.5	1	00420	False
xptar	0.0001	0.5	1	30030	False
xptar	0.0001	0.5	1	21030	False
xptar	0.0001	0.5	1	12030	True
xptar	0.0001	0.5	1	03030	False
xptar	0.0001	0.5	1	20130	False
xptar	0.0001	0.5	1	11130	False
xptar	0.0001	0.5	1	02130	False
xptar	0.0001	0.5	1	10230	False
xptar	0.0001	0.5	1	01230	False
xptar	0.0001	0.5	1	00330	False
xptar	0.0001	0.5	1	20040	True
xptar	0.0001	0.5	1	11040	False
xptar	0.0001	0.5	1	02040	False
xptar	0.0001	0.5	1	10140	False
xptar	0.0001	0.5	1	01140	False
xptar	0.0001	0.5	1	00240	False
xptar	0.0001	0.5	1	10050	False
xptar	0.0001	0.5	1	01050	False
xptar	0.0001	0.5	1	00150	False
xptar	0.0001	0.5	1	00060	False
xptar	3e-05	0.5	1	00000	True
xptar	3e-05	0.5	1	10000	True
xptar	3e-05	0.5	1	01000	True
xptar	3e-05	0.5	1	00100	True
xptar	3e-05	0.5	1	00010	True
xptar	3e-05	0.5	1	20000	True
xptar	3e-05	0.5	1	11000	True
xptar	3e-05	0.5	1	02000	True
xptar	3e-05	0.5	1	10100	True
xptar	3e-05	0.5	1	01100	True
xptar	3e-05	0.5	1	00200	True
xptar	3e-05	0.5	1	10010	True
xptar	3e-05	0.5	1	01010	True
xptar	3e-05	0.5	1	00110	False
xptar	3e-05	0.5	1	00020	True
xptar	3e-05	0.5	1	30000	True
xptar	3e-05	0.5	1	21000	True
xptar	3e-05	0.5	1	12000	True
xptar	3e-05	0.5	1	03000	False
xptar	3e-05	0.5	1	20100	True
xptar	3e-05	0.5	1	11100	True
xptar	3e-05	0.5	1	02100	True
xptar	3e-05	0.5	1	10200	True
xptar	3e-05	0.5	1	01200	False
xptar	3e-05	0.5	1	00300	True
xptar	3e-05	0.5	1	20010	True
xptar	3e-05	0.5	1	11010	True
xptar	3e-05	0.5	1	02010	True
xptar	3e-05	0.5	1	10110	True
xptar	3e-05	0.5	1	01110	False
xptar	3e-05	0.5	1	00210	False
xptar	3e-05	0.5	1	10020	True
xptar	3e-05	0.5	1	01020	True
xptar	3e-05	0.5	1	00120	False
xptar	3e-05	0.5	1	00030	False
xptar	3e-05	0.5	1	40000	True
xptar	3e-05	0.5	1	31000	True
xptar	3e-05	0.5	1	22000	False
xptar	3e-05	0.5	1	13000	True
xptar	3e-05	0.5	1	04000	False
xptar	3e-05	0.5	1	30100	True
xptar	3e-05	0.5	1	21100	True
xptar	3e-05	0.5	1	12100	True
xptar	3e-05	0.5	1	03100	True
xptar	3e-05	0.5	1	20200	False
xptar	3e-05	0.5	1	11200	False
xptar	3e-05	0.5	1	02200	False
xptar	3e-05	0.5	1	10300	True
xptar	3e-05	0.5	1	01300	True
xptar	3e-05	0.5	1	00400	False
xptar	3e-05	0.5	1	30010	True
xptar	3e-05	0.5	1	21010	True
xptar	3e-05	0.5	1	12010	True
xptar	3e-05	0.5	1	03010	False
xptar	3e-05	0.5	1	20110	False
xptar	3e-05	0.5	1	11110	True
xptar	3e-05	0.5	1	02110	False
xptar	3e-05	0.5	1	10210	False
xptar	3e-05	0.5	1	01210	True
xptar	3e-05	0.5	1	00310	False
xptar	3e-05	0.5	1	20020	False
xptar	3e-05	0.5	1	11020	False
xptar	3e-05	0.5	1	02020	True
xptar	3e-05	0.5	1	10120	True
xptar	3e-05	0.5	1	01120	False
xptar	3e-05	0.5	1	00220	False
xptar	3e-05	0.5	1	10030	False
xptar	3e-05	0.5	1	01030	True
xptar	3e-05	0.5	1	00130	False
xptar	3e-05	0.5	1	00040	True
xptar	3e-05	0.5	1	50000	True
xptar	3e-05	0.5	1	41000	True
xptar	3e-05	0.5	1	32000	False
xptar	3e-05	0.5	1	23000	True
xptar	3e-05	0.5	1	14000	True
xptar	3e-05	0.5	1	05000	True
xptar	3e-05	0.5	1	40100	False
xptar	3e-05	0.5	1	31100	False
xptar	3e-05	0.5	1	22100	True
xptar	3e-05	0.5	1	13100	False
xptar	3e-05	0.5	1	04100	True
xptar	3e-05	0.5	1	30200	True
xptar	3e-05	0.5	1	21200	True
xptar	3e-05	0.5	1	12200	False
xptar	3e-05	0.5	1	03200	True
xptar	3e-05	0.5	1	20300	False
xptar	3e-05	0.5	1	11300	False
xptar	3e-05	0.5	1	02300	True
xptar	3e-05	0.5	1	10400	True
xptar	3e-05	0.5	1	01400	True
xptar	3e-05	0.5	1	00500	False
xptar	3e-05	0.5	1	40010	False
xptar	3e-05	0.5	1	31010	True
xptar	3e-05	0.5	1	22010	True
xptar	3e-05	0.5	1	13010	False
xptar	3e-05	0.5	1	04010	True
xptar	3e-05	0.5	1	30110	False
xptar	3e-05	0.5	1	21110	True
xptar	3e-05	0.5	1	12110	False
xptar	3e-05	0.5	1	03110	True
xptar	3e-05	0.5	1	20210	False
xptar	3e-05	0.5	1	11210	True
xptar	3e-05	0.5	1	02210	False
xptar	3e-05	0.5	1	10310	False
xptar	3e-05	0.5	1	01310	False
xptar	3e-05	0.5	1	00410	False
xptar	3e-05	0.5	1	30020	True
xptar	3e-05	0.5	1	21020	False
xptar	3e-05	0.5	1	12020	False
xptar	3e-05	0.5	1	03020	False
xptar	3e-05	0.5	1	20120	True
xptar	3e-05	0.5	1	11120	False
xptar	3e-05	0.5	1	02120	False
xptar	3e-05	0.5	1	10220	False
xptar	3e-05	0.5	1	01220	True
xptar	3e-05	0.5	1	00320	False
xptar	3e-05	0.5	1	20030	False
xptar	3e-05	0.5	1	11030	True
xptar	3e-05	0.5	1	02030	False
xptar	3e-05	0.5	1	10130	False
xptar	3e-05	0.5	1	01130	False
xptar	3e-05	0.5	1	00230	True
xptar	3e-05	0.5	1	10040	True
xptar	3e-05	0.5	1	01040	False
xptar	3e-05	0.5	1	00140	False
xptar	3e-05	0.5	1	00050	True
xptar	3e-05	0.5	1	60000	True
xptar	3e-05	0.5	1	51000	True
xptar	3e-05	0.5	1	42000	False
xptar	3e-05	0.5	1	33000	False
xptar	3e-05	0.5	1	24000	True
xptar	3e-05	0.5	1	15000	False
xptar	3e-05	0.5	1	06000	True
xptar	3e-05	0.5	1	50100	False
xptar	3e-05	0.5	1	41100	False
xptar	3e-05	0.5	1	32100	True
xptar	3e-05	0.5	1	23100	False
xptar	3e-05	0.5	1	14100	False
xptar	3e-05	0.5	1	05100	True
xptar	3e-05	0.5	1	40200	True
xptar	3e-05	0.5	1	31200	True
xptar	3e-05	0.5	1	22200	False
xptar	3e-05	0.5	1	13200	False
xptar	3e-05	0.5	1	04200	True
xptar	3e-05	0.5	1	30300	False
xptar	3e-05	0.5	1	21300	False
xptar	3e-05	0.5	1	12300	False
xptar	3e-05	0.5	1	03300	False
xptar	3e-05	0.5	1	20400	False
xptar	3e-05	0.5	1	11400	False
xptar	3e-05	0.5	1	02400	False
xptar	3e-05	0.5	1	10500	False
xptar	3e-05	0.5	1	01500	False
xptar	3e-05	0.5	1	00600	True
xptar	3e-05	0.5	1	50010	False
xptar	3e-05	0.5	1	41010	True
xptar	3e-05	0.5	1	32010	False
xptar	3e-05	0.5	1	23010	False
xptar	3e-05	0.5	1	14010	False
xptar	3e-05	0.5	1	05010	True
xptar	3e-05	0.5	1	40110	False
xptar	3e-05	0.5	1	31110	True
xptar	3e-05	0.5	1	22110	False
xptar	3e-05	0.5	1	13110	False
xptar	3e-05	0.5	1	04110	False
xptar	3e-05	0.5	1	30210	False
xptar	3e-05	0.5	1	21210	False
xptar	3e-05	0.5	1	12210	False
xptar	3e-05	0.5	1	03210	False
xptar	3e-05	0.5	1	20310	False
xptar	3e-05	0.5	1	11310	False
xptar	3e-05	0.5	1	02310	False
xptar	3e-05	0.5	1	10410	False
xptar	3e-05	0.5	1	01410	False
xptar	3e-05	0.5	1	00510	False
xptar	3e-05	0.5	1	40020	True
xptar	3e-05	0.5	1	31020	False
xptar	3e-05	0.5	1	22020	False
xptar	3e-05	0.5	1	13020	False
xptar	3e-05	0.5	1	04020	True
xptar	3e-05	0.5	1	30120	False
xptar	3e-05	0.5	1	21120	False
xptar	3e-05	0.5	1	12120	False
xptar	3e-05	0.5	1	03120	False
xptar	3e-05	0.5	1	20220	False
xptar	3e-05	0.5	1	11220	False
xptar	3e-05	0.5	1	02220	False
xptar	3e-05	0.5	1	10320	False
xptar	3e-05	0.5	1	01320	True
xptar	3e-05	0.5	1	00420	False
xptar	3e-05	0.5	1	30030	False
xptar	3e-05	0.5	1	21030	True
xptar	3e-05	0.5	1	12030	False
xptar	3e-05	0.5	1	03030	False
xptar	3e-05	0.5	1	20130	False
xptar	3e-05	0.5	1	11130	False
xptar	3e-05	0.5	1	02130	False
xptar	3e-05	0.5	1	10230	True
xptar	3e-05	0.5	1	01230	False
xptar	3e-05	0.5	1	00330	False
xptar	3e-05	0.5	1	20040	True
xptar	3e-05	0.5	1	11040	False
xptar	3e-05	0.5	1	02040	False
xptar	3e-05	0.5	1	10140	False
xptar	3e-05	0.5	1	01140	False
xptar	3e-05	0.5	1	00240	False
xptar	3e-05	0.5	1	10050	False
xptar	3e-05	0.5	1	01050	True
xptar	3e-05	0.5	1	00150	True
xptar	3e-05	0.5	1	00060	False
ytar	0.0001	0.1	1	00000	True
ytar	0.0001	0.1	1	10000	True
ytar	0.0001	0.1	1	01000	True
ytar	0.0001	0.1	1	00100	True
ytar	0.0001	0.1	1	00010	True
ytar	0.0001	0.1	1	20000	True
ytar	0.0001	0.1	1	11000	True
ytar	0.0001	0.1	1	02000	True
ytar	0.0001	0.1	1	10100	True
ytar	0.0001	0.1	1	01100	True
ytar	0.0001	0.1	1	00200	True
ytar	0.0001	0.1	1	10010	True
ytar	0.0001	0.1	1	01010	True
ytar	0.0001	0.1	1	00110	True
ytar	0.0001	0.1	1	00020	True
ytar	0.0001	0.1	1	30000	True
ytar	0.0001	0.1	1	21000	True
ytar	0.0001	0.1	1	12000	True
ytar	0.0001	0.1	1	03000	True
ytar	0.0001	0.1	1	20100	True
ytar	0.0001	0.1	1	11100	True
ytar	0.0001	0.1	1	02100	True
ytar	0.0001	0.1	1	10200	True
ytar	0.0001	0.1	1	01200	True
ytar	0.0001	0.1	1	00300	True
ytar	0.0001	0.1	1	20010	True
ytar	0.0001	0.1	1	11010	True
ytar	0.0001	0.1	1	02010	True
ytar	0.0001	0.1	1	10110	True
ytar	0.0001	0.1	1	01110	True
ytar	0.0001	0.1	1	00210	True
ytar	0.0001	0.1	1	10020	True
ytar	0.0001	0.1	1	01020	True
ytar	0.0001	0.1	1	00120	True
ytar	0.0001	0.1	1	00030	True
ytar	0.0001	0.1	1	40000	True
ytar	0.0001	0.1	1	31000	True
ytar	0.0001	0.1	1	22000	True
ytar	0.0001	0.1	1	13000	True
ytar	0.0001	0.1	1	04000	False
ytar	0.0001	0.1	1	30100	True
ytar	0.0001	0.1	1	21100	True
ytar	0.0001	0.1	1	12100	True
ytar	0.0001	0.1	1	03100	True
ytar	0.0001	0.1	1	20200	True
ytar	0.0001	0.1	1	11200	True
ytar	0.0001	0.1	1	02200	True
ytar	0.0001	0.1	1	10300	True
ytar	0.0001	0.1	1	01300	True
ytar	0.0001	0.1	1	00400	True
ytar	0.0001	0.1	1	30010	True
ytar	0.0001	0.1	1	21010	True
ytar	0.0001	0.1	1	12010	True
ytar	0.0001	0.1	1	03010	True
ytar	0.0001	0.1	1	20110	False
ytar	0.0001	0.1	1	11110	True
ytar	0.0001	0.1	1	02110	True
ytar	0.0001	0.1	1	10210	True
ytar	0.0001	0.1	1	01210	True
ytar	0.0001	0.1	1	00310	False
ytar	0.0001	0.1	1	20020	True
ytar	0.0001	0.1	1	11020	True
ytar	0.0001	0.1	1	02020	True
ytar	0.0001	0.1	1	10120	True
ytar	0.0001	0.1	1	01120	True
ytar	0.0001	0.1	1	00220	True
ytar	0.0001	0.1	1	10030	True
ytar	0.0001	0.1	1	01030	True
ytar	0.0001	0.1	1	00130	True
ytar	0.0001	0.1	1	00040	True
ytar	0.0001	0.1	1	50000	True
ytar	0.0001	0.1	1	41000	True
ytar	0.0001	0.1	1	32000	False
ytar	0.0001	0.1	1	23000	True
ytar	0.0001	0.1	1	14000	True
ytar	0.0001	0.1	1	05000	False
ytar	0.0001	0.1	1	40100	True
ytar	0.0001	0.1	1	31100	True
ytar	0.0001	0.1	1	22100	True
ytar	0.0001	0.1	1	13100	True
ytar	0.0001	0.1	1	04100	True
ytar	0.0001	0.1	1	30200	True
ytar	0.0001	0.1	1	21200	True
ytar	0.0001	0.1	1	12200	True
ytar	0.0001	0.1	1	03200	True
ytar	0.0001	0.1	1	20300	False
ytar	0.0001	0.1	1	11300	True
ytar	0.0001	0.1	1	02300	True
ytar	0.0001	0.1	1	10400	False
ytar	0.0001	0.1	1	01400	True
ytar	0.0001	0.1	1	00500	True
ytar	0.0001	0.1	1	40010	True
ytar	0.0001	0.1	1	31010	True
ytar	0.0001	0.1	1	22010	True
ytar	0.0001	0.1	1	13010	True
ytar	0.0001	0.1	1	04010	True
ytar	0.0001	0.1	1	30110	True
ytar	0.0001	0.1	1	21110	False
ytar	0.0001	0.1	1	12110	True
ytar	0.0001	0.1	1	03110	True
ytar	0.0001	0.1	1	20210	False
ytar	0.0001	0.1	1	11210	False
ytar	0.0001	0.1	1	02210	True
ytar	0.0001	0.1	1	10310	False
ytar	0.0001	0.1	1	01310	True
ytar	0.0001	0.1	1	00410	True
ytar	0.0001	0.1	1	30020	True
ytar	0.0001	0.1	1	21020	True
ytar	0.0001	0.1	1	12020	True
ytar	0.0001	0.1	1	03020	False
ytar	0.0001	0.1	1	20120	False
ytar	0.0001	0.1	1	11120	True
ytar	0.0001	0.1	1	02120	True
ytar	0.0001	0.1	1	10220	False
ytar	0.0001	0.1	1	01220	True
ytar	0.0001	0.1	1	00320	True
ytar	0.0001	0.1	1	20030	True
ytar	0.0001	0.1	1	11030	True
ytar	0.0001	0.1	1	02030	True
ytar	0.0001	0.1	1	10130	False
ytar	0.0001	0.1	1	01130	True
ytar	0.0001	0.1	1	00230	False
ytar	0.0001	0.1	1	10040	True
ytar	0.0001	0.1	1	01040	False
ytar	0.0001	0.1	1	00140	True
ytar	0.0001	0.1	1	00050	False
ytar	0.0001	0.1	1	60000	True
ytar	0.0001	0.1	1	51000	True
ytar	0.0001	0.1	1	42000	True
ytar	0.0001	0.1	1	33000	True
ytar	0.0001	0.1	1	24000	False
ytar	0.0001	0.1	1	15000	False
ytar	0.0001	0.1	1	06000	True
ytar	0.0001	0.1	1	50100	True
ytar	0.0001	0.1	1	41100	True
ytar	0.0001	0.1	1	32100	True
ytar	0.0001	0.1	1	23100	True
ytar	0.0001	0.1	1	14100	True
ytar	0.0001	0.1	1	05100	True
ytar	0.0001	0.1	1	40200	False
ytar	0.0001	0.1	1	31200	False
ytar	0.0001	0.1	1	22200	False
ytar	0.0001	0.1	1	13200	True
ytar	0.0001	0.1	1	04200	True
ytar	0.0001	0.1	1	30300	True
ytar	0.0001	0.1	1	21300	False
ytar	0.0001	0.1	1	12300	True
ytar	0.0001	0.1	1	03300	True
ytar	0.0001	0.1	1	20400	False
ytar	0.0001	0.1	1	11400	True
ytar	0.0001	0.1	1	02400	True
ytar	0.0001	0.1	1	10500	True
ytar	0.0001	0.1	1	01500	True
ytar	0.0001	0.1	1	00600	True
ytar	0.0001	0.1	1	50010	True
ytar	0.0001	0.1	1	41010	True
ytar	0.0001	0.1	1	32010	True
ytar	0.0001	0.1	1	23010	True
ytar	0.0001	0.1	1	14010	False
ytar	0.0001	0.1	1	05010	True
ytar	0.0001	0.1	1	40110	True
ytar	0.0001	0.1	1	31110	False
ytar	0.0001	0.1	1	22110	True
ytar	0.0001	0.1	1	13110	True
ytar	0.0001	0.1	1	04110	True
ytar	0.0001	0.1	1	30210	False
ytar	0.0001	0.1	1	21210	False
ytar	0.0001	0.1	1	12210	False
ytar	0.0001	0.1	1	03210	True
ytar	0.0001	0.1	1	20310	True
ytar	0.0001	0.1	1	11310	False
ytar	0.0001	0.1	1	02310	False
ytar	0.0001	0.1	1	10410	True
ytar	0.0001	0.1	1	01410	True
ytar	0.0001	0.1	1	00510	True
ytar	0.0001	0.1	1	40020	True
ytar	0.0001	0.1	1	31020	False
ytar	0.0001	0.1	1	22020	True
ytar	0.0001	0.1	1	13020	True
ytar	0.0001	0.1	1	04020	False
ytar	0.0001	0.1	1	30120	False
ytar	0.0001	0.1	1	21120	False
ytar	0.0001	0.1	1	12120	True
ytar	0.0001	0.1	1	03120	True
ytar	0.0001	0.1	1	20220	True
ytar	0.0001	0.1	1	11220	False
ytar	0.0001	0.1	1	02220	False
ytar	0.0001	0.1	1	10320	True
ytar	0.0001	0.1	1	01320	True
ytar	0.0001	0.1	1	00420	True
ytar	0.0001	0.1	1	30030	False
ytar	0.0001	0.1	1	21030	False
ytar	0.0001	0.1	1	12030	True
ytar	0.0001	0.1	1	03030	True
ytar	0.0001	0.1	1	20130	False
ytar	0.0001	0.1	1	11130	False
ytar	0.0001	0.1	1	02130	False
ytar	0.0001	0.1	1	10230	True
ytar	0.0001	0.1	1	01230	True
ytar	0.0001	0.1	1	00330	True
ytar	0.0001	0.1	1	20040	False
ytar	0.0001	0.1	1	11040	True
ytar	0.0001	0.1	1	02040	True
ytar	0.0001	0.1	1	10140	True
ytar	0.0001	0.1	1	01140	False
ytar	0.0001	0.1	1	00240	False
ytar	0.0001	0.1	1	10050	False
ytar	0.0001	0.1	1	01050	True
ytar	0.0001	0.1	1	00150	False
ytar	0.0001	0.1	1	00060	True
ytar	3e-05	0.1	1	00000	True
ytar	3e-05	0.1	1	10000	True
ytar	3e-05	0.1	1	01000	True
ytar	3e-05	0.1	1	00100	True
ytar	3e-05	0.1	1	00010	True
ytar	3e-05	0.1	1	20000	True
ytar	3e-05	0.1	1	11000	True
ytar	3e-05	0.1	1	02000	True
ytar	3e-05	0.1	1	10100	True
ytar	3e-05	0.1	1	01100	True
ytar	3e-05	0.1	1	00200	True
ytar	3e-05	0.1	1	10010	True
ytar	3e-05	0.1	1	01010	True
ytar	3e-05	0.1	1	00110	False
ytar	3e-05	0.1	1	00020	True
ytar	3e-05	0.1	1	30000	True
ytar	3e-05	0.1	1	21000	True
ytar	3e-05	0.1	1	12000	True
ytar	3e-05	0.1	1	03000	True
ytar	3e-05	0.1	1	20100	True
ytar	3e-05	0.1	1	11100	True
ytar	3e-05	0.1	1	02100	True
ytar	3e-05	0.1	1	10200	True
ytar	3e-05	0.1	1	01200	True
ytar	3e-05	0.1	1	00300	True
ytar	3e-05	0.1	1	20010	True
ytar	3e-05	0.1	1	11010	True
ytar	3e-05	0.1	1	02010	True
ytar	3e-05	0.1	1	10110	True
ytar	3e-05	0.1	1	01110	True
ytar	3e-05	0.1	1	00210	True
ytar	3e-05	0.1	1	10020	True
ytar	3e-05	0.1	1	01020	True
ytar	3e-05	0.1	1	00120	True
ytar	3e-05	0.1	1	00030	True
ytar	3e-05	0.1	1	40000	True
ytar	3e-05	0.1	1	31000	True
ytar	3e-05	0.1	1	22000	True
ytar	3e-05	0.1	1	13000	False
ytar	3e-05	0.1	1	04000	True
ytar	3e-05	0.1	1	30100	True
ytar	3e-05	0.1	1	21100	True
ytar	3e-05	0.1	1	12100	True
ytar	3e-05	0.1	1	03100	True
ytar	3e-05	0.1	1	20200	True
ytar	3e-05	0.1	1	11200	False
ytar	3e-05	0.1	1	02200	True
ytar	3e-05	0.1	1	10300	True
ytar	3e-05	0.1	1	01300	True
ytar	3e-05	0.1	1	00400	True
ytar	3e-05	0.1	1	30010	True
ytar	3e-05	0.1	1	21010	True
ytar	3e-05	0.1	1	12010	True
ytar	3e-05	0.1	1	03010	True
ytar	3e-05	0.1	1	20110	True
ytar	3e-05	0.1	1	11110	True
ytar	3e-05	0.1	1	02110	True
ytar	3e-05	0.1	1	10210	False
ytar	3e-05	0.1	1	01210	True
ytar	3e-05	0.1	1	00310	True
ytar	3e-05	0.1	1	20020	True
ytar	3e-05	0.1	1	11020	True
ytar	3e-05	0.1	1	02020	True
ytar	3e-05	0.1	1	10120	True
ytar	3e-05	0.1	1	01120	True
ytar	3e-05	0.1	1	00220	True
ytar	3e-05	0.1	1	10030	True
ytar	3e-05	0.1	1	01030	True
ytar	3e-05	0.1	1	00130	True
ytar	3e-05	0.1	1	00040	True
ytar	3e-05	0.1	1	50000	True
ytar	3e-05	0.1	1	41000	True
ytar	3e-05	0.1	1	32000	False
ytar	3e-05	0.1	1	23000	True
ytar	3e-05	0.1	1	14000	True
ytar	3e-05	0.1	1	05000	True
ytar	3e-05	0.1	1	40100	True
ytar	3e-05	0.1	1	31100	True
ytar	3e-05	0.1	1	22100	True
ytar	3e-05	0.1	1	13100	True
ytar	3e-05	0.1	1	04100	True
ytar	3e-05	0.1	1	30200	True
ytar	3e-05	0.1	1	21200	True
ytar	3e-05	0.1	1	12200	True
ytar	3e-05	0.1	1	03200	True
ytar	3e-05	0.1	1	20300	True
ytar	3e-05	0.1	1	11300	True
ytar	3e-05	0.1	1	02300	True
ytar	3e-05	0.1	1	10400	True
ytar	3e-05	0.1	1	01400	True
ytar	3e-05	0.1	1	00500	True
ytar	3e-05	0.1	1	40010	True
ytar	3e-05	0.1	1	31010	True
ytar	3e-05	0.1	1	22010	True
ytar	3e-05	0.1	1	13010	True
ytar	3e-05	0.1	1	04010	True
ytar	3e-05	0.1	1	30110	True
ytar	3e-05	0.1	1	21110	False
ytar	3e-05	0.1	1	12110	True
ytar	3e-05	0.1	1	03110	True
ytar	3e-05	0.1	1	20210	True
ytar	3e-05	0.1	1	11210	False
ytar	3e-05	0.1	1	02210	True
ytar	3e-05	0.1	1	10310	False
ytar	3e-05	0.1	1	01310	True
ytar	3e-05	0.1	1	00410	True
ytar	3e-05	0.1	1	30020	True
ytar	3e-05	0.1	1	21020	True
ytar	3e-05	0.1	1	12020	True
ytar	3e-05	0.1	1	03020	True
ytar	3e-05	0.1	1	20120	True
ytar	3e-05	0.1	1	11120	False
ytar	3e-05	0.1	1	02120	True
ytar	3e-05	0.1	1	10220	False
ytar	3e-05	0.1	1	01220	True
ytar	3e-05	0.1	1	00320	True
ytar	3e-05	0.1	1	20030	True
ytar	3e-05	0.1	1	11030	True
ytar	3e-05	0.1	1	02030	True
ytar	3e-05	0.1	1	10130	False
ytar	3e-05	0.1	1	01130	True
ytar	3e-05	0.1	1	00230	False
ytar	3e-05	0.1	1	10040	True
ytar	3e-05	0.1	1	01040	True
ytar	3e-05	0.1	1	00140	True
ytar	3e-05	0.1	1	00050	True
ytar	3e-05	0.1	1	60000	True
ytar	3e-05	0.1	1	51000	True
ytar	3e-05	0.1	1	42000	True
ytar	3e-05	0.1	1	33000	True
ytar	3e-05	0.1	1	24000	False
ytar	3e-05	0.1	1	15000	False
ytar	3e-05	0.1	1	06000	True
ytar	3e-05	0.1	1	50100	True
ytar	3e-05	0.1	1	41100	True
ytar	3e-05	0.1	1	32100	True
ytar	3e-05	0.1	1	23100	True
ytar	3e-05	0.1	1	14100	True
ytar	3e-05	0.1	1	05100	True
ytar	3e-05	0.1	1	40200	False
ytar	3e-05	0.1	1	31200	True
ytar	3e-05	0.1	1	22200	False
ytar	3e-05	0.1	1	13200	True
ytar	3e-05	0.1	1	04200	True
ytar	3e-05	0.1	1	30300	True
ytar	3e-05	0.1	1	21300	True
ytar	3e-05	0.1	1	12300	True
ytar	3e-05	0.1	1	03300	True
ytar	3e-05	0.1	1	20400	True
ytar	3e-05	0.1	1	11400	True
ytar	3e-05	0.1	1	02400	True
ytar	3e-05	0.1	1	10500	True
ytar	3e-05	0.1	1	01500	True
ytar	3e-05	0.1	1	00600	True
ytar	3e-05	0.1	1	50010	True
ytar	3e-05	0.1	1	41010	True
ytar	3e-05	0.1	1	32010	True
ytar	3e-05	0.1	1	23010	True
ytar	3e-05	0.1	1	14010	True
ytar	3e-05	0.1	1	05010	True
ytar	3e-05	0.1	1	40110	True
ytar	3e-05	0.1	1	31110	False
ytar	3e-05	0.1	1	22110	True
ytar	3e-05	0.1	1	13110	True
ytar	3e-05	0.1	1	04110	True
ytar	3e-05	0.1	1	30210	True
ytar	3e-05	0.1	1	21210	True
ytar	3e-05	0.1	1	12210	True
ytar	3e-05	0.1	1	03210	True
ytar	3e-05	0.1	1	20310	True
ytar	3e-05	0.1	1	11310	False
ytar	3e-05	0.1	1	02310	True
ytar	3e-05	0.1	1	10410	True
ytar	3e-05	0.1	1	01410	True
ytar	3e-05	0.1	1	00510	True
ytar	3e-05	0.1	1	40020	True
ytar	3e-05	0.1	1	31020	False
ytar	3e-05	0.1	1	22020	True
ytar	3e-05	0.1	1	13020	False
ytar	3e-05	0.1	1	04020	True
ytar	3e-05	0.1	1	30120	True
ytar	3e-05	0.1	1	21120	False
ytar	3e-05	0.1	1	12120	True
ytar	3e-05	0.1	1	03120	False
ytar	3e-05	0.1	1	20220	True
ytar	3e-05	0.1	1	11220	False
ytar	3e-05	0.1	1	02220	False
ytar	3e-05	0.1	1	10320	True
ytar	3e-05	0.1	1	01320	True
ytar	3e-05	0.1	1	00420	True
ytar	3e-05	0.1	1	30030	True
ytar	3e-05	0.1	1	21030	False
ytar	3e-05	0.1	1	12030	True
ytar	3e-05	0.1	1	03030	True
ytar	3e-05	0.1	1	20130	False
ytar	3e-05	0.1	1	11130	False
ytar	3e-05	0.1	1	02130	False
ytar	3e-05	0.1	1	10230	True
ytar	3e-05	0.1	1	01230	True
ytar	3e-05	0.1	1	00330	True
ytar	3e-05	0.1	1	20040	True
ytar	3e-05	0.1	1	11040	True
ytar	3e-05	0.1	1	02040	True
ytar	3e-05	0.1	1	10140	False
ytar	3e-05	0.1	1	01140	True
ytar	3e-05	0.1	1	00240	False
ytar	3e-05	0.1	1	10050	False
ytar	3e-05	0.1	1	01050	True
ytar	3e-05	0.1	1	00150	True
ytar	3e-05	0.1	1	00060	True
ytar	0.0001	0.5	1	00000	True
ytar	0.0001	0.5	1	10000	True
ytar	0.0001	0.5	1	01000	True
ytar	0.0001	0.5	1	00100	True
ytar	0.0001	0.5	1	00010	True
ytar	0.0001	0.5	1	20000	True
ytar	0.0001	0.5	1	11000	False
ytar	0.0001	0.5	1	02000	True
ytar	0.0001	0.5	1	10100	True
ytar	0.0001	0.5	1	01100	True
ytar	0.0001	0.5	1	00200	True
ytar	0.0001	0.5	1	10010	True
ytar	0.0001	0.5	1	01010	True
ytar	0.0001	0.5	1	00110	True
ytar	0.0001	0.5	1	00020	True
ytar	0.0001	0.5	1	30000	True
ytar	0.0001	0.5	1	21000	False
ytar	0.0001	0.5	1	12000	True
ytar	0.0001	0.5	1	03000	False
ytar	0.0001	0.5	1	20100	True
ytar	0.0001	0.5	1	11100	True
ytar	0.0001	0.5	1	02100	True
ytar	0.0001	0.5	1	10200	True
ytar	0.0001	0.5	1	01200	False
ytar	0.0001	0.5	1	00300	True
ytar	0.0001	0.5	1	20010	True
ytar	0.0001	0.5	1	11010	True
ytar	0.0001	0.5	1	02010	True
ytar	0.0001	0.5	1	10110	True
ytar	0.0001	0.5	1	01110	True
ytar	0.0001	0.5	1	00210	True
ytar	0.0001	0.5	1	10020	True
ytar	0.0001	0.5	1	01020	True
ytar	0.0001	0.5	1	00120	True
ytar	0.0001	0.5	1	00030	True
ytar	0.0001	0.5	1	40000	True
ytar	0.0001	0.5	1	31000	True
ytar	0.0001	0.5	1	22000	False
ytar	0.0001	0.5	1	13000	False
ytar	0.0001	0.5	1	04000	True
ytar	0.0001	0.5	1	30100	True
ytar	0.0001	0.5	1	21100	True
ytar	0.0001	0.5	1	12100	False
ytar	0.0001	0.5	1	03100	True
ytar	0.0001	0.5	1	20200	True
ytar	0.0001	0.5	1	11200	False
ytar	0.0001	0.5	1	02200	True
ytar	0.0001	0.5	1	10300	False
ytar	0.0001	0.5	1	01300	True
ytar	0.0001	0.5	1	00400	True
ytar	0.0001	0.5	1	30010	True
ytar	0.0001	0.5	1	21010	True
ytar	0.0001	0.5	1	12010	True
ytar	0.0001	0.5	1	03010	True
ytar	0.0001	0.5	1	20110	False
ytar	0.0001	0.5	1	11110	True
ytar	0.0001	0.5	1	02110	True
ytar	0.0001	0.5	1	10210	True
ytar	0.0001	0.5	1	01210	True
ytar	0.0001	0.5	1	00310	False
ytar	0.0001	0.5	1	20020	True
ytar	0.0001	0.5	1	11020	True
ytar	0.0001	0.5	1	02020	True
ytar	0.0001	0.5	1	10120	True
ytar	0.0001	0.5	1	01120	False
ytar	0.0001	0.5	1	00220	True
ytar	0.0001	0.5	1	10030	True
ytar	0.0001	0.5	1	01030	True
ytar	0.0001	0.5	1	00130	True
ytar	0.0001	0.5	1	00040	False
ytar	0.0001	0.5	1	50000	True
ytar	0.0001	0.5	1	41000	False
ytar	0.0001	0.5	1	32000	False
ytar	0.0001	0.5	1	23000	False
ytar	0.0001	0.5	1	14000	True
ytar	0.0001	0.5	1	05000	False
ytar	0.0001	0.5	1	40100	True
ytar	0.0001	0.5	1	31100	False
ytar	0.0001	0.5	1	22100	False
ytar	0.0001	0.5	1	13100	False
ytar	0.0001	0.5	1	04100	True
ytar	0.0001	0.5	1	30200	True
ytar	0.0001	0.5	1	21200	True
ytar	0.0001	0.5	1	12200	True
ytar	0.0001	0.5	1	03200	False
ytar	0.0001	0.5	1	20300	False
ytar	0.0001	0.5	1	11300	False
ytar	0.0001	0.5	1	02300	True
ytar	0.0001	0.5	1	10400	False
ytar	0.0001	0.5	1	01400	True
ytar	0.0001	0.5	1	00500	True
ytar	0.0001	0.5	1	40010	True
ytar	0.0001	0.5	1	31010	True
ytar	0.0001	0.5	1	22010	True
ytar	0.0001	0.5	1	13010	True
ytar	0.0001	0.5	1	04010	False
ytar	0.0001	0.5	1	30110	True
ytar	0.0001	0.5	1	21110	False
ytar	0.0001	0.5	1	12110	False
ytar	0.0001	0.5	1	03110	True
ytar	0.0001	0.5	1	20210	False
ytar	0.0001	0.5	1	11210	False
ytar	0.0001	0.5	1	02210	True
ytar	0.0001	0.5	1	10310	False
ytar	0.0001	0.5	1	01310	True
ytar	0.0001	0.5	1	00410	True
ytar	0.0001	0.5	1	30020	False
ytar	0.0001	0.5	1	21020	False
ytar	0.0001	0.5	1	12020	True
ytar	0.0001	0.5	1	03020	False
ytar	0.0001	0.5	1	20120	False
ytar	0.0001	0.5	1	11120	False
ytar	0.0001	0.5	1	02120	False
ytar	0.0001	0.5	1	10220	False
ytar	0.0001	0.5	1	01220	True
ytar	0.0001	0.5	1	00320	False
ytar	0.0001	0.5	1	20030	False
ytar	0.0001	0.5	1	11030	True
ytar	0.0001	0.5	1	02030	True
ytar	0.0001	0.5	1	10130	False
ytar	0.0001	0.5	1	01130	False
ytar	0.0001	0.5	1	00230	False
ytar	0.0001	0.5	1	10040	False
ytar	0.0001	0.5	1	01040	False
ytar	0.0001	0.5	1	00140	True
ytar	0.0001	0.5	1	00050	False
ytar	0.0001	0.5	1	60000	True
ytar	0.0001	0.5	1	51000	False
ytar	0.0001	0.5	1	42000	False
ytar	0.0001	0.5	1	33000	True
ytar	0.0001	0.5	1	24000	False
ytar	0.0001	0.5	1	15000	False
ytar	0.0001	0.5	1	06000	True
ytar	0.0001	0.5	1	50100	True
ytar	0.0001	0.5	1	41100	False
ytar	0.0001	0.5	1	32100	False
ytar	0.0001	0.5	1	23100	True
ytar	0.0001	0.5	1	14100	False
ytar	0.0001	0.5	1	05100	False
ytar	0.0001	0.5	1	40200	False
ytar	0.0001	0.5	1	31200	False
ytar	0.0001	0.5	1	22200	False
ytar	0.0001	0.5	1	13200	False
ytar	0.0001	0.5	1	04200	True
ytar	0.0001	0.5	1	30300	False
ytar	0.0001	0.5	1	21300	False
ytar	0.0001	0.5	1	12300	False
ytar	0.0001	0.5	1	03300	False
ytar	0.0001	0.5	1	20400	False
ytar	0.0001	0.5	1	11400	False
ytar	0.0001	0.5	1	02400	True
ytar	0.0001	0.5	1	10500	True
ytar	0.0001	0.5	1	01500	True
ytar	0.0001	0.5	1	00600	False
ytar	0.0001	0.5	1	50010	False
ytar	0.0001	0.5	1	41010	False
ytar	0.0001	0.5	1	32010	True
ytar	0.0001	0.5	1	23010	True
ytar	0.0001	0.5	1	14010	False
ytar	0.0001	0.5	1	05010	True
ytar	0.0001	0.5	1	40110	True
ytar	0.0001	0.5	1	31110	False
ytar	0.0001	0.5	1	22110	False
ytar	0.0001	0.5	1	13110	True
ytar	0.0001	0.5	1	04110	True
ytar	0.0001	0.5	1	30210	True
ytar	0.0001	0.5	1	21210	False
ytar	0.0001	0.5	1	12210	True
ytar	0.0001	0.5	1	03210	True
ytar	0.0001	0.5	1	20310	True
ytar	0.0001	0.5	1	11310	False
ytar	0.0001	0.5	1	02310	False
ytar	0.0001	0.5	1	10410	False
ytar	0.0001	0.5	1	01410	False
ytar	0.0001	0.5	1	00510	False
ytar	0.0001	0.5	1	40020	True
ytar	0.0001	0.5	1	31020	False
ytar	0.0001	0.5	1	22020	False
ytar	0.0001	0.5	1	13020	False
ytar	0.0001	0.5	1	04020	False
ytar	0.0001	0.5	1	30120	False
ytar	0.0001	0.5	1	21120	False
ytar	0.0001	0.5	1	12120	False
ytar	0.0001	0.5	1	03120	False
ytar	0.0001	0.5	1	20220	False
ytar	0.0001	0.5	1	11220	False
ytar	0.0001	0.5	1	02220	False
ytar	0.0001	0.5	1	10320	False
ytar	0.0001	0.5	1	01320	False
ytar	0.0001	0.5	1	00420	True
ytar	0.0001	0.5	1	30030	False
ytar	0.0001	0.5	1	21030	False
ytar	0.0001	0.5	1	12030	False
ytar	0.0001	0.5	1	03030	True
ytar	0.0001	0.5	1	20130	False
ytar	0.0001	0.5	1	11130	False
ytar	0.0001	0.5	1	02130	False
ytar	0.0001	0.5	1	10230	True
ytar	0.0001	0.5	1	01230	True
ytar	0.0001	0.5	1	00330	True
ytar	0.0001	0.5	1	20040	True
ytar	0.0001	0.5	1	11040	True
ytar	0.0001	0.5	1	02040	False
ytar	0.0001	0.5	1	10140	True
ytar	0.0001	0.5	1	01140	False
ytar	0.0001	0.5	1	00240	False
ytar	0.0001	0.5	1	10050	True
ytar	0.0001	0.5	1	01050	True
ytar	0.0001	0.5	1	00150	False
ytar	0.0001	0.5	1	00060	False
ytar	3e-05	0.5	1	00000	True
ytar	3e-05	0.5	1	10000	True
ytar	3e-05	0.5	1	01000	True
ytar	3e-05	0.5	1	00100	True
ytar	3e-05	0.5	1	00010	True
ytar	3e-05	0.5	1	20000	True
ytar	3e-05	0.5	1	11000	True
ytar	3e-05	0.5	1	02000	True
ytar	3e-05	0.5	1	10100	True
ytar	3e-05	0.5	1	01100	True
ytar	3e-05	0.5	1	00200	True
ytar	3e-05	0.5	1	10010	True
ytar	3e-05	0.5	1	01010	True
ytar	3e-05	0.5	1	00110	False
ytar	3e-05	0.5	1	00020	True
ytar	3e-05	0.5	1	30000	True
ytar	3e-05	0.5	1	21000	True
ytar	3e-05	0.5	1	12000	True
ytar	3e-05	0.5	1	03000	True
ytar	3e-05	0.5	1	20100	True
ytar	3e-05	0.5	1	11100	True
ytar	3e-05	0.5	1	02100	True
ytar	3e-05	0.5	1	10200	True
ytar	3e-05	0.5	1	01200	True
ytar	3e-05	0.5	1	00300	True
ytar	3e-05	0.5	1	20010	True
ytar	3e-05	0.5	1	11010	True
ytar	3e-05	0.5	1	02010	True
ytar	3e-05	0.5	1	10110	True
ytar	3e-05	0.5	1	01110	True
ytar	3e-05	0.5	1	00210	True
ytar	3e-05	0.5	1	10020	True
ytar	3e-05	0.5	1	01020	True
ytar	3e-05	0.5	1	00120	True
ytar	3e-05	0.5	1	00030	True
ytar	3e-05	0.5	1	40000	True
ytar	3e-05	0.5	1	31000	False
ytar	3e-05	0.5	1	22000	True
ytar	3e-05	0.5	1	13000	False
ytar	3e-05	0.5	1	04000	False
ytar	3e-05	0.5	1	30100	True
ytar	3e-05	0.5	1	21100	True
ytar	3e-05	0.5	1	12100	True
ytar	3e-05	0.5	1	03100	True
ytar	3e-05	0.5	1	20200	True
ytar	3e-05	0.5	1	11200	False
ytar	3e-05	0.5	1	02200	True
ytar	3e-05	0.5	1	10300	True
ytar	3e-05	0.5	1	01300	True
ytar	3e-05	0.5	1	00400	True
ytar	3e-05	0.5	1	30010	True
ytar	3e-05	0.5	1	21010	True
ytar	3e-05	0.5	1	12010	True
ytar	3e-05	0.5	1	03010	True
ytar	3e-05	0.5	1	20110	False
ytar	3e-05	0.5	1	11110	True
ytar	3e-05	0.5	1	02110	True
ytar	3e-05	0.5	1	10210	False
ytar	3e-05	0.5	1	01210	True
ytar	3e-05	0.5	1	00310	False
ytar	3e-05	0.5	1	20020	True
ytar	3e-05	0.5	1	11020	True
ytar	3e-05	0.5	1	02020	True
ytar	3e-05	0.5	1	10120	True
ytar	3e-05	0.5	1	01120	True
ytar	3e-05	0.5	1	00220	True
ytar	3e-05	0.5	1	10030	True
ytar	3e-05	0.5	1	01030	True
ytar	3e-05	0.5	1	00130	True
ytar	3e-05	0.5	1	00040	False
ytar	3e-05	0.5	1	50000	True
ytar	3e-05	0.5	1	41000	True
ytar	3e-05	0.5	1	32000	False
ytar	3e-05	0.5	1	23000	False
ytar	3e-05	0.5	1	14000	True
ytar	3e-05	0.5	1	05000	True
ytar	3e-05	0.5	1	40100	True
ytar	3e-05	0.5	1	31100	True
ytar	3e-05	0.5	1	22100	False
ytar	3e-05	0.5	1	13100	True
ytar	3e-05	0.5	1	04100	True
ytar	3e-05	0.5	1	30200	True
ytar	3e-05	0.5	1	21200	True
ytar	3e-05	0.5	1	12200	True
ytar	3e-05	0.5	1	03200	True
ytar	3e-05	0.5	1	20300	False
ytar	3e-05	0.5	1	11300	False
ytar	3e-05	0.5	1	02300	True
ytar	3e-05	0.5	1	10400	False
ytar	3e-05	0.5	1	01400	True
ytar	3e-05	0.5	1	00500	True
ytar	3e-05	0.5	1	40010	True
ytar	3e-05	0.5	1	31010	True
ytar	3e-05	0.5	1	22010	True
ytar	3e-05	0.5	1	13010	False
ytar	3e-05	0.5	1	04010	True
ytar	3e-05	0.5	1	30110	True
ytar	3e-05	0.5	1	21110	False
ytar	3e-05	0.5	1	12110	True
ytar	3e-05	0.5	1	03110	True
ytar	3e-05	0.5	1	20210	True
ytar	3e-05	0.5	1	11210	False
ytar	3e-05	0.5	1	02210	True
ytar	3e-05	0.5	1	10310	False
ytar	3e-05	0.5	1	01310	True
ytar	3e-05	0.5	1	00410	False
ytar	3e-05	0.5	1	30020	False
ytar	3e-05	0.5	1	21020	True
ytar	3e-05	0.5	1	12020	True
ytar	3e-05	0.5	1	03020	False
ytar	3e-05	0.5	1	20120	False
ytar	3e-05	0.5	1	11120	False
ytar	3e-05	0.5	1	02120	False
ytar	3e-05	0.5	1	10220	False
ytar	3e-05	0.5	1	01220	False
ytar	3e-05	0.5	1	00320	False
ytar	3e-05	0.5	1	20030	False
ytar	3e-05	0.5	1	11030	True
ytar	3e-05	0.5	1	02030	True
ytar	3e-05	0.5	1	10130	False
ytar	3e-05	0.5	1	01130	False
ytar	3e-05	0.5	1	00230	False
ytar	3e-05	0.5	1	10040	True
ytar	3e-05	0.5	1	01040	False
ytar	3e-05	0.5	1	00140	True
ytar	3e-05	0.5	1	00050	True
ytar	3e-05	0.5	1	60000	True
ytar	3e-05	0.5	1	51000	False
ytar	3e-05	0.5	1	42000	True
ytar	3e-05	0.5	1	33000	True
ytar	3e-05	0.5	1	24000	False
ytar	3e-05	0.5	1	15000	False
ytar	3e-05	0.5	1	06000	True
ytar	3e-05	0.5	1	50100	False
ytar	3e-05	0.5	1	41100	True
ytar	3e-05	0.5	1	32100	False
ytar	3e-05	0.5	1	23100	True
ytar	3e-05	0.5	1	14100	True
ytar	3e-05	0.5	1	05100	True
ytar	3e-05	0.5	1	40200	True
ytar	3e-05	0.5	1	31200	False
ytar	3e-05	0.5	1	22200	False
ytar	3e-05	0.5	1	13200	False
ytar	3e-05	0.5	1	04200	True
ytar	3e-05	0.5	1	30300	True
ytar	3e-05	0.5	1	21300	False
ytar	3e-05	0.5	1	12300	True
ytar	3e-05	0.5	1	03300	False
ytar	3e-05	0.5	1	20400	True
ytar	3e-05	0.5	1	11400	True
ytar	3e-05	0.5	1	02400	False
ytar	3e-05	0.5	1	10500	True
ytar	3e-05	0.5	1	01500	True
ytar	3e-05	0.5	1	00600	True
ytar	3e-05	0.5	1	50010	True
ytar	3e-05	0.5	1	41010	False
ytar	3e-05	0.5	1	32010	True
ytar	3e-05	0.5	1	23010	False
ytar	3e-05	0.5	1	14010	False
ytar	3e-05	0.5	1	05010	True
ytar	3e-05	0.5	1	40110	True
ytar	3e-05	0.5	1	31110	False
ytar	3e-05	0.5	1	22110	False
ytar	3e-05	0.5	1	13110	True
ytar	3e-05	0.5	1	04110	True
ytar	3e-05	0.5	1	30210	True
ytar	3e-05	0.5	1	21210	True
ytar	3e-05	0.5	1	12210	False
ytar	3e-05	0.5	1	03210	True
ytar	3e-05	0.5	1	20310	True
ytar	3e-05	0.5	1	11310	False
ytar	3e-05	0.5	1	02310	False
ytar	3e-05	0.5	1	10410	False
ytar	3e-05	0.5	1	01410	True
ytar	3e-05	0.5	1	00510	False
ytar	3e-05	0.5	1	40020	True
ytar	3e-05	0.5	1	31020	False
ytar	3e-05	0.5	1	22020	False
ytar	3e-05	0.5	1	13020	False
ytar	3e-05	0.5	1	04020	False
ytar	3e-05	0.5	1	30120	False
ytar	3e-05	0.5	1	21120	False
ytar	3e-05	0.5	1	12120	True
ytar	3e-05	0.5	1	03120	False
ytar	3e-05	0.5	1	20220	True
ytar	3e-05	0.5	1	11220	False
ytar	3e-05	0.5	1	02220	False
ytar	3e-05	0.5	1	10320	True
ytar	3e-05	0.5	1	01320	False
ytar	3e-05	0.5	1	00420	True
ytar	3e-05	0.5	1	30030	True
ytar	3e-05	0.5	1	21030	False
ytar	3e-05	0.5	1	12030	False
ytar	3e-05	0.5	1	03030	True
ytar	3e-05	0.5	1	20130	False
ytar	3e-05	0.5	1	11130	False
ytar	3e-05	0.5	1	02130	False
ytar	3e-05	0.5	1	10230	True
ytar	3e-05	0.5	1	01230	False
ytar	3e-05	0.5	1	00330	True
ytar	3e-05	0.5	1	20040	False
ytar	3e-05	0.5	1	11040	True
ytar	3e-05	0.5	1	02040	False
ytar	3e-05	0.5	1	10140	False
ytar	3e-05	0.5	1	01140	False
ytar	3e-05	0.5	1	00240	False
ytar	3e-05	0.5	1	10050	False
ytar	3e-05	0.5	1	01050	True
ytar	3e-05	0.5	1	00150	False
ytar	3e-05	0.5	1	00060	False
yptar	0.0001	0.1	1	00000	True
yptar	0.0001	0.1	1	10000	True
yptar	0.0001	0.1	1	01000	True
yptar	0.0001	0.1	1	00100	True
yptar	0.0001	0.1	1	00010	True
yptar	0.0001	0.1	1	20000	True
yptar	0.0001	0.1	1	11000	True
yptar	0.0001	0.1	1	02000	True
yptar	0.0001	0.1	1	10100	True
yptar	0.0001	0.1	1	01100	True
yptar	0.0001	0.1	1	00200	True
yptar	0.0001	0.1	1	10010	True
yptar	0.0001	0.1	1	01010	True
yptar	0.0001	0.1	1	00110	True
yptar	0.0001	0.1	1	00020	True
yptar	0.0001	0.1	1	30000	True
yptar	0.0001	0.1	1	21000	True
yptar	0.0001	0.1	1	12000	True
yptar	0.0001	0.1	1	03000	False
yptar	0.0001	0.1	1	20100	True
yptar	0.0001	0.1	1	11100	True
yptar	0.0001	0.1	1	02100	True
yptar	0.0001	0.1	1	10200	True
yptar	0.0001	0.1	1	01200	True
yptar	0.0001	0.1	1	00300	True
yptar	0.0001	0.1	1	20010	True
yptar	0.0001	0.1	1	11010	True
yptar	0.0001	0.1	1	02010	True
yptar	0.0001	0.1	1	10110	False
yptar	0.0001	0.1	1	01110	True
yptar	0.0001	0.1	1	00210	True
yptar	0.0001	0.1	1	10020	True
yptar	0.0001	0.1	1	01020	True
yptar	0.0001	0.1	1	00120	True
yptar	0.0001	0.1	1	00030	True
yptar	0.0001	0.1	1	40000	True
yptar	0.0001	0.1	1	31000	False
yptar	0.0001	0.1	1	22000	False
yptar	0.0001	0.1	1	13000	True
yptar	0.0001	0.1	1	04000	True
yptar	0.0001	0.1	1	30100	True
yptar	0.0001	0.1	1	21100	True
yptar	0.0001	0.1	1	12100	True
yptar	0.0001	0.1	1	03100	True
yptar	0.0001	0.1	1	20200	True
yptar	0.0001	0.1	1	11200	False
yptar	0.0001	0.1	1	02200	False
yptar	0.0001	0.1	1	10300	False
yptar	0.0001	0.1	1	01300	True
yptar	0.0001	0.1	1	00400	True
yptar	0.0001	0.1	1	30010	True
yptar	0.0001	0.1	1	21010	False
yptar	0.0001	0.1	1	12010	True
yptar	0.0001	0.1	1	03010	True
yptar	0.0001	0.1	1	20110	False
yptar	0.0001	0.1	1	11110	True
yptar	0.0001	0.1	1	02110	True
yptar	0.0001	0.1	1	10210	True
yptar	0.0001	0.1	1	01210	True
yptar	0.0001	0.1	1	00310	False
yptar	0.0001	0.1	1	20020	False
yptar	0.0001	0.1	1	11020	True
yptar	0.0001	0.1	1	02020	True
yptar	0.0001	0.1	1	10120	True
yptar	0.0001	0.1	1	01120	True
yptar	0.0001	0.1	1	00220	True
yptar	0.0001	0.1	1	10030	True
yptar	0.0001	0.1	1	01030	True
yptar	0.0001	0.1	1	00130	True
yptar	0.0001	0.1	1	00040	True
yptar	0.0001	0.1	1	50000	True
yptar	0.0001	0.1	1	41000	False
yptar	0.0001	0.1	1	32000	True
yptar	0.0001	0.1	1	23000	False
yptar	0.0001	0.1	1	14000	True
yptar	0.0001	0.1	1	05000	True
yptar	0.0001	0.1	1	40100	True
yptar	0.0001	0.1	1	31100	False
yptar	0.0001	0.1	1	22100	False
yptar	0.0001	0.1	1	13100	True
yptar	0.0001	0.1	1	04100	True
yptar	0.0001	0.1	1	30200	True
yptar	0.0001	0.1	1	21200	False
yptar	0.0001	0.1	1	12200	False
yptar	0.0001	0.1	1	03200	False
yptar	0.0001	0.1	1	20300	False
yptar	0.0001	0.1	1	11300	False
yptar	0.0001	0.1	1	02300	True
yptar	0.0001	0.1	1	10400	False
yptar	0.0001	0.1	1	01400	True
yptar	0.0001	0.1	1	00500	True
yptar	0.0001	0.1	1	40010	True
yptar	0.0001	0.1	1	31010	True
yptar	0.0001	0.1	1	22010	True
yptar	0.0001	0.1	1	13010	True
yptar	0.0001	0.1	1	04010	False
yptar	0.0001	0.1	1	30110	True
yptar	0.0001	0.1	1	21110	False
yptar	0.0001	0.1	1	12110	False
yptar	0.0001	0.1	1	03110	True
yptar	0.0001	0.1	1	20210	False
yptar	0.0001	0.1	1	11210	False
yptar	0.0001	0.1	1	02210	False
yptar	0.0001	0.1	1	10310	False
yptar	0.0001	0.1	1	01310	True
yptar	0.0001	0.1	1	00410	False
yptar	0.0001	0.1	1	30020	True
yptar	0.0001	0.1	1	21020	False
yptar	0.0001	0.1	1	12020	False
yptar	0.0001	0.1	1	03020	False
yptar	0.0001	0.1	1	20120	True
yptar	0.0001	0.1	1	11120	True
yptar	0.0001	0.1	1	02120	False
yptar	0.0001	0.1	1	10220	False
yptar	0.0001	0.1	1	01220	True
yptar	0.0001	0.1	1	00320	True
yptar	0.0001	0.1	1	20030	False
yptar	0.0001	0.1	1	11030	True
yptar	0.0001	0.1	1	02030	True
yptar	0.0001	0.1	1	10130	False
yptar	0.0001	0.1	1	01130	True
yptar	0.0001	0.1	1	00230	False
yptar	0.0001	0.1	1	10040	True
yptar	0.0001	0.1	1	01040	False
yptar	0.0001	0.1	1	00140	True
yptar	0.0001	0.1	1	00050	False
yptar	0.0001	0.1	1	60000	True
yptar	0.0001	0.1	1	51000	False
yptar	0.0001	0.1	1	42000	True
yptar	0.0001	0.1	1	33000	True
yptar	0.0001	0.1	1	24000	False
yptar	0.0001	0.1	1	15000	False
yptar	0.0001	0.1	1	06000	False
yptar	0.0001	0.1	1	50100	True
yptar	0.0001	0.1	1	41100	False
yptar	0.0001	0.1	1	32100	True
yptar	0.0001	0.1	1	23100	True
yptar	0.0001	0.1	1	14100	True
yptar	0.0001	0.1	1	05100	True
yptar	0.0001	0.1	1	40200	True
yptar	0.0001	0.1	1	31200	False
yptar	0.0001	0.1	1	22200	False
yptar	0.0001	0.1	1	13200	False
yptar	0.0001	0.1	1	04200	True
yptar	0.0001	0.1	1	30300	False
yptar	0.0001	0.1	1	21300	False
yptar	0.0001	0.1	1	12300	True
yptar	0.0001	0.1	1	03300	False
yptar	0.0001	0.1	1	20400	False
yptar	0.0001	0.1	1	11400	False
yptar	0.0001	0.1	1	02400	True
yptar	0.0001	0.1	1	10500	True
yptar	0.0001	0.1	1	01500	True
yptar	0.0001	0.1	1	00600	True
yptar	0.0001	0.1	1	50010	True
yptar	0.0001	0.1	1	41010	False
yptar	0.0001	0.1	1	32010	True
yptar	0.0001	0.1	1	23010	True
yptar	0.0001	0.1	1	14010	True
yptar	0.0001	0.1	1	05010	False
yptar	0.0001	0.1	1	40110	False
yptar	0.0001	0.1	1	31110	False
yptar	0.0001	0.1	1	22110	True
yptar	0.0001	0.1	1	13110	True
yptar	0.0001	0.1	1	04110	True
yptar	0.0001	0.1	1	30210	True
yptar	0.0001	0.1	1	21210	False
yptar	0.0001	0.1	1	12210	False
yptar	0.0001	0.1	1	03210	True
yptar	0.0001	0.1	1	20310	True
yptar	0.0001	0.1	1	11310	False
yptar	0.0001	0.1	1	02310	False
yptar	0.0001	0.1	1	10410	False
yptar	0.0001	0.1	1	01410	True
yptar	0.0001	0.1	1	00510	False
yptar	0.0001	0.1	1	40020	True
yptar	0.0001	0.1	1	31020	True
yptar	0.0001	0.1	1	22020	False
yptar	0.0001	0.1	1	13020	False
yptar	0.0001	0.1	1	04020	True
yptar	0.0001	0.1	1	30120	False
yptar	0.0001	0.1	1	21120	False
yptar	0.0001	0.1	1	12120	False
yptar	0.0001	0.1	1	03120	False
yptar	0.0001	0.1	1	20220	True
yptar	0.0001	0.1	1	11220	False
yptar	0.0001	0.1	1	02220	False
yptar	0.0001	0.1	1	10320	True
yptar	0.0001	0.1	1	01320	True
yptar	0.0001	0.1	1	00420	False
yptar	0.0001	0.1	1	30030	False
yptar	0.0001	0.1	1	21030	False
yptar	0.0001	0.1	1	12030	True
yptar	0.0001	0.1	1	03030	True
yptar	0.0001	0.1	1	20130	True
yptar	0.0001	0.1	1	11130	False
yptar	0.0001	0.1	1	02130	False
yptar	0.0001	0.1	1	10230	True
yptar	0.0001	0.1	1	01230	True
yptar	0.0001	0.1	1	00330	True
yptar	0.0001	0.1	1	20040	True
yptar	0.0001	0.1	1	11040	False
yptar	0.0001	0.1	1	02040	True
yptar	0.0001	0.1	1	10140	False
yptar	0.0001	0.1	1	01140	False
yptar	0.0001	0.1	1	00240	True
yptar	0.0001	0.1	1	10050	False
yptar	0.0001	0.1	1	01050	True
yptar	0.0001	0.1	1	00150	False
yptar	0.0001	0.1	1	00060	True
yptar	3e-05	0.1	1	00000	True
yptar	3e-05	0.1	1	10000	True
yptar	3e-05	0.1	1	01000	True
yptar	3e-05	0.1	1	00100	True
yptar	3e-05	0.1	1	00010	True
yptar	3e-05	0.1	1	20000	True
yptar	3e-05	0.1	1	11000	True
yptar	3e-05	0.1	1	02000	True
yptar	3e-05	0.1	1	10100	True
yptar	3e-05	0.1	1	01100	True
yptar	3e-05	0.1	1	00200	True
yptar	3e-05	0.1	1	10010	True
yptar	3e-05	0.1	1	01010	True
yptar	3e-05	0.1	1	00110	True
yptar	3e-05	0.1	1	00020	True
yptar	3e-05	0.1	1	30000	True
yptar	3e-05	0.1	1	21000	True
yptar	3e-05	0.1	1	12000	True
yptar	3e-05	0.1	1	03000	True
yptar	3e-05	0.1	1	20100	True
yptar	3e-05	0.1	1	11100	True
yptar	3e-05	0.1	1	02100	True
yptar	3e-05	0.1	1	10200	True
yptar	3e-05	0.1	1	01200	True
yptar	3e-05	0.1	1	00300	True
yptar	3e-05	0.1	1	20010	True
yptar	3e-05	0.1	1	11010	True
yptar	3e-05	0.1	1	02010	True
yptar	3e-05	0.1	1	10110	False
yptar	3e-05	0.1	1	01110	True
yptar	3e-05	0.1	1	00210	True
yptar	3e-05	0.1	1	10020	True
yptar	3e-05	0.1	1	01020	True
yptar	3e-05	0.1	1	00120	True
yptar	3e-05	0.1	1	00030	True
yptar	3e-05	0.1	1	40000	True
yptar	3e-05	0.1	1	31000	True
yptar	3e-05	0.1	1	22000	True
yptar	3e-05	0.1	1	13000	True
yptar	3e-05	0.1	1	04000	False
yptar	3e-05	0.1	1	30100	False
yptar	3e-05	0.1	1	21100	True
yptar	3e-05	0.1	1	12100	False
yptar	3e-05	0.1	1	03100	True
yptar	3e-05	0.1	1	20200	True
yptar	3e-05	0.1	1	11200	False
yptar	3e-05	0.1	1	02200	False
yptar	3e-05	0.1	1	10300	True
yptar	3e-05	0.1	1	01300	True
yptar	3e-05	0.1	1	00400	True
yptar	3e-05	0.1	1	30010	True
yptar	3e-05	0.1	1	21010	True
yptar	3e-05	0.1	1	12010	True
yptar	3e-05	0.1	1	03010	True
yptar	3e-05	0.1	1	20110	False
yptar	3e-05	0.1	1	11110	True
yptar	3e-05	0.1	1	02110	True
yptar	3e-05	0.1	1	10210	False
yptar	3e-05	0.1	1	01210	True
yptar	3e-05	0.1	1	00310	False
yptar	3e-05	0.1	1	20020	True
yptar	3e-05	0.1	1	11020	True
yptar	3e-05	0.1	1	02020	True
yptar	3e-05	0.1	1	10120	True
yptar	3e-05	0.1	1	01120	True
yptar	3e-05	0.1	1	00220	True
yptar	3e-05	0.1	1	10030	True
yptar	3e-05	0.1	1	01030	True
yptar	3e-05	0.1	1	00130	True
yptar	3e-05	0.1	1	00040	True
yptar	3e-05	0.1	1	50000	True
yptar	3e-05	0.1	1	41000	True
yptar	3e-05	0.1	1	32000	True
yptar	3e-05	0.1	1	23000	False
yptar	3e-05	0.1	1	14000	True
yptar	3e-05	0.1	1	05000	False
yptar	3e-05	0.1	1	40100	True
yptar	3e-05	0.1	1	31100	False
yptar	3e-05	0.1	1	22100	False
yptar	3e-05	0.1	1	13100	True
yptar	3e-05	0.1	1	04100	True
yptar	3e-05	0.1	1	30200	True
yptar	3e-05	0.1	1	21200	False
yptar	3e-05	0.1	1	12200	True
yptar	3e-05	0.1	1	03200	False
yptar	3e-05	0.1	1	20300	False
yptar	3e-05	0.1	1	11300	True
yptar	3e-05	0.1	1	02300	False
yptar	3e-05	0.1	1	10400	True
yptar	3e-05	0.1	1	01400	True
yptar	3e-05	0.1	1	00500	True
yptar	3e-05	0.1	1	40010	True
yptar	3e-05	0.1	1	31010	True
yptar	3e-05	0.1	1	22010	True
yptar	3e-05	0.1	1	13010	False
yptar	3e-05	0.1	1	04010	True
yptar	3e-05	0.1	1	30110	True
yptar	3e-05	0.1	1	21110	False
yptar	3e-05	0.1	1	12110	True
yptar	3e-05	0.1	1	03110	True
yptar	3e-05	0.1	1	20210	True
yptar	3e-05	0.1	1	11210	False
yptar	3e-05	0.1	1	02210	True
yptar	3e-05	0.1	1	10310	False
yptar	3e-05	0.1	1	01310	False
yptar	3e-05	0.1	1	00410	False
yptar	3e-05	0.1	1	30020	True
yptar	3e-05	0.1	1	21020	False
yptar	3e-05	0.1	1	12020	False
yptar	3e-05	0.1	1	03020	True
yptar	3e-05	0.1	1	20120	False
yptar	3e-05	0.1	1	11120	False
yptar	3e-05	0.1	1	02120	True
yptar	3e-05	0.1	1	10220	False
yptar	3e-05	0.1	1	01220	False
yptar	3e-05	0.1	1	00320	True
yptar	3e-05	0.1	1	20030	True
yptar	3e-05	0.1	1	11030	True
yptar	3e-05	0.1	1	02030	True
yptar	3e-05	0.1	1	10130	False
yptar	3e-05	0.1	1	01130	True
yptar	3e-05	0.1	1	00230	False
yptar	3e-05	0.1	1	10040	True
yptar	3e-05	0.1	1	01040	True
yptar	3e-05	0.1	1	00140	True
yptar	3e-05	0.1	1	00050	True
yptar	3e-05	0.1	1	60000	True
yptar	3e-05	0.1	1	51000	True
yptar	3e-05	0.1	1	42000	True
yptar	3e-05	0.1	1	33000	True
yptar	3e-05	0.1	1	24000	False
yptar	3e-05	0.1	1	15000	False
yptar	3e-05	0.1	1	06000	True
yptar	3e-05	0.1	1	50100	True
yptar	3e-05	0.1	1	41100	False
yptar	3e-05	0.1	1	32100	True
yptar	3e-05	0.1	1	23100	True
yptar	3e-05	0.1	1	14100	False
yptar	3e-05	0.1	1	05100	True
yptar	3e-05	0.1	1	40200	True
yptar	3e-05	0.1	1	31200	True
yptar	3e-05	0.1	1	22200	False
yptar	3e-05	0.1	1	13200	False
yptar	3e-05	0.1	1	04200	True
yptar	3e-05	0.1	1	30300	True
yptar	3e-05	0.1	1	21300	False
yptar	3e-05	0.1	1	12300	True
yptar	3e-05	0.1	1	03300	False
yptar	3e-05	0.1	1	20400	False
yptar	3e-05	0.1	1	11400	True
yptar	3e-05	0.1	1	02400	True
yptar	3e-05	0.1	1	10500	True
yptar	3e-05	0.1	1	01500	True
yptar	3e-05	0.1	1	00600	True
yptar	3e-05	0.1	1	50010	True
yptar	3e-05	0.1	1	41010	False
yptar	3e-05	0.1	1	32010	True
yptar	3e-05	0.1	1	23010	True
yptar	3e-05	0.1	1	14010	True
yptar	3e-05	0.1	1	05010	True
yptar	3e-05	0.1	1	40110	True
yptar	3e-05	0.1	1	31110	False
yptar	3e-05	0.1	1	22110	True
yptar	3e-05	0.1	1	13110	True
yptar	3e-05	0.1	1	04110	True
yptar	3e-05	0.1	1	30210	True
yptar	3e-05	0.1	1	21210	False
yptar	3e-05	0.1	1	12210	False
yptar	3e-05	0.1	1	03210	True
yptar	3e-05	0.1	1	20310	True
yptar	3e-05	0.1	1	11310	False
yptar	3e-05	0.1	1	02310	False
yptar	3e-05	0.1	1	10410	False
yptar	3e-05	0.1	1	01410	True
yptar	3e-05	0.1	1	00510	False
yptar	3e-05	0.1	1	40020	True
yptar	3e-05	0.1	1	31020	True
yptar	3e-05	0.1	1	22020	False
yptar	3e-05	0.1	1	13020	False
yptar	3e-05	0.1	1	04020	True
yptar	3e-05	0.1	1	30120	False
yptar	3e-05	0.1	1	21120	False
yptar	3e-05	0.1	1	12120	True
yptar	3e-05	0.1	1	03120	False
yptar	3e-05	0.1	1	20220	True
yptar	3e-05	0.1	1	11220	False
yptar	3e-05	0.1	1	02220	False
yptar	3e-05	0.1	1	10320	True
yptar	3e-05	0.1	1	01320	True
yptar	3e-05	0.1	1	00420	True
yptar	3e-05	0.1	1	30030	False
yptar	3e-05	0.1	1	21030	True
yptar	3e-05	0.1	1	12030	True
yptar	3e-05	0.1	1	03030	True
yptar	3e-05	0.1	1	20130	False
yptar	3e-05	0.1	1	11130	False
yptar	3e-05	0.1	1	02130	False
yptar	3e-05	0.1	1	10230	True
yptar	3e-05	0.1	1	01230	True
yptar	3e-05	0.1	1	00330	True
yptar	3e-05	0.1	1	20040	False
yptar	3e-05	0.1	1	11040	False
yptar	3e-05	0.1	1	02040	True
yptar	3e-05	0.1	1	10140	False
yptar	3e-05	0.1	1	01140	False
yptar	3e-05	0.1	1	00240	False
yptar	3e-05	0.1	1	10050	False
yptar	3e-05	0.1	1	01050	True
yptar	3e-05	0.1	1	00150	False
yptar	3e-05	0.1	1	00060	True
yptar	0.0001	0.5	1	00000	True
yptar	0.0001	0.5	1	10000	True
yptar	0.0001	0.5	1	01000	True
yptar	0.0001	0.5	1	00100	True
yptar	0.0001	0.5	1	00010	True
yptar	0.0001	0.5	1	20000	True
yptar	0.0001	0.5	1	11000	True
yptar	0.0001	0.5	1	02000	True
yptar	0.0001	0.5	1	10100	True
yptar	0.0001	0.5	1	01100	True
yptar	0.0001	0.5	1	00200	True
yptar	0.0001	0.5	1	10010	True
yptar	0.0001	0.5	1	01010	True
yptar	0.0001	0.5	1	00110	True
yptar	0.0001	0.5	1	00020	True
yptar	0.0001	0.5	1	30000	True
yptar	0.0001	0.5	1	21000	True
yptar	0.0001	0.5	1	12000	False
yptar	0.0001	0.5	1	03000	True
yptar	0.0001	0.5	1	20100	True
yptar	0.0001	0.5	1	11100	True
yptar	0.0001	0.5	1	02100	True
yptar	0.0001	0.5	1	10200	True
yptar	0.0001	0.5	1	01200	False
yptar	0.0001	0.5	1	00300	True
yptar	0.0001	0.5	1	20010	True
yptar	0.0001	0.5	1	11010	True
yptar	0.0001	0.5	1	02010	True
yptar	0.0001	0.5	1	10110	False
yptar	0.0001	0.5	1	01110	True
yptar	0.0001	0.5	1	00210	True
yptar	0.0001	0.5	1	10020	True
yptar	0.0001	0.5	1	01020	True
yptar	0.0001	0.5	1	00120	True
yptar	0.0001	0.5	1	00030	True
yptar	0.0001	0.5	1	40000	False
yptar	0.0001	0.5	1	31000	False
yptar	0.0001	0.5	1	22000	False
yptar	0.0001	0.5	1	13000	False
yptar	0.0001	0.5	1	04000	True
yptar	0.0001	0.5	1	30100	True
yptar	0.0001	0.5	1	21100	True
yptar	0.0001	0.5	1	12100	False
yptar	0.0001	0.5	1	03100	True
yptar	0.0001	0.5	1	20200	True
yptar	0.0001	0.5	1	11200	False
yptar	0.0001	0.5	1	02200	False
yptar	0.0001	0.5	1	10300	False
yptar	0.0001	0.5	1	01300	False
yptar	0.0001	0.5	1	00400	False
yptar	0.0001	0.5	1	30010	True
yptar	0.0001	0.5	1	21010	False
yptar	0.0001	0.5	1	12010	False
yptar	0.0001	0.5	1	03010	False
yptar	0.0001	0.5	1	20110	False
yptar	0.0001	0.5	1	11110	False
yptar	0.0001	0.5	1	02110	True
yptar	0.0001	0.5	1	10210	False
yptar	0.0001	0.5	1	01210	True
yptar	0.0001	0.5	1	00310	False
yptar	0.0001	0.5	1	20020	False
yptar	0.0001	0.5	1	11020	False
yptar	0.0001	0.5	1	02020	True
yptar	0.0001	0.5	1	10120	False
yptar	0.0001	0.5	1	01120	False
yptar	0.0001	0.5	1	00220	True
yptar	0.0001	0.5	1	10030	True
yptar	0.0001	0.5	1	01030	False
yptar	0.0001	0.5	1	00130	False
yptar	0.0001	0.5	1	00040	False
yptar	0.0001	0.5	1	50000	False
yptar	0.0001	0.5	1	41000	False
yptar	0.0001	0.5	1	32000	False
yptar	0.0001	0.5	1	23000	False
yptar	0.0001	0.5	1	14000	False
yptar	0.0001	0.5	1	05000	False
yptar	0.0001	0.5	1	40100	True
yptar	0.0001	0.5	1	31100	False
yptar	0.0001	0.5	1	22100	False
yptar	0.0001	0.5	1	13100	False
yptar	0.0001	0.5	1	04100	True
yptar	0.0001	0.5	1	30200	True
yptar	0.0001	0.5	1	21200	False
yptar	0.0001	0.5	1	12200	False
yptar	0.0001	0.5	1	03200	False
yptar	0.0001	0.5	1	20300	False
yptar	0.0001	0.5	1	11300	False
yptar	0.0001	0.5	1	02300	True
yptar	0.0001	0.5	1	10400	False
yptar	0.0001	0.5	1	01400	True
yptar	0.0001	0.5	1	00500	True
yptar	0.0001	0.5	1	40010	True
yptar	0.0001	0.5	1	31010	False
yptar	0.0001	0.5	1	22010	False
yptar	0.0001	0.5	1	13010	False
yptar	0.0001	0.5	1	04010	False
yptar	0.0001	0.5	1	30110	False
yptar	0.0001	0.5	1	21110	False
yptar	0.0001	0.5	1	12110	False
yptar	0.0001	0.5	1	03110	False
yptar	0.0001	0.5	1	20210	False
yptar	0.0001	0.5	1	11210	False
yptar	0.0001	0.5	1	02210	False
yptar	0.0001	0.5	1	10310	False
yptar	0.0001	0.5	1	01310	True
yptar	0.0001	0.5	1	00410	False
yptar	0.0001	0.5	1	30020	False
yptar	0.0001	0.5	1	21020	False
yptar	0.0001	0.5	1	12020	False
yptar	0.0001	0.5	1	03020	False
yptar	0.0001	0.5	1	20120	False
yptar	0.0001	0.5	1	11120	False
yptar	0.0001	0.5	1	02120	False
yptar	0.0001	0.5	1	10220	False
yptar	0.0001	0.5	1	01220	False
yptar	0.0001	0.5	1	00320	False
yptar	0.0001	0.5	1	20030	False
yptar	0.0001	0.5	1	11030	False
yptar	0.0001	0.5	1	02030	True
yptar	0.0001	0.5	1	10130	False
yptar	0.0001	0.5	1	01130	False
yptar	0.0001	0.5	1	00230	False
yptar	0.0001	0.5	1	10040	False
yptar	0.0001	0.5	1	01040	False
yptar	0.0001	0.5	1	00140	True
yptar	0.0001	0.5	1	00050	False
yptar	0.0001	0.5	1	60000	True
yptar	0.0001	0.5	1	51000	False
yptar	0.0001	0.5	1	42000	False
yptar	0.0001	0.5	1	33000	True
yptar	0.0001	0.5	1	24000	False
yptar	0.0001	0.5	1	15000	False
yptar	0.0001	0.5	1	06000	False
yptar	0.0001	0.5	1	50100	True
yptar	0.0001	0.5	1	41100	False
yptar	0.0001	0.5	1	32100	False
yptar	0.0001	0.5	1	23100	False
yptar	0.0001	0.5	1	14100	False
yptar	0.0001	0.5	1	05100	True
yptar	0.0001	0.5	1	40200	True
yptar	0.0001	0.5	1	31200	False
yptar	0.0001	0.5	1	22200	False
yptar	0.0001	0.5	1	13200	False
yptar	0.0001	0.5	1	04200	False
yptar	0.0001	0.5	1	30300	False
yptar	0.0001	0.5	1	21300	False
yptar	0.0001	0.5	1	12300	False
yptar	0.0001	0.5	1	03300	True
yptar	0.0001	0.5	1	20400	True
yptar	0.0001	0.5	1	11400	False
yptar	0.0001	0.5	1	02400	True
yptar	0.0001	0.5	1	10500	True
yptar	0.0001	0.5	1	01500	False
yptar	0.0001	0.5	1	00600	False
yptar	0.0001	0.5	1	50010	False
yptar	0.0001	0.5	1	41010	False
yptar	0.0001	0.5	1	32010	False
yptar	0.0001	0.5	1	23010	True
yptar	0.0001	0.5	1	14010	False
yptar	0.0001	0.5	1	05010	False
yptar	0.0001	0.5	1	40110	False
yptar	0.0001	0.5	1	31110	False
yptar	0.0001	0.5	1	22110	False
yptar	0.0001	0.5	1	13110	False
yptar	0.0001	0.5	1	04110	False
yptar	0.0001	0.5	1	30210	True
yptar	0.0001	0.5	1	21210	True
yptar	0.0001	0.5	1	12210	False
yptar	0.0001	0.5	1	03210	False
yptar	0.0001	0.5	1	20310	False
yptar	0.0001	0.5	1	11310	False
yptar	0.0001	0.5	1	02310	False
yptar	0.0001	0.5	1	10410	False
yptar	0.0001	0.5	1	01410	False
yptar	0.0001	0.5	1	00510	True
yptar	0.0001	0.5	1	40020	False
yptar	0.0001	0.5	1	31020	True
yptar	0.0001	0.5	1	22020	False
yptar	0.0001	0.5	1	13020	False
yptar	0.0001	0.5	1	04020	True
yptar	0.0001	0.5	1	30120	False
yptar	0.0001	0.5	1	21120	False
yptar	0.0001	0.5	1	12120	False
yptar	0.0001	0.5	1	03120	False
yptar	0.0001	0.5	1	20220	False
yptar	0.0001	0.5	1	11220	False
yptar	0.0001	0.5	1	02220	False
yptar	0.0001	0.5	1	10320	False
yptar	0.0001	0.5	1	01320	False
yptar	0.0001	0.5	1	00420	True
yptar	0.0001	0.5	1	30030	False
yptar	0.0001	0.5	1	21030	False
yptar	0.0001	0.5	1	12030	False
yptar	0.0001	0.5	1	03030	True
yptar	0.0001	0.5	1	20130	False
yptar	0.0001	0.5	1	11130	False
yptar	0.0001	0.5	1	02130	False
yptar	0.0001	0.5	1	10230	False
yptar	0.0001	0.5	1	01230	True
yptar	0.0001	0.5	1	00330	True
yptar	0.0001	0.5	1	20040	True
yptar	0.0001	0.5	1	11040	False
yptar	0.0001	0.5	1	02040	True
yptar	0.0001	0.5	1	10140	False
yptar	0.0001	0.5	1	01140	False
yptar	0.0001	0.5	1	00240	False
yptar	0.0001	0.5	1	10050	False
yptar	0.0001	0.5	1	01050	False
yptar	0.0001	0.5	1	00150	False
yptar	0.0001	0.5	1	00060	True
yptar	3e-05	0.5	1	00000	True
yptar	3e-05	0.5	1	10000	True
yptar	3e-05	0.5	1	01000	True
yptar	3e-05	0.5	1	00100	True
yptar	3e-05	0.5	1	00010	True
yptar	3e-05	0.5	1	20000	True
yptar	3e-05	0.5	1	11000	False
yptar	3e-05	0.5	1	02000	True
yptar	3e-05	0.5	1	10100	True
yptar	3e-05	0.5	1	01100	True
yptar	3e-05	0.5	1	00200	True
yptar	3e-05	0.5	1	10010	True
yptar	3e-05	0.5	1	01010	True
yptar	3e-05	0.5	1	00110	True
yptar	3e-05	0.5	1	00020	True
yptar	3e-05	0.5	1	30000	True
yptar	3e-05	0.5	1	21000	False
yptar	3e-05	0.5	1	12000	True
yptar	3e-05	0.5	1	03000	True
yptar	3e-05	0.5	1	20100	True
yptar	3e-05	0.5	1	11100	True
yptar	3e-05	0.5	1	02100	False
yptar	3e-05	0.5	1	10200	True
yptar	3e-05	0.5	1	01200	True
yptar	3e-05	0.5	1	00300	True
yptar	3e-05	0.5	1	20010	True
yptar	3e-05	0.5	1	11010	True
yptar	3e-05	0.5	1	02010	True
yptar	3e-05	0.5	1	10110	False
yptar	3e-05	0.5	1	01110	True
yptar	3e-05	0.5	1	00210	True
yptar	3e-05	0.5	1	10020	True
yptar	3e-05	0.5	1	01020	True
yptar	3e-05	0.5	1	00120	True
yptar	3e-05	0.5	1	00030	True
yptar	3e-05	0.5	1	40000	False
yptar	3e-05	0.5	1	31000	False
yptar	3e-05	0.5	1	22000	False
yptar	3e-05	0.5	1	13000	False
yptar	3e-05	0.5	1	04000	True
yptar	3e-05	0.5	1	30100	False
yptar	3e-05	0.5	1	21100	True
yptar	3e-05	0.5	1	12100	False
yptar	3e-05	0.5	1	03100	True
yptar	3e-05	0.5	1	20200	True
yptar	3e-05	0.5	1	11200	False
yptar	3e-05	0.5	1	02200	False
yptar	3e-05	0.5	1	10300	False
yptar	3e-05	0.5	1	01300	False
yptar	3e-05	0.5	1	00400	True
yptar	3e-05	0.5	1	30010	True
yptar	3e-05	0.5	1	21010	True
yptar	3e-05	0.5	1	12010	True
yptar	3e-05	0.5	1	03010	True
yptar	3e-05	0.5	1	20110	False
yptar	3e-05	0.5	1	11110	False
yptar	3e-05	0.5	1	02110	True
yptar	3e-05	0.5	1	10210	False
yptar	3e-05	0.5	1	01210	True
yptar	3e-05	0.5	1	00310	False
yptar	3e-05	0.5	1	20020	False
yptar	3e-05	0.5	1	11020	False
yptar	3e-05	0.5	1	02020	True
yptar	3e-05	0.5	1	10120	True
yptar	3e-05	0.5	1	01120	False
yptar	3e-05	0.5	1	00220	True
yptar	3e-05	0.5	1	10030	True
yptar	3e-05	0.5	1	01030	False
yptar	3e-05	0.5	1	00130	False
yptar	3e-05	0.5	1	00040	False
yptar	3e-05	0.5	1	50000	True
yptar	3e-05	0.5	1	41000	False
yptar	3e-05	0.5	1	32000	False
yptar	3e-05	0.5	1	23000	False
yptar	3e-05	0.5	1	14000	False
yptar	3e-05	0.5	1	05000	True
yptar	3e-05	0.5	1	40100	True
yptar	3e-05	0.5	1	31100	False
yptar	3e-05	0.5	1	22100	False
yptar	3e-05	0.5	1	13100	False
yptar	3e-05	0.5	1	04100	True
yptar	3e-05	0.5	1	30200	True
yptar	3e-05	0.5	1	21200	False
yptar	3e-05	0.5	1	12200	False
yptar	3e-05	0.5	1	03200	False
yptar	3e-05	0.5	1	20300	False
yptar	3e-05	0.5	1	11300	False
yptar	3e-05	0.5	1	02300	True
yptar	3e-05	0.5	1	10400	False
yptar	3e-05	0.5	1	01400	True
yptar	3e-05	0.5	1	00500	True
yptar	3e-05	0.5	1	40010	True
yptar	3e-05	0.5	1	31010	False
yptar	3e-05	0.5	1	22010	True
yptar	3e-05	0.5	1	13010	True
yptar	3e-05	0.5	1	04010	False
yptar	3e-05	0.5	1	30110	False
yptar	3e-05	0.5	1	21110	False
yptar	3e-05	0.5	1	12110	False
yptar	3e-05	0.5	1	03110	True
yptar	3e-05	0.5	1	20210	False
yptar	3e-05	0.5	1	11210	False
yptar	3e-05	0.5	1	02210	False
yptar	3e-05	0.5	1	10310	False
yptar	3e-05	0.5	1	01310	True
yptar	3e-05	0.5	1	00410	False
yptar	3e-05	0.5	1	30020	True
yptar	3e-05	0.5	1	21020	False
yptar	3e-05	0.5	1	12020	False
yptar	3e-05	0.5	1	03020	False
yptar	3e-05	0.5	1	20120	False
yptar	3e-05	0.5	1	11120	False
yptar	3e-05	0.5	1	02120	False
yptar	3e-05	0.5	1	10220	False
yptar	3e-05	0.5	1	01220	False
yptar	3e-05	0.5	1	00320	True
yptar	3e-05	0.5	1	20030	False
yptar	3e-05	0.5	1	11030	False
yptar	3e-05	0.5	1	02030	True
yptar	3e-05	0.5	1	10130	False
yptar	3e-05	0.5	1	01130	False
yptar	3e-05	0.5	1	00230	False
yptar	3e-05	0.5	1	10040	True
yptar	3e-05	0.5	1	01040	False
yptar	3e-05	0.5	1	00140	True
yptar	3e-05	0.5	1	00050	False
yptar	3e-05	0.5	1	60000	True
yptar	3e-05	0.5	1	51000	False
yptar	3e-05	0.5	1	42000	False
yptar	3e-05	0.5	1	33000	True
yptar	3e-05	0.5	1	24000	True
yptar	3e-05	0.5	1	15000	False
yptar	3e-05	0.5	1	06000	False
yptar	3e-05	0.5	1	50100	True
yptar	3e-05	0.5	1	41100	False
yptar	3e-05	0.5	1	32100	False
yptar	3e-05	0.5	1	23100	False
yptar	3e-05	0.5	1	14100	False
yptar	3e-05	0.5	1	05100	True
yptar	3e-05	0.5	1	40200	True
yptar	3e-05	0.5	1	31200	False
yptar	3e-05	0.5	1	22200	False
yptar	3e-05	0.5	1	13200	False
yptar	3e-05	0.5	1	04200	True
yptar	3e-05	0.5	1	30300	True
yptar	3e-05	0.5	1	21300	False
yptar	3e-05	0.5	1	12300	False
yptar	3e-05	0.5	1	03300	False
yptar	3e-05	0.5	1	20400	False
yptar	3e-05	0.5	1	11400	False
yptar	3e-05	0.5	1	02400	True
yptar	3e-05	0.5	1	10500	True
yptar	3e-05	0.5	1	01500	True
yptar	3e-05	0.5	1	00600	False
yptar	3e-05	0.5	1	50010	True
yptar	3e-05	0.5	1	41010	False
yptar	3e-05	0.5	1	32010	False
yptar	3e-05	0.5	1	23010	True
yptar	3e-05	0.5	1	14010	False
yptar	3e-05	0.5	1	05010	True
yptar	3e-05	0.5	1	40110	False
yptar	3e-05	0.5	1	31110	False
yptar	3e-05	0.5	1	22110	True
yptar	3e-05	0.5	1	13110	False
yptar	3e-05	0.5	1	04110	False
yptar	3e-05	0.5	1	30210	True
yptar	3e-05	0.5	1	21210	False
yptar	3e-05	0.5	1	12210	False
yptar	3e-05	0.5	1	03210	True
yptar	3e-05	0.5	1	20310	True
yptar	3e-05	0.5	1	11310	False
yptar	3e-05	0.5	1	02310	False
yptar	3e-05	0.5	1	10410	False
yptar	3e-05	0.5	1	01410	False
yptar	3e-05	0.5	1	00510	False
yptar	3e-05	0.5	1	40020	True
yptar	3e-05	0.5	1	31020	True
yptar	3e-05	0.5	1	22020	False
yptar	3e-05	0.5	1	13020	False
yptar	3e-05	0.5	1	04020	True
yptar	3e-05	0.5	1	30120	False
yptar	3e-05	0.5	1	21120	False
yptar	3e-05	0.5	1	12120	False
yptar	3e-05	0.5	1	03120	False
yptar	3e-05	0.5	1	20220	True
yptar	3e-05	0.5	1	11220	False
yptar	3e-05	0.5	1	02220	False
yptar	3e-05	0.5	1	10320	False
yptar	3e-05	0.5	1	01320	False
yptar	3e-05	0.5	1	00420	True
yptar	3e-05	0.5	1	30030	False
yptar	3e-05	0.5	1	21030	False
yptar	3e-05	0.5	1	12030	False
yptar	3e-05	0.5	1	03030	True
yptar	3e-05	0.5	1	20130	False
yptar	3e-05	0.5	1	11130	False
yptar	3e-05	0.5	1	02130	False
yptar	3e-05	0.5	1	10230	True
yptar	3e-05	0.5	1	01230	True
yptar	3e-05	0.5	1	00330	True
yptar	3e-05	0.5	1	20040	True
yptar	3e-05	0.5	1	11040	False
yptar	3e-05	0.5	1	02040	True
yptar	3e-05	0.5	1	10140	False
yptar	3e-05	0.5	1	01140	False
yptar	3e-05	0.5	1	00240	False
yptar	3e-05	0.5	1	10050	False
yptar	3e-05	0.5	1	01050	False
yptar	3e-05	0.5	1	00150	False
yptar	3e-05	0.5	1	00060	True
xptar	0.0001	0.1	2	00000	True
xptar	0.0001	0.1	2	10000	True
xptar	0.0001	0.1	2	01000	True
xptar	0.0001	0.1	2	00100	True
xptar	0.0001	0.1	2	00010	True
xptar	0.0001	0.1	2	20000	True
xptar	0.0001	0.1	2	11000	True
xptar	0.0001	0.1	2	02000	True
xptar	0.0001	0.1	2	10100	True
xptar	0.0001	0.1	2	01100	True
xptar	0.0001	0.1	2	00200	True
xptar	0.0001	0.1	2	10010	True
xptar	0.0001	0.1	2	01010	True
xptar	0.0001	0.1	2	00110	True
xptar	0.0001	0.1	2	00020	True
xptar	0.0001	0.1	2	30000	True
xptar	0.0001	0.1	2	21000	True
xptar	0.0001	0.1	2	12000	True
xptar	0.0001	0.1	2	03000	True
xptar	0.0001	0.1	2	20100	True
xptar	0.0001	0.1	2	11100	True
xptar	0.0001	0.1	2	02100	True
xptar	0.0001	0.1	2	10200	True
xptar	0.0001	0.1	2	01200	True
xptar	0.0001	0.1	2	00300	True
xptar	0.0001	0.1	2	20010	True
xptar	0.0001	0.1	2	11010	True
xptar	0.0001	0.1	2	02010	True
xptar	0.0001	0.1	2	10110	True
xptar	0.0001	0.1	2	01110	False
xptar	0.0001	0.1	2	00210	False
xptar	0.0001	0.1	2	10020	True
xptar	0.0001	0.1	2	01020	True
xptar	0.0001	0.1	2	00120	True
xptar	0.0001	0.1	2	00030	True
xptar	0.0001	0.1	2	40000	True
xptar	0.0001	0.1	2	31000	True
xptar	0.0001	0.1	2	22000	True
xptar	0.0001	0.1	2	13000	True
xptar	0.0001	0.1	2	04000	True
xptar	0.0001	0.1	2	30100	True
xptar	0.0001	0.1	2	21100	False
xptar	0.0001	0.1	2	12100	False
xptar	0.0001	0.1	2	03100	True
xptar	0.0001	0.1	2	20200	True
xptar	0.0001	0.1	2	11200	True
xptar	0.0001	0.1	2	02200	True
xptar	0.0001	0.1	2	10300	True
xptar	0.0001	0.1	2	01300	True
xptar	0.0001	0.1	2	00400	False
xptar	0.0001	0.1	2	30010	True
xptar	0.0001	0.1	2	21010	True
xptar	0.0001	0.1	2	12010	True
xptar	0.0001	0.1	2	03010	True
xptar	0.0001	0.1	2	20110	False
xptar	0.0001	0.1	2	11110	True
xptar	0.0001	0.1	2	02110	True
xptar	0.0001	0.1	2	10210	False
xptar	0.0001	0.1	2	01210	True
xptar	0.0001	0.1	2	00310	False
xptar	0.0001	0.1	2	20020	False
xptar	0.0001	0.1	2	11020	False
xptar	0.0001	0.1	2	02020	True
xptar	0.0001	0.1	2	10120	True
xptar	0.0001	0.1	2	01120	True
xptar	0.0001	0.1	2	00220	True
xptar	0.0001	0.1	2	10030	False
xptar	0.0001	0.1	2	01030	True
xptar	0.0001	0.1	2	00130	False
xptar	0.0001	0.1	2	00040	True
xptar	0.0001	0.1	2	50000	True
xptar	0.0001	0.1	2	41000	True
xptar	0.0001	0.1	2	32000	True
xptar	0.0001	0.1	2	23000	True
xptar	0.0001	0.1	2	14000	True
xptar	0.0001	0.1	2	05000	True
xptar	0.0001	0.1	2	40100	False
xptar	0.0001	0.1	2	31100	False
xptar	0.0001	0.1	2	22100	True
xptar	0.0001	0.1	2	13100	True
xptar	0.0001	0.1	2	04100	True
xptar	0.0001	0.1	2	30200	True
xptar	0.0001	0.1	2	21200	True
xptar	0.0001	0.1	2	12200	False
xptar	0.0001	0.1	2	03200	True
xptar	0.0001	0.1	2	20300	True
xptar	0.0001	0.1	2	11300	True
xptar	0.0001	0.1	2	02300	True
xptar	0.0001	0.1	2	10400	True
xptar	0.0001	0.1	2	01400	True
xptar	0.0001	0.1	2	00500	True
xptar	0.0001	0.1	2	40010	True
xptar	0.0001	0.1	2	31010	True
xptar	0.0001	0.1	2	22010	True
xptar	0.0001	0.1	2	13010	False
xptar	0.0001	0.1	2	04010	True
xptar	0.0001	0.1	2	30110	False
xptar	0.0001	0.1	2	21110	True
xptar	0.0001	0.1	2	12110	False
xptar	0.0001	0.1	2	03110	True
xptar	0.0001	0.1	2	20210	True
xptar	0.0001	0.1	2	11210	True
xptar	0.0001	0.1	2	02210	True
xptar	0.0001	0.1	2	10310	False
xptar	0.0001	0.1	2	01310	False
xptar	0.0001	0.1	2	00410	False
xptar	0.0001	0.1	2	30020	True
xptar	0.0001	0.1	2	21020	False
xptar	0.0001	0.1	2	12020	False
xptar	0.0001	0.1	2	03020	False
xptar	0.0001	0.1	2	20120	True
xptar	0.0001	0.1	2	11120	False
xptar	0.0001	0.1	2	02120	False
xptar	0.0001	0.1	2	10220	False
xptar	0.0001	0.1	2	01220	False
xptar	0.0001	0.1	2	00320	False
xptar	0.0001	0.1	2	20030	True
xptar	0.0001	0.1	2	11030	True
xptar	0.0001	0.1	2	02030	False
xptar	0.0001	0.1	2	10130	False
xptar	0.0001	0.1	2	01130	False
xptar	0.0001	0.1	2	00230	True
xptar	0.0001	0.1	2	10040	False
xptar	0.0001	0.1	2	01040	True
xptar	0.0001	0.1	2	00140	False
xptar	0.0001	0.1	2	00050	True
xptar	0.0001	0.1	2	60000	True
xptar	0.0001	0.1	2	51000	True
xptar	0.0001	0.1	2	42000	True
xptar	0.0001	0.1	2	33000	True
xptar	0.0001	0.1	2	24000	True
xptar	0.0001	0.1	2	15000	True
xptar	0.0001	0.1	2	06000	True
xptar	0.0001	0.1	2	50100	True
xptar	0.0001	0.1	2	41100	True
xptar	0.0001	0.1	2	32100	True
xptar	0.0001	0.1	2	23100	False
xptar	0.0001	0.1	2	14100	False
xptar	0.0001	0.1	2	05100	True
xptar	0.0001	0.1	2	40200	True
xptar	0.0001	0.1	2	31200	True
xptar	0.0001	0.1	2	22200	False
xptar	0.0001	0.1	2	13200	True
xptar	0.0001	0.1	2	04200	True
xptar	0.0001	0.1	2	30300	False
xptar	0.0001	0.1	2	21300	True
xptar	0.0001	0.1	2	12300	False
xptar	0.0001	0.1	2	03300	False
xptar	0.0001	0.1	2	20400	True
xptar	0.0001	0.1	2	11400	False
xptar	0.0001	0.1	2	02400	False
xptar	0.0001	0.1	2	10500	False
xptar	0.0001	0.1	2	01500	False
xptar	0.0001	0.1	2	00600	True
xptar	0.0001	0.1	2	50010	False
xptar	0.0001	0.1	2	41010	True
xptar	0.0001	0.1	2	32010	True
xptar	0.0001	0.1	2	23010	False
xptar	0.0001	0.1	2	14010	True
xptar	0.0001	0.1	2	05010	True
xptar	0.0001	0.1	2	40110	True
xptar	0.0001	0.1	2	31110	True
xptar	0.0001	0.1	2	22110	True
xptar	0.0001	0.1	2	13110	False
xptar	0.0001	0.1	2	04110	False
xptar	0.0001	0.1	2	30210	False
xptar	0.0001	0.1	2	21210	False
xptar	0.0001	0.1	2	12210	False
xptar	0.0001	0.1	2	03210	True
xptar	0.0001	0.1	2	20310	False
xptar	0.0001	0.1	2	11310	True
xptar	0.0001	0.1	2	02310	False
xptar	0.0001	0.1	2	10410	False
xptar	0.0001	0.1	2	01410	False
xptar	0.0001	0.1	2	00510	False
xptar	0.0001	0.1	2	40020	True
xptar	0.0001	0.1	2	31020	True
xptar	0.0001	0.1	2	22020	False
xptar	0.0001	0.1	2	13020	False
xptar	0.0001	0.1	2	04020	True
xptar	0.0001	0.1	2	30120	True
xptar	0.0001	0.1	2	21120	False
xptar	0.0001	0.1	2	12120	False
xptar	0.0001	0.1	2	03120	False
xptar	0.0001	0.1	2	20220	False
xptar	0.0001	0.1	2	11220	False
xptar	0.0001	0.1	2	02220	False
xptar	0.0001	0.1	2	10320	False
xptar	0.0001	0.1	2	01320	True
xptar	0.0001	0.1	2	00420	False
xptar	0.0001	0.1	2	30030	False
xptar	0.0001	0.1	2	21030	True
xptar	0.0001	0.1	2	12030	False
xptar	0.0001	0.1	2	03030	True
xptar	0.0001	0.1	2	20130	False
xptar	0.0001	0.1	2	11130	False
xptar	0.0001	0.1	2	02130	False
xptar	0.0001	0.1	2	10230	False
xptar	0.0001	0.1	2	01230	False
xptar	0.0001	0.1	2	00330	False
xptar	0.0001	0.1	2	20040	False
xptar	0.0001	0.1	2	11040	False
xptar	0.0001	0.1	2	02040	False
xptar	0.0001	0.1	2	10140	False
xptar	0.0001	0.1	2	01140	False
xptar	0.0001	0.1	2	00240	False
xptar	0.0001	0.1	2	10050	True
xptar	0.0001	0.1	2	01050	True
xptar	0.0001	0.1	2	00150	False
xptar	0.0001	0.1	2	00060	False
xptar	3e-05	0.1	2	00000	True
xptar	3e-05	0.1	2	10000	True
xptar	3e-05	0.1	2	01000	True
xptar	3e-05	0.1	2	00100	True
xptar	3e-05	0.1	2	00010	True
xptar	3e-05	0.1	2	20000	True
xptar	3e-05	0.1	2	11000	True
xptar	3e-05	0.1	2	02000	True
xptar	3e-05	0.1	2	10100	True
xptar	3e-05	0.1	2	01100	True
xptar	3e-05	0.1	2	00200	True
xptar	3e-05	0.1	2	10010	True
xptar	3e-05	0.1	2	01010	True
xptar	3e-05	0.1	2	00110	True
xptar	3e-05	0.1	2	00020	True
xptar	3e-05	0.1	2	30000	True
xptar	3e-05	0.1	2	21000	True
xptar	3e-05	0.1	2	12000	True
xptar	3e-05	0.1	2	03000	True
xptar	3e-05	0.1	2	20100	True
xptar	3e-05	0.1	2	11100	True
xptar	3e-05	0.1	2	02100	True
xptar	3e-05	0.1	2	10200	True
xptar	3e-05	0.1	2	01200	True
xptar	3e-05	0.1	2	00300	True
xptar	3e-05	0.1	2	20010	True
xptar	3e-05	0.1	2	11010	True
xptar	3e-05	0.1	2	02010	True
xptar	3e-05	0.1	2	10110	True
xptar	3e-05	0.1	2	01110	True
xptar	3e-05	0.1	2	00210	True
xptar	3e-05	0.1	2	10020	True
xptar	3e-05	0.1	2	01020	True
xptar	3e-05	0.1	2	00120	True
xptar	3e-05	0.1	2	00030	True
xptar	3e-05	0.1	2	40000	True
xptar	3e-05	0.1	2	31000	True
xptar	3e-05	0.1	2	22000	True
xptar	3e-05	0.1	2	13000	True
xptar	3e-05	0.1	2	04000	True
xptar	3e-05	0.1	2	30100	True
xptar	3e-05	0.1	2	21100	True
xptar	3e-05	0.1	2	12100	True
xptar	3e-05	0.1	2	03100	True
xptar	3e-05	0.1	2	20200	True
xptar	3e-05	0.1	2	11200	True
xptar	3e-05	0.1	2	02200	True
xptar	3e-05	0.1	2	10300	True
xptar	3e-05	0.1	2	01300	True
xptar	3e-05	0.1	2	00400	False
xptar	3e-05	0.1	2	30010	True
xptar	3e-05	0.1	2	21010	True
xptar	3e-05	0.1	2	12010	True
xptar	3e-05	0.1	2	03010	True
xptar	3e-05	0.1	2	20110	True
xptar	3e-05	0.1	2	11110	True
xptar	3e-05	0.1	2	02110	True
xptar	3e-05	0.1	2	10210	False
xptar	3e-05	0.1	2	01210	True
xptar	3e-05	0.1	2	00310	True
xptar	3e-05	0.1	2	20020	True
xptar	3e-05	0.1	2	11020	True
xptar	3e-05	0.1	2	02020	True
xptar	3e-05	0.1	2	10120	True
xptar	3e-05	0.1	2	01120	False
xptar	3e-05	0.1	2	00220	False
xptar	3e-05	0.1	2	10030	False
xptar	3e-05	0.1	2	01030	True
xptar	3e-05	0.1	2	00130	False
xptar	3e-05	0.1	2	00040	False
xptar	3e-05	0.1	2	50000	True
xptar	3e-05	0.1	2	41000	True
xptar	3e-05	0.1	2	32000	True
xptar	3e-05	0.1	2	23000	True
xptar	3e-05	0.1	2	14000	True
xptar	3e-05	0.1	2	05000	True
xptar	3e-05	0.1	2	40100	True
xptar	3e-05	0.1	2	31100	True
xptar	3e-05	0.1	2	22100	True
xptar	3e-05	0.1	2	13100	True
xptar	3e-05	0.1	2	04100	True
xptar	3e-05	0.1	2	30200	True
xptar	3e-05	0.1	2	21200	True
xptar	3e-05	0.1	2	12200	True
xptar	3e-05	0.1	2	03200	True
xptar	3e-05	0.1	2	20300	True
xptar	3e-05	0.1	2	11300	True
xptar	3e-05	0.1	2	02300	True
xptar	3e-05	0.1	2	10400	True
xptar	3e-05	0.1	2	01400	True
xptar	3e-05	0.1	2	00500	True
xptar	3e-05	0.1	2	40010	True
xptar	3e-05	0.1	2	31010	True
xptar	3e-05	0.1	2	22010	True
xptar	3e-05	0.1	2	13010	True
xptar	3e-05	0.1	2	04010	True
xptar	3e-05	0.1	2	30110	False
xptar	3e-05	0.1	2	21110	True
xptar	3e-05	0.1	2	12110	True
xptar	3e-05	0.1	2	03110	True
xptar	3e-05	0.1	2	20210	True
xptar	3e-05	0.1	2	11210	True
xptar	3e-05	0.1	2	02210	False
xptar	3e-05	0.1	2	10310	False
xptar	3e-05	0.1	2	01310	False
xptar	3e-05	0.1	2	00410	False
xptar	3e-05	0.1	2	30020	True
xptar	3e-05	0.1	2	21020	False
xptar	3e-05	0.1	2	12020	True
xptar	3e-05	0.1	2	03020	True
xptar	3e-05	0.1	2	20120	True
xptar	3e-05	0.1	2	11120	False
xptar	3e-05	0.1	2	02120	False
xptar	3e-05	0.1	2	10220	True
xptar	3e-05	0.1	2	01220	False
xptar	3e-05	0.1	2	00320	False
xptar	3e-05	0.1	2	20030	True
xptar	3e-05	0.1	2	11030	True
xptar	3e-05	0.1	2	02030	False
xptar	3e-05	0.1	2	10130	False
xptar	3e-05	0.1	2	01130	True
xptar	3e-05	0.1	2	00230	True
xptar	3e-05	0.1	2	10040	True
xptar	3e-05	0.1	2	01040	False
xptar	3e-05	0.1	2	00140	False
xptar	3e-05	0.1	2	00050	False
xptar	3e-05	0.1	2	60000	True
xptar	3e-05	0.1	2	51000	True
xptar	3e-05	0.1	2	42000	True
xptar	3e-05	0.1	2	33000	True
xptar	3e-05	0.1	2	24000	True
xptar	3e-05	0.1	2	15000	True
xptar	3e-05	0.1	2	06000	True
xptar	3e-05	0.1	2	50100	True
xptar	3e-05	0.1	2	41100	True
xptar	3e-05	0.1	2	32100	True
xptar	3e-05	0.1	2	23100	True
xptar	3e-05	0.1	2	14100	False
xptar	3e-05	0.1	2	05100	True
xptar	3e-05	0.1	2	40200	True
xptar	3e-05	0.1	2	31200	True
xptar	3e-05	0.1	2	22200	False
xptar	3e-05	0.1	2	13200	True
xptar	3e-05	0.1	2	04200	True
xptar	3e-05	0.1	2	30300	False
xptar	3e-05	0.1	2	21300	True
xptar	3e-05	0.1	2	12300	True
xptar	3e-05	0.1	2	03300	False
xptar	3e-05	0.1	2	20400	False
xptar	3e-05	0.1	2	11400	True
xptar	3e-05	0.1	2	02400	False
xptar	3e-05	0.1	2	10500	True
xptar	3e-05	0.1	2	01500	False
xptar	3e-05	0.1	2	00600	True
xptar	3e-05	0.1	2	50010	True
xptar	3e-05	0.1	2	41010	True
xptar	3e-05	0.1	2	32010	True
xptar	3e-05	0.1	2	23010	False
xptar	3e-05	0.1	2	14010	True
xptar	3e-05	0.1	2	05010	True
xptar	3e-05	0.1	2	40110	True
xptar	3e-05	0.1	2	31110	True
xptar	3e-05	0.1	2	22110	False
xptar	3e-05	0.1	2	13110	True
xptar	3e-05	0.1	2	04110	True
xptar	3e-05	0.1	2	30210	False
xptar	3e-05	0.1	2	21210	False
xptar	3e-05	0.1	2	12210	False
xptar	3e-05	0.1	2	03210	True
xptar	3e-05	0.1	2	20310	False
xptar	3e-05	0.1	2	11310	True
xptar	3e-05	0.1	2	02310	False
xptar	3e-05	0.1	2	10410	False
xptar	3e-05	0.1	2	01410	False
xptar	3e-05	0.1	2	00510	False
xptar	3e-05	0.1	2	40020	True
xptar	3e-05	0.1	2	31020	False
xptar	3e-05	0.1	2	22020	False
xptar	3e-05	0.1	2	13020	True
xptar	3e-05	0.1	2	04020	True
xptar	3e-05	0.1	2	30120	True
xptar	3e-05	0.1	2	21120	True
xptar	3e-05	0.1	2	12120	True
xptar	3e-05	0.1	2	03120	True
xptar	3e-05	0.1	2	20220	False
xptar	3e-05	0.1	2	11220	False
xptar	3e-05	0.1	2	02220	True
xptar	3e-05	0.1	2	10320	False
xptar	3e-05	0.1	2	01320	False
xptar	3e-05	0.1	2	00420	False
xptar	3e-05	0.1	2	30030	True
xptar	3e-05	0.1	2	21030	True
xptar	3e-05	0.1	2	12030	False
xptar	3e-05	0.1	2	03030	True
xptar	3e-05	0.1	2	20130	False
xptar	3e-05	0.1	2	11130	False
xptar	3e-05	0.1	2	02130	False
xptar	3e-05	0.1	2	10230	False
xptar	3e-05	0.1	2	01230	False
xptar	3e-05	0.1	2	00330	False
xptar	3e-05	0.1	2	20040	True
xptar	3e-05	0.1	2	11040	True
xptar	3e-05	0.1	2	02040	True
xptar	3e-05	0.1	2	10140	False
xptar	3e-05	0.1	2	01140	False
xptar	3e-05	0.1	2	00240	True
xptar	3e-05	0.1	2	10050	True
xptar	3e-05	0.1	2	01050	True
xptar	3e-05	0.1	2	00150	False
xptar	3e-05	0.1	2	00060	False
xptar	0.0001	0.5	2	00000	True
xptar	0.0001	0.5	2	10000	True
xptar	0.0001	0.5	2	01000	True
xptar	0.0001	0.5	2	00100	True
xptar	0.0001	0.5	2	00010	True
xptar	0.0001	0.5	2	20000	True
xptar	0.0001	0.5	2	11000	True
xptar	0.0001	0.5	2	02000	True
xptar	0.0001	0.5	2	10100	True
xptar	0.0001	0.5	2	01100	True
xptar	0.0001	0.5	2	00200	True
xptar	0.0001	0.5	2	10010	True
xptar	0.0001	0.5	2	01010	True
xptar	0.0001	0.5	2	00110	False
xptar	0.0001	0.5	2	00020	False
xptar	0.0001	0.5	2	30000	True
xptar	0.0001	0.5	2	21000	True
xptar	0.0001	0.5	2	12000	False
xptar	0.0001	0.5	2	03000	True
xptar	0.0001	0.5	2	20100	True
xptar	0.0001	0.5	2	11100	True
xptar	0.0001	0.5	2	02100	True
xptar	0.0001	0.5	2	10200	True
xptar	0.0001	0.5	2	01200	True
xptar	0.0001	0.5	2	00300	True
xptar	0.0001	0.5	2	20010	True
xptar	0.0001	0.5	2	11010	True
xptar	0.0001	0.5	2	02010	True
xptar	0.0001	0.5	2	10110	False
xptar	0.0001	0.5	2	01110	True
xptar	0.0001	0.5	2	00210	False
xptar	0.0001	0.5	2	10020	False
xptar	0.0001	0.5	2	01020	True
xptar	0.0001	0.5	2	00120	False
xptar	0.0001	0.5	2	00030	False
xptar	0.0001	0.5	2	40000	True
xptar	0.0001	0.5	2	31000	True
xptar	0.0001	0.5	2	22000	False
xptar	0.0001	0.5	2	13000	False
xptar	0.0001	0.5	2	04000	True
xptar	0.0001	0.5	2	30100	True
xptar	0.0001	0.5	2	21100	False
xptar	0.0001	0.5	2	12100	False
xptar	0.0001	0.5	2	03100	True
xptar	0.0001	0.5	2	20200	True
xptar	0.0001	0.5	2	11200	True
xptar	0.0001	0.5	2	02200	False
xptar	0.0001	0.5	2	10300	True
xptar	0.0001	0.5	2	01300	False
xptar	0.0001	0.5	2	00400	False
xptar	0.0001	0.5	2	30010	True
xptar	0.0001	0.5	2	21010	False
xptar	0.0001	0.5	2	12010	True
xptar	0.0001	0.5	2	03010	False
xptar	0.0001	0.5	2	20110	False
xptar	0.0001	0.5	2	11110	True
xptar	0.0001	0.5	2	02110	False
xptar	0.0001	0.5	2	10210	False
xptar	0.0001	0.5	2	01210	True
xptar	0.0001	0.5	2	00310	False
xptar	0.0001	0.5	2	20020	False
xptar	0.0001	0.5	2	11020	False
xptar	0.0001	0.5	2	02020	True
xptar	0.0001	0.5	2	10120	True
xptar	0.0001	0.5	2	01120	False
xptar	0.0001	0.5	2	00220	False
xptar	0.0001	0.5	2	10030	False
xptar	0.0001	0.5	2	01030	False
xptar	0.0001	0.5	2	00130	False
xptar	0.0001	0.5	2	00040	False
xptar	0.0001	0.5	2	50000	True
xptar	0.0001	0.5	2	41000	True
xptar	0.0001	0.5	2	32000	False
xptar	0.0001	0.5	2	23000	False
xptar	0.0001	0.5	2	14000	True
xptar	0.0001	0.5	2	05000	True
xptar	0.0001	0.5	2	40100	False
xptar	0.0001	0.5	2	31100	False
xptar	0.0001	0.5	2	22100	False
xptar	0.0001	0.5	2	13100	False
xptar	0.0001	0.5	2	04100	False
xptar	0.0001	0.5	2	30200	True
xptar	0.0001	0.5	2	21200	True
xptar	0.0001	0.5	2	12200	False
xptar	0.0001	0.5	2	03200	True
xptar	0.0001	0.5	2	20300	False
xptar	0.0001	0.5	2	11300	True
xptar	0.0001	0.5	2	02300	False
xptar	0.0001	0.5	2	10400	True
xptar	0.0001	0.5	2	01400	True
xptar	0.0001	0.5	2	00500	True
xptar	0.0001	0.5	2	40010	False
xptar	0.0001	0.5	2	31010	False
xptar	0.0001	0.5	2	22010	True
xptar	0.0001	0.5	2	13010	False
xptar	0.0001	0.5	2	04010	False
xptar	0.0001	0.5	2	30110	False
xptar	0.0001	0.5	2	21110	True
xptar	0.0001	0.5	2	12110	False
xptar	0.0001	0.5	2	03110	True
xptar	0.0001	0.5	2	20210	False
xptar	0.0001	0.5	2	11210	True
xptar	0.0001	0.5	2	02210	True
xptar	0.0001	0.5	2	10310	False
xptar	0.0001	0.5	2	01310	True
xptar	0.0001	0.5	2	00410	False
xptar	0.0001	0.5	2	30020	True
xptar	0.0001	0.5	2	21020	False
xptar	0.0001	0.5	2	12020	False
xptar	0.0001	0.5	2	03020	False
xptar	0.0001	0.5	2	20120	False
xptar	0.0001	0.5	2	11120	False
xptar	0.0001	0.5	2	02120	False
xptar	0.0001	0.5	2	10220	False
xptar	0.0001	0.5	2	01220	False
xptar	0.0001	0.5	2	00320	False
xptar	0.0001	0.5	2	20030	False
xptar	0.0001	0.5	2	11030	False
xptar	0.0001	0.5	2	02030	True
xptar	0.0001	0.5	2	10130	False
xptar	0.0001	0.5	2	01130	False
xptar	0.0001	0.5	2	00230	False
xptar	0.0001	0.5	2	10040	False
xptar	0.0001	0.5	2	01040	False
xptar	0.0001	0.5	2	00140	True
xptar	0.0001	0.5	2	00050	False
xptar	0.0001	0.5	2	60000	False
xptar	0.0001	0.5	2	51000	True
xptar	0.0001	0.5	2	42000	False
xptar	0.0001	0.5	2	33000	False
xptar	0.0001	0.5	2	24000	False
xptar	0.0001	0.5	2	15000	True
xptar	0.0001	0.5	2	06000	False
xptar	0.0001	0.5	2	50100	False
xptar	0.0001	0.5	2	41100	False
xptar	0.0001	0.5	2	32100	False
xptar	0.0001	0.5	2	23100	False
xptar	0.0001	0.5	2	14100	True
xptar	0.0001	0.5	2	05100	False
xptar	0.0001	0.5	2	40200	True
xptar	0.0001	0.5	2	31200	True
xptar	0.0001	0.5	2	22200	False
xptar	0.0001	0.5	2	13200	False
xptar	0.0001	0.5	2	04200	True
xptar	0.0001	0.5	2	30300	False
xptar	0.0001	0.5	2	21300	False
xptar	0.0001	0.5	2	12300	False
xptar	0.0001	0.5	2	03300	False
xptar	0.0001	0.5	2	20400	True
xptar	0.0001	0.5	2	11400	True
xptar	0.0001	0.5	2	02400	False
xptar	0.0001	0.5	2	10500	False
xptar	0.0001	0.5	2	01500	False
xptar	0.0001	0.5	2	00600	False
xptar	0.0001	0.5	2	50010	False
xptar	0.0001	0.5	2	41010	False
xptar	0.0001	0.5	2	32010	True
xptar	0.0001	0.5	2	23010	False
xptar	0.0001	0.5	2	14010	False
xptar	0.0001	0.5	2	05010	True
xptar	0.0001	0.5	2	40110	False
xptar	0.0001	0.5	2	31110	True
xptar	0.0001	0.5	2	22110	True
xptar	0.0001	0.5	2	13110	False
xptar	0.0001	0.5	2	04110	False
xptar	0.0001	0.5	2	30210	False
xptar	0.0001	0.5	2	21210	False
xptar	0.0001	0.5	2	12210	False
xptar	0.0001	0.5	2	03210	False
xptar	0.0001	0.5	2	20310	False
xptar	0.0001	0.5	2	11310	False
xptar	0.0001	0.5	2	02310	False
xptar	0.0001	0.5	2	10410	False
xptar	0.0001	0.5	2	01410	False
xptar	0.0001	0.5	2	00510	False
xptar	0.0001	0.5	2	40020	True
xptar	0.0001	0.5	2	31020	False
xptar	0.0001	0.5	2	22020	False
xptar	0.0001	0.5	2	13020	False
xptar	0.0001	0.5	2	04020	False
xptar	0.0001	0.5	2	30120	False
xptar	0.0001	0.5	2	21120	False
xptar	0.0001	0.5	2	12120	False
xptar	0.0001	0.5	2	03120	False
xptar	0.0001	0.5	2	20220	False
xptar	0.0001	0.5	2	11220	False
xptar	0.0001	0.5	2	02220	False
xptar	0.0001	0.5	2	10320	False
xptar	0.0001	0.5	2	01320	True
xptar	0.0001	0.5	2	00420	False
xptar	0.0001	0.5	2	30030	False
xptar	0.0001	0.5	2	21030	False
xptar	0.0001	0.5	2	12030	True
xptar	0.0001	0.5	2	03030	False
xptar	0.0001	0.5	2	20130	False
xptar	0.0001	0.5	2	11130	False
xptar	0.0001	0.5	2	02130	False
xptar	0.0001	0.5	2	10230	False
xptar	0.0001	0.5	2	01230	False
xptar	0.0001	0.5	2	00330	False
xptar	0.0001	0.5	2	20040	True
xptar	0.0001	0.5	2	11040	False
xptar	0.0001	0.5	2	02040	False
xptar	0.0001	0.5	2	10140	False
xptar	0.0001	0.5	2	01140	False
xptar	0.0001	0.5	2	00240	False
xptar	0.0001	0.5	2	10050	False
xptar	0.0001	0.5	2	01050	False
xptar	0.0001	0.5	2	00150	False
xptar	0.0001	0.5	2	00060	False
xptar	3e-05	0.5	2	00000	True
xptar	3e-05	0.5	2	10000	True
xptar	3e-05	0.5	2	01000	True
xptar	3e-05	0.5	2	00100	True
xptar	3e-05	0.5	2	00010	True
xptar	3e-05	0.5	2	20000	True
xptar	3e-05	0.5	2	11000	True
xptar	3e-05	0.5	2	02000	True
xptar	3e-05	0.5	2	10100	True
xptar	3e-05	0.5	2	01100	True
xptar	3e-05	0.5	2	00200	True
xptar	3e-05	0.5	2	10010	True
xptar	3e-05	0.5	2	01010	True
xptar	3e-05	0.5	2	00110	False
xptar	3e-05	0.5	2	00020	False
xptar	3e-05	0.5	2	30000	True
xptar	3e-05	0.5	2	21000	True
xptar	3e-05	0.5	2	12000	True
xptar	3e-05	0.5	2	03000	False
xptar	3e-05	0.5	2	20100	True
xptar	3e-05	0.5	2	11100	True
xptar	3e-05	0.5	2	02100	True
xptar	3e-05	0.5	2	10200	True
xptar	3e-05	0.5	2	01200	False
xptar	3e-05	0.5	2	00300	True
xptar	3e-05	0.5	2	20010	True
xptar	3e-05	0.5	2	11010	True
xptar	3e-05	0.5	2	02010	True
xptar	3e-05	0.5	2	10110	True
xptar	3e-05	0.5	2	01110	False
xptar	3e-05	0.5	2	00210	True
xptar	3e-05	0.5	2	10020	True
xptar	3e-05	0.5	2	01020	True
xptar	3e-05	0.5	2	00120	False
xptar	3e-05	0.5	2	00030	False
xptar	3e-05	0.5	2	40000	True
xptar	3e-05	0.5	2	31000	True
xptar	3e-05	0.5	2	22000	False
xptar	3e-05	0.5	2	13000	True
xptar	3e-05	0.5	2	04000	False
xptar	3e-05	0.5	2	30100	True
xptar	3e-05	0.5	2	21100	True
xptar	3e-05	0.5	2	12100	True
xptar	3e-05	0.5	2	03100	True
xptar	3e-05	0.5	2	20200	False
xptar	3e-05	0.5	2	11200	False
xptar	3e-05	0.5	2	02200	False
xptar	3e-05	0.5	2	10300	True
xptar	3e-05	0.5	2	01300	False
xptar	3e-05	0.5	2	00400	False
xptar	3e-05	0.5	2	30010	True
xptar	3e-05	0.5	2	21010	True
xptar	3e-05	0.5	2	12010	True
xptar	3e-05	0.5	2	03010	False
xptar	3e-05	0.5	2	20110	False
xptar	3e-05	0.5	2	11110	True
xptar	3e-05	0.5	2	02110	False
xptar	3e-05	0.5	2	10210	False
xptar	3e-05	0.5	2	01210	True
xptar	3e-05	0.5	2	00310	False
xptar	3e-05	0.5	2	20020	False
xptar	3e-05	0.5	2	11020	False
xptar	3e-05	0.5	2	02020	True
xptar	3e-05	0.5	2	10120	True
xptar	3e-05	0.5	2	01120	False
xptar	3e-05	0.5	2	00220	True
xptar	3e-05	0.5	2	10030	False
xptar	3e-05	0.5	2	01030	True
xptar	3e-05	0.5	2	00130	False
xptar	3e-05	0.5	2	00040	True
xptar	3e-05	0.5	2	50000	True
xptar	3e-05	0.5	2	41000	True
xptar	3e-05	0.5	2	32000	False
xptar	3e-05	0.5	2	23000	True
xptar	3e-05	0.5	2	14000	True
xptar	3e-05	0.5	2	05000	True
xptar	3e-05	0.5	2	40100	False
xptar	3e-05	0.5	2	31100	False
xptar	3e-05	0.5	2	22100	True
xptar	3e-05	0.5	2	13100	False
xptar	3e-05	0.5	2	04100	True
xptar	3e-05	0.5	2	30200	True
xptar	3e-05	0.5	2	21200	True
xptar	3e-05	0.5	2	12200	False
xptar	3e-05	0.5	2	03200	True
xptar	3e-05	0.5	2	20300	False
xptar	3e-05	0.5	2	11300	False
xptar	3e-05	0.5	2	02300	True
xptar	3e-05	0.5	2	10400	True
xptar	3e-05	0.5	2	01400	True
xptar	3e-05	0.5	2	00500	True
xptar	3e-05	0.5	2	40010	False
xptar	3e-05	0.5	2	31010	True
xptar	3e-05	0.5	2	22010	True
xptar	3e-05	0.5	2	13010	False
xptar	3e-05	0.5	2	04010	True
xptar	3e-05	0.5	2	30110	False
xptar	3e-05	0.5	2	21110	True
xptar	3e-05	0.5	2	12110	False
xptar	3e-05	0.5	2	03110	True
xptar	3e-05	0.5	2	20210	False
xptar	3e-05	0.5	2	11210	True
xptar	3e-05	0.5	2	02210	True
xptar	3e-05	0.5	2	10310	False
xptar	3e-05	0.5	2	01310	True
xptar	3e-05	0.5	2	00410	False
xptar	3e-05	0.5	2	30020	True
xptar	3e-05	0.5	2	21020	False
xptar	3e-05	0.5	2	12020	False
xptar	3e-05	0.5	2	03020	False
xptar	3e-05	0.5	2	20120	True
xptar	3e-05	0.5	2	11120	False
xptar	3e-05	0.5	2	02120	False
xptar	3e-05	0.5	2	10220	False
xptar	3e-05	0.5	2	01220	False
xptar	3e-05	0.5	2	00320	False
xptar	3e-05	0.5	2	20030	False
xptar	3e-05	0.5	2	11030	True
xptar	3e-05	0.5	2	02030	False
xptar	3e-05	0.5	2	10130	False
xptar	3e-05	0.5	2	01130	False
xptar	3e-05	0.5	2	00230	True
xptar	3e-05	0.5	2	10040	False
xptar	3e-05	0.5	2	01040	False
xptar	3e-05	0.5	2	00140	False
xptar	3e-05	0.5	2	00050	False
xptar	3e-05	0.5	2	60000	True
xptar	3e-05	0.5	2	51000	True
xptar	3e-05	0.5	2	42000	False
xptar	3e-05	0.5	2	33000	False
xptar	3e-05	0.5	2	24000	True
xptar	3e-05	0.5	2	15000	False
xptar	3e-05	0.5	2	06000	True
xptar	3e-05	0.5	2	50100	True
xptar	3e-05	0.5	2	41100	False
xptar	3e-05	0.5	2	32100	True
xptar	3e-05	0.5	2	23100	False
xptar	3e-05	0.5	2	14100	False
xptar	3e-05	0.5	2	05100	True
xptar	3e-05	0.5	2	40200	True
xptar	3e-05	0.5	2	31200	True
xptar	3e-05	0.5	2	22200	False
xptar	3e-05	0.5	2	13200	False
xptar	3e-05	0.5	2	04200	True
xptar	3e-05	0.5	2	30300	False
xptar	3e-05	0.5	2	21300	False
xptar	3e-05	0.5	2	12300	False
xptar	3e-05	0.5	2	03300	True
xptar	3e-05	0.5	2	20400	False
xptar	3e-05	0.5	2	11400	False
xptar	3e-05	0.5	2	02400	False
xptar	3e-05	0.5	2	10500	False
xptar	3e-05	0.5	2	01500	False
xptar	3e-05	0.5	2	00600	True
xptar	3e-05	0.5	2	50010	False
xptar	3e-05	0.5	2	41010	True
xptar	3e-05	0.5	2	32010	False
xptar	3e-05	0.5	2	23010	False
xptar	3e-05	0.5	2	14010	False
xptar	3e-05	0.5	2	05010	True
xptar	3e-05	0.5	2	40110	True
xptar	3e-05	0.5	2	31110	True
xptar	3e-05	0.5	2	22110	False
xptar	3e-05	0.5	2	13110	False
xptar	3e-05	0.5	2	04110	False
xptar	3e-05	0.5	2	30210	False
xptar	3e-05	0.5	2	21210	False
xptar	3e-05	0.5	2	12210	False
xptar	3e-05	0.5	2	03210	False
xptar	3e-05	0.5	2	20310	False
xptar	3e-05	0.5	2	11310	True
xptar	3e-05	0.5	2	02310	False
xptar	3e-05	0.5	2	10410	False
xptar	3e-05	0.5	2	01410	False
xptar	3e-05	0.5	2	00510	False
xptar	3e-05	0.5	2	40020	True
xptar	3e-05	0.5	2	31020	False
xptar	3e-05	0.5	2	22020	False
xptar	3e-05	0.5	2	13020	False
xptar	3e-05	0.5	2	04020	True
xptar	3e-05	0.5	2	30120	False
xptar	3e-05	0.5	2	21120	False
xptar	3e-05	0.5	2	12120	False
xptar	3e-05	0.5	2	03120	False
xptar	3e-05	0.5	2	20220	False
xptar	3e-05	0.5	2	11220	False
xptar	3e-05	0.5	2	02220	False
xptar	3e-05	0.5	2	10320	False
xptar	3e-05	0.5	2	01320	True
xptar	3e-05	0.5	2	00420	False
xptar	3e-05	0.5	2	30030	False
xptar	3e-05	0.5	2	21030	True
xptar	3e-05	0.5	2	12030	False
xptar	3e-05	0.5	2	03030	False
xptar	3e-05	0.5	2	20130	False
xptar	3e-05	0.5	2	11130	False
xptar	3e-05	0.5	2	02130	False
xptar	3e-05	0.5	2	10230	False
xptar	3e-05	0.5	2	01230	False
xptar	3e-05	0.5	2	00330	False
xptar	3e-05	0.5	2	20040	True
xptar	3e-05	0.5	2	11040	False
xptar	3e-05	0.5	2	02040	False
xptar	3e-05	0.5	2	10140	False
xptar	3e-05	0.5	2	01140	False
xptar	3e-05	0.5	2	00240	False
xptar	3e-05	0.5	2	10050	False
xptar	3e-05	0.5	2	01050	True
xptar	3e-05	0.5	2	00150	False
xptar	3e-05	0.5	2	00060	False
ytar	0.0001	0.1	2	00000	True
ytar	0.0001	0.1	2	10000	True
ytar	0.0001	0.1	2	01000	True
ytar	0.0001	0.1	2	00100	True
ytar	0.0001	0.1	2	00010	True
ytar	0.0001	0.1	2	20000	True
ytar	0.0001	0.1	2	11000	True
ytar	0.0001	0.1	2	02000	True
ytar	0.0001	0.1	2	10100	True
ytar	0.0001	0.1	2	01100	True
ytar	0.0001	0.1	2	00200	True
ytar	0.0001	0.1	2	10010	True
ytar	0.0001	0.1	2	01010	True
ytar	0.0001	0.1	2	00110	True
ytar	0.0001	0.1	2	00020	True
ytar	0.0001	0.1	2	30000	True
ytar	0.0001	0.1	2	21000	True
ytar	0.0001	0.1	2	12000	True
ytar	0.0001	0.1	2	03000	True
ytar	0.0001	0.1	2	20100	True
ytar	0.0001	0.1	2	11100	True
ytar	0.0001	0.1	2	02100	True
ytar	0.0001	0.1	2	10200	True
ytar	0.0001	0.1	2	01200	True
ytar	0.0001	0.1	2	00300	True
ytar	0.0001	0.1	2	20010	True
ytar	0.0001	0.1	2	11010	True
ytar	0.0001	0.1	2	02010	True
ytar	0.0001	0.1	2	10110	True
ytar	0.0001	0.1	2	01110	True
ytar	0.0001	0.1	2	00210	True
ytar	0.0001	0.1	2	10020	True
ytar	0.0001	0.1	2	01020	True
ytar	0.0001	0.1	2	00120	True
ytar	0.0001	0.1	2	00030	True
ytar	0.0001	0.1	2	40000	True
ytar	0.0001	0.1	2	31000	True
ytar	0.0001	0.1	2	22000	True
ytar	0.0001	0.1	2	13000	True
ytar	0.0001	0.1	2	04000	False
ytar	0.0001	0.1	2	30100	True
ytar	0.0001	0.1	2	21100	True
ytar	0.0001	0.1	2	12100	True
ytar	0.0001	0.1	2	03100	True
ytar	0.0001	0.1	2	20200	True
ytar	0.0001	0.1	2	11200	True
ytar	0.0001	0.1	2	02200	True
ytar	0.0001	0.1	2	10300	True
ytar	0.0001	0.1	2	01300	True
ytar	0.0001	0.1	2	00400	True
ytar	0.0001	0.1	2	30010	True
ytar	0.0001	0.1	2	21010	True
ytar	0.0001	0.1	2	12010	True
ytar	0.0001	0.1	2	03010	True
ytar	0.0001	0.1	2	20110	False
ytar	0.0001	0.1	2	11110	True
ytar	0.0001	0.1	2	02110	True
ytar	0.0001	0.1	2	10210	True
ytar	0.0001	0.1	2	01210	True
ytar	0.0001	0.1	2	00310	False
ytar	0.0001	0.1	2	20020	True
ytar	0.0001	0.1	2	11020	True
ytar	0.0001	0.1	2	02020	True
ytar	0.0001	0.1	2	10120	True
ytar	0.0001	0.1	2	01120	True
ytar	0.0001	0.1	2	00220	True
ytar	0.0001	0.1	2	10030	True
ytar	0.0001	0.1	2	01030	True
ytar	0.0001	0.1	2	00130	True
ytar	0.0001	0.1	2	00040	True
ytar	0.0001	0.1	2	50000	True
ytar	0.0001	0.1	2	41000	True
ytar	0.0001	0.1	2	32000	False
ytar	0.0001	0.1	2	23000	True
ytar	0.0001	0.1	2	14000	True
ytar	0.0001	0.1	2	05000	True
ytar	0.0001	0.1	2	40100	True
ytar	0.0001	0.1	2	31100	True
ytar	0.0001	0.1	2	22100	True
ytar	0.0001	0.1	2	13100	True
ytar	0.0001	0.1	2	04100	True
ytar	0.0001	0.1	2	30200	True
ytar	0.0001	0.1	2	21200	True
ytar	0.0001	0.1	2	12200	True
ytar	0.0001	0.1	2	03200	True
ytar	0.0001	0.1	2	20300	True
ytar	0.0001	0.1	2	11300	True
ytar	0.0001	0.1	2	02300	True
ytar	0.0001	0.1	2	10400	False
ytar	0.0001	0.1	2	01400	True
ytar	0.0001	0.1	2	00500	True
ytar	0.0001	0.1	2	40010	True
ytar	0.0001	0.1	2	31010	True
ytar	0.0001	0.1	2	22010	True
ytar	0.0001	0.1	2	13010	True
ytar	0.0001	0.1	2	04010	True
ytar	0.0001	0.1	2	30110	True
ytar	0.0001	0.1	2	21110	False
ytar	0.0001	0.1	2	12110	True
ytar	0.0001	0.1	2	03110	True
ytar	0.0001	0.1	2	20210	False
ytar	0.0001	0.1	2	11210	False
ytar	0.0001	0.1	2	02210	True
ytar	0.0001	0.1	2	10310	False
ytar	0.0001	0.1	2	01310	True
ytar	0.0001	0.1	2	00410	True
ytar	0.0001	0.1	2	30020	True
ytar	0.0001	0.1	2	21020	True
ytar	0.0001	0.1	2	12020	True
ytar	0.0001	0.1	2	03020	True
ytar	0.0001	0.1	2	20120	False
ytar	0.0001	0.1	2	11120	True
ytar	0.0001	0.1	2	02120	True
ytar	0.0001	0.1	2	10220	False
ytar	0.0001	0.1	2	01220	True
ytar	0.0001	0.1	2	00320	True
ytar	0.0001	0.1	2	20030	True
ytar	0.0001	0.1	2	11030	True
ytar	0.0001	0.1	2	02030	True
ytar	0.0001	0.1	2	10130	False
ytar	0.0001	0.1	2	01130	True
ytar	0.0001	0.1	2	00230	False
ytar	0.0001	0.1	2	10040	True
ytar	0.0001	0.1	2	01040	False
ytar	0.0001	0.1	2	00140	True
ytar	0.0001	0.1	2	00050	False
ytar	0.0001	0.1	2	60000	True
ytar	0.0001	0.1	2	51000	True
ytar	0.0001	0.1	2	42000	True
ytar	0.0001	0.1	2	33000	True
ytar	0.0001	0.1	2	24000	False
ytar	0.0001	0.1	2	15000	False
ytar	0.0001	0.1	2	06000	True
ytar	0.0001	0.1	2	50100	True
ytar	0.0001	0.1	2	41100	True
ytar	0.0001	0.1	2	32100	True
ytar	0.0001	0.1	2	23100	True
ytar	0.0001	0.1	2	14100	True
ytar	0.0001	0.1	2	05100	True
ytar	0.0001	0.1	2	40200	False
ytar	0.0001	0.1	2	31200	False
ytar	0.0001	0.1	2	22200	False
ytar	0.0001	0.1	2	13200	True
ytar	0.0001	0.1	2	04200	True
ytar	0.0001	0.1	2	30300	True
ytar	0.0001	0.1	2	21300	False
ytar	0.0001	0.1	2	12300	True
ytar	0.0001	0.1	2	03300	True
ytar	0.0001	0.1	2	20400	False
ytar	0.0001	0.1	2	11400	True
ytar	0.0001	0.1	2	02400	True
ytar	0.0001	0.1	2	10500	True
ytar	0.0001	0.1	2	01500	True
ytar	0.0001	0.1	2	00600	True
ytar	0.0001	0.1	2	50010	True
ytar	0.0001	0.1	2	41010	True
ytar	0.0001	0.1	2	32010	True
ytar	0.0001	0.1	2	23010	True
ytar	0.0001	0.1	2	14010	False
ytar	0.0001	0.1	2	05010	True
ytar	0.0001	0.1	2	40110	True
ytar	0.0001	0.1	2	31110	False
ytar	0.0001	0.1	2	22110	True
ytar	0.0001	0.1	2	13110	True
ytar	0.0001	0.1	2	04110	True
ytar	0.0001	0.1	2	30210	False
ytar	0.0001	0.1	2	21210	False
ytar	0.0001	0.1	2	12210	False
ytar	0.0001	0.1	2	03210	True
ytar	0.0001	0.1	2	20310	True
ytar	0.0001	0.1	2	11310	False
ytar	0.0001	0.1	2	02310	True
ytar	0.0001	0.1	2	10410	True
ytar	0.0001	0.1	2	01410	True
ytar	0.0001	0.1	2	00510	True
ytar	0.0001	0.1	2	40020	True
ytar	0.0001	0.1	2	31020	False
ytar	0.0001	0.1	2	22020	True
ytar	0.0001	0.1	2	13020	True
ytar	0.0001	0.1	2	04020	False
ytar	0.0001	0.1	2	30120	True
ytar	0.0001	0.1	2	21120	False
ytar	0.0001	0.1	2	12120	True
ytar	0.0001	0.1	2	03120	True
ytar	0.0001	0.1	2	20220	True
ytar	0.0001	0.1	2	11220	False
ytar	0.0001	0.1	2	02220	True
ytar	0.0001	0.1	2	10320	True
ytar	0.0001	0.1	2	01320	True
ytar	0.0001	0.1	2	00420	True
ytar	0.0001	0.1	2	30030	True
ytar	0.0001	0.1	2	21030	False
ytar	0.0001	0.1	2	12030	True
ytar	0.0001	0.1	2	03030	True
ytar	0.0001	0.1	2	20130	False
ytar	0.0001	0.1	2	11130	False
ytar	0.0001	0.1	2	02130	False
ytar	0.0001	0.1	2	10230	True
ytar	0.0001	0.1	2	01230	True
ytar	0.0001	0.1	2	00330	True
ytar	0.0001	0.1	2	20040	False
ytar	0.0001	0.1	2	11040	True
ytar	0.0001	0.1	2	02040	True
ytar	0.0001	0.1	2	10140	True
ytar	0.0001	0.1	2	01140	False
ytar	0.0001	0.1	2	00240	False
ytar	0.0001	0.1	2	10050	False
ytar	0.0001	0.1	2	01050	True
ytar	0.0001	0.1	2	00150	False
ytar	0.0001	0.1	2	00060	False
ytar	3e-05	0.1	2	00000	True
ytar	3e-05	0.1	2	10000	True
ytar	3e-05	0.1	2	01000	True
ytar	3e-05	0.1	2	00100	True
ytar	3e-05	0.1	2	00010	True
ytar	3e-05	0.1	2	20000	True
ytar	3e-05	0.1	2	11000	True
ytar	3e-05	0.1	2	02000	True
ytar	3e-05	0.1	2	10100	True
ytar	3e-05	0.1	2	01100	True
ytar	3e-05	0.1	2	00200	True
ytar	3e-05	0.1	2	10010	True
ytar	3e-05	0.1	2	01010	True
ytar	3e-05	0.1	2	00110	False
ytar	3e-05	0.1	2	00020	True
ytar	3e-05	0.1	2	30000	True
ytar	3e-05	0.1	2	21000	True
ytar	3e-05	0.1	2	12000	True
ytar	3e-05	0.1	2	03000	True
ytar	3e-05	0.1	2	20100	True
ytar	3e-05	0.1	2	11100	True
ytar	3e-05	0.1	2	02100	True
ytar	3e-05	0.1	2	10200	True
ytar	3e-05	0.1	2	01200	True
ytar	3e-05	0.1	2	00300	True
ytar	3e-05	0.1	2	20010	True
ytar	3e-05	0.1	2	11010	True
ytar	3e-05	0.1	2	02010	True
ytar	3e-05	0.1	2	10110	True
ytar	3e-05	0.1	2	01110	True
ytar	3e-05	0.1	2	00210	True
ytar	3e-05	0.1	2	10020	True
ytar	3e-05	0.1	2	01020	True
ytar	3e-05	0.1	2	00120	True
ytar	3e-05	0.1	2	00030	True
ytar	3e-05	0.1	2	40000	True
ytar	3e-05	0.1	2	31000	True
ytar	3e-05	0.1	2	22000	True
ytar	3e-05	0.1	2	13000	False
ytar	3e-05	0.1	2	04000	True
ytar	3e-05	0.1	2	30100	True
ytar	3e-05	0.1	2	21100	True
ytar	3e-05	0.1	2	12100	True
ytar	3e-05	0.1	2	03100	True
ytar	3e-05	0.1	2	20200	True
ytar	3e-05	0.1	2	11200	False
ytar	3e-05	0.1	2	02200	True
ytar	3e-05	0.1	2	10300	True
ytar	3e-05	0.1	2	01300	True
ytar	3e-05	0.1	2	00400	True
ytar	3e-05	0.1	2	30010	True
ytar	3e-05	0.1	2	21010	True
ytar	3e-05	0.1	2	12010	True
ytar	3e-05	0.1	2	03010	True
ytar	3e-05	0.1	2	20110	False
ytar	3e-05	0.1	2	11110	True
ytar	3e-05	0.1	2	02110	True
ytar	3e-05	0.1	2	10210	False
ytar	3e-05	0.1	2	01210	True
ytar	3e-05	0.1	2	00310	False
ytar	3e-05	0.1	2	20020	True
ytar	3e-05	0.1	2	11020	True
ytar	3e-05	0.1	2	02020	True
ytar	3e-05	0.1	2	10120	True
ytar	3e-05	0.1	2	01120	True
ytar	3e-05	0.1	2	00220	True
ytar	3e-05	0.1	2	10030	True
ytar	3e-05	0.1	2	01030	True
ytar	3e-05	0.1	2	00130	True
ytar	3e-05	0.1	2	00040	True
ytar	3e-05	0.1	2	50000	True
ytar	3e-05	0.1	2	41000	True
ytar	3e-05	0.1	2	32000	False
ytar	3e-05	0.1	2	23000	True
ytar	3e-05	0.1	2	14000	True
ytar	3e-05	0.1	2	05000	False
ytar	3e-05	0.1	2	40100	True
ytar	3e-05	0.1	2	31100	True
ytar	3e-05	0.1	2	22100	True
ytar	3e-05	0.1	2	13100	True
ytar	3e-05	0.1	2	04100	True
ytar	3e-05	0.1	2	30200	True
ytar	3e-05	0.1	2	21200	True
ytar	3e-05	0.1	2	12200	True
ytar	3e-05	0.1	2	03200	True
ytar	3e-05	0.1	2	20300	True
ytar	3e-05	0.1	2	11300	True
ytar	3e-05	0.1	2	02300	True
ytar	3e-05	0.1	2	10400	True
ytar	3e-05	0.1	2	01400	True
ytar	3e-05	0.1	2	00500	True
ytar	3e-05	0.1	2	40010	True
ytar	3e-05	0.1	2	31010	True
ytar	3e-05	0.1	2	22010	True
ytar	3e-05	0.1	2	13010	False
ytar	3e-05	0.1	2	04010	True
ytar	3e-05	0.1	2	30110	True
ytar	3e-05	0.1	2	21110	False
ytar	3e-05	0.1	2	12110	True
ytar	3e-05	0.1	2	03110	True
ytar	3e-05	0.1	2	20210	True
ytar	3e-05	0.1	2	11210	False
ytar	3e-05	0.1	2	02210	True
ytar	3e-05	0.1	2	10310	True
ytar	3e-05	0.1	2	01310	True
ytar	3e-05	0.1	2	00410	True
ytar	3e-05	0.1	2	30020	True
ytar	3e-05	0.1	2	21020	True
ytar	3e-05	0.1	2	12020	True
ytar	3e-05	0.1	2	03020	True
ytar	3e-05	0.1	2	20120	True
ytar	3e-05	0.1	2	11120	False
ytar	3e-05	0.1	2	02120	True
ytar	3e-05	0.1	2	10220	False
ytar	3e-05	0.1	2	01220	False
ytar	3e-05	0.1	2	00320	True
ytar	3e-05	0.1	2	20030	True
ytar	3e-05	0.1	2	11030	True
ytar	3e-05	0.1	2	02030	True
ytar	3e-05	0.1	2	10130	True
ytar	3e-05	0.1	2	01130	True
ytar	3e-05	0.1	2	00230	False
ytar	3e-05	0.1	2	10040	True
ytar	3e-05	0.1	2	01040	True
ytar	3e-05	0.1	2	00140	True
ytar	3e-05	0.1	2	00050	True
ytar	3e-05	0.1	2	60000	True
ytar	3e-05	0.1	2	51000	True
ytar	3e-05	0.1	2	42000	True
ytar	3e-05	0.1	2	33000	True
ytar	3e-05	0.1	2	24000	False
ytar	3e-05	0.1	2	15000	False
ytar	3e-05	0.1	2	06000	True
ytar	3e-05	0.1	2	50100	True
ytar	3e-05	0.1	2	41100	True
ytar	3e-05	0.1	2	32100	True
ytar	3e-05	0.1	2	23100	True
ytar	3e-05	0.1	2	14100	True
ytar	3e-05	0.1	2	05100	True
ytar	3e-05	0.1	2	40200	False
ytar	3e-05	0.1	2	31200	True
ytar	3e-05	0.1	2	22200	False
ytar	3e-05	0.1	2	13200	False
ytar	3e-05	0.1	2	04200	True
ytar	3e-05	0.1	2	30300	True
ytar	3e-05	0.1	2	21300	False
ytar	3e-05	0.1	2	12300	True
ytar	3e-05	0.1	2	03300	True
ytar	3e-05	0.1	2	20400	True
ytar	3e-05	0.1	2	11400	True
ytar	3e-05	0.1	2	02400	True
ytar	3e-05	0.1	2	10500	True
ytar	3e-05	0.1	2	01500	True
ytar	3e-05	0.1	2	00600	True
ytar	3e-05	0.1	2	50010	True
ytar	3e-05	0.1	2	41010	True
ytar	3e-05	0.1	2	32010	True
ytar	3e-05	0.1	2	23010	True
ytar	3e-05	0.1	2	14010	True
ytar	3e-05	0.1	2	05010	True
ytar	3e-05	0.1	2	40110	True
ytar	3e-05	0.1	2	31110	False
ytar	3e-05	0.1	2	22110	True
ytar	3e-05	0.1	2	13110	True
ytar	3e-05	0.1	2	04110	True
ytar	3e-05	0.1	2	30210	True
ytar	3e-05	0.1	2	21210	True
ytar	3e-05	0.1	2	12210	False
ytar	3e-05	0.1	2	03210	True
ytar	3e-05	0.1	2	20310	True
ytar	3e-05	0.1	2	11310	False
ytar	3e-05	0.1	2	02310	True
ytar	3e-05	0.1	2	10410	True
ytar	3e-05	0.1	2	01410	True
ytar	3e-05	0.1	2	00510	True
ytar	3e-05	0.1	2	40020	True
ytar	3e-05	0.1	2	31020	False
ytar	3e-05	0.1	2	22020	True
ytar	3e-05	0.1	2	13020	False
ytar	3e-05	0.1	2	04020	True
ytar	3e-05	0.1	2	30120	True
ytar	3e-05	0.1	2	21120	False
ytar	3e-05	0.1	2	12120	True
ytar	3e-05	0.1	2	03120	True
ytar	3e-05	0.1	2	20220	True
ytar	3e-05	0.1	2	11220	False
ytar	3e-05	0.1	2	02220	True
ytar	3e-05	0.1	2	10320	True
ytar	3e-05	0.1	2	01320	True
ytar	3e-05	0.1	2	00420	True
ytar	3e-05	0.1	2	30030	True
ytar	3e-05	0.1	2	21030	False
ytar	3e-05	0.1	2	12030	True
ytar	3e-05	0.1	2	03030	True
ytar	3e-05	0.1	2	20130	False
ytar	3e-05	0.1	2	11130	True
ytar	3e-05	0.1	2	02130	False
ytar	3e-05	0.1	2	10230	True
ytar	3e-05	0.1	2	01230	True
ytar	3e-05	0.1	2	00330	True
ytar	3e-05	0.1	2	20040	True
ytar	3e-05	0.1	2	11040	False
ytar	3e-05	0.1	2	02040	False
ytar	3e-05	0.1	2	10140	False
ytar	3e-05	0.1	2	01140	True
ytar	3e-05	0.1	2	00240	False
ytar	3e-05	0.1	2	10050	False
ytar	3e-05	0.1	2	01050	True
ytar	3e-05	0.1	2	00150	True
ytar	3e-05	0.1	2	00060	True
ytar	0.0001	0.5	2	00000	True
ytar	0.0001	0.5	2	10000	True
ytar	0.0001	0.5	2	01000	True
ytar	0.0001	0.5	2	00100	True
ytar	0.0001	0.5	2	00010	True
ytar	0.0001	0.5	2	20000	True
ytar	0.0001	0.5	2	11000	False
ytar	0.0001	0.5	2	02000	True
ytar	0.0001	0.5	2	10100	True
ytar	0.0001	0.5	2	01100	True
ytar	0.0001	0.5	2	00200	True
ytar	0.0001	0.5	2	10010	True
ytar	0.0001	0.5	2	01010	True
ytar	0.0001	0.5	2	00110	True
ytar	0.0001	0.5	2	00020	True
ytar	0.0001	0.5	2	30000	True
ytar	0.0001	0.5	2	21000	False
ytar	0.0001	0.5	2	12000	True
ytar	0.0001	0.5	2	03000	False
ytar	0.0001	0.5	2	20100	True
ytar	0.0001	0.5	2	11100	True
ytar	0.0001	0.5	2	02100	True
ytar	0.0001	0.5	2	10200	True
ytar	0.0001	0.5	2	01200	False
ytar	0.0001	0.5	2	00300	True
ytar	0.0001	0.5	2	20010	True
ytar	0.0001	0.5	2	11010	True
ytar	0.0001	0.5	2	02010	True
ytar	0.0001	0.5	2	10110	True
ytar	0.0001	0.5	2	01110	True
ytar	0.0001	0.5	2	00210	True
ytar	0.0001	0.5	2	10020	True
ytar	0.0001	0.5	2	01020	True
ytar	0.0001	0.5	2	00120	True
ytar	0.0001	0.5	2	00030	True
ytar	0.0001	0.5	2	40000	True
ytar	0.0001	0.5	2	31000	True
ytar	0.0001	0.5	2	22000	False
ytar	0.0001	0.5	2	13000	False
ytar	0.0001	0.5	2	04000	True
ytar	0.0001	0.5	2	30100	True
ytar	0.0001	0.5	2	21100	True
ytar	0.0001	0.5	2	12100	False
ytar	0.0001	0.5	2	03100	True
ytar	0.0001	0.5	2	20200	True
ytar	0.0001	0.5	2	11200	False
ytar	0.0001	0.5	2	02200	True
ytar	0.0001	0.5	2	10300	False
ytar	0.0001	0.5	2	01300	True
ytar	0.0001	0.5	2	00400	True
ytar	0.0001	0.5	2	30010	True
ytar	0.0001	0.5	2	21010	True
ytar	0.0001	0.5	2	12010	True
ytar	0.0001	0.5	2	03010	True
ytar	0.0001	0.5	2	20110	False
ytar	0.0001	0.5	2	11110	True
ytar	0.0001	0.5	2	02110	True
ytar	0.0001	0.5	2	10210	True
ytar	0.0001	0.5	2	01210	True
ytar	0.0001	0.5	2	00310	False
ytar	0.0001	0.5	2	20020	True
ytar	0.0001	0.5	2	11020	True
ytar	0.0001	0.5	2	02020	True
ytar	0.0001	0.5	2	10120	True
ytar	0.0001	0.5	2	01120	True
ytar	0.0001	0.5	2	00220	True
ytar	0.0001	0.5	2	10030	True
ytar	0.0001	0.5	2	01030	True
ytar	0.0001	0.5	2	00130	True
ytar	0.0001	0.5	2	00040	False
ytar	0.0001	0.5	2	50000	False
ytar	0.0001	0.5	2	41000	False
ytar	0.0001	0.5	2	32000	False
ytar	0.0001	0.5	2	23000	False
ytar	0.0001	0.5	2	14000	True
ytar	0.0001	0.5	2	05000	False
ytar	0.0001	0.5	2	40100	True
ytar	0.0001	0.5	2	31100	False
ytar	0.0001	0.5	2	22100	False
ytar	0.0001	0.5	2	13100	False
ytar	0.0001	0.5	2	04100	True
ytar	0.0001	0.5	2	30200	True
ytar	0.0001	0.5	2	21200	True
ytar	0.0001	0.5	2	12200	True
ytar	0.0001	0.5	2	03200	False
ytar	0.0001	0.5	2	20300	False
ytar	0.0001	0.5	2	11300	False
ytar	0.0001	0.5	2	02300	True
ytar	0.0001	0.5	2	10400	False
ytar	0.0001	0.5	2	01400	True
ytar	0.0001	0.5	2	00500	True
ytar	0.0001	0.5	2	40010	True
ytar	0.0001	0.5	2	31010	True
ytar	0.0001	0.5	2	22010	True
ytar	0.0001	0.5	2	13010	True
ytar	0.0001	0.5	2	04010	False
ytar	0.0001	0.5	2	30110	True
ytar	0.0001	0.5	2	21110	False
ytar	0.0001	0.5	2	12110	False
ytar	0.0001	0.5	2	03110	True
ytar	0.0001	0.5	2	20210	False
ytar	0.0001	0.5	2	11210	False
ytar	0.0001	0.5	2	02210	True
ytar	0.0001	0.5	2	10310	False
ytar	0.0001	0.5	2	01310	True
ytar	0.0001	0.5	2	00410	True
ytar	0.0001	0.5	2	30020	False
ytar	0.0001	0.5	2	21020	False
ytar	0.0001	0.5	2	12020	True
ytar	0.0001	0.5	2	03020	False
ytar	0.0001	0.5	2	20120	False
ytar	0.0001	0.5	2	11120	False
ytar	0.0001	0.5	2	02120	False
ytar	0.0001	0.5	2	10220	False
ytar	0.0001	0.5	2	01220	True
ytar	0.0001	0.5	2	00320	False
ytar	0.0001	0.5	2	20030	False
ytar	0.0001	0.5	2	11030	True
ytar	0.0001	0.5	2	02030	True
ytar	0.0001	0.5	2	10130	False
ytar	0.0001	0.5	2	01130	False
ytar	0.0001	0.5	2	00230	False
ytar	0.0001	0.5	2	10040	False
ytar	0.0001	0.5	2	01040	False
ytar	0.0001	0.5	2	00140	True
ytar	0.0001	0.5	2	00050	False
ytar	0.0001	0.5	2	60000	True
ytar	0.0001	0.5	2	51000	False
ytar	0.0001	0.5	2	42000	False
ytar	0.0001	0.5	2	33000	True
ytar	0.0001	0.5	2	24000	False
ytar	0.0001	0.5	2	15000	False
ytar	0.0001	0.5	2	06000	False
ytar	0.0001	0.5	2	50100	True
ytar	0.0001	0.5	2	41100	False
ytar	0.0001	0.5	2	32100	False
ytar	0.0001	0.5	2	23100	True
ytar	0.0001	0.5	2	14100	False
ytar	0.0001	0.5	2	05100	True
ytar	0.0001	0.5	2	40200	False
ytar	0.0001	0.5	2	31200	False
ytar	0.0001	0.5	2	22200	False
ytar	0.0001	0.5	2	13200	False
ytar	0.0001	0.5	2	04200	True
ytar	0.0001	0.5	2	30300	False
ytar	0.0001	0.5	2	21300	False
ytar	0.0001	0.5	2	12300	False
ytar	0.0001	0.5	2	03300	False
ytar	0.0001	0.5	2	20400	False
ytar	0.0001	0.5	2	11400	False
ytar	0.0001	0.5	2	02400	True
ytar	0.0001	0.5	2	10500	True
ytar	0.0001	0.5	2	01500	True
ytar	0.0001	0.5	2	00600	False
ytar	0.0001	0.5	2	50010	False
ytar	0.0001	0.5	2	41010	False
ytar	0.0001	0.5	2	32010	True
ytar	0.0001	0.5	2	23010	True
ytar	0.0001	0.5	2	14010	False
ytar	0.0001	0.5	2	05010	True
ytar	0.0001	0.5	2	40110	True
ytar	0.0001	0.5	2	31110	False
ytar	0.0001	0.5	2	22110	False
ytar	0.0001	0.5	2	13110	True
ytar	0.0001	0.5	2	04110	True
ytar	0.0001	0.5	2	30210	True
ytar	0.0001	0.5	2	21210	True
ytar	0.0001	0.5	2	12210	True
ytar	0.0001	0.5	2	03210	True
ytar	0.0001	0.5	2	20310	True
ytar	0.0001	0.5	2	11310	False
ytar	0.0001	0.5	2	02310	False
ytar	0.0001	0.5	2	10410	False
ytar	0.0001	0.5	2	01410	False
ytar	0.0001	0.5	2	00510	False
ytar	0.0001	0.5	2	40020	True
ytar	0.0001	0.5	2	31020	False
ytar	0.0001	0.5	2	22020	False
ytar	0.0001	0.5	2	13020	False
ytar	0.0001	0.5	2	04020	False
ytar	0.0001	0.5	2	30120	False
ytar	0.0001	0.5	2	21120	False
ytar	0.0001	0.5	2	12120	False
ytar	0.0001	0.5	2	03120	False
ytar	0.0001	0.5	2	20220	False
ytar	0.0001	0.5	2	11220	False
ytar	0.0001	0.5	2	02220	False
ytar	0.0001	0.5	2	10320	False
ytar	0.0001	0.5	2	01320	False
ytar	0.0001	0.5	2	00420	True
ytar	0.0001	0.5	2	30030	False
ytar	0.0001	0.5	2	21030	False
ytar	0.0001	0.5	2	12030	False
ytar	0.0001	0.5	2	03030	True
ytar	0.0001	0.5	2	20130	False
ytar	0.0001	0.5	2	11130	False
ytar	0.0001	0.5	2	02130	False
ytar	0.0001	0.5	2	10230	True
ytar	0.0001	0.5	2	01230	True
ytar	0.0001	0.5	2	00330	True
ytar	0.0001	0.5	2	20040	True
ytar	0.0001	0.5	2	11040	True
ytar	0.0001	0.5	2	02040	False
ytar	0.0001	0.5	2	10140	True
ytar	0.0001	0.5	2	01140	False
ytar	0.0001	0.5	2	00240	False
ytar	0.0001	0.5	2	10050	True
ytar	0.0001	0.5	2	01050	True
ytar	0.0001	0.5	2	00150	False
ytar	0.0001	0.5	2	00060	True
ytar	3e-05	0.5	2	00000	True
ytar	3e-05	0.5	2	10000	True
ytar	3e-05	0.5	2	01000	True
ytar	3e-05	0.5	2	00100	True
ytar	3e-05	0.5	2	00010	True
ytar	3e-05	0.5	2	20000	True
ytar	3e-05	0.5	2	11000	True
ytar	3e-05	0.5	2	02000	True
ytar	3e-05	0.5	2	10100	True
ytar	3e-05	0.5	2	01100	True
ytar	3e-05	0.5	2	00200	True
ytar	3e-05	0.5	2	10010	True
ytar	3e-05	0.5	2	01010	True
ytar	3e-05	0.5	2	00110	False
ytar	3e-05	0.5	2	00020	True
ytar	3e-05	0.5	2	30000	True
ytar	3e-05	0.5	2	21000	False
ytar	3e-05	0.5	2	12000	True
ytar	3e-05	0.5	2	03000	True
ytar	3e-05	0.5	2	20100	True
ytar	3e-05	0.5	2	11100	True
ytar	3e-05	0.5	2	02100	True
ytar	3e-05	0.5	2	10200	True
ytar	3e-05	0.5	2	01200	True
ytar	3e-05	0.5	2	00300	True
ytar	3e-05	0.5	2	20010	True
ytar	3e-05	0.5	2	11010	True
ytar	3e-05	0.5	2	02010	True
ytar	3e-05	0.5	2	10110	True
ytar	3e-05	0.5	2	01110	True
ytar	3e-05	0.5	2	00210	True
ytar	3e-05	0.5	2	10020	True
ytar	3e-05	0.5	2	01020	False
ytar	3e-05	0.5	2	00120	True
ytar	3e-05	0.5	2	00030	True
ytar	3e-05	0.5	2	40000	True
ytar	3e-05	0.5	2	31000	False
ytar	3e-05	0.5	2	22000	True
ytar	3e-05	0.5	2	13000	False
ytar	3e-05	0.5	2	04000	False
ytar	3e-05	0.5	2	30100	False
ytar	3e-05	0.5	2	21100	True
ytar	3e-05	0.5	2	12100	True
ytar	3e-05	0.5	2	03100	True
ytar	3e-05	0.5	2	20200	True
ytar	3e-05	0.5	2	11200	False
ytar	3e-05	0.5	2	02200	True
ytar	3e-05	0.5	2	10300	True
ytar	3e-05	0.5	2	01300	True
ytar	3e-05	0.5	2	00400	True
ytar	3e-05	0.5	2	30010	True
ytar	3e-05	0.5	2	21010	True
ytar	3e-05	0.5	2	12010	True
ytar	3e-05	0.5	2	03010	True
ytar	3e-05	0.5	2	20110	False
ytar	3e-05	0.5	2	11110	True
ytar	3e-05	0.5	2	02110	True
ytar	3e-05	0.5	2	10210	False
ytar	3e-05	0.5	2	01210	True
ytar	3e-05	0.5	2	00310	False
ytar	3e-05	0.5	2	20020	True
ytar	3e-05	0.5	2	11020	True
ytar	3e-05	0.5	2	02020	True
ytar	3e-05	0.5	2	10120	True
ytar	3e-05	0.5	2	01120	True
ytar	3e-05	0.5	2	00220	True
ytar	3e-05	0.5	2	10030	True
ytar	3e-05	0.5	2	01030	True
ytar	3e-05	0.5	2	00130	True
ytar	3e-05	0.5	2	00040	False
ytar	3e-05	0.5	2	50000	True
ytar	3e-05	0.5	2	41000	True
ytar	3e-05	0.5	2	32000	False
ytar	3e-05	0.5	2	23000	False
ytar	3e-05	0.5	2	14000	True
ytar	3e-05	0.5	2	05000	False
ytar	3e-05	0.5	2	40100	True
ytar	3e-05	0.5	2	31100	True
ytar	3e-05	0.5	2	22100	False
ytar	3e-05	0.5	2	13100	True
ytar	3e-05	0.5	2	04100	False
ytar	3e-05	0.5	2	30200	True
ytar	3e-05	0.5	2	21200	True
ytar	3e-05	0.5	2	12200	True
ytar	3e-05	0.5	2	03200	True
ytar	3e-05	0.5	2	20300	False
ytar	3e-05	0.5	2	11300	False
ytar	3e-05	0.5	2	02300	False
ytar	3e-05	0.5	2	10400	False
ytar	3e-05	0.5	2	01400	True
ytar	3e-05	0.5	2	00500	True
ytar	3e-05	0.5	2	40010	True
ytar	3e-05	0.5	2	31010	True
ytar	3e-05	0.5	2	22010	True
ytar	3e-05	0.5	2	13010	False
ytar	3e-05	0.5	2	04010	False
ytar	3e-05	0.5	2	30110	True
ytar	3e-05	0.5	2	21110	False
ytar	3e-05	0.5	2	12110	True
ytar	3e-05	0.5	2	03110	True
ytar	3e-05	0.5	2	20210	True
ytar	3e-05	0.5	2	11210	False
ytar	3e-05	0.5	2	02210	True
ytar	3e-05	0.5	2	10310	False
ytar	3e-05	0.5	2	01310	True
ytar	3e-05	0.5	2	00410	False
ytar	3e-05	0.5	2	30020	False
ytar	3e-05	0.5	2	21020	True
ytar	3e-05	0.5	2	12020	True
ytar	3e-05	0.5	2	03020	True
ytar	3e-05	0.5	2	20120	False
ytar	3e-05	0.5	2	11120	False
ytar	3e-05	0.5	2	02120	False
ytar	3e-05	0.5	2	10220	False
ytar	3e-05	0.5	2	01220	False
ytar	3e-05	0.5	2	00320	True
ytar	3e-05	0.5	2	20030	False
ytar	3e-05	0.5	2	11030	True
ytar	3e-05	0.5	2	02030	True
ytar	3e-05	0.5	2	10130	False
ytar	3e-05	0.5	2	01130	False
ytar	3e-05	0.5	2	00230	False
ytar	3e-05	0.5	2	10040	True
ytar	3e-05	0.5	2	01040	False
ytar	3e-05	0.5	2	00140	True
ytar	3e-05	0.5	2	00050	False
ytar	3e-05	0.5	2	60000	True
ytar	3e-05	0.5	2	51000	False
ytar	3e-05	0.5	2	42000	True
ytar	3e-05	0.5	2	33000	True
ytar	3e-05	0.5	2	24000	False
ytar	3e-05	0.5	2	15000	False
ytar	3e-05	0.5	2	06000	True
ytar	3e-05	0.5	2	50100	False
ytar	3e-05	0.5	2	41100	True
ytar	3e-05	0.5	2	32100	False
ytar	3e-05	0.5	2	23100	True
ytar	3e-05	0.5	2	14100	True
ytar	3e-05	0.5	2	05100	True
ytar	3e-05	0.5	2	40200	True
ytar	3e-05	0.5	2	31200	False
ytar	3e-05	0.5	2	22200	False
ytar	3e-05	0.5	2	13200	False
ytar	3e-05	0.5	2	04200	True
ytar	3e-05	0.5	2	30300	True
ytar	3e-05	0.5	2	21300	False
ytar	3e-05	0.5	2	12300	True
ytar	3e-05	0.5	2	03300	False
ytar	3e-05	0.5	2	20400	False
ytar	3e-05	0.5	2	11400	True
ytar	3e-05	0.5	2	02400	False
ytar	3e-05	0.5	2	10500	True
ytar	3e-05	0.5	2	01500	True
ytar	3e-05	0.5	2	00600	True
ytar	3e-05	0.5	2	50010	True
ytar	3e-05	0.5	2	41010	False
ytar	3e-05	0.5	2	32010	True
ytar	3e-05	0.5	2	23010	False
ytar	3e-05	0.5	2	14010	False
ytar	3e-05	0.5	2	05010	True
ytar	3e-05	0.5	2	40110	True
ytar	3e-05	0.5	2	31110	False
ytar	3e-05	0.5	2	22110	False
ytar	3e-05	0.5	2	13110	True
ytar	3e-05	0.5	2	04110	True
ytar	3e-05	0.5	2	30210	True
ytar	3e-05	0.5	2	21210	False
ytar	3e-05	0.5	2	12210	False
ytar	3e-05	0.5	2	03210	True
ytar	3e-05	0.5	2	20310	True
ytar	3e-05	0.5	2	11310	False
ytar	3e-05	0.5	2	02310	True
ytar	3e-05	0.5	2	10410	False
ytar	3e-05	0.5	2	01410	True
ytar	3e-05	0.5	2	00510	False
ytar	3e-05	0.5	2	40020	True
ytar	3e-05	0.5	2	31020	False
ytar	3e-05	0.5	2	22020	False
ytar	3e-05	0.5	2	13020	False
ytar	3e-05	0.5	2	04020	True
ytar	3e-05	0.5	2	30120	False
ytar	3e-05	0.5	2	21120	False
ytar	3e-05	0.5	2	12120	True
ytar	3e-05	0.5	2	03120	False
ytar	3e-05	0.5	2	20220	False
ytar	3e-05	0.5	2	11220	False
ytar	3e-05	0.5	2	02220	True
ytar	3e-05	0.5	2	10320	True
ytar	3e-05	0.5	2	01320	True
ytar	3e-05	0.5	2	00420	True
ytar	3e-05	0.5	2	30030	True
ytar	3e-05	0.5	2	21030	False
ytar	3e-05	0.5	2	12030	False
ytar	3e-05	0.5	2	03030	True
ytar	3e-05	0.5	2	20130	False
ytar	3e-05	0.5	2	11130	False
ytar	3e-05	0.5	2	02130	False
ytar	3e-05	0.5	2	10230	True
ytar	3e-05	0.5	2	01230	False
ytar	3e-05	0.5	2	00330	True
ytar	3e-05	0.5	2	20040	False
ytar	3e-05	0.5	2	11040	True
ytar	3e-05	0.5	2	02040	False
ytar	3e-05	0.5	2	10140	False
ytar	3e-05	0.5	2	01140	False
ytar	3e-05	0.5	2	00240	False
ytar	3e-05	0.5	2	10050	False
ytar	3e-05	0.5	2	01050	False
ytar	3e-05	0.5	2	00150	False
ytar	3e-05	0.5	2	00060	False
yptar	0.0001	0.1	2	00000	True
yptar	0.0001	0.1	2	10000	True
yptar	0.0001	0.1	2	01000	True
yptar	0.0001	0.1	2	00100	True
yptar	0.0001	0.1	2	00010	True
yptar	0.0001	0.1	2	20000	True
yptar	0.0001	0.1	2	11000	True
yptar	0.0001	0.1	2	02000	True
yptar	0.0001	0.1	2	10100	True
yptar	0.0001	0.1	2	01100	True
yptar	0.0001	0.1	2	00200	True
yptar	0.0001	0.1	2	10010	True
yptar	0.0001	0.1	2	01010	True
yptar	0.0001	0.1	2	00110	True
yptar	0.0001	0.1	2	00020	True
yptar	0.0001	0.1	2	30000	True
yptar	0.0001	0.1	2	21000	True
yptar	0.0001	0.1	2	12000	True
yptar	0.0001	0.1	2	03000	False
yptar	0.0001	0.1	2	20100	True
yptar	0.0001	0.1	2	11100	True
yptar	0.0001	0.1	2	02100	True
yptar	0.0001	0.1	2	10200	True
yptar	0.0001	0.1	2	01200	True
yptar	0.0001	0.1	2	00300	True
yptar	0.0001	0.1	2	20010	True
yptar	0.0001	0.1	2	11010	True
yptar	0.0001	0.1	2	02010	True
yptar	0.0001	0.1	2	10110	False
yptar	0.0001	0.1	2	01110	True
yptar	0.0001	0.1	2	00210	True
yptar	0.0001	0.1	2	10020	True
yptar	0.0001	0.1	2	01020	True
yptar	0.0001	0.1	2	00120	True
yptar	0.0001	0.1	2	00030	True
yptar	0.0001	0.1	2	40000	True
yptar	0.0001	0.1	2	31000	True
yptar	0.0001	0.1	2	22000	False
yptar	0.0001	0.1	2	13000	True
yptar	0.0001	0.1	2	04000	True
yptar	0.0001	0.1	2	30100	True
yptar	0.0001	0.1	2	21100	True
yptar	0.0001	0.1	2	12100	True
yptar	0.0001	0.1	2	03100	True
yptar	0.0001	0.1	2	20200	True
yptar	0.0001	0.1	2	11200	False
yptar	0.0001	0.1	2	02200	False
yptar	0.0001	0.1	2	10300	False
yptar	0.0001	0.1	2	01300	True
yptar	0.0001	0.1	2	00400	True
yptar	0.0001	0.1	2	30010	True
yptar	0.0001	0.1	2	21010	True
yptar	0.0001	0.1	2	12010	True
yptar	0.0001	0.1	2	03010	True
yptar	0.0001	0.1	2	20110	False
yptar	0.0001	0.1	2	11110	True
yptar	0.0001	0.1	2	02110	True
yptar	0.0001	0.1	2	10210	True
yptar	0.0001	0.1	2	01210	True
yptar	0.0001	0.1	2	00310	False
yptar	0.0001	0.1	2	20020	False
yptar	0.0001	0.1	2	11020	True
yptar	0.0001	0.1	2	02020	True
yptar	0.0001	0.1	2	10120	True
yptar	0.0001	0.1	2	01120	True
yptar	0.0001	0.1	2	00220	True
yptar	0.0001	0.1	2	10030	True
yptar	0.0001	0.1	2	01030	True
yptar	0.0001	0.1	2	00130	False
yptar	0.0001	0.1	2	00040	True
yptar	0.0001	0.1	2	50000	True
yptar	0.0001	0.1	2	41000	True
yptar	0.0001	0.1	2	32000	True
yptar	0.0001	0.1	2	23000	False
yptar	0.0001	0.1	2	14000	False
yptar	0.0001	0.1	2	05000	True
yptar	0.0001	0.1	2	40100	True
yptar	0.0001	0.1	2	31100	False
yptar	0.0001	0.1	2	22100	False
yptar	0.0001	0.1	2	13100	True
yptar	0.0001	0.1	2	04100	True
yptar	0.0001	0.1	2	30200	True
yptar	0.0001	0.1	2	21200	False
yptar	0.0001	0.1	2	12200	False
yptar	0.0001	0.1	2	03200	False
yptar	0.0001	0.1	2	20300	True
yptar	0.0001	0.1	2	11300	False
yptar	0.0001	0.1	2	02300	False
yptar	0.0001	0.1	2	10400	False
yptar	0.0001	0.1	2	01400	True
yptar	0.0001	0.1	2	00500	True
yptar	0.0001	0.1	2	40010	True
yptar	0.0001	0.1	2	31010	True
yptar	0.0001	0.1	2	22010	True
yptar	0.0001	0.1	2	13010	True
yptar	0.0001	0.1	2	04010	False
yptar	0.0001	0.1	2	30110	True
yptar	0.0001	0.1	2	21110	False
yptar	0.0001	0.1	2	12110	False
yptar	0.0001	0.1	2	03110	True
yptar	0.0001	0.1	2	20210	False
yptar	0.0001	0.1	2	11210	False
yptar	0.0001	0.1	2	02210	True
yptar	0.0001	0.1	2	10310	False
yptar	0.0001	0.1	2	01310	True
yptar	0.0001	0.1	2	00410	False
yptar	0.0001	0.1	2	30020	True
yptar	0.0001	0.1	2	21020	False
yptar	0.0001	0.1	2	12020	False
yptar	0.0001	0.1	2	03020	False
yptar	0.0001	0.1	2	20120	False
yptar	0.0001	0.1	2	11120	False
yptar	0.0001	0.1	2	02120	False
yptar	0.0001	0.1	2	10220	False
yptar	0.0001	0.1	2	01220	False
yptar	0.0001	0.1	2	00320	True
yptar	0.0001	0.1	2	20030	False
yptar	0.0001	0.1	2	11030	True
yptar	0.0001	0.1	2	02030	False
yptar	0.0001	0.1	2	10130	False
yptar	0.0001	0.1	2	01130	False
yptar	0.0001	0.1	2	00230	False
yptar	0.0001	0.1	2	10040	True
yptar	0.0001	0.1	2	01040	False
yptar	0.0001	0.1	2	00140	True
yptar	0.0001	0.1	2	00050	False
yptar	0.0001	0.1	2	60000	True
yptar	0.0001	0.1	2	51000	False
yptar	0.0001	0.1	2	42000	True
yptar	0.0001	0.1	2	33000	True
yptar	0.0001	0.1	2	24000	True
yptar	0.0001	0.1	2	15000	False
yptar	0.0001	0.1	2	06000	False
yptar	0.0001	0.1	2	50100	False
yptar	0.0001	0.1	2	41100	False
yptar	0.0001	0.1	2	32100	True
yptar	0.0001	0.1	2	23100	True
yptar	0.0001	0.1	2	14100	True
yptar	0.0001	0.1	2	05100	True
yptar	0.0001	0.1	2	40200	True
yptar	0.0001	0.1	2	31200	False
yptar	0.0001	0.1	2	22200	False
yptar	0.0001	0.1	2	13200	False
yptar	0.0001	0.1	2	04200	True
yptar	0.0001	0.1	2	30300	False
yptar	0.0001	0.1	2	21300	False
yptar	0.0001	0.1	2	12300	False
yptar	0.0001	0.1	2	03300	True
yptar	0.0001	0.1	2	20400	False
yptar	0.0001	0.1	2	11400	False
yptar	0.0001	0.1	2	02400	True
yptar	0.0001	0.1	2	10500	True
yptar	0.0001	0.1	2	01500	True
yptar	0.0001	0.1	2	00600	True
yptar	0.0001	0.1	2	50010	True
yptar	0.0001	0.1	2	41010	False
yptar	0.0001	0.1	2	32010	True
yptar	0.0001	0.1	2	23010	True
yptar	0.0001	0.1	2	14010	True
yptar	0.0001	0.1	2	05010	False
yptar	0.0001	0.1	2	40110	False
yptar	0.0001	0.1	2	31110	False
yptar	0.0001	0.1	2	22110	True
yptar	0.0001	0.1	2	13110	False
yptar	0.0001	0.1	2	04110	True
yptar	0.0001	0.1	2	30210	True
yptar	0.0001	0.1	2	21210	False
yptar	0.0001	0.1	2	12210	False
yptar	0.0001	0.1	2	03210	True
yptar	0.0001	0.1	2	20310	True
yptar	0.0001	0.1	2	11310	False
yptar	0.0001	0.1	2	02310	False
yptar	0.0001	0.1	2	10410	False
yptar	0.0001	0.1	2	01410	True
yptar	0.0001	0.1	2	00510	False
yptar	0.0001	0.1	2	40020	True
yptar	0.0001	0.1	2	31020	True
yptar	0.0001	0.1	2	22020	False
yptar	0.0001	0.1	2	13020	False
yptar	0.0001	0.1	2	04020	True
yptar	0.0001	0.1	2	30120	False
yptar	0.0001	0.1	2	21120	False
yptar	0.0001	0.1	2	12120	False
yptar	0.0001	0.1	2	03120	False
yptar	0.0001	0.1	2	20220	True
yptar	0.0001	0.1	2	11220	False
yptar	0.0001	0.1	2	02220	False
yptar	0.0001	0.1	2	10320	True
yptar	0.0001	0.1	2	01320	True
yptar	0.0001	0.1	2	00420	True
yptar	0.0001	0.1	2	30030	False
yptar	0.0001	0.1	2	21030	False
yptar	0.0001	0.1	2	12030	True
yptar	0.0001	0.1	2	03030	True
yptar	0.0001	0.1	2	20130	False
yptar	0.0001	0.1	2	11130	False
yptar	0.0001	0.1	2	02130	False
yptar	0.0001	0.1	2	10230	True
yptar	0.0001	0.1	2	01230	True
yptar	0.0001	0.1	2	00330	True
yptar	0.0001	0.1	2	20040	False
yptar	0.0001	0.1	2	11040	False
yptar	0.0001	0.1	2	02040	True
yptar	0.0001	0.1	2	10140	False
yptar	0.0001	0.1	2	01140	False
yptar	0.0001	0.1	2	00240	False
yptar	0.0001	0.1	2	10050	False
yptar	0.0001	0.1	2	01050	True
yptar	0.0001	0.1	2	00150	False
yptar	0.0001	0.1	2	00060	False
yptar	3e-05	0.1	2	00000	True
yptar	3e-05	0.1	2	10000	True
yptar	3e-05	0.1	2	01000	True
yptar	3e-05	0.1	2	00100	True
yptar	3e-05	0.1	2	00010	True
yptar	3e-05	0.1	2	20000	True
yptar	3e-05	0.1	2	11000	True
yptar	3e-05	0.1	2	02000	True
yptar	3e-05	0.1	2	10100	True
yptar	3e-05	0.1	2	01100	True
yptar	3e-05	0.1	2	00200	True
yptar	3e-05	0.1	2	10010	True
yptar	3e-05	0.1	2	01010	True
yptar	3e-05	0.1	2	00110	True
yptar	3e-05	0.1	2	00020	True
yptar	3e-05	0.1	2	30000	True
yptar	3e-05	0.1	2	21000	True
yptar	3e-05	0.1	2	12000	True
yptar	3e-05	0.1	2	03000	True
yptar	3e-05	0.1	2	20100	True
yptar	3e-05	0.1	2	11100	True
yptar	3e-05	0.1	2	02100	True
yptar	3e-05	0.1	2	10200	True
yptar	3e-05	0.1	2	01200	True
yptar	3e-05	0.1	2	00300	True
yptar	3e-05	0.1	2	20010	True
yptar	3e-05	0.1	2	11010	True
yptar	3e-05	0.1	2	02010	True
yptar	3e-05	0.1	2	10110	False
yptar	3e-05	0.1	2	01110	True
yptar	3e-05	0.1	2	00210	True
yptar	3e-05	0.1	2	10020	True
yptar	3e-05	0.1	2	01020	True
yptar	3e-05	0.1	2	00120	True
yptar	3e-05	0.1	2	00030	True
yptar	3e-05	0.1	2	40000	True
yptar	3e-05	0.1	2	31000	True
yptar	3e-05	0.1	2	22000	True
yptar	3e-05	0.1	2	13000	True
yptar	3e-05	0.1	2	04000	False
yptar	3e-05	0.1	2	30100	False
yptar	3e-05	0.1	2	21100	True
yptar	3e-05	0.1	2	12100	False
yptar	3e-05	0.1	2	03100	True
yptar	3e-05	0.1	2	20200	True
yptar	3e-05	0.1	2	11200	False
yptar	3e-05	0.1	2	02200	False
yptar	3e-05	0.1	2	10300	False
yptar	3e-05	0.1	2	01300	True
yptar	3e-05	0.1	2	00400	True
yptar	3e-05	0.1	2	30010	True
yptar	3e-05	0.1	2	21010	True
yptar	3e-05	0.1	2	12010	True
yptar	3e-05	0.1	2	03010	True
yptar	3e-05	0.1	2	20110	False
yptar	3e-05	0.1	2	11110	True
yptar	3e-05	0.1	2	02110	True
yptar	3e-05	0.1	2	10210	True
yptar	3e-05	0.1	2	01210	True
yptar	3e-05	0.1	2	00310	False
yptar	3e-05	0.1	2	20020	True
yptar	3e-05	0.1	2	11020	True
yptar	3e-05	0.1	2	02020	True
yptar	3e-05	0.1	2	10120	True
yptar	3e-05	0.1	2	01120	True
yptar	3e-05	0.1	2	00220	True
yptar	3e-05	0.1	2	10030	True
yptar	3e-05	0.1	2	01030	True
yptar	3e-05	0.1	2	00130	True
yptar	3e-05	0.1	2	00040	True
yptar	3e-05	0.1	2	50000	True
yptar	3e-05	0.1	2	41000	True
yptar	3e-05	0.1	2	32000	True
yptar	3e-05	0.1	2	23000	False
yptar	3e-05	0.1	2	14000	True
yptar	3e-05	0.1	2	05000	False
yptar	3e-05	0.1	2	40100	True
yptar	3e-05	0.1	2	31100	False
yptar	3e-05	0.1	2	22100	False
yptar	3e-05	0.1	2	13100	True
yptar	3e-05	0.1	2	04100	True
yptar	3e-05	0.1	2	30200	True
yptar	3e-05	0.1	2	21200	False
yptar	3e-05	0.1	2	12200	True
yptar	3e-05	0.1	2	03200	False
yptar	3e-05	0.1	2	20300	True
yptar	3e-05	0.1	2	11300	True
yptar	3e-05	0.1	2	02300	False
yptar	3e-05	0.1	2	10400	True
yptar	3e-05	0.1	2	01400	True
yptar	3e-05	0.1	2	00500	True
yptar	3e-05	0.1	2	40010	True
yptar	3e-05	0.1	2	31010	True
yptar	3e-05	0.1	2	22010	True
yptar	3e-05	0.1	2	13010	False
yptar	3e-05	0.1	2	04010	True
yptar	3e-05	0.1	2	30110	True
yptar	3e-05	0.1	2	21110	False
yptar	3e-05	0.1	2	12110	False
yptar	3e-05	0.1	2	03110	True
yptar	3e-05	0.1	2	20210	True
yptar	3e-05	0.1	2	11210	False
yptar	3e-05	0.1	2	02210	True
yptar	3e-05	0.1	2	10310	False
yptar	3e-05	0.1	2	01310	False
yptar	3e-05	0.1	2	00410	False
yptar	3e-05	0.1	2	30020	True
yptar	3e-05	0.1	2	21020	False
yptar	3e-05	0.1	2	12020	True
yptar	3e-05	0.1	2	03020	True
yptar	3e-05	0.1	2	20120	False
yptar	3e-05	0.1	2	11120	False
yptar	3e-05	0.1	2	02120	True
yptar	3e-05	0.1	2	10220	True
yptar	3e-05	0.1	2	01220	False
yptar	3e-05	0.1	2	00320	True
yptar	3e-05	0.1	2	20030	True
yptar	3e-05	0.1	2	11030	True
yptar	3e-05	0.1	2	02030	True
yptar	3e-05	0.1	2	10130	False
yptar	3e-05	0.1	2	01130	False
yptar	3e-05	0.1	2	00230	False
yptar	3e-05	0.1	2	10040	True
yptar	3e-05	0.1	2	01040	True
yptar	3e-05	0.1	2	00140	False
yptar	3e-05	0.1	2	00050	False
yptar	3e-05	0.1	2	60000	True
yptar	3e-05	0.1	2	51000	False
yptar	3e-05	0.1	2	42000	True
yptar	3e-05	0.1	2	33000	True
yptar	3e-05	0.1	2	24000	False
yptar	3e-05	0.1	2	15000	False
yptar	3e-05	0.1	2	06000	True
yptar	3e-05	0.1	2	50100	True
yptar	3e-05	0.1	2	41100	False
yptar	3e-05	0.1	2	32100	True
yptar	3e-05	0.1	2	23100	True
yptar	3e-05	0.1	2	14100	False
yptar	3e-05	0.1	2	05100	True
yptar	3e-05	0.1	2	40200	True
yptar	3e-05	0.1	2	31200	True
yptar	3e-05	0.1	2	22200	False
yptar	3e-05	0.1	2	13200	False
yptar	3e-05	0.1	2	04200	True
yptar	3e-05	0.1	2	30300	True
yptar	3e-05	0.1	2	21300	False
yptar	3e-05	0.1	2	12300	True
yptar	3e-05	0.1	2	03300	True
yptar	3e-05	0.1	2	20400	False
yptar	3e-05	0.1	2	11400	True
yptar	3e-05	0.1	2	02400	True
yptar	3e-05	0.1	2	10500	True
yptar	3e-05	0.1	2	01500	True
yptar	3e-05	0.1	2	00600	True
yptar	3e-05	0.1	2	50010	True
yptar	3e-05	0.1	2	41010	False
yptar	3e-05	0.1	2	32010	True
yptar	3e-05	0.1	2	23010	True
yptar	3e-05	0.1	2	14010	True
yptar	3e-05	0.1	2	05010	True
yptar	3e-05	0.1	2	40110	True
yptar	3e-05	0.1	2	31110	False
yptar	3e-05	0.1	2	22110	False
yptar	3e-05	0.1	2	13110	False
yptar	3e-05	0.1	2	04110	True
yptar	3e-05	0.1	2	30210	True
yptar	3e-05	0.1	2	21210	False
yptar	3e-05	0.1	2	12210	False
yptar	3e-05	0.1	2	03210	True
yptar	3e-05	0.1	2	20310	True
yptar	3e-05	0.1	2	11310	False
yptar	3e-05	0.1	2	02310	False
yptar	3e-05	0.1	2	10410	False
yptar	3e-05	0.1	2	01410	True
yptar	3e-05	0.1	2	00510	False
yptar	3e-05	0.1	2	40020	True
yptar	3e-05	0.1	2	31020	True
yptar	3e-05	0.1	2	22020	False
yptar	3e-05	0.1	2	13020	False
yptar	3e-05	0.1	2	04020	True
yptar	3e-05	0.1	2	30120	False
yptar	3e-05	0.1	2	21120	False
yptar	3e-05	0.1	2	12120	True
yptar	3e-05	0.1	2	03120	False
yptar	3e-05	0.1	2	20220	False
yptar	3e-05	0.1	2	11220	False
yptar	3e-05	0.1	2	02220	False
yptar	3e-05	0.1	2	10320	True
yptar	3e-05	0.1	2	01320	True
yptar	3e-05	0.1	2	00420	True
yptar	3e-05	0.1	2	30030	True
yptar	3e-05	0.1	2	21030	True
yptar	3e-05	0.1	2	12030	True
yptar	3e-05	0.1	2	03030	True
yptar	3e-05	0.1	2	20130	False
yptar	3e-05	0.1	2	11130	False
yptar	3e-05	0.1	2	02130	False
yptar	3e-05	0.1	2	10230	True
yptar	3e-05	0.1	2	01230	True
yptar	3e-05	0.1	2	00330	True
yptar	3e-05	0.1	2	20040	False
yptar	3e-05	0.1	2	11040	True
yptar	3e-05	0.1	2	02040	True
yptar	3e-05	0.1	2	10140	False
yptar	3e-05	0.1	2	01140	False
yptar	3e-05	0.1	2	00240	False
yptar	3e-05	0.1	2	10050	False
yptar	3e-05	0.1	2	01050	True
yptar	3e-05	0.1	2	00150	False
yptar	3e-05	0.1	2	00060	True
yptar	0.0001	0.5	2	00000	True
yptar	0.0001	0.5	2	10000	True
yptar	0.0001	0.5	2	01000	True
yptar	0.0001	0.5	2	00100	True
yptar	0.0001	0.5	2	00010	True
yptar	0.0001	0.5	2	20000	True
yptar	0.0001	0.5	2	11000	True
yptar	0.0001	0.5	2	02000	True
yptar	0.0001	0.5	2	10100	True
yptar	0.0001	0.5	2	01100	True
yptar	0.0001	0.5	2	00200	True
yptar	0.0001	0.5	2	10010	True
yptar	0.0001	0.5	2	01010	True
yptar	0.0001	0.5	2	00110	True
yptar	0.0001	0.5	2	00020	True
yptar	0.0001	0.5	2	30000	True
yptar	0.0001	0.5	2	21000	True
yptar	0.0001	0.5	2	12000	False
yptar	0.0001	0.5	2	03000	True
yptar	0.0001	0.5	2	20100	True
yptar	0.0001	0.5	2	11100	True
yptar	0.0001	0.5	2	02100	True
yptar	0.0001	0.5	2	10200	True
yptar	0.0001	0.5	2	01200	False
yptar	0.0001	0.5	2	00300	True
yptar	0.0001	0.5	2	20010	True
yptar	0.0001	0.5	2	11010	True
yptar	0.0001	0.5	2	02010	True
yptar	0.0001	0.5	2	10110	False
yptar	0.0001	0.5	2	01110	True
yptar	0.0001	0.5	2	00210	True
yptar	0.0001	0.5	2	10020	True
yptar	0.0001	0.5	2	01020	True
yptar	0.0001	0.5	2	00120	True
yptar	0.0001	0.5	2	00030	True
yptar	0.0001	0.5	2	40000	False
yptar	0.0001	0.5	2	31000	True
yptar	0.0001	0.5	2	22000	False
yptar	0.0001	0.5	2	13000	False
yptar	0.0001	0.5	2	04000	True
yptar	0.0001	0.5	2	30100	True
yptar	0.0001	0.5	2	21100	True
yptar	0.0001	0.5	2	12100	False
yptar	0.0001	0.5	2	03100	True
yptar	0.0001	0.5	2	20200	True
yptar	0.0001	0.5	2	11200	False
yptar	0.0001	0.5	2	02200	False
yptar	0.0001	0.5	2	10300	False
yptar	0.0001	0.5	2	01300	False
yptar	0.0001	0.5	2	00400	False
yptar	0.0001	0.5	2	30010	True
yptar	0.0001	0.5	2	21010	False
yptar	0.0001	0.5	2	12010	False
yptar	0.0001	0.5	2	03010	False
yptar	0.0001	0.5	2	20110	False
yptar	0.0001	0.5	2	11110	False
yptar	0.0001	0.5	2	02110	True
yptar	0.0001	0.5	2	10210	False
yptar	0.0001	0.5	2	01210	True
yptar	0.0001	0.5	2	00310	False
yptar	0.0001	0.5	2	20020	False
yptar	0.0001	0.5	2	11020	False
yptar	0.0001	0.5	2	02020	True
yptar	0.0001	0.5	2	10120	True
yptar	0.0001	0.5	2	01120	False
yptar	0.0001	0.5	2	00220	True
yptar	0.0001	0.5	2	10030	True
yptar	0.0001	0.5	2	01030	False
yptar	0.0001	0.5	2	00130	False
yptar	0.0001	0.5	2	00040	False
yptar	0.0001	0.5	2	50000	False
yptar	0.0001	0.5	2	41000	False
yptar	0.0001	0.5	2	32000	False
yptar	0.0001	0.5	2	23000	False
yptar	0.0001	0.5	2	14000	False
yptar	0.0001	0.5	2	05000	False
yptar	0.0001	0.5	2	40100	True
yptar	0.0001	0.5	2	31100	False
yptar	0.0001	0.5	2	22100	False
yptar	0.0001	0.5	2	13100	False
yptar	0.0001	0.5	2	04100	True
yptar	0.0001	0.5	2	30200	True
yptar	0.0001	0.5	2	21200	False
yptar	0.0001	0.5	2	12200	False
yptar	0.0001	0.5	2	03200	False
yptar	0.0001	0.5	2	20300	False
yptar	0.0001	0.5	2	11300	False
yptar	0.0001	0.5	2	02300	True
yptar	0.0001	0.5	2	10400	False
yptar	0.0001	0.5	2	01400	False
yptar	0.0001	0.5	2	00500	True
yptar	0.0001	0.5	2	40010	False
yptar	0.0001	0.5	2	31010	False
yptar	0.0001	0.5	2	22010	False
yptar	0.0001	0.5	2	13010	False
yptar	0.0001	0.5	2	04010	False
yptar	0.0001	0.5	2	30110	False
yptar	0.0001	0.5	2	21110	False
yptar	0.0001	0.5	2	12110	False
yptar	0.0001	0.5	2	03110	False
yptar	0.0001	0.5	2	20210	False
yptar	0.0001	0.5	2	11210	False
yptar	0.0001	0.5	2	02210	False
yptar	0.0001	0.5	2	10310	False
yptar	0.0001	0.5	2	01310	True
yptar	0.0001	0.5	2	00410	False
yptar	0.0001	0.5	2	30020	False
yptar	0.0001	0.5	2	21020	False
yptar	0.0001	0.5	2	12020	False
yptar	0.0001	0.5	2	03020	False
yptar	0.0001	0.5	2	20120	False
yptar	0.0001	0.5	2	11120	False
yptar	0.0001	0.5	2	02120	False
yptar	0.0001	0.5	2	10220	False
yptar	0.0001	0.5	2	01220	False
yptar	0.0001	0.5	2	00320	False
yptar	0.0001	0.5	2	20030	False
yptar	0.0001	0.5	2	11030	False
yptar	0.0001	0.5	2	02030	False
yptar	0.0001	0.5	2	10130	False
yptar	0.0001	0.5	2	01130	False
yptar	0.0001	0.5	2	00230	False
yptar	0.0001	0.5	2	10040	False
yptar	0.0001	0.5	2	01040	False
yptar	0.0001	0.5	2	00140	True
yptar	0.0001	0.5	2	00050	False
yptar	0.0001	0.5	2	60000	True
yptar	0.0001	0.5	2	51000	False
yptar	0.0001	0.5	2	42000	False
yptar	0.0001	0.5	2	33000	True
yptar	0.0001	0.5	2	24000	False
yptar	0.0001	0.5	2	15000	False
yptar	0.0001	0.5	2	06000	False
yptar	0.0001	0.5	2	50100	True
yptar	0.0001	0.5	2	41100	False
yptar	0.0001	0.5	2	32100	False
yptar	0.0001	0.5	2	23100	False
yptar	0.0001	0.5	2	14100	False
yptar	0.0001	0.5	2	05100	True
yptar	0.0001	0.5	2	40200	False
yptar	0.0001	0.5	2	31200	False
yptar	0.0001	0.5	2	22200	False
yptar	0.0001	0.5	2	13200	False
yptar	0.0001	0.5	2	04200	False
yptar	0.0001	0.5	2	30300	False
yptar	0.0001	0.5	2	21300	False
yptar	0.0001	0.5	2	12300	False
yptar	0.0001	0.5	2	03300	True
yptar	0.0001	0.5	2	20400	True
yptar	0.0001	0.5	2	11400	False
yptar	0.0001	0.5	2	02400	True
yptar	0.0001	0.5	2	10500	True
yptar	0.0001	0.5	2	01500	False
yptar	0.0001	0.5	2	00600	False
yptar	0.0001	0.5	2	50010	False
yptar	0.0001	0.5	2	41010	False
yptar	0.0001	0.5	2	32010	False
yptar	0.0001	0.5	2	23010	True
yptar	0.0001	0.5	2	14010	False
yptar	0.0001	0.5	2	05010	False
yptar	0.0001	0.5	2	40110	False
yptar	0.0001	0.5	2	31110	False
yptar	0.0001	0.5	2	22110	False
yptar	0.0001	0.5	2	13110	False
yptar	0.0001	0.5	2	04110	False
yptar	0.0001	0.5	2	30210	True
yptar	0.0001	0.5	2	21210	True
yptar	0.0001	0.5	2	12210	False
yptar	0.0001	0.5	2	03210	False
yptar	0.0001	0.5	2	20310	True
yptar	0.0001	0.5	2	11310	False
yptar	0.0001	0.5	2	02310	False
yptar	0.0001	0.5	2	10410	False
yptar	0.0001	0.5	2	01410	False
yptar	0.0001	0.5	2	00510	False
yptar	0.0001	0.5	2	40020	False
yptar	0.0001	0.5	2	31020	True
yptar	0.0001	0.5	2	22020	False
yptar	0.0001	0.5	2	13020	False
yptar	0.0001	0.5	2	04020	True
yptar	0.0001	0.5	2	30120	False
yptar	0.0001	0.5	2	21120	False
yptar	0.0001	0.5	2	12120	False
yptar	0.0001	0.5	2	03120	False
yptar	0.0001	0.5	2	20220	False
yptar	0.0001	0.5	2	11220	False
yptar	0.0001	0.5	2	02220	False
yptar	0.0001	0.5	2	10320	False
yptar	0.0001	0.5	2	01320	False
yptar	0.0001	0.5	2	00420	False
yptar	0.0001	0.5	2	30030	False
yptar	0.0001	0.5	2	21030	False
yptar	0.0001	0.5	2	12030	False
yptar	0.0001	0.5	2	03030	True
yptar	0.0001	0.5	2	20130	False
yptar	0.0001	0.5	2	11130	False
yptar	0.0001	0.5	2	02130	False
yptar	0.0001	0.5	2	10230	True
yptar	0.0001	0.5	2	01230	True
yptar	0.0001	0.5	2	00330	True
yptar	0.0001	0.5	2	20040	True
yptar	0.0001	0.5	2	11040	False
yptar	0.0001	0.5	2	02040	True
yptar	0.0001	0.5	2	10140	True
yptar	0.0001	0.5	2	01140	False
yptar	0.0001	0.5	2	00240	False
yptar	0.0001	0.5	2	10050	False
yptar	0.0001	0.5	2	01050	False
yptar	0.0001	0.5	2	00150	False
yptar	0.0001	0.5	2	00060	True
yptar	3e-05	0.5	2	00000	True
yptar	3e-05	0.5	2	10000	True
yptar	3e-05	0.5	2	01000	True
yptar	3e-05	0.5	2	00100	True
yptar	3e-05	0.5	2	00010	True
yptar	3e-05	0.5	2	20000	True
yptar	3e-05	0.5	2	11000	True
yptar	3e-05	0.5	2	02000	True
yptar	3e-05	0.5	2	10100	True
yptar	3e-05	0.5	2	01100	True
yptar	3e-05	0.5	2	00200	True
yptar	3e-05	0.5	2	10010	True
yptar	3e-05	0.5	2	01010	True
yptar	3e-05	0.5	2	00110	True
yptar	3e-05	0.5	2	00020	True
yptar	3e-05	0.5	2	30000	True
yptar	3e-05	0.5	2	21000	False
yptar	3e-05	0.5	2	12000	True
yptar	3e-05	0.5	2	03000	True
yptar	3e-05	0.5	2	20100	True
yptar	3e-05	0.5	2	11100	True
yptar	3e-05	0.5	2	02100	False
yptar	3e-05	0.5	2	10200	True
yptar	3e-05	0.5	2	01200	True
yptar	3e-05	0.5	2	00300	True
yptar	3e-05	0.5	2	20010	True
yptar	3e-05	0.5	2	11010	True
yptar	3e-05	0.5	2	02010	True
yptar	3e-05	0.5	2	10110	False
yptar	3e-05	0.5	2	01110	True
yptar	3e-05	0.5	2	00210	True
yptar	3e-05	0.5	2	10020	True
yptar	3e-05	0.5	2	01020	True
yptar	3e-05	0.5	2	00120	True
yptar	3e-05	0.5	2	00030	True
yptar	3e-05	0.5	2	40000	True
yptar	3e-05	0.5	2	31000	True
yptar	3e-05	0.5	2	22000	False
yptar	3e-05	0.5	2	13000	False
yptar	3e-05	0.5	2	04000	True
yptar	3e-05	0.5	2	30100	False
yptar	3e-05	0.5	2	21100	True
yptar	3e-05	0.5	2	12100	False
yptar	3e-05	0.5	2	03100	True
yptar	3e-05	0.5	2	20200	True
yptar	3e-05	0.5	2	11200	False
yptar	3e-05	0.5	2	02200	False
yptar	3e-05	0.5	2	10300	False
yptar	3e-05	0.5	2	01300	False
yptar	3e-05	0.5	2	00400	True
yptar	3e-05	0.5	2	30010	True
yptar	3e-05	0.5	2	21010	True
yptar	3e-05	0.5	2	12010	True
yptar	3e-05	0.5	2	03010	True
yptar	3e-05	0.5	2	20110	False
yptar	3e-05	0.5	2	11110	True
yptar	3e-05	0.5	2	02110	True
yptar	3e-05	0.5	2	10210	False
yptar	3e-05	0.5	2	01210	True
yptar	3e-05	0.5	2	00310	False
yptar	3e-05	0.5	2	20020	False
yptar	3e-05	0.5	2	11020	False
yptar	3e-05	0.5	2	02020	True
yptar	3e-05	0.5	2	10120	True
yptar	3e-05	0.5	2	01120	True
yptar	3e-05	0.5	2	00220	True
yptar	3e-05	0.5	2	10030	True
yptar	3e-05	0.5	2	01030	False
yptar	3e-05	0.5	2	00130	False
yptar	3e-05	0.5	2	00040	False
yptar	3e-05	0.5	2	50000	True
yptar	3e-05	0.5	2	41000	False
yptar	3e-05	0.5	2	32000	True
yptar	3e-05	0.5	2	23000	False
yptar	3e-05	0.5	2	14000	False
yptar	3e-05	0.5	2	05000	True
yptar	3e-05	0.5	2	40100	False
yptar	3e-05	0.5	2	31100	False
yptar	3e-05	0.5	2	22100	False
yptar	3e-05	0.5	2	13100	False
yptar	3e-05	0.5	2	04100	True
yptar	3e-05	0.5	2	30200	True
yptar	3e-05	0.5	2	21200	False
yptar	3e-05	0.5	2	12200	False
yptar	3e-05	0.5	2	03200	False
yptar	3e-05	0.5	2	20300	True
yptar	3e-05	0.5	2	11300	False
yptar	3e-05	0.5	2	02300	True
yptar	3e-05	0.5	2	10400	False
yptar	3e-05	0.5	2	01400	True
yptar	3e-05	0.5	2	00500	True
yptar	3e-05	0.5	2	40010	True
yptar	3e-05	0.5	2	31010	False
yptar	3e-05	0.5	2	22010	False
yptar	3e-05	0.5	2	13010	True
yptar	3e-05	0.5	2	04010	False
yptar	3e-05	0.5	2	30110	False
yptar	3e-05	0.5	2	21110	False
yptar	3e-05	0.5	2	12110	False
yptar	3e-05	0.5	2	03110	True
yptar	3e-05	0.5	2	20210	False
yptar	3e-05	0.5	2	11210	False
yptar	3e-05	0.5	2	02210	False
yptar	3e-05	0.5	2	10310	False
yptar	3e-05	0.5	2	01310	True
yptar	3e-05	0.5	2	00410	False
yptar	3e-05	0.5	2	30020	True
yptar	3e-05	0.5	2	21020	False
yptar	3e-05	0.5	2	12020	False
yptar	3e-05	0.5	2	03020	False
yptar	3e-05	0.5	2	20120	False
yptar	3e-05	0.5	2	11120	False
yptar	3e-05	0.5	2	02120	False
yptar	3e-05	0.5	2	10220	False
yptar	3e-05	0.5	2	01220	False
yptar	3e-05	0.5	2	00320	True
yptar	3e-05	0.5	2	20030	False
yptar	3e-05	0.5	2	11030	False
yptar	3e-05	0.5	2	02030	False
yptar	3e-05	0.5	2	10130	False
yptar	3e-05	0.5	2	01130	False
yptar	3e-05	0.5	2	00230	False
yptar	3e-05	0.5	2	10040	True
yptar	3e-05	0.5	2	01040	False
yptar	3e-05	0.5	2	00140	False
yptar	3e-05	0.5	2	00050	False
yptar	3e-05	0.5	2	60000	True
yptar	3e-05	0.5	2	51000	False
yptar	3e-05	0.5	2	42000	False
yptar	3e-05	0.5	2	33000	True
yptar	3e-05	0.5	2	24000	True
yptar	3e-05	0.5	2	15000	False
yptar	3e-05	0.5	2	06000	False
yptar	3e-05	0.5	2	50100	True
yptar	3e-05	0.5	2	41100	False
yptar	3e-05	0.5	2	32100	False
yptar	3e-05	0.5	2	23100	True
yptar	3e-05	0.5	2	14100	True
yptar	3e-05	0.5	2	05100	True
yptar	3e-05	0.5	2	40200	False
yptar	3e-05	0.5	2	31200	False
yptar	3e-05	0.5	2	22200	False
yptar	3e-05	0.5	2	13200	False
yptar	3e-05	0.5	2	04200	True
yptar	3e-05	0.5	2	30300	False
yptar	3e-05	0.5	2	21300	False
yptar	3e-05	0.5	2	12300	False
yptar	3e-05	0.5	2	03300	False
yptar	3e-05	0.5	2	20400	False
yptar	3e-05	0.5	2	11400	False
yptar	3e-05	0.5	2	02400	True
yptar	3e-05	0.5	2	10500	True
yptar	3e-05	0.5	2	01500	True
yptar	3e-05	0.5	2	00600	False
yptar	3e-05	0.5	2	50010	True
yptar	3e-05	0.5	2	41010	False
yptar	3e-05	0.5	2	32010	False
yptar	3e-05	0.5	2	23010	True
yptar	3e-05	0.5	2	14010	False
yptar	3e-05	0.5	2	05010	True
yptar	3e-05	0.5	2	40110	False
yptar	3e-05	0.5	2	31110	False
yptar	3e-05	0.5	2	22110	False
yptar	3e-05	0.5	2	13110	False
yptar	3e-05	0.5	2	04110	False
yptar	3e-05	0.5	2	30210	True
yptar	3e-05	0.5	2	21210	False
yptar	3e-05	0.5	2	12210	False
yptar	3e-05	0.5	2	03210	True
yptar	3e-05	0.5	2	20310	True
yptar	3e-05	0.5	2	11310	False
yptar	3e-05	0.5	2	02310	False
yptar	3e-05	0.5	2	10410	False
yptar	3e-05	0.5	2	01410	False
yptar	3e-05	0.5	2	00510	False
yptar	3e-05	0.5	2	40020	True
yptar	3e-05	0.5	2	31020	True
yptar	3e-05	0.5	2	22020	False
yptar	3e-05	0.5	2	13020	False
yptar	3e-05	0.5	2	04020	True
yptar	3e-05	0.5	2	30120	False
yptar	3e-05	0.5	2	21120	False
yptar	3e-05	0.5	2	12120	False
yptar	3e-05	0.5	2	03120	False
yptar	3e-05	0.5	2	20220	False
yptar	3e-05	0.5	2	11220	False
yptar	3e-05	0.5	2	02220	False
yptar	3e-05	0.5	2	10320	False
yptar	3e-05	0.5	2	01320	True
yptar	3e-05	0.5	2	00420	False
yptar	3e-05	0.5	2	30030	False
yptar	3e-05	0.5	2	21030	False
yptar	3e-05	0.5	2	12030	False
yptar	3e-05	0.5	2	03030	True
yptar	3e-05	0.5	2	20130	False
yptar	3e-05	0.5	2	11130	False
yptar	3e-05	0.5	2	02130	False
yptar	3e-05	0.5	2	10230	True
yptar	3e-05	0.5	2	01230	True
yptar	3e-05	0.5	2	00330	True
yptar	3e-05	0.5	2	20040	False
yptar	3e-05	0.5	2	11040	False
yptar	3e-05	0.5	2	02040	True
yptar	3e-05	0.5	2	10140	False
yptar	3e-05	0.5	2	01140	False
yptar	3e-05	0.5	2	00240	False
yptar	3e-05	0.5	2	10050	False
yptar	3e-05	0.5	2	01050	True
yptar	3e-05	0.5	2	00150	False
yptar	3e-05	0.5	2	00060	True
