method	foil_z_cm	N	target	units	training_count	heldout_count	training_residual_rms	heldout_residual_rms	heldout_change_from_reference_percent
rescaled_direct_X	-8.0	1	xptar	mrad	44310	36160	27.15053005756812	27.28425178824855	1149.762842891322
rescaled_direct_X	-8.0	1	ytar	cm	44310	36160	1.723378386772113	1.6001608631474569	958.4047244251929
rescaled_direct_X	-8.0	1	yptar	mrad	44310	36160	13.500807668623057	13.628062840853232	1160.606021783344
rescaled_direct_X	-8.0	2	xptar	mrad	44310	36160	27.036186408750723	27.181935473898932	1145.0762152759437
rescaled_direct_X	-8.0	2	ytar	cm	44310	36160	1.723459300940726	1.5971230208844833	956.395384816133
rescaled_direct_X	-8.0	2	yptar	mrad	44310	36160	13.381894569428189	13.439156653133352	1143.132057906545
rescaled_direct_X	-8.0	3	xptar	mrad	44310	36160	7.031971399800078	6.976721802831813	219.57070848189338
rescaled_direct_X	-8.0	3	ytar	cm	44310	36160	1.723438473278335	1.5973929097446313	956.5738991463039
rescaled_direct_X	-8.0	3	yptar	mrad	44310	36160	13.373369892025934	13.426982098490601	1142.0059024819327
rescaled_direct_X	-8.0	4	xptar	mrad	44310	36160	6.974321289740186	6.93971128684503	217.87543136616034
rescaled_direct_X	-8.0	4	ytar	cm	44310	36160	1.4883799202447254	1.3847921068591296	815.9519783301662
rescaled_direct_X	-8.0	4	yptar	mrad	44310	36160	13.346375880286107	13.47588994410321	1146.5299148387649
rescaled_direct_X	-8.0	5	xptar	mrad	44310	36160	6.971589464462395	6.939324520399318	217.85771542010912
rescaled_direct_X	-8.0	5	ytar	cm	44310	36160	1.4524729484692687	1.3665608319908353	803.8931485604252
rescaled_direct_X	-8.0	5	yptar	mrad	44310	36160	3.887834494546376	3.6417900436849817	236.86830716525282
rescaled_direct_X	-8.0	6	xptar	mrad	44310	36160	6.937767308752119	6.904922751981955	216.28193272203674
rescaled_direct_X	-8.0	6	ytar	cm	44310	36160	1.4478260529431566	1.3625586607215612	801.2459665945904
rescaled_direct_X	-8.0	6	yptar	mrad	44310	36160	3.8763718732637416	3.631768541973909	235.94131074970807
rescaled_direct_X	-8.0	7	xptar	mrad	44310	36160	3.147690495332004	3.0914613675633875	41.60525923158283
rescaled_direct_X	-8.0	7	ytar	cm	44310	36160	1.4478282670404823	1.362573558806723	801.2558207311858
rescaled_direct_X	-8.0	7	yptar	mrad	44310	36160	3.8759001278999476	3.6300628893668816	235.78353660582576
rescaled_direct_X	-8.0	8	xptar	mrad	44310	36160	3.0352812694485944	2.9623197720744816	35.689892053244066
rescaled_direct_X	-8.0	8	ytar	cm	44310	36160	1.442150666327053	1.3559980687891766	796.9065519418639
rescaled_direct_X	-8.0	8	yptar	mrad	44310	36160	3.85828642270097	3.60877378925326	233.8142788973032
rescaled_direct_X	-8.0	9	xptar	mrad	44310	36160	3.0256126111564607	2.953716271825542	35.29580629955071
rescaled_direct_X	-8.0	9	ytar	cm	44310	36160	1.4246899369387598	1.341376411401914	787.2352547529267
rescaled_direct_X	-8.0	9	yptar	mrad	44310	36160	3.8087385664516984	3.5646859133718367	229.7361173513238
rescaled_direct_X	-8.0	10	xptar	mrad	44310	36160	2.987100969611488	2.916917467000241	33.61022667323752
rescaled_direct_X	-8.0	10	ytar	cm	44310	36160	1.424713068230195	1.341284362644452	787.1743703493527
rescaled_direct_X	-8.0	10	yptar	mrad	44310	36160	3.808028875366871	3.564380007171851	229.7078207986658
rescaled_direct_X	-8.0	11	xptar	mrad	44310	36160	2.9776900803827395	2.908374882594209	33.21893118689694
rescaled_direct_X	-8.0	11	ytar	cm	44310	36160	1.4084183950782747	1.3243354591118988	775.9637477264519
rescaled_direct_X	-8.0	11	yptar	mrad	44310	36160	3.77154727987904	3.5268480429610567	226.23608599336004
rescaled_direct_X	-8.0	12	xptar	mrad	44310	36160	2.9272729736409446	2.912786325209493	33.42099855920084
rescaled_direct_X	-8.0	12	ytar	cm	44310	36160	0.31447885709923606	0.3025799985556586	100.1374407807682
rescaled_direct_X	-8.0	12	yptar	mrad	44310	36160	1.320684036359167	1.269895515640284	17.466286496194392
rescaled_direct_X	-8.0	13	xptar	mrad	44310	36160	2.927699849341162	2.9148932950888677	33.51750890834913
rescaled_direct_X	-8.0	13	ytar	cm	44310	36160	0.31928638033419193	0.30310618862320815	100.48548207228225
rescaled_direct_X	-8.0	13	yptar	mrad	44310	36160	1.3274596317590959	1.2728411025410107	17.738755491098846
rescaled_direct_X	-8.0	14	xptar	mrad	44310	36160	2.921884057017332	2.9042692435487933	33.030871233297844
rescaled_direct_X	-8.0	14	ytar	cm	44310	36160	0.3192171470611278	0.3030441441768132	100.44444361377404
rescaled_direct_X	-8.0	14	yptar	mrad	44310	36160	1.328512002671233	1.27393207007965	17.839670805684584
rescaled_direct_X	-8.0	15	xptar	mrad	44310	36160	2.916014939521142	2.8994976153377467	32.81230545826617
rescaled_direct_X	-8.0	15	ytar	cm	44310	36160	0.3172509873254739	0.3012946597806206	99.28727086140697
rescaled_direct_X	-8.0	15	yptar	mrad	44310	36160	1.328061462665652	1.2734766743186974	17.79754635665207
rescaled_direct_X	-8.0	16	xptar	mrad	44310	36160	2.9161847101947287	2.899844388844179	32.82818951646214
rescaled_direct_X	-8.0	16	ytar	cm	44310	36160	0.3165625386914679	0.3010612334476399	99.13287417584746
rescaled_direct_X	-8.0	16	yptar	mrad	44310	36160	1.326790755037247	1.2733423773880632	17.785123789964395
rescaled_direct_X	-8.0	17	xptar	mrad	44310	36160	2.5894663474191946	2.498234613192908	14.432340553982748
rescaled_direct_X	-8.0	17	ytar	cm	44310	36160	0.31654355412183127	0.3010701127651551	99.13874728012352
rescaled_direct_X	-8.0	17	yptar	mrad	44310	36160	1.3267974429886988	1.2732659772080528	17.77805671608079
rescaled_direct_X	-8.0	18	xptar	mrad	44310	36160	2.5770889229112477	2.5060536778147857	14.790495012694983
rescaled_direct_X	-8.0	18	ytar	cm	44310	36160	0.3136278020557026	0.2978064644225097	96.98005129881828
rescaled_direct_X	-8.0	18	yptar	mrad	44310	36160	1.3208219859979822	1.2673663016539838	17.232332307786113
rescaled_direct_X	-8.0	19	xptar	mrad	44310	36160	2.5773458653738626	2.506195822069373	14.797005970337974
rescaled_direct_X	-8.0	19	ytar	cm	44310	36160	0.31135236399958355	0.2953236658512019	95.33783782004373
rescaled_direct_X	-8.0	19	yptar	mrad	44310	36160	1.3186771728721627	1.2647255632183085	16.988062024265883
rescaled_direct_X	-8.0	20	xptar	mrad	44310	36160	2.5739236707503523	2.5028817529639626	14.64520410093506
rescaled_direct_X	-8.0	20	ytar	cm	44310	36160	0.31132630479053747	0.29530403409292005	95.32485265949342
rescaled_direct_X	-8.0	20	yptar	mrad	44310	36160	1.3186843671874238	1.2646812913416015	16.983966842505694
rescaled_direct_X	-8.0	21	xptar	mrad	44310	36160	2.5709333214102044	2.5008038754391313	14.55002633528595
rescaled_direct_X	-8.0	21	ytar	cm	44310	36160	0.3090632519059459	0.29336466574280157	94.04208373829344
rescaled_direct_X	-8.0	21	yptar	mrad	44310	36160	1.313959533435052	1.26064269477482	16.61039363469976
rescaled_direct_X	-8.0	22	xptar	mrad	44310	36160	2.5669730120882273	2.4973679705470673	14.392643743337441
rescaled_direct_X	-8.0	22	ytar	cm	44310	36160	0.3088973877110634	0.29317039581907534	93.91358652915589
rescaled_direct_X	-8.0	22	yptar	mrad	44310	36160	1.3140874810705807	1.260750823556509	16.620395628007035
rescaled_direct_X	-8.0	23	xptar	mrad	44310	36160	2.5634296705436976	2.4905235745023573	14.079134253500714
rescaled_direct_X	-8.0	23	ytar	cm	44310	36160	0.3077076439508338	0.2921255326334423	93.22247593051478
rescaled_direct_X	-8.0	23	yptar	mrad	44310	36160	1.3139916230817927	1.2608262727829858	16.627374737976375
rescaled_direct_X	-8.0	24	xptar	mrad	44310	36160	2.5516718390307984	2.477522336378362	13.483608876992136
rescaled_direct_X	-8.0	24	ytar	cm	44310	36160	0.29716788363702334	0.2811233055093591	85.94520185419236
rescaled_direct_X	-8.0	24	yptar	mrad	44310	36160	1.296616853296741	1.244344273561399	15.102777463044825
rescaled_direct_X	-8.0	25	xptar	mrad	44310	36160	2.5449729486057437	2.4704963621343423	13.16178214656043
rescaled_direct_X	-8.0	25	ytar	cm	44310	36160	0.2963682306996372	0.28001350538376807	85.21113959636237
rescaled_direct_X	-8.0	25	yptar	mrad	44310	36160	1.295453768301848	1.243439522855969	15.019087345029014
rescaled_direct_X	-8.0	26	xptar	mrad	44310	36160	2.5124512233967713	2.4365293752891755	11.605914740940326
rescaled_direct_X	-8.0	26	ytar	cm	44310	36160	0.2928265294144919	0.27868397369713716	84.3317388743404
rescaled_direct_X	-8.0	26	yptar	mrad	44310	36160	1.2857747513587754	1.2397530366043814	14.678084605150122
rescaled_direct_X	-8.0	27	xptar	mrad	44310	36160	2.4029699453035573	2.3540285671974392	7.826941974460877
rescaled_direct_X	-8.0	27	ytar	cm	44310	36160	0.21599068079091766	0.2094177340217549	38.516523039483076
rescaled_direct_X	-8.0	27	yptar	mrad	44310	36160	1.181803486310522	1.144530198176101	5.8699007175509355
rescaled_direct_X	-8.0	28	xptar	mrad	44310	36160	2.4027140184586333	2.3549619116461904	7.869694079987566
rescaled_direct_X	-8.0	28	ytar	cm	44310	36160	0.20991542110474332	0.20196837958876335	33.5892484714202
rescaled_direct_X	-8.0	28	yptar	mrad	44310	36160	1.1756600880724666	1.136777283210288	5.152750275378026
rescaled_direct_X	-8.0	29	xptar	mrad	44310	36160	2.406488926678626	2.3593115264770335	8.068929413199744
rescaled_direct_X	-8.0	29	ytar	cm	44310	36160	0.2096583796119155	0.20115340459039097	33.050194299785794
rescaled_direct_X	-8.0	29	yptar	mrad	44310	36160	1.173408425100511	1.1344356967407667	4.936151772826647
rescaled_direct_X	-8.0	30	xptar	mrad	44310	36160	2.405059656617107	2.357637544432396	7.992252193853888
rescaled_direct_X	-8.0	30	ytar	cm	44310	36160	0.20143039117687506	0.1931795113481638	27.775970642649874
rescaled_direct_X	-8.0	30	yptar	mrad	44310	36160	1.164076473976529	1.125490911879573	4.108752472481836
rescaled_direct_X	-8.0	31	xptar	mrad	44310	36160	2.4040157196497165	2.3568753730048115	7.957340716804762
rescaled_direct_X	-8.0	31	ytar	cm	44310	36160	0.1997559232727529	0.1917794140733257	26.849895268309876
rescaled_direct_X	-8.0	31	yptar	mrad	44310	36160	1.1642898421275485	1.1255842108584122	4.117382697916239
rescaled_direct_X	-8.0	32	xptar	mrad	44310	36160	2.4047299680586	2.3586958252013654	8.040727042739949
rescaled_direct_X	-8.0	32	ytar	cm	44310	36160	0.19685202730197865	0.18884230034934732	24.90718118672801
rescaled_direct_X	-8.0	32	yptar	mrad	44310	36160	1.1564551073189526	1.1170513294255353	3.328084773254303
rescaled_direct_X	-8.0	33	xptar	mrad	44310	36160	2.40449269712659	2.358202518216108	8.01813097724775
rescaled_direct_X	-8.0	33	ytar	cm	44310	36160	0.1969954865735797	0.188912962541064	24.953919736128615
rescaled_direct_X	-8.0	33	yptar	mrad	44310	36160	1.156431315830232	1.1170581603339589	3.3287166374006194
rescaled_direct_X	-8.0	34	xptar	mrad	44310	36160	2.4046420496675007	2.358331078671	8.024019725117238
rescaled_direct_X	-8.0	34	ytar	cm	44310	36160	0.19698086979470616	0.18923880017617475	25.169440625521222
rescaled_direct_X	-8.0	34	yptar	mrad	44310	36160	1.1564671116272907	1.1170363330867918	3.3266976006865345
rescaled_direct_X	-8.0	35	xptar	mrad	44310	36160	2.404385775800733	2.3584939218434746	8.031478802527792
rescaled_direct_X	-8.0	35	ytar	cm	44310	36160	0.18481446445904862	0.17689473226246444	17.004624137760093
rescaled_direct_X	-8.0	35	yptar	mrad	44310	36160	1.151647889380041	1.1133437464758724	2.9851305729995614
rescaled_direct_X	-8.0	36	xptar	mrad	44310	36160	2.4036125275214104	2.3581698678004406	8.016635415755967
rescaled_direct_X	-8.0	36	ytar	cm	44310	36160	0.184601173554094	0.17678223584015954	16.930214903294605
rescaled_direct_X	-8.0	36	yptar	mrad	44310	36160	1.1511093869948577	1.1133025937837222	2.9813239181474938
rescaled_direct_X	-8.0	37	xptar	mrad	44310	36160	2.3890176156969276	2.3386418461887963	7.122148882102031
rescaled_direct_X	-8.0	37	ytar	cm	44310	36160	0.18451662633783766	0.17684278129506745	16.970261874191618
rescaled_direct_X	-8.0	37	yptar	mrad	44310	36160	1.151307984441505	1.1137674207832347	3.024320763811894
rescaled_direct_X	-8.0	38	xptar	mrad	44310	36160	2.3761998686759522	2.338418979747032	7.111940421924845
rescaled_direct_X	-8.0	38	ytar	cm	44310	36160	0.18449788631348588	0.17697060865220748	17.05481154780486
rescaled_direct_X	-8.0	38	yptar	mrad	44310	36160	1.1512432231560357	1.1135675093196185	3.005828803670463
rescaled_direct_X	-8.0	39	xptar	mrad	44310	36160	2.3768084257571287	2.3379256802175994	7.089344697948796
rescaled_direct_X	-8.0	39	ytar	cm	44310	36160	0.18327510553401974	0.17570556258141654	16.218063962748296
rescaled_direct_X	-8.0	39	yptar	mrad	44310	36160	1.1496554512651267	1.1122955456245214	2.888171209025203
rescaled_direct_X	-8.0	40	xptar	mrad	44310	36160	2.3765829370089593	2.3383952361462748	7.1108528396003345
rescaled_direct_X	-8.0	40	ytar	cm	44310	36160	0.18305492574171703	0.17546926589627238	16.061768721636938
rescaled_direct_X	-8.0	40	yptar	mrad	44310	36160	1.1493957613720027	1.1120783280642996	2.8680784219834665
rescaled_direct_X	-8.0	41	xptar	mrad	44310	36160	2.3766620631283266	2.3385719728110006	7.118948312339146
rescaled_direct_X	-8.0	41	ytar	cm	44310	36160	0.18298772764617954	0.1753821609552489	16.0041543384688
rescaled_direct_X	-8.0	41	yptar	mrad	44310	36160	1.149345768493171	1.1120150700574967	2.862227008966589
rescaled_direct_X	-8.0	42	xptar	mrad	44310	36160	2.376486758505758	2.3372689047044433	7.059260910464582
rescaled_direct_X	-8.0	42	ytar	cm	44310	36160	0.183013941367352	0.17536783703090977	15.994679972770953
rescaled_direct_X	-8.0	42	yptar	mrad	44310	36160	1.1493496744006721	1.112021776844416	2.8628473917807984
rescaled_direct_X	-8.0	43	xptar	mrad	44310	36160	2.3721528469411983	2.333268507883543	6.876021606620641
rescaled_direct_X	-8.0	43	ytar	cm	44310	36160	0.18271251386731355	0.1752609844717115	15.924003795095976
rescaled_direct_X	-8.0	43	yptar	mrad	44310	36160	1.148811774749564	1.1120743247734988	2.8677081145854544
rescaled_direct_X	-8.0	44	xptar	mrad	44310	36160	2.3736829577334078	2.3333636402280926	6.880379170474593
rescaled_direct_X	-8.0	44	ytar	cm	44310	36160	0.18256347457464142	0.17511183343657874	15.8253498635613
rescaled_direct_X	-8.0	44	yptar	mrad	44310	36160	1.1488882756889482	1.1121833806132142	2.877795861454646
rescaled_direct_X	-8.0	45	xptar	mrad	44310	36160	2.372810295799612	2.3322087832799356	6.827480622482063
rescaled_direct_X	-8.0	45	ytar	cm	44310	36160	0.18256035453713917	0.17511204828728935	15.825491973653083
rescaled_direct_X	-8.0	45	yptar	mrad	44310	36160	1.1488140017520891	1.1121135555998198	2.871336995408602
rescaled_direct_X	-8.0	46	xptar	mrad	44310	36160	2.371178584791133	2.329914901975447	6.7224087428277235
rescaled_direct_X	-8.0	46	ytar	cm	44310	36160	0.1821225952877527	0.1747653475568943	15.596171472531717
rescaled_direct_X	-8.0	46	yptar	mrad	44310	36160	1.1478637168818167	1.1112888142985577	2.79504780721469
rescaled_direct_X	-8.0	47	xptar	mrad	44310	36160	2.37474859774665	2.3312080533542665	6.78164190619337
rescaled_direct_X	-8.0	47	ytar	cm	44310	36160	0.18206908324012644	0.17468817464440548	15.545126495081663
rescaled_direct_X	-8.0	47	yptar	mrad	44310	36160	1.1478678750666949	1.111278766298571	2.794118359688791
rescaled_direct_X	-8.0	48	xptar	mrad	44310	36160	2.375325001717769	2.3317869036648045	6.808156307809399
rescaled_direct_X	-8.0	48	ytar	cm	44310	36160	0.1821327965917361	0.17474838006069288	15.584948552039869
rescaled_direct_X	-8.0	48	yptar	mrad	44310	36160	1.1478759164539238	1.1112898114031238	2.795140040133992
rescaled_direct_X	-8.0	49	xptar	mrad	44310	36160	2.3730470309748433	2.329296605211575	6.694087485299249
rescaled_direct_X	-8.0	49	ytar	cm	44310	36160	0.1820875265170058	0.17471385329640565	15.56211129156042
rescaled_direct_X	-8.0	49	yptar	mrad	44310	36160	1.1468015262514586	1.1104544220000494	2.717865894545768
rescaled_direct_X	-8.0	50	xptar	mrad	44310	36160	2.3726365815987287	2.3292817809222854	6.693408454550287
rescaled_direct_X	-8.0	50	ytar	cm	44310	36160	0.1820978669899525	0.1747200272199042	15.566194949616063
rescaled_direct_X	-8.0	50	yptar	mrad	44310	36160	1.146514445971752	1.110164593149677	2.691056508770817
rescaled_direct_X	-8.0	51	xptar	mrad	44310	36160	2.3647409288868686	2.317081358315094	6.134564658488917
rescaled_direct_X	-8.0	51	ytar	cm	44310	36160	0.18194841289988986	0.17440982434379418	15.361015459749439
rescaled_direct_X	-8.0	51	yptar	mrad	44310	36160	1.1462547867407868	1.109812825779016	2.658517763469992
rescaled_direct_X	-8.0	52	xptar	mrad	44310	36160	2.3242265430807576	2.2808981966272817	4.477184739599838
rescaled_direct_X	-8.0	52	ytar	cm	44310	36160	0.1754686138371062	0.1696302082254286	12.199603131074866
rescaled_direct_X	-8.0	52	yptar	mrad	44310	36160	1.1400979947959544	1.1055132869333633	2.260807199392345
rescaled_direct_X	-8.0	53	xptar	mrad	44310	36160	2.3211160782597573	2.2746036161838235	4.1888597083372
rescaled_direct_X	-8.0	53	ytar	cm	44310	36160	0.17292823951982295	0.16758064013256527	10.843944082989655
rescaled_direct_X	-8.0	53	yptar	mrad	44310	36160	1.1381831699746423	1.1043599692362716	2.1541244484422295
rescaled_direct_X	-8.0	54	xptar	mrad	44310	36160	2.321860272142248	2.272566662670007	4.095556478546558
rescaled_direct_X	-8.0	54	ytar	cm	44310	36160	0.17214533001738574	0.16672015539724022	10.274788112400302
rescaled_direct_X	-8.0	54	yptar	mrad	44310	36160	1.1380315245057668	1.1041762377454558	2.1371291479055143
rescaled_direct_X	-8.0	55	xptar	mrad	44310	36160	2.320146004122637	2.2720386914548336	4.071372608233359
rescaled_direct_X	-8.0	55	ytar	cm	44310	36160	0.17212779080508514	0.16672755327773794	10.279681340231228
rescaled_direct_X	-8.0	55	yptar	mrad	44310	36160	1.1386451954381271	1.1048997306634103	2.204052784796673
rescaled_direct_X	-8.0	56	xptar	mrad	44310	36160	2.3171648181812916	2.2694267799768646	3.9517332668498772
rescaled_direct_X	-8.0	56	ytar	cm	44310	36160	0.1699117435010418	0.16520941481666668	9.275529222444213
rescaled_direct_X	-8.0	56	yptar	mrad	44310	36160	1.137387140823286	1.104218965472973	2.1410814947089074
rescaled_direct_X	-8.0	57	xptar	mrad	44310	36160	2.3145532323899483	2.2666743266465255	3.825656366308583
rescaled_direct_X	-8.0	57	ytar	cm	44310	36160	0.16911143754296354	0.1645296605255397	8.825914955687342
rescaled_direct_X	-8.0	57	yptar	mrad	44310	36160	1.136739804147298	1.1036177286521247	2.0854666383841147
rescaled_direct_X	-8.0	58	xptar	mrad	44310	36160	2.3129064824932533	2.264600305499252	3.730655243120373
rescaled_direct_X	-8.0	58	ytar	cm	44310	36160	0.16870957206296	0.1641105711497002	8.5487139657366
rescaled_direct_X	-8.0	58	yptar	mrad	44310	36160	1.1364390775389226	1.1034215422421834	2.0673192484981007
rescaled_direct_X	-8.0	59	xptar	mrad	44310	36160	2.3129757292854864	2.2648867664581056	3.743776668076171
rescaled_direct_X	-8.0	59	ytar	cm	44310	36160	0.16902427815179938	0.16453823443900367	8.831586054591245
rescaled_direct_X	-8.0	59	yptar	mrad	44310	36160	1.1362183000635744	1.103321485186077	2.058063895853879
rescaled_direct_X	-8.0	60	xptar	mrad	44310	36160	2.3131822407621745	2.2653927146257833	3.7669517664919105
rescaled_direct_X	-8.0	60	ytar	cm	44310	36160	0.1691985989649941	0.1649002346462031	9.071026187372123
rescaled_direct_X	-8.0	60	yptar	mrad	44310	36160	1.1370745476562072	1.104566390019658	2.173218525538667
rescaled_direct_X	-8.0	61	xptar	mrad	44310	36160	2.310512015038944	2.26217787933576	3.6196953299706403
rescaled_direct_X	-8.0	61	ytar	cm	44310	36160	0.16931981553369863	0.16501948266943167	9.1499011767999
rescaled_direct_X	-8.0	61	yptar	mrad	44310	36160	1.1358692224740334	1.1030799392601416	2.03572071675886
rescaled_direct_X	-8.0	62	xptar	mrad	44310	36160	2.3105012693139786	2.261390907355156	3.5836478566007024
rescaled_direct_X	-8.0	62	ytar	cm	44310	36160	0.16293237298940108	0.15857767363818637	4.889053864796478
rescaled_direct_X	-8.0	62	yptar	mrad	44310	36160	1.1323753934661647	1.0993874967979003	1.6941670229325911
rescaled_direct_X	-8.0	63	xptar	mrad	44310	36160	2.3106371085567554	2.2614240548740323	3.5851661880450525
rescaled_direct_X	-8.0	63	ytar	cm	44310	36160	0.16298575795677966	0.15856813450727478	4.882744335888312
rescaled_direct_X	-8.0	63	yptar	mrad	44310	36160	1.1323386210613986	1.0992584694820111	1.6822318995563634
rescaled_direct_X	-8.0	64	xptar	mrad	44310	36160	2.305989792999466	2.2579879165027408	3.427772901514725
rescaled_direct_X	-8.0	64	ytar	cm	44310	36160	0.16267963682818576	0.15829611790617942	4.702822640293847
rescaled_direct_X	-8.0	64	yptar	mrad	44310	36160	1.13016333547514	1.097222414802926	1.4938953164991942
rescaled_direct_X	-8.0	65	xptar	mrad	44310	36160	2.305930202129206	2.2575107752963315	3.405917314078777
rescaled_direct_X	-8.0	65	ytar	cm	44310	36160	0.1622767860316825	0.15786848589685404	4.419971241156895
rescaled_direct_X	-8.0	65	yptar	mrad	44310	36160	1.1298941238235405	1.0969210441732031	1.4660183074881594
rescaled_direct_X	-8.0	66	xptar	mrad	44310	36160	2.3050709511847978	2.2570328913692026	3.384027706110926
rescaled_direct_X	-8.0	66	ytar	cm	44310	36160	0.16219358154305794	0.15788084633565125	4.428146885943773
rescaled_direct_X	-8.0	66	yptar	mrad	44310	36160	1.128600617280842	1.095979985335871	1.3789696600724044
rescaled_direct_X	-8.0	67	xptar	mrad	44310	36160	2.3046090438766873	2.2568871604277914	3.3773524592671134
rescaled_direct_X	-8.0	67	ytar	cm	44310	36160	0.16217847976291327	0.1578509379698662	4.408364402584897
rescaled_direct_X	-8.0	67	yptar	mrad	44310	36160	1.1289242917020654	1.096516602874945	1.428607184425701
rescaled_direct_X	-8.0	68	xptar	mrad	44310	36160	2.30463401426838	2.2568869749402745	3.377343962959123
rescaled_direct_X	-8.0	68	ytar	cm	44310	36160	0.1621916094085166	0.15790081541302464	4.441355161637284
rescaled_direct_X	-8.0	68	yptar	mrad	44310	36160	1.128894312248069	1.0964431580750185	1.421813485413792
rescaled_direct_X	-8.0	69	xptar	mrad	44310	36160	2.303475627962846	2.2560264146997127	3.3379257586018785
rescaled_direct_X	-8.0	69	ytar	cm	44310	36160	0.1620650440877607	0.15776705834309837	4.352883359835569
rescaled_direct_X	-8.0	69	yptar	mrad	44310	36160	1.1288939802149758	1.0964207498233274	1.4197407053459843
rescaled_direct_X	-8.0	70	xptar	mrad	44310	36160	2.303463119872703	2.2552556478472545	3.302620565693881
rescaled_direct_X	-8.0	70	ytar	cm	44310	36160	0.1620505055286105	0.15774931053004865	4.34114430933592
rescaled_direct_X	-8.0	70	yptar	mrad	44310	36160	1.1295443300014187	1.0971957472727183	1.4914285499779023
rescaled_direct_X	-8.0	71	xptar	mrad	44310	36160	2.3034024823996893	2.2553939688756928	3.3089563993855764
rescaled_direct_X	-8.0	71	ytar	cm	44310	36160	0.16195725776822767	0.15770972088269433	4.314958273442193
rescaled_direct_X	-8.0	71	yptar	mrad	44310	36160	1.129153611195535	1.0971163817205893	1.4840871769519426
rescaled_direct_X	-8.0	72	xptar	mrad	44310	36160	2.3017230799216777	2.252583008730172	3.180199577685472
rescaled_direct_X	-8.0	72	ytar	cm	44310	36160	0.16190379816122336	0.15778317032078937	4.363540409198996
rescaled_direct_X	-8.0	72	yptar	mrad	44310	36160	1.1290246908383776	1.0974764513408999	1.5173938865646885
rescaled_direct_X	-8.0	73	xptar	mrad	44310	36160	2.287219135892069	2.240393250718281	2.6218442764175176
rescaled_direct_X	-8.0	73	ytar	cm	44310	36160	0.161895456121169	0.15778990337629062	4.3679938975428545
rescaled_direct_X	-8.0	73	yptar	mrad	44310	36160	1.1290218764298634	1.0974772467990517	1.5174674670396238
rescaled_direct_X	-8.0	74	xptar	mrad	44310	36160	2.2875680797624156	2.2386967010735868	2.5441333417906664
rescaled_direct_X	-8.0	74	ytar	cm	44310	36160	0.16172508269160688	0.15765439698634506	4.27836503171366
rescaled_direct_X	-8.0	74	yptar	mrad	44310	36160	1.1287016919386013	1.0972212432012114	1.4937869424629158
rescaled_direct_X	-8.0	75	xptar	mrad	44310	36160	2.2818569698557476	2.246042818637159	2.8806243272029297
rescaled_direct_X	-8.0	75	ytar	cm	44310	36160	0.16162881277607105	0.15754852575402273	4.208337939406026
rescaled_direct_X	-8.0	75	yptar	mrad	44310	36160	1.1286141400582081	1.0971318904069018	1.4855217420536526
rescaled_direct_X	-8.0	76	xptar	mrad	44310	36160	2.2809805369485385	2.2458582603334816	2.8721705820874854
rescaled_direct_X	-8.0	76	ytar	cm	44310	36160	0.16162861062879655	0.15754566084748697	4.20644298579087
rescaled_direct_X	-8.0	76	yptar	mrad	44310	36160	1.128581849887025	1.0971554197301545	1.4876982220807244
rescaled_direct_X	-8.0	77	xptar	mrad	44310	36160	2.2809881813555624	2.24588382292192	2.8733414836554116
rescaled_direct_X	-8.0	77	ytar	cm	44310	36160	0.1616317538567114	0.15755109483377272	4.210037222401541
rescaled_direct_X	-8.0	77	yptar	mrad	44310	36160	1.128515416744147	1.097049182989011	1.4778712439412756
rescaled_direct_X	-8.0	78	xptar	mrad	44310	36160	2.280743851275839	2.245836933876904	2.871193717733367
rescaled_direct_X	-8.0	78	ytar	cm	44310	36160	0.16161467803619023	0.15752434647340358	4.192344881814214
rescaled_direct_X	-8.0	78	yptar	mrad	44310	36160	1.1284877482768438	1.0969787556696	1.4713566641374909
rescaled_direct_X	-8.0	79	xptar	mrad	44310	36160	2.2740671430428185	2.2400510153698465	2.606168089827654
rescaled_direct_X	-8.0	79	ytar	cm	44310	36160	0.16160878985542387	0.15743718507655116	4.134693156702873
rescaled_direct_X	-8.0	79	yptar	mrad	44310	36160	1.1284478738456207	1.0968624500837474	1.4605983103197273
rescaled_direct_X	-8.0	80	xptar	mrad	44310	36160	2.275981942111507	2.2388243506602516	2.5499803670843146
rescaled_direct_X	-8.0	80	ytar	cm	44310	36160	0.16159987895906397	0.15740581157409494	4.11394157854208
rescaled_direct_X	-8.0	80	yptar	mrad	44310	36160	1.1284368748645723	1.0968449073705062	1.4589755962033824
rescaled_direct_X	-8.0	81	xptar	mrad	44310	36160	2.274900063880073	2.2376422783163328	2.4958352102185666
rescaled_direct_X	-8.0	81	ytar	cm	44310	36160	0.16160489760063046	0.15741657967023062	4.121063989848062
rescaled_direct_X	-8.0	81	yptar	mrad	44310	36160	1.1283661478434148	1.0966862018185823	1.444295213761504
rescaled_direct_X	-8.0	82	xptar	mrad	44310	36160	2.275001118774652	2.2376580502128953	2.496557646385722
rescaled_direct_X	-8.0	82	ytar	cm	44310	36160	0.16160962258144215	0.1574163302392406	4.120899007098933
rescaled_direct_X	-8.0	82	yptar	mrad	44310	36160	1.128367923715507	1.0967154539391066	1.4470010568232272
rescaled_direct_X	-8.0	83	xptar	mrad	44310	36160	2.274020245875627	2.237210217329751	2.4760445349571114
rescaled_direct_X	-8.0	83	ytar	cm	44310	36160	0.16145869246895805	0.15723600648187464	4.001626300761885
rescaled_direct_X	-8.0	83	yptar	mrad	44310	36160	1.1281084372735988	1.0964768528349484	1.4249302759486104
rescaled_direct_X	-8.0	84	xptar	mrad	44310	36160	2.273011949234563	2.2337670560197895	2.3183295607416943
rescaled_direct_X	-8.0	84	ytar	cm	44310	36160	0.16138886275523437	0.15713233495749623	3.9330541754727832
rescaled_direct_X	-8.0	84	yptar	mrad	44310	36160	1.1280292471562214	1.0963708553083469	1.4151254253335077
rescaled_direct_X	-8.0	85	xptar	mrad	44310	36160	2.2736470884692292	2.233242653846235	2.2943091713857333
rescaled_direct_X	-8.0	85	ytar	cm	44310	36160	0.1613922117436726	0.15712934023349565	3.931073355854209
rescaled_direct_X	-8.0	85	yptar	mrad	44310	36160	1.1280290607232315	1.0963699482172824	1.4150415187305088
rescaled_direct_X	-8.0	86	xptar	mrad	44310	36160	2.2736808323594704	2.2332871859545733	2.2963489771589796
rescaled_direct_X	-8.0	86	ytar	cm	44310	36160	0.161388786840878	0.15713173864766783	3.932659754415413
rescaled_direct_X	-8.0	86	yptar	mrad	44310	36160	1.1281096118254215	1.0964820393068453	1.425410028484353
rescaled_direct_X	-8.0	87	xptar	mrad	44310	36160	2.2737546359996252	2.233364259763282	2.2998793646891835
rescaled_direct_X	-8.0	87	ytar	cm	44310	36160	0.16136644603498734	0.15709135983941222	3.9059517387348253
rescaled_direct_X	-8.0	87	yptar	mrad	44310	36160	1.128004109054637	1.0963449077585938	1.4127252575436122
rescaled_direct_X	-8.0	88	xptar	mrad	44310	36160	2.273098224732033	2.2332032447964347	2.2925040287526732
rescaled_direct_X	-8.0	88	ytar	cm	44310	36160	0.16118035215607546	0.1568339386375585	3.7356839722346047
rescaled_direct_X	-8.0	88	yptar	mrad	44310	36160	1.1276974691850794	1.0957257571134404	1.355453359051051
rescaled_direct_X	-8.0	89	xptar	mrad	44310	36160	2.2728592477333107	2.233083290163401	2.287009472978818
rescaled_direct_X	-8.0	89	ytar	cm	44310	36160	0.16117415356085352	0.1567685240127217	3.6924163548542
rescaled_direct_X	-8.0	89	yptar	mrad	44310	36160	1.1273868593906076	1.0952085778664873	1.307613891280468
rescaled_direct_X	-8.0	90	xptar	mrad	44310	36160	2.2727210577231913	2.2325274623384024	2.2615496228015175
rescaled_direct_X	-8.0	90	ytar	cm	44310	36160	0.16117042362894288	0.15677345983992091	3.6956810908859827
rescaled_direct_X	-8.0	90	yptar	mrad	44310	36160	1.1275055107882836	1.0954003613860424	1.3253540105074846
rescaled_direct_X	-8.0	91	xptar	mrad	44310	36160	2.272588774367486	2.2325409557217037	2.262167691026584
rescaled_direct_X	-8.0	91	ytar	cm	44310	36160	0.16140634188322883	0.1569631360295844	3.821139836862275
rescaled_direct_X	-8.0	91	yptar	mrad	44310	36160	1.1284236857938417	1.0961080108779342	1.3908121186192668
rescaled_direct_X	-8.0	92	xptar	mrad	44310	36160	2.2730192287462234	2.232232883544723	2.248056358133632
rescaled_direct_X	-8.0	92	ytar	cm	44310	36160	0.1613880238325146	0.1570223236144448	3.860288663012379
rescaled_direct_X	-8.0	92	yptar	mrad	44310	36160	1.1284489362366559	1.0963324631873999	1.4115741253857284
rescaled_direct_X	-8.0	93	xptar	mrad	44310	36160	2.2721090001033204	2.235327804992764	2.389820107326668
rescaled_direct_X	-8.0	93	ytar	cm	44310	36160	0.16066956714090477	0.15634080992261237	3.4095106644947304
rescaled_direct_X	-8.0	93	yptar	mrad	44310	36160	1.1278233014153023	1.095755586967774	1.3582126429229513
rescaled_direct_X	-8.0	94	xptar	mrad	44310	36160	2.255574976900683	2.2095610710477858	1.2095675969400865
rescaled_direct_X	-8.0	94	ytar	cm	44310	36160	0.16012523155435146	0.155984641832121	3.173928106298618
rescaled_direct_X	-8.0	94	yptar	mrad	44310	36160	1.127750560476875	1.0957324032288838	1.3560681297082766
rescaled_direct_X	-8.0	95	xptar	mrad	44310	36160	2.246144911581445	2.1987724127637014	0.7153900635870292
rescaled_direct_X	-8.0	95	ytar	cm	44310	36160	0.1601209607131029	0.1559726011031173	3.1659639292233477
rescaled_direct_X	-8.0	95	yptar	mrad	44310	36160	1.1277758346496047	1.0957594055968483	1.3585658689729163
rescaled_direct_X	-8.0	96	xptar	mrad	44310	36160	2.245655891519375	2.1996424981033273	0.7552445677914355
rescaled_direct_X	-8.0	96	ytar	cm	44310	36160	0.1600489500917857	0.15588667005699133	3.1091260029315837
rescaled_direct_X	-8.0	96	yptar	mrad	44310	36160	1.1275519172928956	1.0955607449599194	1.3401896112370748
rescaled_direct_X	-8.0	97	xptar	mrad	44310	36160	2.244444748466655	2.1984815226895367	0.7020657617561321
rescaled_direct_X	-8.0	97	ytar	cm	44310	36160	0.16004944688085446	0.15588702610594854	3.1093615066906777
rescaled_direct_X	-8.0	97	yptar	mrad	44310	36160	1.127584409786274	1.0955150146014432	1.3359595188206619
rescaled_direct_X	-8.0	98	xptar	mrad	44310	36160	2.244591998926746	2.1973583750849666	0.650619669183472
rescaled_direct_X	-8.0	98	ytar	cm	44310	36160	0.15990716552250986	0.155826920525973	3.0696054851083954
rescaled_direct_X	-8.0	98	yptar	mrad	44310	36160	1.1273591675793164	1.095409244559764	1.326175710731281
rescaled_direct_X	-8.0	99	xptar	mrad	44310	36160	2.2444249859278202	2.1970173319896777	0.6349980940849598
rescaled_direct_X	-8.0	99	ytar	cm	44310	36160	0.15971184766900529	0.1556255584041625	2.936417237631006
rescaled_direct_X	-8.0	99	yptar	mrad	44310	36160	1.126796122805082	1.0945213963629783	1.2440490874270127
rescaled_direct_X	-8.0	100	xptar	mrad	44310	36160	2.2426931740825395	2.1960455669835306	0.5904861240983772
rescaled_direct_X	-8.0	100	ytar	cm	44310	36160	0.15971679114794843	0.1556464051140123	2.9502060114361184
rescaled_direct_X	-8.0	100	yptar	mrad	44310	36160	1.126774821613555	1.0945412840546551	1.2458887138053099
rescaled_direct_X	-8.0	101	xptar	mrad	44310	36160	2.24251493298666	2.1961657733332296	0.5959922098250248
rescaled_direct_X	-8.0	101	ytar	cm	44310	36160	0.1597798012370719	0.1557702560430086	3.0321255305251427
rescaled_direct_X	-8.0	101	yptar	mrad	44310	36160	1.1264950668166154	1.09456909227086	1.2484609946358471
rescaled_direct_X	-8.0	102	xptar	mrad	44310	36160	2.2413959643985626	2.1941793771138203	0.5050047711536498
rescaled_direct_X	-8.0	102	ytar	cm	44310	36160	0.15979476983725766	0.15583226631829208	3.073141387014644
rescaled_direct_X	-8.0	102	yptar	mrad	44310	36160	1.1263371915219913	1.0950287799586975	1.2909824501203815
rescaled_direct_X	-8.0	103	xptar	mrad	44310	36160	2.2411975689105605	2.19383711564443	0.48932738808604714
rescaled_direct_X	-8.0	103	ytar	cm	44310	36160	0.1597669416136705	0.15583686540552413	3.07618339095721
rescaled_direct_X	-8.0	103	yptar	mrad	44310	36160	1.125648304459746	1.0945339377032413	1.2452091707962465
rescaled_direct_X	-8.0	104	xptar	mrad	44310	36160	2.2411867864099517	2.193813800071003	0.488259411674008
rescaled_direct_X	-8.0	104	ytar	cm	44310	36160	0.15852032417783968	0.15499525968847055	2.519514691236191
rescaled_direct_X	-8.0	104	yptar	mrad	44310	36160	1.121719363617017	1.0913921635471986	0.9545927078079774
rescaled_direct_X	-8.0	105	xptar	mrad	44310	36160	2.2411996075502216	2.1938279988776714	0.488909792015213
rescaled_direct_X	-8.0	105	ytar	cm	44310	36160	0.1583700000464962	0.15485710090823718	2.4281314377849084
rescaled_direct_X	-8.0	105	yptar	mrad	44310	36160	1.1217198384900362	1.0913879623822964	0.9542040969073629
rescaled_direct_X	-8.0	106	xptar	mrad	44310	36160	2.24116547203315	2.193677239992562	0.4820042387932322
rescaled_direct_X	-8.0	106	ytar	cm	44310	36160	0.15795899853598946	0.15469518543608787	2.3210346423144346
rescaled_direct_X	-8.0	106	yptar	mrad	44310	36160	1.118300472999891	1.0888038318572235	0.7151700875237532
rescaled_direct_X	-8.0	107	xptar	mrad	44310	36160	2.2404287887544108	2.195063687281802	0.545510847629993
rescaled_direct_X	-8.0	107	ytar	cm	44310	36160	0.15748903720832028	0.1541341573851566	1.9499502386671974
rescaled_direct_X	-8.0	107	yptar	mrad	44310	36160	1.118996520858241	1.089816289627336	0.808823189707808
rescaled_direct_X	-8.0	108	xptar	mrad	44310	36160	2.2403904156751566	2.194996077009784	0.5424139400650896
rescaled_direct_X	-8.0	108	ytar	cm	44310	36160	0.15755769973327396	0.15424459891361458	2.0230002914367384
rescaled_direct_X	-8.0	108	yptar	mrad	44310	36160	1.1190107672094523	1.08992848627926	0.8192014640591161
rescaled_direct_X	-8.0	109	xptar	mrad	44310	36160	2.239671753959861	2.193524786838373	0.47502107909858093
rescaled_direct_X	-8.0	109	ytar	cm	44310	36160	0.15729132940074522	0.15397178298023528	1.8425498883321678
rescaled_direct_X	-8.0	109	yptar	mrad	44310	36160	1.1190757325804948	1.090049627619429	0.8304071287736914
rescaled_direct_X	-8.0	110	xptar	mrad	44310	36160	2.2360012112856578	2.188242107432119	0.2330464600369231
rescaled_direct_X	-8.0	110	ytar	cm	44310	36160	0.15729242912374575	0.15397349611849226	1.843683020423148
rescaled_direct_X	-8.0	110	yptar	mrad	44310	36160	1.1190901824983943	1.0900907548557328	0.8342114289408897
rescaled_direct_X	-8.0	111	xptar	mrad	44310	36160	2.2345826689598725	2.1857103235801483	0.11707738714528126
rescaled_direct_X	-8.0	111	ytar	cm	44310	36160	0.15623727953500477	0.15263373629115723	0.9575170333002703
rescaled_direct_X	-8.0	111	yptar	mrad	44310	36160	1.1176972253400104	1.08855351271495	0.6920153793452899
rescaled_direct_X	-8.0	112	xptar	mrad	44310	36160	2.2337700560199685	2.1845992232696005	0.06618312427069117
rescaled_direct_X	-8.0	112	ytar	cm	44310	36160	0.15626652913441336	0.15266669309567635	0.9793158651604461
rescaled_direct_X	-8.0	112	yptar	mrad	44310	36160	1.1176996978246394	1.088557167339648	0.6923534348675986
rescaled_direct_X	-8.0	113	xptar	mrad	44310	36160	2.2330016366393384	2.1836507454262906	0.022737829341079596
rescaled_direct_X	-8.0	113	ytar	cm	44310	36160	0.1562460784316362	0.15264833080441362	0.9671703763715733
rescaled_direct_X	-8.0	113	yptar	mrad	44310	36160	1.1174641082722392	1.088358979859785	0.674020944514786
rescaled_direct_X	-8.0	114	xptar	mrad	44310	36160	2.232932372886547	2.1838198346986792	0.030483011118564995
rescaled_direct_X	-8.0	114	ytar	cm	44310	36160	0.15578518873422226	0.15209739936056546	0.6027642366936314
rescaled_direct_X	-8.0	114	yptar	mrad	44310	36160	1.1158140007194777	1.0864267951924016	0.4952924153507343
rescaled_direct_X	-8.0	115	xptar	mrad	44310	36160	2.232884329863968	2.1836655520311568	0.023416050050029114
rescaled_direct_X	-8.0	115	ytar	cm	44310	36160	0.15577832814920028	0.15209315164183862	0.5999546406886047
rescaled_direct_X	-8.0	115	yptar	mrad	44310	36160	1.1158117756049848	1.0863374476390284	0.4870276997320122
rescaled_direct_X	-8.0	116	xptar	mrad	44310	36160	2.2328984832588246	2.18367765061969	0.02397022930764603
rescaled_direct_X	-8.0	116	ytar	cm	44310	36160	0.1555079767723366	0.15210816363103155	0.6098841175623093
rescaled_direct_X	-8.0	116	yptar	mrad	44310	36160	1.1157073768030659	1.0871627422475971	0.5633680692662901
rescaled_direct_X	-8.0	117	xptar	mrad	44310	36160	2.2328187104666353	2.183395931122487	0.01106598833908734
rescaled_direct_X	-8.0	117	ytar	cm	44310	36160	0.1548000161230992	0.15143573868067	0.16511774395899792
rescaled_direct_X	-8.0	117	yptar	mrad	44310	36160	1.1144549853410852	1.085894192406479	0.4460262586714725
rescaled_direct_X	-8.0	118	xptar	mrad	44310	36160	2.232668195397559	2.183450995112171	0.013588209905668336
rescaled_direct_X	-8.0	118	ytar	cm	44310	36160	0.1547043792946765	0.15128699875073778	0.06673573238968888
rescaled_direct_X	-8.0	118	yptar	mrad	44310	36160	1.1138342712632294	1.085109704287566	0.3734605199991359
rescaled_direct_X	-8.0	119	xptar	mrad	44310	36160	2.2327085065163836	2.1831350664918627	-0.0008829895881468097
rescaled_direct_X	-8.0	119	ytar	cm	44310	36160	0.15467602481736428	0.1512533697781517	0.044492304067933475
rescaled_direct_X	-8.0	119	yptar	mrad	44310	36160	1.1138379911927592	1.0852568863960488	0.38707497529031354
rescaled_direct_X	-8.0	120	xptar	mrad	44310	36160	2.2326269890706185	2.1830279908388555	-0.005787620052100095
rescaled_direct_X	-8.0	120	ytar	cm	44310	36160	0.1546840193949291	0.15126459830080213	0.051919258254384815
rescaled_direct_X	-8.0	120	yptar	mrad	44310	36160	1.113950485685455	1.0854608175322842	0.4059387581602403
rescaled_direct_X	-8.0	121	xptar	mrad	44310	36160	2.232523551084854	2.183148464298522	-0.00026929927812169296
rescaled_direct_X	-8.0	121	ytar	cm	44310	36160	0.15468430775397102	0.15125928013576312	0.04840163003825282
rescaled_direct_X	-8.0	121	yptar	mrad	44310	36160	1.1138619632654112	1.0854356743549485	0.40361299542153173
rescaled_direct_X	-8.0	122	xptar	mrad	44310	36160	2.2322174491611118	2.183076581470689	-0.0035619124662877866
rescaled_direct_X	-8.0	122	ytar	cm	44310	36160	0.15469558936178926	0.15128473724012542	0.06523988683340143
rescaled_direct_X	-8.0	122	yptar	mrad	44310	36160	1.1132804435848407	1.0847642244065894	0.34150337220417715
rescaled_direct_X	-8.0	123	xptar	mrad	44310	36160	2.23221563125964	2.1830594294969283	-0.004347563458473314
rescaled_direct_X	-8.0	123	ytar	cm	44310	36160	0.15466450195998593	0.15130080223043815	0.07586585703205362
rescaled_direct_X	-8.0	123	yptar	mrad	44310	36160	1.1122837651821897	1.0838096797401313	0.2532072754918069
rescaled_direct_X	-8.0	124	xptar	mrad	44310	36160	2.2322851006379363	2.1832053652427277	0.0023370645080511565
rescaled_direct_X	-8.0	124	ytar	cm	44310	36160	0.1546664103128082	0.15130611711246536	0.07938131374449764
rescaled_direct_X	-8.0	124	yptar	mrad	44310	36160	1.112035796759755	1.083510059116715	0.2254921433751056
rescaled_direct_X	-8.0	125	xptar	mrad	44310	36160	2.2322551281409906	2.1831577360613235	0.00015539643014594873
rescaled_direct_X	-8.0	125	ytar	cm	44310	36160	0.1546675015562435	0.15129904294454408	0.07470220121168492
rescaled_direct_X	-8.0	125	yptar	mrad	44310	36160	1.1118250593473733	1.0829852351782536	0.17694553591325324
rescaled_direct_X	-8.0	126	xptar	mrad	44310	36160	2.232242845648054	2.1831543435174092	0.0
rescaled_direct_X	-8.0	126	ytar	cm	44310	36160	0.15459141861750247	0.15118610359723075	0.0
rescaled_direct_X	-8.0	126	yptar	mrad	44310	36160	1.110367158140231	1.0810723259574784	0.0
rescaled_direct_X	-8.0	127	xptar	mrad	44310	36160	2.2322821578730974	2.18341371279237	0.011880482739612397
rescaled_direct_X	-8.0	127	ytar	cm	44310	36160	0.154540557588586	0.15115169282548518	-0.022760538784205586
rescaled_direct_X	-8.0	127	yptar	mrad	44310	36160	1.1101081626162148	1.0810360362678428	-0.003356823476485804
rescaled_direct_X	-8.0	128	xptar	mrad	44310	36160	2.232296774241311	2.183416774685486	0.012020733616746604
rescaled_direct_X	-8.0	128	ytar	cm	44310	36160	0.15437921840097565	0.15111041091192176	-0.050065901235629706
rescaled_direct_X	-8.0	128	yptar	mrad	44310	36160	1.1097320053132038	1.0808386435961148	-0.02161579348139986
rescaled_direct_X	-8.0	129	xptar	mrad	44310	36160	2.2245510063132694	2.1724598588344577	-0.4898638850114878
rescaled_direct_X	-8.0	129	ytar	cm	44310	36160	0.15437388871960392	0.15111274904843652	-0.04851937251432181
rescaled_direct_X	-8.0	129	yptar	mrad	44310	36160	1.1097291504916864	1.0808476038659425	-0.02078696181005979
rescaled_direct_X	-8.0	130	xptar	mrad	44310	36160	2.2248550278293173	2.1725576437015466	-0.4853848216150203
rescaled_direct_X	-8.0	130	ytar	cm	44310	36160	0.15436613383118938	0.15110618902043937	-0.052858414159728806
rescaled_direct_X	-8.0	130	yptar	mrad	44310	36160	1.109714508746633	1.080834582229235	-0.021991472960225522
rescaled_direct_X	-8.0	131	xptar	mrad	44310	36160	2.21403324384138	2.1866124889818286	0.1584013276334728
rescaled_direct_X	-8.0	131	ytar	cm	44310	36160	0.15434698842944394	0.15106556924462017	-0.07972581457069694
rescaled_direct_X	-8.0	131	yptar	mrad	44310	36160	1.1097233531595792	1.080834833762913	-0.02196820590657511
rescaled_direct_X	-8.0	132	xptar	mrad	44310	36160	2.196584106102658	2.161822463120988	-0.9771127936860413
rescaled_direct_X	-8.0	132	ytar	cm	44310	36160	0.1543162042244364	0.15109023548231215	-0.06341066582018495
rescaled_direct_X	-8.0	132	yptar	mrad	44310	36160	1.1097265108306504	1.0808168164879461	-0.023634817338047398
rescaled_direct_X	-8.0	133	xptar	mrad	44310	36160	2.1968232689264133	2.162236782271014	-0.958134788248366
rescaled_direct_X	-8.0	133	ytar	cm	44310	36160	0.1542971617337926	0.15107118820757662	-0.07600922764718909
rescaled_direct_X	-8.0	133	yptar	mrad	44310	36160	1.1097280604007984	1.0808187372167106	-0.023457148488481572
rescaled_direct_X	-8.0	134	xptar	mrad	44310	36160	2.196684258743977	2.16227862134484	-0.9562183376799149
rescaled_direct_X	-8.0	134	ytar	cm	44310	36160	0.15429565292139005	0.1510682271934306	-0.07796775033913628
rescaled_direct_X	-8.0	134	yptar	mrad	44310	36160	1.1097413058765349	1.0808509514446136	-0.020477308275246298
rescaled_direct_X	-8.0	135	xptar	mrad	44310	36160	2.195849158813923	2.1619161057375487	-0.9728234672424674
rescaled_direct_X	-8.0	135	ytar	cm	44310	36160	0.1542939001620404	0.15106594299531495	-0.07947860223709302
rescaled_direct_X	-8.0	135	yptar	mrad	44310	36160	1.1097416003273797	1.0808511019555036	-0.020463385905178377
rescaled_direct_X	-8.0	136	xptar	mrad	44310	36160	2.1952561546767946	2.1612506825031224	-1.0033033660367119
rescaled_direct_X	-8.0	136	ytar	cm	44310	36160	0.15429252076299765	0.1510290729415347	-0.10386579980551369
rescaled_direct_X	-8.0	136	yptar	mrad	44310	36160	1.1097397446272785	1.0808569378032038	-0.019923565621182693
rescaled_direct_X	-8.0	137	xptar	mrad	44310	36160	2.191309755509125	2.154766892516026	-1.300295193772083
rescaled_direct_X	-8.0	137	ytar	cm	44310	36160	0.15429351911849656	0.15102972762372743	-0.10343276913856725
rescaled_direct_X	-8.0	137	yptar	mrad	44310	36160	1.10969043181829	1.0808343518244021	-0.022012785579861305
rescaled_direct_X	-8.0	138	xptar	mrad	44310	36160	2.191268154325509	2.152158665411049	-1.4197657714122625
rescaled_direct_X	-8.0	138	ytar	cm	44310	36160	0.15429233221921057	0.1510383669451193	-0.09771840704687618
rescaled_direct_X	-8.0	138	yptar	mrad	44310	36160	1.109661714408059	1.0808869835786954	-0.01714430888042351
rescaled_direct_X	-8.0	139	xptar	mrad	44310	36160	2.190405065168201	2.1531281132946245	-1.375359937878129
rescaled_direct_X	-8.0	139	ytar	cm	44310	36160	0.15429075554049182	0.15103956871754784	-0.0969235109552713
rescaled_direct_X	-8.0	139	yptar	mrad	44310	36160	1.1096496499293367	1.0808530589568577	-0.020282361813905858
rescaled_direct_X	-8.0	140	xptar	mrad	44310	36160	2.1904823049267232	2.153167764852081	-1.373543687113532
rescaled_direct_X	-8.0	140	ytar	cm	44310	36160	0.154290640435832	0.15103748352235608	-0.09830273506525877
rescaled_direct_X	-8.0	140	yptar	mrad	44310	36160	1.109653097760856	1.0808509141090987	-0.02048076183834846
rescaled_direct_X	-8.0	141	xptar	mrad	44310	36160	2.1902329161559577	2.1533415145646577	-1.3655850325597352
rescaled_direct_X	-8.0	141	ytar	cm	44310	36160	0.15427307489462264	0.15105576176668528	-0.08621283798192492
rescaled_direct_X	-8.0	141	yptar	mrad	44310	36160	1.109713024802632	1.0810072725227156	-0.006017491448151446
rescaled_direct_X	-8.0	142	xptar	mrad	44310	36160	2.189860417077999	2.1527446377255153	-1.3929251443990487
rescaled_direct_X	-8.0	142	ytar	cm	44310	36160	0.1542717678328613	0.15105302815646135	-0.08802094743041167
rescaled_direct_X	-8.0	142	yptar	mrad	44310	36160	1.1096997874372023	1.0809913272990899	-0.007492436578360184
rescaled_direct_X	-8.0	143	xptar	mrad	44310	36160	2.1898980932015624	2.152762180364102	-1.3921215988944136
rescaled_direct_X	-8.0	143	ytar	cm	44310	36160	0.15426741712474076	0.15104750050899465	-0.09167713496033292
rescaled_direct_X	-8.0	143	yptar	mrad	44310	36160	1.1094272920811865	1.080808768910293	-0.0243792242995422
rescaled_direct_X	-8.0	144	xptar	mrad	44310	36160	2.1896165304715276	2.152273363574982	-1.4145119896870506
rescaled_direct_X	-8.0	144	ytar	cm	44310	36160	0.15426636615798128	0.15104759609800922	-0.09161390890165544
rescaled_direct_X	-8.0	144	yptar	mrad	44310	36160	1.1093034620183686	1.0807012761812589	-0.034322382259754924
rescaled_direct_X	-8.0	145	xptar	mrad	44310	36160	2.1896147354436857	2.152263345214487	-1.414970883513078
rescaled_direct_X	-8.0	145	ytar	cm	44310	36160	0.15428338771456543	0.15107390150813707	-0.07421455175046221
rescaled_direct_X	-8.0	145	yptar	mrad	44310	36160	1.1093326709925766	1.0806850568523705	-0.0358226823320873
rescaled_direct_X	-8.0	146	xptar	mrad	44310	36160	2.1893927591195776	2.15242676774899	-1.4074852682615324
rescaled_direct_X	-8.0	146	ytar	cm	44310	36160	0.154275681868781	0.15109187242081593	-0.06232793502362055
rescaled_direct_X	-8.0	146	yptar	mrad	44310	36160	1.1093596455770927	1.0805278318597549	-0.05036611192884566
rescaled_direct_X	-8.0	147	xptar	mrad	44310	36160	2.1892957192272195	2.1524960807644353	-1.4043103660540401
rescaled_direct_X	-8.0	147	ytar	cm	44310	36160	0.1542750188938219	0.15109025802313697	-0.0633957564969867
rescaled_direct_X	-8.0	147	yptar	mrad	44310	36160	1.1093470663292395	1.0805226869551898	-0.050842019455243914
rescaled_direct_X	-8.0	148	xptar	mrad	44310	36160	2.189206923051055	2.152496464640883	-1.4042927824851614
rescaled_direct_X	-8.0	148	ytar	cm	44310	36160	0.15427206203473642	0.151075992775804	-0.07283131108405394
rescaled_direct_X	-8.0	148	yptar	mrad	44310	36160	1.109333630185336	1.080549989540483	-0.04831650986280023
rescaled_direct_X	-8.0	149	xptar	mrad	44310	36160	2.1890322826770565	2.1522170235971876	-1.417092658248642
rescaled_direct_X	-8.0	149	ytar	cm	44310	36160	0.1542499227747808	0.15106347764685585	-0.08110927357556363
rescaled_direct_X	-8.0	149	yptar	mrad	44310	36160	1.1092342407347462	1.0804755360844587	-0.05520351031935711
rescaled_direct_X	-8.0	150	xptar	mrad	44310	36160	2.1887345369964026	2.1517964814131774	-1.436355711511872
rescaled_direct_X	-8.0	150	ytar	cm	44310	36160	0.15423705936386414	0.15106343400374664	-0.08113814071888381
rescaled_direct_X	-8.0	150	yptar	mrad	44310	36160	1.1089731698242373	1.0803312118741353	-0.0685536078898985
rescaled_direct_X	-8.0	151	xptar	mrad	44310	36160	2.188573912027198	2.1518970681079326	-1.431748309609493
rescaled_direct_X	-8.0	151	ytar	cm	44310	36160	0.15423512739460243	0.15105899900645264	-0.08407160959497118
rescaled_direct_X	-8.0	151	yptar	mrad	44310	36160	1.1089915729993403	1.0803551994417109	-0.0663347399196823
rescaled_direct_X	-8.0	152	xptar	mrad	44310	36160	2.1886075463171264	2.1520490792193843	-1.4247853978069824
rescaled_direct_X	-8.0	152	ytar	cm	44310	36160	0.1542707038391839	0.15107450511670742	-0.07381530303911532
rescaled_direct_X	-8.0	152	yptar	mrad	44310	36160	1.1089858314761403	1.0803549966174377	-0.06635350131688478
rescaled_direct_X	-8.0	153	xptar	mrad	44310	36160	2.1886749816222077	2.151967896900429	-1.4285039768069718
rescaled_direct_X	-8.0	153	ytar	cm	44310	36160	0.15418399427277035	0.1509814381652981	-0.1353731772054223
rescaled_direct_X	-8.0	153	yptar	mrad	44310	36160	1.1087467919824217	1.0800054789161566	-0.09868415051480506
rescaled_direct_X	-8.0	154	xptar	mrad	44310	36160	2.1890099736642674	2.1522439849259385	-1.415857686986488
rescaled_direct_X	-8.0	154	ytar	cm	44310	36160	0.15420090432472172	0.15092667158805145	-0.17159778776391077
rescaled_direct_X	-8.0	154	yptar	mrad	44310	36160	1.1088827595585442	1.0796175595650985	-0.13456698108439413
rescaled_direct_X	-8.0	155	xptar	mrad	44310	36160	2.1882745118798663	2.152388907122031	-1.4092194849499418
rescaled_direct_X	-8.0	155	ytar	cm	44310	36160	0.15420470605426936	0.1510065176008973	-0.11878472429706077
rescaled_direct_X	-8.0	155	yptar	mrad	44310	36160	1.1089578069079926	1.0798545707896623	-0.11264326526326807
rescaled_direct_X	-8.0	156	xptar	mrad	44310	36160	2.188281989188712	2.1538129993068154	-1.3439885410630348
rescaled_direct_X	-8.0	156	ytar	cm	44310	36160	0.1542024113750102	0.15100048450833586	-0.12277523163728432
rescaled_direct_X	-8.0	156	yptar	mrad	44310	36160	1.1086495186595053	1.0793903568497534	-0.15558340245508395
rescaled_direct_X	-8.0	157	xptar	mrad	44310	36160	2.16704936445034	2.12371092843309	-2.722822381332257
rescaled_direct_X	-8.0	157	ytar	cm	44310	36160	0.1539669505110828	0.15084513623823895	-0.2255282402807146
rescaled_direct_X	-8.0	157	yptar	mrad	44310	36160	1.1085611179094743	1.0793479204778769	-0.15950879864344847
rescaled_direct_X	-8.0	158	xptar	mrad	44310	36160	2.161033026263723	2.1140982160507176	-3.1631353812315077
rescaled_direct_X	-8.0	158	ytar	cm	44310	36160	0.15395775676346315	0.1508527419766543	-0.22049752764615738
rescaled_direct_X	-8.0	158	yptar	mrad	44310	36160	1.1083351664834085	1.0795907768800286	-0.13704439951671699
rescaled_direct_X	-8.0	159	xptar	mrad	44310	36160	2.1611636962761103	2.116695612382612	-3.044160910204885
rescaled_direct_X	-8.0	159	ytar	cm	44310	36160	0.15389431472073797	0.1508587806475686	-0.21650333058000903
rescaled_direct_X	-8.0	159	yptar	mrad	44310	36160	1.1083158703414357	1.0795524052723684	-0.1405938019700792
rescaled_direct_X	-8.0	160	xptar	mrad	44310	36160	2.1594820388845393	2.118886550649677	-2.943804365392999
rescaled_direct_X	-8.0	160	ytar	cm	44310	36160	0.15389014955262964	0.15083859698398402	-0.22985354141575876
rescaled_direct_X	-8.0	160	yptar	mrad	44310	36160	1.1083219336032162	1.0795713990541955	-0.13883686292252007
rescaled_direct_X	-8.0	161	xptar	mrad	44310	36160	2.1591528294647504	2.1181399172071607	-2.9780041206568963
rescaled_direct_X	-8.0	161	ytar	cm	44310	36160	0.15389738534897446	0.15085599049376267	-0.2183488400147704
rescaled_direct_X	-8.0	161	yptar	mrad	44310	36160	1.1082434826163006	1.0794910326107598	-0.1462708191441342
rescaled_direct_X	-8.0	162	xptar	mrad	44310	36160	2.1590148251694736	2.11691066888708	-3.034310186406719
rescaled_direct_X	-8.0	162	ytar	cm	44310	36160	0.1539019367107555	0.15086418844129576	-0.21292641868236872
rescaled_direct_X	-8.0	162	yptar	mrad	44310	36160	1.108242781887402	1.0794895809647038	-0.1464050974917641
rescaled_direct_X	-8.0	163	xptar	mrad	44310	36160	2.159056928860365	2.116949368688405	-3.0325375310999436
rescaled_direct_X	-8.0	163	ytar	cm	44310	36160	0.153913886444382	0.15087730409849273	-0.20425124491645352
rescaled_direct_X	-8.0	163	yptar	mrad	44310	36160	1.1084144742056303	1.0797120473622435	-0.1258267890661413
rescaled_direct_X	-8.0	164	xptar	mrad	44310	36160	2.15872968509036	2.1167984954211656	-3.039448323627625
rescaled_direct_X	-8.0	164	ytar	cm	44310	36160	0.15392855674764955	0.15089173275638754	-0.1947076046270979
rescaled_direct_X	-8.0	164	yptar	mrad	44310	36160	1.1081174576459176	1.0795436108450072	-0.14140729308904643
rescaled_direct_X	-8.0	165	xptar	mrad	44310	36160	2.1579192087029475	2.116328348835072	-3.0609835205086644
rescaled_direct_X	-8.0	165	ytar	cm	44310	36160	0.15391438190655582	0.15087206874780112	-0.20771409670443663
rescaled_direct_X	-8.0	165	yptar	mrad	44310	36160	1.1080665837967798	1.07945108322539	-0.1499661672175745
rescaled_direct_X	-8.0	166	xptar	mrad	44310	36160	2.1578246085737316	2.1163260932433867	-3.0610868385215317
rescaled_direct_X	-8.0	166	ytar	cm	44310	36160	0.15382611405712046	0.1509083563396045	-0.18371216071960683
rescaled_direct_X	-8.0	166	yptar	mrad	44310	36160	1.1080652187581541	1.0794459342458682	-0.1504424516805325
rescaled_direct_X	-8.0	167	xptar	mrad	44310	36160	2.1565966608412244	2.1151107484809097	-3.1167560478967515
rescaled_direct_X	-8.0	167	ytar	cm	44310	36160	0.15381777895995508	0.15089725635930576	-0.1910540923089732
rescaled_direct_X	-8.0	167	yptar	mrad	44310	36160	1.1080536654358464	1.0795651135674926	-0.13941827515109306
rescaled_direct_X	-8.0	168	xptar	mrad	44310	36160	2.1564365342635092	2.114854067992813	-3.1285133699962664
rescaled_direct_X	-8.0	168	ytar	cm	44310	36160	0.15382844392914657	0.1509117429467169	-0.18147213532586637
rescaled_direct_X	-8.0	168	yptar	mrad	44310	36160	1.1078905135810218	1.0793764441921716	-0.15687033370359593
rescaled_direct_X	-8.0	169	xptar	mrad	44310	36160	2.155509276868859	2.1156794582196974	-3.0907061380277434
rescaled_direct_X	-8.0	169	ytar	cm	44310	36160	0.15383041030027755	0.15090838059613462	-0.18369611656637863
rescaled_direct_X	-8.0	169	yptar	mrad	44310	36160	1.1079124285015494	1.0793772276807532	-0.1567978604228859
rescaled_direct_X	-8.0	170	xptar	mrad	44310	36160	2.1550995355438087	2.115828312771932	-3.0838878133098158
rescaled_direct_X	-8.0	170	ytar	cm	44310	36160	0.15358680166866906	0.1507399052516796	-0.2951318507022682
rescaled_direct_X	-8.0	170	yptar	mrad	44310	36160	1.1080915210868754	1.079715431617191	-0.12551374294828
rescaled_direct_X	-8.0	171	xptar	mrad	44310	36160	2.1548263760081876	2.115642568471085	-3.092395883359844
rescaled_direct_X	-8.0	171	ytar	cm	44310	36160	0.1534900125358402	0.15062055514099554	-0.37407436449441445
rescaled_direct_X	-8.0	171	yptar	mrad	44310	36160	1.1080435961799695	1.079649213253557	-0.13163899118969757
rescaled_direct_X	-8.0	172	xptar	mrad	44310	36160	2.1546415248469715	2.115564070881279	-3.095991487584493
rescaled_direct_X	-8.0	172	ytar	cm	44310	36160	0.15348035665334664	0.15061083843427753	-0.3805013485139952
rescaled_direct_X	-8.0	172	yptar	mrad	44310	36160	1.108071138511259	1.079687802968101	-0.12806941368619373
rescaled_direct_X	-8.0	173	xptar	mrad	44310	36160	2.154491989289037	2.1155556888032434	-3.0963754310313063
rescaled_direct_X	-8.0	173	ytar	cm	44310	36160	0.15341426567569233	0.15051747726941053	-0.44225382618595654
rescaled_direct_X	-8.0	173	yptar	mrad	44310	36160	1.1080354379395	1.079629813623064	-0.13343347154287644
rescaled_direct_X	-8.0	174	xptar	mrad	44310	36160	2.154482911859486	2.115586162357887	-3.0949795812722503
rescaled_direct_X	-8.0	174	ytar	cm	44310	36160	0.15340793714526263	0.150512897456489	-0.44528308139696327
rescaled_direct_X	-8.0	174	yptar	mrad	44310	36160	1.1080484469312744	1.0796427529523172	-0.13223657389389576
rescaled_direct_X	-8.0	175	xptar	mrad	44310	36160	2.1544765194105064	2.1156270958840175	-3.09310460957124
rescaled_direct_X	-8.0	175	ytar	cm	44310	36160	0.15338365410594057	0.1504848186780901	-0.4638554089659741
rescaled_direct_X	-8.0	175	yptar	mrad	44310	36160	1.1081628138031554	1.079751613333856	-0.1221669070524567
rescaled_direct_X	-8.0	176	xptar	mrad	44310	36160	2.154278772261095	2.1159076575197373	-3.080253404774247
rescaled_direct_X	-8.0	176	ytar	cm	44310	36160	0.1534558757736811	0.1505972802970836	-0.38946919467930385
rescaled_direct_X	-8.0	176	yptar	mrad	44310	36160	1.1082695207983302	1.0797662587918126	-0.12081219122032083
rescaled_direct_X	-8.0	177	xptar	mrad	44310	36160	2.1541548977529015	2.115593263554456	-3.0946543089620304
rescaled_direct_X	-8.0	177	ytar	cm	44310	36160	0.15344555382946734	0.15057256276372427	-0.40581827225403266
rescaled_direct_X	-8.0	177	yptar	mrad	44310	36160	1.108323331830018	1.0798237022944066	-0.11549862419851786
rescaled_direct_X	-8.0	178	xptar	mrad	44310	36160	2.1525792067614336	2.1114328962572237	-3.2852211055600766
rescaled_direct_X	-8.0	178	ytar	cm	44310	36160	0.15328457142984303	0.150443192123197	-0.49138872975581505
rescaled_direct_X	-8.0	178	yptar	mrad	44310	36160	1.1083233118701414	1.079825194543553	-0.11536059003459664
rescaled_direct_X	-8.0	179	xptar	mrad	44310	36160	2.1522851630584157	2.1067828543738076	-3.4982175845870267
rescaled_direct_X	-8.0	179	ytar	cm	44310	36160	0.1532852098210418	0.1504293857129685	-0.5005207927563315
rescaled_direct_X	-8.0	179	yptar	mrad	44310	36160	1.1082619023305254	1.0797226396306219	-0.1248469963062937
rescaled_direct_X	-8.0	180	xptar	mrad	44310	36160	2.1513525429661318	2.1071802003170914	-3.480017041667849
rescaled_direct_X	-8.0	180	ytar	cm	44310	36160	0.1532816372227596	0.15041490477584263	-0.5100990124347948
rescaled_direct_X	-8.0	180	yptar	mrad	44310	36160	1.1082647297917734	1.0797214945942615	-0.12495291302739853
rescaled_direct_X	-8.0	181	xptar	mrad	44310	36160	2.151354036001039	2.1071782250055713	-3.480107521368747
rescaled_direct_X	-8.0	181	ytar	cm	44310	36160	0.15328844395019378	0.15043466958846125	-0.4970258448960152
rescaled_direct_X	-8.0	181	yptar	mrad	44310	36160	1.1073187793995078	1.0787420756731738	-0.21554989692671445
rescaled_direct_X	-8.0	182	xptar	mrad	44310	36160	2.150454599377154	2.1066870934389597	-3.50260394119678
rescaled_direct_X	-8.0	182	ytar	cm	44310	36160	0.1531855325446647	0.15032455221421845	-0.5698614902514665
rescaled_direct_X	-8.0	182	yptar	mrad	44310	36160	1.1066142253983413	1.0778201522996163	-0.3008284996086408
rescaled_direct_X	-8.0	183	xptar	mrad	44310	36160	2.150120902285586	2.1064627276856984	-3.512881077759644
rescaled_direct_X	-8.0	183	ytar	cm	44310	36160	0.1532104085879988	0.15033952588179586	-0.5599573606911878
rescaled_direct_X	-8.0	183	yptar	mrad	44310	36160	1.1059795307720557	1.07722154060813	-0.3562005295009163
rescaled_direct_X	-8.0	184	xptar	mrad	44310	36160	2.1499537710693164	2.1061448099628763	-3.527443388654705
rescaled_direct_X	-8.0	184	ytar	cm	44310	36160	0.15320365911119727	0.15032988561502997	-0.5663337845400185
rescaled_direct_X	-8.0	184	yptar	mrad	44310	36160	1.105980483235044	1.0772236602977756	-0.3560044566207954
rescaled_direct_X	-8.0	185	xptar	mrad	44310	36160	2.1499882557658925	2.106448692535398	-3.5135239617748004
rescaled_direct_X	-8.0	185	ytar	cm	44310	36160	0.15319873903878078	0.1503252255139105	-0.5694161452918234
rescaled_direct_X	-8.0	185	yptar	mrad	44310	36160	1.105902446116355	1.0771927446571328	-0.35886417653967495
rescaled_direct_X	-8.0	186	xptar	mrad	44310	36160	2.1499084916062063	2.106329934305293	-3.5189637159752984
rescaled_direct_X	-8.0	186	ytar	cm	44310	36160	0.15319889575109097	0.15032656004457084	-0.5685334380663654
rescaled_direct_X	-8.0	186	yptar	mrad	44310	36160	1.1057646812698003	1.0771301256036339	-0.3646564858972745
rescaled_direct_X	-8.0	187	xptar	mrad	44310	36160	2.1498799443466288	2.106275599017446	-3.521452559148852
rescaled_direct_X	-8.0	187	ytar	cm	44310	36160	0.1532034975506342	0.15033553413507783	-0.5625976474788241
rescaled_direct_X	-8.0	187	yptar	mrad	44310	36160	1.1061166146021266	1.0773812739177395	-0.3414250787032058
rescaled_direct_X	-8.0	188	xptar	mrad	44310	36160	2.1498883023708193	2.1062857016487158	-3.5209898052762423
rescaled_direct_X	-8.0	188	ytar	cm	44310	36160	0.15316881348839212	0.15027975947716776	-0.599489039334955
rescaled_direct_X	-8.0	188	yptar	mrad	44310	36160	1.106203394419842	1.0772721601467234	-0.3515181842611015
rescaled_direct_X	-8.0	189	xptar	mrad	44310	36160	2.14998997491155	2.106227378365696	-3.5236613196926503
rescaled_direct_X	-8.0	189	ytar	cm	44310	36160	0.15319098212698404	0.15029609371597946	-0.5886849783643733
rescaled_direct_X	-8.0	189	yptar	mrad	44310	36160	1.1061832346641995	1.077258954149022	-0.3527397489412998
rescaled_direct_X	-8.0	190	xptar	mrad	44310	36160	2.1499848605065637	2.1062392168613813	-3.5231190540612634
rescaled_direct_X	-8.0	190	ytar	cm	44310	36160	0.15319101726930792	0.15029576012447032	-0.5889056279486882
rescaled_direct_X	-8.0	190	yptar	mrad	44310	36160	1.1053664473809917	1.076334972326812	-0.4382087596655926
rescaled_direct_X	-8.0	191	xptar	mrad	44310	36160	2.1499280571734527	2.1073211120114683	-3.4735625417926963
rescaled_direct_X	-8.0	191	ytar	cm	44310	36160	0.15038372887158752	0.1471886696085838	-2.6440485557431725
rescaled_direct_X	-8.0	191	yptar	mrad	44310	36160	1.100279711543801	1.0713371974305939	-0.9005066814805729
rescaled_direct_X	-8.0	192	xptar	mrad	44310	36160	2.1498784706618643	2.1068257452063714	-3.496252957913193
rescaled_direct_X	-8.0	192	ytar	cm	44310	36160	0.15034115891148303	0.14703691098947388	-2.744427238372771
rescaled_direct_X	-8.0	192	yptar	mrad	44310	36160	1.1003472972802297	1.0714180419004427	-0.8930285074576494
rescaled_direct_X	-8.0	193	xptar	mrad	44310	36160	2.14988830789944	2.10701994638497	-3.4873575181942673
rescaled_direct_X	-8.0	193	ytar	cm	44310	36160	0.15026393754632747	0.14699133730886163	-2.7745713319950682
rescaled_direct_X	-8.0	193	yptar	mrad	44310	36160	1.1004075444482888	1.071333307785783	-0.9008664765393748
rescaled_direct_X	-8.0	194	xptar	mrad	44310	36160	2.149879084221077	2.1065929631326292	-3.5069156064077234
rescaled_direct_X	-8.0	194	ytar	cm	44310	36160	0.1502559405353182	0.14698235844695348	-2.7805102785612545
rescaled_direct_X	-8.0	194	yptar	mrad	44310	36160	1.1002999726873397	1.071178886127576	-0.915150595603309
rescaled_direct_X	-8.0	195	xptar	mrad	44310	36160	2.1495059707839808	2.1055209385238576	-3.5560199957494487
rescaled_direct_X	-8.0	195	ytar	cm	44310	36160	0.14939508018039052	0.14594814533779235	-3.4645765284041286
rescaled_direct_X	-8.0	195	yptar	mrad	44310	36160	1.0993681823395323	1.070256490470639	-1.000472884851622
rescaled_direct_X	-8.0	196	xptar	mrad	44310	36160	2.149505522962996	2.10552222776055	-3.5559609418993943
rescaled_direct_X	-8.0	196	ytar	cm	44310	36160	0.1493946520411059	0.145950796508875	-3.462822947208788
rescaled_direct_X	-8.0	196	yptar	mrad	44310	36160	1.0990333337269482	1.0700257445917316	-1.0218170515060687
rescaled_direct_X	-8.0	197	xptar	mrad	44310	36160	2.1495086690114067	2.1055241978236534	-3.555870702603703
rescaled_direct_X	-8.0	197	ytar	cm	44310	36160	0.14932775343825513	0.14587494002407755	-3.5129971913969493
rescaled_direct_X	-8.0	197	yptar	mrad	44310	36160	1.0988339409040135	1.0698181341500914	-1.0410211728821617
rescaled_direct_X	-8.0	198	xptar	mrad	44310	36160	2.1494906895661225	2.1054936540365654	-3.5572697693796673
rescaled_direct_X	-8.0	198	ytar	cm	44310	36160	0.14939292614035013	0.145888762444515	-3.5038545386606335
rescaled_direct_X	-8.0	198	yptar	mrad	44310	36160	1.099151387803609	1.0700703024558076	-1.017695415700015
rescaled_direct_X	-8.0	199	xptar	mrad	44310	36160	2.149374881178657	2.105435387535844	-3.5599386828669144
rescaled_direct_X	-8.0	199	ytar	cm	44310	36160	0.1493938661331299	0.1458934047847234	-3.5007839256228412
rescaled_direct_X	-8.0	199	yptar	mrad	44310	36160	1.0991221072624782	1.070071134966177	-1.0176184078672046
rescaled_direct_X	-8.0	200	xptar	mrad	44310	36160	2.149379295228676	2.1057357584799536	-3.5461801071161037
rescaled_direct_X	-8.0	200	ytar	cm	44310	36160	0.1493905428877609	0.14586266912146045	-3.5211136136904853
rescaled_direct_X	-8.0	200	yptar	mrad	44310	36160	1.0984497010978298	1.0691180875705502	-1.105776005906045
rescaled_direct_X	-8.0	201	xptar	mrad	44310	36160	2.149324026888502	2.105825531952664	-3.542068007897059
rescaled_direct_X	-8.0	201	ytar	cm	44310	36160	0.149287294251126	0.14576728742439926	-3.584202545008741
rescaled_direct_X	-8.0	201	yptar	mrad	44310	36160	1.097951849842729	1.0685939460286296	-1.1542594911766901
rescaled_direct_X	-8.0	202	xptar	mrad	44310	36160	2.149193315945732	2.1054251076290225	-3.560409556896127
rescaled_direct_X	-8.0	202	ytar	cm	44310	36160	0.1492874320963658	0.1457719249810271	-3.5811350960054944
rescaled_direct_X	-8.0	202	yptar	mrad	44310	36160	1.0978504265167106	1.0684668691690333	-1.1660141958846904
rescaled_direct_X	-8.0	203	xptar	mrad	44310	36160	2.148848780021034	2.105895681425758	-3.5388547915112256
rescaled_direct_X	-8.0	203	ytar	cm	44310	36160	0.14928240412148158	0.14578800536909353	-3.570498941171274
rescaled_direct_X	-8.0	203	yptar	mrad	44310	36160	1.0978449586564363	1.0686657307967362	-1.1476193463516804
rescaled_direct_X	-8.0	204	xptar	mrad	44310	36160	2.1487136378947835	2.105763975648304	-3.5448876117671557
rescaled_direct_X	-8.0	204	ytar	cm	44310	36160	0.14928847330614028	0.14581180121909554	-3.55475949856654
rescaled_direct_X	-8.0	204	yptar	mrad	44310	36160	1.0976614559879099	1.0683385615855123	-1.1778827434776873
rescaled_direct_X	-8.0	205	xptar	mrad	44310	36160	2.148655744839241	2.105651771744016	-3.550027143226353
rescaled_direct_X	-8.0	205	ytar	cm	44310	36160	0.14926499743312477	0.14579625789916073	-3.5650404169611405
rescaled_direct_X	-8.0	205	yptar	mrad	44310	36160	1.0976726825777823	1.0683308319125566	-1.1785977440165185
rescaled_direct_X	-8.0	206	xptar	mrad	44310	36160	2.148608405066589	2.1056111596927756	-3.551887389679431
rescaled_direct_X	-8.0	206	ytar	cm	44310	36160	0.1492562239298174	0.14575904262976175	-3.5896559527236915
rescaled_direct_X	-8.0	206	yptar	mrad	44310	36160	1.0972799645063027	1.068030079373204	-1.2064175792052767
rescaled_direct_X	-8.0	207	xptar	mrad	44310	36160	2.1485147737175128	2.1059692106909345	-3.5354867627965025
rescaled_direct_X	-8.0	207	ytar	cm	44310	36160	0.14902894303666211	0.14549554124139846	-3.763945376218114
rescaled_direct_X	-8.0	207	yptar	mrad	44310	36160	1.0972843755556516	1.0680341174729178	-1.206044051956745
rescaled_direct_X	-8.0	208	xptar	mrad	44310	36160	2.148579346555808	2.10590021523883	-3.538647118925664
rescaled_direct_X	-8.0	208	ytar	cm	44310	36160	0.14898591013913068	0.14545717412583606	-3.789322785020588
rescaled_direct_X	-8.0	208	yptar	mrad	44310	36160	1.0973352047580016	1.068071754672921	-1.2025625827618014
rescaled_direct_X	-8.0	209	xptar	mrad	44310	36160	2.1484130283890996	2.1059941515203366	-3.5343443410764674
rescaled_direct_X	-8.0	209	ytar	cm	44310	36160	0.148966497498349	0.14546068404550047	-3.787001196209905
rescaled_direct_X	-8.0	209	yptar	mrad	44310	36160	1.0972987745287546	1.068399394033601	-1.1722556964589126
rescaled_direct_X	-8.0	210	xptar	mrad	44310	36160	2.1483904412249593	2.106219880610102	-3.524004756500798
rescaled_direct_X	-8.0	210	ytar	cm	44310	36160	0.14896335920963522	0.14545657740232615	-3.7897174797019817
rescaled_direct_X	-8.0	210	yptar	mrad	44310	36160	1.0965444545344276	1.06766883089133	-1.2398333343957568
rescaled_direct_X	-3.0	1	xptar	mrad	25505	8218	29.7902398028925	29.311600226146417	1337.9428568473877
rescaled_direct_X	-3.0	1	ytar	cm	25505	8218	0.6603632606503657	0.5919217010296722	314.7347550699517
rescaled_direct_X	-3.0	1	yptar	mrad	25505	8218	12.80754509523769	13.0724149161648	1066.4386870048015
rescaled_direct_X	-3.0	2	xptar	mrad	25505	8218	29.7117161931536	29.26585643015261	1335.6987976971914
rescaled_direct_X	-3.0	2	ytar	cm	25505	8218	0.6615660352422374	0.5884612601444086	312.3101690132362
rescaled_direct_X	-3.0	2	yptar	mrad	25505	8218	12.772193561732692	12.984743642057529	1058.6158657041044
rescaled_direct_X	-3.0	3	xptar	mrad	25505	8218	7.303467045663552	6.772801439592402	232.25417158290597
rescaled_direct_X	-3.0	3	ytar	cm	25505	8218	0.6615569865781455	0.5880226180485161	312.0028308604249
rescaled_direct_X	-3.0	3	yptar	mrad	25505	8218	12.7701018076137	12.98419870933996	1058.5672418952931
rescaled_direct_X	-3.0	4	xptar	mrad	25505	8218	7.268788254524049	6.744298507823282	230.8558996762069
rescaled_direct_X	-3.0	4	ytar	cm	25505	8218	0.7119741262799197	0.660187296058993	362.5655995633023
rescaled_direct_X	-3.0	4	yptar	mrad	25505	8218	11.784978683192154	12.347668724843166	1001.7702993168017
rescaled_direct_X	-3.0	5	xptar	mrad	25505	8218	7.269296883387229	6.74711164145262	230.99390392628044
rescaled_direct_X	-3.0	5	ytar	cm	25505	8218	0.7463080059337973	0.7046200422949493	393.69776467094886
rescaled_direct_X	-3.0	5	yptar	mrad	25505	8218	2.0515340035805285	1.954770003246586	74.42219900500706
rescaled_direct_X	-3.0	6	xptar	mrad	25505	8218	7.2442942093603575	6.730054094933957	230.15710972253117
rescaled_direct_X	-3.0	6	ytar	cm	25505	8218	0.7472573201956039	0.7023197623721364	392.0860548304064
rescaled_direct_X	-3.0	6	yptar	mrad	25505	8218	2.053001040189676	1.949654715294486	73.96576690728342
rescaled_direct_X	-3.0	7	xptar	mrad	25505	8218	2.9130369123465036	3.036292528955393	48.951784263758526
rescaled_direct_X	-3.0	7	ytar	cm	25505	8218	0.7472620289084301	0.70233350850648	392.0956861712581
rescaled_direct_X	-3.0	7	yptar	mrad	25505	8218	2.052727022744446	1.948472195919493	73.86025187001061
rescaled_direct_X	-3.0	8	xptar	mrad	25505	8218	2.7788112077790506	2.8858115519583887	41.569620059320414
rescaled_direct_X	-3.0	8	ytar	cm	25505	8218	0.7445090632848632	0.6979801290544001	389.04545544370717
rescaled_direct_X	-3.0	8	yptar	mrad	25505	8218	2.042410184934194	1.935469465995478	72.70003110611097
rescaled_direct_X	-3.0	9	xptar	mrad	25505	8218	2.7853952972994627	2.8871551849494153	41.63553483185978
rescaled_direct_X	-3.0	9	ytar	cm	25505	8218	0.7445130541460678	0.7192118915025885	403.9216625220001
rescaled_direct_X	-3.0	9	yptar	mrad	25505	8218	2.0378758408567768	1.9793394514907814	76.61450663402466
rescaled_direct_X	-3.0	10	xptar	mrad	25505	8218	2.780749733211041	2.88160689387331	41.363351619102986
rescaled_direct_X	-3.0	10	ytar	cm	25505	8218	0.7443448146423868	0.718802977949348	403.6351539144377
rescaled_direct_X	-3.0	10	yptar	mrad	25505	8218	2.038101014381973	1.9805862852254457	76.72576037816468
rescaled_direct_X	-3.0	11	xptar	mrad	25505	8218	2.761194674935858	2.860106079751703	40.30858347802449
rescaled_direct_X	-3.0	11	ytar	cm	25505	8218	0.7209861495176914	0.7006586489633693	390.922182207507
rescaled_direct_X	-3.0	11	yptar	mrad	25505	8218	1.9859367781043356	1.9401647694310642	73.11898839974167
rescaled_direct_X	-3.0	12	xptar	mrad	25505	8218	2.7113022290021953	2.7757382216729023	36.16973885896784
rescaled_direct_X	-3.0	12	ytar	cm	25505	8218	0.24523954194269051	0.2397968895622911	68.01564140350322
rescaled_direct_X	-3.0	12	yptar	mrad	25505	8218	1.2006021166240137	1.1873678591798342	5.947662733746695
rescaled_direct_X	-3.0	13	xptar	mrad	25505	8218	2.7106588693440825	2.7779642366487893	36.27894075545648
rescaled_direct_X	-3.0	13	ytar	cm	25505	8218	0.2374170463217424	0.22977259990418372	60.9920413076233
rescaled_direct_X	-3.0	13	yptar	mrad	25505	8218	1.1931133214046155	1.1778975024143579	5.102632142089947
rescaled_direct_X	-3.0	14	xptar	mrad	25505	8218	2.6784163507007777	2.740803480173332	34.455940853824885
rescaled_direct_X	-3.0	14	ytar	cm	25505	8218	0.2374475638649907	0.22979833031247285	61.010069527506246
rescaled_direct_X	-3.0	14	yptar	mrad	25505	8218	1.192648144614842	1.1778312759380123	5.096722818938204
rescaled_direct_X	-3.0	15	xptar	mrad	25505	8218	2.6646592898209764	2.7223573650802986	33.55102746697569
rescaled_direct_X	-3.0	15	ytar	cm	25505	8218	0.23607071010964883	0.22793036864689983	59.70126699077909
rescaled_direct_X	-3.0	15	yptar	mrad	25505	8218	1.1920408747254598	1.1784291825816673	5.150073438915381
rescaled_direct_X	-3.0	16	xptar	mrad	25505	8218	2.664988222554444	2.7226161247348064	33.56372147187372
rescaled_direct_X	-3.0	16	ytar	cm	25505	8218	0.23561604038284145	0.22715466489352065	59.157763845675724
rescaled_direct_X	-3.0	16	yptar	mrad	25505	8218	1.1910129319734526	1.1770281676277234	5.025062256679136
rescaled_direct_X	-3.0	17	xptar	mrad	25505	8218	2.3635324038180205	2.371584849170523	16.343136060865305
rescaled_direct_X	-3.0	17	ytar	cm	25505	8218	0.23557669742066872	0.227195257301347	59.18620524643578
rescaled_direct_X	-3.0	17	yptar	mrad	25505	8218	1.1910080225890378	1.1768287683456131	5.007270055444257
rescaled_direct_X	-3.0	18	xptar	mrad	25505	8218	2.3423169039654517	2.3999045180871335	17.732417618772132
rescaled_direct_X	-3.0	18	ytar	cm	25505	8218	0.23333427407816293	0.22576362978788386	58.18312378293362
rescaled_direct_X	-3.0	18	yptar	mrad	25505	8218	1.187934127865889	1.1738676724669201	4.743054391315726
rescaled_direct_X	-3.0	19	xptar	mrad	25505	8218	2.34214026515585	2.3997383796087464	17.724267342553812
rescaled_direct_X	-3.0	19	ytar	cm	25505	8218	0.23227818402575692	0.2244018200522978	57.22896071346399
rescaled_direct_X	-3.0	19	yptar	mrad	25505	8218	1.1873333145270262	1.1737802626173492	4.735254896668528
rescaled_direct_X	-3.0	20	xptar	mrad	25505	8218	2.3442209704783203	2.4039744525992153	17.93207690773393
rescaled_direct_X	-3.0	20	ytar	cm	25505	8218	0.23222901652076225	0.2243909847065131	57.22136884029511
rescaled_direct_X	-3.0	20	yptar	mrad	25505	8218	1.1874603931737953	1.1737984963298023	4.736881872843113
rescaled_direct_X	-3.0	21	xptar	mrad	25505	8218	2.3437971881260102	2.40218626554269	17.844353590521656
rescaled_direct_X	-3.0	21	ytar	cm	25505	8218	0.23042115337488725	0.2244292427742898	57.24817466670969
rescaled_direct_X	-3.0	21	yptar	mrad	25505	8218	1.1857742748856146	1.1739550630771922	4.750852169259301
rescaled_direct_X	-3.0	22	xptar	mrad	25505	8218	2.3417682686199948	2.39845740713188	17.661426514734192
rescaled_direct_X	-3.0	22	ytar	cm	25505	8218	0.23023252538164038	0.22419443120525576	57.08365203068955
rescaled_direct_X	-3.0	22	yptar	mrad	25505	8218	1.185980128268373	1.1742293584114898	4.775327271345753
rescaled_direct_X	-3.0	23	xptar	mrad	25505	8218	2.338842014005412	2.396539462544106	17.56733766600056
rescaled_direct_X	-3.0	23	ytar	cm	25505	8218	0.22990452602528194	0.22467907865548445	57.423224209266934
rescaled_direct_X	-3.0	23	yptar	mrad	25505	8218	1.1860994600972783	1.1751354516971784	4.85617708136481
rescaled_direct_X	-3.0	24	xptar	mrad	25505	8218	2.301592175098607	2.3652382638236498	16.031790825719504
rescaled_direct_X	-3.0	24	ytar	cm	25505	8218	0.2156587016694449	0.21305480887824696	49.27858502718707
rescaled_direct_X	-3.0	24	yptar	mrad	25505	8218	1.1672353623816272	1.160134164559154	3.517627028839976
rescaled_direct_X	-3.0	25	xptar	mrad	25505	8218	2.2972130103043	2.362646011912645	15.904622397867762
rescaled_direct_X	-3.0	25	ytar	cm	25505	8218	0.21505753473893943	0.21323420457609268	49.4042800822547
rescaled_direct_X	-3.0	25	yptar	mrad	25505	8218	1.1681921650871923	1.1624033663615316	3.720105667093798
rescaled_direct_X	-3.0	26	xptar	mrad	25505	8218	2.26893219680194	2.3358415848389695	14.58967424952009
rescaled_direct_X	-3.0	26	ytar	cm	25505	8218	0.2119870141848441	0.20896179202779167	46.41077947449679
rescaled_direct_X	-3.0	26	yptar	mrad	25505	8218	1.1668569824425268	1.157359854525569	3.270078081405803
rescaled_direct_X	-3.0	27	xptar	mrad	25505	8218	2.218652806005389	2.2543130511068203	10.590118721848452
rescaled_direct_X	-3.0	27	ytar	cm	25505	8218	0.18352958473044123	0.1855795391783563	30.027813802474345
rescaled_direct_X	-3.0	27	yptar	mrad	25505	8218	1.138456678308092	1.1349905032395433	1.2740829335654347
rescaled_direct_X	-3.0	28	xptar	mrad	25505	8218	2.218641137374861	2.2568595576592925	10.715043013896342
rescaled_direct_X	-3.0	28	ytar	cm	25505	8218	0.17744772073561213	0.17897067673245962	25.397260567102144
rescaled_direct_X	-3.0	28	yptar	mrad	25505	8218	1.1351792920649948	1.1318052351871195	0.9898646075212403
rescaled_direct_X	-3.0	29	xptar	mrad	25505	8218	2.205463075824393	2.2280820119434916	9.30329933629519
rescaled_direct_X	-3.0	29	ytar	cm	25505	8218	0.1780178474747725	0.17788727111674532	24.638163609019582
rescaled_direct_X	-3.0	29	yptar	mrad	25505	8218	1.1315831730977741	1.1271582266437072	0.5752166194761932
rescaled_direct_X	-3.0	30	xptar	mrad	25505	8218	2.2059695459464495	2.228803304237181	9.338683863015241
rescaled_direct_X	-3.0	30	ytar	cm	25505	8218	0.17674357201401664	0.1781910311974239	24.85099558061501
rescaled_direct_X	-3.0	30	yptar	mrad	25505	8218	1.129807102113573	1.128169503188925	0.6654518279795463
rescaled_direct_X	-3.0	31	xptar	mrad	25505	8218	2.2064546399778187	2.2309711178257343	9.445030566729361
rescaled_direct_X	-3.0	31	ytar	cm	25505	8218	0.17040762678856367	0.17089484258371698	19.7388616744141
rescaled_direct_X	-3.0	31	yptar	mrad	25505	8218	1.126820153143941	1.1240056901793525	0.29391890074561555
rescaled_direct_X	-3.0	32	xptar	mrad	25505	8218	2.2056814699900475	2.2300988152085064	9.402237907585054
rescaled_direct_X	-3.0	32	ytar	cm	25505	8218	0.17038895309088736	0.1711300359500294	19.903651819803226
rescaled_direct_X	-3.0	32	yptar	mrad	25505	8218	1.1253301158983038	1.1237916610024108	0.27482128842732934
rescaled_direct_X	-3.0	33	xptar	mrad	25505	8218	2.2061616331637834	2.2307055390664017	9.432002036148756
rescaled_direct_X	-3.0	33	ytar	cm	25505	8218	0.17041438958739266	0.17109965593090098	19.88236581226146
rescaled_direct_X	-3.0	33	yptar	mrad	25505	8218	1.1253332839259085	1.1238181449800382	0.27718442762452167
rescaled_direct_X	-3.0	34	xptar	mrad	25505	8218	2.2062904427121843	2.230988564202648	9.445886435834684
rescaled_direct_X	-3.0	34	ytar	cm	25505	8218	0.17038159971792474	0.17114990023657045	19.917569893762852
rescaled_direct_X	-3.0	34	yptar	mrad	25505	8218	1.1253660831866412	1.123800949968251	0.2756501336856676
rescaled_direct_X	-3.0	35	xptar	mrad	25505	8218	2.205463756776907	2.2293834561538746	9.367144448519248
rescaled_direct_X	-3.0	35	ytar	cm	25505	8218	0.1510636085071796	0.14887170987837628	4.308174587703184
rescaled_direct_X	-3.0	35	yptar	mrad	25505	8218	1.1159568186887383	1.1095488537944609	-0.9960503481790228
rescaled_direct_X	-3.0	36	xptar	mrad	25505	8218	2.205202744041009	2.229623887316441	9.378939310284174
rescaled_direct_X	-3.0	36	ytar	cm	25505	8218	0.1507556173521886	0.14864600115328305	4.150029933341215
rescaled_direct_X	-3.0	36	yptar	mrad	25505	8218	1.1152934292113605	1.1092874748456627	-1.0193729339293967
rescaled_direct_X	-3.0	37	xptar	mrad	25505	8218	2.201529829689975	2.2142314934049123	8.623832707297673
rescaled_direct_X	-3.0	37	ytar	cm	25505	8218	0.15067920771616738	0.1486470152472363	4.150740466519132
rescaled_direct_X	-3.0	37	yptar	mrad	25505	8218	1.1151738681750483	1.1091136952833889	-1.0348791128371948
rescaled_direct_X	-3.0	38	xptar	mrad	25505	8218	2.1952359414314397	2.1981179361641554	7.833347904216903
rescaled_direct_X	-3.0	38	ytar	cm	25505	8218	0.1507431680827931	0.14881885711734202	4.2711428707308485
rescaled_direct_X	-3.0	38	yptar	mrad	25505	8218	1.115051899812161	1.108938474520408	-1.05051388866233
rescaled_direct_X	-3.0	39	xptar	mrad	25505	8218	2.1910621601049414	2.1975168979247615	7.803862695754682
rescaled_direct_X	-3.0	39	ytar	cm	25505	8218	0.15042867169787244	0.14819604745626222	3.8347662151802853
rescaled_direct_X	-3.0	39	yptar	mrad	25505	8218	1.114827184287293	1.1080384325215937	-1.1308237483232175
rescaled_direct_X	-3.0	40	xptar	mrad	25505	8218	2.190971952261228	2.197334415829717	7.794910648679565
rescaled_direct_X	-3.0	40	ytar	cm	25505	8218	0.15031941227076753	0.14810150530267596	3.7685244861759726
rescaled_direct_X	-3.0	40	yptar	mrad	25505	8218	1.114853335592608	1.1078673482729564	-1.1460894270541533
rescaled_direct_X	-3.0	41	xptar	mrad	25505	8218	2.191506713465968	2.1978719637358473	7.821281203881925
rescaled_direct_X	-3.0	41	ytar	cm	25505	8218	0.15020968293522646	0.148044219701946	3.7283868640099804
rescaled_direct_X	-3.0	41	yptar	mrad	25505	8218	1.1148264019285874	1.1078199880613	-1.1503153320193138
rescaled_direct_X	-3.0	42	xptar	mrad	25505	8218	2.191810622856249	2.198456156644465	7.849940028834745
rescaled_direct_X	-3.0	42	ytar	cm	25505	8218	0.1501607086702269	0.14807779882592936	3.75191435039286
rescaled_direct_X	-3.0	42	yptar	mrad	25505	8218	1.1148335162861855	1.10780273268157	-1.1518550125301452
rescaled_direct_X	-3.0	43	xptar	mrad	25505	8218	2.1883819086617056	2.1912698041118377	7.497398229296248
rescaled_direct_X	-3.0	43	ytar	cm	25505	8218	0.14977010921293352	0.14713590992859696	3.091972232273621
rescaled_direct_X	-3.0	43	yptar	mrad	25505	8218	1.1148335246566163	1.1067371331136289	-1.2469374107613396
rescaled_direct_X	-3.0	44	xptar	mrad	25505	8218	2.188628422574959	2.191215468142895	7.494732662837622
rescaled_direct_X	-3.0	44	ytar	cm	25505	8218	0.14965948648017613	0.14697777241914656	2.981171899839108
rescaled_direct_X	-3.0	44	yptar	mrad	25505	8218	1.1149315308832854	1.1068448695019502	-1.2373241991136097
rescaled_direct_X	-3.0	45	xptar	mrad	25505	8218	2.187801515457099	2.18991821133623	7.431092972604114
rescaled_direct_X	-3.0	45	ytar	cm	25505	8218	0.14965883640256217	0.1469746765417947	2.9790027481877646
rescaled_direct_X	-3.0	45	yptar	mrad	25505	8218	1.1147999076443198	1.1067738898387571	-1.2436576444387337
rescaled_direct_X	-3.0	46	xptar	mrad	25505	8218	2.184891706477267	2.188458316393209	7.359474722871306
rescaled_direct_X	-3.0	46	ytar	cm	25505	8218	0.14910493928851357	0.14645511593063668	2.6149683793890377
rescaled_direct_X	-3.0	46	yptar	mrad	25505	8218	1.1140734320075745	1.1059346934230634	-1.318538312742068
rescaled_direct_X	-3.0	47	xptar	mrad	25505	8218	2.1773178521480907	2.1810234053054525	6.994739355049306
rescaled_direct_X	-3.0	47	ytar	cm	25505	8218	0.14894740334066758	0.14629272254862752	2.5011861352250087
rescaled_direct_X	-3.0	47	yptar	mrad	25505	8218	1.1140427777904016	1.105908286987506	-1.320894532936845
rescaled_direct_X	-3.0	48	xptar	mrad	25505	8218	2.177876920365628	2.1810314494179	6.995133976084822
rescaled_direct_X	-3.0	48	ytar	cm	25505	8218	0.14891150054601385	0.14631488663410513	2.5167155820182474
rescaled_direct_X	-3.0	48	yptar	mrad	25505	8218	1.1140849136297934	1.1059780667451982	-1.3146681539958571
rescaled_direct_X	-3.0	49	xptar	mrad	25505	8218	2.1761180679057475	2.1790910871827034	6.899945382003603
rescaled_direct_X	-3.0	49	ytar	cm	25505	8218	0.14899383558929027	0.14641285369591808	2.5853570008329996
rescaled_direct_X	-3.0	49	yptar	mrad	25505	8218	1.1140671010114513	1.1065026823183728	-1.267857223935842
rescaled_direct_X	-3.0	50	xptar	mrad	25505	8218	2.1759203452448506	2.178801151907558	6.885721990765092
rescaled_direct_X	-3.0	50	ytar	cm	25505	8218	0.14898531901477421	0.14643651273882866	2.601933901713016
rescaled_direct_X	-3.0	50	yptar	mrad	25505	8218	1.1138827621578535	1.10655814430303	-1.2629084057582562
rescaled_direct_X	-3.0	51	xptar	mrad	25505	8218	2.160976870031237	2.1641835018594358	6.168622094873255
rescaled_direct_X	-3.0	51	ytar	cm	25505	8218	0.14850022901678403	0.1460224918775463	2.311846817223473
rescaled_direct_X	-3.0	51	yptar	mrad	25505	8218	1.1131153046004767	1.1061199609092973	-1.302007077712175
rescaled_direct_X	-3.0	52	xptar	mrad	25505	8218	2.1231843902743304	2.1201997773547023	4.010906992962582
rescaled_direct_X	-3.0	52	ytar	cm	25505	8218	0.14585313431898442	0.14382766575165648	0.7740240373548035
rescaled_direct_X	-3.0	52	yptar	mrad	25505	8218	1.111579141555574	1.1045465447216223	-1.4424014519600736
rescaled_direct_X	-3.0	53	xptar	mrad	25505	8218	2.112648460165152	2.107703564891326	3.3978787273365008
rescaled_direct_X	-3.0	53	ytar	cm	25505	8218	0.1442434203342319	0.14252994776768507	-0.1352326249639102
rescaled_direct_X	-3.0	53	yptar	mrad	25505	8218	1.111086786434954	1.104484513049388	-1.4479364768791525
rescaled_direct_X	-3.0	54	xptar	mrad	25505	8218	2.112775475571986	2.1085191867449864	3.4378907911375656
rescaled_direct_X	-3.0	54	ytar	cm	25505	8218	0.1438633300062261	0.14208434761589853	-0.4474459962406252
rescaled_direct_X	-3.0	54	yptar	mrad	25505	8218	1.1111331447931545	1.1042555544845836	-1.4683662237485628
rescaled_direct_X	-3.0	55	xptar	mrad	25505	8218	2.112334238251804	2.112710390269671	3.6434991892944746
rescaled_direct_X	-3.0	55	ytar	cm	25505	8218	0.1444533374751561	0.14311277609672896	0.27313078505022403
rescaled_direct_X	-3.0	55	yptar	mrad	25505	8218	1.1120712352494508	1.1055622200215147	-1.3517737469164737
rescaled_direct_X	-3.0	56	xptar	mrad	25505	8218	2.113211143675992	2.116642655395887	3.8364048138884055
rescaled_direct_X	-3.0	56	ytar	cm	25505	8218	0.1445280098541735	0.14354810475945018	0.5781473539554494
rescaled_direct_X	-3.0	56	yptar	mrad	25505	8218	1.1121934158347568	1.1057090402863838	-1.3386731195206947
rescaled_direct_X	-3.0	57	xptar	mrad	25505	8218	2.1116493980029927	2.1127787699728904	3.6468537009908264
rescaled_direct_X	-3.0	57	ytar	cm	25505	8218	0.1439560474769539	0.14330910618760564	0.4106910603551617
rescaled_direct_X	-3.0	57	yptar	mrad	25505	8218	1.1119720356460003	1.1054005081104277	-1.3662031412136288
rescaled_direct_X	-3.0	58	xptar	mrad	25505	8218	2.1121873904930344	2.1097819245870375	3.4998370801848644
rescaled_direct_X	-3.0	58	ytar	cm	25505	8218	0.1438761998446332	0.1430222780022384	0.20972255894946557
rescaled_direct_X	-3.0	58	yptar	mrad	25505	8218	1.1114125128247332	1.1048338018441695	-1.4167697822949354
rescaled_direct_X	-3.0	59	xptar	mrad	25505	8218	2.112655025456627	2.1106583438808255	3.5428316916486846
rescaled_direct_X	-3.0	59	ytar	cm	25505	8218	0.14411625474915274	0.14338775034126683	0.4657937263828016
rescaled_direct_X	-3.0	59	yptar	mrad	25505	8218	1.111332760913557	1.1054671159822236	-1.360259786522089
rescaled_direct_X	-3.0	60	xptar	mrad	25505	8218	2.112220175443743	2.108852977262558	3.4542655945165146
rescaled_direct_X	-3.0	60	ytar	cm	25505	8218	0.1440664014673411	0.14345997023357807	0.5163951814346701
rescaled_direct_X	-3.0	60	yptar	mrad	25505	8218	1.1108391934123005	1.1046752712337666	-1.4309153122704088
rescaled_direct_X	-3.0	61	xptar	mrad	25505	8218	2.101148745965117	2.0826941646584785	2.1709894363594273
rescaled_direct_X	-3.0	61	ytar	cm	25505	8218	0.14392960993450213	0.14319929574138968	0.3337514779133022
rescaled_direct_X	-3.0	61	yptar	mrad	25505	8218	1.1120548399296362	1.1071329698601111	-1.2116172883665066
rescaled_direct_X	-3.0	62	xptar	mrad	25505	8218	2.1007527334648284	2.0810670446020825	2.0911676032190796
rescaled_direct_X	-3.0	62	ytar	cm	25505	8218	0.14262975617479806	0.14175007616569588	-0.6816560071010391
rescaled_direct_X	-3.0	62	yptar	mrad	25505	8218	1.1121908644045844	1.1065147796349692	-1.26677779230997
rescaled_direct_X	-3.0	63	xptar	mrad	25505	8218	2.1003591564944424	2.080535939484088	2.0651131126841804
rescaled_direct_X	-3.0	63	ytar	cm	25505	8218	0.1425053355231512	0.14143740511594471	-0.9007315216673084
rescaled_direct_X	-3.0	63	yptar	mrad	25505	8218	1.1118324720004291	1.1060718808239653	-1.306297216295249
rescaled_direct_X	-3.0	64	xptar	mrad	25505	8218	2.10009499687652	2.0915291468843864	2.604408269998726
rescaled_direct_X	-3.0	64	ytar	cm	25505	8218	0.14288596209778268	0.14217804574760814	-0.38179563803023564
rescaled_direct_X	-3.0	64	yptar	mrad	25505	8218	1.1146399484935237	1.1101993559142622	-0.9380066857508473
rescaled_direct_X	-3.0	65	xptar	mrad	25505	8218	2.099778257146966	2.0906539990852777	2.561476034409238
rescaled_direct_X	-3.0	65	ytar	cm	25505	8218	0.14285721122108286	0.1422576810537716	-0.3259985129389187
rescaled_direct_X	-3.0	65	yptar	mrad	25505	8218	1.1150994808852728	1.110399108216435	-0.9201829848840215
rescaled_direct_X	-3.0	66	xptar	mrad	25505	8218	2.0989660892388278	2.08957230816178	2.5084113868035107
rescaled_direct_X	-3.0	66	ytar	cm	25505	8218	0.143378380490384	0.14302386154487864	0.2108320809823594
rescaled_direct_X	-3.0	66	yptar	mrad	25505	8218	1.116666616452925	1.11345543807229	-0.6474696869218532
rescaled_direct_X	-3.0	67	xptar	mrad	25505	8218	2.099303948820131	2.0901206270075314	2.535310333344798
rescaled_direct_X	-3.0	67	ytar	cm	25505	8218	0.14351193481260283	0.14304959619452567	0.22886327260720485
rescaled_direct_X	-3.0	67	yptar	mrad	25505	8218	1.118511309688303	1.116995477946904	-0.3315954211667749
rescaled_direct_X	-3.0	68	xptar	mrad	25505	8218	2.099226329304101	2.090025717592602	2.5306543502462198
rescaled_direct_X	-3.0	68	ytar	cm	25505	8218	0.14351375131918845	0.14308426324197013	0.2531530214132882
rescaled_direct_X	-3.0	68	yptar	mrad	25505	8218	1.1179233086136713	1.1167037682966714	-0.357624385484856
rescaled_direct_X	-3.0	69	xptar	mrad	25505	8218	2.098844161970297	2.0908618520838567	2.571672705088246
rescaled_direct_X	-3.0	69	ytar	cm	25505	8218	0.1434678822337077	0.14301873501021534	0.20724013276649522
rescaled_direct_X	-3.0	69	yptar	mrad	25505	8218	1.1180031363203284	1.1167021542682787	-0.3577684036460971
rescaled_direct_X	-3.0	70	xptar	mrad	25505	8218	2.0988567411785843	2.093328615746493	2.6926850401655544
rescaled_direct_X	-3.0	70	ytar	cm	25505	8218	0.1434860213450509	0.14305607393480088	0.2334019540270127
rescaled_direct_X	-3.0	70	yptar	mrad	25505	8218	1.1173843833291968	1.1159962212658887	-0.4207581090449719
rescaled_direct_X	-3.0	71	xptar	mrad	25505	8218	2.0988055307598477	2.0932258220050044	2.6876422746678674
rescaled_direct_X	-3.0	71	ytar	cm	25505	8218	0.14338942731868526	0.1430868832553552	0.2549887551051677
rescaled_direct_X	-3.0	71	yptar	mrad	25505	8218	1.116915583439746	1.116298715864418	-0.39376681442976347
rescaled_direct_X	-3.0	72	xptar	mrad	25505	8218	2.1007801851088987	2.091920861408733	2.6236246586592404
rescaled_direct_X	-3.0	72	ytar	cm	25505	8218	0.14326799003166404	0.14300851230363004	0.2000775102364738
rescaled_direct_X	-3.0	72	yptar	mrad	25505	8218	1.116434901226287	1.116506556322481	-0.3752214153918465
rescaled_direct_X	-3.0	73	xptar	mrad	25505	8218	2.098229349784637	2.092892364524653	2.6712838091377034
rescaled_direct_X	-3.0	73	ytar	cm	25505	8218	0.14327338620112554	0.14302967559394475	0.21490574175744293
rescaled_direct_X	-3.0	73	yptar	mrad	25505	8218	1.1164343199924136	1.1165110612469393	-0.3748194454265441
rescaled_direct_X	-3.0	74	xptar	mrad	25505	8218	2.095155481477025	2.0885981087658316	2.4606199645767823
rescaled_direct_X	-3.0	74	ytar	cm	25505	8218	0.14327079018715563	0.14294343714402602	0.15448207027783933
rescaled_direct_X	-3.0	74	yptar	mrad	25505	8218	1.1163520567813623	1.1162444834730723	-0.3986059172091716
rescaled_direct_X	-3.0	75	xptar	mrad	25505	8218	2.0936628054712876	2.086738154431772	2.369375951009145
rescaled_direct_X	-3.0	75	ytar	cm	25505	8218	0.14315071342531577	0.14288853435482018	0.11601398439025079
rescaled_direct_X	-3.0	75	yptar	mrad	25505	8218	1.1162024752496935	1.1163122387831967	-0.39256017772751894
rescaled_direct_X	-3.0	76	xptar	mrad	25505	8218	2.093740716848928	2.0868851147625613	2.3765854024300204
rescaled_direct_X	-3.0	76	ytar	cm	25505	8218	0.14314987233366125	0.14289194694449533	0.11840504310733913
rescaled_direct_X	-3.0	76	yptar	mrad	25505	8218	1.1161739430044677	1.1162013019548644	-0.4024589614801899
rescaled_direct_X	-3.0	77	xptar	mrad	25505	8218	2.0937699196877975	2.086901228220365	2.377375882355004
rescaled_direct_X	-3.0	77	ytar	cm	25505	8218	0.14315211810075756	0.14289230961346033	0.1186591500679457
rescaled_direct_X	-3.0	77	yptar	mrad	25505	8218	1.1161363847678647	1.1161965968534484	-0.40287879303795293
rescaled_direct_X	-3.0	78	xptar	mrad	25505	8218	2.0933683720058447	2.0870330873133662	2.383844510455435
rescaled_direct_X	-3.0	78	ytar	cm	25505	8218	0.1431355030846253	0.1428244876053762	0.07113910837628357
rescaled_direct_X	-3.0	78	yptar	mrad	25505	8218	1.1161697560002883	1.1161308739702958	-0.408743181065907
rescaled_direct_X	-3.0	79	xptar	mrad	25505	8218	2.0905955918277233	2.083867349835548	2.228542529063726
rescaled_direct_X	-3.0	79	ytar	cm	25505	8218	0.14312356818359556	0.1428020103804721	0.05539025789651486
rescaled_direct_X	-3.0	79	yptar	mrad	25505	8218	1.1161749461484554	1.1161365102413565	-0.40824026215934284
rescaled_direct_X	-3.0	80	xptar	mrad	25505	8218	2.090285013253776	2.084559091970811	2.2624774099472944
rescaled_direct_X	-3.0	80	ytar	cm	25505	8218	0.14307582042157665	0.1428038875198078	0.05670549084246801
rescaled_direct_X	-3.0	80	yptar	mrad	25505	8218	1.1161660997566054	1.1161708976888556	-0.40517190414229853
rescaled_direct_X	-3.0	81	xptar	mrad	25505	8218	2.0901945471520667	2.084139870986341	2.2419116334148503
rescaled_direct_X	-3.0	81	ytar	cm	25505	8218	0.14307545492716064	0.1428083104284346	0.059804437751909134
rescaled_direct_X	-3.0	81	yptar	mrad	25505	8218	1.1161124689300246	1.1160683143196815	-0.414325316974995
rescaled_direct_X	-3.0	82	xptar	mrad	25505	8218	2.0901053851765585	2.0839638528205326	2.2332766881288046
rescaled_direct_X	-3.0	82	ytar	cm	25505	8218	0.1430514880087189	0.14275506285908976	0.02249609512501305
rescaled_direct_X	-3.0	82	yptar	mrad	25505	8218	1.1159924832604684	1.1160554010692905	-0.41547755356843297
rescaled_direct_X	-3.0	83	xptar	mrad	25505	8218	2.0889955887774576	2.0830239235482773	2.187166459667922
rescaled_direct_X	-3.0	83	ytar	cm	25505	8218	0.1429874818754526	0.14284308232945744	0.08416765307066587
rescaled_direct_X	-3.0	83	yptar	mrad	25505	8218	1.1162374948444045	1.1168598547249793	-0.3436969474665319
rescaled_direct_X	-3.0	84	xptar	mrad	25505	8218	2.085159900025129	2.0802539896473626	2.0512814641020283
rescaled_direct_X	-3.0	84	ytar	cm	25505	8218	0.14306845898070678	0.14290177581919852	0.12529172412536482
rescaled_direct_X	-3.0	84	yptar	mrad	25505	8218	1.1162385293719972	1.1168958197477183	-0.340487823967095
rescaled_direct_X	-3.0	85	xptar	mrad	25505	8218	2.0852581773843886	2.0803974034103856	2.0583169311021665
rescaled_direct_X	-3.0	85	ytar	cm	25505	8218	0.14305509590489465	0.14288550306459782	0.11389008623661212
rescaled_direct_X	-3.0	85	yptar	mrad	25505	8218	1.1162374445987426	1.116892527987215	-0.34078154450947196
rescaled_direct_X	-3.0	86	xptar	mrad	25505	8218	2.085331832638269	2.0804563141431687	2.0612069223255647
rescaled_direct_X	-3.0	86	ytar	cm	25505	8218	0.14308925664999217	0.1429074912539542	0.12929628998159526
rescaled_direct_X	-3.0	86	yptar	mrad	25505	8218	1.116299869178108	1.116757845152802	-0.35279916095926067
rescaled_direct_X	-3.0	87	xptar	mrad	25505	8218	2.085498455701755	2.080918710535027	2.0838907602455103
rescaled_direct_X	-3.0	87	ytar	cm	25505	8218	0.1430642232769968	0.14286472396266464	0.09933103943051691
rescaled_direct_X	-3.0	87	yptar	mrad	25505	8218	1.1162472703229875	1.1167182689924768	-0.35633050270310607
rescaled_direct_X	-3.0	88	xptar	mrad	25505	8218	2.0850969564751893	2.0823254309663297	2.1529004212727854
rescaled_direct_X	-3.0	88	ytar	cm	25505	8218	0.14306040604491568	0.14287536522877708	0.10678692909820153
rescaled_direct_X	-3.0	88	yptar	mrad	25505	8218	1.1159619269561842	1.1165594425849368	-0.3705024263653156
rescaled_direct_X	-3.0	89	xptar	mrad	25505	8218	2.0851863614090775	2.082149816043592	2.144285257932732
rescaled_direct_X	-3.0	89	ytar	cm	25505	8218	0.14309953632196715	0.14302461624045687	0.2113608645786469
rescaled_direct_X	-3.0	89	yptar	mrad	25505	8218	1.1155616292575745	1.1166837106212952	-0.359414112071732
rescaled_direct_X	-3.0	90	xptar	mrad	25505	8218	2.0830908826402093	2.079031406921292	1.9913050696269696
rescaled_direct_X	-3.0	90	ytar	cm	25505	8218	0.14308163308130886	0.14298276563484488	0.18203789730473208
rescaled_direct_X	-3.0	90	yptar	mrad	25505	8218	1.115567303195395	1.1164788481796926	-0.3776937856387108
rescaled_direct_X	-3.0	91	xptar	mrad	25505	8218	2.083009576881656	2.0797305912764443	2.0256050444271922
rescaled_direct_X	-3.0	91	ytar	cm	25505	8218	0.14308810591665524	0.14290587510320052	0.12816392080876593
rescaled_direct_X	-3.0	91	yptar	mrad	25505	8218	1.1159576610132496	1.1166584153722365	-0.36167118219142536
rescaled_direct_X	-3.0	92	xptar	mrad	25505	8218	2.0826398469698617	2.078807797391642	1.980335428822566
rescaled_direct_X	-3.0	92	ytar	cm	25505	8218	0.14309045663637726	0.14281050140232165	0.06133956142930774
rescaled_direct_X	-3.0	92	yptar	mrad	25505	8218	1.1159473504095494	1.1164158388788985	-0.38331604338975866
rescaled_direct_X	-3.0	93	xptar	mrad	25505	8218	2.075322063440174	2.071816176595722	1.6373466085700672
rescaled_direct_X	-3.0	93	ytar	cm	25505	8218	0.14327267948883216	0.14309555087899914	0.261061796121842
rescaled_direct_X	-3.0	93	yptar	mrad	25505	8218	1.1166097277181828	1.1172093816423454	-0.31250900543898785
rescaled_direct_X	-3.0	94	xptar	mrad	25505	8218	2.059896690581624	2.0512984766632596	0.6308072238487616
rescaled_direct_X	-3.0	94	ytar	cm	25505	8218	0.1432804367973704	0.14321622635086764	0.3456140471734148
rescaled_direct_X	-3.0	94	yptar	mrad	25505	8218	1.1167964072806877	1.1174107464556167	-0.29454142179760057
rescaled_direct_X	-3.0	95	xptar	mrad	25505	8218	2.0577123541610782	2.0472871042699445	0.43402082410872733
rescaled_direct_X	-3.0	95	ytar	cm	25505	8218	0.14327317970256004	0.1432201417885709	0.3483574304520287
rescaled_direct_X	-3.0	95	yptar	mrad	25505	8218	1.1167976388059369	1.1173928656017524	-0.2961369127484015
rescaled_direct_X	-3.0	96	xptar	mrad	25505	8218	2.0574728341289816	2.0464350936673883	0.3922236328789186
rescaled_direct_X	-3.0	96	ytar	cm	25505	8218	0.1432414920320975	0.1431696790896833	0.31300032996575133
rescaled_direct_X	-3.0	96	yptar	mrad	25505	8218	1.1168030659617625	1.1172708578609791	-0.3070235430967183
rescaled_direct_X	-3.0	97	xptar	mrad	25505	8218	2.0568353452540644	2.0477377377441006	0.45612760709634603
rescaled_direct_X	-3.0	97	ytar	cm	25505	8218	0.14324248087062003	0.14317144926964087	0.31424062095330996
rescaled_direct_X	-3.0	97	yptar	mrad	25505	8218	1.1167989167899506	1.1171211357104258	-0.32038310288937666
rescaled_direct_X	-3.0	98	xptar	mrad	25505	8218	2.05583621018665	2.0465651791140314	0.3986052509870053
rescaled_direct_X	-3.0	98	ytar	cm	25505	8218	0.14298532171663045	0.1429376092521718	0.150398710440669
rescaled_direct_X	-3.0	98	yptar	mrad	25505	8218	1.1164836377163425	1.1169771660130157	-0.3332293769628736
rescaled_direct_X	-3.0	99	xptar	mrad	25505	8218	2.055620972989256	2.045845223137537	0.3632862801475678
rescaled_direct_X	-3.0	99	ytar	cm	25505	8218	0.14302254372062428	0.14305217725073438	0.23067171063655412
rescaled_direct_X	-3.0	99	yptar	mrad	25505	8218	1.1164543032249994	1.1172810988982842	-0.30610974544078573
rescaled_direct_X	-3.0	100	xptar	mrad	25505	8218	2.0556657513695913	2.0455527321933973	0.3489375151339402
rescaled_direct_X	-3.0	100	ytar	cm	25505	8218	0.14302685400547904	0.1430605665333515	0.23654972974851418
rescaled_direct_X	-3.0	100	yptar	mrad	25505	8218	1.116472593707385	1.1172526448142985	-0.3086486752848172
rescaled_direct_X	-3.0	101	xptar	mrad	25505	8218	2.0555044910476044	2.0455485308088117	0.348731407282199
rescaled_direct_X	-3.0	101	ytar	cm	25505	8218	0.14285446162641868	0.1430107267669916	0.20162909200527324
rescaled_direct_X	-3.0	101	yptar	mrad	25505	8218	1.1162065566370494	1.1168918232261924	-0.3408444296402746
rescaled_direct_X	-3.0	102	xptar	mrad	25505	8218	2.052951155218699	2.0410251673242312	0.1268281962192086
rescaled_direct_X	-3.0	102	ytar	cm	25505	8218	0.14284843211141712	0.1430108501097855	0.2017155131372128
rescaled_direct_X	-3.0	102	yptar	mrad	25505	8218	1.1160096554533734	1.1165424520589669	-0.3720184742364241
rescaled_direct_X	-3.0	103	xptar	mrad	25505	8218	2.052788829321657	2.0412787073815077	0.13926614267973925
rescaled_direct_X	-3.0	103	ytar	cm	25505	8218	0.14287928469244676	0.1430162736351944	0.20551555033496705
rescaled_direct_X	-3.0	103	yptar	mrad	25505	8218	1.1159094281070872	1.1160988267542495	-0.4116027225390617
rescaled_direct_X	-3.0	104	xptar	mrad	25505	8218	2.0527997536599885	2.041210523542525	0.1359212395198428
rescaled_direct_X	-3.0	104	ytar	cm	25505	8218	0.1422692455689084	0.14224505651038136	-0.33484400196510666
rescaled_direct_X	-3.0	104	yptar	mrad	25505	8218	1.1134120436614887	1.1130393348104688	-0.6845981704874382
rescaled_direct_X	-3.0	105	xptar	mrad	25505	8218	2.05285881677581	2.041269349838831	0.13880708853237778
rescaled_direct_X	-3.0	105	ytar	cm	25505	8218	0.14233855416217006	0.14235203346791722	-0.2598897264171951
rescaled_direct_X	-3.0	105	yptar	mrad	25505	8218	1.113505144967228	1.1132192889478352	-0.6685410403353687
rescaled_direct_X	-3.0	106	xptar	mrad	25505	8218	2.0528943848537824	2.0416375947923835	0.1568721275082563
rescaled_direct_X	-3.0	106	ytar	cm	25505	8218	0.14259546918032365	0.14245985940230665	-0.18434060833046884
rescaled_direct_X	-3.0	106	yptar	mrad	25505	8218	1.1149211154245693	1.1145780765567086	-0.5472977624424002
rescaled_direct_X	-3.0	107	xptar	mrad	25505	8218	2.050610934650394	2.0361926629172666	-0.11024057993310743
rescaled_direct_X	-3.0	107	ytar	cm	25505	8218	0.14254252147683175	0.14257387360780457	-0.1044556277503994
rescaled_direct_X	-3.0	107	yptar	mrad	25505	8218	1.1151318311460867	1.1147043530089913	-0.5360302391771987
rescaled_direct_X	-3.0	108	xptar	mrad	25505	8218	2.0507407816970264	2.0364286052466394	-0.09866592742242553
rescaled_direct_X	-3.0	108	ytar	cm	25505	8218	0.14210400563555106	0.1418857680506666	-0.5865823840518813
rescaled_direct_X	-3.0	108	yptar	mrad	25505	8218	1.114017786362549	1.1130966845324872	-0.6794809113673472
rescaled_direct_X	-3.0	109	xptar	mrad	25505	8218	2.049812704893109	2.03854765902991	0.005288760394694947
rescaled_direct_X	-3.0	109	ytar	cm	25505	8218	0.14176966767387983	0.14139593032503275	-0.9297911713144202
rescaled_direct_X	-3.0	109	yptar	mrad	25505	8218	1.1141463198164234	1.1133062222633794	-0.6607840663492515
rescaled_direct_X	-3.0	110	xptar	mrad	25505	8218	2.0451185732734123	2.0332366156494595	-0.25525576233365044
rescaled_direct_X	-3.0	110	ytar	cm	25505	8218	0.14176889404201626	0.14139208317622803	-0.9324867074207543
rescaled_direct_X	-3.0	110	yptar	mrad	25505	8218	1.1141362908865708	1.1133078337896671	-0.6606402714483761
rescaled_direct_X	-3.0	111	xptar	mrad	25505	8218	2.0478676901778434	2.0386471780135476	0.010170875684822889
rescaled_direct_X	-3.0	111	ytar	cm	25505	8218	0.1425676468961872	0.14218655959105286	-0.3758303443611499
rescaled_direct_X	-3.0	111	yptar	mrad	25505	8218	1.1152246290267875	1.11447624359889	-0.5563842168101352
rescaled_direct_X	-3.0	112	xptar	mrad	25505	8218	2.048154300459059	2.0410759954532574	0.12932167813408668
rescaled_direct_X	-3.0	112	ytar	cm	25505	8218	0.14225064739760174	0.14173373990772314	-0.6931021391440084
rescaled_direct_X	-3.0	112	yptar	mrad	25505	8218	1.1152172091233792	1.1144702730060905	-0.5569169669156326
rescaled_direct_X	-3.0	113	xptar	mrad	25505	8218	2.0479387009113696	2.0419103649224297	0.17025344606593773
rescaled_direct_X	-3.0	113	ytar	cm	25505	8218	0.14228067939968198	0.14176069158786736	-0.67421822520084
rescaled_direct_X	-3.0	113	yptar	mrad	25505	8218	1.1154247380591689	1.1146590645941477	-0.5400712797565821
rescaled_direct_X	-3.0	114	xptar	mrad	25505	8218	2.047456106758418	2.0406270415109287	0.10729728815044304
rescaled_direct_X	-3.0	114	ytar	cm	25505	8218	0.14251723993225243	0.1421119234016732	-0.42812479761042965
rescaled_direct_X	-3.0	114	yptar	mrad	25505	8218	1.1165945886868758	1.1160741551722446	-0.4138041434627926
rescaled_direct_X	-3.0	115	xptar	mrad	25505	8218	2.0473554917786796	2.040367052347248	0.09454296706639109
rescaled_direct_X	-3.0	115	ytar	cm	25505	8218	0.14251140938570828	0.14210798015832424	-0.43088766314089977
rescaled_direct_X	-3.0	115	yptar	mrad	25505	8218	1.1167096484029715	1.1159927379907044	-0.42106891825340886
rescaled_direct_X	-3.0	116	xptar	mrad	25505	8218	2.047356620035435	2.040436422362362	0.09794606061783728
rescaled_direct_X	-3.0	116	ytar	cm	25505	8218	0.14222480297639373	0.1416212367647257	-0.7719283814907163
rescaled_direct_X	-3.0	116	yptar	mrad	25505	8218	1.1154719471022019	1.1145957147346686	-0.5457239252231294
rescaled_direct_X	-3.0	117	xptar	mrad	25505	8218	2.047350155414961	2.0407905166653793	0.11531690935162597
rescaled_direct_X	-3.0	117	ytar	cm	25505	8218	0.14252203332759508	0.142294025578096	-0.3005334263107451
rescaled_direct_X	-3.0	117	yptar	mrad	25505	8218	1.1169405210958152	1.1168166656644105	-0.34755066473498575
rescaled_direct_X	-3.0	118	xptar	mrad	25505	8218	2.047205496412581	2.0398546556459123	0.06940625767919428
rescaled_direct_X	-3.0	118	ytar	cm	25505	8218	0.1426660320513656	0.14249317091416636	-0.16100062655903802
rescaled_direct_X	-3.0	118	yptar	mrad	25505	8218	1.1176833076516732	1.1178119861790026	-0.25873919710369675
rescaled_direct_X	-3.0	119	xptar	mrad	25505	8218	2.0471214785820564	2.039579794273155	0.0559223487649696
rescaled_direct_X	-3.0	119	ytar	cm	25505	8218	0.14267710071951892	0.142516799208886	-0.1444452696491294
rescaled_direct_X	-3.0	119	yptar	mrad	25505	8218	1.1176172238007387	1.1168230669396546	-0.346979485259824
rescaled_direct_X	-3.0	120	xptar	mrad	25505	8218	2.0470439257893283	2.0398605089157495	0.06969340227336307
rescaled_direct_X	-3.0	120	ytar	cm	25505	8218	0.14267869124326557	0.1425300512797519	-0.13516009839221743
rescaled_direct_X	-3.0	120	yptar	mrad	25505	8218	1.117710846666487	1.1173079307263902	-0.3037155678885406
rescaled_direct_X	-3.0	121	xptar	mrad	25505	8218	2.0470370821241723	2.039900771137734	0.0716685511583437
rescaled_direct_X	-3.0	121	ytar	cm	25505	8218	0.14268214250572467	0.14254427193103528	-0.12519628338647504
rescaled_direct_X	-3.0	121	yptar	mrad	25505	8218	1.1177480807972195	1.1172273808119264	-0.3109029572934907
rescaled_direct_X	-3.0	122	xptar	mrad	25505	8218	2.0468047162920167	2.038638234694502	0.009732142158203061
rescaled_direct_X	-3.0	122	ytar	cm	25505	8218	0.14258248751275454	0.14238856610375175	-0.2342928379291842
rescaled_direct_X	-3.0	122	yptar	mrad	25505	8218	1.118306832030482	1.117976075421846	-0.2440976758391611
rescaled_direct_X	-3.0	123	xptar	mrad	25505	8218	2.0468623375930832	2.0387548738626164	0.015454124490288379
rescaled_direct_X	-3.0	123	ytar	cm	25505	8218	0.14253614598987535	0.14243217883984344	-0.2037352195998432
rescaled_direct_X	-3.0	123	yptar	mrad	25505	8218	1.117429019783175	1.1174366101316322	-0.2922336315013041
rescaled_direct_X	-3.0	124	xptar	mrad	25505	8218	2.0467324820464863	2.0386424001031767	0.009936485135164652
rescaled_direct_X	-3.0	124	ytar	cm	25505	8218	0.142523724780325	0.14242398239934173	-0.20947812231486562
rescaled_direct_X	-3.0	124	yptar	mrad	25505	8218	1.1172756810449296	1.1173143608790495	-0.303141811710117
rescaled_direct_X	-3.0	125	xptar	mrad	25505	8218	2.046750997924239	2.0386540241702886	0.010506728456660674
rescaled_direct_X	-3.0	125	ytar	cm	25505	8218	0.14253393797268377	0.14243349640427203	-0.20281205736465413
rescaled_direct_X	-3.0	125	yptar	mrad	25505	8218	1.1170446820165165	1.1177284380926333	-0.26619411043006247
rescaled_direct_X	-3.0	126	xptar	mrad	25505	8218	2.046726892423996	2.0384398508304096	0.0
rescaled_direct_X	-3.0	126	ytar	cm	25505	8218	0.14263782787299145	0.14272295576719513	0.0
rescaled_direct_X	-3.0	126	yptar	mrad	25505	8218	1.1176937137503375	1.1207117066506376	0.0
rescaled_direct_X	-3.0	127	xptar	mrad	25505	8218	2.046506225992571	2.038275221638627	-0.008076234955645134
rescaled_direct_X	-3.0	127	ytar	cm	25505	8218	0.14254955736187994	0.14273616484309987	0.009255046487610663
rescaled_direct_X	-3.0	127	yptar	mrad	25505	8218	1.1174366613762172	1.1208868816626834	0.01563069351433466
rescaled_direct_X	-3.0	128	xptar	mrad	25505	8218	2.0469954887297535	2.036495093653858	-0.09540419727172011
rescaled_direct_X	-3.0	128	ytar	cm	25505	8218	0.1423845268286912	0.14268431431214487	-0.027074449826614
rescaled_direct_X	-3.0	128	yptar	mrad	25505	8218	1.11716910020852	1.1210153255324722	0.027091613305452178
rescaled_direct_X	-3.0	129	xptar	mrad	25505	8218	2.043197385531753	2.0316484656235723	-0.3331658377886737
rescaled_direct_X	-3.0	129	ytar	cm	25505	8218	0.1423877483399777	0.14269684737523913	-0.01829305721399166
rescaled_direct_X	-3.0	129	yptar	mrad	25505	8218	1.117173441204866	1.1210366636331757	0.028995590981129027
rescaled_direct_X	-3.0	130	xptar	mrad	25505	8218	2.042880216089326	2.0308922869244075	-0.37026179128746284
rescaled_direct_X	-3.0	130	ytar	cm	25505	8218	0.14239458449110007	0.1426900477944984	-0.023057238774126798
rescaled_direct_X	-3.0	130	yptar	mrad	25505	8218	1.1172115165329672	1.121034443677358	0.02879750651352264
rescaled_direct_X	-3.0	131	xptar	mrad	25505	8218	2.0370654495550764	2.02521167129249	-0.6489364664123198
rescaled_direct_X	-3.0	131	ytar	cm	25505	8218	0.14239796973520663	0.142673388981365	-0.034729371714370405
rescaled_direct_X	-3.0	131	yptar	mrad	25505	8218	1.1172168327475527	1.121022139546893	0.027699621090171433
rescaled_direct_X	-3.0	132	xptar	mrad	25505	8218	2.0382204867112463	2.025104593230832	-0.6541894083431199
rescaled_direct_X	-3.0	132	ytar	cm	25505	8218	0.14238653517565686	0.1426799060480557	-0.030163135921634776
rescaled_direct_X	-3.0	132	yptar	mrad	25505	8218	1.1172347663353648	1.1210328152552294	0.028652204013424054
rescaled_direct_X	-3.0	133	xptar	mrad	25505	8218	2.0381569393716945	2.0249260689842115	-0.6629472947505821
rescaled_direct_X	-3.0	133	ytar	cm	25505	8218	0.14238319411613043	0.14266646870126903	-0.03957812225962032
rescaled_direct_X	-3.0	133	yptar	mrad	25505	8218	1.1172350036564596	1.1210335548293242	0.028718195480315067
rescaled_direct_X	-3.0	134	xptar	mrad	25505	8218	2.038402554776156	2.0251700514309925	-0.6509782171895462
rescaled_direct_X	-3.0	134	ytar	cm	25505	8218	0.14238218658097038	0.14267085396312407	-0.036505552867083235
rescaled_direct_X	-3.0	134	yptar	mrad	25505	8218	1.117233334373574	1.1210008606177806	0.025800923237184747
rescaled_direct_X	-3.0	135	xptar	mrad	25505	8218	2.037869193073082	2.0251341927773883	-0.6527373396669423
rescaled_direct_X	-3.0	135	ytar	cm	25505	8218	0.1423825403729525	0.14266863086966952	-0.03806318138073195
rescaled_direct_X	-3.0	135	yptar	mrad	25505	8218	1.117233221775535	1.1210007068997656	0.02578720713035665
rescaled_direct_X	-3.0	136	xptar	mrad	25505	8218	2.037161247239654	2.0245575438512935	-0.6810260785208189
rescaled_direct_X	-3.0	136	ytar	cm	25505	8218	0.14234747213576993	0.14264978533836167	-0.051267456198711425
rescaled_direct_X	-3.0	136	yptar	mrad	25505	8218	1.117236530704752	1.1210011752030329	0.02582899336889266
rescaled_direct_X	-3.0	137	xptar	mrad	25505	8218	2.0356796737868774	2.0216825344612683	-0.8220657755643179
rescaled_direct_X	-3.0	137	ytar	cm	25505	8218	0.14234653362956673	0.1426496971510421	-0.05132924536157546
rescaled_direct_X	-3.0	137	yptar	mrad	25505	8218	1.117257336971814	1.1210178062893006	0.027312968789972025
rescaled_direct_X	-3.0	138	xptar	mrad	25505	8218	2.0350779840040536	2.021696228726424	-0.8213939742771736
rescaled_direct_X	-3.0	138	ytar	cm	25505	8218	0.1423770661303624	0.14268894125580475	-0.023832544111446197
rescaled_direct_X	-3.0	138	yptar	mrad	25505	8218	1.1173592642407464	1.1210979937304508	0.03446801505873065
rescaled_direct_X	-3.0	139	xptar	mrad	25505	8218	2.0350686967329805	2.0222740756410835	-0.7930464655476865
rescaled_direct_X	-3.0	139	ytar	cm	25505	8218	0.1423743295517643	0.14268551634912532	-0.026232232837775094
rescaled_direct_X	-3.0	139	yptar	mrad	25505	8218	1.117457441485263	1.1211346785708434	0.03774136717729082
rescaled_direct_X	-3.0	140	xptar	mrad	25505	8218	2.035048238369532	2.0223619223030815	-0.7887369608074679
rescaled_direct_X	-3.0	140	ytar	cm	25505	8218	0.1423750595990572	0.14268761635654517	-0.024760845555638067
rescaled_direct_X	-3.0	140	yptar	mrad	25505	8218	1.1174596830666037	1.1211401825221228	0.03823247932028817
rescaled_direct_X	-3.0	141	xptar	mrad	25505	8218	2.03477780582491	2.022216557554432	-0.7958681375547338
rescaled_direct_X	-3.0	141	ytar	cm	25505	8218	0.14236982610294277	0.14265986290790403	-0.04420652511850642
rescaled_direct_X	-3.0	141	yptar	mrad	25505	8218	1.117460405273818	1.1210526274832076	0.030420029571098794
rescaled_direct_X	-3.0	142	xptar	mrad	25505	8218	2.034239179123401	2.0215578315517577	-0.8281833418717022
rescaled_direct_X	-3.0	142	ytar	cm	25505	8218	0.1423703651827102	0.1426605448041937	-0.04372874893595613
rescaled_direct_X	-3.0	142	yptar	mrad	25505	8218	1.117497485149145	1.1210598465962665	0.031064183907680842
rescaled_direct_X	-3.0	143	xptar	mrad	25505	8218	2.034288874356609	2.021500395633027	-0.8310009829567422
rescaled_direct_X	-3.0	143	ytar	cm	25505	8218	0.14238747779402489	0.1426832565973078	-0.027815546331655394
rescaled_direct_X	-3.0	143	yptar	mrad	25505	8218	1.117613102296624	1.1212498074011734	0.04801419913280647
rescaled_direct_X	-3.0	144	xptar	mrad	25505	8218	2.0343302999840565	2.0217636277199045	-0.8180875733817539
rescaled_direct_X	-3.0	144	ytar	cm	25505	8218	0.14238575092388106	0.14268011872830264	-0.030014119776478054
rescaled_direct_X	-3.0	144	yptar	mrad	25505	8218	1.1175852579149206	1.1213933430723146	0.06082174547048513
rescaled_direct_X	-3.0	145	xptar	mrad	25505	8218	2.034320906971316	2.021762592480723	-0.8181383592404057
rescaled_direct_X	-3.0	145	ytar	cm	25505	8218	0.142365598710538	0.1426848471679491	-0.02670110007263471
rescaled_direct_X	-3.0	145	yptar	mrad	25505	8218	1.1175421924375528	1.1214343958180686	0.06448484147549838
rescaled_direct_X	-3.0	146	xptar	mrad	25505	8218	2.0342427109787993	2.0217329867293024	-0.8195907323093832
rescaled_direct_X	-3.0	146	ytar	cm	25505	8218	0.1422420151146754	0.14264418364941686	-0.055192325127262354
rescaled_direct_X	-3.0	146	yptar	mrad	25505	8218	1.117009319141885	1.1212014142130136	0.043696122693281936
rescaled_direct_X	-3.0	147	xptar	mrad	25505	8218	2.0341616396792923	2.021677170501529	-0.8223289160115277
rescaled_direct_X	-3.0	147	ytar	cm	25505	8218	0.14221254972349157	0.14263429405679506	-0.06212154864889685
rescaled_direct_X	-3.0	147	yptar	mrad	25505	8218	1.117031151591741	1.1212043584464695	0.04395883374006537
rescaled_direct_X	-3.0	148	xptar	mrad	25505	8218	2.0340237747310446	2.021558526228555	-0.8281492630247245
rescaled_direct_X	-3.0	148	ytar	cm	25505	8218	0.1421907194120884	0.14263890938439006	-0.05888778182407961
rescaled_direct_X	-3.0	148	yptar	mrad	25505	8218	1.1170597321623414	1.1211907093548925	0.04274093876350804
rescaled_direct_X	-3.0	149	xptar	mrad	25505	8218	2.0338459118392613	2.0212626715352964	-0.8426630439017146
rescaled_direct_X	-3.0	149	ytar	cm	25505	8218	0.14217061571637846	0.14261685597006327	-0.07433968597519991
rescaled_direct_X	-3.0	149	yptar	mrad	25505	8218	1.1169771720299662	1.121141428858689	0.03834368870256899
rescaled_direct_X	-3.0	150	xptar	mrad	25505	8218	2.034154451026297	2.021597326011141	-0.8262458572131703
rescaled_direct_X	-3.0	150	ytar	cm	25505	8218	0.1421915498179462	0.1426412302475029	-0.057261650204010195
rescaled_direct_X	-3.0	150	yptar	mrad	25505	8218	1.117227434218081	1.1212266120908838	0.045944504477879455
rescaled_direct_X	-3.0	151	xptar	mrad	25505	8218	2.0339156958107227	2.021151275911284	-0.8481277930316389
rescaled_direct_X	-3.0	151	ytar	cm	25505	8218	0.14220204771930955	0.1426548148489496	-0.04774348869055478
rescaled_direct_X	-3.0	151	yptar	mrad	25505	8218	1.1172810222666336	1.1212984755598234	0.05235681091790845
rescaled_direct_X	-3.0	152	xptar	mrad	25505	8218	2.034023790950823	2.0211614358014147	-0.8476293780243727
rescaled_direct_X	-3.0	152	ytar	cm	25505	8218	0.14219929664592704	0.142673883093508	-0.03438316802180097
rescaled_direct_X	-3.0	152	yptar	mrad	25505	8218	1.1172889054410908	1.121299677020589	0.05246401607676976
rescaled_direct_X	-3.0	153	xptar	mrad	25505	8218	2.033859972556196	2.021360010249517	-0.8378878863624428
rescaled_direct_X	-3.0	153	ytar	cm	25505	8218	0.1421649319364971	0.14264366256340863	-0.05555742827793031
rescaled_direct_X	-3.0	153	yptar	mrad	25505	8218	1.1174820520658355	1.121552933304193	0.07506182442489351
rescaled_direct_X	-3.0	154	xptar	mrad	25505	8218	2.0336432014315364	2.021235990388357	-0.843971944281019
rescaled_direct_X	-3.0	154	ytar	cm	25505	8218	0.1420232201482755	0.14263884287640016	-0.05893438118823591
rescaled_direct_X	-3.0	154	yptar	mrad	25505	8218	1.1167611788093261	1.121070698726948	0.03203250882275466
rescaled_direct_X	-3.0	155	xptar	mrad	25505	8218	2.0337450915273134	2.02145307040138	-0.8333226227945634
rescaled_direct_X	-3.0	155	ytar	cm	25505	8218	0.14198501909041378	0.14263296306165532	-0.06305412122111775
rescaled_direct_X	-3.0	155	yptar	mrad	25505	8218	1.1167409186017643	1.121076037434084	0.032508876393855246
rescaled_direct_X	-3.0	156	xptar	mrad	25505	8218	2.032539166067609	2.0206941186394367	-0.8705546147826593
rescaled_direct_X	-3.0	156	ytar	cm	25505	8218	0.14198833759739218	0.14263422000073644	-0.062173436628809586
rescaled_direct_X	-3.0	156	yptar	mrad	25505	8218	1.1167745160627824	1.1212325923590252	0.04647811790459144
rescaled_direct_X	-3.0	157	xptar	mrad	25505	8218	2.0140273417593493	1.9948734981270104	-2.1372400409877867
rescaled_direct_X	-3.0	157	ytar	cm	25505	8218	0.1421103326773474	0.14287064340993222	0.10347854831285197
rescaled_direct_X	-3.0	157	yptar	mrad	25505	8218	1.1168776504595694	1.1213554566987414	0.057441181731543445
rescaled_direct_X	-3.0	158	xptar	mrad	25505	8218	2.0134107311550986	1.9937084655401713	-2.194393191048327
rescaled_direct_X	-3.0	158	ytar	cm	25505	8218	0.1421376342556497	0.1428653664118411	0.0997811766722867
rescaled_direct_X	-3.0	158	yptar	mrad	25505	8218	1.1171355066219948	1.1214803949227128	0.06858929620467968
rescaled_direct_X	-3.0	159	xptar	mrad	25505	8218	2.0133590639754284	1.9942986002450678	-2.1654428786485824
rescaled_direct_X	-3.0	159	ytar	cm	25505	8218	0.1420406777353517	0.14271273118084274	-0.007163939604126757
rescaled_direct_X	-3.0	159	yptar	mrad	25505	8218	1.1171709210610676	1.1216277821420573	0.08174051238900581
rescaled_direct_X	-3.0	160	xptar	mrad	25505	8218	2.0133098914130922	1.993691489622512	-2.195225980774862
rescaled_direct_X	-3.0	160	ytar	cm	25505	8218	0.14203680681447112	0.14270667764476122	-0.01140539890475134
rescaled_direct_X	-3.0	160	yptar	mrad	25505	8218	1.1171754082867908	1.1216431825452582	0.08311467517407856
rescaled_direct_X	-3.0	161	xptar	mrad	25505	8218	2.0131146059484637	1.993203415581412	-2.219169490361439
rescaled_direct_X	-3.0	161	ytar	cm	25505	8218	0.14204618171961364	0.14271024313592542	-0.008907208515518406
rescaled_direct_X	-3.0	161	yptar	mrad	25505	8218	1.1171844763060488	1.1215722294934833	0.07678360435954268
rescaled_direct_X	-3.0	162	xptar	mrad	25505	8218	2.013013650931595	1.994372341063177	-2.161825366065151
rescaled_direct_X	-3.0	162	ytar	cm	25505	8218	0.14204042045254256	0.14270493386589636	-0.012627191751946043
rescaled_direct_X	-3.0	162	yptar	mrad	25505	8218	1.1171856063483747	1.1215734595963975	0.07689336522909151
rescaled_direct_X	-3.0	163	xptar	mrad	25505	8218	2.0130083326248456	1.9943573243203432	-2.1625620443060045
rescaled_direct_X	-3.0	163	ytar	cm	25505	8218	0.14203733961592216	0.1426997547279264	-0.01625599690253665
rescaled_direct_X	-3.0	163	yptar	mrad	25505	8218	1.117118749525591	1.121487145056559	0.06919160398877189
rescaled_direct_X	-3.0	164	xptar	mrad	25505	8218	2.012782657664936	1.9931448538736998	-2.2220423594180527
rescaled_direct_X	-3.0	164	ytar	cm	25505	8218	0.14201482533325746	0.1426660054582449	-0.03990269725293594
rescaled_direct_X	-3.0	164	yptar	mrad	25505	8218	1.1175695185012129	1.1219135860122729	0.10724250978222383
rescaled_direct_X	-3.0	165	xptar	mrad	25505	8218	2.0128629875217063	1.9929822364695249	-2.2300199018561395
rescaled_direct_X	-3.0	165	ytar	cm	25505	8218	0.1420123412888871	0.14266001804839032	-0.044097824674727004
rescaled_direct_X	-3.0	165	yptar	mrad	25505	8218	1.1175573113061883	1.1218367199128283	0.10038382355734843
rescaled_direct_X	-3.0	166	xptar	mrad	25505	8218	2.012883369588062	1.9929736346144042	-2.230441884144063
rescaled_direct_X	-3.0	166	ytar	cm	25505	8218	0.1420663074010883	0.1426517693324489	-0.04987735460182385
rescaled_direct_X	-3.0	166	yptar	mrad	25505	8218	1.1175591879329494	1.1218395475645822	0.1006361321338689
rescaled_direct_X	-3.0	167	xptar	mrad	25505	8218	2.0124896366407956	1.9931044784964103	-2.224023059377045
rescaled_direct_X	-3.0	167	ytar	cm	25505	8218	0.1420599047617491	0.1426401258021906	-0.05803548879665943
rescaled_direct_X	-3.0	167	yptar	mrad	25505	8218	1.1177024885934088	1.1219378587904827	0.10940834583672565
rescaled_direct_X	-3.0	168	xptar	mrad	25505	8218	2.0121730021599835	1.9925079092186055	-2.253289033428796
rescaled_direct_X	-3.0	168	ytar	cm	25505	8218	0.1420243153416416	0.14257873704305837	-0.10104802227610676
rescaled_direct_X	-3.0	168	yptar	mrad	25505	8218	1.1178317723339188	1.1221831150556967	0.13129232043596062
rescaled_direct_X	-3.0	169	xptar	mrad	25505	8218	2.0129352056274152	1.9927789342173903	-2.2399933259947935
rescaled_direct_X	-3.0	169	ytar	cm	25505	8218	0.1420162762624503	0.14257787705579641	-0.1016505793471345
rescaled_direct_X	-3.0	169	yptar	mrad	25505	8218	1.1178194956283463	1.1222451373767468	0.13682651095812126
rescaled_direct_X	-3.0	170	xptar	mrad	25505	8218	2.0130694907584137	1.9934036168993718	-2.209348189140392
rescaled_direct_X	-3.0	170	ytar	cm	25505	8218	0.1418622506386944	0.14219304279865794	-0.3712878322121971
rescaled_direct_X	-3.0	170	yptar	mrad	25505	8218	1.1176962022729209	1.1217758727131928	0.09495448795975303
rescaled_direct_X	-3.0	171	xptar	mrad	25505	8218	2.013130852043576	1.9936468299715178	-2.197416854887535
rescaled_direct_X	-3.0	171	ytar	cm	25505	8218	0.1419506902907643	0.14227999216521137	-0.3103660512092432
rescaled_direct_X	-3.0	171	yptar	mrad	25505	8218	1.117742243148718	1.121815679551867	0.09850641290514162
rescaled_direct_X	-3.0	172	xptar	mrad	25505	8218	2.0129161214924234	1.9935879315045741	-2.200306244384098
rescaled_direct_X	-3.0	172	ytar	cm	25505	8218	0.14195002118652675	0.14228196426686093	-0.3089842821455635
rescaled_direct_X	-3.0	172	yptar	mrad	25505	8218	1.11779144648464	1.1218297811732525	0.09976468667007854
rescaled_direct_X	-3.0	173	xptar	mrad	25505	8218	2.0128424937943765	1.993996148049629	-2.180280314019334
rescaled_direct_X	-3.0	173	ytar	cm	25505	8218	0.1417068431727056	0.1421084970427339	-0.430525503874446
rescaled_direct_X	-3.0	173	yptar	mrad	25505	8218	1.1176089298690766	1.1215735064230639	0.07689754352633305
rescaled_direct_X	-3.0	174	xptar	mrad	25505	8218	2.0128268749474145	1.9940517326793092	-2.1775534918539674
rescaled_direct_X	-3.0	174	ytar	cm	25505	8218	0.14171590180732427	0.14212644327915408	-0.4179513273352198
rescaled_direct_X	-3.0	174	yptar	mrad	25505	8218	1.1176303000144756	1.1215737686845109	0.07692094485651779
rescaled_direct_X	-3.0	175	xptar	mrad	25505	8218	2.012818240400318	1.9940444830448814	-2.177909138081391
rescaled_direct_X	-3.0	175	ytar	cm	25505	8218	0.14165837909705184	0.1421099604569967	-0.42950015076644865
rescaled_direct_X	-3.0	175	yptar	mrad	25505	8218	1.117553144948718	1.1215265215239472	0.0727051273288426
rescaled_direct_X	-3.0	176	xptar	mrad	25505	8218	2.012464112950602	1.994865427436057	-2.137635965888385
rescaled_direct_X	-3.0	176	ytar	cm	25505	8218	0.14180383660972884	0.1422909249941583	-0.30270587566973983
rescaled_direct_X	-3.0	176	yptar	mrad	25505	8218	1.1179150378580527	1.1219582852850993	0.11123098180059188
rescaled_direct_X	-3.0	177	xptar	mrad	25505	8218	2.0127905514198914	1.9956057071857334	-2.1013199691532036
rescaled_direct_X	-3.0	177	ytar	cm	25505	8218	0.1418307598712875	0.14225519611379192	-0.3277396063504967
rescaled_direct_X	-3.0	177	yptar	mrad	25505	8218	1.11795674732525	1.1219953891299654	0.11454172127498552
rescaled_direct_X	-3.0	178	xptar	mrad	25505	8218	2.0118521696849814	1.9966303413627173	-2.051054361533411
rescaled_direct_X	-3.0	178	ytar	cm	25505	8218	0.14172094198777924	0.14214572624194086	-0.40444056259304473
rescaled_direct_X	-3.0	178	yptar	mrad	25505	8218	1.1179585703853288	1.1219974783757558	0.11472814261581643
rescaled_direct_X	-3.0	179	xptar	mrad	25505	8218	2.0107106467239695	1.9964054596859613	-2.062086410218311
rescaled_direct_X	-3.0	179	ytar	cm	25505	8218	0.14170918257649695	0.14212696038001918	-0.4175890164075047
rescaled_direct_X	-3.0	179	yptar	mrad	25505	8218	1.117913894296529	1.1219759933868314	0.11281105824907378
rescaled_direct_X	-3.0	180	xptar	mrad	25505	8218	2.010092294081639	1.9959621230469637	-2.083835231446318
rescaled_direct_X	-3.0	180	ytar	cm	25505	8218	0.14171373304420548	0.14211979865554542	-0.4226069369202001
rescaled_direct_X	-3.0	180	yptar	mrad	25505	8218	1.1179098673051058	1.1219676559400162	0.11206711609466069
rescaled_direct_X	-3.0	181	xptar	mrad	25505	8218	2.0101043224359842	1.9959790798206654	-2.083003380867321
rescaled_direct_X	-3.0	181	ytar	cm	25505	8218	0.14160960627888758	0.14198938815394813	-0.5139801157450608
rescaled_direct_X	-3.0	181	yptar	mrad	25505	8218	1.116866239829233	1.1206479809247873	-0.005686183652053867
rescaled_direct_X	-3.0	182	xptar	mrad	25505	8218	2.010998661201378	2.0001243775984507	-1.879646986706529
rescaled_direct_X	-3.0	182	ytar	cm	25505	8218	0.14172844383443745	0.14214302710263516	-0.4063317365049057
rescaled_direct_X	-3.0	182	yptar	mrad	25505	8218	1.1174428787730946	1.1215629101913847	0.07595205222679091
rescaled_direct_X	-3.0	183	xptar	mrad	25505	8218	2.010110084201634	1.9995271629429696	-1.9089446211320804
rescaled_direct_X	-3.0	183	ytar	cm	25505	8218	0.14158022459474573	0.14217254761093556	-0.385647952216861
rescaled_direct_X	-3.0	183	yptar	mrad	25505	8218	1.1166449360546098	1.1222436247146315	0.13669153760980102
rescaled_direct_X	-3.0	184	xptar	mrad	25505	8218	2.0100130111140824	1.9992816888630711	-1.9209868739264668
rescaled_direct_X	-3.0	184	ytar	cm	25505	8218	0.14158214117862966	0.14217602563794232	-0.38321104430105724
rescaled_direct_X	-3.0	184	yptar	mrad	25505	8218	1.1166427762414348	1.1222438187540382	0.13670885155465662
rescaled_direct_X	-3.0	185	xptar	mrad	25505	8218	2.0101398834367195	1.999097996588095	-1.9299982889506184
rescaled_direct_X	-3.0	185	ytar	cm	25505	8218	0.1415835366569646	0.14218098948417543	-0.37973308505727665
rescaled_direct_X	-3.0	185	yptar	mrad	25505	8218	1.116796672687684	1.1227292886512736	0.18002685156790488
rescaled_direct_X	-3.0	186	xptar	mrad	25505	8218	2.0101726935472315	1.999451145316598	-1.9126738273846366
rescaled_direct_X	-3.0	186	ytar	cm	25505	8218	0.1415844034546947	0.14218549024816754	-0.37657958815278114
rescaled_direct_X	-3.0	186	yptar	mrad	25505	8218	1.1167239774757032	1.122812434786901	0.1874458992261019
rescaled_direct_X	-3.0	187	xptar	mrad	25505	8218	2.0101660775648496	1.9993922064619651	-1.915565198185143
rescaled_direct_X	-3.0	187	ytar	cm	25505	8218	0.14159389326829824	0.1421915061678019	-0.3723644851218566
rescaled_direct_X	-3.0	187	yptar	mrad	25505	8218	1.1165637280567966	1.1225945627035359	0.16800538815868737
rescaled_direct_X	-3.0	188	xptar	mrad	25505	8218	2.0101418130126607	1.9993707753724124	-1.916616545839278
rescaled_direct_X	-3.0	188	ytar	cm	25505	8218	0.1415552811365899	0.142209775218607	-0.35956412605776533
rescaled_direct_X	-3.0	188	yptar	mrad	25505	8218	1.116650571836256	1.1227552340891165	0.18234193739139481
rescaled_direct_X	-3.0	189	xptar	mrad	25505	8218	2.010152458592022	1.9994304733901955	-1.9136879326766776
rescaled_direct_X	-3.0	189	ytar	cm	25505	8218	0.14153794924223118	0.1421993830828029	-0.3668454605482485
rescaled_direct_X	-3.0	189	yptar	mrad	25505	8218	1.1166709765507485	1.122786682635432	0.18514806015506036
rescaled_direct_X	-3.0	190	xptar	mrad	25505	8218	2.010189627058898	1.9993954092604802	-1.9154080780957816
rescaled_direct_X	-3.0	190	ytar	cm	25505	8218	0.14153809580656834	0.14219938848187275	-0.3668416776460348
rescaled_direct_X	-3.0	190	yptar	mrad	25505	8218	1.1170277103610133	1.123002104587093	0.20436994838757272
rescaled_direct_X	-3.0	191	xptar	mrad	25505	8218	2.007887541505702	1.9929031386305	-2.233900214488005
rescaled_direct_X	-3.0	191	ytar	cm	25505	8218	0.1451100671380767	0.146503209435304	2.6486654846716418
rescaled_direct_X	-3.0	191	yptar	mrad	25505	8218	1.1232568467560795	1.1305939627917219	0.8817839666026561
rescaled_direct_X	-3.0	192	xptar	mrad	25505	8218	2.0076634791465535	1.9924541843920194	-2.255924619000005
rescaled_direct_X	-3.0	192	ytar	cm	25505	8218	0.14518847277365604	0.1466012621241438	2.7173668987593214
rescaled_direct_X	-3.0	192	yptar	mrad	25505	8218	1.1232242958794287	1.130550571663717	0.8779122190562205
rescaled_direct_X	-3.0	193	xptar	mrad	25505	8218	2.0077081939025407	1.99264093657217	-2.2467630938230676
rescaled_direct_X	-3.0	193	ytar	cm	25505	8218	0.14526692310927558	0.14665591036562797	2.755656633714998
rescaled_direct_X	-3.0	193	yptar	mrad	25505	8218	1.122997036392917	1.1305464157876801	0.8775413943372223
rescaled_direct_X	-3.0	194	xptar	mrad	25505	8218	2.007629325066652	1.9924631365583505	-2.255485451450989
rescaled_direct_X	-3.0	194	ytar	cm	25505	8218	0.1452751765164167	0.14666501085609732	2.7620329663942345
rescaled_direct_X	-3.0	194	yptar	mrad	25505	8218	1.123013934384068	1.1306698869558895	0.8885586048719807
rescaled_direct_X	-3.0	195	xptar	mrad	25505	8218	2.008380859279412	1.9951964038606704	-2.12139921382144
rescaled_direct_X	-3.0	195	ytar	cm	25505	8218	0.14605199963651602	0.14760422847472324	3.420103431357102
rescaled_direct_X	-3.0	195	yptar	mrad	25505	8218	1.1241501010910975	1.1319382422427053	1.0017326958794204
rescaled_direct_X	-3.0	196	xptar	mrad	25505	8218	2.008381176600061	1.9952019405251216	-2.1211276009774793
rescaled_direct_X	-3.0	196	ytar	cm	25505	8218	0.1460491991496195	0.14760098591902748	3.417831508330882
rescaled_direct_X	-3.0	196	yptar	mrad	25505	8218	1.1239435520447336	1.1319830212923632	1.0057282863057626
rescaled_direct_X	-3.0	197	xptar	mrad	25505	8218	2.00837487119031	1.9951976863286196	-2.121336299630039
rescaled_direct_X	-3.0	197	ytar	cm	25505	8218	0.14606444127706802	0.14766725738252717	3.4642651483458797
rescaled_direct_X	-3.0	197	yptar	mrad	25505	8218	1.1239941645704783	1.1323571535471917	1.039111738321874
rescaled_direct_X	-3.0	198	xptar	mrad	25505	8218	2.008360376526584	1.995325792857907	-2.1150517615194375
rescaled_direct_X	-3.0	198	ytar	cm	25505	8218	0.14595782705079172	0.14751080290443486	3.354644045523769
rescaled_direct_X	-3.0	198	yptar	mrad	25505	8218	1.123866261336755	1.1321892756488041	1.0241321590606312
rescaled_direct_X	-3.0	199	xptar	mrad	25505	8218	2.0084155420963596	1.995153742970577	-2.123492034469343
rescaled_direct_X	-3.0	199	ytar	cm	25505	8218	0.14595548015268203	0.14751753523194724	3.359361105562364
rescaled_direct_X	-3.0	199	yptar	mrad	25505	8218	1.1239618151092976	1.132134353125678	1.0192314765032906
rescaled_direct_X	-3.0	200	xptar	mrad	25505	8218	2.0083304867580822	1.9945154531869387	-2.1548046966201717
rescaled_direct_X	-3.0	200	ytar	cm	25505	8218	0.1459754905995396	0.14755992720813685	3.389063388535507
rescaled_direct_X	-3.0	200	yptar	mrad	25505	8218	1.12433864100685	1.1328810409882324	1.0858576978698853
rescaled_direct_X	-3.0	201	xptar	mrad	25505	8218	2.0083051206139677	1.9942518944829368	-2.167734129092491
rescaled_direct_X	-3.0	201	ytar	cm	25505	8218	0.14600067241534467	0.14775133117578015	3.523172135523267
rescaled_direct_X	-3.0	201	yptar	mrad	25505	8218	1.1264608860141763	1.1364384385808495	1.40328077567895
rescaled_direct_X	-3.0	202	xptar	mrad	25505	8218	2.0083198750431284	1.9945707767980236	-2.1520906792768413
rescaled_direct_X	-3.0	202	ytar	cm	25505	8218	0.14601608676036426	0.1477444465385235	3.518348358423351
rescaled_direct_X	-3.0	202	yptar	mrad	25505	8218	1.1263836723744531	1.1360720964306597	1.370592427014805
rescaled_direct_X	-3.0	203	xptar	mrad	25505	8218	2.0084081181823903	1.995554946407471	-2.1038101470331916
rescaled_direct_X	-3.0	203	ytar	cm	25505	8218	0.14600583633084505	0.1477120595317069	3.4956561386311424
rescaled_direct_X	-3.0	203	yptar	mrad	25505	8218	1.1257643652979274	1.1354896024136356	1.31861706050731
rescaled_direct_X	-3.0	204	xptar	mrad	25505	8218	2.008616925425668	1.99629023206604	-2.067739146053238
rescaled_direct_X	-3.0	204	ytar	cm	25505	8218	0.1459540233471317	0.1476290428511506	3.4374898260642217
rescaled_direct_X	-3.0	204	yptar	mrad	25505	8218	1.126003602266316	1.1360350995881359	1.3672912352538757
rescaled_direct_X	-3.0	205	xptar	mrad	25505	8218	2.0087662461683373	1.9963915828298422	-2.062767168893309
rescaled_direct_X	-3.0	205	ytar	cm	25505	8218	0.14596959465008583	0.14764679048421808	3.4499248495487578
rescaled_direct_X	-3.0	205	yptar	mrad	25505	8218	1.1259497996853236	1.1360731947620282	1.370690430039323
rescaled_direct_X	-3.0	206	xptar	mrad	25505	8218	2.008794506628567	1.996347626158755	-2.06492355683231
rescaled_direct_X	-3.0	206	ytar	cm	25505	8218	0.145965124136707	0.1476359696554922	3.4423431478752597
rescaled_direct_X	-3.0	206	yptar	mrad	25505	8218	1.1261808418172503	1.1364906179130903	1.4079366860197728
rescaled_direct_X	-3.0	207	xptar	mrad	25505	8218	2.008698597082114	1.9959572990662575	-2.084071882074212
rescaled_direct_X	-3.0	207	ytar	cm	25505	8218	0.1462334593475499	0.14803570497424534	3.72242095077977
rescaled_direct_X	-3.0	207	yptar	mrad	25505	8218	1.1261793690949242	1.1364893209443279	1.4078209587765622
rescaled_direct_X	-3.0	208	xptar	mrad	25505	8218	2.008430385358274	1.9961322240060952	-2.0754905673120216
rescaled_direct_X	-3.0	208	ytar	cm	25505	8218	0.14625490503455352	0.14799472648054823	3.693709035813586
rescaled_direct_X	-3.0	208	yptar	mrad	25505	8218	1.1261608426069016	1.1363322301688947	1.393803903855062
rescaled_direct_X	-3.0	209	xptar	mrad	25505	8218	2.008541698738754	1.9961299741267764	-2.0756009399245823
rescaled_direct_X	-3.0	209	ytar	cm	25505	8218	0.14627126505046179	0.14799821939250093	3.6961563729878577
rescaled_direct_X	-3.0	209	yptar	mrad	25505	8218	1.1259690776294713	1.1361134910842126	1.3742860311154237
rescaled_direct_X	-3.0	210	xptar	mrad	25505	8218	2.0085055429387757	1.9955377059632085	-2.104655913674558
rescaled_direct_X	-3.0	210	ytar	cm	25505	8218	0.14627721067966198	0.14801442051096195	3.707507818432565
rescaled_direct_X	-3.0	210	yptar	mrad	25505	8218	1.1274184888120249	1.1385027461293218	1.587476901785445
rescaled_direct_X	0.0	1	xptar	mrad	30000	199492	31.32266293458789	31.31181937082981	1646.1765261441067
rescaled_direct_X	0.0	1	ytar	cm	30000	199492	0.028636448555726345	0.036955838083442015	-71.9172264198155
rescaled_direct_X	0.0	1	yptar	mrad	30000	199492	13.069905651281907	13.34263887451986	1169.749537118926
rescaled_direct_X	0.0	2	xptar	mrad	30000	199492	31.286489213683517	31.280446279630254	1644.426932651744
rescaled_direct_X	0.0	2	ytar	cm	30000	199492	0.04447866750039334	0.05209529365276767	-60.41274093309275
rescaled_direct_X	0.0	2	yptar	mrad	30000	199492	12.838105550098252	13.163845356259086	1152.7346880184962
rescaled_direct_X	0.0	3	xptar	mrad	30000	199492	8.08920945605736	7.896618919860012	340.37334370326494
rescaled_direct_X	0.0	3	ytar	cm	30000	199492	0.04649563881563544	0.053896011305451456	-59.04437401883198
rescaled_direct_X	0.0	3	yptar	mrad	30000	199492	12.832667022231115	13.160898990447372	1152.4542977103429
rescaled_direct_X	0.0	4	xptar	mrad	30000	199492	8.10412349927677	7.902294858477242	340.68987563837425
rescaled_direct_X	0.0	4	ytar	cm	30000	199492	0.5131086918075772	0.5033397345531689	282.48830313227404
rescaled_direct_X	0.0	4	yptar	mrad	30000	199492	12.06833316379619	12.754296521840894	1113.7600558021381
rescaled_direct_X	0.0	5	xptar	mrad	30000	199492	8.104577079185807	7.904831314004489	340.83132698774585
rescaled_direct_X	0.0	5	ytar	cm	30000	199492	0.5593832735364299	0.5777641735776218	339.04349923517054
rescaled_direct_X	0.0	5	yptar	mrad	30000	199492	1.6627786402246503	1.7032991633169385	62.09412130061598
rescaled_direct_X	0.0	6	xptar	mrad	30000	199492	8.094757049063325	7.8960633650259995	340.34236189417066
rescaled_direct_X	0.0	6	ytar	cm	30000	199492	0.5626828799995175	0.5821311871775071	342.36199667717864
rescaled_direct_X	0.0	6	yptar	mrad	30000	199492	1.6703681426204104	1.712222619641909	62.94332022181064
rescaled_direct_X	0.0	7	xptar	mrad	30000	199492	2.8244059938599686	2.841131685656525	58.44232487491461
rescaled_direct_X	0.0	7	ytar	cm	30000	199492	0.5626889377510786	0.5821350132919884	342.3649041449088
rescaled_direct_X	0.0	7	yptar	mrad	30000	199492	1.669794302275996	1.7119063417073908	62.913221695969376
rescaled_direct_X	0.0	8	xptar	mrad	30000	199492	2.6867295736481367	2.6899553658129984	50.01162533959649
rescaled_direct_X	0.0	8	ytar	cm	30000	199492	0.5690258466964023	0.5881923724783087	346.9678966718054
rescaled_direct_X	0.0	8	yptar	mrad	30000	199492	1.6806068208847587	1.7236075107016142	64.0267610830346
rescaled_direct_X	0.0	9	xptar	mrad	30000	199492	2.6867480116402165	2.6899637133206467	50.01209085780016
rescaled_direct_X	0.0	9	ytar	cm	30000	199492	0.5882271562391856	0.6296739761797953	378.48980349100776
rescaled_direct_X	0.0	9	yptar	mrad	30000	199492	1.7296709682387577	1.820877318112893	73.28342268480961
rescaled_direct_X	0.0	10	xptar	mrad	30000	199492	2.7165162907124945	2.7160682098018984	51.467868896199256
rescaled_direct_X	0.0	10	ytar	cm	30000	199492	0.5881856594467737	0.6297260846232914	378.5294007426521
rescaled_direct_X	0.0	10	yptar	mrad	30000	199492	1.7290746528504763	1.8199735300302609	73.1974138742311
rescaled_direct_X	0.0	11	xptar	mrad	30000	199492	2.7086491897785927	2.7082391927474685	51.031265527952854
rescaled_direct_X	0.0	11	ytar	cm	30000	199492	0.5860719651960843	0.629190474447652	378.12239010320286
rescaled_direct_X	0.0	11	yptar	mrad	30000	199492	1.724050728067007	1.819805740879633	73.18144625355676
rescaled_direct_X	0.0	12	xptar	mrad	30000	199492	2.690252289488858	2.6956870074341412	50.331263682440095
rescaled_direct_X	0.0	12	ytar	cm	30000	199492	0.23201093117476576	0.2373425560663326	80.35681528595629
rescaled_direct_X	0.0	12	yptar	mrad	30000	199492	1.1699685429054698	1.155822094417362	9.993576471662191
rescaled_direct_X	0.0	13	xptar	mrad	30000	199492	2.6900881851173333	2.6957500952670377	50.33478192236043
rescaled_direct_X	0.0	13	ytar	cm	30000	199492	0.21768441623764498	0.21349662169164565	62.23626896414765
rescaled_direct_X	0.0	13	yptar	mrad	30000	199492	1.1554007451603632	1.1322702654141823	7.752271415268863
rescaled_direct_X	0.0	14	xptar	mrad	30000	199492	2.6702983389932373	2.6762109819423596	49.245137765144584
rescaled_direct_X	0.0	14	ytar	cm	30000	199492	0.2177824336064594	0.21360293153922827	62.31705391001372
rescaled_direct_X	0.0	14	yptar	mrad	30000	199492	1.1539786631642897	1.1307222770779126	7.604957417496094
rescaled_direct_X	0.0	15	xptar	mrad	30000	199492	2.658618231105622	2.6631741697105307	48.518109570922974
rescaled_direct_X	0.0	15	ytar	cm	30000	199492	0.2133129790545523	0.20978537872983605	59.41609220175812
rescaled_direct_X	0.0	15	yptar	mrad	30000	199492	1.1490077861686168	1.1270075597461602	7.251447091924157
rescaled_direct_X	0.0	16	xptar	mrad	30000	199492	2.6588479982124174	2.663371412705823	48.52910928589471
rescaled_direct_X	0.0	16	ytar	cm	30000	199492	0.2132107906676724	0.20991442250373726	59.514152678054664
rescaled_direct_X	0.0	16	yptar	mrad	30000	199492	1.1491721989156887	1.1273360675837174	7.2827094740212095
rescaled_direct_X	0.0	17	xptar	mrad	30000	199492	2.1731280177898222	2.176598143640243	21.383064339410375
rescaled_direct_X	0.0	17	ytar	cm	30000	199492	0.21314069957115317	0.2098205613644193	59.44282751645251
rescaled_direct_X	0.0	17	yptar	mrad	30000	199492	1.1493962031871048	1.127543845412929	7.302482609226768
rescaled_direct_X	0.0	18	xptar	mrad	30000	199492	2.044714905757822	2.0782599607736816	15.899006562006758
rescaled_direct_X	0.0	18	ytar	cm	30000	199492	0.20989201378146718	0.2078118815827173	57.91642999903548
rescaled_direct_X	0.0	18	yptar	mrad	30000	199492	1.146013508000768	1.12525882431407	7.085029037270774
rescaled_direct_X	0.0	19	xptar	mrad	30000	199492	2.0448209253450247	2.0784091305718366	15.907325363187352
rescaled_direct_X	0.0	19	ytar	cm	30000	199492	0.20991098811748293	0.20814281404273444	58.167905863931615
rescaled_direct_X	0.0	19	yptar	mrad	30000	199492	1.1467341930673252	1.1257398341212408	7.130804238544575
rescaled_direct_X	0.0	20	xptar	mrad	30000	199492	2.0441296793886274	2.077842214644569	15.875709976270102
rescaled_direct_X	0.0	20	ytar	cm	30000	199492	0.20987153653518417	0.2080993102736055	58.13484731184104
rescaled_direct_X	0.0	20	yptar	mrad	30000	199492	1.146790411275758	1.1258627345086674	7.142500029123511
rescaled_direct_X	0.0	21	xptar	mrad	30000	199492	2.047492510098047	2.080201377328192	16.007274177337738
rescaled_direct_X	0.0	21	ytar	cm	30000	199492	0.20546015783830673	0.20648452164425732	56.907768024518376
rescaled_direct_X	0.0	21	yptar	mrad	30000	199492	1.1427616037608146	1.1252134157178983	7.080707737375591
rescaled_direct_X	0.0	22	xptar	mrad	30000	199492	2.0515978607381897	2.0828379228190856	16.154307276621594
rescaled_direct_X	0.0	22	ytar	cm	30000	199492	0.20546122901478203	0.20624438541146828	56.72528829185512
rescaled_direct_X	0.0	22	yptar	mrad	30000	199492	1.1427378217510074	1.1254227316795684	7.100627248646307
rescaled_direct_X	0.0	23	xptar	mrad	30000	199492	2.0475900882764404	2.078613547024583	15.918725122719547
rescaled_direct_X	0.0	23	ytar	cm	30000	199492	0.20530395847871202	0.2060752496452584	56.596761875648326
rescaled_direct_X	0.0	23	yptar	mrad	30000	199492	1.142537263799071	1.125114860298368	7.0713287307558215
rescaled_direct_X	0.0	24	xptar	mrad	30000	199492	2.0120388659752484	2.0510752518974735	14.382987963805526
rescaled_direct_X	0.0	24	ytar	cm	30000	199492	0.19875109521660964	0.20179150031701715	53.34153702625799
rescaled_direct_X	0.0	24	yptar	mrad	30000	199492	1.1338073357862692	1.1189510110858332	6.48474726376933
rescaled_direct_X	0.0	25	xptar	mrad	30000	199492	2.010385138927436	2.049901215350016	14.317515081641563
rescaled_direct_X	0.0	25	ytar	cm	30000	199492	0.19787911237290992	0.20098905418360855	52.73175750985446
rescaled_direct_X	0.0	25	yptar	mrad	30000	199492	1.1333806339311558	1.118486313050475	6.44052436896978
rescaled_direct_X	0.0	26	xptar	mrad	30000	199492	1.994044140191207	2.029719637126704	13.192042373181856
rescaled_direct_X	0.0	26	ytar	cm	30000	199492	0.1965997951507312	0.19786955477034154	50.361247185924164
rescaled_direct_X	0.0	26	yptar	mrad	30000	199492	1.1364370160158952	1.1173357740252254	6.331033554709808
rescaled_direct_X	0.0	27	xptar	mrad	30000	199492	1.9716372001353593	2.0071678834541595	11.934391311133808
rescaled_direct_X	0.0	27	ytar	cm	30000	199492	0.17626246473819226	0.1760818881901609	33.80478035569669
rescaled_direct_X	0.0	27	yptar	mrad	30000	199492	1.1181831771038815	1.0956213476305303	4.264584546926176
rescaled_direct_X	0.0	28	xptar	mrad	30000	199492	1.9740843322316022	2.009981897612819	12.091321363964468
rescaled_direct_X	0.0	28	ytar	cm	30000	199492	0.1705617976875928	0.17141849064736392	30.261060497062676
rescaled_direct_X	0.0	28	yptar	mrad	30000	199492	1.118760551131233	1.096017620763968	4.3022957997366
rescaled_direct_X	0.0	29	xptar	mrad	30000	199492	1.9825184258974804	2.0172600707495296	12.497205638334563
rescaled_direct_X	0.0	29	ytar	cm	30000	199492	0.17320668006549716	0.17402322232780298	32.240398372008
rescaled_direct_X	0.0	29	yptar	mrad	30000	199492	1.1219437766323939	1.0990293059233982	4.588902210439727
rescaled_direct_X	0.0	30	xptar	mrad	30000	199492	1.9834726939413827	2.018039877688121	12.540693388278633
rescaled_direct_X	0.0	30	ytar	cm	30000	199492	0.17333587685264057	0.17450900830393468	32.609547558811244
rescaled_direct_X	0.0	30	yptar	mrad	30000	199492	1.1222378850664232	1.0998903911646956	4.6708472137362955
rescaled_direct_X	0.0	31	xptar	mrad	30000	199492	1.9839125292635682	2.017572628105519	12.514636127174539
rescaled_direct_X	0.0	31	ytar	cm	30000	199492	0.16728439886531035	0.16680906298871223	26.75835240044524
rescaled_direct_X	0.0	31	yptar	mrad	30000	199492	1.118785296287602	1.0953470717357174	4.238483136721127
rescaled_direct_X	0.0	32	xptar	mrad	30000	199492	1.9867679173300503	2.020602537240057	12.68360606611103
rescaled_direct_X	0.0	32	ytar	cm	30000	199492	0.1644838719457108	0.16409252223234314	24.69405071121804
rescaled_direct_X	0.0	32	yptar	mrad	30000	199492	1.1111848683834908	1.0882885835279792	3.5667635302158107
rescaled_direct_X	0.0	33	xptar	mrad	30000	199492	1.987179212911409	2.0209544356975706	12.703230503095009
rescaled_direct_X	0.0	33	ytar	cm	30000	199492	0.16458306077380172	0.1641287426394692	24.721574630172505
rescaled_direct_X	0.0	33	yptar	mrad	30000	199492	1.1111757442844254	1.088310240493454	3.5688245109667394
rescaled_direct_X	0.0	34	xptar	mrad	30000	199492	1.9870141074515681	2.0207919758773576	12.694170552884575
rescaled_direct_X	0.0	34	ytar	cm	30000	199492	0.1651970316417142	0.1651813489294987	25.521451067698653
rescaled_direct_X	0.0	34	yptar	mrad	30000	199492	1.1110350336180617	1.0881061215614336	3.5493995739743323
rescaled_direct_X	0.0	35	xptar	mrad	30000	199492	1.9873053972068793	2.021936048186194	12.75797240950114
rescaled_direct_X	0.0	35	ytar	cm	30000	199492	0.14445729321115486	0.1411426991377457	7.254460132439267
rescaled_direct_X	0.0	35	yptar	mrad	30000	199492	1.0803845091374085	1.053157720549572	0.22354204120385024
rescaled_direct_X	0.0	36	xptar	mrad	30000	199492	1.9878087783614085	2.0222013788312605	12.772769190824995
rescaled_direct_X	0.0	36	ytar	cm	30000	199492	0.14440120922751282	0.1411706361466863	7.275689489890591
rescaled_direct_X	0.0	36	yptar	mrad	30000	199492	1.0802342671218697	1.0532851733161728	0.2356710580286414
rescaled_direct_X	0.0	37	xptar	mrad	30000	199492	1.969293702677069	2.003882238325595	11.751159658932743
rescaled_direct_X	0.0	37	ytar	cm	30000	199492	0.1443971832896447	0.14126073710344125	7.344157285484743
rescaled_direct_X	0.0	37	yptar	mrad	30000	199492	1.0802506168147856	1.053370820293887	0.24382163538674284
rescaled_direct_X	0.0	38	xptar	mrad	30000	199492	1.8562355869351532	1.8961480183656823	5.743109991537754
rescaled_direct_X	0.0	38	ytar	cm	30000	199492	0.14442295131667013	0.14132462472114596	7.392705541880051
rescaled_direct_X	0.0	38	yptar	mrad	30000	199492	1.080148409213733	1.0533106755503263	0.2380979729977417
rescaled_direct_X	0.0	39	xptar	mrad	30000	199492	1.8522190605330557	1.8939326330661799	5.619563871124189
rescaled_direct_X	0.0	39	ytar	cm	30000	199492	0.14443976687071158	0.14141414691418902	7.460733534424935
rescaled_direct_X	0.0	39	yptar	mrad	30000	199492	1.079892081372515	1.053322721384018	0.23924431233122156
rescaled_direct_X	0.0	40	xptar	mrad	30000	199492	1.8525740887541844	1.8947209674167638	5.6635271720566704
rescaled_direct_X	0.0	40	ytar	cm	30000	199492	0.1443405416131901	0.14138988082221274	7.442293709975334
rescaled_direct_X	0.0	40	yptar	mrad	30000	199492	1.079839853831591	1.0535199302249791	0.25801165190182385
rescaled_direct_X	0.0	41	xptar	mrad	30000	199492	1.8521354023941101	1.8940166166298975	5.624247410135741
rescaled_direct_X	0.0	41	ytar	cm	30000	199492	0.1442953204431499	0.14137648185279175	7.432111821430221
rescaled_direct_X	0.0	41	yptar	mrad	30000	199492	1.0798390277180459	1.053532917957771	0.2592476268731936
rescaled_direct_X	0.0	42	xptar	mrad	30000	199492	1.8510327226209426	1.8931210949010226	5.574306555435049
rescaled_direct_X	0.0	42	ytar	cm	30000	199492	0.14422393063753025	0.14134104707340495	7.405184901679762
rescaled_direct_X	0.0	42	yptar	mrad	30000	199492	1.07982959335879	1.0535341528002524	0.2593651404088515
rescaled_direct_X	0.0	43	xptar	mrad	30000	199492	1.85475719916949	1.8965327387232245	5.7645648182124365
rescaled_direct_X	0.0	43	ytar	cm	30000	199492	0.1429311568933095	0.14009140270857173	6.455579059319283
rescaled_direct_X	0.0	43	yptar	mrad	30000	199492	1.0792237967797313	1.0531292899825808	0.22083645203094804
rescaled_direct_X	0.0	44	xptar	mrad	30000	199492	1.8542508661939638	1.8969492536627588	5.787792743795084
rescaled_direct_X	0.0	44	ytar	cm	30000	199492	0.14292121151020848	0.14004575163526445	6.420888768911404
rescaled_direct_X	0.0	44	yptar	mrad	30000	199492	1.0791846351999443	1.0531113211297796	0.21912644977866158
rescaled_direct_X	0.0	45	xptar	mrad	30000	199492	1.8535052641709708	1.8962882999298187	5.75093311964936
rescaled_direct_X	0.0	45	ytar	cm	30000	199492	0.1429179118546733	0.1400418952142775	6.417958271241164
rescaled_direct_X	0.0	45	yptar	mrad	30000	199492	1.0792064580994325	1.053065346116466	0.21475124691039404
rescaled_direct_X	0.0	46	xptar	mrad	30000	199492	1.8522472303072306	1.8950878768210255	5.683988729443534
rescaled_direct_X	0.0	46	ytar	cm	30000	199492	0.14263259579600762	0.1397590297423433	6.203008552497269
rescaled_direct_X	0.0	46	yptar	mrad	30000	199492	1.078457464814544	1.0523518293527365	0.146849568015206
rescaled_direct_X	0.0	47	xptar	mrad	30000	199492	1.8433006506787617	1.888375022568652	5.309630779172481
rescaled_direct_X	0.0	47	ytar	cm	30000	199492	0.14247691681046193	0.13959487264612805	6.078265431960128
rescaled_direct_X	0.0	47	yptar	mrad	30000	199492	1.0784167237819864	1.0523047322459356	0.14236758134655858
rescaled_direct_X	0.0	48	xptar	mrad	30000	199492	1.8432678575026407	1.8884762320560917	5.3152749619360895
rescaled_direct_X	0.0	48	ytar	cm	30000	199492	0.14243251229228185	0.13956236007945247	6.053559104196737
rescaled_direct_X	0.0	48	yptar	mrad	30000	199492	1.078429087851422	1.0523590497695403	0.14753669752389786
rescaled_direct_X	0.0	49	xptar	mrad	30000	199492	1.843754923702704	1.889344046707914	5.3636706669607515
rescaled_direct_X	0.0	49	ytar	cm	30000	199492	0.1425785292957245	0.13972811045300035	6.179512957568045
rescaled_direct_X	0.0	49	yptar	mrad	30000	199492	1.0786909883593896	1.0529540774114379	0.20416238304066248
rescaled_direct_X	0.0	50	xptar	mrad	30000	199492	1.843246857422506	1.8889420779650825	5.341253943912383
rescaled_direct_X	0.0	50	ytar	cm	30000	199492	0.1424958914063159	0.13969800475324665	6.156635610077044
rescaled_direct_X	0.0	50	yptar	mrad	30000	199492	1.0783981294596843	1.052880391117684	0.19715004175901996
rescaled_direct_X	0.0	51	xptar	mrad	30000	199492	1.8406066872674116	1.88293524503614	5.006268916924128
rescaled_direct_X	0.0	51	ytar	cm	30000	199492	0.14217825141118018	0.13952271435699387	6.0234322851346445
rescaled_direct_X	0.0	51	yptar	mrad	30000	199492	1.0786844258295094	1.0531750026012923	0.22518668416982024
rescaled_direct_X	0.0	52	xptar	mrad	30000	199492	1.8363637364928014	1.8750502240753284	4.5665423604165145
rescaled_direct_X	0.0	52	ytar	cm	30000	199492	0.13975385256555578	0.13610232864720082	3.424278202141351
rescaled_direct_X	0.0	52	yptar	mrad	30000	199492	1.0782353156361455	1.0511583775430844	0.03327496728360302
rescaled_direct_X	0.0	53	xptar	mrad	30000	199492	1.8301723659583227	1.8668989919679915	4.111969919370706
rescaled_direct_X	0.0	53	ytar	cm	30000	199492	0.13847996342114963	0.13482278798717595	2.451954138999146
rescaled_direct_X	0.0	53	yptar	mrad	30000	199492	1.0769975691318885	1.0498382682428795	-0.09235296798807413
rescaled_direct_X	0.0	54	xptar	mrad	30000	199492	1.827889798274387	1.8648481471636797	3.9975997828531673
rescaled_direct_X	0.0	54	ytar	cm	30000	199492	0.138250974177899	0.1343114375534756	2.0633784986006765
rescaled_direct_X	0.0	54	yptar	mrad	30000	199492	1.0770062752912761	1.0496651170647928	-0.10883086492395888
rescaled_direct_X	0.0	55	xptar	mrad	30000	199492	1.8158943760669228	1.8496768234454393	3.1515355847438586
rescaled_direct_X	0.0	55	ytar	cm	30000	199492	0.13807747241429857	0.13365989603833991	1.5682715331914787
rescaled_direct_X	0.0	55	yptar	mrad	30000	199492	1.0770072573205502	1.0493639083415973	-0.1374953323093453
rescaled_direct_X	0.0	56	xptar	mrad	30000	199492	1.8155018329595813	1.8500055679778866	3.1698687891756894
rescaled_direct_X	0.0	56	ytar	cm	30000	199492	0.13858288211573086	0.13503989034553676	2.6169304104019186
rescaled_direct_X	0.0	56	yptar	mrad	30000	199492	1.0771730258546892	1.049982673942501	-0.07861062871199476
rescaled_direct_X	0.0	57	xptar	mrad	30000	199492	1.8101130384104114	1.8436177197184442	2.8136355549740255
rescaled_direct_X	0.0	57	ytar	cm	30000	199492	0.1383347728935019	0.13484248071252558	2.4669186581617764
rescaled_direct_X	0.0	57	yptar	mrad	30000	199492	1.0771727464877714	1.0499946208278235	-0.07747370578012891
rescaled_direct_X	0.0	58	xptar	mrad	30000	199492	1.8115615329687529	1.8439338958240141	2.831267851811692
rescaled_direct_X	0.0	58	ytar	cm	30000	199492	0.13851914523737366	0.1347928548649082	2.4292079332901784
rescaled_direct_X	0.0	58	yptar	mrad	30000	199492	1.0766016941247096	1.049031303420258	-0.16914761255808486
rescaled_direct_X	0.0	59	xptar	mrad	30000	199492	1.8114239764412459	1.8437941784941285	2.8234761895370664
rescaled_direct_X	0.0	59	ytar	cm	30000	199492	0.13823130732081326	0.1342766525745742	2.036945362805609
rescaled_direct_X	0.0	59	yptar	mrad	30000	199492	1.0764961442854826	1.0489026067069258	-0.18139500932263797
rescaled_direct_X	0.0	60	xptar	mrad	30000	199492	1.811279841022782	1.8432627366797478	2.7938390991370188
rescaled_direct_X	0.0	60	ytar	cm	30000	199492	0.1380309967819122	0.13414896151725736	1.9399128170209279
rescaled_direct_X	0.0	60	yptar	mrad	30000	199492	1.0763029275217462	1.0490992165846158	-0.1626846699709028
rescaled_direct_X	0.0	61	xptar	mrad	30000	199492	1.8327472561428302	1.8628119021084844	3.884043835345019
rescaled_direct_X	0.0	61	ytar	cm	30000	199492	0.13820060258394337	0.13428475573640056	2.0431029625423314
rescaled_direct_X	0.0	61	yptar	mrad	30000	199492	1.0751754023066427	1.0488313885240261	-0.18817247333270393
rescaled_direct_X	0.0	62	xptar	mrad	30000	199492	1.832841581251883	1.862947045455897	3.89158041883515
rescaled_direct_X	0.0	62	ytar	cm	30000	199492	0.1368982353685191	0.13250056536196045	0.6872951414285344
rescaled_direct_X	0.0	62	yptar	mrad	30000	199492	1.0748448715280803	1.0483349790854493	-0.23541317742296064
rescaled_direct_X	0.0	63	xptar	mrad	30000	199492	1.8327031402335536	1.862719400779498	3.8788852833171017
rescaled_direct_X	0.0	63	ytar	cm	30000	199492	0.13679281366534662	0.1323558810734957	0.5773494244787125
rescaled_direct_X	0.0	63	yptar	mrad	30000	199492	1.0744885597631093	1.0479826591046075	-0.2689416373324871
rescaled_direct_X	0.0	64	xptar	mrad	30000	199492	1.8282838189396204	1.8578157612429689	3.6054224049723027
rescaled_direct_X	0.0	64	ytar	cm	30000	199492	0.1368379439079337	0.13243598653908348	0.6382216376201733
rescaled_direct_X	0.0	64	yptar	mrad	30000	199492	1.0747117111233697	1.0484937241899137	-0.22030623157744955
rescaled_direct_X	0.0	65	xptar	mrad	30000	199492	1.8285596414560645	1.858127205083592	3.622790796034714
rescaled_direct_X	0.0	65	ytar	cm	30000	199492	0.1366680834020322	0.1322248716821056	0.47779527373859043
rescaled_direct_X	0.0	65	yptar	mrad	30000	199492	1.0744770474196292	1.0479655775019714	-0.2705672046017793
rescaled_direct_X	0.0	66	xptar	mrad	30000	199492	1.8296619391922069	1.8591839409434012	3.6817221321822524
rescaled_direct_X	0.0	66	ytar	cm	30000	199492	0.136739250683179	0.13240858458830893	0.6173988713357392
rescaled_direct_X	0.0	66	yptar	mrad	30000	199492	1.0753350019803396	1.0494662998218587	-0.127751267743903
rescaled_direct_X	0.0	67	xptar	mrad	30000	199492	1.829969962645547	1.8592045379234867	3.682870770742963
rescaled_direct_X	0.0	67	ytar	cm	30000	199492	0.13687818806009575	0.1324596121162043	0.6561747342726632
rescaled_direct_X	0.0	67	yptar	mrad	30000	199492	1.0765967007231316	1.0505345251757745	-0.0260938174127312
rescaled_direct_X	0.0	68	xptar	mrad	30000	199492	1.8298607600310135	1.8590947260966426	3.6767468584893326
rescaled_direct_X	0.0	68	ytar	cm	30000	199492	0.13687355298698636	0.13244354384812593	0.6439644433505087
rescaled_direct_X	0.0	68	yptar	mrad	30000	199492	1.0761842742309011	1.0500808125749408	-0.06927128555164197
rescaled_direct_X	0.0	69	xptar	mrad	30000	199492	1.8279855582482687	1.8577012183762014	3.599034655259725
rescaled_direct_X	0.0	69	ytar	cm	30000	199492	0.13688907417979784	0.13248300601624194	0.6739517793076244
rescaled_direct_X	0.0	69	yptar	mrad	30000	199492	1.0761838126644503	1.0501098868892849	-0.06650443429173647
rescaled_direct_X	0.0	70	xptar	mrad	30000	199492	1.8279665164879595	1.8574548351093636	3.585294518607429
rescaled_direct_X	0.0	70	ytar	cm	30000	199492	0.1368964555328501	0.13249038555429674	0.6795594967094365
rescaled_direct_X	0.0	70	yptar	mrad	30000	199492	1.0750594942781657	1.0490984003302433	-0.16276234865362227
rescaled_direct_X	0.0	71	xptar	mrad	30000	199492	1.8279995603293757	1.8574030427014767	3.5824061943675156
rescaled_direct_X	0.0	71	ytar	cm	30000	199492	0.13685071187506842	0.13250662008320577	0.6918961293817638
rescaled_direct_X	0.0	71	yptar	mrad	30000	199492	1.0746826732238879	1.0489262899877014	-0.1791411946848398
rescaled_direct_X	0.0	72	xptar	mrad	30000	199492	1.8274313001013658	1.8556511708754362	3.4847089822312327
rescaled_direct_X	0.0	72	ytar	cm	30000	199492	0.13678273939838892	0.13251013868058878	0.6945699146008621
rescaled_direct_X	0.0	72	yptar	mrad	30000	199492	1.0744081629272566	1.048795931025273	-0.19154677904932305
rescaled_direct_X	0.0	73	xptar	mrad	30000	199492	1.8069856201329468	1.824961004932084	1.773200407176212
rescaled_direct_X	0.0	73	ytar	cm	30000	199492	0.1367688011876702	0.1325021003883087	0.688461609288904
rescaled_direct_X	0.0	73	yptar	mrad	30000	199492	1.074409149245551	1.048798444469833	-0.19130758760476096
rescaled_direct_X	0.0	74	xptar	mrad	30000	199492	1.8030877866410024	1.821843010624635	1.5993181934396805
rescaled_direct_X	0.0	74	ytar	cm	30000	199492	0.13666396119255345	0.1324620616970179	0.6580361728686146
rescaled_direct_X	0.0	74	yptar	mrad	30000	199492	1.074275749145311	1.0488844565951774	-0.18312226104607587
rescaled_direct_X	0.0	75	xptar	mrad	30000	199492	1.8018562046303364	1.8259599032015348	1.8289062954053081
rescaled_direct_X	0.0	75	ytar	cm	30000	199492	0.13668836610766547	0.13256842484736597	0.7388616235526335
rescaled_direct_X	0.0	75	yptar	mrad	30000	199492	1.0744806002534328	1.0490884484991245	-0.16370941265462235
rescaled_direct_X	0.0	76	xptar	mrad	30000	199492	1.8018169802123543	1.8242785284646776	1.73514051762087
rescaled_direct_X	0.0	76	ytar	cm	30000	199492	0.13669028385676038	0.13256049368362977	0.7328347253145795
rescaled_direct_X	0.0	76	yptar	mrad	30000	199492	1.0744900851459835	1.0492329335495412	-0.1499595219761396
rescaled_direct_X	0.0	77	xptar	mrad	30000	199492	1.801802564119419	1.824249568262203	1.7335254844873749
rescaled_direct_X	0.0	77	ytar	cm	30000	199492	0.13668921065195047	0.13256028281669374	0.7326744873460411
rescaled_direct_X	0.0	77	yptar	mrad	30000	199492	1.0745033774969321	1.0492532204290503	-0.14802892517976618
rescaled_direct_X	0.0	78	xptar	mrad	30000	199492	1.801910171246074	1.8246112191178987	1.7536937866673652
rescaled_direct_X	0.0	78	ytar	cm	30000	199492	0.13663411586233004	0.13250973556935497	0.6942635900228256
rescaled_direct_X	0.0	78	yptar	mrad	30000	199492	1.0744939530475166	1.0492470624798134	-0.14861494517677265
rescaled_direct_X	0.0	79	xptar	mrad	30000	199492	1.8000288213077065	1.8237737111843813	1.7069882063672326
rescaled_direct_X	0.0	79	ytar	cm	30000	199492	0.13646765052720675	0.13241012955886491	0.6185728958082448
rescaled_direct_X	0.0	79	yptar	mrad	30000	199492	1.0744044163610442	1.0492069895586278	-0.15242847663818893
rescaled_direct_X	0.0	80	xptar	mrad	30000	199492	1.797545090024156	1.8216595452014048	1.5890868168591643
rescaled_direct_X	0.0	80	ytar	cm	30000	199492	0.13631508124435704	0.13228416923189276	0.5228555335214491
rescaled_direct_X	0.0	80	yptar	mrad	30000	199492	1.0743564324148038	1.049180916746318	-0.15490969056244364
rescaled_direct_X	0.0	81	xptar	mrad	30000	199492	1.7980269255419452	1.8224934719740613	1.6355926853840907
rescaled_direct_X	0.0	81	ytar	cm	30000	199492	0.13632037188020454	0.13228680893686967	0.5248614476348612
rescaled_direct_X	0.0	81	yptar	mrad	30000	199492	1.0742277121683292	1.049069735422648	-0.16549023880286784
rescaled_direct_X	0.0	82	xptar	mrad	30000	199492	1.7978789164626043	1.822415405634472	1.6312391341560817
rescaled_direct_X	0.0	82	ytar	cm	30000	199492	0.13633141093915552	0.13228390907906418	0.5226578431601903
rescaled_direct_X	0.0	82	yptar	mrad	30000	199492	1.0743146735213813	1.0491102386020235	-0.16163576190758588
rescaled_direct_X	0.0	83	xptar	mrad	30000	199492	1.7994051422000312	1.8230415045924178	1.6661550006044967
rescaled_direct_X	0.0	83	ytar	cm	30000	199492	0.13613849176788012	0.13208970541565704	0.3750823100173273
rescaled_direct_X	0.0	83	yptar	mrad	30000	199492	1.0739352417957229	1.0488878752533752	-0.18279692512825907
rescaled_direct_X	0.0	84	xptar	mrad	30000	199492	1.791032263291653	1.8151624429247046	1.2267607779544942
rescaled_direct_X	0.0	84	ytar	cm	30000	199492	0.13616759629672748	0.13211224016504303	0.3922064857230456
rescaled_direct_X	0.0	84	yptar	mrad	30000	199492	1.0739548322453762	1.0489110128301011	-0.1805950423062752
rescaled_direct_X	0.0	85	xptar	mrad	30000	199492	1.7892582434115891	1.811905092276095	1.0451070333202583
rescaled_direct_X	0.0	85	ytar	cm	30000	199492	0.13616258561592792	0.13210979486708038	0.39034830166926326
rescaled_direct_X	0.0	85	yptar	mrad	30000	199492	1.0739538003460627	1.0489116987287728	-0.18052976889754158
rescaled_direct_X	0.0	86	xptar	mrad	30000	199492	1.789296430755967	1.8118182840715507	1.0402659716350016
rescaled_direct_X	0.0	86	ytar	cm	30000	199492	0.13615684387885993	0.13211768982591818	0.3963476877734573
rescaled_direct_X	0.0	86	yptar	mrad	30000	199492	1.0739601809336652	1.0488422697602455	-0.1871369626827657
rescaled_direct_X	0.0	87	xptar	mrad	30000	199492	1.7890165602266148	1.8114688730168693	1.0207802504626162
rescaled_direct_X	0.0	87	ytar	cm	30000	199492	0.13611740042580653	0.13208238388468382	0.3695186722473931
rescaled_direct_X	0.0	87	yptar	mrad	30000	199492	1.0739057260256235	1.0488095031615023	-0.190255189442734
rescaled_direct_X	0.0	88	xptar	mrad	30000	199492	1.7879965964773474	1.8111813130212846	1.0047437976394402
rescaled_direct_X	0.0	88	ytar	cm	30000	199492	0.13605654250571864	0.13199414634256554	0.3024668870603042
rescaled_direct_X	0.0	88	yptar	mrad	30000	199492	1.073870816323886	1.0486921164652558	-0.20142627071267905
rescaled_direct_X	0.0	89	xptar	mrad	30000	199492	1.788103840356383	1.811190820686912	1.0052740147545869
rescaled_direct_X	0.0	89	ytar	cm	30000	199492	0.13603811813666639	0.13200197585992848	0.3084165441306963
rescaled_direct_X	0.0	89	yptar	mrad	30000	199492	1.0738607839835568	1.0488180187293032	-0.1894448071506516
rescaled_direct_X	0.0	90	xptar	mrad	30000	199492	1.788156558017584	1.811875381552867	1.0434501456491496
rescaled_direct_X	0.0	90	ytar	cm	30000	199492	0.13602643817551377	0.1319951073464071	0.30319715471736064
rescaled_direct_X	0.0	90	yptar	mrad	30000	199492	1.0737020789165688	1.048678450281816	-0.2027268103030888
rescaled_direct_X	0.0	91	xptar	mrad	30000	199492	1.7881322610704258	1.8119540877228792	1.0478393785107176
rescaled_direct_X	0.0	91	ytar	cm	30000	199492	0.13588481920491444	0.13187171074661697	0.20942797095140353
rescaled_direct_X	0.0	91	yptar	mrad	30000	199492	1.0737083395446283	1.0487277406250746	-0.19803610472937105
rescaled_direct_X	0.0	92	xptar	mrad	30000	199492	1.788105814779279	1.8119338152490336	1.0467088367962063
rescaled_direct_X	0.0	92	ytar	cm	30000	199492	0.13588895698522568	0.13188884891200503	0.22245127777200668
rescaled_direct_X	0.0	92	yptar	mrad	30000	199492	1.0737116364200658	1.0487319367736658	-0.19763677909508948
rescaled_direct_X	0.0	93	xptar	mrad	30000	199492	1.790318102703729	1.8127781549846884	1.0937954084524248
rescaled_direct_X	0.0	93	ytar	cm	30000	199492	0.13608946221897228	0.13181200279964733	0.16405584999179545
rescaled_direct_X	0.0	93	yptar	mrad	30000	199492	1.0737773400198847	1.0485284585682855	-0.21700074146605575
rescaled_direct_X	0.0	94	xptar	mrad	30000	199492	1.7803302275670811	1.8015078727851561	0.4652818753749788
rescaled_direct_X	0.0	94	ytar	cm	30000	199492	0.13613381351027445	0.1318853792745158	0.21981469721887859
rescaled_direct_X	0.0	94	yptar	mrad	30000	199492	1.0737508804991627	1.0485374606469355	-0.2161440604671494
rescaled_direct_X	0.0	95	xptar	mrad	30000	199492	1.7853640144211553	1.8012911417768875	0.4531953659759447
rescaled_direct_X	0.0	95	ytar	cm	30000	199492	0.13608839980915644	0.13184378122532725	0.18820430337254113
rescaled_direct_X	0.0	95	yptar	mrad	30000	199492	1.073775124726011	1.0485417394594987	-0.21573686813266546
rescaled_direct_X	0.0	96	xptar	mrad	30000	199492	1.785423587712114	1.8017465797569936	0.47859392556002245
rescaled_direct_X	0.0	96	ytar	cm	30000	199492	0.13603404044923068	0.1317881817994604	0.14595425118100191
rescaled_direct_X	0.0	96	yptar	mrad	30000	199492	1.0740496780607593	1.048806946570052	-0.19049848695240623
rescaled_direct_X	0.0	97	xptar	mrad	30000	199492	1.7836397908724542	1.7998443184679183	0.37250989479078456
rescaled_direct_X	0.0	97	ytar	cm	30000	199492	0.13603491050222236	0.13178912020049982	0.14666734294901396
rescaled_direct_X	0.0	97	yptar	mrad	30000	199492	1.0740131840920937	1.0486862797718455	-0.20198171846375068
rescaled_direct_X	0.0	98	xptar	mrad	30000	199492	1.7855789227005014	1.8006882984405936	0.4195764034266469
rescaled_direct_X	0.0	98	ytar	cm	30000	199492	0.13576122730426227	0.13149787711882385	-0.07464852874178307
rescaled_direct_X	0.0	98	yptar	mrad	30000	199492	1.0739995012205221	1.0487233326918988	-0.19845558480090508
rescaled_direct_X	0.0	99	xptar	mrad	30000	199492	1.786077184720636	1.801066957838564	0.4406932265760499
rescaled_direct_X	0.0	99	ytar	cm	30000	199492	0.135552513824205	0.13133683411107022	-0.19702525074186683
rescaled_direct_X	0.0	99	yptar	mrad	30000	199492	1.0737403696639973	1.0486415160182294	-0.20624165204722322
rescaled_direct_X	0.0	100	xptar	mrad	30000	199492	1.7862159220082314	1.8008202385824936	0.4269343527017355
rescaled_direct_X	0.0	100	ytar	cm	30000	199492	0.13553219808422975	0.1313153749153368	-0.21333211228926618
rescaled_direct_X	0.0	100	yptar	mrad	30000	199492	1.0737455342984517	1.048629701041101	-0.2073660219624185
rescaled_direct_X	0.0	101	xptar	mrad	30000	199492	1.7859622897974883	1.8002796059641153	0.3967847157132498
rescaled_direct_X	0.0	101	ytar	cm	30000	199492	0.13535058087896565	0.13105298511346344	-0.41272235150183745
rescaled_direct_X	0.0	101	yptar	mrad	30000	199492	1.0734453304539	1.0483415665176556	-0.23478628576580896
rescaled_direct_X	0.0	102	xptar	mrad	30000	199492	1.7902038783620946	1.8045023793990305	0.6322775103013267
rescaled_direct_X	0.0	102	ytar	cm	30000	199492	0.13549119736929388	0.13118714777051207	-0.31077203143858867
rescaled_direct_X	0.0	102	yptar	mrad	30000	199492	1.0737154810007044	1.0486454611034803	-0.20586621880508416
rescaled_direct_X	0.0	103	xptar	mrad	30000	199492	1.7902257122727623	1.804532404682474	0.6339519401553861
rescaled_direct_X	0.0	103	ytar	cm	30000	199492	0.13551896328318705	0.1311722236482867	-0.32211288492949297
rescaled_direct_X	0.0	103	yptar	mrad	30000	199492	1.074047742364016	1.0487656572954318	-0.1944277724430843
rescaled_direct_X	0.0	104	xptar	mrad	30000	199492	1.7900571899729167	1.8043719466561812	0.6250036246447044
rescaled_direct_X	0.0	104	ytar	cm	30000	199492	0.13549637411871043	0.13113782001988336	-0.3482562321485805
rescaled_direct_X	0.0	104	yptar	mrad	30000	199492	1.0740711889753778	1.0492674462559684	-0.14667512723064435
rescaled_direct_X	0.0	105	xptar	mrad	30000	199492	1.7901162552071173	1.8044135586785401	0.627324215977576
rescaled_direct_X	0.0	105	ytar	cm	30000	199492	0.13529829050026493	0.13102098671846804	-0.4370379597571916
rescaled_direct_X	0.0	105	yptar	mrad	30000	199492	1.0739556067363643	1.0492299333840427	-0.15024503212063278
rescaled_direct_X	0.0	106	xptar	mrad	30000	199492	1.7900130106681875	1.804361583590295	0.6244257041420731
rescaled_direct_X	0.0	106	ytar	cm	30000	199492	0.13514635641126913	0.13095509384831602	-0.48711000923552517
rescaled_direct_X	0.0	106	yptar	mrad	30000	199492	1.0736981002766692	1.048853686103926	-0.18605052863923666
rescaled_direct_X	0.0	107	xptar	mrad	30000	199492	1.7904252755588805	1.8040397900364287	0.606480137218246
rescaled_direct_X	0.0	107	ytar	cm	30000	199492	0.13503955702634193	0.13134947888424398	-0.1874164765825692
rescaled_direct_X	0.0	107	yptar	mrad	30000	199492	1.0736602385630487	1.0484198197061283	-0.22733933686944763
rescaled_direct_X	0.0	108	xptar	mrad	30000	199492	1.7902145703891348	1.8038244894062962	0.5944733961870341
rescaled_direct_X	0.0	108	ytar	cm	30000	199492	0.13514908778005805	0.13139235249184986	-0.15483678478277474
rescaled_direct_X	0.0	108	yptar	mrad	30000	199492	1.0739923839978576	1.0481590759912272	-0.25215295990278497
rescaled_direct_X	0.0	109	xptar	mrad	30000	199492	1.787707045758603	1.7997896188708402	0.36945944437536404
rescaled_direct_X	0.0	109	ytar	cm	30000	199492	0.1350253906579942	0.13136144693430457	-0.1783219449069673
rescaled_direct_X	0.0	109	yptar	mrad	30000	199492	1.0741298819142757	1.0483312632378776	-0.23576679530759037
rescaled_direct_X	0.0	110	xptar	mrad	30000	199492	1.7860547288432178	1.7953101067885207	0.1196490212221013
rescaled_direct_X	0.0	110	ytar	cm	30000	199492	0.13502695852207905	0.1313625335613799	-0.17749621604503663
rescaled_direct_X	0.0	110	yptar	mrad	30000	199492	1.0741189719074575	1.0483492465993538	-0.2340554123401728
rescaled_direct_X	0.0	111	xptar	mrad	30000	199492	1.7866610960648015	1.7947426875422863	0.08800556555055294
rescaled_direct_X	0.0	111	ytar	cm	30000	199492	0.13552992669346184	0.13206149725078095	0.3536469009342236
rescaled_direct_X	0.0	111	yptar	mrad	30000	199492	1.0744340308002347	1.049030925170028	-0.16918360866492455
rescaled_direct_X	0.0	112	xptar	mrad	30000	199492	1.7865170004299742	1.794644381910875	0.08252332308085197
rescaled_direct_X	0.0	112	ytar	cm	30000	199492	0.1353548876782871	0.13189242577509155	0.22516933914999981
rescaled_direct_X	0.0	112	yptar	mrad	30000	199492	1.0744303071490802	1.049027561566282	-0.16950370533693748
rescaled_direct_X	0.0	113	xptar	mrad	30000	199492	1.7864922867978865	1.7945423445234683	0.07683297054756899
rescaled_direct_X	0.0	113	ytar	cm	30000	199492	0.135370199886274	0.13190607030523713	0.23553782950385127
rescaled_direct_X	0.0	113	yptar	mrad	30000	199492	1.0744671536031138	1.0490531446403435	-0.16706909725430208
rescaled_direct_X	0.0	114	xptar	mrad	30000	199492	1.7865425609235541	1.794735506141314	0.08760507800127382
rescaled_direct_X	0.0	114	ytar	cm	30000	199492	0.13545072000431949	0.13201899624189992	0.321350347230287
rescaled_direct_X	0.0	114	yptar	mrad	30000	199492	1.0734236668120594	1.0480911556123158	-0.2586165890615111
rescaled_direct_X	0.0	115	xptar	mrad	30000	199492	1.786407629754038	1.7943323173634738	0.06512031685945718
rescaled_direct_X	0.0	115	ytar	cm	30000	199492	0.13545564751624187	0.13202467390588832	0.3256648090452563
rescaled_direct_X	0.0	115	yptar	mrad	30000	199492	1.0733836750925463	1.0480881892192881	-0.25889888525563176
rescaled_direct_X	0.0	116	xptar	mrad	30000	199492	1.7863284769539391	1.7942824163916662	0.06233747295727454
rescaled_direct_X	0.0	116	ytar	cm	30000	199492	0.13524536080975344	0.131618704259201	0.017168120575994372
rescaled_direct_X	0.0	116	yptar	mrad	30000	199492	1.0738328759836655	1.0481803465543893	-0.2501287510499939
rescaled_direct_X	0.0	117	xptar	mrad	30000	199492	1.7862963432020675	1.7943496236502436	0.066085442244046
rescaled_direct_X	0.0	117	ytar	cm	30000	199492	0.1352923842461903	0.1318340495110503	0.18080916520870627
rescaled_direct_X	0.0	117	yptar	mrad	30000	199492	1.0734416253236847	1.0477623323019665	-0.2899089930631926
rescaled_direct_X	0.0	118	xptar	mrad	30000	199492	1.7861636526847546	1.7942271270906138	0.0592541363264365
rescaled_direct_X	0.0	118	ytar	cm	30000	199492	0.13530655863774554	0.13181837599095594	0.16889884362378815
rescaled_direct_X	0.0	118	yptar	mrad	30000	199492	1.0736329641856366	1.0479660229103303	-0.27052481740516
rescaled_direct_X	0.0	119	xptar	mrad	30000	199492	1.7857804463737672	1.7938178837293803	0.03643172724177024
rescaled_direct_X	0.0	119	ytar	cm	30000	199492	0.13530370012707352	0.13181062220340778	0.16300673370566177
rescaled_direct_X	0.0	119	yptar	mrad	30000	199492	1.072989185535	1.0474936738717648	-0.3154758183816053
rescaled_direct_X	0.0	120	xptar	mrad	30000	199492	1.7859013918291546	1.793841436324907	0.037745192580551645
rescaled_direct_X	0.0	120	ytar	cm	30000	199492	0.13532161911405483	0.13182129582920815	0.1711176312573448
rescaled_direct_X	0.0	120	yptar	mrad	30000	199492	1.0729638798746846	1.0474954254566884	-0.315309129155672
rescaled_direct_X	0.0	121	xptar	mrad	30000	199492	1.7851363279063515	1.7929248412134768	-0.013370868374007472
rescaled_direct_X	0.0	121	ytar	cm	30000	199492	0.1353145546658444	0.1318101118978876	0.162618952095972
rescaled_direct_X	0.0	121	yptar	mrad	30000	199492	1.0730372787340967	1.047443495507685	-0.32025103227767415
rescaled_direct_X	0.0	122	xptar	mrad	30000	199492	1.785362383235279	1.7932864979306307	0.00679776068384097
rescaled_direct_X	0.0	122	ytar	cm	30000	199492	0.13534797816805869	0.1318541447170374	0.19607952975866372
rescaled_direct_X	0.0	122	yptar	mrad	30000	199492	1.0736784018515784	1.0481924406392058	-0.24897781990795842
rescaled_direct_X	0.0	123	xptar	mrad	30000	199492	1.7852310344078346	1.7931337069064046	-0.0017229866016932327
rescaled_direct_X	0.0	123	ytar	cm	30000	199492	0.13519804392520343	0.13171998140806282	0.09412871429630432
rescaled_direct_X	0.0	123	yptar	mrad	30000	199492	1.073221771745471	1.0480039629229265	-0.2669142637593991
rescaled_direct_X	0.0	124	xptar	mrad	30000	199492	1.7851172425028299	1.7930130103308075	-0.008453912217920578
rescaled_direct_X	0.0	124	ytar	cm	30000	199492	0.13518580218586518	0.13169257923155447	0.07330577647657321
rescaled_direct_X	0.0	124	yptar	mrad	30000	199492	1.0734605780268676	1.0482269596141676	-0.24569282861862662
rescaled_direct_X	0.0	125	xptar	mrad	30000	199492	1.7852017721040798	1.7930703906342398	-0.005253965969831409
rescaled_direct_X	0.0	125	ytar	cm	30000	199492	0.1351752052986999	0.13168363832896934	0.06651157680683806
rescaled_direct_X	0.0	125	yptar	mrad	30000	199492	1.072998314290869	1.0478339424447676	-0.2830942282681659
rescaled_direct_X	0.0	126	xptar	mrad	30000	199492	1.7852308856900818	1.7931646028922588	0.0
rescaled_direct_X	0.0	126	ytar	cm	30000	199492	0.13512049681433572	0.13159611168007443	0.0
rescaled_direct_X	0.0	126	yptar	mrad	30000	199492	1.0758417305361385	1.0508087212848636	0.0
rescaled_direct_X	0.0	127	xptar	mrad	30000	199492	1.7851915299316021	1.7930054817658667	-0.008873760174354928
rescaled_direct_X	0.0	127	ytar	cm	30000	199492	0.13505047758167918	0.13155448348994098	-0.03163329797665204
rescaled_direct_X	0.0	127	yptar	mrad	30000	199492	1.0757126854754584	1.0507430776279956	-0.006246965364709034
rescaled_direct_X	0.0	128	xptar	mrad	30000	199492	1.7848302340173257	1.7924324991849738	-0.0408274681590326
rescaled_direct_X	0.0	128	ytar	cm	30000	199492	0.13489075584357033	0.13149916369792328	-0.07367085616241109
rescaled_direct_X	0.0	128	yptar	mrad	30000	199492	1.0754870262479415	1.0505968418469984	-0.02016346396573887
rescaled_direct_X	0.0	129	xptar	mrad	30000	199492	1.7849226238833877	1.7857523439792948	-0.41336187994166496
rescaled_direct_X	0.0	129	ytar	cm	30000	199492	0.1348917193994019	0.1314964916757851	-0.0757013281148633
rescaled_direct_X	0.0	129	yptar	mrad	30000	199492	1.075480636545404	1.0505905263226214	-0.020764479569168603
rescaled_direct_X	0.0	130	xptar	mrad	30000	199492	1.7835475719911218	1.7845279645998837	-0.48164224736785277
rescaled_direct_X	0.0	130	ytar	cm	30000	199492	0.1348820385943935	0.13149004868848324	-0.08059735978297455
rescaled_direct_X	0.0	130	yptar	mrad	30000	199492	1.0754528242702164	1.050589824877785	-0.020831232425533308
rescaled_direct_X	0.0	131	xptar	mrad	30000	199492	1.7820907842538218	1.787843258982684	-0.29675713545715965
rescaled_direct_X	0.0	131	ytar	cm	30000	199492	0.13487861403410475	0.13148838531864562	-0.08186135597281208
rescaled_direct_X	0.0	131	yptar	mrad	30000	199492	1.075429202812886	1.0505925181548137	-0.020574927260363918
rescaled_direct_X	0.0	132	xptar	mrad	30000	199492	1.78035469554517	1.7813087648218957	-0.6611684198561729
rescaled_direct_X	0.0	132	ytar	cm	30000	199492	0.1348829461239638	0.13153590029232567	-0.04575468604660626
rescaled_direct_X	0.0	132	yptar	mrad	30000	199492	1.0754368813455255	1.0505568087864663	-0.023973202096116975
rescaled_direct_X	0.0	133	xptar	mrad	30000	199492	1.7801741962591677	1.7795992607733266	-0.7565028942157381
rescaled_direct_X	0.0	133	ytar	cm	30000	199492	0.13489035485527856	0.13147713732625735	-0.09040871519541138
rescaled_direct_X	0.0	133	yptar	mrad	30000	199492	1.0754360679607367	1.0505646956847192	-0.023222647014764508
rescaled_direct_X	0.0	134	xptar	mrad	30000	199492	1.780065443701695	1.7794079834971988	-0.7671699169653157
rescaled_direct_X	0.0	134	ytar	cm	30000	199492	0.13488830383977024	0.13147734010142084	-0.09025462617188174
rescaled_direct_X	0.0	134	yptar	mrad	30000	199492	1.0754626620205154	1.0505801943170785	-0.021747722792564428
rescaled_direct_X	0.0	135	xptar	mrad	30000	199492	1.7797803677918969	1.779274137656166	-0.7746341419905489
rescaled_direct_X	0.0	135	ytar	cm	30000	199492	0.1348882012285882	0.13147809248239173	-0.08968289121613626
rescaled_direct_X	0.0	135	yptar	mrad	30000	199492	1.0754626743469822	1.0505800702455699	-0.021759530032650076
rescaled_direct_X	0.0	136	xptar	mrad	30000	199492	1.7794040106466644	1.7795958316422786	-0.7566941276943906
rescaled_direct_X	0.0	136	ytar	cm	30000	199492	0.1348845502854105	0.13148866905105303	-0.08164574746905018
rescaled_direct_X	0.0	136	yptar	mrad	30000	199492	1.0754625090138177	1.0505787669043527	-0.021883562236679754
rescaled_direct_X	0.0	137	xptar	mrad	30000	199492	1.7792259045889869	1.7802282555662792	-0.7214255347843701
rescaled_direct_X	0.0	137	ytar	cm	30000	199492	0.13488387470852803	0.13148769236107338	-0.08238793503612118
rescaled_direct_X	0.0	137	yptar	mrad	30000	199492	1.0755023358952944	1.0506328462682513	-0.016737110479747574
rescaled_direct_X	0.0	138	xptar	mrad	30000	199492	1.7785356009744153	1.7801105506464843	-0.7279896237478267
rescaled_direct_X	0.0	138	ytar	cm	30000	199492	0.13488214889005595	0.13150852547926356	-0.06655683035969862
rescaled_direct_X	0.0	138	yptar	mrad	30000	199492	1.0755619293319187	1.0507376783871392	-0.006760783031711792
rescaled_direct_X	0.0	139	xptar	mrad	30000	199492	1.7780631957791537	1.7798848638699483	-0.7405755724204655
rescaled_direct_X	0.0	139	ytar	cm	30000	199492	0.13487754847659492	0.13151039587438712	-0.06513551547456808
rescaled_direct_X	0.0	139	yptar	mrad	30000	199492	1.0755908788295043	1.050776868340129	-0.003031279060528025
rescaled_direct_X	0.0	140	xptar	mrad	30000	199492	1.7779548990802103	1.7798300300441638	-0.7436335084122891
rescaled_direct_X	0.0	140	ytar	cm	30000	199492	0.13487715148147733	0.13151115182099965	-0.0645610709846256
rescaled_direct_X	0.0	140	yptar	mrad	30000	199492	1.0755909821506178	1.050780811845816	-0.002655996137290728
rescaled_direct_X	0.0	141	xptar	mrad	30000	199492	1.7779574414250605	1.77970267609022	-0.7507356982357161
rescaled_direct_X	0.0	141	ytar	cm	30000	199492	0.13484136612064643	0.1314812068775864	-0.08731625959235156
rescaled_direct_X	0.0	141	yptar	mrad	30000	199492	1.075503005202647	1.0506575081506706	-0.014390167413924626
rescaled_direct_X	0.0	142	xptar	mrad	30000	199492	1.777633567946908	1.7791938693128135	-0.7791104930864323
rescaled_direct_X	0.0	142	ytar	cm	30000	199492	0.13484098764664215	0.13148152373420013	-0.08707547997532927
rescaled_direct_X	0.0	142	yptar	mrad	30000	199492	1.075492110580599	1.0506460849147672	-0.015477257354457041
rescaled_direct_X	0.0	143	xptar	mrad	30000	199492	1.777636151827039	1.7792346241917871	-0.7768377023505524
rescaled_direct_X	0.0	143	ytar	cm	30000	199492	0.13485353739737183	0.1314896472122836	-0.08090244189711271
rescaled_direct_X	0.0	143	yptar	mrad	30000	199492	1.0755160892281599	1.0507477721238057	-0.0058002146178792735
rescaled_direct_X	0.0	144	xptar	mrad	30000	199492	1.7774242182179765	1.7792428041560289	-0.7763815275951158
rescaled_direct_X	0.0	144	ytar	cm	30000	199492	0.1348504083163994	0.13148537823010528	-0.0841464451764029
rescaled_direct_X	0.0	144	yptar	mrad	30000	199492	1.0755768767679814	1.0509312798964303	0.011663265548156332
rescaled_direct_X	0.0	145	xptar	mrad	30000	199492	1.7774517040684088	1.7792592263940334	-0.7754657032487011
rescaled_direct_X	0.0	145	ytar	cm	30000	199492	0.13481065859684443	0.13145851058190267	-0.10456319447058604
rescaled_direct_X	0.0	145	yptar	mrad	30000	199492	1.0755211102681772	1.050848164377063	0.003753593913002895
rescaled_direct_X	0.0	146	xptar	mrad	30000	199492	1.7776575118349427	1.7793058987697297	-0.7728629095274275
rescaled_direct_X	0.0	146	ytar	cm	30000	199492	0.13478942935307825	0.13140701549191355	-0.1436943582501793
rescaled_direct_X	0.0	146	yptar	mrad	30000	199492	1.075453360965586	1.050592182065153	-0.020606911165133024
rescaled_direct_X	0.0	147	xptar	mrad	30000	199492	1.7776836838280536	1.7793322457662206	-0.7713936079112527
rescaled_direct_X	0.0	147	ytar	cm	30000	199492	0.13478042718228647	0.13140136125358598	-0.14799101888505195
rescaled_direct_X	0.0	147	yptar	mrad	30000	199492	1.0754312309714456	1.0505686897223079	-0.02284255523328227
rescaled_direct_X	0.0	148	xptar	mrad	30000	199492	1.7774672995339544	1.7791573298035235	-0.7811482039151607
rescaled_direct_X	0.0	148	ytar	cm	30000	199492	0.13475258991429878	0.13139152809773758	-0.15546324258746136
rescaled_direct_X	0.0	148	yptar	mrad	30000	199492	1.0754543303541855	1.050555999371373	-0.024050229920213884
rescaled_direct_X	0.0	149	xptar	mrad	30000	199492	1.7775134102940018	1.779347114751168	-0.7705644043387916
rescaled_direct_X	0.0	149	ytar	cm	30000	199492	0.13475372649429607	0.13139462483244602	-0.15311003118256838
rescaled_direct_X	0.0	149	yptar	mrad	30000	199492	1.0754951150900542	1.0506579674560326	-0.014346457711800209
rescaled_direct_X	0.0	150	xptar	mrad	30000	199492	1.7777145097625124	1.779493979701702	-0.7623741383533278
rescaled_direct_X	0.0	150	ytar	cm	30000	199492	0.13476432173512468	0.13140535107606044	-0.14495914930811038
rescaled_direct_X	0.0	150	yptar	mrad	30000	199492	1.0755487887114337	1.0507681805131714	-0.0038580543605060136
rescaled_direct_X	0.0	151	xptar	mrad	30000	199492	1.7772076723761074	1.7792500061614749	-0.7759798909893978
rescaled_direct_X	0.0	151	ytar	cm	30000	199492	0.1347667856458712	0.13141471996672957	-0.13783972112021425
rescaled_direct_X	0.0	151	yptar	mrad	30000	199492	1.0756004297342303	1.0508344586842204	0.002449294418238601
rescaled_direct_X	0.0	152	xptar	mrad	30000	199492	1.7771652655579848	1.7791500317223061	-0.7815551984100111
rescaled_direct_X	0.0	152	ytar	cm	30000	199492	0.13476078203280573	0.1314327580635189	-0.12413255564318604
rescaled_direct_X	0.0	152	yptar	mrad	30000	199492	1.0756044567656327	1.0508356346305454	0.0025612031130606283
rescaled_direct_X	0.0	153	xptar	mrad	30000	199492	1.7771701964178896	1.7792767418082909	-0.774488915382765
rescaled_direct_X	0.0	153	ytar	cm	30000	199492	0.1346952018053214	0.13140029879864748	-0.1487983793191372
rescaled_direct_X	0.0	153	yptar	mrad	30000	199492	1.0758001064471558	1.0510210334176522	0.020204641290844094
rescaled_direct_X	0.0	154	xptar	mrad	30000	199492	1.7774210015358403	1.7792848064809925	-0.7740391701285598
rescaled_direct_X	0.0	154	ytar	cm	30000	199492	0.13452155123102705	0.13126481710690294	-0.251751034997838
rescaled_direct_X	0.0	154	yptar	mrad	30000	199492	1.0755452189153734	1.0507963794534194	-0.001174507899881494
rescaled_direct_X	0.0	155	xptar	mrad	30000	199492	1.7773647717734082	1.7792568518771228	-0.7755981237140053
rescaled_direct_X	0.0	155	ytar	cm	30000	199492	0.13453627832371934	0.13124334390892453	-0.26806853686339727
rescaled_direct_X	0.0	155	yptar	mrad	30000	199492	1.0755612072540846	1.0507727878242952	-0.0034196005267661533
rescaled_direct_X	0.0	156	xptar	mrad	30000	199492	1.7776148178132811	1.7795124361167827	-0.7613448733850725
rescaled_direct_X	0.0	156	ytar	cm	30000	199492	0.13453909790712482	0.13124098134144785	-0.26986385394877077
rescaled_direct_X	0.0	156	yptar	mrad	30000	199492	1.0754878387147015	1.0507549966778997	-0.005112691384800971
rescaled_direct_X	0.0	157	xptar	mrad	30000	199492	1.7699211685057517	1.774916207989277	-1.0176642386063306
rescaled_direct_X	0.0	157	ytar	cm	30000	199492	0.13457533879006695	0.13132618013169156	-0.2051212189605578
rescaled_direct_X	0.0	157	yptar	mrad	30000	199492	1.075514093860964	1.050772711458938	-0.0034268678205773284
rescaled_direct_X	0.0	158	xptar	mrad	30000	199492	1.7709040825034177	1.776755625620449	-0.9150848307703074
rescaled_direct_X	0.0	158	ytar	cm	30000	199492	0.13459267740763264	0.13135088638023218	-0.18634691915397905
rescaled_direct_X	0.0	158	yptar	mrad	30000	199492	1.075598153898307	1.051226248412949	0.039733884923887075
rescaled_direct_X	0.0	159	xptar	mrad	30000	199492	1.7709078454284837	1.7749189745480167	-1.0175099550154498
rescaled_direct_X	0.0	159	ytar	cm	30000	199492	0.1344910417175872	0.13147995287463302	-0.08826917752996488
rescaled_direct_X	0.0	159	yptar	mrad	30000	199492	1.0756065269332857	1.0509682486223146	0.015181386889895343
rescaled_direct_X	0.0	160	xptar	mrad	30000	199492	1.771490237982972	1.775050048833174	-1.0102002922580122
rescaled_direct_X	0.0	160	ytar	cm	30000	199492	0.1344869853945145	0.13147113505858646	-0.09496984363170924
rescaled_direct_X	0.0	160	yptar	mrad	30000	199492	1.0756016790452443	1.0509675545623194	0.01511533681044508
rescaled_direct_X	0.0	161	xptar	mrad	30000	199492	1.7712278132893704	1.7746714892281958	-1.0313115502187942
rescaled_direct_X	0.0	161	ytar	cm	30000	199492	0.13449185619731197	0.131467630130582	-0.09763324147813446
rescaled_direct_X	0.0	161	yptar	mrad	30000	199492	1.0755856775898944	1.0510006804578602	0.018267755977685596
rescaled_direct_X	0.0	162	xptar	mrad	30000	199492	1.7711220569181112	1.774775040281171	-1.0255367846000563
rescaled_direct_X	0.0	162	ytar	cm	30000	199492	0.13448829958651706	0.1314612508907528	-0.10248083138617581
rescaled_direct_X	0.0	162	yptar	mrad	30000	199492	1.0755863331314182	1.0510016459810785	0.01835963979999189
rescaled_direct_X	0.0	163	xptar	mrad	30000	199492	1.7711691343405733	1.774762521708813	-1.0262349119408487
rescaled_direct_X	0.0	163	ytar	cm	30000	199492	0.13449147524149677	0.13146272728607686	-0.1013589172922047
rescaled_direct_X	0.0	163	yptar	mrad	30000	199492	1.0755125675212782	1.0508891999276941	0.007658733811433116
rescaled_direct_X	0.0	164	xptar	mrad	30000	199492	1.7711440669232565	1.7747102666911347	-1.0291490346930998
rescaled_direct_X	0.0	164	ytar	cm	30000	199492	0.134472233453976	0.13145595473809452	-0.1065053824087503
rescaled_direct_X	0.0	164	yptar	mrad	30000	199492	1.0756420909466398	1.0508553310745532	0.00443561123404379
rescaled_direct_X	0.0	165	xptar	mrad	30000	199492	1.7713591176246448	1.7756981464804464	-0.9740576176687887
rescaled_direct_X	0.0	165	ytar	cm	30000	199492	0.1344942496329185	0.13151490436435515	-0.0617095100170606
rescaled_direct_X	0.0	165	yptar	mrad	30000	199492	1.0756331576198204	1.050983555544018	0.01663806700620274
rescaled_direct_X	0.0	166	xptar	mrad	30000	199492	1.7713299039473656	1.7757443818635843	-0.9714791938551959
rescaled_direct_X	0.0	166	ytar	cm	30000	199492	0.13452167935982365	0.1315634474781931	-0.02482155548846343
rescaled_direct_X	0.0	166	yptar	mrad	30000	199492	1.0756313824761718	1.0509847962399514	0.016756137584450492
rescaled_direct_X	0.0	167	xptar	mrad	30000	199492	1.7711750787036207	1.7749292137861041	-1.0169389400583873
rescaled_direct_X	0.0	167	ytar	cm	30000	199492	0.13451888645419455	0.13156249315611154	-0.02554674567027959
rescaled_direct_X	0.0	167	yptar	mrad	30000	199492	1.0757260735900729	1.0510685927592611	0.024730616441770437
rescaled_direct_X	0.0	168	xptar	mrad	30000	199492	1.7715232019946021	1.7753409210143167	-0.9939791276937782
rescaled_direct_X	0.0	168	ytar	cm	30000	199492	0.13446748926201513	0.13150898433872443	-0.06620814265532182
rescaled_direct_X	0.0	168	yptar	mrad	30000	199492	1.0756950751824401	1.0510915707627344	0.026917313507346385
rescaled_direct_X	0.0	169	xptar	mrad	30000	199492	1.7713627782409973	1.7758767525637207	-0.9640972334973519
rescaled_direct_X	0.0	169	ytar	cm	30000	199492	0.13446178970401446	0.1315077571656917	-0.06714067251281097
rescaled_direct_X	0.0	169	yptar	mrad	30000	199492	1.0756967474254657	1.0511000376358797	0.027723061782336522
rescaled_direct_X	0.0	170	xptar	mrad	30000	199492	1.7711684767717755	1.7762050123228579	-0.9457910635781053
rescaled_direct_X	0.0	170	ytar	cm	30000	199492	0.1344827024719022	0.13152031308262574	-0.05759942028755738
rescaled_direct_X	0.0	170	yptar	mrad	30000	199492	1.075481369091306	1.0507732080883336	-0.0033796061843172076
rescaled_direct_X	0.0	171	xptar	mrad	30000	199492	1.7709262593277804	1.775583119876174	-0.980472344129868
rescaled_direct_X	0.0	171	ytar	cm	30000	199492	0.1345448613897198	0.1315723623240864	-0.01804715632158782
rescaled_direct_X	0.0	171	yptar	mrad	30000	199492	1.0755032637913722	1.050781058042914	-0.002632566840110595
rescaled_direct_X	0.0	172	xptar	mrad	30000	199492	1.7704775828569181	1.7753525468845965	-0.9933307839633088
rescaled_direct_X	0.0	172	ytar	cm	30000	199492	0.1345487614583364	0.13158134376116978	-0.01122215445130692
rescaled_direct_X	0.0	172	yptar	mrad	30000	199492	1.0754653144724837	1.050799633528164	-0.0008648345332096241
rescaled_direct_X	0.0	173	xptar	mrad	30000	199492	1.770581725907959	1.7752972526871673	-0.996414393652012
rescaled_direct_X	0.0	173	ytar	cm	30000	199492	0.1344717029889104	0.1316058085534582	0.0073686625386981675
rescaled_direct_X	0.0	173	yptar	mrad	30000	199492	1.0752109812468797	1.050592074810521	-0.020617118030541448
rescaled_direct_X	0.0	174	xptar	mrad	30000	199492	1.7705691939344892	1.7752950122612294	-0.9965393362219466
rescaled_direct_X	0.0	174	ytar	cm	30000	199492	0.13447737949601135	0.1316145286964775	0.013995106821873549
rescaled_direct_X	0.0	174	yptar	mrad	30000	199492	1.0751728366703013	1.0505583698609342	-0.02382464275927365
rescaled_direct_X	0.0	175	xptar	mrad	30000	199492	1.770392012030865	1.7752069593419235	-1.001449812324573
rescaled_direct_X	0.0	175	ytar	cm	30000	199492	0.13433039673570418	0.13153663293345916	-0.04519795141050276
rescaled_direct_X	0.0	175	yptar	mrad	30000	199492	1.0751538596732357	1.0505744282286045	-0.022296451439096643
rescaled_direct_X	0.0	176	xptar	mrad	30000	199492	1.7702364047217598	1.7747218353647567	-1.028503880667453
rescaled_direct_X	0.0	176	ytar	cm	30000	199492	0.134478636449428	0.1315770458537026	-0.01448813808281324
rescaled_direct_X	0.0	176	yptar	mrad	30000	199492	1.0753216389710085	1.0504468866237038	-0.03443392254276478
rescaled_direct_X	0.0	177	xptar	mrad	30000	199492	1.7694847085450416	1.7742908625543963	-1.0525380830862074
rescaled_direct_X	0.0	177	ytar	cm	30000	199492	0.1344558539674649	0.13147250857341095	-0.09392610851906014
rescaled_direct_X	0.0	177	yptar	mrad	30000	199492	1.0753227544558597	1.0504013518529738	-0.038767229814351545
rescaled_direct_X	0.0	178	xptar	mrad	30000	199492	1.7678624479641003	1.7736431996804254	-1.088656511529762
rescaled_direct_X	0.0	178	ytar	cm	30000	199492	0.13434724647131843	0.13131668507526847	-0.2123365206148864
rescaled_direct_X	0.0	178	yptar	mrad	30000	199492	1.075320413357694	1.0503988200003112	-0.03900817306229376
rescaled_direct_X	0.0	179	xptar	mrad	30000	199492	1.7677476337758309	1.7751144898159068	-1.0066065907858301
rescaled_direct_X	0.0	179	ytar	cm	30000	199492	0.13433998226420044	0.13128246543132932	-0.23834005787922719
rescaled_direct_X	0.0	179	yptar	mrad	30000	199492	1.0753425522014262	1.0503198736077237	-0.046521090588413916
rescaled_direct_X	0.0	180	xptar	mrad	30000	199492	1.7677789237726762	1.7736558950305505	-1.0879485257651145
rescaled_direct_X	0.0	180	ytar	cm	30000	199492	0.13434011743413582	0.13126316872743793	-0.2530036399904567
rescaled_direct_X	0.0	180	yptar	mrad	30000	199492	1.0753394701953223	1.0503119078568084	-0.04727914966747848
rescaled_direct_X	0.0	181	xptar	mrad	30000	199492	1.7677741847455235	1.7736579398381336	-1.0878344923083039
rescaled_direct_X	0.0	181	ytar	cm	30000	199492	0.13430379300220047	0.13120311976192134	-0.2986349012412348
rescaled_direct_X	0.0	181	yptar	mrad	30000	199492	1.075712270223906	1.0504822108333207	-0.031072301259893464
rescaled_direct_X	0.0	182	xptar	mrad	30000	199492	1.7679927225858836	1.7739432659763663	-1.0719226157425599
rescaled_direct_X	0.0	182	ytar	cm	30000	199492	0.13437276709834806	0.13129582401992132	-0.2281888547612576
rescaled_direct_X	0.0	182	yptar	mrad	30000	199492	1.075934059118938	1.0509831858063432	0.016602880994964764
rescaled_direct_X	0.0	183	xptar	mrad	30000	199492	1.7679245547187432	1.7731735788234675	-1.1148460122705428
rescaled_direct_X	0.0	183	ytar	cm	30000	199492	0.13437036029638333	0.1312003470854308	-0.30074186052380103
rescaled_direct_X	0.0	183	yptar	mrad	30000	199492	1.076603152634442	1.05188037541353	0.10198374898868767
rescaled_direct_X	0.0	184	xptar	mrad	30000	199492	1.7679448034828926	1.7731517589597865	-1.1160628477827839
rescaled_direct_X	0.0	184	ytar	cm	30000	199492	0.13437199155317248	0.13119491608174588	-0.30486888495907527
rescaled_direct_X	0.0	184	yptar	mrad	30000	199492	1.076603805443127	1.0518812544596057	0.10206740323117636
rescaled_direct_X	0.0	185	xptar	mrad	30000	199492	1.7676217206525737	1.772949628104144	-1.1273351456698055
rescaled_direct_X	0.0	185	ytar	cm	30000	199492	0.13437052276566724	0.1311933732398586	-0.30604129185437534
rescaled_direct_X	0.0	185	yptar	mrad	30000	199492	1.0766388894873016	1.0520115217805812	0.11446426655528086
rescaled_direct_X	0.0	186	xptar	mrad	30000	199492	1.7674836005090409	1.7728271022821585	-1.1341680834708212
rescaled_direct_X	0.0	186	ytar	cm	30000	199492	0.1343712993740431	0.13119522522481183	-0.30463396687373523
rescaled_direct_X	0.0	186	yptar	mrad	30000	199492	1.0767801488392204	1.052112395281933	0.12406387296397536
rescaled_direct_X	0.0	187	xptar	mrad	30000	199492	1.7674768475577007	1.772769869352067	-1.1373598111013572
rescaled_direct_X	0.0	187	ytar	cm	30000	199492	0.1343774760207789	0.1311850838452992	-0.3123404100073168
rescaled_direct_X	0.0	187	yptar	mrad	30000	199492	1.076840982736467	1.0522285153151447	0.13511441250173561
rescaled_direct_X	0.0	188	xptar	mrad	30000	199492	1.767499030126726	1.77277117648624	-1.1372869157201482
rescaled_direct_X	0.0	188	ytar	cm	30000	199492	0.1343826080211895	0.13121627469882957	-0.28863845321530635
rescaled_direct_X	0.0	188	yptar	mrad	30000	199492	1.0766643185984628	1.0520763896692618	0.12063740609691287
rescaled_direct_X	0.0	189	xptar	mrad	30000	199492	1.767581264265135	1.7727865089217216	-1.1364318667493545
rescaled_direct_X	0.0	189	ytar	cm	30000	199492	0.13436087306996913	0.13120808980827953	-0.2948581586804222
rescaled_direct_X	0.0	189	yptar	mrad	30000	199492	1.0766783914463776	1.0520783609275228	0.12082500049170886
rescaled_direct_X	0.0	190	xptar	mrad	30000	199492	1.7676316243532002	1.7728547785940485	-1.132624649485714
rescaled_direct_X	0.0	190	ytar	cm	30000	199492	0.13436031100256324	0.13120814440923978	-0.29481666736311807
rescaled_direct_X	0.0	190	yptar	mrad	30000	199492	1.07649229168024	1.051980614466777	0.11152297827148328
rescaled_direct_X	0.0	191	xptar	mrad	30000	199492	1.7668258746398284	1.7723379234754861	-1.1614482788239622
rescaled_direct_X	0.0	191	ytar	cm	30000	199492	0.1362590507189626	0.1329618589095208	1.037832510406278
rescaled_direct_X	0.0	191	yptar	mrad	30000	199492	1.079901400414426	1.0552568772410211	0.4233078643198329
rescaled_direct_X	0.0	192	xptar	mrad	30000	199492	1.7664705550682969	1.7721028895908377	-1.1745554907480193
rescaled_direct_X	0.0	192	ytar	cm	30000	199492	0.1363134840601673	0.132992454322936	1.061081991735624
rescaled_direct_X	0.0	192	yptar	mrad	30000	199492	1.0798224093090767	1.0551680594516126	0.41485553730642444
rescaled_direct_X	0.0	193	xptar	mrad	30000	199492	1.7665167558463106	1.7721089309701645	-1.174218579160713
rescaled_direct_X	0.0	193	ytar	cm	30000	199492	0.13633933201805254	0.1330164226463302	1.0792955415800831
rescaled_direct_X	0.0	193	yptar	mrad	30000	199492	1.0798966084026285	1.0553392358861184	0.43114550816776287
rescaled_direct_X	0.0	194	xptar	mrad	30000	199492	1.7664849841267116	1.7722502792832822	-1.1663359613079072
rescaled_direct_X	0.0	194	ytar	cm	30000	199492	0.13634220601181607	0.13302022309416803	1.082183505205525
rescaled_direct_X	0.0	194	yptar	mrad	30000	199492	1.0800050006522963	1.0554817036941802	0.444703428384452
rescaled_direct_X	0.0	195	xptar	mrad	30000	199492	1.766208534443239	1.7720929255507765	-1.1751111586462915
rescaled_direct_X	0.0	195	ytar	cm	30000	199492	0.13675387176944295	0.13342699119436968	1.3912869391964566
rescaled_direct_X	0.0	195	yptar	mrad	30000	199492	1.0799977952437283	1.0553821623754676	0.4352305988678751
rescaled_direct_X	0.0	196	xptar	mrad	30000	199492	1.7662115980273827	1.7720946705227298	-1.1750138462216175
rescaled_direct_X	0.0	196	ytar	cm	30000	199492	0.13675277171481423	0.13342533070192703	1.390025129541539
rescaled_direct_X	0.0	196	yptar	mrad	30000	199492	1.0801970389183562	1.0558493246685845	0.4796880042599483
rescaled_direct_X	0.0	197	xptar	mrad	30000	199492	1.766208881436507	1.7720925488820305	-1.1751321644560941
rescaled_direct_X	0.0	197	ytar	cm	30000	199492	0.13674993089589885	0.13343361616642715	1.3963212612390308
rescaled_direct_X	0.0	197	yptar	mrad	30000	199492	1.0802672975412593	1.055952259658114	0.48948379177526924
rescaled_direct_X	0.0	198	xptar	mrad	30000	199492	1.7662654897692425	1.7721848354612801	-1.1699855884473531
rescaled_direct_X	0.0	198	ytar	cm	30000	199492	0.1366755898715621	0.13335620825639016	1.3374989229125056
rescaled_direct_X	0.0	198	yptar	mrad	30000	199492	1.0802000990638925	1.0560504478190886	0.49882784830865834
rescaled_direct_X	0.0	199	xptar	mrad	30000	199492	1.7662094691039987	1.7719368427733677	-1.1838154782138788
rescaled_direct_X	0.0	199	ytar	cm	30000	199492	0.13667673899915905	0.13336115053103004	1.341254561720362
rescaled_direct_X	0.0	199	yptar	mrad	30000	199492	1.0801880953041063	1.0560475952879866	0.4985563877617283
rescaled_direct_X	0.0	200	xptar	mrad	30000	199492	1.7659330764481995	1.771632514307079	-1.2007870638562568
rescaled_direct_X	0.0	200	ytar	cm	30000	199492	0.13667845192763425	0.1333782758888513	1.3542681360597664
rescaled_direct_X	0.0	200	yptar	mrad	30000	199492	1.0803102834320644	1.0561298572086424	0.5063848268476834
rescaled_direct_X	0.0	201	xptar	mrad	30000	199492	1.765956565690574	1.7716897835961645	-1.197593308581757
rescaled_direct_X	0.0	201	ytar	cm	30000	199492	0.13670058744414498	0.1334338583090998	1.3965052656670807
rescaled_direct_X	0.0	201	yptar	mrad	30000	199492	1.079797358255576	1.0565619672308675	0.5475064899508331
rescaled_direct_X	0.0	202	xptar	mrad	30000	199492	1.7657227112077092	1.771792855971821	-1.1918452375184407
rescaled_direct_X	0.0	202	ytar	cm	30000	199492	0.13671135006585186	0.1334443767009639	1.4044982008152518
rescaled_direct_X	0.0	202	yptar	mrad	30000	199492	1.0796918075524349	1.0564502865960985	0.5368784248704017
rescaled_direct_X	0.0	203	xptar	mrad	30000	199492	1.765875843966287	1.771677511903066	-1.1982776681256913
rescaled_direct_X	0.0	203	ytar	cm	30000	199492	0.13668594162722267	0.13342605121474954	1.390572647863575
rescaled_direct_X	0.0	203	yptar	mrad	30000	199492	1.0798138399163908	1.056628813878686	0.5538679377066646
rescaled_direct_X	0.0	204	xptar	mrad	30000	199492	1.7657135507531605	1.7717968617176687	-1.1916218477726614
rescaled_direct_X	0.0	204	ytar	cm	30000	199492	0.13669829901587335	0.13343515099043696	1.3974875753422378
rescaled_direct_X	0.0	204	yptar	mrad	30000	199492	1.0796772422956709	1.0565867873629617	0.5498684928150421
rescaled_direct_X	0.0	205	xptar	mrad	30000	199492	1.7657660519798313	1.7718575869837598	-1.1882353618921537
rescaled_direct_X	0.0	205	ytar	cm	30000	199492	0.13671862384943037	0.133458823081161	1.415476017722339
rescaled_direct_X	0.0	205	yptar	mrad	30000	199492	1.0797008616121493	1.0566212683840002	0.5531498722269212
rescaled_direct_X	0.0	206	xptar	mrad	30000	199492	1.7657639966481837	1.7718505694510824	-1.1886267109443405
rescaled_direct_X	0.0	206	ytar	cm	30000	199492	0.1367423262026653	0.13346649119935727	1.4213030274252691
rescaled_direct_X	0.0	206	yptar	mrad	30000	199492	1.079823409895867	1.0567535444841538	0.5657379006163143
rescaled_direct_X	0.0	207	xptar	mrad	30000	199492	1.7657574019407167	1.7717573766363384	-1.1938238252858668
rescaled_direct_X	0.0	207	ytar	cm	30000	199492	0.1368589800202565	0.13356911407114375	1.499286237169306
rescaled_direct_X	0.0	207	yptar	mrad	30000	199492	1.079820910864627	1.0567508183657122	0.5654784701047078
rescaled_direct_X	0.0	208	xptar	mrad	30000	199492	1.7656619131770843	1.7714964602975045	-1.2083744325426138
rescaled_direct_X	0.0	208	ytar	cm	30000	199492	0.13690199002380657	0.13361360959201501	1.53309842227356
rescaled_direct_X	0.0	208	yptar	mrad	30000	199492	1.079740402348974	1.0566244607383952	0.5534536719890015
rescaled_direct_X	0.0	209	xptar	mrad	30000	199492	1.7658070133732349	1.7716286565481172	-1.2010022007687082
rescaled_direct_X	0.0	209	ytar	cm	30000	199492	0.13689660822447441	0.13361279770787213	1.5324814708055357
rescaled_direct_X	0.0	209	yptar	mrad	30000	199492	1.0801562024138347	1.057283286833414	0.6161507244281106
rescaled_direct_X	0.0	210	xptar	mrad	30000	199492	1.7656038304840531	1.7715049122042787	-1.2079030922785505
rescaled_direct_X	0.0	210	ytar	cm	30000	199492	0.13689518201358356	0.13361268702989204	1.5323973665119617
rescaled_direct_X	0.0	210	yptar	mrad	30000	199492	1.0807447633777565	1.05798713407896	0.6831322055758315
rescaled_direct_X	3.0	1	xptar	mrad	25731	9857	32.441713359016475	32.55759653997831	1669.747385780303
rescaled_direct_X	3.0	1	ytar	cm	25731	9857	0.7085329734495828	0.6546387668317035	387.2147406435213
rescaled_direct_X	3.0	1	yptar	mrad	25731	9857	13.118105744025772	12.809932684373932	1059.444899661454
rescaled_direct_X	3.0	2	xptar	mrad	25731	9857	32.45958141431033	32.60352398714683	1672.243883931272
rescaled_direct_X	3.0	2	ytar	cm	25731	9857	0.7091300769580842	0.659556333746474	390.87463860613764
rescaled_direct_X	3.0	2	yptar	mrad	25731	9857	12.911394810277155	12.629873600819327	1043.1475005096408
rescaled_direct_X	3.0	3	xptar	mrad	25731	9857	8.375993829528376	7.806485069098713	324.34049227823067
rescaled_direct_X	3.0	3	ytar	cm	25731	9857	0.7095607368675183	0.6596579289421706	390.9502508054602
rescaled_direct_X	3.0	3	yptar	mrad	25731	9857	12.907325034051755	12.62870964053496	1043.0421488385298
rescaled_direct_X	3.0	4	xptar	mrad	25731	9857	8.331683137600345	7.766724670279252	322.17921904720697
rescaled_direct_X	3.0	4	ytar	cm	25731	9857	0.7676188494803058	0.7069823141411986	426.1714128097356
rescaled_direct_X	3.0	4	yptar	mrad	25731	9857	11.919040929248869	12.007217091153159	986.7899901181858
rescaled_direct_X	3.0	5	xptar	mrad	25731	9857	8.333742982616451	7.768872351436127	322.2959614826691
rescaled_direct_X	3.0	5	ytar	cm	25731	9857	0.7817505085182367	0.7467173439466354	455.7441989354547
rescaled_direct_X	3.0	5	yptar	mrad	25731	9857	2.1888221684766087	2.1415900810192765	93.83830951994705
rescaled_direct_X	3.0	6	xptar	mrad	25731	9857	8.341743459907644	7.781961232411495	323.00743945864633
rescaled_direct_X	3.0	6	ytar	cm	25731	9857	0.7835383491139091	0.7542215069816449	461.32917042216286
rescaled_direct_X	3.0	6	yptar	mrad	25731	9857	2.189930481283763	2.1541780945665265	94.9776682085397
rescaled_direct_X	3.0	7	xptar	mrad	25731	9857	3.1346389197650826	2.879596590581541	56.527479908593705
rescaled_direct_X	3.0	7	ytar	cm	25731	9857	0.7835375280599857	0.7542154234282226	461.32464273902974
rescaled_direct_X	3.0	7	yptar	mrad	25731	9857	2.1897815564447756	2.1541886628111113	94.97862475511836
rescaled_direct_X	3.0	8	xptar	mrad	25731	9857	3.050169479222845	2.742014093324682	49.048848476126985
rescaled_direct_X	3.0	8	ytar	cm	25731	9857	0.7899522753338833	0.7600495168402673	465.6666653210353
rescaled_direct_X	3.0	8	yptar	mrad	25731	9857	2.2058991066978346	2.169376520845794	96.35329899962673
rescaled_direct_X	3.0	9	xptar	mrad	25731	9857	3.035477822605685	2.716696291882472	47.67263777024651
rescaled_direct_X	3.0	9	ytar	cm	25731	9857	0.7788735780260234	0.7520577989147786	459.7188312274211
rescaled_direct_X	3.0	9	yptar	mrad	25731	9857	2.1867464481224137	2.159354610454337	95.44620189189462
rescaled_direct_X	3.0	10	xptar	mrad	25731	9857	3.061801932377151	2.740484164378892	48.96568546534035
rescaled_direct_X	3.0	10	ytar	cm	25731	9857	0.7788664061444429	0.752351713535479	459.93757711133645
rescaled_direct_X	3.0	10	yptar	mrad	25731	9857	2.18656296035952	2.157740576154623	95.30011339300933
rescaled_direct_X	3.0	11	xptar	mrad	25731	9857	3.0610313486701792	2.737103994202127	48.781948090056005
rescaled_direct_X	3.0	11	ytar	cm	25731	9857	0.8004054846404827	0.7721845869753907	474.698188274052
rescaled_direct_X	3.0	11	yptar	mrad	25731	9857	2.2314178198157575	2.200267913237205	99.14932207282786
rescaled_direct_X	3.0	12	xptar	mrad	25731	9857	3.041636108516704	2.7875393775030455	51.523486079140234
rescaled_direct_X	3.0	12	ytar	cm	25731	9857	0.2772616627466754	0.26553467218547777	97.62411423759971
rescaled_direct_X	3.0	12	yptar	mrad	25731	9857	1.2477101437874187	1.2133156331898287	9.818892670489365
rescaled_direct_X	3.0	13	xptar	mrad	25731	9857	3.041010470775946	2.78865399442721	51.58407379436867
rescaled_direct_X	3.0	13	ytar	cm	25731	9857	0.25459573384693457	0.2303287107143397	71.42208610186597
rescaled_direct_X	3.0	13	yptar	mrad	25731	9857	1.2224285590046646	1.1759773208491249	6.439349867879307
rescaled_direct_X	3.0	14	xptar	mrad	25731	9857	3.009083139044693	2.759767660672544	50.01388683095678
rescaled_direct_X	3.0	14	ytar	cm	25731	9857	0.2546268218570913	0.2303387742632531	71.42957589566099
rescaled_direct_X	3.0	14	yptar	mrad	25731	9857	1.2221079307158464	1.1758704852093473	6.42968002489932
rescaled_direct_X	3.0	15	xptar	mrad	25731	9857	2.999583298606027	2.741373511726265	49.01402810454996
rescaled_direct_X	3.0	15	ytar	cm	25731	9857	0.24981089408685117	0.2248172587081216	67.32018930651608
rescaled_direct_X	3.0	15	yptar	mrad	25731	9857	1.2194917309445599	1.1729988762300518	6.169766685235345
rescaled_direct_X	3.0	16	xptar	mrad	25731	9857	2.9994562675484877	2.7412503686067375	49.00733436063083
rescaled_direct_X	3.0	16	ytar	cm	25731	9857	0.24943696398118526	0.2244883056273294	67.0753660573252
rescaled_direct_X	3.0	16	yptar	mrad	25731	9857	1.2183704578572676	1.171722508316911	6.054240842637593
rescaled_direct_X	3.0	17	xptar	mrad	25731	9857	2.60498038134676	2.340584541864418	27.228168365437377
rescaled_direct_X	3.0	17	ytar	cm	25731	9857	0.24939365711072703	0.22431243093620876	66.94447136186616
rescaled_direct_X	3.0	17	yptar	mrad	25731	9857	1.2184035072813915	1.1719948812021792	6.0788936929227155
rescaled_direct_X	3.0	18	xptar	mrad	25731	9857	2.4026665240898595	2.2314538943343227	21.29610645976985
rescaled_direct_X	3.0	18	ytar	cm	25731	9857	0.25007872510988416	0.2245334599734788	67.10897216830236
rescaled_direct_X	3.0	18	yptar	mrad	25731	9857	1.2192544529024674	1.1712938144477356	6.015439161756175
rescaled_direct_X	3.0	19	xptar	mrad	25731	9857	2.4034788838467254	2.231959186563334	21.323572848458895
rescaled_direct_X	3.0	19	ytar	cm	25731	9857	0.24900041096300654	0.22406445985746673	66.759918947714
rescaled_direct_X	3.0	19	yptar	mrad	25731	9857	1.2186959813085974	1.1710348908352768	5.992003623938458
rescaled_direct_X	3.0	20	xptar	mrad	25731	9857	2.3985720863610163	2.224176040613006	20.900501010774985
rescaled_direct_X	3.0	20	ytar	cm	25731	9857	0.24895985977567478	0.22401544936073728	66.72344289761935
rescaled_direct_X	3.0	20	yptar	mrad	25731	9857	1.2189271724407995	1.1713490597699563	6.020439493034813
rescaled_direct_X	3.0	21	xptar	mrad	25731	9857	2.4024995688459176	2.2249879610501164	20.94463492186618
rescaled_direct_X	3.0	21	ytar	cm	25731	9857	0.24653196533231114	0.22006459188420735	63.78301819582055
rescaled_direct_X	3.0	21	yptar	mrad	25731	9857	1.2163646216939588	1.1682588768929774	5.740742724596304
rescaled_direct_X	3.0	22	xptar	mrad	25731	9857	2.4010180895239936	2.2252702020605555	20.959976818795532
rescaled_direct_X	3.0	22	ytar	cm	25731	9857	0.2466825909239626	0.21963121791288115	63.46047972462179
rescaled_direct_X	3.0	22	yptar	mrad	25731	9857	1.2161957218554351	1.1686300890690675	5.774341657148452
rescaled_direct_X	3.0	23	xptar	mrad	25731	9857	2.401569772399452	2.2265928853507684	21.031874487660485
rescaled_direct_X	3.0	23	ytar	cm	25731	9857	0.24697790869998099	0.2202177842899616	63.897031605993845
rescaled_direct_X	3.0	23	yptar	mrad	25731	9857	1.2167524696462275	1.1694358765740678	5.847274609717612
rescaled_direct_X	3.0	24	xptar	mrad	25731	9857	2.404648255415799	2.220714622767641	20.712347220755344
rescaled_direct_X	3.0	24	ytar	cm	25731	9857	0.24829281359786715	0.22695377974910996	68.9102945639583
rescaled_direct_X	3.0	24	yptar	mrad	25731	9857	1.2192791827410232	1.1786915868158054	6.685021871701102
rescaled_direct_X	3.0	25	xptar	mrad	25731	9857	2.4060578607014875	2.219778216149726	20.66144656038109
rescaled_direct_X	3.0	25	ytar	cm	25731	9857	0.24471308803346303	0.22363466658566633	66.44004541125356
rescaled_direct_X	3.0	25	yptar	mrad	25731	9857	1.2177534510132895	1.1771086227585181	6.541745583855496
rescaled_direct_X	3.0	26	xptar	mrad	25731	9857	2.365539914560279	2.208721009351198	20.06040517817409
rescaled_direct_X	3.0	26	ytar	cm	25731	9857	0.24585765584324415	0.21890227944497284	62.917967449789856
rescaled_direct_X	3.0	26	yptar	mrad	25731	9857	1.221016415704802	1.171299500007068	6.015953769672722
rescaled_direct_X	3.0	27	xptar	mrad	25731	9857	2.3774095118608622	2.177099576952006	18.341545272333626
rescaled_direct_X	3.0	27	ytar	cm	25731	9857	0.19551687908870444	0.17891782236020914	33.15954513299268
rescaled_direct_X	3.0	27	yptar	mrad	25731	9857	1.1637559867607385	1.1290927487540037	2.1957617610652402
rescaled_direct_X	3.0	28	xptar	mrad	25731	9857	2.379180323421067	2.179994497434433	18.49890571967272
rescaled_direct_X	3.0	28	ytar	cm	25731	9857	0.19202357134390577	0.17301968014091204	28.769854241997518
rescaled_direct_X	3.0	28	yptar	mrad	25731	9857	1.1636730344586126	1.127126705998183	2.017812485146475
rescaled_direct_X	3.0	29	xptar	mrad	25731	9857	2.329880208533396	2.1400939911987242	16.330016609100717
rescaled_direct_X	3.0	29	ytar	cm	25731	9857	0.18491041220802712	0.16858493442702108	25.469295838970908
rescaled_direct_X	3.0	29	yptar	mrad	25731	9857	1.151328222875679	1.120293288184637	1.3993102941992408
rescaled_direct_X	3.0	30	xptar	mrad	25731	9857	2.3263595867573494	2.1403145671352677	16.34200655088234
rescaled_direct_X	3.0	30	ytar	cm	25731	9857	0.18777774607800968	0.1688375680737852	25.65731836822276
rescaled_direct_X	3.0	30	yptar	mrad	25731	9857	1.1529337666960235	1.120173156662907	1.3884370223725684
rescaled_direct_X	3.0	31	xptar	mrad	25731	9857	2.3185045224966	2.1361912135717764	16.117871634145597
rescaled_direct_X	3.0	31	ytar	cm	25731	9857	0.18643475195929746	0.16427845395796756	22.26419881275752
rescaled_direct_X	3.0	31	yptar	mrad	25731	9857	1.1525023908390617	1.1184756214586402	1.2347907399854918
rescaled_direct_X	3.0	32	xptar	mrad	25731	9857	2.3107203387701296	2.129530207334261	15.755796431173085
rescaled_direct_X	3.0	32	ytar	cm	25731	9857	0.18643944503849588	0.1616203439542718	20.28590109855337
rescaled_direct_X	3.0	32	yptar	mrad	25731	9857	1.152385531150738	1.1136341290262677	0.7965804975295532
rescaled_direct_X	3.0	33	xptar	mrad	25731	9857	2.3105473343490774	2.1295391405575077	15.756282018260826
rescaled_direct_X	3.0	33	ytar	cm	25731	9857	0.18648566733464514	0.16153486983006993	20.222287002711937
rescaled_direct_X	3.0	33	yptar	mrad	25731	9857	1.152369150836511	1.1136125068466043	0.79462344384722
rescaled_direct_X	3.0	34	xptar	mrad	25731	9857	2.3104563745069053	2.129019619964727	15.728042212235716
rescaled_direct_X	3.0	34	ytar	cm	25731	9857	0.18554888082372975	0.16099585971486569	19.82112885750391
rescaled_direct_X	3.0	34	yptar	mrad	25731	9857	1.1525771463954309	1.11375009061589	0.8070763429767425
rescaled_direct_X	3.0	35	xptar	mrad	25731	9857	2.309688045748853	2.130324205585342	15.798956138230679
rescaled_direct_X	3.0	35	ytar	cm	25731	9857	0.1657068759799862	0.1441450420227032	7.279911949051487
rescaled_direct_X	3.0	35	yptar	mrad	25731	9857	1.143960127956018	1.1080645675149976	0.2924717058049753
rescaled_direct_X	3.0	36	xptar	mrad	25731	9857	2.3097461221472617	2.1308041889882303	15.82504680408916
rescaled_direct_X	3.0	36	ytar	cm	25731	9857	0.16580792174540132	0.14421217862692595	7.329878350174335
rescaled_direct_X	3.0	36	yptar	mrad	25731	9857	1.1439578753549	1.1078772892462605	0.2755208881188187
rescaled_direct_X	3.0	37	xptar	mrad	25731	9857	2.298236420994609	2.1225421868900467	15.37594557523716
rescaled_direct_X	3.0	37	ytar	cm	25731	9857	0.16557423011796968	0.14436655221567973	7.444770855503502
rescaled_direct_X	3.0	37	yptar	mrad	25731	9857	1.1435856418611199	1.1077448688384635	0.26353533204961366
rescaled_direct_X	3.0	38	xptar	mrad	25731	9857	2.0857191678834415	1.9957613214722425	8.484463126137642
rescaled_direct_X	3.0	38	ytar	cm	25731	9857	0.16523323746661536	0.14429081023411214	7.388399904415643
rescaled_direct_X	3.0	38	yptar	mrad	25731	9857	1.1437227211584227	1.1078046652258864	0.26894758659645746
rescaled_direct_X	3.0	39	xptar	mrad	25731	9857	2.092764119694074	1.9950485231506718	8.445717238840977
rescaled_direct_X	3.0	39	ytar	cm	25731	9857	0.16324133131713192	0.14407346243890018	7.226638861472612
rescaled_direct_X	3.0	39	yptar	mrad	25731	9857	1.1419494234533882	1.1079619240575165	0.2831813031000996
rescaled_direct_X	3.0	40	xptar	mrad	25731	9857	2.092083765934606	1.9949427361495802	8.43996692897393
rescaled_direct_X	3.0	40	ytar	cm	25731	9857	0.16360629375889438	0.14399062379092337	7.164986218161218
rescaled_direct_X	3.0	40	yptar	mrad	25731	9857	1.1425263172986617	1.1081542250489853	0.30058673443624784
rescaled_direct_X	3.0	41	xptar	mrad	25731	9857	2.091661333896714	1.9949178150718105	8.438612283148661
rescaled_direct_X	3.0	41	ytar	cm	25731	9857	0.163611594623978	0.1439913405289663	7.165519650272789
rescaled_direct_X	3.0	41	yptar	mrad	25731	9857	1.1425338916338956	1.1081932577868197	0.30411964205698805
rescaled_direct_X	3.0	42	xptar	mrad	25731	9857	2.08569378339095	1.9957583048021652	8.484299147694818
rescaled_direct_X	3.0	42	ytar	cm	25731	9857	0.16375021977248644	0.143939979859855	7.127294484962965
rescaled_direct_X	3.0	42	yptar	mrad	25731	9857	1.1425040011249072	1.1081734896851485	0.3023304035634444
rescaled_direct_X	3.0	43	xptar	mrad	25731	9857	2.081908572657588	1.999910901652043	8.710023654423903
rescaled_direct_X	3.0	43	ytar	cm	25731	9857	0.15910112267794077	0.1425332421933324	6.080330323849559
rescaled_direct_X	3.0	43	yptar	mrad	25731	9857	1.139457007642563	1.1074632998175833	0.23805012668547398
rescaled_direct_X	3.0	44	xptar	mrad	25731	9857	2.079249850793026	2.001022056744315	8.77042319335577
rescaled_direct_X	3.0	44	ytar	cm	25731	9857	0.15938882199972534	0.14270328088128276	6.206881575389467
rescaled_direct_X	3.0	44	yptar	mrad	25731	9857	1.139217605946712	1.1073882031518039	0.231253022573763
rescaled_direct_X	3.0	45	xptar	mrad	25731	9857	2.07842456285236	2.00123475799027	8.78198508716812
rescaled_direct_X	3.0	45	ytar	cm	25731	9857	0.15938756891715122	0.1426874977994496	6.19513502063056
rescaled_direct_X	3.0	45	yptar	mrad	25731	9857	1.139518204101511	1.1080004156869245	0.28666523424139
rescaled_direct_X	3.0	46	xptar	mrad	25731	9857	2.083782172065119	2.0011296765171545	8.776273127991052
rescaled_direct_X	3.0	46	ytar	cm	25731	9857	0.15865249541363188	0.14304795751212834	6.463407072826888
rescaled_direct_X	3.0	46	yptar	mrad	25731	9857	1.138351718327385	1.1081627799063563	0.30136104652596085
rescaled_direct_X	3.0	47	xptar	mrad	25731	9857	2.0727685774293296	1.9994863894329689	8.686948259745542
rescaled_direct_X	3.0	47	ytar	cm	25731	9857	0.15886088646135957	0.14308585294755838	6.4916107412927415
rescaled_direct_X	3.0	47	yptar	mrad	25731	9857	1.138379725993263	1.1081407627792057	0.29936824559493314
rescaled_direct_X	3.0	48	xptar	mrad	25731	9857	2.0723878564238842	1.9981223962080443	8.612805088855513
rescaled_direct_X	3.0	48	ytar	cm	25731	9857	0.15869658148344415	0.14320928164659255	6.583472520085554
rescaled_direct_X	3.0	48	yptar	mrad	25731	9857	1.138305706766619	1.108217185948826	0.3062854134220583
rescaled_direct_X	3.0	49	xptar	mrad	25731	9857	2.0747507947133568	1.9972326441710344	8.564440451755928
rescaled_direct_X	3.0	49	ytar	cm	25731	9857	0.1588433719021105	0.14321123920154263	6.584929429874031
rescaled_direct_X	3.0	49	yptar	mrad	25731	9857	1.139359593418146	1.1086070973023379	0.34157683464093314
rescaled_direct_X	3.0	50	xptar	mrad	25731	9857	2.074072143741085	1.9972048637326352	8.562930378425659
rescaled_direct_X	3.0	50	ytar	cm	25731	9857	0.1587310531674164	0.14310594902014268	6.5065672383537
rescaled_direct_X	3.0	50	yptar	mrad	25731	9857	1.1388413425961927	1.1080143977870933	0.2879307736572967
rescaled_direct_X	3.0	51	xptar	mrad	25731	9857	2.0620758993832307	1.9769156924823228	7.460063103324477
rescaled_direct_X	3.0	51	ytar	cm	25731	9857	0.15846140629496072	0.143285480913051	6.6401838053405715
rescaled_direct_X	3.0	51	yptar	mrad	25731	9857	1.1390582137918768	1.1086113097344095	0.3419581077514833
rescaled_direct_X	3.0	52	xptar	mrad	25731	9857	2.082009247330635	1.9593149265073788	6.503330638947391
rescaled_direct_X	3.0	52	ytar	cm	25731	9857	0.15074938148903969	0.13944202171835574	3.779690248290324
rescaled_direct_X	3.0	52	yptar	mrad	25731	9857	1.133486479046122	1.1052926693074678	0.04158332736552417
rescaled_direct_X	3.0	53	xptar	mrad	25731	9857	2.0293744343974787	1.935915519342606	5.231398922249086
rescaled_direct_X	3.0	53	ytar	cm	25731	9857	0.1533587970793594	0.13890041950696908	3.3766029361382843
rescaled_direct_X	3.0	53	yptar	mrad	25731	9857	1.1345645138720468	1.1047618238976071	-0.006464232144487436
rescaled_direct_X	3.0	54	xptar	mrad	25731	9857	2.0268342803067885	1.9342416794101882	5.140413279590428
rescaled_direct_X	3.0	54	ytar	cm	25731	9857	0.15349724100108442	0.13899782062957255	3.449093697596428
rescaled_direct_X	3.0	54	yptar	mrad	25731	9857	1.13473938943872	1.104659364488102	-0.015737976409979648
rescaled_direct_X	3.0	55	xptar	mrad	25731	9857	2.0142265613721793	1.935925024259412	5.231915585131408
rescaled_direct_X	3.0	55	ytar	cm	25731	9857	0.15161046045942156	0.13821456498525644	2.866155877628973
rescaled_direct_X	3.0	55	yptar	mrad	25731	9857	1.1329339238308196	1.1030492139383403	-0.16147495166244363
rescaled_direct_X	3.0	56	xptar	mrad	25731	9857	2.006121496600288	1.9419763342480725	5.560849264858891
rescaled_direct_X	3.0	56	ytar	cm	25731	9857	0.14730605011790276	0.13974996325132433	4.00887565819934
rescaled_direct_X	3.0	56	yptar	mrad	25731	9857	1.1308537258441989	1.1043737292906413	-0.0415912170959043
rescaled_direct_X	3.0	57	xptar	mrad	25731	9857	2.008229833761909	1.9389929031168778	5.398677605823687
rescaled_direct_X	3.0	57	ytar	cm	25731	9857	0.14671793068341984	0.13923562118510743	3.626076702361858
rescaled_direct_X	3.0	57	yptar	mrad	25731	9857	1.1304136725071892	1.1036991399969271	-0.10264923630917133
rescaled_direct_X	3.0	58	xptar	mrad	25731	9857	1.991875584332131	1.9288519661479255	4.847442299859717
rescaled_direct_X	3.0	58	ytar	cm	25731	9857	0.14561388606866632	0.13933032001888426	3.696556286027697
rescaled_direct_X	3.0	58	yptar	mrad	25731	9857	1.1297029306073467	1.1046780076713862	-0.014050555850875224
rescaled_direct_X	3.0	59	xptar	mrad	25731	9857	1.990049804916971	1.928848224335322	4.8472389045303155
rescaled_direct_X	3.0	59	ytar	cm	25731	9857	0.1446150926798657	0.13843596702346725	3.0309342899232705
rescaled_direct_X	3.0	59	yptar	mrad	25731	9857	1.129326472810786	1.1042212131977271	-0.0553956616939133
rescaled_direct_X	3.0	60	xptar	mrad	25731	9857	1.988369221349345	1.9278392291497222	4.792392515922117
rescaled_direct_X	3.0	60	ytar	cm	25731	9857	0.14396821622075084	0.13810308487813733	2.783186835419915
rescaled_direct_X	3.0	60	yptar	mrad	25731	9857	1.1293658084654503	1.1048510481295297	0.001611577711635448
rescaled_direct_X	3.0	61	xptar	mrad	25731	9857	1.9671410967059844	1.897984716722856	3.1695778448110445
rescaled_direct_X	3.0	61	ytar	cm	25731	9857	0.14391237423824235	0.13800005754868538	2.7065087709034152
rescaled_direct_X	3.0	61	yptar	mrad	25731	9857	1.1286536968148424	1.1044019408905894	-0.039037745779768596
rescaled_direct_X	3.0	62	xptar	mrad	25731	9857	1.964403557366033	1.897017207990701	3.116986553333234
rescaled_direct_X	3.0	62	ytar	cm	25731	9857	0.14336206938152934	0.1354966757869426	0.8433675125844031
rescaled_direct_X	3.0	62	yptar	mrad	25731	9857	1.1289889860090134	1.1034808018855373	-0.12241132373694841
rescaled_direct_X	3.0	63	xptar	mrad	25731	9857	1.9641163850336842	1.8968103743987008	3.105743610129963
rescaled_direct_X	3.0	63	ytar	cm	25731	9857	0.1431501934974662	0.13530134070363606	0.6979894250440211
rescaled_direct_X	3.0	63	yptar	mrad	25731	9857	1.128927640975092	1.103601898692509	-0.11145068259480473
rescaled_direct_X	3.0	64	xptar	mrad	25731	9857	1.958391553943597	1.9032912060064604	3.4580249826640763
rescaled_direct_X	3.0	64	ytar	cm	25731	9857	0.14305724910796178	0.13568069985143483	0.9803273771638699
rescaled_direct_X	3.0	64	yptar	mrad	25731	9857	1.1293644157820732	1.1049667278151079	0.012081907630046018
rescaled_direct_X	3.0	65	xptar	mrad	25731	9857	1.9584343230259833	1.9028756660233819	3.4354372957063672
rescaled_direct_X	3.0	65	ytar	cm	25731	9857	0.14262183383294483	0.13562690563385046	0.9402910440036161
rescaled_direct_X	3.0	65	yptar	mrad	25731	9857	1.1280296478542424	1.1049488202260305	0.010461066730060864
rescaled_direct_X	3.0	66	xptar	mrad	25731	9857	1.9581078235898088	1.9038688076599182	3.4894219260770853
rescaled_direct_X	3.0	66	ytar	cm	25731	9857	0.14268108579974667	0.13576464880172695	1.0428063626994
rescaled_direct_X	3.0	66	yptar	mrad	25731	9857	1.128588904821931	1.106491142666089	0.15005882503371648
rescaled_direct_X	3.0	67	xptar	mrad	25731	9857	1.957745615092161	1.9026812284178978	3.4248681665146385
rescaled_direct_X	3.0	67	ytar	cm	25731	9857	0.14265485914618695	0.1357017042375753	0.99595988636485
rescaled_direct_X	3.0	67	yptar	mrad	25731	9857	1.1279702690357054	1.1062193770191957	0.12546093674206116
rescaled_direct_X	3.0	68	xptar	mrad	25731	9857	1.9577706514502278	1.9027684205798465	3.4296077086512833
rescaled_direct_X	3.0	68	ytar	cm	25731	9857	0.14265728924977655	0.13564126600609017	0.950978747498743
rescaled_direct_X	3.0	68	yptar	mrad	25731	9857	1.127801261534613	1.1067135999411304	0.17019374371707308
rescaled_direct_X	3.0	69	xptar	mrad	25731	9857	1.9577043900197428	1.9046847970563552	3.5337770153538672
rescaled_direct_X	3.0	69	ytar	cm	25731	9857	0.14283799179486883	0.13575159048809352	1.0330877160006358
rescaled_direct_X	3.0	69	yptar	mrad	25731	9857	1.127613371960897	1.1064816124309584	0.14919623014060246
rescaled_direct_X	3.0	70	xptar	mrad	25731	9857	1.9563310665839466	1.9034568575159125	3.4670293735577173
rescaled_direct_X	3.0	70	ytar	cm	25731	9857	0.14282767758692613	0.13574772380207875	1.0302099358884709
rescaled_direct_X	3.0	70	yptar	mrad	25731	9857	1.1282966434222104	1.1070975304507127	0.2049438303980633
rescaled_direct_X	3.0	71	xptar	mrad	25731	9857	1.9563988631810039	1.9033630192350337	3.461928565453909
rescaled_direct_X	3.0	71	ytar	cm	25731	9857	0.14291770119267425	0.13584289199005964	1.1010388363048573
rescaled_direct_X	3.0	71	yptar	mrad	25731	9857	1.1286284218935412	1.10754943672927	0.24584649887480214
rescaled_direct_X	3.0	72	xptar	mrad	25731	9857	1.9544833882844552	1.9013950822169756	3.3549565600476727
rescaled_direct_X	3.0	72	ytar	cm	25731	9857	0.14281347834356145	0.1357819073729413	1.0556510500661087
rescaled_direct_X	3.0	72	yptar	mrad	25731	9857	1.128137091641042	1.1072233063590944	0.21632798354442873
rescaled_direct_X	3.0	73	xptar	mrad	25731	9857	1.9143508718964368	1.8718837297280406	1.7507951824102808
rescaled_direct_X	3.0	73	ytar	cm	25731	9857	0.14279487796175472	0.13577428243063133	1.0499761886338055
rescaled_direct_X	3.0	73	yptar	mrad	25731	9857	1.1281383142442738	1.1072271325765302	0.21667429982883402
rescaled_direct_X	3.0	74	xptar	mrad	25731	9857	1.9143848472693945	1.872440018543096	1.7810336146291572
rescaled_direct_X	3.0	74	ytar	cm	25731	9857	0.1426632599925766	0.13565601760208837	0.9619576191795876
rescaled_direct_X	3.0	74	yptar	mrad	25731	9857	1.1280941114644014	1.1071201215206448	0.20698857969192463
rescaled_direct_X	3.0	75	xptar	mrad	25731	9857	1.9156344977363966	1.8730988407115219	1.816845496775743
rescaled_direct_X	3.0	75	ytar	cm	25731	9857	0.14276123413623762	0.13566699808780786	0.9701298429662275
rescaled_direct_X	3.0	75	yptar	mrad	25731	9857	1.1284214771682985	1.1074087491927016	0.2331126734333111
rescaled_direct_X	3.0	76	xptar	mrad	25731	9857	1.915803696722382	1.8737441909809809	1.8519250810713705
rescaled_direct_X	3.0	76	ytar	cm	25731	9857	0.14276334032648919	0.13566227751425058	0.9666165572613128
rescaled_direct_X	3.0	76	yptar	mrad	25731	9857	1.128371075458969	1.1074209372660344	0.23421583297447146
rescaled_direct_X	3.0	77	xptar	mrad	25731	9857	1.9157803363001984	1.873743086830812	1.851865062302105
rescaled_direct_X	3.0	77	ytar	cm	25731	9857	0.14275921329805796	0.13565911138456163	0.9642601660217354
rescaled_direct_X	3.0	77	yptar	mrad	25731	9857	1.1284424132403679	1.10742619130813	0.2346913836631881
rescaled_direct_X	3.0	78	xptar	mrad	25731	9857	1.9163328499560832	1.873636564058437	1.8460747577965009
rescaled_direct_X	3.0	78	ytar	cm	25731	9857	0.14273673573246679	0.1356014158521574	0.9213202802696774
rescaled_direct_X	3.0	78	yptar	mrad	25731	9857	1.12846306426034	1.1073640249711099	0.22906462166805142
rescaled_direct_X	3.0	79	xptar	mrad	25731	9857	1.923720578974375	1.882663933947788	2.3367794153879684
rescaled_direct_X	3.0	79	ytar	cm	25731	9857	0.14254146763451805	0.13545138077400368	0.8096567103838437
rescaled_direct_X	3.0	79	yptar	mrad	25731	9857	1.1283600084676175	1.1072374122943756	0.217604731449339
rescaled_direct_X	3.0	80	xptar	mrad	25731	9857	1.9224989245242847	1.8837617963629807	2.3964563985107157
rescaled_direct_X	3.0	80	ytar	cm	25731	9857	0.14238346276763444	0.13538296826848858	0.758740720039075
rescaled_direct_X	3.0	80	yptar	mrad	25731	9857	1.128299887275476	1.1071857289293312	0.21292679788991187
rescaled_direct_X	3.0	81	xptar	mrad	25731	9857	1.9231262713240873	1.8845721673297546	2.4405060843712523
rescaled_direct_X	3.0	81	ytar	cm	25731	9857	0.14238248912226562	0.13537887546412733	0.7556946514033491
rescaled_direct_X	3.0	81	yptar	mrad	25731	9857	1.1282402383864503	1.1070263028817497	0.19849692364342086
rescaled_direct_X	3.0	82	xptar	mrad	25731	9857	1.9230913073242868	1.8844533127365153	2.434045453734268
rescaled_direct_X	3.0	82	ytar	cm	25731	9857	0.14239945408696789	0.13538286009338396	0.7586602107441553
rescaled_direct_X	3.0	82	yptar	mrad	25731	9857	1.1283073970127717	1.1069100307235216	0.18797296819792475
rescaled_direct_X	3.0	83	xptar	mrad	25731	9857	1.9228625780704278	1.883510803960834	2.382813095725611
rescaled_direct_X	3.0	83	ytar	cm	25731	9857	0.14216268337602436	0.13531228727129424	0.706136405321911
rescaled_direct_X	3.0	83	yptar	mrad	25731	9857	1.1276361606597287	1.1063157103556513	0.13418020157920374
rescaled_direct_X	3.0	84	xptar	mrad	25731	9857	1.9220761031200049	1.8862256609912398	2.5303857559626275
rescaled_direct_X	3.0	84	ytar	cm	25731	9857	0.14197785768406196	0.13526578839822978	0.6715296305200402
rescaled_direct_X	3.0	84	yptar	mrad	25731	9857	1.1275815847403032	1.1062506625862856	0.12829263711779948
rescaled_direct_X	3.0	85	xptar	mrad	25731	9857	1.9202994724718951	1.8849018146888432	2.458424868740372
rescaled_direct_X	3.0	85	ytar	cm	25731	9857	0.14196670058686417	0.13527142017899935	0.6757210819678283
rescaled_direct_X	3.0	85	yptar	mrad	25731	9857	1.1275817561415902	1.1062520242421776	0.12841588249448144
rescaled_direct_X	3.0	86	xptar	mrad	25731	9857	1.9200761609955967	1.8851035491148997	2.4693906343704386
rescaled_direct_X	3.0	86	ytar	cm	25731	9857	0.1418545918298452	0.1351820905009607	0.6092374911349507
rescaled_direct_X	3.0	86	yptar	mrad	25731	9857	1.1273133740363215	1.105951762093037	0.1012387359816902
rescaled_direct_X	3.0	87	xptar	mrad	25731	9857	1.9197986357146504	1.8852793627542124	2.4789474125612276
rescaled_direct_X	3.0	87	ytar	cm	25731	9857	0.14181535045319507	0.1351724361403675	0.6020522356462665
rescaled_direct_X	3.0	87	yptar	mrad	25731	9857	1.127200941809515	1.1058516675734822	0.09217904120877307
rescaled_direct_X	3.0	88	xptar	mrad	25731	9857	1.9192258786753928	1.8842338748464507	2.4221173732383194
rescaled_direct_X	3.0	88	ytar	cm	25731	9857	0.14172602144225033	0.1353781192312514	0.7551318252720929
rescaled_direct_X	3.0	88	yptar	mrad	25731	9857	1.1273530825294373	1.106628977146451	0.1625344163729281
rescaled_direct_X	3.0	89	xptar	mrad	25731	9857	1.9193134566212997	1.8845518349179586	2.4394008666510647
rescaled_direct_X	3.0	89	ytar	cm	25731	9857	0.14168108585004294	0.13525697940731293	0.6649735412043167
rescaled_direct_X	3.0	89	yptar	mrad	25731	9857	1.127368038149564	1.1065181637823351	0.1525045440071482
rescaled_direct_X	3.0	90	xptar	mrad	25731	9857	1.9172830779238594	1.881965381131854	2.298807877215281
rescaled_direct_X	3.0	90	ytar	cm	25731	9857	0.14171812182739218	0.13526888173812374	0.6738318479726502
rescaled_direct_X	3.0	90	yptar	mrad	25731	9857	1.1274400158150613	1.1064510340489389	0.1464285380733399
rescaled_direct_X	3.0	91	xptar	mrad	25731	9857	1.917551632841827	1.8821824294576341	2.310606067129739
rescaled_direct_X	3.0	91	ytar	cm	25731	9857	0.14139317037807644	0.1350566977176766	0.5159139431238691
rescaled_direct_X	3.0	91	yptar	mrad	25731	9857	1.126809422612625	1.1062101103305848	0.12462219581255152
rescaled_direct_X	3.0	92	xptar	mrad	25731	9857	1.9171470047481651	1.8814084656420582	2.2685353805659503
rescaled_direct_X	3.0	92	ytar	cm	25731	9857	0.1414468441156406	0.13508774275096133	0.5390192014838258
rescaled_direct_X	3.0	92	yptar	mrad	25731	9857	1.1269591925439015	1.1063725706281327	0.13932670426162197
rescaled_direct_X	3.0	93	xptar	mrad	25731	9857	1.9137340755494747	1.8788855561935902	2.1313964982315525
rescaled_direct_X	3.0	93	ytar	cm	25731	9857	0.14099909780357464	0.13498419657234043	0.4619549836013981
rescaled_direct_X	3.0	93	yptar	mrad	25731	9857	1.1267537804037293	1.1065617051663243	0.15644553548888052
rescaled_direct_X	3.0	94	xptar	mrad	25731	9857	1.9066440978699852	1.872336897782286	1.7754282347406392
rescaled_direct_X	3.0	94	ytar	cm	25731	9857	0.14122323050956323	0.13508871652008864	0.5397439289164918
rescaled_direct_X	3.0	94	yptar	mrad	25731	9857	1.1269219533570405	1.106627212154341	0.16237466447179827
rescaled_direct_X	3.0	95	xptar	mrad	25731	9857	1.9003577676303498	1.8653833677026357	1.397452186499648
rescaled_direct_X	3.0	95	ytar	cm	25731	9857	0.14117845771695486	0.13511173041351784	0.5568720134211391
rescaled_direct_X	3.0	95	yptar	mrad	25731	9857	1.126958441644126	1.106672779842321	0.1664990595579674
rescaled_direct_X	3.0	96	xptar	mrad	25731	9857	1.9006324702366166	1.866153369957104	1.4393075327693516
rescaled_direct_X	3.0	96	ytar	cm	25731	9857	0.14122273345207428	0.13514844893565725	0.5841997644609132
rescaled_direct_X	3.0	96	yptar	mrad	25731	9857	1.126986504916065	1.1066274043890918	0.16239206390757932
rescaled_direct_X	3.0	97	xptar	mrad	25731	9857	1.8998578775285826	1.8661690667276662	1.4401607689298768
rescaled_direct_X	3.0	97	ytar	cm	25731	9857	0.14122129559411642	0.13514596964053244	0.5823545496761895
rescaled_direct_X	3.0	97	yptar	mrad	25731	9857	1.1270105884085972	1.1067505468712453	0.17353786196776522
rescaled_direct_X	3.0	98	xptar	mrad	25731	9857	1.8965134022339019	1.8622373296580759	1.2264416329998307
rescaled_direct_X	3.0	98	ytar	cm	25731	9857	0.14089946868198844	0.13494390841330575	0.4319705311833344
rescaled_direct_X	3.0	98	yptar	mrad	25731	9857	1.126735716775672	1.1067440646415718	0.1729511463059108
rescaled_direct_X	3.0	99	xptar	mrad	25731	9857	1.8963078671035432	1.8619382826739896	1.210186206477104
rescaled_direct_X	3.0	99	ytar	cm	25731	9857	0.1408518324257259	0.1349404901118955	0.429426461202409
rescaled_direct_X	3.0	99	yptar	mrad	25731	9857	1.1266892788345417	1.1065338630540735	0.15392550702031382
rescaled_direct_X	3.0	100	xptar	mrad	25731	9857	1.896558037134063	1.8617491496253786	1.1999054193823744
rescaled_direct_X	3.0	100	ytar	cm	25731	9857	0.14085989872526236	0.13493787209926458	0.427478005948001
rescaled_direct_X	3.0	100	yptar	mrad	25731	9857	1.126658166340519	1.1065160321931284	0.15231161089073186
rescaled_direct_X	3.0	101	xptar	mrad	25731	9857	1.896953307676698	1.8632251233552297	1.2801355631117062
rescaled_direct_X	3.0	101	ytar	cm	25731	9857	0.1406602337216942	0.13486486828868555	0.3731449379425822
rescaled_direct_X	3.0	101	yptar	mrad	25731	9857	1.1253431367650557	1.1051552015250756	0.02914092637174015
rescaled_direct_X	3.0	102	xptar	mrad	25731	9857	1.891339889602433	1.8552546306302293	0.8468800355997397
rescaled_direct_X	3.0	102	ytar	cm	25731	9857	0.14054367450886274	0.1345748321662535	0.1572856254061561
rescaled_direct_X	3.0	102	yptar	mrad	25731	9857	1.1250981596190879	1.1046590066461353	-0.015770365186207336
rescaled_direct_X	3.0	103	xptar	mrad	25731	9857	1.891053869789043	1.855118075125729	0.8394572288576541
rescaled_direct_X	3.0	103	ytar	cm	25731	9857	0.14058551794269947	0.1346416443069337	0.20701054461753632
rescaled_direct_X	3.0	103	yptar	mrad	25731	9857	1.1255615428812047	1.1051293403028934	0.026800191030118548
rescaled_direct_X	3.0	104	xptar	mrad	25731	9857	1.8913123616599146	1.85524920889885	0.8465853241973464
rescaled_direct_X	3.0	104	ytar	cm	25731	9857	0.1392283904918611	0.13378074283226313	-0.4337151654274951
rescaled_direct_X	3.0	104	yptar	mrad	25731	9857	1.12481735772989	1.1035247030009248	-0.11843777246391962
rescaled_direct_X	3.0	105	xptar	mrad	25731	9857	1.891240340796376	1.8551491617531273	0.8411470181362679
rescaled_direct_X	3.0	105	ytar	cm	25731	9857	0.13922514874283384	0.13373893840402876	-0.46482810082320025
rescaled_direct_X	3.0	105	yptar	mrad	25731	9857	1.124867812531592	1.1034755768022526	-0.12288425332324104
rescaled_direct_X	3.0	106	xptar	mrad	25731	9857	1.891338187130516	1.8550901101192927	0.8379371228825816
rescaled_direct_X	3.0	106	ytar	cm	25731	9857	0.13899449570713565	0.13381324993010532	-0.40952176588149314
rescaled_direct_X	3.0	106	yptar	mrad	25731	9857	1.1255725403749717	1.1047280057909323	-0.009525156215395292
rescaled_direct_X	3.0	107	xptar	mrad	25731	9857	1.8899132539175698	1.8534158624300934	0.7469293156118217
rescaled_direct_X	3.0	107	ytar	cm	25731	9857	0.139276861785205	0.13411509137708563	-0.1848763434636913
rescaled_direct_X	3.0	107	yptar	mrad	25731	9857	1.1249590764263766	1.104064943133092	-0.069539883515779
rescaled_direct_X	3.0	108	xptar	mrad	25731	9857	1.8900081292385802	1.8536441887311654	0.7593405473171888
rescaled_direct_X	3.0	108	ytar	cm	25731	9857	0.13917437684234604	0.13365380460071274	-0.5281889129293171
rescaled_direct_X	3.0	108	yptar	mrad	25731	9857	1.1255095646881004	1.104634617811773	-0.01797783264968489
rescaled_direct_X	3.0	109	xptar	mrad	25731	9857	1.8870296899529913	1.8505282271584398	0.5899648736321872
rescaled_direct_X	3.0	109	ytar	cm	25731	9857	0.1390329954485135	0.13363565254973098	-0.5416985723924017
rescaled_direct_X	3.0	109	yptar	mrad	25731	9857	1.1254644292421052	1.1045050996313412	-0.029700704066348838
rescaled_direct_X	3.0	110	xptar	mrad	25731	9857	1.8842690783312614	1.848780829727198	0.49498083412971017
rescaled_direct_X	3.0	110	ytar	cm	25731	9857	0.13903367663140653	0.13363548376713635	-0.5418241887968023
rescaled_direct_X	3.0	110	yptar	mrad	25731	9857	1.1254919651533055	1.104541207390452	-0.026432540355370016
rescaled_direct_X	3.0	111	xptar	mrad	25731	9857	1.879966444781178	1.8380410647597643	-0.08880522488333709
rescaled_direct_X	3.0	111	ytar	cm	25731	9857	0.13990976539889893	0.13429611829537524	-0.05014710420578883
rescaled_direct_X	3.0	111	yptar	mrad	25731	9857	1.1272997108559628	1.106451500674521	0.1464707730065573
rescaled_direct_X	3.0	112	xptar	mrad	25731	9857	1.8804780921370472	1.838072534328335	-0.08709461990543677
rescaled_direct_X	3.0	112	ytar	cm	25731	9857	0.13964490657820028	0.13397659840671344	-0.2879497024818378
rescaled_direct_X	3.0	112	yptar	mrad	25731	9857	1.127297318203709	1.1064471660146589	0.14607843688794198
rescaled_direct_X	3.0	113	xptar	mrad	25731	9857	1.8797412707375296	1.8373387934107854	-0.12697889296837683
rescaled_direct_X	3.0	113	ytar	cm	25731	9857	0.1396429219677176	0.13397816939412008	-0.2867804954921782
rescaled_direct_X	3.0	113	yptar	mrad	25731	9857	1.1272994651553463	1.106240465401748	0.12736967570228241
rescaled_direct_X	3.0	114	xptar	mrad	25731	9857	1.8797180384437433	1.8374819928227195	-0.1191949404704018
rescaled_direct_X	3.0	114	ytar	cm	25731	9857	0.13984703266364487	0.13408170001301306	-0.2097278579334061
rescaled_direct_X	3.0	114	yptar	mrad	25731	9857	1.1283427319608785	1.1067041154880806	0.1693352926240399
rescaled_direct_X	3.0	115	xptar	mrad	25731	9857	1.8796246090500506	1.8376366905458326	-0.11078596928822959
rescaled_direct_X	3.0	115	ytar	cm	25731	9857	0.13984580882148806	0.13409039123820934	-0.20325941572614248
rescaled_direct_X	3.0	115	yptar	mrad	25731	9857	1.1283110655061999	1.1066494894710834	0.16439101552621072
rescaled_direct_X	3.0	116	xptar	mrad	25731	9857	1.8796332563061233	1.8375420192780483	-0.11593205642226323
rescaled_direct_X	3.0	116	ytar	cm	25731	9857	0.1399446131937797	0.1342541464349989	-0.08138465093183722
rescaled_direct_X	3.0	116	yptar	mrad	25731	9857	1.1296756772951204	1.1082183607804799	0.3063917490760293
rescaled_direct_X	3.0	117	xptar	mrad	25731	9857	1.8796769833236822	1.83767607381746	-0.10864519572342246
rescaled_direct_X	3.0	117	ytar	cm	25731	9857	0.14004726735168696	0.1344582545636697	0.07052277345560576
rescaled_direct_X	3.0	117	yptar	mrad	25731	9857	1.129644066634793	1.108391682584624	0.32207934765804414
rescaled_direct_X	3.0	118	xptar	mrad	25731	9857	1.8799385637428583	1.8379583041655883	-0.09330387836989917
rescaled_direct_X	3.0	118	ytar	cm	25731	9857	0.14011094936076843	0.1344218119535407	0.043400369861479327
rescaled_direct_X	3.0	118	yptar	mrad	25731	9857	1.1300985048241516	1.1085697589614392	0.33819728925348347
rescaled_direct_X	3.0	119	xptar	mrad	25731	9857	1.8799818487071804	1.8381117657191155	-0.08496210219366418
rescaled_direct_X	3.0	119	ytar	cm	25731	9857	0.1401573397995424	0.13449953396543884	0.10124495803416345
rescaled_direct_X	3.0	119	yptar	mrad	25731	9857	1.1295837389075072	1.107860794542764	0.2740279294662251
rescaled_direct_X	3.0	120	xptar	mrad	25731	9857	1.8799504964593283	1.8380057905721416	-0.09072263918799006
rescaled_direct_X	3.0	120	ytar	cm	25731	9857	0.1401752944667213	0.134510208132457	0.10918920420293077
rescaled_direct_X	3.0	120	yptar	mrad	25731	9857	1.130183649170692	1.10821702157557	0.30627053576908203
rescaled_direct_X	3.0	121	xptar	mrad	25731	9857	1.879468160630641	1.8382277880512436	-0.07865542600140607
rescaled_direct_X	3.0	121	ytar	cm	25731	9857	0.14018100259813102	0.1344971200650749	0.09944841328406451
rescaled_direct_X	3.0	121	yptar	mrad	25731	9857	1.1302367274984275	1.108077557907049	0.2936474843340031
rescaled_direct_X	3.0	122	xptar	mrad	25731	9857	1.879533757506661	1.8390605313910267	-0.033389635364888814
rescaled_direct_X	3.0	122	ytar	cm	25731	9857	0.14014692105589674	0.13446041254227298	0.07212884849849832
rescaled_direct_X	3.0	122	yptar	mrad	25731	9857	1.1299469393621955	1.1082162754365545	0.306203001684624
rescaled_direct_X	3.0	123	xptar	mrad	25731	9857	1.879602050766163	1.8393297152042407	-0.018757494164134414
rescaled_direct_X	3.0	123	ytar	cm	25731	9857	0.14002775876268067	0.13444829402118097	0.06310964216673653
rescaled_direct_X	3.0	123	yptar	mrad	25731	9857	1.1301607206983248	1.1089248291028386	0.3703351836992441
rescaled_direct_X	3.0	124	xptar	mrad	25731	9857	1.8797903572820664	1.8395412760613847	-0.007257588960618566
rescaled_direct_X	3.0	124	ytar	cm	25731	9857	0.1399961270454069	0.134405690071549	0.031401663168195704
rescaled_direct_X	3.0	124	yptar	mrad	25731	9857	1.1291548864005359	1.1075717096566835	0.24786245264492024
rescaled_direct_X	3.0	125	xptar	mrad	25731	9857	1.8798077542104883	1.8396420144632957	-0.0017817079873250208
rescaled_direct_X	3.0	125	ytar	cm	25731	9857	0.1400272647274484	0.13444637056102868	0.061678107423124295
rescaled_direct_X	3.0	125	yptar	mrad	25731	9857	1.1297085643628502	1.107825780656929	0.2708587737533019
rescaled_direct_X	3.0	126	xptar	mrad	25731	9857	1.879846665257723	1.8396747920960073	0.0
rescaled_direct_X	3.0	126	ytar	cm	25731	9857	0.1399043268117657	0.1343634976985807	0.0
rescaled_direct_X	3.0	126	yptar	mrad	25731	9857	1.126368613149747	1.1048332428832366	0.0
rescaled_direct_X	3.0	127	xptar	mrad	25731	9857	1.8799363169491605	1.8396375151214097	-0.002026280664257918
rescaled_direct_X	3.0	127	ytar	cm	25731	9857	0.13997179244445151	0.13441870379994222	0.04108712731294428
rescaled_direct_X	3.0	127	yptar	mrad	25731	9857	1.1266171361100998	1.1049327364875534	0.009005305095377558
rescaled_direct_X	3.0	128	xptar	mrad	25731	9857	1.8789428740102982	1.838135631828812	-0.08366480172518065
rescaled_direct_X	3.0	128	ytar	cm	25731	9857	0.13994305815668948	0.1343975309315881	0.025329225266035316
rescaled_direct_X	3.0	128	yptar	mrad	25731	9857	1.1265690824653385	1.1047162417879464	-0.010589932557147907
rescaled_direct_X	3.0	129	xptar	mrad	25731	9857	1.874712746197873	1.8312484196292602	-0.45803598021509906
rescaled_direct_X	3.0	129	ytar	cm	25731	9857	0.13992407541597	0.1343964664489599	0.024536984332712564
rescaled_direct_X	3.0	129	yptar	mrad	25731	9857	1.1265662774097625	1.1047022775836917	-0.011853852188870029
rescaled_direct_X	3.0	130	xptar	mrad	25731	9857	1.8754326097305989	1.8312615890110189	-0.4573201264231552
rescaled_direct_X	3.0	130	ytar	cm	25731	9857	0.13991258033819032	0.13439610517016168	0.024268102676328063
rescaled_direct_X	3.0	130	yptar	mrad	25731	9857	1.1265527068841201	1.1047293598855261	-0.009402595222363086
rescaled_direct_X	3.0	131	xptar	mrad	25731	9857	1.8805331053049155	1.8315127838581744	-0.44366581924697446
rescaled_direct_X	3.0	131	ytar	cm	25731	9857	0.13992952031179273	0.13440919819901698	0.03401258617039549
rescaled_direct_X	3.0	131	yptar	mrad	25731	9857	1.1265927785041188	1.1047794622367624	-0.004867761431026629
rescaled_direct_X	3.0	132	xptar	mrad	25731	9857	1.8766624306031954	1.8364548125332805	-0.17502982464950856
rescaled_direct_X	3.0	132	ytar	cm	25731	9857	0.13992062671060793	0.13438544896506335	0.016337224661944205
rescaled_direct_X	3.0	132	yptar	mrad	25731	9857	1.1265836403280098	1.1047638148947148	-0.006284024215330586
rescaled_direct_X	3.0	133	xptar	mrad	25731	9857	1.8764640971124533	1.8364480662404594	-0.17539653581226666
rescaled_direct_X	3.0	133	ytar	cm	25731	9857	0.13993373029523773	0.13441610516867125	0.03915309663087285
rescaled_direct_X	3.0	133	yptar	mrad	25731	9857	1.1265855946688923	1.1047638622217604	-0.006279740578329918
rescaled_direct_X	3.0	134	xptar	mrad	25731	9857	1.8762848768106397	1.8364334401152265	-0.1761915744405984
rescaled_direct_X	3.0	134	ytar	cm	25731	9857	0.13993782274713065	0.13441732269937637	0.040059243557677426
rescaled_direct_X	3.0	134	yptar	mrad	25731	9857	1.1265499489287398	1.1047774338795768	-0.005051350873019889
rescaled_direct_X	3.0	135	xptar	mrad	25731	9857	1.8768657869575598	1.8360698715896058	-0.1959542263605285
rescaled_direct_X	3.0	135	ytar	cm	25731	9857	0.1399393603498684	0.13441704284650052	0.03985096312388858
rescaled_direct_X	3.0	135	yptar	mrad	25731	9857	1.1265497428016074	1.1047774553490917	-0.0050494076372364916
rescaled_direct_X	3.0	136	xptar	mrad	25731	9857	1.8781063999231773	1.837054352284726	-0.14244038253606872
rescaled_direct_X	3.0	136	ytar	cm	25731	9857	0.13991810595144197	0.1343473047419057	-0.01205160400878924
rescaled_direct_X	3.0	136	yptar	mrad	25731	9857	1.12655079911492	1.1047759801594585	-0.005182929111424706
rescaled_direct_X	3.0	137	xptar	mrad	25731	9857	1.8753033552892626	1.8372065453525703	-0.13416755798587587
rescaled_direct_X	3.0	137	ytar	cm	25731	9857	0.1399175312891011	0.13434603285696703	-0.012998204060477025
rescaled_direct_X	3.0	137	yptar	mrad	25731	9857	1.1266013760514364	1.1048458508579493	0.001141165401552513
rescaled_direct_X	3.0	138	xptar	mrad	25731	9857	1.8753368590479296	1.8369151479162527	-0.15000717472518632
rescaled_direct_X	3.0	138	ytar	cm	25731	9857	0.13992469022516424	0.13434171989529106	-0.016208124723338102
rescaled_direct_X	3.0	138	yptar	mrad	25731	9857	1.1266860765983993	1.1048999559914883	0.006038296610055838
rescaled_direct_X	3.0	139	xptar	mrad	25731	9857	1.8755936257380064	1.8370397411407502	-0.1432346068217183
rescaled_direct_X	3.0	139	ytar	cm	25731	9857	0.13992089636514543	0.13434062722215978	-0.017021346431611573
rescaled_direct_X	3.0	139	yptar	mrad	25731	9857	1.1267431508517627	1.10494763465978	0.010353759472780943
rescaled_direct_X	3.0	140	xptar	mrad	25731	9857	1.8754279759717356	1.837005535867093	-0.14509391770668456
rescaled_direct_X	3.0	140	ytar	cm	25731	9857	0.1399208402027381	0.13434063835954443	-0.017013057435832923
rescaled_direct_X	3.0	140	yptar	mrad	25731	9857	1.126741976353627	1.1049457194387906	0.010180410145932406
rescaled_direct_X	3.0	141	xptar	mrad	25731	9857	1.8752450083110757	1.836660431748289	-0.16385289186269247
rescaled_direct_X	3.0	141	ytar	cm	25731	9857	0.13982936741683535	0.13427559705604164	-0.06542003151498443
rescaled_direct_X	3.0	141	yptar	mrad	25731	9857	1.1266091314086315	1.1048429356494107	0.0008773058048916482
rescaled_direct_X	3.0	142	xptar	mrad	25731	9857	1.8754710391001586	1.8369155375633934	-0.14998599450667394
rescaled_direct_X	3.0	142	ytar	cm	25731	9857	0.13983225958427287	0.13427822899046585	-0.06346121496936252
rescaled_direct_X	3.0	142	yptar	mrad	25731	9857	1.12665015895296	1.1048835667241548	0.004554881131824118
rescaled_direct_X	3.0	143	xptar	mrad	25731	9857	1.8754639444256977	1.8370028302364458	-0.1452409888443973
rescaled_direct_X	3.0	143	ytar	cm	25731	9857	0.13983966122259983	0.13428065494537794	-0.06165569862478515
rescaled_direct_X	3.0	143	yptar	mrad	25731	9857	1.1267573542858271	1.105039351006554	0.018655134124978545
rescaled_direct_X	3.0	144	xptar	mrad	25731	9857	1.8754937488827061	1.836968228887957	-0.14712182934064622
rescaled_direct_X	3.0	144	ytar	cm	25731	9857	0.13983738265749798	0.13427476586637857	-0.06603864421658168
rescaled_direct_X	3.0	144	yptar	mrad	25731	9857	1.1266795080637733	1.1049698187052837	0.012361668417093519
rescaled_direct_X	3.0	145	xptar	mrad	25731	9857	1.8754890378625475	1.8370653080328272	-0.1418448561882446
rescaled_direct_X	3.0	145	ytar	cm	25731	9857	0.13980024771905744	0.1342283302163125	-0.10059836531749466
rescaled_direct_X	3.0	145	yptar	mrad	25731	9857	1.1265240586226912	1.1047881336072038	-0.004082903580548969
rescaled_direct_X	3.0	146	xptar	mrad	25731	9857	1.8756165840617027	1.8374209813152413	-0.12251136942513785
rescaled_direct_X	3.0	146	ytar	cm	25731	9857	0.13974037106534984	0.13413645837459862	-0.1689739608382257
rescaled_direct_X	3.0	146	yptar	mrad	25731	9857	1.1262394257639499	1.104343258703896	-0.04434915246231963
rescaled_direct_X	3.0	147	xptar	mrad	25731	9857	1.8756312615086637	1.8375038614588357	-0.11800621753903506
rescaled_direct_X	3.0	147	ytar	cm	25731	9857	0.13970585494535934	0.134116242684403	-0.1840194832768982
rescaled_direct_X	3.0	147	yptar	mrad	25731	9857	1.1263074142800422	1.104394838449655	-0.03968059762915477
rescaled_direct_X	3.0	148	xptar	mrad	25731	9857	1.8755819232663495	1.8374515397370075	-0.12085029204899067
rescaled_direct_X	3.0	148	ytar	cm	25731	9857	0.13969945958294902	0.13412218955305952	-0.17959352774702397
rescaled_direct_X	3.0	148	yptar	mrad	25731	9857	1.126299269020287	1.1044089052162251	-0.03840739493898848
rescaled_direct_X	3.0	149	xptar	mrad	25731	9857	1.8757800626507104	1.8375224507013717	-0.11699575402581708
rescaled_direct_X	3.0	149	ytar	cm	25731	9857	0.1396972257534745	0.13410266652702313	-0.19412353505614544
rescaled_direct_X	3.0	149	yptar	mrad	25731	9857	1.126349395632873	1.104353238864685	-0.04344583416940884
rescaled_direct_X	3.0	150	xptar	mrad	25731	9857	1.8752951690054869	1.8374823333737929	-0.11917642898811032
rescaled_direct_X	3.0	150	ytar	cm	25731	9857	0.13971944156761956	0.13410810261680053	-0.19007772658098387
rescaled_direct_X	3.0	150	yptar	mrad	25731	9857	1.1264466072181587	1.10419740731686	-0.05755036522230306
rescaled_direct_X	3.0	151	xptar	mrad	25731	9857	1.8750569761316922	1.8372301326710971	-0.13288541188982705
rescaled_direct_X	3.0	151	ytar	cm	25731	9857	0.13969499770157107	0.13409244982321783	-0.2017273143416598
rescaled_direct_X	3.0	151	yptar	mrad	25731	9857	1.1263102516944152	1.1040873551294172	-0.06751134242420909
rescaled_direct_X	3.0	152	xptar	mrad	25731	9857	1.875028944658624	1.8370489395746752	-0.14273460356221124
rescaled_direct_X	3.0	152	ytar	cm	25731	9857	0.13970221008465916	0.13409941605809347	-0.19654269575478667
rescaled_direct_X	3.0	152	yptar	mrad	25731	9857	1.1263083833151335	1.1040888705996519	-0.06737417509652399
rescaled_direct_X	3.0	153	xptar	mrad	25731	9857	1.875098141261352	1.8370976193998667	-0.14008849320614747
rescaled_direct_X	3.0	153	ytar	cm	25731	9857	0.13972200439739604	0.13404644482130215	-0.23596652566293397
rescaled_direct_X	3.0	153	yptar	mrad	25731	9857	1.1262933631699348	1.1037390955959525	-0.099032799233012
rescaled_direct_X	3.0	154	xptar	mrad	25731	9857	1.8745058765190277	1.836274598814343	-0.1848257798754971
rescaled_direct_X	3.0	154	ytar	cm	25731	9857	0.139638038254829	0.13406398353928164	-0.2229133391354221
rescaled_direct_X	3.0	154	yptar	mrad	25731	9857	1.1268411918949062	1.1048378452867293	0.00041656996858652207
rescaled_direct_X	3.0	155	xptar	mrad	25731	9857	1.8745944459607682	1.8363322405702798	-0.18169252196575947
rescaled_direct_X	3.0	155	ytar	cm	25731	9857	0.13957644241124548	0.13404154674060687	-0.23961192101150663
rescaled_direct_X	3.0	155	yptar	mrad	25731	9857	1.1267977834582907	1.104853228634905	0.0018089382988195624
rescaled_direct_X	3.0	156	xptar	mrad	25731	9857	1.873763511296938	1.8354755469996287	-0.228260185681739
rescaled_direct_X	3.0	156	ytar	cm	25731	9857	0.13957514306135455	0.13404310509533834	-0.23845211588722215
rescaled_direct_X	3.0	156	yptar	mrad	25731	9857	1.1266938716593256	1.104935928087708	0.00929418128328141
rescaled_direct_X	3.0	157	xptar	mrad	25731	9857	1.865702555014491	1.8353552702813758	-0.2347981193844606
rescaled_direct_X	3.0	157	ytar	cm	25731	9857	0.1396961392026301	0.1341058569350411	-0.19174907467619517
rescaled_direct_X	3.0	157	yptar	mrad	25731	9857	1.1267582690384073	1.1050092988227158	0.015935068990113876
rescaled_direct_X	3.0	158	xptar	mrad	25731	9857	1.861718531687721	1.8306583835584895	-0.49010882663913513
rescaled_direct_X	3.0	158	ytar	cm	25731	9857	0.13971439408127748	0.1340887486923587	-0.20448188007008428
rescaled_direct_X	3.0	158	yptar	mrad	25731	9857	1.1268850627073055	1.105072935687846	0.02169493053845173
rescaled_direct_X	3.0	159	xptar	mrad	25731	9857	1.861530463760306	1.830524580770822	-0.49738200275931677
rescaled_direct_X	3.0	159	ytar	cm	25731	9857	0.13965388586139366	0.1339408655458955	-0.3145438753263896
rescaled_direct_X	3.0	159	yptar	mrad	25731	9857	1.1268559112369134	1.1049862922176352	0.013852709029582577
rescaled_direct_X	3.0	160	xptar	mrad	25731	9857	1.8618944829943973	1.8299724053547732	-0.5273968411655949
rescaled_direct_X	3.0	160	ytar	cm	25731	9857	0.13964879504485744	0.13393463939496947	-0.319177686616412
rescaled_direct_X	3.0	160	yptar	mrad	25731	9857	1.1268560726665375	1.1049735939909506	0.012703374795974831
rescaled_direct_X	3.0	161	xptar	mrad	25731	9857	1.8617900359698933	1.830294525506359	-0.5098872164770452
rescaled_direct_X	3.0	161	ytar	cm	25731	9857	0.13964862883935159	0.13392289370901525	-0.32791941048888607
rescaled_direct_X	3.0	161	yptar	mrad	25731	9857	1.1268265268870918	1.1049604884045952	0.011517169869579291
rescaled_direct_X	3.0	162	xptar	mrad	25731	9857	1.8609569948955664	1.8293251501139076	-0.5625799748176119
rescaled_direct_X	3.0	162	ytar	cm	25731	9857	0.13964917185340317	0.1339242018865105	-0.3269457997109204
rescaled_direct_X	3.0	162	yptar	mrad	25731	9857	1.1268259783615058	1.1049603820337517	0.011507542095978707
rescaled_direct_X	3.0	163	xptar	mrad	25731	9857	1.8609417474396142	1.8292483281192398	-0.5667558212768875
rescaled_direct_X	3.0	163	ytar	cm	25731	9857	0.1396567784848859	0.13392923444711302	-0.32320031772458124
rescaled_direct_X	3.0	163	yptar	mrad	25731	9857	1.1269476400868048	1.1052669168971023	0.03925244073341716
rescaled_direct_X	3.0	164	xptar	mrad	25731	9857	1.8609473602452153	1.829510559998022	-0.5525015693890634
rescaled_direct_X	3.0	164	ytar	cm	25731	9857	0.13962962897903927	0.13388990398948747	-0.3524720011052751
rescaled_direct_X	3.0	164	yptar	mrad	25731	9857	1.127328421380597	1.1054706573857525	0.05769327693765369
rescaled_direct_X	3.0	165	xptar	mrad	25731	9857	1.860471573453055	1.8295477256515515	-0.5504813398523378
rescaled_direct_X	3.0	165	ytar	cm	25731	9857	0.13962057359543334	0.13387699936024205	-0.3620762682361889
rescaled_direct_X	3.0	165	yptar	mrad	25731	9857	1.1273565857787526	1.1054945200003663	0.05985311551668371
rescaled_direct_X	3.0	166	xptar	mrad	25731	9857	1.86045239993439	1.8294883661593067	-0.553707969499051
rescaled_direct_X	3.0	166	ytar	cm	25731	9857	0.13949874742204615	0.13382441586414293	-0.4012115222298607
rescaled_direct_X	3.0	166	yptar	mrad	25731	9857	1.1273617302577872	1.1054972085035633	0.060096455696245776
rescaled_direct_X	3.0	167	xptar	mrad	25731	9857	1.8600229763145457	1.8286220180905108	-0.600800426955006
rescaled_direct_X	3.0	167	ytar	cm	25731	9857	0.13949115579842641	0.1338150557348103	-0.40817779617549066
rescaled_direct_X	3.0	167	yptar	mrad	25731	9857	1.1275132887871424	1.1053457082463567	0.046383955807005606
rescaled_direct_X	3.0	168	xptar	mrad	25731	9857	1.8602385950535245	1.8287561625402646	-0.5935086789607302
rescaled_direct_X	3.0	168	ytar	cm	25731	9857	0.13945478323093521	0.133759593575497	-0.44945549455585043
rescaled_direct_X	3.0	168	yptar	mrad	25731	9857	1.1276103081841606	1.1056019856893553	0.06957998513084096
rescaled_direct_X	3.0	169	xptar	mrad	25731	9857	1.86079468127017	1.8286445796151014	-0.5995740403845318
rescaled_direct_X	3.0	169	ytar	cm	25731	9857	0.1394567525874459	0.13376062052264512	-0.4486911893943235
rescaled_direct_X	3.0	169	yptar	mrad	25731	9857	1.1276338743736753	1.1055812703322356	0.06770500922355094
rescaled_direct_X	3.0	170	xptar	mrad	25731	9857	1.8605323491134842	1.827178694393175	-0.6792557987162051
rescaled_direct_X	3.0	170	ytar	cm	25731	9857	0.1389946131915913	0.13329645478197785	-0.7941464273254817
rescaled_direct_X	3.0	170	yptar	mrad	25731	9857	1.126170432404981	1.1042580559217863	-0.0520609752788781
rescaled_direct_X	3.0	171	xptar	mrad	25731	9857	1.860169197309925	1.8262948107193224	-0.7273014466562588
rescaled_direct_X	3.0	171	ytar	cm	25731	9857	0.13903270848398566	0.13335311472415967	-0.7519772793408652
rescaled_direct_X	3.0	171	yptar	mrad	25731	9857	1.126208734029239	1.104309944734875	-0.04736444633001158
rescaled_direct_X	3.0	172	xptar	mrad	25731	9857	1.8600770561114086	1.8261751514971791	-0.7338058148553261
rescaled_direct_X	3.0	172	ytar	cm	25731	9857	0.13904058473569939	0.13335692850328804	-0.7491388751658667
rescaled_direct_X	3.0	172	yptar	mrad	25731	9857	1.1262413100654944	1.1043114968209413	-0.04722396485226099
rescaled_direct_X	3.0	173	xptar	mrad	25731	9857	1.859869718370161	1.825551348332992	-0.767714153811061
rescaled_direct_X	3.0	173	ytar	cm	25731	9857	0.1388960559209179	0.13311492615652187	-0.9292490620181337
rescaled_direct_X	3.0	173	yptar	mrad	25731	9857	1.126311339003145	1.1041279804986166	-0.06383428351408593
rescaled_direct_X	3.0	174	xptar	mrad	25731	9857	1.8598882698285237	1.825566138218204	-0.7669102136105721
rescaled_direct_X	3.0	174	ytar	cm	25731	9857	0.13888841479187014	0.13311891046364394	-0.926283742425904
rescaled_direct_X	3.0	174	yptar	mrad	25731	9857	1.1263202489905446	1.1041063204657664	-0.06579476334122036
rescaled_direct_X	3.0	175	xptar	mrad	25731	9857	1.8600227719385523	1.8255564824606756	-0.7674350758073989
rescaled_direct_X	3.0	175	ytar	cm	25731	9857	0.13899753224300834	0.133257652871272	-0.8230247397916335
rescaled_direct_X	3.0	175	yptar	mrad	25731	9857	1.1263945924372636	1.1042140591817602	-0.056043181671516784
rescaled_direct_X	3.0	176	xptar	mrad	25731	9857	1.8595432811592179	1.8244874929009711	-0.8255426046107184
rescaled_direct_X	3.0	176	ytar	cm	25731	9857	0.13882186184562328	0.13307170041893926	-0.9614198065454826
rescaled_direct_X	3.0	176	yptar	mrad	25731	9857	1.1260344695566833	1.1037374497114767	-0.09918177053581667
rescaled_direct_X	3.0	177	xptar	mrad	25731	9857	1.8598171522602343	1.8256676388769433	-0.7613928983124851
rescaled_direct_X	3.0	177	ytar	cm	25731	9857	0.13882402927173831	0.13306398965300945	-0.9671585421856532
rescaled_direct_X	3.0	177	yptar	mrad	25731	9857	1.1259957161952725	1.1036882139820579	-0.103638165176001
rescaled_direct_X	3.0	178	xptar	mrad	25731	9857	1.8599868187934563	1.8285209369287239	-0.606294939475438
rescaled_direct_X	3.0	178	ytar	cm	25731	9857	0.1389302969897989	0.1331410236693857	-0.9098259945103382
rescaled_direct_X	3.0	178	yptar	mrad	25731	9857	1.1259994880668418	1.1036920587193209	-0.10329017263615015
rescaled_direct_X	3.0	179	xptar	mrad	25731	9857	1.8592799960176387	1.8278789016050523	-0.6411943318262003
rescaled_direct_X	3.0	179	ytar	cm	25731	9857	0.13890539273549807	0.1331314550980747	-0.9169474013469459
rescaled_direct_X	3.0	179	yptar	mrad	25731	9857	1.1259290943660933	1.1035618223401062	-0.1150780492278014
rescaled_direct_X	3.0	180	xptar	mrad	25731	9857	1.858519922506895	1.828475635851727	-0.6087573897515242
rescaled_direct_X	3.0	180	ytar	cm	25731	9857	0.13887576962182535	0.13309778991355053	-0.9420027066201708
rescaled_direct_X	3.0	180	yptar	mrad	25731	9857	1.125929878271141	1.1035592714873372	-0.11530893047485558
rescaled_direct_X	3.0	181	xptar	mrad	25731	9857	1.858515230820789	1.8284481216527118	-0.6102529909921994
rescaled_direct_X	3.0	181	ytar	cm	25731	9857	0.13879746849969177	0.13307534536213927	-0.9587070584684776
rescaled_direct_X	3.0	181	yptar	mrad	25731	9857	1.1246584977855756	1.1026449865916768	-0.1980621334174537
rescaled_direct_X	3.0	182	xptar	mrad	25731	9857	1.856957035157256	1.8257855822295028	-0.7549818003800501
rescaled_direct_X	3.0	182	ytar	cm	25731	9857	0.13889305825225107	0.13313069219366616	-0.9175151927647063
rescaled_direct_X	3.0	182	yptar	mrad	25731	9857	1.1252159507052335	1.1031065872102477	-0.1562820166854273
rescaled_direct_X	3.0	183	xptar	mrad	25731	9857	1.8571227259129468	1.8250694440251416	-0.7939092351330945
rescaled_direct_X	3.0	183	ytar	cm	25731	9857	0.1387647889261839	0.13306369806256813	-0.9673755582996435
rescaled_direct_X	3.0	183	yptar	mrad	25731	9857	1.1236293599664955	1.102830883988194	-0.18123630040468575
rescaled_direct_X	3.0	184	xptar	mrad	25731	9857	1.8572207511307355	1.8249885888261477	-0.7983043162279269
rescaled_direct_X	3.0	184	ytar	cm	25731	9857	0.13876410838535608	0.13306539212645235	-0.9661147516719093
rescaled_direct_X	3.0	184	yptar	mrad	25731	9857	1.123630096813647	1.1028288740408991	-0.18141822354175163
rescaled_direct_X	3.0	185	xptar	mrad	25731	9857	1.8570227237961991	1.8242615874306525	-0.8378222461696061
rescaled_direct_X	3.0	185	ytar	cm	25731	9857	0.1387598156133437	0.13306446900664412	-0.9668017833613596
rescaled_direct_X	3.0	185	yptar	mrad	25731	9857	1.1232480565285148	1.1024868738281035	-0.21237314049402656
rescaled_direct_X	3.0	186	xptar	mrad	25731	9857	1.856893222657475	1.8239364083082141	-0.855498148662559
rescaled_direct_X	3.0	186	ytar	cm	25731	9857	0.13876244261149384	0.1330671054703597	-0.9648395958917533
rescaled_direct_X	3.0	186	yptar	mrad	25731	9857	1.1234035816769732	1.1026319734478813	-0.19923997123861836
rescaled_direct_X	3.0	187	xptar	mrad	25731	9857	1.8569054329463714	1.8239885105516243	-0.8526660044360868
rescaled_direct_X	3.0	187	ytar	cm	25731	9857	0.13870001073489654	0.13302578210441762	-0.9955945007951383
rescaled_direct_X	3.0	187	yptar	mrad	25731	9857	1.1230193332791494	1.1022395249905603	-0.23476102926696107
rescaled_direct_X	3.0	188	xptar	mrad	25731	9857	1.8568960239606298	1.8240292625325905	-0.8504508313445625
rescaled_direct_X	3.0	188	ytar	cm	25731	9857	0.1387169883950069	0.13305775741935716	-0.9717968805431965
rescaled_direct_X	3.0	188	yptar	mrad	25731	9857	1.1228663114080832	1.1022125597126335	-0.23720169423613324
rescaled_direct_X	3.0	189	xptar	mrad	25731	9857	1.8568649923319198	1.8239476915174644	-0.8548848223671301
rescaled_direct_X	3.0	189	ytar	cm	25731	9857	0.1386917303577783	0.1330378512094769	-0.9866120723335481
rescaled_direct_X	3.0	189	yptar	mrad	25731	9857	1.1229016356768269	1.1022360822546104	-0.23507263610645923
rescaled_direct_X	3.0	190	xptar	mrad	25731	9857	1.8568022483336453	1.823965434942315	-0.8539203353324254
rescaled_direct_X	3.0	190	ytar	cm	25731	9857	0.1386932815121274	0.1330393773913659	-0.9854762118393312
rescaled_direct_X	3.0	190	yptar	mrad	25731	9857	1.1235693489643686	1.1029392499073152	-0.17142794970386177
rescaled_direct_X	3.0	191	xptar	mrad	25731	9857	1.8587147632061243	1.8302966197156805	-0.509773380633316
rescaled_direct_X	3.0	191	ytar	cm	25731	9857	0.14097844446045918	0.13424149851961376	-0.09079785883560065
rescaled_direct_X	3.0	191	yptar	mrad	25731	9857	1.128422195674261	1.1054870593561124	0.05917784218454347
rescaled_direct_X	3.0	192	xptar	mrad	25731	9857	1.8590016510836032	1.8313236391071035	-0.4539472424573976
rescaled_direct_X	3.0	192	ytar	cm	25731	9857	0.1410314801255428	0.13417283864093468	-0.14189795659660387
rescaled_direct_X	3.0	192	yptar	mrad	25731	9857	1.1283344499422356	1.10541583160414	0.05273091886546233
rescaled_direct_X	3.0	193	xptar	mrad	25731	9857	1.8588812028719637	1.8311041590186852	-0.46587761674753425
rescaled_direct_X	3.0	193	ytar	cm	25731	9857	0.14108874084837322	0.1342666454738583	-0.07208224434560595
rescaled_direct_X	3.0	193	yptar	mrad	25731	9857	1.1279559056108743	1.1048199975579347	-0.0011988528936135445
rescaled_direct_X	3.0	194	xptar	mrad	25731	9857	1.8588641227173603	1.8312606686410178	-0.4573701553742038
rescaled_direct_X	3.0	194	ytar	cm	25731	9857	0.14109200766926225	0.1342685372120175	-0.07067431868751362
rescaled_direct_X	3.0	194	yptar	mrad	25731	9857	1.1278713366350888	1.1047524909207822	-0.0073089729128450465
rescaled_direct_X	3.0	195	xptar	mrad	25731	9857	1.8580617525024994	1.8285002074885819	-0.6074217386375036
rescaled_direct_X	3.0	195	ytar	cm	25731	9857	0.14139252300044014	0.13443989370554763	0.056857709329882766
rescaled_direct_X	3.0	195	yptar	mrad	25731	9857	1.1282886635232172	1.105127476853509	0.026631527623544038
rescaled_direct_X	3.0	196	xptar	mrad	25731	9857	1.8580609472836123	1.828505313007239	-0.6071442157470908
rescaled_direct_X	3.0	196	ytar	cm	25731	9857	0.1413914688373631	0.13444527193684236	0.06086045664359663
rescaled_direct_X	3.0	196	yptar	mrad	25731	9857	1.1278956941439924	1.1050059853485064	0.015635161811289322
rescaled_direct_X	3.0	197	xptar	mrad	25731	9857	1.8580356619960887	1.828470768443065	-0.6090219695937149
rescaled_direct_X	3.0	197	ytar	cm	25731	9857	0.14135265945173106	0.13442758181022518	0.04769458427484885
rescaled_direct_X	3.0	197	yptar	mrad	25731	9857	1.12783206041828	1.1046361044513422	-0.017843274825790623
rescaled_direct_X	3.0	198	xptar	mrad	25731	9857	1.8580132193638095	1.8283135708792981	-0.6175668256977573
rescaled_direct_X	3.0	198	ytar	cm	25731	9857	0.14137787370987165	0.13446493305266827	0.07549323724447277
rescaled_direct_X	3.0	198	yptar	mrad	25731	9857	1.1276075144595523	1.1046103245239962	-0.020176652058245814
rescaled_direct_X	3.0	199	xptar	mrad	25731	9857	1.8580165800158936	1.8281205393606934	-0.628059523615565
rescaled_direct_X	3.0	199	ytar	cm	25731	9857	0.14137966136798905	0.1344630376031973	0.07408254944354375
rescaled_direct_X	3.0	199	yptar	mrad	25731	9857	1.127636201119725	1.1046263797817122	-0.018723468257031417
rescaled_direct_X	3.0	200	xptar	mrad	25731	9857	1.85803434606839	1.8276407565459418	-0.654139286017752
rescaled_direct_X	3.0	200	ytar	cm	25731	9857	0.14139447800050475	0.13446262106636386	0.07377254200804373
rescaled_direct_X	3.0	200	yptar	mrad	25731	9857	1.127673908779679	1.104210340720647	-0.056379744780676866
rescaled_direct_X	3.0	201	xptar	mrad	25731	9857	1.8580147415452337	1.8277131874781467	-0.6502021264438995
rescaled_direct_X	3.0	201	ytar	cm	25731	9857	0.14159401223557447	0.13468942456963381	0.24257099333948595
rescaled_direct_X	3.0	201	yptar	mrad	25731	9857	1.1276477528086928	1.1047723413839619	-0.005512279764119388
rescaled_direct_X	3.0	202	xptar	mrad	25731	9857	1.857977257124524	1.827195997614165	-0.6783152400335224
rescaled_direct_X	3.0	202	ytar	cm	25731	9857	0.14161898122899047	0.13470911188989743	0.25722327658666
rescaled_direct_X	3.0	202	yptar	mrad	25731	9857	1.1283042957115512	1.1051313107796825	0.026978541636579756
rescaled_direct_X	3.0	203	xptar	mrad	25731	9857	1.8575414083600537	1.8265609550970854	-0.7128345213656351
rescaled_direct_X	3.0	203	ytar	cm	25731	9857	0.1415632939280945	0.1346456110940587	0.20996282495628904
rescaled_direct_X	3.0	203	yptar	mrad	25731	9857	1.1281288802150689	1.1050103875309558	0.016033609493582013
rescaled_direct_X	3.0	204	xptar	mrad	25731	9857	1.857514055412514	1.8258969079470064	-0.7489304201044766
rescaled_direct_X	3.0	204	ytar	cm	25731	9857	0.141520591377904	0.1346125361815385	0.1853468294763294
rescaled_direct_X	3.0	204	yptar	mrad	25731	9857	1.1286090134373603	1.1053062854259381	0.04281574126672183
rescaled_direct_X	3.0	205	xptar	mrad	25731	9857	1.857466311385512	1.8255196152240398	-0.769439084167689
rescaled_direct_X	3.0	205	ytar	cm	25731	9857	0.14155543908921223	0.13462740158113784	0.19641039945921257
rescaled_direct_X	3.0	205	yptar	mrad	25731	9857	1.1285270161367296	1.1052122864323763	0.034307761065432985
rescaled_direct_X	3.0	206	xptar	mrad	25731	9857	1.8574531932795406	1.8254806591723272	-0.7715566351544245
rescaled_direct_X	3.0	206	ytar	cm	25731	9857	0.141630009363252	0.1346630977143359	0.22297723778172962
rescaled_direct_X	3.0	206	yptar	mrad	25731	9857	1.1278635325315056	1.1049173708903477	0.007614543430234377
rescaled_direct_X	3.0	207	xptar	mrad	25731	9857	1.857398374157285	1.8254910939590914	-0.7709894269277817
rescaled_direct_X	3.0	207	ytar	cm	25731	9857	0.14167242095133667	0.13483019832008183	0.34734182236615396
rescaled_direct_X	3.0	207	yptar	mrad	25731	9857	1.1278611339716782	1.1049129757899094	0.007216736750681463
rescaled_direct_X	3.0	208	xptar	mrad	25731	9857	1.8571233359707138	1.825103621945564	-0.7920514110997701
rescaled_direct_X	3.0	208	ytar	cm	25731	9857	0.1417244532590872	0.13489858669024293	0.39823984997964246
rescaled_direct_X	3.0	208	yptar	mrad	25731	9857	1.1279926165181031	1.1050458687513127	0.0192450643068387
rescaled_direct_X	3.0	209	xptar	mrad	25731	9857	1.8570900021407901	1.82498414153013	-0.7985460598250449
rescaled_direct_X	3.0	209	ytar	cm	25731	9857	0.1416486714814504	0.13482047831190092	0.34010770867647366
rescaled_direct_X	3.0	209	yptar	mrad	25731	9857	1.126750899964964	1.10401469825575	-0.07408761754402748
rescaled_direct_X	3.0	210	xptar	mrad	25731	9857	1.8571648611742337	1.8251416599101644	-0.7899837649721131
rescaled_direct_X	3.0	210	ytar	cm	25731	9857	0.14164375506504023	0.13481693526839758	0.33747079942358926
rescaled_direct_X	3.0	210	yptar	mrad	25731	9857	1.1250829359301615	1.102304761489459	-0.22885638263192565
rescaled_direct_X	8.0	1	xptar	mrad	40467	24957	36.78441030180683	36.48586931770279	885.0403483512782
rescaled_direct_X	8.0	1	ytar	cm	40467	24957	1.8288561827568988	1.7267813918256283	1073.8844783105062
rescaled_direct_X	8.0	1	yptar	mrad	40467	24957	13.334893625583998	12.794358083187834	717.1853872381286
rescaled_direct_X	8.0	2	xptar	mrad	40467	24957	36.81101856098145	36.53233371494847	886.2947875877474
rescaled_direct_X	8.0	2	ytar	cm	40467	24957	1.826980706448213	1.7284252255772996	1075.0019740949435
rescaled_direct_X	8.0	2	yptar	mrad	40467	24957	13.181955543388893	12.675549061119082	709.5969645853176
rescaled_direct_X	8.0	3	xptar	mrad	40467	24957	10.305188639613956	9.70233078887082	161.94215675304017
rescaled_direct_X	8.0	3	ytar	cm	40467	24957	1.8266449438599726	1.7280617835278653	1074.7549022984695
rescaled_direct_X	8.0	3	yptar	mrad	40467	24957	13.184770467985182	12.67861229268104	709.7926155162892
rescaled_direct_X	8.0	4	xptar	mrad	40467	24957	10.216648363663074	9.600561864988642	159.19461371495785
rescaled_direct_X	8.0	4	ytar	cm	40467	24957	1.5756938123409039	1.4736209422855366	901.7832941976575
rescaled_direct_X	8.0	4	yptar	mrad	40467	24957	12.87043860710171	12.327361816995618	687.3579803337908
rescaled_direct_X	8.0	5	xptar	mrad	40467	24957	10.215724496087972	9.601206644653423	159.21202138531038
rescaled_direct_X	8.0	5	ytar	cm	40467	24957	1.5208027678584948	1.4456771883275468	882.7868310713484
rescaled_direct_X	8.0	5	yptar	mrad	40467	24957	4.1592378512280535	3.9519743395340456	152.4156085056686
rescaled_direct_X	8.0	6	xptar	mrad	40467	24957	10.23525279741266	9.625882534347264	159.8782175712432
rescaled_direct_X	8.0	6	ytar	cm	40467	24957	1.512571513791087	1.4474975736948374	884.0243485343708
rescaled_direct_X	8.0	6	yptar	mrad	40467	24957	4.141071440677912	3.9564964659327684	152.70444016007846
rescaled_direct_X	8.0	7	xptar	mrad	40467	24957	4.094901086605042	4.122969561784967	11.311350101554506
rescaled_direct_X	8.0	7	ytar	cm	40467	24957	1.5125661551736322	1.4474935297006295	884.0215993838102
rescaled_direct_X	8.0	7	yptar	mrad	40467	24957	4.141230605488087	3.9566091527330527	152.71163755176693
rescaled_direct_X	8.0	8	xptar	mrad	40467	24957	4.075863071739395	4.085147305067345	10.290230154866498
rescaled_direct_X	8.0	8	ytar	cm	40467	24957	1.5062784166623508	1.4403289818975356	879.1510630785319
rescaled_direct_X	8.0	8	yptar	mrad	40467	24957	4.123050737188187	3.9359499729759553	151.39212001911244
rescaled_direct_X	8.0	9	xptar	mrad	40467	24957	4.047199212693246	4.07417134762002	9.993902805413523
rescaled_direct_X	8.0	9	ytar	cm	40467	24957	1.4743394939848415	1.3802554143719363	838.3124086843688
rescaled_direct_X	8.0	9	yptar	mrad	40467	24957	4.0410421567860295	3.783078648658819	141.62811220039595
rescaled_direct_X	8.0	10	xptar	mrad	40467	24957	4.023238373841053	4.057516636661324	9.544261270451294
rescaled_direct_X	8.0	10	ytar	cm	40467	24957	1.4742760192241289	1.3801380600566475	838.2326299643568
rescaled_direct_X	8.0	10	yptar	mrad	40467	24957	4.040929761058324	3.7835119277103204	141.65578606313935
rescaled_direct_X	8.0	11	xptar	mrad	40467	24957	4.00529896622311	4.032182095459571	8.860282904103677
rescaled_direct_X	8.0	11	ytar	cm	40467	24957	1.4787751718284146	1.3821408679393186	839.5941602064797
rescaled_direct_X	8.0	11	yptar	mrad	40467	24957	4.052965744730948	3.7886781918804346	141.98575928719475
rescaled_direct_X	8.0	12	xptar	mrad	40467	24957	3.9259266687465093	3.9653044400183135	7.054729405045079
rescaled_direct_X	8.0	12	ytar	cm	40467	24957	0.3717358701038911	0.4281163463696436	191.03807597961296
rescaled_direct_X	8.0	12	yptar	mrad	40467	24957	1.4816224544727137	1.6142440772627995	3.102997649271755
rescaled_direct_X	8.0	13	xptar	mrad	40467	24957	3.9248957896778798	3.963442075330052	7.004449546141145
rescaled_direct_X	8.0	13	ytar	cm	40467	24957	0.33667395524576504	0.3887444977262815	164.27267172889327
rescaled_direct_X	8.0	13	yptar	mrad	40467	24957	1.4375412975150188	1.5639184365657022	-0.11133931970087607
rescaled_direct_X	8.0	14	xptar	mrad	40467	24957	3.905132355269763	3.930480661625121	6.114561952800934
rescaled_direct_X	8.0	14	ytar	cm	40467	24957	0.3366637238239658	0.3886550746486146	164.21188096326838
rescaled_direct_X	8.0	14	yptar	mrad	40467	24957	1.4370380786232269	1.5650643322194995	-0.0381500922699729
rescaled_direct_X	8.0	15	xptar	mrad	40467	24957	3.9052184881204552	3.9354873344001238	6.249731397481706
rescaled_direct_X	8.0	15	ytar	cm	40467	24957	0.33803490036306205	0.3906890607075641	165.59460646344095
rescaled_direct_X	8.0	15	yptar	mrad	40467	24957	1.4398424516309956	1.5692006662083746	0.22604070733620585
rescaled_direct_X	8.0	16	xptar	mrad	40467	24957	3.9048473747537513	3.9351090172557783	6.239517644633774
rescaled_direct_X	8.0	16	ytar	cm	40467	24957	0.33773475385105434	0.3904346051062491	165.4216248212847
rescaled_direct_X	8.0	16	yptar	mrad	40467	24957	1.440079111632105	1.5687374494115007	0.196454698013393
rescaled_direct_X	8.0	17	xptar	mrad	40467	24957	3.3578584318787166	3.462506374119108	-6.519741787378885
rescaled_direct_X	8.0	17	ytar	cm	40467	24957	0.33781292596597723	0.39037413579906777	165.38051713883553
rescaled_direct_X	8.0	17	yptar	mrad	40467	24957	1.4398704409158731	1.5688622181507914	0.20442377234048958
rescaled_direct_X	8.0	18	xptar	mrad	40467	24957	2.955684316022361	3.1496195450427376	-14.967016221878227
rescaled_direct_X	8.0	18	ytar	cm	40467	24957	0.33680997669752255	0.38920086895418066	164.5829177758535
rescaled_direct_X	8.0	18	yptar	mrad	40467	24957	1.437779490401661	1.5664851162892937	0.05259646747983737
rescaled_direct_X	8.0	19	xptar	mrad	40467	24957	2.9548709375569717	3.148460442578617	-14.998309506549345
rescaled_direct_X	8.0	19	ytar	cm	40467	24957	0.33463420389040627	0.38655298130368404	162.78285540088095
rescaled_direct_X	8.0	19	yptar	mrad	40467	24957	1.4346274365611484	1.5628978739214945	-0.17652343243127477
rescaled_direct_X	8.0	20	xptar	mrad	40467	24957	2.941495552011228	3.1446774564632443	-15.100442031567374
rescaled_direct_X	8.0	20	ytar	cm	40467	24957	0.3347069113835017	0.3866684185211137	162.86133085724242
rescaled_direct_X	8.0	20	yptar	mrad	40467	24957	1.4343362587978765	1.5624443285565304	-0.2054917200380868
rescaled_direct_X	8.0	21	xptar	mrad	40467	24957	2.9395598999540025	3.1463628048269126	-15.05494123440162
rescaled_direct_X	8.0	21	ytar	cm	40467	24957	0.32922763120064685	0.37491433001551466	154.8707756435203
rescaled_direct_X	8.0	21	yptar	mrad	40467	24957	1.4241263143341956	1.5414178110836032	-1.5484713921454007
rescaled_direct_X	8.0	22	xptar	mrad	40467	24957	2.9369629360385145	3.149109908085264	-14.980775328499785
rescaled_direct_X	8.0	22	ytar	cm	40467	24957	0.32928898699136916	0.37502515311836776	154.9461143753906
rescaled_direct_X	8.0	22	yptar	mrad	40467	24957	1.4238598276520493	1.540966741904772	-1.5772815238595417
rescaled_direct_X	8.0	23	xptar	mrad	40467	24957	2.9375412384598385	3.1424251833683083	-15.161248582583042
rescaled_direct_X	8.0	23	ytar	cm	40467	24957	0.3280370704484296	0.37656626911815655	155.993781532329
rescaled_direct_X	8.0	23	yptar	mrad	40467	24957	1.4230189972637564	1.542611425850383	-1.47223430865423
rescaled_direct_X	8.0	24	xptar	mrad	40467	24957	2.9229006800076784	3.10768333431434	-16.099204118094544
rescaled_direct_X	8.0	24	ytar	cm	40467	24957	0.3318789132287827	0.37825573979745303	157.14230178878722
rescaled_direct_X	8.0	24	yptar	mrad	40467	24957	1.430270327719919	1.545465513385518	-1.2899415658338076
rescaled_direct_X	8.0	25	xptar	mrad	40467	24957	2.9208732429079904	3.1054788728457794	-16.158719857571914
rescaled_direct_X	8.0	25	ytar	cm	40467	24957	0.3262947537304031	0.3740779195784606	154.302174873207
rescaled_direct_X	8.0	25	yptar	mrad	40467	24957	1.422766053115909	1.5395496392734995	-1.667792947329405
rescaled_direct_X	8.0	26	xptar	mrad	40467	24957	2.8432940179887485	3.1098336833659017	-16.041149298011103
rescaled_direct_X	8.0	26	ytar	cm	40467	24957	0.31906288740508626	0.37570355374825976	155.40729838702995
rescaled_direct_X	8.0	26	yptar	mrad	40467	24957	1.4127603324943563	1.5450348168924084	-1.3174504786073515
rescaled_direct_X	8.0	27	xptar	mrad	40467	24957	2.6974065619078473	3.0477025729609926	-17.718556244349326
rescaled_direct_X	8.0	27	ytar	cm	40467	24957	0.23620672635064036	0.34009481870743546	131.20009905388116
rescaled_direct_X	8.0	27	yptar	mrad	40467	24957	1.2829792760024328	1.5017854927708512	-4.079817722846313
rescaled_direct_X	8.0	28	xptar	mrad	40467	24957	2.6878623853365906	3.0428239243028568	-17.850269311998833
rescaled_direct_X	8.0	28	ytar	cm	40467	24957	0.22358168776693202	0.33278905659002717	126.23356374579133
rescaled_direct_X	8.0	28	yptar	mrad	40467	24957	1.2711233688922479	1.4905761224179572	-4.7957687375800635
rescaled_direct_X	8.0	29	xptar	mrad	40467	24957	2.6684603889939273	2.930193343549218	-20.89105382872517
rescaled_direct_X	8.0	29	ytar	cm	40467	24957	0.21797237903928468	0.344803077161999	134.40082356125092
rescaled_direct_X	8.0	29	yptar	mrad	40467	24957	1.2501966067212102	1.5323747731856106	-2.1260571044126486
rescaled_direct_X	8.0	30	xptar	mrad	40467	24957	2.668547793851615	2.9317228409117138	-20.849760674884255
rescaled_direct_X	8.0	30	ytar	cm	40467	24957	0.2142621848352435	0.34582688650624877	135.0968201151016
rescaled_direct_X	8.0	30	yptar	mrad	40467	24957	1.249704014070006	1.5373032301143756	-1.811272809832709
rescaled_direct_X	8.0	31	xptar	mrad	40467	24957	2.665989604925673	2.94527773777894	-20.483807483096673
rescaled_direct_X	8.0	31	ytar	cm	40467	24957	0.213023065110904	0.35323053785894526	140.12990157341196
rescaled_direct_X	8.0	31	yptar	mrad	40467	24957	1.2507695913273686	1.5451967504812467	-1.307107657057316
rescaled_direct_X	8.0	32	xptar	mrad	40467	24957	2.666080823377157	2.913926847885706	-21.330214381960666
rescaled_direct_X	8.0	32	ytar	cm	40467	24957	0.21264887666325935	0.33384192198588664	126.94931291462099
rescaled_direct_X	8.0	32	yptar	mrad	40467	24957	1.2482825192300142	1.4841285570006317	-5.207579647360971
rescaled_direct_X	8.0	33	xptar	mrad	40467	24957	2.665720287706218	2.9134847736493286	-21.342149439777337
rescaled_direct_X	8.0	33	ytar	cm	40467	24957	0.21236766260781487	0.3336880571476629	126.84471395021029
rescaled_direct_X	8.0	33	yptar	mrad	40467	24957	1.2483145603258263	1.4842169156086071	-5.201936115828964
rescaled_direct_X	8.0	34	xptar	mrad	40467	24957	2.665604556670339	2.911136159645976	-21.405556989035944
rescaled_direct_X	8.0	34	ytar	cm	40467	24957	0.21180965651724787	0.3296370839992907	124.09081903135251
rescaled_direct_X	8.0	34	yptar	mrad	40467	24957	1.24821095826629	1.4852296805831757	-5.13725004619241
rescaled_direct_X	8.0	35	xptar	mrad	40467	24957	2.6657717615716257	2.9050781319092622	-21.569110766530798
rescaled_direct_X	8.0	35	ytar	cm	40467	24957	0.18911989475115953	0.3467831031277379	135.7468664123239
rescaled_direct_X	8.0	35	yptar	mrad	40467	24957	1.2380798821860493	1.5131637315084028	-3.3530809558761865
rescaled_direct_X	8.0	36	xptar	mrad	40467	24957	2.665878566538565	2.9053866001467585	-21.560782784607913
rescaled_direct_X	8.0	36	ytar	cm	40467	24957	0.18926382826027202	0.346760648264957	135.73160135618772
rescaled_direct_X	8.0	36	yptar	mrad	40467	24957	1.2384515999082673	1.5131451356398642	-3.3542686881511408
rescaled_direct_X	8.0	37	xptar	mrad	40467	24957	2.6206413537471143	2.8704353949920307	-22.504390486568447
rescaled_direct_X	8.0	37	ytar	cm	40467	24957	0.1890921989685733	0.34674332159280613	135.7198224989479
rescaled_direct_X	8.0	37	yptar	mrad	40467	24957	1.23810578851488	1.5130423941645286	-3.3608308643667595
rescaled_direct_X	8.0	38	xptar	mrad	40467	24957	2.13304323692766	2.5242575360524024	-31.850451444911563
rescaled_direct_X	8.0	38	ytar	cm	40467	24957	0.18908825454986844	0.34679944752522446	135.75797750872997
rescaled_direct_X	8.0	38	yptar	mrad	40467	24957	1.2381412928397177	1.5128854789368689	-3.370853159369358
rescaled_direct_X	8.0	39	xptar	mrad	40467	24957	2.1207167315904196	2.5059075493709817	-32.34586179447771
rescaled_direct_X	8.0	39	ytar	cm	40467	24957	0.18811352658567726	0.344559033753246	134.23492023907863
rescaled_direct_X	8.0	39	yptar	mrad	40467	24957	1.2372640315180887	1.5089466025860085	-3.6224321893709166
rescaled_direct_X	8.0	40	xptar	mrad	40467	24957	2.1209881711467817	2.5060885654629486	-32.3409747475847
rescaled_direct_X	8.0	40	ytar	cm	40467	24957	0.18784199578697586	0.34441850063023643	134.13938431740937
rescaled_direct_X	8.0	40	yptar	mrad	40467	24957	1.2364992860243809	1.5085938581119689	-3.6449622473652243
rescaled_direct_X	8.0	41	xptar	mrad	40467	24957	2.120609088674171	2.507675270150824	-32.29813711845038
rescaled_direct_X	8.0	41	ytar	cm	40467	24957	0.18787013704218633	0.3447430556498425	134.36002029465405
rescaled_direct_X	8.0	41	yptar	mrad	40467	24957	1.2365452184959496	1.5088239384250228	-3.6302668426800966
rescaled_direct_X	8.0	42	xptar	mrad	40467	24957	2.121204282212081	2.4961708581730946	-32.60873160870199
rescaled_direct_X	8.0	42	ytar	cm	40467	24957	0.187767869417533	0.34398661679398584	133.8457850614713
rescaled_direct_X	8.0	42	yptar	mrad	40467	24957	1.236557750620179	1.5091268502734363	-3.6109196324069948
rescaled_direct_X	8.0	43	xptar	mrad	40467	24957	2.1156539842288464	2.5161440008954075	-32.06949952151938
rescaled_direct_X	8.0	43	ytar	cm	40467	24957	0.186501209026764	0.33738242382100403	129.3561839692599
rescaled_direct_X	8.0	43	yptar	mrad	40467	24957	1.2351671472647736	1.4984686912128333	-4.291664362432124
rescaled_direct_X	8.0	44	xptar	mrad	40467	24957	2.1138138598489866	2.5163899696892424	-32.062858890752075
rescaled_direct_X	8.0	44	ytar	cm	40467	24957	0.18648174167740342	0.33739785305721204	129.36667292923042
rescaled_direct_X	8.0	44	yptar	mrad	40467	24957	1.2351526246557403	1.4983849940854839	-4.2970101616491725
rescaled_direct_X	8.0	45	xptar	mrad	40467	24957	2.1146687868453458	2.5085187615218136	-32.27536465751005
rescaled_direct_X	8.0	45	ytar	cm	40467	24957	0.18648716305028012	0.33732379561949555	129.31632789015927
rescaled_direct_X	8.0	45	yptar	mrad	40467	24957	1.2348819809608942	1.50087477074743	-4.137986231538726
rescaled_direct_X	8.0	46	xptar	mrad	40467	24957	2.1136303511445855	2.493927648435715	-32.669293468470016
rescaled_direct_X	8.0	46	ytar	cm	40467	24957	0.18718577793495414	0.3349500296979238	127.70261640145168
rescaled_direct_X	8.0	46	yptar	mrad	40467	24957	1.2358012942501668	1.4928472404034172	-4.650710703535321
rescaled_direct_X	8.0	47	xptar	mrad	40467	24957	2.111580483064587	2.494229419633656	-32.661146292275475
rescaled_direct_X	8.0	47	ytar	cm	40467	24957	0.18726935880030224	0.33497877791172515	127.7221597449926
rescaled_direct_X	8.0	47	yptar	mrad	40467	24957	1.2358223247263662	1.4928597598760573	-4.649911075290525
rescaled_direct_X	8.0	48	xptar	mrad	40467	24957	2.110277206954831	2.485495725666532	-32.89693732887812
rescaled_direct_X	8.0	48	ytar	cm	40467	24957	0.18722858301469203	0.3334101550703262	126.65579314261986
rescaled_direct_X	8.0	48	yptar	mrad	40467	24957	1.2358030907042992	1.491496909633937	-4.736957357379357
rescaled_direct_X	8.0	49	xptar	mrad	40467	24957	2.1078793551908577	2.485639457626164	-32.893056873725676
rescaled_direct_X	8.0	49	ytar	cm	40467	24957	0.18701234587707838	0.3331443325527577	126.47508414909225
rescaled_direct_X	8.0	49	yptar	mrad	40467	24957	1.2347282024564423	1.4893675310249441	-4.872962389585933
rescaled_direct_X	8.0	50	xptar	mrad	40467	24957	2.107626443553112	2.4906845567988483	-32.75684999858576
rescaled_direct_X	8.0	50	ytar	cm	40467	24957	0.18707860883154848	0.3334811618419055	126.70406430618839
rescaled_direct_X	8.0	50	yptar	mrad	40467	24957	1.234493191474218	1.4925647716265114	-4.668752199274118
rescaled_direct_X	8.0	51	xptar	mrad	40467	24957	2.0761279971742614	2.5413676710862685	-31.388514435069816
rescaled_direct_X	8.0	51	ytar	cm	40467	24957	0.18657844323862027	0.3288079414590148	123.5271590550843
rescaled_direct_X	8.0	51	yptar	mrad	40467	24957	1.2327357708782867	1.4808203027167164	-5.418880366045398
rescaled_direct_X	8.0	52	xptar	mrad	40467	24957	2.011743237313241	2.666995737320995	-27.996825640457203
rescaled_direct_X	8.0	52	ytar	cm	40467	24957	0.17969560423816766	0.35292250217705456	139.920495618814
rescaled_direct_X	8.0	52	yptar	mrad	40467	24957	1.2242638575073814	1.5229257016173885	-2.7295764961877467
rescaled_direct_X	8.0	53	xptar	mrad	40467	24957	1.998235805847036	2.713491628067754	-26.741536146892408
rescaled_direct_X	8.0	53	ytar	cm	40467	24957	0.1785724471195585	0.3581562369813184	143.47844457483285
rescaled_direct_X	8.0	53	yptar	mrad	40467	24957	1.223267963079594	1.5323893695895967	-2.125124820982238
rescaled_direct_X	8.0	54	xptar	mrad	40467	24957	1.9951989828592434	2.7134930930691468	-26.741496594991652
rescaled_direct_X	8.0	54	ytar	cm	40467	24957	0.17768093171009203	0.3580014147278891	143.37319474931465
rescaled_direct_X	8.0	54	yptar	mrad	40467	24957	1.2227350075147099	1.5325148794835861	-2.1171084085405134
rescaled_direct_X	8.0	55	xptar	mrad	40467	24957	1.9917239694411706	2.550210981467858	-31.149763989986322
rescaled_direct_X	8.0	55	ytar	cm	40467	24957	0.17697527701876234	0.37433492994370576	154.4768932712361
rescaled_direct_X	8.0	55	yptar	mrad	40467	24957	1.222066467649779	1.5508309301239012	-0.9472483156885758
rescaled_direct_X	8.0	56	xptar	mrad	40467	24957	1.993686358244234	2.6351338245981735	-28.85702906152241
rescaled_direct_X	8.0	56	ytar	cm	40467	24957	0.17469498103904424	0.34193207139927995	132.44908310472866
rescaled_direct_X	8.0	56	yptar	mrad	40467	24957	1.2219950655087697	1.5142073003135659	-3.2864274221379497
rescaled_direct_X	8.0	57	xptar	mrad	40467	24957	1.9860386866314126	2.6369092008102863	-28.809097705215503
rescaled_direct_X	8.0	57	ytar	cm	40467	24957	0.17440918166501101	0.3427898840197821	133.03223330849693
rescaled_direct_X	8.0	57	yptar	mrad	40467	24957	1.2225221841296836	1.5156030584517732	-3.197279287683241
rescaled_direct_X	8.0	58	xptar	mrad	40467	24957	1.9801203516091568	2.742126823461196	-25.968447184701304
rescaled_direct_X	8.0	58	ytar	cm	40467	24957	0.1733550236646333	0.32880808471237777	123.52725644025422
rescaled_direct_X	8.0	58	yptar	mrad	40467	24957	1.221129900864549	1.4846360642962106	-5.17516477018094
rescaled_direct_X	8.0	59	xptar	mrad	40467	24957	1.980123165384724	2.733899352090715	-26.190571295114008
rescaled_direct_X	8.0	59	ytar	cm	40467	24957	0.1724985099003553	0.33142175517541766	125.30405760484018
rescaled_direct_X	8.0	59	yptar	mrad	40467	24957	1.2203585752532957	1.4901590725357514	-4.822406030930148
rescaled_direct_X	8.0	60	xptar	mrad	40467	24957	1.9789889227802078	2.7237511754246255	-26.46455033591063
rescaled_direct_X	8.0	60	ytar	cm	40467	24957	0.17186422508697294	0.3332891264118171	126.57351656474667
rescaled_direct_X	8.0	60	yptar	mrad	40467	24957	1.2176637839376239	1.4950872928287724	-4.507636850455277
rescaled_direct_X	8.0	61	xptar	mrad	40467	24957	1.976054975026384	2.39836512383492	-35.249277015043255
rescaled_direct_X	8.0	61	ytar	cm	40467	24957	0.17171357767409723	0.33802618275796154	129.79381818714378
rescaled_direct_X	8.0	61	yptar	mrad	40467	24957	1.2188244190827386	1.4512041039894479	-7.310489516587026
rescaled_direct_X	8.0	62	xptar	mrad	40467	24957	1.9758715357128491	2.4278605261926636	-34.45296430668371
rescaled_direct_X	8.0	62	ytar	cm	40467	24957	0.1657030266875859	0.36813382270485273	150.26131417680747
rescaled_direct_X	8.0	62	yptar	mrad	40467	24957	1.2174117670989835	1.483295603363134	-5.260781030062967
rescaled_direct_X	8.0	63	xptar	mrad	40467	24957	1.9761409038399556	2.4281222380222425	-34.445898647660165
rescaled_direct_X	8.0	63	ytar	cm	40467	24957	0.16550357973009858	0.36792998615120776	150.12274390522074
rescaled_direct_X	8.0	63	yptar	mrad	40467	24957	1.2177147212209316	1.4831020045663843	-5.2731463325394135
rescaled_direct_X	8.0	64	xptar	mrad	40467	24957	1.972003096572562	2.9020130254499104	-21.651862077953954
rescaled_direct_X	8.0	64	ytar	cm	40467	24957	0.1653984960920453	0.3468484060706004	135.7912600520615
rescaled_direct_X	8.0	64	yptar	mrad	40467	24957	1.215249581570272	1.366015793447089	-12.751531738954968
rescaled_direct_X	8.0	65	xptar	mrad	40467	24957	1.9705812850701105	2.883020354824633	-22.164623517894956
rescaled_direct_X	8.0	65	ytar	cm	40467	24957	0.1650584507121684	0.3521781906462084	139.41450467101717
rescaled_direct_X	8.0	65	yptar	mrad	40467	24957	1.2128665784477024	1.380176630989842	-11.847068268747973
rescaled_direct_X	8.0	66	xptar	mrad	40467	24957	1.970537958286227	2.8310194433368796	-23.568536784163964
rescaled_direct_X	8.0	66	ytar	cm	40467	24957	0.16438691788768334	0.3414803854822135	132.1420221822368
rescaled_direct_X	8.0	66	yptar	mrad	40467	24957	1.2088360989783142	1.328766071867974	-15.1306998031301
rescaled_direct_X	8.0	67	xptar	mrad	40467	24957	1.9704602733253573	2.7897353301001737	-24.683119444370092
rescaled_direct_X	8.0	67	ytar	cm	40467	24957	0.16381993217190546	0.35505615407113955	141.37097502080485
rescaled_direct_X	8.0	67	yptar	mrad	40467	24957	1.2018425351634667	1.398888384305782	-10.651934344875425
rescaled_direct_X	8.0	68	xptar	mrad	40467	24957	1.9705337904285638	2.7899409868869105	-24.67756715147873
rescaled_direct_X	8.0	68	ytar	cm	40467	24957	0.16363871396736646	0.3552583093161091	141.50840232075274
rescaled_direct_X	8.0	68	yptar	mrad	40467	24957	1.2012808002998938	1.3985133998650077	-10.675884886469621
rescaled_direct_X	8.0	69	xptar	mrad	40467	24957	1.9702575711990833	2.897275206208176	-21.77977305290335
rescaled_direct_X	8.0	69	ytar	cm	40467	24957	0.16354872425245692	0.3628606678174401	146.67656702620465
rescaled_direct_X	8.0	69	yptar	mrad	40467	24957	1.2013052206544332	1.391754228613694	-11.10759829799839
rescaled_direct_X	8.0	70	xptar	mrad	40467	24957	1.9698339351704535	2.919515594296513	-21.17933019544418
rescaled_direct_X	8.0	70	ytar	cm	40467	24957	0.16355442504424014	0.3626344119364812	146.52275585587273
rescaled_direct_X	8.0	70	yptar	mrad	40467	24957	1.201082341842913	1.3973022254747445	-10.753243516475507
rescaled_direct_X	8.0	71	xptar	mrad	40467	24957	1.9697472607426203	2.919320767586163	-21.184590099462376
rescaled_direct_X	8.0	71	ytar	cm	40467	24957	0.16360712881185377	0.3625734128900036	146.48128805097818
rescaled_direct_X	8.0	71	yptar	mrad	40467	24957	1.2014202325210397	1.3971209413209444	-10.764822273335362
rescaled_direct_X	8.0	72	xptar	mrad	40467	24957	1.960749436088609	2.919048344663055	-21.19194493507669
rescaled_direct_X	8.0	72	ytar	cm	40467	24957	0.16359753286446935	0.36272620028833913	146.58515456021698
rescaled_direct_X	8.0	72	yptar	mrad	40467	24957	1.201325237431888	1.3976498616460553	-10.731039729663882
rescaled_direct_X	8.0	73	xptar	mrad	40467	24957	1.8083632603407902	2.7987044306548343	-24.44097293395452
rescaled_direct_X	8.0	73	ytar	cm	40467	24957	0.16360430704376677	0.3628643838009132	146.67909319155564
rescaled_direct_X	8.0	73	yptar	mrad	40467	24957	1.201326966809656	1.397672048901543	-10.72962261277145
rescaled_direct_X	8.0	74	xptar	mrad	40467	24957	1.8043329641180466	2.786618727072508	-24.767261052873724
rescaled_direct_X	8.0	74	ytar	cm	40467	24957	0.16354164823664624	0.3621612699922062	146.201108896361
rescaled_direct_X	8.0	74	yptar	mrad	40467	24957	1.2013124490420857	1.3964355281544032	-10.808600133879542
rescaled_direct_X	8.0	75	xptar	mrad	40467	24957	1.8031445203205663	2.7618486643601416	-25.435999708664326
rescaled_direct_X	8.0	75	ytar	cm	40467	24957	0.16310708075442357	0.359968132444286	144.71019050999735
rescaled_direct_X	8.0	75	yptar	mrad	40467	24957	1.2006226315067619	1.3925077092677647	-11.059472915226554
rescaled_direct_X	8.0	76	xptar	mrad	40467	24957	1.8040234291044241	2.7598275731925677	-25.49056484264596
rescaled_direct_X	8.0	76	ytar	cm	40467	24957	0.16310466290663245	0.359914033323985	144.67341334879316
rescaled_direct_X	8.0	76	yptar	mrad	40467	24957	1.2006275434238634	1.3933962770589334	-11.002719414207407
rescaled_direct_X	8.0	77	xptar	mrad	40467	24957	1.8040163167118404	2.760054818752931	-25.48442969909237
rescaled_direct_X	8.0	77	ytar	cm	40467	24957	0.16310268255234145	0.3598820541747133	144.6516735807268
rescaled_direct_X	8.0	77	yptar	mrad	40467	24957	1.2006314392788986	1.393997477233205	-10.9643203015653
rescaled_direct_X	8.0	78	xptar	mrad	40467	24957	1.8037780164310426	2.7631934778112233	-25.399692624988013
rescaled_direct_X	8.0	78	ytar	cm	40467	24957	0.1631252245800244	0.36032188650768326	144.95067630983692
rescaled_direct_X	8.0	78	yptar	mrad	40467	24957	1.2006134165945426	1.3944677914393608	-10.93428097531055
rescaled_direct_X	8.0	79	xptar	mrad	40467	24957	1.7954516895248827	2.809684100855789	-24.144545348103286
rescaled_direct_X	8.0	79	ytar	cm	40467	24957	0.16318070618973732	0.3586080103873008	143.78556497322649
rescaled_direct_X	8.0	79	yptar	mrad	40467	24957	1.2007096603342164	1.392871570693945	-11.03623280903906
rescaled_direct_X	8.0	80	xptar	mrad	40467	24957	1.7922005525195557	2.7593170530433127	-25.504347793554537
rescaled_direct_X	8.0	80	ytar	cm	40467	24957	0.16327233248572026	0.3620094832887786	146.0979226702347
rescaled_direct_X	8.0	80	yptar	mrad	40467	24957	1.20077886121085	1.3948860097065798	-10.907569056320533
rescaled_direct_X	8.0	81	xptar	mrad	40467	24957	1.7920193047567143	2.7685872074430002	-25.25407347393711
rescaled_direct_X	8.0	81	ytar	cm	40467	24957	0.1632632872089151	0.3618968955779742	146.02138433898597
rescaled_direct_X	8.0	81	yptar	mrad	40467	24957	1.200907438968865	1.3966730774779423	-10.79342767781084
rescaled_direct_X	8.0	82	xptar	mrad	40467	24957	1.7920285605593587	2.767519855472578	-25.282889691733722
rescaled_direct_X	8.0	82	ytar	cm	40467	24957	0.16317155483666013	0.3623870482634145	146.35459538247088
rescaled_direct_X	8.0	82	yptar	mrad	40467	24957	1.2005806356822333	1.3980024086755318	-10.708522282604072
rescaled_direct_X	8.0	83	xptar	mrad	40467	24957	1.7915786371835334	2.7240529828443276	-26.456402181806105
rescaled_direct_X	8.0	83	ytar	cm	40467	24957	0.16320480318708452	0.3549299661050461	141.28519109039658
rescaled_direct_X	8.0	83	yptar	mrad	40467	24957	1.2001404008990306	1.37683357861653	-12.060591567883405
rescaled_direct_X	8.0	84	xptar	mrad	40467	24957	1.7913654437537965	2.6093233255204082	-29.55385727140548
rescaled_direct_X	8.0	84	ytar	cm	40467	24957	0.16315315915825718	0.35994078222938314	144.6915975410756
rescaled_direct_X	8.0	84	yptar	mrad	40467	24957	1.2002122135388609	1.3802488432921598	-11.84245601404561
rescaled_direct_X	8.0	85	xptar	mrad	40467	24957	1.7882615998675575	2.583442122945131	-30.25259432433165
rescaled_direct_X	8.0	85	ytar	cm	40467	24957	0.16316174488049923	0.36021888705154825	144.88065617677108
rescaled_direct_X	8.0	85	yptar	mrad	40467	24957	1.200213587170949	1.3802905739069313	-11.839790647923287
rescaled_direct_X	8.0	86	xptar	mrad	40467	24957	1.7880601650945582	2.578444298944517	-30.387524871050864
rescaled_direct_X	8.0	86	ytar	cm	40467	24957	0.1631291451590477	0.3591054167217018	144.12370712493762
rescaled_direct_X	8.0	86	yptar	mrad	40467	24957	1.1999821634054417	1.3771825117048897	-12.038304945992916
rescaled_direct_X	8.0	87	xptar	mrad	40467	24957	1.7880123659588272	2.566176376227205	-30.718732516448643
rescaled_direct_X	8.0	87	ytar	cm	40467	24957	0.16319237419226276	0.36053002657424366	145.09217215558002
rescaled_direct_X	8.0	87	yptar	mrad	40467	24957	1.2001498515722044	1.3815886823271482	-11.756879475267745
rescaled_direct_X	8.0	88	xptar	mrad	40467	24957	1.7886575889664715	2.564293449399748	-30.769567509083405
rescaled_direct_X	8.0	88	ytar	cm	40467	24957	0.16299425591326774	0.3608122467891557	145.28402847932716
rescaled_direct_X	8.0	88	yptar	mrad	40467	24957	1.1998059720808885	1.3819605996165687	-11.733124834964615
rescaled_direct_X	8.0	89	xptar	mrad	40467	24957	1.7886848488363887	2.5568820857311856	-30.969658458987027
rescaled_direct_X	8.0	89	ytar	cm	40467	24957	0.16285805022246702	0.3573275414319344	142.91508846775875
rescaled_direct_X	8.0	89	yptar	mrad	40467	24957	1.1993461824478424	1.3674042280248955	-12.66285136587626
rescaled_direct_X	8.0	90	xptar	mrad	40467	24957	1.7882672722101554	2.5400076170986403	-31.425232980599983
rescaled_direct_X	8.0	90	ytar	cm	40467	24957	0.16282164148948894	0.35796009756338704	143.34510689851524
rescaled_direct_X	8.0	90	yptar	mrad	40467	24957	1.1990873216906255	1.3697482436444368	-12.51313730446788
rescaled_direct_X	8.0	91	xptar	mrad	40467	24957	1.7881020544592137	2.5402701981814957	-31.418143853599222
rescaled_direct_X	8.0	91	ytar	cm	40467	24957	0.16265806936756902	0.3578359183843258	143.26068856303903
rescaled_direct_X	8.0	91	yptar	mrad	40467	24957	1.196988644248247	1.3679989932337304	-12.624863259373576
rescaled_direct_X	8.0	92	xptar	mrad	40467	24957	1.7873906122712424	2.539893725789612	-31.428307802080656
rescaled_direct_X	8.0	92	ytar	cm	40467	24957	0.16256094658524955	0.35780634295031144	143.24058286634042
rescaled_direct_X	8.0	92	yptar	mrad	40467	24957	1.1967231629756143	1.3679253704611563	-12.629565601884584
rescaled_direct_X	8.0	93	xptar	mrad	40467	24957	1.7823825704506255	2.626691294287719	-29.084959302832058
rescaled_direct_X	8.0	93	ytar	cm	40467	24957	0.16186594997316076	0.36912541737387256	150.9354108495236
rescaled_direct_X	8.0	93	yptar	mrad	40467	24957	1.1962787700888058	1.381177171429262	-11.783162989474194
rescaled_direct_X	8.0	94	xptar	mrad	40467	24957	1.7628308362406513	2.7859609942059715	-24.785018431938298
rescaled_direct_X	8.0	94	ytar	cm	40467	24957	0.16156637501743787	0.37550300771353734	155.27096504543744
rescaled_direct_X	8.0	94	yptar	mrad	40467	24957	1.195948120923257	1.3867132513710758	-11.429569350651702
rescaled_direct_X	8.0	95	xptar	mrad	40467	24957	1.7592910741104801	2.836739120724575	-23.414117741619776
rescaled_direct_X	8.0	95	ytar	cm	40467	24957	0.16160747830583097	0.37610683982265125	155.6814565782683
rescaled_direct_X	8.0	95	yptar	mrad	40467	24957	1.1958729918477657	1.3860014355080412	-11.475033571513283
rescaled_direct_X	8.0	96	xptar	mrad	40467	24957	1.7589786307481887	2.836694871365242	-23.415312379575425
rescaled_direct_X	8.0	96	ytar	cm	40467	24957	0.16145458063662554	0.3759705512115024	155.5888061212067
rescaled_direct_X	8.0	96	yptar	mrad	40467	24957	1.1954705242270902	1.3854791075442878	-11.508395056048093
rescaled_direct_X	8.0	97	xptar	mrad	40467	24957	1.7579337694438177	2.6750600719528856	-27.779105872679477
rescaled_direct_X	8.0	97	ytar	cm	40467	24957	0.16145372038226372	0.3760941780856434	155.67284899388483
rescaled_direct_X	8.0	97	yptar	mrad	40467	24957	1.1952869690169463	1.3690850112746826	-12.555498460641756
rescaled_direct_X	8.0	98	xptar	mrad	40467	24957	1.7558899059234674	2.52847712512581	-31.73653157487707
rescaled_direct_X	8.0	98	ytar	cm	40467	24957	0.1614328008399337	0.35276493111074003	139.8133771208657
rescaled_direct_X	8.0	98	yptar	mrad	40467	24957	1.19552514730451	1.3428014434430708	-14.234249939756506
rescaled_direct_X	8.0	99	xptar	mrad	40467	24957	1.7558798373013074	2.5497597311228803	-31.1619467830874
rescaled_direct_X	8.0	99	ytar	cm	40467	24957	0.16149781502350788	0.36292219902488143	146.71839659982004
rescaled_direct_X	8.0	99	yptar	mrad	40467	24957	1.1957236115232504	1.3659095457608768	-12.75831785952748
rescaled_direct_X	8.0	100	xptar	mrad	40467	24957	1.7572273900550912	2.544746873603876	-31.297283202613514
rescaled_direct_X	8.0	100	ytar	cm	40467	24957	0.16148506146650998	0.36269181423101243	146.56177855028477
rescaled_direct_X	8.0	100	yptar	mrad	40467	24957	1.195717038954744	1.365348434750173	-12.794156446784788
rescaled_direct_X	8.0	101	xptar	mrad	40467	24957	1.7573279981381036	2.6111186388198697	-29.50538765642927
rescaled_direct_X	8.0	101	ytar	cm	40467	24957	0.16157218645607715	0.34041446252511287	131.4173963434719
rescaled_direct_X	8.0	101	yptar	mrad	40467	24957	1.195978303003529	1.2795035224820583	-18.277136321048516
rescaled_direct_X	8.0	102	xptar	mrad	40467	24957	1.752938500349857	2.9030247746535585	-21.624547015804076
rescaled_direct_X	8.0	102	ytar	cm	40467	24957	0.1613048626917104	0.32364130866419427	120.01482676352673
rescaled_direct_X	8.0	102	yptar	mrad	40467	24957	1.1950131397997545	1.233633538381628	-21.206887112451835
rescaled_direct_X	8.0	103	xptar	mrad	40467	24957	1.7530899501945332	2.9078915019576153	-21.493155799188802
rescaled_direct_X	8.0	103	ytar	cm	40467	24957	0.16112987097635204	0.32253190079344324	119.26063941488194
rescaled_direct_X	8.0	103	yptar	mrad	40467	24957	1.194458597106453	1.2303271933022106	-21.418065888792082
rescaled_direct_X	8.0	104	xptar	mrad	40467	24957	1.75295516765669	2.9006022626028414	-21.68994965411165
rescaled_direct_X	8.0	104	ytar	cm	40467	24957	0.15899700098918923	0.33880737594496874	130.32488167968012
rescaled_direct_X	8.0	104	yptar	mrad	40467	24957	1.1907127290618569	1.2555609361519091	-19.806367530185533
rescaled_direct_X	8.0	105	xptar	mrad	40467	24957	1.7528775518512283	2.900978793406896	-21.679784128626668
rescaled_direct_X	8.0	105	ytar	cm	40467	24957	0.15894201671883249	0.33817483630938416	129.89487446299134
rescaled_direct_X	8.0	105	yptar	mrad	40467	24957	1.1905723148907918	1.2548790974246335	-19.849917088573687
rescaled_direct_X	8.0	106	xptar	mrad	40467	24957	1.7527742950716694	2.8971242957905807	-21.78384731105034
rescaled_direct_X	8.0	106	ytar	cm	40467	24957	0.15741661755138497	0.34279883068289235	133.0383153458686
rescaled_direct_X	8.0	106	yptar	mrad	40467	24957	1.1839677783258769	1.2637637769955365	-19.282445843167828
rescaled_direct_X	8.0	107	xptar	mrad	40467	24957	1.7524645117540059	2.557431995647714	-30.95481206870311
rescaled_direct_X	8.0	107	ytar	cm	40467	24957	0.15760937038729442	0.3122616058518866	112.27878295254312
rescaled_direct_X	8.0	107	yptar	mrad	40467	24957	1.1833899435663024	1.2923223923284624	-17.458385348840398
rescaled_direct_X	8.0	108	xptar	mrad	40467	24957	1.752510088913378	2.569235129429998	-30.636152729349032
rescaled_direct_X	8.0	108	ytar	cm	40467	24957	0.15685625398643005	0.3598058009225321	144.59983580347253
rescaled_direct_X	8.0	108	yptar	mrad	40467	24957	1.1825054836007507	1.3676095760173037	-12.649735633331982
rescaled_direct_X	8.0	109	xptar	mrad	40467	24957	1.7511209815106088	2.5584706391450984	-30.926770918208156
rescaled_direct_X	8.0	109	ytar	cm	40467	24957	0.15664473453262986	0.3584572661962589	143.6830874581819
rescaled_direct_X	8.0	109	yptar	mrad	40467	24957	1.1821934732167771	1.3679815619310487	-12.625976609941025
rescaled_direct_X	8.0	110	xptar	mrad	40467	24957	1.7484340882193943	2.566860467800382	-30.700263508743795
rescaled_direct_X	8.0	110	ytar	cm	40467	24957	0.1566423272476089	0.35844235771818533	143.6729525151667
rescaled_direct_X	8.0	110	yptar	mrad	40467	24957	1.1821667880863027	1.367844956349959	-12.634701712361618
rescaled_direct_X	8.0	111	xptar	mrad	40467	24957	1.7458163327335674	3.4450550035295717	-6.990891426573132
rescaled_direct_X	8.0	111	ytar	cm	40467	24957	0.15544671676514676	0.23179501985361217	57.57673625852222
rescaled_direct_X	8.0	111	yptar	mrad	40467	24957	1.1811695331759695	1.2396288231795123	-20.82396371001871
rescaled_direct_X	8.0	112	xptar	mrad	40467	24957	1.7450763575484163	3.804491682792612	2.7131292908311178
rescaled_direct_X	8.0	112	ytar	cm	40467	24957	0.15550584824366906	0.2811123559193309	91.10318934240873
rescaled_direct_X	8.0	112	yptar	mrad	40467	24957	1.1811752871240109	1.2404760249253841	-20.769852289792112
rescaled_direct_X	8.0	113	xptar	mrad	40467	24957	1.7439939404940874	3.7674573704348706	1.7132821547202637
rescaled_direct_X	8.0	113	ytar	cm	40467	24957	0.1554933407376973	0.2817015647661394	91.50373982495732
rescaled_direct_X	8.0	113	yptar	mrad	40467	24957	1.1811320407866905	1.2433855727573286	-20.584017255609368
rescaled_direct_X	8.0	114	xptar	mrad	40467	24957	1.744064458121286	3.483224955956935	-5.960384440205157
rescaled_direct_X	8.0	114	ytar	cm	40467	24957	0.15527915360834407	0.20136981957534628	36.89335935556366
rescaled_direct_X	8.0	114	yptar	mrad	40467	24957	1.1807355778534931	1.1466341974127847	-26.7636012263476
rescaled_direct_X	8.0	115	xptar	mrad	40467	24957	1.7441308390198251	3.518775503005469	-5.000595790417506
rescaled_direct_X	8.0	115	ytar	cm	40467	24957	0.15528529424881857	0.20057463762881375	36.35278615452844
rescaled_direct_X	8.0	115	yptar	mrad	40467	24957	1.1805017395818147	1.1455619771581258	-26.832084749968786
rescaled_direct_X	8.0	116	xptar	mrad	40467	24957	1.7441569038925135	3.507871023902388	-5.2949933776246905
rescaled_direct_X	8.0	116	ytar	cm	40467	24957	0.15421292359509223	0.24036191161351345	63.400601000128034
rescaled_direct_X	8.0	116	yptar	mrad	40467	24957	1.176211510058358	1.161042878645323	-25.843307791065783
rescaled_direct_X	8.0	117	xptar	mrad	40467	24957	1.7442213728581666	3.63489264381178	-1.8656816176611413
rescaled_direct_X	8.0	117	ytar	cm	40467	24957	0.15414074206283546	0.15038942836857735	2.2363435809422905
rescaled_direct_X	8.0	117	yptar	mrad	40467	24957	1.1757039440933745	1.2022015119914102	-23.21447455766498
rescaled_direct_X	8.0	118	xptar	mrad	40467	24957	1.7442015444822823	3.653725417824063	-1.35723704390176
rescaled_direct_X	8.0	118	ytar	cm	40467	24957	0.15393669130600965	0.1517550869736077	3.1647329223524423
rescaled_direct_X	8.0	118	yptar	mrad	40467	24957	1.174319139708889	1.1903815981955983	-23.969421446719473
rescaled_direct_X	8.0	119	xptar	mrad	40467	24957	1.7442580012822952	3.614734133975689	-2.4099182200093106
rescaled_direct_X	8.0	119	ytar	cm	40467	24957	0.1539078526929414	0.150350072136746	2.209588793167594
rescaled_direct_X	8.0	119	yptar	mrad	40467	24957	1.1744236186169805	1.1735841601210795	-25.042286599334773
rescaled_direct_X	8.0	120	xptar	mrad	40467	24957	1.7442664245165367	3.801387332681805	2.629318484846843
rescaled_direct_X	8.0	120	ytar	cm	40467	24957	0.15387394293845344	0.14809945964336127	0.6795983235095449
rescaled_direct_X	8.0	120	yptar	mrad	40467	24957	1.1736073604555122	1.2802327689236936	-18.230558795867104
rescaled_direct_X	8.0	121	xptar	mrad	40467	24957	1.744003255665965	3.8810445445406554	4.779892643705175
rescaled_direct_X	8.0	121	ytar	cm	40467	24957	0.15386243704953553	0.14761519841248158	0.3503923539130094
rescaled_direct_X	8.0	121	yptar	mrad	40467	24957	1.173351467723792	1.294533217106058	-17.3171782878649
rescaled_direct_X	8.0	122	xptar	mrad	40467	24957	1.7440267082593188	3.684155158445992	-0.5356992030061791
rescaled_direct_X	8.0	122	ytar	cm	40467	24957	0.15386110146238782	0.15374642066013056	4.518462883082797
rescaled_direct_X	8.0	122	yptar	mrad	40467	24957	1.1731079853889201	1.3727669078030793	-12.320332927461774
rescaled_direct_X	8.0	123	xptar	mrad	40467	24957	1.7440105551138756	3.6966585886915255	-0.198133358613084
rescaled_direct_X	8.0	123	ytar	cm	40467	24957	0.15378325763870182	0.14983801502122174	1.8614868835872045
rescaled_direct_X	8.0	123	yptar	mrad	40467	24957	1.1735688526338215	1.4180802763978442	-9.426133591987895
rescaled_direct_X	8.0	124	xptar	mrad	40467	24957	1.7438020246374375	3.6925248803964443	-0.3097346315199534
rescaled_direct_X	8.0	124	ytar	cm	40467	24957	0.15379487623081026	0.1499574999512107	1.942714018284164
rescaled_direct_X	8.0	124	yptar	mrad	40467	24957	1.17326883561701	1.4120348658405857	-9.812258564817789
rescaled_direct_X	8.0	125	xptar	mrad	40467	24957	1.7437392946347055	3.712666622594109	0.23404928049342022
rescaled_direct_X	8.0	125	ytar	cm	40467	24957	0.15377073811956155	0.1489269214939805	1.2421157489545198
rescaled_direct_X	8.0	125	yptar	mrad	40467	24957	1.172769449431944	1.4977795098676083	-4.335682899416405
rescaled_direct_X	8.0	126	xptar	mrad	40467	24957	1.7437139188943422	3.7039974432287375	0.0
rescaled_direct_X	8.0	126	ytar	cm	40467	24957	0.15377860451260467	0.1470997720585649	0.0
rescaled_direct_X	8.0	126	yptar	mrad	40467	24957	1.1720827106591405	1.5656616335773448	0.0
rescaled_direct_X	8.0	127	xptar	mrad	40467	24957	1.7433816078418352	3.6856032997895936	-0.49660248747660507
rescaled_direct_X	8.0	127	ytar	cm	40467	24957	0.15378257061373204	0.1465996016144856	-0.34002122306495686
rescaled_direct_X	8.0	127	yptar	mrad	40467	24957	1.172180525885501	1.575077917933275	0.6014252475750492
rescaled_direct_X	8.0	128	xptar	mrad	40467	24957	1.739730608105325	3.668970582338619	-0.9456502448226822
rescaled_direct_X	8.0	128	ytar	cm	40467	24957	0.15378233200760516	0.1463444981827081	-0.5134432673057465
rescaled_direct_X	8.0	128	yptar	mrad	40467	24957	1.172190916242293	1.5794096038456962	0.8780933232003019
rescaled_direct_X	8.0	129	xptar	mrad	40467	24957	1.7146513309847558	3.593605868138023	-2.9803361579668675
rescaled_direct_X	8.0	129	ytar	cm	40467	24957	0.1537793154485186	0.14628017999603213	-0.5571674592442344
rescaled_direct_X	8.0	129	yptar	mrad	40467	24957	1.1721955097465442	1.5796990948599083	0.8965833345797591
rescaled_direct_X	8.0	130	xptar	mrad	40467	24957	1.7138497916865865	3.599611314838827	-2.818201955855515
rescaled_direct_X	8.0	130	ytar	cm	40467	24957	0.15378335722229278	0.14632720419616183	-0.5251999045216005
rescaled_direct_X	8.0	130	yptar	mrad	40467	24957	1.172192543752729	1.5791355749996043	0.860590892265356
rescaled_direct_X	8.0	131	xptar	mrad	40467	24957	1.7067980362203	3.508919944487447	-5.266674767767743
rescaled_direct_X	8.0	131	ytar	cm	40467	24957	0.15371230546734568	0.14601295827181537	-0.7388276484322609
rescaled_direct_X	8.0	131	yptar	mrad	40467	24957	1.1721583939598017	1.580455270775492	0.9448808657554819
rescaled_direct_X	8.0	132	xptar	mrad	40467	24957	1.7117064101162653	3.4645619212364833	-6.464246416529395
rescaled_direct_X	8.0	132	ytar	cm	40467	24957	0.15372637667840633	0.14607535273812808	-0.6964112221934382
rescaled_direct_X	8.0	132	yptar	mrad	40467	24957	1.1721411244124649	1.5808389316015403	0.9693855746798485
rescaled_direct_X	8.0	133	xptar	mrad	40467	24957	1.7112776092947928	3.4624210488422418	-6.522045387156528
rescaled_direct_X	8.0	133	ytar	cm	40467	24957	0.15372446697900982	0.14610278585673409	-0.6777618944466268
rescaled_direct_X	8.0	133	yptar	mrad	40467	24957	1.1721386941597607	1.580848603672568	0.970003337216796
rescaled_direct_X	8.0	134	xptar	mrad	40467	24957	1.7109935260551317	3.4793136841852763	-6.065980403258775
rescaled_direct_X	8.0	134	ytar	cm	40467	24957	0.15372519138961344	0.1461282335082753	-0.6604623084682903
rescaled_direct_X	8.0	134	yptar	mrad	40467	24957	1.1721083093592775	1.583113349625544	1.1146543846976886
rescaled_direct_X	8.0	135	xptar	mrad	40467	24957	1.7112706132281161	3.485743786329893	-5.892381413433023
rescaled_direct_X	8.0	135	ytar	cm	40467	24957	0.15372592770704346	0.14613058947582075	-0.658860696506236
rescaled_direct_X	8.0	135	yptar	mrad	40467	24957	1.1721081881512017	1.5831175942321785	1.1149254909535555
rescaled_direct_X	8.0	136	xptar	mrad	40467	24957	1.7109110611963316	3.524357082619561	-4.849905092066842
rescaled_direct_X	8.0	136	ytar	cm	40467	24957	0.1536848331794921	0.14569169250996666	-0.9572275530363328
rescaled_direct_X	8.0	136	yptar	mrad	40467	24957	1.172107380569407	1.5827744068478655	1.0930058515530083
rescaled_direct_X	8.0	137	xptar	mrad	40467	24957	1.7056324617365997	3.0762682274222817	-16.94734473842592
rescaled_direct_X	8.0	137	ytar	cm	40467	24957	0.1536849752145501	0.145735126878934	-0.9277004039731529
rescaled_direct_X	8.0	137	yptar	mrad	40467	24957	1.1720742058917937	1.5920734263039684	1.6869413007378764
rescaled_direct_X	8.0	138	xptar	mrad	40467	24957	1.705498992843716	3.0756918921405987	-16.962904556987247
rescaled_direct_X	8.0	138	ytar	cm	40467	24957	0.1536083832463762	0.14566165449393575	-0.9776477179424758
rescaled_direct_X	8.0	138	yptar	mrad	40467	24957	1.1718049853949526	1.5918070051940094	1.6699247816992058
rescaled_direct_X	8.0	139	xptar	mrad	40467	24957	1.705509012512176	3.082507940725701	-16.778885839653558
rescaled_direct_X	8.0	139	ytar	cm	40467	24957	0.15361503705447396	0.14568421434614162	-0.9623112888711316
rescaled_direct_X	8.0	139	yptar	mrad	40467	24957	1.1716324879059374	1.5927852570025278	1.7324064691557117
rescaled_direct_X	8.0	140	xptar	mrad	40467	24957	1.705388199768805	3.0792398314443705	-16.867117792602247
rescaled_direct_X	8.0	140	ytar	cm	40467	24957	0.15361479005354167	0.14568846988385	-0.9594183287741642
rescaled_direct_X	8.0	140	yptar	mrad	40467	24957	1.1716276534641532	1.5926674895261639	1.7248845708196958
rescaled_direct_X	8.0	141	xptar	mrad	40467	24957	1.7055933393111231	3.087744908318114	-16.637498928007965
rescaled_direct_X	8.0	141	ytar	cm	40467	24957	0.1535690067171507	0.14583168086029194	-0.8620619736705581
rescaled_direct_X	8.0	141	yptar	mrad	40467	24957	1.1713789506349068	1.5877110867619475	1.4083153544627969
rescaled_direct_X	8.0	142	xptar	mrad	40467	24957	1.7062438001362186	3.0171864942756823	-18.542425028089895
rescaled_direct_X	8.0	142	ytar	cm	40467	24957	0.15356859740635542	0.14577915966529745	-0.8977664443570066
rescaled_direct_X	8.0	142	yptar	mrad	40467	24957	1.1713421788070941	1.5959057135605323	1.9317124041727585
rescaled_direct_X	8.0	143	xptar	mrad	40467	24957	1.7061300202511018	3.021177856002738	-18.434666807728483
rescaled_direct_X	8.0	143	ytar	cm	40467	24957	0.15354682659676627	0.14582645198621397	-0.8656166182527958
rescaled_direct_X	8.0	143	yptar	mrad	40467	24957	1.1711659095962672	1.5861267862522899	1.3071248752634101
rescaled_direct_X	8.0	144	xptar	mrad	40467	24957	1.7062939649369653	3.003857998405324	-18.902265877729896
rescaled_direct_X	8.0	144	ytar	cm	40467	24957	0.15355129177853638	0.1457882744645276	-0.8915701062508385
rescaled_direct_X	8.0	144	yptar	mrad	40467	24957	1.1709499626717181	1.5737336247988516	0.5155642220767254
rescaled_direct_X	8.0	145	xptar	mrad	40467	24957	1.7062757994382352	3.0040669751110816	-18.896623954133553
rescaled_direct_X	8.0	145	ytar	cm	40467	24957	0.1534972455932665	0.14581489685587806	-0.8734719195725771
rescaled_direct_X	8.0	145	yptar	mrad	40467	24957	1.1707609372407923	1.5727615112733602	0.4534745914283489
rescaled_direct_X	8.0	146	xptar	mrad	40467	24957	1.706044147612387	2.92841332944336	-20.939110398232575
rescaled_direct_X	8.0	146	ytar	cm	40467	24957	0.15346221023932557	0.14924444971982662	1.4579748365672884
rescaled_direct_X	8.0	146	yptar	mrad	40467	24957	1.1706375541817946	1.5047573937171106	-3.8900001478017643
rescaled_direct_X	8.0	147	xptar	mrad	40467	24957	1.7061785206599802	2.9321735506617004	-20.837592476690425
rescaled_direct_X	8.0	147	ytar	cm	40467	24957	0.1534887095760951	0.14903009882502766	1.3122568032901016
rescaled_direct_X	8.0	147	yptar	mrad	40467	24957	1.1705989409901205	1.503225330816613	-3.987854171151428
rescaled_direct_X	8.0	148	xptar	mrad	40467	24957	1.706184906082316	2.9535228947185725	-20.261205900185065
rescaled_direct_X	8.0	148	ytar	cm	40467	24957	0.15349669201096983	0.1485376690932002	0.9774977992915268
rescaled_direct_X	8.0	148	yptar	mrad	40467	24957	1.170560400078195	1.49987587625969	-4.201786382626138
rescaled_direct_X	8.0	149	xptar	mrad	40467	24957	1.7059192422581764	2.933767043635592	-20.79457157836867
rescaled_direct_X	8.0	149	ytar	cm	40467	24957	0.1534977860802629	0.14899380778275198	1.2875857641934552
rescaled_direct_X	8.0	149	yptar	mrad	40467	24957	1.1705140797601663	1.4928331971103934	-4.651607659347656
rescaled_direct_X	8.0	150	xptar	mrad	40467	24957	1.7056621597512815	2.959210640452862	-20.107648943911048
rescaled_direct_X	8.0	150	ytar	cm	40467	24957	0.15343714030927952	0.14846645426569285	0.9290851970755298
rescaled_direct_X	8.0	150	yptar	mrad	40467	24957	1.1700233716796187	1.507800033075434	-3.6956644565469876
rescaled_direct_X	8.0	151	xptar	mrad	40467	24957	1.7061115232503097	2.9324665604461115	-20.829681839901326
rescaled_direct_X	8.0	151	ytar	cm	40467	24957	0.1534336139526616	0.14814554282408032	0.7109261631616182
rescaled_direct_X	8.0	151	yptar	mrad	40467	24957	1.1699364434229886	1.514947354039941	-3.239159627455901
rescaled_direct_X	8.0	152	xptar	mrad	40467	24957	1.7059336239964098	2.9583889791613966	-20.129832039446583
rescaled_direct_X	8.0	152	ytar	cm	40467	24957	0.15336638631696667	0.14707701018073818	-0.01547376825141722
rescaled_direct_X	8.0	152	yptar	mrad	40467	24957	1.16993590445646	1.514283109746802	-3.281585415946431
rescaled_direct_X	8.0	153	xptar	mrad	40467	24957	1.7057524358342722	2.9582864726335827	-20.13259949621148
rescaled_direct_X	8.0	153	ytar	cm	40467	24957	0.1533608021852507	0.14708511730866133	-0.009962455888590238
rescaled_direct_X	8.0	153	yptar	mrad	40467	24957	1.1694372721098283	1.5142427980441728	-3.284160155070426
rescaled_direct_X	8.0	154	xptar	mrad	40467	24957	1.7053475586949507	2.9354881359730736	-20.748105770444646
rescaled_direct_X	8.0	154	ytar	cm	40467	24957	0.15333597174326302	0.14590946843882457	-0.8091811449350339
rescaled_direct_X	8.0	154	yptar	mrad	40467	24957	1.1672304173267503	1.5537336296603073	-0.7618506873534048
rescaled_direct_X	8.0	155	xptar	mrad	40467	24957	1.7049654488419719	2.9759934468633937	-19.65454910602611
rescaled_direct_X	8.0	155	ytar	cm	40467	24957	0.15321333923542874	0.14661844510918143	-0.32721121361889427
rescaled_direct_X	8.0	155	yptar	mrad	40467	24957	1.1670111890808348	1.543601611546404	-1.4089903947212656
rescaled_direct_X	8.0	156	xptar	mrad	40467	24957	1.7044649783370294	2.9513799769502618	-20.319060091532528
rescaled_direct_X	8.0	156	ytar	cm	40467	24957	0.15321212547044102	0.1465954780432195	-0.34282447096152247
rescaled_direct_X	8.0	156	yptar	mrad	40467	24957	1.166984941361879	1.5519352089192666	-0.8767171886760128
rescaled_direct_X	8.0	157	xptar	mrad	40467	24957	1.6845140377174537	2.8268210682904424	-23.681883920893565
rescaled_direct_X	8.0	157	ytar	cm	40467	24957	0.15304525011152267	0.1461368610696674	-0.6545971998611511
rescaled_direct_X	8.0	157	yptar	mrad	40467	24957	1.1669373009851174	1.5531569436505028	-0.7986840616557966
rescaled_direct_X	8.0	158	xptar	mrad	40467	24957	1.6818472578790244	3.1633252325891235	-14.59699200462502
rescaled_direct_X	8.0	158	ytar	cm	40467	24957	0.15296796441904964	0.1452107067360106	-1.2842068319468214
rescaled_direct_X	8.0	158	yptar	mrad	40467	24957	1.1662373217433577	1.6034816745956206	2.415594800765586
rescaled_direct_X	8.0	159	xptar	mrad	40467	24957	1.681031929310765	3.1936839789492444	-13.777370856785954
rescaled_direct_X	8.0	159	ytar	cm	40467	24957	0.15291666414043742	0.1458998887342635	-0.8156935306627755
rescaled_direct_X	8.0	159	yptar	mrad	40467	24957	1.1662016504697739	1.6086312531988614	2.7445023049671446
rescaled_direct_X	8.0	160	xptar	mrad	40467	24957	1.6810651034713162	3.155530037621482	-14.807445577747536
rescaled_direct_X	8.0	160	ytar	cm	40467	24957	0.15291992485248593	0.14604934348863594	-0.714092588471682
rescaled_direct_X	8.0	160	yptar	mrad	40467	24957	1.1661921316651365	1.6098721254653128	2.8237577609251607
rescaled_direct_X	8.0	161	xptar	mrad	40467	24957	1.6806266701152113	3.118282350245725	-15.813053382468055
rescaled_direct_X	8.0	161	ytar	cm	40467	24957	0.15287933025431924	0.1457699146138306	-0.9040513293282593
rescaled_direct_X	8.0	161	yptar	mrad	40467	24957	1.1662594319397415	1.6054872750949907	2.5436940309158107
rescaled_direct_X	8.0	162	xptar	mrad	40467	24957	1.680174605850471	2.889367514150799	-21.99326380657093
rescaled_direct_X	8.0	162	ytar	cm	40467	24957	0.15287909549382195	0.14554171300273408	-1.0591852278401204
rescaled_direct_X	8.0	162	yptar	mrad	40467	24957	1.1662593579069147	1.605064842473202	2.516712937892307
rescaled_direct_X	8.0	163	xptar	mrad	40467	24957	1.6800654302658355	2.843160276642405	-23.240760280761673
rescaled_direct_X	8.0	163	ytar	cm	40467	24957	0.15285874730098065	0.14497708747567956	-1.4430237064135154
rescaled_direct_X	8.0	163	yptar	mrad	40467	24957	1.1657157497941404	1.7310336560011406	10.562436919779472
rescaled_direct_X	8.0	164	xptar	mrad	40467	24957	1.6801822876415142	2.797977697700072	-24.460593167658807
rescaled_direct_X	8.0	164	ytar	cm	40467	24957	0.15287776031227743	0.1451720945943181	-1.3104557792783855
rescaled_direct_X	8.0	164	yptar	mrad	40467	24957	1.1651323922824026	1.7571320370840586	12.229360380328625
rescaled_direct_X	8.0	165	xptar	mrad	40467	24957	1.6805431883319781	2.7981835737238745	-24.455034955836098
rescaled_direct_X	8.0	165	ytar	cm	40467	24957	0.1528705917878292	0.1451554887942138	-1.3217445799827643
rescaled_direct_X	8.0	165	yptar	mrad	40467	24957	1.1650847857691473	1.7571767323800338	12.232215102895537
rescaled_direct_X	8.0	166	xptar	mrad	40467	24957	1.680631434836912	2.889858279047458	-21.980014205182673
rescaled_direct_X	8.0	166	ytar	cm	40467	24957	0.15277435131393735	0.15143229511862388	2.9452955632957023
rescaled_direct_X	8.0	166	yptar	mrad	40467	24957	1.1650830311441676	1.7545249277149302	12.06284232092063
rescaled_direct_X	8.0	167	xptar	mrad	40467	24957	1.678721503613607	3.912968470796899	5.641770297389925
rescaled_direct_X	8.0	167	ytar	cm	40467	24957	0.152791150817839	0.14915534610553927	1.3974012455681972
rescaled_direct_X	8.0	167	yptar	mrad	40467	24957	1.1645507350635587	1.956363626863453	24.9544336341309
rescaled_direct_X	8.0	168	xptar	mrad	40467	24957	1.678182201009487	3.9742868776842037	7.29723598890657
rescaled_direct_X	8.0	168	ytar	cm	40467	24957	0.15280991208495134	0.15068985468782792	2.4405766093462677
rescaled_direct_X	8.0	168	yptar	mrad	40467	24957	1.164519313951138	1.9388912643354996	23.838460543059426
rescaled_direct_X	8.0	169	xptar	mrad	40467	24957	1.6772050134729481	3.911915636547296	5.613346026970212
rescaled_direct_X	8.0	169	ytar	cm	40467	24957	0.15281225024591488	0.1504341637643553	2.2667551819610443
rescaled_direct_X	8.0	169	yptar	mrad	40467	24957	1.1644727819446532	1.9340762619516287	23.53092267660042
rescaled_direct_X	8.0	170	xptar	mrad	40467	24957	1.676434704935554	4.694206650890651	26.73352837951093
rescaled_direct_X	8.0	170	ytar	cm	40467	24957	0.15301742251920417	0.16891780258684988	14.832130752451867
rescaled_direct_X	8.0	170	yptar	mrad	40467	24957	1.1648873143624159	1.6242730922586068	3.743558469101793
rescaled_direct_X	8.0	171	xptar	mrad	40467	24957	1.676255329692349	4.505273953747154	21.632750097687747
rescaled_direct_X	8.0	171	ytar	cm	40467	24957	0.1529755288782268	0.1750473088744266	18.999034753592237
rescaled_direct_X	8.0	171	yptar	mrad	40467	24957	1.1648663011174383	1.615982779352878	3.2140498749117175
rescaled_direct_X	8.0	172	xptar	mrad	40467	24957	1.6766822167263489	4.489043260135248	21.19455612318657
rescaled_direct_X	8.0	172	ytar	cm	40467	24957	0.1529783450411641	0.1751965154711322	19.100466995544462
rescaled_direct_X	8.0	172	yptar	mrad	40467	24957	1.164791673879267	1.613529490180033	3.0573564284970045
rescaled_direct_X	8.0	173	xptar	mrad	40467	24957	1.6768163830418483	4.5534006156917	22.932066921799677
rescaled_direct_X	8.0	173	ytar	cm	40467	24957	0.15278663822686633	0.19654993216943126	33.61674829188637
rescaled_direct_X	8.0	173	yptar	mrad	40467	24957	1.164999910406899	1.5892927791415647	1.509339250411701
rescaled_direct_X	8.0	174	xptar	mrad	40467	24957	1.6768271427634327	4.561166110717001	23.141718660072243
rescaled_direct_X	8.0	174	ytar	cm	40467	24957	0.1527856074241425	0.19558840394859342	32.96309111255709
rescaled_direct_X	8.0	174	yptar	mrad	40467	24957	1.1649752553490471	1.5828088519055465	1.0952058835996592
rescaled_direct_X	8.0	175	xptar	mrad	40467	24957	1.6768234706053429	4.5454515440991585	22.71745900928415
rescaled_direct_X	8.0	175	ytar	cm	40467	24957	0.15268575870906295	0.20163086907121144	37.07082359783405
rescaled_direct_X	8.0	175	yptar	mrad	40467	24957	1.1648479032370331	1.576933483660824	0.7199416426731053
rescaled_direct_X	8.0	176	xptar	mrad	40467	24957	1.6764083102429537	4.232868786686097	14.27839385861851
rescaled_direct_X	8.0	176	ytar	cm	40467	24957	0.15238044210292645	0.22537573407409328	53.21283705617459
rescaled_direct_X	8.0	176	yptar	mrad	40467	24957	1.1644133768924023	1.5038002648378872	-3.95113269768973
rescaled_direct_X	8.0	177	xptar	mrad	40467	24957	1.6765601545902291	4.473702771394637	20.780395774111437
rescaled_direct_X	8.0	177	ytar	cm	40467	24957	0.1523087803708043	0.2689614345812206	82.84286292037142
rescaled_direct_X	8.0	177	yptar	mrad	40467	24957	1.1643449763602076	1.4696787439456103	-6.1305002034459655
rescaled_direct_X	8.0	178	xptar	mrad	40467	24957	1.6758895585469669	4.828058212154103	30.347233931822927
rescaled_direct_X	8.0	178	ytar	cm	40467	24957	0.15216155709794915	0.29723211413542183	102.06157356728242
rescaled_direct_X	8.0	178	yptar	mrad	40467	24957	1.1643431330917007	1.4690640429240636	-6.169761625477632
rescaled_direct_X	8.0	179	xptar	mrad	40467	24957	1.6757425622258704	4.810152490712987	29.863817792488145
rescaled_direct_X	8.0	179	ytar	cm	40467	24957	0.152174615846569	0.29685782133549976	101.80712531445097
rescaled_direct_X	8.0	179	yptar	mrad	40467	24957	1.16440008577963	1.4709762089328497	-6.047630127344339
rescaled_direct_X	8.0	180	xptar	mrad	40467	24957	1.6761901551145217	4.817876448553859	30.072348115720192
rescaled_direct_X	8.0	180	ytar	cm	40467	24957	0.15217870900796437	0.29667292557955655	101.68143119993553
rescaled_direct_X	8.0	180	yptar	mrad	40467	24957	1.1644009737385066	1.4710214837511941	-6.044738390242699
rescaled_direct_X	8.0	181	xptar	mrad	40467	24957	1.6761858066258715	4.801747172010261	29.63689218490999
rescaled_direct_X	8.0	181	ytar	cm	40467	24957	0.15226124319306877	0.23084161687829868	56.928602708095035
rescaled_direct_X	8.0	181	yptar	mrad	40467	24957	1.1641886574073477	2.844572259240281	81.6849949079216
rescaled_direct_X	8.0	182	xptar	mrad	40467	24957	1.6746679336736439	6.703373180568037	80.97672267086593
rescaled_direct_X	8.0	182	ytar	cm	40467	24957	0.1521219977243217	0.16547904289905918	12.494425098889295
rescaled_direct_X	8.0	182	yptar	mrad	40467	24957	1.1633900676937414	3.581409837599209	128.74737176870883
rescaled_direct_X	8.0	183	xptar	mrad	40467	24957	1.6737491409546978	6.495137650883682	75.3548092414971
rescaled_direct_X	8.0	183	ytar	cm	40467	24957	0.15199685943204286	0.1781512597813743	21.109133813237225
rescaled_direct_X	8.0	183	yptar	mrad	40467	24957	1.1622440169589074	3.3807293443121655	115.92975594526216
rescaled_direct_X	8.0	184	xptar	mrad	40467	24957	1.673664145628821	6.475377791512538	74.82133534811557
rescaled_direct_X	8.0	184	ytar	cm	40467	24957	0.15199525485992918	0.17759303534448265	20.729646864291173
rescaled_direct_X	8.0	184	yptar	mrad	40467	24957	1.1622433771884981	3.3805190998872776	115.91632747384928
rescaled_direct_X	8.0	185	xptar	mrad	40467	24957	1.6734803621421388	5.635174502461945	52.13764557973939
rescaled_direct_X	8.0	185	ytar	cm	40467	24957	0.1520029500018643	0.17319589330828097	17.74042262915705
rescaled_direct_X	8.0	185	yptar	mrad	40467	24957	1.1622958633054534	3.781852198262637	141.54977788026707
rescaled_direct_X	8.0	186	xptar	mrad	40467	24957	1.6735195979087607	5.209744836330039	40.65195552048644
rescaled_direct_X	8.0	186	ytar	cm	40467	24957	0.15200007223193615	0.17513808240354334	19.06074357057164
rescaled_direct_X	8.0	186	yptar	mrad	40467	24957	1.1620970781806348	3.4696697466282482	121.61044712454752
rescaled_direct_X	8.0	187	xptar	mrad	40467	24957	1.6735366023560738	5.2229225284536795	41.007724991864734
rescaled_direct_X	8.0	187	ytar	cm	40467	24957	0.15194809997890793	0.17112061305763712	16.32962489534573
rescaled_direct_X	8.0	187	yptar	mrad	40467	24957	1.1614878349187183	3.5200669593232843	124.82935545149454
rescaled_direct_X	8.0	188	xptar	mrad	40467	24957	1.673526312593327	5.294187223264888	42.9317191604214
rescaled_direct_X	8.0	188	ytar	cm	40467	24957	0.15195129107069646	0.14729777865680094	0.13460700548006965
rescaled_direct_X	8.0	188	yptar	mrad	40467	24957	1.1614269724839135	3.795786256795161	142.4397568025126
rescaled_direct_X	8.0	189	xptar	mrad	40467	24957	1.6732760302095977	5.363312104513424	44.79794294453612
rescaled_direct_X	8.0	189	ytar	cm	40467	24957	0.1519387214223781	0.15136455502951673	2.8992451254471696
rescaled_direct_X	8.0	189	yptar	mrad	40467	24957	1.161398668141876	3.8138831767047923	143.595620848838
rescaled_direct_X	8.0	190	xptar	mrad	40467	24957	1.6732235670170095	5.331686969011723	43.94413200145584
rescaled_direct_X	8.0	190	ytar	cm	40467	24957	0.1519380477764226	0.151295982954112	2.852629094405712
rescaled_direct_X	8.0	190	yptar	mrad	40467	24957	1.161143090546292	3.921831204785515	150.4903435504523
rescaled_direct_X	8.0	191	xptar	mrad	40467	24957	1.673782721760922	3.0775795370725185	-16.911942185634356
rescaled_direct_X	8.0	191	ytar	cm	40467	24957	0.14893487699267838	1.1230028505824319	663.429361491689
rescaled_direct_X	8.0	191	yptar	mrad	40467	24957	1.156021863317594	6.9880547496490015	346.3323747470361
rescaled_direct_X	8.0	192	xptar	mrad	40467	24957	1.6739270600580631	3.2974799503527237	-10.975101875925075
rescaled_direct_X	8.0	192	ytar	cm	40467	24957	0.14874954727995376	1.0608048353819126	621.1464848222702
rescaled_direct_X	8.0	192	yptar	mrad	40467	24957	1.1560693126192785	7.04181837585838	349.766298466974
rescaled_direct_X	8.0	193	xptar	mrad	40467	24957	1.6738875707274492	3.3318349425983484	-10.047590645904403
rescaled_direct_X	8.0	193	ytar	cm	40467	24957	0.14862824518207807	1.079612174612108	633.9319153956822
rescaled_direct_X	8.0	193	yptar	mrad	40467	24957	1.1561395335528033	6.972051188054055	345.3102150893085
rescaled_direct_X	8.0	194	xptar	mrad	40467	24957	1.6739494959640762	3.313808444430816	-10.534267498246376
rescaled_direct_X	8.0	194	ytar	cm	40467	24957	0.1486266344815278	1.0806799356497812	634.6577907813002
rescaled_direct_X	8.0	194	yptar	mrad	40467	24957	1.156089548056206	6.999987075765629	347.09450149656647
rescaled_direct_X	8.0	195	xptar	mrad	40467	24957	1.6737393354480712	7.232357797161395	95.25817466161696
rescaled_direct_X	8.0	195	ytar	cm	40467	24957	0.14826585591567612	1.849179765959084	1157.092203530315
rescaled_direct_X	8.0	195	yptar	mrad	40467	24957	1.155906095258835	8.585823854952745	448.3831033998828
rescaled_direct_X	8.0	196	xptar	mrad	40467	24957	1.6737377397776345	7.241785817726585	95.51271102968131
rescaled_direct_X	8.0	196	ytar	cm	40467	24957	0.1482690503398887	1.8538078741994313	1160.2384410639154
rescaled_direct_X	8.0	196	yptar	mrad	40467	24957	1.155973168789444	9.042020605894168	477.52073704675644
rescaled_direct_X	8.0	197	xptar	mrad	40467	24957	1.6737541216392056	7.2407360211669385	95.48436877038613
rescaled_direct_X	8.0	197	ytar	cm	40467	24957	0.14825898718978683	1.8554211030187233	1161.3351312876432
rescaled_direct_X	8.0	197	yptar	mrad	40467	24957	1.1559475792702623	9.048245625704105	477.9183337992369
rescaled_direct_X	8.0	198	xptar	mrad	40467	24957	1.6737483784784781	7.5673495032497	104.30223344466776
rescaled_direct_X	8.0	198	ytar	cm	40467	24957	0.14821461085843343	1.6229938455032413	1003.3285930973966
rescaled_direct_X	8.0	198	yptar	mrad	40467	24957	1.1557838801960973	8.308303296373325	430.6576541311721
rescaled_direct_X	8.0	199	xptar	mrad	40467	24957	1.6737331067465702	7.70379222198742	107.9858947006211
rescaled_direct_X	8.0	199	ytar	cm	40467	24957	0.14821176480404755	1.6193268416832556	1000.8357246390242
rescaled_direct_X	8.0	199	yptar	mrad	40467	24957	1.1557092733782228	8.360775007745309	434.0090622673025
rescaled_direct_X	8.0	200	xptar	mrad	40467	24957	1.6736775851144092	7.074160283321085	90.98718051907213
rescaled_direct_X	8.0	200	ytar	cm	40467	24957	0.14818166735244592	1.655245774149977	1025.2537995034918
rescaled_direct_X	8.0	200	yptar	mrad	40467	24957	1.1557177422233125	8.921141927081955	469.80012384273857
rescaled_direct_X	8.0	201	xptar	mrad	40467	24957	1.673730492674674	6.692632114396824	80.68673688292085
rescaled_direct_X	8.0	201	ytar	cm	40467	24957	0.14793382137750516	1.9236718646050823	1207.7327297551556
rescaled_direct_X	8.0	201	yptar	mrad	40467	24957	1.15226117334685	11.766243464533515	651.5189241527936
rescaled_direct_X	8.0	202	xptar	mrad	40467	24957	1.6735394089811857	6.456170440195761	74.30277798917653
rescaled_direct_X	8.0	202	ytar	cm	40467	24957	0.14789324515400887	1.9149794240894948	1201.8235156252201
rescaled_direct_X	8.0	202	yptar	mrad	40467	24957	1.151743699569787	11.611958265781468	641.6646110979655
rescaled_direct_X	8.0	203	xptar	mrad	40467	24957	1.6734430157055005	6.985174361591913	88.58475116826772
rescaled_direct_X	8.0	203	ytar	cm	40467	24957	0.14793756303077898	1.8884477485406737	1183.786998520178
rescaled_direct_X	8.0	203	yptar	mrad	40467	24957	1.1519110009768656	11.346370761087359	624.7013350619249
rescaled_direct_X	8.0	204	xptar	mrad	40467	24957	1.6733346353447254	8.44518417209085	128.00188989140517
rescaled_direct_X	8.0	204	ytar	cm	40467	24957	0.14797111540532384	1.8079380563995013	1129.0556478086903
rescaled_direct_X	8.0	204	yptar	mrad	40467	24957	1.1516562068176743	12.055478859893853	669.9926089616544
rescaled_direct_X	8.0	205	xptar	mrad	40467	24957	1.6732059032075128	8.446007020616557	128.0241050397232
rescaled_direct_X	8.0	205	ytar	cm	40467	24957	0.14793506163959122	1.8080439872210756	1129.127660715367
rescaled_direct_X	8.0	205	yptar	mrad	40467	24957	1.151694800855354	12.055179314507487	669.9734767698741
rescaled_direct_X	8.0	206	xptar	mrad	40467	24957	1.6732314433697586	8.297256736056053	124.00816585940775
rescaled_direct_X	8.0	206	ytar	cm	40467	24957	0.14785475993559172	1.7626226953856432	1098.2497802130445
rescaled_direct_X	8.0	206	yptar	mrad	40467	24957	1.152171219469436	12.302616216054332	685.7774599703489
rescaled_direct_X	8.0	207	xptar	mrad	40467	24957	1.6732780662412605	8.497285027907711	129.4085014405602
rescaled_direct_X	8.0	207	ytar	cm	40467	24957	0.14751596693150362	1.6868777286503827	1046.7575408470282
rescaled_direct_X	8.0	207	yptar	mrad	40467	24957	1.1521707498268108	12.303559988533062	685.8377394367732
rescaled_direct_X	8.0	208	xptar	mrad	40467	24957	1.673167746022073	8.386524959269352	126.4182167458221
rescaled_direct_X	8.0	208	ytar	cm	40467	24957	0.14742799526883893	1.675126423757251	1038.7688779628647
rescaled_direct_X	8.0	208	yptar	mrad	40467	24957	1.152068082285195	12.278606763649178	684.2439579741165
rescaled_direct_X	8.0	209	xptar	mrad	40467	24957	1.673037824606715	8.572099696103708	131.42833728933394
rescaled_direct_X	8.0	209	ytar	cm	40467	24957	0.14747392931173922	1.6592298042745448	1027.9621858380276
rescaled_direct_X	8.0	209	yptar	mrad	40467	24957	1.1520923505640288	11.997126268508097	666.2655845437137
rescaled_direct_X	8.0	210	xptar	mrad	40467	24957	1.6730799652553623	8.34866601254836	125.39610624760344
rescaled_direct_X	8.0	210	ytar	cm	40467	24957	0.14747737331786043	1.6625231819778066	1030.2010592619447
rescaled_direct_X	8.0	210	yptar	mrad	40467	24957	1.152132824057288	12.368555211243484	689.9890337724411
current_XTX	-8.0	1	xptar	mrad	44310	36160	27.15053005756812	27.28425178824855	1124.3843173289458
current_XTX	-8.0	1	ytar	cm	44310	36160	1.723378386772113	1.6001608631474569	938.646398286756
current_XTX	-8.0	1	yptar	mrad	44310	36160	13.500807668623057	13.62806284085323	1150.9971668958913
current_XTX	-8.0	2	xptar	mrad	44310	36160	27.036186408750723	27.181935473898932	1119.792859528717
current_XTX	-8.0	2	ytar	cm	44310	36160	1.723459300940726	1.5971230208844833	936.6745690802883
current_XTX	-8.0	2	yptar	mrad	44310	36160	13.381894569428189	13.439156653133349	1133.656396721406
current_XTX	-8.0	3	xptar	mrad	44310	36160	7.0319713998001925	6.976721802832038	213.0812905572744
current_XTX	-8.0	3	ytar	cm	44310	36160	1.7234384732783345	1.5973929097446309	936.8497509004328
current_XTX	-8.0	3	yptar	mrad	44310	36160	13.37336989202593	13.4269820984906	1132.5388253142182
current_XTX	-8.0	4	xptar	mrad	44310	36160	6.974321289740278	6.939711286845158	211.42043887982047
current_XTX	-8.0	4	ytar	cm	44310	36160	1.488379920244726	1.3847921068591302	798.852963655206
current_XTX	-8.0	4	yptar	mrad	44310	36160	13.346375880286102	13.475889944103205	1137.0283537978219
current_XTX	-8.0	5	xptar	mrad	44310	36160	6.971589464462487	6.9393245203994525	211.40308268569555
current_XTX	-8.0	5	ytar	cm	44310	36160	1.45247294846927	1.3665608319908364	787.0192484242991
current_XTX	-8.0	5	yptar	mrad	44310	36160	3.887834494546392	3.6417900436850155	234.30055909504324
current_XTX	-8.0	6	xptar	mrad	44310	36160	6.937767308752281	6.904922751982155	209.85929889182717
current_XTX	-8.0	6	ytar	cm	44310	36160	1.4478260529431575	1.3625586607215616	784.421484118289
current_XTX	-8.0	6	yptar	mrad	44310	36160	3.876371873263752	3.6317685419739156	233.380628625465
current_XTX	-8.0	7	xptar	mrad	44310	36160	3.1476904953325135	3.091461367563499	38.72972751641737
current_XTX	-8.0	7	ytar	cm	44310	36160	1.4478282670404832	1.3625735588067232	784.4311542976133
current_XTX	-8.0	7	yptar	mrad	44310	36160	3.875900127899958	3.6300628893669225	233.2240571006654
current_XTX	-8.0	8	xptar	mrad	44310	36160	3.035281269436787	2.9623197720625916	32.9344817653775
current_XTX	-8.0	8	ytar	cm	44310	36160	1.4421506663270096	1.3559980687888658	780.163077767742
current_XTX	-8.0	8	yptar	mrad	44310	36160	3.8582864227007883	3.6087737892523	231.2698098800466
current_XTX	-8.0	9	xptar	mrad	44310	36160	3.0256126111386004	2.9537162718024907	32.54839858177559
current_XTX	-8.0	9	ytar	cm	44310	36160	1.4246899369387	1.341376411401901	770.6723245992872
current_XTX	-8.0	9	yptar	mrad	44310	36160	3.80873856645152	3.5646859133717883	227.2227337500744
current_XTX	-8.0	10	xptar	mrad	44310	36160	2.987100969611273	2.916917467000814	30.897047471058016
current_XTX	-8.0	10	ytar	cm	44310	36160	1.4247130682301872	1.341284362644443	770.6125767873002
current_XTX	-8.0	10	yptar	mrad	44310	36160	3.8080288753669502	3.5643800071718923	227.19465288532686
current_XTX	-8.0	11	xptar	mrad	44310	36160	2.977690080382578	2.9083748825946145	30.51369789425509
current_XTX	-8.0	11	ytar	cm	44310	36160	1.4084183950782818	1.3243354591119072	759.6112343507956
current_XTX	-8.0	11	yptar	mrad	44310	36160	3.7715472798790874	3.5268480429610705	223.74938106319922
current_XTX	-8.0	12	xptar	mrad	44310	36160	2.9272729736359593	2.912786325204737	30.711661950244242
current_XTX	-8.0	12	ytar	cm	44310	36160	0.31447885709933676	0.3025799985556229	96.40126997934762
current_XTX	-8.0	12	yptar	mrad	44310	36160	1.320684036359334	1.26989551564011	16.570910398011684
current_XTX	-8.0	13	xptar	mrad	44310	36160	2.9276998493406143	2.914893295088682	30.80621249548212
current_XTX	-8.0	13	ytar	cm	44310	36160	0.31928638033420764	0.30310618862320404	96.74281402725815
current_XTX	-8.0	13	yptar	mrad	44310	36160	1.3274596317590506	1.2728411025411457	16.841302522781977
current_XTX	-8.0	14	xptar	mrad	44310	36160	2.921884057010637	2.9042692435444804	30.32945681245409
current_XTX	-8.0	14	ytar	cm	44310	36160	0.3192171470613262	0.30304414417695824	96.7025416758271
current_XTX	-8.0	14	yptar	mrad	44310	36160	1.3285120026712933	1.2739320700798429	16.941448619554755
current_XTX	-8.0	15	xptar	mrad	44310	36160	2.9160149394969457	2.8994976153251586	30.115329380805854
current_XTX	-8.0	15	ytar	cm	44310	36160	0.3172509873259901	0.3012946597811301	95.56697105387626
current_XTX	-8.0	15	yptar	mrad	44310	36160	1.3280614626658334	1.2734766743187167	16.899645260292463
current_XTX	-8.0	16	xptar	mrad	44310	36160	2.9161847101936282	2.899844388843671	30.130890887165872
current_XTX	-8.0	16	ytar	cm	44310	36160	0.3165625386914533	0.3010612334476798	95.41545664923912
current_XTX	-8.0	16	yptar	mrad	44310	36160	1.326790755037232	1.2733423773879669	16.887317383480283
current_XTX	-8.0	17	xptar	mrad	44310	36160	2.589466347419504	2.4982346131922983	12.108600416832193
current_XTX	-8.0	17	ytar	cm	44310	36160	0.3165435541218022	0.301070112765182	95.42122011424769
current_XTX	-8.0	17	yptar	mrad	44310	36160	1.3267974429885177	1.2732659772082844	16.8803041777555
current_XTX	-8.0	18	xptar	mrad	44310	36160	2.577088922906581	2.5060536778108458	12.459481949865637
current_XTX	-8.0	18	ytar	cm	44310	36160	0.31362780205086316	0.2978064644153737	93.30282271941618
current_XTX	-8.0	18	yptar	mrad	44310	36160	1.3208219859894532	1.2673663016380916	16.338739502709277
current_XTX	-8.0	19	xptar	mrad	44310	36160	2.5773458653719956	2.50619582206751	12.465860691713072
current_XTX	-8.0	19	ytar	cm	44310	36160	0.3113523639986668	0.2953236658498911	91.69126612713853
current_XTX	-8.0	19	yptar	mrad	44310	36160	1.318677172870673	1.2647255632157448	16.09633114845912
current_XTX	-8.0	20	xptar	mrad	44310	36160	2.573923670748515	2.5028817529622356	12.317141413261389
current_XTX	-8.0	20	ytar	cm	44310	36160	0.31132630478995993	0.29530403409171563	91.67852337396252
current_XTX	-8.0	20	yptar	mrad	44310	36160	1.3186843671861925	1.2646812913384162	16.09226718179284
current_XTX	-8.0	21	xptar	mrad	44310	36160	2.5709333214144148	2.500803875442097	12.223896391600796
current_XTX	-8.0	21	ytar	cm	44310	36160	0.3090632519116279	0.2933646657492627	90.41970122037102
current_XTX	-8.0	21	yptar	mrad	44310	36160	1.3139595334450747	1.2606426947887315	15.721541503397397
current_XTX	-8.0	22	xptar	mrad	44310	36160	2.5669730121079675	2.497367970559381	12.06970971692558
current_XTX	-8.0	22	ytar	cm	44310	36160	0.3088973877076287	0.2931703958149256	90.29360279349304
current_XTX	-8.0	22	yptar	mrad	44310	36160	1.31408748108106	1.26075082357001	15.73146725738157
current_XTX	-8.0	23	xptar	mrad	44310	36160	2.5634296658308435	2.4905235686669527	11.762566299410459
current_XTX	-8.0	23	ytar	cm	44310	36160	0.3077076455596437	0.2921255345082844	89.61539508460217
current_XTX	-8.0	23	yptar	mrad	44310	36160	1.3139916256189672	1.260826275247752	15.738393394734684
current_XTX	-8.0	24	xptar	mrad	44310	36160	2.5516718390083635	2.4775223363644026	11.179134323311747
current_XTX	-8.0	24	ytar	cm	44310	36160	0.29716788364011665	0.28112330551311787	82.47397213011338
current_XTX	-8.0	24	yptar	mrad	44310	36160	1.296616853302909	1.2443442735707162	14.225416998637153
current_XTX	-8.0	25	xptar	mrad	44310	36160	2.5449729404381203	2.4704963521486976	10.863842375624365
current_XTX	-8.0	25	ytar	cm	44310	36160	0.2963682325327505	0.28001350754956167	81.75361476841267
current_XTX	-8.0	25	yptar	mrad	44310	36160	1.2954537713138055	1.2434395257930784	14.142365069702144
current_XTX	-8.0	26	xptar	mrad	44310	36160	2.5124512242203054	2.4365293758193913	9.339569932771496
current_XTX	-8.0	26	ytar	cm	44310	36160	0.2928265293935777	0.2786839736783287	80.89062930328879
current_XTX	-8.0	26	yptar	mrad	44310	36160	1.285774751619121	1.2397530369202896	13.803961351616323
current_XTX	-8.0	27	xptar	mrad	44310	36160	2.4029699478371063	2.3540285703661246	5.637335649495578
current_XTX	-8.0	27	ytar	cm	44310	36160	0.21599068063579047	0.20941773387963078	35.93069299521354
current_XTX	-8.0	27	yptar	mrad	44310	36160	1.1818034860272553	1.1445301979713656	5.0629169977711275
current_XTX	-8.0	28	xptar	mrad	44310	36160	2.4027140210595923	2.3549619150045946	5.679219610502639
current_XTX	-8.0	28	ytar	cm	44310	36160	0.2099154209413136	0.20196837936501785	31.09540086030591
current_XTX	-8.0	28	yptar	mrad	44310	36160	1.1756600877742331	1.1367772829370661	4.351232963410889
current_XTX	-8.0	29	xptar	mrad	44310	36160	2.406488926667098	2.359311526405261	5.87440898299425
current_XTX	-8.0	29	ytar	cm	44310	36160	0.20965837977186477	0.20115340484623065	30.566410076861295
current_XTX	-8.0	29	yptar	mrad	44310	36160	1.1734084251685502	1.1344356968503893	4.136285498412828
current_XTX	-8.0	30	xptar	mrad	44310	36160	2.405059651232406	2.3576375352350403	5.799288413367765
current_XTX	-8.0	30	ytar	cm	44310	36160	0.20143039299254478	0.19317951062708388	25.390645126113842
current_XTX	-8.0	30	yptar	mrad	44310	36160	1.1640764741322611	1.1254909105881294	3.315192845462045
current_XTX	-8.0	31	xptar	mrad	44310	36160	2.4040157157520414	2.3568753681576333	5.765086067486935
current_XTX	-8.0	31	ytar	cm	44310	36160	0.19975592357239724	0.1917794144632895	24.481858471427277
current_XTX	-8.0	31	yptar	mrad	44310	36160	1.1642898426074844	1.1255842113036456	3.323757447206477
current_XTX	-8.0	32	xptar	mrad	44310	36160	2.404729968441167	2.358695825740018	5.846779336246266
current_XTX	-8.0	32	ytar	cm	44310	36160	0.19685202733956061	0.18884230033395108	22.57541076229257
current_XTX	-8.0	32	yptar	mrad	44310	36160	1.1564551073025557	1.1170513294264368	2.540475833487621
current_XTX	-8.0	33	xptar	mrad	44310	36160	2.4044926980241463	2.3582025212398223	5.82464223318786
current_XTX	-8.0	33	ytar	cm	44310	36160	0.196995486389181	0.1889129624993744	22.621276778205313
current_XTX	-8.0	33	yptar	mrad	44310	36160	1.156431315677076	1.1170581597012395	2.5411028231432375
current_XTX	-8.0	34	xptar	mrad	44310	36160	2.404642050949049	2.358331082336229	5.830411428967208
current_XTX	-8.0	34	ytar	cm	44310	36160	0.19698086700167394	0.18923879761794052	22.83277268472834
current_XTX	-8.0	34	yptar	mrad	44310	36160	1.1564671136113949	1.1170363345720136	2.539099370770903
current_XTX	-8.0	35	xptar	mrad	44310	36160	2.4043857757559146	2.358493921917292	5.837718876165732
current_XTX	-8.0	35	ytar	cm	44310	36160	0.1848144639162195	0.17689473169593373	14.820378490254683
current_XTX	-8.0	35	yptar	mrad	44310	36160	1.1516478894732283	1.1133437465756364	2.2001357795454757
current_XTX	-8.0	36	xptar	mrad	44310	36160	2.40361251217244	2.3581699531188076	5.823180734557631
current_XTX	-8.0	36	ytar	cm	44310	36160	0.18460097279819773	0.17678204001618578	14.747231589850651
current_XTX	-8.0	36	yptar	mrad	44310	36160	1.1511091860205274	1.113302358590574	2.1963365417035696
current_XTX	-8.0	37	xptar	mrad	44310	36160	2.389017622792027	2.3386419783464327	4.94686034849563
current_XTX	-8.0	37	ytar	cm	44310	36160	0.18451644730488434	0.176842607063477	14.786544978255955
current_XTX	-8.0	37	yptar	mrad	44310	36160	1.1513078021413596	1.1137672067811522	2.2390075930658337
current_XTX	-8.0	38	xptar	mrad	44310	36160	2.3761997232384346	2.338419458637991	4.936874747885178
current_XTX	-8.0	38	ytar	cm	44310	36160	0.18449774900545635	0.17697047782524292	14.869544449879779
current_XTX	-8.0	38	yptar	mrad	44310	36160	1.1512430574930936	1.113567317435165	2.220658616513349
current_XTX	-8.0	39	xptar	mrad	44310	36160	2.3768083741358614	2.3379255037552764	4.914708458827377
current_XTX	-8.0	39	ytar	cm	44310	36160	0.18327518062841575	0.17570563305260223	14.048547950245972
current_XTX	-8.0	39	yptar	mrad	44310	36160	1.1496555829988235	1.1122956896826917	2.103928694273649
current_XTX	-8.0	40	xptar	mrad	44310	36160	2.3765829532522766	2.3383952653981144	4.9357890731259735
current_XTX	-8.0	40	ytar	cm	44310	36160	0.1830549236123372	0.1754692662339904	13.89512490980065
current_XTX	-8.0	40	yptar	mrad	44310	36160	1.149395776146031	1.1120783520954016	2.0839780447106993
current_XTX	-8.0	41	xptar	mrad	44310	36160	2.376662027492626	2.3385719004794647	4.9437155951788325
current_XTX	-8.0	41	ytar	cm	44310	36160	0.1829877178294655	0.1753821367006093	13.838570110770831
current_XTX	-8.0	41	yptar	mrad	44310	36160	1.149345739895776	1.112014998093543	2.078162421627483
current_XTX	-8.0	42	xptar	mrad	44310	36160	2.376486727062718	2.3372688573566074	4.885241367011894
current_XTX	-8.0	42	ytar	cm	44310	36160	0.18301394447941366	0.17536784203743366	13.82929160586297
current_XTX	-8.0	42	yptar	mrad	44310	36160	1.1493496835972334	1.1120217932708554	2.0787861894854487
current_XTX	-8.0	43	xptar	mrad	44310	36160	2.3721528422456446	2.3332685599069443	4.705727503115953
current_XTX	-8.0	43	ytar	cm	44310	36160	0.18271255654237153	0.1752610405184072	13.759967942459417
current_XTX	-8.0	43	yptar	mrad	44310	36160	1.1488118449224245	1.112074456222441	2.083620420439858
current_XTX	-8.0	44	xptar	mrad	44310	36160	2.3736822254570735	2.333362350661486	4.709936375320423
current_XTX	-8.0	44	ytar	cm	44310	36160	0.18256396380845624	0.17511235825138044	13.663459957110536
current_XTX	-8.0	44	yptar	mrad	44310	36160	1.1488901974559795	1.1121855904106543	2.093822057768935
current_XTX	-8.0	45	xptar	mrad	44310	36160	2.372809969685539	2.332206878879641	4.658084430110887
current_XTX	-8.0	45	ytar	cm	44310	36160	0.18256098530884543	0.17511271710395263	13.663692884274425
current_XTX	-8.0	45	yptar	mrad	44310	36160	1.1488160449464617	1.112115906721426	2.0874253967891887
current_XTX	-8.0	46	xptar	mrad	44310	36160	2.3711804783805452	2.32990907346216	4.554970115697166
current_XTX	-8.0	46	ytar	cm	44310	36160	0.18212363054083916	0.17476651261117002	13.43897544630881
current_XTX	-8.0	46	yptar	mrad	44310	36160	1.1478657491130257	1.1112911611741019	2.0117173262320653
current_XTX	-8.0	47	xptar	mrad	44310	36160	2.3747457298855204	2.3312037663724814	4.613069626999766
current_XTX	-8.0	47	ytar	cm	44310	36160	0.18206983452739145	0.17468900487724717	13.388666048964847
current_XTX	-8.0	47	yptar	mrad	44310	36160	1.147870260661969	1.1112815041252826	2.010830850960077
current_XTX	-8.0	48	xptar	mrad	44310	36160	2.3753231750997634	2.3317817897924886	4.63900850250929
current_XTX	-8.0	48	ytar	cm	44310	36160	0.182133793260644	0.17474949080998112	13.427926786824385
current_XTX	-8.0	48	yptar	mrad	44310	36160	1.147878335081654	1.111292583000728	2.011847843760628
current_XTX	-8.0	49	xptar	mrad	44310	36160	2.3730446204851923	2.3292964781318615	4.527479821255231
current_XTX	-8.0	49	ytar	cm	44310	36160	0.18208781470022192	0.1747140835373538	13.404944324851664
current_XTX	-8.0	49	yptar	mrad	44310	36160	1.1468034706427217	1.1104566571784384	1.9351134723659902
current_XTX	-8.0	50	xptar	mrad	44310	36160	2.3726351858617063	2.329275281341711	4.526528612563885
current_XTX	-8.0	50	ytar	cm	44310	36160	0.18209916543197469	0.17472155641507636	13.409794885635984
current_XTX	-8.0	50	yptar	mrad	44310	36160	1.146516577256459	1.1101670449416279	1.908528322885883
current_XTX	-8.0	51	xptar	mrad	44310	36160	2.364737165946363	2.317079889212768	3.979258818169673
current_XTX	-8.0	51	ytar	cm	44310	36160	0.18194868481671092	0.17441003358112586	13.207588921899106
current_XTX	-8.0	51	yptar	mrad	44310	36160	1.1462568084166862	1.1098151011555635	1.8762214070450423
current_XTX	-8.0	52	xptar	mrad	44310	36160	2.324220195494461	2.2808909815680685	2.35527692101829
current_XTX	-8.0	52	ytar	cm	44310	36160	0.1754692204951842	0.16963082728877046	10.105459931904615
current_XTX	-8.0	52	yptar	mrad	44310	36160	1.140099964250919	1.1055154853407991	1.4815352901828005
current_XTX	-8.0	53	xptar	mrad	44310	36160	2.3211153575492	2.274603167013902	2.0731104320801608
current_XTX	-8.0	53	ytar	cm	44310	36160	0.17292816680747627	0.16758055628165885	8.774652107459024
current_XTX	-8.0	53	yptar	mrad	44310	36160	1.1381838994684237	1.1043608000856209	1.3755401828991598
current_XTX	-8.0	54	xptar	mrad	44310	36160	2.321010015953941	2.2748519593405647	2.08427501982118
current_XTX	-8.0	54	ytar	cm	44310	36160	0.17284537275705497	0.16750375476985424	8.724801110939895
current_XTX	-8.0	54	yptar	mrad	44310	36160	1.138152739959551	1.104335550310235	1.3732223628361462
current_XTX	-8.0	55	xptar	mrad	44310	36160	2.3192859535532935	2.2744663336701048	2.0669700181324746
current_XTX	-8.0	55	ytar	cm	44310	36160	0.17283346898902277	0.16753597183679886	8.745712846326015
current_XTX	-8.0	55	yptar	mrad	44310	36160	1.1387627842584387	1.10506102416838	1.4398177221175645
current_XTX	-8.0	56	xptar	mrad	44310	36160	2.316066741212713	2.2713723069947847	1.9281251720996817
current_XTX	-8.0	56	ytar	cm	44310	36160	0.1703673415702817	0.16579659849130898	7.616705193298223
current_XTX	-8.0	56	yptar	mrad	44310	36160	1.1374275010459927	1.1043177003286397	1.371583811806154
current_XTX	-8.0	57	xptar	mrad	44310	36160	2.31352059567731	2.268372248999349	1.7934971826940371
current_XTX	-8.0	57	ytar	cm	44310	36160	0.16961166060843896	0.16515774471407713	7.202032400058811
current_XTX	-8.0	57	yptar	mrad	44310	36160	1.1367966058841388	1.1037331954674405	1.3179287961273767
current_XTX	-8.0	58	xptar	mrad	44310	36160	2.3117366329920195	2.266558427721385	1.7121017189513532
current_XTX	-8.0	58	ytar	cm	44310	36160	0.16921981831302277	0.16474408782296707	6.9335323698600515
current_XTX	-8.0	58	yptar	mrad	44310	36160	1.1365017650870126	1.103539414913905	1.3001405802743005
current_XTX	-8.0	59	xptar	mrad	44310	36160	2.311962386510786	2.266928941004134	1.7287285502927796
current_XTX	-8.0	59	ytar	cm	44310	36160	0.16957508623428139	0.16522276303731662	7.244235061560289
current_XTX	-8.0	59	yptar	mrad	44310	36160	1.136286446734192	1.1034444134056283	1.2914198531179366
current_XTX	-8.0	60	xptar	mrad	44310	36160	2.3122132308699137	2.2672704354947233	1.7440531595940278
current_XTX	-8.0	60	ytar	cm	44310	36160	0.16974543331536313	0.1655639509280041	7.465696279593437
current_XTX	-8.0	60	yptar	mrad	44310	36160	1.137131878617845	1.104670206531332	1.403942355058474
current_XTX	-8.0	61	xptar	mrad	44310	36160	2.309426797790415	2.2637750953683544	1.5871993206956425
current_XTX	-8.0	61	ytar	cm	44310	36160	0.1698890085164554	0.1656993987796292	7.5536139549260195
current_XTX	-8.0	61	yptar	mrad	44310	36160	1.1359568672695608	1.1032167946920168	1.2705254406701894
current_XTX	-8.0	62	xptar	mrad	44310	36160	2.3093989587741546	2.263466531454101	1.5733524752538974
current_XTX	-8.0	62	ytar	cm	44310	36160	0.16300125126440557	0.1586404090106582	2.9717031808658367
current_XTX	-8.0	62	yptar	mrad	44310	36160	1.1323127153197408	1.099329810161998	0.9137170892847601
current_XTX	-8.0	63	xptar	mrad	44310	36160	2.30940257650712	2.2634314343497666	1.5717774881711
current_XTX	-8.0	63	ytar	cm	44310	36160	0.16301405168235647	0.158637138232022	2.9695801552823697
current_XTX	-8.0	63	yptar	mrad	44310	36160	1.1323316619680268	1.0993330988300212	0.9140189747712135
current_XTX	-8.0	64	xptar	mrad	44310	36160	2.304685707079564	2.2598731713897253	1.4120999789977162
current_XTX	-8.0	64	ytar	cm	44310	36160	0.16270485496785456	0.15836383189595027	2.792180089996754
current_XTX	-8.0	64	yptar	mrad	44310	36160	1.130130692271483	1.0972711583484915	0.7247417656165211
current_XTX	-8.0	65	xptar	mrad	44310	36160	2.3046228875505226	2.2597122945935584	1.404880612024506
current_XTX	-8.0	65	ytar	cm	44310	36160	0.16282558233607114	0.1584869560612842	2.872098599323758
current_XTX	-8.0	65	yptar	mrad	44310	36160	1.1302478088772219	1.0973832860743606	0.7350346054009194
current_XTX	-8.0	66	xptar	mrad	44310	36160	2.3037743835856843	2.259227771190899	1.3831375618503783
current_XTX	-8.0	66	ytar	cm	44310	36160	0.16274229270828755	0.15849627431039823	2.878146969899187
current_XTX	-8.0	66	yptar	mrad	44310	36160	1.1290285295874096	1.0965142859506551	0.6552641563295492
current_XTX	-8.0	67	xptar	mrad	44310	36160	2.303604613941656	2.2591510976915132	1.379696828678334
current_XTX	-8.0	67	ytar	cm	44310	36160	0.16313724356000694	0.15886070489415952	3.1146947582913365
current_XTX	-8.0	67	yptar	mrad	44310	36160	1.1294957606159095	1.0969075241228596	0.6913617180364318
current_XTX	-8.0	68	xptar	mrad	44310	36160	2.3036092093054625	2.259155554454129	1.379896826475413
current_XTX	-8.0	68	ytar	cm	44310	36160	0.16317621583055547	0.1588982273758349	3.1390501786396907
current_XTX	-8.0	68	yptar	mrad	44310	36160	1.1295435363815598	1.0969532747283135	0.695561425542568
current_XTX	-8.0	69	xptar	mrad	44310	36160	2.3036510655942157	2.2591326867459993	1.378870635124274
current_XTX	-8.0	69	ytar	cm	44310	36160	0.1631237708408911	0.15884904869491465	3.1071288506115513
current_XTX	-8.0	69	yptar	mrad	44310	36160	1.1295243860710904	1.0969402170203872	0.6943627844875122
current_XTX	-8.0	70	xptar	mrad	44310	36160	2.303604511139991	2.2591068060988158	1.3777092377445843
current_XTX	-8.0	70	ytar	cm	44310	36160	0.1631287035446066	0.15884625380133166	3.1053147166576256
current_XTX	-8.0	70	yptar	mrad	44310	36160	1.1295221705929626	1.0969282722566926	0.69326630689448
current_XTX	-8.0	71	xptar	mrad	44310	36160	2.3035067553621422	2.2592079846716264	1.3822496392465355
current_XTX	-8.0	71	ytar	cm	44310	36160	0.1630514733310197	0.15881804929415363	3.0870074886341303
current_XTX	-8.0	71	yptar	mrad	44310	36160	1.1291589768379777	1.0968530428111158	0.6863605694919839
current_XTX	-8.0	72	xptar	mrad	44310	36160	2.301941895148476	2.2564026525247436	1.25635999740481
current_XTX	-8.0	72	ytar	cm	44310	36160	0.16300629585813642	0.1589036636701624	3.142578816074404
current_XTX	-8.0	72	yptar	mrad	44310	36160	1.1290667718451817	1.097289486576757	0.7264242176203028
current_XTX	-8.0	73	xptar	mrad	44310	36160	2.287516025729187	2.2437078254064042	0.6866779934588063
current_XTX	-8.0	73	ytar	cm	44310	36160	0.16298063234619267	0.15890269523924772	3.1419502184723225
current_XTX	-8.0	73	yptar	mrad	44310	36160	1.1290160568198757	1.097281404690788	0.7256823354783837
current_XTX	-8.0	74	xptar	mrad	44310	36160	2.287854915686886	2.242060768760073	0.6127661140650886
current_XTX	-8.0	74	ytar	cm	44310	36160	0.16284038159409658	0.15879527092015983	3.072222302561678
current_XTX	-8.0	74	yptar	mrad	44310	36160	1.1287462862128592	1.0970956031811705	0.7086265613121867
current_XTX	-8.0	75	xptar	mrad	44310	36160	2.288060697030549	2.2417673660056225	0.5995996276245696
current_XTX	-8.0	75	ytar	cm	44310	36160	0.16283970996804467	0.1587905037898824	3.069128011977007
current_XTX	-8.0	75	yptar	mrad	44310	36160	1.12873814115812	1.0970725254010671	0.7065081210125834
current_XTX	-8.0	76	xptar	mrad	44310	36160	2.288131169121812	2.2416933086065205	0.5962762922900877
current_XTX	-8.0	76	ytar	cm	44310	36160	0.16282571997787743	0.1587716820543675	3.0569110353890316
current_XTX	-8.0	76	yptar	mrad	44310	36160	1.128672399210295	1.096994947097368	0.6993867686036825
current_XTX	-8.0	77	xptar	mrad	44310	36160	2.288115359679631	2.2418173301031072	0.6018417729421133
current_XTX	-8.0	77	ytar	cm	44310	36160	0.16284918544363294	0.1588063974329304	3.0794443967153473
current_XTX	-8.0	77	yptar	mrad	44310	36160	1.1287046694059406	1.0970183889747365	0.7015386314559002
current_XTX	-8.0	78	xptar	mrad	44310	36160	2.28791833210154	2.2417167066584325	0.5973262828868231
current_XTX	-8.0	78	ytar	cm	44310	36160	0.1627818557802908	0.15872401693221203	3.025972141312283
current_XTX	-8.0	78	yptar	mrad	44310	36160	1.1285450609174	1.0968037203224597	0.6818329785721611
current_XTX	-8.0	79	xptar	mrad	44310	36160	2.28283962422613	2.2354268230156786	0.3150669433315212
current_XTX	-8.0	79	ytar	cm	44310	36160	0.16269058271903464	0.1585051633178752	2.8839167245613195
current_XTX	-8.0	79	yptar	mrad	44310	36160	1.128445214360629	1.096504989185221	0.654410753512491
current_XTX	-8.0	80	xptar	mrad	44310	36160	2.2827271108720484	2.2353008535628804	0.3094140478933305
current_XTX	-8.0	80	ytar	cm	44310	36160	0.1626521483798921	0.15845986969924203	2.8545171467175168
current_XTX	-8.0	80	yptar	mrad	44310	36160	1.1283849410648057	1.0964202550420603	0.6466325260218175
current_XTX	-8.0	81	xptar	mrad	44310	36160	2.282656687031389	2.23516983911477	0.30353475763993387
current_XTX	-8.0	81	ytar	cm	44310	36160	0.16264989242316483	0.15846227928948606	2.856081184612669
current_XTX	-8.0	81	yptar	mrad	44310	36160	1.128419043244775	1.0964616305341663	0.6504306170644014
current_XTX	-8.0	82	xptar	mrad	44310	36160	2.2827672445789857	2.235191013985687	0.3044849827028573
current_XTX	-8.0	82	ytar	cm	44310	36160	0.1626489576086559	0.1584537449170853	2.8505416195852895
current_XTX	-8.0	82	yptar	mrad	44310	36160	1.128350008714189	1.0964035774113345	0.6451015917260161
current_XTX	-8.0	83	xptar	mrad	44310	36160	2.2818645339870356	2.2346948078804107	0.2822176697423018
current_XTX	-8.0	83	ytar	cm	44310	36160	0.16239591460756803	0.15816270751440203	2.6616325186158196
current_XTX	-8.0	83	yptar	mrad	44310	36160	1.1279567754661322	1.0960303454071576	0.6108405096285185
current_XTX	-8.0	84	xptar	mrad	44310	36160	2.2803930272622117	2.229416692615861	0.04536156662744428
current_XTX	-8.0	84	ytar	cm	44310	36160	0.16246098365180736	0.15820128218563326	2.6866709033571023
current_XTX	-8.0	84	yptar	mrad	44310	36160	1.128211545911501	1.0963053979211566	0.6360891395899904
current_XTX	-8.0	85	xptar	mrad	44310	36160	2.280564608674922	2.2291995100438653	0.0356154707032319
current_XTX	-8.0	85	ytar	cm	44310	36160	0.16246709525355	0.15820073483481123	2.6863156241017316
current_XTX	-8.0	85	yptar	mrad	44310	36160	1.1282463606324011	1.0963554130622835	0.6406803130078353
current_XTX	-8.0	86	xptar	mrad	44310	36160	2.2805889746108954	2.2292663041806677	0.03861286620541193
current_XTX	-8.0	86	ytar	cm	44310	36160	0.16243306848524933	0.15817706276609836	2.670950350850232
current_XTX	-8.0	86	yptar	mrad	44310	36160	1.1282125630802304	1.096318497800735	0.6372916518201155
current_XTX	-8.0	87	xptar	mrad	44310	36160	2.2805420390284623	2.2296013167058035	0.05364659647106862
current_XTX	-8.0	87	ytar	cm	44310	36160	0.16246057728715874	0.15821107905082643	2.6930299382402323
current_XTX	-8.0	87	yptar	mrad	44310	36160	1.1282706202376243	1.0964085717776761	0.6455600529333472
current_XTX	-8.0	88	xptar	mrad	44310	36160	2.2792662674272695	2.228903323426336	0.02232405804802884
current_XTX	-8.0	88	ytar	cm	44310	36160	0.1621888711888548	0.1578931088921771	2.4866390886388867
current_XTX	-8.0	88	yptar	mrad	44310	36160	1.1277348248800791	1.095652249922467	0.5761329810760163
current_XTX	-8.0	89	xptar	mrad	44310	36160	2.2791549248354634	2.2288698864071224	0.020823567499084206
current_XTX	-8.0	89	ytar	cm	44310	36160	0.16231219497279825	0.1579679129987245	2.5351935918966007
current_XTX	-8.0	89	yptar	mrad	44310	36160	1.127805262596046	1.0955675999424752	0.5683624793998865
current_XTX	-8.0	90	xptar	mrad	44310	36160	2.2792754364940886	2.228036816688005	-0.016560543571453312
current_XTX	-8.0	90	ytar	cm	44310	36160	0.1621761663523734	0.15785431934463037	2.461461230100781
current_XTX	-8.0	90	yptar	mrad	44310	36160	1.1275720302971806	1.0953966654485172	0.5526714329053384
current_XTX	-8.0	91	xptar	mrad	44310	36160	2.2791520538343892	2.228007792392467	-0.017863012576435633
current_XTX	-8.0	91	ytar	cm	44310	36160	0.16241864930007605	0.15803170380239462	2.5765994842676054
current_XTX	-8.0	91	yptar	mrad	44310	36160	1.1286876004746325	1.096283662661269	0.6340939368338461
current_XTX	-8.0	92	xptar	mrad	44310	36160	2.2794157320831907	2.227766668800068	-0.02868346487846507
current_XTX	-8.0	92	ytar	cm	44310	36160	0.16241787509757216	0.15812641108208486	2.638072913100453
current_XTX	-8.0	92	yptar	mrad	44310	36160	1.1287398735757395	1.096565423980877	0.6599584061048436
current_XTX	-8.0	93	xptar	mrad	44310	36160	2.2783767354467184	2.2307126816116982	0.1035192399347018
current_XTX	-8.0	93	ytar	cm	44310	36160	0.16187870905247395	0.15767923832245087	2.3478181100350826
current_XTX	-8.0	93	yptar	mrad	44310	36160	1.1282555941485202	1.0961547353680892	0.6222589695030312
current_XTX	-8.0	94	xptar	mrad	44310	36160	2.278892785366372	2.231135159692748	0.1224779983007851
current_XTX	-8.0	94	ytar	cm	44310	36160	0.16197976951065787	0.15775382183621556	2.3962294290013952
current_XTX	-8.0	94	yptar	mrad	44310	36160	1.1282768142830675	1.0961597394376716	0.6227183214258858
current_XTX	-8.0	95	xptar	mrad	44310	36160	2.2790330715683305	2.2311259379883897	0.12206417312854434
current_XTX	-8.0	95	ytar	cm	44310	36160	0.1618785411656943	0.15766353715045958	2.3376266560924064
current_XTX	-8.0	95	yptar	mrad	44310	36160	1.1279804418626698	1.0959042616005865	0.5992665620576876
current_XTX	-8.0	96	xptar	mrad	44310	36160	2.279077100697795	2.231306172155291	0.13015220460961263
current_XTX	-8.0	96	ytar	cm	44310	36160	0.16200522656267957	0.15779388747851456	2.4222355862742573
current_XTX	-8.0	96	yptar	mrad	44310	36160	1.1282837866439992	1.0961931795350783	0.625787977590897
current_XTX	-8.0	97	xptar	mrad	44310	36160	2.277660829780041	2.229962217111783	0.06984204872788613
current_XTX	-8.0	97	ytar	cm	44310	36160	0.16195419861346474	0.15772538685419796	2.3777726023546997
current_XTX	-8.0	97	yptar	mrad	44310	36160	1.1282741674845551	1.096097000347581	0.6169591445807532
current_XTX	-8.0	98	xptar	mrad	44310	36160	2.277664758273492	2.2302386200421735	0.0822456658715831
current_XTX	-8.0	98	ytar	cm	44310	36160	0.16212812164646387	0.15783240962026315	2.447239874719842
current_XTX	-8.0	98	yptar	mrad	44310	36160	1.1282796386678597	1.096195317273914	0.6259842127607884
current_XTX	-8.0	99	xptar	mrad	44310	36160	2.2776188142048417	2.230217603705109	0.0813025550357338
current_XTX	-8.0	99	ytar	cm	44310	36160	0.16206479952274852	0.1577748690409917	2.409890932627823
current_XTX	-8.0	99	yptar	mrad	44310	36160	1.1282526897278438	1.0961445628479483	0.6213251761954197
current_XTX	-8.0	100	xptar	mrad	44310	36160	2.2777115191538697	2.230301937051531	0.08508702483127628
current_XTX	-8.0	100	ytar	cm	44310	36160	0.1621575013557184	0.1578593368515999	2.4647180373770228
current_XTX	-8.0	100	yptar	mrad	44310	36160	1.1282727188670931	1.0961862947460532	0.6251559837656684
current_XTX	-8.0	101	xptar	mrad	44310	36160	2.277440907697516	2.2305906213502364	0.09804176996182079
current_XTX	-8.0	101	ytar	cm	44310	36160	0.16175653283540928	0.15758050277101318	2.2837299753697193
current_XTX	-8.0	101	yptar	mrad	44310	36160	1.1270812944321138	1.0953834494216117	0.5514582588534322
current_XTX	-8.0	102	xptar	mrad	44310	36160	2.2774524407435233	2.2305422870148646	0.09587276042923865
current_XTX	-8.0	102	ytar	cm	44310	36160	0.16147160865447893	0.1574967737049991	2.22938238141821
current_XTX	-8.0	102	yptar	mrad	44310	36160	1.1268176205680132	1.0965335994169378	0.6570370489177746
current_XTX	-8.0	103	xptar	mrad	44310	36160	2.2775125835520313	2.230471014994601	0.09267441932931941
current_XTX	-8.0	103	ytar	cm	44310	36160	0.16150701029800832	0.15754808343973598	2.2626869524828175
current_XTX	-8.0	103	yptar	mrad	44310	36160	1.1268247692040632	1.0965834138746995	0.6616098004715409
current_XTX	-8.0	104	xptar	mrad	44310	36160	2.277463776502413	2.2305050145739194	0.09420015483549982
current_XTX	-8.0	104	ytar	cm	44310	36160	0.15986780324829622	0.15623658776524252	1.4114098777505246
current_XTX	-8.0	104	yptar	mrad	44310	36160	1.1225163967115661	1.0926473125674971	0.3002927415888701
current_XTX	-8.0	105	xptar	mrad	44310	36160	2.277470294309635	2.2305021320468263	0.09407080106049737
current_XTX	-8.0	105	ytar	cm	44310	36160	0.15972368064506975	0.1560513855140437	1.291197181894499
current_XTX	-8.0	105	yptar	mrad	44310	36160	1.1225344587979922	1.0925777368315517	0.29390599025311825
current_XTX	-8.0	106	xptar	mrad	44310	36160	2.277483458014063	2.230170308005595	0.07918015442121007
current_XTX	-8.0	106	ytar	cm	44310	36160	0.1591648369433327	0.15574497374365848	1.0923087519667085
current_XTX	-8.0	106	yptar	mrad	44310	36160	1.1183513105368683	1.08920730597475	-0.015484970319623592
current_XTX	-8.0	107	xptar	mrad	44310	36160	2.2758495502060194	2.230844373131568	0.10942891387062392
current_XTX	-8.0	107	ytar	cm	44310	36160	0.15881562467289193	0.1553316752213207	0.8240413349027698
current_XTX	-8.0	107	yptar	mrad	44310	36160	1.11897228925432	1.090097021731588	0.06618708418619779
current_XTX	-8.0	108	xptar	mrad	44310	36160	2.276054688148805	2.2308695667623075	0.11055948129878868
current_XTX	-8.0	108	ytar	cm	44310	36160	0.15875872376224842	0.15526621156060144	0.7815496098577235
current_XTX	-8.0	108	yptar	mrad	44310	36160	1.1189628356915813	1.090067130644598	0.06344321181221968
current_XTX	-8.0	109	xptar	mrad	44310	36160	2.2758430910599308	2.230945089562038	0.11394857667543778
current_XTX	-8.0	109	ytar	cm	44310	36160	0.15883470061619395	0.15534937673000507	0.8355311848689206
current_XTX	-8.0	109	yptar	mrad	44310	36160	1.1189681447031956	1.0900823124205912	0.06483683311977462
current_XTX	-8.0	110	xptar	mrad	44310	36160	2.275903419298098	2.2309804060184373	0.11553340721044414
current_XTX	-8.0	110	ytar	cm	44310	36160	0.15877938128380792	0.1552762218147632	0.788047153117577
current_XTX	-8.0	110	yptar	mrad	44310	36160	1.1189962634642638	1.0900792683413343	0.06455739982316189
current_XTX	-8.0	111	xptar	mrad	44310	36160	2.275636335483686	2.2288112442788433	0.018191994430605263
current_XTX	-8.0	111	ytar	cm	44310	36160	0.15802265114423542	0.15428624466443172	0.14546413208589293
current_XTX	-8.0	111	yptar	mrad	44310	36160	1.1174800773427664	1.0882560189217818	-0.10280900324091125
current_XTX	-8.0	112	xptar	mrad	44310	36160	2.2755724154247483	2.228709374261297	0.013620564256977552
current_XTX	-8.0	112	ytar	cm	44310	36160	0.1580936120503579	0.1543713628834649	0.2007134096200902
current_XTX	-8.0	112	yptar	mrad	44310	36160	1.117658665056951	1.088531224071422	-0.07754636198840092
current_XTX	-8.0	113	xptar	mrad	44310	36160	2.27597190883658	2.2293459647113307	0.04218764279122489
current_XTX	-8.0	113	ytar	cm	44310	36160	0.1579679136666527	0.15418366938525466	0.0788836733806697
current_XTX	-8.0	113	yptar	mrad	44310	36160	1.1166651246267911	1.0871868336815074	-0.20095557932364727
current_XTX	-8.0	114	xptar	mrad	44310	36160	2.2751377200928626	2.228414554126414	0.0003904726867620667
current_XTX	-8.0	114	ytar	cm	44310	36160	0.15791179130205096	0.15418621824686735	0.08053811075299233
current_XTX	-8.0	114	yptar	mrad	44310	36160	1.118048166228999	1.089064827083184	-0.028563915711432575
current_XTX	-8.0	115	xptar	mrad	44310	36160	2.2750595481982807	2.228401970461425	-0.00017422090230478915
current_XTX	-8.0	115	ytar	cm	44310	36160	0.15797980371868758	0.15423816908414287	0.11425881425657369
current_XTX	-8.0	115	yptar	mrad	44310	36160	1.1180382542099927	1.0890457408528704	-0.0303159490214977
current_XTX	-8.0	116	xptar	mrad	44310	36160	2.2752697982075576	2.228481650714145	0.003401440713357573
current_XTX	-8.0	116	ytar	cm	44310	36160	0.15790142968968	0.15423239491738244	0.1105108676301203
current_XTX	-8.0	116	yptar	mrad	44310	36160	1.118329459765696	1.089656941730275	0.025789645366081082
current_XTX	-8.0	117	xptar	mrad	44310	36160	2.275255178396256	2.2284535922724222	0.002142314522890487
current_XTX	-8.0	117	ytar	cm	44310	36160	0.15793548314066866	0.15426870988170938	0.1340825020643477
current_XTX	-8.0	117	yptar	mrad	44310	36160	1.118382351891177	1.0897729414100479	0.03643791375544936
current_XTX	-8.0	118	xptar	mrad	44310	36160	2.275051786870436	2.2283614819363833	-0.001991148684576949
current_XTX	-8.0	118	ytar	cm	44310	36160	0.15762911337109903	0.15386214948330193	-0.1298112746284108
current_XTX	-8.0	118	yptar	mrad	44310	36160	1.1178639347643489	1.0889878648087057	-0.03562871930490319
current_XTX	-8.0	119	xptar	mrad	44310	36160	2.274980445996364	2.2285294895276375	0.005548213637696087
current_XTX	-8.0	119	ytar	cm	44310	36160	0.1577298955957383	0.1539833207280673	-0.05116038405236223
current_XTX	-8.0	119	yptar	mrad	44310	36160	1.1179224756940072	1.0890614295500753	-0.028875794541383115
current_XTX	-8.0	120	xptar	mrad	44310	36160	2.2753475450959906	2.228415954366005	0.00045330861895287455
current_XTX	-8.0	120	ytar	cm	44310	36160	0.1579690580727127	0.15431077980489766	0.1613896154940342
current_XTX	-8.0	120	yptar	mrad	44310	36160	1.1181323003917167	1.0893987878858271	0.0020922401076095554
current_XTX	-8.0	121	xptar	mrad	44310	36160	2.2753822907453993	2.2285098344818657	0.004666190924140778
current_XTX	-8.0	121	ytar	cm	44310	36160	0.15800763519352487	0.15435442636797975	0.1897201081256572
current_XTX	-8.0	121	yptar	mrad	44310	36160	1.1180576874494688	1.0892999220441042	-0.006983216128719771
current_XTX	-8.0	122	xptar	mrad	44310	36160	2.2752361364323908	2.228531059163752	0.0056186512607414585
current_XTX	-8.0	122	ytar	cm	44310	36160	0.15784936853256412	0.15416896363485313	0.06933833638336218
current_XTX	-8.0	122	yptar	mrad	44310	36160	1.1180624457557828	1.0893201917776776	-0.005122542343305447
current_XTX	-8.0	123	xptar	mrad	44310	36160	2.274914754076012	2.2283879038711354	-0.0008054609554442038
current_XTX	-8.0	123	ytar	cm	44310	36160	0.15769412473262362	0.153950487301044	-0.07247219182530129
current_XTX	-8.0	123	yptar	mrad	44310	36160	1.1179471846266256	1.0891613093402859	-0.019707262223711552
current_XTX	-8.0	124	xptar	mrad	44310	36160	2.275226745776123	2.2285112176161133	0.00472825925186271
current_XTX	-8.0	124	ytar	cm	44310	36160	0.15800396876500392	0.1543575218984059	0.19172938206926116
current_XTX	-8.0	124	yptar	mrad	44310	36160	1.1183708667700698	1.0897550802689455	0.034798338331021306
current_XTX	-8.0	125	xptar	mrad	44310	36160	2.275024916000049	2.2283470457900374	-0.0026389726134112834
current_XTX	-8.0	125	ytar	cm	44310	36160	0.1576094451638098	0.15383817797667373	-0.1453709096590483
current_XTX	-8.0	125	yptar	mrad	44310	36160	1.1178430883906705	1.0890080130086592	-0.033779201779615686
current_XTX	-8.0	126	xptar	mrad	44310	36160	2.274861869952622	2.2284058528102086	0.0
current_XTX	-8.0	126	ytar	cm	44310	36160	0.15776112852067295	0.15406213951032008	0.0
current_XTX	-8.0	126	yptar	mrad	44310	36160	1.1181366293588513	1.089375995524326	0.0
current_XTX	-8.0	127	xptar	mrad	44310	36160	2.2751406917644212	2.2287861835747274	0.01706739210181052
current_XTX	-8.0	127	ytar	cm	44310	36160	0.15776712608823246	0.1540905738031013	0.018456379271114542
current_XTX	-8.0	127	yptar	mrad	44310	36160	1.1178317209391624	1.0893548953835996	-0.0019369015668679879
current_XTX	-8.0	128	xptar	mrad	44310	36160	2.2743959224768027	2.2284215909749876	0.0007062521738987471
current_XTX	-8.0	128	ytar	cm	44310	36160	0.1577530111746514	0.15426170660827007	0.12953675613249782
current_XTX	-8.0	128	yptar	mrad	44310	36160	1.117526015687549	1.0892659088161678	-0.010105483195022025
current_XTX	-8.0	129	xptar	mrad	44310	36160	2.2685785705470822	2.2168221511120003	-0.519820107436908
current_XTX	-8.0	129	ytar	cm	44310	36160	0.1578584549280178	0.15439141839652915	0.2137312173228656
current_XTX	-8.0	129	yptar	mrad	44310	36160	1.1174467717323	1.0891820277198438	-0.017805404679294146
current_XTX	-8.0	130	xptar	mrad	44310	36160	2.2683229257909647	2.2169458037718845	-0.5142711783794662
current_XTX	-8.0	130	ytar	cm	44310	36160	0.15766854808507558	0.15416251314798607	0.06515139799110337
current_XTX	-8.0	130	yptar	mrad	44310	36160	1.1174676517461273	1.089224194084792	-0.01393471493384979
current_XTX	-8.0	131	xptar	mrad	44310	36160	2.2679808345256864	2.216831563498352	-0.5193977253856397
current_XTX	-8.0	131	ytar	cm	44310	36160	0.1574556978784097	0.15386981889769685	-0.12483314410309809
current_XTX	-8.0	131	yptar	mrad	44310	36160	1.1173993272633125	1.0890852896029053	-0.0266855449922776
current_XTX	-8.0	132	xptar	mrad	44310	36160	2.2681001279839195	2.216812665168928	-0.5202457903555002
current_XTX	-8.0	132	ytar	cm	44310	36160	0.15772940703835756	0.15423080560034233	0.10947925983524343
current_XTX	-8.0	132	yptar	mrad	44310	36160	1.1176561376244176	1.0894631368817493	0.007999199338093455
current_XTX	-8.0	133	xptar	mrad	44310	36160	2.2680147623951146	2.216779278488045	-0.5217440219653757
current_XTX	-8.0	133	ytar	cm	44310	36160	0.15741782724267359	0.15382844219072517	-0.15169029869227524
current_XTX	-8.0	133	yptar	mrad	44310	36160	1.1173838835581467	1.0890663446338542	-0.028424611130051236
current_XTX	-8.0	134	xptar	mrad	44310	36160	2.2678247353701395	2.2168678057941404	-0.5177713476886558
current_XTX	-8.0	134	ytar	cm	44310	36160	0.1573949862067507	0.15379766555079497	-0.17166706912271623
current_XTX	-8.0	134	yptar	mrad	44310	36160	1.1173086206567076	1.0889567236669189	-0.03848734129719977
current_XTX	-8.0	135	xptar	mrad	44310	36160	2.26758411145695	2.2167546699061207	-0.5228483352525237
current_XTX	-8.0	135	ytar	cm	44310	36160	0.1574333156266923	0.15385541178282697	-0.13418464013947862
current_XTX	-8.0	135	yptar	mrad	44310	36160	1.1174052142068345	1.089120352698642	-0.023466904607261085
current_XTX	-8.0	136	xptar	mrad	44310	36160	2.264758510702493	2.215733730038001	-0.5686631434856038
current_XTX	-8.0	136	ytar	cm	44310	36160	0.1574393313494105	0.15391334701436676	-0.09657953370389993
current_XTX	-8.0	136	yptar	mrad	44310	36160	1.117471941519162	1.0892826128823958	-0.008572122234551394
current_XTX	-8.0	137	xptar	mrad	44310	36160	2.2648588001988577	2.2156164733662917	-0.5739250517489136
current_XTX	-8.0	137	ytar	cm	44310	36160	0.15748283656177273	0.15397114972232862	-0.0590604468305278
current_XTX	-8.0	137	yptar	mrad	44310	36160	1.117572177464276	1.0893964744908777	0.001879880466959527
current_XTX	-8.0	138	xptar	mrad	44310	36160	2.2650642262455287	2.2156772518451366	-0.5711976096733129
current_XTX	-8.0	138	ytar	cm	44310	36160	0.1575333637355551	0.15401873373935	-0.0281741971830618
current_XTX	-8.0	138	yptar	mrad	44310	36160	1.117497841030898	1.089243015474555	-0.012206992839702835
current_XTX	-8.0	139	xptar	mrad	44310	36160	2.264906879931955	2.215488865146246	-0.5796514870786806
current_XTX	-8.0	139	ytar	cm	44310	36160	0.15734880268099455	0.1537794631201831	-0.1834820618715649
current_XTX	-8.0	139	yptar	mrad	44310	36160	1.117583939259713	1.0893554394492229	-0.00188695869816069
current_XTX	-8.0	140	xptar	mrad	44310	36160	2.2651904643371226	2.2156218479601604	-0.5736838661560051
current_XTX	-8.0	140	ytar	cm	44310	36160	0.15757451599326858	0.15406863656727798	0.004217166513820203
current_XTX	-8.0	140	yptar	mrad	44310	36160	1.1176185545136286	1.08940826569034	0.0029622615283164677
current_XTX	-8.0	141	xptar	mrad	44310	36160	2.2647043617328273	2.215428603542537	-0.5823557343159091
current_XTX	-8.0	141	ytar	cm	44310	36160	0.157137331329674	0.1535398394001245	-0.3390191203729187
current_XTX	-8.0	141	yptar	mrad	44310	36160	1.1174507920475933	1.0891759579870568	-0.01836257987060108
current_XTX	-8.0	142	xptar	mrad	44310	36160	2.2649379146392636	2.214778168850139	-0.6115440750114609
current_XTX	-8.0	142	ytar	cm	44310	36160	0.15740821085462334	0.1538691837470071	-0.12524541326395244
current_XTX	-8.0	142	yptar	mrad	44310	36160	1.1174969034673963	1.0892618029406878	-0.010482384787935395
current_XTX	-8.0	143	xptar	mrad	44310	36160	2.2644919491550004	2.2144757574782234	-0.6251148243224258
current_XTX	-8.0	143	ytar	cm	44310	36160	0.15729647667619898	0.15370386917528084	-0.2325492403117302
current_XTX	-8.0	143	yptar	mrad	44310	36160	1.1174481284907682	1.0891814670791942	-0.017856869063681557
current_XTX	-8.0	144	xptar	mrad	44310	36160	2.264564448445333	2.2148345900152475	-0.6090121679516614
current_XTX	-8.0	144	ytar	cm	44310	36160	0.15728487741506372	0.15371105485285255	-0.22788509791141776
current_XTX	-8.0	144	yptar	mrad	44310	36160	1.1174951891731122	1.0892475219171698	-0.011793320918040973
current_XTX	-8.0	145	xptar	mrad	44310	36160	2.264663871240307	2.214701066663676	-0.6150040455713879
current_XTX	-8.0	145	ytar	cm	44310	36160	0.15734960897483954	0.15376854135244944	-0.1905712583272101
current_XTX	-8.0	145	yptar	mrad	44310	36160	1.1175064432077626	1.0891813769011711	-0.01786514701577202
current_XTX	-8.0	146	xptar	mrad	44310	36160	2.2633110068686153	2.2145852391527794	-0.6202018200589632
current_XTX	-8.0	146	ytar	cm	44310	36160	0.15723119165840702	0.153621942095184	-0.2857271854948995
current_XTX	-8.0	146	yptar	mrad	44310	36160	1.117336799287644	1.0889833210431052	-0.03604581731505574
current_XTX	-8.0	147	xptar	mrad	44310	36160	2.262954220592134	2.2143346945088815	-0.6314450432618579
current_XTX	-8.0	147	ytar	cm	44310	36160	0.1573873603807846	0.15375559094265276	-0.19897722350323832
current_XTX	-8.0	147	yptar	mrad	44310	36160	1.1174063191280839	1.0890588805416044	-0.0291097824832387
current_XTX	-8.0	148	xptar	mrad	44310	36160	2.262402278100432	2.2140444136281796	-0.6444714352153547
current_XTX	-8.0	148	ytar	cm	44310	36160	0.15738565425172601	0.1537542142823124	-0.19987079822882947
current_XTX	-8.0	148	yptar	mrad	44310	36160	1.1174367211358023	1.0890982053526297	-0.025499935085560033
current_XTX	-8.0	149	xptar	mrad	44310	36160	2.263166365411724	2.2142558604851943	-0.6349827302405409
current_XTX	-8.0	149	ytar	cm	44310	36160	0.1574526275620693	0.15386003846729487	-0.13118151134832168
current_XTX	-8.0	149	yptar	mrad	44310	36160	1.117599554347916	1.089374006062456	-0.00018262398642221456
current_XTX	-8.0	150	xptar	mrad	44310	36160	2.26393405761225	2.2147610715546016	-0.6123113183534201
current_XTX	-8.0	150	ytar	cm	44310	36160	0.15765105094711862	0.1541226155458323	0.039254313684344844
current_XTX	-8.0	150	yptar	mrad	44310	36160	1.1176331319285868	1.0894524598921782	0.007019097920846207
current_XTX	-8.0	151	xptar	mrad	44310	36160	2.263814131855779	2.2142575667040343	-0.6349061634500774
current_XTX	-8.0	151	ytar	cm	44310	36160	0.15799768908542816	0.15454839375530766	0.3156221551466887
current_XTX	-8.0	151	yptar	mrad	44310	36160	1.117840802695146	1.0897365429238315	0.033096690305889354
current_XTX	-8.0	152	xptar	mrad	44310	36160	2.2637390490957894	2.2141584044685128	-0.639356081556175
current_XTX	-8.0	152	ytar	cm	44310	36160	0.1577939599710454	0.15447279633755223	0.2665527225166553
current_XTX	-8.0	152	yptar	mrad	44310	36160	1.1169846017560832	1.0894469207604578	0.006510629610256835
current_XTX	-8.0	153	xptar	mrad	44310	36160	2.26351716027448	2.214361353400864	-0.6302487220464559
current_XTX	-8.0	153	ytar	cm	44310	36160	0.15763909786339872	0.1542767358352365	0.13929205812570622
current_XTX	-8.0	153	yptar	mrad	44310	36160	1.1165831133633137	1.0887654675607672	-0.05604382380989259
current_XTX	-8.0	154	xptar	mrad	44310	36160	2.2641459729661837	2.2149397500534698	-0.6042930976759453
current_XTX	-8.0	154	ytar	cm	44310	36160	0.15743263886440997	0.15390156419790754	-0.10422762719181078
current_XTX	-8.0	154	yptar	mrad	44310	36160	1.1169715163061262	1.088435062501527	-0.08637357777890875
current_XTX	-8.0	155	xptar	mrad	44310	36160	2.263540422618318	2.215092596302373	-0.5974341025467345
current_XTX	-8.0	155	ytar	cm	44310	36160	0.15791449009610262	0.15460404104492873	0.35174218424529613
current_XTX	-8.0	155	yptar	mrad	44310	36160	1.1165605402927046	1.0879667981655905	-0.12935821649505685
current_XTX	-8.0	156	xptar	mrad	44310	36160	2.261876969618468	2.2114457979699664	-0.7610846479717437
current_XTX	-8.0	156	ytar	cm	44310	36160	0.15733121823723165	0.15395973721096776	-0.06646817944876426
current_XTX	-8.0	156	yptar	mrad	44310	36160	1.1170976329693236	1.0885893269488423	-0.07221276939420873
current_XTX	-8.0	157	xptar	mrad	44310	36160	2.2624539293271693	2.211284071848825	-0.7683421285127001
current_XTX	-8.0	157	ytar	cm	44310	36160	0.1576672327985893	0.15434556226203874	0.18396651677012876
current_XTX	-8.0	157	yptar	mrad	44310	36160	1.117092344919927	1.0885865094092932	-0.07247140732643542
current_XTX	-8.0	158	xptar	mrad	44310	36160	2.261779125486355	2.2110262679979233	-0.7799111095659783
current_XTX	-8.0	158	ytar	cm	44310	36160	0.15744914684589198	0.15406142357666047	-0.00046470447696567163
current_XTX	-8.0	158	yptar	mrad	44310	36160	1.1171771157620345	1.0886741225878325	-0.06442889685261965
current_XTX	-8.0	159	xptar	mrad	44310	36160	2.262553779716685	2.211111974748826	-0.7760650080672504
current_XTX	-8.0	159	ytar	cm	44310	36160	0.1574728186573583	0.15409299547485536	0.02002825913840489
current_XTX	-8.0	159	yptar	mrad	44310	36160	1.1167345585516741	1.0881044774390558	-0.11671985526523487
current_XTX	-8.0	160	xptar	mrad	44310	36160	2.2622076951344097	2.211304376597948	-0.7674309502774923
current_XTX	-8.0	160	ytar	cm	44310	36160	0.15765060386714339	0.15432630096910332	0.17146422840996767
current_XTX	-8.0	160	yptar	mrad	44310	36160	1.1171070162918029	1.0886075601354797	-0.07053904180039927
current_XTX	-8.0	161	xptar	mrad	44310	36160	2.2625583532052307	2.210871423214511	-0.7868597891889983
current_XTX	-8.0	161	ytar	cm	44310	36160	0.15756060733313923	0.15420812029761816	0.09475448527591634
current_XTX	-8.0	161	yptar	mrad	44310	36160	1.1171402014410812	1.0886551972968508	-0.06616615662881076
current_XTX	-8.0	162	xptar	mrad	44310	36160	2.2625327470090015	2.210685886960951	-0.7951857524925776
current_XTX	-8.0	162	ytar	cm	44310	36160	0.157681729982512	0.15433468611184623	0.17690693014678072
current_XTX	-8.0	162	yptar	mrad	44310	36160	1.1167130495780186	1.0880645047486066	-0.12038917518907288
current_XTX	-8.0	163	xptar	mrad	44310	36160	2.261776340161813	2.2103448272523822	-0.8104908508945963
current_XTX	-8.0	163	ytar	cm	44310	36160	0.15748678988275688	0.15410227268717597	0.026049993193288934
current_XTX	-8.0	163	yptar	mrad	44310	36160	1.1170125661557098	1.0884896226917253	-0.0813651885338329
current_XTX	-8.0	164	xptar	mrad	44310	36160	2.2625886961775503	2.2106228979412617	-0.7980123928736371
current_XTX	-8.0	164	ytar	cm	44310	36160	0.15777202206355317	0.15447198747056579	0.2660276960636754
current_XTX	-8.0	164	yptar	mrad	44310	36160	1.1168903642401071	1.0882599113215525	-0.10245169779387053
current_XTX	-8.0	165	xptar	mrad	44310	36160	2.26155713207653	2.2098760896288145	-0.8315255121963738
current_XTX	-8.0	165	ytar	cm	44310	36160	0.15778729592634505	0.154484991766249	0.2744686379618777
current_XTX	-8.0	165	yptar	mrad	44310	36160	1.1168382814020215	1.088243133331685	-0.10399184462438482
current_XTX	-8.0	166	xptar	mrad	44310	36160	2.262845957610667	2.2097056725069617	-0.8391730025149813
current_XTX	-8.0	166	ytar	cm	44310	36160	0.15731888695667037	0.15403376876553534	-0.018415130982152306
current_XTX	-8.0	166	yptar	mrad	44310	36160	1.1163955601424178	1.0877406144712096	-0.15012090039026038
current_XTX	-8.0	167	xptar	mrad	44310	36160	2.261897549287406	2.2091834443677336	-0.8626080576046746
current_XTX	-8.0	167	ytar	cm	44310	36160	0.15755784207404352	0.15433271759848166	0.17562919028750734
current_XTX	-8.0	167	yptar	mrad	44310	36160	1.1164053981104909	1.0878481733451102	-0.14024746143598277
current_XTX	-8.0	168	xptar	mrad	44310	36160	2.2615358429602854	2.209091207446259	-0.8667472013498823
current_XTX	-8.0	168	ytar	cm	44310	36160	0.15738684642825723	0.1541356500089135	0.04771483690091394
current_XTX	-8.0	168	yptar	mrad	44310	36160	1.116568838355451	1.0880669449533595	-0.12016517495747614
current_XTX	-8.0	169	xptar	mrad	44310	36160	2.2621034624103737	2.2093671872591343	-0.8543625716592396
current_XTX	-8.0	169	ytar	cm	44310	36160	0.15739810616408847	0.15413375718571856	0.04648622667848823
current_XTX	-8.0	169	yptar	mrad	44310	36160	1.1166564568189121	1.0882093383718938	-0.10709407561994011
current_XTX	-8.0	170	xptar	mrad	44310	36160	2.262076398682754	2.209430754739623	-0.8515099727752218
current_XTX	-8.0	170	ytar	cm	44310	36160	0.15644774353479016	0.15323617331774358	-0.536125355133843
current_XTX	-8.0	170	yptar	mrad	44310	36160	1.115106060439508	1.0861565292291901	-0.2955330674039969
current_XTX	-8.0	171	xptar	mrad	44310	36160	2.262056526149542	2.2096109805684807	-0.8434223154649367
current_XTX	-8.0	171	ytar	cm	44310	36160	0.15681164225384378	0.15366574613707296	-0.2572944751429773
current_XTX	-8.0	171	yptar	mrad	44310	36160	1.1145329123493912	1.0853871898363516	-0.3661550928570456
current_XTX	-8.0	172	xptar	mrad	44310	36160	2.261487423411901	2.209158926927446	-0.8637082808991337
current_XTX	-8.0	172	ytar	cm	44310	36160	0.15611629279978675	0.1528348290291497	-0.7966334136805697
current_XTX	-8.0	172	yptar	mrad	44310	36160	1.115382292279587	1.086546475676177	-0.25973767182077
current_XTX	-8.0	173	xptar	mrad	44310	36160	2.2623953166754376	2.2096221540899172	-0.8429209022496331
current_XTX	-8.0	173	ytar	cm	44310	36160	0.1559833630184652	0.15276251258592477	-0.8435732026869869
current_XTX	-8.0	173	yptar	mrad	44310	36160	1.1155475122111378	1.0866663361725513	-0.24873499718255365
current_XTX	-8.0	174	xptar	mrad	44310	36160	2.2613702296052214	2.209119368556148	-0.8654834679122092
current_XTX	-8.0	174	ytar	cm	44310	36160	0.15605740401192675	0.15285933250878145	-0.7807284809633996
current_XTX	-8.0	174	yptar	mrad	44310	36160	1.1155104285383448	1.0866345481894426	-0.2516529964077252
current_XTX	-8.0	175	xptar	mrad	44310	36160	2.261665824355354	2.2096365668365943	-0.8422741283839574
current_XTX	-8.0	175	ytar	cm	44310	36160	0.1563987675359551	0.15325641663985862	-0.5229856426909429
current_XTX	-8.0	175	yptar	mrad	44310	36160	1.1142771852638733	1.084999352648525	-0.40175686758128215
current_XTX	-8.0	176	xptar	mrad	44310	36160	2.2612858910684066	2.2095060039654477	-0.84813315406288
current_XTX	-8.0	176	ytar	cm	44310	36160	0.1562272643235543	0.15305146314268636	-0.6560186499071752
current_XTX	-8.0	176	yptar	mrad	44310	36160	1.1151742099405342	1.0863583961964816	-0.27700255377778316
current_XTX	-8.0	177	xptar	mrad	44310	36160	2.26126563716438	2.209752326333661	-0.837079406025798
current_XTX	-8.0	177	ytar	cm	44310	36160	0.1562731287037554	0.1531039060652283	-0.6219785393981159
current_XTX	-8.0	177	yptar	mrad	44310	36160	1.1149368966542048	1.0860642261817663	-0.30400608753690106
current_XTX	-8.0	178	xptar	mrad	44310	36160	2.261349121646184	2.2094011428798797	-0.852838808799683
current_XTX	-8.0	178	ytar	cm	44310	36160	0.15618835790374996	0.15300380344224773	-0.6869540248085726
current_XTX	-8.0	178	yptar	mrad	44310	36160	1.1149850113363124	1.0861165243352975	-0.2992053434645148
current_XTX	-8.0	179	xptar	mrad	44310	36160	2.261166654480391	2.20968112451125	-0.8402745969880332
current_XTX	-8.0	179	ytar	cm	44310	36160	0.15628382821350253	0.1531217079914686	-0.610423509527136
current_XTX	-8.0	179	yptar	mrad	44310	36160	1.1147407894191619	1.085793238446467	-0.3288815884119667
current_XTX	-8.0	180	xptar	mrad	44310	36160	2.2613866480401787	2.2096532020701694	-0.8415276201321542
current_XTX	-8.0	180	ytar	cm	44310	36160	0.15617227686433388	0.1529857250820196	-0.6986884848683816
current_XTX	-8.0	180	yptar	mrad	44310	36160	1.1150718161426396	1.08621884869374	-0.2898124103667632
current_XTX	-8.0	181	xptar	mrad	44310	36160	2.2612387371808382	2.209626873017376	-0.8427091397714137
current_XTX	-8.0	181	ytar	cm	44310	36160	0.15619771391832826	0.1530152932088648	-0.6794961466734306
current_XTX	-8.0	181	yptar	mrad	44310	36160	1.11488422584448	1.0859520878080455	-0.3142999047480055
current_XTX	-8.0	182	xptar	mrad	44310	36160	2.260945550614884	2.209485617575093	-0.8490479959588737
current_XTX	-8.0	182	ytar	cm	44310	36160	0.15622669898643698	0.15305758399457822	-0.65204567386562
current_XTX	-8.0	182	yptar	mrad	44310	36160	1.1150054558957685	1.0861342595181651	-0.29757733046069657
current_XTX	-8.0	183	xptar	mrad	44310	36160	2.2612764565172983	2.2095401658512697	-0.8466001350314056
current_XTX	-8.0	183	ytar	cm	44310	36160	0.156181397826642	0.15300279435978073	-0.6876090088755338
current_XTX	-8.0	183	yptar	mrad	44310	36160	1.1149665556414543	1.0860846764602536	-0.30212884051005195
current_XTX	-8.0	184	xptar	mrad	44310	36160	2.261187563554595	2.2095765643393244	-0.8449667481863266
current_XTX	-8.0	184	ytar	cm	44310	36160	0.1562577218112611	0.15308562181521265	-0.6338466402006637
current_XTX	-8.0	184	yptar	mrad	44310	36160	1.1149986267674277	1.086118295585641	-0.29904275035150807
current_XTX	-8.0	185	xptar	mrad	44310	36160	2.2613109944555108	2.2096144385701546	-0.8432671371939038
current_XTX	-8.0	185	ytar	cm	44310	36160	0.15612474346896715	0.1529353647775074	-0.7313767914648439
current_XTX	-8.0	185	yptar	mrad	44310	36160	1.1148750834363383	1.0859791106861478	-0.3118193215321696
current_XTX	-8.0	186	xptar	mrad	44310	36160	2.2608874183828056	2.2095134876184215	-0.8477973241706516
current_XTX	-8.0	186	ytar	cm	44310	36160	0.15623355852866402	0.15306722092778832	-0.6457904490318356
current_XTX	-8.0	186	yptar	mrad	44310	36160	1.1149885414730618	1.0861273131894755	-0.2982149733606776
current_XTX	-8.0	187	xptar	mrad	44310	36160	2.2613866134978333	2.2096445924287114	-0.8419139789027974
current_XTX	-8.0	187	ytar	cm	44310	36160	0.156232433979739	0.15305674045100928	-0.6525932084978314
current_XTX	-8.0	187	yptar	mrad	44310	36160	1.1149645471938978	1.0860714334121835	-0.3033444949878894
current_XTX	-8.0	188	xptar	mrad	44310	36160	2.261496415160601	2.2099530847514166	-0.8280703461410077
current_XTX	-8.0	188	ytar	cm	44310	36160	0.15604438971236137	0.15283491827587786	-0.7965754846342432
current_XTX	-8.0	188	yptar	mrad	44310	36160	1.114830762417842	1.0859268615150408	-0.31661556923008316
current_XTX	-8.0	189	xptar	mrad	44310	36160	2.261019004077228	2.2095859843836227	-0.8445440224837175
current_XTX	-8.0	189	ytar	cm	44310	36160	0.15619058158823051	0.15301149784549	-0.6819596743038114
current_XTX	-8.0	189	yptar	mrad	44310	36160	1.1149336743628344	1.0860512578185033	-0.3051965271386847
current_XTX	-8.0	190	xptar	mrad	44310	36160	2.2608850405046295	2.209459785536718	-0.8502072120120219
current_XTX	-8.0	190	ytar	cm	44310	36160	0.1562922238461452	0.15313713084233055	-0.6004127106955859
current_XTX	-8.0	190	yptar	mrad	44310	36160	1.1149811160386436	1.086136291686428	-0.29739078621232595
current_XTX	-8.0	191	xptar	mrad	44310	36160	2.2613686624322944	2.209692092244632	-0.8397824185382152
current_XTX	-8.0	191	ytar	cm	44310	36160	0.15620161522306109	0.15302313102014603	-0.674408711625385
current_XTX	-8.0	191	yptar	mrad	44310	36160	1.114946020356203	1.0860561034669496	-0.3047517175902681
current_XTX	-8.0	192	xptar	mrad	44310	36160	2.261205086456927	2.2096402569166465	-0.8421085355657776
current_XTX	-8.0	192	ytar	cm	44310	36160	0.1561662318751986	0.1529794614560533	-0.70275413395402
current_XTX	-8.0	192	yptar	mrad	44310	36160	1.114857070986022	1.0859361018201177	-0.31576734922939
current_XTX	-8.0	193	xptar	mrad	44310	36160	2.2612594394027616	2.2097831742838245	-0.8356951002843283
current_XTX	-8.0	193	ytar	cm	44310	36160	0.1561631944686552	0.15298950544487663	-0.6962346939051733
current_XTX	-8.0	193	yptar	mrad	44310	36160	1.1147542303164222	1.0858026358816384	-0.32801894454886904
current_XTX	-8.0	194	xptar	mrad	44310	36160	2.2613318642061944	2.2096584748307375	-0.8412910043217314
current_XTX	-8.0	194	ytar	cm	44310	36160	0.15620346466157742	0.153024913575404	-0.6732516750792006
current_XTX	-8.0	194	yptar	mrad	44310	36160	1.114936058233095	1.086065958447829	-0.303847073012109
current_XTX	-8.0	195	xptar	mrad	44310	36160	2.2613566199192614	2.2096374053520456	-0.842236499894955
current_XTX	-8.0	195	ytar	cm	44310	36160	0.1562374015399389	0.15306884553933023	-0.6447359319732837
current_XTX	-8.0	195	yptar	mrad	44310	36160	1.1150305649459216	1.086154503982537	-0.29571897627856947
current_XTX	-8.0	196	xptar	mrad	44310	36160	2.26134217486023	2.209823156590741	-0.8339008891056987
current_XTX	-8.0	196	ytar	cm	44310	36160	0.1563905235105201	0.1532437579136224	-0.5312022793522497
current_XTX	-8.0	196	yptar	mrad	44310	36160	1.1149457863728436	1.086030407472625	-0.30711049861996687
current_XTX	-8.0	197	xptar	mrad	44310	36160	2.261124302327753	2.209680859785252	-0.8402864766013263
current_XTX	-8.0	197	ytar	cm	44310	36160	0.15619176924146738	0.153014183663191	-0.6802163402766959
current_XTX	-8.0	197	yptar	mrad	44310	36160	1.1150178314531922	1.0861660187137572	-0.29466197380491055
current_XTX	-8.0	198	xptar	mrad	44310	36160	2.2613012797869403	2.209470323901602	-0.849734301528926
current_XTX	-8.0	198	ytar	cm	44310	36160	0.15625543516384333	0.15308995258553154	-0.6310355859516115
current_XTX	-8.0	198	yptar	mrad	44310	36160	1.114894550988605	1.0860065227216975	-0.30930301534749516
current_XTX	-8.0	199	xptar	mrad	44310	36160	2.2614594663039465	2.2099599645536654	-0.827761614127942
current_XTX	-8.0	199	ytar	cm	44310	36160	0.1560874279410654	0.15288985380323467	-0.7609174524068507
current_XTX	-8.0	199	yptar	mrad	44310	36160	1.1149256225880482	1.0860533729314223	-0.3050023689299741
current_XTX	-8.0	200	xptar	mrad	44310	36160	2.261113673957761	2.20957492342753	-0.8450403843146992
current_XTX	-8.0	200	ytar	cm	44310	36160	0.15620378458848536	0.15303622061832273	-0.6659124008391637
current_XTX	-8.0	200	yptar	mrad	44310	36160	1.1150086357111613	1.086182900662216	-0.29311228402579825
current_XTX	-8.0	201	xptar	mrad	44310	36160	2.2612700332074427	2.209538077047479	-0.8466938703708737
current_XTX	-8.0	201	ytar	cm	44310	36160	0.15622388035525964	0.15305088985091367	-0.6563907671415126
current_XTX	-8.0	201	yptar	mrad	44310	36160	1.1148464278376478	1.0859295529035462	-0.31636851141749744
current_XTX	-8.0	202	xptar	mrad	44310	36160	2.2613796456837716	2.2096222094048006	-0.8429184199871043
current_XTX	-8.0	202	ytar	cm	44310	36160	0.15612628555986546	0.15293549189091987	-0.7312942835801195
current_XTX	-8.0	202	yptar	mrad	44310	36160	1.1148722365800254	1.0859633543479585	-0.313265685161801
current_XTX	-8.0	203	xptar	mrad	44310	36160	2.2608022136625476	2.2092524821322095	-0.8595099790213334
current_XTX	-8.0	203	ytar	cm	44310	36160	0.15635318856741032	0.15320550728732413	-0.556030330176327
current_XTX	-8.0	203	yptar	mrad	44310	36160	1.1154477273212666	1.086732582627594	-0.24265385941975026
current_XTX	-8.0	204	xptar	mrad	44310	36160	2.2612295037414847	2.2097883468740305	-0.8354629796318291
current_XTX	-8.0	204	ytar	cm	44310	36160	0.15621271563575778	0.1530312607784419	-0.6691317770574856
current_XTX	-8.0	204	yptar	mrad	44310	36160	1.1149033524323095	1.0859964871947088	-0.3102242332768457
current_XTX	-8.0	205	xptar	mrad	44310	36160	2.260903786864188	2.2094754612660528	-0.8495037616367385
current_XTX	-8.0	205	ytar	cm	44310	36160	0.15628598116476858	0.15312969896493264	-0.6052366586308366
current_XTX	-8.0	205	yptar	mrad	44310	36160	1.1149300867553926	1.08605853504171	-0.3045285095546246
current_XTX	-8.0	206	xptar	mrad	44310	36160	2.2613032593843627	2.20959188588846	-0.8442791916931425
current_XTX	-8.0	206	ytar	cm	44310	36160	0.15624432493031093	0.1530775308105314	-0.6390984202336858
current_XTX	-8.0	206	yptar	mrad	44310	36160	1.1150484724303473	1.0862103052247531	-0.29059666383132177
current_XTX	-8.0	207	xptar	mrad	44310	36160	2.261315072400032	2.2095176169809725	-0.847612018493693
current_XTX	-8.0	207	ytar	cm	44310	36160	0.15631030127146966	0.1531470404784821	-0.593980477453182
current_XTX	-8.0	207	yptar	mrad	44310	36160	1.1152617977437154	1.0864883305187119	-0.265075145540028
current_XTX	-8.0	208	xptar	mrad	44310	36160	2.2612702531763755	2.2097194498358275	-0.838554743105524
current_XTX	-8.0	208	ytar	cm	44310	36160	0.15617009962768685	0.15298765692268534	-0.6974345488449885
current_XTX	-8.0	208	yptar	mrad	44310	36160	1.1149823489296393	1.0861214279611773	-0.29875521183870823
current_XTX	-8.0	209	xptar	mrad	44310	36160	2.261191231284849	2.209669874083988	-0.8407794613621622
current_XTX	-8.0	209	ytar	cm	44310	36160	0.15629766140302154	0.15312626122906559	-0.6074680542728639
current_XTX	-8.0	209	yptar	mrad	44310	36160	1.1150364850310892	1.0861468920674329	-0.29641771712979326
current_XTX	-8.0	210	xptar	mrad	44310	36160	2.2613818271046013	2.2096432616336505	-0.8419736985027626
current_XTX	-8.0	210	ytar	cm	44310	36160	0.15623285901720838	0.15305985498812016	-0.6505715975291704
current_XTX	-8.0	210	yptar	mrad	44310	36160	1.114931785885615	1.0860698559061621	-0.30348930321093537
current_XTX	-3.0	1	xptar	mrad	25505	8218	29.7902398028925	29.311600226146417	1312.0065601042202
current_XTX	-3.0	1	ytar	cm	25505	8218	0.6603632606503657	0.5919217010296722	313.2775518249128
current_XTX	-3.0	1	yptar	mrad	25505	8218	12.80754509523769	13.0724149161648	1073.6640360942629
current_XTX	-3.0	2	xptar	mrad	25505	8218	29.7117161931536	29.26585643015261	1309.8029772384266
current_XTX	-3.0	2	ytar	cm	25505	8218	0.6615660352422374	0.5884612601444086	310.8614847423766
current_XTX	-3.0	2	yptar	mrad	25505	8218	12.772193561732692	12.984743642057527	1065.7927573689349
current_XTX	-3.0	3	xptar	mrad	25505	8218	7.303467045663523	6.77280143959253	226.2612750312211
current_XTX	-3.0	3	ytar	cm	25505	8218	0.6615569865781453	0.5880226180485161	310.555226446385
current_XTX	-3.0	3	yptar	mrad	25505	8218	12.7701018076137	12.984198709339962	1065.7438323664164
current_XTX	-3.0	4	xptar	mrad	25505	8218	7.268788254524058	6.74429850782341	224.8882238729871
current_XTX	-3.0	4	ytar	cm	25505	8218	0.711974126279919	0.6601872960589922	360.94033887683406
current_XTX	-3.0	4	yptar	mrad	25505	8218	11.78497868319215	12.347668724843164	1008.595068691869
current_XTX	-3.0	5	xptar	mrad	25505	8218	7.2692968833873906	6.747111641452724	225.02373892874647
current_XTX	-3.0	5	ytar	cm	25505	8218	0.7463080059337961	0.704620042294948	391.96311866900953
current_XTX	-3.0	5	yptar	mrad	25505	8218	2.0515340035805285	1.954770003246572	75.50263408556613
current_XTX	-3.0	6	xptar	mrad	25505	8218	7.244294209360386	6.7300540949340455	224.20203805271677
current_XTX	-3.0	6	ytar	cm	25505	8218	0.747257320195603	0.7023197623721351	390.3570716980023
current_XTX	-3.0	6	yptar	mrad	25505	8218	2.053001040189685	1.9496547152945138	75.04337468000877
current_XTX	-3.0	7	xptar	mrad	25505	8218	2.913036912346791	3.036292528955517	46.26512835202745
current_XTX	-3.0	7	ytar	cm	25505	8218	0.7472620289084293	0.7023335085064789	390.36666919837916
current_XTX	-3.0	7	yptar	mrad	25505	8218	2.0527270227444627	1.9484721959194655	74.93720604388609
current_XTX	-3.0	8	xptar	mrad	25505	8218	2.7788112077683733	2.885811551945917	39.01611686616147
current_XTX	-3.0	8	ytar	cm	25505	8218	0.7445090632847302	0.6979801290541059	387.32715569665766
current_XTX	-3.0	8	yptar	mrad	25505	8218	2.0424101849340492	1.935469465994822	73.76979844693703
current_XTX	-3.0	9	xptar	mrad	25505	8218	2.7853952972789346	2.8871551849222947	39.080842727676355
current_XTX	-3.0	9	ytar	cm	25505	8218	0.744513054146188	0.7192118915026897	402.15109404934026
current_XTX	-3.0	9	yptar	mrad	25505	8218	2.0378758408572297	1.9793394514911362	77.70852167223279
current_XTX	-3.0	10	xptar	mrad	25505	8218	2.780749733211491	2.881606893873817	38.8135689078448
current_XTX	-3.0	10	ytar	cm	25505	8218	0.7443448146423888	0.718802977949346	401.8655921122767
current_XTX	-3.0	10	yptar	mrad	25505	8218	2.0381010143819562	1.980586285225514	77.82046456284735
current_XTX	-3.0	11	xptar	mrad	25505	8218	2.761194674935858	2.860106079751741	37.77782570877945
current_XTX	-3.0	11	ytar	cm	25505	8218	0.7209861495176937	0.7006586489633734	389.19728843328613
current_XTX	-3.0	11	yptar	mrad	25505	8218	1.985936778104362	1.940164769430967	74.19135091577269
current_XTX	-3.0	12	xptar	mrad	25505	8218	2.711302228998342	2.775738221668542	33.71363377943011
current_XTX	-3.0	12	ytar	cm	25505	8218	0.2452395419427615	0.23979688956226458	67.42530520696994
current_XTX	-3.0	12	yptar	mrad	25505	8218	1.2006021166242746	1.1873678591799708	6.603941419464721
current_XTX	-3.0	13	xptar	mrad	25505	8218	2.710658869343877	2.777964236649159	33.82086599231755
current_XTX	-3.0	13	ytar	cm	25505	8218	0.23741704632175967	0.22977259990417462	60.426383083532656
current_XTX	-3.0	13	yptar	mrad	25505	8218	1.1931133214046592	1.177897502414381	5.7536763983468076
current_XTX	-3.0	14	xptar	mrad	25505	8218	2.678416350708007	2.74080348018179	32.030747694253606
current_XTX	-3.0	14	ytar	cm	25505	8218	0.23744756386495586	0.22979833031241964	60.444347959813506
current_XTX	-3.0	14	yptar	mrad	25505	8218	1.192648144614871	1.1778312759381042	5.747730470686041
current_XTX	-3.0	15	xptar	mrad	25505	8218	2.664659289842697	2.722357365108763	31.142156307546642
current_XTX	-3.0	15	ytar	cm	25505	8218	0.2360707101093678	0.22793036864683225	59.140144003929066
current_XTX	-3.0	15	yptar	mrad	25505	8218	1.1920408747256792	1.1784291825815987	5.801411563958525
current_XTX	-3.0	16	xptar	mrad	25505	8218	2.6649882225550714	2.7226161247357	31.154621348278155
current_XTX	-3.0	16	ytar	cm	25505	8218	0.23561604038275571	0.22715466489350516	58.598550499993074
current_XTX	-3.0	16	yptar	mrad	25505	8218	1.1910129319732188	1.1770281676276084	5.6756260165998995
current_XTX	-3.0	17	xptar	mrad	25505	8218	2.3635324038175787	2.37158484917066	14.24464509056933
current_XTX	-3.0	17	ytar	cm	25505	8218	0.23557669742060405	0.22719525730133633	58.626891969653606
current_XTX	-3.0	17	yptar	mrad	25505	8218	1.1910080225889357	1.1768287683456131	5.657723603954512
current_XTX	-3.0	18	xptar	mrad	25505	8218	2.3423169039579883	2.39990451807869	15.608868059278102
current_XTX	-3.0	18	ytar	cm	25505	8218	0.233334274075293	0.22576362979049497	57.627334913751625
current_XTX	-3.0	18	yptar	mrad	25505	8218	1.187934127857241	1.1738676724689687	5.39187129126919
current_XTX	-3.0	19	xptar	mrad	25505	8218	2.3421402651536787	2.3997383796058642	15.600864790548119
current_XTX	-3.0	19	ytar	cm	25505	8218	0.23227818402525247	0.2244018200529883	56.67652437007828
current_XTX	-3.0	19	yptar	mrad	25505	8218	1.187333314525428	1.1737802626181548	5.384023483579603
current_XTX	-3.0	20	xptar	mrad	25505	8218	2.344220970476716	2.4039744525971476	15.804926077090808
current_XTX	-3.0	20	ytar	cm	25505	8218	0.2322290165206299	0.2243909847072621	56.66895917159491
current_XTX	-3.0	20	yptar	mrad	25505	8218	1.1874603931725929	1.1737984963304238	5.385660537824877
current_XTX	-3.0	21	xptar	mrad	25505	8218	2.3437971881331716	2.4021862655510136	15.718785033259897
current_XTX	-3.0	21	ytar	cm	25505	8218	0.23042115337750518	0.22442924277332968	56.69567081243263
current_XTX	-3.0	21	yptar	mrad	25505	8218	1.1857742748923548	1.173955063076916	5.399717371300916
current_XTX	-3.0	22	xptar	mrad	25505	8218	2.3417682686097043	2.3984574071206146	15.539157427642959
current_XTX	-3.0	22	ytar	cm	25505	8218	0.2302325253821535	0.22419443120504545	56.531726240182856
current_XTX	-3.0	22	yptar	mrad	25505	8218	1.185980128264923	1.1742293584079002	5.424344080849952
current_XTX	-3.0	23	xptar	mrad	25505	8218	2.338842008037338	2.396539454915758	15.44676530048752
current_XTX	-3.0	23	ytar	cm	25505	8218	0.22990452670611428	0.22467907864541112	56.87010529826455
current_XTX	-3.0	23	yptar	mrad	25505	8218	1.1860994606024733	1.175135452382194	5.5056947660730104
current_XTX	-3.0	24	xptar	mrad	25505	8218	2.3015921750333344	2.3652382637370146	13.938915611542967
current_XTX	-3.0	24	ytar	cm	25505	8218	0.21565870167037055	0.21305480887740105	48.75408295423036
current_XTX	-3.0	24	yptar	mrad	25505	8218	1.167235362384342	1.1601341645575238	4.15885318188014
current_XTX	-3.0	25	xptar	mrad	25505	8218	2.2972130005385907	2.362645999201516	13.814040323213096
current_XTX	-3.0	25	ytar	cm	25505	8218	0.21505753587000037	0.2132342049561905	48.87933663579014
current_XTX	-3.0	25	yptar	mrad	25505	8218	1.168192166079445	1.162403367657706	4.362586163609783
current_XTX	-3.0	26	xptar	mrad	25505	8218	2.268932195955096	2.335841583839766	12.522810569854625
current_XTX	-3.0	26	ytar	cm	25505	8218	0.21198701419835433	0.20896179199517734	45.8963536401658
current_XTX	-3.0	26	yptar	mrad	25505	8218	1.1668569825138542	1.1573598545669608	3.9097708293245548
current_XTX	-3.0	27	xptar	mrad	25505	8218	2.21865280855826	2.254313054391738	8.595395569373764
current_XTX	-3.0	27	ytar	cm	25505	8218	0.1835295846169537	0.1855795391293209	29.57095079762364
current_XTX	-3.0	27	yptar	mrad	25505	8218	1.1384566782083123	1.1349905030434793	1.9014117340669712
current_XTX	-3.0	28	xptar	mrad	25505	8218	2.218641140002741	2.256859561084217	8.71806659816059
current_XTX	-3.0	28	ytar	cm	25505	8218	0.17744772064521702	0.1789706766370002	24.956667343540783
current_XTX	-3.0	28	yptar	mrad	25505	8218	1.1351792919917845	1.1318052349599463	1.6154328526639006
current_XTX	-3.0	29	xptar	mrad	25505	8218	2.2054630757823293	2.228082011649904	7.33178648136481
current_XTX	-3.0	29	ytar	cm	25505	8218	0.17801784737553344	0.17788727100324056	24.20023751984177
current_XTX	-3.0	29	yptar	mrad	25505	8218	1.1315831730594295	1.127158226587375	1.198216398221974
current_XTX	-3.0	30	xptar	mrad	25505	8218	2.2059695442562615	2.2288033054605636	7.366532847464113
current_XTX	-3.0	30	ytar	cm	25505	8218	0.1767435675800272	0.17819102378738427	24.412316595119023
current_XTX	-3.0	30	yptar	mrad	25505	8218	1.1298070958561963	1.1281694941623384	1.289009751341097
current_XTX	-3.0	31	xptar	mrad	25505	8218	2.206454636079189	2.2309711129978282	7.470961075198002
current_XTX	-3.0	31	ytar	cm	25505	8218	0.1704076269728686	0.17089484271572108	19.318149840085532
current_XTX	-3.0	31	yptar	mrad	25505	8218	1.126820153312911	1.1240056905176208	0.9151762536665053
current_XTX	-3.0	32	xptar	mrad	25505	8218	2.2056814704659975	2.230098816147306	7.42894054865586
current_XTX	-3.0	32	ytar	cm	25505	8218	0.1703889530690205	0.17113003589124984	19.482360849108126
current_XTX	-3.0	32	yptar	mrad	25505	8218	1.1253301158869315	1.1237916609847391	0.8959603117754122
current_XTX	-3.0	33	xptar	mrad	25505	8218	2.206161635980224	2.2307055481656826	7.458168212228067
current_XTX	-3.0	33	ytar	cm	25505	8218	0.1704143896454237	0.17109965608940086	19.461149783335017
current_XTX	-3.0	33	yptar	mrad	25505	8218	1.1253332840205854	1.1238181449863611	0.898338091277906
current_XTX	-3.0	34	xptar	mrad	25505	8218	2.206290446076664	2.230988574237529	7.471802222894319
current_XTX	-3.0	34	ytar	cm	25505	8218	0.17038160073968606	0.17114990214720902	19.496231395858565
current_XTX	-3.0	34	yptar	mrad	25505	8218	1.1253660829911194	1.1238009485431875	0.8967941648472477
current_XTX	-3.0	35	xptar	mrad	25505	8218	2.2054637569265307	2.229383456419658	7.394480040854168
current_XTX	-3.0	35	ytar	cm	25505	8218	0.15106360851783382	0.14887170993057028	3.941679632743278
current_XTX	-3.0	35	yptar	mrad	25505	8218	1.1159568186780036	1.109548853746196	-0.38278357266405827
current_XTX	-3.0	36	xptar	mrad	25505	8218	2.2052025996472437	2.2296235437568055	7.406045594847632
current_XTX	-3.0	36	ytar	cm	25505	8218	0.1507556938310944	0.14864618994495346	3.7842224092943466
current_XTX	-3.0	36	yptar	mrad	25505	8218	1.1152933860769458	1.109287568292985	-0.40624223286991334
current_XTX	-3.0	37	xptar	mrad	25505	8218	2.201529658796967	2.214231096615985	6.664556349251649
current_XTX	-3.0	37	ytar	cm	25505	8218	0.1506792737001295	0.1486471831883374	3.7849158881672507
current_XTX	-3.0	37	yptar	mrad	25505	8218	1.115173827859099	1.1091137791898336	-0.421845319334202
current_XTX	-3.0	38	xptar	mrad	25505	8218	2.195234462714372	2.1981146821364623	5.888191947619781
current_XTX	-3.0	38	ytar	cm	25505	8218	0.15074322347548857	0.14881899312514152	3.9048729533298854
current_XTX	-3.0	38	yptar	mrad	25505	8218	1.1150518643305094	1.1089385495735127	-0.43757773756398777
current_XTX	-3.0	39	xptar	mrad	25505	8218	2.19106244676347	2.197517399425658	5.859419478720573
current_XTX	-3.0	39	ytar	cm	25505	8218	0.15042862221360748	0.14819596201759094	3.4698749284368002
current_XTX	-3.0	39	yptar	mrad	25505	8218	1.1148271829103722	1.1080383660483484	-0.5183977724347866
current_XTX	-3.0	40	xptar	mrad	25505	8218	2.1909719368970255	2.1973343745070055	5.850602751424705
current_XTX	-3.0	40	ytar	cm	25505	8218	0.15031941584401617	0.14810151422856205	3.4039318299539545
current_XTX	-3.0	40	yptar	mrad	25505	8218	1.1148533400474105	1.1078673544338749	-0.5337514911584629
current_XTX	-3.0	41	xptar	mrad	25505	8218	2.1915067995424153	2.197872194426999	5.876510762223397
current_XTX	-3.0	41	ytar	cm	25505	8218	0.1502096488388195	0.14804417018388735	3.363894429139491
current_XTX	-3.0	41	yptar	mrad	25505	8218	1.1148263887572292	1.1078199574612875	-0.5380068733890742
current_XTX	-3.0	42	xptar	mrad	25505	8218	2.1918106078606505	2.198456113239875	5.904639461713956
current_XTX	-3.0	42	ytar	cm	25505	8218	0.1501607116836563	0.14807780372956486	3.387377246871326
current_XTX	-3.0	42	yptar	mrad	25505	8218	1.1148335199664288	1.1078027362832645	-0.5395530205573151
current_XTX	-3.0	43	xptar	mrad	25505	8218	2.1883817871196576	2.1912694306682496	5.5584405896554445
current_XTX	-3.0	43	ytar	cm	25505	8218	0.14977014261257304	0.14713593852936016	2.7297704326380234
current_XTX	-3.0	43	yptar	mrad	25505	8218	1.1148335799663578	1.1067371395307841	-0.6352241412634574
current_XTX	-3.0	44	xptar	mrad	25505	8218	2.18863033769525	2.191219624077823	5.556041292726044
current_XTX	-3.0	44	ytar	cm	25505	8218	0.1496592673569695	0.14697723046427005	2.6189610460566337
current_XTX	-3.0	44	yptar	mrad	25505	8218	1.1149319722089277	1.106844162830678	-0.6256154041697326
current_XTX	-3.0	45	xptar	mrad	25505	8218	2.1878037376079607	2.189922890003144	5.493574658150302
current_XTX	-3.0	45	ytar	cm	25505	8218	0.14965862688915288	0.1469741011331325	2.6167761585806026
current_XTX	-3.0	45	yptar	mrad	25505	8218	1.1148003360255054	1.106773127790482	-0.6319930530215512
current_XTX	-3.0	46	xptar	mrad	25505	8218	2.184894885088829	2.188464586587131	5.423324860317824
current_XTX	-3.0	46	ytar	cm	25505	8218	0.1491048867040892	0.1464547316086769	2.2541542692562144
current_XTX	-3.0	46	yptar	mrad	25505	8218	1.1140739251298692	1.1059339130973247	-0.7073392006336943
current_XTX	-3.0	47	xptar	mrad	25505	8218	2.177321765154218	2.181030536311722	5.065209722418973
current_XTX	-3.0	47	ytar	cm	25505	8218	0.1489472203141569	0.1462921431208074	2.1406355857804593
current_XTX	-3.0	47	yptar	mrad	25505	8218	1.1140433120349968	1.105907524587845	-0.7097084066863713
current_XTX	-3.0	48	xptar	mrad	25505	8218	2.1778820281209934	2.1810394739121777	5.065640266994431
current_XTX	-3.0	48	ytar	cm	25505	8218	0.14891142357850118	0.14631443979857786	2.1562030440891666
current_XTX	-3.0	48	yptar	mrad	25505	8218	1.1140855407158419	1.1059774218614473	-0.7034329084885105
current_XTX	-3.0	49	xptar	mrad	25505	8218	2.176121688855136	2.1790965234977238	4.972043919132152
current_XTX	-3.0	49	ytar	cm	25505	8218	0.14899333234769638	0.14641199131656732	2.224313154702373
current_XTX	-3.0	49	yptar	mrad	25505	8218	1.114067599079354	1.106502128431234	-0.6563238445236319
current_XTX	-3.0	50	xptar	mrad	25505	8218	2.1759257943514365	2.178809476380265	4.958216205538091
current_XTX	-3.0	50	ytar	cm	25505	8218	0.14898565399800542	0.1464365843077029	2.2414838905461254
current_XTX	-3.0	50	yptar	mrad	25505	8218	1.113883235397953	1.1065577151626127	-0.6513331715743975
current_XTX	-3.0	51	xptar	mrad	25505	8218	2.1609808521197795	2.1641890234907293	4.253915681771248
current_XTX	-3.0	51	ytar	cm	25505	8218	0.1484996747066216	0.14602158720186267	1.9517344395330483
current_XTX	-3.0	51	yptar	mrad	25505	8218	1.1131157651632038	1.1061193622576801	-0.690689254053134
current_XTX	-3.0	52	xptar	mrad	25505	8218	2.1231896670290906	2.120207113087901	2.135206858794314
current_XTX	-3.0	52	ytar	cm	25505	8218	0.1458530289533823	0.1438271992743937	0.41962086971301105
current_XTX	-3.0	52	yptar	mrad	25505	8218	1.111579732150511	1.1045460679412888	-0.8319423407384896
current_XTX	-3.0	53	xptar	mrad	25505	8218	2.1126477285805483	2.1077025044688837	1.5328313738203425
current_XTX	-3.0	53	ytar	cm	25505	8218	0.14424344240474954	0.14253000447857436	-0.4860757596277687
current_XTX	-3.0	53	yptar	mrad	25505	8218	1.1110870703639975	1.1044844153694173	-0.8374776153455388
current_XTX	-3.0	54	xptar	mrad	25505	8218	2.112780069285927	2.107788993542179	1.5369977495189646
current_XTX	-3.0	54	ytar	cm	25505	8218	0.14418449657646143	0.14247297043700502	-0.5258967174156859
current_XTX	-3.0	54	yptar	mrad	25505	8218	1.1110830621733703	1.1044609511087062	-0.8395842772826678
current_XTX	-3.0	55	xptar	mrad	25505	8218	2.1124037866588132	2.1120352621952057	1.7415501843154102
current_XTX	-3.0	55	ytar	cm	25505	8218	0.14478172394501407	0.14350793978201448	0.19671506785132742
current_XTX	-3.0	55	yptar	mrad	25505	8218	1.112016155836234	1.105763069251773	-0.7226778567732017
current_XTX	-3.0	56	xptar	mrad	25505	8218	2.1133645929069145	2.1164606526093945	1.9547313224193452
current_XTX	-3.0	56	ytar	cm	25505	8218	0.144811202707418	0.1439539042532539	0.5080858193444948
current_XTX	-3.0	56	yptar	mrad	25505	8218	1.1121561783879335	1.1058893164213963	-0.7113431673836934
current_XTX	-3.0	57	xptar	mrad	25505	8218	2.111802301145629	2.1125174438865417	1.7647779748855674
current_XTX	-3.0	57	ytar	cm	25505	8218	0.1442625313092099	0.14374069807400405	0.3592260501536604
current_XTX	-3.0	57	yptar	mrad	25505	8218	1.1119348016330262	1.1056003108778414	-0.7372905852768397
current_XTX	-3.0	58	xptar	mrad	25505	8218	2.112169155020773	2.109457358365449	1.6173666838974698
current_XTX	-3.0	58	ytar	cm	25505	8218	0.14416038721227423	0.14345170485192255	0.15745204675410296
current_XTX	-3.0	58	yptar	mrad	25505	8218	1.1113635698634026	1.1050403292219755	-0.7875667075218251
current_XTX	-3.0	59	xptar	mrad	25505	8218	2.1127389133058054	2.1105301558334877	1.6690457819626303
current_XTX	-3.0	59	ytar	cm	25505	8218	0.14439425138060571	0.14379556113682693	0.39753123857573236
current_XTX	-3.0	59	yptar	mrad	25505	8218	1.1112880594370653	1.1056508733666488	-0.7327509975213031
current_XTX	-3.0	60	xptar	mrad	25505	8218	2.112273626194304	2.1086277490606196	1.577402513681414
current_XTX	-3.0	60	ytar	cm	25505	8218	0.1443369522255334	0.14383936200272354	0.4281128418419655
current_XTX	-3.0	60	yptar	mrad	25505	8218	1.1107883900696938	1.1048570908395672	-0.8040181666320145
current_XTX	-3.0	61	xptar	mrad	25505	8218	2.101133395328797	2.082129702462898	0.3009312416505372
current_XTX	-3.0	61	ytar	cm	25505	8218	0.1441738252552724	0.14352166387064838	0.20629717599465192
current_XTX	-3.0	61	yptar	mrad	25505	8218	1.111969720947148	1.1072653700973263	-0.5877986867707574
current_XTX	-3.0	62	xptar	mrad	25505	8218	2.1008505538730815	2.080894810819296	0.24144369786816
current_XTX	-3.0	62	ytar	cm	25505	8218	0.14269717490637393	0.14181663871352543	-0.9841451097162612
current_XTX	-3.0	62	yptar	mrad	25505	8218	1.1121473518928473	1.106535122169898	-0.6533616095628636
current_XTX	-3.0	63	xptar	mrad	25505	8218	2.100938937589254	2.0810059065217192	0.24679543095031953
current_XTX	-3.0	63	ytar	cm	25505	8218	0.14267800252241855	0.14176222721762088	-1.0221350157789133
current_XTX	-3.0	63	yptar	mrad	25505	8218	1.1121167113967176	1.1064925413933389	-0.6571845853785008
current_XTX	-3.0	64	xptar	mrad	25505	8218	2.1004819865019426	2.0917269238650062	0.7632512608237496
current_XTX	-3.0	64	ytar	cm	25505	8218	0.14304309941415497	0.1424911268754521	-0.5132199589555464
current_XTX	-3.0	64	yptar	mrad	25505	8218	1.1148891567062018	1.1106155833897153	-0.28701073903970586
current_XTX	-3.0	65	xptar	mrad	25505	8218	2.100422739356488	2.091559302942381	0.7551765791096177
current_XTX	-3.0	65	ytar	cm	25505	8218	0.14309463581470147	0.14253103979555357	-0.48535290512558005
current_XTX	-3.0	65	yptar	mrad	25505	8218	1.114896441070249	1.1106447313149692	-0.28439378786300207
current_XTX	-3.0	66	xptar	mrad	25505	8218	2.0995231518745774	2.090322198675242	0.6955824482107298
current_XTX	-3.0	66	ytar	cm	25505	8218	0.14355419090665672	0.143208641821512	-0.012253665965122895
current_XTX	-3.0	66	yptar	mrad	25505	8218	1.1164028477499683	1.113536765869295	-0.024741920222481895
current_XTX	-3.0	67	xptar	mrad	25505	8218	2.099558699080236	2.0903470372098685	0.6967789770104149
current_XTX	-3.0	67	ytar	cm	25505	8218	0.14355519455531918	0.14328120880254813	0.03841233295629465
current_XTX	-3.0	67	yptar	mrad	25505	8218	1.1161780182489334	1.1133004179989507	-0.045961641078151594
current_XTX	-3.0	68	xptar	mrad	25505	8218	2.0995456117768656	2.090319661232011	0.6954602137895227
current_XTX	-3.0	68	ytar	cm	25505	8218	0.14355408356066016	0.14328013234250292	0.037660752516943674
current_XTX	-3.0	68	yptar	mrad	25505	8218	1.1161528218731063	1.1132722543880424	-0.048490218809316143
current_XTX	-3.0	69	xptar	mrad	25505	8218	2.099555126250902	2.0903131562802777	0.6951468554450502
current_XTX	-3.0	69	ytar	cm	25505	8218	0.1435370931509811	0.1432558454293063	0.020703719163006618
current_XTX	-3.0	69	yptar	mrad	25505	8218	1.1161511251690344	1.1132763749367007	-0.048120268819185075
current_XTX	-3.0	70	xptar	mrad	25505	8218	2.099553356834072	2.090254062434899	0.6923001702865195
current_XTX	-3.0	70	ytar	cm	25505	8218	0.14354509228068307	0.14326524987205574	0.027269866457491077
current_XTX	-3.0	70	yptar	mrad	25505	8218	1.1161413934371345	1.113270628156682	-0.04863622467543571
current_XTX	-3.0	71	xptar	mrad	25505	8218	2.0994879402406244	2.0902131431756747	0.6903289963481107
current_XTX	-3.0	71	ytar	cm	25505	8218	0.14345356833669373	0.14328412297495596	0.04044699739960134
current_XTX	-3.0	71	yptar	mrad	25505	8218	1.115694267426146	1.1135538543258099	-0.023207689020932065
current_XTX	-3.0	72	xptar	mrad	25505	8218	2.1014158752501113	2.0887734942362357	0.6209778271505373
current_XTX	-3.0	72	ytar	cm	25505	8218	0.1433412658980558	0.14322720671291075	0.0007082728416873962
current_XTX	-3.0	72	yptar	mrad	25505	8218	1.115220349879135	1.113784941250703	-0.0024603049531779497
current_XTX	-3.0	73	xptar	mrad	25505	8218	2.0982184685769987	2.0897967139633766	0.6702686524894474
current_XTX	-3.0	73	ytar	cm	25505	8218	0.14335876896478	0.14327317484334065	0.03280305222381763
current_XTX	-3.0	73	yptar	mrad	25505	8218	1.115225403640264	1.1138526875202481	0.003622072377607033
current_XTX	-3.0	74	xptar	mrad	25505	8218	2.094911370003793	2.0852131821152287	0.44946948123647523
current_XTX	-3.0	74	ytar	cm	25505	8218	0.14331527258581386	0.14318046247738564	-0.03192838025979361
current_XTX	-3.0	74	yptar	mrad	25505	8218	1.1150439531064789	1.1136075662879859	-0.018385336095461113
current_XTX	-3.0	75	xptar	mrad	25505	8218	2.0951022235307826	2.0854403714004714	0.4604137066855474
current_XTX	-3.0	75	ytar	cm	25505	8218	0.14332838156856295	0.14319154810999413	-0.024188432396932136
current_XTX	-3.0	75	yptar	mrad	25505	8218	1.115088010094136	1.1136082721733076	-0.018321960489575684
current_XTX	-3.0	76	xptar	mrad	25505	8218	2.095189074082561	2.085556743744219	0.4660196276014661
current_XTX	-3.0	76	ytar	cm	25505	8218	0.1433577428557744	0.1432181648214243	-0.005604742496123638
current_XTX	-3.0	76	yptar	mrad	25505	8218	1.1152464768103214	1.1137271271474727	-0.007650955202243015
current_XTX	-3.0	77	xptar	mrad	25505	8218	2.0952369194374088	2.085535998842652	0.46502029843227266
current_XTX	-3.0	77	ytar	cm	25505	8218	0.1433344635800454	0.1431973489086959	-0.020138336105601784
current_XTX	-3.0	77	yptar	mrad	25505	8218	1.1150442477262832	1.1135858389362197	-0.020336055341374504
current_XTX	-3.0	78	xptar	mrad	25505	8218	2.094914525178534	2.0857072974195985	0.4732721411334184
current_XTX	-3.0	78	ytar	cm	25505	8218	0.14335945624589058	0.14316327973117066	-0.04392531038923675
current_XTX	-3.0	78	yptar	mrad	25505	8218	1.115287593100141	1.1136819989937234	-0.011702638950850108
current_XTX	-3.0	79	xptar	mrad	25505	8218	2.092461612248263	2.083086575609366	0.3470260010487447
current_XTX	-3.0	79	ytar	cm	25505	8218	0.14328784524953128	0.1431805009604227	-0.031901511545040506
current_XTX	-3.0	79	yptar	mrad	25505	8218	1.115164869230901	1.1136474435003163	-0.014805090955438693
current_XTX	-3.0	80	xptar	mrad	25505	8218	2.0927002097574605	2.083426794630594	0.36341512638271567
current_XTX	-3.0	80	ytar	cm	25505	8218	0.14330329943980266	0.14320674972533415	-0.013574720548592545
current_XTX	-3.0	80	yptar	mrad	25505	8218	1.1153173968142018	1.1137677646338797	-0.0040024513397907135
current_XTX	-3.0	81	xptar	mrad	25505	8218	2.0927512777249433	2.0834671135401406	0.3653573801094545
current_XTX	-3.0	81	ytar	cm	25505	8218	0.14328893556091823	0.14319331827120477	-0.022952512358531685
current_XTX	-3.0	81	yptar	mrad	25505	8218	1.1152214201845936	1.1136928148103438	-0.010731576215339267
current_XTX	-3.0	82	xptar	mrad	25505	8218	2.092625236815687	2.0832828711745	0.3564820056185969
current_XTX	-3.0	82	ytar	cm	25505	8218	0.1432705670004307	0.14314881470140395	-0.05402474090286935
current_XTX	-3.0	82	yptar	mrad	25505	8218	1.115145455107761	1.1136997271233111	-0.010110976793731297
current_XTX	-3.0	83	xptar	mrad	25505	8218	2.0914008847552763	2.0821155801990594	0.30025094002830155
current_XTX	-3.0	83	ytar	cm	25505	8218	0.1431952321943519	0.14328678786874044	0.042307616426073835
current_XTX	-3.0	83	yptar	mrad	25505	8218	1.115437886817709	1.1143982935778658	0.05260752853146755
current_XTX	-3.0	84	xptar	mrad	25505	8218	2.0872321985961846	2.0802759556189705	0.2116320330026511
current_XTX	-3.0	84	ytar	cm	25505	8218	0.1432497663111558	0.14332341751810274	0.06788230271705942
current_XTX	-3.0	84	yptar	mrad	25505	8218	1.1154245066130053	1.114378854127377	0.05086222102199667
current_XTX	-3.0	85	xptar	mrad	25505	8218	2.087064931467681	2.0802430048433247	0.21004471907186684
current_XTX	-3.0	85	ytar	cm	25505	8218	0.14326263878272735	0.14334093037575418	0.08010971543577217
current_XTX	-3.0	85	yptar	mrad	25505	8218	1.1156061409237514	1.1145455711787535	0.06583036643805773
current_XTX	-3.0	86	xptar	mrad	25505	8218	2.0872096451010296	2.080430289309263	0.2190666384645379
current_XTX	-3.0	86	ytar	cm	25505	8218	0.1432427844916744	0.1433266521069423	0.07014068073301072
current_XTX	-3.0	86	yptar	mrad	25505	8218	1.1153339263804014	1.114200871246939	0.0348826099745958
current_XTX	-3.0	87	xptar	mrad	25505	8218	2.087621828399923	2.08114199274281	0.25335101424965867
current_XTX	-3.0	87	ytar	cm	25505	8218	0.14327118660725616	0.14338101546775725	0.10809697905338478
current_XTX	-3.0	87	yptar	mrad	25505	8218	1.1154706864320914	1.1143325766882812	0.04670735244587387
current_XTX	-3.0	88	xptar	mrad	25505	8218	2.087380342036785	2.083209494452912	0.3529472817740409
current_XTX	-3.0	88	ytar	cm	25505	8218	0.14320376646781405	0.14340703171485025	0.12626142696525733
current_XTX	-3.0	88	yptar	mrad	25505	8218	1.1150146008358939	1.114169687255731	0.032082857272630605
current_XTX	-3.0	89	xptar	mrad	25505	8218	2.0873782160231737	2.082938874569371	0.3399109054620597
current_XTX	-3.0	89	ytar	cm	25505	8218	0.143263149450267	0.1435320781738844	0.21356840416191236
current_XTX	-3.0	89	yptar	mrad	25505	8218	1.1152116346212988	1.1145246289031498	0.06395013268878369
current_XTX	-3.0	90	xptar	mrad	25505	8218	2.084744045544315	2.0787479719147384	0.1380255769421579
current_XTX	-3.0	90	ytar	cm	25505	8218	0.14317563170766456	0.143434139110164	0.1451877105465682
current_XTX	-3.0	90	yptar	mrad	25505	8218	1.1148317673831942	1.1140549200603842	0.021778859842491727
current_XTX	-3.0	91	xptar	mrad	25505	8218	2.0846486088865226	2.0793039460442517	0.16480811737202838
current_XTX	-3.0	91	ytar	cm	25505	8218	0.14320892791993312	0.14340867195605891	0.12740663733674662
current_XTX	-3.0	91	yptar	mrad	25505	8218	1.115381896174107	1.114313372380059	0.044983156416056325
current_XTX	-3.0	92	xptar	mrad	25505	8218	2.0843633056718094	2.0785725869183906	0.12957688210883944
current_XTX	-3.0	92	ytar	cm	25505	8218	0.14320705798908626	0.14330279614406718	0.05348453530651387
current_XTX	-3.0	92	yptar	mrad	25505	8218	1.1152254293072614	1.1139103590199928	0.00879991943891767
current_XTX	-3.0	93	xptar	mrad	25505	8218	2.077401507884481	2.072126092917236	-0.18096542022452144
current_XTX	-3.0	93	ytar	cm	25505	8218	0.14333885326920204	0.14350885690954668	0.1973554029168545
current_XTX	-3.0	93	yptar	mrad	25505	8218	1.115561608430985	1.1142468250889352	0.0390084254430656
current_XTX	-3.0	94	xptar	mrad	25505	8218	2.0779213717839498	2.072668678545025	-0.15482783442418713
current_XTX	-3.0	94	ytar	cm	25505	8218	0.1433608370840587	0.14352621379725353	0.20947391799464032
current_XTX	-3.0	94	yptar	mrad	25505	8218	1.115443860992282	1.1141294160838286	0.028467241760399276
current_XTX	-3.0	95	xptar	mrad	25505	8218	2.077949263794452	2.0728438744366176	-0.14638824919773752
current_XTX	-3.0	95	ytar	cm	25505	8218	0.14334605227888786	0.14350811938523594	0.19684046615915385
current_XTX	-3.0	95	yptar	mrad	25505	8218	1.1152966426555768	1.1140756328435648	0.023638489364841142
current_XTX	-3.0	96	xptar	mrad	25505	8218	2.0778897114869914	2.072694064636715	-0.153604928553297
current_XTX	-3.0	96	ytar	cm	25505	8218	0.1433521431925251	0.14350179203879138	0.19242273617288141
current_XTX	-3.0	96	yptar	mrad	25505	8218	1.115448861546719	1.1140881272473901	0.02476025856481545
current_XTX	-3.0	97	xptar	mrad	25505	8218	2.077188442357939	2.073767731482751	-0.10188395056939248
current_XTX	-3.0	97	ytar	cm	25505	8218	0.1433571159530481	0.14350892201498996	0.19740085929760287
current_XTX	-3.0	97	yptar	mrad	25505	8218	1.1154826794156805	1.114100581344323	0.025878408942214826
current_XTX	-3.0	98	xptar	mrad	25505	8218	2.0774340697641422	2.0736819072777966	-0.10601829804535168
current_XTX	-3.0	98	ytar	cm	25505	8218	0.1430846669770775	0.14320043295690824	-0.017985065001191458
current_XTX	-3.0	98	yptar	mrad	25505	8218	1.1149704160461984	1.1143391707744632	0.047299380915921674
current_XTX	-3.0	99	xptar	mrad	25505	8218	2.0774812830570037	2.073696993526473	-0.10529155907735843
current_XTX	-3.0	99	ytar	cm	25505	8218	0.1430857415393821	0.14319929464343134	-0.01877983127875904
current_XTX	-3.0	99	yptar	mrad	25505	8218	1.1149691551009209	1.1143546716850479	0.048691079496232526
current_XTX	-3.0	100	xptar	mrad	25505	8218	2.0774831308771193	2.0737289272889026	-0.10375323699015615
current_XTX	-3.0	100	ytar	cm	25505	8218	0.14311405388541684	0.14322184293955345	-0.003036693963531789
current_XTX	-3.0	100	yptar	mrad	25505	8218	1.115105148073627	1.1145044071140584	0.06213458546553419
current_XTX	-3.0	101	xptar	mrad	25505	8218	2.0774106922554543	2.073847325877841	-0.09804970722725459
current_XTX	-3.0	101	ytar	cm	25505	8218	0.14299303910953895	0.1433573914490846	0.0916027762148719
current_XTX	-3.0	101	yptar	mrad	25505	8218	1.1157952620670095	1.1155418396758747	0.15527707638902655
current_XTX	-3.0	102	xptar	mrad	25505	8218	2.077337794288712	2.073920733726736	-0.09451348390940861
current_XTX	-3.0	102	ytar	cm	25505	8218	0.1429690283328139	0.14324558135537857	0.013537380545547428
current_XTX	-3.0	102	yptar	mrad	25505	8218	1.1164149489079869	1.1156703267771662	0.16681287072044526
current_XTX	-3.0	103	xptar	mrad	25505	8218	2.0773120785442796	2.073922973858508	-0.09440557165851793
current_XTX	-3.0	103	ytar	cm	25505	8218	0.1429924503541316	0.14326089696529307	0.024230682985981744
current_XTX	-3.0	103	yptar	mrad	25505	8218	1.116335374897053	1.1155812896896424	0.15881896690270736
current_XTX	-3.0	104	xptar	mrad	25505	8218	2.0773539069204365	2.0739254954310407	-0.09428410176501867
current_XTX	-3.0	104	ytar	cm	25505	8218	0.1424335754094854	0.14235075013750778	-0.6112304804314017
current_XTX	-3.0	104	yptar	mrad	25505	8218	1.1135779544306144	1.11201316574354	-0.1615333764649063
current_XTX	-3.0	105	xptar	mrad	25505	8218	2.077411002557358	2.074003516960808	-0.09052562692873911
current_XTX	-3.0	105	ytar	cm	25505	8218	0.14257216002286233	0.1425686257057052	-0.4591105610730617
current_XTX	-3.0	105	yptar	mrad	25505	8218	1.1136106013059457	1.1122446810947981	-0.14074752753659991
current_XTX	-3.0	106	xptar	mrad	25505	8218	2.0774672970637145	2.074694375308182	-0.05724540643350373
current_XTX	-3.0	106	ytar	cm	25505	8218	0.14291872976985878	0.14280309763830465	-0.2954031212076269
current_XTX	-3.0	106	yptar	mrad	25505	8218	1.1152804980335722	1.1138261797723572	0.00124216089398832
current_XTX	-3.0	107	xptar	mrad	25505	8218	2.0744526505323497	2.068161753449626	-0.3719366838729643
current_XTX	-3.0	107	ytar	cm	25505	8218	0.14293816780139518	0.1429355679168049	-0.2029128605989805
current_XTX	-3.0	107	yptar	mrad	25505	8218	1.1156710340204652	1.114118200357337	0.027460274424506714
current_XTX	-3.0	108	xptar	mrad	25505	8218	2.0745706598230016	2.0683250286460453	-0.3640713456905642
current_XTX	-3.0	108	ytar	cm	25505	8218	0.14289192385106161	0.14292089085285803	-0.2131603325963516
current_XTX	-3.0	108	yptar	mrad	25505	8218	1.1155524946701685	1.1140193309990891	0.018583612324096777
current_XTX	-3.0	109	xptar	mrad	25505	8218	2.0744892575885836	2.068161889552775	-0.37193012747421816
current_XTX	-3.0	109	ytar	cm	25505	8218	0.14287548393434876	0.1428882225296349	-0.2359692355651033
current_XTX	-3.0	109	yptar	mrad	25505	8218	1.115482221175775	1.1139631358105577	0.013538311038607809
current_XTX	-3.0	110	xptar	mrad	25505	8218	2.0745022764216925	2.0682201949529744	-0.36912142351619437
current_XTX	-3.0	110	ytar	cm	25505	8218	0.14287370946954206	0.14287842993434666	-0.24280638953275702
current_XTX	-3.0	110	yptar	mrad	25505	8218	1.115611323270131	1.1141244807254351	0.02802413674203308
current_XTX	-3.0	111	xptar	mrad	25505	8218	2.0765369044281385	2.0721806030772947	-0.1783395416303346
current_XTX	-3.0	111	ytar	cm	25505	8218	0.1434830170323398	0.14354742378459426	0.22428265304719197
current_XTX	-3.0	111	yptar	mrad	25505	8218	1.1165912108866134	1.115247827701421	0.12888017246497352
current_XTX	-3.0	112	xptar	mrad	25505	8218	2.0765084474582447	2.0724373211418468	-0.1659728476099409
current_XTX	-3.0	112	ytar	cm	25505	8218	0.1434262805714311	0.14348886687559498	0.1833984348278639
current_XTX	-3.0	112	yptar	mrad	25505	8218	1.116375543797566	1.1150199750085164	0.10842316334276347
current_XTX	-3.0	113	xptar	mrad	25505	8218	2.0767129426962603	2.0712010536533727	-0.22552666897421858
current_XTX	-3.0	113	ytar	cm	25505	8218	0.14354329416341238	0.143601744692551	0.26220931093829947
current_XTX	-3.0	113	yptar	mrad	25505	8218	1.1174066591041278	1.1162848295897516	0.22198399677753056
current_XTX	-3.0	114	xptar	mrad	25505	8218	2.0771231114595876	2.0741645739676264	-0.08276714399284568
current_XTX	-3.0	114	ytar	cm	25505	8218	0.14337913667410987	0.14340889351904576	0.1275613317982094
current_XTX	-3.0	114	yptar	mrad	25505	8218	1.1156156502285453	1.114270836678786	0.041164227537615616
current_XTX	-3.0	115	xptar	mrad	25505	8218	2.0769449413862824	2.073780809208698	-0.1012539667170631
current_XTX	-3.0	115	ytar	cm	25505	8218	0.14340146658860026	0.1434160767276355	0.13257662158241423
current_XTX	-3.0	115	yptar	mrad	25505	8218	1.1157310161438478	1.1145185797844361	0.0634070323412228
current_XTX	-3.0	116	xptar	mrad	25505	8218	2.0770327157815918	2.0737991588583293	-0.10037002229045244
current_XTX	-3.0	116	ytar	cm	25505	8218	0.1431915335989565	0.14311920862753857	-0.07469559264718928
current_XTX	-3.0	116	yptar	mrad	25505	8218	1.1151608424350214	1.1138355861396676	0.0020866808310815443
current_XTX	-3.0	117	xptar	mrad	25505	8218	2.0771169218682926	2.074011322683084	-0.09014960750385326
current_XTX	-3.0	117	ytar	cm	25505	8218	0.14325160278671156	0.14321095071350015	-0.010641606081807087
current_XTX	-3.0	117	yptar	mrad	25505	8218	1.115153396954782	1.1136918819501547	-0.010815330017655
current_XTX	-3.0	118	xptar	mrad	25505	8218	2.0781500904103005	2.075924590323134	0.002016853492570192
current_XTX	-3.0	118	ytar	cm	25505	8218	0.14342911441381392	0.14339812336081892	0.12004164698684594
current_XTX	-3.0	118	yptar	mrad	25505	8218	1.115691447497949	1.114416184993016	0.05421385074901863
current_XTX	-3.0	119	xptar	mrad	25505	8218	2.078075171518236	2.075707025853422	-0.008463722665286166
current_XTX	-3.0	119	ytar	cm	25505	8218	0.1434074521906182	0.14334595427538438	0.08361738365636473
current_XTX	-3.0	119	yptar	mrad	25505	8218	1.1156674818325334	1.1143992088664698	0.05268970472647183
current_XTX	-3.0	120	xptar	mrad	25505	8218	2.076914564020117	2.073348876501256	-0.12206114925660261
current_XTX	-3.0	120	ytar	cm	25505	8218	0.1432086499299453	0.1431384817973127	-0.061239136487023504
current_XTX	-3.0	120	yptar	mrad	25505	8218	1.1151826600827102	1.1138765822891965	0.005767386089350346
current_XTX	-3.0	121	xptar	mrad	25505	8218	2.076833473516915	2.072978118778644	-0.1399213934090482
current_XTX	-3.0	121	ytar	cm	25505	8218	0.1431939890493893	0.1430970648503682	-0.09015629632002087
current_XTX	-3.0	121	yptar	mrad	25505	8218	1.1153783432624789	1.1140538932678048	0.021686672627607706
current_XTX	-3.0	122	xptar	mrad	25505	8218	2.0770794337113783	2.073766774759582	-0.10193003810404777
current_XTX	-3.0	122	ytar	cm	25505	8218	0.14326569571574108	0.14324160267397545	0.010759479841926378
current_XTX	-3.0	122	yptar	mrad	25505	8218	1.1151545612734393	1.113828603307866	0.001459750106480584
current_XTX	-3.0	123	xptar	mrad	25505	8218	2.0781164667005836	2.075868796602561	-0.0006708571357649795
current_XTX	-3.0	123	ytar	cm	25505	8218	0.14339389196605318	0.14336104019224047	0.09415031524928619
current_XTX	-3.0	123	yptar	mrad	25505	8218	1.1155323195258766	1.1142056057346117	0.03530768047201871
current_XTX	-3.0	124	xptar	mrad	25505	8218	2.0769676990001797	2.07351540408913	-0.11403913596826909
current_XTX	-3.0	124	ytar	cm	25505	8218	0.14321379512208932	0.14312744993919554	-0.06894153919807522
current_XTX	-3.0	124	yptar	mrad	25505	8218	1.1150544864068612	1.1136288686271767	-0.016472775214149138
current_XTX	-3.0	125	xptar	mrad	25505	8218	2.0781410080980187	2.0759500701978566	0.003244277105807214
current_XTX	-3.0	125	ytar	cm	25505	8218	0.14345121337785163	0.14341309544778377	0.13049510296891942
current_XTX	-3.0	125	yptar	mrad	25505	8218	1.1156832722691414	1.1144387820806572	0.05624265638706216
current_XTX	-3.0	126	xptar	mrad	25505	8218	2.0781179375701626	2.0758827228099372	0.0
current_XTX	-3.0	126	ytar	cm	25505	8218	0.14325858016950602	0.14322619228068864	0.0
current_XTX	-3.0	126	yptar	mrad	25505	8218	1.115184208985868	1.1138123444309822	0.0
current_XTX	-3.0	127	xptar	mrad	25505	8218	2.076885640775945	2.073863544130681	-0.09726843703977694
current_XTX	-3.0	127	ytar	cm	25505	8218	0.14318634012793152	0.14321504869166057	-0.007780412821578597
current_XTX	-3.0	127	yptar	mrad	25505	8218	1.1149821296197868	1.114068773703517	0.023022663899974205
current_XTX	-3.0	128	xptar	mrad	25505	8218	2.0770483178271055	2.071293838307266	-0.2210570208156848
current_XTX	-3.0	128	ytar	cm	25505	8218	0.14281895159746558	0.14297702272839144	-0.173969263812368
current_XTX	-3.0	128	yptar	mrad	25505	8218	1.1146002329071565	1.1141522045385581	0.0305132286668508
current_XTX	-3.0	129	xptar	mrad	25505	8218	2.0721578746201867	2.0651728618717518	-0.515918400423343
current_XTX	-3.0	129	ytar	cm	25505	8218	0.1427880306891544	0.1429509014575463	-0.1922070389212327
current_XTX	-3.0	129	yptar	mrad	25505	8218	1.11468744621792	1.1142990105376418	0.04369372534727134
current_XTX	-3.0	130	xptar	mrad	25505	8218	2.072629491923507	2.0667383499872103	-0.4405052714321456
current_XTX	-3.0	130	ytar	cm	25505	8218	0.14290363171876685	0.14313776240097625	-0.06174141635985064
current_XTX	-3.0	130	yptar	mrad	25505	8218	1.1144537566532298	1.1140471001050605	0.02107677071923053
current_XTX	-3.0	131	xptar	mrad	25505	8218	2.073326697381378	2.0680780879651532	-0.3759670408653659
current_XTX	-3.0	131	ytar	cm	25505	8218	0.1430442325142972	0.14331370880766553	0.06110371684346916
current_XTX	-3.0	131	yptar	mrad	25505	8218	1.114747007623967	1.1144030729615908	0.05303662987417024
current_XTX	-3.0	132	xptar	mrad	25505	8218	2.0725862723908004	2.0665097661589753	-0.4515166751941857
current_XTX	-3.0	132	ytar	cm	25505	8218	0.1428504712041133	0.14309247351447713	-0.0933619501309213
current_XTX	-3.0	132	yptar	mrad	25505	8218	1.1144386042026069	1.1140001053496646	0.01685750024420507
current_XTX	-3.0	133	xptar	mrad	25505	8218	2.0733694417666126	2.068171310777539	-0.37147628561405854
current_XTX	-3.0	133	ytar	cm	25505	8218	0.14304567835854048	0.14330952992865784	0.05818603890961338
current_XTX	-3.0	133	yptar	mrad	25505	8218	1.1147325557940533	1.1144069502907135	0.053384743193429784
current_XTX	-3.0	134	xptar	mrad	25505	8218	2.0736099606720813	2.068432229111268	-0.35890725505843823
current_XTX	-3.0	134	ytar	cm	25505	8218	0.1430854150906879	0.14337292794206097	0.10245029839568431
current_XTX	-3.0	134	yptar	mrad	25505	8218	1.1148591986646572	1.1145239486706544	0.06388906023804264
current_XTX	-3.0	135	xptar	mrad	25505	8218	2.073418858399295	2.0690275697828833	-0.33022833861128253
current_XTX	-3.0	135	ytar	cm	25505	8218	0.14306278971728928	0.14333203341363893	0.07389788925118435
current_XTX	-3.0	135	yptar	mrad	25505	8218	1.1148598700675143	1.1144045502070241	0.05316925952589813
current_XTX	-3.0	136	xptar	mrad	25505	8218	2.0718954940208976	2.06470096428398	-0.5386507822957132
current_XTX	-3.0	136	ytar	cm	25505	8218	0.1428353575161731	0.14319021039415866	-0.025122420666934264
current_XTX	-3.0	136	yptar	mrad	25505	8218	1.114712476102153	1.114151354062309	0.03043687143724494
current_XTX	-3.0	137	xptar	mrad	25505	8218	2.072056942887736	2.0648117459335973	-0.5333141778526951
current_XTX	-3.0	137	ytar	cm	25505	8218	0.14280429416177984	0.14316240010202375	-0.04453946422026123
current_XTX	-3.0	137	yptar	mrad	25505	8218	1.1145746449426588	1.1140734596600388	0.023443377186671555
current_XTX	-3.0	138	xptar	mrad	25505	8218	2.0720177276545213	2.0647215039551177	-0.5376613395438601
current_XTX	-3.0	138	ytar	cm	25505	8218	0.1427462254160272	0.143105024502022	-0.08459889684784283
current_XTX	-3.0	138	yptar	mrad	25505	8218	1.1145453513696642	1.1141497584266304	0.03029361250441731
current_XTX	-3.0	139	xptar	mrad	25505	8218	2.0722244033837325	2.065443444282506	-0.5028838292608584
current_XTX	-3.0	139	ytar	cm	25505	8218	0.14284445563326648	0.14320587591724177	-0.014184810140771553
current_XTX	-3.0	139	yptar	mrad	25505	8218	1.1146569941383129	1.114282777264645	0.042236274002083185
current_XTX	-3.0	140	xptar	mrad	25505	8218	2.071725437735563	2.064300297515962	-0.5579518133036587
current_XTX	-3.0	140	ytar	cm	25505	8218	0.14274873903377516	0.14310124875543576	-0.08723510920964905
current_XTX	-3.0	140	yptar	mrad	25505	8218	1.1146592593645555	1.11420853369414	0.03557055774598972
current_XTX	-3.0	141	xptar	mrad	25505	8218	2.072864312641558	2.067267095007556	-0.41503441922380313
current_XTX	-3.0	141	ytar	cm	25505	8218	0.14292288330210193	0.1432756665166125	0.03454272932628122
current_XTX	-3.0	141	yptar	mrad	25505	8218	1.1146721053168667	1.1143998265603203	0.052745162349432384
current_XTX	-3.0	142	xptar	mrad	25505	8218	2.071398113217588	2.0637397598792284	-0.5849541882728349
current_XTX	-3.0	142	ytar	cm	25505	8218	0.14286417665966736	0.14322772321479876	0.0010688925577984065
current_XTX	-3.0	142	yptar	mrad	25505	8218	1.1147619520503864	1.1144705720799037	0.0590968175395723
current_XTX	-3.0	143	xptar	mrad	25505	8218	2.0720677074281175	2.0652934742388687	-0.5101082279221902
current_XTX	-3.0	143	ytar	cm	25505	8218	0.14300321816558575	0.14337100491864327	0.10110765052724346
current_XTX	-3.0	143	yptar	mrad	25505	8218	1.1149252769022349	1.1146120572915867	0.07179960471825897
current_XTX	-3.0	144	xptar	mrad	25505	8218	2.07194839007905	2.0653139234603524	-0.5091231423362319
current_XTX	-3.0	144	ytar	cm	25505	8218	0.1429263314463698	0.14330468281351347	0.05480180096599785
current_XTX	-3.0	144	yptar	mrad	25505	8218	1.114758554112854	1.114461717046524	0.058301797317006354
current_XTX	-3.0	145	xptar	mrad	25505	8218	2.0716821396628737	2.0645278285947857	-0.5469911228791147
current_XTX	-3.0	145	ytar	cm	25505	8218	0.14295777349472136	0.1433212233458517	0.06635033973172444
current_XTX	-3.0	145	yptar	mrad	25505	8218	1.1148843541711684	1.1145334100001474	0.06473851477499792
current_XTX	-3.0	146	xptar	mrad	25505	8218	2.0712509199565616	2.0649226401564698	-0.5279721504995116
current_XTX	-3.0	146	ytar	cm	25505	8218	0.1430159719612361	0.14341774810287808	0.13374356962170264
current_XTX	-3.0	146	yptar	mrad	25505	8218	1.1148822962488187	1.1147619319635498	0.08525561216083943
current_XTX	-3.0	147	xptar	mrad	25505	8218	2.071472038736491	2.065115451988481	-0.518683965290756
current_XTX	-3.0	147	ytar	cm	25505	8218	0.1430864064708013	0.1434372243481431	0.14734181234175026
current_XTX	-3.0	147	yptar	mrad	25505	8218	1.1150303447634862	1.114957260263754	0.10279252501521619
current_XTX	-3.0	148	xptar	mrad	25505	8218	2.0713097495674044	2.0650391367483794	-0.5223602442665842
current_XTX	-3.0	148	ytar	cm	25505	8218	0.1430811295655118	0.14343679364232312	0.14704109512437835
current_XTX	-3.0	148	yptar	mrad	25505	8218	1.1149833065210208	1.1149446815255077	0.10166318412496711
current_XTX	-3.0	149	xptar	mrad	25505	8218	2.0712966560287183	2.0641473850973013	-0.5653179528731234
current_XTX	-3.0	149	ytar	cm	25505	8218	0.14302697816915017	0.1433679858487608	0.09899974705342984
current_XTX	-3.0	149	yptar	mrad	25505	8218	1.1145563684956903	1.114307896360531	0.04449150990528672
current_XTX	-3.0	150	xptar	mrad	25505	8218	2.069833733186062	2.062171003896024	-0.6605247378981383
current_XTX	-3.0	150	ytar	cm	25505	8218	0.14293833337762757	0.14322629864847164	7.426559438528102e-05
current_XTX	-3.0	150	yptar	mrad	25505	8218	1.114864203403456	1.1145603512975328	0.0671573510825807
current_XTX	-3.0	151	xptar	mrad	25505	8218	2.069302987999689	2.060182211406106	-0.756329402972189
current_XTX	-3.0	151	ytar	cm	25505	8218	0.14278225272212852	0.1429909050544359	-0.16427667489171682
current_XTX	-3.0	151	yptar	mrad	25505	8218	1.1145787002234604	1.1141716898478846	0.032262653462145074
current_XTX	-3.0	152	xptar	mrad	25505	8218	2.0692284621211154	2.0598083375153213	-0.7743397600447066
current_XTX	-3.0	152	ytar	cm	25505	8218	0.1425918996982498	0.1426314773122951	-0.41522780081175714
current_XTX	-3.0	152	yptar	mrad	25505	8218	1.1143971027023174	1.1135034977213687	-0.02772879212173951
current_XTX	-3.0	153	xptar	mrad	25505	8218	2.069374756888483	2.059429027417475	-0.7926119915960483
current_XTX	-3.0	153	ytar	cm	25505	8218	0.14256626129687472	0.14262749841837294	-0.4180058498953976
current_XTX	-3.0	153	yptar	mrad	25505	8218	1.1144709019649381	1.1138312013456142	0.001693006432024191
current_XTX	-3.0	154	xptar	mrad	25505	8218	2.069527853474641	2.061103489824441	-0.7119493227194851
current_XTX	-3.0	154	ytar	cm	25505	8218	0.14258738552633304	0.14287089267750697	-0.24806887450122828
current_XTX	-3.0	154	yptar	mrad	25505	8218	1.1139221661850056	1.1136003716483271	-0.019031283296055967
current_XTX	-3.0	155	xptar	mrad	25505	8218	2.069201622204719	2.060259739379458	-0.7525947038728553
current_XTX	-3.0	155	ytar	cm	25505	8218	0.1422533482376608	0.14243287932109364	-0.5538881869039058
current_XTX	-3.0	155	yptar	mrad	25505	8218	1.1144625720594412	1.1143508016943	0.04834362502894596
current_XTX	-3.0	156	xptar	mrad	25505	8218	2.069230072943748	2.0600101131831967	-0.7646197664410992
current_XTX	-3.0	156	ytar	cm	25505	8218	0.14258444850535337	0.14294121942801827	-0.19896699628227932
current_XTX	-3.0	156	yptar	mrad	25505	8218	1.113580876303782	1.1132398392468046	-0.05140050629175441
current_XTX	-3.0	157	xptar	mrad	25505	8218	2.0688490991967172	2.0582306975921574	-0.8503382692971129
current_XTX	-3.0	157	ytar	cm	25505	8218	0.142385591086647	0.14267347411521508	-0.3859057876721028
current_XTX	-3.0	157	yptar	mrad	25505	8218	1.1135172482602425	1.1131578269721136	-0.058763710255249624
current_XTX	-3.0	158	xptar	mrad	25505	8218	2.0688814425693334	2.058954158050698	-0.8154875308333809
current_XTX	-3.0	158	ytar	cm	25505	8218	0.1425704423209809	0.14291733119301706	-0.21564567398838497
current_XTX	-3.0	158	yptar	mrad	25505	8218	1.1135937725177576	1.113441628364929	-0.03328353002250983
current_XTX	-3.0	159	xptar	mrad	25505	8218	2.068857353067327	2.058218549989599	-0.8509234469868288
current_XTX	-3.0	159	ytar	cm	25505	8218	0.14254718841928482	0.14288427952412835	-0.23872222748910765
current_XTX	-3.0	159	yptar	mrad	25505	8218	1.1139198371030987	1.1137104769845056	-0.00914583565049254
current_XTX	-3.0	160	xptar	mrad	25505	8218	2.0688340853541853	2.058173854722717	-0.8530765198165535
current_XTX	-3.0	160	ytar	cm	25505	8218	0.14239834478326352	0.14269356472218622	-0.37187859987131144
current_XTX	-3.0	160	yptar	mrad	25505	8218	1.113504687600848	1.1131442513966083	-0.059982548919867984
current_XTX	-3.0	161	xptar	mrad	25505	8218	2.0690494526885614	2.0585420352040367	-0.8353404272486098
current_XTX	-3.0	161	ytar	cm	25505	8218	0.1425424561956505	0.14282791606136921	-0.27807498962124644
current_XTX	-3.0	161	yptar	mrad	25505	8218	1.1136492258928463	1.1133421143157034	-0.04221807359470198
current_XTX	-3.0	162	xptar	mrad	25505	8218	2.0686151470385195	2.0567680189461033	-0.9207988319282379
current_XTX	-3.0	162	ytar	cm	25505	8218	0.14255928506208104	0.14279982506176886	-0.297688022093201
current_XTX	-3.0	162	yptar	mrad	25505	8218	1.1143536725905008	1.1141834131344874	0.033315190423288676
current_XTX	-3.0	163	xptar	mrad	25505	8218	2.0689626013663314	2.059079215790069	-0.8094632146233627
current_XTX	-3.0	163	ytar	cm	25505	8218	0.14266697654555852	0.1429785800510238	-0.17288194688551695
current_XTX	-3.0	163	yptar	mrad	25505	8218	1.113728722331048	1.113482354963446	-0.029627025520595485
current_XTX	-3.0	164	xptar	mrad	25505	8218	2.0684929158109684	2.0564605955877866	-0.9356081154652474
current_XTX	-3.0	164	ytar	cm	25505	8218	0.14244651733164063	0.14266460790718255	-0.392096141469378
current_XTX	-3.0	164	yptar	mrad	25505	8218	1.114070135253836	1.1138137275076387	0.00012417501595862745
current_XTX	-3.0	165	xptar	mrad	25505	8218	2.068450225935537	2.057116276876016	-0.9040224540487918
current_XTX	-3.0	165	ytar	cm	25505	8218	0.14247630141701115	0.14268843753158567	-0.37545838546703125
current_XTX	-3.0	165	yptar	mrad	25505	8218	1.114091329539098	1.1138658763049498	0.00480618429443691
current_XTX	-3.0	166	xptar	mrad	25505	8218	2.0685526662294373	2.0587448888244166	-0.8255685062170892
current_XTX	-3.0	166	ytar	cm	25505	8218	0.14262753238779446	0.1429049005164182	-0.22432472661201297
current_XTX	-3.0	166	yptar	mrad	25505	8218	1.1143829087247328	1.1141098319529323	0.026708944593534234
current_XTX	-3.0	167	xptar	mrad	25505	8218	2.0682385707944686	2.058103017673269	-0.8564889018682798
current_XTX	-3.0	167	ytar	cm	25505	8218	0.1424795588416381	0.14269388342401296	-0.37165608342955014
current_XTX	-3.0	167	yptar	mrad	25505	8218	1.1143755472899142	1.1140198507588102	0.01863027725141908
current_XTX	-3.0	168	xptar	mrad	25505	8218	2.0685527793450706	2.059332497137616	-0.7972620750905768
current_XTX	-3.0	168	ytar	cm	25505	8218	0.14260110336606763	0.1428495481063667	-0.2629715754670081
current_XTX	-3.0	168	yptar	mrad	25505	8218	1.1141414790541666	1.1137840499095875	-0.0025403311012195395
current_XTX	-3.0	169	xptar	mrad	25505	8218	2.0685097045638385	2.0590802712294365	-0.8094123717045432
current_XTX	-3.0	169	ytar	cm	25505	8218	0.1425638006064851	0.14283010265379753	-0.2765483188402196
current_XTX	-3.0	169	yptar	mrad	25505	8218	1.1140896428354705	1.1136818798646526	-0.011713334565011113
current_XTX	-3.0	170	xptar	mrad	25505	8218	2.0681549696775154	2.0568702820837097	-0.9158725836155179
current_XTX	-3.0	170	ytar	cm	25505	8218	0.14216627910463084	0.14244142695765638	-0.5479202585336518
current_XTX	-3.0	170	yptar	mrad	25505	8218	1.1148262572533771	1.1150251010903562	0.1088833918422516
current_XTX	-3.0	171	xptar	mrad	25505	8218	2.0681544770853706	2.056887359117327	-0.9150499440015447
current_XTX	-3.0	171	ytar	cm	25505	8218	0.1420442354573685	0.14217701132385396	-0.7325342803071511
current_XTX	-3.0	171	yptar	mrad	25505	8218	1.1151527479375831	1.115482203629123	0.14992284889729923
current_XTX	-3.0	172	xptar	mrad	25505	8218	2.0689455452622822	2.0603476957366516	-0.7483576457661067
current_XTX	-3.0	172	ytar	cm	25505	8218	0.14245199263176883	0.14281471957637665	-0.2872887268451585
current_XTX	-3.0	172	yptar	mrad	25505	8218	1.1141708587398549	1.1143517362156599	0.0484275279740487
current_XTX	-3.0	173	xptar	mrad	25505	8218	2.068339447443995	2.0581156207019466	-0.855881785264867
current_XTX	-3.0	173	ytar	cm	25505	8218	0.14175129855461777	0.14227928088954475	-0.6611300461637493
current_XTX	-3.0	173	yptar	mrad	25505	8218	1.1134445927257532	1.1137186036995042	-0.00841620511271568
current_XTX	-3.0	174	xptar	mrad	25505	8218	2.068201381847894	2.058545027890028	-0.835196262746507
current_XTX	-3.0	174	ytar	cm	25505	8218	0.14168115165174386	0.14218647389273195	-0.7259275495637652
current_XTX	-3.0	174	yptar	mrad	25505	8218	1.113384483698023	1.1137166195919093	-0.008594341726553267
current_XTX	-3.0	175	xptar	mrad	25505	8218	2.068011090171753	2.056999989672746	-0.9096242735539106
current_XTX	-3.0	175	ytar	cm	25505	8218	0.1414165386277039	0.14184336159644562	-0.9654872912721268
current_XTX	-3.0	175	yptar	mrad	25505	8218	1.1144950870558124	1.1149048505996653	0.09808709466594401
current_XTX	-3.0	176	xptar	mrad	25505	8218	2.069030006573013	2.060635540092525	-0.7344915273813535
current_XTX	-3.0	176	ytar	cm	25505	8218	0.1415897796176579	0.14206819004835733	-0.8085128941094144
current_XTX	-3.0	176	yptar	mrad	25505	8218	1.1128828303331941	1.1131235627855478	-0.061840008227442844
current_XTX	-3.0	177	xptar	mrad	25505	8218	2.0689670230713118	2.0605673720532653	-0.7377753371318074
current_XTX	-3.0	177	ytar	cm	25505	8218	0.14159152091680652	0.14205382410160586	-0.8185431452266911
current_XTX	-3.0	177	yptar	mrad	25505	8218	1.1132916272370483	1.1135333286520326	-0.025050519537217486
current_XTX	-3.0	178	xptar	mrad	25505	8218	2.069250340454574	2.060978012570112	-0.7179938479207504
current_XTX	-3.0	178	ytar	cm	25505	8218	0.1415965868163481	0.14207808184238177	-0.8016064799494571
current_XTX	-3.0	178	yptar	mrad	25505	8218	1.1130658430247624	1.113278531677069	-0.04792663293616828
current_XTX	-3.0	179	xptar	mrad	25505	8218	2.069581564772857	2.0618566941103325	-0.6756657563303459
current_XTX	-3.0	179	ytar	cm	25505	8218	0.1415715268550286	0.1420067437004862	-0.8514145079083213
current_XTX	-3.0	179	yptar	mrad	25505	8218	1.1135295646476788	1.1137897872134657	-0.002025226029256366
current_XTX	-3.0	180	xptar	mrad	25505	8218	2.0692056837810147	2.0612807626689618	-0.7034096859388161
current_XTX	-3.0	180	ytar	cm	25505	8218	0.14160311187840066	0.14209769985989443	-0.7879092523682019
current_XTX	-3.0	180	yptar	mrad	25505	8218	1.113065953940325	1.1133149508975837	-0.044656852286240056
current_XTX	-3.0	181	xptar	mrad	25505	8218	2.069071930651279	2.0607766042213993	-0.7276961469234733
current_XTX	-3.0	181	ytar	cm	25505	8218	0.14158614250017004	0.14206308174427054	-0.8120794932107711
current_XTX	-3.0	181	yptar	mrad	25505	8218	1.1133050037782992	1.1136372713769636	-0.01571836179532493
current_XTX	-3.0	182	xptar	mrad	25505	8218	2.0691903581738305	2.060805993435065	-0.7262804015471636
current_XTX	-3.0	182	ytar	cm	25505	8218	0.14159713725445863	0.14206767060968997	-0.8088755642740586
current_XTX	-3.0	182	yptar	mrad	25505	8218	1.1131414027629503	1.1134213010302354	-0.03510855331259055
current_XTX	-3.0	183	xptar	mrad	25505	8218	2.069126987555036	2.0607414786756197	-0.7293882244861161
current_XTX	-3.0	183	ytar	cm	25505	8218	0.14161927543605682	0.14209475714630115	-0.7899638441620671
current_XTX	-3.0	183	yptar	mrad	25505	8218	1.1132119062624959	1.1134728776814231	-0.0304779123033061
current_XTX	-3.0	184	xptar	mrad	25505	8218	2.0690928703112053	2.0606918490313237	-0.7317789975173072
current_XTX	-3.0	184	ytar	cm	25505	8218	0.1415923488249574	0.14206947514902696	-0.8076156415544378
current_XTX	-3.0	184	yptar	mrad	25505	8218	1.1131894075335242	1.1134362026514764	-0.03377065996678086
current_XTX	-3.0	185	xptar	mrad	25505	8218	2.0689718667104846	2.0604487457979213	-0.7434898341041385
current_XTX	-3.0	185	ytar	cm	25505	8218	0.1416435882236763	0.1421310560569269	-0.764620078438949
current_XTX	-3.0	185	yptar	mrad	25505	8218	1.1133412865299388	1.1136214493866672	-0.017138887467849084
current_XTX	-3.0	186	xptar	mrad	25505	8218	2.069210806020026	2.060780303413214	-0.7275179484263261
current_XTX	-3.0	186	ytar	cm	25505	8218	0.14160908087051977	0.14207592608118605	-0.803111624477415
current_XTX	-3.0	186	yptar	mrad	25505	8218	1.1132597625724503	1.1135352946022292	-0.024874013126019445
current_XTX	-3.0	187	xptar	mrad	25505	8218	2.0690118184632507	2.0604619760131357	-0.7428525044963941
current_XTX	-3.0	187	ytar	cm	25505	8218	0.1415824922510232	0.14205690963240797	-0.8163888389835616
current_XTX	-3.0	187	yptar	mrad	25505	8218	1.1132744264525152	1.1135923796066107	-0.019748822633480767
current_XTX	-3.0	188	xptar	mrad	25505	8218	2.069220757040197	2.0612173587180647	-0.7064639986993804
current_XTX	-3.0	188	ytar	cm	25505	8218	0.14163478449828729	0.14214315815517856	-0.7561704380073198
current_XTX	-3.0	188	yptar	mrad	25505	8218	1.1133989285686865	1.113695969151514	-0.01044837400573373
current_XTX	-3.0	189	xptar	mrad	25505	8218	2.0691266651801645	2.0608988533782098	-0.7218071265338688
current_XTX	-3.0	189	ytar	cm	25505	8218	0.1416098075377916	0.14209262603550257	-0.7914517778735308
current_XTX	-3.0	189	yptar	mrad	25505	8218	1.1133260966697944	1.1136068022242178	-0.018453935062945348
current_XTX	-3.0	190	xptar	mrad	25505	8218	2.0692683928181372	2.0607893536423663	-0.7270819782699722
current_XTX	-3.0	190	ytar	cm	25505	8218	0.1415673989719536	0.14202381880144735	-0.8394927352986747
current_XTX	-3.0	190	yptar	mrad	25505	8218	1.1132142427116196	1.1134212632494636	-0.03511194533567519
current_XTX	-3.0	191	xptar	mrad	25505	8218	2.068952663349161	2.0604548259393742	-0.743196939838664
current_XTX	-3.0	191	ytar	cm	25505	8218	0.1416150846797108	0.14208823020969813	-0.7945209272619547
current_XTX	-3.0	191	yptar	mrad	25505	8218	1.1133111160353146	1.113620661812046	-0.017209597280409827
current_XTX	-3.0	192	xptar	mrad	25505	8218	2.0691951535763513	2.0608852257063837	-0.7224636025320752
current_XTX	-3.0	192	ytar	cm	25505	8218	0.1415960537882604	0.14208015367290355	-0.8001599355089484
current_XTX	-3.0	192	yptar	mrad	25505	8218	1.113256376875388	1.113544747566396	-0.024025309642528025
current_XTX	-3.0	193	xptar	mrad	25505	8218	2.069555847203998	2.0615230866205057	-0.6917363891344563
current_XTX	-3.0	193	ytar	cm	25505	8218	0.14163991606164805	0.1420947437378914	-0.7899732058643805
current_XTX	-3.0	193	yptar	mrad	25505	8218	1.1134968747745282	1.1137670094562304	-0.00407025249616888
current_XTX	-3.0	194	xptar	mrad	25505	8218	2.0689147735141096	2.0603112772584105	-0.7501120068309608
current_XTX	-3.0	194	ytar	cm	25505	8218	0.141604962356854	0.14207838012157076	-0.8013982225181571
current_XTX	-3.0	194	yptar	mrad	25505	8218	1.1133369868452685	1.1135822337480514	-0.020659735374750632
current_XTX	-3.0	195	xptar	mrad	25505	8218	2.069259733671572	2.0609478029132573	-0.7194491159145944
current_XTX	-3.0	195	ytar	cm	25505	8218	0.1416137318128036	0.14208221942607918	-0.7987176342491575
current_XTX	-3.0	195	yptar	mrad	25505	8218	1.1132350923803205	1.1135789109552106	-0.020958061466891387
current_XTX	-3.0	196	xptar	mrad	25505	8218	2.069440732362788	2.0613839083549834	-0.6984409232583255
current_XTX	-3.0	196	ytar	cm	25505	8218	0.14158488385347237	0.14200947917720808	-0.8495046081348767
current_XTX	-3.0	196	yptar	mrad	25505	8218	1.113457671223486	1.1137466856922629	-0.005894955200269614
current_XTX	-3.0	197	xptar	mrad	25505	8218	2.069096211557431	2.060830182660056	-0.7251151514718446
current_XTX	-3.0	197	ytar	cm	25505	8218	0.14161979689252996	0.14209694534988515	-0.7884360484780917
current_XTX	-3.0	197	yptar	mrad	25505	8218	1.113251896966482	1.1135528600736826	-0.023296954697715755
current_XTX	-3.0	198	xptar	mrad	25505	8218	2.069041788167772	2.0604832766357113	-0.7418264049801948
current_XTX	-3.0	198	ytar	cm	25505	8218	0.14160248816462123	0.142052864211016	-0.8192133373015942
current_XTX	-3.0	198	yptar	mrad	25505	8218	1.1133613006519898	1.1136392653186395	-0.015539342260662004
current_XTX	-3.0	199	xptar	mrad	25505	8218	2.0693347127713837	2.0611335509739495	-0.7105012086628504
current_XTX	-3.0	199	ytar	cm	25505	8218	0.1416402727034156	0.1421287285950271	-0.7662451037662055
current_XTX	-3.0	199	yptar	mrad	25505	8218	1.1133139972896822	1.1136058623092615	-0.01853832225446883
current_XTX	-3.0	200	xptar	mrad	25505	8218	2.0691896875164915	2.0607964327443304	-0.7267409618008536
current_XTX	-3.0	200	ytar	cm	25505	8218	0.14163770946813073	0.14210295353343738	-0.784241156847898
current_XTX	-3.0	200	yptar	mrad	25505	8218	1.11327095657435	1.1134709204074142	-0.0306536397513546
current_XTX	-3.0	201	xptar	mrad	25505	8218	2.069178827077241	2.060908889037905	-0.7213236859432759
current_XTX	-3.0	201	ytar	cm	25505	8218	0.14161881991163974	0.1420811369473343	-0.7994734169224582
current_XTX	-3.0	201	yptar	mrad	25505	8218	1.1133917324879017	1.113691651742661	-0.010835998444869155
current_XTX	-3.0	202	xptar	mrad	25505	8218	2.069066992622609	2.0608145381284237	-0.7258687842016887
current_XTX	-3.0	202	ytar	cm	25505	8218	0.14162549415849224	0.1421174484796578	-0.7741208387764598
current_XTX	-3.0	202	yptar	mrad	25505	8218	1.1132979296002121	1.1135667184648643	-0.02205272435217287
current_XTX	-3.0	203	xptar	mrad	25505	8218	2.0689500275346893	2.060247080026341	-0.753204533752827
current_XTX	-3.0	203	ytar	cm	25505	8218	0.14152130405180594	0.14195324933832398	-0.888764074569548
current_XTX	-3.0	203	yptar	mrad	25505	8218	1.1130006809558923	1.113175320155409	-0.05719314198286973
current_XTX	-3.0	204	xptar	mrad	25505	8218	2.0691012852988204	2.0606803289667295	-0.7323339452736333
current_XTX	-3.0	204	ytar	cm	25505	8218	0.14159786077031475	0.1420712502398161	-0.806376279702492
current_XTX	-3.0	204	yptar	mrad	25505	8218	1.113338208673998	1.1136679280360005	-0.012965953888355308
current_XTX	-3.0	205	xptar	mrad	25505	8218	2.069258900322899	2.0608607858091164	-0.7236409280620193
current_XTX	-3.0	205	ytar	cm	25505	8218	0.14156314203662254	0.14202530726154824	-0.8384534979376856
current_XTX	-3.0	205	yptar	mrad	25505	8218	1.113272742494074	1.1134542537499166	-0.032150001107100756
current_XTX	-3.0	206	xptar	mrad	25505	8218	2.068994527788853	2.0604576669263115	-0.743060083025604
current_XTX	-3.0	206	ytar	cm	25505	8218	0.14163805713026414	0.14209420848257318	-0.790346919156415
current_XTX	-3.0	206	yptar	mrad	25505	8218	1.1132234159207905	1.1134791943116733	-0.029910794307019817
current_XTX	-3.0	207	xptar	mrad	25505	8218	2.0690307457503416	2.0604630056925055	-0.7428029024953542
current_XTX	-3.0	207	ytar	cm	25505	8218	0.14161270402922108	0.14205325551739678	-0.8189401286275877
current_XTX	-3.0	207	yptar	mrad	25505	8218	1.1130880102449212	1.1133012482633058	-0.04588709850738004
current_XTX	-3.0	208	xptar	mrad	25505	8218	2.0691548431234956	2.060908159252248	-0.7213588413809702
current_XTX	-3.0	208	ytar	cm	25505	8218	0.14161682415738486	0.14209541393364933	-0.7895052776542899
current_XTX	-3.0	208	yptar	mrad	25505	8218	1.1132702329403108	1.1135554988936682	-0.02306003687230218
current_XTX	-3.0	209	xptar	mrad	25505	8218	2.069151867738643	2.060798901639175	-0.7266220295116033
current_XTX	-3.0	209	ytar	cm	25505	8218	0.14159898356738743	0.1420577684045282	-0.8157892474517703
current_XTX	-3.0	209	yptar	mrad	25505	8218	1.1131915293107684	1.113512832119947	-0.02689073366197725
current_XTX	-3.0	210	xptar	mrad	25505	8218	2.0690427768746593	2.060561073997359	-0.738078728832936
current_XTX	-3.0	210	ytar	cm	25505	8218	0.14162543683589654	0.14207863307967167	-0.8012216081036638
current_XTX	-3.0	210	yptar	mrad	25505	8218	1.1134314061177617	1.1137019829960269	-0.009908440636985372
current_XTX	0.0	1	xptar	mrad	30000	199492	31.32266293458789	31.31181937082981	1629.4860904985076
current_XTX	0.0	1	ytar	cm	30000	199492	0.028636448555726345	0.036955838083442015	-71.97002235161378
current_XTX	0.0	1	yptar	mrad	30000	199492	13.069905651281907	13.34263887451986	1171.9216896043235
current_XTX	0.0	2	xptar	mrad	30000	199492	31.286489213683517	31.280446279630254	1627.7532201020936
current_XTX	0.0	2	ytar	cm	30000	199492	0.04447866750039313	0.05209529365276756	-60.48716542766095
current_XTX	0.0	2	yptar	mrad	30000	199492	12.838105550098254	13.163845356259088	1154.8777333093792
current_XTX	0.0	3	xptar	mrad	30000	199492	8.089209456057366	7.896618919860111	336.16413412848186
current_XTX	0.0	3	ytar	cm	30000	199492	0.04649563881563564	0.053896011305451345	-59.12137105866798
current_XTX	0.0	3	yptar	mrad	30000	199492	12.832667022231117	13.160898990447372	1154.5968633393024
current_XTX	0.0	4	xptar	mrad	30000	199492	8.10412349927669	7.902294858477267	336.47764056426695
current_XTX	0.0	4	ytar	cm	30000	199492	0.5131086918075757	0.5033397345531675	281.7692207984662
current_XTX	0.0	4	yptar	mrad	30000	199492	12.068333163796192	12.754296521840894	1115.836427436712
current_XTX	0.0	5	xptar	mrad	30000	199492	8.104577079185807	7.904831314004542	336.61773988272677
current_XTX	0.0	5	ytar	cm	30000	199492	0.5593832735364274	0.577764173577619	338.2180924933484
current_XTX	0.0	5	yptar	mrad	30000	199492	1.6627786402246325	1.7032991633169696	62.37141468656526
current_XTX	0.0	6	xptar	mrad	30000	199492	8.09475704906323	7.896063365025952	336.13344845203466
current_XTX	0.0	6	ytar	cm	30000	199492	0.5626828799995156	0.5821311871775049	341.5303511226513
current_XTX	0.0	6	yptar	mrad	30000	199492	1.6703681426203927	1.7122226196418675	63.22206632696521
current_XTX	0.0	7	xptar	mrad	30000	199492	2.8244059938599264	2.8411316856566007	56.927889543054945
current_XTX	0.0	7	ytar	cm	30000	199492	0.5626889377510762	0.5821350132919858	341.533253124309
current_XTX	0.0	7	yptar	mrad	30000	199492	1.6697943022760313	1.7119063417074531	63.19191631177645
current_XTX	0.0	8	xptar	mrad	30000	199492	2.6867295736472547	2.689955365807702	48.57777295305574
current_XTX	0.0	8	ytar	cm	30000	199492	0.569025846696232	0.5881923724781584	346.1275919731075
current_XTX	0.0	8	yptar	mrad	30000	199492	1.6806068208845648	1.7236075107014384	64.30736062359075
current_XTX	0.0	9	xptar	mrad	30000	199492	2.6867480116233575	2.6899637133018706	48.57823402096384
current_XTX	0.0	9	ytar	cm	30000	199492	0.5882271562393715	0.6296739761800058	377.59023725141753
current_XTX	0.0	9	yptar	mrad	30000	199492	1.729670968239254	1.8208773181134994	73.57985753777317
current_XTX	0.0	10	xptar	mrad	30000	199492	2.716516290712756	2.716068209801662	50.020097333381756
current_XTX	0.0	10	ytar	cm	30000	199492	0.5881856594467972	0.6297260846233131	377.62976005963804
current_XTX	0.0	10	yptar	mrad	30000	199492	1.7290746528503993	1.8199735300301336	73.49370159239763
current_XTX	0.0	11	xptar	mrad	30000	199492	2.7086491897787672	2.7082391927473366	49.58766714025329
current_XTX	0.0	11	ytar	cm	30000	199492	0.5860719651960749	0.6291904744476439	377.22351460476943
current_XTX	0.0	11	yptar	mrad	30000	199492	1.7240507280669986	1.819805740879584	73.47770665602324
current_XTX	0.0	12	xptar	mrad	30000	199492	2.690252289488242	2.6956870074321593	48.894356104862524
current_XTX	0.0	12	ytar	cm	30000	199492	0.23201093117481691	0.23734255606628601	80.0177424343025
current_XTX	0.0	12	yptar	mrad	30000	199492	1.1699685429056723	1.1558220944174238	10.18174178579201
current_XTX	0.0	13	xptar	mrad	30000	199492	2.690088185117641	2.6957500952665883	48.89784071656243
current_XTX	0.0	13	ytar	cm	30000	199492	0.2176844162376614	0.21349662169163833	61.93126294445608
current_XTX	0.0	13	yptar	mrad	30000	199492	1.1554007451603503	1.1322702654142454	7.936602543044358
current_XTX	0.0	14	xptar	mrad	30000	199492	2.670298338994945	2.676210981941774	47.81861167797701
current_XTX	0.0	14	ytar	cm	30000	199492	0.2177824336061754	0.21360293153888193	62.01189601345354
current_XTX	0.0	14	yptar	mrad	30000	199492	1.1539786631640843	1.1307222770777712	7.78903653612979
current_XTX	0.0	15	xptar	mrad	30000	199492	2.6586182311170026	2.663174169719705	47.09853261979511
current_XTX	0.0	15	ytar	cm	30000	199492	0.2133129790539961	0.2097853787293648	59.11638814590927
current_XTX	0.0	15	yptar	mrad	30000	199492	1.1490077861686556	1.1270075597460811	7.4349214626904025
current_XTX	0.0	16	xptar	mrad	30000	199492	2.658847998212462	2.663371412706144	47.109427195975904
current_XTX	0.0	16	ytar	cm	30000	199492	0.21321079066756954	0.20991442250367656	59.21426426771321
current_XTX	0.0	16	yptar	mrad	30000	199492	1.1491721989156116	1.127336067583512	7.4662373251343395
current_XTX	0.0	17	xptar	mrad	30000	199492	2.173128017789659	2.17659814363985	20.222851615480273
current_XTX	0.0	17	ytar	cm	30000	199492	0.2131406995710006	0.20982056136431637	59.14307319818914
current_XTX	0.0	17	yptar	mrad	30000	199492	1.1493962031867442	1.127543845412566	7.486044286101934
current_XTX	0.0	18	xptar	mrad	30000	199492	2.0447149057550997	2.078259960770699	14.791211970945994
current_XTX	0.0	18	ytar	cm	30000	199492	0.2098920137736568	0.20781188157566474	57.61954532008924
current_XTX	0.0	18	yptar	mrad	30000	199492	1.1460135079856941	1.125258824303498	7.26821871672545
current_XTX	0.0	19	xptar	mrad	30000	199492	2.0448209253430263	2.0784091305694377	14.799451258768448
current_XTX	0.0	19	ytar	cm	30000	199492	0.20991098811585923	0.2081428140413868	57.870548411843515
current_XTX	0.0	19	yptar	mrad	30000	199492	1.146734193064343	1.125739834119121	7.314072226151658
current_XTX	0.0	20	xptar	mrad	30000	199492	2.044129679387063	2.077842214642067	14.768138060411706
current_XTX	0.0	20	ytar	cm	30000	199492	0.20987153653389498	0.2080993102724767	57.83755201037055
current_XTX	0.0	20	yptar	mrad	30000	199492	1.1467904112733571	1.1258627345069434	7.325788024683155
current_XTX	0.0	21	xptar	mrad	30000	199492	2.0474925100983077	2.080201377329288	14.89844473484827
current_XTX	0.0	21	ytar	cm	30000	199492	0.20546015784275676	0.2064845216459422	56.61277964811396
current_XTX	0.0	21	yptar	mrad	30000	199492	1.1427616037693897	1.125213415721681	7.263890025778319
current_XTX	0.0	22	xptar	mrad	30000	199492	2.0515978607708316	2.0828379228525686	15.04407245310626
current_XTX	0.0	22	ytar	cm	30000	199492	0.2054612290180204	0.20624438541554163	56.430642981222576
current_XTX	0.0	22	yptar	mrad	30000	199492	1.142737821732561	1.1254227316646146	7.283843611444607
current_XTX	0.0	23	xptar	mrad	30000	199492	2.0475900844113393	2.0786135420654297	14.81074178247994
current_XTX	0.0	23	ytar	cm	30000	199492	0.2053039591877754	0.20607524969032653	56.3023582272246
current_XTX	0.0	23	yptar	mrad	30000	199492	1.142537263436776	1.1251148596497507	7.2544949123596325
current_XTX	0.0	24	xptar	mrad	30000	199492	2.0120388659603274	2.051075251871669	13.289683894333383
current_XTX	0.0	24	ytar	cm	30000	199492	0.19875109521784	0.20179150031695406	53.05325320311971
current_XTX	0.0	24	yptar	mrad	30000	199492	1.1338073357893113	1.1189510110862468	6.666910046045915
current_XTX	0.0	25	xptar	mrad	30000	199492	2.0103851329518916	2.0499012077120167	13.22483639953591
current_XTX	0.0	25	ytar	cm	30000	199492	0.19787911354248186	0.20098905467048794	52.444620448432765
current_XTX	0.0	25	yptar	mrad	30000	199492	1.1333806338364383	1.1184863127227955	6.622611468144202
current_XTX	0.0	26	xptar	mrad	30000	199492	1.9940441406238836	2.0297196375972373	12.110121716733158
current_XTX	0.0	26	ytar	cm	30000	199492	0.1965997952489014	0.19786955485844465	50.07856640824863
current_XTX	0.0	26	yptar	mrad	30000	199492	1.13643701584867	1.1173357738800085	6.512933366035956
current_XTX	0.0	27	xptar	mrad	30000	199492	1.9716372016281223	2.0071678853174415	10.86449170646906
current_XTX	0.0	27	ytar	cm	30000	199492	0.17626246469181342	0.17608188822968754	33.55322588598406
current_XTX	0.0	27	yptar	mrad	30000	199492	1.1181831772304938	1.0956213477909948	4.442949326171841
current_XTX	0.0	28	xptar	mrad	30000	199492	1.9740843337408407	2.0099818995706706	11.019921783903586
current_XTX	0.0	28	ytar	cm	30000	199492	0.17056179776425598	0.17141849072919405	30.016168292831026
current_XTX	0.0	28	yptar	mrad	30000	199492	1.1187605513580752	1.096017620967677	4.480725095505833
current_XTX	0.0	29	xptar	mrad	30000	199492	1.982518425626736	2.0172600704301957	11.421926378933488
current_XTX	0.0	29	ytar	cm	30000	199492	0.17320667983514662	0.17402322183421498	31.99178455375693
current_XTX	0.0	29	yptar	mrad	30000	199492	1.1219437764913232	1.0990293057619729	4.767821767171854
current_XTX	0.0	30	xptar	mrad	30000	199492	1.9834726946131864	2.0180398770271437	11.464998442128804
current_XTX	0.0	30	ytar	cm	30000	199492	0.17333587660053454	0.1745090064664035	32.360238716572276
current_XTX	0.0	30	yptar	mrad	30000	199492	1.1222378832212716	1.099890388444065	4.849906709303298
current_XTX	0.0	31	xptar	mrad	30000	199492	1.9839125269441142	2.017572625180973	11.439190118468613
current_XTX	0.0	31	ytar	cm	30000	199492	0.1672843987823322	0.16680906287929792	26.520045181978723
current_XTX	0.0	31	yptar	mrad	30000	199492	1.118785295937118	1.0953470713972298	4.4168032168858895
current_XTX	0.0	32	xptar	mrad	30000	199492	1.986767917981398	2.020602538052566	11.60654520265525
current_XTX	0.0	32	ytar	cm	30000	199492	0.16448387189642374	0.16409252229265153	24.45962453199355
current_XTX	0.0	32	yptar	mrad	30000	199492	1.1111848683527308	1.0882885834994076	3.743934533450677
current_XTX	0.0	33	xptar	mrad	30000	199492	1.9871792226134475	2.020954447454818	11.625982668396295
current_XTX	0.0	33	ytar	cm	30000	199492	0.164583060914674	0.1641287424829359	24.487096541200827
current_XTX	0.0	33	yptar	mrad	30000	199492	1.1111757453267708	1.0883102414702208	3.7459991357448263
current_XTX	0.0	34	xptar	mrad	30000	199492	1.9870141182622365	2.0207919889217227	11.617009386775612
current_XTX	0.0	34	ytar	cm	30000	199492	0.16519703105550868	0.16518134859409606	25.285469066314615
current_XTX	0.0	34	yptar	mrad	30000	199492	1.1110350355889935	1.088106122958208	3.7265410086741335
current_XTX	0.0	35	xptar	mrad	30000	199492	1.987305397360473	2.0219360483802125	11.68020069791369
current_XTX	0.0	35	ytar	cm	30000	199492	0.14445729323147724	0.14114269922571507	7.052820601632415
current_XTX	0.0	35	yptar	mrad	30000	199492	1.0803845091662776	1.053157720558145	0.3949938201679437
current_XTX	0.0	36	xptar	mrad	30000	199492	1.9878089470818194	2.022201786171294	11.694878535951547
current_XTX	0.0	36	ytar	cm	30000	199492	0.14440109966051357	0.1411704799504884	7.073891510447816
current_XTX	0.0	36	yptar	mrad	30000	199492	1.080234811162213	1.053285770766496	0.40720053871077244
current_XTX	0.0	37	xptar	mrad	30000	199492	1.9692939029737118	2.0038827307171045	10.683038526788513
current_XTX	0.0	37	ytar	cm	30000	199492	0.1443970787725568	0.14126059267133648	7.1422395085503965
current_XTX	0.0	37	yptar	mrad	30000	199492	1.0802511124829008	1.0533713637333089	0.41535991048053944
current_XTX	0.0	38	xptar	mrad	30000	199492	1.8562365024397471	1.8961502464470288	4.732511320645916
current_XTX	0.0	38	ytar	cm	30000	199492	0.14442287123155848	0.14132451498497942	7.190722809581196
current_XTX	0.0	38	yptar	mrad	30000	199492	1.0801488576107554	1.053311166311189	0.4096214349381233
current_XTX	0.0	39	xptar	mrad	30000	199492	1.8522188173188652	1.8939321612453728	4.609996960864615
current_XTX	0.0	39	ytar	cm	30000	199492	0.1444397788983412	0.1414141652897973	7.258720077957115
current_XTX	0.0	39	yptar	mrad	30000	199492	1.079891705960706	1.0533222961268762	0.4106824135126974
current_XTX	0.0	40	xptar	mrad	30000	199492	1.8525740593681046	1.8947209315743108	4.653564129426124
current_XTX	0.0	40	ytar	cm	30000	199492	0.14434055736115556	0.14138989434021493	7.2403112362265265
current_XTX	0.0	40	yptar	mrad	30000	199492	1.0798398311193371	1.0535199093446161	0.4295204065184022
current_XTX	0.0	41	xptar	mrad	30000	199492	1.8521356242896037	1.8940168462393394	4.614674476323066
current_XTX	0.0	41	ytar	cm	30000	199492	0.14429524901495563	0.14137642816584203	7.230097516655909
current_XTX	0.0	41	yptar	mrad	30000	199492	1.0798390472844763	1.0535329183791173	0.43076052650503627
current_XTX	0.0	42	xptar	mrad	30000	199492	1.851032616484743	1.893120979103079	4.565191891719866
current_XTX	0.0	42	ytar	cm	30000	199492	0.14422394161840282	0.14134105610992848	7.20326879383284
current_XTX	0.0	42	yptar	mrad	30000	199492	1.0798295717988728	1.0535341330075463	0.4308763141133376
current_XTX	0.0	43	xptar	mrad	30000	199492	1.8547572646519874	1.8965327858647572	4.753640613523902
current_XTX	0.0	43	ytar	cm	30000	199492	0.1429311932157886	0.14009143657958883	6.255467057465225
current_XTX	0.0	43	yptar	mrad	30000	199492	1.0792237485651957	1.0531292660555949	0.39228132084148104
current_XTX	0.0	44	xptar	mrad	30000	199492	1.8542492576151233	1.8969447964547024	4.776397725654924
current_XTX	0.0	44	ytar	cm	30000	199492	0.14292158315767134	0.14004621850919152	6.2211704058867
current_XTX	0.0	44	yptar	mrad	30000	199492	1.0791793444532434	1.053105525065258	0.390018149303506
current_XTX	0.0	45	xptar	mrad	30000	199492	1.8535029228626265	1.8962822741337937	4.73980377609593
current_XTX	0.0	45	ytar	cm	30000	199492	0.14291826102177946	0.14004232455901852	6.2182169527390085
current_XTX	0.0	45	yptar	mrad	30000	199492	1.0792009733556849	1.0530593229764975	0.3856138152469324
current_XTX	0.0	46	xptar	mrad	30000	199492	1.8522401980624332	1.895072631722779	4.672990037183133
current_XTX	0.0	46	ytar	cm	30000	199492	0.1426329669445681	0.13975929804728282	6.003549197675806
current_XTX	0.0	46	yptar	mrad	30000	199492	1.078451734508969	1.0523455899224894	0.31757535894771927
current_XTX	0.0	47	xptar	mrad	30000	199492	1.8432979793359208	1.8883656736501084	4.302535974489907
current_XTX	0.0	47	ytar	cm	30000	199492	0.14247732004956756	0.139595362381893	5.879208544751746
current_XTX	0.0	47	yptar	mrad	30000	199492	1.0784103342934304	1.0522977091000292	0.3130109952430571
current_XTX	0.0	48	xptar	mrad	30000	199492	1.843264032091954	1.88846421337475	4.307978746151009
current_XTX	0.0	48	ytar	cm	30000	199492	0.14243294460436715	0.13956280962416778	5.854518181368018
current_XTX	0.0	48	yptar	mrad	30000	199492	1.0784226659999108	1.0523520829057016	0.3181943194288772
current_XTX	0.0	49	xptar	mrad	30000	199492	1.8437543375506413	1.8893401260228113	4.356359158779632
current_XTX	0.0	49	ytar	cm	30000	199492	0.14257865233153638	0.13972844860661507	5.980150753012459
current_XTX	0.0	49	yptar	mrad	30000	199492	1.0786855958843609	1.0529483025723538	0.3750305070013171
current_XTX	0.0	50	xptar	mrad	30000	199492	1.8432421940151709	1.8889279225925169	4.333591395248981
current_XTX	0.0	50	ytar	cm	30000	199492	0.14249657856850423	0.13969853778977018	5.957464228471632
current_XTX	0.0	50	yptar	mrad	30000	199492	1.0783927218890954	1.0528743926356356	0.3679848504057226
current_XTX	0.0	51	xptar	mrad	30000	199492	1.8406080766519615	1.882933072430031	4.002470106899292
current_XTX	0.0	51	ytar	cm	30000	199492	0.14217824156391598	0.1395229105415146	5.824255834389591
current_XTX	0.0	51	yptar	mrad	30000	199492	1.0786789433425286	1.0531691533178678	0.39608367766914565
current_XTX	0.0	52	xptar	mrad	30000	199492	1.8363653350120615	1.8750451989912589	3.5667890232035315
current_XTX	0.0	52	ytar	cm	30000	199492	0.13975438732366766	0.13610299970310055	3.2303483672181166
current_XTX	0.0	52	yptar	mrad	30000	199492	1.078229597535892	1.0511522223564298	0.20381449760564774
current_XTX	0.0	53	xptar	mrad	30000	199492	1.8301728555432923	1.8668999263490667	3.1168906774333927
current_XTX	0.0	53	ytar	cm	30000	199492	0.13847999415525408	0.13482282466715456	2.2593711277744566
current_XTX	0.0	53	yptar	mrad	30000	199492	1.076995399233041	1.0498359435529092	0.07833680346214233
current_XTX	0.0	54	xptar	mrad	30000	199492	1.8305600569205431	1.8672914963213862	3.138518766576448
current_XTX	0.0	54	ytar	cm	30000	199492	0.13843020558564098	0.13475800255002743	2.2102053507707664
current_XTX	0.0	54	yptar	mrad	30000	199492	1.076977293198794	1.0498011377159953	0.07501884669871561
current_XTX	0.0	55	xptar	mrad	30000	199492	1.8186276850258252	1.8522011189060565	2.305012494357106
current_XTX	0.0	55	ytar	cm	30000	199492	0.13825132719682529	0.1341106381859984	1.719197445250531
current_XTX	0.0	55	yptar	mrad	30000	199492	1.0769743322135616	1.049500019257584	0.046313947915543885
current_XTX	0.0	56	xptar	mrad	30000	199492	1.8179373506038818	1.8522771833929221	2.3092138622321956
current_XTX	0.0	56	ytar	cm	30000	199492	0.1387404092331022	0.13543607580920547	2.7245051010785337
current_XTX	0.0	56	yptar	mrad	30000	199492	1.0771505417827052	1.0501025769006067	0.10375431953955072
current_XTX	0.0	57	xptar	mrad	30000	199492	1.8123637129261048	1.8456837223703138	1.9450287284399126
current_XTX	0.0	57	ytar	cm	30000	199492	0.13847355529042482	0.13521491407222822	2.5567600608996655
current_XTX	0.0	57	yptar	mrad	30000	199492	1.0771457219664016	1.0501117044731143	0.10462442908496516
current_XTX	0.0	58	xptar	mrad	30000	199492	1.8140267668131502	1.8463772865930241	1.9833372553842876
current_XTX	0.0	58	ytar	cm	30000	199492	0.13865796043276093	0.13517642096921167	2.5275641104592017
current_XTX	0.0	58	yptar	mrad	30000	199492	1.0765796447720732	1.0491730153369891	0.015141450248346011
current_XTX	0.0	59	xptar	mrad	30000	199492	1.813693961719198	1.8460091068041853	1.9630011064030395
current_XTX	0.0	59	ytar	cm	30000	199492	0.13830119126712748	0.1345148387721518	2.025772373135104
current_XTX	0.0	59	yptar	mrad	30000	199492	1.0764607987921804	1.04898492167422	-0.0027890664660246145
current_XTX	0.0	60	xptar	mrad	30000	199492	1.8134846830961469	1.8453326745607959	1.9256388521612156
current_XTX	0.0	60	ytar	cm	30000	199492	0.1380903485489391	0.13438461984086586	1.9270049273772516
current_XTX	0.0	60	yptar	mrad	30000	199492	1.0762532324895842	1.0491716712227208	0.015013319066259356
current_XTX	0.0	61	xptar	mrad	30000	199492	1.8352481826990643	1.8651755313087413	3.021644942861168
current_XTX	0.0	61	ytar	cm	30000	199492	0.1383005420519721	0.13455352191717715	2.0551124651655206
current_XTX	0.0	61	yptar	mrad	30000	199492	1.0751423623667173	1.0489045786206816	-0.010447976623562116
current_XTX	0.0	62	xptar	mrad	30000	199492	1.8354748520484248	1.8654475902085284	3.0366719228461347
current_XTX	0.0	62	ytar	cm	30000	199492	0.13703749311281324	0.1327363701245574	0.6768532570844643
current_XTX	0.0	62	yptar	mrad	30000	199492	1.0748515077468632	1.0483935102475397	-0.059166896080442566
current_XTX	0.0	63	xptar	mrad	30000	199492	1.835435894139142	1.865408887931471	3.0345342300775124
current_XTX	0.0	63	ytar	cm	30000	199492	0.13700101957829094	0.13268637586563362	0.6389339990495957
current_XTX	0.0	63	yptar	mrad	30000	199492	1.074804803689607	1.0483522732326016	-0.06309792158503136
current_XTX	0.0	64	xptar	mrad	30000	199492	1.8311126017279942	1.8606047906615364	2.769183331512548
current_XTX	0.0	64	ytar	cm	30000	199492	0.13703821714222542	0.13275851981763143	0.6936531846190919
current_XTX	0.0	64	yptar	mrad	30000	199492	1.0749829150203176	1.0488004664119648	-0.02037274320570992
current_XTX	0.0	65	xptar	mrad	30000	199492	1.8311205850377954	1.860572584264276	2.7674044340480597
current_XTX	0.0	65	ytar	cm	30000	199492	0.13711319016290735	0.13285226607665282	0.7647571205941617
current_XTX	0.0	65	yptar	mrad	30000	199492	1.0750314612123164	1.0488825551891725	-0.012547417407304806
current_XTX	0.0	66	xptar	mrad	30000	199492	1.8322074441248806	1.8616372140212714	2.8262085020726024
current_XTX	0.0	66	ytar	cm	30000	199492	0.13723599647992876	0.1330725241750621	0.9318167759955198
current_XTX	0.0	66	yptar	mrad	30000	199492	1.0760653711882624	1.05050223184472	0.14185246463331858
current_XTX	0.0	67	xptar	mrad	30000	199492	1.8323214169144688	1.8616784710164638	2.8284873028818325
current_XTX	0.0	67	ytar	cm	30000	199492	0.13728786166320986	0.13322027044868118	1.0438782245229206
current_XTX	0.0	67	yptar	mrad	30000	199492	1.076103185390508	1.0506041991060926	0.15157275854138508
current_XTX	0.0	68	xptar	mrad	30000	199492	1.832321998267659	1.8616888133180005	2.82905855255724
current_XTX	0.0	68	ytar	cm	30000	199492	0.1372954925037057	0.1332326900506517	1.0532981479691061
current_XTX	0.0	68	yptar	mrad	30000	199492	1.0761084916048986	1.0506090497950944	0.15203516306336873
current_XTX	0.0	69	xptar	mrad	30000	199492	1.8323575319690573	1.8616672139811727	2.8278655285375986
current_XTX	0.0	69	ytar	cm	30000	199492	0.1372691028926592	0.1331949189024145	1.0246497801942533
current_XTX	0.0	69	yptar	mrad	30000	199492	1.0760948959364798	1.0505943351275562	0.1506324491794775
current_XTX	0.0	70	xptar	mrad	30000	199492	1.8324839189299384	1.8617838513453955	2.834307910459488
current_XTX	0.0	70	ytar	cm	30000	199492	0.13726952716044458	0.13319469392828276	1.0244791435584322
current_XTX	0.0	70	yptar	mrad	30000	199492	1.0760990629507068	1.050597678928952	0.15095120572838905
current_XTX	0.0	71	xptar	mrad	30000	199492	1.832433176151956	1.8616434345102462	2.826552086360401
current_XTX	0.0	71	ytar	cm	30000	199492	0.13722698886287335	0.13320156236845845	1.0296886648299974
current_XTX	0.0	71	yptar	mrad	30000	199492	1.0757396537116741	1.0504163969353277	0.13367002905908532
current_XTX	0.0	72	xptar	mrad	30000	199492	1.8319065165129962	1.859891681784128	2.7297952694557592
current_XTX	0.0	72	ytar	cm	30000	199492	0.137161216993781	0.1332031845566088	1.0309190495257248
current_XTX	0.0	72	yptar	mrad	30000	199492	1.0754407664039352	1.0502611215323971	0.11886799816347438
current_XTX	0.0	73	xptar	mrad	30000	199492	1.8103950887292748	1.8283128483526985	0.9855608470795918
current_XTX	0.0	73	ytar	cm	30000	199492	0.13714448261858844	0.1331984612123987	1.0273365240168753
current_XTX	0.0	73	yptar	mrad	30000	199492	1.075459641941121	1.0502990058554436	0.12247941960954467
current_XTX	0.0	74	xptar	mrad	30000	199492	1.8068670399463127	1.8255567515923472	0.833329801203786
current_XTX	0.0	74	ytar	cm	30000	199492	0.1370902302518244	0.13320235016237428	1.030286184653595
current_XTX	0.0	74	yptar	mrad	30000	199492	1.075428787285086	1.0503583825047658	0.12813965285420892
current_XTX	0.0	75	xptar	mrad	30000	199492	1.8070009212268834	1.8254389055981055	0.8268206614617579
current_XTX	0.0	75	ytar	cm	30000	199492	0.13708069078023036	0.1331920942853614	1.0225073865436363
current_XTX	0.0	75	yptar	mrad	30000	199492	1.0754057866511595	1.0503931399174942	0.1314529934564268
current_XTX	0.0	76	xptar	mrad	30000	199492	1.8069908136419612	1.8253384934832608	0.8212744696584284
current_XTX	0.0	76	ytar	cm	30000	199492	0.13706775752879005	0.13317946481229703	1.0129282816967455
current_XTX	0.0	76	yptar	mrad	30000	199492	1.075401057578892	1.0504841157421159	0.14012550012127978
current_XTX	0.0	77	xptar	mrad	30000	199492	1.8069841357892462	1.8253538343743583	0.8221218128758645
current_XTX	0.0	77	ytar	cm	30000	199492	0.13708553763162504	0.1332012827964756	1.0294766172392444
current_XTX	0.0	77	yptar	mrad	30000	199492	1.0754093181654114	1.0503909155704838	0.13124095180303552
current_XTX	0.0	78	xptar	mrad	30000	199492	1.8070424915761298	1.825645352630499	0.8382236165797696
current_XTX	0.0	78	ytar	cm	30000	199492	0.13701048386105036	0.13313651375625604	0.9803510975970431
current_XTX	0.0	78	yptar	mrad	30000	199492	1.075415784459395	1.0505350901063246	0.14498476372428737
current_XTX	0.0	79	xptar	mrad	30000	199492	1.8055667010675214	1.8251244029023386	0.8094493285694782
current_XTX	0.0	79	ytar	cm	30000	199492	0.1367192413020748	0.1329539420925479	0.8418755571042658
current_XTX	0.0	79	yptar	mrad	30000	199492	1.0752616510562045	1.0503018628239746	0.12275176755176531
current_XTX	0.0	80	xptar	mrad	30000	199492	1.8056436278130534	1.8250018496748415	0.8026801881438894
current_XTX	0.0	80	ytar	cm	30000	199492	0.13665038313582448	0.13288525147908156	0.7897756329794836
current_XTX	0.0	80	yptar	mrad	30000	199492	1.0752177846451352	1.0503566211784823	0.12797174985363924
current_XTX	0.0	81	xptar	mrad	30000	199492	1.805680921406968	1.8249444531769905	0.7995099333752087
current_XTX	0.0	81	ytar	cm	30000	199492	0.13665493269114604	0.1328945635822656	0.79683860483033
current_XTX	0.0	81	yptar	mrad	30000	199492	1.0752120212165774	1.0503013209797554	0.12270011484487586
current_XTX	0.0	82	xptar	mrad	30000	199492	1.8055037505779878	1.8248639432386946	0.7950630241496448
current_XTX	0.0	82	ytar	cm	30000	199492	0.13666324239945282	0.13288087413726005	0.7864555406806861
current_XTX	0.0	82	yptar	mrad	30000	199492	1.075346255664578	1.0503646381954193	0.12873599280618375
current_XTX	0.0	83	xptar	mrad	30000	199492	1.806677846523516	1.825350305019323	0.8219268714587002
current_XTX	0.0	83	ytar	cm	30000	199492	0.13639460377639975	0.13262856902462147	0.5950891143026604
current_XTX	0.0	83	yptar	mrad	30000	199492	1.0751111648225675	1.050340420251752	0.12642735445376196
current_XTX	0.0	84	xptar	mrad	30000	199492	1.7962337799047638	1.8156390985474191	0.28553528347057267
current_XTX	0.0	84	ytar	cm	30000	199492	0.13639541043990158	0.1326446938769074	0.6073193672910371
current_XTX	0.0	84	yptar	mrad	30000	199492	1.0750770414040165	1.050249933951341	0.11780151295515129
current_XTX	0.0	85	xptar	mrad	30000	199492	1.7957214098278778	1.815194300072574	0.2609671558185589
current_XTX	0.0	85	ytar	cm	30000	199492	0.13637467365905961	0.13261617662633038	0.5856898240924169
current_XTX	0.0	85	yptar	mrad	30000	199492	1.0750935342227737	1.0503346873391797	0.12588084967957158
current_XTX	0.0	86	xptar	mrad	30000	199492	1.7958206456931942	1.815079287363506	0.25461451056953965
current_XTX	0.0	86	ytar	cm	30000	199492	0.136398685847917	0.13264913706101925	0.6106893991399076
current_XTX	0.0	86	yptar	mrad	30000	199492	1.0750838683179607	1.0502005361255589	0.11309253697053823
current_XTX	0.0	87	xptar	mrad	30000	199492	1.7957313184245491	1.8149152089227087	0.24555175449814115
current_XTX	0.0	87	ytar	cm	30000	199492	0.1364138926440588	0.13267118240914064	0.6274101839235824
current_XTX	0.0	87	yptar	mrad	30000	199492	1.0751687966744687	1.0503494884736357	0.12729180624690972
current_XTX	0.0	88	xptar	mrad	30000	199492	1.7946319248936724	1.8144371413593012	0.21914603238279984
current_XTX	0.0	88	ytar	cm	30000	199492	0.1364440218669423	0.1326851128288539	0.6379760207019025
current_XTX	0.0	88	yptar	mrad	30000	199492	1.0753906349509006	1.0504044739469458	0.13253343923824712
current_XTX	0.0	89	xptar	mrad	30000	199492	1.7947817904177066	1.8145858123398253	0.22735776833566756
current_XTX	0.0	89	ytar	cm	30000	199492	0.13641438934880953	0.13267954791428874	0.6337551874326275
current_XTX	0.0	89	yptar	mrad	30000	199492	1.0754727271785658	1.0506924242840892	0.15998305267572732
current_XTX	0.0	90	xptar	mrad	30000	199492	1.7943197267321604	1.81479336788333	0.23882195127713501
current_XTX	0.0	90	ytar	cm	30000	199492	0.13642797760710934	0.13268603064487736	0.6386721586859601
current_XTX	0.0	90	yptar	mrad	30000	199492	1.0753793365542235	1.05050062006085	0.14169881715155874
current_XTX	0.0	91	xptar	mrad	30000	199492	1.7943724103290275	1.8149210070405128	0.24587200941450504
current_XTX	0.0	91	ytar	cm	30000	199492	0.13629224321643313	0.13256677071469763	0.5482168111509367
current_XTX	0.0	91	yptar	mrad	30000	199492	1.0752208750089354	1.0505287853878065	0.14438375006382564
current_XTX	0.0	92	xptar	mrad	30000	199492	1.794435492516486	1.8149237928725577	0.24602588286768423
current_XTX	0.0	92	ytar	cm	30000	199492	0.13630222083561339	0.13258756302983996	0.5639872051921069
current_XTX	0.0	92	yptar	mrad	30000	199492	1.0752016158744375	1.0504352904548135	0.13547110285361263
current_XTX	0.0	93	xptar	mrad	30000	199492	1.7968617149523558	1.8162373185215765	0.31857753860466964
current_XTX	0.0	93	ytar	cm	30000	199492	0.13642621526789742	0.1325539899723961	0.538522972785449
current_XTX	0.0	93	yptar	mrad	30000	199492	1.0751629227973567	1.0503274911512548	0.12519485438358124
current_XTX	0.0	94	xptar	mrad	30000	199492	1.796836389285961	1.816280532735971	0.3209644450255844
current_XTX	0.0	94	ytar	cm	30000	199492	0.13645844089895495	0.1326000946538872	0.5734920942748412
current_XTX	0.0	94	yptar	mrad	30000	199492	1.0751768383921254	1.0503320825478795	0.12563254118658218
current_XTX	0.0	95	xptar	mrad	30000	199492	1.796503321503401	1.816044028932772	0.3079013255326446
current_XTX	0.0	95	ytar	cm	30000	199492	0.13650148743140406	0.13263434875174196	0.5994728769340263
current_XTX	0.0	95	yptar	mrad	30000	199492	1.075318681852013	1.0503431832020016	0.1266907398592254
current_XTX	0.0	96	xptar	mrad	30000	199492	1.7966912077933204	1.8163880449964545	0.3269028083273895
current_XTX	0.0	96	ytar	cm	30000	199492	0.13643684966838734	0.13258144846496786	0.5593494774180252
current_XTX	0.0	96	yptar	mrad	30000	199492	1.075177429401082	1.0503638974554903	0.12866537984941306
current_XTX	0.0	97	xptar	mrad	30000	199492	1.7944170343656451	1.8142595896858196	0.209339091879146
current_XTX	0.0	97	ytar	cm	30000	199492	0.1364457182260523	0.13258164841152756	0.5595011313349607
current_XTX	0.0	97	yptar	mrad	30000	199492	1.0752034002521518	1.0502715947443317	0.11986638428069796
current_XTX	0.0	98	xptar	mrad	30000	199492	1.7939445334048545	1.8140100531659007	0.1955561195401634
current_XTX	0.0	98	ytar	cm	30000	199492	0.13632851990014289	0.13253304943207223	0.5226401540573855
current_XTX	0.0	98	yptar	mrad	30000	199492	1.0754057132652663	1.0507111690386646	0.16176994506897913
current_XTX	0.0	99	xptar	mrad	30000	199492	1.7938983325608064	1.8139315951760793	0.1912225482303187
current_XTX	0.0	99	ytar	cm	30000	199492	0.13631355441340232	0.1325000575105501	0.4976166971206508
current_XTX	0.0	99	yptar	mrad	30000	199492	1.0753639315293124	1.0506154486385966	0.15264514943229557
current_XTX	0.0	100	xptar	mrad	30000	199492	1.793863168574123	1.8139750111356931	0.19362059790506425
current_XTX	0.0	100	ytar	cm	30000	199492	0.13633184468435675	0.1325327410128307	0.5224062266214302
current_XTX	0.0	100	yptar	mrad	30000	199492	1.0753991086664416	1.0507119367356925	0.16184312778118048
current_XTX	0.0	101	xptar	mrad	30000	199492	1.7937816257645176	1.8136147684930672	0.17372285155417
current_XTX	0.0	101	ytar	cm	30000	199492	0.13605518133530123	0.1320610496591336	0.16464142444825303
current_XTX	0.0	101	yptar	mrad	30000	199492	1.0752599245133398	1.0507151849230003	0.16215276966893288
current_XTX	0.0	102	xptar	mrad	30000	199492	1.793990037278366	1.8137905141456523	0.1834300377770992
current_XTX	0.0	102	ytar	cm	30000	199492	0.13637118921735544	0.13214577739319458	0.22890505950816653
current_XTX	0.0	102	yptar	mrad	30000	199492	1.0759449978857223	1.0508241041339843	0.17253577622169392
current_XTX	0.0	103	xptar	mrad	30000	199492	1.7938723742121505	1.8136622669426585	0.17634639466148627
current_XTX	0.0	103	ytar	cm	30000	199492	0.13639272430702784	0.13217370766859787	0.25008939832629196
current_XTX	0.0	103	yptar	mrad	30000	199492	1.075972144954792	1.0508188894359765	0.17203867159618635
current_XTX	0.0	104	xptar	mrad	30000	199492	1.7940941664343943	1.8138622549649388	0.187392590946156
current_XTX	0.0	104	ytar	cm	30000	199492	0.13603189178327793	0.13178304500255072	-0.04621739283985349
current_XTX	0.0	104	yptar	mrad	30000	199492	1.0747898370086326	1.0502935779373075	0.12196198922178603
current_XTX	0.0	105	xptar	mrad	30000	199492	1.7941429347169568	1.8138679051958548	0.1877046774353408
current_XTX	0.0	105	ytar	cm	30000	199492	0.13572849323014996	0.13159985653045267	-0.1851607653797105
current_XTX	0.0	105	yptar	mrad	30000	199492	1.0746379816763245	1.0501947900622057	0.11254477856401657
current_XTX	0.0	106	xptar	mrad	30000	199492	1.7939724189878903	1.8136476557434427	0.17553935545657762
current_XTX	0.0	106	ytar	cm	30000	199492	0.13556819973505263	0.13150413913828937	-0.25775975114323835
current_XTX	0.0	106	yptar	mrad	30000	199492	1.074904197523263	1.0500823987951209	0.10183078924963507
current_XTX	0.0	107	xptar	mrad	30000	199492	1.7949229000388356	1.8130691893839068	0.14358817718775896
current_XTX	0.0	107	ytar	cm	30000	199492	0.13548184581864806	0.13175504939759297	-0.06745128231211428
current_XTX	0.0	107	yptar	mrad	30000	199492	1.0749243895884786	1.049725174342107	0.06777744087391735
current_XTX	0.0	108	xptar	mrad	30000	199492	1.7947433235794357	1.812943189631782	0.13662867042369964
current_XTX	0.0	108	ytar	cm	30000	199492	0.13540529241411453	0.13172459741789563	-0.09054826385906933
current_XTX	0.0	108	yptar	mrad	30000	199492	1.074919232349413	1.0497310535155184	0.06833788834230692
current_XTX	0.0	109	xptar	mrad	30000	199492	1.7947903322116703	1.8129812386786346	0.13873028248621022
current_XTX	0.0	109	ytar	cm	30000	199492	0.1354657335396481	0.13179040670205946	-0.04063374805229891
current_XTX	0.0	109	yptar	mrad	30000	199492	1.0749402167805593	1.0497706296058662	0.07211058189839914
current_XTX	0.0	110	xptar	mrad	30000	199492	1.794738531543985	1.812898270422363	0.13414758981429298
current_XTX	0.0	110	ytar	cm	30000	199492	0.13540602590329048	0.13174748549317233	-0.07318829391408377
current_XTX	0.0	110	yptar	mrad	30000	199492	1.0749301349912308	1.0497570815137764	0.07081907484767225
current_XTX	0.0	111	xptar	mrad	30000	199492	1.7942204345162147	1.8125059173789186	0.1124762482941799
current_XTX	0.0	111	ytar	cm	30000	199492	0.1357044239911267	0.13232025512724155	0.3612415789624235
current_XTX	0.0	111	yptar	mrad	30000	199492	1.0752052172815396	1.0504321028511456	0.13516723625861538
current_XTX	0.0	112	xptar	mrad	30000	199492	1.7940264776893882	1.8124069318502194	0.10700885296275331
current_XTX	0.0	112	ytar	cm	30000	199492	0.13572413880207457	0.13232599953574328	0.3655985534015693
current_XTX	0.0	112	yptar	mrad	30000	199492	1.075224254938949	1.0504056503256818	0.13264558059524756
current_XTX	0.0	113	xptar	mrad	30000	199492	1.7952756237318397	1.8132798025442318	0.1552212454213331
current_XTX	0.0	113	ytar	cm	30000	199492	0.1356096741224083	0.1322139413357477	0.2806055183605993
current_XTX	0.0	113	yptar	mrad	30000	199492	1.075463560111794	1.0508666725775566	0.1765937236173576
current_XTX	0.0	114	xptar	mrad	30000	199492	1.7927378191001828	1.811045908085913	0.03183367258345893
current_XTX	0.0	114	ytar	cm	30000	199492	0.13562101815425925	0.13213761546416955	0.22271446283916863
current_XTX	0.0	114	yptar	mrad	30000	199492	1.0745943604876995	1.0494031836465365	0.03708284189702926
current_XTX	0.0	115	xptar	mrad	30000	199492	1.7926478083449633	1.811030286955171	0.030970850528455607
current_XTX	0.0	115	ytar	cm	30000	199492	0.13566469432421108	0.1321948408688995	0.2661183443011028
current_XTX	0.0	115	yptar	mrad	30000	199492	1.0746369153186004	1.0494493844069352	0.04148704932405156
current_XTX	0.0	116	xptar	mrad	30000	199492	1.792794166268277	1.8110419210411184	0.03161345099773616
current_XTX	0.0	116	ytar	cm	30000	199492	0.13557465534500332	0.13197972639664945	0.10295998660405647
current_XTX	0.0	116	yptar	mrad	30000	199492	1.0745860535639604	1.049124709518057	0.01053657265164265
current_XTX	0.0	117	xptar	mrad	30000	199492	1.7925378440871602	1.8107942701428656	0.017934629631422006
current_XTX	0.0	117	ytar	cm	30000	199492	0.13560579979528573	0.13203466990736032	0.14463311477590501
current_XTX	0.0	117	yptar	mrad	30000	199492	1.0746248294095373	1.0491438484867293	0.0123610445271094
current_XTX	0.0	118	xptar	mrad	30000	199492	1.792813015980515	1.8105165538296135	0.002595166434282703
current_XTX	0.0	118	ytar	cm	30000	199492	0.13553782878991785	0.13194257687761576	0.07478310732962345
current_XTX	0.0	118	yptar	mrad	30000	199492	1.0745751568122281	1.0492622643803433	0.023649347005960664
current_XTX	0.0	119	xptar	mrad	30000	199492	1.7929782080235557	1.8107327967146776	0.01453918851292979
current_XTX	0.0	119	ytar	cm	30000	199492	0.13555547341479493	0.1319154261818918	0.05419005806464039
current_XTX	0.0	119	yptar	mrad	30000	199492	1.0745812397198664	1.0492888444311896	0.02618315935749571
current_XTX	0.0	120	xptar	mrad	30000	199492	1.7928736188746943	1.8110861746775204	0.03405776915454961
current_XTX	0.0	120	ytar	cm	30000	199492	0.13563263249280885	0.1320926703875752	0.18862486948452162
current_XTX	0.0	120	yptar	mrad	30000	199492	1.0745725020074306	1.0491733115132038	0.015169684014915141
current_XTX	0.0	121	xptar	mrad	30000	199492	1.7930347632128618	1.811419202343398	0.05245231560568886
current_XTX	0.0	121	ytar	cm	30000	199492	0.1356800612640715	0.13212995000686556	0.21690042619331162
current_XTX	0.0	121	yptar	mrad	30000	199492	1.0746060215916327	1.0492523025932343	0.022699713787943665
current_XTX	0.0	122	xptar	mrad	30000	199492	1.792689247854422	1.8109104540748162	0.02435196654397842
current_XTX	0.0	122	ytar	cm	30000	199492	0.1355844269444152	0.1320351136505342	0.14496968165924606
current_XTX	0.0	122	yptar	mrad	30000	199492	1.0745418185996678	1.0491107078094863	0.009201823432247735
current_XTX	0.0	123	xptar	mrad	30000	199492	1.7927049990919675	1.810403540700045	-0.003647033462106375
current_XTX	0.0	123	ytar	cm	30000	199492	0.13554715404863163	0.1319563207122284	0.08520742448689944
current_XTX	0.0	123	yptar	mrad	30000	199492	1.0746115497996562	1.0492918371855096	0.026468451432526408
current_XTX	0.0	124	xptar	mrad	30000	199492	1.7928862430308146	1.8111539359568443	0.037800515261920964
current_XTX	0.0	124	ytar	cm	30000	199492	0.13562667977770296	0.13203465163134764	0.14461925292745814
current_XTX	0.0	124	yptar	mrad	30000	199492	1.0745692237771178	1.0490584405004626	0.004219306508157494
current_XTX	0.0	125	xptar	mrad	30000	199492	1.792690427840616	1.8103845816462543	-0.004694223324552826
current_XTX	0.0	125	ytar	cm	30000	199492	0.13555840088484586	0.1319770758699311	0.10094963564124537
current_XTX	0.0	125	yptar	mrad	30000	199492	1.0746112703108548	1.0493074941592297	0.027960993099562792
current_XTX	0.0	126	xptar	mrad	30000	199492	1.7927706780307993	1.8104695691310524	0.0
current_XTX	0.0	126	ytar	cm	30000	199492	0.1354712699136397	0.13184397985265492	0.0
current_XTX	0.0	126	yptar	mrad	30000	199492	1.0744528249134109	1.0490141793769208	0.0
current_XTX	0.0	127	xptar	mrad	30000	199492	1.7928114295486177	1.810884538789829	0.022920554194993947
current_XTX	0.0	127	ytar	cm	30000	199492	0.13551254089223222	0.13199082034439624	0.11137443810891323
current_XTX	0.0	127	yptar	mrad	30000	199492	1.0744683004676154	1.0491680974464146	0.014672639561963408
current_XTX	0.0	128	xptar	mrad	30000	199492	1.792843228830125	1.8106814791360724	0.01170469852866951
current_XTX	0.0	128	ytar	cm	30000	199492	0.13536176419806217	0.13187256187396823	0.021678670004687817
current_XTX	0.0	128	yptar	mrad	30000	199492	1.0741884132080668	1.0488667445724806	-0.014054605489477456
current_XTX	0.0	129	xptar	mrad	30000	199492	1.7926021760362916	1.8028216825596002	-0.4224255796314136
current_XTX	0.0	129	ytar	cm	30000	199492	0.13539414613440323	0.1318884389783538	0.033721013085763474
current_XTX	0.0	129	yptar	mrad	30000	199492	1.0742162826019117	1.0489435582414373	-0.0067321430798461535
current_XTX	0.0	130	xptar	mrad	30000	199492	1.7924543886015547	1.8023492198220288	-0.44852172317488836
current_XTX	0.0	130	ytar	cm	30000	199492	0.13536989195043456	0.1319089961781248	0.049313078642287955
current_XTX	0.0	130	yptar	mrad	30000	199492	1.0742240281668851	1.048922723028615	-0.008718313832534186
current_XTX	0.0	131	xptar	mrad	30000	199492	1.7924831788571842	1.80206317679231	-0.4643211066384878
current_XTX	0.0	131	ytar	cm	30000	199492	0.13525298834696128	0.1317680187034453	-0.05761442372607117
current_XTX	0.0	131	yptar	mrad	30000	199492	1.0741846946570448	1.048909865611587	-0.009943980489923732
current_XTX	0.0	132	xptar	mrad	30000	199492	1.7923823647859916	1.8024778004171882	-0.4414196653799496
current_XTX	0.0	132	ytar	cm	30000	199492	0.1353529500205332	0.13192909911735212	0.06456060018238396
current_XTX	0.0	132	yptar	mrad	30000	199492	1.074193489429697	1.0488444092944111	-0.016183773856182082
current_XTX	0.0	133	xptar	mrad	30000	199492	1.7925068492851421	1.8020531030339082	-0.46487752352466494
current_XTX	0.0	133	ytar	cm	30000	199492	0.13525885321228173	0.1317723917355565	-0.05429760022295227
current_XTX	0.0	133	yptar	mrad	30000	199492	1.0741692359936303	1.048874647896225	-0.013301200635695842
current_XTX	0.0	134	xptar	mrad	30000	199492	1.7924598141448738	1.8019850325652917	-0.468637347482892
current_XTX	0.0	134	ytar	cm	30000	199492	0.13524857340787333	0.13176342689152876	-0.06109718564032418
current_XTX	0.0	134	yptar	mrad	30000	199492	1.0741606580999832	1.048871734976117	-0.013578882307230256
current_XTX	0.0	135	xptar	mrad	30000	199492	1.7924129128223796	1.8020196505566142	-0.46672524733425425
current_XTX	0.0	135	ytar	cm	30000	199492	0.1352837621397486	0.13174595977909917	-0.07434550569945797
current_XTX	0.0	135	yptar	mrad	30000	199492	1.0742624926469455	1.0489663896992805	-0.004555675088080413
current_XTX	0.0	136	xptar	mrad	30000	199492	1.7940826579337437	1.803174472627315	-0.40293947095939586
current_XTX	0.0	136	ytar	cm	30000	199492	0.13527121983429477	0.13187167047971884	0.021002572203054903
current_XTX	0.0	136	yptar	mrad	30000	199492	1.0742784164890489	1.0489902783632674	-0.002278426176050008
current_XTX	0.0	137	xptar	mrad	30000	199492	1.794298983018658	1.8032024577875925	-0.40139373051975014
current_XTX	0.0	137	ytar	cm	30000	199492	0.13528443484869287	0.1318567099623868	0.009655434966471255
current_XTX	0.0	137	yptar	mrad	30000	199492	1.0742840522934056	1.04896100366617	-0.005069112677036358
current_XTX	0.0	138	xptar	mrad	30000	199492	1.794157832626395	1.8032417185774567	-0.39922518869315304
current_XTX	0.0	138	ytar	cm	30000	199492	0.13523285667421056	0.13188132840105138	0.028327837522956756
current_XTX	0.0	138	yptar	mrad	30000	199492	1.074220339102735	1.04892588191366	-0.008417184914810694
current_XTX	0.0	139	xptar	mrad	30000	199492	1.793896031516159	1.8027564031686585	-0.42603124039780615
current_XTX	0.0	139	ytar	cm	30000	199492	0.13517995484937043	0.13175743485252436	-0.06564198094389795
current_XTX	0.0	139	yptar	mrad	30000	199492	1.0742595632866918	1.0488820051273744	-0.012599853476225054
current_XTX	0.0	140	xptar	mrad	30000	199492	1.7938703246720904	1.8029229204642512	-0.41683377591501536
current_XTX	0.0	140	ytar	cm	30000	199492	0.13528065887677346	0.13188936585378266	0.0344240223774106
current_XTX	0.0	140	yptar	mrad	30000	199492	1.0742822825624594	1.0489609159899673	-0.005077470638681358
current_XTX	0.0	141	xptar	mrad	30000	199492	1.793638879717883	1.8020811121481992	-0.4633304600021093
current_XTX	0.0	141	ytar	cm	30000	199492	0.13510889854795416	0.13169266290633905	-0.11476970468047298
current_XTX	0.0	141	yptar	mrad	30000	199492	1.0739163859691288	1.0486680221706917	-0.03299833434422528
current_XTX	0.0	142	xptar	mrad	30000	199492	1.7933329841197694	1.802409175378268	-0.44521012063477583
current_XTX	0.0	142	ytar	cm	30000	199492	0.13522623957107027	0.13190302718353497	0.04478576188768901
current_XTX	0.0	142	yptar	mrad	30000	199492	1.074104155853514	1.0488935297844564	-0.01150123562067007
current_XTX	0.0	143	xptar	mrad	30000	199492	1.7931554390985494	1.8018684097278053	-0.4750789270308142
current_XTX	0.0	143	ytar	cm	30000	199492	0.13524110770041173	0.13188202944155947	0.028859557294214078
current_XTX	0.0	143	yptar	mrad	30000	199492	1.0741338608323474	1.0489434663162753	-0.006740906084556908
current_XTX	0.0	144	xptar	mrad	30000	199492	1.7932593114402122	1.8021980913581626	-0.45686919647369706
current_XTX	0.0	144	ytar	cm	30000	199492	0.13519431998356957	0.13184173084943532	-0.0017058065314157211
current_XTX	0.0	144	yptar	mrad	30000	199492	1.0741246405386704	1.0488984293503363	-0.01103417178338617
current_XTX	0.0	145	xptar	mrad	30000	199492	1.7934033860958911	1.8023627784242897	-0.44777282341473823
current_XTX	0.0	145	ytar	cm	30000	199492	0.1352384332890433	0.13188561722586742	0.03158079212948195
current_XTX	0.0	145	yptar	mrad	30000	199492	1.0740530856565054	1.0488800862341014	-0.012782776959119335
current_XTX	0.0	146	xptar	mrad	30000	199492	1.7935781487755766	1.801559639866866	-0.49213361086553054
current_XTX	0.0	146	ytar	cm	30000	199492	0.13520979102563604	0.13186652810469665	0.017102223451481713
current_XTX	0.0	146	yptar	mrad	30000	199492	1.0740669913421539	1.0488038483754385	-0.020050348757649772
current_XTX	0.0	147	xptar	mrad	30000	199492	1.7937089207863528	1.8014965955458084	-0.49561581913528663
current_XTX	0.0	147	ytar	cm	30000	199492	0.13533567335224392	0.1320257272683555	0.13785037125222388
current_XTX	0.0	147	yptar	mrad	30000	199492	1.0740965516780685	1.0489014914181884	-0.010742272215924498
current_XTX	0.0	148	xptar	mrad	30000	199492	1.7935515962843016	1.8014251393557403	-0.49956265101175346
current_XTX	0.0	148	ytar	cm	30000	199492	0.13531710791523183	0.13199139821642775	0.11181273800864311
current_XTX	0.0	148	yptar	mrad	30000	199492	1.074114921058244	1.0489016963594022	-0.010722735662671568
current_XTX	0.0	149	xptar	mrad	30000	199492	1.7936647389377811	1.8019978538749526	-0.4679291715555256
current_XTX	0.0	149	ytar	cm	30000	199492	0.1353130661364492	0.13197944457437397	0.10274623222876755
current_XTX	0.0	149	yptar	mrad	30000	199492	1.074126372276708	1.0488937859132115	-0.011476819482159062
current_XTX	0.0	150	xptar	mrad	30000	199492	1.7935087091354405	1.802358225332996	-0.44802431017658684
current_XTX	0.0	150	ytar	cm	30000	199492	0.13538768191022307	0.13199691335529004	0.11599581778860557
current_XTX	0.0	150	yptar	mrad	30000	199492	1.0742158160477884	1.0490400994575741	0.0024708989795341196
current_XTX	0.0	151	xptar	mrad	30000	199492	1.7937461033570765	1.8027955191202822	-0.42387069860850835
current_XTX	0.0	151	ytar	cm	30000	199492	0.1355032944425142	0.132123935330685	0.2123384612198187
current_XTX	0.0	151	yptar	mrad	30000	199492	1.0741560442477014	1.0489248140218164	-0.008518984477168257
current_XTX	0.0	152	xptar	mrad	30000	199492	1.7940487982574405	1.8030567597999325	-0.4094412553245941
current_XTX	0.0	152	ytar	cm	30000	199492	0.13534270131284387	0.13185499034370202	0.008351151914109955
current_XTX	0.0	152	yptar	mrad	30000	199492	1.0745932975335462	1.0491146139246696	0.009574184002780761
current_XTX	0.0	153	xptar	mrad	30000	199492	1.7938272712905594	1.8027950253310296	-0.4238979727069436
current_XTX	0.0	153	ytar	cm	30000	199492	0.1352602781307881	0.1318832108994098	0.02975566028780019
current_XTX	0.0	153	yptar	mrad	30000	199492	1.0749693434531706	1.04961944208197	0.057698238684311676
current_XTX	0.0	154	xptar	mrad	30000	199492	1.7939486431562535	1.80219961807295	-0.45678486946740815
current_XTX	0.0	154	ytar	cm	30000	199492	0.13495635491924057	0.13162228413507174	-0.16815004965030633
current_XTX	0.0	154	yptar	mrad	30000	199492	1.0748134620121759	1.0495092665833174	0.04719547324809614
current_XTX	0.0	155	xptar	mrad	30000	199492	1.793778850982868	1.802173451460597	-0.4582301637048314
current_XTX	0.0	155	ytar	cm	30000	199492	0.13501670243020347	0.13157678109750384	-0.20266284091976505
current_XTX	0.0	155	yptar	mrad	30000	199492	1.07478853181446	1.0495673827977425	0.05273555226397164
current_XTX	0.0	156	xptar	mrad	30000	199492	1.792872786424191	1.800879105553026	-0.5297224400534595
current_XTX	0.0	156	ytar	cm	30000	199492	0.1348720640694324	0.13149295803241126	-0.26624030967205004
current_XTX	0.0	156	yptar	mrad	30000	199492	1.0745666046674822	1.0491427347507272	0.012254874751338463
current_XTX	0.0	157	xptar	mrad	30000	199492	1.7930127097988957	1.801428488288599	-0.4993776750852996
current_XTX	0.0	157	ytar	cm	30000	199492	0.13493711000868527	0.13157464478811357	-0.20428317230892779
current_XTX	0.0	157	yptar	mrad	30000	199492	1.0744842832585393	1.0490445040861214	0.0028907816306711354
current_XTX	0.0	158	xptar	mrad	30000	199492	1.7928753857665758	1.8010690809799683	-0.5192292823566147
current_XTX	0.0	158	ytar	cm	30000	199492	0.13496692784765935	0.1316225410081628	-0.16795521853905093
current_XTX	0.0	158	yptar	mrad	30000	199492	1.0745947288558384	1.0490964545627928	0.00784309568826469
current_XTX	0.0	159	xptar	mrad	30000	199492	1.7931037771168632	1.8014833651516227	-0.496346590555663
current_XTX	0.0	159	ytar	cm	30000	199492	0.13496779877089438	0.1316264475999549	-0.16499217707408587
current_XTX	0.0	159	yptar	mrad	30000	199492	1.0745418802495923	1.0491906221786012	0.016819868134221316
current_XTX	0.0	160	xptar	mrad	30000	199492	1.7933101125112492	1.8016637205724308	-0.4863847870609561
current_XTX	0.0	160	ytar	cm	30000	199492	0.13493649676561933	0.13157800799513225	-0.2017322731154736
current_XTX	0.0	160	yptar	mrad	30000	199492	1.0744886100582378	1.0490471347438035	0.003141555903685145
current_XTX	0.0	161	xptar	mrad	30000	199492	1.7930520254401583	1.801330208882547	-0.5048060682341093
current_XTX	0.0	161	ytar	cm	30000	199492	0.1349888866073736	0.13165452682500364	-0.14369486408328802
current_XTX	0.0	161	yptar	mrad	30000	199492	1.0745898340712694	1.0491583658068322	0.01374494575441254
current_XTX	0.0	162	xptar	mrad	30000	199492	1.7935520508918723	1.8020876118919498	-0.4629714512752403
current_XTX	0.0	162	ytar	cm	30000	199492	0.1350409512062911	0.13168319328604108	-0.12195214889108019
current_XTX	0.0	162	yptar	mrad	30000	199492	1.074615976282294	1.0492984367520846	0.02709757224945708
current_XTX	0.0	163	xptar	mrad	30000	199492	1.7928400838585274	1.8008946600853164	-0.5288632965165796
current_XTX	0.0	163	ytar	cm	30000	199492	0.13497339964798385	0.13162689343751763	-0.1646540216549086
current_XTX	0.0	163	yptar	mrad	30000	199492	1.0745877151780303	1.0492092694158968	0.018597464439595868
current_XTX	0.0	164	xptar	mrad	30000	199492	1.7936090295629954	1.8020419334362248	-0.4654944683147866
current_XTX	0.0	164	ytar	cm	30000	199492	0.1349532436965626	0.13155422350426024	-0.21977214941364398
current_XTX	0.0	164	yptar	mrad	30000	199492	1.0745006040485703	1.0491077225156835	0.008917242550365856
current_XTX	0.0	165	xptar	mrad	30000	199492	1.7934573677822336	1.8017242725914846	-0.48304023932118634
current_XTX	0.0	165	ytar	cm	30000	199492	0.13506291978070326	0.13169732329174622	-0.11123493167651821
current_XTX	0.0	165	yptar	mrad	30000	199492	1.0746196625219855	1.049294851497278	0.026755798527333674
current_XTX	0.0	166	xptar	mrad	30000	199492	1.7926873648665662	1.8007627856613033	-0.5361472866074135
current_XTX	0.0	166	ytar	cm	30000	199492	0.1349379907175846	0.13163959928416388	-0.15501698956558174
current_XTX	0.0	166	yptar	mrad	30000	199492	1.0745954703683964	1.049523783501755	0.048579336185605726
current_XTX	0.0	167	xptar	mrad	30000	199492	1.7930591894367685	1.801121525659551	-0.5163325377508632
current_XTX	0.0	167	ytar	cm	30000	199492	0.13499626312039123	0.1317061234417621	-0.10456026209682001
current_XTX	0.0	167	yptar	mrad	30000	199492	1.074636356547683	1.0495002687839394	0.046337734663159935
current_XTX	0.0	168	xptar	mrad	30000	199492	1.7928008949644998	1.8007754306150106	-0.5354488515758149
current_XTX	0.0	168	ytar	cm	30000	199492	0.1349634717912968	0.13163279454492147	-0.16017819544696943
current_XTX	0.0	168	yptar	mrad	30000	199492	1.0746877021830217	1.0494991262104987	0.046228815883675445
current_XTX	0.0	169	xptar	mrad	30000	199492	1.792668198756896	1.8006721637028948	-0.5411527260775761
current_XTX	0.0	169	ytar	cm	30000	199492	0.13496311897588253	0.13169946000979055	-0.10961429033459202
current_XTX	0.0	169	yptar	mrad	30000	199492	1.0746891107513947	1.0494809514061711	0.044496255477466384
current_XTX	0.0	170	xptar	mrad	30000	199492	1.7932478701486023	1.8016474632974513	-0.48728274609085576
current_XTX	0.0	170	ytar	cm	30000	199492	0.13490768878637727	0.131694754951772	-0.11318294627460368
current_XTX	0.0	170	yptar	mrad	30000	199492	1.073399248025928	1.0484684685243526	-0.052021303743698954
current_XTX	0.0	171	xptar	mrad	30000	199492	1.7933530903716628	1.8018054082656554	-0.4785587680192549
current_XTX	0.0	171	ytar	cm	30000	199492	0.13484432872763175	0.1315171315119531	-0.24790539626238228
current_XTX	0.0	171	yptar	mrad	30000	199492	1.073557209409137	1.0486928754177196	-0.030629134049642293
current_XTX	0.0	172	xptar	mrad	30000	199492	1.7923802608928954	1.8003182715056862	-0.5606997100889299
current_XTX	0.0	172	ytar	cm	30000	199492	0.13477119794198064	0.13154564234269892	-0.22628072232756535
current_XTX	0.0	172	yptar	mrad	30000	199492	1.0734489779849963	1.0484144867898295	-0.05716725272936207
current_XTX	0.0	173	xptar	mrad	30000	199492	1.7925159633738146	1.8009819062263568	-0.5240443179196475
current_XTX	0.0	173	ytar	cm	30000	199492	0.1346381753159392	0.13156102348751011	-0.2146145508206243
current_XTX	0.0	173	yptar	mrad	30000	199492	1.0729541818347699	1.0480509870714605	-0.09181880706630174
current_XTX	0.0	174	xptar	mrad	30000	199492	1.7925190590104643	1.8006974824462694	-0.5397542632806118
current_XTX	0.0	174	ytar	cm	30000	199492	0.13468919866964	0.1316211139683603	-0.16903758862838458
current_XTX	0.0	174	yptar	mrad	30000	199492	1.073026707189515	1.048096084257518	-0.08751980072834176
current_XTX	0.0	175	xptar	mrad	30000	199492	1.7929292325084736	1.8014141419533045	-0.5001700847197421
current_XTX	0.0	175	ytar	cm	30000	199492	0.13449648668429623	0.1314153997421204	-0.3250661205869809
current_XTX	0.0	175	yptar	mrad	30000	199492	1.0732395738124225	1.0484540305723833	-0.05339763899760985
current_XTX	0.0	176	xptar	mrad	30000	199492	1.7909540683566607	1.799045891297305	-0.6309787266532307
current_XTX	0.0	176	ytar	cm	30000	199492	0.13456932128874133	0.13148323812493623	-0.27361258976089653
current_XTX	0.0	176	yptar	mrad	30000	199492	1.0730405068736433	1.0483412599988517	-0.06414778668375476
current_XTX	0.0	177	xptar	mrad	30000	199492	1.791118584804967	1.7992034291399532	-0.6222772358723705
current_XTX	0.0	177	ytar	cm	30000	199492	0.13455701170167442	0.13142551272414602	-0.31739570435947995
current_XTX	0.0	177	yptar	mrad	30000	199492	1.0731412200776569	1.0484642700074929	-0.05242153826314766
current_XTX	0.0	178	xptar	mrad	30000	199492	1.7909681314219894	1.7989320966427524	-0.6372640935267126
current_XTX	0.0	178	ytar	cm	30000	199492	0.1345013923709903	0.1314133895095438	-0.3265908262116701
current_XTX	0.0	178	yptar	mrad	30000	199492	1.0731181441396829	1.0484638322888014	-0.05246326493377751
current_XTX	0.0	179	xptar	mrad	30000	199492	1.7907857445050461	1.7986602358017805	-0.6522801338737727
current_XTX	0.0	179	ytar	cm	30000	199492	0.13443878953007216	0.13130872682608183	-0.40597456719015934
current_XTX	0.0	179	yptar	mrad	30000	199492	1.0731316690421013	1.04850021354715	-0.04899512703213649
current_XTX	0.0	180	xptar	mrad	30000	199492	1.7907833640496653	1.7987988335323226	-0.6446247867248678
current_XTX	0.0	180	ytar	cm	30000	199492	0.13452593593673107	0.1314455931005003	-0.3021652961324728
current_XTX	0.0	180	yptar	mrad	30000	199492	1.0731167238970563	1.0484278362538384	-0.055894680416102016
current_XTX	0.0	181	xptar	mrad	30000	199492	1.7909289276498799	1.7989604031700939	-0.6357006026056822
current_XTX	0.0	181	ytar	cm	30000	199492	0.13451613362668793	0.13145543658806705	-0.294699283973443
current_XTX	0.0	181	yptar	mrad	30000	199492	1.0731405008659356	1.0485008746565627	-0.04893210506105028
current_XTX	0.0	182	xptar	mrad	30000	199492	1.7908335933146853	1.798717082919449	-0.6491402237290389
current_XTX	0.0	182	ytar	cm	30000	199492	0.13457982604848837	0.13151041059619437	-0.2530030243575343
current_XTX	0.0	182	yptar	mrad	30000	199492	1.073158931520497	1.048439096648427	-0.05482125406878202
current_XTX	0.0	183	xptar	mrad	30000	199492	1.7909066279727086	1.798870620913109	-0.6406596617644644
current_XTX	0.0	183	ytar	cm	30000	199492	0.13450334941524553	0.13140028816015667	-0.3365278361545987
current_XTX	0.0	183	yptar	mrad	30000	199492	1.0731079937171148	1.048473204444364	-0.051569839873655265
current_XTX	0.0	184	xptar	mrad	30000	199492	1.7909780066389387	1.7990182367208811	-0.6325062075286603
current_XTX	0.0	184	ytar	cm	30000	199492	0.13459057095669646	0.13150852220431306	-0.2544353171959446
current_XTX	0.0	184	yptar	mrad	30000	199492	1.0731578182282209	1.0484369183332412	-0.055028907619003586
current_XTX	0.0	185	xptar	mrad	30000	199492	1.7909375083342103	1.7989949440552957	-0.633792761358809
current_XTX	0.0	185	ytar	cm	30000	199492	0.1345177880687589	0.13144543230905725	-0.3022872519800046
current_XTX	0.0	185	yptar	mrad	30000	199492	1.0731358009443777	1.0485200898683145	-0.04710036511611504
current_XTX	0.0	186	xptar	mrad	30000	199492	1.7908902449567132	1.7987792204257809	-0.6457081027262057
current_XTX	0.0	186	ytar	cm	30000	199492	0.13459227509703123	0.13151437254837586	-0.24999799357348085
current_XTX	0.0	186	yptar	mrad	30000	199492	1.073189161964512	1.048466583615598	-0.05220098756415492
current_XTX	0.0	187	xptar	mrad	30000	199492	1.7908249782270038	1.798855327976573	-0.6415043562457479
current_XTX	0.0	187	ytar	cm	30000	199492	0.13453279389745365	0.1314406810276849	-0.3058909670511478
current_XTX	0.0	187	yptar	mrad	30000	199492	1.073144125596129	1.048453667028034	-0.05343229480651024
current_XTX	0.0	188	xptar	mrad	30000	199492	1.7907867312200314	1.7988059963492646	-0.6442291536215006
current_XTX	0.0	188	ytar	cm	30000	199492	0.13447118326738802	0.13142162156101278	-0.3203470436148548
current_XTX	0.0	188	yptar	mrad	30000	199492	1.0731898169881526	1.0485495635564719	-0.04429070927571832
current_XTX	0.0	189	xptar	mrad	30000	199492	1.7908716931832898	1.7987661557696313	-0.6464297197239399
current_XTX	0.0	189	ytar	cm	30000	199492	0.1345726891916512	0.13149506256311672	-0.2646440815334494
current_XTX	0.0	189	yptar	mrad	30000	199492	1.0731871630347223	1.048485234344948	-0.05042305836961969
current_XTX	0.0	190	xptar	mrad	30000	199492	1.7908718863347457	1.7987699099498684	-0.64622236024654
current_XTX	0.0	190	ytar	cm	30000	199492	0.13460248660621402	0.1315082492288715	-0.25464236149319586
current_XTX	0.0	190	yptar	mrad	30000	199492	1.073125269356589	1.0484616798032784	-0.05266845620433003
current_XTX	0.0	191	xptar	mrad	30000	199492	1.790801904047233	1.7988987551727948	-0.6391056859249566
current_XTX	0.0	191	ytar	cm	30000	199492	0.13453005638548396	0.13145036350527625	-0.29854707649038525
current_XTX	0.0	191	yptar	mrad	30000	199492	1.0731510927617576	1.0484955322621394	-0.04944138267887199
current_XTX	0.0	192	xptar	mrad	30000	199492	1.7908492277568577	1.7988376194993947	-0.642482471397765
current_XTX	0.0	192	ytar	cm	30000	199492	0.13449130370626192	0.13143065897727996	-0.31349241416777085
current_XTX	0.0	192	yptar	mrad	30000	199492	1.0731333975453892	1.04850121160917	-0.048899984178985
current_XTX	0.0	193	xptar	mrad	30000	199492	1.790695742720105	1.7985320103012352	-0.6593625782700507
current_XTX	0.0	193	ytar	cm	30000	199492	0.13447010968264092	0.1313764243857441	-0.3546278468181452
current_XTX	0.0	193	yptar	mrad	30000	199492	1.0731227796392024	1.0485355241638568	-0.045629050824491646
current_XTX	0.0	194	xptar	mrad	30000	199492	1.7909049258712373	1.7989915518065702	-0.6339801298063885
current_XTX	0.0	194	ytar	cm	30000	199492	0.13452339282929937	0.1314482599942812	-0.30014253120693724
current_XTX	0.0	194	yptar	mrad	30000	199492	1.0731543193982824	1.0484899752192076	-0.0499711222230137
current_XTX	0.0	195	xptar	mrad	30000	199492	1.7908614338653153	1.7988265513320587	-0.6430938137547249
current_XTX	0.0	195	ytar	cm	30000	199492	0.13454190334421212	0.13143241028855118	-0.3121640931680769
current_XTX	0.0	195	yptar	mrad	30000	199492	1.0730838482043559	1.0483963538343535	-0.05889582378516556
current_XTX	0.0	196	xptar	mrad	30000	199492	1.7906413699305288	1.7985671949276893	-0.6574191804326057
current_XTX	0.0	196	ytar	cm	30000	199492	0.13454568866102604	0.13138818446676875	-0.34570815170745783
current_XTX	0.0	196	yptar	mrad	30000	199492	1.073106456281324	1.0484059502577128	-0.05798101981512316
current_XTX	0.0	197	xptar	mrad	30000	199492	1.7907071579364304	1.7986434042781227	-0.6532098111213025
current_XTX	0.0	197	ytar	cm	30000	199492	0.13455507681781753	0.13147389220564662	-0.28070121018942684
current_XTX	0.0	197	yptar	mrad	30000	199492	1.073171756707174	1.0484682233479787	-0.05204467581804151
current_XTX	0.0	198	xptar	mrad	30000	199492	1.791020583884686	1.79901481758931	-0.6326950608311122
current_XTX	0.0	198	ytar	cm	30000	199492	0.1345572550415375	0.13143969137157002	-0.3066415937509781
current_XTX	0.0	198	yptar	mrad	30000	199492	1.0731530929966824	1.0485101299273354	-0.04804982234699606
current_XTX	0.0	199	xptar	mrad	30000	199492	1.7905102558923875	1.798503839229345	-0.6609185874054901
current_XTX	0.0	199	ytar	cm	30000	199492	0.1345071008040267	0.13146201023693174	-0.28971335373071394
current_XTX	0.0	199	yptar	mrad	30000	199492	1.0731853502719746	1.0485381863358727	-0.04537527236578853
current_XTX	0.0	200	xptar	mrad	30000	199492	1.7908794419062515	1.7988313244427794	-0.6428301743761855
current_XTX	0.0	200	ytar	cm	30000	199492	0.13457357449783824	0.13147691519452143	-0.2784083570169127
current_XTX	0.0	200	yptar	mrad	30000	199492	1.0731646999108673	1.0484787366856982	-0.0510424646061991
current_XTX	0.0	201	xptar	mrad	30000	199492	1.7908796321599558	1.7987977034636569	-0.6446872052645158
current_XTX	0.0	201	ytar	cm	30000	199492	0.1344924007323046	0.131381801416515	-0.3505495181929663
current_XTX	0.0	201	yptar	mrad	30000	199492	1.0731378908697207	1.0485110832923883	-0.04795894034829162
current_XTX	0.0	202	xptar	mrad	30000	199492	1.790884825895034	1.7989249907728604	-0.6376565812002521
current_XTX	0.0	202	ytar	cm	30000	199492	0.13449802337042763	0.13143021744534356	-0.3138273038888584
current_XTX	0.0	202	yptar	mrad	30000	199492	1.0731478350362178	1.048560304794399	-0.04326677288493119
current_XTX	0.0	203	xptar	mrad	30000	199492	1.791166092895389	1.7991251013049743	-0.6266036181719947
current_XTX	0.0	203	ytar	cm	30000	199492	0.1346847398534421	0.1315813026287382	-0.1992333849526351
current_XTX	0.0	203	yptar	mrad	30000	199492	1.0730347150043884	1.0483062869152298	-0.06748168667380927
current_XTX	0.0	204	xptar	mrad	30000	199492	1.791105415344134	1.799098173989447	-0.6280909293086445
current_XTX	0.0	204	ytar	cm	30000	199492	0.13452533603789651	0.13143881736755628	-0.30730450154147215
current_XTX	0.0	204	yptar	mrad	30000	199492	1.0731507621923781	1.0485109690385106	-0.04796983189579995
current_XTX	0.0	205	xptar	mrad	30000	199492	1.7908294405420324	1.7986914761148725	-0.6505545973817695
current_XTX	0.0	205	ytar	cm	30000	199492	0.1345735569420102	0.13148800096993093	-0.2700001040030875
current_XTX	0.0	205	yptar	mrad	30000	199492	1.073131345350217	1.0485101609059446	-0.04804686923064461
current_XTX	0.0	206	xptar	mrad	30000	199492	1.7909290971317184	1.798998699937283	-0.6335853078864528
current_XTX	0.0	206	ytar	cm	30000	199492	0.13460404754805141	0.131493610594105	-0.2657453597361692
current_XTX	0.0	206	yptar	mrad	30000	199492	1.0731642398326073	1.0484529660881403	-0.053499113721589
current_XTX	0.0	207	xptar	mrad	30000	199492	1.7909519552929252	1.7989640762284753	-0.6354977238363202
current_XTX	0.0	207	ytar	cm	30000	199492	0.13462885201387975	0.13149417007959363	-0.2653210055189703
current_XTX	0.0	207	yptar	mrad	30000	199492	1.0731434701504348	1.0483924234736208	-0.059270495625640685
current_XTX	0.0	208	xptar	mrad	30000	199492	1.7906474130329215	1.798647811464476	-0.6529663833151567
current_XTX	0.0	208	ytar	cm	30000	199492	0.13453381301375725	0.1314639151170303	-0.2882685550370856
current_XTX	0.0	208	yptar	mrad	30000	199492	1.0731783123418854	1.0485129033973497	-0.04778543411766423
current_XTX	0.0	209	xptar	mrad	30000	199492	1.79106698835472	1.7990061155881376	-0.6331757096815882
current_XTX	0.0	209	ytar	cm	30000	199492	0.13459176923799207	0.13147917106332843	-0.2766973431279851
current_XTX	0.0	209	yptar	mrad	30000	199492	1.073125969099982	1.0484310905195227	-0.05558445909134013
current_XTX	0.0	210	xptar	mrad	30000	199492	1.7908851299957445	1.7989105750999645	-0.6384528206478279
current_XTX	0.0	210	ytar	cm	30000	199492	0.13455689783542868	0.13143324585982277	-0.3115303355459731
current_XTX	0.0	210	yptar	mrad	30000	199492	1.0731652113642944	1.0485112385527187	-0.04794413975421907
current_XTX	3.0	1	xptar	mrad	25731	9857	32.441713359016475	32.55759653997831	1643.9281703786073
current_XTX	3.0	1	ytar	cm	25731	9857	0.7085329734495828	0.6546387668317035	386.2216377867175
current_XTX	3.0	1	yptar	mrad	25731	9857	13.118105744025772	12.809932684373932	1060.5611596348567
current_XTX	3.0	2	xptar	mrad	25731	9857	32.45958141431033	32.60352398714683	1646.388246594995
current_XTX	3.0	2	ytar	cm	25731	9857	0.7091300769580843	0.6595563337464742	389.87407568127963
current_XTX	3.0	2	yptar	mrad	25731	9857	12.911394810277153	12.629873600819325	1044.248070100215
current_XTX	3.0	3	xptar	mrad	25731	9857	8.375993829528262	7.806485069098782	318.1496999302278
current_XTX	3.0	3	ytar	cm	25731	9857	0.7095607368675183	0.6596579289421708	389.949533758231
current_XTX	3.0	3	yptar	mrad	25731	9857	12.907325034051757	12.628709640534963	1044.1426170013838
current_XTX	3.0	4	xptar	mrad	25731	9857	8.331683137600264	7.766724670279205	316.01995796718694
current_XTX	3.0	4	ytar	cm	25731	9857	0.7676188494803051	0.7069823141411977	425.09890352452817
current_XTX	3.0	4	yptar	mrad	25731	9857	11.919040929248872	12.007217091153159	987.8363013019408
current_XTX	3.0	5	xptar	mrad	25731	9857	8.333742982616476	7.768872351436058	316.13499722279744
current_XTX	3.0	5	ytar	cm	25731	9857	0.7817505085182351	0.7467173439466337	454.6114106481247
current_XTX	3.0	5	yptar	mrad	25731	9857	2.188822168476561	2.141590081019224	94.02492808740706
current_XTX	3.0	6	xptar	mrad	25731	9857	8.341743459907562	7.781961232411483	316.8360952975201
current_XTX	3.0	6	ytar	cm	25731	9857	0.7835383491139077	0.7542215069816435	460.18499813784797
current_XTX	3.0	6	yptar	mrad	25731	9857	2.189930481283779	2.154178094566558	95.16538369790484
current_XTX	3.0	7	xptar	mrad	25731	9857	3.1346389197650164	2.8795965905816665	54.2438677091889
current_XTX	3.0	7	ytar	cm	25731	9857	0.7835375280599842	0.7542154234282207	460.1804796836123
current_XTX	3.0	7	yptar	mrad	25731	9857	2.1897815564447205	2.1541886628111317	95.16634116540135
current_XTX	3.0	8	xptar	mrad	25731	9857	3.0501694792257643	2.742014093320344	46.87434359734495
current_XTX	3.0	8	ytar	cm	25731	9857	0.7899522753338699	0.7600495168403893	464.51365180477177
current_XTX	3.0	8	yptar	mrad	25731	9857	2.205899106697811	2.169376520846012	96.54233888276886
current_XTX	3.0	9	xptar	mrad	25731	9857	3.035477822609574	2.7166962918734505	45.518210717539944
current_XTX	3.0	9	ytar	cm	25731	9857	0.7788735780261805	0.7520577989150058	458.57794134079245
current_XTX	3.0	9	yptar	mrad	25731	9857	2.186746448122966	2.159354610454984	95.6343684638957
current_XTX	3.0	10	xptar	mrad	25731	9857	3.0618019323768806	2.7404841643787936	46.79239386937375
current_XTX	3.0	10	ytar	cm	25731	9857	0.7788664061444655	0.7523517135354998	458.7962413489598
current_XTX	3.0	10	yptar	mrad	25731	9857	2.186562960359417	2.1577405761545396	95.48813931768801
current_XTX	3.0	11	xptar	mrad	25731	9857	3.06103134867054	2.7371039942022586	46.61133707716567
current_XTX	3.0	11	ytar	cm	25731	9857	0.8004054846404712	0.7721845869753787	473.5267655625277
current_XTX	3.0	11	yptar	mrad	25731	9857	2.2314178198156727	2.2002679132371843	99.34105383776371
current_XTX	3.0	12	xptar	mrad	25731	9857	3.0416361085176344	2.787539377501656	49.31287819404937
current_XTX	3.0	12	ytar	cm	25731	9857	0.27726166274665803	0.26553467218552185	97.2212917118537
current_XTX	3.0	12	yptar	mrad	25731	9857	1.2477101437871838	1.2133156331897543	9.924621225800134
current_XTX	3.0	13	xptar	mrad	25731	9857	3.041010470775946	2.7886539944269515	49.37258198246681
current_XTX	3.0	13	ytar	cm	25731	9857	0.25459573384692186	0.23032871071436486	71.07267187192488
current_XTX	3.0	13	yptar	mrad	25731	9857	1.2224285590046504	1.1759773208492015	6.541824755556358
current_XTX	3.0	14	xptar	mrad	25731	9857	3.009083139051071	2.7597676606774737	47.825302805921496
current_XTX	3.0	14	ytar	cm	25731	9857	0.25462682185704183	0.23033877426332866	71.08014639911002
current_XTX	3.0	14	yptar	mrad	25731	9857	1.2221079307158609	1.1758704852094817	6.532145602903605
current_XTX	3.0	15	xptar	mrad	25731	9857	2.9995832986267397	2.7413735117466773	46.84003122878999
current_XTX	3.0	15	ytar	cm	25731	9857	0.24981089408677576	0.22481725870854222	66.97913608298359
current_XTX	3.0	15	yptar	mrad	25731	9857	1.2194917309447721	1.1729988762301478	6.271982030682888
current_XTX	3.0	16	xptar	mrad	25731	9857	2.9994562675493395	2.7412503686069676	46.83343514022231
current_XTX	3.0	16	ytar	cm	25731	9857	0.24943696398114978	0.22448830562725774	66.73481186321393
current_XTX	3.0	16	yptar	mrad	25731	9857	1.2183704578571257	1.1717225083167186	6.156344965116034
current_XTX	3.0	17	xptar	mrad	25731	9857	2.6049803813461243	2.3405845418646107	25.372009960816367
current_XTX	3.0	17	ytar	cm	25731	9857	0.24939365711060552	0.22431243093602424	66.60418397383509
current_XTX	3.0	17	yptar	mrad	25731	9857	1.2184035072814765	1.1719948812020637	6.181021550033217
current_XTX	3.0	18	xptar	mrad	25731	9857	2.4026665240887097	2.2314538943291136	19.52649214886368
current_XTX	3.0	18	ytar	cm	25731	9857	0.2500787251153969	0.2245334599871013	66.768349484126
current_XTX	3.0	18	yptar	mrad	25731	9857	1.219254452907068	1.1712938144651217	6.1175059293617995
current_XTX	3.0	19	xptar	mrad	25731	9857	2.4034788838461507	2.231959186561719	19.553557824846024
current_XTX	3.0	19	ytar	cm	25731	9857	0.24900041096402284	0.22406445985994464	66.42000773978974
current_XTX	3.0	19	yptar	mrad	25731	9857	1.2186959813094047	1.171034890838489	6.094047827607052
current_XTX	3.0	20	xptar	mrad	25731	9857	2.398572086360527	2.2241760406117095	19.136658270859485
current_XTX	3.0	20	ytar	cm	25731	9857	0.24895985977668222	0.22401544936351417	66.38360604002716
current_XTX	3.0	20	yptar	mrad	25731	9857	1.2189271724416064	1.171349059773341	6.122511073459824
current_XTX	3.0	21	xptar	mrad	25731	9857	2.402499568846205	2.224987961055219	19.180148303417766
current_XTX	3.0	21	ytar	cm	25731	9857	0.24653196532827887	0.22006459187562888	63.44917487622874
current_XTX	3.0	21	yptar	mrad	25731	9857	1.2163646216890636	1.1682588768800586	5.842545024419898
current_XTX	3.0	22	xptar	mrad	25731	9857	2.4010180896167492	2.2252702021234	19.195266377291365
current_XTX	3.0	22	ytar	cm	25731	9857	0.24668259092636094	0.2196312179184169	63.1272938543187
current_XTX	3.0	22	yptar	mrad	25731	9857	1.2161957218469062	1.1686300890575791	5.876176304601377
current_XTX	3.0	23	xptar	mrad	25731	9857	2.4015697724905483	2.2265928801777495	19.266114835545633
current_XTX	3.0	23	ytar	cm	25731	9857	0.24697790622205004	0.22021778184720414	63.562954081869606
current_XTX	3.0	23	yptar	mrad	25731	9857	1.2167524671041967	1.1694358748520906	5.949179318679354
current_XTX	3.0	24	xptar	mrad	25731	9857	2.4046482554000947	2.220714622706088	18.95124949267608
current_XTX	3.0	24	ytar	cm	25731	9857	0.24829281359536837	0.22695377974446596	68.56600018252396
current_XTX	3.0	24	yptar	mrad	25731	9857	1.2192791827374563	1.1786915868066703	6.787733280196773
current_XTX	3.0	25	xptar	mrad	25731	9857	2.406057860970881	2.219778207487204	18.901090971994794
current_XTX	3.0	25	ytar	cm	25731	9857	0.24471308528418467	0.22363466371735477	66.10078407789777
current_XTX	3.0	25	yptar	mrad	25731	9857	1.2177534481331878	1.1771086206176944	6.644318859433929
current_XTX	3.0	26	xptar	mrad	25731	9857	2.3655399177196106	2.208721010919998	18.308818856475263
current_XTX	3.0	26	ytar	cm	25731	9857	0.2458576558221453	0.2189022794517543	62.585887397714004
current_XTX	3.0	26	yptar	mrad	25731	9857	1.2210164155090766	1.1712994997316255	6.1180210061892115
current_XTX	3.0	27	xptar	mrad	25731	9857	2.377409511462487	2.17709957877967	16.615035771795817
current_XTX	3.0	27	ytar	cm	25731	9857	0.19551687938290374	0.17891782274154872	32.888122748456226
current_XTX	3.0	27	yptar	mrad	25731	9857	1.1637559870499006	1.12909274900407	2.2941511408508086
current_XTX	3.0	28	xptar	mrad	25731	9857	2.379180323177647	2.1799944994414955	16.770100464208525
current_XTX	3.0	28	ytar	cm	25731	9857	0.19202357162274006	0.17301968038919766	28.507379383166654
current_XTX	3.0	28	yptar	mrad	25731	9857	1.163673034711073	1.1271267061361454	2.1160305334354534
current_XTX	3.0	29	xptar	mrad	25731	9857	2.329880208165977	2.1400939907640018	14.632853600495043
current_XTX	3.0	29	ytar	cm	25731	9857	0.18491041162036329	0.16858493398189509	25.213548081725023
current_XTX	3.0	29	yptar	mrad	25731	9857	1.1513282227393857	1.120293288088723	1.4969328559698791
current_XTX	3.0	30	xptar	mrad	25731	9857	2.32635958174912	2.1403145685813465	14.644668719247921
current_XTX	3.0	30	ytar	cm	25731	9857	0.18777775059757085	0.16883756691881396	25.401186832393652
current_XTX	3.0	30	yptar	mrad	25731	9857	1.1529337685213226	1.120173155535947	1.486049022448288
current_XTX	3.0	31	xptar	mrad	25731	9857	2.3185045231218058	2.1361912108525036	14.423803530656754
current_XTX	3.0	31	ytar	cm	25731	9857	0.18643475133127335	0.16427845337758556	22.014983990175562
current_XTX	3.0	31	yptar	mrad	25731	9857	1.152502390349209	1.1184756211126878	1.3322548872783946
current_XTX	3.0	32	xptar	mrad	25731	9857	2.3107203391932374	2.1295302082506287	14.067010913421907
current_XTX	3.0	32	ytar	cm	25731	9857	0.18643944523632755	0.16162034407674167	20.04071921522572
current_XTX	3.0	32	yptar	mrad	25731	9857	1.1523855311270899	1.1136341290098426	0.8936227861046531
current_XTX	3.0	33	xptar	mrad	25731	9857	2.3105473429948673	2.129539152341105	14.067489998274517
current_XTX	3.0	33	ytar	cm	25731	9857	0.18648566677715497	0.1615348694841696	19.977234437826
current_XTX	3.0	33	yptar	mrad	25731	9857	1.1523691518521244	1.1136125073793395	0.8916638980146052
current_XTX	3.0	34	xptar	mrad	25731	9857	2.3104563828020988	2.129019632520334	14.039662230048444
current_XTX	3.0	34	ytar	cm	25731	9857	0.18554888325394614	0.16099585935208624	19.57689397147444
current_XTX	3.0	34	yptar	mrad	25731	9857	1.1525771455355225	1.1137500912368048	0.9041287942089138
current_XTX	3.0	35	xptar	mrad	25731	9857	2.309688045666179	2.130324205501763	14.109540900909035
current_XTX	3.0	35	ytar	cm	25731	9857	0.16570687673975926	0.1441450423283802	7.061240657870749
current_XTX	3.0	35	yptar	mrad	25731	9857	1.143960127860849	1.1080645675012346	0.38902866197061403
current_XTX	3.0	36	xptar	mrad	25731	9857	2.309745964324918	2.130804589043504	14.13527235777503
current_XTX	3.0	36	ytar	cm	25731	9857	0.16580810845183658	0.14421200018221017	7.110972447372688
current_XTX	3.0	36	yptar	mrad	25731	9857	1.1439578137863307	1.107877106280057	0.37204494959701684
current_XTX	3.0	37	xptar	mrad	25731	9857	2.2982361995527216	2.122542685859604	13.692728459129055
current_XTX	3.0	37	ytar	cm	25731	9857	0.1655743969781489	0.14436639480142746	7.225646384244189
current_XTX	3.0	37	yptar	mrad	25731	9857	1.1435855860380364	1.1077447028785792	0.3600493951358974
current_XTX	3.0	38	xptar	mrad	25731	9857	2.085718809174291	1.995763730597685	6.901889607712519
current_XTX	3.0	38	ytar	cm	25731	9857	0.16523335698116443	0.144290686741354	7.169415530179846
current_XTX	3.0	38	yptar	mrad	25731	9857	1.1437226675822794	1.1078045124273406	0.36546805274932925
current_XTX	3.0	39	xptar	mrad	25731	9857	2.092764193292677	1.995048216297889	6.863563512535609
current_XTX	3.0	39	ytar	cm	25731	9857	0.16324128437932947	0.14407350972389316	7.008111051328858
current_XTX	3.0	39	yptar	mrad	25731	9857	1.1419494520462878	1.1079620200472036	0.3797380126674188
current_XTX	3.0	40	xptar	mrad	25731	9857	2.0920836561511957	1.9949426614124477	6.857909528279849
current_XTX	3.0	40	ytar	cm	25731	9857	0.1636062961652391	0.14399063132005296	6.946554548270911
current_XTX	3.0	40	yptar	mrad	25731	9857	1.1425263102726992	1.108154228474685	0.39715181498674035
current_XTX	3.0	41	xptar	mrad	25731	9857	2.0916615608235256	1.9949179363156129	6.856585143267813
current_XTX	3.0	41	ytar	cm	25731	9857	0.16361162626240194	0.14399134311162284	6.947083219166061
current_XTX	3.0	41	yptar	mrad	25731	9857	1.142533963369888	1.1081932834237884	0.40069013623618144
current_XTX	3.0	42	xptar	mrad	25731	9857	2.0856939038028273	1.9957583733161253	6.901602648132532
current_XTX	3.0	42	ytar	cm	25731	9857	0.16375021497424044	0.14393998264694455	6.90893612107375
current_XTX	3.0	42	yptar	mrad	25731	9857	1.142503997865468	1.1081734930981857	0.39889716169081435
current_XTX	3.0	43	xptar	mrad	25731	9857	2.0819081660066265	1.9999109242681257	7.124031554247678
current_XTX	3.0	43	ytar	cm	25731	9857	0.15910099484925477	0.1425332458486382	5.86410665990742
current_XTX	3.0	43	yptar	mrad	25731	9857	1.1394568758423533	1.1074633229611013	0.3345567862852228
current_XTX	3.0	44	xptar	mrad	25731	9857	2.079249467801391	2.00101784110661	7.183322892124222
current_XTX	3.0	44	ytar	cm	25731	9857	0.15938874025638128	0.14270387636458576	5.99083952866486
current_XTX	3.0	44	yptar	mrad	25731	9857	1.139218702278426	1.1073896850730003	0.3278853013591876
current_XTX	3.0	45	xptar	mrad	25731	9857	2.078424610008772	2.0012298663523533	7.194679897498646
current_XTX	3.0	45	ytar	cm	25731	9857	0.1593871310101989	0.14268810974635743	5.979129145281292
current_XTX	3.0	45	yptar	mrad	25731	9857	1.1395194031475648	1.108002150473608	0.38337377058685895
current_XTX	3.0	46	xptar	mrad	25731	9857	2.083785826345594	2.0011234381073177	7.188979132258999
current_XTX	3.0	46	ytar	cm	25731	9857	0.15865101621194191	0.1430483981463896	6.246727131857965
current_XTX	3.0	46	yptar	mrad	25731	9857	1.1383533278603666	1.1081646834933399	0.39809902438066036
current_XTX	3.0	47	xptar	mrad	25731	9857	2.0727677996028033	1.9994780390538192	7.100844316859245
current_XTX	3.0	47	ytar	cm	25731	9857	0.1588604519583546	0.14308650299713815	6.275028851641928
current_XTX	3.0	47	yptar	mrad	25731	9857	1.1383813348705654	1.1081425878627806	0.39609719257900355
current_XTX	3.0	48	xptar	mrad	25731	9857	2.0723884494120046	1.9981124503094674	7.02769737318043
current_XTX	3.0	48	ytar	cm	25731	9857	0.15869552877012622	0.14320993696738776	6.36670730121458
current_XTX	3.0	48	yptar	mrad	25731	9857	1.1383072239533507	1.1082192114798313	0.4030391801796318
current_XTX	3.0	49	xptar	mrad	25731	9857	2.07474647184602	1.997223509477394	6.980081789611514
current_XTX	3.0	49	ytar	cm	25731	9857	0.15884425253975237	0.14321208487713236	6.3683026240807905
current_XTX	3.0	49	yptar	mrad	25731	9857	1.1393611452676828	1.10860893682537	0.4383477262978497
current_XTX	3.0	50	xptar	mrad	25731	9857	2.0740740679462792	1.9971954985644724	6.97858140182761
current_XTX	3.0	50	ytar	cm	25731	9857	0.1587288659672045	0.1431063122482398	6.289741830771756
current_XTX	3.0	50	yptar	mrad	25731	9857	1.1388421334027934	1.108015872680674	0.3846169824707646
current_XTX	3.0	51	xptar	mrad	25731	9857	2.062072576173638	1.9769073377869706	5.891858213842571
current_XTX	3.0	51	ytar	cm	25731	9857	0.15846237505255484	0.14328619552136568	6.423347025118864
current_XTX	3.0	51	yptar	mrad	25731	9857	1.139059554765787	1.1086128429937026	0.43870161943386776
current_XTX	3.0	52	xptar	mrad	25731	9857	2.0820109143520344	1.9593071321850224	4.949113735883226
current_XTX	3.0	52	ytar	cm	25731	9857	0.15074921941254857	0.13944273767453677	3.5686850898140277
current_XTX	3.0	52	yptar	mrad	25731	9857	1.1334879728190503	1.1052944181646742	0.13805718494466213
current_XTX	3.0	53	xptar	mrad	25731	9857	2.0293755339432527	1.9359171443017131	3.6962430356634046
current_XTX	3.0	53	ytar	cm	25731	9857	0.15335888799638184	0.13890040854078636	3.165879492296808
current_XTX	3.0	53	yptar	mrad	25731	9857	1.1345652013454641	1.104762663979648	0.0898810337641276
current_XTX	3.0	54	xptar	mrad	25731	9857	2.0302266059155465	1.9364517082621375	3.724876634224916
current_XTX	3.0	54	ytar	cm	25731	9857	0.15341631407003517	0.1388757174595119	3.1475406181203036
current_XTX	3.0	54	yptar	mrad	25731	9857	1.1345907245698275	1.1047405604022908	0.087878481994208
current_XTX	3.0	55	xptar	mrad	25731	9857	2.0177033977080723	1.9381460935100048	3.8156353658039155
current_XTX	3.0	55	ytar	cm	25731	9857	0.15153560651444378	0.13809531476160114	2.5679099925956406
current_XTX	3.0	55	yptar	mrad	25731	9857	1.1327948000243124	1.103143883942599	-0.056778069236684825
current_XTX	3.0	56	xptar	mrad	25731	9857	2.008800243752084	1.944658345671136	4.164460254719171
current_XTX	3.0	56	ytar	cm	25731	9857	0.14717252470597292	0.13981773561866556	3.847208336219654
current_XTX	3.0	56	yptar	mrad	25731	9857	1.130706770338289	1.1045133350110763	0.06729219399224107
current_XTX	3.0	57	xptar	mrad	25731	9857	2.0108692581913425	1.9414443118566096	3.992302457296404
current_XTX	3.0	57	ytar	cm	25731	9857	0.146577825425573	0.13931688234300074	3.475208215965253
current_XTX	3.0	57	yptar	mrad	25731	9857	1.130261324279434	1.1038580012236234	0.007919911634979293
current_XTX	3.0	58	xptar	mrad	25731	9857	1.994923934585521	1.9315530271735222	3.46248171395962
current_XTX	3.0	58	ytar	cm	25731	9857	0.14552696703173135	0.13941764489403788	3.550047860476324
current_XTX	3.0	58	yptar	mrad	25731	9857	1.1295744439036062	1.104858531894435	0.09856652658430942
current_XTX	3.0	59	xptar	mrad	25731	9857	1.9924448618367754	1.9312991361474041	3.4488821931193625
current_XTX	3.0	59	ytar	cm	25731	9857	0.14438171188229398	0.13835063063538452	2.7575414482833516
current_XTX	3.0	59	yptar	mrad	25731	9857	1.129188521746415	1.1043222283016463	0.049978205716505464
current_XTX	3.0	60	xptar	mrad	25731	9857	1.990803948966733	1.930273304693187	3.3939341453151473
current_XTX	3.0	60	ytar	cm	25731	9857	0.1437636124696929	0.13802964744553023	2.5191367277253462
current_XTX	3.0	60	yptar	mrad	25731	9857	1.1292240285990847	1.1049499384673565	0.10684782835863604
current_XTX	3.0	61	xptar	mrad	25731	9857	1.969668733093538	1.900267949322495	1.7867152454520197
current_XTX	3.0	61	ytar	cm	25731	9857	0.1437029735937527	0.13791362588314454	2.4329637160737994
current_XTX	3.0	61	yptar	mrad	25731	9857	1.1284977672289	1.1044928115059751	0.06543279445698769
current_XTX	3.0	62	xptar	mrad	25731	9857	1.9676013011932074	1.8995328268001275	1.7473388475701235
current_XTX	3.0	62	ytar	cm	25731	9857	0.14337857400396328	0.13558697626714183	0.704884897393776
current_XTX	3.0	62	yptar	mrad	25731	9857	1.1289511767346407	1.1035305482423883	-0.02174684938490712
current_XTX	3.0	63	xptar	mrad	25731	9857	1.9676352027799762	1.8995532945743563	1.7484351916451146
current_XTX	3.0	63	ytar	cm	25731	9857	0.14335402337443062	0.13553622649930933	0.6671913838363075
current_XTX	3.0	63	yptar	mrad	25731	9857	1.1289695107716946	1.1035713599796266	-0.01804936570072302
current_XTX	3.0	64	xptar	mrad	25731	9857	1.9622368997641082	1.9061752980352846	2.1031388432392273
current_XTX	3.0	64	ytar	cm	25731	9857	0.14323231369942344	0.13592535335609685	0.95620863609851
current_XTX	3.0	64	yptar	mrad	25731	9857	1.1293589454489827	1.104921252936323	0.10424896121536964
current_XTX	3.0	65	xptar	mrad	25731	9857	1.9622249373728657	1.9061227142530586	2.100322224419804
current_XTX	3.0	65	ytar	cm	25731	9857	0.14334120564484548	0.1359802487226319	0.9969812214935869
current_XTX	3.0	65	yptar	mrad	25731	9857	1.1294747998085026	1.1050047510704892	0.11181377000888393
current_XTX	3.0	66	xptar	mrad	25731	9857	1.9618614592526815	1.9071019263201707	2.152773132659136
current_XTX	3.0	66	ytar	cm	25731	9857	0.14342981576362765	0.13612065461552503	1.1012652734873507
current_XTX	3.0	66	yptar	mrad	25731	9857	1.130106866426432	1.1064439134183721	0.24219977316088936
current_XTX	3.0	67	xptar	mrad	25731	9857	1.9615988248842822	1.906639405233762	2.127998467520964
current_XTX	3.0	67	ytar	cm	25731	9857	0.14352310284472058	0.13633360862024593	1.2594331825614757
current_XTX	3.0	67	yptar	mrad	25731	9857	1.1302152605493088	1.1066623997832206	0.2619943181597417
current_XTX	3.0	68	xptar	mrad	25731	9857	1.9616050496216235	1.9066566297077394	2.128921086159341
current_XTX	3.0	68	ytar	cm	25731	9857	0.1435314140324052	0.13634532458105406	1.2681350101051425
current_XTX	3.0	68	yptar	mrad	25731	9857	1.1302188033994924	1.1066669358317265	0.26240527751790754
current_XTX	3.0	69	xptar	mrad	25731	9857	1.9615025377103372	1.9064674316619845	2.118786806088413
current_XTX	3.0	69	ytar	cm	25731	9857	0.14354554964393018	0.13633281788479387	1.2588458774612787
current_XTX	3.0	69	yptar	mrad	25731	9857	1.1302716439513523	1.106738500107466	0.2688888961978053
current_XTX	3.0	70	xptar	mrad	25731	9857	1.961554069963744	1.906453940851347	2.118064178891932
current_XTX	3.0	70	ytar	cm	25731	9857	0.14353572861259417	0.13633087852424594	1.2574054509090216
current_XTX	3.0	70	yptar	mrad	25731	9857	1.1302681407240296	1.106740629840732	0.2690818469158085
current_XTX	3.0	71	xptar	mrad	25731	9857	1.9616119291402239	1.9063992760311506	2.1151360905193206
current_XTX	3.0	71	ytar	cm	25731	9857	0.1436156874459458	0.13641566759797175	1.3203810710253006
current_XTX	3.0	71	yptar	mrad	25731	9857	1.130586114670611	1.1071310542081225	0.304453723391096
current_XTX	3.0	72	xptar	mrad	25731	9857	1.9596791494001646	1.904202650722634	1.9974751707218408
current_XTX	3.0	72	ytar	cm	25731	9857	0.14350371804979684	0.1363558792699758	1.2759743230115639
current_XTX	3.0	72	yptar	mrad	25731	9857	1.1300579625626477	1.1067913773473173	0.2736794967662881
current_XTX	3.0	73	xptar	mrad	25731	9857	1.9185450122978238	1.8744048178869028	0.40137209122532713
current_XTX	3.0	73	ytar	cm	25731	9857	0.1434675452796535	0.1363473873534294	1.269667098660765
current_XTX	3.0	73	yptar	mrad	25731	9857	1.130053358367933	1.1068291821043286	0.2771045524412763
current_XTX	3.0	74	xptar	mrad	25731	9857	1.9183373144863216	1.8744101434578708	0.40165735224646504
current_XTX	3.0	74	ytar	cm	25731	9857	0.14337422103424413	0.13630209751359953	1.236028852328741
current_XTX	3.0	74	yptar	mrad	25731	9857	1.1298946697174592	1.1065735045271021	0.2539405380135973
current_XTX	3.0	75	xptar	mrad	25731	9857	1.9183271208677526	1.8745153639184025	0.4072934232321135
current_XTX	3.0	75	ytar	cm	25731	9857	0.14338068998687087	0.13629728475733077	1.2324542607313083
current_XTX	3.0	75	yptar	mrad	25731	9857	1.1299443736259804	1.1066229639546357	0.25842148978652
current_XTX	3.0	76	xptar	mrad	25731	9857	1.9182666382970108	1.8745144259228474	0.40724318006166715
current_XTX	3.0	76	ytar	cm	25731	9857	0.14340413498621146	0.13629470409558417	1.230537518789676
current_XTX	3.0	76	yptar	mrad	25731	9857	1.130033929266772	1.1067422023168776	0.2692243109539749
current_XTX	3.0	77	xptar	mrad	25731	9857	1.9182466140880945	1.8745033615809366	0.4066505252100949
current_XTX	3.0	77	ytar	cm	25731	9857	0.14337226884107837	0.13629406132225264	1.2300601099990427
current_XTX	3.0	77	yptar	mrad	25731	9857	1.1299903938744462	1.1066179091272756	0.2579635298231686
current_XTX	3.0	78	xptar	mrad	25731	9857	1.9188542760682226	1.8744703211269664	0.40488073307050065
current_XTX	3.0	78	ytar	cm	25731	9857	0.14337645886502343	0.1362313013540225	1.1834462275245983
current_XTX	3.0	78	yptar	mrad	25731	9857	1.1300922527940487	1.106672571008056	0.262915816248821
current_XTX	3.0	79	xptar	mrad	25731	9857	1.924957217148947	1.8817242125419367	0.7934310846881454
current_XTX	3.0	79	ytar	cm	25731	9857	0.14293556798044874	0.13590851699551737	0.9437037200591858
current_XTX	3.0	79	yptar	mrad	25731	9857	1.1295663449247109	1.106062352438256	0.2076309066050941
current_XTX	3.0	80	xptar	mrad	25731	9857	1.924965608693038	1.8817901641086574	0.7969637408823393
current_XTX	3.0	80	ytar	cm	25731	9857	0.14291498053985632	0.13586685495929404	0.9127599622000604
current_XTX	3.0	80	yptar	mrad	25731	9857	1.1296342564286028	1.106113648318957	0.2122782383481736
current_XTX	3.0	81	xptar	mrad	25731	9857	1.9250659213282149	1.8818832393290859	0.8019492593517308
current_XTX	3.0	81	ytar	cm	25731	9857	0.14291021295608733	0.13587408040588814	0.9181265378670034
current_XTX	3.0	81	yptar	mrad	25731	9857	1.129582153097452	1.1060470210086184	0.2062419015105732
current_XTX	3.0	82	xptar	mrad	25731	9857	1.925003638030914	1.8817022531459664	0.792254842787421
current_XTX	3.0	82	ytar	cm	25731	9857	0.14290309741123655	0.13586155479678308	0.9088233580342386
current_XTX	3.0	82	yptar	mrad	25731	9857	1.12953655979516	1.105863687262259	0.1896321323167971
current_XTX	3.0	83	xptar	mrad	25731	9857	1.9250893992247933	1.8810259832292267	0.7560308494980683
current_XTX	3.0	83	ytar	cm	25731	9857	0.14263368427856288	0.1357461360063621	0.8230980448489911
current_XTX	3.0	83	yptar	mrad	25731	9857	1.1290520986061692	1.1054839286549933	0.1552265581042933
current_XTX	3.0	84	xptar	mrad	25731	9857	1.9234674732152521	1.8857576960110933	1.0094822123560387
current_XTX	3.0	84	ytar	cm	25731	9857	0.1425782510402503	0.13575153812929744	0.8271103783590528
current_XTX	3.0	84	yptar	mrad	25731	9857	1.1292425222941427	1.1057545705069534	0.17974631392936313
current_XTX	3.0	85	xptar	mrad	25731	9857	1.9232988380427505	1.8860024822018426	1.0225940381397125
current_XTX	3.0	85	ytar	cm	25731	9857	0.1425904679917846	0.13574287841375815	0.8206785242043546
current_XTX	3.0	85	yptar	mrad	25731	9857	1.1293608752612716	1.1059481211051858	0.19728171495505542
current_XTX	3.0	86	xptar	mrad	25731	9857	1.9230267620717945	1.8858302644441247	1.0133692970334396
current_XTX	3.0	86	ytar	cm	25731	9857	0.14244914452162044	0.13567575167819837	0.7708213007143527
current_XTX	3.0	86	yptar	mrad	25731	9857	1.1290188307618114	1.1054301133020774	0.15035096586464292
current_XTX	3.0	87	xptar	mrad	25731	9857	1.922511101224808	1.886014414568405	1.0232331882121803
current_XTX	3.0	87	ytar	cm	25731	9857	0.14249071224338444	0.1356907495951799	0.7819607445231025
current_XTX	3.0	87	yptar	mrad	25731	9857	1.1290835846808203	1.1056022600802669	0.16594721210929642
current_XTX	3.0	88	xptar	mrad	25731	9857	1.9217155321792037	1.8846214635574354	0.9486206011004583
current_XTX	3.0	88	ytar	cm	25731	9857	0.1422428232940403	0.1358214894699591	0.8790655285046745
current_XTX	3.0	88	yptar	mrad	25731	9857	1.1287175204290671	1.1058180117366427	0.1854939965215463
current_XTX	3.0	89	xptar	mrad	25731	9857	1.9218368255211709	1.8850644826904173	0.972350655776788
current_XTX	3.0	89	ytar	cm	25731	9857	0.14237555673033997	0.1358201887062712	0.8780994087410177
current_XTX	3.0	89	yptar	mrad	25731	9857	1.1290426393786226	1.106150811849799	0.21564519987036235
current_XTX	3.0	90	xptar	mrad	25731	9857	1.9188949962943604	1.8814712240319642	0.7798799065850126
current_XTX	3.0	90	ytar	cm	25731	9857	0.14220992875091304	0.1357502041135887	0.82611956123122
current_XTX	3.0	90	yptar	mrad	25731	9857	1.1285550434410525	1.105388987310416	0.146625011189494
current_XTX	3.0	91	xptar	mrad	25731	9857	1.9192788366656883	1.8821455650106014	0.8160005774595414
current_XTX	3.0	91	ytar	cm	25731	9857	0.14223456695900002	0.1357377013987519	0.8168333857207832
current_XTX	3.0	91	yptar	mrad	25731	9857	1.128774727029107	1.1061611501432584	0.21658183413235665
current_XTX	3.0	92	xptar	mrad	25731	9857	1.9189815143772526	1.8813750924599528	0.7747306764725348
current_XTX	3.0	92	ytar	cm	25731	9857	0.14225142902700066	0.13571675779971804	0.801277889255636
current_XTX	3.0	92	yptar	mrad	25731	9857	1.1288227495168877	1.1061033420987703	0.21134450987776443
current_XTX	3.0	93	xptar	mrad	25731	9857	1.9154689607978206	1.8778626191085392	0.5865871438959669
current_XTX	3.0	93	ytar	cm	25731	9857	0.1418858563887355	0.13563555828444437	0.7409683516843568
current_XTX	3.0	93	yptar	mrad	25731	9857	1.1286719953514543	1.1061526535518345	0.21581205538028225
current_XTX	3.0	94	xptar	mrad	25731	9857	1.915829593971967	1.8782746161427595	0.6086555184213083
current_XTX	3.0	94	ytar	cm	25731	9857	0.14188064574705905	0.1356636596566212	0.7618401605294034
current_XTX	3.0	94	yptar	mrad	25731	9857	1.1285662534718908	1.1060040428374849	0.20234814208508478
current_XTX	3.0	95	xptar	mrad	25731	9857	1.9155641457832042	1.877697662006258	0.5777513154520797
current_XTX	3.0	95	ytar	cm	25731	9857	0.1417021091729713	0.13558677554105827	0.7047358115619407
current_XTX	3.0	95	yptar	mrad	25731	9857	1.1279555508096326	1.1052702815834412	0.13587044599796538
current_XTX	3.0	96	xptar	mrad	25731	9857	1.9157384050521458	1.878293152069922	0.6096483842645606
current_XTX	3.0	96	ytar	cm	25731	9857	0.1418741495449788	0.13562072061757668	0.7299479308799928
current_XTX	3.0	96	yptar	mrad	25731	9857	1.1285301649383883	1.1059081098153483	0.19365675063429677
current_XTX	3.0	97	xptar	mrad	25731	9857	1.9153647002176708	1.8795455927886289	0.6767346216776993
current_XTX	3.0	97	ytar	cm	25731	9857	0.14191229339698305	0.13570904894936353	0.7955522737945087
current_XTX	3.0	97	yptar	mrad	25731	9857	1.1286183461048127	1.1061387008968295	0.21454796525024467
current_XTX	3.0	98	xptar	mrad	25731	9857	1.9156474369872065	1.8799217747406967	0.6968845827656889
current_XTX	3.0	98	ytar	cm	25731	9857	0.14189641362003383	0.1358710814398347	0.915899107626017
current_XTX	3.0	98	yptar	mrad	25731	9857	1.1280747697074684	1.106631304555208	0.2591771359956585
current_XTX	3.0	99	xptar	mrad	25731	9857	1.9156861829275316	1.8798694263545759	0.6940805727977617
current_XTX	3.0	99	ytar	cm	25731	9857	0.14186157147157302	0.13583511416207442	0.8891850332610529
current_XTX	3.0	99	yptar	mrad	25731	9857	1.1281045330418378	1.1066783158783016	0.2634362930880263
current_XTX	3.0	100	xptar	mrad	25731	9857	1.915687518393132	1.8799964935036078	0.7008868485759434
current_XTX	3.0	100	ytar	cm	25731	9857	0.14191075966926092	0.13587922411126876	0.9219469362014454
current_XTX	3.0	100	yptar	mrad	25731	9857	1.1281017452523059	1.1067493084678541	0.2698681178358031
current_XTX	3.0	101	xptar	mrad	25731	9857	1.9159830748194442	1.8809721009684517	0.7531446784524221
current_XTX	3.0	101	ytar	cm	25731	9857	0.1414511645428955	0.13569275056413213	0.7834469296535973
current_XTX	3.0	101	yptar	mrad	25731	9857	1.1257423378442768	1.1042460484366974	0.04307642140708445
current_XTX	3.0	102	xptar	mrad	25731	9857	1.9157840373637922	1.8807422975057568	0.7408353935286494
current_XTX	3.0	102	ytar	cm	25731	9857	0.14073311017434495	0.13479045524564165	0.11328266540293619
current_XTX	3.0	102	yptar	mrad	25731	9857	1.1244189183768025	1.1035767837638648	-0.017557978784010775
current_XTX	3.0	103	xptar	mrad	25731	9857	1.915695691151275	1.8807279560399466	0.7400672014970189
current_XTX	3.0	103	ytar	cm	25731	9857	0.14076801421977023	0.13479963231797884	0.12009877738399233
current_XTX	3.0	103	yptar	mrad	25731	9857	1.1244579001499377	1.1036477759106162	-0.0111261941533769
current_XTX	3.0	104	xptar	mrad	25731	9857	1.915666443055713	1.8806568536197	0.7362586429169093
current_XTX	3.0	104	ytar	cm	25731	9857	0.13915345676976942	0.13414195600558765	-0.36837894490552303
current_XTX	3.0	104	yptar	mrad	25731	9857	1.1232485585580965	1.101940749613275	-0.16578027922801164
current_XTX	3.0	105	xptar	mrad	25731	9857	1.9156287454640137	1.880569630162686	0.7315865706520652
current_XTX	3.0	105	ytar	cm	25731	9857	0.13910091883246198	0.1340810267208816	-0.41363311881020826
current_XTX	3.0	105	yptar	mrad	25731	9857	1.1232345619921094	1.1018916706055764	-0.1702267655204759
current_XTX	3.0	106	xptar	mrad	25731	9857	1.9155941646712318	1.88042680539185	0.7239362472940991
current_XTX	3.0	106	ytar	cm	25731	9857	0.1388574945267729	0.13420012126200762	-0.32517770527275003
current_XTX	3.0	106	yptar	mrad	25731	9857	1.1238712711040315	1.103214724003559	-0.05036006335624732
current_XTX	3.0	107	xptar	mrad	25731	9857	1.9119907798570384	1.8758629804034124	0.4794776935970857
current_XTX	3.0	107	ytar	cm	25731	9857	0.13901160317887132	0.1343397620327183	-0.22146193456556995
current_XTX	3.0	107	yptar	mrad	25731	9857	1.1231846762675415	1.102404101555042	-0.12380127121087714
current_XTX	3.0	108	xptar	mrad	25731	9857	1.9118908485080197	1.8757914066436687	0.4756438879989444
current_XTX	3.0	108	ytar	cm	25731	9857	0.13900949289443512	0.13434297899586378	-0.2190725907494917
current_XTX	3.0	108	yptar	mrad	25731	9857	1.1232526895166977	1.1025063649214315	-0.11453635983239563
current_XTX	3.0	109	xptar	mrad	25731	9857	1.9120425882395067	1.8760089020028612	0.4872938967259932
current_XTX	3.0	109	ytar	cm	25731	9857	0.13901051940135375	0.13437080344519653	-0.19840646156413788
current_XTX	3.0	109	yptar	mrad	25731	9857	1.1232849301021754	1.1025545457144652	-0.11017125047443344
current_XTX	3.0	110	xptar	mrad	25731	9857	1.91203924122117	1.8760868409897842	0.49146865190790034
current_XTX	3.0	110	ytar	cm	25731	9857	0.1390462606568006	0.13437777426369363	-0.19322900651854713
current_XTX	3.0	110	yptar	mrad	25731	9857	1.1233488041931525	1.1026430318549352	-0.10215453560749044
current_XTX	3.0	111	xptar	mrad	25731	9857	1.9088032519885487	1.867569370016507	0.035235417601398034
current_XTX	3.0	111	ytar	cm	25731	9857	0.13951001786281028	0.13467588911744238	0.02819065235650786
current_XTX	3.0	111	yptar	mrad	25731	9857	1.1242857340726746	1.1033053059624742	-0.042153470404449056
current_XTX	3.0	112	xptar	mrad	25731	9857	1.9086223562444227	1.867316268168197	0.021678168598060488
current_XTX	3.0	112	ytar	cm	25731	9857	0.13947256798236082	0.13465868916067175	0.015415681525876579
current_XTX	3.0	112	yptar	mrad	25731	9857	1.124194340227524	1.1033067495613442	-0.04202268245888652
current_XTX	3.0	113	xptar	mrad	25731	9857	1.9091496044244538	1.8682010190336966	0.06906931911547787
current_XTX	3.0	113	ytar	cm	25731	9857	0.1395920788491133	0.1347043964308623	0.04936396704884327
current_XTX	3.0	113	yptar	mrad	25731	9857	1.1249594630045205	1.1038705888883547	0.009060335643251705
current_XTX	3.0	114	xptar	mrad	25731	9857	1.9082844217311266	1.8672813278257738	0.019806610070705055
current_XTX	3.0	114	ytar	cm	25731	9857	0.1394944924069602	0.13461253409438817	-0.01886519681129073
current_XTX	3.0	114	yptar	mrad	25731	9857	1.1241953514947054	1.10319733316867	-0.05193564755354707
current_XTX	3.0	115	xptar	mrad	25731	9857	1.9083695498575024	1.867617953038407	0.0378377380887196
current_XTX	3.0	115	ytar	cm	25731	9857	0.13951958330349604	0.13464778461198643	0.007316516322508626
current_XTX	3.0	115	yptar	mrad	25731	9857	1.1244627013265043	1.1035727422958632	-0.01792412987208225
current_XTX	3.0	116	xptar	mrad	25731	9857	1.9083231947384067	1.8677056007248143	0.042532533947081674
current_XTX	3.0	116	ytar	cm	25731	9857	0.1394525543164246	0.1345850047890521	-0.039312112890543816
current_XTX	3.0	116	yptar	mrad	25731	9857	1.1245240279764295	1.1038583568977445	0.00795213518998139
current_XTX	3.0	117	xptar	mrad	25731	9857	1.9082203759991816	1.8675774523586772	0.035668343421835225
current_XTX	3.0	117	ytar	cm	25731	9857	0.13943545090149492	0.13459059213492944	-0.03516220823930327
current_XTX	3.0	117	yptar	mrad	25731	9857	1.1243725797093984	1.1036374890047125	-0.01205817277799559
current_XTX	3.0	118	xptar	mrad	25731	9857	1.9078352950086852	1.86657246501728	-0.018163201956056252
current_XTX	3.0	118	ytar	cm	25731	9857	0.13964450757834404	0.13470391774403317	0.049008430673924686
current_XTX	3.0	118	yptar	mrad	25731	9857	1.1247097259571583	1.1039277832490675	0.014242061045632859
current_XTX	3.0	119	xptar	mrad	25731	9857	1.90783818418618	1.8666669632334012	-0.013101461574138717
current_XTX	3.0	119	ytar	cm	25731	9857	0.13959999159412229	0.13466299775916155	0.018615818640288495
current_XTX	3.0	119	yptar	mrad	25731	9857	1.1247757548597106	1.104011220261545	0.021801332303605925
current_XTX	3.0	120	xptar	mrad	25731	9857	1.9082561719024298	1.8675929535231632	0.036498654018868315
current_XTX	3.0	120	ytar	cm	25731	9857	0.13943524925038098	0.13458243060167	-0.04122404610977792
current_XTX	3.0	120	yptar	mrad	25731	9857	1.1245732304876515	1.1038627784493769	0.008352721298909849
current_XTX	3.0	121	xptar	mrad	25731	9857	1.9083933439898209	1.8675760958484577	0.03559568276390035
current_XTX	3.0	121	ytar	cm	25731	9857	0.13944396844547513	0.134573922778844	-0.0475430845750191
current_XTX	3.0	121	yptar	mrad	25731	9857	1.1246463419782162	1.103893115697971	0.011101231636634346
current_XTX	3.0	122	xptar	mrad	25731	9857	1.9081667124668187	1.867572041851174	0.03537853282604697
current_XTX	3.0	122	ytar	cm	25731	9857	0.13947278954458753	0.13461693056599527	-0.015599793456655409
current_XTX	3.0	122	yptar	mrad	25731	9857	1.1245328601114852	1.1037361256464835	-0.00312183734386684
current_XTX	3.0	123	xptar	mrad	25731	9857	1.9078879384742355	1.8669586225745922	0.0025210964556654503
current_XTX	3.0	123	ytar	cm	25731	9857	0.1396101459952733	0.1346908372380388	0.039293110760252326
current_XTX	3.0	123	yptar	mrad	25731	9857	1.1247536085797738	1.1040240964706973	0.022967898014258914
current_XTX	3.0	124	xptar	mrad	25731	9857	1.9082991404018554	1.8676593424472387	0.04005473699797424
current_XTX	3.0	124	ytar	cm	25731	9857	0.13942057651626197	0.13455423792074672	-0.062163672949255844
current_XTX	3.0	124	yptar	mrad	25731	9857	1.1244171844138018	1.103688743705522	-0.007414571872832454
current_XTX	3.0	125	xptar	mrad	25731	9857	1.9078123633283592	1.866736768205093	-0.009362400049239827
current_XTX	3.0	125	ytar	cm	25731	9857	0.1396722676384175	0.1347198762901195	0.06086136515921492
current_XTX	3.0	125	yptar	mrad	25731	9857	1.1249039764617355	1.1041756835511676	0.03670146572540833
current_XTX	3.0	126	xptar	mrad	25731	9857	1.9078959066053205	1.866911555933525	0.0
current_XTX	3.0	126	ytar	cm	25731	9857	0.139534263808817	0.13463793380558325	0.0
current_XTX	3.0	126	yptar	mrad	25731	9857	1.1245087209618503	1.103770583568752	0.0
current_XTX	3.0	127	xptar	mrad	25731	9857	1.9082850447902913	1.8675099304687819	0.03205157380674617
current_XTX	3.0	127	ytar	cm	25731	9857	0.13956476732565837	0.1346735629866784	0.02646295890620376
current_XTX	3.0	127	yptar	mrad	25731	9857	1.1248160813262669	1.1039097818239032	0.012611158262720856
current_XTX	3.0	128	xptar	mrad	25731	9857	1.9075786830415016	1.8667693495944107	-0.007617197432963074
current_XTX	3.0	128	ytar	cm	25731	9857	0.13945131972540328	0.13460921720357238	-0.021328760178640493
current_XTX	3.0	128	yptar	mrad	25731	9857	1.124677900379206	1.103586836789583	-0.016647189362017922
current_XTX	3.0	129	xptar	mrad	25731	9857	1.903209861792888	1.858661547519296	-0.4419067624284789
current_XTX	3.0	129	ytar	cm	25731	9857	0.13940301705946348	0.13459418522411135	-0.032493503305752736
current_XTX	3.0	129	yptar	mrad	25731	9857	1.1247747413929667	1.1036977439442435	-0.006599163412468467
current_XTX	3.0	130	xptar	mrad	25731	9857	1.9027934959582642	1.8585186916520215	-0.4495587514485533
current_XTX	3.0	130	ytar	cm	25731	9857	0.13946102732578378	0.13462817508560807	-0.00724812071855041
current_XTX	3.0	130	yptar	mrad	25731	9857	1.124646801317273	1.1035439907045375	-0.020528981981182692
current_XTX	3.0	131	xptar	mrad	25731	9857	1.9027226938369906	1.8582079117442476	-0.46620549118221444
current_XTX	3.0	131	ytar	cm	25731	9857	0.13962085461063278	0.1347246507920455	0.06440754400425241
current_XTX	3.0	131	yptar	mrad	25731	9857	1.1247798016368513	1.1037005661838857	-0.006343472629954938
current_XTX	3.0	132	xptar	mrad	25731	9857	1.9030251095198478	1.8586313617726287	-0.4435236438801726
current_XTX	3.0	132	ytar	cm	25731	9857	0.13944820094409655	0.13463116032703526	-0.005030884206658204
current_XTX	3.0	132	yptar	mrad	25731	9857	1.1245899575840057	1.103467557101508	-0.027453754589490398
current_XTX	3.0	133	xptar	mrad	25731	9857	1.9026693601867979	1.8580407491786968	-0.4751594539459836
current_XTX	3.0	133	ytar	cm	25731	9857	0.13963758961947187	0.134723600770266	0.06362765846246177
current_XTX	3.0	133	yptar	mrad	25731	9857	1.1247854911085864	1.1036917575323901	-0.007141523567966157
current_XTX	3.0	134	xptar	mrad	25731	9857	1.9024983259354282	1.8579658867193711	-0.47916941676868774
current_XTX	3.0	134	ytar	cm	25731	9857	0.13965057662381436	0.13473224664060604	0.0700492293345567
current_XTX	3.0	134	yptar	mrad	25731	9857	1.1248041389832468	1.1036433304754283	-0.01152894407751015
current_XTX	3.0	135	xptar	mrad	25731	9857	1.9024869316483086	1.8571574432367177	-0.5224732079999295
current_XTX	3.0	135	ytar	cm	25731	9857	0.13962268179597315	0.13471036831505784	0.05379948089456743
current_XTX	3.0	135	yptar	mrad	25731	9857	1.1247520770188844	1.1036446293732058	-0.011411265839211815
current_XTX	3.0	136	xptar	mrad	25731	9857	1.9030060219420757	1.8574131199387895	-0.5087780384960938
current_XTX	3.0	136	ytar	cm	25731	9857	0.13936707877151588	0.13441715132274384	-0.16398237599086762
current_XTX	3.0	136	yptar	mrad	25731	9857	1.124539161463984	1.1032904615389691	-0.04349835345588415
current_XTX	3.0	137	xptar	mrad	25731	9857	1.9028337473910535	1.8571131343321414	-0.5248465879511888
current_XTX	3.0	137	ytar	cm	25731	9857	0.13933886444014884	0.13440421670200622	-0.17358934214968258
current_XTX	3.0	137	yptar	mrad	25731	9857	1.1245281474784916	1.1033964552968412	-0.03389547406682514
current_XTX	3.0	138	xptar	mrad	25731	9857	1.902578311344875	1.8566775210461086	-0.548179952868677
current_XTX	3.0	138	ytar	cm	25731	9857	0.13936129094613187	0.1344420717659891	-0.14547314717185955
current_XTX	3.0	138	yptar	mrad	25731	9857	1.1246691594735527	1.1036026945796549	-0.015210496782236405
current_XTX	3.0	139	xptar	mrad	25731	9857	1.9026961194810383	1.85691758906865	-0.5353208529408682
current_XTX	3.0	139	ytar	cm	25731	9857	0.13944466749524553	0.13448309272587605	-0.1150055376895387
current_XTX	3.0	139	yptar	mrad	25731	9857	1.1246872996630501	1.103654311173412	-0.01053410890548001
current_XTX	3.0	140	xptar	mrad	25731	9857	1.9028493693581465	1.857311314934049	-0.5142311626367024
current_XTX	3.0	140	ytar	cm	25731	9857	0.1393209698118477	0.13438303540863392	-0.18932138197946813
current_XTX	3.0	140	yptar	mrad	25731	9857	1.1245867845379367	1.1034162121047313	-0.03210553617717382
current_XTX	3.0	141	xptar	mrad	25731	9857	1.9022000457986692	1.8563095477338423	-0.567890223079226
current_XTX	3.0	141	ytar	cm	25731	9857	0.13952308215265494	0.13450786341465915	-0.09660753641089759
current_XTX	3.0	141	yptar	mrad	25731	9857	1.1249262224217473	1.1038910414411616	0.010913307004445372
current_XTX	3.0	142	xptar	mrad	25731	9857	1.90267897745309	1.8574939133059039	-0.5044503901478037
current_XTX	3.0	142	ytar	cm	25731	9857	0.13944249922054952	0.13447266219690582	-0.12275263293634042
current_XTX	3.0	142	yptar	mrad	25731	9857	1.124889243943066	1.1038021814797694	0.002862724508867487
current_XTX	3.0	143	xptar	mrad	25731	9857	1.9026412391042884	1.8573802994746782	-0.5105360470105791
current_XTX	3.0	143	ytar	cm	25731	9857	0.13957878416218444	0.1345602019811944	-0.05773397005713887
current_XTX	3.0	143	yptar	mrad	25731	9857	1.1249151075399872	1.103772441029138	0.00016828319342465647
current_XTX	3.0	144	xptar	mrad	25731	9857	1.9023126702972923	1.8570363842738733	-0.5289576588813683
current_XTX	3.0	144	ytar	cm	25731	9857	0.13954345837417104	0.13453534119627775	-0.07619888868292124
current_XTX	3.0	144	yptar	mrad	25731	9857	1.1248711902014517	1.1037694872698403	-9.932307745152968e-05
current_XTX	3.0	145	xptar	mrad	25731	9857	1.9025765849261462	1.8574902820678665	-0.504644895239692
current_XTX	3.0	145	ytar	cm	25731	9857	0.13952278003961952	0.1345120542247172	-0.09349488461982691
current_XTX	3.0	145	yptar	mrad	25731	9857	1.124719862870408	1.1036194477465266	-0.013692684374377873
current_XTX	3.0	146	xptar	mrad	25731	9857	1.9019085040923214	1.8568288935252268	-0.5400717766330665
current_XTX	3.0	146	ytar	cm	25731	9857	0.1395807038940323	0.13456801413153607	-0.05193163031463888
current_XTX	3.0	146	yptar	mrad	25731	9857	1.1246729060375409	1.1034996255902119	-0.024548396430712494
current_XTX	3.0	147	xptar	mrad	25731	9857	1.9019411967282818	1.8567928462606456	-0.5420026267832334
current_XTX	3.0	147	ytar	cm	25731	9857	0.13975557166061023	0.13468836005053494	0.037453222525307694
current_XTX	3.0	147	yptar	mrad	25731	9857	1.1248264897850977	1.1037664855589737	-0.0003712736903138669
current_XTX	3.0	148	xptar	mrad	25731	9857	1.9020379613358225	1.8572372924490024	-0.5181961327399454
current_XTX	3.0	148	ytar	cm	25731	9857	0.13973202731499468	0.13468258139247466	0.03316122405434552
current_XTX	3.0	148	yptar	mrad	25731	9857	1.1247997274795063	1.103746841004309	-0.0021510416019721035
current_XTX	3.0	149	xptar	mrad	25731	9857	1.9024017853594044	1.8574214282340316	-0.5083330096346206
current_XTX	3.0	149	ytar	cm	25731	9857	0.13966367630543192	0.13461063935808015	-0.020272479480054617
current_XTX	3.0	149	yptar	mrad	25731	9857	1.1241868009579874	1.102876013867122	-0.08104670616764231
current_XTX	3.0	150	xptar	mrad	25731	9857	1.9022096185587936	1.8575281480473964	-0.5026166267119492
current_XTX	3.0	150	ytar	cm	25731	9857	0.13954139232500962	0.13461038604183664	-0.02046062574488916
current_XTX	3.0	150	yptar	mrad	25731	9857	1.1243426521317454	1.103085933624585	-0.06202828326454801
current_XTX	3.0	151	xptar	mrad	25731	9857	1.902446265415737	1.8579209476812308	-0.4815765494471158
current_XTX	3.0	151	ytar	cm	25731	9857	0.13941974018061756	0.13454970714222161	-0.06552883044762536
current_XTX	3.0	151	yptar	mrad	25731	9857	1.124211092259944	1.1031174059673838	-0.059176935052585034
current_XTX	3.0	152	xptar	mrad	25731	9857	1.9023986402826534	1.8578427823084638	-0.4857634308512493
current_XTX	3.0	152	ytar	cm	25731	9857	0.1393805488257531	0.13457055195862297	-0.05004670307670045
current_XTX	3.0	152	yptar	mrad	25731	9857	1.1246531297639069	1.1039910340083088	0.019972487293884456
current_XTX	3.0	153	xptar	mrad	25731	9857	1.9023567354287245	1.8579271178164196	-0.48124604984903785
current_XTX	3.0	153	ytar	cm	25731	9857	0.1394858951415233	0.1346211766626932	-0.012446078468686395
current_XTX	3.0	153	yptar	mrad	25731	9857	1.1249270817104549	1.1037112451675013	-0.005375972338272916
current_XTX	3.0	154	xptar	mrad	25731	9857	1.9007213217741366	1.8557034262648817	-0.6003567567526624
current_XTX	3.0	154	ytar	cm	25731	9857	0.13938638216698143	0.1346075500417969	-0.022567015793806267
current_XTX	3.0	154	yptar	mrad	25731	9857	1.1253611988645578	1.104694708280637	0.08372434685632868
current_XTX	3.0	155	xptar	mrad	25731	9857	1.9012435922423414	1.856459942297236	-0.5598344283140211
current_XTX	3.0	155	ytar	cm	25731	9857	0.13915105529301128	0.13455088203789045	-0.0646561969812387
current_XTX	3.0	155	yptar	mrad	25731	9857	1.1256398356520216	1.1046763312459489	0.08205941440009301
current_XTX	3.0	156	xptar	mrad	25731	9857	1.901164890009557	1.8572606147215411	-0.5169468891716211
current_XTX	3.0	156	ytar	cm	25731	9857	0.13932484535367806	0.13454850111541372	-0.06642458602987844
current_XTX	3.0	156	yptar	mrad	25731	9857	1.1248847793051284	1.1044947542223127	0.06560880171488925
current_XTX	3.0	157	xptar	mrad	25731	9857	1.9015647448844368	1.8575608249707594	-0.5008663068717167
current_XTX	3.0	157	ytar	cm	25731	9857	0.13922520092613952	0.1345099604158698	-0.09505002497902648
current_XTX	3.0	157	yptar	mrad	25731	9857	1.1250005220439638	1.1047377663409985	0.08762534412898315
current_XTX	3.0	158	xptar	mrad	25731	9857	1.901475368849382	1.857774640905437	-0.4894133843163839
current_XTX	3.0	158	ytar	cm	25731	9857	0.13935572155482084	0.1345985824237326	-0.02922755923117082
current_XTX	3.0	158	yptar	mrad	25731	9857	1.1250567011024701	1.1047811017396347	0.09155146784358692
current_XTX	3.0	159	xptar	mrad	25731	9857	1.9014977012410332	1.8573681529429822	-0.5111866687102284
current_XTX	3.0	159	ytar	cm	25731	9857	0.13934626337348063	0.13458426115605934	-0.03986443345261881
current_XTX	3.0	159	yptar	mrad	25731	9857	1.1252357677764586	1.1049379706219022	0.10576355907003787
current_XTX	3.0	160	xptar	mrad	25731	9857	1.9015747141952306	1.8574455210608336	-0.5070424917884231
current_XTX	3.0	160	ytar	cm	25731	9857	0.13923287120618177	0.13451287644169996	-0.0928841971564065
current_XTX	3.0	160	yptar	mrad	25731	9857	1.1249837987262044	1.1047201382560385	0.08602826542236652
current_XTX	3.0	161	xptar	mrad	25731	9857	1.9016668760691646	1.8577277275898598	-0.49192626798396644
current_XTX	3.0	161	ytar	cm	25731	9857	0.1393921665466062	0.13456972175238444	-0.05066332442186239
current_XTX	3.0	161	yptar	mrad	25731	9857	1.1250595111768926	1.1048225903072195	0.09531027136691073
current_XTX	3.0	162	xptar	mrad	25731	9857	1.9019821295226715	1.8581609953126452	-0.4687185417578177
current_XTX	3.0	162	ytar	cm	25731	9857	0.1394363678924714	0.13468310064311603	0.03354688850023546
current_XTX	3.0	162	yptar	mrad	25731	9857	1.1253358842912868	1.1051693146609012	0.1267229905354883
current_XTX	3.0	163	xptar	mrad	25731	9857	1.9015106325328455	1.8582628247630804	-0.4632641081982025
current_XTX	3.0	163	ytar	cm	25731	9857	0.13944997599546555	0.13470213113160295	0.04768145514799649
current_XTX	3.0	163	yptar	mrad	25731	9857	1.1250958002335152	1.1049203281225541	0.10416517444093998
current_XTX	3.0	164	xptar	mrad	25731	9857	1.9020920623769253	1.8584027032568877	-0.45577160040570774
current_XTX	3.0	164	ytar	cm	25731	9857	0.13932816745732657	0.13457928945133235	-0.043557081272194154
current_XTX	3.0	164	yptar	mrad	25731	9857	1.1250491935734557	1.104798619253794	0.09313852899741626
current_XTX	3.0	165	xptar	mrad	25731	9857	1.9018398701124135	1.858533656037048	-0.4487571931219736
current_XTX	3.0	165	ytar	cm	25731	9857	0.13934569963152696	0.13463094005760065	-0.005194485524939729
current_XTX	3.0	165	yptar	mrad	25731	9857	1.125176760656108	1.1049785128748586	0.10943662787255004
current_XTX	3.0	166	xptar	mrad	25731	9857	1.9013536710352468	1.8576615983127904	-0.4954684431266121
current_XTX	3.0	166	ytar	cm	25731	9857	0.13927095510436446	0.1345138796909046	-0.09213905113680809
current_XTX	3.0	166	yptar	mrad	25731	9857	1.1259688400432974	1.1058282074415577	0.1864177124700106
current_XTX	3.0	167	xptar	mrad	25731	9857	1.9013242750714294	1.8580515037488479	-0.47458339183329423
current_XTX	3.0	167	ytar	cm	25731	9857	0.13916723899420833	0.13443290729071888	-0.15227990289901072
current_XTX	3.0	167	yptar	mrad	25731	9857	1.1259128704006727	1.1056520626700874	0.17045925388337047
current_XTX	3.0	168	xptar	mrad	25731	9857	1.9010345179651054	1.8577461134239843	-0.49094144178445376
current_XTX	3.0	168	ytar	cm	25731	9857	0.13918193454271136	0.1344023045061243	-0.17500959261540494
current_XTX	3.0	168	yptar	mrad	25731	9857	1.1257373012061769	1.1053905232601555	0.1467641659887331
current_XTX	3.0	169	xptar	mrad	25731	9857	1.9010592161130746	1.857572142184262	-0.5002601071046997
current_XTX	3.0	169	ytar	cm	25731	9857	0.13922708902554043	0.13447505545423405	-0.12097508238978483
current_XTX	3.0	169	yptar	mrad	25731	9857	1.125774903505223	1.105560348056684	0.16215004409207978
current_XTX	3.0	170	xptar	mrad	25731	9857	1.9014564083159289	1.8579570062605013	-0.4796450932323948
current_XTX	3.0	170	ytar	cm	25731	9857	0.13910392947679992	0.13407069164029756	-0.4213093214166519
current_XTX	3.0	170	yptar	mrad	25731	9857	1.1259561038133306	1.1051725545585425	0.12701652052165002
current_XTX	3.0	171	xptar	mrad	25731	9857	1.9014301184796631	1.857855816953615	-0.4850652378859843
current_XTX	3.0	171	ytar	cm	25731	9857	0.13908505458501663	0.1340462884781535	-0.4394343486317065
current_XTX	3.0	171	yptar	mrad	25731	9857	1.1257485591291594	1.1044721980698626	0.0635652473036874
current_XTX	3.0	172	xptar	mrad	25731	9857	1.900560523789539	1.8571237123802022	-0.524279981138609
current_XTX	3.0	172	ytar	cm	25731	9857	0.13924427599732844	0.13414472152688744	-0.3663249017234693
current_XTX	3.0	172	yptar	mrad	25731	9857	1.1256175177474874	1.1047093705992455	0.08505273147054737
current_XTX	3.0	173	xptar	mrad	25731	9857	1.9009177137622117	1.8572012304348249	-0.5201277729434017
current_XTX	3.0	173	ytar	cm	25731	9857	0.13901408252378944	0.13389696916254878	-0.5503386914006092
current_XTX	3.0	173	yptar	mrad	25731	9857	1.1259452845483604	1.1048049418065602	0.09371134302782469
current_XTX	3.0	174	xptar	mrad	25731	9857	1.9010442419401479	1.8583149257775342	-0.46047334854554256
current_XTX	3.0	174	ytar	cm	25731	9857	0.1389523639518815	0.1338947995027465	-0.5519501687465289
current_XTX	3.0	174	yptar	mrad	25731	9857	1.1258704903330385	1.104739426999242	0.08777579733623142
current_XTX	3.0	175	xptar	mrad	25731	9857	1.9017015953258338	1.858399974878087	-0.45591774438301647
current_XTX	3.0	175	ytar	cm	25731	9857	0.1389597789779318	0.13397530681141417	-0.4921547556767436
current_XTX	3.0	175	yptar	mrad	25731	9857	1.1258144142280029	1.1039896019264877	0.01984274277608833
current_XTX	3.0	176	xptar	mrad	25731	9857	1.9013220506573163	1.8591824654482378	-0.4140041053751098
current_XTX	3.0	176	ytar	cm	25731	9857	0.1389674932146603	0.1339366333942423	-0.5208787683518845
current_XTX	3.0	176	yptar	mrad	25731	9857	1.1268100685575047	1.1056749926412395	0.172536675722057
current_XTX	3.0	177	xptar	mrad	25731	9857	1.901346408610662	1.8593303432602446	-0.40608311889148707
current_XTX	3.0	177	ytar	cm	25731	9857	0.1389445070991736	0.13392873594888702	-0.5267444594926118
current_XTX	3.0	177	yptar	mrad	25731	9857	1.1267142596341193	1.1054420016960689	0.15142803696697182
current_XTX	3.0	178	xptar	mrad	25731	9857	1.9011478739020062	1.858795531305538	-0.43473000111827753
current_XTX	3.0	178	ytar	cm	25731	9857	0.13898007128015735	0.1339470411162131	-0.5131486126100149
current_XTX	3.0	178	yptar	mrad	25731	9857	1.1267949263245598	1.1055006676713117	0.1567430884927168
current_XTX	3.0	179	xptar	mrad	25731	9857	1.9011245155251801	1.8587881880071935	-0.4351233404985555
current_XTX	3.0	179	ytar	cm	25731	9857	0.13904540201835908	0.13404535094973966	-0.44013068166901537
current_XTX	3.0	179	yptar	mrad	25731	9857	1.1268118986857687	1.1053747986932059	0.1453395432289062
current_XTX	3.0	180	xptar	mrad	25731	9857	1.9012018770726529	1.859200667113731	-0.4130291440580969
current_XTX	3.0	180	ytar	cm	25731	9857	0.1389941524835919	0.13395335710674716	-0.5084575197244368
current_XTX	3.0	180	yptar	mrad	25731	9857	1.1266637373114554	1.1053927272314166	0.1469638425604547
current_XTX	3.0	181	xptar	mrad	25731	9857	1.90143424366662	1.8596242360505504	-0.3903409274967351
current_XTX	3.0	181	ytar	cm	25731	9857	0.13901381772414087	0.133973943679055	-0.4931671986938446
current_XTX	3.0	181	yptar	mrad	25731	9857	1.1268654902167021	1.105568859439691	0.16292116293994408
current_XTX	3.0	182	xptar	mrad	25731	9857	1.901549663108086	1.8598954029560315	-0.37581603451938284
current_XTX	3.0	182	ytar	cm	25731	9857	0.13895590652103065	0.13393816286290905	-0.5197427819151446
current_XTX	3.0	182	yptar	mrad	25731	9857	1.126765004460881	1.1054906532208668	0.155835793934056
current_XTX	3.0	183	xptar	mrad	25731	9857	1.9012969213887772	1.8592562632922671	-0.4100511680334984
current_XTX	3.0	183	ytar	cm	25731	9857	0.13900715754194645	0.13396587031711138	-0.4991635488422852
current_XTX	3.0	183	yptar	mrad	25731	9857	1.1269789942633344	1.1057287751460902	0.1774092919750725
current_XTX	3.0	184	xptar	mrad	25731	9857	1.9013288478561121	1.8592293553362793	-0.411492476589459
current_XTX	3.0	184	ytar	cm	25731	9857	0.13894448138524337	0.13393416246487944	-0.5227140084606896
current_XTX	3.0	184	yptar	mrad	25731	9857	1.1266712569989017	1.1054009436929446	0.1477082419538034
current_XTX	3.0	185	xptar	mrad	25731	9857	1.9014125910632855	1.8594296857058281	-0.4007619002580842
current_XTX	3.0	185	ytar	cm	25731	9857	0.13904195334390643	0.13400206768258757	-0.47227858080016727
current_XTX	3.0	185	yptar	mrad	25731	9857	1.1269807347332415	1.1057228457653854	0.1768720987581851
current_XTX	3.0	186	xptar	mrad	25731	9857	1.9015757899256922	1.8598830919012614	-0.37647546879900906
current_XTX	3.0	186	ytar	cm	25731	9857	0.13895064988192882	0.13393500284286564	-0.5220898322256251
current_XTX	3.0	186	yptar	mrad	25731	9857	1.1266767007690146	1.1053886736713008	0.146596595944537
current_XTX	3.0	187	xptar	mrad	25731	9857	1.9014316764846824	1.8595201046903753	-0.39591866147369315
current_XTX	3.0	187	ytar	cm	25731	9857	0.13899619283452277	0.13396308366213724	-0.501233288695957
current_XTX	3.0	187	yptar	mrad	25731	9857	1.126844447533343	1.105555026757057	0.16166794213119395
current_XTX	3.0	188	xptar	mrad	25731	9857	1.9013072791814412	1.859392939189024	-0.40273020543500904
current_XTX	3.0	188	ytar	cm	25731	9857	0.13912332748517722	0.13403769688572892	-0.44581560551952837
current_XTX	3.0	188	yptar	mrad	25731	9857	1.1269478270096895	1.1056857908543587	0.17351497803235194
current_XTX	3.0	189	xptar	mrad	25731	9857	1.9014457465059793	1.8597558505984662	-0.38329107301929843
current_XTX	3.0	189	ytar	cm	25731	9857	0.13897938135987373	0.13394796591005603	-0.5124617379553165
current_XTX	3.0	189	yptar	mrad	25731	9857	1.1267533459105843	1.105506512146163	0.15727258936348854
current_XTX	3.0	190	xptar	mrad	25731	9857	1.9015310615210996	1.859745814573743	-0.38382864667623195
current_XTX	3.0	190	ytar	cm	25731	9857	0.13893963400394654	0.13392433426963907	-0.5300137307325481
current_XTX	3.0	190	yptar	mrad	25731	9857	1.1268144523571528	1.1054822198659258	0.1550717443148164
current_XTX	3.0	191	xptar	mrad	25731	9857	1.9014889357066658	1.8596865074786268	-0.3870053957261699
current_XTX	3.0	191	ytar	cm	25731	9857	0.1390189833156561	0.13397711784781638	-0.4908096396674444
current_XTX	3.0	191	yptar	mrad	25731	9857	1.1268462299670488	1.105539612009	0.16027138850978062
current_XTX	3.0	192	xptar	mrad	25731	9857	1.901291380200993	1.8592181359298923	-0.4120934373768814
current_XTX	3.0	192	ytar	cm	25731	9857	0.13904882307370775	0.13399934386294424	-0.4743016507971265
current_XTX	3.0	192	yptar	mrad	25731	9857	1.12693320148713	1.1055761162770652	0.163578621788929
current_XTX	3.0	193	xptar	mrad	25731	9857	1.90127879117677	1.8591767710030254	-0.41430912492433913
current_XTX	3.0	193	ytar	cm	25731	9857	0.13906032542221003	0.13403938595326093	-0.4445610797820354
current_XTX	3.0	193	yptar	mrad	25731	9857	1.126911175940457	1.1054479181972927	0.15196406332171897
current_XTX	3.0	194	xptar	mrad	25731	9857	1.9015636113406469	1.8597538643035432	-0.3833974677178942
current_XTX	3.0	194	ytar	cm	25731	9857	0.13902289841830195	0.13398863593299942	-0.4822547808267852
current_XTX	3.0	194	yptar	mrad	25731	9857	1.1268019431082381	1.1054740218917987	0.1543290198529501
current_XTX	3.0	195	xptar	mrad	25731	9857	1.901198412513795	1.858942077222559	-0.42688035679231406
current_XTX	3.0	195	ytar	cm	25731	9857	0.138991344336601	0.13395456677284676	-0.5075590611211211
current_XTX	3.0	195	yptar	mrad	25731	9857	1.126816489241979	1.1054794609910057	0.1548217942834329
current_XTX	3.0	196	xptar	mrad	25731	9857	1.901293636366147	1.8592211465745645	-0.41193217399712045
current_XTX	3.0	196	ytar	cm	25731	9857	0.138935942166862	0.1339457211308168	-0.514129008965647
current_XTX	3.0	196	yptar	mrad	25731	9857	1.1266790671223978	1.1052578327953477	0.13474260400989646
current_XTX	3.0	197	xptar	mrad	25731	9857	1.9015357566155568	1.8599205272497548	-0.3744702667649591
current_XTX	3.0	197	ytar	cm	25731	9857	0.1389964568199889	0.13395877108927426	-0.5044363777074179
current_XTX	3.0	197	yptar	mrad	25731	9857	1.1268366778605063	1.10556922856042	0.16295460473794154
current_XTX	3.0	198	xptar	mrad	25731	9857	1.9013041836140572	1.8592260415869934	-0.41166997558641505
current_XTX	3.0	198	ytar	cm	25731	9857	0.13896868082587494	0.1339519758529619	-0.5094834221177846
current_XTX	3.0	198	yptar	mrad	25731	9857	1.1269391474061845	1.1056583694045958	0.17103063480277125
current_XTX	3.0	199	xptar	mrad	25731	9857	1.9015940474452704	1.859983896449299	-0.3710759335228353
current_XTX	3.0	199	ytar	cm	25731	9857	0.139085516338458	0.13400631962905857	-0.4691205209942817
current_XTX	3.0	199	yptar	mrad	25731	9857	1.1269443003403408	1.1056734027837531	0.17239263695985052
current_XTX	3.0	200	xptar	mrad	25731	9857	1.9014995760921682	1.8597286808994895	-0.3847464016817792
current_XTX	3.0	200	ytar	cm	25731	9857	0.13896681096359448	0.13393192528290915	-0.5243756367307117
current_XTX	3.0	200	yptar	mrad	25731	9857	1.1267732245289719	1.1054702116786836	0.15398382011926337
current_XTX	3.0	201	xptar	mrad	25731	9857	1.901269489307346	1.859183812054536	-0.4139319752147985
current_XTX	3.0	201	ytar	cm	25731	9857	0.1390158821942594	0.13398476694864653	-0.48512840213360553
current_XTX	3.0	201	yptar	mrad	25731	9857	1.1269443115642457	1.105635624689039	0.16896999684998804
current_XTX	3.0	202	xptar	mrad	25731	9857	1.9012195122248974	1.8591185204731513	-0.4174292796895185
current_XTX	3.0	202	ytar	cm	25731	9857	0.13905453677412352	0.1340008665285273	-0.4731707172332844
current_XTX	3.0	202	yptar	mrad	25731	9857	1.1270375942261828	1.1057844511650872	0.18245345783940436
current_XTX	3.0	203	xptar	mrad	25731	9857	1.9015197813229905	1.8596448301070387	-0.38923781918809297
current_XTX	3.0	203	ytar	cm	25731	9857	0.13891250791573556	0.13389525089512458	-0.5516149048537144
current_XTX	3.0	203	yptar	mrad	25731	9857	1.1268289467525523	1.1058425760841195	0.18771949046407777
current_XTX	3.0	204	xptar	mrad	25731	9857	1.9014445799912263	1.8593491233292994	-0.40507717573391444
current_XTX	3.0	204	ytar	cm	25731	9857	0.13899487120550721	0.1339654741597746	-0.49945778786212314
current_XTX	3.0	204	yptar	mrad	25731	9857	1.1268448506755298	1.1055754238327342	0.16351588734562217
current_XTX	3.0	205	xptar	mrad	25731	9857	1.901566940079177	1.8597823373337623	-0.3818723268975588
current_XTX	3.0	205	ytar	cm	25731	9857	0.13894235684533202	0.13392651800256164	-0.5283918008195942
current_XTX	3.0	205	yptar	mrad	25731	9857	1.1268231451690007	1.1055015056917774	0.15681901192083902
current_XTX	3.0	206	xptar	mrad	25731	9857	1.9013508111626116	1.8593262168107403	-0.40630414968917394
current_XTX	3.0	206	ytar	cm	25731	9857	0.13895355223963857	0.13393830701917805	-0.519635712336064
current_XTX	3.0	206	yptar	mrad	25731	9857	1.1267808711021285	1.1055399959547714	0.16030617343492093
current_XTX	3.0	207	xptar	mrad	25731	9857	1.90143415721612	1.8595433133038928	-0.3946755059828111
current_XTX	3.0	207	ytar	cm	25731	9857	0.13889674636549681	0.13387416532137614	-0.5672758505860576
current_XTX	3.0	207	yptar	mrad	25731	9857	1.1267390572908593	1.1056277983943916	0.16826094600519426
current_XTX	3.0	208	xptar	mrad	25731	9857	1.9014544908564277	1.8598437398203713	-0.37858333945656186
current_XTX	3.0	208	ytar	cm	25731	9857	0.13901653772543718	0.133971822828092	-0.4947424241173448
current_XTX	3.0	208	yptar	mrad	25731	9857	1.1268667834854078	1.105604201458421	0.16612309812975568
current_XTX	3.0	209	xptar	mrad	25731	9857	1.90125045866626	1.859182640183427	-0.4139947457892923
current_XTX	3.0	209	ytar	cm	25731	9857	0.13893630647623995	0.13392001503805445	-0.5332217653944982
current_XTX	3.0	209	yptar	mrad	25731	9857	1.1268289429198937	1.1055834898473325	0.16424665646723735
current_XTX	3.0	210	xptar	mrad	25731	9857	1.9015083917258435	1.8597443340037434	-0.38390795252203347
current_XTX	3.0	210	ytar	cm	25731	9857	0.13899810009956476	0.13394792226991545	-0.5124941509160319
current_XTX	3.0	210	yptar	mrad	25731	9857	1.1268870023910789	1.1055713788935504	0.16314942177351188
current_XTX	8.0	1	xptar	mrad	40467	24957	36.78441030180683	36.48586931770279	1387.8975872034985
current_XTX	8.0	1	ytar	cm	40467	24957	1.8288561827568988	1.7267813918256283	704.9765140483775
current_XTX	8.0	1	yptar	mrad	40467	24957	13.334893625584	12.794358083187834	983.05907171739
current_XTX	8.0	2	xptar	mrad	40467	24957	36.81101856098145	36.53233371494847	1389.7924102088302
current_XTX	8.0	2	ytar	cm	40467	24957	1.8269807064482133	1.7284252255773	705.7428227249476
current_XTX	8.0	2	yptar	mrad	40467	24957	13.181955543388893	12.675549061119082	973.001733293939
current_XTX	8.0	3	xptar	mrad	40467	24957	10.305188639613784	9.70233078887079	295.6620697538579
current_XTX	8.0	3	ytar	cm	40467	24957	1.8266449438599726	1.7280617835278653	705.5733963485703
current_XTX	8.0	3	yptar	mrad	40467	24957	13.184770467985187	12.67861229268104	973.2610398343985
current_XTX	8.0	4	xptar	mrad	40467	24957	10.216648363663005	9.600561864988524	291.5119223371085
current_XTX	8.0	4	ytar	cm	40467	24957	1.575693812340904	1.4736209422855369	586.9602920005772
current_XTX	8.0	4	yptar	mrad	40467	24957	12.870438607101711	12.327361816995623	943.5272296922524
current_XTX	8.0	5	xptar	mrad	40467	24957	10.215724496087764	9.601206644653304	291.53821651963574
current_XTX	8.0	5	ytar	cm	40467	24957	1.5208027678584952	1.4456771883275472	573.9337063789043
current_XTX	8.0	5	yptar	mrad	40467	24957	4.159237851228044	3.951974339534023	234.53977384383217
current_XTX	8.0	6	xptar	mrad	40467	24957	10.235252797412556	9.625882534347102	292.54450189597696
current_XTX	8.0	6	ytar	cm	40467	24957	1.5125715137910873	1.4474975736948377	574.7823184117435
current_XTX	8.0	6	yptar	mrad	40467	24957	4.141071440677912	3.9564964659327457	234.92257773190101
current_XTX	8.0	7	xptar	mrad	40467	24957	4.094901086604936	4.122969561784967	68.13513225288173
current_XTX	8.0	7	ytar	cm	40467	24957	1.5125661551736327	1.4474935297006295	574.7804332163297
current_XTX	8.0	7	yptar	mrad	40467	24957	4.141230605488072	3.956609152733031	234.93211681627852
current_XTX	8.0	8	xptar	mrad	40467	24957	4.075863071752426	4.085147305076421	66.59273664736077
current_XTX	8.0	8	ytar	cm	40467	24957	1.50627841666249	1.44032898189764	571.4405242142492
current_XTX	8.0	8	yptar	mrad	40467	24957	4.123050737188479	3.9359499729761858	233.1832903488301
current_XTX	8.0	9	xptar	mrad	40467	24957	4.047199212723485	4.0741713476437615	66.1451359491535
current_XTX	8.0	9	ytar	cm	40467	24957	1.4743394939847587	1.3802554143719992	543.4359306958339
current_XTX	8.0	9	yptar	mrad	40467	24957	4.041042156785742	3.7830786486589836	220.24253368634783
current_XTX	8.0	10	xptar	mrad	40467	24957	4.023238373840616	4.057516636660973	65.46595508406065
current_XTX	8.0	10	ytar	cm	40467	24957	1.474276019224121	1.3801380600566386	543.3812234421337
current_XTX	8.0	10	yptar	mrad	40467	24957	4.040929761058324	3.7835119277103293	220.27921132223187
current_XTX	8.0	11	xptar	mrad	40467	24957	4.005298966223132	4.032182095459147	64.4328098299659
current_XTX	8.0	11	ytar	cm	40467	24957	1.4787751718284134	1.3821408679393168	544.3148756782181
current_XTX	8.0	11	yptar	mrad	40467	24957	4.052965744730954	3.788678191880397	220.71654231139908
current_XTX	8.0	12	xptar	mrad	40467	24957	3.925926668751809	3.9653044400219932	61.7055320091662
current_XTX	8.0	12	ytar	cm	40467	24957	0.37173587010375	0.42811634636955664	99.57569947133979
current_XTX	8.0	12	yptar	mrad	40467	24957	1.4816224544724472	1.6142440772625901	36.64786310324251
current_XTX	8.0	13	xptar	mrad	40467	24957	3.9248957896779917	3.9634420753298727	61.62958458119701
current_XTX	8.0	13	ytar	cm	40467	24957	0.33667395524572724	0.3887444977262444	81.22166020350512
current_XTX	8.0	13	yptar	mrad	40467	24957	1.4375412975150341	1.5639184365656225	32.387732087489354
current_XTX	8.0	14	xptar	mrad	40467	24957	3.9051323552687283	3.9304806616286165	60.28541466462276
current_XTX	8.0	14	ytar	cm	40467	24957	0.3366637238239286	0.3886550746489493	81.17997370087235
current_XTX	8.0	14	yptar	mrad	40467	24957	1.4370380786230437	1.5650643322196245	32.484733646710914
current_XTX	8.0	15	xptar	mrad	40467	24957	3.90521848811479	3.935487334412819	60.489587307205724
current_XTX	8.0	15	ytar	cm	40467	24957	0.3380349003629478	0.3906890607085361	82.12816031883108
current_XTX	8.0	15	yptar	mrad	40467	24957	1.4398424516306068	1.569200666208352	32.83487970492005
current_XTX	8.0	16	xptar	mrad	40467	24957	3.904847374753774	3.9351090172563397	60.474159493785095
current_XTX	8.0	16	ytar	cm	40467	24957	0.33773475385117135	0.3904346051063498	82.00954033334962
current_XTX	8.0	16	yptar	mrad	40467	24957	1.4400791116323948	1.5687374494116026	32.795667799904635
current_XTX	8.0	17	xptar	mrad	40467	24957	3.357858431878769	3.462506374119231	41.20137401328354
current_XTX	8.0	17	ytar	cm	40467	24957	0.33781292596618	0.39037413579925057	81.98135125726502
current_XTX	8.0	17	yptar	mrad	40467	24957	1.4398704409163456	1.568862218151177	32.8062296361753
current_XTX	8.0	18	xptar	mrad	40467	24957	2.955684316032193	3.149619545048184	28.441816224244242
current_XTX	8.0	18	ytar	cm	40467	24957	0.3368099767047318	0.38920086896528233	81.43440753264113
current_XTX	8.0	18	yptar	mrad	40467	24957	1.4377794904209105	1.5664851163123643	32.605004870213385
current_XTX	8.0	19	xptar	mrad	40467	24957	2.954870937560953	3.148460442581601	28.394547903779333
current_XTX	8.0	19	ytar	cm	40467	24957	0.33463420389184595	0.3865529813058936	80.20003739885544
current_XTX	8.0	19	yptar	mrad	40467	24957	1.4346274365649274	1.5628978739261399	32.30134013114729
current_XTX	8.0	20	xptar	mrad	40467	24957	2.941495552015526	3.1446774564673183	28.240277332264263
current_XTX	8.0	20	ytar	cm	40467	24957	0.33470691138426695	0.3866684185230438	80.25385095573813
current_XTX	8.0	20	yptar	mrad	40467	24957	1.4343362588006998	1.5624443285602203	32.262946925345105
current_XTX	8.0	21	xptar	mrad	40467	24957	2.9395598999463863	3.1463628048241974	28.30900601546933
current_XTX	8.0	21	ytar	cm	40467	24957	0.3292276311934983	0.37491433000782015	74.77442823112943
current_XTX	8.0	21	yptar	mrad	40467	24957	1.4241263143179361	1.5414178110677763	30.483024840255112
current_XTX	8.0	22	xptar	mrad	40467	24957	2.9369629359597176	3.1491099079943803	28.42103317160265
current_XTX	8.0	22	ytar	cm	40467	24957	0.3292889869920277	0.3750251531186648	74.82609082250669
current_XTX	8.0	22	yptar	mrad	40467	24957	1.4238598276587084	1.5409667419125086	30.44484124890896
current_XTX	8.0	23	xptar	mrad	40467	24957	2.9375412479071734	3.142425189461405	28.148429646941043
current_XTX	8.0	23	ytar	cm	40467	24957	0.328037069352562	0.3765662683926945	75.54451505785448
current_XTX	8.0	23	yptar	mrad	40467	24957	1.4230189960306088	1.5426114251135208	30.584065823473438
current_XTX	8.0	24	xptar	mrad	40467	24957	2.9229006800757706	3.1076833343299146	26.73165314163144
current_XTX	8.0	24	ytar	cm	40467	24957	0.3318789132259979	0.37825573979329774	76.33209871209121
current_XTX	8.0	24	yptar	mrad	40467	24957	1.4302703277125377	1.5454655133758346	30.82566811128522
current_XTX	8.0	25	xptar	mrad	40467	24957	2.9208732584489634	3.1054788832193805	26.641755393549538
current_XTX	8.0	25	ytar	cm	40467	24957	0.32629475222269594	0.3740779186135061	74.38451695938852
current_XTX	8.0	25	yptar	mrad	40467	24957	1.422766051223193	1.539549638170666	30.324881571902253
current_XTX	8.0	26	xptar	mrad	40467	24957	2.843294015720172	3.109833680094986	26.819344468036288
current_XTX	8.0	26	ytar	cm	40467	24957	0.3190628873859318	0.3757035537362094	75.14234195123927
current_XTX	8.0	26	yptar	mrad	40467	24957	1.412760332405166	1.5450348169222834	30.78920909566738
current_XTX	8.0	27	xptar	mrad	40467	24957	2.697406557526189	3.0477025699505877	24.28563126336636
current_XTX	8.0	27	ytar	cm	40467	24957	0.23620672643233617	0.34009481859971186	58.54255947990703
current_XTX	8.0	27	yptar	mrad	40467	24957	1.282979276095043	1.501785492587315	27.128097474273382
current_XTX	8.0	28	xptar	mrad	40467	24957	2.6878623807387916	3.042823921029569	24.086679447385496
current_XTX	8.0	28	ytar	cm	40467	24957	0.2235816877845362	0.3327890562999667	55.136820284224996
current_XTX	8.0	28	yptar	mrad	40467	24957	1.2711233689402668	1.4905761220497482	26.17920966215983
current_XTX	8.0	29	xptar	mrad	40467	24957	2.6684603893810968	2.9301933433262284	19.49359264572812
current_XTX	8.0	29	ytar	cm	40467	24957	0.2179723793745932	0.3448030773121495	60.737416167335745
current_XTX	8.0	29	yptar	mrad	40467	24957	1.250196606846629	1.5323747733423863	29.717519921549098
current_XTX	8.0	30	xptar	mrad	40467	24957	2.6685478024517066	2.9317228469028724	19.555965962408383
current_XTX	8.0	30	ytar	cm	40467	24957	0.21426218290417368	0.3458268791524928	61.21468355069839
current_XTX	8.0	30	yptar	mrad	40467	24957	1.2497040176350382	1.5373032199576306	30.134719345030092
current_XTX	8.0	31	xptar	mrad	40467	24957	2.665989611740908	2.945277743984383	20.108736090666945
current_XTX	8.0	31	ytar	cm	40467	24957	0.21302306510813654	0.3532305387470073	64.66605968887427
current_XTX	8.0	31	yptar	mrad	40467	24957	1.2507695912614327	1.5451967519334466	30.802917105223514
current_XTX	8.0	32	xptar	mrad	40467	24957	2.666080822159587	2.9139268474612243	18.830243233958676
current_XTX	8.0	32	ytar	cm	40467	24957	0.21264887655416692	0.3338419223465199	55.627636576273545
current_XTX	8.0	32	yptar	mrad	40467	24957	1.248282519287501	1.4841285571461982	25.63341489747739
current_XTX	8.0	33	xptar	mrad	40467	24957	2.6657202752231735	2.913484763807667	18.812215016082256
current_XTX	8.0	33	ytar	cm	40467	24957	0.21236766299610835	0.3336880563602113	55.555908617033545
current_XTX	8.0	33	yptar	mrad	40467	24957	1.2483145591428728	1.484216915629372	25.640894558132675
current_XTX	8.0	34	xptar	mrad	40467	24957	2.665604543102123	2.911136147891686	18.71643821207556
current_XTX	8.0	34	ytar	cm	40467	24957	0.21180965782855868	0.3296370720524048	53.66745461700799
current_XTX	8.0	34	yptar	mrad	40467	24957	1.2482109555693224	1.4852296928609348	25.726627469556675
current_XTX	8.0	35	xptar	mrad	40467	24957	2.6657717614988097	2.905078131228287	18.469391655551902
current_XTX	8.0	35	ytar	cm	40467	24957	0.18911989489172476	0.3467831011277467	61.6604471174939
current_XTX	8.0	35	yptar	mrad	40467	24957	1.2380798821344796	1.5131637322655551	28.091280279035267
current_XTX	8.0	36	xptar	mrad	40467	24957	2.665878650707628	2.9053849295369156	18.48190292283711
current_XTX	8.0	36	ytar	cm	40467	24957	0.18926396241679308	0.34675925584070993	61.64933112092004
current_XTX	8.0	36	yptar	mrad	40467	24957	1.2384515133429819	1.513143906960346	28.08960204113411
current_XTX	8.0	37	xptar	mrad	40467	24957	2.620641449133056	2.8704333440216643	17.05657359042494
current_XTX	8.0	37	ytar	cm	40467	24957	0.18909232352872474	0.34674208185226413	61.641325094553956
current_XTX	8.0	37	yptar	mrad	40467	24957	1.23810570923283	1.5130412821475632	28.080914717100725
current_XTX	8.0	38	xptar	mrad	40467	24957	2.1330440092818392	2.5242446025702794	2.9389603128755937
current_XTX	8.0	38	ytar	cm	40467	24957	0.18908835244117073	0.3467984765484601	61.667614702589766
current_XTX	8.0	38	yptar	mrad	40467	24957	1.2381412231447129	1.5128844628797482	28.067639761880404
current_XTX	8.0	39	xptar	mrad	40467	24957	2.1207167196556194	2.5059104480298884	2.1912915629130447
current_XTX	8.0	39	ytar	cm	40467	24957	0.18811349049355205	0.3445592845446805	60.623766893005836
current_XTX	8.0	39	yptar	mrad	40467	24957	1.2372641244210807	1.508947116021254	27.73433822335354
current_XTX	8.0	40	xptar	mrad	40467	24957	2.1209882491045846	2.506088435310814	2.198549902944258
current_XTX	8.0	40	ytar	cm	40467	24957	0.18784198595376442	0.3444184899908639	60.558132464893035
current_XTX	8.0	40	yptar	mrad	40467	24957	1.2364992872881124	1.508593897362791	27.704437803976422
current_XTX	8.0	41	xptar	mrad	40467	24957	2.1206087903766018	2.5076750975623274	2.263254156395811
current_XTX	8.0	41	ytar	cm	40467	24957	0.187870187857632	0.34474324149698166	60.70952240722398
current_XTX	8.0	41	yptar	mrad	40467	24957	1.2365452002938413	1.5088240957550865	27.723924397633514
current_XTX	8.0	42	xptar	mrad	40467	24957	2.1212043239333886	2.496171476964765	1.7941352988409376
current_XTX	8.0	42	ytar	cm	40467	24957	0.18776786098561132	0.3439866242996075	60.356808927165375
current_XTX	8.0	42	yptar	mrad	40467	24957	1.236557755042427	1.5091268725142608	27.749554844553703
current_XTX	8.0	43	xptar	mrad	40467	24957	2.1156542811595593	2.5161443573937943	2.6086314628514184
current_XTX	8.0	43	ytar	cm	40467	24957	0.186501195053327	0.33738226778786257	57.27804521826503
current_XTX	8.0	43	yptar	mrad	40467	24957	1.2351671528976027	1.498468379302752	26.847299515407343
current_XTX	8.0	44	xptar	mrad	40467	24957	2.113814807263837	2.5164209337858297	2.619910277200166
current_XTX	8.0	44	ytar	cm	40467	24957	0.18648116332170794	0.33740335074723454	57.28787349602007
current_XTX	8.0	44	yptar	mrad	40467	24957	1.2351532048012883	1.4983993864687337	26.841459182169757
current_XTX	8.0	45	xptar	mrad	40467	24957	2.1146692427447773	2.508549821832533	2.298925504110594
current_XTX	8.0	45	ytar	cm	40467	24957	0.186486634677614	0.3373294557945701	57.25342576471881
current_XTX	8.0	45	yptar	mrad	40467	24957	1.234882510754781	1.5008902210950108	27.052311576685906
current_XTX	8.0	46	xptar	mrad	40467	24957	2.1136282707351923	2.493957305924793	1.7038411710145196
current_XTX	8.0	46	ytar	cm	40467	24957	0.1871852940551135	0.3349560577918087	56.14701492443732
current_XTX	8.0	46	yptar	mrad	40467	24957	1.2358017171633575	1.4928636095613466	26.372848458633126
current_XTX	8.0	47	xptar	mrad	40467	24957	2.1115837245882307	2.4942872129510083	1.7172948142327504
current_XTX	8.0	47	ytar	cm	40467	24957	0.18726866102077233	0.33498587489910164	56.1609148142562
current_XTX	8.0	47	yptar	mrad	40467	24957	1.2358227930050185	1.492878195747036	26.374083198244925
current_XTX	8.0	48	xptar	mrad	40467	24957	2.110278286654528	2.4855431522199822	1.3607110981982862
current_XTX	8.0	48	ytar	cm	40467	24957	0.18722788750682776	0.3334161585424924	55.429157565324935
current_XTX	8.0	48	yptar	mrad	40467	24957	1.2358035475305622	1.4915124978894287	26.2584750962761
current_XTX	8.0	49	xptar	mrad	40467	24957	2.1078830935919215	2.485686798808941	1.3665690212002257
current_XTX	8.0	49	ytar	cm	40467	24957	0.18701174989002908	0.33314975635977717	55.30496842280108
current_XTX	8.0	49	yptar	mrad	40467	24957	1.2347285287742145	1.4893806482836396	26.078011251191068
current_XTX	8.0	50	xptar	mrad	40467	24957	2.107626484904838	2.490727650568931	1.5721354860096515
current_XTX	8.0	50	ytar	cm	40467	24957	0.18707785591966666	0.3334863744748117	55.461890241676805
current_XTX	8.0	50	yptar	mrad	40467	24957	1.2344937983686135	1.4925779191526831	26.348664393532427
current_XTX	8.0	51	xptar	mrad	40467	24957	2.0761313036433493	2.5414210399558175	3.639417235531228
current_XTX	8.0	51	ytar	cm	40467	24957	0.18657791729486375	0.32881334999602774	53.28345875474882
current_XTX	8.0	51	yptar	mrad	40467	24957	1.2327362239273163	1.4808338873310676	25.354516807523233
current_XTX	8.0	52	xptar	mrad	40467	24957	2.011745625221282	2.6670597749366403	8.762978058750125
current_XTX	8.0	52	ytar	cm	40467	24957	0.1796947909831686	0.35292903397207886	64.52550671335588
current_XTX	8.0	52	yptar	mrad	40467	24957	1.2242643713816184	1.5229419998202531	28.919023360160345
current_XTX	8.0	53	xptar	mrad	40467	24957	1.998236168263074	2.713485798737349	10.656236190961078
current_XTX	8.0	53	ytar	cm	40467	24957	0.17857244568602182	0.35815595599363304	66.9621495264134
current_XTX	8.0	53	yptar	mrad	40467	24957	1.2232680691022835	1.5323958921861602	29.71930765917414
current_XTX	8.0	54	xptar	mrad	40467	24957	1.9987260708526728	2.7130415046682583	10.638117832106776
current_XTX	8.0	54	ytar	cm	40467	24957	0.17850505964408803	0.3582614130614962	67.01131062073149
current_XTX	8.0	54	yptar	mrad	40467	24957	1.2232091771255602	1.5325158486732695	29.729462132007423
current_XTX	8.0	55	xptar	mrad	40467	24957	1.9953690502425196	2.5505590173594848	4.012064914895674
current_XTX	8.0	55	ytar	cm	40467	24957	0.17782201286898566	0.37442968706722063	74.54850143649941
current_XTX	8.0	55	yptar	mrad	40467	24957	1.2225538012459018	1.5506847273111608	31.267481367029305
current_XTX	8.0	56	xptar	mrad	40467	24957	1.9971137660642901	2.6425280877635897	7.762573276367601
current_XTX	8.0	56	ytar	cm	40467	24957	0.17530375679832438	0.3408421749373897	58.890955809809476
current_XTX	8.0	56	yptar	mrad	40467	24957	1.2223732599170922	1.5130498554686387	28.081640459893364
current_XTX	8.0	57	xptar	mrad	40467	24957	1.9887926312357178	2.644011647996453	7.823073018657634
current_XTX	8.0	57	ytar	cm	40467	24957	0.17511222116308622	0.3416477122443345	59.26647445759545
current_XTX	8.0	57	yptar	mrad	40467	24957	1.2229234219050245	1.514351149385099	28.191796684381497
current_XTX	8.0	58	xptar	mrad	40467	24957	1.983246792885161	2.7482895519950135	12.075536908364537
current_XTX	8.0	58	ytar	cm	40467	24957	0.17412098322125913	0.3279249999142927	52.869335139892385
current_XTX	8.0	58	yptar	mrad	40467	24957	1.2215650787499517	1.4835586812824453	25.585174163555656
current_XTX	8.0	59	xptar	mrad	40467	24957	1.9830569508227147	2.7377439719831136	11.64548704662931
current_XTX	8.0	59	ytar	cm	40467	24957	0.1730823041568329	0.33087938608776624	54.24658618877074
current_XTX	8.0	59	yptar	mrad	40467	24957	1.220665844968251	1.489502606499909	26.088335173004285
current_XTX	8.0	60	xptar	mrad	40467	24957	1.982014932640202	2.728135560616174	11.253655020777288
current_XTX	8.0	60	ytar	cm	40467	24957	0.1724884706348004	0.3327319233567477	55.110186526363435
current_XTX	8.0	60	yptar	mrad	40467	24957	1.2180261521878886	1.4944035525752708	26.503206639974806
current_XTX	8.0	61	xptar	mrad	40467	24957	1.9786318956816198	2.3971305255154456	-2.2447651152512016
current_XTX	8.0	61	ytar	cm	40467	24957	0.17229499589467398	0.3384003786127869	57.75265961163421
current_XTX	8.0	61	yptar	mrad	40467	24957	1.2191923101287425	1.4513316630683333	22.857115107817627
current_XTX	8.0	62	xptar	mrad	40467	24957	1.9787348336472876	2.4199176478813165	-1.3155038691435306
current_XTX	8.0	62	ytar	cm	40467	24957	0.16589728318961794	0.3691783360201041	72.10047050452198
current_XTX	8.0	62	yptar	mrad	40467	24957	1.2175837700771754	1.4841553260800495	25.63568092258466
current_XTX	8.0	63	xptar	mrad	40467	24957	1.9786596486379648	2.4202590701010256	-1.3015806351238224
current_XTX	8.0	63	ytar	cm	40467	24957	0.1658235918267106	0.369013377114934	72.02357134109938
current_XTX	8.0	63	yptar	mrad	40467	24957	1.2175546682958962	1.483929383481732	25.61655458742942
current_XTX	8.0	64	xptar	mrad	40467	24957	1.9744931603841942	2.8919172569660843	17.932689819295568
current_XTX	8.0	64	ytar	cm	40467	24957	0.16573604992931684	0.3476999653634042	62.087863222259124
current_XTX	8.0	64	yptar	mrad	40467	24957	1.2151751047733583	1.3663536800425038	15.663618191914574
current_XTX	8.0	65	xptar	mrad	40467	24957	1.9743200262811929	2.8912621100020255	17.905972857213648
current_XTX	8.0	65	ytar	cm	40467	24957	0.16585032371072894	0.3463494698379627	61.45830050780432
current_XTX	8.0	65	yptar	mrad	40467	24957	1.2153017523032243	1.3642146085036955	15.482543000795523
current_XTX	8.0	66	xptar	mrad	40467	24957	1.9742747827796434	2.836407722741681	15.669005176890561
current_XTX	8.0	66	ytar	cm	40467	24957	0.1652767530589569	0.33715303257414564	57.17118226264799
current_XTX	8.0	66	yptar	mrad	40467	24957	1.211537990569034	1.31710604685576	11.494741915612682
current_XTX	8.0	67	xptar	mrad	40467	24957	1.9742030929319567	2.824455197527698	15.1815799418765
current_XTX	8.0	67	ytar	cm	40467	24957	0.16607920793146247	0.32462803185881056	51.33238213310503
current_XTX	8.0	67	yptar	mrad	40467	24957	1.2127809737099555	1.3043069340300415	10.411280348748742
current_XTX	8.0	68	xptar	mrad	40467	24957	1.9741968905361795	2.824966093321376	15.202414326062508
current_XTX	8.0	68	ytar	cm	40467	24957	0.16613585812260392	0.32397942161313564	51.03001843089518
current_XTX	8.0	68	yptar	mrad	40467	24957	1.2128918758578426	1.3037656493748402	10.365459897860507
current_XTX	8.0	69	xptar	mrad	40467	24957	1.9741533644118126	2.8174582870260316	14.8962451959052
current_XTX	8.0	69	ytar	cm	40467	24957	0.166044970123201	0.3253580510539815	51.6726963788451
current_XTX	8.0	69	yptar	mrad	40467	24957	1.212707561609727	1.3057719697841346	10.535297533006371
current_XTX	8.0	70	xptar	mrad	40467	24957	1.9741861770638538	2.8150506881789563	14.79806306176652
current_XTX	8.0	70	ytar	cm	40467	24957	0.166046406137467	0.32513218181761416	51.567402546410676
current_XTX	8.0	70	yptar	mrad	40467	24957	1.2127350507211687	1.3059251514545602	10.548264560871058
current_XTX	8.0	71	xptar	mrad	40467	24957	1.9740577060297915	2.81717689620887	14.884770048793584
current_XTX	8.0	71	ytar	cm	40467	24957	0.16609139409446322	0.3252682433605108	51.63083057905884
current_XTX	8.0	71	yptar	mrad	40467	24957	1.2130742248636055	1.3055712516445992	10.5183064811327
current_XTX	8.0	72	xptar	mrad	40467	24957	1.9649970494524405	2.811872438239319	14.668453695040506
current_XTX	8.0	72	ytar	cm	40467	24957	0.1661063998955505	0.3250540981763012	51.53100216725102
current_XTX	8.0	72	yptar	mrad	40467	24957	1.2129637590562803	1.305285288090214	10.494099293890958
current_XTX	8.0	73	xptar	mrad	40467	24957	1.8114999659729019	2.6933505247485785	9.835117600508925
current_XTX	8.0	73	ytar	cm	40467	24957	0.1660990131502323	0.32534519508514875	51.66670329076533
current_XTX	8.0	73	yptar	mrad	40467	24957	1.2129735965065733	1.305406390290264	10.50435075281655
current_XTX	8.0	74	xptar	mrad	40467	24957	1.8076467047824043	2.677200024242342	9.17649849166673
current_XTX	8.0	74	ytar	cm	40467	24957	0.16607072210666532	0.32614924035154563	52.04152639156152
current_XTX	8.0	74	yptar	mrad	40467	24957	1.2133088656944204	1.306999306708794	10.639193201836594
current_XTX	8.0	75	xptar	mrad	40467	24957	1.807802987741359	2.6834497047337105	9.431361119248095
current_XTX	8.0	75	ytar	cm	40467	24957	0.16607689983316842	0.3257106107521463	51.837049711679306
current_XTX	8.0	75	yptar	mrad	40467	24957	1.2132174971301395	1.3058434504177647	10.541348461720567
current_XTX	8.0	76	xptar	mrad	40467	24957	1.8078328213124686	2.6868112429844118	9.568445002571767
current_XTX	8.0	76	ytar	cm	40467	24957	0.16607482008241348	0.3250716221258313	51.53917133554982
current_XTX	8.0	76	yptar	mrad	40467	24957	1.2127855039215996	1.3052535440318895	10.491412118018761
current_XTX	8.0	77	xptar	mrad	40467	24957	1.8077830298079858	2.6842919623995285	9.465708475422119
current_XTX	8.0	77	ytar	cm	40467	24957	0.16608498285984524	0.32565066824018585	51.809106212548684
current_XTX	8.0	77	yptar	mrad	40467	24957	1.2132770983491918	1.3062333038365905	10.574350061265791
current_XTX	8.0	78	xptar	mrad	40467	24957	1.8074068722944538	2.692861693723709	9.815183019914997
current_XTX	8.0	78	ytar	cm	40467	24957	0.1660872258992258	0.3256407191405023	51.80446822442866
current_XTX	8.0	78	yptar	mrad	40467	24957	1.2126155209069895	1.3066779472745704	10.611989707276347
current_XTX	8.0	79	xptar	mrad	40467	24957	1.799340600274677	2.7284962303635654	11.268363170999729
current_XTX	8.0	79	ytar	cm	40467	24957	0.1661055456171353	0.32322360521358	50.67767826006926
current_XTX	8.0	79	yptar	mrad	40467	24957	1.2134326713445793	1.3036456425674001	10.35530116534571
current_XTX	8.0	80	xptar	mrad	40467	24957	1.799347669800245	2.7333769654971123	11.467400062946819
current_XTX	8.0	80	ytar	cm	40467	24957	0.16610196527603097	0.3231400266230616	50.63871629142456
current_XTX	8.0	80	yptar	mrad	40467	24957	1.2130592225688166	1.303686663420264	10.358773633955298
current_XTX	8.0	81	xptar	mrad	40467	24957	1.7993511324527582	2.7346863676428415	11.520797620131095
current_XTX	8.0	81	ytar	cm	40467	24957	0.16612527337443658	0.3234768821946061	50.79574880579103
current_XTX	8.0	81	yptar	mrad	40467	24957	1.2133356509792241	1.3040998813148779	10.393753066799661
current_XTX	8.0	82	xptar	mrad	40467	24957	1.7993656325712608	2.7342117372477164	11.501442142711294
current_XTX	8.0	82	ytar	cm	40467	24957	0.16602696890707622	0.32392367344837986	51.004030217481414
current_XTX	8.0	82	yptar	mrad	40467	24957	1.2132193068125523	1.3045507275780777	10.431917790042
current_XTX	8.0	83	xptar	mrad	40467	24957	1.7986100871764066	2.6977495185140907	10.01450902881329
current_XTX	8.0	83	ytar	cm	40467	24957	0.1660124849815287	0.31856225813112526	48.50469044414374
current_XTX	8.0	83	yptar	mrad	40467	24957	1.212738163383865	1.2956867381057033	9.681569539098689
current_XTX	8.0	84	xptar	mrad	40467	24957	1.798523216554022	2.6147131514268405	6.628277247861369
current_XTX	8.0	84	ytar	cm	40467	24957	0.16615339460247702	0.3175417533076163	48.02896003652724
current_XTX	8.0	84	yptar	mrad	40467	24957	1.2126796731225753	1.291277001717566	9.308279611772829
current_XTX	8.0	85	xptar	mrad	40467	24957	1.7984152622164176	2.6152164161219438	6.648800435045121
current_XTX	8.0	85	ytar	cm	40467	24957	0.16612263467899235	0.3173075035150736	47.91975942647304
current_XTX	8.0	85	yptar	mrad	40467	24957	1.2120314518091504	1.2909351661011468	9.279342781726974
current_XTX	8.0	86	xptar	mrad	40467	24957	1.7982158625110962	2.5997248437907596	6.017052486466734
current_XTX	8.0	86	ytar	cm	40467	24957	0.1660951569495673	0.318854456988339	48.640905264735544
current_XTX	8.0	86	yptar	mrad	40467	24957	1.2129434855360595	1.2911675332213437	9.29901296102489
current_XTX	8.0	87	xptar	mrad	40467	24957	1.7980561501472123	2.5929819967079117	5.742078473429202
current_XTX	8.0	87	ytar	cm	40467	24957	0.1660606779606271	0.31702848845744	47.78969051935826
current_XTX	8.0	87	yptar	mrad	40467	24957	1.2123070908428633	1.2884495664153421	9.06893353173841
current_XTX	8.0	88	xptar	mrad	40467	24957	1.798443223447073	2.5766331809924408	5.075372049501925
current_XTX	8.0	88	ytar	cm	40467	24957	0.16576471871669238	0.3214930044542913	49.8709212652253
current_XTX	8.0	88	yptar	mrad	40467	24957	1.2126834227790664	1.2948382689879894	9.609745523463275
current_XTX	8.0	89	xptar	mrad	40467	24957	1.798488261749998	2.5826151549069896	5.319317574731697
current_XTX	8.0	89	ytar	cm	40467	24957	0.1659280132500985	0.31361315657614586	46.197559653727495
current_XTX	8.0	89	yptar	mrad	40467	24957	1.2118636591918057	1.2763180997122971	8.04198907852387
current_XTX	8.0	90	xptar	mrad	40467	24957	1.7970021987019125	2.540364063500839	3.596313624557923
current_XTX	8.0	90	ytar	cm	40467	24957	0.16571564895546217	0.3202970672124086	49.31340923935528
current_XTX	8.0	90	yptar	mrad	40467	24957	1.2125750742988086	1.2873789149913855	8.978301494568285
current_XTX	8.0	91	xptar	mrad	40467	24957	1.7968995655311821	2.5569811057623095	4.2739583552346305
current_XTX	8.0	91	ytar	cm	40467	24957	0.16578302775571926	0.31438699748351784	46.55830233892966
current_XTX	8.0	91	yptar	mrad	40467	24957	1.2099261806318955	1.2747151318504735	7.906295761740689
current_XTX	8.0	92	xptar	mrad	40467	24957	1.7962947329474666	2.5530028068000576	4.111722905242576
current_XTX	8.0	92	ytar	cm	40467	24957	0.16568051802979397	0.3143939273486526	46.56153284552733
current_XTX	8.0	92	yptar	mrad	40467	24957	1.2102246461236168	1.2744776991239042	7.886196772267251
current_XTX	8.0	93	xptar	mrad	40467	24957	1.7910200122541795	2.6104596316464623	6.454818263967121
current_XTX	8.0	93	ytar	cm	40467	24957	0.16524271379608593	0.3211015001902336	49.68841308022392
current_XTX	8.0	93	yptar	mrad	40467	24957	1.2101023862282247	1.280107330199579	8.362752373360149
current_XTX	8.0	94	xptar	mrad	40467	24957	1.7923898230325968	2.5976212449157523	5.93126750315407
current_XTX	8.0	94	ytar	cm	40467	24957	0.16536983056169252	0.3199069475401113	49.131546511766125
current_XTX	8.0	94	yptar	mrad	40467	24957	1.2105301104231039	1.2804792071589002	8.394232242200527
current_XTX	8.0	95	xptar	mrad	40467	24957	1.792230470481392	2.572874156046431	4.922078616948511
current_XTX	8.0	95	ytar	cm	40467	24957	0.1651683408508755	0.3254369677913601	51.709485123764296
current_XTX	8.0	95	yptar	mrad	40467	24957	1.2109291449084827	1.2901799655331259	9.215414070271265
current_XTX	8.0	96	xptar	mrad	40467	24957	1.7922453925570911	2.595419263507167	5.841470469777321
current_XTX	8.0	96	ytar	cm	40467	24957	0.16538524115218758	0.3198227747273309	49.09230753355478
current_XTX	8.0	96	yptar	mrad	40467	24957	1.210512852827478	1.280847534402152	8.425411622953426
current_XTX	8.0	97	xptar	mrad	40467	24957	1.791517229641468	2.4698200606550587	0.7195217709241586
current_XTX	8.0	97	ytar	cm	40467	24957	0.16536101582241944	0.3179458803442099	48.21735260010813
current_XTX	8.0	97	yptar	mrad	40467	24957	1.2104045842858324	1.27354205693866	7.806993442954302
current_XTX	8.0	98	xptar	mrad	40467	24957	1.7917878459164414	2.507116532545661	2.2404758162839933
current_XTX	8.0	98	ytar	cm	40467	24957	0.16579022911624983	0.28761083189591957	34.07601330320005
current_XTX	8.0	98	yptar	mrad	40467	24957	1.2092622764707488	1.2328991055880374	4.366514688533463
current_XTX	8.0	99	xptar	mrad	40467	24957	1.7918982787826714	2.5070763878644002	2.2388387119610442
current_XTX	8.0	99	ytar	cm	40467	24957	0.16567392747443252	0.28892889157456425	34.69045534574566
current_XTX	8.0	99	yptar	mrad	40467	24957	1.2094079667056232	1.2330184564811497	4.376617897046353
current_XTX	8.0	100	xptar	mrad	40467	24957	1.7918205001988494	2.5122827595871504	2.451155098255975
current_XTX	8.0	100	ytar	cm	40467	24957	0.16579937485341217	0.2863352278806991	33.48136288691737
current_XTX	8.0	100	yptar	mrad	40467	24957	1.2088332814433524	1.232799482058398	4.358081427026272
current_XTX	8.0	101	xptar	mrad	40467	24957	1.79202010228592	2.5522411142955996	4.080661004820096
current_XTX	8.0	101	ytar	cm	40467	24957	0.16504161218156452	0.264946110245194	23.510362831956023
current_XTX	8.0	101	yptar	mrad	40467	24957	1.2062301174683006	1.1777613736855392	-0.3009661137580055
current_XTX	8.0	102	xptar	mrad	40467	24957	1.7917518825679666	2.5515627018576907	4.052995274268256
current_XTX	8.0	102	ytar	cm	40467	24957	0.16367268865897308	0.2366001561368564	10.296282906424237
current_XTX	8.0	102	yptar	mrad	40467	24957	1.2015454439140547	1.1620628454468613	-1.6298669707578872
current_XTX	8.0	103	xptar	mrad	40467	24957	1.7916125267915548	2.550757932930689	4.020176712805035
current_XTX	8.0	103	ytar	cm	40467	24957	0.16372501779170598	0.23355800431215426	8.878117999941427
current_XTX	8.0	103	yptar	mrad	40467	24957	1.2015432560646975	1.1618901731880038	-1.6444839023126878
current_XTX	8.0	104	xptar	mrad	40467	24957	1.7917483300871062	2.560882806495825	4.433070121404636
current_XTX	8.0	104	ytar	cm	40467	24957	0.1613887729183124	0.2725199441825465	27.041069422687556
current_XTX	8.0	104	yptar	mrad	40467	24957	1.1971160232067177	1.1807348509587319	-0.0492573907147964
current_XTX	8.0	105	xptar	mrad	40467	24957	1.7917309026835173	2.566810943132624	4.674820156786863
current_XTX	8.0	105	ytar	cm	40467	24957	0.16129939690454753	0.27694677517125527	29.104732486490104
current_XTX	8.0	105	yptar	mrad	40467	24957	1.1969434296687163	1.1829091710229231	0.13480163397625589
current_XTX	8.0	106	xptar	mrad	40467	24957	1.79157143268234	2.5529414810328044	4.1092220340056995
current_XTX	8.0	106	ytar	cm	40467	24957	0.15947853088124095	0.2910222147717423	35.66630325447222
current_XTX	8.0	106	yptar	mrad	40467	24957	1.1902654661153935	1.1980656363857538	1.4178161626968722
current_XTX	8.0	107	xptar	mrad	40467	24957	1.7902957532296904	2.1040596412143193	-14.19622659295997
current_XTX	8.0	107	ytar	cm	40467	24957	0.15956157718284028	0.2710628664032845	26.361821084131144
current_XTX	8.0	107	yptar	mrad	40467	24957	1.1895259527766011	1.22133995363199	3.388017423883083
current_XTX	8.0	108	xptar	mrad	40467	24957	1.7902180681865907	2.1054602907869326	-14.139107956112863
current_XTX	8.0	108	ytar	cm	40467	24957	0.15963514069732393	0.2694004330946802	25.586841821594987
current_XTX	8.0	108	yptar	mrad	40467	24957	1.189684018590887	1.2200325769224836	3.2773462830429922
current_XTX	8.0	109	xptar	mrad	40467	24957	1.7904493197800506	2.109007351757225	-13.994458436776858
current_XTX	8.0	109	ytar	cm	40467	24957	0.15969253714513257	0.2642090639512882	23.16677275207144
current_XTX	8.0	109	yptar	mrad	40467	24957	1.1896584790341984	1.2183384676000022	3.133937722936686
current_XTX	8.0	110	xptar	mrad	40467	24957	1.7904202235915943	2.1096450677441267	-13.968452311776257
current_XTX	8.0	110	ytar	cm	40467	24957	0.1596736748078029	0.2666101698374816	24.286100221824604
current_XTX	8.0	110	yptar	mrad	40467	24957	1.1893360271964022	1.222486302295226	3.485057330926189
current_XTX	8.0	111	xptar	mrad	40467	24957	1.7893030750558374	2.422539911643292	-1.2085676772035536
current_XTX	8.0	111	ytar	cm	40467	24957	0.1591116858453033	0.21560920874710054	0.5108985280843248
current_XTX	8.0	111	yptar	mrad	40467	24957	1.1898391724518949	1.1724313295153945	-0.7521612931953525
current_XTX	8.0	112	xptar	mrad	40467	24957	1.7892221260407621	2.4408994601807104	-0.4598633573720923
current_XTX	8.0	112	ytar	cm	40467	24957	0.15914980025846026	0.21373311571540143	-0.36368283805545687
current_XTX	8.0	112	yptar	mrad	40467	24957	1.1899165877335072	1.1732090443628893	-0.6863267186655531
current_XTX	8.0	113	xptar	mrad	40467	24957	1.7891104210126922	2.3665898524250033	-3.490216975179661
current_XTX	8.0	113	ytar	cm	40467	24957	0.15908863724835903	0.20766385301936907	-3.1930009851144248
current_XTX	8.0	113	yptar	mrad	40467	24957	1.1899510043877257	1.1583556073408436	-1.9436895037550639
current_XTX	8.0	114	xptar	mrad	40467	24957	1.7887177847517621	2.4159683092980626	-1.476558311834908
current_XTX	8.0	114	ytar	cm	40467	24957	0.1588993392139309	0.21031621857253296	-1.9565433842420044
current_XTX	8.0	114	yptar	mrad	40467	24957	1.1892267587669874	1.1736779352946822	-0.6466344907302135
current_XTX	8.0	115	xptar	mrad	40467	24957	1.7887604805311383	2.420152896727046	-1.30591039647866
current_XTX	8.0	115	ytar	cm	40467	24957	0.15892527373501777	0.20413067281024933	-4.840069399046653
current_XTX	8.0	115	yptar	mrad	40467	24957	1.188788136862657	1.1679852280488012	-1.128529571764747
current_XTX	8.0	116	xptar	mrad	40467	24957	1.7887516884235117	2.40898361265369	-1.761394975421482
current_XTX	8.0	116	ytar	cm	40467	24957	0.15849695985687823	0.21521326834473978	0.32632234121312553
current_XTX	8.0	116	yptar	mrad	40467	24957	1.187431914878994	1.1774775555001245	-0.32499169272283135
current_XTX	8.0	117	xptar	mrad	40467	24957	1.7886877236401808	2.4269721568583047	-1.027820251292233
current_XTX	8.0	117	ytar	cm	40467	24957	0.1586254723996941	0.2120284251595573	-1.1583612308564195
current_XTX	8.0	117	yptar	mrad	40467	24957	1.1875575284865	1.1810487649363384	-0.022684163752173525
current_XTX	8.0	118	xptar	mrad	40467	24957	1.7880088763476991	2.439946899122662	-0.498708897479494
current_XTX	8.0	118	ytar	cm	40467	24957	0.15835808107965407	0.21007802935704437	-2.0675804415531296
current_XTX	8.0	118	yptar	mrad	40467	24957	1.1873895935959096	1.1747496562118611	-0.5559119195661988
current_XTX	8.0	119	xptar	mrad	40467	24957	1.7879057506896148	2.429260721376764	-0.9344923495907764
current_XTX	8.0	119	ytar	cm	40467	24957	0.15836623978018438	0.21110282944277062	-1.5898477045028225
current_XTX	8.0	119	yptar	mrad	40467	24957	1.1873146431886727	1.173752896352001	-0.6402889396187939
current_XTX	8.0	120	xptar	mrad	40467	24957	1.7888248813596257	2.3990431342149674	-2.1667687313771222
current_XTX	8.0	120	ytar	cm	40467	24957	0.15860894000620993	0.2170890896933768	1.2007770564141929
current_XTX	8.0	120	yptar	mrad	40467	24957	1.1875570181026758	1.1754058543712504	-0.5003638909156005
current_XTX	8.0	121	xptar	mrad	40467	24957	1.7890684562220682	2.4141693905262525	-1.549918408502593
current_XTX	8.0	121	ytar	cm	40467	24957	0.15858207545063555	0.21287341035220894	-0.7644530974799779
current_XTX	8.0	121	yptar	mrad	40467	24957	1.1874228591835791	1.1740385056468807	-0.6161117409055006
current_XTX	8.0	122	xptar	mrad	40467	24957	1.7885987535014232	2.414071701095694	-1.5539021937526543
current_XTX	8.0	122	ytar	cm	40467	24957	0.15857703650169178	0.21337116068240702	-0.5324160095393493
current_XTX	8.0	122	yptar	mrad	40467	24957	1.187505618990574	1.1776816710786278	-0.3077130432165731
current_XTX	8.0	123	xptar	mrad	40467	24957	1.78796486238318	2.4495523876131604	-0.10699606683606255
current_XTX	8.0	123	ytar	cm	40467	24957	0.15843837981787906	0.20615855854294224	-3.8947265804830766
current_XTX	8.0	123	yptar	mrad	40467	24957	1.1873035231586555	1.1719978751845157	-0.788853766720099
current_XTX	8.0	124	xptar	mrad	40467	24957	1.7886974948124024	2.4238039043865642	-1.1570219202262089
current_XTX	8.0	124	ytar	cm	40467	24957	0.15858606242720005	0.21486295253231807	0.1630150442766709
current_XTX	8.0	124	yptar	mrad	40467	24957	1.1873546084202997	1.1822532649177666	0.07927832809675461
current_XTX	8.0	125	xptar	mrad	40467	24957	1.788007461664823	2.4469693203000396	-0.21233382347030094
current_XTX	8.0	125	ytar	cm	40467	24957	0.15834121408137278	0.20489785599167512	-4.482430356870182
current_XTX	8.0	125	yptar	mrad	40467	24957	1.187072298952297	1.1701212885338765	-0.9477092702649959
current_XTX	8.0	126	xptar	mrad	40467	24957	1.787976076687229	2.4521761196130396	0.0
current_XTX	8.0	126	ytar	cm	40467	24957	0.15849583604040576	0.21451326364061502	0.0
current_XTX	8.0	126	yptar	mrad	40467	24957	1.1875409193059716	1.1813167367593367	0.0
current_XTX	8.0	127	xptar	mrad	40467	24957	1.788134048246212	2.4148067867673118	-1.523925322771058
current_XTX	8.0	127	ytar	cm	40467	24957	0.15849299728085048	0.21073666497067248	-1.76054319711888
current_XTX	8.0	127	yptar	mrad	40467	24957	1.1875067273546938	1.1748703454482623	-0.5456954185512175
current_XTX	8.0	128	xptar	mrad	40467	24957	1.7846145929547932	2.4023317871920304	-2.0326571171761842
current_XTX	8.0	128	ytar	cm	40467	24957	0.15850808289142276	0.21869570620140616	1.9497361094641619
current_XTX	8.0	128	yptar	mrad	40467	24957	1.1873312528402833	1.179884627780399	-0.12122988986564831
current_XTX	8.0	129	xptar	mrad	40467	24957	1.7590382859951599	2.3537036163982976	-4.0157190353146905
current_XTX	8.0	129	ytar	cm	40467	24957	0.15854629263878267	0.2169989319657551	1.158748080633587
current_XTX	8.0	129	yptar	mrad	40467	24957	1.1873920028418132	1.1754740427541088	-0.49459165551619666
current_XTX	8.0	130	xptar	mrad	40467	24957	1.7588583737973553	2.34895608066051	-4.209324041897034
current_XTX	8.0	130	ytar	cm	40467	24957	0.15849296472898464	0.21436582490385658	-0.06873175777393215
current_XTX	8.0	130	yptar	mrad	40467	24957	1.18763129585515	1.1760560729614817	-0.44532204058044256
current_XTX	8.0	131	xptar	mrad	40467	24957	1.7585830655031178	2.3920209399116015	-2.4531345534402615
current_XTX	8.0	131	ytar	cm	40467	24957	0.15841563075242507	0.20794580997295342	-3.0615606495383862
current_XTX	8.0	131	yptar	mrad	40467	24957	1.1874540436334626	1.175896310741202	-0.45884612055903107
current_XTX	8.0	132	xptar	mrad	40467	24957	1.7591056104159237	2.377027750894168	-3.064558378079718
current_XTX	8.0	132	ytar	cm	40467	24957	0.15861410188423233	0.21316671540474916	-0.6277225999981928
current_XTX	8.0	132	yptar	mrad	40467	24957	1.187564013286355	1.1797950668530273	-0.128811338988033
current_XTX	8.0	133	xptar	mrad	40467	24957	1.7586074258459676	2.3938108962781754	-2.38013994460049
current_XTX	8.0	133	ytar	cm	40467	24957	0.1583541578706624	0.2082644469310622	-2.913021136083116
current_XTX	8.0	133	yptar	mrad	40467	24957	1.1873987344190358	1.17638521739642	-0.4174595355725841
current_XTX	8.0	134	xptar	mrad	40467	24957	1.7583797216260117	2.3949234402870894	-2.3347702829348504
current_XTX	8.0	134	ytar	cm	40467	24957	0.1583757335821873	0.20984175735038516	-2.1777237504792546
current_XTX	8.0	134	yptar	mrad	40467	24957	1.1874183939674616	1.176389683022262	-0.41708151453021536
current_XTX	8.0	135	xptar	mrad	40467	24957	1.758484869854022	2.4076582306761654	-1.8154441918266206
current_XTX	8.0	135	ytar	cm	40467	24957	0.1583061349801134	0.21143011597163378	-1.4372760064601864
current_XTX	8.0	135	yptar	mrad	40467	24957	1.1871950497943509	1.1756875880585946	-0.47651476742675003
current_XTX	8.0	136	xptar	mrad	40467	24957	1.759673808354172	2.358962486844373	-3.80126174556239
current_XTX	8.0	136	ytar	cm	40467	24957	0.15834590265714502	0.21431746329313647	-0.09127656917595761
current_XTX	8.0	136	yptar	mrad	40467	24957	1.18748364147885	1.1782879921099287	-0.2563871784053928
current_XTX	8.0	137	xptar	mrad	40467	24957	1.759482332777965	2.3597125298927857	-3.770674911182359
current_XTX	8.0	137	ytar	cm	40467	24957	0.15835547797484964	0.21606565955916276	0.7236829519076116
current_XTX	8.0	137	yptar	mrad	40467	24957	1.1875775081879123	1.1771356888691005	-0.3539311481953522
current_XTX	8.0	138	xptar	mrad	40467	24957	1.7597567870982718	2.375068048400888	-3.144475251815093
current_XTX	8.0	138	ytar	cm	40467	24957	0.15847771214259673	0.212963879210483	-0.7222790814127911
current_XTX	8.0	138	yptar	mrad	40467	24957	1.1875065786913295	1.1744209291324772	-0.5837390948829291
current_XTX	8.0	139	xptar	mrad	40467	24957	1.7595195477882728	2.377213828383901	-3.0569701184826825
current_XTX	8.0	139	ytar	cm	40467	24957	0.15829200308983032	0.2112478955624955	-1.5222219935034587
current_XTX	8.0	139	yptar	mrad	40467	24957	1.1873280230853043	1.17484550325107	-0.5477983428914146
current_XTX	8.0	140	xptar	mrad	40467	24957	1.7598517467155175	2.3604169715345753	-3.7419477069593254
current_XTX	8.0	140	ytar	cm	40467	24957	0.15843081981704968	0.21670183406040816	1.0202494627370884
current_XTX	8.0	140	yptar	mrad	40467	24957	1.18728409709877	1.1778053633172831	-0.2972423341504604
current_XTX	8.0	141	xptar	mrad	40467	24957	1.7593123872970844	2.407509055634962	-1.8215275656923935
current_XTX	8.0	141	ytar	cm	40467	24957	0.1582303177740804	0.2028333495065303	-5.444844731677135
current_XTX	8.0	141	yptar	mrad	40467	24957	1.1867186112652306	1.172197354984117	-0.7719675419343153
current_XTX	8.0	142	xptar	mrad	40467	24957	1.7596041529390576	2.3533188945494747	-4.03140803276254
current_XTX	8.0	142	ytar	cm	40467	24957	0.15834714983090378	0.20691630849936243	-3.5414850402817777
current_XTX	8.0	142	yptar	mrad	40467	24957	1.1866452634952256	1.1702964193968652	-0.9328842146690497
current_XTX	8.0	143	xptar	mrad	40467	24957	1.7592932643816284	2.3716181707546116	-3.2851616249790494
current_XTX	8.0	143	ytar	cm	40467	24957	0.15826128917890953	0.2032066162270204	-5.27083837227763
current_XTX	8.0	143	yptar	mrad	40467	24957	1.1866454034273504	1.169428185618331	-1.006381334579165
current_XTX	8.0	144	xptar	mrad	40467	24957	1.7593276008434164	2.369701927205848	-3.363306238387398
current_XTX	8.0	144	ytar	cm	40467	24957	0.15825036567875841	0.20738465496995098	-3.3231551978095686
current_XTX	8.0	144	yptar	mrad	40467	24957	1.1867164787320466	1.1734865109543686	-0.6628388103980032
current_XTX	8.0	145	xptar	mrad	40467	24957	1.759292014971719	2.346257294734631	-4.31938081572717
current_XTX	8.0	145	ytar	cm	40467	24957	0.15824669936814556	0.20612734208167385	-3.9092788094402087
current_XTX	8.0	145	yptar	mrad	40467	24957	1.186664402305904	1.1682678954996553	-1.1046014039788998
current_XTX	8.0	146	xptar	mrad	40467	24957	1.7580714287906145	2.328772515572812	-5.032411948441173
current_XTX	8.0	146	ytar	cm	40467	24957	0.1582283963108736	0.20624724132375233	-3.8533851830771515
current_XTX	8.0	146	yptar	mrad	40467	24957	1.1862274669148891	1.1737909734347627	-0.6370656649815287
current_XTX	8.0	147	xptar	mrad	40467	24957	1.758136139769198	2.3296512796869226	-4.996575855467178
current_XTX	8.0	147	ytar	cm	40467	24957	0.15838030030621886	0.20051890401127048	-6.523773584830628
current_XTX	8.0	147	yptar	mrad	40467	24957	1.1861273487499089	1.1710461805785635	-0.8694159543483737
current_XTX	8.0	148	xptar	mrad	40467	24957	1.758159809954286	2.339385545766815	-4.599611461187514
current_XTX	8.0	148	ytar	cm	40467	24957	0.15841062402750877	0.20091869173950316	-6.337403883746573
current_XTX	8.0	148	yptar	mrad	40467	24957	1.1861999531391774	1.1723677536616526	-0.7575430719989229
current_XTX	8.0	149	xptar	mrad	40467	24957	1.7585089302501746	2.3139492831239754	-5.6369049263426
current_XTX	8.0	149	ytar	cm	40467	24957	0.1583807006775721	0.2032866745726623	-5.233517441961622
current_XTX	8.0	149	yptar	mrad	40467	24957	1.1868476277487603	1.1812447851971595	-0.006090793428914498
current_XTX	8.0	150	xptar	mrad	40467	24957	1.758576789523719	2.2952694420213984	-6.398670810659457
current_XTX	8.0	150	ytar	cm	40467	24957	0.15850156269801244	0.2164324503409211	0.8946704123253602
current_XTX	8.0	150	yptar	mrad	40467	24957	1.1864218537403453	1.183876877383098	0.21671923744892574
current_XTX	8.0	151	xptar	mrad	40467	24957	1.759045033545385	2.276144294965663	-7.178596318569275
current_XTX	8.0	151	ytar	cm	40467	24957	0.15868681313403923	0.2210252912042052	3.0357225716821423
current_XTX	8.0	151	yptar	mrad	40467	24957	1.1864030025525074	1.1871043238662669	0.489926784818695
current_XTX	8.0	152	xptar	mrad	40467	24957	1.7588877872237254	2.2556717798687895	-8.013467636870185
current_XTX	8.0	152	ytar	cm	40467	24957	0.15861489485341332	0.2311751617095404	7.767304355053728
current_XTX	8.0	152	yptar	mrad	40467	24957	1.1848093507696307	1.2071566771246232	2.187384599000275
current_XTX	8.0	153	xptar	mrad	40467	24957	1.7589397288467705	2.235674614147778	-8.828954157641267
current_XTX	8.0	153	ytar	cm	40467	24957	0.1584523288727275	0.22812550731790052	6.345641964634319
current_XTX	8.0	153	yptar	mrad	40467	24957	1.1835294470841873	1.2067134491703415	2.149864775527921
current_XTX	8.0	154	xptar	mrad	40467	24957	1.7574471843250592	2.26183002742201	-7.762333654120523
current_XTX	8.0	154	ytar	cm	40467	24957	0.1581593493984164	0.22959160931464812	7.029097137459361
current_XTX	8.0	154	yptar	mrad	40467	24957	1.181214704163497	1.2015886029529543	1.7160398699868296
current_XTX	8.0	155	xptar	mrad	40467	24957	1.7575127043773744	2.2579393446921885	-7.9209961049413575
current_XTX	8.0	155	ytar	cm	40467	24957	0.15826999665039865	0.23695583147202273	10.46208866087035
current_XTX	8.0	155	yptar	mrad	40467	24957	1.1810344118346237	1.1985566146886937	1.4593781153605434
current_XTX	8.0	156	xptar	mrad	40467	24957	1.7549809079459588	2.1625526552251997	-11.81087533115457
current_XTX	8.0	156	ytar	cm	40467	24957	0.15798890394262077	0.22810749270710914	6.337244063970426
current_XTX	8.0	156	yptar	mrad	40467	24957	1.180824883692495	1.2274084070491713	3.901719907590251
current_XTX	8.0	157	xptar	mrad	40467	24957	1.7550373494811806	2.127446445805649	-13.242510242642524
current_XTX	8.0	157	ytar	cm	40467	24957	0.1581669424235451	0.23488383573512006	9.49618300928603
current_XTX	8.0	157	yptar	mrad	40467	24957	1.1807069797601362	1.2270122654210034	3.868186002936147
current_XTX	8.0	158	xptar	mrad	40467	24957	1.755099153281935	2.1607014757639655	-11.886366624232092
current_XTX	8.0	158	ytar	cm	40467	24957	0.15802958208931706	0.22524289193675556	5.001848423748956
current_XTX	8.0	158	yptar	mrad	40467	24957	1.1805523592510279	1.2218517132494233	3.43133854187867
current_XTX	8.0	159	xptar	mrad	40467	24957	1.7549030786373936	2.1262519147903194	-13.291223343050584
current_XTX	8.0	159	ytar	cm	40467	24957	0.15802831351654234	0.22599643757973795	5.353130032258191
current_XTX	8.0	159	yptar	mrad	40467	24957	1.1807168748568349	1.2131739039110447	2.696750681709692
current_XTX	8.0	160	xptar	mrad	40467	24957	1.7551741217708667	2.131810014239943	-13.064563463070144
current_XTX	8.0	160	ytar	cm	40467	24957	0.15816487520539557	0.23442983784721347	9.284542069140155
current_XTX	8.0	160	yptar	mrad	40467	24957	1.1807094251950636	1.2276542616815833	3.9225318223597316
current_XTX	8.0	161	xptar	mrad	40467	24957	1.7547741660337044	2.096832442046028	-14.490952534970692
current_XTX	8.0	161	ytar	cm	40467	24957	0.1580147666363555	0.22006282430066162	2.5870477964216043
current_XTX	8.0	161	yptar	mrad	40467	24957	1.1806035963219181	1.2196695969886664	3.246619558996655
current_XTX	8.0	162	xptar	mrad	40467	24957	1.7549742340438697	2.0804813810502325	-15.157750521665692
current_XTX	8.0	162	ytar	cm	40467	24957	0.15809695089040787	0.21923713162800454	2.2021332887385725
current_XTX	8.0	162	yptar	mrad	40467	24957	1.1805595111308462	1.2157894205214994	2.9181575685391925
current_XTX	8.0	163	xptar	mrad	40467	24957	1.754434616194312	2.0830987442682103	-15.051014174425237
current_XTX	8.0	163	ytar	cm	40467	24957	0.15808772814107502	0.22160426013431875	3.3056214675767803
current_XTX	8.0	163	yptar	mrad	40467	24957	1.1806395264599596	1.2159401585931087	2.930917742582162
current_XTX	8.0	164	xptar	mrad	40467	24957	1.7551087698700039	2.0737335281150906	-15.432928673886126
current_XTX	8.0	164	ytar	cm	40467	24957	0.15819043759984408	0.2296361534034659	7.049862328413892
current_XTX	8.0	164	yptar	mrad	40467	24957	1.1808624887027008	1.2311542974548229	4.218814408081939
current_XTX	8.0	165	xptar	mrad	40467	24957	1.7545825884277593	2.078441075735463	-15.240954386936655
current_XTX	8.0	165	ytar	cm	40467	24957	0.15816833734680164	0.22367797985000182	4.27233078917717
current_XTX	8.0	165	yptar	mrad	40467	24957	1.1805788892892357	1.222143315472491	3.4560230497666877
current_XTX	8.0	166	xptar	mrad	40467	24957	1.7533217086017487	2.041387229487066	-16.75201413309567
current_XTX	8.0	166	ytar	cm	40467	24957	0.1578802786563977	0.2162442170188414	0.8069213757925686
current_XTX	8.0	166	yptar	mrad	40467	24957	1.180005778062148	1.2222875315530712	3.4682311287765444
current_XTX	8.0	167	xptar	mrad	40467	24957	1.7528752704098856	2.0161838933234693	-17.77980883193542
current_XTX	8.0	167	ytar	cm	40467	24957	0.15794457679090873	0.21722269438951325	1.2630597767779417
current_XTX	8.0	167	yptar	mrad	40467	24957	1.179758588774398	1.2218048625412816	3.427372568428555
current_XTX	8.0	168	xptar	mrad	40467	24957	1.752776277583619	2.0304721368140717	-17.197132760003964
current_XTX	8.0	168	ytar	cm	40467	24957	0.15786657766182197	0.21940437086176162	2.2800954766792003
current_XTX	8.0	168	yptar	mrad	40467	24957	1.1798496729262924	1.2227537319187491	3.507695596786764
current_XTX	8.0	169	xptar	mrad	40467	24957	1.7528284140240522	2.0272675094190347	-17.327817802134724
current_XTX	8.0	169	ytar	cm	40467	24957	0.1579025366321168	0.21537337968834885	0.4009617089108408
current_XTX	8.0	169	yptar	mrad	40467	24957	1.1797701989850597	1.2227189723540275	3.504753154371465
current_XTX	8.0	170	xptar	mrad	40467	24957	1.752727266034377	1.9902884947436403	-18.83582590887829
current_XTX	8.0	170	ytar	cm	40467	24957	0.15752570139825386	0.19891453345511845	-7.271685638809688
current_XTX	8.0	170	yptar	mrad	40467	24957	1.1800828722582741	1.2002062876277941	1.5990250777514925
current_XTX	8.0	171	xptar	mrad	40467	24957	1.752584584370418	1.984080950303627	-19.08897022385486
current_XTX	8.0	171	ytar	cm	40467	24957	0.15763483743463055	0.2041757569007372	-4.81905247462776
current_XTX	8.0	171	yptar	mrad	40467	24957	1.1809342950464043	1.194868386341984	1.1471647832420606
current_XTX	8.0	172	xptar	mrad	40467	24957	1.751883296179261	2.006421978404981	-18.177900748760244
current_XTX	8.0	172	ytar	cm	40467	24957	0.15739435299486026	0.1986165281452125	-7.410607262977975
current_XTX	8.0	172	yptar	mrad	40467	24957	1.1804006475163809	1.20018389577357	1.5971295781342265
current_XTX	8.0	173	xptar	mrad	40467	24957	1.7525504847208473	2.017859188708243	-17.711490109989867
current_XTX	8.0	173	ytar	cm	40467	24957	0.15692039896498247	0.22274523694752296	3.8375125002523713
current_XTX	8.0	173	yptar	mrad	40467	24957	1.180146153258425	1.2221484317775477	3.4564561516518655
current_XTX	8.0	174	xptar	mrad	40467	24957	1.7522231893291427	1.9839530958910174	-19.094184140244753
current_XTX	8.0	174	ytar	cm	40467	24957	0.15698117917830853	0.2215161643706907	3.2645537209335496
current_XTX	8.0	174	yptar	mrad	40467	24957	1.1802478204363427	1.2126667760923275	2.653821651506627
current_XTX	8.0	175	xptar	mrad	40467	24957	1.7527258429287134	1.9791285079031702	-19.290931345686445
current_XTX	8.0	175	ytar	cm	40467	24957	0.15697600211712612	0.2242575861768379	4.542526821347526
current_XTX	8.0	175	yptar	mrad	40467	24957	1.1818949257384863	1.203925586043979	1.9138685317084736
current_XTX	8.0	176	xptar	mrad	40467	24957	1.7526855824649685	1.8649554072483439	-23.946922395499104
current_XTX	8.0	176	ytar	cm	40467	24957	0.1569075971413665	0.2265484905083147	5.610481451563243
current_XTX	8.0	176	yptar	mrad	40467	24957	1.1804161857372575	1.1670386745552808	-1.2086565575312513
current_XTX	8.0	177	xptar	mrad	40467	24957	1.7527110349814001	1.8533602496958856	-24.41977413969959
current_XTX	8.0	177	ytar	cm	40467	24957	0.15689552789808658	0.23215741340148424	8.2252022375779
current_XTX	8.0	177	yptar	mrad	40467	24957	1.1805100591212414	1.1668635369828393	-1.2234821810911067
current_XTX	8.0	178	xptar	mrad	40467	24957	1.7527218925264942	1.8755052674600545	-23.516697986765543
current_XTX	8.0	178	ytar	cm	40467	24957	0.15688548466525384	0.22686971077242277	5.760225229013871
current_XTX	8.0	178	yptar	mrad	40467	24957	1.1805710780655994	1.1643635345523058	-1.4351106421752746
current_XTX	8.0	179	xptar	mrad	40467	24957	1.752617278732616	1.8647465685999698	-23.955438857538823
current_XTX	8.0	179	ytar	cm	40467	24957	0.15685264431802318	0.22287390568431634	3.897494216352193
current_XTX	8.0	179	yptar	mrad	40467	24957	1.1805428739541268	1.1672041988577984	-1.1946447097882285
current_XTX	8.0	180	xptar	mrad	40467	24957	1.752453954938476	1.8566105890853164	-24.287224957630904
current_XTX	8.0	180	ytar	cm	40467	24957	0.1568932415413353	0.22667265911447015	5.668365334381553
current_XTX	8.0	180	yptar	mrad	40467	24957	1.1805827901008161	1.1675978815972925	-1.1613189532621582
current_XTX	8.0	181	xptar	mrad	40467	24957	1.752698064474643	1.8635850436238557	-24.00280596819715
current_XTX	8.0	181	ytar	cm	40467	24957	0.15689897232355154	0.22469000718381704	4.7441092315166244
current_XTX	8.0	181	yptar	mrad	40467	24957	1.1805531687877353	1.1698400113290854	-0.9715197519113206
current_XTX	8.0	182	xptar	mrad	40467	24957	1.7527181723198348	1.8543735238515957	-24.378452713085665
current_XTX	8.0	182	ytar	cm	40467	24957	0.15691899750008723	0.2280418310565669	6.306634464625449
current_XTX	8.0	182	yptar	mrad	40467	24957	1.1806548141089637	1.1727138582186059	-0.7282448705781319
current_XTX	8.0	183	xptar	mrad	40467	24957	1.752778300368249	1.8716931769551428	-23.672155438390728
current_XTX	8.0	183	ytar	cm	40467	24957	0.1568447529676191	0.22991326251688451	7.179042738387453
current_XTX	8.0	183	yptar	mrad	40467	24957	1.1803228458479962	1.1709871542893224	-0.8744126065927893
current_XTX	8.0	184	xptar	mrad	40467	24957	1.7526577088451027	1.880597279352658	-23.309045206368715
current_XTX	8.0	184	ytar	cm	40467	24957	0.1569445720612423	0.22983450206839712	7.142326850917047
current_XTX	8.0	184	yptar	mrad	40467	24957	1.1807015800250438	1.1745743452361794	-0.5707522219361216
current_XTX	8.0	185	xptar	mrad	40467	24957	1.7526519384713792	1.8725344502114096	-23.637848226541703
current_XTX	8.0	185	ytar	cm	40467	24957	0.15684111790401295	0.22320365468558187	4.051213849194113
current_XTX	8.0	185	yptar	mrad	40467	24957	1.1804072505032348	1.166318673019732	-1.2696056250543264
current_XTX	8.0	186	xptar	mrad	40467	24957	1.75270135649111	1.8532375821514757	-24.42477653505891
current_XTX	8.0	186	ytar	cm	40467	24957	0.15691746796232175	0.22626769288979437	5.4795815651157875
current_XTX	8.0	186	yptar	mrad	40467	24957	1.1806404276363085	1.1717637893392403	-0.8086694383339199
current_XTX	8.0	187	xptar	mrad	40467	24957	1.7527228605871272	1.8649736692500345	-23.946177669149936
current_XTX	8.0	187	ytar	cm	40467	24957	0.15688392429074519	0.23009868392904345	7.2654809422598055
current_XTX	8.0	187	yptar	mrad	40467	24957	1.180448592507847	1.1700781987806899	-0.951356873980902
current_XTX	8.0	188	xptar	mrad	40467	24957	1.7523687279415223	1.8669512746762549	-23.865530711926798
current_XTX	8.0	188	ytar	cm	40467	24957	0.1567953746147082	0.2199581393939868	2.5382466617513533
current_XTX	8.0	188	yptar	mrad	40467	24957	1.1804292589596432	1.1659889483338517	-1.2975172490599873
current_XTX	8.0	189	xptar	mrad	40467	24957	1.75249318062475	1.8583810044931615	-24.215027231142795
current_XTX	8.0	189	ytar	cm	40467	24957	0.15689269201121667	0.22742498510758452	6.019078376711096
current_XTX	8.0	189	yptar	mrad	40467	24957	1.1805650247360666	1.17104611868946	-0.8694211933415574
current_XTX	8.0	190	xptar	mrad	40467	24957	1.7528103832964474	1.85650896035171	-24.29136938807346
current_XTX	8.0	190	ytar	cm	40467	24957	0.15694374202766792	0.2321395761116311	8.21688699890668
current_XTX	8.0	190	yptar	mrad	40467	24957	1.180540393740689	1.174751562218225	-0.5557505736456192
current_XTX	8.0	191	xptar	mrad	40467	24957	1.752705788838745	1.859050220049327	-24.187736550395467
current_XTX	8.0	191	ytar	cm	40467	24957	0.15685751033543688	0.22676672955409455	5.7122183055349
current_XTX	8.0	191	yptar	mrad	40467	24957	1.1803735366755783	1.1703610885091074	-0.927409890109876
current_XTX	8.0	192	xptar	mrad	40467	24957	1.7526596321846308	1.8744998910394466	-23.557697342911567
current_XTX	8.0	192	ytar	cm	40467	24957	0.15685067934606092	0.22289139296767252	3.9056462919205837
current_XTX	8.0	192	yptar	mrad	40467	24957	1.1805447300867453	1.1695728078410141	-0.9941388751114499
current_XTX	8.0	193	xptar	mrad	40467	24957	1.7528089396016555	1.8637306587595486	-23.996867767652407
current_XTX	8.0	193	ytar	cm	40467	24957	0.15681764854765562	0.21876019392575033	1.9797984577076821
current_XTX	8.0	193	yptar	mrad	40467	24957	1.1805837176825567	1.1710704656343223	-0.8673601927559837
current_XTX	8.0	194	xptar	mrad	40467	24957	1.7527145664543953	1.8627596830783504	-24.036464258028122
current_XTX	8.0	194	ytar	cm	40467	24957	0.1568616298012599	0.2241086917474369	4.47311646094648
current_XTX	8.0	194	yptar	mrad	40467	24957	1.1804841073156007	1.1710168919850006	-0.8718952719311557
current_XTX	8.0	195	xptar	mrad	40467	24957	1.752789280477505	1.8829457548756203	-23.213274127604077
current_XTX	8.0	195	ytar	cm	40467	24957	0.1568378967784116	0.23891414638584654	11.3749995366774
current_XTX	8.0	195	yptar	mrad	40467	24957	1.1801556102210742	1.182304357127701	0.08360335019663712
current_XTX	8.0	196	xptar	mrad	40467	24957	1.7526672030919135	1.8596737596895876	-24.162308538301502
current_XTX	8.0	196	ytar	cm	40467	24957	0.15692020641868706	0.23396656516020425	9.068577480682194
current_XTX	8.0	196	yptar	mrad	40467	24957	1.1804876201004841	1.1797249566707562	-0.13474625721017208
current_XTX	8.0	197	xptar	mrad	40467	24957	1.752676722202575	1.854976896093654	-24.353847129610962
current_XTX	8.0	197	ytar	cm	40467	24957	0.15686820919301925	0.22786265123709554	6.223105914254989
current_XTX	8.0	197	yptar	mrad	40467	24957	1.1803922267655433	1.1702718551126365	-0.9349636133150208
current_XTX	8.0	198	xptar	mrad	40467	24957	1.7527122339224215	1.8844329082066769	-23.152627858391927
current_XTX	8.0	198	ytar	cm	40467	24957	0.15685066381354282	0.2294039793906048	6.941629387978998
current_XTX	8.0	198	yptar	mrad	40467	24957	1.1803970724606503	1.1684176295237743	-1.091926223863393
current_XTX	8.0	199	xptar	mrad	40467	24957	1.7527853144197212	1.8396760581986875	-24.977816907824966
current_XTX	8.0	199	ytar	cm	40467	24957	0.15682176074803342	0.21942889240090238	2.2915267228057035
current_XTX	8.0	199	yptar	mrad	40467	24957	1.1803619903635363	1.1669278012341144	-1.2180421285399645
current_XTX	8.0	200	xptar	mrad	40467	24957	1.752715624111626	1.8555756921905602	-24.329428161816725
current_XTX	8.0	200	ytar	cm	40467	24957	0.15687303028123017	0.22901213108896085	6.758960822411675
current_XTX	8.0	200	yptar	mrad	40467	24957	1.180446999901269	1.1728151794247343	-0.7196678985455174
current_XTX	8.0	201	xptar	mrad	40467	24957	1.752741545539197	1.8743308450203209	-23.56459105734642
current_XTX	8.0	201	ytar	cm	40467	24957	0.15684404959212472	0.22894309690074852	6.7267790416486895
current_XTX	8.0	201	yptar	mrad	40467	24957	1.18038741467851	1.1691087527185438	-1.0334217454907701
current_XTX	8.0	202	xptar	mrad	40467	24957	1.7527607760823585	1.8825997236414969	-23.22738531771623
current_XTX	8.0	202	ytar	cm	40467	24957	0.15681933302105938	0.22231770895401567	3.638211074199993
current_XTX	8.0	202	yptar	mrad	40467	24957	1.180329692142517	1.1667516003232894	-1.2329577650785906
current_XTX	8.0	203	xptar	mrad	40467	24957	1.7529593062822841	1.8711006098119138	-23.69632038879904
current_XTX	8.0	203	ytar	cm	40467	24957	0.15694446843206966	0.23249639874566033	8.38322759154575
current_XTX	8.0	203	yptar	mrad	40467	24957	1.179932282308801	1.17906300322973	-0.19078147794546751
current_XTX	8.0	204	xptar	mrad	40467	24957	1.752915760956635	1.8675808036173878	-23.839858455513497
current_XTX	8.0	204	ytar	cm	40467	24957	0.15689747885438307	0.22707437781076945	5.855635198016795
current_XTX	8.0	204	yptar	mrad	40467	24957	1.1804776302586084	1.1685362641595756	-1.0818836474645543
current_XTX	8.0	205	xptar	mrad	40467	24957	1.7529014058124424	1.8540960933117514	-24.38976635967187
current_XTX	8.0	205	ytar	cm	40467	24957	0.15698487876007478	0.23312189997643343	8.674818526370665
current_XTX	8.0	205	yptar	mrad	40467	24957	1.1805779979141258	1.1750113603725552	-0.533758321589417
current_XTX	8.0	206	xptar	mrad	40467	24957	1.7526848111160533	1.8720581051110237	-23.657273629822328
current_XTX	8.0	206	ytar	cm	40467	24957	0.15686779602081402	0.22773404463330232	6.163153162797785
current_XTX	8.0	206	yptar	mrad	40467	24957	1.1804176058925866	1.1709944951431834	-0.8737911937546805
current_XTX	8.0	207	xptar	mrad	40467	24957	1.752776621762852	1.8664221388417936	-23.887108926893863
current_XTX	8.0	207	ytar	cm	40467	24957	0.15692189735143003	0.23344844991545957	8.827046847120679
current_XTX	8.0	207	yptar	mrad	40467	24957	1.180259960566284	1.173300307831909	-0.678601147175717
current_XTX	8.0	208	xptar	mrad	40467	24957	1.7525635414725067	1.8552536373365347	-24.34256159262741
current_XTX	8.0	208	ytar	cm	40467	24957	0.1568706980107745	0.2232102097797469	4.05426964819402
current_XTX	8.0	208	yptar	mrad	40467	24957	1.1803815188931175	1.1683856413460239	-1.0946340647628672
current_XTX	8.0	209	xptar	mrad	40467	24957	1.7528584313659394	1.87285311758906	-23.624852937373785
current_XTX	8.0	209	ytar	cm	40467	24957	0.15692401483022528	0.23084687111939467	7.614264592115938
current_XTX	8.0	209	yptar	mrad	40467	24957	1.1805260928427659	1.171520406908076	-0.8292720780486484
current_XTX	8.0	210	xptar	mrad	40467	24957	1.7526769416054782	1.8544258529614783	-24.37631872648234
current_XTX	8.0	210	ytar	cm	40467	24957	0.15684319991515705	0.23205985311492922	8.179722398756152
current_XTX	8.0	210	yptar	mrad	40467	24957	1.18027991026336	1.1705845901235223	-0.9084901874204743
