pool	rungroup	zfoil	delta_low	delta_high	xscol	yscol	available	fit	surplus
rg01_theta12p490_foil0	rg01_theta12p490_foil0	0.0	-10.0	-8.0	0	2	104	83	21
rg01_theta12p490_foil0	rg01_theta12p490_foil0	0.0	-10.0	-8.0	0	3	204	163	41
rg01_theta12p490_foil0	rg01_theta12p490_foil0	0.0	-10.0	-8.0	0	4	244	195	49
rg01_theta12p490_foil0	rg01_theta12p490_foil0	0.0	-10.0	-8.0	0	5	272	217	55
rg01_theta12p490_foil0	rg01_theta12p490_foil0	0.0	-10.0	-8.0	0	6	55	44	11
rg01_theta12p490_foil0	rg01_theta12p490_foil0	0.0	-10.0	-8.0	1	2	127	101	26
rg01_theta12p490_foil0	rg01_theta12p490_foil0	0.0	-10.0	-8.0	1	3	231	184	47
rg01_theta12p490_foil0	rg01_theta12p490_foil0	0.0	-10.0	-8.0	1	4	339	271	68
rg01_theta12p490_foil0	rg01_theta12p490_foil0	0.0	-10.0	-8.0	1	5	342	273	69
rg01_theta12p490_foil0	rg01_theta12p490_foil0	0.0	-10.0	-8.0	1	6	184	147	37
rg01_theta12p490_foil0	rg01_theta12p490_foil0	0.0	-10.0	-8.0	2	2	167	133	34
rg01_theta12p490_foil0	rg01_theta12p490_foil0	0.0	-10.0	-8.0	2	4	390	312	78
rg01_theta12p490_foil0	rg01_theta12p490_foil0	0.0	-10.0	-8.0	2	5	423	338	85
rg01_theta12p490_foil0	rg01_theta12p490_foil0	0.0	-10.0	-8.0	2	6	381	304	77
rg01_theta12p490_foil0	rg01_theta12p490_foil0	0.0	-10.0	-8.0	3	2	212	169	43
rg01_theta12p490_foil0	rg01_theta12p490_foil0	0.0	-10.0	-8.0	3	3	321	256	65
rg01_theta12p490_foil0	rg01_theta12p490_foil0	0.0	-10.0	-8.0	3	4	409	327	82
rg01_theta12p490_foil0	rg01_theta12p490_foil0	0.0	-10.0	-8.0	3	5	527	361	166
rg01_theta12p490_foil0	rg01_theta12p490_foil0	0.0	-10.0	-8.0	3	6	591	361	230
rg01_theta12p490_foil0	rg01_theta12p490_foil0	0.0	-10.0	-8.0	4	2	207	165	42
rg01_theta12p490_foil0	rg01_theta12p490_foil0	0.0	-10.0	-8.0	4	3	403	322	81
rg01_theta12p490_foil0	rg01_theta12p490_foil0	0.0	-10.0	-8.0	4	4	144	115	29
rg01_theta12p490_foil0	rg01_theta12p490_foil0	0.0	-10.0	-8.0	4	5	570	361	209
rg01_theta12p490_foil0	rg01_theta12p490_foil0	0.0	-10.0	-8.0	4	6	647	361	286
rg01_theta12p490_foil0	rg01_theta12p490_foil0	0.0	-10.0	-8.0	5	2	196	156	40
rg01_theta12p490_foil0	rg01_theta12p490_foil0	0.0	-10.0	-8.0	5	3	360	288	72
rg01_theta12p490_foil0	rg01_theta12p490_foil0	0.0	-10.0	-8.0	5	4	441	352	89
rg01_theta12p490_foil0	rg01_theta12p490_foil0	0.0	-10.0	-8.0	5	6	714	361	353
rg01_theta12p490_foil0	rg01_theta12p490_foil0	0.0	-10.0	-8.0	6	2	134	107	27
rg01_theta12p490_foil0	rg01_theta12p490_foil0	0.0	-10.0	-8.0	6	3	264	211	53
rg01_theta12p490_foil0	rg01_theta12p490_foil0	0.0	-10.0	-8.0	6	4	351	280	71
rg01_theta12p490_foil0	rg01_theta12p490_foil0	0.0	-10.0	-8.0	6	5	476	361	115
rg01_theta12p490_foil0	rg01_theta12p490_foil0	0.0	-10.0	-8.0	6	6	584	361	223
rg01_theta12p490_foil0	rg01_theta12p490_foil0	0.0	-10.0	-8.0	7	2	73	58	15
rg01_theta12p490_foil0	rg01_theta12p490_foil0	0.0	-10.0	-8.0	7	3	160	128	32
rg01_theta12p490_foil0	rg01_theta12p490_foil0	0.0	-10.0	-8.0	7	4	267	213	54
rg01_theta12p490_foil0	rg01_theta12p490_foil0	0.0	-10.0	-8.0	7	5	289	231	58
rg01_theta12p490_foil0	rg01_theta12p490_foil0	0.0	-10.0	-8.0	7	6	376	300	76
rg01_theta12p490_foil0	rg01_theta12p490_foil0	0.0	-10.0	-8.0	8	2	39	31	8
rg01_theta12p490_foil0	rg01_theta12p490_foil0	0.0	-10.0	-8.0	8	3	88	70	18
rg01_theta12p490_foil0	rg01_theta12p490_foil0	0.0	-10.0	-8.0	8	4	128	102	26
rg01_theta12p490_foil0	rg01_theta12p490_foil0	0.0	-10.0	-8.0	8	5	186	148	38
rg01_theta12p490_foil0	rg01_theta12p490_foil0	0.0	-10.0	-8.0	8	6	197	157	40
rg01_theta12p490_foil0	rg01_theta12p490_foil0	0.0	-8.0	-5.0	0	2	159	127	32
rg01_theta12p490_foil0	rg01_theta12p490_foil0	0.0	-8.0	-5.0	0	3	255	204	51
rg01_theta12p490_foil0	rg01_theta12p490_foil0	0.0	-8.0	-5.0	0	4	392	313	79
rg01_theta12p490_foil0	rg01_theta12p490_foil0	0.0	-8.0	-5.0	0	5	448	358	90
rg01_theta12p490_foil0	rg01_theta12p490_foil0	0.0	-8.0	-5.0	0	6	140	112	28
rg01_theta12p490_foil0	rg01_theta12p490_foil0	0.0	-8.0	-5.0	1	2	240	192	48
rg01_theta12p490_foil0	rg01_theta12p490_foil0	0.0	-8.0	-5.0	1	3	385	308	77
rg01_theta12p490_foil0	rg01_theta12p490_foil0	0.0	-8.0	-5.0	1	4	534	361	173
rg01_theta12p490_foil0	rg01_theta12p490_foil0	0.0	-8.0	-5.0	1	5	638	361	277
rg01_theta12p490_foil0	rg01_theta12p490_foil0	0.0	-8.0	-5.0	1	6	484	361	123
rg01_theta12p490_foil0	rg01_theta12p490_foil0	0.0	-8.0	-5.0	2	1	16	12	4
rg01_theta12p490_foil0	rg01_theta12p490_foil0	0.0	-8.0	-5.0	2	2	313	250	63
rg01_theta12p490_foil0	rg01_theta12p490_foil0	0.0	-8.0	-5.0	2	4	687	361	326
rg01_theta12p490_foil0	rg01_theta12p490_foil0	0.0	-8.0	-5.0	2	5	778	361	417
rg01_theta12p490_foil0	rg01_theta12p490_foil0	0.0	-8.0	-5.0	2	6	839	361	478
rg01_theta12p490_foil0	rg01_theta12p490_foil0	0.0	-8.0	-5.0	3	1	45	36	9
rg01_theta12p490_foil0	rg01_theta12p490_foil0	0.0	-8.0	-5.0	3	2	376	300	76
rg01_theta12p490_foil0	rg01_theta12p490_foil0	0.0	-8.0	-5.0	3	3	553	361	192
rg01_theta12p490_foil0	rg01_theta12p490_foil0	0.0	-8.0	-5.0	3	4	769	361	408
rg01_theta12p490_foil0	rg01_theta12p490_foil0	0.0	-8.0	-5.0	3	5	964	361	603
rg01_theta12p490_foil0	rg01_theta12p490_foil0	0.0	-8.0	-5.0	3	6	1101	361	740
rg01_theta12p490_foil0	rg01_theta12p490_foil0	0.0	-8.0	-5.0	3	7	60	48	12
rg01_theta12p490_foil0	rg01_theta12p490_foil0	0.0	-8.0	-5.0	4	1	68	54	14
rg01_theta12p490_foil0	rg01_theta12p490_foil0	0.0	-8.0	-5.0	4	2	361	288	73
rg01_theta12p490_foil0	rg01_theta12p490_foil0	0.0	-8.0	-5.0	4	3	617	361	256
rg01_theta12p490_foil0	rg01_theta12p490_foil0	0.0	-8.0	-5.0	4	4	254	203	51
rg01_theta12p490_foil0	rg01_theta12p490_foil0	0.0	-8.0	-5.0	4	5	1040	361	679
rg01_theta12p490_foil0	rg01_theta12p490_foil0	0.0	-8.0	-5.0	4	6	1188	361	827
rg01_theta12p490_foil0	rg01_theta12p490_foil0	0.0	-8.0	-5.0	4	7	65	52	13
rg01_theta12p490_foil0	rg01_theta12p490_foil0	0.0	-8.0	-5.0	5	1	42	33	9
rg01_theta12p490_foil0	rg01_theta12p490_foil0	0.0	-8.0	-5.0	5	2	358	286	72
rg01_theta12p490_foil0	rg01_theta12p490_foil0	0.0	-8.0	-5.0	5	3	605	361	244
rg01_theta12p490_foil0	rg01_theta12p490_foil0	0.0	-8.0	-5.0	5	4	807	361	446
rg01_theta12p490_foil0	rg01_theta12p490_foil0	0.0	-8.0	-5.0	5	6	1181	361	820
rg01_theta12p490_foil0	rg01_theta12p490_foil0	0.0	-8.0	-5.0	5	7	54	43	11
rg01_theta12p490_foil0	rg01_theta12p490_foil0	0.0	-8.0	-5.0	6	1	16	12	4
rg01_theta12p490_foil0	rg01_theta12p490_foil0	0.0	-8.0	-5.0	6	2	314	251	63
rg01_theta12p490_foil0	rg01_theta12p490_foil0	0.0	-8.0	-5.0	6	3	473	361	112
rg01_theta12p490_foil0	rg01_theta12p490_foil0	0.0	-8.0	-5.0	6	4	669	361	308
rg01_theta12p490_foil0	rg01_theta12p490_foil0	0.0	-8.0	-5.0	6	5	870	361	509
rg01_theta12p490_foil0	rg01_theta12p490_foil0	0.0	-8.0	-5.0	6	6	959	361	598
rg01_theta12p490_foil0	rg01_theta12p490_foil0	0.0	-8.0	-5.0	7	2	226	180	46
rg01_theta12p490_foil0	rg01_theta12p490_foil0	0.0	-8.0	-5.0	7	3	397	317	80
rg01_theta12p490_foil0	rg01_theta12p490_foil0	0.0	-8.0	-5.0	7	4	542	361	181
rg01_theta12p490_foil0	rg01_theta12p490_foil0	0.0	-8.0	-5.0	7	5	685	361	324
rg01_theta12p490_foil0	rg01_theta12p490_foil0	0.0	-8.0	-5.0	7	6	761	361	400
rg01_theta12p490_foil0	rg01_theta12p490_foil0	0.0	-8.0	-5.0	8	2	191	152	39
rg01_theta12p490_foil0	rg01_theta12p490_foil0	0.0	-8.0	-5.0	8	3	260	208	52
rg01_theta12p490_foil0	rg01_theta12p490_foil0	0.0	-8.0	-5.0	8	4	367	293	74
rg01_theta12p490_foil0	rg01_theta12p490_foil0	0.0	-8.0	-5.0	8	5	465	361	104
rg01_theta12p490_foil0	rg01_theta12p490_foil0	0.0	-8.0	-5.0	8	6	412	329	83
rg01_theta12p490_foil0	rg01_theta12p490_foil0	0.0	-5.0	0.0	0	2	240	192	48
rg01_theta12p490_foil0	rg01_theta12p490_foil0	0.0	-5.0	0.0	0	3	412	329	83
rg01_theta12p490_foil0	rg01_theta12p490_foil0	0.0	-5.0	0.0	0	4	557	361	196
rg01_theta12p490_foil0	rg01_theta12p490_foil0	0.0	-5.0	0.0	0	5	701	361	340
rg01_theta12p490_foil0	rg01_theta12p490_foil0	0.0	-5.0	0.0	0	6	324	259	65
rg01_theta12p490_foil0	rg01_theta12p490_foil0	0.0	-5.0	0.0	1	2	356	284	72
rg01_theta12p490_foil0	rg01_theta12p490_foil0	0.0	-5.0	0.0	1	3	603	361	242
rg01_theta12p490_foil0	rg01_theta12p490_foil0	0.0	-5.0	0.0	1	4	827	361	466
rg01_theta12p490_foil0	rg01_theta12p490_foil0	0.0	-5.0	0.0	1	5	1030	361	669
rg01_theta12p490_foil0	rg01_theta12p490_foil0	0.0	-5.0	0.0	1	6	1192	361	831
rg01_theta12p490_foil0	rg01_theta12p490_foil0	0.0	-5.0	0.0	2	1	70	56	14
rg01_theta12p490_foil0	rg01_theta12p490_foil0	0.0	-5.0	0.0	2	2	535	361	174
rg01_theta12p490_foil0	rg01_theta12p490_foil0	0.0	-5.0	0.0	2	4	1038	361	677
rg01_theta12p490_foil0	rg01_theta12p490_foil0	0.0	-5.0	0.0	2	5	1248	361	887
rg01_theta12p490_foil0	rg01_theta12p490_foil0	0.0	-5.0	0.0	2	6	1597	361	1236
rg01_theta12p490_foil0	rg01_theta12p490_foil0	0.0	-5.0	0.0	2	7	151	120	31
rg01_theta12p490_foil0	rg01_theta12p490_foil0	0.0	-5.0	0.0	3	1	159	127	32
rg01_theta12p490_foil0	rg01_theta12p490_foil0	0.0	-5.0	0.0	3	2	573	361	212
rg01_theta12p490_foil0	rg01_theta12p490_foil0	0.0	-5.0	0.0	3	3	919	361	558
rg01_theta12p490_foil0	rg01_theta12p490_foil0	0.0	-5.0	0.0	3	4	1276	361	915
rg01_theta12p490_foil0	rg01_theta12p490_foil0	0.0	-5.0	0.0	3	5	1628	361	1267
rg01_theta12p490_foil0	rg01_theta12p490_foil0	0.0	-5.0	0.0	3	6	1945	361	1584
rg01_theta12p490_foil0	rg01_theta12p490_foil0	0.0	-5.0	0.0	3	7	527	361	166
rg01_theta12p490_foil0	rg01_theta12p490_foil0	0.0	-5.0	0.0	4	1	197	157	40
rg01_theta12p490_foil0	rg01_theta12p490_foil0	0.0	-5.0	0.0	4	2	661	361	300
rg01_theta12p490_foil0	rg01_theta12p490_foil0	0.0	-5.0	0.0	4	3	1004	361	643
rg01_theta12p490_foil0	rg01_theta12p490_foil0	0.0	-5.0	0.0	4	4	393	314	79
rg01_theta12p490_foil0	rg01_theta12p490_foil0	0.0	-5.0	0.0	4	5	1776	361	1415
rg01_theta12p490_foil0	rg01_theta12p490_foil0	0.0	-5.0	0.0	4	6	2228	361	1867
rg01_theta12p490_foil0	rg01_theta12p490_foil0	0.0	-5.0	0.0	4	7	721	361	360
rg01_theta12p490_foil0	rg01_theta12p490_foil0	0.0	-5.0	0.0	5	1	199	159	40
rg01_theta12p490_foil0	rg01_theta12p490_foil0	0.0	-5.0	0.0	5	2	617	361	256
rg01_theta12p490_foil0	rg01_theta12p490_foil0	0.0	-5.0	0.0	5	3	894	361	533
rg01_theta12p490_foil0	rg01_theta12p490_foil0	0.0	-5.0	0.0	5	4	1324	361	963
rg01_theta12p490_foil0	rg01_theta12p490_foil0	0.0	-5.0	0.0	5	6	2070	361	1709
rg01_theta12p490_foil0	rg01_theta12p490_foil0	0.0	-5.0	0.0	5	7	505	361	144
rg01_theta12p490_foil0	rg01_theta12p490_foil0	0.0	-5.0	0.0	6	1	103	82	21
rg01_theta12p490_foil0	rg01_theta12p490_foil0	0.0	-5.0	0.0	6	2	524	361	163
rg01_theta12p490_foil0	rg01_theta12p490_foil0	0.0	-5.0	0.0	6	3	785	361	424
rg01_theta12p490_foil0	rg01_theta12p490_foil0	0.0	-5.0	0.0	6	4	1105	361	744
rg01_theta12p490_foil0	rg01_theta12p490_foil0	0.0	-5.0	0.0	6	5	1426	361	1065
rg01_theta12p490_foil0	rg01_theta12p490_foil0	0.0	-5.0	0.0	6	6	1815	361	1454
rg01_theta12p490_foil0	rg01_theta12p490_foil0	0.0	-5.0	0.0	6	7	145	116	29
rg01_theta12p490_foil0	rg01_theta12p490_foil0	0.0	-5.0	0.0	7	2	383	306	77
rg01_theta12p490_foil0	rg01_theta12p490_foil0	0.0	-5.0	0.0	7	3	588	361	227
rg01_theta12p490_foil0	rg01_theta12p490_foil0	0.0	-5.0	0.0	7	4	884	361	523
rg01_theta12p490_foil0	rg01_theta12p490_foil0	0.0	-5.0	0.0	7	5	1193	361	832
rg01_theta12p490_foil0	rg01_theta12p490_foil0	0.0	-5.0	0.0	7	6	1359	361	998
rg01_theta12p490_foil0	rg01_theta12p490_foil0	0.0	-5.0	0.0	8	2	240	192	48
rg01_theta12p490_foil0	rg01_theta12p490_foil0	0.0	-5.0	0.0	8	3	401	320	81
rg01_theta12p490_foil0	rg01_theta12p490_foil0	0.0	-5.0	0.0	8	4	591	361	230
rg01_theta12p490_foil0	rg01_theta12p490_foil0	0.0	-5.0	0.0	8	5	869	361	508
rg01_theta12p490_foil0	rg01_theta12p490_foil0	0.0	-5.0	0.0	8	6	490	361	129
rg01_theta12p490_foil0	rg01_theta12p490_foil0	0.0	0.0	5.0	0	2	107	85	22
rg01_theta12p490_foil0	rg01_theta12p490_foil0	0.0	0.0	5.0	0	3	338	270	68
rg01_theta12p490_foil0	rg01_theta12p490_foil0	0.0	0.0	5.0	0	4	440	352	88
rg01_theta12p490_foil0	rg01_theta12p490_foil0	0.0	0.0	5.0	0	5	630	361	269
rg01_theta12p490_foil0	rg01_theta12p490_foil0	0.0	0.0	5.0	0	6	124	99	25
rg01_theta12p490_foil0	rg01_theta12p490_foil0	0.0	0.0	5.0	1	2	242	193	49
rg01_theta12p490_foil0	rg01_theta12p490_foil0	0.0	0.0	5.0	1	3	441	352	89
rg01_theta12p490_foil0	rg01_theta12p490_foil0	0.0	0.0	5.0	1	4	646	361	285
rg01_theta12p490_foil0	rg01_theta12p490_foil0	0.0	0.0	5.0	1	5	877	361	516
rg01_theta12p490_foil0	rg01_theta12p490_foil0	0.0	0.0	5.0	1	6	1166	361	805
rg01_theta12p490_foil0	rg01_theta12p490_foil0	0.0	0.0	5.0	2	1	86	68	18
rg01_theta12p490_foil0	rg01_theta12p490_foil0	0.0	0.0	5.0	2	2	336	268	68
rg01_theta12p490_foil0	rg01_theta12p490_foil0	0.0	0.0	5.0	2	4	841	361	480
rg01_theta12p490_foil0	rg01_theta12p490_foil0	0.0	0.0	5.0	2	5	1122	361	761
rg01_theta12p490_foil0	rg01_theta12p490_foil0	0.0	0.0	5.0	2	6	1507	361	1146
rg01_theta12p490_foil0	rg01_theta12p490_foil0	0.0	0.0	5.0	2	7	508	361	147
rg01_theta12p490_foil0	rg01_theta12p490_foil0	0.0	0.0	5.0	3	1	196	156	40
rg01_theta12p490_foil0	rg01_theta12p490_foil0	0.0	0.0	5.0	3	2	435	348	87
rg01_theta12p490_foil0	rg01_theta12p490_foil0	0.0	0.0	5.0	3	3	666	361	305
rg01_theta12p490_foil0	rg01_theta12p490_foil0	0.0	0.0	5.0	3	4	975	361	614
rg01_theta12p490_foil0	rg01_theta12p490_foil0	0.0	0.0	5.0	3	5	1352	361	991
rg01_theta12p490_foil0	rg01_theta12p490_foil0	0.0	0.0	5.0	3	6	1855	361	1494
rg01_theta12p490_foil0	rg01_theta12p490_foil0	0.0	0.0	5.0	3	7	1163	361	802
rg01_theta12p490_foil0	rg01_theta12p490_foil0	0.0	0.0	5.0	4	1	201	160	41
rg01_theta12p490_foil0	rg01_theta12p490_foil0	0.0	0.0	5.0	4	2	471	360	111
rg01_theta12p490_foil0	rg01_theta12p490_foil0	0.0	0.0	5.0	4	3	751	360	391
rg01_theta12p490_foil0	rg01_theta12p490_foil0	0.0	0.0	5.0	4	4	295	236	59
rg01_theta12p490_foil0	rg01_theta12p490_foil0	0.0	0.0	5.0	4	5	1492	360	1132
rg01_theta12p490_foil0	rg01_theta12p490_foil0	0.0	0.0	5.0	4	6	1935	360	1575
rg01_theta12p490_foil0	rg01_theta12p490_foil0	0.0	0.0	5.0	4	7	1397	360	1037
rg01_theta12p490_foil0	rg01_theta12p490_foil0	0.0	0.0	5.0	5	1	135	108	27
rg01_theta12p490_foil0	rg01_theta12p490_foil0	0.0	0.0	5.0	5	2	400	320	80
rg01_theta12p490_foil0	rg01_theta12p490_foil0	0.0	0.0	5.0	5	3	604	360	244
rg01_theta12p490_foil0	rg01_theta12p490_foil0	0.0	0.0	5.0	5	4	965	360	605
rg01_theta12p490_foil0	rg01_theta12p490_foil0	0.0	0.0	5.0	5	6	1889	360	1529
rg01_theta12p490_foil0	rg01_theta12p490_foil0	0.0	0.0	5.0	5	7	1006	360	646
rg01_theta12p490_foil0	rg01_theta12p490_foil0	0.0	0.0	5.0	6	1	76	60	16
rg01_theta12p490_foil0	rg01_theta12p490_foil0	0.0	0.0	5.0	6	2	392	313	79
rg01_theta12p490_foil0	rg01_theta12p490_foil0	0.0	0.0	5.0	6	3	556	360	196
rg01_theta12p490_foil0	rg01_theta12p490_foil0	0.0	0.0	5.0	6	4	818	360	458
rg01_theta12p490_foil0	rg01_theta12p490_foil0	0.0	0.0	5.0	6	5	1120	360	760
rg01_theta12p490_foil0	rg01_theta12p490_foil0	0.0	0.0	5.0	6	6	1531	360	1171
rg01_theta12p490_foil0	rg01_theta12p490_foil0	0.0	0.0	5.0	6	7	447	357	90
rg01_theta12p490_foil0	rg01_theta12p490_foil0	0.0	0.0	5.0	7	2	264	211	53
rg01_theta12p490_foil0	rg01_theta12p490_foil0	0.0	0.0	5.0	7	3	437	349	88
rg01_theta12p490_foil0	rg01_theta12p490_foil0	0.0	0.0	5.0	7	4	613	360	253
rg01_theta12p490_foil0	rg01_theta12p490_foil0	0.0	0.0	5.0	7	5	891	360	531
rg01_theta12p490_foil0	rg01_theta12p490_foil0	0.0	0.0	5.0	7	6	1239	360	879
rg01_theta12p490_foil0	rg01_theta12p490_foil0	0.0	0.0	5.0	8	2	108	86	22
rg01_theta12p490_foil0	rg01_theta12p490_foil0	0.0	0.0	5.0	8	3	308	246	62
rg01_theta12p490_foil0	rg01_theta12p490_foil0	0.0	0.0	5.0	8	4	425	340	85
rg01_theta12p490_foil0	rg01_theta12p490_foil0	0.0	0.0	5.0	8	5	650	360	290
rg01_theta12p490_foil0	rg01_theta12p490_foil0	0.0	0.0	5.0	8	6	218	174	44
rg01_theta12p490_foil0	rg01_theta12p490_foil0	0.0	5.0	10.0	0	2	35	28	7
rg01_theta12p490_foil0	rg01_theta12p490_foil0	0.0	5.0	10.0	0	3	182	145	37
rg01_theta12p490_foil0	rg01_theta12p490_foil0	0.0	5.0	10.0	0	4	279	223	56
rg01_theta12p490_foil0	rg01_theta12p490_foil0	0.0	5.0	10.0	0	5	444	355	89
rg01_theta12p490_foil0	rg01_theta12p490_foil0	0.0	5.0	10.0	0	6	13	10	3
rg01_theta12p490_foil0	rg01_theta12p490_foil0	0.0	5.0	10.0	1	2	169	135	34
rg01_theta12p490_foil0	rg01_theta12p490_foil0	0.0	5.0	10.0	1	3	272	217	55
rg01_theta12p490_foil0	rg01_theta12p490_foil0	0.0	5.0	10.0	1	4	414	331	83
rg01_theta12p490_foil0	rg01_theta12p490_foil0	0.0	5.0	10.0	1	5	631	360	271
rg01_theta12p490_foil0	rg01_theta12p490_foil0	0.0	5.0	10.0	1	6	870	360	510
rg01_theta12p490_foil0	rg01_theta12p490_foil0	0.0	5.0	10.0	2	1	63	50	13
rg01_theta12p490_foil0	rg01_theta12p490_foil0	0.0	5.0	10.0	2	2	196	156	40
rg01_theta12p490_foil0	rg01_theta12p490_foil0	0.0	5.0	10.0	2	4	536	360	176
rg01_theta12p490_foil0	rg01_theta12p490_foil0	0.0	5.0	10.0	2	5	754	360	394
rg01_theta12p490_foil0	rg01_theta12p490_foil0	0.0	5.0	10.0	2	6	1150	360	790
rg01_theta12p490_foil0	rg01_theta12p490_foil0	0.0	5.0	10.0	2	7	659	360	299
rg01_theta12p490_foil0	rg01_theta12p490_foil0	0.0	5.0	10.0	3	1	117	93	24
rg01_theta12p490_foil0	rg01_theta12p490_foil0	0.0	5.0	10.0	3	2	229	183	46
rg01_theta12p490_foil0	rg01_theta12p490_foil0	0.0	5.0	10.0	3	3	402	321	81
rg01_theta12p490_foil0	rg01_theta12p490_foil0	0.0	5.0	10.0	3	4	629	360	269
rg01_theta12p490_foil0	rg01_theta12p490_foil0	0.0	5.0	10.0	3	5	923	360	563
rg01_theta12p490_foil0	rg01_theta12p490_foil0	0.0	5.0	10.0	3	6	1346	360	986
rg01_theta12p490_foil0	rg01_theta12p490_foil0	0.0	5.0	10.0	3	7	1430	360	1070
rg01_theta12p490_foil0	rg01_theta12p490_foil0	0.0	5.0	10.0	4	1	101	80	21
rg01_theta12p490_foil0	rg01_theta12p490_foil0	0.0	5.0	10.0	4	2	258	206	52
rg01_theta12p490_foil0	rg01_theta12p490_foil0	0.0	5.0	10.0	4	3	418	334	84
rg01_theta12p490_foil0	rg01_theta12p490_foil0	0.0	5.0	10.0	4	4	187	149	38
rg01_theta12p490_foil0	rg01_theta12p490_foil0	0.0	5.0	10.0	4	5	1017	360	657
rg01_theta12p490_foil0	rg01_theta12p490_foil0	0.0	5.0	10.0	4	6	1480	360	1120
rg01_theta12p490_foil0	rg01_theta12p490_foil0	0.0	5.0	10.0	4	7	1583	360	1223
rg01_theta12p490_foil0	rg01_theta12p490_foil0	0.0	5.0	10.0	5	1	118	94	24
rg01_theta12p490_foil0	rg01_theta12p490_foil0	0.0	5.0	10.0	5	2	221	176	45
rg01_theta12p490_foil0	rg01_theta12p490_foil0	0.0	5.0	10.0	5	3	387	309	78
rg01_theta12p490_foil0	rg01_theta12p490_foil0	0.0	5.0	10.0	5	4	605	360	245
rg01_theta12p490_foil0	rg01_theta12p490_foil0	0.0	5.0	10.0	5	6	1292	360	932
rg01_theta12p490_foil0	rg01_theta12p490_foil0	0.0	5.0	10.0	5	7	1267	360	907
rg01_theta12p490_foil0	rg01_theta12p490_foil0	0.0	5.0	10.0	6	1	64	51	13
rg01_theta12p490_foil0	rg01_theta12p490_foil0	0.0	5.0	10.0	6	2	190	152	38
rg01_theta12p490_foil0	rg01_theta12p490_foil0	0.0	5.0	10.0	6	3	319	255	64
rg01_theta12p490_foil0	rg01_theta12p490_foil0	0.0	5.0	10.0	6	4	497	360	137
rg01_theta12p490_foil0	rg01_theta12p490_foil0	0.0	5.0	10.0	6	5	744	360	384
rg01_theta12p490_foil0	rg01_theta12p490_foil0	0.0	5.0	10.0	6	6	1103	360	743
rg01_theta12p490_foil0	rg01_theta12p490_foil0	0.0	5.0	10.0	6	7	550	360	190
rg01_theta12p490_foil0	rg01_theta12p490_foil0	0.0	5.0	10.0	7	2	97	77	20
rg01_theta12p490_foil0	rg01_theta12p490_foil0	0.0	5.0	10.0	7	3	228	182	46
rg01_theta12p490_foil0	rg01_theta12p490_foil0	0.0	5.0	10.0	7	4	356	284	72
rg01_theta12p490_foil0	rg01_theta12p490_foil0	0.0	5.0	10.0	7	5	616	360	256
rg01_theta12p490_foil0	rg01_theta12p490_foil0	0.0	5.0	10.0	7	6	952	360	592
rg01_theta12p490_foil0	rg01_theta12p490_foil0	0.0	5.0	10.0	8	3	131	104	27
rg01_theta12p490_foil0	rg01_theta12p490_foil0	0.0	5.0	10.0	8	4	233	186	47
rg01_theta12p490_foil0	rg01_theta12p490_foil0	0.0	5.0	10.0	8	5	399	319	80
rg01_theta12p490_foil0	rg01_theta12p490_foil0	0.0	5.0	10.0	8	6	38	30	8
rg02_theta15p195_foil0	rg02_theta15p195_foil0	0.0	-10.0	-8.0	0	2	19	15	4
rg02_theta15p195_foil0	rg02_theta15p195_foil0	0.0	-10.0	-8.0	0	3	24	19	5
rg02_theta15p195_foil0	rg02_theta15p195_foil0	0.0	-10.0	-8.0	0	4	32	25	7
rg02_theta15p195_foil0	rg02_theta15p195_foil0	0.0	-10.0	-8.0	0	5	24	19	5
rg02_theta15p195_foil0	rg02_theta15p195_foil0	0.0	-10.0	-8.0	0	6	13	10	3
rg02_theta15p195_foil0	rg02_theta15p195_foil0	0.0	-10.0	-8.0	1	2	18	14	4
rg02_theta15p195_foil0	rg02_theta15p195_foil0	0.0	-10.0	-8.0	1	3	29	23	6
rg02_theta15p195_foil0	rg02_theta15p195_foil0	0.0	-10.0	-8.0	1	4	53	42	11
rg02_theta15p195_foil0	rg02_theta15p195_foil0	0.0	-10.0	-8.0	1	5	53	42	11
rg02_theta15p195_foil0	rg02_theta15p195_foil0	0.0	-10.0	-8.0	1	6	33	26	7
rg02_theta15p195_foil0	rg02_theta15p195_foil0	0.0	-10.0	-8.0	2	2	21	16	5
rg02_theta15p195_foil0	rg02_theta15p195_foil0	0.0	-10.0	-8.0	2	4	56	44	12
rg02_theta15p195_foil0	rg02_theta15p195_foil0	0.0	-10.0	-8.0	2	5	64	51	13
rg02_theta15p195_foil0	rg02_theta15p195_foil0	0.0	-10.0	-8.0	2	6	71	56	15
rg02_theta15p195_foil0	rg02_theta15p195_foil0	0.0	-10.0	-8.0	3	2	21	16	5
rg02_theta15p195_foil0	rg02_theta15p195_foil0	0.0	-10.0	-8.0	3	3	53	42	11
rg02_theta15p195_foil0	rg02_theta15p195_foil0	0.0	-10.0	-8.0	3	4	63	50	13
rg02_theta15p195_foil0	rg02_theta15p195_foil0	0.0	-10.0	-8.0	3	5	97	77	20
rg02_theta15p195_foil0	rg02_theta15p195_foil0	0.0	-10.0	-8.0	3	6	92	73	19
rg02_theta15p195_foil0	rg02_theta15p195_foil0	0.0	-10.0	-8.0	4	2	25	20	5
rg02_theta15p195_foil0	rg02_theta15p195_foil0	0.0	-10.0	-8.0	4	3	49	39	10
rg02_theta15p195_foil0	rg02_theta15p195_foil0	0.0	-10.0	-8.0	4	4	24	19	5
rg02_theta15p195_foil0	rg02_theta15p195_foil0	0.0	-10.0	-8.0	4	5	97	77	20
rg02_theta15p195_foil0	rg02_theta15p195_foil0	0.0	-10.0	-8.0	4	6	95	76	19
rg02_theta15p195_foil0	rg02_theta15p195_foil0	0.0	-10.0	-8.0	5	2	16	12	4
rg02_theta15p195_foil0	rg02_theta15p195_foil0	0.0	-10.0	-8.0	5	3	46	36	10
rg02_theta15p195_foil0	rg02_theta15p195_foil0	0.0	-10.0	-8.0	5	4	70	56	14
rg02_theta15p195_foil0	rg02_theta15p195_foil0	0.0	-10.0	-8.0	5	6	95	76	19
rg02_theta15p195_foil0	rg02_theta15p195_foil0	0.0	-10.0	-8.0	6	2	9	7	2
rg02_theta15p195_foil0	rg02_theta15p195_foil0	0.0	-10.0	-8.0	6	3	30	24	6
rg02_theta15p195_foil0	rg02_theta15p195_foil0	0.0	-10.0	-8.0	6	4	47	37	10
rg02_theta15p195_foil0	rg02_theta15p195_foil0	0.0	-10.0	-8.0	6	5	58	46	12
rg02_theta15p195_foil0	rg02_theta15p195_foil0	0.0	-10.0	-8.0	6	6	100	80	20
rg02_theta15p195_foil0	rg02_theta15p195_foil0	0.0	-10.0	-8.0	7	3	24	19	5
rg02_theta15p195_foil0	rg02_theta15p195_foil0	0.0	-10.0	-8.0	7	4	36	28	8
rg02_theta15p195_foil0	rg02_theta15p195_foil0	0.0	-10.0	-8.0	7	5	40	32	8
rg02_theta15p195_foil0	rg02_theta15p195_foil0	0.0	-10.0	-8.0	7	6	60	48	12
rg02_theta15p195_foil0	rg02_theta15p195_foil0	0.0	-10.0	-8.0	8	3	12	9	3
rg02_theta15p195_foil0	rg02_theta15p195_foil0	0.0	-10.0	-8.0	8	4	14	11	3
rg02_theta15p195_foil0	rg02_theta15p195_foil0	0.0	-10.0	-8.0	8	5	29	23	6
rg02_theta15p195_foil0	rg02_theta15p195_foil0	0.0	-10.0	-8.0	8	6	38	30	8
rg02_theta15p195_foil0	rg02_theta15p195_foil0	0.0	-8.0	-5.0	0	2	23	18	5
rg02_theta15p195_foil0	rg02_theta15p195_foil0	0.0	-8.0	-5.0	0	3	30	24	6
rg02_theta15p195_foil0	rg02_theta15p195_foil0	0.0	-8.0	-5.0	0	4	46	36	10
rg02_theta15p195_foil0	rg02_theta15p195_foil0	0.0	-8.0	-5.0	0	5	62	49	13
rg02_theta15p195_foil0	rg02_theta15p195_foil0	0.0	-8.0	-5.0	0	6	29	23	6
rg02_theta15p195_foil0	rg02_theta15p195_foil0	0.0	-8.0	-5.0	1	2	31	24	7
rg02_theta15p195_foil0	rg02_theta15p195_foil0	0.0	-8.0	-5.0	1	3	55	44	11
rg02_theta15p195_foil0	rg02_theta15p195_foil0	0.0	-8.0	-5.0	1	4	66	52	14
rg02_theta15p195_foil0	rg02_theta15p195_foil0	0.0	-8.0	-5.0	1	5	99	79	20
rg02_theta15p195_foil0	rg02_theta15p195_foil0	0.0	-8.0	-5.0	1	6	93	74	19
rg02_theta15p195_foil0	rg02_theta15p195_foil0	0.0	-8.0	-5.0	2	2	47	37	10
rg02_theta15p195_foil0	rg02_theta15p195_foil0	0.0	-8.0	-5.0	2	4	95	76	19
rg02_theta15p195_foil0	rg02_theta15p195_foil0	0.0	-8.0	-5.0	2	5	121	96	25
rg02_theta15p195_foil0	rg02_theta15p195_foil0	0.0	-8.0	-5.0	2	6	164	131	33
rg02_theta15p195_foil0	rg02_theta15p195_foil0	0.0	-8.0	-5.0	3	2	42	33	9
rg02_theta15p195_foil0	rg02_theta15p195_foil0	0.0	-8.0	-5.0	3	3	75	60	15
rg02_theta15p195_foil0	rg02_theta15p195_foil0	0.0	-8.0	-5.0	3	4	92	73	19
rg02_theta15p195_foil0	rg02_theta15p195_foil0	0.0	-8.0	-5.0	3	5	132	105	27
rg02_theta15p195_foil0	rg02_theta15p195_foil0	0.0	-8.0	-5.0	3	6	160	128	32
rg02_theta15p195_foil0	rg02_theta15p195_foil0	0.0	-8.0	-5.0	4	2	40	32	8
rg02_theta15p195_foil0	rg02_theta15p195_foil0	0.0	-8.0	-5.0	4	3	91	72	19
rg02_theta15p195_foil0	rg02_theta15p195_foil0	0.0	-8.0	-5.0	4	4	29	23	6
rg02_theta15p195_foil0	rg02_theta15p195_foil0	0.0	-8.0	-5.0	4	5	139	111	28
rg02_theta15p195_foil0	rg02_theta15p195_foil0	0.0	-8.0	-5.0	4	6	189	151	38
rg02_theta15p195_foil0	rg02_theta15p195_foil0	0.0	-8.0	-5.0	5	2	36	28	8
rg02_theta15p195_foil0	rg02_theta15p195_foil0	0.0	-8.0	-5.0	5	3	69	55	14
rg02_theta15p195_foil0	rg02_theta15p195_foil0	0.0	-8.0	-5.0	5	4	93	74	19
rg02_theta15p195_foil0	rg02_theta15p195_foil0	0.0	-8.0	-5.0	5	6	181	144	37
rg02_theta15p195_foil0	rg02_theta15p195_foil0	0.0	-8.0	-5.0	6	2	27	21	6
rg02_theta15p195_foil0	rg02_theta15p195_foil0	0.0	-8.0	-5.0	6	3	74	59	15
rg02_theta15p195_foil0	rg02_theta15p195_foil0	0.0	-8.0	-5.0	6	4	98	78	20
rg02_theta15p195_foil0	rg02_theta15p195_foil0	0.0	-8.0	-5.0	6	5	112	89	23
rg02_theta15p195_foil0	rg02_theta15p195_foil0	0.0	-8.0	-5.0	6	6	183	146	37
rg02_theta15p195_foil0	rg02_theta15p195_foil0	0.0	-8.0	-5.0	7	2	24	19	5
rg02_theta15p195_foil0	rg02_theta15p195_foil0	0.0	-8.0	-5.0	7	3	43	34	9
rg02_theta15p195_foil0	rg02_theta15p195_foil0	0.0	-8.0	-5.0	7	4	70	56	14
rg02_theta15p195_foil0	rg02_theta15p195_foil0	0.0	-8.0	-5.0	7	5	101	80	21
rg02_theta15p195_foil0	rg02_theta15p195_foil0	0.0	-8.0	-5.0	7	6	122	97	25
rg02_theta15p195_foil0	rg02_theta15p195_foil0	0.0	-8.0	-5.0	8	2	11	8	3
rg02_theta15p195_foil0	rg02_theta15p195_foil0	0.0	-8.0	-5.0	8	3	24	19	5
rg02_theta15p195_foil0	rg02_theta15p195_foil0	0.0	-8.0	-5.0	8	4	44	35	9
rg02_theta15p195_foil0	rg02_theta15p195_foil0	0.0	-8.0	-5.0	8	5	65	52	13
rg02_theta15p195_foil0	rg02_theta15p195_foil0	0.0	-8.0	-5.0	8	6	56	44	12
rg02_theta15p195_foil0	rg02_theta15p195_foil0	0.0	-5.0	0.0	0	2	16	12	4
rg02_theta15p195_foil0	rg02_theta15p195_foil0	0.0	-5.0	0.0	0	3	42	33	9
rg02_theta15p195_foil0	rg02_theta15p195_foil0	0.0	-5.0	0.0	0	4	71	56	15
rg02_theta15p195_foil0	rg02_theta15p195_foil0	0.0	-5.0	0.0	0	5	102	81	21
rg02_theta15p195_foil0	rg02_theta15p195_foil0	0.0	-5.0	0.0	0	6	48	38	10
rg02_theta15p195_foil0	rg02_theta15p195_foil0	0.0	-5.0	0.0	1	2	34	27	7
rg02_theta15p195_foil0	rg02_theta15p195_foil0	0.0	-5.0	0.0	1	3	59	47	12
rg02_theta15p195_foil0	rg02_theta15p195_foil0	0.0	-5.0	0.0	1	4	98	78	20
rg02_theta15p195_foil0	rg02_theta15p195_foil0	0.0	-5.0	0.0	1	5	144	115	29
rg02_theta15p195_foil0	rg02_theta15p195_foil0	0.0	-5.0	0.0	1	6	153	122	31
rg02_theta15p195_foil0	rg02_theta15p195_foil0	0.0	-5.0	0.0	2	2	49	39	10
rg02_theta15p195_foil0	rg02_theta15p195_foil0	0.0	-5.0	0.0	2	4	130	104	26
rg02_theta15p195_foil0	rg02_theta15p195_foil0	0.0	-5.0	0.0	2	5	187	149	38
rg02_theta15p195_foil0	rg02_theta15p195_foil0	0.0	-5.0	0.0	2	6	226	180	46
rg02_theta15p195_foil0	rg02_theta15p195_foil0	0.0	-5.0	0.0	2	7	15	12	3
rg02_theta15p195_foil0	rg02_theta15p195_foil0	0.0	-5.0	0.0	3	1	11	8	3
rg02_theta15p195_foil0	rg02_theta15p195_foil0	0.0	-5.0	0.0	3	2	47	37	10
rg02_theta15p195_foil0	rg02_theta15p195_foil0	0.0	-5.0	0.0	3	3	101	80	21
rg02_theta15p195_foil0	rg02_theta15p195_foil0	0.0	-5.0	0.0	3	4	149	119	30
rg02_theta15p195_foil0	rg02_theta15p195_foil0	0.0	-5.0	0.0	3	5	214	171	43
rg02_theta15p195_foil0	rg02_theta15p195_foil0	0.0	-5.0	0.0	3	6	295	236	59
rg02_theta15p195_foil0	rg02_theta15p195_foil0	0.0	-5.0	0.0	3	7	72	57	15
rg02_theta15p195_foil0	rg02_theta15p195_foil0	0.0	-5.0	0.0	4	1	15	12	3
rg02_theta15p195_foil0	rg02_theta15p195_foil0	0.0	-5.0	0.0	4	2	46	36	10
rg02_theta15p195_foil0	rg02_theta15p195_foil0	0.0	-5.0	0.0	4	3	98	78	20
rg02_theta15p195_foil0	rg02_theta15p195_foil0	0.0	-5.0	0.0	4	4	47	37	10
rg02_theta15p195_foil0	rg02_theta15p195_foil0	0.0	-5.0	0.0	4	5	246	196	50
rg02_theta15p195_foil0	rg02_theta15p195_foil0	0.0	-5.0	0.0	4	6	308	246	62
rg02_theta15p195_foil0	rg02_theta15p195_foil0	0.0	-5.0	0.0	4	7	79	63	16
rg02_theta15p195_foil0	rg02_theta15p195_foil0	0.0	-5.0	0.0	5	1	16	12	4
rg02_theta15p195_foil0	rg02_theta15p195_foil0	0.0	-5.0	0.0	5	2	60	48	12
rg02_theta15p195_foil0	rg02_theta15p195_foil0	0.0	-5.0	0.0	5	3	87	69	18
rg02_theta15p195_foil0	rg02_theta15p195_foil0	0.0	-5.0	0.0	5	4	151	120	31
rg02_theta15p195_foil0	rg02_theta15p195_foil0	0.0	-5.0	0.0	5	6	298	238	60
rg02_theta15p195_foil0	rg02_theta15p195_foil0	0.0	-5.0	0.0	5	7	51	40	11
rg02_theta15p195_foil0	rg02_theta15p195_foil0	0.0	-5.0	0.0	6	1	15	12	3
rg02_theta15p195_foil0	rg02_theta15p195_foil0	0.0	-5.0	0.0	6	2	50	40	10
rg02_theta15p195_foil0	rg02_theta15p195_foil0	0.0	-5.0	0.0	6	3	73	58	15
rg02_theta15p195_foil0	rg02_theta15p195_foil0	0.0	-5.0	0.0	6	4	121	96	25
rg02_theta15p195_foil0	rg02_theta15p195_foil0	0.0	-5.0	0.0	6	5	171	136	35
rg02_theta15p195_foil0	rg02_theta15p195_foil0	0.0	-5.0	0.0	6	6	264	211	53
rg02_theta15p195_foil0	rg02_theta15p195_foil0	0.0	-5.0	0.0	6	7	7	5	2
rg02_theta15p195_foil0	rg02_theta15p195_foil0	0.0	-5.0	0.0	7	2	30	24	6
rg02_theta15p195_foil0	rg02_theta15p195_foil0	0.0	-5.0	0.0	7	3	60	48	12
rg02_theta15p195_foil0	rg02_theta15p195_foil0	0.0	-5.0	0.0	7	4	85	68	17
rg02_theta15p195_foil0	rg02_theta15p195_foil0	0.0	-5.0	0.0	7	5	140	112	28
rg02_theta15p195_foil0	rg02_theta15p195_foil0	0.0	-5.0	0.0	7	6	186	148	38
rg02_theta15p195_foil0	rg02_theta15p195_foil0	0.0	-5.0	0.0	8	2	23	18	5
rg02_theta15p195_foil0	rg02_theta15p195_foil0	0.0	-5.0	0.0	8	3	49	39	10
rg02_theta15p195_foil0	rg02_theta15p195_foil0	0.0	-5.0	0.0	8	4	66	52	14
rg02_theta15p195_foil0	rg02_theta15p195_foil0	0.0	-5.0	0.0	8	5	109	87	22
rg02_theta15p195_foil0	rg02_theta15p195_foil0	0.0	-5.0	0.0	8	6	59	47	12
rg02_theta15p195_foil0	rg02_theta15p195_foil0	0.0	0.0	5.0	0	3	21	16	5
rg02_theta15p195_foil0	rg02_theta15p195_foil0	0.0	0.0	5.0	0	4	33	26	7
rg02_theta15p195_foil0	rg02_theta15p195_foil0	0.0	0.0	5.0	0	5	61	48	13
rg02_theta15p195_foil0	rg02_theta15p195_foil0	0.0	0.0	5.0	0	6	7	5	2
rg02_theta15p195_foil0	rg02_theta15p195_foil0	0.0	0.0	5.0	1	2	14	11	3
rg02_theta15p195_foil0	rg02_theta15p195_foil0	0.0	0.0	5.0	1	3	28	22	6
rg02_theta15p195_foil0	rg02_theta15p195_foil0	0.0	0.0	5.0	1	4	54	43	11
rg02_theta15p195_foil0	rg02_theta15p195_foil0	0.0	0.0	5.0	1	5	70	56	14
rg02_theta15p195_foil0	rg02_theta15p195_foil0	0.0	0.0	5.0	1	6	129	103	26
rg02_theta15p195_foil0	rg02_theta15p195_foil0	0.0	0.0	5.0	2	2	23	18	5
rg02_theta15p195_foil0	rg02_theta15p195_foil0	0.0	0.0	5.0	2	4	64	51	13
rg02_theta15p195_foil0	rg02_theta15p195_foil0	0.0	0.0	5.0	2	5	106	84	22
rg02_theta15p195_foil0	rg02_theta15p195_foil0	0.0	0.0	5.0	2	6	172	137	35
rg02_theta15p195_foil0	rg02_theta15p195_foil0	0.0	0.0	5.0	2	7	53	42	11
rg02_theta15p195_foil0	rg02_theta15p195_foil0	0.0	0.0	5.0	3	1	12	9	3
rg02_theta15p195_foil0	rg02_theta15p195_foil0	0.0	0.0	5.0	3	2	33	26	7
rg02_theta15p195_foil0	rg02_theta15p195_foil0	0.0	0.0	5.0	3	3	59	47	12
rg02_theta15p195_foil0	rg02_theta15p195_foil0	0.0	0.0	5.0	3	4	76	60	16
rg02_theta15p195_foil0	rg02_theta15p195_foil0	0.0	0.0	5.0	3	5	123	98	25
rg02_theta15p195_foil0	rg02_theta15p195_foil0	0.0	0.0	5.0	3	6	183	146	37
rg02_theta15p195_foil0	rg02_theta15p195_foil0	0.0	0.0	5.0	3	7	119	95	24
rg02_theta15p195_foil0	rg02_theta15p195_foil0	0.0	0.0	5.0	4	1	14	11	3
rg02_theta15p195_foil0	rg02_theta15p195_foil0	0.0	0.0	5.0	4	2	27	21	6
rg02_theta15p195_foil0	rg02_theta15p195_foil0	0.0	0.0	5.0	4	3	62	49	13
rg02_theta15p195_foil0	rg02_theta15p195_foil0	0.0	0.0	5.0	4	4	27	21	6
rg02_theta15p195_foil0	rg02_theta15p195_foil0	0.0	0.0	5.0	4	5	141	112	29
rg02_theta15p195_foil0	rg02_theta15p195_foil0	0.0	0.0	5.0	4	6	212	169	43
rg02_theta15p195_foil0	rg02_theta15p195_foil0	0.0	0.0	5.0	4	7	144	115	29
rg02_theta15p195_foil0	rg02_theta15p195_foil0	0.0	0.0	5.0	5	2	28	22	6
rg02_theta15p195_foil0	rg02_theta15p195_foil0	0.0	0.0	5.0	5	3	51	40	11
rg02_theta15p195_foil0	rg02_theta15p195_foil0	0.0	0.0	5.0	5	4	81	64	17
rg02_theta15p195_foil0	rg02_theta15p195_foil0	0.0	0.0	5.0	5	6	172	137	35
rg02_theta15p195_foil0	rg02_theta15p195_foil0	0.0	0.0	5.0	5	7	101	80	21
rg02_theta15p195_foil0	rg02_theta15p195_foil0	0.0	0.0	5.0	6	2	15	12	3
rg02_theta15p195_foil0	rg02_theta15p195_foil0	0.0	0.0	5.0	6	3	37	29	8
rg02_theta15p195_foil0	rg02_theta15p195_foil0	0.0	0.0	5.0	6	4	60	48	12
rg02_theta15p195_foil0	rg02_theta15p195_foil0	0.0	0.0	5.0	6	5	110	88	22
rg02_theta15p195_foil0	rg02_theta15p195_foil0	0.0	0.0	5.0	6	6	179	143	36
rg02_theta15p195_foil0	rg02_theta15p195_foil0	0.0	0.0	5.0	6	7	36	28	8
rg02_theta15p195_foil0	rg02_theta15p195_foil0	0.0	0.0	5.0	7	2	21	16	5
rg02_theta15p195_foil0	rg02_theta15p195_foil0	0.0	0.0	5.0	7	3	23	18	5
rg02_theta15p195_foil0	rg02_theta15p195_foil0	0.0	0.0	5.0	7	4	48	38	10
rg02_theta15p195_foil0	rg02_theta15p195_foil0	0.0	0.0	5.0	7	5	80	64	16
rg02_theta15p195_foil0	rg02_theta15p195_foil0	0.0	0.0	5.0	7	6	119	95	24
rg02_theta15p195_foil0	rg02_theta15p195_foil0	0.0	0.0	5.0	8	3	18	14	4
rg02_theta15p195_foil0	rg02_theta15p195_foil0	0.0	0.0	5.0	8	4	32	25	7
rg02_theta15p195_foil0	rg02_theta15p195_foil0	0.0	0.0	5.0	8	5	71	56	15
rg02_theta15p195_foil0	rg02_theta15p195_foil0	0.0	0.0	5.0	8	6	13	10	3
rg02_theta15p195_foil0	rg02_theta15p195_foil0	0.0	5.0	10.0	0	4	21	16	5
rg02_theta15p195_foil0	rg02_theta15p195_foil0	0.0	5.0	10.0	0	5	23	18	5
rg02_theta15p195_foil0	rg02_theta15p195_foil0	0.0	5.0	10.0	1	3	11	8	3
rg02_theta15p195_foil0	rg02_theta15p195_foil0	0.0	5.0	10.0	1	4	22	17	5
rg02_theta15p195_foil0	rg02_theta15p195_foil0	0.0	5.0	10.0	1	5	37	29	8
rg02_theta15p195_foil0	rg02_theta15p195_foil0	0.0	5.0	10.0	1	6	58	46	12
rg02_theta15p195_foil0	rg02_theta15p195_foil0	0.0	5.0	10.0	2	4	22	17	5
rg02_theta15p195_foil0	rg02_theta15p195_foil0	0.0	5.0	10.0	2	5	46	36	10
rg02_theta15p195_foil0	rg02_theta15p195_foil0	0.0	5.0	10.0	2	6	70	56	14
rg02_theta15p195_foil0	rg02_theta15p195_foil0	0.0	5.0	10.0	2	7	38	30	8
rg02_theta15p195_foil0	rg02_theta15p195_foil0	0.0	5.0	10.0	3	3	15	12	3
rg02_theta15p195_foil0	rg02_theta15p195_foil0	0.0	5.0	10.0	3	4	25	20	5
rg02_theta15p195_foil0	rg02_theta15p195_foil0	0.0	5.0	10.0	3	5	49	39	10
rg02_theta15p195_foil0	rg02_theta15p195_foil0	0.0	5.0	10.0	3	6	102	81	21
rg02_theta15p195_foil0	rg02_theta15p195_foil0	0.0	5.0	10.0	3	7	98	78	20
rg02_theta15p195_foil0	rg02_theta15p195_foil0	0.0	5.0	10.0	4	2	10	8	2
rg02_theta15p195_foil0	rg02_theta15p195_foil0	0.0	5.0	10.0	4	3	16	12	4
rg02_theta15p195_foil0	rg02_theta15p195_foil0	0.0	5.0	10.0	4	5	58	46	12
rg02_theta15p195_foil0	rg02_theta15p195_foil0	0.0	5.0	10.0	4	6	108	86	22
rg02_theta15p195_foil0	rg02_theta15p195_foil0	0.0	5.0	10.0	4	7	118	94	24
rg02_theta15p195_foil0	rg02_theta15p195_foil0	0.0	5.0	10.0	5	2	7	5	2
rg02_theta15p195_foil0	rg02_theta15p195_foil0	0.0	5.0	10.0	5	3	15	12	3
rg02_theta15p195_foil0	rg02_theta15p195_foil0	0.0	5.0	10.0	5	4	28	22	6
rg02_theta15p195_foil0	rg02_theta15p195_foil0	0.0	5.0	10.0	5	6	122	97	25
rg02_theta15p195_foil0	rg02_theta15p195_foil0	0.0	5.0	10.0	5	7	89	71	18
rg02_theta15p195_foil0	rg02_theta15p195_foil0	0.0	5.0	10.0	6	3	9	7	2
rg02_theta15p195_foil0	rg02_theta15p195_foil0	0.0	5.0	10.0	6	4	25	20	5
rg02_theta15p195_foil0	rg02_theta15p195_foil0	0.0	5.0	10.0	6	5	32	25	7
rg02_theta15p195_foil0	rg02_theta15p195_foil0	0.0	5.0	10.0	6	6	93	74	19
rg02_theta15p195_foil0	rg02_theta15p195_foil0	0.0	5.0	10.0	6	7	34	27	7
rg02_theta15p195_foil0	rg02_theta15p195_foil0	0.0	5.0	10.0	7	3	10	8	2
rg02_theta15p195_foil0	rg02_theta15p195_foil0	0.0	5.0	10.0	7	4	15	12	3
rg02_theta15p195_foil0	rg02_theta15p195_foil0	0.0	5.0	10.0	7	5	38	30	8
rg02_theta15p195_foil0	rg02_theta15p195_foil0	0.0	5.0	10.0	7	6	71	56	15
rg02_theta15p195_foil0	rg02_theta15p195_foil0	0.0	5.0	10.0	8	5	29	23	6
rg03_theta12p490_foilpm8	rg03_theta12p490_foilpm8	-8.0	-10.0	-8.0	0	3	21	16	5
rg03_theta12p490_foilpm8	rg03_theta12p490_foilpm8	-8.0	-10.0	-8.0	0	4	56	44	12
rg03_theta12p490_foilpm8	rg03_theta12p490_foilpm8	-8.0	-10.0	-8.0	0	5	13	10	3
rg03_theta12p490_foilpm8	rg03_theta12p490_foilpm8	-8.0	-10.0	-8.0	1	1	6	4	2
rg03_theta12p490_foilpm8	rg03_theta12p490_foilpm8	-8.0	-10.0	-8.0	1	3	61	48	13
rg03_theta12p490_foilpm8	rg03_theta12p490_foilpm8	-8.0	-10.0	-8.0	1	4	90	72	18
rg03_theta12p490_foilpm8	rg03_theta12p490_foilpm8	-8.0	-10.0	-8.0	1	5	50	40	10
rg03_theta12p490_foilpm8	rg03_theta12p490_foilpm8	-8.0	-10.0	-8.0	2	1	15	12	3
rg03_theta12p490_foilpm8	rg03_theta12p490_foilpm8	-8.0	-10.0	-8.0	2	2	32	25	7
rg03_theta12p490_foilpm8	rg03_theta12p490_foilpm8	-8.0	-10.0	-8.0	2	4	82	65	17
rg03_theta12p490_foilpm8	rg03_theta12p490_foilpm8	-8.0	-10.0	-8.0	2	5	69	55	14
rg03_theta12p490_foilpm8	rg03_theta12p490_foilpm8	-8.0	-10.0	-8.0	2	6	7	5	2
rg03_theta12p490_foilpm8	rg03_theta12p490_foilpm8	-8.0	-10.0	-8.0	3	1	17	13	4
rg03_theta12p490_foilpm8	rg03_theta12p490_foilpm8	-8.0	-10.0	-8.0	3	2	55	44	11
rg03_theta12p490_foilpm8	rg03_theta12p490_foilpm8	-8.0	-10.0	-8.0	3	3	73	58	15
rg03_theta12p490_foilpm8	rg03_theta12p490_foilpm8	-8.0	-10.0	-8.0	3	4	96	76	20
rg03_theta12p490_foilpm8	rg03_theta12p490_foilpm8	-8.0	-10.0	-8.0	3	5	116	92	24
rg03_theta12p490_foilpm8	rg03_theta12p490_foilpm8	-8.0	-10.0	-8.0	3	6	26	20	6
rg03_theta12p490_foilpm8	rg03_theta12p490_foilpm8	-8.0	-10.0	-8.0	4	1	23	18	5
rg03_theta12p490_foilpm8	rg03_theta12p490_foilpm8	-8.0	-10.0	-8.0	4	2	81	64	17
rg03_theta12p490_foilpm8	rg03_theta12p490_foilpm8	-8.0	-10.0	-8.0	4	3	101	80	21
rg03_theta12p490_foilpm8	rg03_theta12p490_foilpm8	-8.0	-10.0	-8.0	4	4	27	21	6
rg03_theta12p490_foilpm8	rg03_theta12p490_foilpm8	-8.0	-10.0	-8.0	4	5	108	86	22
rg03_theta12p490_foilpm8	rg03_theta12p490_foilpm8	-8.0	-10.0	-8.0	4	6	80	64	16
rg03_theta12p490_foilpm8	rg03_theta12p490_foilpm8	-8.0	-10.0	-8.0	5	1	14	11	3
rg03_theta12p490_foilpm8	rg03_theta12p490_foilpm8	-8.0	-10.0	-8.0	5	2	56	44	12
rg03_theta12p490_foilpm8	rg03_theta12p490_foilpm8	-8.0	-10.0	-8.0	5	3	97	77	20
rg03_theta12p490_foilpm8	rg03_theta12p490_foilpm8	-8.0	-10.0	-8.0	5	4	95	76	19
rg03_theta12p490_foilpm8	rg03_theta12p490_foilpm8	-8.0	-10.0	-8.0	5	6	90	72	18
rg03_theta12p490_foilpm8	rg03_theta12p490_foilpm8	-8.0	-10.0	-8.0	6	1	7	5	2
rg03_theta12p490_foilpm8	rg03_theta12p490_foilpm8	-8.0	-10.0	-8.0	6	2	36	28	8
rg03_theta12p490_foilpm8	rg03_theta12p490_foilpm8	-8.0	-10.0	-8.0	6	3	73	58	15
rg03_theta12p490_foilpm8	rg03_theta12p490_foilpm8	-8.0	-10.0	-8.0	6	4	88	70	18
rg03_theta12p490_foilpm8	rg03_theta12p490_foilpm8	-8.0	-10.0	-8.0	6	5	96	76	20
rg03_theta12p490_foilpm8	rg03_theta12p490_foilpm8	-8.0	-10.0	-8.0	6	6	98	78	20
rg03_theta12p490_foilpm8	rg03_theta12p490_foilpm8	-8.0	-10.0	-8.0	7	2	22	17	5
rg03_theta12p490_foilpm8	rg03_theta12p490_foilpm8	-8.0	-10.0	-8.0	7	3	36	28	8
rg03_theta12p490_foilpm8	rg03_theta12p490_foilpm8	-8.0	-10.0	-8.0	7	4	69	55	14
rg03_theta12p490_foilpm8	rg03_theta12p490_foilpm8	-8.0	-10.0	-8.0	7	5	91	72	19
rg03_theta12p490_foilpm8	rg03_theta12p490_foilpm8	-8.0	-10.0	-8.0	7	6	66	52	14
rg03_theta12p490_foilpm8	rg03_theta12p490_foilpm8	-8.0	-10.0	-8.0	8	3	12	9	3
rg03_theta12p490_foilpm8	rg03_theta12p490_foilpm8	-8.0	-10.0	-8.0	8	4	37	29	8
rg03_theta12p490_foilpm8	rg03_theta12p490_foilpm8	-8.0	-10.0	-8.0	8	5	43	34	9
rg03_theta12p490_foilpm8	rg03_theta12p490_foilpm8	-8.0	-8.0	-5.0	0	2	35	28	7
rg03_theta12p490_foilpm8	rg03_theta12p490_foilpm8	-8.0	-8.0	-5.0	0	3	64	51	13
rg03_theta12p490_foilpm8	rg03_theta12p490_foilpm8	-8.0	-8.0	-5.0	0	4	69	55	14
rg03_theta12p490_foilpm8	rg03_theta12p490_foilpm8	-8.0	-8.0	-5.0	0	5	50	40	10
rg03_theta12p490_foilpm8	rg03_theta12p490_foilpm8	-8.0	-8.0	-5.0	1	1	34	27	7
rg03_theta12p490_foilpm8	rg03_theta12p490_foilpm8	-8.0	-8.0	-5.0	1	2	49	39	10
rg03_theta12p490_foilpm8	rg03_theta12p490_foilpm8	-8.0	-8.0	-5.0	1	3	109	87	22
rg03_theta12p490_foilpm8	rg03_theta12p490_foilpm8	-8.0	-8.0	-5.0	1	4	124	99	25
rg03_theta12p490_foilpm8	rg03_theta12p490_foilpm8	-8.0	-8.0	-5.0	1	5	97	77	20
rg03_theta12p490_foilpm8	rg03_theta12p490_foilpm8	-8.0	-8.0	-5.0	1	6	12	9	3
rg03_theta12p490_foilpm8	rg03_theta12p490_foilpm8	-8.0	-8.0	-5.0	2	1	47	37	10
rg03_theta12p490_foilpm8	rg03_theta12p490_foilpm8	-8.0	-8.0	-5.0	2	2	84	67	17
rg03_theta12p490_foilpm8	rg03_theta12p490_foilpm8	-8.0	-8.0	-5.0	2	4	134	107	27
rg03_theta12p490_foilpm8	rg03_theta12p490_foilpm8	-8.0	-8.0	-5.0	2	5	151	120	31
rg03_theta12p490_foilpm8	rg03_theta12p490_foilpm8	-8.0	-8.0	-5.0	2	6	45	36	9
rg03_theta12p490_foilpm8	rg03_theta12p490_foilpm8	-8.0	-8.0	-5.0	3	1	48	38	10
rg03_theta12p490_foilpm8	rg03_theta12p490_foilpm8	-8.0	-8.0	-5.0	3	2	103	82	21
rg03_theta12p490_foilpm8	rg03_theta12p490_foilpm8	-8.0	-8.0	-5.0	3	3	121	96	25
rg03_theta12p490_foilpm8	rg03_theta12p490_foilpm8	-8.0	-8.0	-5.0	3	4	176	140	36
rg03_theta12p490_foilpm8	rg03_theta12p490_foilpm8	-8.0	-8.0	-5.0	3	5	194	155	39
rg03_theta12p490_foilpm8	rg03_theta12p490_foilpm8	-8.0	-8.0	-5.0	3	6	135	108	27
rg03_theta12p490_foilpm8	rg03_theta12p490_foilpm8	-8.0	-8.0	-5.0	4	1	49	39	10
rg03_theta12p490_foilpm8	rg03_theta12p490_foilpm8	-8.0	-8.0	-5.0	4	2	115	92	23
rg03_theta12p490_foilpm8	rg03_theta12p490_foilpm8	-8.0	-8.0	-5.0	4	3	146	116	30
rg03_theta12p490_foilpm8	rg03_theta12p490_foilpm8	-8.0	-8.0	-5.0	4	4	46	36	10
rg03_theta12p490_foilpm8	rg03_theta12p490_foilpm8	-8.0	-8.0	-5.0	4	5	229	183	46
rg03_theta12p490_foilpm8	rg03_theta12p490_foilpm8	-8.0	-8.0	-5.0	4	6	195	156	39
rg03_theta12p490_foilpm8	rg03_theta12p490_foilpm8	-8.0	-8.0	-5.0	5	1	45	36	9
rg03_theta12p490_foilpm8	rg03_theta12p490_foilpm8	-8.0	-8.0	-5.0	5	2	102	81	21
rg03_theta12p490_foilpm8	rg03_theta12p490_foilpm8	-8.0	-8.0	-5.0	5	3	141	112	29
rg03_theta12p490_foilpm8	rg03_theta12p490_foilpm8	-8.0	-8.0	-5.0	5	4	160	128	32
rg03_theta12p490_foilpm8	rg03_theta12p490_foilpm8	-8.0	-8.0	-5.0	5	6	202	161	41
rg03_theta12p490_foilpm8	rg03_theta12p490_foilpm8	-8.0	-8.0	-5.0	6	1	31	24	7
rg03_theta12p490_foilpm8	rg03_theta12p490_foilpm8	-8.0	-8.0	-5.0	6	2	78	62	16
rg03_theta12p490_foilpm8	rg03_theta12p490_foilpm8	-8.0	-8.0	-5.0	6	3	119	95	24
rg03_theta12p490_foilpm8	rg03_theta12p490_foilpm8	-8.0	-8.0	-5.0	6	4	144	115	29
rg03_theta12p490_foilpm8	rg03_theta12p490_foilpm8	-8.0	-8.0	-5.0	6	5	182	145	37
rg03_theta12p490_foilpm8	rg03_theta12p490_foilpm8	-8.0	-8.0	-5.0	6	6	203	162	41
rg03_theta12p490_foilpm8	rg03_theta12p490_foilpm8	-8.0	-8.0	-5.0	7	1	13	10	3
rg03_theta12p490_foilpm8	rg03_theta12p490_foilpm8	-8.0	-8.0	-5.0	7	2	64	51	13
rg03_theta12p490_foilpm8	rg03_theta12p490_foilpm8	-8.0	-8.0	-5.0	7	3	102	81	21
rg03_theta12p490_foilpm8	rg03_theta12p490_foilpm8	-8.0	-8.0	-5.0	7	4	126	100	26
rg03_theta12p490_foilpm8	rg03_theta12p490_foilpm8	-8.0	-8.0	-5.0	7	5	148	118	30
rg03_theta12p490_foilpm8	rg03_theta12p490_foilpm8	-8.0	-8.0	-5.0	7	6	159	127	32
rg03_theta12p490_foilpm8	rg03_theta12p490_foilpm8	-8.0	-8.0	-5.0	8	2	63	50	13
rg03_theta12p490_foilpm8	rg03_theta12p490_foilpm8	-8.0	-8.0	-5.0	8	3	61	48	13
rg03_theta12p490_foilpm8	rg03_theta12p490_foilpm8	-8.0	-8.0	-5.0	8	4	76	60	16
rg03_theta12p490_foilpm8	rg03_theta12p490_foilpm8	-8.0	-8.0	-5.0	8	5	98	78	20
rg03_theta12p490_foilpm8	rg03_theta12p490_foilpm8	-8.0	-5.0	0.0	0	2	67	53	14
rg03_theta12p490_foilpm8	rg03_theta12p490_foilpm8	-8.0	-5.0	0.0	0	3	106	84	22
rg03_theta12p490_foilpm8	rg03_theta12p490_foilpm8	-8.0	-5.0	0.0	0	4	148	118	30
rg03_theta12p490_foilpm8	rg03_theta12p490_foilpm8	-8.0	-5.0	0.0	0	5	138	110	28
rg03_theta12p490_foilpm8	rg03_theta12p490_foilpm8	-8.0	-5.0	0.0	1	1	36	28	8
rg03_theta12p490_foilpm8	rg03_theta12p490_foilpm8	-8.0	-5.0	0.0	1	2	83	66	17
rg03_theta12p490_foilpm8	rg03_theta12p490_foilpm8	-8.0	-5.0	0.0	1	3	130	104	26
rg03_theta12p490_foilpm8	rg03_theta12p490_foilpm8	-8.0	-5.0	0.0	1	4	206	164	42
rg03_theta12p490_foilpm8	rg03_theta12p490_foilpm8	-8.0	-5.0	0.0	1	5	201	160	41
rg03_theta12p490_foilpm8	rg03_theta12p490_foilpm8	-8.0	-5.0	0.0	1	6	63	50	13
rg03_theta12p490_foilpm8	rg03_theta12p490_foilpm8	-8.0	-5.0	0.0	2	1	45	36	9
rg03_theta12p490_foilpm8	rg03_theta12p490_foilpm8	-8.0	-5.0	0.0	2	2	120	96	24
rg03_theta12p490_foilpm8	rg03_theta12p490_foilpm8	-8.0	-5.0	0.0	2	4	223	178	45
rg03_theta12p490_foilpm8	rg03_theta12p490_foilpm8	-8.0	-5.0	0.0	2	5	259	207	52
rg03_theta12p490_foilpm8	rg03_theta12p490_foilpm8	-8.0	-5.0	0.0	2	6	185	148	37
rg03_theta12p490_foilpm8	rg03_theta12p490_foilpm8	-8.0	-5.0	0.0	3	1	90	72	18
rg03_theta12p490_foilpm8	rg03_theta12p490_foilpm8	-8.0	-5.0	0.0	3	2	147	117	30
rg03_theta12p490_foilpm8	rg03_theta12p490_foilpm8	-8.0	-5.0	0.0	3	3	208	166	42
rg03_theta12p490_foilpm8	rg03_theta12p490_foilpm8	-8.0	-5.0	0.0	3	4	250	200	50
rg03_theta12p490_foilpm8	rg03_theta12p490_foilpm8	-8.0	-5.0	0.0	3	5	324	259	65
rg03_theta12p490_foilpm8	rg03_theta12p490_foilpm8	-8.0	-5.0	0.0	3	6	318	254	64
rg03_theta12p490_foilpm8	rg03_theta12p490_foilpm8	-8.0	-5.0	0.0	4	1	93	74	19
rg03_theta12p490_foilpm8	rg03_theta12p490_foilpm8	-8.0	-5.0	0.0	4	2	166	132	34
rg03_theta12p490_foilpm8	rg03_theta12p490_foilpm8	-8.0	-5.0	0.0	4	3	238	190	48
rg03_theta12p490_foilpm8	rg03_theta12p490_foilpm8	-8.0	-5.0	0.0	4	4	83	66	17
rg03_theta12p490_foilpm8	rg03_theta12p490_foilpm8	-8.0	-5.0	0.0	4	5	324	259	65
rg03_theta12p490_foilpm8	rg03_theta12p490_foilpm8	-8.0	-5.0	0.0	4	6	400	320	80
rg03_theta12p490_foilpm8	rg03_theta12p490_foilpm8	-8.0	-5.0	0.0	5	1	80	64	16
rg03_theta12p490_foilpm8	rg03_theta12p490_foilpm8	-8.0	-5.0	0.0	5	2	167	133	34
rg03_theta12p490_foilpm8	rg03_theta12p490_foilpm8	-8.0	-5.0	0.0	5	3	210	168	42
rg03_theta12p490_foilpm8	rg03_theta12p490_foilpm8	-8.0	-5.0	0.0	5	4	299	239	60
rg03_theta12p490_foilpm8	rg03_theta12p490_foilpm8	-8.0	-5.0	0.0	5	6	405	324	81
rg03_theta12p490_foilpm8	rg03_theta12p490_foilpm8	-8.0	-5.0	0.0	6	1	51	40	11
rg03_theta12p490_foilpm8	rg03_theta12p490_foilpm8	-8.0	-5.0	0.0	6	2	116	92	24
rg03_theta12p490_foilpm8	rg03_theta12p490_foilpm8	-8.0	-5.0	0.0	6	3	190	152	38
rg03_theta12p490_foilpm8	rg03_theta12p490_foilpm8	-8.0	-5.0	0.0	6	4	238	190	48
rg03_theta12p490_foilpm8	rg03_theta12p490_foilpm8	-8.0	-5.0	0.0	6	5	328	262	66
rg03_theta12p490_foilpm8	rg03_theta12p490_foilpm8	-8.0	-5.0	0.0	6	6	362	289	73
rg03_theta12p490_foilpm8	rg03_theta12p490_foilpm8	-8.0	-5.0	0.0	7	1	29	23	6
rg03_theta12p490_foilpm8	rg03_theta12p490_foilpm8	-8.0	-5.0	0.0	7	2	84	67	17
rg03_theta12p490_foilpm8	rg03_theta12p490_foilpm8	-8.0	-5.0	0.0	7	3	160	128	32
rg03_theta12p490_foilpm8	rg03_theta12p490_foilpm8	-8.0	-5.0	0.0	7	4	201	160	41
rg03_theta12p490_foilpm8	rg03_theta12p490_foilpm8	-8.0	-5.0	0.0	7	5	236	188	48
rg03_theta12p490_foilpm8	rg03_theta12p490_foilpm8	-8.0	-5.0	0.0	7	6	297	237	60
rg03_theta12p490_foilpm8	rg03_theta12p490_foilpm8	-8.0	-5.0	0.0	8	2	74	59	15
rg03_theta12p490_foilpm8	rg03_theta12p490_foilpm8	-8.0	-5.0	0.0	8	3	108	86	22
rg03_theta12p490_foilpm8	rg03_theta12p490_foilpm8	-8.0	-5.0	0.0	8	4	170	136	34
rg03_theta12p490_foilpm8	rg03_theta12p490_foilpm8	-8.0	-5.0	0.0	8	5	186	148	38
rg03_theta12p490_foilpm8	rg03_theta12p490_foilpm8	-8.0	0.0	5.0	0	2	47	37	10
rg03_theta12p490_foilpm8	rg03_theta12p490_foilpm8	-8.0	0.0	5.0	0	3	79	63	16
rg03_theta12p490_foilpm8	rg03_theta12p490_foilpm8	-8.0	0.0	5.0	0	4	101	80	21
rg03_theta12p490_foilpm8	rg03_theta12p490_foilpm8	-8.0	0.0	5.0	0	5	146	116	30
rg03_theta12p490_foilpm8	rg03_theta12p490_foilpm8	-8.0	0.0	5.0	1	2	74	59	15
rg03_theta12p490_foilpm8	rg03_theta12p490_foilpm8	-8.0	0.0	5.0	1	3	123	98	25
rg03_theta12p490_foilpm8	rg03_theta12p490_foilpm8	-8.0	0.0	5.0	1	4	153	122	31
rg03_theta12p490_foilpm8	rg03_theta12p490_foilpm8	-8.0	0.0	5.0	1	5	206	164	42
rg03_theta12p490_foilpm8	rg03_theta12p490_foilpm8	-8.0	0.0	5.0	1	6	209	167	42
rg03_theta12p490_foilpm8	rg03_theta12p490_foilpm8	-8.0	0.0	5.0	2	1	30	24	6
rg03_theta12p490_foilpm8	rg03_theta12p490_foilpm8	-8.0	0.0	5.0	2	2	83	66	17
rg03_theta12p490_foilpm8	rg03_theta12p490_foilpm8	-8.0	0.0	5.0	2	4	191	152	39
rg03_theta12p490_foilpm8	rg03_theta12p490_foilpm8	-8.0	0.0	5.0	2	5	261	208	53
rg03_theta12p490_foilpm8	rg03_theta12p490_foilpm8	-8.0	0.0	5.0	2	6	284	227	57
rg03_theta12p490_foilpm8	rg03_theta12p490_foilpm8	-8.0	0.0	5.0	3	1	50	40	10
rg03_theta12p490_foilpm8	rg03_theta12p490_foilpm8	-8.0	0.0	5.0	3	2	121	96	25
rg03_theta12p490_foilpm8	rg03_theta12p490_foilpm8	-8.0	0.0	5.0	3	3	177	141	36
rg03_theta12p490_foilpm8	rg03_theta12p490_foilpm8	-8.0	0.0	5.0	3	4	221	176	45
rg03_theta12p490_foilpm8	rg03_theta12p490_foilpm8	-8.0	0.0	5.0	3	5	285	228	57
rg03_theta12p490_foilpm8	rg03_theta12p490_foilpm8	-8.0	0.0	5.0	3	6	388	310	78
rg03_theta12p490_foilpm8	rg03_theta12p490_foilpm8	-8.0	0.0	5.0	4	1	69	55	14
rg03_theta12p490_foilpm8	rg03_theta12p490_foilpm8	-8.0	0.0	5.0	4	2	117	93	24
rg03_theta12p490_foilpm8	rg03_theta12p490_foilpm8	-8.0	0.0	5.0	4	3	185	148	37
rg03_theta12p490_foilpm8	rg03_theta12p490_foilpm8	-8.0	0.0	5.0	4	4	72	57	15
rg03_theta12p490_foilpm8	rg03_theta12p490_foilpm8	-8.0	0.0	5.0	4	5	306	244	62
rg03_theta12p490_foilpm8	rg03_theta12p490_foilpm8	-8.0	0.0	5.0	4	6	420	336	84
rg03_theta12p490_foilpm8	rg03_theta12p490_foilpm8	-8.0	0.0	5.0	5	1	65	52	13
rg03_theta12p490_foilpm8	rg03_theta12p490_foilpm8	-8.0	0.0	5.0	5	2	119	95	24
rg03_theta12p490_foilpm8	rg03_theta12p490_foilpm8	-8.0	0.0	5.0	5	3	157	125	32
rg03_theta12p490_foilpm8	rg03_theta12p490_foilpm8	-8.0	0.0	5.0	5	4	193	154	39
rg03_theta12p490_foilpm8	rg03_theta12p490_foilpm8	-8.0	0.0	5.0	5	6	394	315	79
rg03_theta12p490_foilpm8	rg03_theta12p490_foilpm8	-8.0	0.0	5.0	6	1	52	41	11
rg03_theta12p490_foilpm8	rg03_theta12p490_foilpm8	-8.0	0.0	5.0	6	2	86	68	18
rg03_theta12p490_foilpm8	rg03_theta12p490_foilpm8	-8.0	0.0	5.0	6	3	115	92	23
rg03_theta12p490_foilpm8	rg03_theta12p490_foilpm8	-8.0	0.0	5.0	6	4	168	134	34
rg03_theta12p490_foilpm8	rg03_theta12p490_foilpm8	-8.0	0.0	5.0	6	5	224	179	45
rg03_theta12p490_foilpm8	rg03_theta12p490_foilpm8	-8.0	0.0	5.0	6	6	314	251	63
rg03_theta12p490_foilpm8	rg03_theta12p490_foilpm8	-8.0	0.0	5.0	7	1	27	21	6
rg03_theta12p490_foilpm8	rg03_theta12p490_foilpm8	-8.0	0.0	5.0	7	2	56	44	12
rg03_theta12p490_foilpm8	rg03_theta12p490_foilpm8	-8.0	0.0	5.0	7	3	106	84	22
rg03_theta12p490_foilpm8	rg03_theta12p490_foilpm8	-8.0	0.0	5.0	7	4	155	124	31
rg03_theta12p490_foilpm8	rg03_theta12p490_foilpm8	-8.0	0.0	5.0	7	5	189	151	38
rg03_theta12p490_foilpm8	rg03_theta12p490_foilpm8	-8.0	0.0	5.0	7	6	285	228	57
rg03_theta12p490_foilpm8	rg03_theta12p490_foilpm8	-8.0	0.0	5.0	8	2	47	37	10
rg03_theta12p490_foilpm8	rg03_theta12p490_foilpm8	-8.0	0.0	5.0	8	3	83	66	17
rg03_theta12p490_foilpm8	rg03_theta12p490_foilpm8	-8.0	0.0	5.0	8	4	102	81	21
rg03_theta12p490_foilpm8	rg03_theta12p490_foilpm8	-8.0	0.0	5.0	8	5	160	128	32
rg03_theta12p490_foilpm8	rg03_theta12p490_foilpm8	-8.0	5.0	10.0	0	2	28	22	6
rg03_theta12p490_foilpm8	rg03_theta12p490_foilpm8	-8.0	5.0	10.0	0	3	51	40	11
rg03_theta12p490_foilpm8	rg03_theta12p490_foilpm8	-8.0	5.0	10.0	0	4	80	64	16
rg03_theta12p490_foilpm8	rg03_theta12p490_foilpm8	-8.0	5.0	10.0	0	5	120	96	24
rg03_theta12p490_foilpm8	rg03_theta12p490_foilpm8	-8.0	5.0	10.0	1	2	35	28	7
rg03_theta12p490_foilpm8	rg03_theta12p490_foilpm8	-8.0	5.0	10.0	1	3	65	52	13
rg03_theta12p490_foilpm8	rg03_theta12p490_foilpm8	-8.0	5.0	10.0	1	4	107	85	22
rg03_theta12p490_foilpm8	rg03_theta12p490_foilpm8	-8.0	5.0	10.0	1	5	144	115	29
rg03_theta12p490_foilpm8	rg03_theta12p490_foilpm8	-8.0	5.0	10.0	1	6	191	152	39
rg03_theta12p490_foilpm8	rg03_theta12p490_foilpm8	-8.0	5.0	10.0	2	1	18	14	4
rg03_theta12p490_foilpm8	rg03_theta12p490_foilpm8	-8.0	5.0	10.0	2	2	47	37	10
rg03_theta12p490_foilpm8	rg03_theta12p490_foilpm8	-8.0	5.0	10.0	2	4	147	117	30
rg03_theta12p490_foilpm8	rg03_theta12p490_foilpm8	-8.0	5.0	10.0	2	5	192	153	39
rg03_theta12p490_foilpm8	rg03_theta12p490_foilpm8	-8.0	5.0	10.0	2	6	237	189	48
rg03_theta12p490_foilpm8	rg03_theta12p490_foilpm8	-8.0	5.0	10.0	3	1	45	36	9
rg03_theta12p490_foilpm8	rg03_theta12p490_foilpm8	-8.0	5.0	10.0	3	2	45	36	9
rg03_theta12p490_foilpm8	rg03_theta12p490_foilpm8	-8.0	5.0	10.0	3	3	113	90	23
rg03_theta12p490_foilpm8	rg03_theta12p490_foilpm8	-8.0	5.0	10.0	3	4	161	128	33
rg03_theta12p490_foilpm8	rg03_theta12p490_foilpm8	-8.0	5.0	10.0	3	5	216	172	44
rg03_theta12p490_foilpm8	rg03_theta12p490_foilpm8	-8.0	5.0	10.0	3	6	289	231	58
rg03_theta12p490_foilpm8	rg03_theta12p490_foilpm8	-8.0	5.0	10.0	4	1	51	40	11
rg03_theta12p490_foilpm8	rg03_theta12p490_foilpm8	-8.0	5.0	10.0	4	2	61	48	13
rg03_theta12p490_foilpm8	rg03_theta12p490_foilpm8	-8.0	5.0	10.0	4	3	110	88	22
rg03_theta12p490_foilpm8	rg03_theta12p490_foilpm8	-8.0	5.0	10.0	4	4	38	30	8
rg03_theta12p490_foilpm8	rg03_theta12p490_foilpm8	-8.0	5.0	10.0	4	5	228	182	46
rg03_theta12p490_foilpm8	rg03_theta12p490_foilpm8	-8.0	5.0	10.0	4	6	300	240	60
rg03_theta12p490_foilpm8	rg03_theta12p490_foilpm8	-8.0	5.0	10.0	5	1	29	23	6
rg03_theta12p490_foilpm8	rg03_theta12p490_foilpm8	-8.0	5.0	10.0	5	2	57	45	12
rg03_theta12p490_foilpm8	rg03_theta12p490_foilpm8	-8.0	5.0	10.0	5	3	102	81	21
rg03_theta12p490_foilpm8	rg03_theta12p490_foilpm8	-8.0	5.0	10.0	5	4	148	118	30
rg03_theta12p490_foilpm8	rg03_theta12p490_foilpm8	-8.0	5.0	10.0	5	6	284	227	57
rg03_theta12p490_foilpm8	rg03_theta12p490_foilpm8	-8.0	5.0	10.0	6	1	22	17	5
rg03_theta12p490_foilpm8	rg03_theta12p490_foilpm8	-8.0	5.0	10.0	6	2	59	47	12
rg03_theta12p490_foilpm8	rg03_theta12p490_foilpm8	-8.0	5.0	10.0	6	3	87	69	18
rg03_theta12p490_foilpm8	rg03_theta12p490_foilpm8	-8.0	5.0	10.0	6	4	145	116	29
rg03_theta12p490_foilpm8	rg03_theta12p490_foilpm8	-8.0	5.0	10.0	6	5	183	146	37
rg03_theta12p490_foilpm8	rg03_theta12p490_foilpm8	-8.0	5.0	10.0	6	6	270	216	54
rg03_theta12p490_foilpm8	rg03_theta12p490_foilpm8	-8.0	5.0	10.0	7	1	9	7	2
rg03_theta12p490_foilpm8	rg03_theta12p490_foilpm8	-8.0	5.0	10.0	7	2	33	26	7
rg03_theta12p490_foilpm8	rg03_theta12p490_foilpm8	-8.0	5.0	10.0	7	3	64	51	13
rg03_theta12p490_foilpm8	rg03_theta12p490_foilpm8	-8.0	5.0	10.0	7	4	97	77	20
rg03_theta12p490_foilpm8	rg03_theta12p490_foilpm8	-8.0	5.0	10.0	7	5	159	127	32
rg03_theta12p490_foilpm8	rg03_theta12p490_foilpm8	-8.0	5.0	10.0	7	6	171	136	35
rg03_theta12p490_foilpm8	rg03_theta12p490_foilpm8	-8.0	5.0	10.0	8	2	13	10	3
rg03_theta12p490_foilpm8	rg03_theta12p490_foilpm8	-8.0	5.0	10.0	8	3	43	34	9
rg03_theta12p490_foilpm8	rg03_theta12p490_foilpm8	-8.0	5.0	10.0	8	4	71	56	15
rg03_theta12p490_foilpm8	rg03_theta12p490_foilpm8	-8.0	5.0	10.0	8	5	116	92	24
rg03_theta12p490_foilpm8	rg03_theta12p490_foilpm8	8.0	-10.0	-8.0	0	3	28	22	6
rg03_theta12p490_foilpm8	rg03_theta12p490_foilpm8	8.0	-10.0	-8.0	0	4	29	23	6
rg03_theta12p490_foilpm8	rg03_theta12p490_foilpm8	8.0	-10.0	-8.0	0	5	48	38	10
rg03_theta12p490_foilpm8	rg03_theta12p490_foilpm8	8.0	-10.0	-8.0	0	6	66	52	14
rg03_theta12p490_foilpm8	rg03_theta12p490_foilpm8	8.0	-10.0	-8.0	1	2	10	8	2
rg03_theta12p490_foilpm8	rg03_theta12p490_foilpm8	8.0	-10.0	-8.0	1	3	38	30	8
rg03_theta12p490_foilpm8	rg03_theta12p490_foilpm8	8.0	-10.0	-8.0	1	4	52	41	11
rg03_theta12p490_foilpm8	rg03_theta12p490_foilpm8	8.0	-10.0	-8.0	1	5	60	48	12
rg03_theta12p490_foilpm8	rg03_theta12p490_foilpm8	8.0	-10.0	-8.0	1	6	77	61	16
rg03_theta12p490_foilpm8	rg03_theta12p490_foilpm8	8.0	-10.0	-8.0	1	7	48	38	10
rg03_theta12p490_foilpm8	rg03_theta12p490_foilpm8	8.0	-10.0	-8.0	2	2	32	25	7
rg03_theta12p490_foilpm8	rg03_theta12p490_foilpm8	8.0	-10.0	-8.0	2	4	61	48	13
rg03_theta12p490_foilpm8	rg03_theta12p490_foilpm8	8.0	-10.0	-8.0	2	5	92	73	19
rg03_theta12p490_foilpm8	rg03_theta12p490_foilpm8	8.0	-10.0	-8.0	2	6	99	79	20
rg03_theta12p490_foilpm8	rg03_theta12p490_foilpm8	8.0	-10.0	-8.0	2	7	77	61	16
rg03_theta12p490_foilpm8	rg03_theta12p490_foilpm8	8.0	-10.0	-8.0	3	2	39	31	8
rg03_theta12p490_foilpm8	rg03_theta12p490_foilpm8	8.0	-10.0	-8.0	3	3	58	46	12
rg03_theta12p490_foilpm8	rg03_theta12p490_foilpm8	8.0	-10.0	-8.0	3	4	87	69	18
rg03_theta12p490_foilpm8	rg03_theta12p490_foilpm8	8.0	-10.0	-8.0	3	5	113	90	23
rg03_theta12p490_foilpm8	rg03_theta12p490_foilpm8	8.0	-10.0	-8.0	3	6	120	96	24
rg03_theta12p490_foilpm8	rg03_theta12p490_foilpm8	8.0	-10.0	-8.0	3	7	149	119	30
rg03_theta12p490_foilpm8	rg03_theta12p490_foilpm8	8.0	-10.0	-8.0	4	2	28	22	6
rg03_theta12p490_foilpm8	rg03_theta12p490_foilpm8	8.0	-10.0	-8.0	4	3	57	45	12
rg03_theta12p490_foilpm8	rg03_theta12p490_foilpm8	8.0	-10.0	-8.0	4	4	22	17	5
rg03_theta12p490_foilpm8	rg03_theta12p490_foilpm8	8.0	-10.0	-8.0	4	5	111	88	23
rg03_theta12p490_foilpm8	rg03_theta12p490_foilpm8	8.0	-10.0	-8.0	4	6	120	96	24
rg03_theta12p490_foilpm8	rg03_theta12p490_foilpm8	8.0	-10.0	-8.0	4	7	150	120	30
rg03_theta12p490_foilpm8	rg03_theta12p490_foilpm8	8.0	-10.0	-8.0	5	2	32	25	7
rg03_theta12p490_foilpm8	rg03_theta12p490_foilpm8	8.0	-10.0	-8.0	5	3	53	42	11
rg03_theta12p490_foilpm8	rg03_theta12p490_foilpm8	8.0	-10.0	-8.0	5	4	91	72	19
rg03_theta12p490_foilpm8	rg03_theta12p490_foilpm8	8.0	-10.0	-8.0	5	6	134	107	27
rg03_theta12p490_foilpm8	rg03_theta12p490_foilpm8	8.0	-10.0	-8.0	5	7	138	110	28
rg03_theta12p490_foilpm8	rg03_theta12p490_foilpm8	8.0	-10.0	-8.0	6	2	16	12	4
rg03_theta12p490_foilpm8	rg03_theta12p490_foilpm8	8.0	-10.0	-8.0	6	3	43	34	9
rg03_theta12p490_foilpm8	rg03_theta12p490_foilpm8	8.0	-10.0	-8.0	6	4	70	56	14
rg03_theta12p490_foilpm8	rg03_theta12p490_foilpm8	8.0	-10.0	-8.0	6	5	78	62	16
rg03_theta12p490_foilpm8	rg03_theta12p490_foilpm8	8.0	-10.0	-8.0	6	6	106	84	22
rg03_theta12p490_foilpm8	rg03_theta12p490_foilpm8	8.0	-10.0	-8.0	6	7	110	88	22
rg03_theta12p490_foilpm8	rg03_theta12p490_foilpm8	8.0	-10.0	-8.0	7	3	21	16	5
rg03_theta12p490_foilpm8	rg03_theta12p490_foilpm8	8.0	-10.0	-8.0	7	4	47	37	10
rg03_theta12p490_foilpm8	rg03_theta12p490_foilpm8	8.0	-10.0	-8.0	7	5	63	50	13
rg03_theta12p490_foilpm8	rg03_theta12p490_foilpm8	8.0	-10.0	-8.0	7	6	89	71	18
rg03_theta12p490_foilpm8	rg03_theta12p490_foilpm8	8.0	-10.0	-8.0	7	7	75	60	15
rg03_theta12p490_foilpm8	rg03_theta12p490_foilpm8	8.0	-10.0	-8.0	8	5	38	30	8
rg03_theta12p490_foilpm8	rg03_theta12p490_foilpm8	8.0	-10.0	-8.0	8	6	47	37	10
rg03_theta12p490_foilpm8	rg03_theta12p490_foilpm8	8.0	-8.0	-5.0	0	3	31	24	7
rg03_theta12p490_foilpm8	rg03_theta12p490_foilpm8	8.0	-8.0	-5.0	0	4	39	31	8
rg03_theta12p490_foilpm8	rg03_theta12p490_foilpm8	8.0	-8.0	-5.0	0	5	72	57	15
rg03_theta12p490_foilpm8	rg03_theta12p490_foilpm8	8.0	-8.0	-5.0	0	6	72	57	15
rg03_theta12p490_foilpm8	rg03_theta12p490_foilpm8	8.0	-8.0	-5.0	1	2	16	12	4
rg03_theta12p490_foilpm8	rg03_theta12p490_foilpm8	8.0	-8.0	-5.0	1	3	46	36	10
rg03_theta12p490_foilpm8	rg03_theta12p490_foilpm8	8.0	-8.0	-5.0	1	4	69	55	14
rg03_theta12p490_foilpm8	rg03_theta12p490_foilpm8	8.0	-8.0	-5.0	1	5	98	78	20
rg03_theta12p490_foilpm8	rg03_theta12p490_foilpm8	8.0	-8.0	-5.0	1	6	120	96	24
rg03_theta12p490_foilpm8	rg03_theta12p490_foilpm8	8.0	-8.0	-5.0	1	7	129	103	26
rg03_theta12p490_foilpm8	rg03_theta12p490_foilpm8	8.0	-8.0	-5.0	2	2	41	32	9
rg03_theta12p490_foilpm8	rg03_theta12p490_foilpm8	8.0	-8.0	-5.0	2	4	83	66	17
rg03_theta12p490_foilpm8	rg03_theta12p490_foilpm8	8.0	-8.0	-5.0	2	5	139	111	28
rg03_theta12p490_foilpm8	rg03_theta12p490_foilpm8	8.0	-8.0	-5.0	2	6	169	135	34
rg03_theta12p490_foilpm8	rg03_theta12p490_foilpm8	8.0	-8.0	-5.0	2	7	189	151	38
rg03_theta12p490_foilpm8	rg03_theta12p490_foilpm8	8.0	-8.0	-5.0	3	2	41	32	9
rg03_theta12p490_foilpm8	rg03_theta12p490_foilpm8	8.0	-8.0	-5.0	3	3	74	59	15
rg03_theta12p490_foilpm8	rg03_theta12p490_foilpm8	8.0	-8.0	-5.0	3	4	93	74	19
rg03_theta12p490_foilpm8	rg03_theta12p490_foilpm8	8.0	-8.0	-5.0	3	5	154	123	31
rg03_theta12p490_foilpm8	rg03_theta12p490_foilpm8	8.0	-8.0	-5.0	3	6	187	149	38
rg03_theta12p490_foilpm8	rg03_theta12p490_foilpm8	8.0	-8.0	-5.0	3	7	231	184	47
rg03_theta12p490_foilpm8	rg03_theta12p490_foilpm8	8.0	-8.0	-5.0	4	2	49	39	10
rg03_theta12p490_foilpm8	rg03_theta12p490_foilpm8	8.0	-8.0	-5.0	4	3	79	63	16
rg03_theta12p490_foilpm8	rg03_theta12p490_foilpm8	8.0	-8.0	-5.0	4	4	30	24	6
rg03_theta12p490_foilpm8	rg03_theta12p490_foilpm8	8.0	-8.0	-5.0	4	5	184	147	37
rg03_theta12p490_foilpm8	rg03_theta12p490_foilpm8	8.0	-8.0	-5.0	4	6	225	180	45
rg03_theta12p490_foilpm8	rg03_theta12p490_foilpm8	8.0	-8.0	-5.0	4	7	231	184	47
rg03_theta12p490_foilpm8	rg03_theta12p490_foilpm8	8.0	-8.0	-5.0	5	2	50	40	10
rg03_theta12p490_foilpm8	rg03_theta12p490_foilpm8	8.0	-8.0	-5.0	5	3	67	53	14
rg03_theta12p490_foilpm8	rg03_theta12p490_foilpm8	8.0	-8.0	-5.0	5	4	112	89	23
rg03_theta12p490_foilpm8	rg03_theta12p490_foilpm8	8.0	-8.0	-5.0	5	6	204	163	41
rg03_theta12p490_foilpm8	rg03_theta12p490_foilpm8	8.0	-8.0	-5.0	5	7	231	184	47
rg03_theta12p490_foilpm8	rg03_theta12p490_foilpm8	8.0	-8.0	-5.0	6	2	31	24	7
rg03_theta12p490_foilpm8	rg03_theta12p490_foilpm8	8.0	-8.0	-5.0	6	3	59	47	12
rg03_theta12p490_foilpm8	rg03_theta12p490_foilpm8	8.0	-8.0	-5.0	6	4	107	85	22
rg03_theta12p490_foilpm8	rg03_theta12p490_foilpm8	8.0	-8.0	-5.0	6	5	131	104	27
rg03_theta12p490_foilpm8	rg03_theta12p490_foilpm8	8.0	-8.0	-5.0	6	6	182	145	37
rg03_theta12p490_foilpm8	rg03_theta12p490_foilpm8	8.0	-8.0	-5.0	6	7	230	184	46
rg03_theta12p490_foilpm8	rg03_theta12p490_foilpm8	8.0	-8.0	-5.0	7	2	25	20	5
rg03_theta12p490_foilpm8	rg03_theta12p490_foilpm8	8.0	-8.0	-5.0	7	3	54	43	11
rg03_theta12p490_foilpm8	rg03_theta12p490_foilpm8	8.0	-8.0	-5.0	7	4	74	59	15
rg03_theta12p490_foilpm8	rg03_theta12p490_foilpm8	8.0	-8.0	-5.0	7	5	110	88	22
rg03_theta12p490_foilpm8	rg03_theta12p490_foilpm8	8.0	-8.0	-5.0	7	6	117	93	24
rg03_theta12p490_foilpm8	rg03_theta12p490_foilpm8	8.0	-8.0	-5.0	7	7	136	108	28
rg03_theta12p490_foilpm8	rg03_theta12p490_foilpm8	8.0	-8.0	-5.0	8	3	32	25	7
rg03_theta12p490_foilpm8	rg03_theta12p490_foilpm8	8.0	-8.0	-5.0	8	4	49	39	10
rg03_theta12p490_foilpm8	rg03_theta12p490_foilpm8	8.0	-8.0	-5.0	8	5	64	51	13
rg03_theta12p490_foilpm8	rg03_theta12p490_foilpm8	8.0	-8.0	-5.0	8	6	88	70	18
rg03_theta12p490_foilpm8	rg03_theta12p490_foilpm8	8.0	-5.0	0.0	0	3	23	18	5
rg03_theta12p490_foilpm8	rg03_theta12p490_foilpm8	8.0	-5.0	0.0	0	4	41	32	9
rg03_theta12p490_foilpm8	rg03_theta12p490_foilpm8	8.0	-5.0	0.0	0	5	92	73	19
rg03_theta12p490_foilpm8	rg03_theta12p490_foilpm8	8.0	-5.0	0.0	0	6	113	90	23
rg03_theta12p490_foilpm8	rg03_theta12p490_foilpm8	8.0	-5.0	0.0	1	2	22	17	5
rg03_theta12p490_foilpm8	rg03_theta12p490_foilpm8	8.0	-5.0	0.0	1	3	43	34	9
rg03_theta12p490_foilpm8	rg03_theta12p490_foilpm8	8.0	-5.0	0.0	1	4	103	82	21
rg03_theta12p490_foilpm8	rg03_theta12p490_foilpm8	8.0	-5.0	0.0	1	5	150	120	30
rg03_theta12p490_foilpm8	rg03_theta12p490_foilpm8	8.0	-5.0	0.0	1	6	175	140	35
rg03_theta12p490_foilpm8	rg03_theta12p490_foilpm8	8.0	-5.0	0.0	1	7	228	182	46
rg03_theta12p490_foilpm8	rg03_theta12p490_foilpm8	8.0	-5.0	0.0	2	2	43	34	9
rg03_theta12p490_foilpm8	rg03_theta12p490_foilpm8	8.0	-5.0	0.0	2	4	110	88	22
rg03_theta12p490_foilpm8	rg03_theta12p490_foilpm8	8.0	-5.0	0.0	2	5	202	161	41
rg03_theta12p490_foilpm8	rg03_theta12p490_foilpm8	8.0	-5.0	0.0	2	6	272	217	55
rg03_theta12p490_foilpm8	rg03_theta12p490_foilpm8	8.0	-5.0	0.0	2	7	329	263	66
rg03_theta12p490_foilpm8	rg03_theta12p490_foilpm8	8.0	-5.0	0.0	3	2	66	52	14
rg03_theta12p490_foilpm8	rg03_theta12p490_foilpm8	8.0	-5.0	0.0	3	3	71	56	15
rg03_theta12p490_foilpm8	rg03_theta12p490_foilpm8	8.0	-5.0	0.0	3	4	156	124	32
rg03_theta12p490_foilpm8	rg03_theta12p490_foilpm8	8.0	-5.0	0.0	3	5	231	184	47
rg03_theta12p490_foilpm8	rg03_theta12p490_foilpm8	8.0	-5.0	0.0	3	6	324	259	65
rg03_theta12p490_foilpm8	rg03_theta12p490_foilpm8	8.0	-5.0	0.0	3	7	359	287	72
rg03_theta12p490_foilpm8	rg03_theta12p490_foilpm8	8.0	-5.0	0.0	4	2	57	45	12
rg03_theta12p490_foilpm8	rg03_theta12p490_foilpm8	8.0	-5.0	0.0	4	3	91	72	19
rg03_theta12p490_foilpm8	rg03_theta12p490_foilpm8	8.0	-5.0	0.0	4	4	47	37	10
rg03_theta12p490_foilpm8	rg03_theta12p490_foilpm8	8.0	-5.0	0.0	4	5	255	204	51
rg03_theta12p490_foilpm8	rg03_theta12p490_foilpm8	8.0	-5.0	0.0	4	6	386	308	78
rg03_theta12p490_foilpm8	rg03_theta12p490_foilpm8	8.0	-5.0	0.0	4	7	439	351	88
rg03_theta12p490_foilpm8	rg03_theta12p490_foilpm8	8.0	-5.0	0.0	5	2	49	39	10
rg03_theta12p490_foilpm8	rg03_theta12p490_foilpm8	8.0	-5.0	0.0	5	3	95	76	19
rg03_theta12p490_foilpm8	rg03_theta12p490_foilpm8	8.0	-5.0	0.0	5	4	167	133	34
rg03_theta12p490_foilpm8	rg03_theta12p490_foilpm8	8.0	-5.0	0.0	5	6	332	265	67
rg03_theta12p490_foilpm8	rg03_theta12p490_foilpm8	8.0	-5.0	0.0	5	7	390	312	78
rg03_theta12p490_foilpm8	rg03_theta12p490_foilpm8	8.0	-5.0	0.0	6	2	42	33	9
rg03_theta12p490_foilpm8	rg03_theta12p490_foilpm8	8.0	-5.0	0.0	6	3	79	63	16
rg03_theta12p490_foilpm8	rg03_theta12p490_foilpm8	8.0	-5.0	0.0	6	4	149	119	30
rg03_theta12p490_foilpm8	rg03_theta12p490_foilpm8	8.0	-5.0	0.0	6	5	199	159	40
rg03_theta12p490_foilpm8	rg03_theta12p490_foilpm8	8.0	-5.0	0.0	6	6	304	243	61
rg03_theta12p490_foilpm8	rg03_theta12p490_foilpm8	8.0	-5.0	0.0	6	7	377	301	76
rg03_theta12p490_foilpm8	rg03_theta12p490_foilpm8	8.0	-5.0	0.0	7	2	21	16	5
rg03_theta12p490_foilpm8	rg03_theta12p490_foilpm8	8.0	-5.0	0.0	7	3	69	55	14
rg03_theta12p490_foilpm8	rg03_theta12p490_foilpm8	8.0	-5.0	0.0	7	4	134	107	27
rg03_theta12p490_foilpm8	rg03_theta12p490_foilpm8	8.0	-5.0	0.0	7	5	154	123	31
rg03_theta12p490_foilpm8	rg03_theta12p490_foilpm8	8.0	-5.0	0.0	7	6	213	170	43
rg03_theta12p490_foilpm8	rg03_theta12p490_foilpm8	8.0	-5.0	0.0	7	7	229	183	46
rg03_theta12p490_foilpm8	rg03_theta12p490_foilpm8	8.0	-5.0	0.0	8	3	44	35	9
rg03_theta12p490_foilpm8	rg03_theta12p490_foilpm8	8.0	-5.0	0.0	8	4	86	68	18
rg03_theta12p490_foilpm8	rg03_theta12p490_foilpm8	8.0	-5.0	0.0	8	5	102	81	21
rg03_theta12p490_foilpm8	rg03_theta12p490_foilpm8	8.0	-5.0	0.0	8	6	157	125	32
rg03_theta12p490_foilpm8	rg03_theta12p490_foilpm8	8.0	0.0	5.0	0	3	15	12	3
rg03_theta12p490_foilpm8	rg03_theta12p490_foilpm8	8.0	0.0	5.0	0	4	26	20	6
rg03_theta12p490_foilpm8	rg03_theta12p490_foilpm8	8.0	0.0	5.0	0	5	73	58	15
rg03_theta12p490_foilpm8	rg03_theta12p490_foilpm8	8.0	0.0	5.0	0	6	103	82	21
rg03_theta12p490_foilpm8	rg03_theta12p490_foilpm8	8.0	0.0	5.0	1	2	22	17	5
rg03_theta12p490_foilpm8	rg03_theta12p490_foilpm8	8.0	0.0	5.0	1	3	30	24	6
rg03_theta12p490_foilpm8	rg03_theta12p490_foilpm8	8.0	0.0	5.0	1	4	59	47	12
rg03_theta12p490_foilpm8	rg03_theta12p490_foilpm8	8.0	0.0	5.0	1	5	101	80	21
rg03_theta12p490_foilpm8	rg03_theta12p490_foilpm8	8.0	0.0	5.0	1	6	167	133	34
rg03_theta12p490_foilpm8	rg03_theta12p490_foilpm8	8.0	0.0	5.0	1	7	180	144	36
rg03_theta12p490_foilpm8	rg03_theta12p490_foilpm8	8.0	0.0	5.0	2	2	26	20	6
rg03_theta12p490_foilpm8	rg03_theta12p490_foilpm8	8.0	0.0	5.0	2	4	97	77	20
rg03_theta12p490_foilpm8	rg03_theta12p490_foilpm8	8.0	0.0	5.0	2	5	143	114	29
rg03_theta12p490_foilpm8	rg03_theta12p490_foilpm8	8.0	0.0	5.0	2	6	213	170	43
rg03_theta12p490_foilpm8	rg03_theta12p490_foilpm8	8.0	0.0	5.0	2	7	255	204	51
rg03_theta12p490_foilpm8	rg03_theta12p490_foilpm8	8.0	0.0	5.0	3	2	41	32	9
rg03_theta12p490_foilpm8	rg03_theta12p490_foilpm8	8.0	0.0	5.0	3	3	63	50	13
rg03_theta12p490_foilpm8	rg03_theta12p490_foilpm8	8.0	0.0	5.0	3	4	125	100	25
rg03_theta12p490_foilpm8	rg03_theta12p490_foilpm8	8.0	0.0	5.0	3	5	179	143	36
rg03_theta12p490_foilpm8	rg03_theta12p490_foilpm8	8.0	0.0	5.0	3	6	286	228	58
rg03_theta12p490_foilpm8	rg03_theta12p490_foilpm8	8.0	0.0	5.0	3	7	368	294	74
rg03_theta12p490_foilpm8	rg03_theta12p490_foilpm8	8.0	0.0	5.0	4	2	30	24	6
rg03_theta12p490_foilpm8	rg03_theta12p490_foilpm8	8.0	0.0	5.0	4	3	57	45	12
rg03_theta12p490_foilpm8	rg03_theta12p490_foilpm8	8.0	0.0	5.0	4	4	26	20	6
rg03_theta12p490_foilpm8	rg03_theta12p490_foilpm8	8.0	0.0	5.0	4	5	216	172	44
rg03_theta12p490_foilpm8	rg03_theta12p490_foilpm8	8.0	0.0	5.0	4	6	284	227	57
rg03_theta12p490_foilpm8	rg03_theta12p490_foilpm8	8.0	0.0	5.0	4	7	382	305	77
rg03_theta12p490_foilpm8	rg03_theta12p490_foilpm8	8.0	0.0	5.0	5	2	9	7	2
rg03_theta12p490_foilpm8	rg03_theta12p490_foilpm8	8.0	0.0	5.0	5	3	60	48	12
rg03_theta12p490_foilpm8	rg03_theta12p490_foilpm8	8.0	0.0	5.0	5	4	131	104	27
rg03_theta12p490_foilpm8	rg03_theta12p490_foilpm8	8.0	0.0	5.0	5	6	299	239	60
rg03_theta12p490_foilpm8	rg03_theta12p490_foilpm8	8.0	0.0	5.0	5	7	351	280	71
rg03_theta12p490_foilpm8	rg03_theta12p490_foilpm8	8.0	0.0	5.0	6	2	9	7	2
rg03_theta12p490_foilpm8	rg03_theta12p490_foilpm8	8.0	0.0	5.0	6	3	50	40	10
rg03_theta12p490_foilpm8	rg03_theta12p490_foilpm8	8.0	0.0	5.0	6	4	96	76	20
rg03_theta12p490_foilpm8	rg03_theta12p490_foilpm8	8.0	0.0	5.0	6	5	162	129	33
rg03_theta12p490_foilpm8	rg03_theta12p490_foilpm8	8.0	0.0	5.0	6	6	216	172	44
rg03_theta12p490_foilpm8	rg03_theta12p490_foilpm8	8.0	0.0	5.0	6	7	296	236	60
rg03_theta12p490_foilpm8	rg03_theta12p490_foilpm8	8.0	0.0	5.0	7	2	13	10	3
rg03_theta12p490_foilpm8	rg03_theta12p490_foilpm8	8.0	0.0	5.0	7	3	43	34	9
rg03_theta12p490_foilpm8	rg03_theta12p490_foilpm8	8.0	0.0	5.0	7	4	66	52	14
rg03_theta12p490_foilpm8	rg03_theta12p490_foilpm8	8.0	0.0	5.0	7	5	112	89	23
rg03_theta12p490_foilpm8	rg03_theta12p490_foilpm8	8.0	0.0	5.0	7	6	172	137	35
rg03_theta12p490_foilpm8	rg03_theta12p490_foilpm8	8.0	0.0	5.0	7	7	222	177	45
rg03_theta12p490_foilpm8	rg03_theta12p490_foilpm8	8.0	0.0	5.0	8	3	36	28	8
rg03_theta12p490_foilpm8	rg03_theta12p490_foilpm8	8.0	0.0	5.0	8	4	54	43	11
rg03_theta12p490_foilpm8	rg03_theta12p490_foilpm8	8.0	0.0	5.0	8	5	73	58	15
rg03_theta12p490_foilpm8	rg03_theta12p490_foilpm8	8.0	0.0	5.0	8	6	118	94	24
rg03_theta12p490_foilpm8	rg03_theta12p490_foilpm8	8.0	5.0	10.0	0	4	24	19	5
rg03_theta12p490_foilpm8	rg03_theta12p490_foilpm8	8.0	5.0	10.0	0	5	46	36	10
rg03_theta12p490_foilpm8	rg03_theta12p490_foilpm8	8.0	5.0	10.0	0	6	63	50	13
rg03_theta12p490_foilpm8	rg03_theta12p490_foilpm8	8.0	5.0	10.0	1	3	18	14	4
rg03_theta12p490_foilpm8	rg03_theta12p490_foilpm8	8.0	5.0	10.0	1	4	29	23	6
rg03_theta12p490_foilpm8	rg03_theta12p490_foilpm8	8.0	5.0	10.0	1	5	83	66	17
rg03_theta12p490_foilpm8	rg03_theta12p490_foilpm8	8.0	5.0	10.0	1	6	128	102	26
rg03_theta12p490_foilpm8	rg03_theta12p490_foilpm8	8.0	5.0	10.0	1	7	128	102	26
rg03_theta12p490_foilpm8	rg03_theta12p490_foilpm8	8.0	5.0	10.0	2	2	18	14	4
rg03_theta12p490_foilpm8	rg03_theta12p490_foilpm8	8.0	5.0	10.0	2	4	60	48	12
rg03_theta12p490_foilpm8	rg03_theta12p490_foilpm8	8.0	5.0	10.0	2	5	96	76	20
rg03_theta12p490_foilpm8	rg03_theta12p490_foilpm8	8.0	5.0	10.0	2	6	138	110	28
rg03_theta12p490_foilpm8	rg03_theta12p490_foilpm8	8.0	5.0	10.0	2	7	207	165	42
rg03_theta12p490_foilpm8	rg03_theta12p490_foilpm8	8.0	5.0	10.0	3	2	15	12	3
rg03_theta12p490_foilpm8	rg03_theta12p490_foilpm8	8.0	5.0	10.0	3	3	42	33	9
rg03_theta12p490_foilpm8	rg03_theta12p490_foilpm8	8.0	5.0	10.0	3	4	78	62	16
rg03_theta12p490_foilpm8	rg03_theta12p490_foilpm8	8.0	5.0	10.0	3	5	136	108	28
rg03_theta12p490_foilpm8	rg03_theta12p490_foilpm8	8.0	5.0	10.0	3	6	192	153	39
rg03_theta12p490_foilpm8	rg03_theta12p490_foilpm8	8.0	5.0	10.0	3	7	265	212	53
rg03_theta12p490_foilpm8	rg03_theta12p490_foilpm8	8.0	5.0	10.0	4	2	17	13	4
rg03_theta12p490_foilpm8	rg03_theta12p490_foilpm8	8.0	5.0	10.0	4	3	29	23	6
rg03_theta12p490_foilpm8	rg03_theta12p490_foilpm8	8.0	5.0	10.0	4	4	23	18	5
rg03_theta12p490_foilpm8	rg03_theta12p490_foilpm8	8.0	5.0	10.0	4	5	126	100	26
rg03_theta12p490_foilpm8	rg03_theta12p490_foilpm8	8.0	5.0	10.0	4	6	212	169	43
rg03_theta12p490_foilpm8	rg03_theta12p490_foilpm8	8.0	5.0	10.0	4	7	278	222	56
rg03_theta12p490_foilpm8	rg03_theta12p490_foilpm8	8.0	5.0	10.0	5	2	11	8	3
rg03_theta12p490_foilpm8	rg03_theta12p490_foilpm8	8.0	5.0	10.0	5	3	39	31	8
rg03_theta12p490_foilpm8	rg03_theta12p490_foilpm8	8.0	5.0	10.0	5	4	76	60	16
rg03_theta12p490_foilpm8	rg03_theta12p490_foilpm8	8.0	5.0	10.0	5	6	186	148	38
rg03_theta12p490_foilpm8	rg03_theta12p490_foilpm8	8.0	5.0	10.0	5	7	270	216	54
rg03_theta12p490_foilpm8	rg03_theta12p490_foilpm8	8.0	5.0	10.0	6	2	10	8	2
rg03_theta12p490_foilpm8	rg03_theta12p490_foilpm8	8.0	5.0	10.0	6	3	25	20	5
rg03_theta12p490_foilpm8	rg03_theta12p490_foilpm8	8.0	5.0	10.0	6	4	51	40	11
rg03_theta12p490_foilpm8	rg03_theta12p490_foilpm8	8.0	5.0	10.0	6	5	101	80	21
rg03_theta12p490_foilpm8	rg03_theta12p490_foilpm8	8.0	5.0	10.0	6	6	171	136	35
rg03_theta12p490_foilpm8	rg03_theta12p490_foilpm8	8.0	5.0	10.0	6	7	242	193	49
rg03_theta12p490_foilpm8	rg03_theta12p490_foilpm8	8.0	5.0	10.0	7	2	6	4	2
rg03_theta12p490_foilpm8	rg03_theta12p490_foilpm8	8.0	5.0	10.0	7	3	31	24	7
rg03_theta12p490_foilpm8	rg03_theta12p490_foilpm8	8.0	5.0	10.0	7	4	30	24	6
rg03_theta12p490_foilpm8	rg03_theta12p490_foilpm8	8.0	5.0	10.0	7	5	63	50	13
rg03_theta12p490_foilpm8	rg03_theta12p490_foilpm8	8.0	5.0	10.0	7	6	113	90	23
rg03_theta12p490_foilpm8	rg03_theta12p490_foilpm8	8.0	5.0	10.0	7	7	159	127	32
rg03_theta12p490_foilpm8	rg03_theta12p490_foilpm8	8.0	5.0	10.0	8	4	23	18	5
rg03_theta12p490_foilpm8	rg03_theta12p490_foilpm8	8.0	5.0	10.0	8	5	39	31	8
rg03_theta12p490_foilpm8	rg03_theta12p490_foilpm8	8.0	5.0	10.0	8	6	62	49	13
rg04_theta15p195_foilpm3	rg04_theta15p195_foilpm3	-3.0	-10.0	-8.0	0	2	8	6	2
rg04_theta15p195_foilpm3	rg04_theta15p195_foilpm3	-3.0	-10.0	-8.0	0	3	16	12	4
rg04_theta15p195_foilpm3	rg04_theta15p195_foilpm3	-3.0	-10.0	-8.0	0	4	18	14	4
rg04_theta15p195_foilpm3	rg04_theta15p195_foilpm3	-3.0	-10.0	-8.0	0	5	13	10	3
rg04_theta15p195_foilpm3	rg04_theta15p195_foilpm3	-3.0	-10.0	-8.0	1	3	19	15	4
rg04_theta15p195_foilpm3	rg04_theta15p195_foilpm3	-3.0	-10.0	-8.0	1	4	24	19	5
rg04_theta15p195_foilpm3	rg04_theta15p195_foilpm3	-3.0	-10.0	-8.0	1	5	23	18	5
rg04_theta15p195_foilpm3	rg04_theta15p195_foilpm3	-3.0	-10.0	-8.0	2	2	15	12	3
rg04_theta15p195_foilpm3	rg04_theta15p195_foilpm3	-3.0	-10.0	-8.0	2	4	20	16	4
rg04_theta15p195_foilpm3	rg04_theta15p195_foilpm3	-3.0	-10.0	-8.0	2	5	18	14	4
rg04_theta15p195_foilpm3	rg04_theta15p195_foilpm3	-3.0	-10.0	-8.0	2	6	17	13	4
rg04_theta15p195_foilpm3	rg04_theta15p195_foilpm3	-3.0	-10.0	-8.0	3	2	15	12	3
rg04_theta15p195_foilpm3	rg04_theta15p195_foilpm3	-3.0	-10.0	-8.0	3	3	34	27	7
rg04_theta15p195_foilpm3	rg04_theta15p195_foilpm3	-3.0	-10.0	-8.0	3	4	34	27	7
rg04_theta15p195_foilpm3	rg04_theta15p195_foilpm3	-3.0	-10.0	-8.0	3	5	31	24	7
rg04_theta15p195_foilpm3	rg04_theta15p195_foilpm3	-3.0	-10.0	-8.0	3	6	36	28	8
rg04_theta15p195_foilpm3	rg04_theta15p195_foilpm3	-3.0	-10.0	-8.0	4	2	15	12	3
rg04_theta15p195_foilpm3	rg04_theta15p195_foilpm3	-3.0	-10.0	-8.0	4	3	22	17	5
rg04_theta15p195_foilpm3	rg04_theta15p195_foilpm3	-3.0	-10.0	-8.0	4	4	9	7	2
rg04_theta15p195_foilpm3	rg04_theta15p195_foilpm3	-3.0	-10.0	-8.0	4	5	38	30	8
rg04_theta15p195_foilpm3	rg04_theta15p195_foilpm3	-3.0	-10.0	-8.0	4	6	45	36	9
rg04_theta15p195_foilpm3	rg04_theta15p195_foilpm3	-3.0	-10.0	-8.0	5	2	23	18	5
rg04_theta15p195_foilpm3	rg04_theta15p195_foilpm3	-3.0	-10.0	-8.0	5	3	22	17	5
rg04_theta15p195_foilpm3	rg04_theta15p195_foilpm3	-3.0	-10.0	-8.0	5	4	36	28	8
rg04_theta15p195_foilpm3	rg04_theta15p195_foilpm3	-3.0	-10.0	-8.0	5	6	35	28	7
rg04_theta15p195_foilpm3	rg04_theta15p195_foilpm3	-3.0	-10.0	-8.0	6	2	7	5	2
rg04_theta15p195_foilpm3	rg04_theta15p195_foilpm3	-3.0	-10.0	-8.0	6	3	16	12	4
rg04_theta15p195_foilpm3	rg04_theta15p195_foilpm3	-3.0	-10.0	-8.0	6	4	23	18	5
rg04_theta15p195_foilpm3	rg04_theta15p195_foilpm3	-3.0	-10.0	-8.0	6	5	41	32	9
rg04_theta15p195_foilpm3	rg04_theta15p195_foilpm3	-3.0	-10.0	-8.0	6	6	41	32	9
rg04_theta15p195_foilpm3	rg04_theta15p195_foilpm3	-3.0	-10.0	-8.0	7	3	13	10	3
rg04_theta15p195_foilpm3	rg04_theta15p195_foilpm3	-3.0	-10.0	-8.0	7	4	14	11	3
rg04_theta15p195_foilpm3	rg04_theta15p195_foilpm3	-3.0	-10.0	-8.0	7	5	31	24	7
rg04_theta15p195_foilpm3	rg04_theta15p195_foilpm3	-3.0	-10.0	-8.0	7	6	31	24	7
rg04_theta15p195_foilpm3	rg04_theta15p195_foilpm3	-3.0	-10.0	-8.0	8	5	11	8	3
rg04_theta15p195_foilpm3	rg04_theta15p195_foilpm3	-3.0	-8.0	-5.0	0	2	11	8	3
rg04_theta15p195_foilpm3	rg04_theta15p195_foilpm3	-3.0	-8.0	-5.0	0	3	21	16	5
rg04_theta15p195_foilpm3	rg04_theta15p195_foilpm3	-3.0	-8.0	-5.0	0	4	31	24	7
rg04_theta15p195_foilpm3	rg04_theta15p195_foilpm3	-3.0	-8.0	-5.0	0	5	37	29	8
rg04_theta15p195_foilpm3	rg04_theta15p195_foilpm3	-3.0	-8.0	-5.0	1	2	19	15	4
rg04_theta15p195_foilpm3	rg04_theta15p195_foilpm3	-3.0	-8.0	-5.0	1	3	32	25	7
rg04_theta15p195_foilpm3	rg04_theta15p195_foilpm3	-3.0	-8.0	-5.0	1	4	40	32	8
rg04_theta15p195_foilpm3	rg04_theta15p195_foilpm3	-3.0	-8.0	-5.0	1	5	53	42	11
rg04_theta15p195_foilpm3	rg04_theta15p195_foilpm3	-3.0	-8.0	-5.0	1	6	19	15	4
rg04_theta15p195_foilpm3	rg04_theta15p195_foilpm3	-3.0	-8.0	-5.0	2	1	9	7	2
rg04_theta15p195_foilpm3	rg04_theta15p195_foilpm3	-3.0	-8.0	-5.0	2	2	18	14	4
rg04_theta15p195_foilpm3	rg04_theta15p195_foilpm3	-3.0	-8.0	-5.0	2	4	48	38	10
rg04_theta15p195_foilpm3	rg04_theta15p195_foilpm3	-3.0	-8.0	-5.0	2	5	54	43	11
rg04_theta15p195_foilpm3	rg04_theta15p195_foilpm3	-3.0	-8.0	-5.0	2	6	56	44	12
rg04_theta15p195_foilpm3	rg04_theta15p195_foilpm3	-3.0	-8.0	-5.0	3	2	27	21	6
rg04_theta15p195_foilpm3	rg04_theta15p195_foilpm3	-3.0	-8.0	-5.0	3	3	32	25	7
rg04_theta15p195_foilpm3	rg04_theta15p195_foilpm3	-3.0	-8.0	-5.0	3	4	61	48	13
rg04_theta15p195_foilpm3	rg04_theta15p195_foilpm3	-3.0	-8.0	-5.0	3	5	84	67	17
rg04_theta15p195_foilpm3	rg04_theta15p195_foilpm3	-3.0	-8.0	-5.0	3	6	76	60	16
rg04_theta15p195_foilpm3	rg04_theta15p195_foilpm3	-3.0	-8.0	-5.0	4	1	9	7	2
rg04_theta15p195_foilpm3	rg04_theta15p195_foilpm3	-3.0	-8.0	-5.0	4	2	30	24	6
rg04_theta15p195_foilpm3	rg04_theta15p195_foilpm3	-3.0	-8.0	-5.0	4	3	39	31	8
rg04_theta15p195_foilpm3	rg04_theta15p195_foilpm3	-3.0	-8.0	-5.0	4	4	15	12	3
rg04_theta15p195_foilpm3	rg04_theta15p195_foilpm3	-3.0	-8.0	-5.0	4	5	70	56	14
rg04_theta15p195_foilpm3	rg04_theta15p195_foilpm3	-3.0	-8.0	-5.0	4	6	90	72	18
rg04_theta15p195_foilpm3	rg04_theta15p195_foilpm3	-3.0	-8.0	-5.0	5	1	10	8	2
rg04_theta15p195_foilpm3	rg04_theta15p195_foilpm3	-3.0	-8.0	-5.0	5	2	23	18	5
rg04_theta15p195_foilpm3	rg04_theta15p195_foilpm3	-3.0	-8.0	-5.0	5	3	37	29	8
rg04_theta15p195_foilpm3	rg04_theta15p195_foilpm3	-3.0	-8.0	-5.0	5	4	64	51	13
rg04_theta15p195_foilpm3	rg04_theta15p195_foilpm3	-3.0	-8.0	-5.0	5	6	88	70	18
rg04_theta15p195_foilpm3	rg04_theta15p195_foilpm3	-3.0	-8.0	-5.0	6	2	27	21	6
rg04_theta15p195_foilpm3	rg04_theta15p195_foilpm3	-3.0	-8.0	-5.0	6	3	22	17	5
rg04_theta15p195_foilpm3	rg04_theta15p195_foilpm3	-3.0	-8.0	-5.0	6	4	68	54	14
rg04_theta15p195_foilpm3	rg04_theta15p195_foilpm3	-3.0	-8.0	-5.0	6	5	63	50	13
rg04_theta15p195_foilpm3	rg04_theta15p195_foilpm3	-3.0	-8.0	-5.0	6	6	76	60	16
rg04_theta15p195_foilpm3	rg04_theta15p195_foilpm3	-3.0	-8.0	-5.0	7	2	12	9	3
rg04_theta15p195_foilpm3	rg04_theta15p195_foilpm3	-3.0	-8.0	-5.0	7	3	28	22	6
rg04_theta15p195_foilpm3	rg04_theta15p195_foilpm3	-3.0	-8.0	-5.0	7	4	38	30	8
rg04_theta15p195_foilpm3	rg04_theta15p195_foilpm3	-3.0	-8.0	-5.0	7	5	49	39	10
rg04_theta15p195_foilpm3	rg04_theta15p195_foilpm3	-3.0	-8.0	-5.0	7	6	60	48	12
rg04_theta15p195_foilpm3	rg04_theta15p195_foilpm3	-3.0	-8.0	-5.0	8	2	16	12	4
rg04_theta15p195_foilpm3	rg04_theta15p195_foilpm3	-3.0	-8.0	-5.0	8	3	23	18	5
rg04_theta15p195_foilpm3	rg04_theta15p195_foilpm3	-3.0	-8.0	-5.0	8	4	27	21	6
rg04_theta15p195_foilpm3	rg04_theta15p195_foilpm3	-3.0	-8.0	-5.0	8	5	36	28	8
rg04_theta15p195_foilpm3	rg04_theta15p195_foilpm3	-3.0	-5.0	0.0	0	2	15	12	3
rg04_theta15p195_foilpm3	rg04_theta15p195_foilpm3	-3.0	-5.0	0.0	0	3	33	26	7
rg04_theta15p195_foilpm3	rg04_theta15p195_foilpm3	-3.0	-5.0	0.0	0	4	26	20	6
rg04_theta15p195_foilpm3	rg04_theta15p195_foilpm3	-3.0	-5.0	0.0	0	5	47	37	10
rg04_theta15p195_foilpm3	rg04_theta15p195_foilpm3	-3.0	-5.0	0.0	1	2	22	17	5
rg04_theta15p195_foilpm3	rg04_theta15p195_foilpm3	-3.0	-5.0	0.0	1	3	25	20	5
rg04_theta15p195_foilpm3	rg04_theta15p195_foilpm3	-3.0	-5.0	0.0	1	4	48	38	10
rg04_theta15p195_foilpm3	rg04_theta15p195_foilpm3	-3.0	-5.0	0.0	1	5	79	63	16
rg04_theta15p195_foilpm3	rg04_theta15p195_foilpm3	-3.0	-5.0	0.0	1	6	52	41	11
rg04_theta15p195_foilpm3	rg04_theta15p195_foilpm3	-3.0	-5.0	0.0	2	1	17	13	4
rg04_theta15p195_foilpm3	rg04_theta15p195_foilpm3	-3.0	-5.0	0.0	2	2	26	20	6
rg04_theta15p195_foilpm3	rg04_theta15p195_foilpm3	-3.0	-5.0	0.0	2	4	60	48	12
rg04_theta15p195_foilpm3	rg04_theta15p195_foilpm3	-3.0	-5.0	0.0	2	5	75	60	15
rg04_theta15p195_foilpm3	rg04_theta15p195_foilpm3	-3.0	-5.0	0.0	2	6	93	74	19
rg04_theta15p195_foilpm3	rg04_theta15p195_foilpm3	-3.0	-5.0	0.0	3	1	17	13	4
rg04_theta15p195_foilpm3	rg04_theta15p195_foilpm3	-3.0	-5.0	0.0	3	2	32	25	7
rg04_theta15p195_foilpm3	rg04_theta15p195_foilpm3	-3.0	-5.0	0.0	3	3	53	42	11
rg04_theta15p195_foilpm3	rg04_theta15p195_foilpm3	-3.0	-5.0	0.0	3	4	78	62	16
rg04_theta15p195_foilpm3	rg04_theta15p195_foilpm3	-3.0	-5.0	0.0	3	5	95	76	19
rg04_theta15p195_foilpm3	rg04_theta15p195_foilpm3	-3.0	-5.0	0.0	3	6	153	122	31
rg04_theta15p195_foilpm3	rg04_theta15p195_foilpm3	-3.0	-5.0	0.0	4	1	19	15	4
rg04_theta15p195_foilpm3	rg04_theta15p195_foilpm3	-3.0	-5.0	0.0	4	2	39	31	8
rg04_theta15p195_foilpm3	rg04_theta15p195_foilpm3	-3.0	-5.0	0.0	4	3	61	48	13
rg04_theta15p195_foilpm3	rg04_theta15p195_foilpm3	-3.0	-5.0	0.0	4	4	18	14	4
rg04_theta15p195_foilpm3	rg04_theta15p195_foilpm3	-3.0	-5.0	0.0	4	5	127	101	26
rg04_theta15p195_foilpm3	rg04_theta15p195_foilpm3	-3.0	-5.0	0.0	4	6	136	108	28
rg04_theta15p195_foilpm3	rg04_theta15p195_foilpm3	-3.0	-5.0	0.0	5	1	12	9	3
rg04_theta15p195_foilpm3	rg04_theta15p195_foilpm3	-3.0	-5.0	0.0	5	2	33	26	7
rg04_theta15p195_foilpm3	rg04_theta15p195_foilpm3	-3.0	-5.0	0.0	5	3	48	38	10
rg04_theta15p195_foilpm3	rg04_theta15p195_foilpm3	-3.0	-5.0	0.0	5	4	85	68	17
rg04_theta15p195_foilpm3	rg04_theta15p195_foilpm3	-3.0	-5.0	0.0	5	6	149	119	30
rg04_theta15p195_foilpm3	rg04_theta15p195_foilpm3	-3.0	-5.0	0.0	6	1	13	10	3
rg04_theta15p195_foilpm3	rg04_theta15p195_foilpm3	-3.0	-5.0	0.0	6	2	23	18	5
rg04_theta15p195_foilpm3	rg04_theta15p195_foilpm3	-3.0	-5.0	0.0	6	3	56	44	12
rg04_theta15p195_foilpm3	rg04_theta15p195_foilpm3	-3.0	-5.0	0.0	6	4	79	63	16
rg04_theta15p195_foilpm3	rg04_theta15p195_foilpm3	-3.0	-5.0	0.0	6	5	83	66	17
rg04_theta15p195_foilpm3	rg04_theta15p195_foilpm3	-3.0	-5.0	0.0	6	6	133	106	27
rg04_theta15p195_foilpm3	rg04_theta15p195_foilpm3	-3.0	-5.0	0.0	7	2	25	20	5
rg04_theta15p195_foilpm3	rg04_theta15p195_foilpm3	-3.0	-5.0	0.0	7	3	37	29	8
rg04_theta15p195_foilpm3	rg04_theta15p195_foilpm3	-3.0	-5.0	0.0	7	4	61	48	13
rg04_theta15p195_foilpm3	rg04_theta15p195_foilpm3	-3.0	-5.0	0.0	7	5	79	63	16
rg04_theta15p195_foilpm3	rg04_theta15p195_foilpm3	-3.0	-5.0	0.0	7	6	95	76	19
rg04_theta15p195_foilpm3	rg04_theta15p195_foilpm3	-3.0	-5.0	0.0	8	2	11	8	3
rg04_theta15p195_foilpm3	rg04_theta15p195_foilpm3	-3.0	-5.0	0.0	8	3	28	22	6
rg04_theta15p195_foilpm3	rg04_theta15p195_foilpm3	-3.0	-5.0	0.0	8	4	33	26	7
rg04_theta15p195_foilpm3	rg04_theta15p195_foilpm3	-3.0	-5.0	0.0	8	5	62	49	13
rg04_theta15p195_foilpm3	rg04_theta15p195_foilpm3	-3.0	0.0	5.0	0	3	12	9	3
rg04_theta15p195_foilpm3	rg04_theta15p195_foilpm3	-3.0	0.0	5.0	0	4	26	20	6
rg04_theta15p195_foilpm3	rg04_theta15p195_foilpm3	-3.0	0.0	5.0	0	5	37	29	8
rg04_theta15p195_foilpm3	rg04_theta15p195_foilpm3	-3.0	0.0	5.0	1	3	12	9	3
rg04_theta15p195_foilpm3	rg04_theta15p195_foilpm3	-3.0	0.0	5.0	1	4	24	19	5
rg04_theta15p195_foilpm3	rg04_theta15p195_foilpm3	-3.0	0.0	5.0	1	5	43	34	9
rg04_theta15p195_foilpm3	rg04_theta15p195_foilpm3	-3.0	0.0	5.0	1	6	61	48	13
rg04_theta15p195_foilpm3	rg04_theta15p195_foilpm3	-3.0	0.0	5.0	2	2	16	12	4
rg04_theta15p195_foilpm3	rg04_theta15p195_foilpm3	-3.0	0.0	5.0	2	4	37	29	8
rg04_theta15p195_foilpm3	rg04_theta15p195_foilpm3	-3.0	0.0	5.0	2	5	65	52	13
rg04_theta15p195_foilpm3	rg04_theta15p195_foilpm3	-3.0	0.0	5.0	2	6	86	68	18
rg04_theta15p195_foilpm3	rg04_theta15p195_foilpm3	-3.0	0.0	5.0	3	1	9	7	2
rg04_theta15p195_foilpm3	rg04_theta15p195_foilpm3	-3.0	0.0	5.0	3	2	16	12	4
rg04_theta15p195_foilpm3	rg04_theta15p195_foilpm3	-3.0	0.0	5.0	3	3	31	24	7
rg04_theta15p195_foilpm3	rg04_theta15p195_foilpm3	-3.0	0.0	5.0	3	4	47	37	10
rg04_theta15p195_foilpm3	rg04_theta15p195_foilpm3	-3.0	0.0	5.0	3	5	90	72	18
rg04_theta15p195_foilpm3	rg04_theta15p195_foilpm3	-3.0	0.0	5.0	3	6	120	96	24
rg04_theta15p195_foilpm3	rg04_theta15p195_foilpm3	-3.0	0.0	5.0	4	1	12	9	3
rg04_theta15p195_foilpm3	rg04_theta15p195_foilpm3	-3.0	0.0	5.0	4	2	21	16	5
rg04_theta15p195_foilpm3	rg04_theta15p195_foilpm3	-3.0	0.0	5.0	4	3	26	20	6
rg04_theta15p195_foilpm3	rg04_theta15p195_foilpm3	-3.0	0.0	5.0	4	4	9	7	2
rg04_theta15p195_foilpm3	rg04_theta15p195_foilpm3	-3.0	0.0	5.0	4	5	60	48	12
rg04_theta15p195_foilpm3	rg04_theta15p195_foilpm3	-3.0	0.0	5.0	4	6	109	87	22
rg04_theta15p195_foilpm3	rg04_theta15p195_foilpm3	-3.0	0.0	5.0	5	1	10	8	2
rg04_theta15p195_foilpm3	rg04_theta15p195_foilpm3	-3.0	0.0	5.0	5	2	19	15	4
rg04_theta15p195_foilpm3	rg04_theta15p195_foilpm3	-3.0	0.0	5.0	5	3	27	21	6
rg04_theta15p195_foilpm3	rg04_theta15p195_foilpm3	-3.0	0.0	5.0	5	4	42	33	9
rg04_theta15p195_foilpm3	rg04_theta15p195_foilpm3	-3.0	0.0	5.0	5	6	99	79	20
rg04_theta15p195_foilpm3	rg04_theta15p195_foilpm3	-3.0	0.0	5.0	6	2	8	6	2
rg04_theta15p195_foilpm3	rg04_theta15p195_foilpm3	-3.0	0.0	5.0	6	3	26	20	6
rg04_theta15p195_foilpm3	rg04_theta15p195_foilpm3	-3.0	0.0	5.0	6	4	39	31	8
rg04_theta15p195_foilpm3	rg04_theta15p195_foilpm3	-3.0	0.0	5.0	6	5	61	48	13
rg04_theta15p195_foilpm3	rg04_theta15p195_foilpm3	-3.0	0.0	5.0	6	6	91	72	19
rg04_theta15p195_foilpm3	rg04_theta15p195_foilpm3	-3.0	0.0	5.0	7	2	8	6	2
rg04_theta15p195_foilpm3	rg04_theta15p195_foilpm3	-3.0	0.0	5.0	7	3	12	9	3
rg04_theta15p195_foilpm3	rg04_theta15p195_foilpm3	-3.0	0.0	5.0	7	4	34	27	7
rg04_theta15p195_foilpm3	rg04_theta15p195_foilpm3	-3.0	0.0	5.0	7	5	43	34	9
rg04_theta15p195_foilpm3	rg04_theta15p195_foilpm3	-3.0	0.0	5.0	7	6	63	50	13
rg04_theta15p195_foilpm3	rg04_theta15p195_foilpm3	-3.0	0.0	5.0	8	3	14	11	3
rg04_theta15p195_foilpm3	rg04_theta15p195_foilpm3	-3.0	0.0	5.0	8	4	21	16	5
rg04_theta15p195_foilpm3	rg04_theta15p195_foilpm3	-3.0	0.0	5.0	8	5	36	28	8
rg04_theta15p195_foilpm3	rg04_theta15p195_foilpm3	-3.0	5.0	10.0	0	5	9	7	2
rg04_theta15p195_foilpm3	rg04_theta15p195_foilpm3	-3.0	5.0	10.0	1	4	18	14	4
rg04_theta15p195_foilpm3	rg04_theta15p195_foilpm3	-3.0	5.0	10.0	1	5	26	20	6
rg04_theta15p195_foilpm3	rg04_theta15p195_foilpm3	-3.0	5.0	10.0	1	6	38	30	8
rg04_theta15p195_foilpm3	rg04_theta15p195_foilpm3	-3.0	5.0	10.0	2	4	17	13	4
rg04_theta15p195_foilpm3	rg04_theta15p195_foilpm3	-3.0	5.0	10.0	2	5	31	24	7
rg04_theta15p195_foilpm3	rg04_theta15p195_foilpm3	-3.0	5.0	10.0	2	6	48	38	10
rg04_theta15p195_foilpm3	rg04_theta15p195_foilpm3	-3.0	5.0	10.0	3	4	16	12	4
rg04_theta15p195_foilpm3	rg04_theta15p195_foilpm3	-3.0	5.0	10.0	3	5	37	29	8
rg04_theta15p195_foilpm3	rg04_theta15p195_foilpm3	-3.0	5.0	10.0	3	6	54	43	11
rg04_theta15p195_foilpm3	rg04_theta15p195_foilpm3	-3.0	5.0	10.0	4	2	8	6	2
rg04_theta15p195_foilpm3	rg04_theta15p195_foilpm3	-3.0	5.0	10.0	4	3	12	9	3
rg04_theta15p195_foilpm3	rg04_theta15p195_foilpm3	-3.0	5.0	10.0	4	4	10	8	2
rg04_theta15p195_foilpm3	rg04_theta15p195_foilpm3	-3.0	5.0	10.0	4	5	34	27	7
rg04_theta15p195_foilpm3	rg04_theta15p195_foilpm3	-3.0	5.0	10.0	4	6	56	44	12
rg04_theta15p195_foilpm3	rg04_theta15p195_foilpm3	-3.0	5.0	10.0	5	3	15	12	3
rg04_theta15p195_foilpm3	rg04_theta15p195_foilpm3	-3.0	5.0	10.0	5	4	20	16	4
rg04_theta15p195_foilpm3	rg04_theta15p195_foilpm3	-3.0	5.0	10.0	5	6	59	47	12
rg04_theta15p195_foilpm3	rg04_theta15p195_foilpm3	-3.0	5.0	10.0	6	3	10	8	2
rg04_theta15p195_foilpm3	rg04_theta15p195_foilpm3	-3.0	5.0	10.0	6	4	11	8	3
rg04_theta15p195_foilpm3	rg04_theta15p195_foilpm3	-3.0	5.0	10.0	6	5	31	24	7
rg04_theta15p195_foilpm3	rg04_theta15p195_foilpm3	-3.0	5.0	10.0	6	6	34	27	7
rg04_theta15p195_foilpm3	rg04_theta15p195_foilpm3	-3.0	5.0	10.0	7	4	11	8	3
rg04_theta15p195_foilpm3	rg04_theta15p195_foilpm3	-3.0	5.0	10.0	7	5	17	13	4
rg04_theta15p195_foilpm3	rg04_theta15p195_foilpm3	-3.0	5.0	10.0	7	6	33	26	7
rg04_theta15p195_foilpm3	rg04_theta15p195_foilpm3	-3.0	5.0	10.0	8	4	9	7	2
rg04_theta15p195_foilpm3	rg04_theta15p195_foilpm3	-3.0	5.0	10.0	8	5	14	11	3
rg04_theta15p195_foilpm3	rg04_theta15p195_foilpm3	3.0	-10.0	-8.0	0	3	11	8	3
rg04_theta15p195_foilpm3	rg04_theta15p195_foilpm3	3.0	-10.0	-8.0	0	4	11	8	3
rg04_theta15p195_foilpm3	rg04_theta15p195_foilpm3	3.0	-10.0	-8.0	0	5	22	17	5
rg04_theta15p195_foilpm3	rg04_theta15p195_foilpm3	3.0	-10.0	-8.0	0	6	19	15	4
rg04_theta15p195_foilpm3	rg04_theta15p195_foilpm3	3.0	-10.0	-8.0	1	2	12	9	3
rg04_theta15p195_foilpm3	rg04_theta15p195_foilpm3	3.0	-10.0	-8.0	1	3	8	6	2
rg04_theta15p195_foilpm3	rg04_theta15p195_foilpm3	3.0	-10.0	-8.0	1	4	25	20	5
rg04_theta15p195_foilpm3	rg04_theta15p195_foilpm3	3.0	-10.0	-8.0	1	5	28	22	6
rg04_theta15p195_foilpm3	rg04_theta15p195_foilpm3	3.0	-10.0	-8.0	1	6	32	25	7
rg04_theta15p195_foilpm3	rg04_theta15p195_foilpm3	3.0	-10.0	-8.0	2	2	10	8	2
rg04_theta15p195_foilpm3	rg04_theta15p195_foilpm3	3.0	-10.0	-8.0	2	4	25	20	5
rg04_theta15p195_foilpm3	rg04_theta15p195_foilpm3	3.0	-10.0	-8.0	2	5	30	24	6
rg04_theta15p195_foilpm3	rg04_theta15p195_foilpm3	3.0	-10.0	-8.0	2	6	46	36	10
rg04_theta15p195_foilpm3	rg04_theta15p195_foilpm3	3.0	-10.0	-8.0	3	2	11	8	3
rg04_theta15p195_foilpm3	rg04_theta15p195_foilpm3	3.0	-10.0	-8.0	3	3	23	18	5
rg04_theta15p195_foilpm3	rg04_theta15p195_foilpm3	3.0	-10.0	-8.0	3	4	21	16	5
rg04_theta15p195_foilpm3	rg04_theta15p195_foilpm3	3.0	-10.0	-8.0	3	5	40	32	8
rg04_theta15p195_foilpm3	rg04_theta15p195_foilpm3	3.0	-10.0	-8.0	3	6	60	48	12
rg04_theta15p195_foilpm3	rg04_theta15p195_foilpm3	3.0	-10.0	-8.0	3	7	11	8	3
rg04_theta15p195_foilpm3	rg04_theta15p195_foilpm3	3.0	-10.0	-8.0	4	2	11	8	3
rg04_theta15p195_foilpm3	rg04_theta15p195_foilpm3	3.0	-10.0	-8.0	4	3	20	16	4
rg04_theta15p195_foilpm3	rg04_theta15p195_foilpm3	3.0	-10.0	-8.0	4	5	44	35	9
rg04_theta15p195_foilpm3	rg04_theta15p195_foilpm3	3.0	-10.0	-8.0	4	6	53	42	11
rg04_theta15p195_foilpm3	rg04_theta15p195_foilpm3	3.0	-10.0	-8.0	4	7	13	10	3
rg04_theta15p195_foilpm3	rg04_theta15p195_foilpm3	3.0	-10.0	-8.0	5	3	15	12	3
rg04_theta15p195_foilpm3	rg04_theta15p195_foilpm3	3.0	-10.0	-8.0	5	4	28	22	6
rg04_theta15p195_foilpm3	rg04_theta15p195_foilpm3	3.0	-10.0	-8.0	5	6	37	29	8
rg04_theta15p195_foilpm3	rg04_theta15p195_foilpm3	3.0	-10.0	-8.0	5	7	10	8	2
rg04_theta15p195_foilpm3	rg04_theta15p195_foilpm3	3.0	-10.0	-8.0	6	3	10	8	2
rg04_theta15p195_foilpm3	rg04_theta15p195_foilpm3	3.0	-10.0	-8.0	6	4	25	20	5
rg04_theta15p195_foilpm3	rg04_theta15p195_foilpm3	3.0	-10.0	-8.0	6	5	25	20	5
rg04_theta15p195_foilpm3	rg04_theta15p195_foilpm3	3.0	-10.0	-8.0	6	6	44	35	9
rg04_theta15p195_foilpm3	rg04_theta15p195_foilpm3	3.0	-10.0	-8.0	7	3	11	8	3
rg04_theta15p195_foilpm3	rg04_theta15p195_foilpm3	3.0	-10.0	-8.0	7	4	17	13	4
rg04_theta15p195_foilpm3	rg04_theta15p195_foilpm3	3.0	-10.0	-8.0	7	5	16	12	4
rg04_theta15p195_foilpm3	rg04_theta15p195_foilpm3	3.0	-10.0	-8.0	7	6	25	20	5
rg04_theta15p195_foilpm3	rg04_theta15p195_foilpm3	3.0	-10.0	-8.0	8	5	10	8	2
rg04_theta15p195_foilpm3	rg04_theta15p195_foilpm3	3.0	-10.0	-8.0	8	6	12	9	3
rg04_theta15p195_foilpm3	rg04_theta15p195_foilpm3	3.0	-8.0	-5.0	0	3	15	12	3
rg04_theta15p195_foilpm3	rg04_theta15p195_foilpm3	3.0	-8.0	-5.0	0	4	24	19	5
rg04_theta15p195_foilpm3	rg04_theta15p195_foilpm3	3.0	-8.0	-5.0	0	5	29	23	6
rg04_theta15p195_foilpm3	rg04_theta15p195_foilpm3	3.0	-8.0	-5.0	0	6	25	20	5
rg04_theta15p195_foilpm3	rg04_theta15p195_foilpm3	3.0	-8.0	-5.0	1	2	14	11	3
rg04_theta15p195_foilpm3	rg04_theta15p195_foilpm3	3.0	-8.0	-5.0	1	3	21	16	5
rg04_theta15p195_foilpm3	rg04_theta15p195_foilpm3	3.0	-8.0	-5.0	1	4	28	22	6
rg04_theta15p195_foilpm3	rg04_theta15p195_foilpm3	3.0	-8.0	-5.0	1	5	49	39	10
rg04_theta15p195_foilpm3	rg04_theta15p195_foilpm3	3.0	-8.0	-5.0	1	6	55	44	11
rg04_theta15p195_foilpm3	rg04_theta15p195_foilpm3	3.0	-8.0	-5.0	2	4	42	33	9
rg04_theta15p195_foilpm3	rg04_theta15p195_foilpm3	3.0	-8.0	-5.0	2	5	54	43	11
rg04_theta15p195_foilpm3	rg04_theta15p195_foilpm3	3.0	-8.0	-5.0	2	6	54	43	11
rg04_theta15p195_foilpm3	rg04_theta15p195_foilpm3	3.0	-8.0	-5.0	2	7	41	32	9
rg04_theta15p195_foilpm3	rg04_theta15p195_foilpm3	3.0	-8.0	-5.0	3	2	18	14	4
rg04_theta15p195_foilpm3	rg04_theta15p195_foilpm3	3.0	-8.0	-5.0	3	3	22	17	5
rg04_theta15p195_foilpm3	rg04_theta15p195_foilpm3	3.0	-8.0	-5.0	3	4	45	36	9
rg04_theta15p195_foilpm3	rg04_theta15p195_foilpm3	3.0	-8.0	-5.0	3	5	63	50	13
rg04_theta15p195_foilpm3	rg04_theta15p195_foilpm3	3.0	-8.0	-5.0	3	6	74	59	15
rg04_theta15p195_foilpm3	rg04_theta15p195_foilpm3	3.0	-8.0	-5.0	3	7	71	56	15
rg04_theta15p195_foilpm3	rg04_theta15p195_foilpm3	3.0	-8.0	-5.0	4	2	27	21	6
rg04_theta15p195_foilpm3	rg04_theta15p195_foilpm3	3.0	-8.0	-5.0	4	3	30	24	6
rg04_theta15p195_foilpm3	rg04_theta15p195_foilpm3	3.0	-8.0	-5.0	4	4	13	10	3
rg04_theta15p195_foilpm3	rg04_theta15p195_foilpm3	3.0	-8.0	-5.0	4	5	56	44	12
rg04_theta15p195_foilpm3	rg04_theta15p195_foilpm3	3.0	-8.0	-5.0	4	6	86	68	18
rg04_theta15p195_foilpm3	rg04_theta15p195_foilpm3	3.0	-8.0	-5.0	4	7	94	75	19
rg04_theta15p195_foilpm3	rg04_theta15p195_foilpm3	3.0	-8.0	-5.0	5	2	9	7	2
rg04_theta15p195_foilpm3	rg04_theta15p195_foilpm3	3.0	-8.0	-5.0	5	3	31	24	7
rg04_theta15p195_foilpm3	rg04_theta15p195_foilpm3	3.0	-8.0	-5.0	5	4	42	33	9
rg04_theta15p195_foilpm3	rg04_theta15p195_foilpm3	3.0	-8.0	-5.0	5	6	71	56	15
rg04_theta15p195_foilpm3	rg04_theta15p195_foilpm3	3.0	-8.0	-5.0	5	7	74	59	15
rg04_theta15p195_foilpm3	rg04_theta15p195_foilpm3	3.0	-8.0	-5.0	6	2	10	8	2
rg04_theta15p195_foilpm3	rg04_theta15p195_foilpm3	3.0	-8.0	-5.0	6	3	25	20	5
rg04_theta15p195_foilpm3	rg04_theta15p195_foilpm3	3.0	-8.0	-5.0	6	4	27	21	6
rg04_theta15p195_foilpm3	rg04_theta15p195_foilpm3	3.0	-8.0	-5.0	6	5	52	41	11
rg04_theta15p195_foilpm3	rg04_theta15p195_foilpm3	3.0	-8.0	-5.0	6	6	61	48	13
rg04_theta15p195_foilpm3	rg04_theta15p195_foilpm3	3.0	-8.0	-5.0	6	7	56	44	12
rg04_theta15p195_foilpm3	rg04_theta15p195_foilpm3	3.0	-8.0	-5.0	7	2	9	7	2
rg04_theta15p195_foilpm3	rg04_theta15p195_foilpm3	3.0	-8.0	-5.0	7	3	18	14	4
rg04_theta15p195_foilpm3	rg04_theta15p195_foilpm3	3.0	-8.0	-5.0	7	4	31	24	7
rg04_theta15p195_foilpm3	rg04_theta15p195_foilpm3	3.0	-8.0	-5.0	7	5	41	32	9
rg04_theta15p195_foilpm3	rg04_theta15p195_foilpm3	3.0	-8.0	-5.0	7	6	53	42	11
rg04_theta15p195_foilpm3	rg04_theta15p195_foilpm3	3.0	-8.0	-5.0	8	3	16	12	4
rg04_theta15p195_foilpm3	rg04_theta15p195_foilpm3	3.0	-8.0	-5.0	8	4	12	9	3
rg04_theta15p195_foilpm3	rg04_theta15p195_foilpm3	3.0	-8.0	-5.0	8	5	32	25	7
rg04_theta15p195_foilpm3	rg04_theta15p195_foilpm3	3.0	-8.0	-5.0	8	6	32	25	7
rg04_theta15p195_foilpm3	rg04_theta15p195_foilpm3	3.0	-5.0	0.0	0	3	13	10	3
rg04_theta15p195_foilpm3	rg04_theta15p195_foilpm3	3.0	-5.0	0.0	0	4	21	16	5
rg04_theta15p195_foilpm3	rg04_theta15p195_foilpm3	3.0	-5.0	0.0	0	5	35	28	7
rg04_theta15p195_foilpm3	rg04_theta15p195_foilpm3	3.0	-5.0	0.0	0	6	63	50	13
rg04_theta15p195_foilpm3	rg04_theta15p195_foilpm3	3.0	-5.0	0.0	1	2	16	12	4
rg04_theta15p195_foilpm3	rg04_theta15p195_foilpm3	3.0	-5.0	0.0	1	3	23	18	5
rg04_theta15p195_foilpm3	rg04_theta15p195_foilpm3	3.0	-5.0	0.0	1	4	35	28	7
rg04_theta15p195_foilpm3	rg04_theta15p195_foilpm3	3.0	-5.0	0.0	1	5	49	39	10
rg04_theta15p195_foilpm3	rg04_theta15p195_foilpm3	3.0	-5.0	0.0	1	6	78	62	16
rg04_theta15p195_foilpm3	rg04_theta15p195_foilpm3	3.0	-5.0	0.0	2	4	46	36	10
rg04_theta15p195_foilpm3	rg04_theta15p195_foilpm3	3.0	-5.0	0.0	2	5	63	50	13
rg04_theta15p195_foilpm3	rg04_theta15p195_foilpm3	3.0	-5.0	0.0	2	6	85	68	17
rg04_theta15p195_foilpm3	rg04_theta15p195_foilpm3	3.0	-5.0	0.0	2	7	137	109	28
rg04_theta15p195_foilpm3	rg04_theta15p195_foilpm3	3.0	-5.0	0.0	3	2	19	15	4
rg04_theta15p195_foilpm3	rg04_theta15p195_foilpm3	3.0	-5.0	0.0	3	3	35	28	7
rg04_theta15p195_foilpm3	rg04_theta15p195_foilpm3	3.0	-5.0	0.0	3	4	61	48	13
rg04_theta15p195_foilpm3	rg04_theta15p195_foilpm3	3.0	-5.0	0.0	3	5	88	70	18
rg04_theta15p195_foilpm3	rg04_theta15p195_foilpm3	3.0	-5.0	0.0	3	6	125	100	25
rg04_theta15p195_foilpm3	rg04_theta15p195_foilpm3	3.0	-5.0	0.0	3	7	150	120	30
rg04_theta15p195_foilpm3	rg04_theta15p195_foilpm3	3.0	-5.0	0.0	4	2	17	13	4
rg04_theta15p195_foilpm3	rg04_theta15p195_foilpm3	3.0	-5.0	0.0	4	3	41	32	9
rg04_theta15p195_foilpm3	rg04_theta15p195_foilpm3	3.0	-5.0	0.0	4	4	18	14	4
rg04_theta15p195_foilpm3	rg04_theta15p195_foilpm3	3.0	-5.0	0.0	4	5	94	75	19
rg04_theta15p195_foilpm3	rg04_theta15p195_foilpm3	3.0	-5.0	0.0	4	6	121	96	25
rg04_theta15p195_foilpm3	rg04_theta15p195_foilpm3	3.0	-5.0	0.0	4	7	161	128	33
rg04_theta15p195_foilpm3	rg04_theta15p195_foilpm3	3.0	-5.0	0.0	5	2	21	16	5
rg04_theta15p195_foilpm3	rg04_theta15p195_foilpm3	3.0	-5.0	0.0	5	3	45	36	9
rg04_theta15p195_foilpm3	rg04_theta15p195_foilpm3	3.0	-5.0	0.0	5	4	69	55	14
rg04_theta15p195_foilpm3	rg04_theta15p195_foilpm3	3.0	-5.0	0.0	5	6	118	94	24
rg04_theta15p195_foilpm3	rg04_theta15p195_foilpm3	3.0	-5.0	0.0	5	7	146	116	30
rg04_theta15p195_foilpm3	rg04_theta15p195_foilpm3	3.0	-5.0	0.0	6	2	16	12	4
rg04_theta15p195_foilpm3	rg04_theta15p195_foilpm3	3.0	-5.0	0.0	6	3	32	25	7
rg04_theta15p195_foilpm3	rg04_theta15p195_foilpm3	3.0	-5.0	0.0	6	4	42	33	9
rg04_theta15p195_foilpm3	rg04_theta15p195_foilpm3	3.0	-5.0	0.0	6	5	71	56	15
rg04_theta15p195_foilpm3	rg04_theta15p195_foilpm3	3.0	-5.0	0.0	6	6	98	78	20
rg04_theta15p195_foilpm3	rg04_theta15p195_foilpm3	3.0	-5.0	0.0	6	7	133	106	27
rg04_theta15p195_foilpm3	rg04_theta15p195_foilpm3	3.0	-5.0	0.0	7	2	14	11	3
rg04_theta15p195_foilpm3	rg04_theta15p195_foilpm3	3.0	-5.0	0.0	7	3	17	13	4
rg04_theta15p195_foilpm3	rg04_theta15p195_foilpm3	3.0	-5.0	0.0	7	4	37	29	8
rg04_theta15p195_foilpm3	rg04_theta15p195_foilpm3	3.0	-5.0	0.0	7	5	53	42	11
rg04_theta15p195_foilpm3	rg04_theta15p195_foilpm3	3.0	-5.0	0.0	7	6	69	55	14
rg04_theta15p195_foilpm3	rg04_theta15p195_foilpm3	3.0	-5.0	0.0	8	3	11	8	3
rg04_theta15p195_foilpm3	rg04_theta15p195_foilpm3	3.0	-5.0	0.0	8	4	28	22	6
rg04_theta15p195_foilpm3	rg04_theta15p195_foilpm3	3.0	-5.0	0.0	8	5	41	32	9
rg04_theta15p195_foilpm3	rg04_theta15p195_foilpm3	3.0	-5.0	0.0	8	6	53	42	11
rg04_theta15p195_foilpm3	rg04_theta15p195_foilpm3	3.0	0.0	5.0	0	5	25	20	5
rg04_theta15p195_foilpm3	rg04_theta15p195_foilpm3	3.0	0.0	5.0	0	6	31	24	7
rg04_theta15p195_foilpm3	rg04_theta15p195_foilpm3	3.0	0.0	5.0	1	2	9	7	2
rg04_theta15p195_foilpm3	rg04_theta15p195_foilpm3	3.0	0.0	5.0	1	4	16	12	4
rg04_theta15p195_foilpm3	rg04_theta15p195_foilpm3	3.0	0.0	5.0	1	5	30	24	6
rg04_theta15p195_foilpm3	rg04_theta15p195_foilpm3	3.0	0.0	5.0	1	6	52	41	11
rg04_theta15p195_foilpm3	rg04_theta15p195_foilpm3	3.0	0.0	5.0	2	4	36	28	8
rg04_theta15p195_foilpm3	rg04_theta15p195_foilpm3	3.0	0.0	5.0	2	5	37	29	8
rg04_theta15p195_foilpm3	rg04_theta15p195_foilpm3	3.0	0.0	5.0	2	6	75	60	15
rg04_theta15p195_foilpm3	rg04_theta15p195_foilpm3	3.0	0.0	5.0	2	7	97	77	20
rg04_theta15p195_foilpm3	rg04_theta15p195_foilpm3	3.0	0.0	5.0	3	2	13	10	3
rg04_theta15p195_foilpm3	rg04_theta15p195_foilpm3	3.0	0.0	5.0	3	3	14	11	3
rg04_theta15p195_foilpm3	rg04_theta15p195_foilpm3	3.0	0.0	5.0	3	4	37	29	8
rg04_theta15p195_foilpm3	rg04_theta15p195_foilpm3	3.0	0.0	5.0	3	5	61	48	13
rg04_theta15p195_foilpm3	rg04_theta15p195_foilpm3	3.0	0.0	5.0	3	6	70	56	14
rg04_theta15p195_foilpm3	rg04_theta15p195_foilpm3	3.0	0.0	5.0	3	7	119	95	24
rg04_theta15p195_foilpm3	rg04_theta15p195_foilpm3	3.0	0.0	5.0	4	2	10	8	2
rg04_theta15p195_foilpm3	rg04_theta15p195_foilpm3	3.0	0.0	5.0	4	3	12	9	3
rg04_theta15p195_foilpm3	rg04_theta15p195_foilpm3	3.0	0.0	5.0	4	4	10	8	2
rg04_theta15p195_foilpm3	rg04_theta15p195_foilpm3	3.0	0.0	5.0	4	5	43	34	9
rg04_theta15p195_foilpm3	rg04_theta15p195_foilpm3	3.0	0.0	5.0	4	6	93	74	19
rg04_theta15p195_foilpm3	rg04_theta15p195_foilpm3	3.0	0.0	5.0	4	7	122	97	25
rg04_theta15p195_foilpm3	rg04_theta15p195_foilpm3	3.0	0.0	5.0	5	3	18	14	4
rg04_theta15p195_foilpm3	rg04_theta15p195_foilpm3	3.0	0.0	5.0	5	4	30	24	6
rg04_theta15p195_foilpm3	rg04_theta15p195_foilpm3	3.0	0.0	5.0	5	6	78	62	16
rg04_theta15p195_foilpm3	rg04_theta15p195_foilpm3	3.0	0.0	5.0	5	7	113	90	23
rg04_theta15p195_foilpm3	rg04_theta15p195_foilpm3	3.0	0.0	5.0	6	3	12	9	3
rg04_theta15p195_foilpm3	rg04_theta15p195_foilpm3	3.0	0.0	5.0	6	4	15	12	3
rg04_theta15p195_foilpm3	rg04_theta15p195_foilpm3	3.0	0.0	5.0	6	5	33	26	7
rg04_theta15p195_foilpm3	rg04_theta15p195_foilpm3	3.0	0.0	5.0	6	6	64	51	13
rg04_theta15p195_foilpm3	rg04_theta15p195_foilpm3	3.0	0.0	5.0	6	7	92	73	19
rg04_theta15p195_foilpm3	rg04_theta15p195_foilpm3	3.0	0.0	5.0	7	3	13	10	3
rg04_theta15p195_foilpm3	rg04_theta15p195_foilpm3	3.0	0.0	5.0	7	4	23	18	5
rg04_theta15p195_foilpm3	rg04_theta15p195_foilpm3	3.0	0.0	5.0	7	5	42	33	9
rg04_theta15p195_foilpm3	rg04_theta15p195_foilpm3	3.0	0.0	5.0	7	6	61	48	13
rg04_theta15p195_foilpm3	rg04_theta15p195_foilpm3	3.0	0.0	5.0	8	4	13	10	3
rg04_theta15p195_foilpm3	rg04_theta15p195_foilpm3	3.0	0.0	5.0	8	5	19	15	4
rg04_theta15p195_foilpm3	rg04_theta15p195_foilpm3	3.0	0.0	5.0	8	6	36	28	8
rg04_theta15p195_foilpm3	rg04_theta15p195_foilpm3	3.0	5.0	10.0	0	5	11	8	3
rg04_theta15p195_foilpm3	rg04_theta15p195_foilpm3	3.0	5.0	10.0	1	4	10	8	2
rg04_theta15p195_foilpm3	rg04_theta15p195_foilpm3	3.0	5.0	10.0	1	6	23	18	5
rg04_theta15p195_foilpm3	rg04_theta15p195_foilpm3	3.0	5.0	10.0	2	4	10	8	2
rg04_theta15p195_foilpm3	rg04_theta15p195_foilpm3	3.0	5.0	10.0	2	5	13	10	3
rg04_theta15p195_foilpm3	rg04_theta15p195_foilpm3	3.0	5.0	10.0	2	6	32	25	7
rg04_theta15p195_foilpm3	rg04_theta15p195_foilpm3	3.0	5.0	10.0	2	7	51	40	11
rg04_theta15p195_foilpm3	rg04_theta15p195_foilpm3	3.0	5.0	10.0	3	5	11	8	3
rg04_theta15p195_foilpm3	rg04_theta15p195_foilpm3	3.0	5.0	10.0	3	6	39	31	8
rg04_theta15p195_foilpm3	rg04_theta15p195_foilpm3	3.0	5.0	10.0	3	7	74	59	15
rg04_theta15p195_foilpm3	rg04_theta15p195_foilpm3	3.0	5.0	10.0	4	5	19	15	4
rg04_theta15p195_foilpm3	rg04_theta15p195_foilpm3	3.0	5.0	10.0	4	6	39	31	8
rg04_theta15p195_foilpm3	rg04_theta15p195_foilpm3	3.0	5.0	10.0	4	7	49	39	10
rg04_theta15p195_foilpm3	rg04_theta15p195_foilpm3	3.0	5.0	10.0	5	4	13	10	3
rg04_theta15p195_foilpm3	rg04_theta15p195_foilpm3	3.0	5.0	10.0	5	6	40	32	8
rg04_theta15p195_foilpm3	rg04_theta15p195_foilpm3	3.0	5.0	10.0	5	7	65	52	13
rg04_theta15p195_foilpm3	rg04_theta15p195_foilpm3	3.0	5.0	10.0	6	4	10	8	2
rg04_theta15p195_foilpm3	rg04_theta15p195_foilpm3	3.0	5.0	10.0	6	5	18	14	4
rg04_theta15p195_foilpm3	rg04_theta15p195_foilpm3	3.0	5.0	10.0	6	6	30	24	6
rg04_theta15p195_foilpm3	rg04_theta15p195_foilpm3	3.0	5.0	10.0	6	7	37	29	8
rg04_theta15p195_foilpm3	rg04_theta15p195_foilpm3	3.0	5.0	10.0	7	5	9	7	2
rg04_theta15p195_foilpm3	rg04_theta15p195_foilpm3	3.0	5.0	10.0	7	6	29	23	6
rg05_theta12p495_foilpm3	rg05_theta12p495_foilpm3	-3.0	-10.0	-8.0	0	2	17	13	4
rg05_theta12p495_foilpm3	rg05_theta12p495_foilpm3	-3.0	-10.0	-8.0	0	3	16	12	4
rg05_theta12p495_foilpm3	rg05_theta12p495_foilpm3	-3.0	-10.0	-8.0	0	4	27	21	6
rg05_theta12p495_foilpm3	rg05_theta12p495_foilpm3	-3.0	-10.0	-8.0	0	5	17	13	4
rg05_theta12p495_foilpm3	rg05_theta12p495_foilpm3	-3.0	-10.0	-8.0	1	2	14	11	3
rg05_theta12p495_foilpm3	rg05_theta12p495_foilpm3	-3.0	-10.0	-8.0	1	3	30	24	6
rg05_theta12p495_foilpm3	rg05_theta12p495_foilpm3	-3.0	-10.0	-8.0	1	4	38	30	8
rg05_theta12p495_foilpm3	rg05_theta12p495_foilpm3	-3.0	-10.0	-8.0	1	5	20	16	4
rg05_theta12p495_foilpm3	rg05_theta12p495_foilpm3	-3.0	-10.0	-8.0	2	2	26	20	6
rg05_theta12p495_foilpm3	rg05_theta12p495_foilpm3	-3.0	-10.0	-8.0	2	4	43	34	9
rg05_theta12p495_foilpm3	rg05_theta12p495_foilpm3	-3.0	-10.0	-8.0	2	5	30	24	6
rg05_theta12p495_foilpm3	rg05_theta12p495_foilpm3	-3.0	-10.0	-8.0	2	6	19	15	4
rg05_theta12p495_foilpm3	rg05_theta12p495_foilpm3	-3.0	-10.0	-8.0	3	2	17	13	4
rg05_theta12p495_foilpm3	rg05_theta12p495_foilpm3	-3.0	-10.0	-8.0	3	3	32	25	7
rg05_theta12p495_foilpm3	rg05_theta12p495_foilpm3	-3.0	-10.0	-8.0	3	4	42	33	9
rg05_theta12p495_foilpm3	rg05_theta12p495_foilpm3	-3.0	-10.0	-8.0	3	5	64	51	13
rg05_theta12p495_foilpm3	rg05_theta12p495_foilpm3	-3.0	-10.0	-8.0	3	6	42	33	9
rg05_theta12p495_foilpm3	rg05_theta12p495_foilpm3	-3.0	-10.0	-8.0	4	2	27	21	6
rg05_theta12p495_foilpm3	rg05_theta12p495_foilpm3	-3.0	-10.0	-8.0	4	3	32	25	7
rg05_theta12p495_foilpm3	rg05_theta12p495_foilpm3	-3.0	-10.0	-8.0	4	4	13	10	3
rg05_theta12p495_foilpm3	rg05_theta12p495_foilpm3	-3.0	-10.0	-8.0	4	5	45	36	9
rg05_theta12p495_foilpm3	rg05_theta12p495_foilpm3	-3.0	-10.0	-8.0	4	6	55	44	11
rg05_theta12p495_foilpm3	rg05_theta12p495_foilpm3	-3.0	-10.0	-8.0	5	2	18	14	4
rg05_theta12p495_foilpm3	rg05_theta12p495_foilpm3	-3.0	-10.0	-8.0	5	3	31	24	7
rg05_theta12p495_foilpm3	rg05_theta12p495_foilpm3	-3.0	-10.0	-8.0	5	4	39	31	8
rg05_theta12p495_foilpm3	rg05_theta12p495_foilpm3	-3.0	-10.0	-8.0	5	6	64	51	13
rg05_theta12p495_foilpm3	rg05_theta12p495_foilpm3	-3.0	-10.0	-8.0	6	2	11	8	3
rg05_theta12p495_foilpm3	rg05_theta12p495_foilpm3	-3.0	-10.0	-8.0	6	3	33	26	7
rg05_theta12p495_foilpm3	rg05_theta12p495_foilpm3	-3.0	-10.0	-8.0	6	4	39	31	8
rg05_theta12p495_foilpm3	rg05_theta12p495_foilpm3	-3.0	-10.0	-8.0	6	5	46	36	10
rg05_theta12p495_foilpm3	rg05_theta12p495_foilpm3	-3.0	-10.0	-8.0	6	6	50	40	10
rg05_theta12p495_foilpm3	rg05_theta12p495_foilpm3	-3.0	-10.0	-8.0	7	2	10	8	2
rg05_theta12p495_foilpm3	rg05_theta12p495_foilpm3	-3.0	-10.0	-8.0	7	3	20	16	4
rg05_theta12p495_foilpm3	rg05_theta12p495_foilpm3	-3.0	-10.0	-8.0	7	4	23	18	5
rg05_theta12p495_foilpm3	rg05_theta12p495_foilpm3	-3.0	-10.0	-8.0	7	5	25	20	5
rg05_theta12p495_foilpm3	rg05_theta12p495_foilpm3	-3.0	-10.0	-8.0	7	6	33	26	7
rg05_theta12p495_foilpm3	rg05_theta12p495_foilpm3	-3.0	-10.0	-8.0	8	3	10	8	2
rg05_theta12p495_foilpm3	rg05_theta12p495_foilpm3	-3.0	-10.0	-8.0	8	4	13	10	3
rg05_theta12p495_foilpm3	rg05_theta12p495_foilpm3	-3.0	-10.0	-8.0	8	5	20	16	4
rg05_theta12p495_foilpm3	rg05_theta12p495_foilpm3	-3.0	-8.0	-5.0	0	2	23	18	5
rg05_theta12p495_foilpm3	rg05_theta12p495_foilpm3	-3.0	-8.0	-5.0	0	3	31	24	7
rg05_theta12p495_foilpm3	rg05_theta12p495_foilpm3	-3.0	-8.0	-5.0	0	4	39	31	8
rg05_theta12p495_foilpm3	rg05_theta12p495_foilpm3	-3.0	-8.0	-5.0	0	5	51	40	11
rg05_theta12p495_foilpm3	rg05_theta12p495_foilpm3	-3.0	-8.0	-5.0	1	2	24	19	5
rg05_theta12p495_foilpm3	rg05_theta12p495_foilpm3	-3.0	-8.0	-5.0	1	3	42	33	9
rg05_theta12p495_foilpm3	rg05_theta12p495_foilpm3	-3.0	-8.0	-5.0	1	4	61	48	13
rg05_theta12p495_foilpm3	rg05_theta12p495_foilpm3	-3.0	-8.0	-5.0	1	5	56	44	12
rg05_theta12p495_foilpm3	rg05_theta12p495_foilpm3	-3.0	-8.0	-5.0	1	6	37	29	8
rg05_theta12p495_foilpm3	rg05_theta12p495_foilpm3	-3.0	-8.0	-5.0	2	1	23	18	5
rg05_theta12p495_foilpm3	rg05_theta12p495_foilpm3	-3.0	-8.0	-5.0	2	2	42	33	9
rg05_theta12p495_foilpm3	rg05_theta12p495_foilpm3	-3.0	-8.0	-5.0	2	4	74	59	15
rg05_theta12p495_foilpm3	rg05_theta12p495_foilpm3	-3.0	-8.0	-5.0	2	5	93	74	19
rg05_theta12p495_foilpm3	rg05_theta12p495_foilpm3	-3.0	-8.0	-5.0	2	6	77	61	16
rg05_theta12p495_foilpm3	rg05_theta12p495_foilpm3	-3.0	-8.0	-5.0	3	1	20	16	4
rg05_theta12p495_foilpm3	rg05_theta12p495_foilpm3	-3.0	-8.0	-5.0	3	2	42	33	9
rg05_theta12p495_foilpm3	rg05_theta12p495_foilpm3	-3.0	-8.0	-5.0	3	3	60	48	12
rg05_theta12p495_foilpm3	rg05_theta12p495_foilpm3	-3.0	-8.0	-5.0	3	4	77	61	16
rg05_theta12p495_foilpm3	rg05_theta12p495_foilpm3	-3.0	-8.0	-5.0	3	5	88	70	18
rg05_theta12p495_foilpm3	rg05_theta12p495_foilpm3	-3.0	-8.0	-5.0	3	6	102	81	21
rg05_theta12p495_foilpm3	rg05_theta12p495_foilpm3	-3.0	-8.0	-5.0	4	1	32	25	7
rg05_theta12p495_foilpm3	rg05_theta12p495_foilpm3	-3.0	-8.0	-5.0	4	2	53	42	11
rg05_theta12p495_foilpm3	rg05_theta12p495_foilpm3	-3.0	-8.0	-5.0	4	3	57	45	12
rg05_theta12p495_foilpm3	rg05_theta12p495_foilpm3	-3.0	-8.0	-5.0	4	4	24	19	5
rg05_theta12p495_foilpm3	rg05_theta12p495_foilpm3	-3.0	-8.0	-5.0	4	5	108	86	22
rg05_theta12p495_foilpm3	rg05_theta12p495_foilpm3	-3.0	-8.0	-5.0	4	6	123	98	25
rg05_theta12p495_foilpm3	rg05_theta12p495_foilpm3	-3.0	-8.0	-5.0	5	1	26	20	6
rg05_theta12p495_foilpm3	rg05_theta12p495_foilpm3	-3.0	-8.0	-5.0	5	2	44	35	9
rg05_theta12p495_foilpm3	rg05_theta12p495_foilpm3	-3.0	-8.0	-5.0	5	3	78	62	16
rg05_theta12p495_foilpm3	rg05_theta12p495_foilpm3	-3.0	-8.0	-5.0	5	4	89	71	18
rg05_theta12p495_foilpm3	rg05_theta12p495_foilpm3	-3.0	-8.0	-5.0	5	6	138	110	28
rg05_theta12p495_foilpm3	rg05_theta12p495_foilpm3	-3.0	-8.0	-5.0	6	1	21	16	5
rg05_theta12p495_foilpm3	rg05_theta12p495_foilpm3	-3.0	-8.0	-5.0	6	2	48	38	10
rg05_theta12p495_foilpm3	rg05_theta12p495_foilpm3	-3.0	-8.0	-5.0	6	3	56	44	12
rg05_theta12p495_foilpm3	rg05_theta12p495_foilpm3	-3.0	-8.0	-5.0	6	4	59	47	12
rg05_theta12p495_foilpm3	rg05_theta12p495_foilpm3	-3.0	-8.0	-5.0	6	5	82	65	17
rg05_theta12p495_foilpm3	rg05_theta12p495_foilpm3	-3.0	-8.0	-5.0	6	6	104	83	21
rg05_theta12p495_foilpm3	rg05_theta12p495_foilpm3	-3.0	-8.0	-5.0	7	1	11	8	3
rg05_theta12p495_foilpm3	rg05_theta12p495_foilpm3	-3.0	-8.0	-5.0	7	2	26	20	6
rg05_theta12p495_foilpm3	rg05_theta12p495_foilpm3	-3.0	-8.0	-5.0	7	3	43	34	9
rg05_theta12p495_foilpm3	rg05_theta12p495_foilpm3	-3.0	-8.0	-5.0	7	4	62	49	13
rg05_theta12p495_foilpm3	rg05_theta12p495_foilpm3	-3.0	-8.0	-5.0	7	5	72	57	15
rg05_theta12p495_foilpm3	rg05_theta12p495_foilpm3	-3.0	-8.0	-5.0	7	6	76	60	16
rg05_theta12p495_foilpm3	rg05_theta12p495_foilpm3	-3.0	-8.0	-5.0	8	2	15	12	3
rg05_theta12p495_foilpm3	rg05_theta12p495_foilpm3	-3.0	-8.0	-5.0	8	3	33	26	7
rg05_theta12p495_foilpm3	rg05_theta12p495_foilpm3	-3.0	-8.0	-5.0	8	4	51	40	11
rg05_theta12p495_foilpm3	rg05_theta12p495_foilpm3	-3.0	-8.0	-5.0	8	5	61	48	13
rg05_theta12p495_foilpm3	rg05_theta12p495_foilpm3	-3.0	-5.0	0.0	0	2	42	33	9
rg05_theta12p495_foilpm3	rg05_theta12p495_foilpm3	-3.0	-5.0	0.0	0	3	53	42	11
rg05_theta12p495_foilpm3	rg05_theta12p495_foilpm3	-3.0	-5.0	0.0	0	4	71	56	15
rg05_theta12p495_foilpm3	rg05_theta12p495_foilpm3	-3.0	-5.0	0.0	0	5	107	85	22
rg05_theta12p495_foilpm3	rg05_theta12p495_foilpm3	-3.0	-5.0	0.0	1	1	13	10	3
rg05_theta12p495_foilpm3	rg05_theta12p495_foilpm3	-3.0	-5.0	0.0	1	2	53	42	11
rg05_theta12p495_foilpm3	rg05_theta12p495_foilpm3	-3.0	-5.0	0.0	1	3	65	52	13
rg05_theta12p495_foilpm3	rg05_theta12p495_foilpm3	-3.0	-5.0	0.0	1	4	98	78	20
rg05_theta12p495_foilpm3	rg05_theta12p495_foilpm3	-3.0	-5.0	0.0	1	5	120	96	24
rg05_theta12p495_foilpm3	rg05_theta12p495_foilpm3	-3.0	-5.0	0.0	1	6	118	94	24
rg05_theta12p495_foilpm3	rg05_theta12p495_foilpm3	-3.0	-5.0	0.0	2	1	34	27	7
rg05_theta12p495_foilpm3	rg05_theta12p495_foilpm3	-3.0	-5.0	0.0	2	2	66	52	14
rg05_theta12p495_foilpm3	rg05_theta12p495_foilpm3	-3.0	-5.0	0.0	2	4	106	84	22
rg05_theta12p495_foilpm3	rg05_theta12p495_foilpm3	-3.0	-5.0	0.0	2	5	167	133	34
rg05_theta12p495_foilpm3	rg05_theta12p495_foilpm3	-3.0	-5.0	0.0	2	6	187	149	38
rg05_theta12p495_foilpm3	rg05_theta12p495_foilpm3	-3.0	-5.0	0.0	3	1	53	42	11
rg05_theta12p495_foilpm3	rg05_theta12p495_foilpm3	-3.0	-5.0	0.0	3	2	84	67	17
rg05_theta12p495_foilpm3	rg05_theta12p495_foilpm3	-3.0	-5.0	0.0	3	3	128	102	26
rg05_theta12p495_foilpm3	rg05_theta12p495_foilpm3	-3.0	-5.0	0.0	3	4	178	142	36
rg05_theta12p495_foilpm3	rg05_theta12p495_foilpm3	-3.0	-5.0	0.0	3	5	196	156	40
rg05_theta12p495_foilpm3	rg05_theta12p495_foilpm3	-3.0	-5.0	0.0	3	6	239	191	48
rg05_theta12p495_foilpm3	rg05_theta12p495_foilpm3	-3.0	-5.0	0.0	4	1	46	36	10
rg05_theta12p495_foilpm3	rg05_theta12p495_foilpm3	-3.0	-5.0	0.0	4	2	87	69	18
rg05_theta12p495_foilpm3	rg05_theta12p495_foilpm3	-3.0	-5.0	0.0	4	3	111	88	23
rg05_theta12p495_foilpm3	rg05_theta12p495_foilpm3	-3.0	-5.0	0.0	4	4	49	39	10
rg05_theta12p495_foilpm3	rg05_theta12p495_foilpm3	-3.0	-5.0	0.0	4	5	203	162	41
rg05_theta12p495_foilpm3	rg05_theta12p495_foilpm3	-3.0	-5.0	0.0	4	6	236	188	48
rg05_theta12p495_foilpm3	rg05_theta12p495_foilpm3	-3.0	-5.0	0.0	5	1	48	38	10
rg05_theta12p495_foilpm3	rg05_theta12p495_foilpm3	-3.0	-5.0	0.0	5	2	74	59	15
rg05_theta12p495_foilpm3	rg05_theta12p495_foilpm3	-3.0	-5.0	0.0	5	3	112	89	23
rg05_theta12p495_foilpm3	rg05_theta12p495_foilpm3	-3.0	-5.0	0.0	5	4	141	112	29
rg05_theta12p495_foilpm3	rg05_theta12p495_foilpm3	-3.0	-5.0	0.0	5	6	266	212	54
rg05_theta12p495_foilpm3	rg05_theta12p495_foilpm3	-3.0	-5.0	0.0	6	1	41	32	9
rg05_theta12p495_foilpm3	rg05_theta12p495_foilpm3	-3.0	-5.0	0.0	6	2	62	49	13
rg05_theta12p495_foilpm3	rg05_theta12p495_foilpm3	-3.0	-5.0	0.0	6	3	104	83	21
rg05_theta12p495_foilpm3	rg05_theta12p495_foilpm3	-3.0	-5.0	0.0	6	4	151	120	31
rg05_theta12p495_foilpm3	rg05_theta12p495_foilpm3	-3.0	-5.0	0.0	6	5	189	151	38
rg05_theta12p495_foilpm3	rg05_theta12p495_foilpm3	-3.0	-5.0	0.0	6	6	207	165	42
rg05_theta12p495_foilpm3	rg05_theta12p495_foilpm3	-3.0	-5.0	0.0	7	1	17	13	4
rg05_theta12p495_foilpm3	rg05_theta12p495_foilpm3	-3.0	-5.0	0.0	7	2	53	42	11
rg05_theta12p495_foilpm3	rg05_theta12p495_foilpm3	-3.0	-5.0	0.0	7	3	85	68	17
rg05_theta12p495_foilpm3	rg05_theta12p495_foilpm3	-3.0	-5.0	0.0	7	4	97	77	20
rg05_theta12p495_foilpm3	rg05_theta12p495_foilpm3	-3.0	-5.0	0.0	7	5	145	116	29
rg05_theta12p495_foilpm3	rg05_theta12p495_foilpm3	-3.0	-5.0	0.0	7	6	147	117	30
rg05_theta12p495_foilpm3	rg05_theta12p495_foilpm3	-3.0	-5.0	0.0	8	2	36	28	8
rg05_theta12p495_foilpm3	rg05_theta12p495_foilpm3	-3.0	-5.0	0.0	8	3	65	52	13
rg05_theta12p495_foilpm3	rg05_theta12p495_foilpm3	-3.0	-5.0	0.0	8	4	80	64	16
rg05_theta12p495_foilpm3	rg05_theta12p495_foilpm3	-3.0	-5.0	0.0	8	5	102	81	21
rg05_theta12p495_foilpm3	rg05_theta12p495_foilpm3	-3.0	0.0	5.0	0	2	19	15	4
rg05_theta12p495_foilpm3	rg05_theta12p495_foilpm3	-3.0	0.0	5.0	0	3	50	40	10
rg05_theta12p495_foilpm3	rg05_theta12p495_foilpm3	-3.0	0.0	5.0	0	4	56	44	12
rg05_theta12p495_foilpm3	rg05_theta12p495_foilpm3	-3.0	0.0	5.0	0	5	77	61	16
rg05_theta12p495_foilpm3	rg05_theta12p495_foilpm3	-3.0	0.0	5.0	1	2	28	22	6
rg05_theta12p495_foilpm3	rg05_theta12p495_foilpm3	-3.0	0.0	5.0	1	3	58	46	12
rg05_theta12p495_foilpm3	rg05_theta12p495_foilpm3	-3.0	0.0	5.0	1	4	84	67	17
rg05_theta12p495_foilpm3	rg05_theta12p495_foilpm3	-3.0	0.0	5.0	1	5	112	89	23
rg05_theta12p495_foilpm3	rg05_theta12p495_foilpm3	-3.0	0.0	5.0	1	6	130	104	26
rg05_theta12p495_foilpm3	rg05_theta12p495_foilpm3	-3.0	0.0	5.0	2	1	22	17	5
rg05_theta12p495_foilpm3	rg05_theta12p495_foilpm3	-3.0	0.0	5.0	2	2	46	36	10
rg05_theta12p495_foilpm3	rg05_theta12p495_foilpm3	-3.0	0.0	5.0	2	4	119	95	24
rg05_theta12p495_foilpm3	rg05_theta12p495_foilpm3	-3.0	0.0	5.0	2	5	140	112	28
rg05_theta12p495_foilpm3	rg05_theta12p495_foilpm3	-3.0	0.0	5.0	2	6	199	159	40
rg05_theta12p495_foilpm3	rg05_theta12p495_foilpm3	-3.0	0.0	5.0	3	1	34	27	7
rg05_theta12p495_foilpm3	rg05_theta12p495_foilpm3	-3.0	0.0	5.0	3	2	53	42	11
rg05_theta12p495_foilpm3	rg05_theta12p495_foilpm3	-3.0	0.0	5.0	3	3	74	59	15
rg05_theta12p495_foilpm3	rg05_theta12p495_foilpm3	-3.0	0.0	5.0	3	4	117	93	24
rg05_theta12p495_foilpm3	rg05_theta12p495_foilpm3	-3.0	0.0	5.0	3	5	159	127	32
rg05_theta12p495_foilpm3	rg05_theta12p495_foilpm3	-3.0	0.0	5.0	3	6	192	153	39
rg05_theta12p495_foilpm3	rg05_theta12p495_foilpm3	-3.0	0.0	5.0	4	1	33	26	7
rg05_theta12p495_foilpm3	rg05_theta12p495_foilpm3	-3.0	0.0	5.0	4	2	66	52	14
rg05_theta12p495_foilpm3	rg05_theta12p495_foilpm3	-3.0	0.0	5.0	4	3	95	76	19
rg05_theta12p495_foilpm3	rg05_theta12p495_foilpm3	-3.0	0.0	5.0	4	4	29	23	6
rg05_theta12p495_foilpm3	rg05_theta12p495_foilpm3	-3.0	0.0	5.0	4	5	187	149	38
rg05_theta12p495_foilpm3	rg05_theta12p495_foilpm3	-3.0	0.0	5.0	4	6	249	199	50
rg05_theta12p495_foilpm3	rg05_theta12p495_foilpm3	-3.0	0.0	5.0	5	1	37	29	8
rg05_theta12p495_foilpm3	rg05_theta12p495_foilpm3	-3.0	0.0	5.0	5	2	61	48	13
rg05_theta12p495_foilpm3	rg05_theta12p495_foilpm3	-3.0	0.0	5.0	5	3	76	60	16
rg05_theta12p495_foilpm3	rg05_theta12p495_foilpm3	-3.0	0.0	5.0	5	4	141	112	29
rg05_theta12p495_foilpm3	rg05_theta12p495_foilpm3	-3.0	0.0	5.0	5	6	215	172	43
rg05_theta12p495_foilpm3	rg05_theta12p495_foilpm3	-3.0	0.0	5.0	6	1	25	20	5
rg05_theta12p495_foilpm3	rg05_theta12p495_foilpm3	-3.0	0.0	5.0	6	2	55	44	11
rg05_theta12p495_foilpm3	rg05_theta12p495_foilpm3	-3.0	0.0	5.0	6	3	70	56	14
rg05_theta12p495_foilpm3	rg05_theta12p495_foilpm3	-3.0	0.0	5.0	6	4	86	68	18
rg05_theta12p495_foilpm3	rg05_theta12p495_foilpm3	-3.0	0.0	5.0	6	5	152	121	31
rg05_theta12p495_foilpm3	rg05_theta12p495_foilpm3	-3.0	0.0	5.0	6	6	193	154	39
rg05_theta12p495_foilpm3	rg05_theta12p495_foilpm3	-3.0	0.0	5.0	7	1	16	12	4
rg05_theta12p495_foilpm3	rg05_theta12p495_foilpm3	-3.0	0.0	5.0	7	2	46	36	10
rg05_theta12p495_foilpm3	rg05_theta12p495_foilpm3	-3.0	0.0	5.0	7	3	42	33	9
rg05_theta12p495_foilpm3	rg05_theta12p495_foilpm3	-3.0	0.0	5.0	7	4	92	73	19
rg05_theta12p495_foilpm3	rg05_theta12p495_foilpm3	-3.0	0.0	5.0	7	5	109	87	22
rg05_theta12p495_foilpm3	rg05_theta12p495_foilpm3	-3.0	0.0	5.0	7	6	152	121	31
rg05_theta12p495_foilpm3	rg05_theta12p495_foilpm3	-3.0	0.0	5.0	8	2	21	16	5
rg05_theta12p495_foilpm3	rg05_theta12p495_foilpm3	-3.0	0.0	5.0	8	3	46	36	10
rg05_theta12p495_foilpm3	rg05_theta12p495_foilpm3	-3.0	0.0	5.0	8	4	55	44	11
rg05_theta12p495_foilpm3	rg05_theta12p495_foilpm3	-3.0	0.0	5.0	8	5	76	60	16
rg05_theta12p495_foilpm3	rg05_theta12p495_foilpm3	-3.0	5.0	10.0	0	3	25	20	5
rg05_theta12p495_foilpm3	rg05_theta12p495_foilpm3	-3.0	5.0	10.0	0	4	36	28	8
rg05_theta12p495_foilpm3	rg05_theta12p495_foilpm3	-3.0	5.0	10.0	0	5	54	43	11
rg05_theta12p495_foilpm3	rg05_theta12p495_foilpm3	-3.0	5.0	10.0	1	2	19	15	4
rg05_theta12p495_foilpm3	rg05_theta12p495_foilpm3	-3.0	5.0	10.0	1	3	24	19	5
rg05_theta12p495_foilpm3	rg05_theta12p495_foilpm3	-3.0	5.0	10.0	1	4	55	44	11
rg05_theta12p495_foilpm3	rg05_theta12p495_foilpm3	-3.0	5.0	10.0	1	5	80	64	16
rg05_theta12p495_foilpm3	rg05_theta12p495_foilpm3	-3.0	5.0	10.0	1	6	119	95	24
rg05_theta12p495_foilpm3	rg05_theta12p495_foilpm3	-3.0	5.0	10.0	2	1	13	10	3
rg05_theta12p495_foilpm3	rg05_theta12p495_foilpm3	-3.0	5.0	10.0	2	2	27	21	6
rg05_theta12p495_foilpm3	rg05_theta12p495_foilpm3	-3.0	5.0	10.0	2	4	73	58	15
rg05_theta12p495_foilpm3	rg05_theta12p495_foilpm3	-3.0	5.0	10.0	2	5	96	76	20
rg05_theta12p495_foilpm3	rg05_theta12p495_foilpm3	-3.0	5.0	10.0	2	6	139	111	28
rg05_theta12p495_foilpm3	rg05_theta12p495_foilpm3	-3.0	5.0	10.0	3	1	21	16	5
rg05_theta12p495_foilpm3	rg05_theta12p495_foilpm3	-3.0	5.0	10.0	3	2	37	29	8
rg05_theta12p495_foilpm3	rg05_theta12p495_foilpm3	-3.0	5.0	10.0	3	3	51	40	11
rg05_theta12p495_foilpm3	rg05_theta12p495_foilpm3	-3.0	5.0	10.0	3	4	79	63	16
rg05_theta12p495_foilpm3	rg05_theta12p495_foilpm3	-3.0	5.0	10.0	3	5	119	95	24
rg05_theta12p495_foilpm3	rg05_theta12p495_foilpm3	-3.0	5.0	10.0	3	6	180	144	36
rg05_theta12p495_foilpm3	rg05_theta12p495_foilpm3	-3.0	5.0	10.0	4	1	24	19	5
rg05_theta12p495_foilpm3	rg05_theta12p495_foilpm3	-3.0	5.0	10.0	4	2	30	24	6
rg05_theta12p495_foilpm3	rg05_theta12p495_foilpm3	-3.0	5.0	10.0	4	3	44	35	9
rg05_theta12p495_foilpm3	rg05_theta12p495_foilpm3	-3.0	5.0	10.0	4	4	26	20	6
rg05_theta12p495_foilpm3	rg05_theta12p495_foilpm3	-3.0	5.0	10.0	4	5	127	101	26
rg05_theta12p495_foilpm3	rg05_theta12p495_foilpm3	-3.0	5.0	10.0	4	6	175	140	35
rg05_theta12p495_foilpm3	rg05_theta12p495_foilpm3	-3.0	5.0	10.0	5	1	17	13	4
rg05_theta12p495_foilpm3	rg05_theta12p495_foilpm3	-3.0	5.0	10.0	5	2	33	26	7
rg05_theta12p495_foilpm3	rg05_theta12p495_foilpm3	-3.0	5.0	10.0	5	3	59	47	12
rg05_theta12p495_foilpm3	rg05_theta12p495_foilpm3	-3.0	5.0	10.0	5	4	83	66	17
rg05_theta12p495_foilpm3	rg05_theta12p495_foilpm3	-3.0	5.0	10.0	5	6	152	121	31
rg05_theta12p495_foilpm3	rg05_theta12p495_foilpm3	-3.0	5.0	10.0	6	1	10	8	2
rg05_theta12p495_foilpm3	rg05_theta12p495_foilpm3	-3.0	5.0	10.0	6	2	20	16	4
rg05_theta12p495_foilpm3	rg05_theta12p495_foilpm3	-3.0	5.0	10.0	6	3	40	32	8
rg05_theta12p495_foilpm3	rg05_theta12p495_foilpm3	-3.0	5.0	10.0	6	4	55	44	11
rg05_theta12p495_foilpm3	rg05_theta12p495_foilpm3	-3.0	5.0	10.0	6	5	96	76	20
rg05_theta12p495_foilpm3	rg05_theta12p495_foilpm3	-3.0	5.0	10.0	6	6	138	110	28
rg05_theta12p495_foilpm3	rg05_theta12p495_foilpm3	-3.0	5.0	10.0	7	2	13	10	3
rg05_theta12p495_foilpm3	rg05_theta12p495_foilpm3	-3.0	5.0	10.0	7	3	40	32	8
rg05_theta12p495_foilpm3	rg05_theta12p495_foilpm3	-3.0	5.0	10.0	7	4	44	35	9
rg05_theta12p495_foilpm3	rg05_theta12p495_foilpm3	-3.0	5.0	10.0	7	5	70	56	14
rg05_theta12p495_foilpm3	rg05_theta12p495_foilpm3	-3.0	5.0	10.0	7	6	104	83	21
rg05_theta12p495_foilpm3	rg05_theta12p495_foilpm3	-3.0	5.0	10.0	8	3	18	14	4
rg05_theta12p495_foilpm3	rg05_theta12p495_foilpm3	-3.0	5.0	10.0	8	4	40	32	8
rg05_theta12p495_foilpm3	rg05_theta12p495_foilpm3	-3.0	5.0	10.0	8	5	50	40	10
rg05_theta12p495_foilpm3	rg05_theta12p495_foilpm3	3.0	-10.0	-8.0	0	3	9	7	2
rg05_theta12p495_foilpm3	rg05_theta12p495_foilpm3	3.0	-10.0	-8.0	0	4	25	20	5
rg05_theta12p495_foilpm3	rg05_theta12p495_foilpm3	3.0	-10.0	-8.0	0	5	30	24	6
rg05_theta12p495_foilpm3	rg05_theta12p495_foilpm3	3.0	-10.0	-8.0	0	6	24	19	5
rg05_theta12p495_foilpm3	rg05_theta12p495_foilpm3	3.0	-10.0	-8.0	1	2	15	12	3
rg05_theta12p495_foilpm3	rg05_theta12p495_foilpm3	3.0	-10.0	-8.0	1	3	18	14	4
rg05_theta12p495_foilpm3	rg05_theta12p495_foilpm3	3.0	-10.0	-8.0	1	4	30	24	6
rg05_theta12p495_foilpm3	rg05_theta12p495_foilpm3	3.0	-10.0	-8.0	1	5	32	25	7
rg05_theta12p495_foilpm3	rg05_theta12p495_foilpm3	3.0	-10.0	-8.0	1	6	33	26	7
rg05_theta12p495_foilpm3	rg05_theta12p495_foilpm3	3.0	-10.0	-8.0	2	2	17	13	4
rg05_theta12p495_foilpm3	rg05_theta12p495_foilpm3	3.0	-10.0	-8.0	2	4	32	25	7
rg05_theta12p495_foilpm3	rg05_theta12p495_foilpm3	3.0	-10.0	-8.0	2	5	32	25	7
rg05_theta12p495_foilpm3	rg05_theta12p495_foilpm3	3.0	-10.0	-8.0	2	6	49	39	10
rg05_theta12p495_foilpm3	rg05_theta12p495_foilpm3	3.0	-10.0	-8.0	3	2	19	15	4
rg05_theta12p495_foilpm3	rg05_theta12p495_foilpm3	3.0	-10.0	-8.0	3	3	28	22	6
rg05_theta12p495_foilpm3	rg05_theta12p495_foilpm3	3.0	-10.0	-8.0	3	4	36	28	8
rg05_theta12p495_foilpm3	rg05_theta12p495_foilpm3	3.0	-10.0	-8.0	3	5	42	33	9
rg05_theta12p495_foilpm3	rg05_theta12p495_foilpm3	3.0	-10.0	-8.0	3	6	55	44	11
rg05_theta12p495_foilpm3	rg05_theta12p495_foilpm3	3.0	-10.0	-8.0	3	7	17	13	4
rg05_theta12p495_foilpm3	rg05_theta12p495_foilpm3	3.0	-10.0	-8.0	4	2	15	12	3
rg05_theta12p495_foilpm3	rg05_theta12p495_foilpm3	3.0	-10.0	-8.0	4	3	39	31	8
rg05_theta12p495_foilpm3	rg05_theta12p495_foilpm3	3.0	-10.0	-8.0	4	4	17	13	4
rg05_theta12p495_foilpm3	rg05_theta12p495_foilpm3	3.0	-10.0	-8.0	4	5	49	39	10
rg05_theta12p495_foilpm3	rg05_theta12p495_foilpm3	3.0	-10.0	-8.0	4	6	73	58	15
rg05_theta12p495_foilpm3	rg05_theta12p495_foilpm3	3.0	-10.0	-8.0	4	7	15	12	3
rg05_theta12p495_foilpm3	rg05_theta12p495_foilpm3	3.0	-10.0	-8.0	5	2	19	15	4
rg05_theta12p495_foilpm3	rg05_theta12p495_foilpm3	3.0	-10.0	-8.0	5	3	29	23	6
rg05_theta12p495_foilpm3	rg05_theta12p495_foilpm3	3.0	-10.0	-8.0	5	4	45	36	9
rg05_theta12p495_foilpm3	rg05_theta12p495_foilpm3	3.0	-10.0	-8.0	5	6	57	45	12
rg05_theta12p495_foilpm3	rg05_theta12p495_foilpm3	3.0	-10.0	-8.0	5	7	11	8	3
rg05_theta12p495_foilpm3	rg05_theta12p495_foilpm3	3.0	-10.0	-8.0	6	2	9	7	2
rg05_theta12p495_foilpm3	rg05_theta12p495_foilpm3	3.0	-10.0	-8.0	6	3	23	18	5
rg05_theta12p495_foilpm3	rg05_theta12p495_foilpm3	3.0	-10.0	-8.0	6	4	33	26	7
rg05_theta12p495_foilpm3	rg05_theta12p495_foilpm3	3.0	-10.0	-8.0	6	5	48	38	10
rg05_theta12p495_foilpm3	rg05_theta12p495_foilpm3	3.0	-10.0	-8.0	6	6	48	38	10
rg05_theta12p495_foilpm3	rg05_theta12p495_foilpm3	3.0	-10.0	-8.0	7	3	16	12	4
rg05_theta12p495_foilpm3	rg05_theta12p495_foilpm3	3.0	-10.0	-8.0	7	4	31	24	7
rg05_theta12p495_foilpm3	rg05_theta12p495_foilpm3	3.0	-10.0	-8.0	7	5	30	24	6
rg05_theta12p495_foilpm3	rg05_theta12p495_foilpm3	3.0	-10.0	-8.0	7	6	50	40	10
rg05_theta12p495_foilpm3	rg05_theta12p495_foilpm3	3.0	-10.0	-8.0	8	4	10	8	2
rg05_theta12p495_foilpm3	rg05_theta12p495_foilpm3	3.0	-10.0	-8.0	8	5	19	15	4
rg05_theta12p495_foilpm3	rg05_theta12p495_foilpm3	3.0	-10.0	-8.0	8	6	23	18	5
rg05_theta12p495_foilpm3	rg05_theta12p495_foilpm3	3.0	-8.0	-5.0	0	3	28	22	6
rg05_theta12p495_foilpm3	rg05_theta12p495_foilpm3	3.0	-8.0	-5.0	0	4	36	28	8
rg05_theta12p495_foilpm3	rg05_theta12p495_foilpm3	3.0	-8.0	-5.0	0	5	47	37	10
rg05_theta12p495_foilpm3	rg05_theta12p495_foilpm3	3.0	-8.0	-5.0	0	6	51	40	11
rg05_theta12p495_foilpm3	rg05_theta12p495_foilpm3	3.0	-8.0	-5.0	1	2	22	17	5
rg05_theta12p495_foilpm3	rg05_theta12p495_foilpm3	3.0	-8.0	-5.0	1	3	31	24	7
rg05_theta12p495_foilpm3	rg05_theta12p495_foilpm3	3.0	-8.0	-5.0	1	4	41	32	9
rg05_theta12p495_foilpm3	rg05_theta12p495_foilpm3	3.0	-8.0	-5.0	1	5	74	59	15
rg05_theta12p495_foilpm3	rg05_theta12p495_foilpm3	3.0	-8.0	-5.0	1	6	90	72	18
rg05_theta12p495_foilpm3	rg05_theta12p495_foilpm3	3.0	-8.0	-5.0	2	2	28	22	6
rg05_theta12p495_foilpm3	rg05_theta12p495_foilpm3	3.0	-8.0	-5.0	2	4	87	69	18
rg05_theta12p495_foilpm3	rg05_theta12p495_foilpm3	3.0	-8.0	-5.0	2	5	73	58	15
rg05_theta12p495_foilpm3	rg05_theta12p495_foilpm3	3.0	-8.0	-5.0	2	6	97	77	20
rg05_theta12p495_foilpm3	rg05_theta12p495_foilpm3	3.0	-8.0	-5.0	2	7	63	50	13
rg05_theta12p495_foilpm3	rg05_theta12p495_foilpm3	3.0	-8.0	-5.0	3	2	21	16	5
rg05_theta12p495_foilpm3	rg05_theta12p495_foilpm3	3.0	-8.0	-5.0	3	3	45	36	9
rg05_theta12p495_foilpm3	rg05_theta12p495_foilpm3	3.0	-8.0	-5.0	3	4	92	73	19
rg05_theta12p495_foilpm3	rg05_theta12p495_foilpm3	3.0	-8.0	-5.0	3	5	105	84	21
rg05_theta12p495_foilpm3	rg05_theta12p495_foilpm3	3.0	-8.0	-5.0	3	6	122	97	25
rg05_theta12p495_foilpm3	rg05_theta12p495_foilpm3	3.0	-8.0	-5.0	3	7	125	100	25
rg05_theta12p495_foilpm3	rg05_theta12p495_foilpm3	3.0	-8.0	-5.0	4	2	31	24	7
rg05_theta12p495_foilpm3	rg05_theta12p495_foilpm3	3.0	-8.0	-5.0	4	3	67	53	14
rg05_theta12p495_foilpm3	rg05_theta12p495_foilpm3	3.0	-8.0	-5.0	4	4	30	24	6
rg05_theta12p495_foilpm3	rg05_theta12p495_foilpm3	3.0	-8.0	-5.0	4	5	108	86	22
rg05_theta12p495_foilpm3	rg05_theta12p495_foilpm3	3.0	-8.0	-5.0	4	6	127	101	26
rg05_theta12p495_foilpm3	rg05_theta12p495_foilpm3	3.0	-8.0	-5.0	4	7	139	111	28
rg05_theta12p495_foilpm3	rg05_theta12p495_foilpm3	3.0	-8.0	-5.0	5	2	34	27	7
rg05_theta12p495_foilpm3	rg05_theta12p495_foilpm3	3.0	-8.0	-5.0	5	3	41	32	9
rg05_theta12p495_foilpm3	rg05_theta12p495_foilpm3	3.0	-8.0	-5.0	5	4	85	68	17
rg05_theta12p495_foilpm3	rg05_theta12p495_foilpm3	3.0	-8.0	-5.0	5	6	144	115	29
rg05_theta12p495_foilpm3	rg05_theta12p495_foilpm3	3.0	-8.0	-5.0	5	7	126	100	26
rg05_theta12p495_foilpm3	rg05_theta12p495_foilpm3	3.0	-8.0	-5.0	6	2	19	15	4
rg05_theta12p495_foilpm3	rg05_theta12p495_foilpm3	3.0	-8.0	-5.0	6	3	45	36	9
rg05_theta12p495_foilpm3	rg05_theta12p495_foilpm3	3.0	-8.0	-5.0	6	4	61	48	13
rg05_theta12p495_foilpm3	rg05_theta12p495_foilpm3	3.0	-8.0	-5.0	6	5	107	85	22
rg05_theta12p495_foilpm3	rg05_theta12p495_foilpm3	3.0	-8.0	-5.0	6	6	109	87	22
rg05_theta12p495_foilpm3	rg05_theta12p495_foilpm3	3.0	-8.0	-5.0	6	7	90	72	18
rg05_theta12p495_foilpm3	rg05_theta12p495_foilpm3	3.0	-8.0	-5.0	7	2	18	14	4
rg05_theta12p495_foilpm3	rg05_theta12p495_foilpm3	3.0	-8.0	-5.0	7	3	35	28	7
rg05_theta12p495_foilpm3	rg05_theta12p495_foilpm3	3.0	-8.0	-5.0	7	4	49	39	10
rg05_theta12p495_foilpm3	rg05_theta12p495_foilpm3	3.0	-8.0	-5.0	7	5	60	48	12
rg05_theta12p495_foilpm3	rg05_theta12p495_foilpm3	3.0	-8.0	-5.0	7	6	81	64	17
rg05_theta12p495_foilpm3	rg05_theta12p495_foilpm3	3.0	-8.0	-5.0	8	3	23	18	5
rg05_theta12p495_foilpm3	rg05_theta12p495_foilpm3	3.0	-8.0	-5.0	8	4	34	27	7
rg05_theta12p495_foilpm3	rg05_theta12p495_foilpm3	3.0	-8.0	-5.0	8	5	45	36	9
rg05_theta12p495_foilpm3	rg05_theta12p495_foilpm3	3.0	-8.0	-5.0	8	6	74	59	15
rg05_theta12p495_foilpm3	rg05_theta12p495_foilpm3	3.0	-5.0	0.0	0	3	28	22	6
rg05_theta12p495_foilpm3	rg05_theta12p495_foilpm3	3.0	-5.0	0.0	0	4	50	40	10
rg05_theta12p495_foilpm3	rg05_theta12p495_foilpm3	3.0	-5.0	0.0	0	5	68	54	14
rg05_theta12p495_foilpm3	rg05_theta12p495_foilpm3	3.0	-5.0	0.0	0	6	78	62	16
rg05_theta12p495_foilpm3	rg05_theta12p495_foilpm3	3.0	-5.0	0.0	1	2	33	26	7
rg05_theta12p495_foilpm3	rg05_theta12p495_foilpm3	3.0	-5.0	0.0	1	3	45	36	9
rg05_theta12p495_foilpm3	rg05_theta12p495_foilpm3	3.0	-5.0	0.0	1	4	86	68	18
rg05_theta12p495_foilpm3	rg05_theta12p495_foilpm3	3.0	-5.0	0.0	1	5	112	89	23
rg05_theta12p495_foilpm3	rg05_theta12p495_foilpm3	3.0	-5.0	0.0	1	6	125	100	25
rg05_theta12p495_foilpm3	rg05_theta12p495_foilpm3	3.0	-5.0	0.0	2	2	38	30	8
rg05_theta12p495_foilpm3	rg05_theta12p495_foilpm3	3.0	-5.0	0.0	2	4	109	87	22
rg05_theta12p495_foilpm3	rg05_theta12p495_foilpm3	3.0	-5.0	0.0	2	5	138	110	28
rg05_theta12p495_foilpm3	rg05_theta12p495_foilpm3	3.0	-5.0	0.0	2	6	176	140	36
rg05_theta12p495_foilpm3	rg05_theta12p495_foilpm3	3.0	-5.0	0.0	2	7	195	156	39
rg05_theta12p495_foilpm3	rg05_theta12p495_foilpm3	3.0	-5.0	0.0	3	2	57	45	12
rg05_theta12p495_foilpm3	rg05_theta12p495_foilpm3	3.0	-5.0	0.0	3	3	83	66	17
rg05_theta12p495_foilpm3	rg05_theta12p495_foilpm3	3.0	-5.0	0.0	3	4	158	126	32
rg05_theta12p495_foilpm3	rg05_theta12p495_foilpm3	3.0	-5.0	0.0	3	5	192	153	39
rg05_theta12p495_foilpm3	rg05_theta12p495_foilpm3	3.0	-5.0	0.0	3	6	236	188	48
rg05_theta12p495_foilpm3	rg05_theta12p495_foilpm3	3.0	-5.0	0.0	3	7	256	204	52
rg05_theta12p495_foilpm3	rg05_theta12p495_foilpm3	3.0	-5.0	0.0	4	2	50	40	10
rg05_theta12p495_foilpm3	rg05_theta12p495_foilpm3	3.0	-5.0	0.0	4	3	86	68	18
rg05_theta12p495_foilpm3	rg05_theta12p495_foilpm3	3.0	-5.0	0.0	4	4	46	36	10
rg05_theta12p495_foilpm3	rg05_theta12p495_foilpm3	3.0	-5.0	0.0	4	5	195	156	39
rg05_theta12p495_foilpm3	rg05_theta12p495_foilpm3	3.0	-5.0	0.0	4	6	239	191	48
rg05_theta12p495_foilpm3	rg05_theta12p495_foilpm3	3.0	-5.0	0.0	4	7	297	237	60
rg05_theta12p495_foilpm3	rg05_theta12p495_foilpm3	3.0	-5.0	0.0	5	2	59	47	12
rg05_theta12p495_foilpm3	rg05_theta12p495_foilpm3	3.0	-5.0	0.0	5	3	89	71	18
rg05_theta12p495_foilpm3	rg05_theta12p495_foilpm3	3.0	-5.0	0.0	5	4	142	113	29
rg05_theta12p495_foilpm3	rg05_theta12p495_foilpm3	3.0	-5.0	0.0	5	6	242	193	49
rg05_theta12p495_foilpm3	rg05_theta12p495_foilpm3	3.0	-5.0	0.0	5	7	252	201	51
rg05_theta12p495_foilpm3	rg05_theta12p495_foilpm3	3.0	-5.0	0.0	6	2	47	37	10
rg05_theta12p495_foilpm3	rg05_theta12p495_foilpm3	3.0	-5.0	0.0	6	3	74	59	15
rg05_theta12p495_foilpm3	rg05_theta12p495_foilpm3	3.0	-5.0	0.0	6	4	109	87	22
rg05_theta12p495_foilpm3	rg05_theta12p495_foilpm3	3.0	-5.0	0.0	6	5	162	129	33
rg05_theta12p495_foilpm3	rg05_theta12p495_foilpm3	3.0	-5.0	0.0	6	6	221	176	45
rg05_theta12p495_foilpm3	rg05_theta12p495_foilpm3	3.0	-5.0	0.0	6	7	204	163	41
rg05_theta12p495_foilpm3	rg05_theta12p495_foilpm3	3.0	-5.0	0.0	7	2	43	34	9
rg05_theta12p495_foilpm3	rg05_theta12p495_foilpm3	3.0	-5.0	0.0	7	3	51	40	11
rg05_theta12p495_foilpm3	rg05_theta12p495_foilpm3	3.0	-5.0	0.0	7	4	99	79	20
rg05_theta12p495_foilpm3	rg05_theta12p495_foilpm3	3.0	-5.0	0.0	7	5	131	104	27
rg05_theta12p495_foilpm3	rg05_theta12p495_foilpm3	3.0	-5.0	0.0	7	6	167	133	34
rg05_theta12p495_foilpm3	rg05_theta12p495_foilpm3	3.0	-5.0	0.0	8	3	32	25	7
rg05_theta12p495_foilpm3	rg05_theta12p495_foilpm3	3.0	-5.0	0.0	8	4	54	43	11
rg05_theta12p495_foilpm3	rg05_theta12p495_foilpm3	3.0	-5.0	0.0	8	5	78	62	16
rg05_theta12p495_foilpm3	rg05_theta12p495_foilpm3	3.0	-5.0	0.0	8	6	114	91	23
rg05_theta12p495_foilpm3	rg05_theta12p495_foilpm3	3.0	0.0	5.0	0	3	16	12	4
rg05_theta12p495_foilpm3	rg05_theta12p495_foilpm3	3.0	0.0	5.0	0	4	32	25	7
rg05_theta12p495_foilpm3	rg05_theta12p495_foilpm3	3.0	0.0	5.0	0	5	73	58	15
rg05_theta12p495_foilpm3	rg05_theta12p495_foilpm3	3.0	0.0	5.0	0	6	60	48	12
rg05_theta12p495_foilpm3	rg05_theta12p495_foilpm3	3.0	0.0	5.0	1	2	25	20	5
rg05_theta12p495_foilpm3	rg05_theta12p495_foilpm3	3.0	0.0	5.0	1	3	36	28	8
rg05_theta12p495_foilpm3	rg05_theta12p495_foilpm3	3.0	0.0	5.0	1	4	65	52	13
rg05_theta12p495_foilpm3	rg05_theta12p495_foilpm3	3.0	0.0	5.0	1	5	107	85	22
rg05_theta12p495_foilpm3	rg05_theta12p495_foilpm3	3.0	0.0	5.0	1	6	120	96	24
rg05_theta12p495_foilpm3	rg05_theta12p495_foilpm3	3.0	0.0	5.0	2	2	32	25	7
rg05_theta12p495_foilpm3	rg05_theta12p495_foilpm3	3.0	0.0	5.0	2	4	90	72	18
rg05_theta12p495_foilpm3	rg05_theta12p495_foilpm3	3.0	0.0	5.0	2	5	137	109	28
rg05_theta12p495_foilpm3	rg05_theta12p495_foilpm3	3.0	0.0	5.0	2	6	154	123	31
rg05_theta12p495_foilpm3	rg05_theta12p495_foilpm3	3.0	0.0	5.0	2	7	193	154	39
rg05_theta12p495_foilpm3	rg05_theta12p495_foilpm3	3.0	0.0	5.0	3	2	35	28	7
rg05_theta12p495_foilpm3	rg05_theta12p495_foilpm3	3.0	0.0	5.0	3	3	58	46	12
rg05_theta12p495_foilpm3	rg05_theta12p495_foilpm3	3.0	0.0	5.0	3	4	94	75	19
rg05_theta12p495_foilpm3	rg05_theta12p495_foilpm3	3.0	0.0	5.0	3	5	130	104	26
rg05_theta12p495_foilpm3	rg05_theta12p495_foilpm3	3.0	0.0	5.0	3	6	202	161	41
rg05_theta12p495_foilpm3	rg05_theta12p495_foilpm3	3.0	0.0	5.0	3	7	285	228	57
rg05_theta12p495_foilpm3	rg05_theta12p495_foilpm3	3.0	0.0	5.0	4	2	38	30	8
rg05_theta12p495_foilpm3	rg05_theta12p495_foilpm3	3.0	0.0	5.0	4	3	63	50	13
rg05_theta12p495_foilpm3	rg05_theta12p495_foilpm3	3.0	0.0	5.0	4	4	39	31	8
rg05_theta12p495_foilpm3	rg05_theta12p495_foilpm3	3.0	0.0	5.0	4	5	150	120	30
rg05_theta12p495_foilpm3	rg05_theta12p495_foilpm3	3.0	0.0	5.0	4	6	225	180	45
rg05_theta12p495_foilpm3	rg05_theta12p495_foilpm3	3.0	0.0	5.0	4	7	288	230	58
rg05_theta12p495_foilpm3	rg05_theta12p495_foilpm3	3.0	0.0	5.0	5	2	19	15	4
rg05_theta12p495_foilpm3	rg05_theta12p495_foilpm3	3.0	0.0	5.0	5	3	70	56	14
rg05_theta12p495_foilpm3	rg05_theta12p495_foilpm3	3.0	0.0	5.0	5	4	110	88	22
rg05_theta12p495_foilpm3	rg05_theta12p495_foilpm3	3.0	0.0	5.0	5	6	211	168	43
rg05_theta12p495_foilpm3	rg05_theta12p495_foilpm3	3.0	0.0	5.0	5	7	274	219	55
rg05_theta12p495_foilpm3	rg05_theta12p495_foilpm3	3.0	0.0	5.0	6	2	22	17	5
rg05_theta12p495_foilpm3	rg05_theta12p495_foilpm3	3.0	0.0	5.0	6	3	51	40	11
rg05_theta12p495_foilpm3	rg05_theta12p495_foilpm3	3.0	0.0	5.0	6	4	87	69	18
rg05_theta12p495_foilpm3	rg05_theta12p495_foilpm3	3.0	0.0	5.0	6	5	131	104	27
rg05_theta12p495_foilpm3	rg05_theta12p495_foilpm3	3.0	0.0	5.0	6	6	157	125	32
rg05_theta12p495_foilpm3	rg05_theta12p495_foilpm3	3.0	0.0	5.0	6	7	229	183	46
rg05_theta12p495_foilpm3	rg05_theta12p495_foilpm3	3.0	0.0	5.0	7	2	20	16	4
rg05_theta12p495_foilpm3	rg05_theta12p495_foilpm3	3.0	0.0	5.0	7	3	32	25	7
rg05_theta12p495_foilpm3	rg05_theta12p495_foilpm3	3.0	0.0	5.0	7	4	55	44	11
rg05_theta12p495_foilpm3	rg05_theta12p495_foilpm3	3.0	0.0	5.0	7	5	79	63	16
rg05_theta12p495_foilpm3	rg05_theta12p495_foilpm3	3.0	0.0	5.0	7	6	123	98	25
rg05_theta12p495_foilpm3	rg05_theta12p495_foilpm3	3.0	0.0	5.0	8	3	29	23	6
rg05_theta12p495_foilpm3	rg05_theta12p495_foilpm3	3.0	0.0	5.0	8	4	34	27	7
rg05_theta12p495_foilpm3	rg05_theta12p495_foilpm3	3.0	0.0	5.0	8	5	57	45	12
rg05_theta12p495_foilpm3	rg05_theta12p495_foilpm3	3.0	0.0	5.0	8	6	77	61	16
rg05_theta12p495_foilpm3	rg05_theta12p495_foilpm3	3.0	5.0	10.0	0	3	12	9	3
rg05_theta12p495_foilpm3	rg05_theta12p495_foilpm3	3.0	5.0	10.0	0	4	34	27	7
rg05_theta12p495_foilpm3	rg05_theta12p495_foilpm3	3.0	5.0	10.0	0	5	37	29	8
rg05_theta12p495_foilpm3	rg05_theta12p495_foilpm3	3.0	5.0	10.0	0	6	15	12	3
rg05_theta12p495_foilpm3	rg05_theta12p495_foilpm3	3.0	5.0	10.0	1	2	11	8	3
rg05_theta12p495_foilpm3	rg05_theta12p495_foilpm3	3.0	5.0	10.0	1	3	24	19	5
rg05_theta12p495_foilpm3	rg05_theta12p495_foilpm3	3.0	5.0	10.0	1	4	31	24	7
rg05_theta12p495_foilpm3	rg05_theta12p495_foilpm3	3.0	5.0	10.0	1	5	55	44	11
rg05_theta12p495_foilpm3	rg05_theta12p495_foilpm3	3.0	5.0	10.0	1	6	70	56	14
rg05_theta12p495_foilpm3	rg05_theta12p495_foilpm3	3.0	5.0	10.0	2	2	15	12	3
rg05_theta12p495_foilpm3	rg05_theta12p495_foilpm3	3.0	5.0	10.0	2	4	59	47	12
rg05_theta12p495_foilpm3	rg05_theta12p495_foilpm3	3.0	5.0	10.0	2	5	78	62	16
rg05_theta12p495_foilpm3	rg05_theta12p495_foilpm3	3.0	5.0	10.0	2	6	122	97	25
rg05_theta12p495_foilpm3	rg05_theta12p495_foilpm3	3.0	5.0	10.0	2	7	152	121	31
rg05_theta12p495_foilpm3	rg05_theta12p495_foilpm3	3.0	5.0	10.0	3	2	20	16	4
rg05_theta12p495_foilpm3	rg05_theta12p495_foilpm3	3.0	5.0	10.0	3	3	30	24	6
rg05_theta12p495_foilpm3	rg05_theta12p495_foilpm3	3.0	5.0	10.0	3	4	77	61	16
rg05_theta12p495_foilpm3	rg05_theta12p495_foilpm3	3.0	5.0	10.0	3	5	93	74	19
rg05_theta12p495_foilpm3	rg05_theta12p495_foilpm3	3.0	5.0	10.0	3	6	148	118	30
rg05_theta12p495_foilpm3	rg05_theta12p495_foilpm3	3.0	5.0	10.0	3	7	173	138	35
rg05_theta12p495_foilpm3	rg05_theta12p495_foilpm3	3.0	5.0	10.0	4	2	18	14	4
rg05_theta12p495_foilpm3	rg05_theta12p495_foilpm3	3.0	5.0	10.0	4	3	33	26	7
rg05_theta12p495_foilpm3	rg05_theta12p495_foilpm3	3.0	5.0	10.0	4	4	17	13	4
rg05_theta12p495_foilpm3	rg05_theta12p495_foilpm3	3.0	5.0	10.0	4	5	94	75	19
rg05_theta12p495_foilpm3	rg05_theta12p495_foilpm3	3.0	5.0	10.0	4	6	143	114	29
rg05_theta12p495_foilpm3	rg05_theta12p495_foilpm3	3.0	5.0	10.0	4	7	178	142	36
rg05_theta12p495_foilpm3	rg05_theta12p495_foilpm3	3.0	5.0	10.0	5	2	18	14	4
rg05_theta12p495_foilpm3	rg05_theta12p495_foilpm3	3.0	5.0	10.0	5	3	32	25	7
rg05_theta12p495_foilpm3	rg05_theta12p495_foilpm3	3.0	5.0	10.0	5	4	58	46	12
rg05_theta12p495_foilpm3	rg05_theta12p495_foilpm3	3.0	5.0	10.0	5	6	127	101	26
rg05_theta12p495_foilpm3	rg05_theta12p495_foilpm3	3.0	5.0	10.0	5	7	211	168	43
rg05_theta12p495_foilpm3	rg05_theta12p495_foilpm3	3.0	5.0	10.0	6	2	22	17	5
rg05_theta12p495_foilpm3	rg05_theta12p495_foilpm3	3.0	5.0	10.0	6	3	27	21	6
rg05_theta12p495_foilpm3	rg05_theta12p495_foilpm3	3.0	5.0	10.0	6	4	49	39	10
rg05_theta12p495_foilpm3	rg05_theta12p495_foilpm3	3.0	5.0	10.0	6	5	82	65	17
rg05_theta12p495_foilpm3	rg05_theta12p495_foilpm3	3.0	5.0	10.0	6	6	134	107	27
rg05_theta12p495_foilpm3	rg05_theta12p495_foilpm3	3.0	5.0	10.0	6	7	159	127	32
rg05_theta12p495_foilpm3	rg05_theta12p495_foilpm3	3.0	5.0	10.0	7	3	27	21	6
rg05_theta12p495_foilpm3	rg05_theta12p495_foilpm3	3.0	5.0	10.0	7	4	35	28	7
rg05_theta12p495_foilpm3	rg05_theta12p495_foilpm3	3.0	5.0	10.0	7	5	47	37	10
rg05_theta12p495_foilpm3	rg05_theta12p495_foilpm3	3.0	5.0	10.0	7	6	95	76	19
rg05_theta12p495_foilpm3	rg05_theta12p495_foilpm3	3.0	5.0	10.0	8	3	15	12	3
rg05_theta12p495_foilpm3	rg05_theta12p495_foilpm3	3.0	5.0	10.0	8	4	22	17	5
rg05_theta12p495_foilpm3	rg05_theta12p495_foilpm3	3.0	5.0	10.0	8	5	37	29	8
rg05_theta12p495_foilpm3	rg05_theta12p495_foilpm3	3.0	5.0	10.0	8	6	43	34	9
rg06_theta15p195_foilpm8	rg06_theta15p195_foilpm8	-8.0	-10.0	-8.0	0	3	20	16	4
rg06_theta15p195_foilpm8	rg06_theta15p195_foilpm8	-8.0	-10.0	-8.0	0	4	14	11	3
rg06_theta15p195_foilpm8	rg06_theta15p195_foilpm8	-8.0	-10.0	-8.0	0	5	10	8	2
rg06_theta15p195_foilpm8	rg06_theta15p195_foilpm8	-8.0	-10.0	-8.0	1	3	19	15	4
rg06_theta15p195_foilpm8	rg06_theta15p195_foilpm8	-8.0	-10.0	-8.0	1	4	33	26	7
rg06_theta15p195_foilpm8	rg06_theta15p195_foilpm8	-8.0	-10.0	-8.0	1	5	22	17	5
rg06_theta15p195_foilpm8	rg06_theta15p195_foilpm8	-8.0	-10.0	-8.0	2	1	11	8	3
rg06_theta15p195_foilpm8	rg06_theta15p195_foilpm8	-8.0	-10.0	-8.0	2	2	17	13	4
rg06_theta15p195_foilpm8	rg06_theta15p195_foilpm8	-8.0	-10.0	-8.0	2	4	31	24	7
rg06_theta15p195_foilpm8	rg06_theta15p195_foilpm8	-8.0	-10.0	-8.0	2	5	30	24	6
rg06_theta15p195_foilpm8	rg06_theta15p195_foilpm8	-8.0	-10.0	-8.0	3	2	20	16	4
rg06_theta15p195_foilpm8	rg06_theta15p195_foilpm8	-8.0	-10.0	-8.0	3	3	36	28	8
rg06_theta15p195_foilpm8	rg06_theta15p195_foilpm8	-8.0	-10.0	-8.0	3	4	42	33	9
rg06_theta15p195_foilpm8	rg06_theta15p195_foilpm8	-8.0	-10.0	-8.0	3	5	45	36	9
rg06_theta15p195_foilpm8	rg06_theta15p195_foilpm8	-8.0	-10.0	-8.0	3	6	15	12	3
rg06_theta15p195_foilpm8	rg06_theta15p195_foilpm8	-8.0	-10.0	-8.0	4	2	29	23	6
rg06_theta15p195_foilpm8	rg06_theta15p195_foilpm8	-8.0	-10.0	-8.0	4	3	34	27	7
rg06_theta15p195_foilpm8	rg06_theta15p195_foilpm8	-8.0	-10.0	-8.0	4	4	10	8	2
rg06_theta15p195_foilpm8	rg06_theta15p195_foilpm8	-8.0	-10.0	-8.0	4	5	52	41	11
rg06_theta15p195_foilpm8	rg06_theta15p195_foilpm8	-8.0	-10.0	-8.0	4	6	33	26	7
rg06_theta15p195_foilpm8	rg06_theta15p195_foilpm8	-8.0	-10.0	-8.0	5	2	18	14	4
rg06_theta15p195_foilpm8	rg06_theta15p195_foilpm8	-8.0	-10.0	-8.0	5	3	33	26	7
rg06_theta15p195_foilpm8	rg06_theta15p195_foilpm8	-8.0	-10.0	-8.0	5	4	50	40	10
rg06_theta15p195_foilpm8	rg06_theta15p195_foilpm8	-8.0	-10.0	-8.0	5	6	38	30	8
rg06_theta15p195_foilpm8	rg06_theta15p195_foilpm8	-8.0	-10.0	-8.0	6	2	14	11	3
rg06_theta15p195_foilpm8	rg06_theta15p195_foilpm8	-8.0	-10.0	-8.0	6	3	27	21	6
rg06_theta15p195_foilpm8	rg06_theta15p195_foilpm8	-8.0	-10.0	-8.0	6	4	37	29	8
rg06_theta15p195_foilpm8	rg06_theta15p195_foilpm8	-8.0	-10.0	-8.0	6	5	43	34	9
rg06_theta15p195_foilpm8	rg06_theta15p195_foilpm8	-8.0	-10.0	-8.0	6	6	35	28	7
rg06_theta15p195_foilpm8	rg06_theta15p195_foilpm8	-8.0	-10.0	-8.0	7	2	12	9	3
rg06_theta15p195_foilpm8	rg06_theta15p195_foilpm8	-8.0	-10.0	-8.0	7	4	23	18	5
rg06_theta15p195_foilpm8	rg06_theta15p195_foilpm8	-8.0	-10.0	-8.0	7	5	31	24	7
rg06_theta15p195_foilpm8	rg06_theta15p195_foilpm8	-8.0	-10.0	-8.0	7	6	26	20	6
rg06_theta15p195_foilpm8	rg06_theta15p195_foilpm8	-8.0	-8.0	-5.0	0	2	24	19	5
rg06_theta15p195_foilpm8	rg06_theta15p195_foilpm8	-8.0	-8.0	-5.0	0	3	33	26	7
rg06_theta15p195_foilpm8	rg06_theta15p195_foilpm8	-8.0	-8.0	-5.0	0	4	41	32	9
rg06_theta15p195_foilpm8	rg06_theta15p195_foilpm8	-8.0	-8.0	-5.0	0	5	38	30	8
rg06_theta15p195_foilpm8	rg06_theta15p195_foilpm8	-8.0	-8.0	-5.0	1	1	15	12	3
rg06_theta15p195_foilpm8	rg06_theta15p195_foilpm8	-8.0	-8.0	-5.0	1	2	19	15	4
rg06_theta15p195_foilpm8	rg06_theta15p195_foilpm8	-8.0	-8.0	-5.0	1	3	46	36	10
rg06_theta15p195_foilpm8	rg06_theta15p195_foilpm8	-8.0	-8.0	-5.0	1	4	56	44	12
rg06_theta15p195_foilpm8	rg06_theta15p195_foilpm8	-8.0	-8.0	-5.0	1	5	68	54	14
rg06_theta15p195_foilpm8	rg06_theta15p195_foilpm8	-8.0	-8.0	-5.0	2	1	19	15	4
rg06_theta15p195_foilpm8	rg06_theta15p195_foilpm8	-8.0	-8.0	-5.0	2	2	31	24	7
rg06_theta15p195_foilpm8	rg06_theta15p195_foilpm8	-8.0	-8.0	-5.0	2	4	79	63	16
rg06_theta15p195_foilpm8	rg06_theta15p195_foilpm8	-8.0	-8.0	-5.0	2	5	79	63	16
rg06_theta15p195_foilpm8	rg06_theta15p195_foilpm8	-8.0	-8.0	-5.0	2	6	34	27	7
rg06_theta15p195_foilpm8	rg06_theta15p195_foilpm8	-8.0	-8.0	-5.0	3	1	20	16	4
rg06_theta15p195_foilpm8	rg06_theta15p195_foilpm8	-8.0	-8.0	-5.0	3	2	32	25	7
rg06_theta15p195_foilpm8	rg06_theta15p195_foilpm8	-8.0	-8.0	-5.0	3	3	68	54	14
rg06_theta15p195_foilpm8	rg06_theta15p195_foilpm8	-8.0	-8.0	-5.0	3	4	79	63	16
rg06_theta15p195_foilpm8	rg06_theta15p195_foilpm8	-8.0	-8.0	-5.0	3	5	106	84	22
rg06_theta15p195_foilpm8	rg06_theta15p195_foilpm8	-8.0	-8.0	-5.0	3	6	88	70	18
rg06_theta15p195_foilpm8	rg06_theta15p195_foilpm8	-8.0	-8.0	-5.0	4	1	15	12	3
rg06_theta15p195_foilpm8	rg06_theta15p195_foilpm8	-8.0	-8.0	-5.0	4	2	40	32	8
rg06_theta15p195_foilpm8	rg06_theta15p195_foilpm8	-8.0	-8.0	-5.0	4	3	66	52	14
rg06_theta15p195_foilpm8	rg06_theta15p195_foilpm8	-8.0	-8.0	-5.0	4	4	28	22	6
rg06_theta15p195_foilpm8	rg06_theta15p195_foilpm8	-8.0	-8.0	-5.0	4	5	92	73	19
rg06_theta15p195_foilpm8	rg06_theta15p195_foilpm8	-8.0	-8.0	-5.0	4	6	113	90	23
rg06_theta15p195_foilpm8	rg06_theta15p195_foilpm8	-8.0	-8.0	-5.0	5	1	15	12	3
rg06_theta15p195_foilpm8	rg06_theta15p195_foilpm8	-8.0	-8.0	-5.0	5	2	41	32	9
rg06_theta15p195_foilpm8	rg06_theta15p195_foilpm8	-8.0	-8.0	-5.0	5	3	61	48	13
rg06_theta15p195_foilpm8	rg06_theta15p195_foilpm8	-8.0	-8.0	-5.0	5	4	67	53	14
rg06_theta15p195_foilpm8	rg06_theta15p195_foilpm8	-8.0	-8.0	-5.0	5	6	119	95	24
rg06_theta15p195_foilpm8	rg06_theta15p195_foilpm8	-8.0	-8.0	-5.0	6	1	11	8	3
rg06_theta15p195_foilpm8	rg06_theta15p195_foilpm8	-8.0	-8.0	-5.0	6	2	28	22	6
rg06_theta15p195_foilpm8	rg06_theta15p195_foilpm8	-8.0	-8.0	-5.0	6	3	46	36	10
rg06_theta15p195_foilpm8	rg06_theta15p195_foilpm8	-8.0	-8.0	-5.0	6	4	62	49	13
rg06_theta15p195_foilpm8	rg06_theta15p195_foilpm8	-8.0	-8.0	-5.0	6	5	74	59	15
rg06_theta15p195_foilpm8	rg06_theta15p195_foilpm8	-8.0	-8.0	-5.0	6	6	101	80	21
rg06_theta15p195_foilpm8	rg06_theta15p195_foilpm8	-8.0	-8.0	-5.0	7	2	20	16	4
rg06_theta15p195_foilpm8	rg06_theta15p195_foilpm8	-8.0	-8.0	-5.0	7	3	43	34	9
rg06_theta15p195_foilpm8	rg06_theta15p195_foilpm8	-8.0	-8.0	-5.0	7	4	53	42	11
rg06_theta15p195_foilpm8	rg06_theta15p195_foilpm8	-8.0	-8.0	-5.0	7	5	73	58	15
rg06_theta15p195_foilpm8	rg06_theta15p195_foilpm8	-8.0	-8.0	-5.0	7	6	49	39	10
rg06_theta15p195_foilpm8	rg06_theta15p195_foilpm8	-8.0	-8.0	-5.0	8	2	15	12	3
rg06_theta15p195_foilpm8	rg06_theta15p195_foilpm8	-8.0	-8.0	-5.0	8	3	32	25	7
rg06_theta15p195_foilpm8	rg06_theta15p195_foilpm8	-8.0	-8.0	-5.0	8	4	39	31	8
rg06_theta15p195_foilpm8	rg06_theta15p195_foilpm8	-8.0	-8.0	-5.0	8	5	60	48	12
rg06_theta15p195_foilpm8	rg06_theta15p195_foilpm8	-8.0	-5.0	0.0	0	2	32	25	7
rg06_theta15p195_foilpm8	rg06_theta15p195_foilpm8	-8.0	-5.0	0.0	0	3	30	24	6
rg06_theta15p195_foilpm8	rg06_theta15p195_foilpm8	-8.0	-5.0	0.0	0	4	45	36	9
rg06_theta15p195_foilpm8	rg06_theta15p195_foilpm8	-8.0	-5.0	0.0	0	5	60	48	12
rg06_theta15p195_foilpm8	rg06_theta15p195_foilpm8	-8.0	-5.0	0.0	1	1	14	11	3
rg06_theta15p195_foilpm8	rg06_theta15p195_foilpm8	-8.0	-5.0	0.0	1	2	37	29	8
rg06_theta15p195_foilpm8	rg06_theta15p195_foilpm8	-8.0	-5.0	0.0	1	3	56	44	12
rg06_theta15p195_foilpm8	rg06_theta15p195_foilpm8	-8.0	-5.0	0.0	1	4	87	69	18
rg06_theta15p195_foilpm8	rg06_theta15p195_foilpm8	-8.0	-5.0	0.0	1	5	98	78	20
rg06_theta15p195_foilpm8	rg06_theta15p195_foilpm8	-8.0	-5.0	0.0	1	6	13	10	3
rg06_theta15p195_foilpm8	rg06_theta15p195_foilpm8	-8.0	-5.0	0.0	2	1	10	8	2
rg06_theta15p195_foilpm8	rg06_theta15p195_foilpm8	-8.0	-5.0	0.0	2	2	37	29	8
rg06_theta15p195_foilpm8	rg06_theta15p195_foilpm8	-8.0	-5.0	0.0	2	4	96	76	20
rg06_theta15p195_foilpm8	rg06_theta15p195_foilpm8	-8.0	-5.0	0.0	2	5	129	103	26
rg06_theta15p195_foilpm8	rg06_theta15p195_foilpm8	-8.0	-5.0	0.0	2	6	118	94	24
rg06_theta15p195_foilpm8	rg06_theta15p195_foilpm8	-8.0	-5.0	0.0	3	1	24	19	5
rg06_theta15p195_foilpm8	rg06_theta15p195_foilpm8	-8.0	-5.0	0.0	3	2	56	44	12
rg06_theta15p195_foilpm8	rg06_theta15p195_foilpm8	-8.0	-5.0	0.0	3	3	76	60	16
rg06_theta15p195_foilpm8	rg06_theta15p195_foilpm8	-8.0	-5.0	0.0	3	4	115	92	23
rg06_theta15p195_foilpm8	rg06_theta15p195_foilpm8	-8.0	-5.0	0.0	3	5	147	117	30
rg06_theta15p195_foilpm8	rg06_theta15p195_foilpm8	-8.0	-5.0	0.0	3	6	163	130	33
rg06_theta15p195_foilpm8	rg06_theta15p195_foilpm8	-8.0	-5.0	0.0	4	1	30	24	6
rg06_theta15p195_foilpm8	rg06_theta15p195_foilpm8	-8.0	-5.0	0.0	4	2	60	48	12
rg06_theta15p195_foilpm8	rg06_theta15p195_foilpm8	-8.0	-5.0	0.0	4	3	82	65	17
rg06_theta15p195_foilpm8	rg06_theta15p195_foilpm8	-8.0	-5.0	0.0	4	4	36	28	8
rg06_theta15p195_foilpm8	rg06_theta15p195_foilpm8	-8.0	-5.0	0.0	4	5	175	140	35
rg06_theta15p195_foilpm8	rg06_theta15p195_foilpm8	-8.0	-5.0	0.0	4	6	204	163	41
rg06_theta15p195_foilpm8	rg06_theta15p195_foilpm8	-8.0	-5.0	0.0	5	1	28	22	6
rg06_theta15p195_foilpm8	rg06_theta15p195_foilpm8	-8.0	-5.0	0.0	5	2	49	39	10
rg06_theta15p195_foilpm8	rg06_theta15p195_foilpm8	-8.0	-5.0	0.0	5	3	76	60	16
rg06_theta15p195_foilpm8	rg06_theta15p195_foilpm8	-8.0	-5.0	0.0	5	4	112	89	23
rg06_theta15p195_foilpm8	rg06_theta15p195_foilpm8	-8.0	-5.0	0.0	5	6	169	135	34
rg06_theta15p195_foilpm8	rg06_theta15p195_foilpm8	-8.0	-5.0	0.0	6	1	11	8	3
rg06_theta15p195_foilpm8	rg06_theta15p195_foilpm8	-8.0	-5.0	0.0	6	2	41	32	9
rg06_theta15p195_foilpm8	rg06_theta15p195_foilpm8	-8.0	-5.0	0.0	6	3	67	53	14
rg06_theta15p195_foilpm8	rg06_theta15p195_foilpm8	-8.0	-5.0	0.0	6	4	101	80	21
rg06_theta15p195_foilpm8	rg06_theta15p195_foilpm8	-8.0	-5.0	0.0	6	5	124	99	25
rg06_theta15p195_foilpm8	rg06_theta15p195_foilpm8	-8.0	-5.0	0.0	6	6	158	126	32
rg06_theta15p195_foilpm8	rg06_theta15p195_foilpm8	-8.0	-5.0	0.0	7	2	31	24	7
rg06_theta15p195_foilpm8	rg06_theta15p195_foilpm8	-8.0	-5.0	0.0	7	3	52	41	11
rg06_theta15p195_foilpm8	rg06_theta15p195_foilpm8	-8.0	-5.0	0.0	7	4	84	67	17
rg06_theta15p195_foilpm8	rg06_theta15p195_foilpm8	-8.0	-5.0	0.0	7	5	105	84	21
rg06_theta15p195_foilpm8	rg06_theta15p195_foilpm8	-8.0	-5.0	0.0	7	6	78	62	16
rg06_theta15p195_foilpm8	rg06_theta15p195_foilpm8	-8.0	-5.0	0.0	8	2	25	20	5
rg06_theta15p195_foilpm8	rg06_theta15p195_foilpm8	-8.0	-5.0	0.0	8	3	48	38	10
rg06_theta15p195_foilpm8	rg06_theta15p195_foilpm8	-8.0	-5.0	0.0	8	4	49	39	10
rg06_theta15p195_foilpm8	rg06_theta15p195_foilpm8	-8.0	-5.0	0.0	8	5	87	69	18
rg06_theta15p195_foilpm8	rg06_theta15p195_foilpm8	-8.0	0.0	5.0	0	2	12	9	3
rg06_theta15p195_foilpm8	rg06_theta15p195_foilpm8	-8.0	0.0	5.0	0	3	25	20	5
rg06_theta15p195_foilpm8	rg06_theta15p195_foilpm8	-8.0	0.0	5.0	0	4	23	18	5
rg06_theta15p195_foilpm8	rg06_theta15p195_foilpm8	-8.0	0.0	5.0	0	5	60	48	12
rg06_theta15p195_foilpm8	rg06_theta15p195_foilpm8	-8.0	0.0	5.0	1	2	21	16	5
rg06_theta15p195_foilpm8	rg06_theta15p195_foilpm8	-8.0	0.0	5.0	1	3	42	33	9
rg06_theta15p195_foilpm8	rg06_theta15p195_foilpm8	-8.0	0.0	5.0	1	4	43	34	9
rg06_theta15p195_foilpm8	rg06_theta15p195_foilpm8	-8.0	0.0	5.0	1	5	84	67	17
rg06_theta15p195_foilpm8	rg06_theta15p195_foilpm8	-8.0	0.0	5.0	1	6	56	44	12
rg06_theta15p195_foilpm8	rg06_theta15p195_foilpm8	-8.0	0.0	5.0	2	2	20	16	4
rg06_theta15p195_foilpm8	rg06_theta15p195_foilpm8	-8.0	0.0	5.0	2	4	55	44	11
rg06_theta15p195_foilpm8	rg06_theta15p195_foilpm8	-8.0	0.0	5.0	2	5	99	79	20
rg06_theta15p195_foilpm8	rg06_theta15p195_foilpm8	-8.0	0.0	5.0	2	6	99	79	20
rg06_theta15p195_foilpm8	rg06_theta15p195_foilpm8	-8.0	0.0	5.0	3	1	14	11	3
rg06_theta15p195_foilpm8	rg06_theta15p195_foilpm8	-8.0	0.0	5.0	3	2	22	17	5
rg06_theta15p195_foilpm8	rg06_theta15p195_foilpm8	-8.0	0.0	5.0	3	3	53	42	11
rg06_theta15p195_foilpm8	rg06_theta15p195_foilpm8	-8.0	0.0	5.0	3	4	78	62	16
rg06_theta15p195_foilpm8	rg06_theta15p195_foilpm8	-8.0	0.0	5.0	3	5	116	92	24
rg06_theta15p195_foilpm8	rg06_theta15p195_foilpm8	-8.0	0.0	5.0	3	6	168	134	34
rg06_theta15p195_foilpm8	rg06_theta15p195_foilpm8	-8.0	0.0	5.0	4	1	12	9	3
rg06_theta15p195_foilpm8	rg06_theta15p195_foilpm8	-8.0	0.0	5.0	4	2	33	26	7
rg06_theta15p195_foilpm8	rg06_theta15p195_foilpm8	-8.0	0.0	5.0	4	3	47	37	10
rg06_theta15p195_foilpm8	rg06_theta15p195_foilpm8	-8.0	0.0	5.0	4	4	21	16	5
rg06_theta15p195_foilpm8	rg06_theta15p195_foilpm8	-8.0	0.0	5.0	4	5	110	88	22
rg06_theta15p195_foilpm8	rg06_theta15p195_foilpm8	-8.0	0.0	5.0	4	6	170	136	34
rg06_theta15p195_foilpm8	rg06_theta15p195_foilpm8	-8.0	0.0	5.0	5	1	20	16	4
rg06_theta15p195_foilpm8	rg06_theta15p195_foilpm8	-8.0	0.0	5.0	5	2	28	22	6
rg06_theta15p195_foilpm8	rg06_theta15p195_foilpm8	-8.0	0.0	5.0	5	3	40	32	8
rg06_theta15p195_foilpm8	rg06_theta15p195_foilpm8	-8.0	0.0	5.0	5	4	56	44	12
rg06_theta15p195_foilpm8	rg06_theta15p195_foilpm8	-8.0	0.0	5.0	5	6	156	124	32
rg06_theta15p195_foilpm8	rg06_theta15p195_foilpm8	-8.0	0.0	5.0	6	2	17	13	4
rg06_theta15p195_foilpm8	rg06_theta15p195_foilpm8	-8.0	0.0	5.0	6	3	34	27	7
rg06_theta15p195_foilpm8	rg06_theta15p195_foilpm8	-8.0	0.0	5.0	6	4	53	42	11
rg06_theta15p195_foilpm8	rg06_theta15p195_foilpm8	-8.0	0.0	5.0	6	5	95	76	19
rg06_theta15p195_foilpm8	rg06_theta15p195_foilpm8	-8.0	0.0	5.0	6	6	122	97	25
rg06_theta15p195_foilpm8	rg06_theta15p195_foilpm8	-8.0	0.0	5.0	7	2	16	12	4
rg06_theta15p195_foilpm8	rg06_theta15p195_foilpm8	-8.0	0.0	5.0	7	3	30	24	6
rg06_theta15p195_foilpm8	rg06_theta15p195_foilpm8	-8.0	0.0	5.0	7	4	41	32	9
rg06_theta15p195_foilpm8	rg06_theta15p195_foilpm8	-8.0	0.0	5.0	7	5	80	64	16
rg06_theta15p195_foilpm8	rg06_theta15p195_foilpm8	-8.0	0.0	5.0	7	6	52	41	11
rg06_theta15p195_foilpm8	rg06_theta15p195_foilpm8	-8.0	0.0	5.0	8	2	10	8	2
rg06_theta15p195_foilpm8	rg06_theta15p195_foilpm8	-8.0	0.0	5.0	8	3	16	12	4
rg06_theta15p195_foilpm8	rg06_theta15p195_foilpm8	-8.0	0.0	5.0	8	4	31	24	7
rg06_theta15p195_foilpm8	rg06_theta15p195_foilpm8	-8.0	0.0	5.0	8	5	63	50	13
rg06_theta15p195_foilpm8	rg06_theta15p195_foilpm8	-8.0	5.0	10.0	0	4	18	14	4
rg06_theta15p195_foilpm8	rg06_theta15p195_foilpm8	-8.0	5.0	10.0	0	5	22	17	5
rg06_theta15p195_foilpm8	rg06_theta15p195_foilpm8	-8.0	5.0	10.0	1	4	28	22	6
rg06_theta15p195_foilpm8	rg06_theta15p195_foilpm8	-8.0	5.0	10.0	1	5	36	28	8
rg06_theta15p195_foilpm8	rg06_theta15p195_foilpm8	-8.0	5.0	10.0	1	6	37	29	8
rg06_theta15p195_foilpm8	rg06_theta15p195_foilpm8	-8.0	5.0	10.0	2	2	7	5	2
rg06_theta15p195_foilpm8	rg06_theta15p195_foilpm8	-8.0	5.0	10.0	2	4	29	23	6
rg06_theta15p195_foilpm8	rg06_theta15p195_foilpm8	-8.0	5.0	10.0	2	5	36	28	8
rg06_theta15p195_foilpm8	rg06_theta15p195_foilpm8	-8.0	5.0	10.0	2	6	79	63	16
rg06_theta15p195_foilpm8	rg06_theta15p195_foilpm8	-8.0	5.0	10.0	3	3	13	10	3
rg06_theta15p195_foilpm8	rg06_theta15p195_foilpm8	-8.0	5.0	10.0	3	4	32	25	7
rg06_theta15p195_foilpm8	rg06_theta15p195_foilpm8	-8.0	5.0	10.0	3	5	50	40	10
rg06_theta15p195_foilpm8	rg06_theta15p195_foilpm8	-8.0	5.0	10.0	3	6	93	74	19
rg06_theta15p195_foilpm8	rg06_theta15p195_foilpm8	-8.0	5.0	10.0	4	1	8	6	2
rg06_theta15p195_foilpm8	rg06_theta15p195_foilpm8	-8.0	5.0	10.0	4	2	14	11	3
rg06_theta15p195_foilpm8	rg06_theta15p195_foilpm8	-8.0	5.0	10.0	4	3	19	15	4
rg06_theta15p195_foilpm8	rg06_theta15p195_foilpm8	-8.0	5.0	10.0	4	5	54	43	11
rg06_theta15p195_foilpm8	rg06_theta15p195_foilpm8	-8.0	5.0	10.0	4	6	77	61	16
rg06_theta15p195_foilpm8	rg06_theta15p195_foilpm8	-8.0	5.0	10.0	5	3	19	15	4
rg06_theta15p195_foilpm8	rg06_theta15p195_foilpm8	-8.0	5.0	10.0	5	4	27	21	6
rg06_theta15p195_foilpm8	rg06_theta15p195_foilpm8	-8.0	5.0	10.0	5	6	71	56	15
rg06_theta15p195_foilpm8	rg06_theta15p195_foilpm8	-8.0	5.0	10.0	6	2	9	7	2
rg06_theta15p195_foilpm8	rg06_theta15p195_foilpm8	-8.0	5.0	10.0	6	3	13	10	3
rg06_theta15p195_foilpm8	rg06_theta15p195_foilpm8	-8.0	5.0	10.0	6	4	18	14	4
rg06_theta15p195_foilpm8	rg06_theta15p195_foilpm8	-8.0	5.0	10.0	6	5	39	31	8
rg06_theta15p195_foilpm8	rg06_theta15p195_foilpm8	-8.0	5.0	10.0	6	6	72	57	15
rg06_theta15p195_foilpm8	rg06_theta15p195_foilpm8	-8.0	5.0	10.0	7	3	10	8	2
rg06_theta15p195_foilpm8	rg06_theta15p195_foilpm8	-8.0	5.0	10.0	7	4	28	22	6
rg06_theta15p195_foilpm8	rg06_theta15p195_foilpm8	-8.0	5.0	10.0	7	5	26	20	6
rg06_theta15p195_foilpm8	rg06_theta15p195_foilpm8	-8.0	5.0	10.0	7	6	42	33	9
rg06_theta15p195_foilpm8	rg06_theta15p195_foilpm8	-8.0	5.0	10.0	8	4	11	8	3
rg06_theta15p195_foilpm8	rg06_theta15p195_foilpm8	-8.0	5.0	10.0	8	5	19	15	4
rg06_theta15p195_foilpm8	rg06_theta15p195_foilpm8	8.0	-10.0	-8.0	0	4	13	10	3
rg06_theta15p195_foilpm8	rg06_theta15p195_foilpm8	8.0	-10.0	-8.0	0	5	20	16	4
rg06_theta15p195_foilpm8	rg06_theta15p195_foilpm8	8.0	-10.0	-8.0	0	6	22	17	5
rg06_theta15p195_foilpm8	rg06_theta15p195_foilpm8	8.0	-10.0	-8.0	1	3	12	9	3
rg06_theta15p195_foilpm8	rg06_theta15p195_foilpm8	8.0	-10.0	-8.0	1	4	18	14	4
rg06_theta15p195_foilpm8	rg06_theta15p195_foilpm8	8.0	-10.0	-8.0	1	5	18	14	4
rg06_theta15p195_foilpm8	rg06_theta15p195_foilpm8	8.0	-10.0	-8.0	1	6	30	24	6
rg06_theta15p195_foilpm8	rg06_theta15p195_foilpm8	8.0	-10.0	-8.0	1	7	30	24	6
rg06_theta15p195_foilpm8	rg06_theta15p195_foilpm8	8.0	-10.0	-8.0	2	4	20	16	4
rg06_theta15p195_foilpm8	rg06_theta15p195_foilpm8	8.0	-10.0	-8.0	2	5	32	25	7
rg06_theta15p195_foilpm8	rg06_theta15p195_foilpm8	8.0	-10.0	-8.0	2	6	46	36	10
rg06_theta15p195_foilpm8	rg06_theta15p195_foilpm8	8.0	-10.0	-8.0	2	7	51	40	11
rg06_theta15p195_foilpm8	rg06_theta15p195_foilpm8	8.0	-10.0	-8.0	3	2	11	8	3
rg06_theta15p195_foilpm8	rg06_theta15p195_foilpm8	8.0	-10.0	-8.0	3	3	22	17	5
rg06_theta15p195_foilpm8	rg06_theta15p195_foilpm8	8.0	-10.0	-8.0	3	4	26	20	6
rg06_theta15p195_foilpm8	rg06_theta15p195_foilpm8	8.0	-10.0	-8.0	3	5	33	26	7
rg06_theta15p195_foilpm8	rg06_theta15p195_foilpm8	8.0	-10.0	-8.0	3	6	46	36	10
rg06_theta15p195_foilpm8	rg06_theta15p195_foilpm8	8.0	-10.0	-8.0	3	7	49	39	10
rg06_theta15p195_foilpm8	rg06_theta15p195_foilpm8	8.0	-10.0	-8.0	4	3	22	17	5
rg06_theta15p195_foilpm8	rg06_theta15p195_foilpm8	8.0	-10.0	-8.0	4	5	46	36	10
rg06_theta15p195_foilpm8	rg06_theta15p195_foilpm8	8.0	-10.0	-8.0	4	6	66	52	14
rg06_theta15p195_foilpm8	rg06_theta15p195_foilpm8	8.0	-10.0	-8.0	4	7	65	52	13
rg06_theta15p195_foilpm8	rg06_theta15p195_foilpm8	8.0	-10.0	-8.0	5	2	6	4	2
rg06_theta15p195_foilpm8	rg06_theta15p195_foilpm8	8.0	-10.0	-8.0	5	3	22	17	5
rg06_theta15p195_foilpm8	rg06_theta15p195_foilpm8	8.0	-10.0	-8.0	5	4	36	28	8
rg06_theta15p195_foilpm8	rg06_theta15p195_foilpm8	8.0	-10.0	-8.0	5	6	51	40	11
rg06_theta15p195_foilpm8	rg06_theta15p195_foilpm8	8.0	-10.0	-8.0	5	7	61	48	13
rg06_theta15p195_foilpm8	rg06_theta15p195_foilpm8	8.0	-10.0	-8.0	6	3	21	16	5
rg06_theta15p195_foilpm8	rg06_theta15p195_foilpm8	8.0	-10.0	-8.0	6	4	25	20	5
rg06_theta15p195_foilpm8	rg06_theta15p195_foilpm8	8.0	-10.0	-8.0	6	5	33	26	7
rg06_theta15p195_foilpm8	rg06_theta15p195_foilpm8	8.0	-10.0	-8.0	6	6	49	39	10
rg06_theta15p195_foilpm8	rg06_theta15p195_foilpm8	8.0	-10.0	-8.0	6	7	63	50	13
rg06_theta15p195_foilpm8	rg06_theta15p195_foilpm8	8.0	-10.0	-8.0	7	3	13	10	3
rg06_theta15p195_foilpm8	rg06_theta15p195_foilpm8	8.0	-10.0	-8.0	7	4	13	10	3
rg06_theta15p195_foilpm8	rg06_theta15p195_foilpm8	8.0	-10.0	-8.0	7	5	20	16	4
rg06_theta15p195_foilpm8	rg06_theta15p195_foilpm8	8.0	-10.0	-8.0	7	6	39	31	8
rg06_theta15p195_foilpm8	rg06_theta15p195_foilpm8	8.0	-10.0	-8.0	7	7	49	39	10
rg06_theta15p195_foilpm8	rg06_theta15p195_foilpm8	8.0	-10.0	-8.0	8	5	13	10	3
rg06_theta15p195_foilpm8	rg06_theta15p195_foilpm8	8.0	-10.0	-8.0	8	6	20	16	4
rg06_theta15p195_foilpm8	rg06_theta15p195_foilpm8	8.0	-8.0	-5.0	0	4	13	10	3
rg06_theta15p195_foilpm8	rg06_theta15p195_foilpm8	8.0	-8.0	-5.0	0	5	26	20	6
rg06_theta15p195_foilpm8	rg06_theta15p195_foilpm8	8.0	-8.0	-5.0	0	6	26	20	6
rg06_theta15p195_foilpm8	rg06_theta15p195_foilpm8	8.0	-8.0	-5.0	1	3	13	10	3
rg06_theta15p195_foilpm8	rg06_theta15p195_foilpm8	8.0	-8.0	-5.0	1	4	21	16	5
rg06_theta15p195_foilpm8	rg06_theta15p195_foilpm8	8.0	-8.0	-5.0	1	5	28	22	6
rg06_theta15p195_foilpm8	rg06_theta15p195_foilpm8	8.0	-8.0	-5.0	1	6	40	32	8
rg06_theta15p195_foilpm8	rg06_theta15p195_foilpm8	8.0	-8.0	-5.0	1	7	65	52	13
rg06_theta15p195_foilpm8	rg06_theta15p195_foilpm8	8.0	-8.0	-5.0	2	4	31	24	7
rg06_theta15p195_foilpm8	rg06_theta15p195_foilpm8	8.0	-8.0	-5.0	2	5	55	44	11
rg06_theta15p195_foilpm8	rg06_theta15p195_foilpm8	8.0	-8.0	-5.0	2	6	54	43	11
rg06_theta15p195_foilpm8	rg06_theta15p195_foilpm8	8.0	-8.0	-5.0	2	7	67	53	14
rg06_theta15p195_foilpm8	rg06_theta15p195_foilpm8	8.0	-8.0	-5.0	3	2	15	12	3
rg06_theta15p195_foilpm8	rg06_theta15p195_foilpm8	8.0	-8.0	-5.0	3	3	21	16	5
rg06_theta15p195_foilpm8	rg06_theta15p195_foilpm8	8.0	-8.0	-5.0	3	4	39	31	8
rg06_theta15p195_foilpm8	rg06_theta15p195_foilpm8	8.0	-8.0	-5.0	3	5	58	46	12
rg06_theta15p195_foilpm8	rg06_theta15p195_foilpm8	8.0	-8.0	-5.0	3	6	71	56	15
rg06_theta15p195_foilpm8	rg06_theta15p195_foilpm8	8.0	-8.0	-5.0	3	7	93	74	19
rg06_theta15p195_foilpm8	rg06_theta15p195_foilpm8	8.0	-8.0	-5.0	4	2	12	9	3
rg06_theta15p195_foilpm8	rg06_theta15p195_foilpm8	8.0	-8.0	-5.0	4	3	18	14	4
rg06_theta15p195_foilpm8	rg06_theta15p195_foilpm8	8.0	-8.0	-5.0	4	5	61	48	13
rg06_theta15p195_foilpm8	rg06_theta15p195_foilpm8	8.0	-8.0	-5.0	4	6	103	82	21
rg06_theta15p195_foilpm8	rg06_theta15p195_foilpm8	8.0	-8.0	-5.0	4	7	95	76	19
rg06_theta15p195_foilpm8	rg06_theta15p195_foilpm8	8.0	-8.0	-5.0	5	2	18	14	4
rg06_theta15p195_foilpm8	rg06_theta15p195_foilpm8	8.0	-8.0	-5.0	5	3	21	16	5
rg06_theta15p195_foilpm8	rg06_theta15p195_foilpm8	8.0	-8.0	-5.0	5	4	41	32	9
rg06_theta15p195_foilpm8	rg06_theta15p195_foilpm8	8.0	-8.0	-5.0	5	6	83	66	17
rg06_theta15p195_foilpm8	rg06_theta15p195_foilpm8	8.0	-8.0	-5.0	5	7	105	84	21
rg06_theta15p195_foilpm8	rg06_theta15p195_foilpm8	8.0	-8.0	-5.0	6	2	12	9	3
rg06_theta15p195_foilpm8	rg06_theta15p195_foilpm8	8.0	-8.0	-5.0	6	3	16	12	4
rg06_theta15p195_foilpm8	rg06_theta15p195_foilpm8	8.0	-8.0	-5.0	6	4	29	23	6
rg06_theta15p195_foilpm8	rg06_theta15p195_foilpm8	8.0	-8.0	-5.0	6	5	50	40	10
rg06_theta15p195_foilpm8	rg06_theta15p195_foilpm8	8.0	-8.0	-5.0	6	6	67	53	14
rg06_theta15p195_foilpm8	rg06_theta15p195_foilpm8	8.0	-8.0	-5.0	6	7	99	79	20
rg06_theta15p195_foilpm8	rg06_theta15p195_foilpm8	8.0	-8.0	-5.0	7	3	11	8	3
rg06_theta15p195_foilpm8	rg06_theta15p195_foilpm8	8.0	-8.0	-5.0	7	4	25	20	5
rg06_theta15p195_foilpm8	rg06_theta15p195_foilpm8	8.0	-8.0	-5.0	7	5	35	28	7
rg06_theta15p195_foilpm8	rg06_theta15p195_foilpm8	8.0	-8.0	-5.0	7	6	42	33	9
rg06_theta15p195_foilpm8	rg06_theta15p195_foilpm8	8.0	-8.0	-5.0	7	7	80	64	16
rg06_theta15p195_foilpm8	rg06_theta15p195_foilpm8	8.0	-8.0	-5.0	8	4	14	11	3
rg06_theta15p195_foilpm8	rg06_theta15p195_foilpm8	8.0	-8.0	-5.0	8	5	30	24	6
rg06_theta15p195_foilpm8	rg06_theta15p195_foilpm8	8.0	-8.0	-5.0	8	6	44	35	9
rg06_theta15p195_foilpm8	rg06_theta15p195_foilpm8	8.0	-5.0	0.0	0	3	9	7	2
rg06_theta15p195_foilpm8	rg06_theta15p195_foilpm8	8.0	-5.0	0.0	0	4	12	9	3
rg06_theta15p195_foilpm8	rg06_theta15p195_foilpm8	8.0	-5.0	0.0	0	5	32	25	7
rg06_theta15p195_foilpm8	rg06_theta15p195_foilpm8	8.0	-5.0	0.0	0	6	32	25	7
rg06_theta15p195_foilpm8	rg06_theta15p195_foilpm8	8.0	-5.0	0.0	1	3	11	8	3
rg06_theta15p195_foilpm8	rg06_theta15p195_foilpm8	8.0	-5.0	0.0	1	4	29	23	6
rg06_theta15p195_foilpm8	rg06_theta15p195_foilpm8	8.0	-5.0	0.0	1	5	50	40	10
rg06_theta15p195_foilpm8	rg06_theta15p195_foilpm8	8.0	-5.0	0.0	1	6	65	52	13
rg06_theta15p195_foilpm8	rg06_theta15p195_foilpm8	8.0	-5.0	0.0	1	7	98	78	20
rg06_theta15p195_foilpm8	rg06_theta15p195_foilpm8	8.0	-5.0	0.0	2	2	15	12	3
rg06_theta15p195_foilpm8	rg06_theta15p195_foilpm8	8.0	-5.0	0.0	2	4	37	29	8
rg06_theta15p195_foilpm8	rg06_theta15p195_foilpm8	8.0	-5.0	0.0	2	5	57	45	12
rg06_theta15p195_foilpm8	rg06_theta15p195_foilpm8	8.0	-5.0	0.0	2	6	103	82	21
rg06_theta15p195_foilpm8	rg06_theta15p195_foilpm8	8.0	-5.0	0.0	2	7	135	108	27
rg06_theta15p195_foilpm8	rg06_theta15p195_foilpm8	8.0	-5.0	0.0	3	3	32	25	7
rg06_theta15p195_foilpm8	rg06_theta15p195_foilpm8	8.0	-5.0	0.0	3	4	47	37	10
rg06_theta15p195_foilpm8	rg06_theta15p195_foilpm8	8.0	-5.0	0.0	3	5	79	63	16
rg06_theta15p195_foilpm8	rg06_theta15p195_foilpm8	8.0	-5.0	0.0	3	6	110	88	22
rg06_theta15p195_foilpm8	rg06_theta15p195_foilpm8	8.0	-5.0	0.0	3	7	155	124	31
rg06_theta15p195_foilpm8	rg06_theta15p195_foilpm8	8.0	-5.0	0.0	4	2	9	7	2
rg06_theta15p195_foilpm8	rg06_theta15p195_foilpm8	8.0	-5.0	0.0	4	3	32	25	7
rg06_theta15p195_foilpm8	rg06_theta15p195_foilpm8	8.0	-5.0	0.0	4	4	11	8	3
rg06_theta15p195_foilpm8	rg06_theta15p195_foilpm8	8.0	-5.0	0.0	4	5	97	77	20
rg06_theta15p195_foilpm8	rg06_theta15p195_foilpm8	8.0	-5.0	0.0	4	6	131	104	27
rg06_theta15p195_foilpm8	rg06_theta15p195_foilpm8	8.0	-5.0	0.0	4	7	175	140	35
rg06_theta15p195_foilpm8	rg06_theta15p195_foilpm8	8.0	-5.0	0.0	5	2	11	8	3
rg06_theta15p195_foilpm8	rg06_theta15p195_foilpm8	8.0	-5.0	0.0	5	3	21	16	5
rg06_theta15p195_foilpm8	rg06_theta15p195_foilpm8	8.0	-5.0	0.0	5	4	48	38	10
rg06_theta15p195_foilpm8	rg06_theta15p195_foilpm8	8.0	-5.0	0.0	5	6	127	101	26
rg06_theta15p195_foilpm8	rg06_theta15p195_foilpm8	8.0	-5.0	0.0	5	7	148	118	30
rg06_theta15p195_foilpm8	rg06_theta15p195_foilpm8	8.0	-5.0	0.0	6	3	26	20	6
rg06_theta15p195_foilpm8	rg06_theta15p195_foilpm8	8.0	-5.0	0.0	6	4	35	28	7
rg06_theta15p195_foilpm8	rg06_theta15p195_foilpm8	8.0	-5.0	0.0	6	5	56	44	12
rg06_theta15p195_foilpm8	rg06_theta15p195_foilpm8	8.0	-5.0	0.0	6	6	104	83	21
rg06_theta15p195_foilpm8	rg06_theta15p195_foilpm8	8.0	-5.0	0.0	6	7	136	108	28
rg06_theta15p195_foilpm8	rg06_theta15p195_foilpm8	8.0	-5.0	0.0	7	3	20	16	4
rg06_theta15p195_foilpm8	rg06_theta15p195_foilpm8	8.0	-5.0	0.0	7	4	31	24	7
rg06_theta15p195_foilpm8	rg06_theta15p195_foilpm8	8.0	-5.0	0.0	7	5	46	36	10
rg06_theta15p195_foilpm8	rg06_theta15p195_foilpm8	8.0	-5.0	0.0	7	6	79	63	16
rg06_theta15p195_foilpm8	rg06_theta15p195_foilpm8	8.0	-5.0	0.0	7	7	110	88	22
rg06_theta15p195_foilpm8	rg06_theta15p195_foilpm8	8.0	-5.0	0.0	8	3	10	8	2
rg06_theta15p195_foilpm8	rg06_theta15p195_foilpm8	8.0	-5.0	0.0	8	4	17	13	4
rg06_theta15p195_foilpm8	rg06_theta15p195_foilpm8	8.0	-5.0	0.0	8	5	33	26	7
rg06_theta15p195_foilpm8	rg06_theta15p195_foilpm8	8.0	-5.0	0.0	8	6	44	35	9
rg06_theta15p195_foilpm8	rg06_theta15p195_foilpm8	8.0	0.0	5.0	0	5	18	14	4
rg06_theta15p195_foilpm8	rg06_theta15p195_foilpm8	8.0	0.0	5.0	0	6	34	27	7
rg06_theta15p195_foilpm8	rg06_theta15p195_foilpm8	8.0	0.0	5.0	1	4	11	8	3
rg06_theta15p195_foilpm8	rg06_theta15p195_foilpm8	8.0	0.0	5.0	1	5	32	25	7
rg06_theta15p195_foilpm8	rg06_theta15p195_foilpm8	8.0	0.0	5.0	1	6	36	28	8
rg06_theta15p195_foilpm8	rg06_theta15p195_foilpm8	8.0	0.0	5.0	1	7	71	56	15
rg06_theta15p195_foilpm8	rg06_theta15p195_foilpm8	8.0	0.0	5.0	2	4	15	12	3
rg06_theta15p195_foilpm8	rg06_theta15p195_foilpm8	8.0	0.0	5.0	2	5	36	28	8
rg06_theta15p195_foilpm8	rg06_theta15p195_foilpm8	8.0	0.0	5.0	2	6	66	52	14
rg06_theta15p195_foilpm8	rg06_theta15p195_foilpm8	8.0	0.0	5.0	2	7	82	65	17
rg06_theta15p195_foilpm8	rg06_theta15p195_foilpm8	8.0	0.0	5.0	3	3	8	6	2
rg06_theta15p195_foilpm8	rg06_theta15p195_foilpm8	8.0	0.0	5.0	3	4	20	16	4
rg06_theta15p195_foilpm8	rg06_theta15p195_foilpm8	8.0	0.0	5.0	3	5	37	29	8
rg06_theta15p195_foilpm8	rg06_theta15p195_foilpm8	8.0	0.0	5.0	3	6	60	48	12
rg06_theta15p195_foilpm8	rg06_theta15p195_foilpm8	8.0	0.0	5.0	3	7	97	77	20
rg06_theta15p195_foilpm8	rg06_theta15p195_foilpm8	8.0	0.0	5.0	4	3	11	8	3
rg06_theta15p195_foilpm8	rg06_theta15p195_foilpm8	8.0	0.0	5.0	4	4	9	7	2
rg06_theta15p195_foilpm8	rg06_theta15p195_foilpm8	8.0	0.0	5.0	4	5	52	41	11
rg06_theta15p195_foilpm8	rg06_theta15p195_foilpm8	8.0	0.0	5.0	4	6	49	39	10
rg06_theta15p195_foilpm8	rg06_theta15p195_foilpm8	8.0	0.0	5.0	4	7	116	92	24
rg06_theta15p195_foilpm8	rg06_theta15p195_foilpm8	8.0	0.0	5.0	5	3	16	12	4
rg06_theta15p195_foilpm8	rg06_theta15p195_foilpm8	8.0	0.0	5.0	5	4	30	24	6
rg06_theta15p195_foilpm8	rg06_theta15p195_foilpm8	8.0	0.0	5.0	5	6	78	62	16
rg06_theta15p195_foilpm8	rg06_theta15p195_foilpm8	8.0	0.0	5.0	5	7	108	86	22
rg06_theta15p195_foilpm8	rg06_theta15p195_foilpm8	8.0	0.0	5.0	6	3	8	6	2
rg06_theta15p195_foilpm8	rg06_theta15p195_foilpm8	8.0	0.0	5.0	6	4	12	9	3
rg06_theta15p195_foilpm8	rg06_theta15p195_foilpm8	8.0	0.0	5.0	6	5	33	26	7
rg06_theta15p195_foilpm8	rg06_theta15p195_foilpm8	8.0	0.0	5.0	6	6	60	48	12
rg06_theta15p195_foilpm8	rg06_theta15p195_foilpm8	8.0	0.0	5.0	6	7	66	52	14
rg06_theta15p195_foilpm8	rg06_theta15p195_foilpm8	8.0	0.0	5.0	7	4	12	9	3
rg06_theta15p195_foilpm8	rg06_theta15p195_foilpm8	8.0	0.0	5.0	7	5	22	17	5
rg06_theta15p195_foilpm8	rg06_theta15p195_foilpm8	8.0	0.0	5.0	7	6	38	30	8
rg06_theta15p195_foilpm8	rg06_theta15p195_foilpm8	8.0	0.0	5.0	7	7	75	60	15
rg06_theta15p195_foilpm8	rg06_theta15p195_foilpm8	8.0	0.0	5.0	8	5	19	15	4
rg06_theta15p195_foilpm8	rg06_theta15p195_foilpm8	8.0	0.0	5.0	8	6	33	26	7
rg06_theta15p195_foilpm8	rg06_theta15p195_foilpm8	8.0	5.0	10.0	0	6	13	10	3
rg06_theta15p195_foilpm8	rg06_theta15p195_foilpm8	8.0	5.0	10.0	1	5	13	10	3
rg06_theta15p195_foilpm8	rg06_theta15p195_foilpm8	8.0	5.0	10.0	1	6	19	15	4
rg06_theta15p195_foilpm8	rg06_theta15p195_foilpm8	8.0	5.0	10.0	1	7	28	22	6
rg06_theta15p195_foilpm8	rg06_theta15p195_foilpm8	8.0	5.0	10.0	2	4	10	8	2
rg06_theta15p195_foilpm8	rg06_theta15p195_foilpm8	8.0	5.0	10.0	2	5	13	10	3
rg06_theta15p195_foilpm8	rg06_theta15p195_foilpm8	8.0	5.0	10.0	2	6	30	24	6
rg06_theta15p195_foilpm8	rg06_theta15p195_foilpm8	8.0	5.0	10.0	2	7	46	36	10
rg06_theta15p195_foilpm8	rg06_theta15p195_foilpm8	8.0	5.0	10.0	3	5	17	13	4
rg06_theta15p195_foilpm8	rg06_theta15p195_foilpm8	8.0	5.0	10.0	3	6	34	27	7
rg06_theta15p195_foilpm8	rg06_theta15p195_foilpm8	8.0	5.0	10.0	3	7	60	48	12
rg06_theta15p195_foilpm8	rg06_theta15p195_foilpm8	8.0	5.0	10.0	4	5	14	11	3
rg06_theta15p195_foilpm8	rg06_theta15p195_foilpm8	8.0	5.0	10.0	4	6	37	29	8
rg06_theta15p195_foilpm8	rg06_theta15p195_foilpm8	8.0	5.0	10.0	4	7	58	46	12
rg06_theta15p195_foilpm8	rg06_theta15p195_foilpm8	8.0	5.0	10.0	5	6	32	25	7
rg06_theta15p195_foilpm8	rg06_theta15p195_foilpm8	8.0	5.0	10.0	5	7	54	43	11
rg06_theta15p195_foilpm8	rg06_theta15p195_foilpm8	8.0	5.0	10.0	6	5	9	7	2
rg06_theta15p195_foilpm8	rg06_theta15p195_foilpm8	8.0	5.0	10.0	6	6	17	13	4
rg06_theta15p195_foilpm8	rg06_theta15p195_foilpm8	8.0	5.0	10.0	6	7	21	16	5
rg06_theta15p195_foilpm8	rg06_theta15p195_foilpm8	8.0	5.0	10.0	7	5	10	8	2
rg06_theta15p195_foilpm8	rg06_theta15p195_foilpm8	8.0	5.0	10.0	7	6	16	12	4
rg06_theta15p195_foilpm8	rg06_theta15p195_foilpm8	8.0	5.0	10.0	7	7	23	18	5
rg06_theta15p195_foilpm8	rg06_theta15p195_foilpm8	8.0	5.0	10.0	8	6	11	8	3
rg07_theta12p495_foilpm8	rg07_theta12p495_foilpm8	-8.0	-10.0	-8.0	0	2	14	11	3
rg07_theta12p495_foilpm8	rg07_theta12p495_foilpm8	-8.0	-10.0	-8.0	0	3	30	24	6
rg07_theta12p495_foilpm8	rg07_theta12p495_foilpm8	-8.0	-10.0	-8.0	0	4	50	40	10
rg07_theta12p495_foilpm8	rg07_theta12p495_foilpm8	-8.0	-10.0	-8.0	0	5	20	16	4
rg07_theta12p495_foilpm8	rg07_theta12p495_foilpm8	-8.0	-10.0	-8.0	1	2	6	4	2
rg07_theta12p495_foilpm8	rg07_theta12p495_foilpm8	-8.0	-10.0	-8.0	1	4	7	5	2
rg07_theta12p495_foilpm8	rg07_theta12p495_foilpm8	-8.0	-10.0	-8.0	1	5	10	8	2
rg07_theta12p495_foilpm8	rg07_theta12p495_foilpm8	-8.0	-10.0	-8.0	2	1	6	4	2
rg07_theta12p495_foilpm8	rg07_theta12p495_foilpm8	-8.0	-10.0	-8.0	2	2	8	6	2
rg07_theta12p495_foilpm8	rg07_theta12p495_foilpm8	-8.0	-10.0	-8.0	2	4	34	27	7
rg07_theta12p495_foilpm8	rg07_theta12p495_foilpm8	-8.0	-10.0	-8.0	2	5	35	28	7
rg07_theta12p495_foilpm8	rg07_theta12p495_foilpm8	-8.0	-10.0	-8.0	2	6	21	16	5
rg07_theta12p495_foilpm8	rg07_theta12p495_foilpm8	-8.0	-10.0	-8.0	3	1	9	7	2
rg07_theta12p495_foilpm8	rg07_theta12p495_foilpm8	-8.0	-10.0	-8.0	3	2	25	20	5
rg07_theta12p495_foilpm8	rg07_theta12p495_foilpm8	-8.0	-10.0	-8.0	3	3	33	26	7
rg07_theta12p495_foilpm8	rg07_theta12p495_foilpm8	-8.0	-10.0	-8.0	3	4	44	35	9
rg07_theta12p495_foilpm8	rg07_theta12p495_foilpm8	-8.0	-10.0	-8.0	3	5	47	37	10
rg07_theta12p495_foilpm8	rg07_theta12p495_foilpm8	-8.0	-10.0	-8.0	3	6	35	28	7
rg07_theta12p495_foilpm8	rg07_theta12p495_foilpm8	-8.0	-10.0	-8.0	4	1	8	6	2
rg07_theta12p495_foilpm8	rg07_theta12p495_foilpm8	-8.0	-10.0	-8.0	4	2	38	30	8
rg07_theta12p495_foilpm8	rg07_theta12p495_foilpm8	-8.0	-10.0	-8.0	4	3	44	35	9
rg07_theta12p495_foilpm8	rg07_theta12p495_foilpm8	-8.0	-10.0	-8.0	4	4	11	8	3
rg07_theta12p495_foilpm8	rg07_theta12p495_foilpm8	-8.0	-10.0	-8.0	4	5	55	44	11
rg07_theta12p495_foilpm8	rg07_theta12p495_foilpm8	-8.0	-10.0	-8.0	4	6	53	42	11
rg07_theta12p495_foilpm8	rg07_theta12p495_foilpm8	-8.0	-10.0	-8.0	5	2	35	28	7
rg07_theta12p495_foilpm8	rg07_theta12p495_foilpm8	-8.0	-10.0	-8.0	5	3	39	31	8
rg07_theta12p495_foilpm8	rg07_theta12p495_foilpm8	-8.0	-10.0	-8.0	5	4	51	40	11
rg07_theta12p495_foilpm8	rg07_theta12p495_foilpm8	-8.0	-10.0	-8.0	5	6	71	56	15
rg07_theta12p495_foilpm8	rg07_theta12p495_foilpm8	-8.0	-10.0	-8.0	6	2	17	13	4
rg07_theta12p495_foilpm8	rg07_theta12p495_foilpm8	-8.0	-10.0	-8.0	6	3	37	29	8
rg07_theta12p495_foilpm8	rg07_theta12p495_foilpm8	-8.0	-10.0	-8.0	6	4	37	29	8
rg07_theta12p495_foilpm8	rg07_theta12p495_foilpm8	-8.0	-10.0	-8.0	6	5	48	38	10
rg07_theta12p495_foilpm8	rg07_theta12p495_foilpm8	-8.0	-10.0	-8.0	6	6	59	47	12
rg07_theta12p495_foilpm8	rg07_theta12p495_foilpm8	-8.0	-10.0	-8.0	7	2	16	12	4
rg07_theta12p495_foilpm8	rg07_theta12p495_foilpm8	-8.0	-10.0	-8.0	7	3	23	18	5
rg07_theta12p495_foilpm8	rg07_theta12p495_foilpm8	-8.0	-10.0	-8.0	7	4	32	25	7
rg07_theta12p495_foilpm8	rg07_theta12p495_foilpm8	-8.0	-10.0	-8.0	7	5	34	27	7
rg07_theta12p495_foilpm8	rg07_theta12p495_foilpm8	-8.0	-10.0	-8.0	7	6	36	28	8
rg07_theta12p495_foilpm8	rg07_theta12p495_foilpm8	-8.0	-10.0	-8.0	8	5	19	15	4
rg07_theta12p495_foilpm8	rg07_theta12p495_foilpm8	-8.0	-8.0	-5.0	0	2	21	16	5
rg07_theta12p495_foilpm8	rg07_theta12p495_foilpm8	-8.0	-8.0	-5.0	0	3	36	28	8
rg07_theta12p495_foilpm8	rg07_theta12p495_foilpm8	-8.0	-8.0	-5.0	0	4	51	40	11
rg07_theta12p495_foilpm8	rg07_theta12p495_foilpm8	-8.0	-8.0	-5.0	0	5	30	24	6
rg07_theta12p495_foilpm8	rg07_theta12p495_foilpm8	-8.0	-8.0	-5.0	1	1	15	12	3
rg07_theta12p495_foilpm8	rg07_theta12p495_foilpm8	-8.0	-8.0	-5.0	1	2	32	25	7
rg07_theta12p495_foilpm8	rg07_theta12p495_foilpm8	-8.0	-8.0	-5.0	1	3	53	42	11
rg07_theta12p495_foilpm8	rg07_theta12p495_foilpm8	-8.0	-8.0	-5.0	1	4	64	51	13
rg07_theta12p495_foilpm8	rg07_theta12p495_foilpm8	-8.0	-8.0	-5.0	1	5	60	48	12
rg07_theta12p495_foilpm8	rg07_theta12p495_foilpm8	-8.0	-8.0	-5.0	1	6	8	6	2
rg07_theta12p495_foilpm8	rg07_theta12p495_foilpm8	-8.0	-8.0	-5.0	2	1	26	20	6
rg07_theta12p495_foilpm8	rg07_theta12p495_foilpm8	-8.0	-8.0	-5.0	2	2	35	28	7
rg07_theta12p495_foilpm8	rg07_theta12p495_foilpm8	-8.0	-8.0	-5.0	2	4	88	70	18
rg07_theta12p495_foilpm8	rg07_theta12p495_foilpm8	-8.0	-8.0	-5.0	2	5	74	59	15
rg07_theta12p495_foilpm8	rg07_theta12p495_foilpm8	-8.0	-8.0	-5.0	2	6	52	41	11
rg07_theta12p495_foilpm8	rg07_theta12p495_foilpm8	-8.0	-8.0	-5.0	3	1	31	24	7
rg07_theta12p495_foilpm8	rg07_theta12p495_foilpm8	-8.0	-8.0	-5.0	3	2	54	43	11
rg07_theta12p495_foilpm8	rg07_theta12p495_foilpm8	-8.0	-8.0	-5.0	3	3	89	71	18
rg07_theta12p495_foilpm8	rg07_theta12p495_foilpm8	-8.0	-8.0	-5.0	3	4	83	66	17
rg07_theta12p495_foilpm8	rg07_theta12p495_foilpm8	-8.0	-8.0	-5.0	3	5	108	86	22
rg07_theta12p495_foilpm8	rg07_theta12p495_foilpm8	-8.0	-8.0	-5.0	3	6	101	80	21
rg07_theta12p495_foilpm8	rg07_theta12p495_foilpm8	-8.0	-8.0	-5.0	4	1	22	17	5
rg07_theta12p495_foilpm8	rg07_theta12p495_foilpm8	-8.0	-8.0	-5.0	4	2	38	30	8
rg07_theta12p495_foilpm8	rg07_theta12p495_foilpm8	-8.0	-8.0	-5.0	4	3	73	58	15
rg07_theta12p495_foilpm8	rg07_theta12p495_foilpm8	-8.0	-8.0	-5.0	4	4	36	28	8
rg07_theta12p495_foilpm8	rg07_theta12p495_foilpm8	-8.0	-8.0	-5.0	4	5	134	107	27
rg07_theta12p495_foilpm8	rg07_theta12p495_foilpm8	-8.0	-8.0	-5.0	4	6	134	107	27
rg07_theta12p495_foilpm8	rg07_theta12p495_foilpm8	-8.0	-8.0	-5.0	5	1	31	24	7
rg07_theta12p495_foilpm8	rg07_theta12p495_foilpm8	-8.0	-8.0	-5.0	5	2	65	52	13
rg07_theta12p495_foilpm8	rg07_theta12p495_foilpm8	-8.0	-8.0	-5.0	5	3	65	52	13
rg07_theta12p495_foilpm8	rg07_theta12p495_foilpm8	-8.0	-8.0	-5.0	5	4	77	61	16
rg07_theta12p495_foilpm8	rg07_theta12p495_foilpm8	-8.0	-8.0	-5.0	5	6	93	74	19
rg07_theta12p495_foilpm8	rg07_theta12p495_foilpm8	-8.0	-8.0	-5.0	6	1	19	15	4
rg07_theta12p495_foilpm8	rg07_theta12p495_foilpm8	-8.0	-8.0	-5.0	6	2	38	30	8
rg07_theta12p495_foilpm8	rg07_theta12p495_foilpm8	-8.0	-8.0	-5.0	6	3	54	43	11
rg07_theta12p495_foilpm8	rg07_theta12p495_foilpm8	-8.0	-8.0	-5.0	6	4	89	71	18
rg07_theta12p495_foilpm8	rg07_theta12p495_foilpm8	-8.0	-8.0	-5.0	6	5	100	80	20
rg07_theta12p495_foilpm8	rg07_theta12p495_foilpm8	-8.0	-8.0	-5.0	6	6	103	82	21
rg07_theta12p495_foilpm8	rg07_theta12p495_foilpm8	-8.0	-8.0	-5.0	7	1	12	9	3
rg07_theta12p495_foilpm8	rg07_theta12p495_foilpm8	-8.0	-8.0	-5.0	7	2	44	35	9
rg07_theta12p495_foilpm8	rg07_theta12p495_foilpm8	-8.0	-8.0	-5.0	7	3	61	48	13
rg07_theta12p495_foilpm8	rg07_theta12p495_foilpm8	-8.0	-8.0	-5.0	7	4	51	40	11
rg07_theta12p495_foilpm8	rg07_theta12p495_foilpm8	-8.0	-8.0	-5.0	7	5	66	52	14
rg07_theta12p495_foilpm8	rg07_theta12p495_foilpm8	-8.0	-8.0	-5.0	7	6	94	75	19
rg07_theta12p495_foilpm8	rg07_theta12p495_foilpm8	-8.0	-8.0	-5.0	8	2	25	20	5
rg07_theta12p495_foilpm8	rg07_theta12p495_foilpm8	-8.0	-8.0	-5.0	8	3	44	35	9
rg07_theta12p495_foilpm8	rg07_theta12p495_foilpm8	-8.0	-8.0	-5.0	8	4	41	32	9
rg07_theta12p495_foilpm8	rg07_theta12p495_foilpm8	-8.0	-8.0	-5.0	8	5	53	42	11
rg07_theta12p495_foilpm8	rg07_theta12p495_foilpm8	-8.0	-5.0	0.0	0	2	36	28	8
rg07_theta12p495_foilpm8	rg07_theta12p495_foilpm8	-8.0	-5.0	0.0	0	3	50	40	10
rg07_theta12p495_foilpm8	rg07_theta12p495_foilpm8	-8.0	-5.0	0.0	0	4	62	49	13
rg07_theta12p495_foilpm8	rg07_theta12p495_foilpm8	-8.0	-5.0	0.0	0	5	87	69	18
rg07_theta12p495_foilpm8	rg07_theta12p495_foilpm8	-8.0	-5.0	0.0	1	1	27	21	6
rg07_theta12p495_foilpm8	rg07_theta12p495_foilpm8	-8.0	-5.0	0.0	1	2	54	43	11
rg07_theta12p495_foilpm8	rg07_theta12p495_foilpm8	-8.0	-5.0	0.0	1	3	79	63	16
rg07_theta12p495_foilpm8	rg07_theta12p495_foilpm8	-8.0	-5.0	0.0	1	4	85	68	17
rg07_theta12p495_foilpm8	rg07_theta12p495_foilpm8	-8.0	-5.0	0.0	1	5	98	78	20
rg07_theta12p495_foilpm8	rg07_theta12p495_foilpm8	-8.0	-5.0	0.0	1	6	38	30	8
rg07_theta12p495_foilpm8	rg07_theta12p495_foilpm8	-8.0	-5.0	0.0	2	1	37	29	8
rg07_theta12p495_foilpm8	rg07_theta12p495_foilpm8	-8.0	-5.0	0.0	2	2	64	51	13
rg07_theta12p495_foilpm8	rg07_theta12p495_foilpm8	-8.0	-5.0	0.0	2	4	117	93	24
rg07_theta12p495_foilpm8	rg07_theta12p495_foilpm8	-8.0	-5.0	0.0	2	5	146	116	30
rg07_theta12p495_foilpm8	rg07_theta12p495_foilpm8	-8.0	-5.0	0.0	2	6	113	90	23
rg07_theta12p495_foilpm8	rg07_theta12p495_foilpm8	-8.0	-5.0	0.0	3	1	44	35	9
rg07_theta12p495_foilpm8	rg07_theta12p495_foilpm8	-8.0	-5.0	0.0	3	2	70	56	14
rg07_theta12p495_foilpm8	rg07_theta12p495_foilpm8	-8.0	-5.0	0.0	3	3	93	74	19
rg07_theta12p495_foilpm8	rg07_theta12p495_foilpm8	-8.0	-5.0	0.0	3	4	169	135	34
rg07_theta12p495_foilpm8	rg07_theta12p495_foilpm8	-8.0	-5.0	0.0	3	5	185	148	37
rg07_theta12p495_foilpm8	rg07_theta12p495_foilpm8	-8.0	-5.0	0.0	3	6	204	163	41
rg07_theta12p495_foilpm8	rg07_theta12p495_foilpm8	-8.0	-5.0	0.0	4	1	51	40	11
rg07_theta12p495_foilpm8	rg07_theta12p495_foilpm8	-8.0	-5.0	0.0	4	2	66	52	14
rg07_theta12p495_foilpm8	rg07_theta12p495_foilpm8	-8.0	-5.0	0.0	4	3	115	92	23
rg07_theta12p495_foilpm8	rg07_theta12p495_foilpm8	-8.0	-5.0	0.0	4	4	46	36	10
rg07_theta12p495_foilpm8	rg07_theta12p495_foilpm8	-8.0	-5.0	0.0	4	5	191	152	39
rg07_theta12p495_foilpm8	rg07_theta12p495_foilpm8	-8.0	-5.0	0.0	4	6	214	171	43
rg07_theta12p495_foilpm8	rg07_theta12p495_foilpm8	-8.0	-5.0	0.0	5	1	33	26	7
rg07_theta12p495_foilpm8	rg07_theta12p495_foilpm8	-8.0	-5.0	0.0	5	2	65	52	13
rg07_theta12p495_foilpm8	rg07_theta12p495_foilpm8	-8.0	-5.0	0.0	5	3	111	88	23
rg07_theta12p495_foilpm8	rg07_theta12p495_foilpm8	-8.0	-5.0	0.0	5	4	149	119	30
rg07_theta12p495_foilpm8	rg07_theta12p495_foilpm8	-8.0	-5.0	0.0	5	6	207	165	42
rg07_theta12p495_foilpm8	rg07_theta12p495_foilpm8	-8.0	-5.0	0.0	6	1	26	20	6
rg07_theta12p495_foilpm8	rg07_theta12p495_foilpm8	-8.0	-5.0	0.0	6	2	69	55	14
rg07_theta12p495_foilpm8	rg07_theta12p495_foilpm8	-8.0	-5.0	0.0	6	3	106	84	22
rg07_theta12p495_foilpm8	rg07_theta12p495_foilpm8	-8.0	-5.0	0.0	6	4	114	91	23
rg07_theta12p495_foilpm8	rg07_theta12p495_foilpm8	-8.0	-5.0	0.0	6	5	182	145	37
rg07_theta12p495_foilpm8	rg07_theta12p495_foilpm8	-8.0	-5.0	0.0	6	6	200	160	40
rg07_theta12p495_foilpm8	rg07_theta12p495_foilpm8	-8.0	-5.0	0.0	7	1	22	17	5
rg07_theta12p495_foilpm8	rg07_theta12p495_foilpm8	-8.0	-5.0	0.0	7	2	48	38	10
rg07_theta12p495_foilpm8	rg07_theta12p495_foilpm8	-8.0	-5.0	0.0	7	3	86	68	18
rg07_theta12p495_foilpm8	rg07_theta12p495_foilpm8	-8.0	-5.0	0.0	7	4	94	75	19
rg07_theta12p495_foilpm8	rg07_theta12p495_foilpm8	-8.0	-5.0	0.0	7	5	138	110	28
rg07_theta12p495_foilpm8	rg07_theta12p495_foilpm8	-8.0	-5.0	0.0	7	6	133	106	27
rg07_theta12p495_foilpm8	rg07_theta12p495_foilpm8	-8.0	-5.0	0.0	8	2	43	34	9
rg07_theta12p495_foilpm8	rg07_theta12p495_foilpm8	-8.0	-5.0	0.0	8	3	68	54	14
rg07_theta12p495_foilpm8	rg07_theta12p495_foilpm8	-8.0	-5.0	0.0	8	4	91	72	19
rg07_theta12p495_foilpm8	rg07_theta12p495_foilpm8	-8.0	-5.0	0.0	8	5	100	80	20
rg07_theta12p495_foilpm8	rg07_theta12p495_foilpm8	-8.0	0.0	5.0	0	2	24	19	5
rg07_theta12p495_foilpm8	rg07_theta12p495_foilpm8	-8.0	0.0	5.0	0	3	46	36	10
rg07_theta12p495_foilpm8	rg07_theta12p495_foilpm8	-8.0	0.0	5.0	0	4	64	51	13
rg07_theta12p495_foilpm8	rg07_theta12p495_foilpm8	-8.0	0.0	5.0	0	5	82	65	17
rg07_theta12p495_foilpm8	rg07_theta12p495_foilpm8	-8.0	0.0	5.0	1	2	32	25	7
rg07_theta12p495_foilpm8	rg07_theta12p495_foilpm8	-8.0	0.0	5.0	1	3	52	41	11
rg07_theta12p495_foilpm8	rg07_theta12p495_foilpm8	-8.0	0.0	5.0	1	4	78	62	16
rg07_theta12p495_foilpm8	rg07_theta12p495_foilpm8	-8.0	0.0	5.0	1	5	108	86	22
rg07_theta12p495_foilpm8	rg07_theta12p495_foilpm8	-8.0	0.0	5.0	1	6	125	100	25
rg07_theta12p495_foilpm8	rg07_theta12p495_foilpm8	-8.0	0.0	5.0	2	2	40	32	8
rg07_theta12p495_foilpm8	rg07_theta12p495_foilpm8	-8.0	0.0	5.0	2	4	108	86	22
rg07_theta12p495_foilpm8	rg07_theta12p495_foilpm8	-8.0	0.0	5.0	2	5	130	104	26
rg07_theta12p495_foilpm8	rg07_theta12p495_foilpm8	-8.0	0.0	5.0	2	6	148	118	30
rg07_theta12p495_foilpm8	rg07_theta12p495_foilpm8	-8.0	0.0	5.0	3	1	22	17	5
rg07_theta12p495_foilpm8	rg07_theta12p495_foilpm8	-8.0	0.0	5.0	3	2	48	38	10
rg07_theta12p495_foilpm8	rg07_theta12p495_foilpm8	-8.0	0.0	5.0	3	3	86	68	18
rg07_theta12p495_foilpm8	rg07_theta12p495_foilpm8	-8.0	0.0	5.0	3	4	137	109	28
rg07_theta12p495_foilpm8	rg07_theta12p495_foilpm8	-8.0	0.0	5.0	3	5	189	151	38
rg07_theta12p495_foilpm8	rg07_theta12p495_foilpm8	-8.0	0.0	5.0	3	6	213	170	43
rg07_theta12p495_foilpm8	rg07_theta12p495_foilpm8	-8.0	0.0	5.0	4	1	30	24	6
rg07_theta12p495_foilpm8	rg07_theta12p495_foilpm8	-8.0	0.0	5.0	4	2	61	48	13
rg07_theta12p495_foilpm8	rg07_theta12p495_foilpm8	-8.0	0.0	5.0	4	3	101	80	21
rg07_theta12p495_foilpm8	rg07_theta12p495_foilpm8	-8.0	0.0	5.0	4	4	33	26	7
rg07_theta12p495_foilpm8	rg07_theta12p495_foilpm8	-8.0	0.0	5.0	4	5	155	124	31
rg07_theta12p495_foilpm8	rg07_theta12p495_foilpm8	-8.0	0.0	5.0	4	6	193	154	39
rg07_theta12p495_foilpm8	rg07_theta12p495_foilpm8	-8.0	0.0	5.0	5	1	39	31	8
rg07_theta12p495_foilpm8	rg07_theta12p495_foilpm8	-8.0	0.0	5.0	5	2	54	43	11
rg07_theta12p495_foilpm8	rg07_theta12p495_foilpm8	-8.0	0.0	5.0	5	3	86	68	18
rg07_theta12p495_foilpm8	rg07_theta12p495_foilpm8	-8.0	0.0	5.0	5	4	128	102	26
rg07_theta12p495_foilpm8	rg07_theta12p495_foilpm8	-8.0	0.0	5.0	5	6	212	169	43
rg07_theta12p495_foilpm8	rg07_theta12p495_foilpm8	-8.0	0.0	5.0	6	1	37	29	8
rg07_theta12p495_foilpm8	rg07_theta12p495_foilpm8	-8.0	0.0	5.0	6	2	45	36	9
rg07_theta12p495_foilpm8	rg07_theta12p495_foilpm8	-8.0	0.0	5.0	6	3	58	46	12
rg07_theta12p495_foilpm8	rg07_theta12p495_foilpm8	-8.0	0.0	5.0	6	4	88	70	18
rg07_theta12p495_foilpm8	rg07_theta12p495_foilpm8	-8.0	0.0	5.0	6	5	125	100	25
rg07_theta12p495_foilpm8	rg07_theta12p495_foilpm8	-8.0	0.0	5.0	6	6	159	127	32
rg07_theta12p495_foilpm8	rg07_theta12p495_foilpm8	-8.0	0.0	5.0	7	1	11	8	3
rg07_theta12p495_foilpm8	rg07_theta12p495_foilpm8	-8.0	0.0	5.0	7	2	37	29	8
rg07_theta12p495_foilpm8	rg07_theta12p495_foilpm8	-8.0	0.0	5.0	7	3	50	40	10
rg07_theta12p495_foilpm8	rg07_theta12p495_foilpm8	-8.0	0.0	5.0	7	4	84	67	17
rg07_theta12p495_foilpm8	rg07_theta12p495_foilpm8	-8.0	0.0	5.0	7	5	104	83	21
rg07_theta12p495_foilpm8	rg07_theta12p495_foilpm8	-8.0	0.0	5.0	7	6	133	106	27
rg07_theta12p495_foilpm8	rg07_theta12p495_foilpm8	-8.0	0.0	5.0	8	2	19	15	4
rg07_theta12p495_foilpm8	rg07_theta12p495_foilpm8	-8.0	0.0	5.0	8	3	34	27	7
rg07_theta12p495_foilpm8	rg07_theta12p495_foilpm8	-8.0	0.0	5.0	8	4	53	42	11
rg07_theta12p495_foilpm8	rg07_theta12p495_foilpm8	-8.0	0.0	5.0	8	5	79	63	16
rg07_theta12p495_foilpm8	rg07_theta12p495_foilpm8	-8.0	5.0	10.0	0	2	9	7	2
rg07_theta12p495_foilpm8	rg07_theta12p495_foilpm8	-8.0	5.0	10.0	0	3	26	20	6
rg07_theta12p495_foilpm8	rg07_theta12p495_foilpm8	-8.0	5.0	10.0	0	4	34	27	7
rg07_theta12p495_foilpm8	rg07_theta12p495_foilpm8	-8.0	5.0	10.0	0	5	59	47	12
rg07_theta12p495_foilpm8	rg07_theta12p495_foilpm8	-8.0	5.0	10.0	1	2	17	13	4
rg07_theta12p495_foilpm8	rg07_theta12p495_foilpm8	-8.0	5.0	10.0	1	3	31	24	7
rg07_theta12p495_foilpm8	rg07_theta12p495_foilpm8	-8.0	5.0	10.0	1	4	55	44	11
rg07_theta12p495_foilpm8	rg07_theta12p495_foilpm8	-8.0	5.0	10.0	1	5	77	61	16
rg07_theta12p495_foilpm8	rg07_theta12p495_foilpm8	-8.0	5.0	10.0	1	6	122	97	25
rg07_theta12p495_foilpm8	rg07_theta12p495_foilpm8	-8.0	5.0	10.0	2	1	12	9	3
rg07_theta12p495_foilpm8	rg07_theta12p495_foilpm8	-8.0	5.0	10.0	2	2	23	18	5
rg07_theta12p495_foilpm8	rg07_theta12p495_foilpm8	-8.0	5.0	10.0	2	4	70	56	14
rg07_theta12p495_foilpm8	rg07_theta12p495_foilpm8	-8.0	5.0	10.0	2	5	84	67	17
rg07_theta12p495_foilpm8	rg07_theta12p495_foilpm8	-8.0	5.0	10.0	2	6	135	108	27
rg07_theta12p495_foilpm8	rg07_theta12p495_foilpm8	-8.0	5.0	10.0	3	1	20	16	4
rg07_theta12p495_foilpm8	rg07_theta12p495_foilpm8	-8.0	5.0	10.0	3	2	37	29	8
rg07_theta12p495_foilpm8	rg07_theta12p495_foilpm8	-8.0	5.0	10.0	3	3	47	37	10
rg07_theta12p495_foilpm8	rg07_theta12p495_foilpm8	-8.0	5.0	10.0	3	4	70	56	14
rg07_theta12p495_foilpm8	rg07_theta12p495_foilpm8	-8.0	5.0	10.0	3	5	119	95	24
rg07_theta12p495_foilpm8	rg07_theta12p495_foilpm8	-8.0	5.0	10.0	3	6	167	133	34
rg07_theta12p495_foilpm8	rg07_theta12p495_foilpm8	-8.0	5.0	10.0	4	1	21	16	5
rg07_theta12p495_foilpm8	rg07_theta12p495_foilpm8	-8.0	5.0	10.0	4	2	41	32	9
rg07_theta12p495_foilpm8	rg07_theta12p495_foilpm8	-8.0	5.0	10.0	4	3	61	48	13
rg07_theta12p495_foilpm8	rg07_theta12p495_foilpm8	-8.0	5.0	10.0	4	4	26	20	6
rg07_theta12p495_foilpm8	rg07_theta12p495_foilpm8	-8.0	5.0	10.0	4	5	105	84	21
rg07_theta12p495_foilpm8	rg07_theta12p495_foilpm8	-8.0	5.0	10.0	4	6	141	112	29
rg07_theta12p495_foilpm8	rg07_theta12p495_foilpm8	-8.0	5.0	10.0	5	1	18	14	4
rg07_theta12p495_foilpm8	rg07_theta12p495_foilpm8	-8.0	5.0	10.0	5	2	41	32	9
rg07_theta12p495_foilpm8	rg07_theta12p495_foilpm8	-8.0	5.0	10.0	5	3	40	32	8
rg07_theta12p495_foilpm8	rg07_theta12p495_foilpm8	-8.0	5.0	10.0	5	4	74	59	15
rg07_theta12p495_foilpm8	rg07_theta12p495_foilpm8	-8.0	5.0	10.0	5	6	148	118	30
rg07_theta12p495_foilpm8	rg07_theta12p495_foilpm8	-8.0	5.0	10.0	6	1	17	13	4
rg07_theta12p495_foilpm8	rg07_theta12p495_foilpm8	-8.0	5.0	10.0	6	2	27	21	6
rg07_theta12p495_foilpm8	rg07_theta12p495_foilpm8	-8.0	5.0	10.0	6	3	37	29	8
rg07_theta12p495_foilpm8	rg07_theta12p495_foilpm8	-8.0	5.0	10.0	6	4	53	42	11
rg07_theta12p495_foilpm8	rg07_theta12p495_foilpm8	-8.0	5.0	10.0	6	5	87	69	18
rg07_theta12p495_foilpm8	rg07_theta12p495_foilpm8	-8.0	5.0	10.0	6	6	135	108	27
rg07_theta12p495_foilpm8	rg07_theta12p495_foilpm8	-8.0	5.0	10.0	7	2	9	7	2
rg07_theta12p495_foilpm8	rg07_theta12p495_foilpm8	-8.0	5.0	10.0	7	3	24	19	5
rg07_theta12p495_foilpm8	rg07_theta12p495_foilpm8	-8.0	5.0	10.0	7	4	58	46	12
rg07_theta12p495_foilpm8	rg07_theta12p495_foilpm8	-8.0	5.0	10.0	7	5	79	63	16
rg07_theta12p495_foilpm8	rg07_theta12p495_foilpm8	-8.0	5.0	10.0	7	6	109	87	22
rg07_theta12p495_foilpm8	rg07_theta12p495_foilpm8	-8.0	5.0	10.0	8	3	16	12	4
rg07_theta12p495_foilpm8	rg07_theta12p495_foilpm8	-8.0	5.0	10.0	8	4	30	24	6
rg07_theta12p495_foilpm8	rg07_theta12p495_foilpm8	-8.0	5.0	10.0	8	5	53	42	11
rg07_theta12p495_foilpm8	rg07_theta12p495_foilpm8	8.0	-10.0	-8.0	0	4	18	14	4
rg07_theta12p495_foilpm8	rg07_theta12p495_foilpm8	8.0	-10.0	-8.0	0	5	16	12	4
rg07_theta12p495_foilpm8	rg07_theta12p495_foilpm8	8.0	-10.0	-8.0	0	6	15	12	3
rg07_theta12p495_foilpm8	rg07_theta12p495_foilpm8	8.0	-10.0	-8.0	1	2	10	8	2
rg07_theta12p495_foilpm8	rg07_theta12p495_foilpm8	8.0	-10.0	-8.0	1	3	15	12	3
rg07_theta12p495_foilpm8	rg07_theta12p495_foilpm8	8.0	-10.0	-8.0	1	4	22	17	5
rg07_theta12p495_foilpm8	rg07_theta12p495_foilpm8	8.0	-10.0	-8.0	1	5	30	24	6
rg07_theta12p495_foilpm8	rg07_theta12p495_foilpm8	8.0	-10.0	-8.0	1	6	25	20	5
rg07_theta12p495_foilpm8	rg07_theta12p495_foilpm8	8.0	-10.0	-8.0	1	7	17	13	4
rg07_theta12p495_foilpm8	rg07_theta12p495_foilpm8	8.0	-10.0	-8.0	2	2	15	12	3
rg07_theta12p495_foilpm8	rg07_theta12p495_foilpm8	8.0	-10.0	-8.0	2	4	33	26	7
rg07_theta12p495_foilpm8	rg07_theta12p495_foilpm8	8.0	-10.0	-8.0	2	5	37	29	8
rg07_theta12p495_foilpm8	rg07_theta12p495_foilpm8	8.0	-10.0	-8.0	2	6	39	31	8
rg07_theta12p495_foilpm8	rg07_theta12p495_foilpm8	8.0	-10.0	-8.0	2	7	29	23	6
rg07_theta12p495_foilpm8	rg07_theta12p495_foilpm8	8.0	-10.0	-8.0	3	2	15	12	3
rg07_theta12p495_foilpm8	rg07_theta12p495_foilpm8	8.0	-10.0	-8.0	3	3	17	13	4
rg07_theta12p495_foilpm8	rg07_theta12p495_foilpm8	8.0	-10.0	-8.0	3	4	29	23	6
rg07_theta12p495_foilpm8	rg07_theta12p495_foilpm8	8.0	-10.0	-8.0	3	5	42	33	9
rg07_theta12p495_foilpm8	rg07_theta12p495_foilpm8	8.0	-10.0	-8.0	3	6	47	37	10
rg07_theta12p495_foilpm8	rg07_theta12p495_foilpm8	8.0	-10.0	-8.0	3	7	63	50	13
rg07_theta12p495_foilpm8	rg07_theta12p495_foilpm8	8.0	-10.0	-8.0	4	2	15	12	3
rg07_theta12p495_foilpm8	rg07_theta12p495_foilpm8	8.0	-10.0	-8.0	4	3	26	20	6
rg07_theta12p495_foilpm8	rg07_theta12p495_foilpm8	8.0	-10.0	-8.0	4	4	11	8	3
rg07_theta12p495_foilpm8	rg07_theta12p495_foilpm8	8.0	-10.0	-8.0	4	5	45	36	9
rg07_theta12p495_foilpm8	rg07_theta12p495_foilpm8	8.0	-10.0	-8.0	4	6	60	48	12
rg07_theta12p495_foilpm8	rg07_theta12p495_foilpm8	8.0	-10.0	-8.0	4	7	77	61	16
rg07_theta12p495_foilpm8	rg07_theta12p495_foilpm8	8.0	-10.0	-8.0	5	2	12	9	3
rg07_theta12p495_foilpm8	rg07_theta12p495_foilpm8	8.0	-10.0	-8.0	5	3	23	18	5
rg07_theta12p495_foilpm8	rg07_theta12p495_foilpm8	8.0	-10.0	-8.0	5	4	28	22	6
rg07_theta12p495_foilpm8	rg07_theta12p495_foilpm8	8.0	-10.0	-8.0	5	6	50	40	10
rg07_theta12p495_foilpm8	rg07_theta12p495_foilpm8	8.0	-10.0	-8.0	5	7	65	52	13
rg07_theta12p495_foilpm8	rg07_theta12p495_foilpm8	8.0	-10.0	-8.0	6	3	16	12	4
rg07_theta12p495_foilpm8	rg07_theta12p495_foilpm8	8.0	-10.0	-8.0	6	4	28	22	6
rg07_theta12p495_foilpm8	rg07_theta12p495_foilpm8	8.0	-10.0	-8.0	6	5	38	30	8
rg07_theta12p495_foilpm8	rg07_theta12p495_foilpm8	8.0	-10.0	-8.0	6	6	53	42	11
rg07_theta12p495_foilpm8	rg07_theta12p495_foilpm8	8.0	-10.0	-8.0	6	7	67	53	14
rg07_theta12p495_foilpm8	rg07_theta12p495_foilpm8	8.0	-10.0	-8.0	7	3	11	8	3
rg07_theta12p495_foilpm8	rg07_theta12p495_foilpm8	8.0	-10.0	-8.0	7	4	17	13	4
rg07_theta12p495_foilpm8	rg07_theta12p495_foilpm8	8.0	-10.0	-8.0	7	5	31	24	7
rg07_theta12p495_foilpm8	rg07_theta12p495_foilpm8	8.0	-10.0	-8.0	7	6	37	29	8
rg07_theta12p495_foilpm8	rg07_theta12p495_foilpm8	8.0	-10.0	-8.0	7	7	56	44	12
rg07_theta12p495_foilpm8	rg07_theta12p495_foilpm8	8.0	-10.0	-8.0	8	4	14	11	3
rg07_theta12p495_foilpm8	rg07_theta12p495_foilpm8	8.0	-10.0	-8.0	8	5	17	13	4
rg07_theta12p495_foilpm8	rg07_theta12p495_foilpm8	8.0	-10.0	-8.0	8	6	27	21	6
rg07_theta12p495_foilpm8	rg07_theta12p495_foilpm8	8.0	-8.0	-5.0	0	4	28	22	6
rg07_theta12p495_foilpm8	rg07_theta12p495_foilpm8	8.0	-8.0	-5.0	0	5	34	27	7
rg07_theta12p495_foilpm8	rg07_theta12p495_foilpm8	8.0	-8.0	-5.0	0	6	31	24	7
rg07_theta12p495_foilpm8	rg07_theta12p495_foilpm8	8.0	-8.0	-5.0	1	3	18	14	4
rg07_theta12p495_foilpm8	rg07_theta12p495_foilpm8	8.0	-8.0	-5.0	1	4	30	24	6
rg07_theta12p495_foilpm8	rg07_theta12p495_foilpm8	8.0	-8.0	-5.0	1	5	40	32	8
rg07_theta12p495_foilpm8	rg07_theta12p495_foilpm8	8.0	-8.0	-5.0	1	6	62	49	13
rg07_theta12p495_foilpm8	rg07_theta12p495_foilpm8	8.0	-8.0	-5.0	1	7	63	50	13
rg07_theta12p495_foilpm8	rg07_theta12p495_foilpm8	8.0	-8.0	-5.0	2	2	14	11	3
rg07_theta12p495_foilpm8	rg07_theta12p495_foilpm8	8.0	-8.0	-5.0	2	4	44	35	9
rg07_theta12p495_foilpm8	rg07_theta12p495_foilpm8	8.0	-8.0	-5.0	2	5	64	51	13
rg07_theta12p495_foilpm8	rg07_theta12p495_foilpm8	8.0	-8.0	-5.0	2	6	75	60	15
rg07_theta12p495_foilpm8	rg07_theta12p495_foilpm8	8.0	-8.0	-5.0	2	7	90	72	18
rg07_theta12p495_foilpm8	rg07_theta12p495_foilpm8	8.0	-8.0	-5.0	3	2	13	10	3
rg07_theta12p495_foilpm8	rg07_theta12p495_foilpm8	8.0	-8.0	-5.0	3	3	38	30	8
rg07_theta12p495_foilpm8	rg07_theta12p495_foilpm8	8.0	-8.0	-5.0	3	4	55	44	11
rg07_theta12p495_foilpm8	rg07_theta12p495_foilpm8	8.0	-8.0	-5.0	3	5	76	60	16
rg07_theta12p495_foilpm8	rg07_theta12p495_foilpm8	8.0	-8.0	-5.0	3	6	89	71	18
rg07_theta12p495_foilpm8	rg07_theta12p495_foilpm8	8.0	-8.0	-5.0	3	7	117	93	24
rg07_theta12p495_foilpm8	rg07_theta12p495_foilpm8	8.0	-8.0	-5.0	4	2	13	10	3
rg07_theta12p495_foilpm8	rg07_theta12p495_foilpm8	8.0	-8.0	-5.0	4	3	41	32	9
rg07_theta12p495_foilpm8	rg07_theta12p495_foilpm8	8.0	-8.0	-5.0	4	4	16	12	4
rg07_theta12p495_foilpm8	rg07_theta12p495_foilpm8	8.0	-8.0	-5.0	4	5	95	76	19
rg07_theta12p495_foilpm8	rg07_theta12p495_foilpm8	8.0	-8.0	-5.0	4	6	116	92	24
rg07_theta12p495_foilpm8	rg07_theta12p495_foilpm8	8.0	-8.0	-5.0	4	7	114	91	23
rg07_theta12p495_foilpm8	rg07_theta12p495_foilpm8	8.0	-8.0	-5.0	5	2	17	13	4
rg07_theta12p495_foilpm8	rg07_theta12p495_foilpm8	8.0	-8.0	-5.0	5	3	31	24	7
rg07_theta12p495_foilpm8	rg07_theta12p495_foilpm8	8.0	-8.0	-5.0	5	4	56	44	12
rg07_theta12p495_foilpm8	rg07_theta12p495_foilpm8	8.0	-8.0	-5.0	5	6	99	79	20
rg07_theta12p495_foilpm8	rg07_theta12p495_foilpm8	8.0	-8.0	-5.0	5	7	119	95	24
rg07_theta12p495_foilpm8	rg07_theta12p495_foilpm8	8.0	-8.0	-5.0	6	2	14	11	3
rg07_theta12p495_foilpm8	rg07_theta12p495_foilpm8	8.0	-8.0	-5.0	6	3	29	23	6
rg07_theta12p495_foilpm8	rg07_theta12p495_foilpm8	8.0	-8.0	-5.0	6	4	49	39	10
rg07_theta12p495_foilpm8	rg07_theta12p495_foilpm8	8.0	-8.0	-5.0	6	5	75	60	15
rg07_theta12p495_foilpm8	rg07_theta12p495_foilpm8	8.0	-8.0	-5.0	6	6	74	59	15
rg07_theta12p495_foilpm8	rg07_theta12p495_foilpm8	8.0	-8.0	-5.0	6	7	105	84	21
rg07_theta12p495_foilpm8	rg07_theta12p495_foilpm8	8.0	-8.0	-5.0	7	2	11	8	3
rg07_theta12p495_foilpm8	rg07_theta12p495_foilpm8	8.0	-8.0	-5.0	7	3	23	18	5
rg07_theta12p495_foilpm8	rg07_theta12p495_foilpm8	8.0	-8.0	-5.0	7	4	33	26	7
rg07_theta12p495_foilpm8	rg07_theta12p495_foilpm8	8.0	-8.0	-5.0	7	5	59	47	12
rg07_theta12p495_foilpm8	rg07_theta12p495_foilpm8	8.0	-8.0	-5.0	7	6	81	64	17
rg07_theta12p495_foilpm8	rg07_theta12p495_foilpm8	8.0	-8.0	-5.0	7	7	93	74	19
rg07_theta12p495_foilpm8	rg07_theta12p495_foilpm8	8.0	-8.0	-5.0	8	3	17	13	4
rg07_theta12p495_foilpm8	rg07_theta12p495_foilpm8	8.0	-8.0	-5.0	8	4	19	15	4
rg07_theta12p495_foilpm8	rg07_theta12p495_foilpm8	8.0	-8.0	-5.0	8	5	41	32	9
rg07_theta12p495_foilpm8	rg07_theta12p495_foilpm8	8.0	-8.0	-5.0	8	6	59	47	12
rg07_theta12p495_foilpm8	rg07_theta12p495_foilpm8	8.0	-5.0	0.0	0	4	18	14	4
rg07_theta12p495_foilpm8	rg07_theta12p495_foilpm8	8.0	-5.0	0.0	0	5	58	46	12
rg07_theta12p495_foilpm8	rg07_theta12p495_foilpm8	8.0	-5.0	0.0	0	6	64	51	13
rg07_theta12p495_foilpm8	rg07_theta12p495_foilpm8	8.0	-5.0	0.0	1	3	11	8	3
rg07_theta12p495_foilpm8	rg07_theta12p495_foilpm8	8.0	-5.0	0.0	1	4	43	34	9
rg07_theta12p495_foilpm8	rg07_theta12p495_foilpm8	8.0	-5.0	0.0	1	5	79	63	16
rg07_theta12p495_foilpm8	rg07_theta12p495_foilpm8	8.0	-5.0	0.0	1	6	91	72	19
rg07_theta12p495_foilpm8	rg07_theta12p495_foilpm8	8.0	-5.0	0.0	1	7	101	80	21
rg07_theta12p495_foilpm8	rg07_theta12p495_foilpm8	8.0	-5.0	0.0	2	2	18	14	4
rg07_theta12p495_foilpm8	rg07_theta12p495_foilpm8	8.0	-5.0	0.0	2	4	54	43	11
rg07_theta12p495_foilpm8	rg07_theta12p495_foilpm8	8.0	-5.0	0.0	2	5	104	83	21
rg07_theta12p495_foilpm8	rg07_theta12p495_foilpm8	8.0	-5.0	0.0	2	6	124	99	25
rg07_theta12p495_foilpm8	rg07_theta12p495_foilpm8	8.0	-5.0	0.0	2	7	149	119	30
rg07_theta12p495_foilpm8	rg07_theta12p495_foilpm8	8.0	-5.0	0.0	3	2	16	12	4
rg07_theta12p495_foilpm8	rg07_theta12p495_foilpm8	8.0	-5.0	0.0	3	3	45	36	9
rg07_theta12p495_foilpm8	rg07_theta12p495_foilpm8	8.0	-5.0	0.0	3	4	81	64	17
rg07_theta12p495_foilpm8	rg07_theta12p495_foilpm8	8.0	-5.0	0.0	3	5	117	93	24
rg07_theta12p495_foilpm8	rg07_theta12p495_foilpm8	8.0	-5.0	0.0	3	6	176	140	36
rg07_theta12p495_foilpm8	rg07_theta12p495_foilpm8	8.0	-5.0	0.0	3	7	176	140	36
rg07_theta12p495_foilpm8	rg07_theta12p495_foilpm8	8.0	-5.0	0.0	4	2	14	11	3
rg07_theta12p495_foilpm8	rg07_theta12p495_foilpm8	8.0	-5.0	0.0	4	3	49	39	10
rg07_theta12p495_foilpm8	rg07_theta12p495_foilpm8	8.0	-5.0	0.0	4	4	28	22	6
rg07_theta12p495_foilpm8	rg07_theta12p495_foilpm8	8.0	-5.0	0.0	4	5	145	116	29
rg07_theta12p495_foilpm8	rg07_theta12p495_foilpm8	8.0	-5.0	0.0	4	6	182	145	37
rg07_theta12p495_foilpm8	rg07_theta12p495_foilpm8	8.0	-5.0	0.0	4	7	221	176	45
rg07_theta12p495_foilpm8	rg07_theta12p495_foilpm8	8.0	-5.0	0.0	5	2	16	12	4
rg07_theta12p495_foilpm8	rg07_theta12p495_foilpm8	8.0	-5.0	0.0	5	3	57	45	12
rg07_theta12p495_foilpm8	rg07_theta12p495_foilpm8	8.0	-5.0	0.0	5	4	94	75	19
rg07_theta12p495_foilpm8	rg07_theta12p495_foilpm8	8.0	-5.0	0.0	5	6	175	140	35
rg07_theta12p495_foilpm8	rg07_theta12p495_foilpm8	8.0	-5.0	0.0	5	7	194	155	39
rg07_theta12p495_foilpm8	rg07_theta12p495_foilpm8	8.0	-5.0	0.0	6	2	21	16	5
rg07_theta12p495_foilpm8	rg07_theta12p495_foilpm8	8.0	-5.0	0.0	6	3	39	31	8
rg07_theta12p495_foilpm8	rg07_theta12p495_foilpm8	8.0	-5.0	0.0	6	4	80	64	16
rg07_theta12p495_foilpm8	rg07_theta12p495_foilpm8	8.0	-5.0	0.0	6	5	112	89	23
rg07_theta12p495_foilpm8	rg07_theta12p495_foilpm8	8.0	-5.0	0.0	6	6	133	106	27
rg07_theta12p495_foilpm8	rg07_theta12p495_foilpm8	8.0	-5.0	0.0	6	7	180	144	36
rg07_theta12p495_foilpm8	rg07_theta12p495_foilpm8	8.0	-5.0	0.0	7	2	10	8	2
rg07_theta12p495_foilpm8	rg07_theta12p495_foilpm8	8.0	-5.0	0.0	7	3	30	24	6
rg07_theta12p495_foilpm8	rg07_theta12p495_foilpm8	8.0	-5.0	0.0	7	4	57	45	12
rg07_theta12p495_foilpm8	rg07_theta12p495_foilpm8	8.0	-5.0	0.0	7	5	92	73	19
rg07_theta12p495_foilpm8	rg07_theta12p495_foilpm8	8.0	-5.0	0.0	7	6	122	97	25
rg07_theta12p495_foilpm8	rg07_theta12p495_foilpm8	8.0	-5.0	0.0	7	7	117	93	24
rg07_theta12p495_foilpm8	rg07_theta12p495_foilpm8	8.0	-5.0	0.0	8	3	23	18	5
rg07_theta12p495_foilpm8	rg07_theta12p495_foilpm8	8.0	-5.0	0.0	8	4	37	29	8
rg07_theta12p495_foilpm8	rg07_theta12p495_foilpm8	8.0	-5.0	0.0	8	5	47	37	10
rg07_theta12p495_foilpm8	rg07_theta12p495_foilpm8	8.0	-5.0	0.0	8	6	82	65	17
rg07_theta12p495_foilpm8	rg07_theta12p495_foilpm8	8.0	0.0	5.0	0	4	8	6	2
rg07_theta12p495_foilpm8	rg07_theta12p495_foilpm8	8.0	0.0	5.0	0	5	35	28	7
rg07_theta12p495_foilpm8	rg07_theta12p495_foilpm8	8.0	0.0	5.0	0	6	53	42	11
rg07_theta12p495_foilpm8	rg07_theta12p495_foilpm8	8.0	0.0	5.0	1	3	10	8	2
rg07_theta12p495_foilpm8	rg07_theta12p495_foilpm8	8.0	0.0	5.0	1	4	19	15	4
rg07_theta12p495_foilpm8	rg07_theta12p495_foilpm8	8.0	0.0	5.0	1	5	47	37	10
rg07_theta12p495_foilpm8	rg07_theta12p495_foilpm8	8.0	0.0	5.0	1	6	91	72	19
rg07_theta12p495_foilpm8	rg07_theta12p495_foilpm8	8.0	0.0	5.0	1	7	81	64	17
rg07_theta12p495_foilpm8	rg07_theta12p495_foilpm8	8.0	0.0	5.0	2	4	45	36	9
rg07_theta12p495_foilpm8	rg07_theta12p495_foilpm8	8.0	0.0	5.0	2	5	78	62	16
rg07_theta12p495_foilpm8	rg07_theta12p495_foilpm8	8.0	0.0	5.0	2	6	130	104	26
rg07_theta12p495_foilpm8	rg07_theta12p495_foilpm8	8.0	0.0	5.0	2	7	120	96	24
rg07_theta12p495_foilpm8	rg07_theta12p495_foilpm8	8.0	0.0	5.0	3	2	9	7	2
rg07_theta12p495_foilpm8	rg07_theta12p495_foilpm8	8.0	0.0	5.0	3	3	36	28	8
rg07_theta12p495_foilpm8	rg07_theta12p495_foilpm8	8.0	0.0	5.0	3	4	58	46	12
rg07_theta12p495_foilpm8	rg07_theta12p495_foilpm8	8.0	0.0	5.0	3	5	99	79	20
rg07_theta12p495_foilpm8	rg07_theta12p495_foilpm8	8.0	0.0	5.0	3	6	138	110	28
rg07_theta12p495_foilpm8	rg07_theta12p495_foilpm8	8.0	0.0	5.0	3	7	187	149	38
rg07_theta12p495_foilpm8	rg07_theta12p495_foilpm8	8.0	0.0	5.0	4	3	31	24	7
rg07_theta12p495_foilpm8	rg07_theta12p495_foilpm8	8.0	0.0	5.0	4	4	13	10	3
rg07_theta12p495_foilpm8	rg07_theta12p495_foilpm8	8.0	0.0	5.0	4	5	114	91	23
rg07_theta12p495_foilpm8	rg07_theta12p495_foilpm8	8.0	0.0	5.0	4	6	154	123	31
rg07_theta12p495_foilpm8	rg07_theta12p495_foilpm8	8.0	0.0	5.0	4	7	202	161	41
rg07_theta12p495_foilpm8	rg07_theta12p495_foilpm8	8.0	0.0	5.0	5	3	34	27	7
rg07_theta12p495_foilpm8	rg07_theta12p495_foilpm8	8.0	0.0	5.0	5	4	67	53	14
rg07_theta12p495_foilpm8	rg07_theta12p495_foilpm8	8.0	0.0	5.0	5	6	145	116	29
rg07_theta12p495_foilpm8	rg07_theta12p495_foilpm8	8.0	0.0	5.0	5	7	175	140	35
rg07_theta12p495_foilpm8	rg07_theta12p495_foilpm8	8.0	0.0	5.0	6	3	24	19	5
rg07_theta12p495_foilpm8	rg07_theta12p495_foilpm8	8.0	0.0	5.0	6	4	57	45	12
rg07_theta12p495_foilpm8	rg07_theta12p495_foilpm8	8.0	0.0	5.0	6	5	71	56	15
rg07_theta12p495_foilpm8	rg07_theta12p495_foilpm8	8.0	0.0	5.0	6	6	113	90	23
rg07_theta12p495_foilpm8	rg07_theta12p495_foilpm8	8.0	0.0	5.0	6	7	167	133	34
rg07_theta12p495_foilpm8	rg07_theta12p495_foilpm8	8.0	0.0	5.0	7	3	16	12	4
rg07_theta12p495_foilpm8	rg07_theta12p495_foilpm8	8.0	0.0	5.0	7	4	36	28	8
rg07_theta12p495_foilpm8	rg07_theta12p495_foilpm8	8.0	0.0	5.0	7	5	61	48	13
rg07_theta12p495_foilpm8	rg07_theta12p495_foilpm8	8.0	0.0	5.0	7	6	73	58	15
rg07_theta12p495_foilpm8	rg07_theta12p495_foilpm8	8.0	0.0	5.0	7	7	104	83	21
rg07_theta12p495_foilpm8	rg07_theta12p495_foilpm8	8.0	0.0	5.0	8	3	15	12	3
rg07_theta12p495_foilpm8	rg07_theta12p495_foilpm8	8.0	0.0	5.0	8	4	24	19	5
rg07_theta12p495_foilpm8	rg07_theta12p495_foilpm8	8.0	0.0	5.0	8	5	35	28	7
rg07_theta12p495_foilpm8	rg07_theta12p495_foilpm8	8.0	0.0	5.0	8	6	67	53	14
rg07_theta12p495_foilpm8	rg07_theta12p495_foilpm8	8.0	5.0	10.0	0	5	13	10	3
rg07_theta12p495_foilpm8	rg07_theta12p495_foilpm8	8.0	5.0	10.0	0	6	30	24	6
rg07_theta12p495_foilpm8	rg07_theta12p495_foilpm8	8.0	5.0	10.0	1	4	19	15	4
rg07_theta12p495_foilpm8	rg07_theta12p495_foilpm8	8.0	5.0	10.0	1	5	38	30	8
rg07_theta12p495_foilpm8	rg07_theta12p495_foilpm8	8.0	5.0	10.0	1	6	60	48	12
rg07_theta12p495_foilpm8	rg07_theta12p495_foilpm8	8.0	5.0	10.0	1	7	65	52	13
rg07_theta12p495_foilpm8	rg07_theta12p495_foilpm8	8.0	5.0	10.0	2	4	36	28	8
rg07_theta12p495_foilpm8	rg07_theta12p495_foilpm8	8.0	5.0	10.0	2	5	50	40	10
rg07_theta12p495_foilpm8	rg07_theta12p495_foilpm8	8.0	5.0	10.0	2	6	82	65	17
rg07_theta12p495_foilpm8	rg07_theta12p495_foilpm8	8.0	5.0	10.0	2	7	109	87	22
rg07_theta12p495_foilpm8	rg07_theta12p495_foilpm8	8.0	5.0	10.0	3	3	20	16	4
rg07_theta12p495_foilpm8	rg07_theta12p495_foilpm8	8.0	5.0	10.0	3	4	26	20	6
rg07_theta12p495_foilpm8	rg07_theta12p495_foilpm8	8.0	5.0	10.0	3	5	58	46	12
rg07_theta12p495_foilpm8	rg07_theta12p495_foilpm8	8.0	5.0	10.0	3	6	93	74	19
rg07_theta12p495_foilpm8	rg07_theta12p495_foilpm8	8.0	5.0	10.0	3	7	133	106	27
rg07_theta12p495_foilpm8	rg07_theta12p495_foilpm8	8.0	5.0	10.0	4	3	25	20	5
rg07_theta12p495_foilpm8	rg07_theta12p495_foilpm8	8.0	5.0	10.0	4	5	61	48	13
rg07_theta12p495_foilpm8	rg07_theta12p495_foilpm8	8.0	5.0	10.0	4	6	112	89	23
rg07_theta12p495_foilpm8	rg07_theta12p495_foilpm8	8.0	5.0	10.0	4	7	148	118	30
rg07_theta12p495_foilpm8	rg07_theta12p495_foilpm8	8.0	5.0	10.0	5	3	15	12	3
rg07_theta12p495_foilpm8	rg07_theta12p495_foilpm8	8.0	5.0	10.0	5	4	31	24	7
rg07_theta12p495_foilpm8	rg07_theta12p495_foilpm8	8.0	5.0	10.0	5	6	111	88	23
rg07_theta12p495_foilpm8	rg07_theta12p495_foilpm8	8.0	5.0	10.0	5	7	127	101	26
rg07_theta12p495_foilpm8	rg07_theta12p495_foilpm8	8.0	5.0	10.0	6	3	11	8	3
rg07_theta12p495_foilpm8	rg07_theta12p495_foilpm8	8.0	5.0	10.0	6	4	20	16	4
rg07_theta12p495_foilpm8	rg07_theta12p495_foilpm8	8.0	5.0	10.0	6	5	44	35	9
rg07_theta12p495_foilpm8	rg07_theta12p495_foilpm8	8.0	5.0	10.0	6	6	81	64	17
rg07_theta12p495_foilpm8	rg07_theta12p495_foilpm8	8.0	5.0	10.0	6	7	114	91	23
rg07_theta12p495_foilpm8	rg07_theta12p495_foilpm8	8.0	5.0	10.0	7	3	10	8	2
rg07_theta12p495_foilpm8	rg07_theta12p495_foilpm8	8.0	5.0	10.0	7	4	20	16	4
rg07_theta12p495_foilpm8	rg07_theta12p495_foilpm8	8.0	5.0	10.0	7	5	30	24	6
rg07_theta12p495_foilpm8	rg07_theta12p495_foilpm8	8.0	5.0	10.0	7	6	64	51	13
rg07_theta12p495_foilpm8	rg07_theta12p495_foilpm8	8.0	5.0	10.0	7	7	68	54	14
rg07_theta12p495_foilpm8	rg07_theta12p495_foilpm8	8.0	5.0	10.0	8	4	8	6	2
rg07_theta12p495_foilpm8	rg07_theta12p495_foilpm8	8.0	5.0	10.0	8	5	15	12	3
rg07_theta12p495_foilpm8	rg07_theta12p495_foilpm8	8.0	5.0	10.0	8	6	28	22	6
